acc_code,incident_datetime,report_datetime,province_en,agency,vehicle_type,presumed_cause,accident_type,number_of_vehicles_involved,number_of_fatalities,number_of_injuries,weather_condition,latitude,longitude,road_description,slope_description,incident_time
5493821,1.01.2022 18:30,3.01.2022 10:40,Saraburi,department of highways,other,speeding,rear-end collision,2,1,0,clear,14.63146022,100.7513103,straight road,no slope,2022-01-01T11:30:00Z
5836809,1.01.2022 18:30,3.03.2022 10:18,Phra Nakhon Si Ayutthaya,department of highways,private/passenger car,falling asleep,rollover/fallen on straight road,1,0,1,clear,14.32212128,100.3141263,straight road,no slope,2022-01-01T11:30:00Z
7514615,1.01.2022 18:30,28.12.2022 13:16,Lamphun,department of highways,4-wheel pickup truck,speeding,rollover/fallen on straight road,1,0,0,clear,18.65671547,99.05234008,straight road,no slope,2022-01-01T11:30:00Z
5739626,1.01.2022 18:35,14.02.2022 13:28,Nakhon Sawan,department of highways,private/passenger car,speeding,rear-end collision,2,0,0,clear,15.77215457,100.1212808,straight road,no slope,2022-01-01T11:35:00Z
6243270,1.01.2022 18:40,25.05.2022 15:15,Roi Et,department of highways,motorcycle,cutting in closely by people/vehicles/animals,rear-end collision,2,1,1,clear,16.09186412,103.6815646,connecting to public/commercial area,other,2022-01-01T11:40:00Z
5955773,1.01.2022 18:51,22.03.2022 09:31,Nakhon Ratchasima,department of highways,motorcycle,speeding,rear-end collision,2,0,2,clear,15.59434677,102.1295902,straight road,no slope,2022-01-01T11:51:00Z
5783109,1.01.2022 19:00,22.02.2022 13:37,Uthai Thani,department of highways,motorcycle,speeding,rear-end collision,2,0,1,clear,15.38643249,99.73977147,straight road,no slope,2022-01-01T12:00:00Z
6938064,1.01.2022 19:00,19.09.2022 14:38,Loei,department of highways,private/passenger car,speeding,rear-end collision,2,1,0,clear,17.47782396,101.723485,straight road,no slope,2022-01-01T12:00:00Z
6566834,1.01.2022 19:08,2.01.2022 06:44,Narathiwat,department of rural roads,bicycle,insufficient light,other,1,0,2,rainy,5.856805,101.921095,straight road,no slope,2022-01-01T12:08:00Z
5493878,1.01.2022 19:10,3.01.2022 10:50,Suphan Buri,department of highways,private/passenger car,speeding,rollover/fallen on straight road,1,0,1,clear,14.58092535,100.1499939,straight road,no slope,2022-01-01T12:10:00Z
5485543,1.01.2022 19:20,2.01.2022 05:42,Si Sa Ket,department of highways,motorcycle,speeding,other,2,0,1,clear,14.70003873,104.2006981,connecting to public/commercial area,other,2022-01-01T12:20:00Z
5486743,1.01.2022 19:20,2.01.2022 10:02,Nakhon Sawan,department of highways,tractor/agricultural vehicle,speeding,rear-end collision,2,0,1,clear,15.7260435,99.54782455,straight road,no slope,2022-01-01T12:20:00Z
5485699,1.01.2022 19:30,2.01.2022 06:11,Nong Khai,department of highways,4-wheel pickup truck,speeding,rollover/fallen on straight road,1,0,2,clear,17.91824305,102.8044823,straight road,no slope,2022-01-01T12:30:00Z
5513540,1.01.2022 19:30,6.01.2022 08:28,Roi Et,department of highways,private/passenger car,cutting in closely by people/vehicles/animals,collision at intersection corner,2,0,1,clear,16.2957197,103.8596606,other,other,2022-01-01T12:30:00Z
5485870,1.01.2022 19:34,2.01.2022 06:41,Chiang Mai,department of highways,motorcycle,driving under the influence of alcohol,rollover/fallen on straight road,1,0,2,clear,19.38710768,99.14744048,other,other,2022-01-01T12:34:00Z
5484900,1.01.2022 19:35,2.01.2022 02:59,Phayao,department of highways,private/passenger car,speeding,pedestrian collision,1,1,0,clear,19.6187644,100.39139,straight road,no slope,2022-01-01T12:35:00Z
5485825,1.01.2022 19:38,2.01.2022 06:35,Phuket,department of highways,motorcycle,speeding,rollover/fallen on straight road,1,0,1,clear,7.97989556,98.29409568,straight road,no slope,2022-01-01T12:38:00Z
5485010,1.01.2022 19:40,2.01.2022 03:17,Phatthalung,department of highways,motorcycle,falling asleep,rollover/fallen on straight road,1,0,1,clear,7.736982998,99.96822058,straight road,no slope,2022-01-01T12:40:00Z
5875349,1.01.2022 19:40,9.03.2022 13:38,Chon Buri,department of highways,4-wheel pickup truck,speeding,rear-end collision,2,0,0,clear,12.89857944,101.0392535,straight road,no slope,2022-01-01T12:40:00Z
5485728,1.01.2022 19:50,2.01.2022 06:19,Phayao,department of highways,motorcycle,driving under the influence of alcohol,rollover/fallen on straight road,1,0,1,clear,19.36748288,100.0790977,straight road,no slope,2022-01-01T12:50:00Z
6567000,1.01.2022 19:50,2.01.2022 11:45,Kanchanaburi,department of rural roads,private/passenger car,speeding,other,4,0,8,dark,14.054676,99.73139,four-way intersection,other,2022-01-01T12:50:00Z
5706556,1.01.2022 19:54,9.02.2022 08:42,Chiang Mai,department of highways,4-wheel pickup truck,speeding,rollover/fallen on straight road,1,1,3,clear,18.72388558,99.01123791,straight road,no slope,2022-01-01T12:54:00Z
7425176,1.01.2022 20:00,2.12.2022 14:07,Ratchaburi,department of highways,4-wheel pickup truck,speeding,rollover/fallen on curved road,1,0,1,clear,13.36607211,99.81233595,wide curve,no slope,2022-01-01T13:00:00Z
6243252,1.01.2022 20:10,25.05.2022 15:02,Bangkok,department of highways,private/passenger car,speeding,rear-end collision,2,0,0,clear,13.64632044,100.4079151,straight road,no slope,2022-01-01T13:10:00Z
5777070,1.01.2022 20:20,21.02.2022 13:00,Suphan Buri,department of highways,4-wheel pickup truck,speeding,rollover/fallen on curved road,1,0,0,clear,14.83542243,99.84435348,wide curve,no slope,2022-01-01T13:20:00Z
5485587,1.01.2022 20:25,2.01.2022 05:51,Krabi,department of highways,motorcycle,speeding,rear-end collision,2,0,2,clear,8.258598005,99.04626219,straight road,no slope,2022-01-01T13:25:00Z
5955771,1.01.2022 20:28,22.03.2022 09:30,Nakhon Ratchasima,department of highways,private/passenger car,speeding,rear-end collision,2,1,3,clear,15.51249376,102.6878759,straight road,no slope,2022-01-01T13:28:00Z
6566853,1.01.2022 20:28,2.01.2022 06:43,Phatthalung,department of rural roads,motorcycle,driving under the influence of alcohol,other,1,0,1,rainy,7.716164,99.920874,straight road,no slope,2022-01-01T13:28:00Z
5493623,1.01.2022 20:36,3.01.2022 10:14,Phitsanulok,department of highways,4-wheel pickup truck,cutting in closely by people/vehicles/animals,pedestrian collision,1,0,1,clear,16.93936756,100.8201921,straight road,no slope,2022-01-01T13:36:00Z
5739629,1.01.2022 20:50,14.02.2022 13:25,Nakhon Sawan,department of highways,large truck with trailer,speeding,rollover/fallen on straight road,1,0,1,clear,15.63016093,99.83541368,straight road,no slope,2022-01-01T13:50:00Z
5493747,1.01.2022 20:58,3.01.2022 10:32,Pathum Thani,department of highways,private/passenger car,speeding,rear-end collision,3,0,0,clear,13.95548338,100.7128313,straight road,no slope,2022-01-01T13:58:00Z
5485517,1.01.2022 21:00,2.01.2022 05:35,Phetchabun,department of highways,motorcycle,cutting in closely by people/vehicles/animals,rear-end collision,2,0,1,clear,16.14975058,101.1521852,other,other,2022-01-01T14:00:00Z
5758725,1.01.2022 21:00,18.02.2022 10:10,Chai Nat,department of highways,motorcycle,cutting in closely by people/vehicles/animals,rear-end collision,2,0,2,clear,15.02102051,100.2044669,straight road,no slope,2022-01-01T14:00:00Z
5861435,1.01.2022 21:00,7.03.2022 11:21,Surat Thani,department of highways,motorcycle,cutting in closely by people/vehicles/animals,collision with obstruction (on road surface),2,0,5,clear,8.607202671,98.97596686,straight road,no slope,2022-01-01T14:00:00Z
6239823,1.01.2022 21:30,20.05.2022 14:02,Nakhon Si Thammarat,department of highways,motorcycle,speeding,rear-end collision,2,0,1,clear,8.300904121,99.38114135,wide curve,slope area,2022-01-01T14:30:00Z
6567049,1.01.2022 21:30,10.01.2022 09:29,Nakhon Si Thammarat,department of rural roads,motorcycle,speeding,other,2,2,0,clear,8.202224,99.681678,straight road,other,2022-01-01T14:30:00Z
5906216,1.01.2022 21:50,14.03.2022 13:18,Tak,department of highways,motorcycle,driving under the influence of alcohol,rollover/fallen on straight road,1,0,1,clear,16.70032676,98.53594779,straight road,no slope,2022-01-01T14:50:00Z
5861489,1.01.2022 22:00,7.03.2022 11:37,Samut Prakan,department of highways,private/passenger car,falling asleep,rollover/fallen on straight road,1,0,3,clear,13.59537368,100.8034927,straight road,no slope,2022-01-01T15:00:00Z
6566898,1.01.2022 22:10,2.01.2022 12:34,Nong Khai,department of rural roads,motorcycle,cutting in closely by people/vehicles/animals,other,2,0,2,clear,18.003703,103.09606,t-intersection,other,2022-01-01T15:10:00Z
5485596,1.01.2022 22:15,2.01.2022 05:52,Trang,department of highways,motorcycle,speeding,rear-end collision,2,0,2,clear,7.759544386,99.63000475,straight road,no slope,2022-01-01T15:15:00Z
5974923,1.01.2022 22:15,25.03.2022 09:08,Sa Kaeo,department of highways,4-wheel pickup truck,speeding,rollover/fallen on straight road,1,0,2,clear,13.80432499,102.0880079,straight road,no slope,2022-01-01T15:15:00Z
6319687,1.01.2022 22:25,6.06.2022 14:55,Ratchaburi,department of highways,private/passenger car,speeding,rollover/fallen on straight road,1,0,0,clear,13.55276017,99.8377633,straight road,no slope,2022-01-01T15:25:00Z
7330786,1.01.2022 22:58,3.03.2022 10:22,Phra Nakhon Si Ayutthaya,department of highways,large truck with trailer,speeding,rear-end collision,2,1,0,clear,14.2186322,100.690864,straight road,no slope,2022-01-01T15:58:00Z
5485844,1.01.2022 23:00,2.01.2022 06:35,Phatthalung,department of highways,4-wheel pickup truck,speeding,rollover/fallen on straight road,1,0,0,rainy,7.380262543,100.1155114,straight road,no slope,2022-01-01T16:00:00Z
6566884,1.01.2022 23:15,2.01.2022 11:44,Chanthaburi,department of rural roads,4-wheel pickup truck,speeding,other,1,0,1,clear,12.857214,101.91208,wide curve,slope area,2022-01-01T16:15:00Z
6054774,1.01.2022 23:18,8.04.2022 09:18,Chon Buri,department of highways,large truck with trailer,speeding,rollover/fallen on straight road,1,0,1,clear,13.30192854,100.997411,straight road,no slope,2022-01-01T16:18:00Z
5494080,1.01.2022 23:20,3.01.2022 11:22,Udon Thani,department of highways,motorcycle,speeding,other,1,1,0,clear,17.36763706,102.818706,other,other,2022-01-01T16:20:00Z
6566815,1.01.2022 23:20,2.01.2022 06:46,Sakon Nakhon,department of rural roads,motorcycle,speeding,other,2,0,1,clear,17.101148,104.350349,straight road,no slope,2022-01-01T16:20:00Z
6566893,1.01.2022 23:30,2.01.2022 12:52,Ranong,department of rural roads,motorcycle,driving under the influence of alcohol,other,1,0,1,clear,9.938189,98.689004,wide curve,slope area,2022-01-01T16:30:00Z
6362494,1.01.2022 23:37,13.06.2022 10:40,Bangkok,department of highways,other,speeding,rear-end collision,2,0,4,clear,13.76887704,100.4075503,straight road,no slope,2022-01-01T16:37:00Z
5836658,1.01.2022 23:40,3.03.2022 09:50,Phra Nakhon Si Ayutthaya,department of highways,private/passenger car,speeding,collision with obstruction (on road surface),2,0,1,clear,14.20862442,100.573689,straight road,no slope,2022-01-01T16:40:00Z
6937964,1.01.2022 23:54,19.09.2022 14:18,Nan,department of highways,4-wheel pickup truck,driving under the influence of alcohol,rollover/fallen on straight road,1,0,2,clear,18.91741054,100.7651424,other,other,2022-01-01T16:54:00Z
6566952,2.01.2022 00:06,3.01.2022 04:44,Satun,department of rural roads,motorcycle,falling asleep,other,1,0,1,clear,6.868249,99.785533,straight road,no slope,2022-01-01T17:06:00Z
5485754,2.01.2022 00:10,2.01.2022 06:23,Nan,department of highways,motorcycle,speeding,rollover/fallen on straight road,1,0,0,clear,18.76474068,100.7858008,straight road,no slope,2022-01-01T17:10:00Z
5777069,2.01.2022 00:10,21.02.2022 13:02,Suphan Buri,department of highways,motorcycle,speeding,rollover/fallen on straight road,1,0,1,clear,14.46533425,100.2364388,straight road,no slope,2022-01-01T17:10:00Z
5955922,2.01.2022 00:24,22.03.2022 10:01,Nakhon Ratchasima,department of highways,motorcycle,speeding,rollover/fallen on straight road,1,0,1,clear,15.02611349,102.1382913,straight road,no slope,2022-01-01T17:24:00Z
5487139,2.01.2022 00:40,2.01.2022 11:28,Uttaradit,department of highways,4-wheel pickup truck,speeding,rollover/fallen on straight road,1,0,3,clear,17.57929422,100.1445222,straight road,no slope,2022-01-01T17:40:00Z
7330796,2.01.2022 00:50,3.01.2022 10:52,Phrae,department of highways,4-wheel pickup truck,speeding,head-on collision (not overtaking),2,0,1,clear,18.22879851,100.210078,wide curve,no slope,2022-01-01T17:50:00Z
6566949,2.01.2022 01:00,3.01.2022 06:35,Phayao,department of rural roads,motorcycle,speeding,other,1,1,0,clear,19.41717,100.01587,straight road,no slope,2022-01-01T18:00:00Z
6243194,2.01.2022 01:05,25.05.2022 13:57,Phrae,department of highways,private/passenger car,speeding,rollover/fallen on straight road,1,0,0,foggy,18.11275229,100.1377201,straight road,no slope,2022-01-01T18:05:00Z
5783232,2.01.2022 01:20,22.02.2022 13:55,Uthai Thani,department of highways,4-wheel pickup truck,speeding,rollover/fallen on straight road,1,0,1,clear,15.42363759,100.024842,straight road,no slope,2022-01-01T18:20:00Z
6566921,2.01.2022 01:20,3.01.2022 04:47,Samut Sakhon,department of rural roads,motorcycle,driving under the influence of alcohol,other,1,0,1,clear,13.701882,100.330637,straight road,no slope,2022-01-01T18:20:00Z
5489438,2.01.2022 01:30,2.01.2022 19:04,Nakhon Ratchasima,department of highways,4-wheel pickup truck,falling asleep,rollover/fallen on straight road,1,0,0,clear,15.00405426,102.2871592,straight road,no slope,2022-01-01T18:30:00Z
6566978,2.01.2022 01:30,3.01.2022 15:20,Songkhla,department of rural roads,private/passenger car,falling asleep,other,2,1,1,clear,6.875127,100.393194,straight road,no slope,2022-01-01T18:30:00Z
5492346,2.01.2022 01:39,3.01.2022 05:36,Kamphaeng Phet,department of highways,motorcycle,speeding,rollover/fallen on straight road,1,1,0,clear,16.03501254,99.82777207,straight road,no slope,2022-01-01T18:39:00Z
5487137,2.01.2022 01:50,2.01.2022 11:27,Uttaradit,department of highways,private/passenger car,speeding,rollover/fallen on straight road,1,0,0,clear,17.55305546,100.1014835,other,other,2022-01-01T18:50:00Z
5919528,2.01.2022 01:57,15.03.2022 10:39,Nong Bua Lam Phu,department of highways,motorcycle,speeding,rollover/fallen on straight road,1,0,1,clear,17.30872886,102.1808767,other,other,2022-01-01T18:57:00Z
5508354,2.01.2022 02:00,5.01.2022 13:48,Chiang Mai,department of highways,motorcycle,speeding,rollover/fallen on straight road,1,3,0,clear,18.74012975,98.957296,straight road,no slope,2022-01-01T19:00:00Z
6586251,2.01.2022 02:00,21.07.2022 15:11,Khon Kaen,department of highways,private/passenger car,speeding,rollover/fallen on straight road,1,0,2,clear,16.205879,102.7604484,straight road,no slope,2022-01-01T19:00:00Z
7414941,2.01.2022 02:00,29.11.2022 14:02,Ubon Ratchathani,department of highways,private/passenger car,speeding,rollover/fallen on straight road,1,1,0,clear,15.19575451,104.8870325,straight road,no slope,2022-01-01T19:00:00Z
6566970,2.01.2022 02:10,3.01.2022 12:10,Uthai Thani,department of rural roads,motorcycle,speeding,other,1,0,1,clear,14.948638,99.593189,four-way intersection,other,2022-01-01T19:10:00Z
6242358,2.01.2022 02:30,24.05.2022 14:18,Nan,department of highways,4-wheel pickup truck,driving under the influence of alcohol,rollover/fallen on straight road,1,0,1,clear,19.17873333,100.9162393,straight road,no slope,2022-01-01T19:30:00Z
6566901,2.01.2022 03:00,2.01.2022 15:24,Chanthaburi,department of rural roads,motorcycle,speeding,other,1,0,1,clear,12.80593,101.923123,y-intersection,other,2022-01-01T20:00:00Z
6566919,2.01.2022 03:00,2.01.2022 22:52,Chachoengsao,department of rural roads,motorcycle,driving under the influence of alcohol,other,1,0,1,dark,13.760451,101.16112,straight road,no slope,2022-01-01T20:00:00Z
5503347,2.01.2022 03:20,4.01.2022 19:51,Buri Ram,department of highways,private/passenger car,driving under the influence of alcohol,rear-end collision,3,0,1,clear,14.63382446,102.7935389,other,other,2022-01-01T20:20:00Z
5492532,2.01.2022 04:30,3.01.2022 06:14,Phayao,department of highways,motorcycle,speeding,rollover/fallen on straight road,1,0,1,clear,19.27729638,99.85567777,straight road,no slope,2022-01-01T21:30:00Z
7330800,2.01.2022 04:40,2.01.2022 10:30,Ang Thong,department of highways,motorcycle,speeding,rollover/fallen on straight road,1,0,2,clear,14.59205855,100.3185868,straight road,no slope,2022-01-01T21:40:00Z
5489457,2.01.2022 05:18,2.01.2022 19:09,Nakhon Ratchasima,department of highways,motorized tricycle,speeding,rear-end collision,2,0,2,clear,14.88141637,101.857987,straight road,no slope,2022-01-01T22:18:00Z
5499354,2.01.2022 05:20,4.01.2022 06:40,Phatthalung,department of highways,motorcycle,driving under the influence of alcohol,rollover/fallen on straight road,1,0,1,rainy,7.397331358,100.1479071,straight road,no slope,2022-01-01T22:20:00Z
5488328,2.01.2022 05:30,2.01.2022 15:37,Phatthalung,department of highways,4-wheel pickup truck,speeding,collision with obstruction (on road surface),2,0,5,clear,7.703304778,99.99602167,straight road,no slope,2022-01-01T22:30:00Z
5783017,2.01.2022 05:30,22.02.2022 13:19,Ang Thong,department of highways,4-wheel pickup truck,speeding,rollover/fallen on straight road,1,0,0,clear,14.50052585,100.4387739,straight road,no slope,2022-01-01T22:30:00Z
5493882,2.01.2022 06:00,3.01.2022 10:53,Phrae,department of highways,private/passenger car,speeding,rollover/fallen on curved road,1,0,0,clear,18.23354972,100.2124357,other,other,2022-01-01T23:00:00Z
5861491,2.01.2022 06:00,7.03.2022 11:35,Samut Prakan,department of highways,4-wheel pickup truck,cutting in closely by people/vehicles/animals,rollover/fallen on straight road,1,0,4,clear,13.59643474,100.7999843,straight road,no slope,2022-01-01T23:00:00Z
5524204,2.01.2022 06:30,7.01.2022 09:41,Trang,department of highways,motorcycle,cutting in closely by people/vehicles/animals,head-on collision (not overtaking),2,0,1,rainy,7.44335295,99.6355301,straight road,no slope,2022-01-01T23:30:00Z
6243228,2.01.2022 06:30,25.05.2022 14:31,Nakhon Ratchasima,department of highways,private/passenger car,speeding,rollover/fallen on straight road,1,0,0,clear,14.95373308,102.0291227,straight road,no slope,2022-01-01T23:30:00Z
5492511,2.01.2022 06:35,3.01.2022 06:08,Chiang Mai,department of highways,motorcycle,speeding,pedestrian collision,1,1,1,clear,19.98966054,99.25006984,straight road,no slope,2022-01-01T23:35:00Z
5974931,2.01.2022 07:00,25.03.2022 09:13,Sa Kaeo,department of highways,4-wheel pickup truck,falling asleep,rollover/fallen on straight road,1,0,1,clear,13.76248135,102.2664741,straight road,no slope,2022-01-02T00:00:00Z
5486974,2.01.2022 07:30,2.01.2022 10:54,Kalasin,department of highways,private/passenger car,running red lights/traffic signals,head-on collision (not overtaking),2,0,2,clear,16.62273521,103.701083,other,other,2022-01-02T00:30:00Z
5493601,2.01.2022 07:30,3.01.2022 10:07,Loburi,department of highways,motorcycle,speeding,rollover/fallen on straight road,1,0,1,clear,15.03814083,100.9549141,straight road,no slope,2022-01-02T00:30:00Z
5862124,2.01.2022 07:30,7.03.2022 13:51,Samut Sakhon,department of highways,private/passenger car,speeding,rear-end collision,2,0,3,clear,13.56099458,100.2745852,other,other,2022-01-02T00:30:00Z
7424602,2.01.2022 07:30,2.12.2022 09:58,Uttaradit,department of highways,motorcycle,cutting in closely by people/vehicles/animals,rollover/fallen on straight road,1,0,1,clear,17.67028335,100.1680988,straight road,no slope,2022-01-02T00:30:00Z
5906214,2.01.2022 07:40,14.03.2022 13:17,Tak,department of highways,motorcycle,cutting in closely by people/vehicles/animals,rear-end collision,2,0,1,clear,16.97832321,98.52813719,straight road,no slope,2022-01-02T00:40:00Z
6239798,2.01.2022 08:04,20.05.2022 14:01,Nakhon Si Thammarat,department of highways,4-wheel pickup truck,speeding,rollover/fallen on straight road,1,0,4,clear,8.42632779,99.51970427,straight road,no slope,2022-01-02T01:04:00Z
5739592,2.01.2022 08:05,14.02.2022 13:24,Nakhon Sawan,department of highways,private/passenger car,falling asleep,rollover/fallen on straight road,1,1,0,clear,15.79754965,100.07593,straight road,no slope,2022-01-02T01:05:00Z
5968477,2.01.2022 08:10,24.03.2022 09:23,Phatthalung,department of highways,private/passenger car,speeding,rear-end collision,5,0,1,clear,7.418947717,100.0776708,wide curve,no slope,2022-01-02T01:10:00Z
5897309,2.01.2022 08:30,12.03.2022 20:03,Tak,department of highways,motorcycle,cutting in closely by people/vehicles/animals,head-on collision (not overtaking),2,0,2,clear,16.87784926,99.12916391,straight road,no slope,2022-01-02T01:30:00Z
5777071,2.01.2022 08:40,21.02.2022 13:07,Suphan Buri,department of highways,private/passenger car,debris/obstruction on the road,collision with obstruction (on road surface),1,0,0,clear,14.32404442,100.1458686,straight road,no slope,2022-01-02T01:40:00Z
7419613,2.01.2022 08:40,30.11.2022 14:07,Ang Thong,department of highways,private/passenger car,cutting in closely by people/vehicles/animals,rear-end collision,2,0,0,clear,14.5809565,100.4814291,other,other,2022-01-02T01:40:00Z
5782991,2.01.2022 08:45,22.02.2022 13:10,Ang Thong,department of highways,motorcycle,speeding,rear-end collision,2,0,1,clear,14.60907784,100.3498131,straight road,no slope,2022-01-02T01:45:00Z
5492531,2.01.2022 08:55,3.01.2022 06:13,Phayao,department of highways,motorcycle,cutting in closely by people/vehicles/animals,head-on collision (not overtaking),2,0,1,clear,19.04556773,99.93521063,straight road,no slope,2022-01-02T01:55:00Z
5492576,2.01.2022 09:00,3.01.2022 06:23,Nan,department of highways,motorcycle,speeding,rollover/fallen on curved road,1,0,1,clear,18.36774003,100.8289334,wide curve,slope area,2022-01-02T02:00:00Z
6566973,2.01.2022 09:00,3.01.2022 16:38,Chon Buri,department of rural roads,motorcycle,driving under the influence of alcohol,other,1,0,1,clear,13.15292,100.639797,t-intersection,other,2022-01-02T02:00:00Z
7330808,2.01.2022 09:00,26.01.2022 08:28,Amnat Charoen,department of highways,4-wheel pickup truck,falling asleep,rollover/fallen on straight road,1,0,2,clear,15.86041578,104.6163627,straight road,no slope,2022-01-02T02:00:00Z
5492512,2.01.2022 09:30,3.01.2022 06:05,Phitsanulok,department of highways,private/passenger car,speeding,rear-end collision,2,0,0,clear,16.75947826,100.1907688,straight road,no slope,2022-01-02T02:30:00Z
5919534,2.01.2022 09:30,15.03.2022 10:37,Nong Bua Lam Phu,department of highways,motorcycle,speeding,rollover/fallen on straight road,1,0,1,clear,17.32359595,102.0805567,other,other,2022-01-02T02:30:00Z
5492605,2.01.2022 09:55,3.01.2022 06:26,Phitsanulok,department of highways,private/passenger car,speeding,rear-end collision,3,0,0,clear,16.75609581,100.1889235,straight road,no slope,2022-01-02T02:55:00Z
5489414,2.01.2022 10:00,2.01.2022 18:58,Satun,department of highways,motorized tricycle,speeding,rollover/fallen on straight road,1,0,1,rainy,6.892751316,100.1249689,straight road,no slope,2022-01-02T03:00:00Z
5919536,2.01.2022 10:00,15.03.2022 11:15,Kalasin,department of highways,motorcycle,failure to yield/signal,rear-end collision,2,0,2,clear,16.65263877,103.1945371,other,other,2022-01-02T03:00:00Z
6123770,2.01.2022 10:00,19.04.2022 17:13,Loburi,department of highways,other,speeding,rollover/fallen on straight road,1,0,0,clear,15.16719963,100.6823212,straight road,no slope,2022-01-02T03:00:00Z
6566965,2.01.2022 10:00,3.01.2022 12:10,Pattani,department of rural roads,other,cutting in closely by people/vehicles/animals,other,1,0,1,clear,6.695475,101.100671,straight road,no slope,2022-01-02T03:00:00Z
5744203,2.01.2022 10:05,15.02.2022 07:33,Nakhon Sawan,department of highways,4-wheel pickup truck,vehicle equipment failure,head-on collision (not overtaking),2,0,4,clear,15.60493357,100.7519084,other,other,2022-01-02T03:05:00Z
5487121,2.01.2022 10:10,2.01.2022 11:21,Suphan Buri,department of highways,private/passenger car,speeding,rear-end collision,2,0,0,clear,14.64773428,100.1456943,straight road,no slope,2022-01-02T03:10:00Z
5499341,2.01.2022 10:20,4.01.2022 06:32,Surat Thani,department of highways,4-wheel pickup truck,speeding,rear-end collision,3,0,2,clear,9.147432412,99.39949034,straight road,no slope,2022-01-02T03:20:00Z
5493787,2.01.2022 10:30,3.01.2022 10:37,Chaiyaphum,department of highways,4-wheel pickup truck,speeding,rear-end collision,2,0,1,clear,16.59407884,101.9429728,straight road,no slope,2022-01-02T03:30:00Z
6566906,2.01.2022 10:30,28.01.2022 09:34,Udon Thani,department of rural roads,pedestrian,speeding,rear-end collision,1,1,0,clear,17.216121,102.688651,straight road,other,2022-01-02T03:30:00Z
6566940,2.01.2022 10:30,3.01.2022 04:45,Chai Nat,department of rural roads,motorcycle,speeding,other,1,0,1,clear,14.925247,100.002655,straight road,no slope,2022-01-02T03:30:00Z
6566964,2.01.2022 10:30,3.01.2022 12:11,Phra Nakhon Si Ayutthaya,department of rural roads,motorcycle,speeding,other,3,0,1,clear,14.231631,100.478096,wide curve,no slope,2022-01-02T03:30:00Z
6864510,2.01.2022 10:30,8.09.2022 14:18,Chaiyaphum,department of highways,6-wheel truck,running red lights/traffic signals,collision with obstruction (on road surface),1,0,0,clear,15.50676901,101.7409676,other,other,2022-01-02T03:30:00Z
5489142,2.01.2022 11:00,2.01.2022 18:11,Udon Thani,department of highways,4-wheel pickup truck,speeding,rear-end collision,2,0,4,clear,17.64026462,103.1000563,straight road,no slope,2022-01-02T04:00:00Z
5492348,2.01.2022 11:00,3.01.2022 05:37,Si Sa Ket,department of highways,4-wheel pickup truck,speeding,rear-end collision,2,0,0,clear,14.68645915,104.3756559,straight road,no slope,2022-01-02T04:00:00Z
5492656,2.01.2022 11:00,3.01.2022 06:37,Lampang,department of highways,private/passenger car,speeding,rear-end collision,2,0,1,clear,18.26415308,99.46776597,other,other,2022-01-02T04:00:00Z
5752292,2.01.2022 11:00,17.02.2022 08:40,Saraburi,department of highways,4-wheel pickup truck,falling asleep,rollover/fallen on straight road,1,0,1,clear,14.60865478,101.0688516,straight road,no slope,2022-01-02T04:00:00Z
5968501,2.01.2022 11:00,24.03.2022 09:32,Phatthalung,department of highways,private/passenger car,speeding,rear-end collision,3,0,0,clear,7.212510748,100.2024606,straight road,no slope,2022-01-02T04:00:00Z
6566971,2.01.2022 11:00,3.01.2022 12:10,Pathum Thani,department of rural roads,motorcycle,speeding,other,2,0,1,clear,14.004778,100.442408,straight road,no slope,2022-01-02T04:00:00Z
5783084,2.01.2022 11:10,22.02.2022 13:33,Uthai Thani,department of highways,motorcycle,speeding,rear-end collision,2,0,1,clear,15.3756638,99.76515053,other,other,2022-01-02T04:10:00Z
5489483,2.01.2022 11:18,2.01.2022 19:13,Nakhon Ratchasima,department of highways,pedestrian,speeding,pedestrian collision,1,0,1,clear,14.87970548,101.8550876,straight road,no slope,2022-01-02T04:18:00Z
5523720,2.01.2022 11:18,7.01.2022 08:29,Nakhon Ratchasima,department of highways,4-wheel pickup truck,cutting in closely by people/vehicles/animals,rear-end collision,2,0,1,clear,14.93106253,101.9518885,straight road,no slope,2022-01-02T04:18:00Z
5501332,2.01.2022 11:20,4.01.2022 13:37,Roi Et,department of highways,motorcycle,cutting in closely by people/vehicles/animals,other,2,0,2,clear,16.29636073,103.9620271,connecting to public/commercial area,other,2022-01-02T04:20:00Z
6566933,2.01.2022 11:20,3.01.2022 04:46,Krabi,department of rural roads,motorcycle,cutting in closely by people/vehicles/animals,other,1,0,1,clear,8.020825,99.233256,straight road,no slope,2022-01-02T04:20:00Z
5489018,2.01.2022 11:25,2.01.2022 17:54,Suphan Buri,department of highways,private/passenger car,speeding,rear-end collision,4,0,3,clear,14.6525558,100.1444042,straight road,no slope,2022-01-02T04:25:00Z
5492515,2.01.2022 11:30,3.01.2022 06:07,Mae Hong Son,department of highways,motorcycle,speeding,rear-end collision,2,0,2,clear,18.04649886,97.93221472,straight road,no slope,2022-01-02T04:30:00Z
7330804,2.01.2022 11:30,24.05.2022 15:01,Sing Buri,department of highways,private/passenger car,speeding,pedestrian collision,1,1,0,clear,14.74923624,100.4536521,other,other,2022-01-02T04:30:00Z