acc_code,incident_datetime,report_datetime,province_en,agency,vehicle_type,presumed_cause,accident_type,number_of_vehicles_involved,number_of_fatalities,number_of_injuries,weather_condition,latitude,longitude,road_description,slope_description,incident_time
5492472,2.01.2022 11:39,3.01.2022 05:58,Saraburi,department of highways,4-wheel pickup truck,speeding,rollover/fallen on straight road,1,0,1,clear,14.6058672,100.8947146,straight road,no slope,2022-01-02T04:39:00Z
5499986,2.01.2022 11:52,4.01.2022 09:23,Prachuap Khiri Khan,department of highways,private/passenger car,falling asleep,rollover/fallen on straight road,1,0,0,clear,12.43773687,99.91128533,straight road,no slope,2022-01-02T04:52:00Z
5489216,2.01.2022 12:00,2.01.2022 18:24,Si Sa Ket,department of highways,motorcycle,speeding,rollover/fallen on straight road,1,0,1,clear,14.67116878,104.2033857,straight road,no slope,2022-01-02T05:00:00Z
5492521,2.01.2022 12:05,3.01.2022 06:09,Mae Hong Son,department of highways,private/passenger car,speeding,rollover/fallen on straight road,1,0,0,clear,19.32469283,97.96565651,straight road,no slope,2022-01-02T05:05:00Z
5492446,2.01.2022 12:10,3.01.2022 05:53,Phangnga,department of highways,motorized tricycle,speeding,rear-end collision,2,0,2,clear,8.272777523,98.30345391,straight road,no slope,2022-01-02T05:10:00Z
5897307,2.01.2022 12:10,12.03.2022 20:01,Tak,department of highways,private/passenger car,speeding,rear-end collision,2,0,1,clear,16.99162128,99.11624907,straight road,no slope,2022-01-02T05:10:00Z
5906817,2.01.2022 12:10,14.03.2022 15:19,Phetchabun,department of highways,private/passenger car,vehicle equipment failure,rollover/fallen on curved road,1,0,1,clear,16.64430757,101.1647272,wide curve,slope area,2022-01-02T05:10:00Z
5836736,2.01.2022 12:15,3.03.2022 10:05,Phra Nakhon Si Ayutthaya,department of highways,motorcycle,cutting in closely by people/vehicles/animals,rear-end collision,2,0,2,clear,14.32207191,100.6131846,straight road,no slope,2022-01-02T05:15:00Z
5523700,2.01.2022 12:20,7.01.2022 08:17,Samut Prakan,department of highways,6-wheel truck,cutting in closely by people/vehicles/animals,other,2,0,1,clear,13.54485142,100.6186053,connecting to public/commercial area,other,2022-01-02T05:20:00Z
5867178,2.01.2022 12:29,8.03.2022 08:01,Rayong,department of highways,private/passenger car,cutting in closely by people/vehicles/animals,rear-end collision,2,0,1,clear,12.92461356,101.5267315,straight road,no slope,2022-01-02T05:29:00Z
5489073,2.01.2022 12:30,2.01.2022 18:00,Chon Buri,department of highways,private/passenger car,speeding,rear-end collision,2,0,0,clear,13.02002607,100.9964293,straight road,no slope,2022-01-02T05:30:00Z
5492581,2.01.2022 12:30,3.01.2022 06:24,Nan,department of highways,motorcycle,cutting in closely by people/vehicles/animals,rear-end collision,2,0,2,clear,19.09529434,100.8357355,straight road,no slope,2022-01-02T05:30:00Z
7330812,2.01.2022 12:30,16.03.2022 13:34,Phetchaburi,department of highways,private/passenger car,speeding,rear-end collision,4,0,0,clear,12.8215253,99.9387726,straight road,no slope,2022-01-02T05:30:00Z
5490977,2.01.2022 12:37,2.01.2022 23:30,Prachuap Khiri Khan,department of highways,motorcycle,speeding,rollover/fallen on straight road,1,0,1,clear,12.54208024,99.87566559,straight road,no slope,2022-01-02T05:37:00Z
5496194,2.01.2022 12:40,3.01.2022 19:13,Nakhon Ratchasima,department of highways,private/passenger car,speeding,rear-end collision,5,0,0,clear,14.6147048,102.007032,straight road,no slope,2022-01-02T05:40:00Z
6252140,2.01.2022 12:40,26.05.2022 08:50,Saraburi,department of highways,private/passenger car,cutting in closely by people/vehicles/animals,head-on collision (not overtaking),2,0,2,clear,14.41560567,100.8124995,straight road,no slope,2022-01-02T05:40:00Z
5498925,2.01.2022 12:57,4.01.2022 05:58,Chon Buri,department of highways,private/passenger car,speeding,rear-end collision,3,0,0,clear,13.02002868,100.9964266,straight road,no slope,2022-01-02T05:57:00Z
6566950,2.01.2022 13:00,3.01.2022 12:11,Roi Et,department of rural roads,motorcycle,speeding,other,1,0,1,clear,15.98648,103.51285,wide curve,no slope,2022-01-02T06:00:00Z
6566953,2.01.2022 13:00,3.01.2022 04:44,Pathum Thani,department of rural roads,motorcycle,cutting in closely by people/vehicles/animals,other,2,0,1,clear,14.027472,100.869629,straight road,no slope,2022-01-02T06:00:00Z
5488713,2.01.2022 13:15,2.01.2022 16:51,Phrae,department of highways,4-wheel pickup truck,speeding,rear-end collision,2,0,0,clear,18.1913065,100.1885372,straight road,no slope,2022-01-02T06:15:00Z
7330823,2.01.2022 13:16,4.01.2022 16:42,Uthai Thani,department of highways,van,cutting in closely by people/vehicles/animals,rear-end collision,2,1,1,clear,15.3481706,100.0591153,straight road,no slope,2022-01-02T06:16:00Z
5836740,2.01.2022 13:20,3.03.2022 10:08,Phra Nakhon Si Ayutthaya,department of highways,4-wheel pickup truck,illegal overtaking,rear-end collision,2,0,1,clear,14.300144360000001,100.653812,straight road,no slope,2022-01-02T06:20:00Z
5492544,2.01.2022 13:30,3.01.2022 06:15,Phrae,department of highways,4-wheel pickup truck,speeding,rear-end collision,2,0,0,clear,17.96572129,100.0662312,straight road,no slope,2022-01-02T06:30:00Z
5777076,2.01.2022 13:45,21.02.2022 13:25,Suphan Buri,department of highways,private/passenger car,cutting in closely by people/vehicles/animals,rear-end collision,4,0,0,clear,14.44561039,100.1308885,straight road,no slope,2022-01-02T06:45:00Z
5492353,2.01.2022 13:50,3.01.2022 05:38,Kamphaeng Phet,department of highways,motorcycle,cutting in closely by people/vehicles/animals,rear-end collision,2,0,1,clear,16.46490648,99.47813271,other,other,2022-01-02T06:50:00Z
5492467,2.01.2022 14:00,3.01.2022 05:55,Trang,department of highways,private/passenger car,speeding,rear-end collision,2,0,0,clear,7.560819961,99.78232204,wide curve,slope area,2022-01-02T07:00:00Z
6566913,2.01.2022 14:00,28.06.2022 09:38,Udon Thani,department of rural roads,motorcycle,driving under the influence of alcohol,other,1,1,1,clear,17.281391,103.010539,straight road,no slope,2022-01-02T07:00:00Z
5489437,2.01.2022 14:03,2.01.2022 19:03,Nakhon Ratchasima,department of highways,4-wheel pickup truck,speeding,rear-end collision,6,0,1,clear,14.77391512,102.0411712,straight road,no slope,2022-01-02T07:03:00Z
6325366,2.01.2022 14:10,7.06.2022 14:14,Sakon Nakhon,department of highways,4-wheel pickup truck,speeding,rollover/fallen on curved road,1,0,1,clear,17.51610865,103.4298795,wide curve,no slope,2022-01-02T07:10:00Z
5842757,2.01.2022 14:15,4.03.2022 09:07,Nakhon Nayok,department of highways,private/passenger car,speeding,rollover/fallen on curved road,1,0,1,clear,14.14765816,101.2784743,wide curve,no slope,2022-01-02T07:15:00Z
5861476,2.01.2022 14:30,7.03.2022 11:33,Samut Prakan,department of highways,motorcycle,speeding,pedestrian collision,1,0,1,clear,13.51633552,100.6791776,straight road,no slope,2022-01-02T07:30:00Z
5889255,2.01.2022 14:30,11.03.2022 13:39,Phetchabun,department of highways,4-wheel pickup truck,speeding,rear-end collision,2,0,1,clear,16.26126274,101.0320115,straight road,no slope,2022-01-02T07:30:00Z
6566914,2.01.2022 14:30,3.01.2022 15:29,Nonthaburi,department of rural roads,private/passenger car,vehicle equipment failure,other,2,0,1,clear,13.825894,100.482194,straight road,no slope,2022-01-02T07:30:00Z
7330814,2.01.2022 14:30,15.03.2022 13:26,Roi Et,department of highways,private/passenger car,cutting in closely by people/vehicles/animals,collision at intersection corner,2,0,1,clear,15.7441257,104.040581,other,other,2022-01-02T07:30:00Z
5489411,2.01.2022 14:40,2.01.2022 18:55,Sakon Nakhon,department of highways,motorcycle,speeding,rear-end collision,2,0,3,clear,17.4983538,103.4506237,wide curve,no slope,2022-01-02T07:40:00Z
5502221,2.01.2022 14:40,4.01.2022 16:08,Suphan Buri,department of highways,4-wheel pickup truck,speeding,rear-end collision,2,0,3,clear,14.81817186,99.8802173,other,other,2022-01-02T07:40:00Z
5492375,2.01.2022 14:50,3.01.2022 05:40,Si Sa Ket,department of highways,4-wheel pickup truck,speeding,rollover/fallen on straight road,1,0,3,clear,14.90874987,104.7192147,straight road,no slope,2022-01-02T07:50:00Z
5492412,2.01.2022 14:54,3.01.2022 05:45,Kanchanaburi,department of highways,private/passenger car,speeding,rollover/fallen on straight road,1,0,4,clear,13.82235168,99.41158979,straight road,no slope,2022-01-02T07:54:00Z
5493979,2.01.2022 14:55,3.01.2022 11:07,Udon Thani,department of highways,private/passenger car,speeding,head-on collision (not overtaking),2,0,1,clear,17.66355161,103.2465103,straight road,no slope,2022-01-02T07:55:00Z
5489815,2.01.2022 15:00,2.01.2022 20:12,Si Sa Ket,department of highways,4-wheel pickup truck,speeding,rollover/fallen on straight road,1,0,4,clear,14.64122584,104.0676176,straight road,no slope,2022-01-02T08:00:00Z
6239824,2.01.2022 15:00,20.05.2022 14:01,Nakhon Si Thammarat,department of highways,motorcycle,speeding,rear-end collision,2,0,1,clear,8.001777052,99.90417479,other,other,2022-01-02T08:00:00Z
5957342,2.01.2022 15:05,22.03.2022 15:09,Nakhon Ratchasima,department of highways,motorcycle,cutting in closely by people/vehicles/animals,other,2,0,2,clear,14.66620236,101.4277473,connecting to private area,other,2022-01-02T08:05:00Z
6566963,2.01.2022 15:11,3.01.2022 12:11,Phra Nakhon Si Ayutthaya,department of rural roads,motorcycle,cutting in closely by people/vehicles/animals,other,2,0,1,clear,14.156509,100.40309,straight road,no slope,2022-01-02T08:11:00Z
5488795,2.01.2022 15:20,2.01.2022 17:10,Nakhon Si Thammarat,department of highways,private/passenger car,speeding,rear-end collision,2,0,0,clear,8.351082145,99.70268725,straight road,no slope,2022-01-02T08:20:00Z
5490028,2.01.2022 15:30,2.01.2022 20:46,Ang Thong,department of highways,4-wheel pickup truck,cutting in closely by people/vehicles/animals,head-on collision (not overtaking),2,0,0,clear,14.49823548,100.4577264,connecting to public/commercial area,other,2022-01-02T08:30:00Z
5492382,2.01.2022 15:30,3.01.2022 05:43,Tak,department of highways,private/passenger car,unfamiliarity with the route/unskilled driving,rollover/fallen on curved road,1,0,0,clear,16.32075724,98.9980173,wide curve,no slope,2022-01-02T08:30:00Z
5962412,2.01.2022 15:30,23.03.2022 09:59,Phatthalung,department of highways,private/passenger car,speeding,rear-end collision,4,0,0,rainy,7.241573098,100.1813891,other,other,2022-01-02T08:30:00Z
6289254,2.01.2022 15:30,1.06.2022 12:01,Roi Et,department of highways,private/passenger car,falling asleep,rollover/fallen on straight road,1,0,0,clear,16.09200071,103.5464001,straight road,no slope,2022-01-02T08:30:00Z
6566957,2.01.2022 15:30,3.01.2022 12:11,Nonthaburi,department of rural roads,motorcycle,speeding,other,2,0,1,clear,14.031296,100.312324,straight road,no slope,2022-01-02T08:30:00Z
5842845,2.01.2022 15:35,4.03.2022 09:30,Nonthaburi,department of highways,private/passenger car,speeding,rear-end collision,2,0,3,clear,13.87578019,100.4336107,other,other,2022-01-02T08:35:00Z
5492379,2.01.2022 15:40,3.01.2022 05:41,Tak,department of highways,private/passenger car,cutting in closely by people/vehicles/animals,rear-end collision,2,0,1,clear,16.74709876,98.6123371,wide curve,no slope,2022-01-02T08:40:00Z
5777079,2.01.2022 15:40,21.02.2022 13:35,Suphan Buri,department of highways,4-wheel pickup truck,cutting in closely by people/vehicles/animals,other,3,0,0,clear,14.55878446,99.99356209,connecting to private area,other,2022-01-02T08:40:00Z
5897306,2.01.2022 15:40,12.03.2022 20:01,Tak,department of highways,4-wheel pickup truck,cutting in closely by people/vehicles/animals,rear-end collision,2,0,2,clear,16.79603676,99.1568899,straight road,no slope,2022-01-02T08:40:00Z
7330817,2.01.2022 15:45,20.05.2022 08:04,Samut Songkhram,department of highways,4-wheel pickup truck,speeding,rollover/fallen on straight road,1,0,0,clear,13.37994672,99.96978431,straight road,no slope,2022-01-02T08:45:00Z
6950261,2.01.2022 15:50,21.09.2022 11:09,Surat Thani,department of highways,4-wheel pickup truck,other,rollover/fallen on curved road,1,0,4,clear,8.995974168,99.38386648,other,other,2022-01-02T08:50:00Z
5489410,2.01.2022 16:00,2.01.2022 18:56,Satun,department of highways,private/passenger car,speeding,collision with obstruction (on road surface),2,0,1,clear,6.801690024,100.090599,wide curve,no slope,2022-01-02T09:00:00Z
5492319,2.01.2022 16:00,3.01.2022 05:31,Sukhothai,department of highways,motorcycle,speeding,rollover/fallen on straight road,1,0,1,clear,17.54342945,99.82952355,straight road,no slope,2022-01-02T09:00:00Z
5492529,2.01.2022 16:00,3.01.2022 06:10,Chiang Mai,department of highways,motorcycle,speeding,rollover/fallen on straight road,1,0,1,clear,19.37615189,98.96720408,straight road,no slope,2022-01-02T09:00:00Z
5492569,2.01.2022 16:00,3.01.2022 06:20,Phayao,department of highways,motorcycle,cutting in closely by people/vehicles/animals,other,2,0,1,clear,19.53324998,100.2918693,connecting to public/commercial area,other,2022-01-02T09:00:00Z
5523699,2.01.2022 16:03,7.01.2022 08:17,Nong Khai,department of highways,motorcycle,cutting in closely by people/vehicles/animals,rear-end collision,2,1,0,clear,17.76659055,102.7306115,other,other,2022-01-02T09:03:00Z
6937064,2.01.2022 16:10,19.09.2022 10:53,Tak,department of highways,private/passenger car,cutting in closely by people/vehicles/animals,rear-end collision,2,0,2,clear,16.68228072,99.26254748,straight road,no slope,2022-01-02T09:10:00Z
6566923,2.01.2022 16:19,3.01.2022 04:46,Samut Sakhon,department of rural roads,motorcycle,speeding,other,1,0,1,clear,13.605519,100.205451,straight road,no slope,2022-01-02T09:19:00Z
5745983,2.01.2022 16:30,15.02.2022 14:33,Saraburi,department of highways,4-wheel pickup truck,speeding,rear-end collision,2,0,0,clear,14.53589879,100.9110117,straight road,no slope,2022-01-02T09:30:00Z
5897288,2.01.2022 16:30,12.03.2022 19:59,Tak,department of highways,4-wheel pickup truck,failure to yield/signal,rear-end collision,3,0,0,clear,16.81259311,99.13805007,straight road,no slope,2022-01-02T09:30:00Z
5955899,2.01.2022 16:30,22.03.2022 09:56,Nakhon Ratchasima,department of highways,motorcycle,driving under the influence of alcohol,rollover/fallen on straight road,1,0,1,clear,15.06405314,102.1863672,connecting to public/commercial area,other,2022-01-02T09:30:00Z
6950209,2.01.2022 16:30,21.09.2022 10:55,Bangkok,department of highways,private/passenger car,speeding,pedestrian collision,1,0,1,clear,13.65056638,100.406059,straight road,no slope,2022-01-02T09:30:00Z
7330819,2.01.2022 16:30,2.01.2022 17:49,Loburi,department of highways,private/passenger car,cutting in closely by people/vehicles/animals,other,2,0,2,clear,14.81068054,100.6804088,connecting to public/commercial area,other,2022-01-02T09:30:00Z
5906818,2.01.2022 16:35,14.03.2022 15:17,Phetchabun,department of highways,motorcycle,speeding,rear-end collision,2,0,1,clear,16.7569151,101.2134173,straight road,no slope,2022-01-02T09:35:00Z
5777081,2.01.2022 16:40,21.02.2022 13:43,Suphan Buri,department of highways,4-wheel pickup truck,speeding,rear-end collision,3,0,1,clear,14.36963876,100.1815125,straight road,no slope,2022-01-02T09:40:00Z
5957060,2.01.2022 16:45,22.03.2022 14:13,Prachin Buri,department of highways,motorcycle,speeding,rear-end collision,3,0,3,clear,13.98723827,101.7348763,other,other,2022-01-02T09:45:00Z
5489504,2.01.2022 16:50,2.01.2022 19:16,Chon Buri,department of highways,4-wheel pickup truck,speeding,rear-end collision,3,0,0,clear,13.34146535,101.0480645,straight road,no slope,2022-01-02T09:50:00Z
5745956,2.01.2022 17:00,15.02.2022 14:27,Saraburi,department of highways,motorcycle,speeding,rear-end collision,2,0,3,clear,14.58456206,100.9750816,straight road,no slope,2022-01-02T10:00:00Z
5842756,2.01.2022 17:00,4.03.2022 09:06,Pathum Thani,department of highways,motorcycle,speeding,rollover/fallen on straight road,1,0,1,clear,14.05811133,100.8395442,straight road,no slope,2022-01-02T10:00:00Z
5992033,2.01.2022 17:15,28.03.2022 09:46,Narathiwat,department of highways,motorcycle,falling asleep,rollover/fallen on straight road,1,0,2,clear,6.259974828,101.6910329,straight road,no slope,2022-01-02T10:15:00Z
5920193,2.01.2022 17:20,15.03.2022 13:24,Yasothon,department of highways,4-wheel pickup truck,speeding,rollover/fallen on straight road,1,0,1,clear,15.58583663,104.3942356,straight road,no slope,2022-01-02T10:20:00Z
5868795,2.01.2022 17:25,8.03.2022 13:53,Chachoengsao,department of highways,motorcycle,speeding,rollover/fallen on straight road,1,0,1,clear,13.63767977,101.0406938,other,other,2022-01-02T10:25:00Z
5492504,2.01.2022 17:30,3.01.2022 06:03,Phitsanulok,department of highways,private/passenger car,speeding,rear-end collision,2,0,0,clear,16.72089624,100.1772612,straight road,no slope,2022-01-02T10:30:00Z
5837676,2.01.2022 17:30,3.03.2022 13:46,Bangkok,department of highways,motorcycle,speeding,pedestrian collision,1,0,1,clear,13.65639953,100.3943995,straight road,no slope,2022-01-02T10:30:00Z
5868682,2.01.2022 17:30,8.03.2022 13:25,Chon Buri,department of highways,private/passenger car,speeding,rear-end collision,5,0,1,clear,13.34369413,101.0383308,straight road,no slope,2022-01-02T10:30:00Z
5874373,2.01.2022 17:30,9.03.2022 10:04,Chanthaburi,department of highways,4-wheel pickup truck,speeding,rear-end collision,2,0,0,clear,13.04026489,102.3827934,other,other,2022-01-02T10:30:00Z
5906588,2.01.2022 17:30,14.03.2022 14:31,Sukhothai,department of highways,motorcycle,speeding,rollover/fallen on straight road,1,0,1,clear,17.28320156,99.8476982,other,other,2022-01-02T10:30:00Z
6566918,2.01.2022 17:44,2.01.2022 22:51,Kanchanaburi,department of rural roads,private/passenger car,ignoring stop sign while leaving intersection,other,2,1,2,clear,13.922734,99.615758,t-intersection,other,2022-01-02T10:44:00Z
5739589,2.01.2022 17:45,14.02.2022 13:23,Nakhon Sawan,department of highways,private/passenger car,speeding,head-on collision (not overtaking),2,0,1,clear,15.69514722,100.1436022,straight road,no slope,2022-01-02T10:45:00Z
6243287,2.01.2022 17:50,25.05.2022 15:27,Si Sa Ket,department of highways,private/passenger car,speeding,rear-end collision,2,0,2,clear,14.91935056,104.1993436,straight road,no slope,2022-01-02T10:50:00Z
5508353,2.01.2022 17:52,5.01.2022 13:48,Lamphun,department of highways,4-wheel pickup truck,speeding,rear-end collision,4,0,0,clear,18.54407728,99.06160979,straight road,no slope,2022-01-02T10:52:00Z
5492403,2.01.2022 18:00,3.01.2022 05:46,Yasothon,department of highways,private/passenger car,speeding,rollover/fallen on straight road,1,0,2,clear,16.28849049,104.513492,straight road,no slope,2022-01-02T11:00:00Z
5508410,2.01.2022 18:00,5.01.2022 13:59,Roi Et,department of highways,motorcycle,cutting in closely by people/vehicles/animals,other,2,0,1,clear,15.78568748,103.7270978,connecting to public/commercial area,other,2022-01-02T11:00:00Z
5781722,2.01.2022 18:00,22.02.2022 08:53,Suphan Buri,department of highways,motorcycle,speeding,rollover/fallen on curved road,1,0,2,clear,14.30387924,99.98740642,other,other,2022-01-02T11:00:00Z
5968426,2.01.2022 18:00,24.03.2022 09:06,Phatthalung,department of highways,private/passenger car,speeding,rollover/fallen on straight road,1,0,0,rainy,7.403786852,100.0931391,straight road,no slope,2022-01-02T11:00:00Z
5508316,2.01.2022 18:20,5.01.2022 13:43,Lamphun,department of highways,private/passenger car,speeding,rear-end collision,3,0,0,clear,18.53940328,99.06952231,straight road,no slope,2022-01-02T11:20:00Z
5508351,2.01.2022 18:20,5.01.2022 13:45,Lamphun,department of highways,private/passenger car,speeding,rear-end collision,2,0,0,clear,18.54035945,99.06793176,straight road,no slope,2022-01-02T11:20:00Z
5492320,2.01.2022 18:30,3.01.2022 05:33,Sukhothai,department of highways,motorcycle,speeding,rear-end collision,2,0,1,clear,17.17575256,99.74032132,straight road,no slope,2022-01-02T11:30:00Z
6566947,2.01.2022 18:30,3.01.2022 04:45,Phichit,department of rural roads,motorcycle,failure to yield/signal,other,2,0,1,clear,16.402384,100.111291,wide curve,no slope,2022-01-02T11:30:00Z
7330826,2.01.2022 18:30,16.03.2022 13:36,Phetchaburi,department of highways,motorcycle,speeding,rear-end collision,2,0,1,clear,13.1162848,99.73194479,straight road,no slope,2022-01-02T11:30:00Z
5490748,2.01.2022 18:34,2.01.2022 22:55,Chachoengsao,department of highways,private/passenger car,speeding,rear-end collision,8,0,0,clear,13.560499160000001,100.9910381,straight road,no slope,2022-01-02T11:34:00Z
5968412,2.01.2022 18:40,24.03.2022 09:04,Phatthalung,department of highways,motorcycle,speeding,pedestrian collision,1,0,2,rainy,7.462456492,100.1352417,straight road,no slope,2022-01-02T11:40:00Z
5777082,2.01.2022 18:50,21.02.2022 13:45,Suphan Buri,department of highways,private/passenger car,cutting in closely by people/vehicles/animals,rear-end collision,2,0,0,clear,14.72956116,100.1048067,straight road,no slope,2022-01-02T11:50:00Z
5874375,2.01.2022 18:50,9.03.2022 10:03,Chanthaburi,department of highways,private/passenger car,speeding,rollover/fallen on straight road,1,0,1,clear,12.56864315,102.1618652,other,other,2022-01-02T11:50:00Z
5492575,2.01.2022 19:00,3.01.2022 06:22,Phrae,department of highways,motorcycle,speeding,pedestrian collision,1,0,2,clear,17.90839673,99.60186569,straight road,no slope,2022-01-02T12:00:00Z
5600679,2.01.2022 19:00,18.01.2022 15:18,Surat Thani,department of highways,motorcycle,speeding,rear-end collision,2,0,1,clear,9.10523247,99.30341362,other,other,2022-01-02T12:00:00Z
5781723,2.01.2022 19:00,22.02.2022 08:52,Suphan Buri,department of highways,motorcycle,cutting in closely by people/vehicles/animals,rear-end collision,2,0,1,clear,14.26297674,99.8301485,straight road,no slope,2022-01-02T12:00:00Z
6566956,2.01.2022 19:00,3.01.2022 04:45,Nonthaburi,department of rural roads,pedestrian,cutting in closely by people/vehicles/animals,other,1,0,1,clear,13.908293,100.394843,straight road,no slope,2022-01-02T12:00:00Z
7027230,2.01.2022 19:00,3.10.2022 11:05,Nakhon Si Thammarat,department of highways,4-wheel pickup truck,speeding,rollover/fallen on straight road,1,0,0,clear,8.075206114,99.889369,straight road,no slope,2022-01-02T12:00:00Z
5493907,2.01.2022 19:10,3.01.2022 10:55,Phrae,department of highways,motorcycle,driving under the influence of alcohol,rollover/fallen on straight road,1,0,1,clear,17.89495094,99.60938929,straight road,no slope,2022-01-02T12:10:00Z
5744406,2.01.2022 19:15,15.02.2022 08:25,Saraburi,department of highways,private/passenger car,cutting in closely by people/vehicles/animals,rollover/fallen on straight road,1,0,0,clear,14.78071526,100.8002257,straight road,no slope,2022-01-02T12:15:00Z
5492189,2.01.2022 19:17,3.01.2022 04:52,Samut Prakan,expressway authority of thailand,4-wheel pickup truck,other,rear-end collision,3,0,1,clear,13.640988,100.697966,straight road,other,2022-01-02T12:17:00Z
5492298,2.01.2022 19:17,3.01.2022 05:27,Phatthalung,department of highways,private/passenger car,cutting in closely by people/vehicles/animals,rear-end collision,2,0,0,clear,7.309698087,100.2156946,other,other,2022-01-02T12:17:00Z
5508709,2.01.2022 19:20,5.01.2022 14:43,Roi Et,department of highways,private/passenger car,speeding,head-on collision (not overtaking),2,1,0,clear,16.4294426,104.0224787,straight road,no slope,2022-01-02T12:20:00Z
6566946,2.01.2022 19:20,3.01.2022 06:13,Mukdahan,department of rural roads,motorcycle,speeding,other,1,0,1,dark,16.58851,104.617016,straight road,no slope,2022-01-02T12:20:00Z
6054883,2.01.2022 19:25,8.04.2022 09:40,Pathum Thani,department of highways,4-wheel pickup truck,speeding,rear-end collision,2,0,0,clear,13.9270278,100.7067481,straight road,no slope,2022-01-02T12:25:00Z
5493654,2.01.2022 19:30,3.01.2022 10:15,Chumphon,department of highways,pedestrian,cutting in closely by people/vehicles/animals,pedestrian collision,1,0,1,clear,9.851172838,98.80837707,straight road,slope area,2022-01-02T12:30:00Z
5906583,2.01.2022 19:30,14.03.2022 14:30,Sukhothai,department of highways,motorcycle,driving under the influence of alcohol,rear-end collision,2,0,1,clear,17.35456818,99.82882618,straight road,no slope,2022-01-02T12:30:00Z
6117228,2.01.2022 19:30,18.04.2022 14:39,Nan,department of highways,4-wheel pickup truck,speeding,rollover/fallen on straight road,1,0,0,clear,18.74755658,100.7569536,straight road,no slope,2022-01-02T12:30:00Z
6566943,2.01.2022 19:30,3.01.2022 04:46,Samut Songkhram,department of rural roads,4-wheel pickup truck,tailgating,other,2,0,1,clear,13.43842,100.043909,straight road,no slope,2022-01-02T12:30:00Z
6566960,2.01.2022 19:30,3.01.2022 06:13,Sa Kaeo,department of rural roads,motorcycle,speeding,collision with obstruction (on road surface),1,0,1,clear,13.478275,102.16416,straight road,no slope,2022-01-02T12:30:00Z
5490551,2.01.2022 19:43,2.01.2022 22:20,Surat Thani,department of highways,4-wheel pickup truck,speeding,rollover/fallen on straight road,1,0,0,rainy,9.428209513,99.15305971,straight road,no slope,2022-01-02T12:43:00Z
5492380,2.01.2022 19:45,3.01.2022 05:42,Ubon Ratchathani,department of highways,4-wheel pickup truck,speeding,collision with obstruction (on road surface),1,0,6,clear,15.12758762,104.8355126,other,other,2022-01-02T12:45:00Z
5499230,2.01.2022 19:45,4.01.2022 06:14,Udon Thani,department of highways,motorcycle,speeding,rollover/fallen on straight road,1,0,1,clear,16.9324833,103.4577906,straight road,no slope,2022-01-02T12:45:00Z
5739588,2.01.2022 19:50,14.02.2022 13:21,Nakhon Sawan,department of highways,4-wheel pickup truck,speeding,head-on collision (not overtaking),2,0,1,clear,15.80850011,100.0868761,wide curve,slope area,2022-01-02T12:50:00Z
6171306,2.01.2022 19:55,9.05.2022 12:55,Saraburi,department of highways,large truck with trailer,speeding,rollover/fallen on straight road,1,0,2,clear,14.48618343,100.914343,straight road,no slope,2022-01-02T12:55:00Z
5492322,2.01.2022 20:10,3.01.2022 05:33,Udon Thani,department of highways,motorcycle,cutting in closely by people/vehicles/animals,head-on collision (not overtaking),2,0,2,clear,17.79509923,102.2664553,other,other,2022-01-02T13:10:00Z
5493578,2.01.2022 20:17,3.01.2022 10:01,Pathum Thani,department of highways,4-wheel pickup truck,speeding,rear-end collision,2,0,0,clear,13.99094185,100.7125497,straight road,no slope,2022-01-02T13:17:00Z
5842951,2.01.2022 20:17,4.03.2022 09:54,Nonthaburi,department of highways,private/passenger car,speeding,rear-end collision,2,0,1,clear,13.92265151,100.4206824,other,other,2022-01-02T13:17:00Z
5490585,2.01.2022 20:50,2.01.2022 22:25,Ang Thong,department of highways,motorcycle,speeding,rear-end collision,2,0,2,clear,14.60256307,100.4278573,straight road,no slope,2022-01-02T13:50:00Z
5600562,2.01.2022 21:00,18.01.2022 14:57,Surat Thani,department of highways,6-wheel truck,speeding,rollover/fallen on straight road,1,0,0,clear,9.255950746,99.147692609999993,straight road,no slope,2022-01-02T14:00:00Z
6239808,2.01.2022 21:00,20.05.2022 14:01,Nakhon Si Thammarat,department of highways,4-wheel pickup truck,falling asleep,rollover/fallen on curved road,1,0,8,clear,8.3468414,99.62499975,wide curve,no slope,2022-01-02T14:00:00Z
6950192,2.01.2022 21:20,21.09.2022 10:55,Bangkok,department of highways,motorcycle,speeding,rollover/fallen on straight road,1,0,1,clear,13.62607235,100.4656201,straight road,no slope,2022-01-02T14:20:00Z
5492418,2.01.2022 21:30,3.01.2022 05:48,Pattani,department of highways,motorcycle,speeding,rear-end collision,2,0,1,rainy,6.598968144,101.3018525,straight road,no slope,2022-01-02T14:30:00Z
5493760,2.01.2022 21:30,3.01.2022 10:34,Sing Buri,department of highways,6-wheel truck,speeding,rear-end collision,4,0,3,clear,14.87830047,100.4267818,straight road,no slope,2022-01-02T14:30:00Z
5956033,2.01.2022 21:30,22.03.2022 10:23,Nakhon Si Thammarat,department of highways,4-wheel pickup truck,speeding,head-on collision (not overtaking),2,0,2,clear,8.322741521,99.94773118,straight road,no slope,2022-01-02T14:30:00Z
5493626,2.01.2022 21:45,3.01.2022 10:12,Ang Thong,department of highways,motorcycle,speeding,rollover/fallen on straight road,1,0,2,clear,14.69527015,100.3705975,straight road,no slope,2022-01-02T14:45:00Z