acc_code,incident_datetime,report_datetime,province_en,agency,vehicle_type,presumed_cause,accident_type,number_of_vehicles_involved,number_of_fatalities,number_of_injuries,weather_condition,latitude,longitude,road_description,slope_description,incident_time
5919947,2.01.2022 21:45,15.03.2022 10:07,Mukdahan,department of highways,private/passenger car,cutting in closely by people/vehicles/animals,rear-end collision,2,0,1,clear,16.58874755,104.7196036,connecting to public/commercial area,other,2022-01-02T14:45:00Z
5503202,2.01.2022 21:55,4.01.2022 19:29,Trang,department of highways,4-wheel pickup truck,illegal overtaking,side collision,2,0,5,rainy,7.551098953,99.55409555,straight road,no slope,2022-01-02T14:55:00Z
5976337,2.01.2022 22:00,25.03.2022 14:46,Songkhla,department of highways,motorcycle,cutting in closely by people/vehicles/animals,rear-end collision,2,0,1,rainy,6.867395234,100.9587228,straight road,no slope,2022-01-02T15:00:00Z
6567084,2.01.2022 22:00,28.06.2022 09:36,Phayao,department of rural roads,private/passenger car,cutting in closely by people/vehicles/animals,other,1,0,0,clear,19.139492,99.925065,straight road,no slope,2022-01-02T15:00:00Z
6243142,2.01.2022 22:20,25.05.2022 11:27,Chanthaburi,department of highways,passenger pickup truck,falling asleep,rollover/fallen on curved road,1,0,1,clear,12.77947774,102.0932275,wide curve,no slope,2022-01-02T15:20:00Z
6147913,2.01.2022 22:25,2.05.2022 08:03,Phetchabun,department of highways,private/passenger car,speeding,rollover/fallen on curved road,1,0,1,clear,16.84344241,101.177516,wide curve,slope area,2022-01-02T15:25:00Z
6937961,2.01.2022 22:30,19.09.2022 14:15,Kamphaeng Phet,department of highways,motorcycle,driving under the influence of alcohol,collision with obstruction (on road surface),1,1,1,clear,16.47633709,99.51673506,other,other,2022-01-02T15:30:00Z
6566955,2.01.2022 23:00,3.01.2022 04:43,Uthai Thani,department of rural roads,motorcycle,speeding,other,1,0,1,clear,15.03186,99.55131,straight road,no slope,2022-01-02T16:00:00Z
7514713,2.01.2022 23:06,28.12.2022 13:17,Lamphun,department of highways,private/passenger car,speeding,collision with obstruction (on road surface),1,0,0,clear,18.58557312,99.04216109,other,other,2022-01-02T16:06:00Z
6533064,2.01.2022 23:20,11.07.2022 14:24,Chon Buri,department of highways,4-wheel pickup truck,falling asleep,rollover/fallen on curved road,1,0,1,clear,13.00127788,100.9313589,other,other,2022-01-02T16:20:00Z
5492187,2.01.2022 23:25,3.01.2022 04:52,Bangkok,expressway authority of thailand,other,other,side collision,2,0,0,clear,13.80606596,100.5467221,wide curve,other,2022-01-02T16:25:00Z
6055140,2.01.2022 23:25,8.04.2022 10:35,Chon Buri,department of highways,4-wheel pickup truck,speeding,rollover/fallen on straight road,1,0,0,clear,13.25524236,100.9913787,straight road,no slope,2022-01-02T16:25:00Z
5836779,2.01.2022 23:40,3.03.2022 10:10,Phra Nakhon Si Ayutthaya,department of highways,private/passenger car,speeding,collision with obstruction (on road surface),2,0,1,clear,14.20862442,100.573689,straight road,no slope,2022-01-02T16:40:00Z
5777083,2.01.2022 23:45,21.02.2022 13:51,Suphan Buri,department of highways,4-wheel pickup truck,falling asleep,rollover/fallen on straight road,1,0,0,foggy,14.88495994,100.0867742,straight road,no slope,2022-01-02T16:45:00Z
5777084,2.01.2022 23:55,21.02.2022 13:54,Suphan Buri,department of highways,motorcycle,speeding,rear-end collision,2,0,1,foggy,14.81762214,100.1162624,other,other,2022-01-02T16:55:00Z
5919942,3.01.2022 00:05,15.03.2022 10:06,Mukdahan,department of highways,motorcycle,speeding,rollover/fallen on straight road,1,0,1,clear,16.53959451,104.7066244,straight road,no slope,2022-01-02T17:05:00Z
7330827,3.01.2022 00:05,4.01.2022 06:31,Phayao,department of highways,motorcycle,driving under the influence of alcohol,rollover/fallen on straight road,1,0,1,clear,19.52318886,100.3503629,straight road,no slope,2022-01-02T17:05:00Z
5501339,3.01.2022 00:10,4.01.2022 13:37,Phetchaburi,department of highways,4-wheel pickup truck,falling asleep,rollover/fallen on straight road,1,0,1,clear,13.17664611,99.83740656,straight road,no slope,2022-01-02T17:10:00Z
5668701,3.01.2022 01:00,3.02.2022 11:16,Phuket,department of highways,private/passenger car,speeding,collision with obstruction (on road surface),2,0,1,clear,7.891645884,98.36896955,other,other,2022-01-02T18:00:00Z
6055462,3.01.2022 01:24,8.04.2022 11:51,Chon Buri,department of highways,4-wheel pickup truck,speeding,rear-end collision,2,0,0,clear,13.14623746,100.9859338,straight road,no slope,2022-01-02T18:24:00Z
5920653,3.01.2022 01:55,16.03.2022 10:56,Nong Khai,department of highways,4-wheel pickup truck,speeding,rollover/fallen on straight road,1,0,1,clear,17.69001196,102.78303,straight road,no slope,2022-01-02T18:55:00Z
5968409,3.01.2022 02:00,24.03.2022 09:00,Phatthalung,department of highways,4-wheel pickup truck,speeding,rollover/fallen on curved road,1,2,0,rainy,7.435198519,100.0653648,wide curve,no slope,2022-01-02T19:00:00Z
6567081,3.01.2022 02:30,28.06.2022 09:37,Phayao,department of rural roads,private/passenger car,speeding,other,1,0,1,clear,19.618095,100.344848,wide curve,no slope,2022-01-02T19:30:00Z
5669495,3.01.2022 03:30,3.02.2022 14:17,Ubon Ratchathani,department of highways,4-wheel pickup truck,speeding,rear-end collision,2,0,6,clear,15.17495288,104.87268,other,other,2022-01-02T20:30:00Z
7291900,3.01.2022 03:30,11.11.2022 14:14,Prachin Buri,department of highways,6-wheel truck,speeding,rollover/fallen on straight road,1,0,0,clear,14.057674220000001,101.7960361,straight road,no slope,2022-01-02T20:30:00Z
5493379,3.01.2022 03:37,3.01.2022 09:21,Pathum Thani,department of highways,private/passenger car,speeding,rear-end collision,4,0,0,clear,13.95004036,100.7126811,straight road,no slope,2022-01-02T20:37:00Z
6325485,3.01.2022 04:00,7.06.2022 14:40,Kanchanaburi,department of highways,4-wheel pickup truck,speeding,rollover/fallen on straight road,1,0,0,clear,14.07433346,99.48168396,other,other,2022-01-02T21:00:00Z
5992574,3.01.2022 04:02,28.03.2022 11:22,Nakhon Ratchasima,department of highways,motorcycle,speeding,rollover/fallen on straight road,1,1,0,clear,14.52551833,102.2534492,straight road,no slope,2022-01-02T21:02:00Z
5920150,3.01.2022 04:50,15.03.2022 11:57,Maha Sarakham,department of highways,4-wheel pickup truck,falling asleep,rollover/fallen on straight road,1,0,5,clear,16.05125751,102.9635239,straight road,no slope,2022-01-02T21:50:00Z
5758783,3.01.2022 05:00,18.02.2022 10:21,Chai Nat,department of highways,private/passenger car,speeding,rear-end collision,2,0,0,clear,15.19479162,100.1266077,straight road,no slope,2022-01-02T22:00:00Z
5897135,3.01.2022 05:00,12.03.2022 19:29,Kamphaeng Phet,department of highways,motorcycle,speeding,rear-end collision,2,0,0,clear,16.51547489,99.5251277,straight road,no slope,2022-01-02T22:00:00Z
5496145,3.01.2022 05:20,3.01.2022 19:01,Chon Buri,department of highways,4-wheel pickup truck,speeding,rollover/fallen on straight road,1,0,0,clear,13.37736078,101.0431561,straight road,no slope,2022-01-02T22:20:00Z
5498918,3.01.2022 05:30,4.01.2022 05:55,Kamphaeng Phet,department of highways,4-wheel pickup truck,speeding,pedestrian collision,1,1,0,clear,16.27252249,99.68307494,straight road,no slope,2022-01-02T22:30:00Z
5962543,3.01.2022 05:30,23.03.2022 10:31,Phatthalung,department of highways,motorcycle,speeding,rollover/fallen on straight road,1,0,1,rainy,7.65528789,100.0316092,other,other,2022-01-02T22:30:00Z
5499254,3.01.2022 05:41,4.01.2022 06:17,Samut Sakhon,department of highways,motorcycle,speeding,rollover/fallen on straight road,1,0,1,clear,13.57954051,100.3132117,straight road,no slope,2022-01-02T22:41:00Z
5494002,3.01.2022 05:50,3.01.2022 11:11,Bangkok,department of highways,4-wheel pickup truck,speeding,rear-end collision,2,0,2,clear,13.68183383,100.6995115,straight road,no slope,2022-01-02T22:50:00Z
5975411,3.01.2022 06:00,25.03.2022 10:50,Songkhla,department of highways,4-wheel pickup truck,speeding,rear-end collision,2,0,1,rainy,7.142412319,100.5677318,other,other,2022-01-02T23:00:00Z
6239804,3.01.2022 06:00,20.05.2022 14:01,Nakhon Si Thammarat,department of highways,motorcycle,speeding,rollover/fallen on straight road,1,1,0,clear,8.065061542,99.89159255,straight road,no slope,2022-01-02T23:00:00Z
6950245,3.01.2022 06:16,21.09.2022 11:03,Phuket,department of highways,motorcycle,speeding,collision with obstruction (on road surface),1,0,1,clear,7.891677765,98.36901783,other,other,2022-01-02T23:16:00Z
6362760,3.01.2022 06:50,13.06.2022 11:42,Bangkok,department of highways,van,speeding,rollover/fallen on straight road,1,0,0,clear,13.66103363,100.4375267,straight road,no slope,2022-01-02T23:50:00Z
5836776,3.01.2022 07:15,3.03.2022 10:12,Phra Nakhon Si Ayutthaya,department of highways,4-wheel pickup truck,speeding,rear-end collision,2,0,1,clear,14.25550297,100.7675913,straight road,no slope,2022-01-03T00:15:00Z
6387694,3.01.2022 07:30,17.06.2022 14:45,Chiang Mai,department of highways,4-wheel pickup truck,speeding,rollover/fallen on curved road,1,0,0,clear,18.7300837,98.24448823,wide curve,no slope,2022-01-03T00:30:00Z
5498896,3.01.2022 07:38,4.01.2022 05:50,Pattani,department of highways,motorcycle,speeding,rear-end collision,2,0,2,clear,6.815813464,101.4133009,straight road,no slope,2022-01-03T00:38:00Z
5496558,3.01.2022 07:40,3.01.2022 20:11,Si Sa Ket,department of highways,motorcycle,speeding,rear-end collision,2,0,1,clear,14.85819378,104.0158859,straight road,no slope,2022-01-03T00:40:00Z
6055988,3.01.2022 07:45,8.04.2022 13:47,Pathum Thani,department of highways,private/passenger car,speeding,rollover/fallen on straight road,1,0,0,clear,14.00177118,100.7075554,straight road,no slope,2022-01-03T00:45:00Z
5506075,3.01.2022 08:00,5.01.2022 06:09,Prachin Buri,department of highways,4-wheel pickup truck,cutting in closely by people/vehicles/animals,rear-end collision,2,0,2,clear,14.21642735,101.9012323,straight road,no slope,2022-01-03T01:00:00Z
6533154,3.01.2022 08:00,11.07.2022 14:37,Rayong,department of highways,4-wheel pickup truck,speeding,rear-end collision,2,0,1,clear,12.85616036,101.0924524,straight road,no slope,2022-01-03T01:00:00Z
6567021,3.01.2022 08:00,4.01.2022 13:02,Krabi,department of rural roads,motorcycle,tailgating,other,2,0,2,clear,8.174617,98.96485,straight road,no slope,2022-01-03T01:00:00Z
6938015,3.01.2022 08:00,19.09.2022 14:28,Phrae,department of highways,motorcycle,speeding,collision with obstruction (on road surface),2,0,1,clear,18.14410073,100.1714998,straight road,no slope,2022-01-03T01:00:00Z
6567008,3.01.2022 08:10,4.01.2022 04:32,Uthai Thani,department of rural roads,motorcycle,driving under the influence of alcohol,other,2,0,2,clear,15.466571,99.866298,straight road,no slope,2022-01-03T01:10:00Z
5496264,3.01.2022 08:24,3.01.2022 19:22,Nakhon Ratchasima,department of highways,motorcycle,speeding,rollover/fallen on straight road,1,0,0,clear,14.86979243,102.1815553,straight road,no slope,2022-01-03T01:24:00Z
6331011,3.01.2022 08:33,8.06.2022 11:54,Bangkok,department of highways,private/passenger car,speeding,rear-end collision,2,0,0,clear,13.72940335,100.7317623,straight road,no slope,2022-01-03T01:33:00Z
5513470,3.01.2022 09:00,6.01.2022 08:06,Nong Khai,department of highways,4-wheel pickup truck,speeding,rollover/fallen on straight road,1,0,1,clear,17.92039702,102.8096241,straight road,no slope,2022-01-03T02:00:00Z
5498890,3.01.2022 09:10,4.01.2022 05:49,Pattani,department of highways,4-wheel pickup truck,speeding,rollover/fallen on straight road,1,0,2,clear,6.862031991,101.3674217,straight road,no slope,2022-01-03T02:10:00Z
5507124,3.01.2022 09:10,5.01.2022 10:00,Saraburi,department of highways,motorcycle,speeding,rear-end collision,2,0,1,clear,14.71463442,100.8204228,straight road,no slope,2022-01-03T02:10:00Z
5496486,3.01.2022 09:20,3.01.2022 20:04,Si Sa Ket,department of highways,4-wheel pickup truck,speeding,rollover/fallen on straight road,1,0,0,clear,15.15536859,104.1899693,straight road,no slope,2022-01-03T02:20:00Z
5499298,3.01.2022 09:20,4.01.2022 06:24,Nan,department of highways,4-wheel pickup truck,falling asleep,rollover/fallen on straight road,1,0,1,clear,18.91359434,100.7630718,straight road,no slope,2022-01-03T02:20:00Z
5500638,3.01.2022 09:30,4.01.2022 11:28,Chanthaburi,department of highways,4-wheel pickup truck,speeding,rear-end collision,2,0,1,clear,12.45733867,102.2671634,straight road,no slope,2022-01-03T02:30:00Z
5782311,3.01.2022 09:30,22.02.2022 10:52,Ang Thong,department of highways,motorcycle,speeding,rear-end collision,2,0,1,clear,14.64109608,100.4100099,straight road,no slope,2022-01-03T02:30:00Z
5957338,3.01.2022 09:30,22.03.2022 15:06,Nakhon Ratchasima,department of highways,motorcycle,speeding,collision with obstruction (on road surface),1,0,1,clear,14.90422693,101.9130394,straight road,no slope,2022-01-03T02:30:00Z
5494036,3.01.2022 09:47,3.01.2022 11:18,Nan,department of highways,4-wheel pickup truck,falling asleep,head-on collision (not overtaking),2,0,2,clear,18.83303052,100.7472387,wide curve,no slope,2022-01-03T02:47:00Z
5920516,3.01.2022 09:54,16.03.2022 09:21,Nakhon Phanom,department of highways,4-wheel pickup truck,speeding,rollover/fallen on straight road,1,0,2,clear,16.8471981,104.6814519,straight road,no slope,2022-01-03T02:54:00Z
5498881,3.01.2022 10:00,4.01.2022 05:46,Nong Khai,department of highways,motorcycle,speeding,rear-end collision,2,1,2,clear,18.02469024,103.1652233,wide curve,no slope,2022-01-03T03:00:00Z
5919989,3.01.2022 10:00,15.03.2022 10:33,Nong Bua Lam Phu,department of highways,4-wheel pickup truck,speeding,rear-end collision,2,0,1,clear,17.30133583,102.2047698,straight road,no slope,2022-01-03T03:00:00Z
6567001,3.01.2022 10:00,4.01.2022 06:37,Phetchaburi,department of rural roads,motorcycle,debris/obstruction on the road,other,1,0,1,clear,12.670437,99.935209,straight road,no slope,2022-01-03T03:00:00Z
5776786,3.01.2022 10:20,21.02.2022 10:31,Nakhon Sawan,department of highways,motorcycle,cutting in closely by people/vehicles/animals,rear-end collision,2,0,1,clear,15.7783649,100.461849,other,other,2022-01-03T03:20:00Z
6567093,3.01.2022 10:20,4.01.2022 11:04,Buri Ram,department of rural roads,motorcycle,speeding,other,2,1,0,clear,14.480071,102.911162,straight road,no slope,2022-01-03T03:20:00Z
5494220,3.01.2022 10:25,3.01.2022 12:03,Suphan Buri,department of highways,van,speeding,rear-end collision,2,0,0,clear,14.61930644,100.1486528,straight road,no slope,2022-01-03T03:25:00Z
5496561,3.01.2022 10:25,3.01.2022 20:13,Khon Kaen,department of highways,4-wheel pickup truck,speeding,rear-end collision,2,0,0,clear,16.4376879,102.9250234,straight road,no slope,2022-01-03T03:25:00Z
5499521,3.01.2022 10:30,4.01.2022 07:28,Suphan Buri,department of highways,motorcycle,cutting in closely by people/vehicles/animals,rear-end collision,2,0,4,clear,14.46722758,100.0431883,straight road,no slope,2022-01-03T03:30:00Z
5502227,3.01.2022 10:30,4.01.2022 16:06,Nakhon Sawan,department of highways,4-wheel pickup truck,speeding,rear-end collision,3,0,0,clear,15.65161182,100.0799802,straight road,no slope,2022-01-03T03:30:00Z
5498884,3.01.2022 10:39,4.01.2022 05:46,Ang Thong,department of highways,motorcycle,cutting in closely by people/vehicles/animals,other,2,0,1,clear,14.5954485,100.3408304,connecting to public/commercial area,other,2022-01-03T03:39:00Z
6938142,3.01.2022 10:45,19.09.2022 14:50,Sakon Nakhon,department of highways,4-wheel pickup truck,speeding,rear-end collision,5,0,0,clear,16.99807759,103.9635372,straight road,no slope,2022-01-03T03:45:00Z
5496520,3.01.2022 10:50,3.01.2022 20:08,Si Sa Ket,department of highways,4-wheel pickup truck,speeding,rear-end collision,2,0,0,clear,14.68645396,104.3736148,straight road,no slope,2022-01-03T03:50:00Z
5498928,3.01.2022 11:00,4.01.2022 05:57,Surin,department of highways,4-wheel pickup truck,cutting in closely by people/vehicles/animals,rear-end collision,5,0,1,clear,14.63129672,103.4110585,straight road,no slope,2022-01-03T04:00:00Z
5499340,3.01.2022 11:00,4.01.2022 06:32,Phitsanulok,department of highways,4-wheel pickup truck,speeding,rear-end collision,2,0,1,clear,16.74217498,100.4317921,straight road,no slope,2022-01-03T04:00:00Z
5500711,3.01.2022 11:00,4.01.2022 11:37,Nakhon Si Thammarat,department of highways,private/passenger car,speeding,rear-end collision,2,0,1,clear,8.433510084,99.87315236,straight road,no slope,2022-01-03T04:00:00Z
5507101,3.01.2022 11:00,5.01.2022 09:57,Loburi,department of highways,private/passenger car,speeding,rear-end collision,2,0,1,clear,14.80773217,100.6542545,straight road,no slope,2022-01-03T04:00:00Z
5499355,3.01.2022 11:10,4.01.2022 06:42,Phitsanulok,department of highways,4-wheel pickup truck,speeding,rear-end collision,2,0,2,clear,16.76554444,100.1347804,straight road,no slope,2022-01-03T04:10:00Z
5842740,3.01.2022 11:10,4.03.2022 09:05,Nakhon Nayok,department of highways,private/passenger car,falling asleep,rollover/fallen on straight road,1,0,3,clear,14.21782618,101.1237216,straight road,no slope,2022-01-03T04:10:00Z
5919992,3.01.2022 11:25,15.03.2022 10:33,Nong Bua Lam Phu,department of highways,motorcycle,speeding,rollover/fallen on straight road,1,0,1,clear,16.94228233,102.5829935,straight road,no slope,2022-01-03T04:25:00Z
5499225,3.01.2022 11:30,4.01.2022 06:13,Mae Hong Son,department of highways,4-wheel pickup truck,speeding,head-on collision (not overtaking),2,0,0,clear,18.91046317,97.94396816,straight road,slope area,2022-01-03T04:30:00Z
5524176,3.01.2022 11:35,7.01.2022 09:36,Tak,department of highways,motorcycle,cutting in closely by people/vehicles/animals,rear-end collision,2,0,2,clear,16.98420793,98.52682559,straight road,no slope,2022-01-03T04:35:00Z
5897286,3.01.2022 11:45,12.03.2022 19:58,Tak,department of highways,motorcycle,speeding,rear-end collision,2,0,1,clear,16.73933162,99.21473979,straight road,no slope,2022-01-03T04:45:00Z
5498900,3.01.2022 11:50,4.01.2022 05:52,Tak,department of highways,4-wheel pickup truck,falling asleep,rollover/fallen on curved road,1,0,0,clear,17.20950907,98.27974318,wide curve,no slope,2022-01-03T04:50:00Z
5494534,3.01.2022 12:00,3.01.2022 13:21,Kanchanaburi,department of highways,motorcycle,speeding,rear-end collision,2,0,1,clear,14.62991865,99.81667577,straight road,no slope,2022-01-03T05:00:00Z
5495995,3.01.2022 12:00,3.01.2022 18:34,Trang,department of highways,4-wheel pickup truck,falling asleep,rollover/fallen on curved road,1,0,0,clear,7.556174857,99.77415739,wide curve,no slope,2022-01-03T05:00:00Z
5499351,3.01.2022 12:00,4.01.2022 06:40,Phitsanulok,department of highways,private/passenger car,speeding,rollover/fallen on straight road,1,0,0,clear,16.75899286,100.2270135,straight road,no slope,2022-01-03T05:00:00Z
6566992,3.01.2022 12:00,4.01.2022 11:02,Surat Thani,department of rural roads,motorcycle,speeding,other,1,0,1,clear,9.687935,100.046871,wide curve,slope area,2022-01-03T05:00:00Z
5498885,3.01.2022 12:10,4.01.2022 05:47,Narathiwat,department of highways,private/passenger car,cutting in closely by people/vehicles/animals,rear-end collision,2,0,1,clear,6.337985124,101.5022001,straight road,no slope,2022-01-03T05:10:00Z
5501275,3.01.2022 12:10,4.01.2022 13:27,Kamphaeng Phet,department of highways,private/passenger car,speeding,rear-end collision,3,0,0,clear,16.55048078,99.4561386,straight road,no slope,2022-01-03T05:10:00Z
5496556,3.01.2022 12:20,3.01.2022 20:10,Si Sa Ket,department of highways,private/passenger car,speeding,rollover/fallen on straight road,1,0,0,clear,15.24381873,104.0649542,straight road,no slope,2022-01-03T05:20:00Z
5752638,3.01.2022 12:30,17.02.2022 09:51,Phitsanulok,department of highways,private/passenger car,falling asleep,rollover/fallen on curved road,1,0,0,clear,16.85973793,100.8636707,wide curve,no slope,2022-01-03T05:30:00Z
6532898,3.01.2022 12:30,11.07.2022 13:46,Chon Buri,department of highways,4-wheel pickup truck,falling asleep,rollover/fallen on straight road,1,0,1,clear,13.05766189,100.9257236,straight road,no slope,2022-01-03T05:30:00Z
7330830,3.01.2022 12:30,10.03.2022 09:18,Chumphon,department of highways,4-wheel pickup truck,cutting in closely by people/vehicles/animals,rear-end collision,2,0,1,clear,10.05379436,99.07345443,straight road,no slope,2022-01-03T05:30:00Z
5500100,3.01.2022 12:35,4.01.2022 09:49,Chiang Mai,department of highways,motorcycle,cutting in closely by people/vehicles/animals,rear-end collision,2,0,1,clear,18.43263196,98.68443488,other,other,2022-01-03T05:35:00Z
5496624,3.01.2022 12:40,3.01.2022 20:21,Ranong,department of highways,4-wheel pickup truck,falling asleep,rollover/fallen on straight road,1,0,1,clear,10.13821676,98.69044034,straight road,no slope,2022-01-03T05:40:00Z
5499317,3.01.2022 12:40,4.01.2022 06:28,Phayao,department of highways,4-wheel pickup truck,failure to yield/signal,rear-end collision,3,0,0,clear,18.9512171,100.2535486,straight road,no slope,2022-01-03T05:40:00Z
5496521,3.01.2022 12:45,3.01.2022 20:09,Surin,department of highways,private/passenger car,speeding,rear-end collision,2,0,1,clear,14.9712656,103.8642123,straight road,no slope,2022-01-03T05:45:00Z
5976375,3.01.2022 12:45,25.03.2022 14:54,Songkhla,department of highways,motorcycle,speeding,pedestrian collision,1,0,4,clear,6.624175758,100.4215085,straight road,no slope,2022-01-03T05:45:00Z
5496563,3.01.2022 13:00,3.01.2022 20:14,Khon Kaen,department of highways,4-wheel pickup truck,speeding,rollover/fallen on straight road,1,0,3,clear,16.43374666,102.917642,straight road,no slope,2022-01-03T06:00:00Z
5498921,3.01.2022 13:00,4.01.2022 05:57,Nakhon Ratchasima,department of highways,private/passenger car,speeding,rear-end collision,2,0,1,clear,14.66620236,101.4276776,straight road,no slope,2022-01-03T06:00:00Z
5508284,3.01.2022 13:00,5.01.2022 13:37,Lamphun,department of highways,motorcycle,speeding,rear-end collision,2,0,3,clear,18.46481306,99.15661632,wide curve,no slope,2022-01-03T06:00:00Z
5627633,3.01.2022 13:00,27.01.2022 15:09,Chanthaburi,department of highways,motorcycle,cutting in closely by people/vehicles/animals,head-on collision (not overtaking),2,1,0,clear,12.6392417,102.2235533,connecting to private area,other,2022-01-03T06:00:00Z
5744232,3.01.2022 13:00,15.02.2022 07:35,Nakhon Sawan,department of highways,motorcycle,cutting in closely by people/vehicles/animals,rear-end collision,2,0,1,clear,15.58917975,100.3464603,other,other,2022-01-03T06:00:00Z
6567094,3.01.2022 13:00,4.01.2022 05:26,Prachuap Khiri Khan,department of rural roads,private/passenger car,unfamiliarity with the route/unskilled driving,other,3,1,4,clear,12.499442,99.850575,four-way intersection,other,2022-01-03T06:00:00Z
5906794,3.01.2022 13:02,14.03.2022 15:14,Phetchabun,department of highways,motorcycle,speeding,rollover/fallen on straight road,1,0,1,clear,16.76928883,101.1742973,straight road,no slope,2022-01-03T06:02:00Z
5781720,3.01.2022 13:04,22.02.2022 08:50,Suphan Buri,department of highways,4-wheel pickup truck,speeding,rollover/fallen on curved road,1,1,0,clear,14.31484699,99.88357811,wide curve,no slope,2022-01-03T06:04:00Z
7330835,3.01.2022 13:10,3.01.2022 20:24,Si Sa Ket,department of highways,private/passenger car,cutting in closely by people/vehicles/animals,head-on collision (not overtaking),2,0,2,clear,14.60473295,104.6436757,straight road,no slope,2022-01-03T06:10:00Z
6055251,3.01.2022 13:15,8.04.2022 11:02,Chon Buri,department of highways,4-wheel pickup truck,speeding,rear-end collision,2,0,0,clear,13.09932036,100.9888038,straight road,no slope,2022-01-03T06:15:00Z
5752914,3.01.2022 13:20,17.02.2022 10:44,Sing Buri,department of highways,motorcycle,cutting in closely by people/vehicles/animals,rear-end collision,2,0,3,clear,14.86159515,100.3949439,straight road,no slope,2022-01-03T06:20:00Z
5498948,3.01.2022 13:30,4.01.2022 06:02,Nakhon Ratchasima,department of highways,private/passenger car,cutting in closely by people/vehicles/animals,rear-end collision,2,0,1,clear,14.98576526,102.1792969,straight road,no slope,2022-01-03T06:30:00Z
5508376,3.01.2022 13:30,5.01.2022 13:51,Lamphun,department of highways,private/passenger car,speeding,rear-end collision,4,0,0,clear,18.54505376,99.05985831,straight road,no slope,2022-01-03T06:30:00Z
6144758,3.01.2022 13:30,26.04.2022 13:58,Ubon Ratchathani,department of highways,4-wheel pickup truck,falling asleep,rollover/fallen on curved road,1,0,0,clear,14.6886749,104.8981717,wide curve,slope area,2022-01-03T06:30:00Z
6567013,3.01.2022 13:32,4.01.2022 04:33,Sa Kaeo,department of rural roads,motorcycle,speeding,other,1,0,2,clear,13.615314,102.381533,straight road,no slope,2022-01-03T06:32:00Z
5974936,3.01.2022 13:40,25.03.2022 09:12,Sa Kaeo,department of highways,4-wheel pickup truck,falling asleep,rollover/fallen on curved road,1,2,0,clear,13.88709922,102.0008817,wide curve,slope area,2022-01-03T06:40:00Z
6319874,3.01.2022 13:45,6.06.2022 15:30,Kanchanaburi,department of highways,private/passenger car,speeding,rollover/fallen on straight road,1,0,2,clear,14.44315842,98.86665343,straight road,no slope,2022-01-03T06:45:00Z
5496595,3.01.2022 13:50,3.01.2022 20:16,Udon Thani,department of highways,private/passenger car,speeding,rollover/fallen on straight road,1,0,2,clear,17.60803461,102.7923614,straight road,no slope,2022-01-03T06:50:00Z
5969859,3.01.2022 13:50,24.03.2022 15:05,Nakhon Ratchasima,department of highways,4-wheel pickup truck,speeding,rollover/fallen on curved road,1,0,1,clear,14.61850966,102.00656,wide curve,no slope,2022-01-03T06:50:00Z
5496518,3.01.2022 14:00,3.01.2022 20:06,Amnat Charoen,department of highways,6-wheel truck,vehicle equipment failure,rollover/fallen on straight road,1,0,0,clear,15.86378536,104.5337212,straight road,no slope,2022-01-03T07:00:00Z
5499232,3.01.2022 14:00,4.01.2022 06:14,Phitsanulok,department of highways,private/passenger car,speeding,rear-end collision,3,0,0,clear,16.69345436,100.1654246,straight road,no slope,2022-01-03T07:00:00Z
5499295,3.01.2022 14:00,4.01.2022 06:23,Phayao,department of highways,private/passenger car,cutting in closely by people/vehicles/animals,rear-end collision,2,0,1,clear,19.12901406,99.91021244,other,other,2022-01-03T07:00:00Z
5549856,3.01.2022 14:00,11.01.2022 09:20,Tak,department of highways,motorcycle,speeding,rollover/fallen on straight road,1,0,1,clear,16.5036814,98.70953767,straight road,no slope,2022-01-03T07:00:00Z
6319716,3.01.2022 14:00,6.06.2022 15:00,Samut Prakan,department of highways,4-wheel pickup truck,cutting in closely by people/vehicles/animals,rear-end collision,2,0,0,clear,13.51919378,100.665729,straight road,no slope,2022-01-03T07:00:00Z
6567022,3.01.2022 14:04,10.01.2022 14:49,Phetchabun,department of rural roads,other,failure to yield right of way,other,2,0,1,clear,16.94567,101.251399,straight road,no slope,2022-01-03T07:04:00Z
5496666,3.01.2022 14:05,3.01.2022 20:26,Udon Thani,department of highways,private/passenger car,speeding,rear-end collision,2,0,0,clear,17.45326441,102.7936247,straight road,no slope,2022-01-03T07:05:00Z
5498895,3.01.2022 14:10,4.01.2022 05:50,Udon Thani,department of highways,motorcycle,speeding,collision with obstruction (on road surface),2,0,1,clear,17.69182627,102.4837383,straight road,no slope,2022-01-03T07:10:00Z
5508380,3.01.2022 14:10,5.01.2022 13:52,Lamphun,department of highways,motorcycle,speeding,rear-end collision,2,0,2,clear,18.54687195,99.05688374,straight road,no slope,2022-01-03T07:10:00Z
5906212,3.01.2022 14:10,14.03.2022 13:16,Tak,department of highways,private/passenger car,driving under the influence of alcohol,pedestrian collision,1,0,1,clear,17.42652633,98.06791036,straight road,no slope,2022-01-03T07:10:00Z
6567017,3.01.2022 14:10,4.01.2022 11:02,Nakhon Si Thammarat,department of rural roads,motorcycle,illegal overtaking,other,1,0,1,clear,8.063791,99.722984,straight road,no slope,2022-01-03T07:10:00Z
5782310,3.01.2022 14:12,22.02.2022 10:51,Ang Thong,department of highways,4-wheel pickup truck,speeding,rear-end collision,2,0,0,clear,14.60089151,100.4710355,other,other,2022-01-03T07:12:00Z
5499347,3.01.2022 14:15,4.01.2022 06:39,Phitsanulok,department of highways,private/passenger car,speeding,rear-end collision,2,0,0,clear,16.62884943,100.1497766,straight road,no slope,2022-01-03T07:15:00Z