acc_code,incident_datetime,report_datetime,province_en,agency,vehicle_type,presumed_cause,accident_type,number_of_vehicles_involved,number_of_fatalities,number_of_injuries,weather_condition,latitude,longitude,road_description,slope_description,incident_time
5956035,3.01.2022 14:20,22.03.2022 10:20,Nakhon Si Thammarat,department of highways,motorcycle,speeding,rear-end collision,2,0,3,clear,8.249753465,100.013161,straight road,no slope,2022-01-03T07:20:00Z
5500474,3.01.2022 14:30,4.01.2022 11:01,Chanthaburi,department of highways,4-wheel pickup truck,speeding,rollover/fallen on curved road,1,0,1,clear,13.01333867,102.397685,wide curve,slope area,2022-01-03T07:30:00Z
5626464,3.01.2022 14:30,26.01.2022 08:26,Ubon Ratchathani,department of highways,4-wheel pickup truck,speeding,rollover/fallen on straight road,1,0,1,clear,15.7943364,104.9979848,straight road,no slope,2022-01-03T07:30:00Z
5837848,3.01.2022 14:30,3.03.2022 14:15,Bangkok,department of highways,private/passenger car,speeding,rollover/fallen on straight road,1,0,0,clear,13.78492931,100.3886676,other,other,2022-01-03T07:30:00Z
6566991,3.01.2022 14:30,4.01.2022 04:33,Ranong,department of rural roads,motorcycle,cutting in closely by people/vehicles/animals,other,2,0,1,clear,10.623957,98.856398,t-intersection,other,2022-01-03T07:30:00Z
7425573,3.01.2022 14:30,2.12.2022 14:38,Phuket,department of highways,motorcycle,speeding,rollover/fallen on straight road,1,0,1,clear,7.960509885,98.28472673,straight road,no slope,2022-01-03T07:30:00Z
5508357,3.01.2022 14:40,5.01.2022 13:49,Lamphun,department of highways,private/passenger car,speeding,rear-end collision,2,0,0,clear,18.5449139,99.06009971,straight road,no slope,2022-01-03T07:40:00Z
5499461,3.01.2022 14:45,4.01.2022 07:17,Sing Buri,department of highways,private/passenger car,speeding,rear-end collision,2,0,1,clear,14.80538278,100.4530164,straight road,no slope,2022-01-03T07:45:00Z
5777207,3.01.2022 14:50,21.02.2022 14:05,Suphan Buri,department of highways,motorized tricycle,speeding,rear-end collision,2,0,2,clear,14.48162057,100.0711933,straight road,no slope,2022-01-03T07:50:00Z
5499314,3.01.2022 15:00,4.01.2022 06:27,Chiang Rai,department of highways,motorcycle,speeding,rear-end collision,2,1,0,clear,19.67107717,100.1123974,straight road,no slope,2022-01-03T08:00:00Z
5499339,3.01.2022 15:00,4.01.2022 06:30,Nan,department of highways,private/passenger car,cutting in closely by people/vehicles/animals,rear-end collision,2,0,0,clear,18.79150892,100.794805,other,other,2022-01-03T08:00:00Z
5508287,3.01.2022 15:00,5.01.2022 13:39,Lamphun,department of highways,private/passenger car,speeding,rear-end collision,2,0,0,clear,18.53759772,99.07247542,straight road,no slope,2022-01-03T08:00:00Z
6567019,3.01.2022 15:00,4.01.2022 11:02,Suphan Buri,department of rural roads,motorcycle,failure to yield right of way,other,1,0,1,clear,14.785421,99.854083,four-way intersection,other,2022-01-03T08:00:00Z
5758192,3.01.2022 15:20,18.02.2022 08:19,Kanchanaburi,department of highways,7-10-wheel truck,speeding,rollover/fallen on curved road,1,0,0,clear,13.93450193,99.64384227,other,other,2022-01-03T08:20:00Z
5897285,3.01.2022 15:25,12.03.2022 19:57,Tak,department of highways,motorcycle,speeding,rear-end collision,2,0,2,clear,16.88356772,99.15753363,straight road,no slope,2022-01-03T08:25:00Z
5496593,3.01.2022 15:30,3.01.2022 20:15,Khon Kaen,department of highways,large passenger vehicle,speeding,rear-end collision,2,0,0,clear,16.61046765,102.809667,straight road,no slope,2022-01-03T08:30:00Z
5499099,3.01.2022 15:30,4.01.2022 06:08,Mae Hong Son,department of highways,private/passenger car,falling asleep,head-on collision (not overtaking),3,0,1,clear,19.455007,98.30964445,wide curve,slope area,2022-01-03T08:30:00Z
5897279,3.01.2022 15:30,12.03.2022 19:57,Tak,department of highways,4-wheel pickup truck,failure to yield/signal,rear-end collision,3,0,0,clear,16.86677116,99.13641928,straight road,no slope,2022-01-03T08:30:00Z
5920764,3.01.2022 15:30,16.03.2022 13:42,Phetchaburi,department of highways,motorcycle,cutting in closely by people/vehicles/animals,rear-end collision,2,1,1,clear,12.77521138,99.96672927,straight road,no slope,2022-01-03T08:30:00Z
6566988,3.01.2022 15:30,4.01.2022 06:23,Nakhon Sawan,department of rural roads,4-wheel pickup truck,speeding,other,1,0,5,clear,15.506922,100.115081,wide curve,no slope,2022-01-03T08:30:00Z
5777158,3.01.2022 15:35,21.02.2022 14:01,Suphan Buri,department of highways,private/passenger car,speeding,rollover/fallen on curved road,1,0,0,clear,14.78481288,100.0880536,wide curve,slope area,2022-01-03T08:35:00Z
5499301,3.01.2022 15:40,4.01.2022 06:25,Phrae,department of highways,4-wheel pickup truck,speeding,rear-end collision,2,0,0,clear,18.12080788,100.1641962,straight road,no slope,2022-01-03T08:40:00Z
5499348,3.01.2022 15:40,4.01.2022 06:38,Phichit,department of highways,private/passenger car,speeding,rear-end collision,3,0,3,clear,16.07964563,100.1243681,straight road,no slope,2022-01-03T08:40:00Z
6567006,3.01.2022 15:40,4.01.2022 04:33,Sa Kaeo,department of rural roads,bicycle,failure to yield right of way,other,1,0,1,clear,13.747485,102.47983,t-intersection,other,2022-01-03T08:40:00Z
6950179,3.01.2022 15:47,21.09.2022 10:48,Nonthaburi,department of highways,other,speeding,rollover/fallen on straight road,1,0,0,clear,13.83429056,100.4134539,straight road,no slope,2022-01-03T08:47:00Z
5499104,3.01.2022 15:50,4.01.2022 06:09,Mae Hong Son,department of highways,motorcycle,speeding,rollover/fallen on straight road,1,0,1,clear,19.33551035,97.96577452,straight road,no slope,2022-01-03T08:50:00Z
5498943,3.01.2022 16:00,4.01.2022 06:00,Nakhon Ratchasima,department of highways,4-wheel pickup truck,speeding,rollover/fallen on curved road,1,0,0,clear,15.0011474,102.2271341,wide curve,no slope,2022-01-03T09:00:00Z
5499210,3.01.2022 16:00,4.01.2022 06:13,Lamphun,department of highways,private/passenger car,falling asleep,rollover/fallen on straight road,1,0,2,clear,18.16019591,98.86241286,straight road,no slope,2022-01-03T09:00:00Z
5744086,3.01.2022 16:00,15.02.2022 06:57,Trang,department of highways,private/passenger car,speeding,rollover/fallen on curved road,1,0,0,rainy,7.569533053,99.783352,wide curve,slope area,2022-01-03T09:00:00Z
5752909,3.01.2022 16:00,17.02.2022 10:40,Loburi,department of highways,4-wheel pickup truck,speeding,rear-end collision,2,0,1,clear,14.74506273,100.5040213,straight road,no slope,2022-01-03T09:00:00Z
7330841,3.01.2022 16:10,25.03.2022 09:11,Sa Kaeo,department of highways,motorcycle,driving under the influence of alcohol,rear-end collision,2,0,1,clear,13.43749027,102.2009665,other,other,2022-01-03T09:10:00Z
5499300,3.01.2022 16:20,4.01.2022 06:24,Nan,department of highways,motorcycle,speeding,rollover/fallen on straight road,1,0,1,clear,19.09683539,100.8086586,straight road,no slope,2022-01-03T09:20:00Z
6567010,3.01.2022 16:20,4.01.2022 04:33,Satun,department of rural roads,bicycle,cutting in closely by people/vehicles/animals,other,2,0,2,clear,6.718038,100.093002,t-intersection,other,2022-01-03T09:20:00Z
5499218,3.01.2022 16:25,4.01.2022 06:11,Lampang,department of highways,private/passenger car,speeding,rollover/fallen on straight road,1,0,1,clear,18.39832986,99.63079868,straight road,no slope,2022-01-03T09:25:00Z
5897284,3.01.2022 16:30,12.03.2022 19:56,Tak,department of highways,large truck with trailer,speeding,rollover/fallen on curved road,1,0,0,clear,16.75807084,98.92235755,wide curve,slope area,2022-01-03T09:30:00Z
5957030,3.01.2022 16:30,22.03.2022 14:08,Prachin Buri,department of highways,motorcycle,speeding,rear-end collision,6,0,2,clear,14.01539494,101.6939324,straight road,no slope,2022-01-03T09:30:00Z
6918688,3.01.2022 16:30,16.09.2022 14:16,Lamphun,department of highways,motorcycle,cutting in closely by people/vehicles/animals,rear-end collision,2,0,1,clear,17.77115756,98.95961879,straight road,no slope,2022-01-03T09:30:00Z
5920662,3.01.2022 16:43,16.03.2022 11:08,Lampang,department of highways,private/passenger car,speeding,head-on collision (not overtaking),3,0,0,clear,18.29687239,99.41421835,straight road,no slope,2022-01-03T09:43:00Z
5496115,3.01.2022 16:50,3.01.2022 18:57,Surat Thani,department of highways,private/passenger car,speeding,rear-end collision,3,0,0,clear,9.321504651,99.14922147,straight road,no slope,2022-01-03T09:50:00Z
6567016,3.01.2022 16:50,4.01.2022 05:31,Ratchaburi,department of rural roads,motorcycle,driving under the influence of alcohol,other,1,0,1,clear,13.507063,99.39255,t-intersection,other,2022-01-03T09:50:00Z
5499215,3.01.2022 17:00,4.01.2022 06:11,Lampang,department of highways,4-wheel pickup truck,speeding,rollover/fallen on straight road,1,0,0,clear,18.29700736,99.41389917,straight road,no slope,2022-01-03T10:00:00Z
5499342,3.01.2022 17:00,4.01.2022 06:34,Uttaradit,department of highways,private/passenger car,speeding,rear-end collision,3,0,0,clear,17.376468590000002,100.2299505,straight road,no slope,2022-01-03T10:00:00Z
5919524,3.01.2022 17:00,15.03.2022 10:32,Nong Bua Lam Phu,department of highways,private/passenger car,cutting in closely by people/vehicles/animals,rear-end collision,2,0,1,clear,17.29487982,102.2195434,straight road,no slope,2022-01-03T10:00:00Z
6944865,3.01.2022 17:00,20.09.2022 14:47,Chon Buri,department of highways,4-wheel pickup truck,speeding,rear-end collision,2,0,2,clear,13.12670216,101.3172912,connecting to private area,other,2022-01-03T10:00:00Z
5498956,3.01.2022 17:04,4.01.2022 06:04,Nakhon Ratchasima,department of highways,motorcycle,cutting in closely by people/vehicles/animals,rear-end collision,2,0,1,clear,14.55452944,101.9744325,straight road,no slope,2022-01-03T10:04:00Z
7476619,3.01.2022 17:05,21.12.2022 09:29,Yala,department of highways,motorcycle,cutting in closely by people/vehicles/animals,rear-end collision,2,0,0,clear,6.259281611,101.2537202,other,other,2022-01-03T10:05:00Z
5758290,3.01.2022 17:14,18.02.2022 08:36,Kanchanaburi,department of highways,motorcycle,speeding,rollover/fallen on curved road,1,0,1,clear,13.8683302,99.65372084,wide curve,no slope,2022-01-03T10:14:00Z
6566983,3.01.2022 17:15,3.01.2022 20:32,Chiang Mai,department of rural roads,private/passenger car,speeding,other,1,0,0,clear,18.646559,98.850682,u-turn area,other,2022-01-03T10:15:00Z
5497208,3.01.2022 17:20,3.01.2022 22:19,Nakhon Sawan,department of highways,4-wheel pickup truck,illegal overtaking,rear-end collision,2,0,0,clear,15.59917523,100.6781423,straight road,no slope,2022-01-03T10:20:00Z
5992032,3.01.2022 17:20,28.03.2022 09:46,Narathiwat,department of highways,motorcycle,speeding,rollover/fallen on straight road,1,0,1,clear,6.456064477,101.8024304,straight road,no slope,2022-01-03T10:20:00Z
7476237,3.01.2022 17:20,21.12.2022 09:13,Ang Thong,department of highways,private/passenger car,cutting in closely by people/vehicles/animals,rear-end collision,2,0,0,clear,14.57930295,100.4685089,other,other,2022-01-03T10:20:00Z
5498887,3.01.2022 17:30,4.01.2022 05:47,Satun,department of highways,motorcycle,cutting in closely by people/vehicles/animals,head-on collision (not overtaking),2,0,1,clear,6.794528271,99.95847879,straight road,no slope,2022-01-03T10:30:00Z
5500342,3.01.2022 17:30,4.01.2022 10:41,Mae Hong Son,department of highways,motorcycle,speeding,rollover/fallen on straight road,1,0,1,clear,18.51342948,97.9301977,straight road,no slope,2022-01-03T10:30:00Z
5781698,3.01.2022 17:30,22.02.2022 08:49,Kanchanaburi,department of highways,motorcycle,speeding,rear-end collision,2,0,3,clear,14.60149109,99.48373316,straight road,no slope,2022-01-03T10:30:00Z
5906824,3.01.2022 17:30,14.03.2022 15:15,Phetchabun,department of highways,4-wheel pickup truck,speeding,rollover/fallen on curved road,1,0,1,clear,16.7837829,101.0874688,wide curve,no slope,2022-01-03T10:30:00Z
6567020,3.01.2022 17:30,4.01.2022 11:53,Phitsanulok,department of rural roads,motorcycle,speeding,other,1,1,0,dark,16.728297,100.237671,t-intersection,other,2022-01-03T10:30:00Z
6566129,3.01.2022 17:35,28.06.2022 09:36,buogkan,department of rural roads,private/passenger car,speeding,other,2,1,0,clear,18.326115,103.933157,t-intersection,other,2022-01-03T10:35:00Z
6567024,3.01.2022 17:57,4.01.2022 15:42,Phuket,department of rural roads,motorcycle,cutting in closely by people/vehicles/animals,other,1,0,1,clear,7.902179,98.304862,straight road,no slope,2022-01-03T10:57:00Z
6056102,3.01.2022 18:00,8.04.2022 14:09,Bangkok,department of highways,private/passenger car,speeding,rear-end collision,2,0,2,clear,13.81049814,100.6781825,straight road,no slope,2022-01-03T11:00:00Z
7330843,3.01.2022 18:05,15.02.2022 14:21,Saraburi,department of highways,motorcycle,cutting in closely by people/vehicles/animals,other,2,0,1,clear,14.4121844,100.8378357,connecting to public/commercial area,other,2022-01-03T11:05:00Z
7330833,3.01.2022 18:15,4.01.2022 06:41,Uttaradit,department of highways,motorcycle,speeding,rollover/fallen on straight road,1,0,1,clear,17.66784267,100.1786587,straight road,no slope,2022-01-03T11:15:00Z
5777210,3.01.2022 18:20,21.02.2022 14:07,Suphan Buri,department of highways,4-wheel pickup truck,cutting in closely by people/vehicles/animals,rear-end collision,2,0,0,clear,14.62502137,100.1480949,wide curve,no slope,2022-01-03T11:20:00Z
5543408,3.01.2022 18:25,10.01.2022 12:21,Suphan Buri,department of highways,motorcycle,cutting in closely by people/vehicles/animals,rear-end collision,2,0,1,clear,14.7617952,99.8295155,connecting to public/commercial area,other,2022-01-03T11:25:00Z
5897133,3.01.2022 18:30,12.03.2022 19:27,Kamphaeng Phet,department of highways,motorcycle,running red lights/traffic signals,head-on collision (not overtaking),3,0,0,clear,16.47435402,99.55040215,other,other,2022-01-03T11:30:00Z
5758266,3.01.2022 18:33,18.02.2022 08:34,Kanchanaburi,department of highways,motorcycle,speeding,rear-end collision,2,0,1,clear,13.88090468,99.69061194,wide curve,no slope,2022-01-03T11:33:00Z
5498865,3.01.2022 19:00,4.01.2022 05:44,Tak,department of highways,motorcycle,speeding,head-on collision (not overtaking),2,0,1,clear,16.44555212,98.70310305,straight road,no slope,2022-01-03T12:00:00Z
5500448,3.01.2022 19:00,4.01.2022 10:55,Chanthaburi,department of highways,private/passenger car,driving under the influence of alcohol,rear-end collision,3,0,1,clear,12.66743797,102.1889528,other,other,2022-01-03T12:00:00Z
5500636,3.01.2022 19:00,4.01.2022 11:28,Trang,department of highways,motorcycle,speeding,head-on collision (not overtaking),2,0,1,rainy,7.840536389,99.6501535,straight road,no slope,2022-01-03T12:00:00Z
5517476,3.01.2022 19:00,6.01.2022 11:17,Udon Thani,department of highways,4-wheel pickup truck,speeding,rear-end collision,2,2,0,clear,17.68388405,103.2138812,straight road,no slope,2022-01-03T12:00:00Z
5919952,3.01.2022 19:00,15.03.2022 10:09,Loei,department of highways,motorcycle,speeding,collision with obstruction (on road surface),2,1,0,clear,17.75146597,101.7043018,straight road,no slope,2022-01-03T12:00:00Z
5758194,3.01.2022 19:15,18.02.2022 08:15,Kanchanaburi,department of highways,private/passenger car,speeding,rollover/fallen on straight road,1,0,0,clear,14.73749107,98.64029108,other,other,2022-01-03T12:15:00Z
5976336,3.01.2022 19:20,25.03.2022 14:45,Songkhla,department of highways,private/passenger car,speeding,rollover/fallen on curved road,1,0,2,clear,6.791065876,100.9473851,wide curve,no slope,2022-01-03T12:20:00Z
5777309,3.01.2022 19:35,21.02.2022 14:15,Suphan Buri,department of highways,4-wheel pickup truck,speeding,other,2,0,1,clear,14.64611497,100.14633,connecting to public/commercial area,other,2022-01-03T12:35:00Z
5499227,3.01.2022 19:37,4.01.2022 06:13,Lamphun,department of highways,motorcycle,speeding,rear-end collision,2,0,1,clear,18.45300792,98.89314292,wide curve,no slope,2022-01-03T12:37:00Z
6567023,3.01.2022 19:39,4.01.2022 14:25,Lamphun,department of rural roads,motorcycle,driving under the influence of alcohol,pedestrian collision,1,0,1,dark,18.306132,98.802221,straight road,no slope,2022-01-03T12:39:00Z
5868976,3.01.2022 20:00,8.03.2022 14:29,Chachoengsao,department of highways,4-wheel pickup truck,cutting in closely by people/vehicles/animals,rear-end collision,2,0,1,clear,13.64202751,101.1016604,straight road,no slope,2022-01-03T13:00:00Z
5888630,3.01.2022 20:00,11.03.2022 10:51,Nakhon Pathom,department of highways,private/passenger car,driving under the influence of alcohol,rollover/fallen on straight road,1,0,0,clear,13.98195737,99.99507217,straight road,no slope,2022-01-03T13:00:00Z
5498952,3.01.2022 20:10,4.01.2022 06:03,Nakhon Ratchasima,department of highways,motorcycle,speeding,head-on collision (not overtaking),2,1,0,clear,14.56874541,102.4706599,other,other,2022-01-03T13:10:00Z
5881251,3.01.2022 20:10,10.03.2022 09:22,Chumphon,department of highways,4-wheel pickup truck,speeding,rear-end collision,2,0,2,clear,10.80365426,99.20392512,other,other,2022-01-03T13:10:00Z
5498888,3.01.2022 20:20,4.01.2022 05:48,Udon Thani,department of highways,motorcycle,speeding,rollover/fallen on straight road,1,0,1,clear,17.35792701,102.7977311,straight road,no slope,2022-01-03T13:20:00Z
6567003,3.01.2022 20:33,4.01.2022 06:32,Prachuap Khiri Khan,department of rural roads,motorcycle,driving under the influence of alcohol,other,1,0,1,clear,12.454133,99.910102,straight road,no slope,2022-01-03T13:33:00Z
5499297,3.01.2022 20:40,4.01.2022 06:23,Nan,department of highways,4-wheel pickup truck,cutting in closely by people/vehicles/animals,rear-end collision,2,0,0,clear,18.84074519,100.7384276,other,other,2022-01-03T13:40:00Z
5499315,3.01.2022 20:40,4.01.2022 06:27,Phayao,department of highways,motorcycle,speeding,rear-end collision,2,0,1,clear,19.51732379,100.2949029,other,other,2022-01-03T13:40:00Z
5508513,3.01.2022 20:40,5.01.2022 14:13,Lamphun,department of highways,4-wheel pickup truck,speeding,rear-end collision,2,0,1,clear,18.58988486,99.04230057,other,other,2022-01-03T13:40:00Z
5777314,3.01.2022 20:45,21.02.2022 14:18,Suphan Buri,department of highways,motorcycle,speeding,rear-end collision,3,0,1,clear,14.46300197,100.1422047,straight road,no slope,2022-01-03T13:45:00Z
6073299,3.01.2022 20:45,11.04.2022 09:20,Chiang Mai,department of highways,4-wheel pickup truck,vehicle equipment failure,rollover/fallen on curved road,1,0,1,clear,19.47443411,99.00720386,wide curve,no slope,2022-01-03T13:45:00Z
5837854,3.01.2022 21:00,3.03.2022 14:17,Bangkok,department of highways,motorcycle,speeding,rear-end collision,2,0,2,clear,13.62608277,100.4657328,connecting to public/commercial area,other,2022-01-03T14:00:00Z
5919950,3.01.2022 21:00,15.03.2022 10:08,Loei,department of highways,4-wheel pickup truck,speeding,rollover/fallen on straight road,1,0,1,clear,17.53029388,101.7249441,straight road,no slope,2022-01-03T14:00:00Z
6566082,3.01.2022 21:00,28.06.2022 09:35,Nakhon Ratchasima,department of rural roads,private/passenger car,speeding,other,1,0,1,clear,14.597227,101.215594,sharp curve,no slope,2022-01-03T14:00:00Z
6950193,3.01.2022 21:00,21.09.2022 10:53,Nonthaburi,department of highways,private/passenger car,speeding,rear-end collision,2,1,0,clear,13.92726471,100.4136014,straight road,no slope,2022-01-03T14:00:00Z
5498950,3.01.2022 21:07,4.01.2022 06:02,Phuket,department of highways,motorcycle,speeding,rollover/fallen on curved road,1,0,1,clear,7.926177618,98.27567159,wide curve,no slope,2022-01-03T14:07:00Z
7514107,3.01.2022 21:30,28.12.2022 09:18,Chiang Rai,department of highways,private/passenger car,speeding,rollover/fallen on straight road,2,0,0,clear,19.88512617,100.1647246,straight road,no slope,2022-01-03T14:30:00Z
7557854,3.01.2022 21:45,12.01.2023 11:13,Si Sa Ket,department of highways,4-wheel pickup truck,speeding,rollover/fallen on straight road,1,0,0,clear,15.13449566,104.1484058,straight road,no slope,2022-01-03T14:45:00Z
5524066,3.01.2022 22:00,7.01.2022 09:15,Krabi,department of highways,motorcycle,speeding,rear-end collision,2,0,1,clear,8.146657026,98.85719596,connecting to public/commercial area,other,2022-01-03T15:00:00Z
7440920,3.01.2022 22:00,8.12.2022 08:21,Samut Prakan,department of highways,4-wheel pickup truck,speeding,rear-end collision,2,0,1,clear,13.59339492,100.8126886,straight road,no slope,2022-01-03T15:00:00Z
5843000,3.01.2022 22:30,4.03.2022 10:03,Nonthaburi,department of highways,private/passenger car,speeding,rear-end collision,3,0,1,clear,13.90312512,100.4072177,straight road,no slope,2022-01-03T15:30:00Z
5843072,3.01.2022 22:30,4.03.2022 10:19,Nonthaburi,department of highways,private/passenger car,speeding,rear-end collision,3,0,2,clear,13.89536357,100.4079473,straight road,no slope,2022-01-03T15:30:00Z
5499094,3.01.2022 22:40,4.01.2022 06:07,Krabi,department of highways,4-wheel pickup truck,running red lights/traffic signals,rear-end collision,2,1,0,clear,8.104528334,98.96217226,other,other,2022-01-03T15:40:00Z
5498756,3.01.2022 22:50,4.01.2022 05:09,Phatthalung,department of highways,motorcycle,speeding,rollover/fallen on straight road,1,0,1,rainy,7.668454265,100.0204378,straight road,no slope,2022-01-03T15:50:00Z
6567014,3.01.2022 23:00,4.01.2022 06:22,Ratchaburi,department of rural roads,motorcycle,speeding,other,1,0,1,clear,13.566645,100.011218,straight road,no slope,2022-01-03T16:00:00Z
7330839,3.01.2022 23:00,10.03.2022 09:25,Chumphon,department of highways,private/passenger car,speeding,rollover/fallen on straight road,1,0,1,clear,10.47632052,99.20967041,straight road,no slope,2022-01-03T16:00:00Z
5507843,3.01.2022 23:20,5.01.2022 12:11,Saraburi,department of highways,motorcycle,speeding,rollover/fallen on curved road,1,0,1,clear,14.56632855,100.9685182,wide curve,no slope,2022-01-03T16:20:00Z
6239803,3.01.2022 23:20,20.05.2022 14:00,Nakhon Si Thammarat,department of highways,motorcycle,speeding,rear-end collision,2,0,3,rainy,8.175103203,99.85979496,straight road,no slope,2022-01-03T16:20:00Z
5836532,3.01.2022 23:30,3.03.2022 09:28,Phra Nakhon Si Ayutthaya,department of highways,motorcycle,speeding,rollover/fallen on straight road,1,0,1,clear,14.3875403,100.529277,straight road,no slope,2022-01-03T16:30:00Z
5837858,3.01.2022 23:34,3.03.2022 14:19,Bangkok,department of highways,motorcycle,speeding,rollover/fallen on curved road,1,1,0,clear,13.62920039,100.4197222,wide curve,no slope,2022-01-03T16:34:00Z
5976248,4.01.2022 00:25,25.03.2022 14:26,buogkan,department of highways,4-wheel pickup truck,speeding,rollover/fallen on straight road,1,0,1,clear,18.3031522,103.6496517,other,other,2022-01-03T17:25:00Z
5503183,4.01.2022 00:30,4.01.2022 19:20,Si Sa Ket,department of highways,van,speeding,rollover/fallen on straight road,1,0,6,clear,14.83699107,104.1871717,straight road,no slope,2022-01-03T17:30:00Z
6567041,4.01.2022 00:36,5.01.2022 15:22,Chanthaburi,department of rural roads,motorcycle,falling asleep,other,2,0,2,other,12.756461,101.852574,straight road,no slope,2022-01-03T17:36:00Z
5897132,4.01.2022 00:40,12.03.2022 19:29,Kamphaeng Phet,department of highways,private/passenger car,driving under the influence of alcohol,rollover/fallen on curved road,1,0,1,clear,16.47378558,99.5137739,wide curve,no slope,2022-01-03T17:40:00Z
6073147,4.01.2022 01:23,11.04.2022 08:48,Chachoengsao,department of highways,4-wheel pickup truck,speeding,rear-end collision,2,0,0,clear,13.51595215,101.0285407,straight road,no slope,2022-01-03T18:23:00Z
7291926,4.01.2022 01:55,11.11.2022 14:16,Nakhon Ratchasima,department of highways,7-10-wheel truck,speeding,rear-end collision,2,0,0,clear,14.88183372,101.8596017,straight road,no slope,2022-01-03T18:55:00Z
5626606,4.01.2022 02:00,26.01.2022 11:13,Phangnga,department of highways,4-wheel pickup truck,speeding,rollover/fallen on straight road,1,0,1,clear,8.440599384,98.57780902,straight road,no slope,2022-01-03T19:00:00Z
5499987,4.01.2022 05:50,4.01.2022 09:24,Bangkok,department of highways,van,falling asleep,rear-end collision,2,0,5,clear,13.78038884,100.4089075,straight road,no slope,2022-01-03T22:50:00Z
5503239,4.01.2022 06:00,4.01.2022 19:33,Chaiyaphum,department of highways,4-wheel pickup truck,speeding,rollover/fallen on straight road,2,0,4,clear,16.46195097,102.1226191,straight road,no slope,2022-01-03T23:00:00Z
5513471,4.01.2022 06:00,6.01.2022 08:05,Lampang,department of highways,large truck with trailer,speeding,pedestrian collision,1,1,0,clear,18.28743951,99.51383828,straight road,no slope,2022-01-03T23:00:00Z
7330850,4.01.2022 06:00,17.06.2022 10:21,Mukdahan,department of highways,large passenger vehicle,cutting in closely by people/vehicles/animals,pedestrian collision,1,1,0,clear,16.53845288,104.3918404,straight road,no slope,2022-01-03T23:00:00Z
5776788,4.01.2022 06:15,21.02.2022 10:30,Nakhon Sawan,department of highways,4-wheel pickup truck,illegal overtaking,rear-end collision,2,0,1,clear,15.63480257,100.5811697,other,other,2022-01-03T23:15:00Z
5501417,4.01.2022 06:30,4.01.2022 13:53,Phetchaburi,department of highways,7-10-wheel truck,falling asleep,rollover/fallen on straight road,1,0,1,clear,12.62554023,99.8581454,straight road,no slope,2022-01-03T23:30:00Z
5506195,4.01.2022 06:45,5.01.2022 06:32,Saraburi,department of highways,6-wheel truck,speeding,rear-end collision,2,1,0,clear,14.57357645,101.0053021,straight road,no slope,2022-01-03T23:45:00Z
5500670,4.01.2022 06:50,4.01.2022 11:32,Trang,department of highways,4-wheel pickup truck,falling asleep,rollover/fallen on straight road,1,0,1,rainy,7.550697451,99.7684872,straight road,no slope,2022-01-03T23:50:00Z
6073146,4.01.2022 06:53,11.04.2022 08:46,Bangkok,department of highways,private/passenger car,speeding,rollover/fallen on straight road,1,0,0,clear,13.7321939,100.7824561,straight road,no slope,2022-01-03T23:53:00Z
5500678,4.01.2022 07:00,4.01.2022 11:34,Trang,department of highways,private/passenger car,speeding,rollover/fallen on curved road,1,0,0,rainy,7.541941435,99.74986194,wide curve,no slope,2022-01-04T00:00:00Z
5506079,4.01.2022 07:00,5.01.2022 06:05,Sing Buri,department of highways,7-10-wheel truck,speeding,rear-end collision,2,0,0,clear,14.76380269,100.4513883,straight road,no slope,2022-01-04T00:00:00Z
5513480,4.01.2022 07:00,6.01.2022 08:13,Surin,department of highways,motorcycle,speeding,rear-end collision,2,0,1,clear,15.34968114,103.5606238,straight road,no slope,2022-01-04T00:00:00Z
5969489,4.01.2022 07:00,24.03.2022 13:45,Surat Thani,department of highways,motorcycle,speeding,rear-end collision,2,0,2,clear,8.765398382,99.19667243,other,other,2022-01-04T00:00:00Z
5506071,4.01.2022 07:30,5.01.2022 06:07,Surat Thani,department of highways,bicycle,speeding,rear-end collision,2,1,0,clear,9.122965793,99.28674905,straight road,no slope,2022-01-04T00:30:00Z
6567038,4.01.2022 08:18,5.01.2022 11:27,Nakhon Si Thammarat,department of rural roads,motorcycle,road in poor condition,other,1,0,1,clear,7.91479,99.78809,straight road,no slope,2022-01-04T01:18:00Z
6567030,4.01.2022 08:25,5.01.2022 06:26,Maha Sarakham,department of rural roads,motorcycle,falling asleep,other,1,0,1,clear,15.857609,103.179051,wide curve,slope area,2022-01-04T01:25:00Z
5500750,4.01.2022 08:30,4.01.2022 11:40,Trang,department of highways,4-wheel pickup truck,speeding,rear-end collision,2,0,0,clear,7.513231204,99.62963997,other,other,2022-01-04T01:30:00Z
5975413,4.01.2022 08:30,25.03.2022 10:50,Songkhla,department of highways,other,speeding,rollover/fallen on straight road,1,0,0,clear,6.966718759,100.5039409,straight road,no slope,2022-01-04T01:30:00Z
6226791,4.01.2022 08:30,18.05.2022 13:58,Nakhon Si Thammarat,department of highways,4-wheel pickup truck,speeding,rollover/fallen on straight road,1,0,0,clear,8.716443969,99.92659269,straight road,no slope,2022-01-04T01:30:00Z
5503327,4.01.2022 08:50,4.01.2022 19:49,Buri Ram,department of highways,4-wheel pickup truck,speeding,rollover/fallen on straight road,1,0,1,clear,15.37424914,103.0134773,straight road,no slope,2022-01-04T01:50:00Z
5837880,4.01.2022 09:00,3.03.2022 14:22,Bangkok,department of highways,4-wheel pickup truck,speeding,rear-end collision,2,0,0,clear,13.66120565,100.402666,straight road,no slope,2022-01-04T02:00:00Z