acc_code,incident_datetime,report_datetime,province_en,agency,vehicle_type,presumed_cause,accident_type,number_of_vehicles_involved,number_of_fatalities,number_of_injuries,weather_condition,latitude,longitude,road_description,slope_description,incident_time
5920015,4.01.2022 09:00,15.03.2022 10:43,Kalasin,department of highways,other,speeding,rollover/fallen on straight road,1,0,0,clear,16.92727695,103.5986709,straight road,no slope,2022-01-04T02:00:00Z
6319087,4.01.2022 09:00,6.06.2022 13:17,Bangkok,department of highways,other,speeding,rollover/fallen on straight road,1,0,0,clear,13.91860838,100.6006935,straight road,no slope,2022-01-04T02:00:00Z
6567036,4.01.2022 09:00,5.01.2022 11:27,Nakhon Si Thammarat,department of rural roads,motorcycle,speeding,other,1,0,1,clear,8.515019,99.832225,straight road,no slope,2022-01-04T02:00:00Z
6567037,4.01.2022 09:00,5.01.2022 11:27,Nakhon Si Thammarat,department of rural roads,motorcycle,speeding,other,1,0,1,clear,8.325918,99.918998,straight road,no slope,2022-01-04T02:00:00Z
5506072,4.01.2022 09:04,5.01.2022 06:08,Chiang Mai,department of highways,motorcycle,cutting in closely by people/vehicles/animals,rear-end collision,2,0,1,clear,19.86590518,99.18154477,connecting to public/commercial area,other,2022-01-04T02:04:00Z
5524047,4.01.2022 09:10,7.01.2022 09:11,Krabi,department of highways,motorcycle,cutting in closely by people/vehicles/animals,rear-end collision,2,1,0,clear,7.796441566,99.2064464,straight road,no slope,2022-01-04T02:10:00Z
5501900,4.01.2022 09:15,4.01.2022 15:09,Khon Kaen,department of highways,4-wheel pickup truck,speeding,rear-end collision,3,0,2,clear,16.07369462,102.7224898,straight road,no slope,2022-01-04T02:15:00Z
5505586,4.01.2022 09:17,5.01.2022 03:54,Samut Prakan,expressway authority of thailand,other,other,rollover/fallen on straight road,2,0,0,clear,13.586221,100.844867,straight road,other,2022-01-04T02:17:00Z
5508556,4.01.2022 09:30,5.01.2022 14:20,Sing Buri,department of highways,motorcycle,cutting in closely by people/vehicles/animals,rear-end collision,2,0,1,clear,15.01302071,100.3247988,straight road,no slope,2022-01-04T02:30:00Z
6368349,4.01.2022 09:30,14.06.2022 10:43,Roi Et,department of highways,6-wheel truck,speeding,rollover/fallen on straight road,1,0,1,clear,16.4295558,103.9146405,straight road,no slope,2022-01-04T02:30:00Z
5976404,4.01.2022 09:35,25.03.2022 14:55,Songkhla,department of highways,motorcycle,running red lights/traffic signals,rear-end collision,2,0,2,clear,7.028769991,100.6631675,straight road,no slope,2022-01-04T02:35:00Z
6239813,4.01.2022 09:46,20.05.2022 14:00,Nakhon Si Thammarat,department of highways,4-wheel pickup truck,vehicle equipment failure,rear-end collision,2,0,3,clear,8.12946727,99.67223077,straight road,no slope,2022-01-04T02:46:00Z
7330855,4.01.2022 10:00,5.01.2022 06:18,Phayao,department of highways,4-wheel pickup truck,speeding,rollover/fallen on straight road,1,0,1,clear,19.13125419,100.2649695,straight road,no slope,2022-01-04T03:00:00Z
5500936,4.01.2022 10:11,4.01.2022 12:19,Nakhon Sawan,department of highways,4-wheel pickup truck,vehicle equipment failure,rear-end collision,2,0,2,clear,15.62386342,100.577935,straight road,no slope,2022-01-04T03:11:00Z
7330847,4.01.2022 10:15,4.01.2022 11:58,Ang Thong,department of highways,private/passenger car,speeding,rear-end collision,2,0,4,clear,14.58399618,100.4534832,wide curve,no slope,2022-01-04T03:15:00Z
5506125,4.01.2022 10:20,5.01.2022 06:17,Phayao,department of highways,7-10-wheel truck,speeding,rear-end collision,2,0,1,clear,19.0862607,99.89277272,connecting to private area,other,2022-01-04T03:20:00Z
5897282,4.01.2022 10:20,12.03.2022 19:55,Tak,department of highways,motorcycle,speeding,collision with obstruction (on road surface),2,0,1,clear,16.88759211,99.17289733,straight road,no slope,2022-01-04T03:20:00Z
5501948,4.01.2022 10:30,4.01.2022 15:16,Surin,department of highways,4-wheel pickup truck,vehicle equipment failure,rollover/fallen on straight road,1,0,0,clear,14.63135641,103.9694273,straight road,no slope,2022-01-04T03:30:00Z
5506149,4.01.2022 10:30,5.01.2022 06:22,Uttaradit,department of highways,4-wheel pickup truck,speeding,rollover/fallen on curved road,1,0,0,clear,17.70940624,100.5980944,wide curve,no slope,2022-01-04T03:30:00Z
5919957,4.01.2022 10:40,15.03.2022 10:12,Mukdahan,department of highways,4-wheel pickup truck,speeding,rear-end collision,2,0,0,clear,16.52593566,104.6888441,straight road,no slope,2022-01-04T03:40:00Z
5991951,4.01.2022 10:55,28.03.2022 09:28,Pattani,department of highways,private/passenger car,speeding,rollover/fallen on straight road,1,0,0,clear,6.750077217,101.1352873,straight road,no slope,2022-01-04T03:55:00Z
5626465,4.01.2022 11:00,26.01.2022 08:27,Amnat Charoen,department of highways,4-wheel pickup truck,speeding,rollover/fallen on straight road,1,0,0,clear,15.79581269,104.633266,straight road,no slope,2022-01-04T04:00:00Z
5837905,4.01.2022 11:00,3.03.2022 14:27,Bangkok,department of highways,large truck with trailer,speeding,rear-end collision,2,0,1,clear,13.63044116,100.3972533,straight road,no slope,2022-01-04T04:00:00Z
5868090,4.01.2022 11:00,8.03.2022 11:01,Chon Buri,department of highways,motorcycle,speeding,rollover/fallen on straight road,1,0,1,clear,13.4148763,100.9987736,straight road,no slope,2022-01-04T04:00:00Z
6239800,4.01.2022 11:00,20.05.2022 14:00,Nakhon Si Thammarat,department of highways,4-wheel pickup truck,speeding,rear-end collision,2,0,0,clear,8.158920938,99.84786718,straight road,no slope,2022-01-04T04:00:00Z
6567025,4.01.2022 11:20,4.01.2022 18:47,Nonthaburi,department of rural roads,large truck with trailer,illegal overtaking,other,2,0,1,clear,13.881767,100.450454,y-intersection,other,2022-01-04T04:20:00Z
5506122,4.01.2022 11:25,5.01.2022 06:15,Trat,department of highways,motorcycle,speeding,rollover/fallen on straight road,1,0,1,clear,12.27468158,102.4925682,straight road,no slope,2022-01-04T04:25:00Z
6937915,4.01.2022 11:30,19.09.2022 14:05,Surat Thani,department of highways,4-wheel pickup truck,speeding,rollover/fallen on straight road,1,0,2,clear,8.564129079,99.34464721,straight road,no slope,2022-01-04T04:30:00Z
6567028,4.01.2022 11:40,4.01.2022 22:07,Loburi,department of rural roads,motorcycle,speeding,other,1,0,1,clear,15.024545,101.143998,straight road,no slope,2022-01-04T04:40:00Z
5503320,4.01.2022 11:50,4.01.2022 19:48,Sa Kaeo,department of highways,6-wheel truck,speeding,rear-end collision,2,0,2,clear,13.77346463,102.0906123,straight road,no slope,2022-01-04T04:50:00Z
5505938,4.01.2022 11:50,5.01.2022 05:36,Sukhothai,department of highways,4-wheel pickup truck,speeding,head-on collision (not overtaking),2,0,3,clear,17.3298282,99.50227259,straight road,no slope,2022-01-04T04:50:00Z
5614782,4.01.2022 11:52,20.01.2022 13:50,Nan,department of highways,motorcycle,speeding,rollover/fallen on straight road,1,0,1,clear,19.12975402,100.9518564,straight road,no slope,2022-01-04T04:52:00Z
5513672,4.01.2022 12:00,6.01.2022 08:41,Chiang Mai,department of highways,private/passenger car,speeding,collision with obstruction (on road surface),5,0,2,clear,18.73633746,98.95489542,straight road,no slope,2022-01-04T05:00:00Z
6950318,4.01.2022 12:00,21.09.2022 11:23,Bangkok,department of highways,4-wheel pickup truck,speeding,rear-end collision,2,0,1,clear,13.76407834,100.4071453,straight road,no slope,2022-01-04T05:00:00Z
5506029,4.01.2022 12:10,5.01.2022 05:56,Surin,department of highways,motorcycle,speeding,rear-end collision,2,1,0,clear,15.19674329,103.7807527,straight road,no slope,2022-01-04T05:10:00Z
5920048,4.01.2022 12:30,15.03.2022 11:02,Sakon Nakhon,department of highways,4-wheel pickup truck,speeding,rollover/fallen on curved road,1,0,1,clear,16.9405735,104.1772932,wide curve,no slope,2022-01-04T05:30:00Z
5739568,4.01.2022 12:34,14.02.2022 13:17,Nakhon Sawan,department of highways,motorcycle,cutting in closely by people/vehicles/animals,rear-end collision,2,1,0,clear,15.77160219,99.96124952,connecting to public/commercial area,other,2022-01-04T05:34:00Z
5889254,4.01.2022 12:50,11.03.2022 13:38,Phetchabun,department of highways,motorcycle,speeding,rear-end collision,4,1,0,clear,15.64717202,101.0422039,other,other,2022-01-04T05:50:00Z
5506051,4.01.2022 13:15,5.01.2022 06:03,Phuket,department of highways,motorcycle,speeding,rear-end collision,2,0,1,clear,7.832955515,98.34655701,straight road,no slope,2022-01-04T06:15:00Z
5920538,4.01.2022 13:21,16.03.2022 12:23,Prachuap Khiri Khan,department of highways,4-wheel pickup truck,vehicle equipment failure,rollover/fallen on straight road,1,0,1,clear,11.15774525,99.39025818,other,other,2022-01-04T06:21:00Z
5505941,4.01.2022 13:30,5.01.2022 05:37,Tak,department of highways,4-wheel pickup truck,speeding,rear-end collision,2,0,0,clear,16.66095676,98.59763055,straight road,no slope,2022-01-04T06:30:00Z
5505980,4.01.2022 13:30,5.01.2022 05:47,Pattani,department of highways,motorcycle,speeding,rear-end collision,2,0,2,clear,6.780084592,101.5956321,straight road,no slope,2022-01-04T06:30:00Z
5506118,4.01.2022 13:40,5.01.2022 06:16,Chiang Mai,department of highways,motorcycle,other,rollover/fallen on straight road,1,0,1,clear,19.57882053,98.62070559,straight road,no slope,2022-01-04T06:40:00Z
5505988,4.01.2022 13:55,5.01.2022 05:49,Pattani,department of highways,motorcycle,cutting in closely by people/vehicles/animals,rear-end collision,2,0,1,clear,6.675532848,101.1503881,straight road,no slope,2022-01-04T06:55:00Z
5505991,4.01.2022 14:00,5.01.2022 05:46,Phetchaburi,department of highways,6-wheel truck,speeding,rollover/fallen on straight road,1,0,0,clear,13.31057614,99.82572554,straight road,no slope,2022-01-04T07:00:00Z
5513496,4.01.2022 14:00,6.01.2022 08:16,Nakhon Pathom,department of highways,large truck with trailer,running red lights/traffic signals,rollover/fallen on straight road,1,0,0,clear,13.7218601,100.2987599,straight road,no slope,2022-01-04T07:00:00Z
5503400,4.01.2022 14:09,4.01.2022 20:00,Surin,department of highways,4-wheel pickup truck,vehicle equipment failure,rear-end collision,2,0,3,clear,14.62711058,103.9540475,straight road,no slope,2022-01-04T07:09:00Z
5745914,4.01.2022 14:10,15.02.2022 14:19,Saraburi,department of highways,private/passenger car,cutting in closely by people/vehicles/animals,rear-end collision,2,0,3,clear,14.58770813,101.0206309,straight road,no slope,2022-01-04T07:10:00Z
5868060,4.01.2022 14:10,8.03.2022 10:59,Chon Buri,department of highways,6-wheel truck,speeding,rear-end collision,2,0,0,clear,13.33246652,101.081737,other,other,2022-01-04T07:10:00Z
5503181,4.01.2022 14:30,4.01.2022 19:25,Si Sa Ket,department of highways,motorcycle,speeding,collision with obstruction (on road surface),2,0,2,clear,14.59226621,104.4385859,straight road,no slope,2022-01-04T07:30:00Z
5506148,4.01.2022 14:30,5.01.2022 06:21,Phitsanulok,department of highways,motorcycle,cutting in closely by people/vehicles/animals,rear-end collision,2,0,1,clear,17.385699,100.7557332,straight road,no slope,2022-01-04T07:30:00Z
5523717,4.01.2022 14:30,7.01.2022 08:26,buogkan,department of highways,motorcycle,cutting in closely by people/vehicles/animals,rear-end collision,2,0,2,clear,18.28020152,103.8717896,connecting to private area,other,2022-01-04T07:30:00Z
5503010,4.01.2022 14:35,4.01.2022 18:51,Udon Thani,department of highways,private/passenger car,speeding,rollover/fallen on straight road,1,0,1,clear,17.01306192,103.4383821,straight road,no slope,2022-01-04T07:35:00Z
5976478,4.01.2022 14:40,25.03.2022 15:13,Songkhla,department of highways,4-wheel pickup truck,speeding,rollover/fallen on straight road,1,0,3,clear,6.689521442,100.6934175,straight road,no slope,2022-01-04T07:40:00Z
5506120,4.01.2022 14:50,5.01.2022 06:15,Chiang Mai,department of highways,motorcycle,cutting in closely by people/vehicles/animals,head-on collision (not overtaking),2,1,1,clear,19.57229788,98.62801997,connecting to public/commercial area,other,2022-01-04T07:50:00Z
6566545,4.01.2022 14:50,4.01.2022 18:48,Nonthaburi,department of rural roads,large truck with trailer,dangerous curve,other,1,0,1,clear,13.926541,100.454596,wide curve,slope area,2022-01-04T07:50:00Z
5843386,4.01.2022 15:15,4.03.2022 11:24,Nonthaburi,department of highways,motorcycle,speeding,rear-end collision,2,0,1,clear,13.98348257,100.3857118,straight road,no slope,2022-01-04T08:15:00Z
5503323,4.01.2022 15:30,4.01.2022 19:46,Nakhon Ratchasima,department of highways,4-wheel pickup truck,speeding,rollover/fallen on curved road,1,0,1,clear,14.40067844,101.8626112,wide curve,no slope,2022-01-04T08:30:00Z
5506050,4.01.2022 15:30,5.01.2022 06:02,Phuket,department of highways,motorcycle,speeding,rollover/fallen on curved road,1,0,1,clear,8.08488571,98.30402522,wide curve,no slope,2022-01-04T08:30:00Z
5507796,4.01.2022 15:30,5.01.2022 12:01,Suphan Buri,department of highways,motorcycle,speeding,rollover/fallen on straight road,1,0,2,clear,14.80789035,100.2011034,straight road,no slope,2022-01-04T08:30:00Z
5874552,4.01.2022 15:30,9.03.2022 10:42,Ratchaburi,department of highways,private/passenger car,speeding,rollover/fallen on straight road,1,0,3,clear,13.47715872,99.41281287,straight road,no slope,2022-01-04T08:30:00Z
7330852,4.01.2022 15:30,20.09.2022 11:20,Lampang,department of highways,private/passenger car,speeding,rear-end collision,2,0,1,clear,18.3587667,99.54716741,straight road,no slope,2022-01-04T08:30:00Z
5506097,4.01.2022 15:40,5.01.2022 06:14,Lampang,department of highways,private/passenger car,speeding,rollover/fallen on straight road,1,0,0,clear,18.31749355,99.46330546,straight road,no slope,2022-01-04T08:40:00Z
5625498,4.01.2022 15:43,25.01.2022 15:54,Amnat Charoen,department of highways,4-wheel pickup truck,speeding,rollover/fallen on straight road,1,0,1,clear,16.09458296,104.6169904,straight road,no slope,2022-01-04T08:43:00Z
6567032,4.01.2022 16:00,5.01.2022 04:55,Sa Kaeo,department of rural roads,motorcycle,speeding,other,1,0,1,clear,13.746622,102.479488,straight road,no slope,2022-01-04T09:00:00Z
5506101,4.01.2022 16:10,5.01.2022 06:11,Lamphun,department of highways,4-wheel pickup truck,overloaded vehicle,rollover/fallen on straight road,1,0,0,clear,18.48853284,98.92389445,straight road,no slope,2022-01-04T09:10:00Z
5505981,4.01.2022 16:20,5.01.2022 05:48,Surat Thani,department of highways,large truck with trailer,speeding,rear-end collision,2,0,1,clear,8.985909657,99.21608357,straight road,no slope,2022-01-04T09:20:00Z
5506002,4.01.2022 16:30,5.01.2022 05:50,Si Sa Ket,department of highways,4-wheel pickup truck,illegal overtaking,head-on collision (not overtaking),3,0,10,clear,14.92426194,104.4020757,straight road,no slope,2022-01-04T09:30:00Z
5506143,4.01.2022 16:30,5.01.2022 06:20,Chiang Rai,department of highways,bicycle,speeding,rear-end collision,2,0,1,clear,20.05349231,100.5050942,wide curve,no slope,2022-01-04T09:30:00Z
5739535,4.01.2022 16:30,14.02.2022 13:10,Nakhon Sawan,department of highways,4-wheel pickup truck,speeding,rear-end collision,2,0,1,clear,15.73228623,99.78900342,straight road,no slope,2022-01-04T09:30:00Z
6950211,4.01.2022 16:30,21.09.2022 10:57,Bangkok,department of highways,motorcycle,driving under the influence of alcohol,rollover/fallen on straight road,1,0,1,clear,13.65669145,100.4054072,straight road,no slope,2022-01-04T09:30:00Z
5956003,4.01.2022 16:45,22.03.2022 10:17,Nakhon Si Thammarat,department of highways,private/passenger car,falling asleep,rollover/fallen on curved road,1,0,3,clear,8.648380697,99.94817911,wide curve,no slope,2022-01-04T09:45:00Z
5906795,4.01.2022 17:00,14.03.2022 15:13,Phetchabun,department of highways,motorcycle,vehicle equipment failure,rollover/fallen on straight road,1,0,1,clear,16.73690689,101.1836529,straight road,no slope,2022-01-04T10:00:00Z
5968372,4.01.2022 17:00,24.03.2022 08:54,Phatthalung,department of highways,large truck with trailer,speeding,rollover/fallen on straight road,1,0,0,rainy,7.710311217,99.99129294,straight road,no slope,2022-01-04T10:00:00Z
7330861,4.01.2022 17:20,14.09.2022 09:46,Chiang Mai,department of highways,private/passenger car,speeding,rear-end collision,2,0,1,clear,18.84426858,99.07497256,straight road,no slope,2022-01-04T10:20:00Z
5505977,4.01.2022 17:28,5.01.2022 05:46,Udon Thani,department of highways,motorcycle,cutting in closely by people/vehicles/animals,rear-end collision,2,0,0,clear,17.77475131,102.2401026,other,other,2022-01-04T10:28:00Z
5739514,4.01.2022 17:30,14.02.2022 13:08,Nakhon Sawan,department of highways,4-wheel pickup truck,speeding,rear-end collision,3,0,1,clear,15.74992643,99.7931823,straight road,no slope,2022-01-04T10:30:00Z
5503427,4.01.2022 17:35,4.01.2022 20:06,Nan,department of highways,private/passenger car,speeding,rear-end collision,3,0,1,clear,18.753063,100.7582545,straight road,no slope,2022-01-04T10:35:00Z
5506067,4.01.2022 17:35,5.01.2022 06:09,Chiang Mai,department of highways,pedestrian,speeding,pedestrian collision,1,0,1,clear,19.88820837,99.19640957,straight road,no slope,2022-01-04T10:35:00Z
6243257,4.01.2022 18:00,25.05.2022 15:14,Chiang Mai,department of highways,motorcycle,speeding,rear-end collision,2,0,1,clear,18.84548195,99.07695739,straight road,no slope,2022-01-04T11:00:00Z
5968351,4.01.2022 18:10,24.03.2022 08:47,Phatthalung,department of highways,4-wheel pickup truck,speeding,rear-end collision,2,0,2,clear,7.705258406,99.99469398,straight road,no slope,2022-01-04T11:10:00Z
5506167,4.01.2022 18:20,5.01.2022 06:25,Kanchanaburi,department of highways,private/passenger car,speeding,rear-end collision,2,0,0,clear,14.5935926,99.77618514,straight road,no slope,2022-01-04T11:20:00Z
5544045,4.01.2022 18:30,10.01.2022 14:24,Udon Thani,department of highways,6-wheel truck,vehicle equipment failure,rollover/fallen on curved road,1,0,1,clear,17.60696852,102.5381818,wide curve,slope area,2022-01-04T11:30:00Z
6567046,4.01.2022 18:30,6.01.2022 08:59,Loburi,department of rural roads,motorcycle,speeding,turning/retreating collision,1,0,1,clear,14.83165,100.976042,straight road,no slope,2022-01-04T11:30:00Z
5503324,4.01.2022 18:40,4.01.2022 19:47,Lampang,department of highways,4-wheel pickup truck,speeding,rear-end collision,2,0,1,clear,17.90523956,99.34157609,straight road,no slope,2022-01-04T11:40:00Z
5506152,4.01.2022 18:50,5.01.2022 06:24,Lamphun,department of highways,4-wheel pickup truck,speeding,rear-end collision,2,0,1,clear,18.00408549,98.877452,straight road,no slope,2022-01-04T11:50:00Z
5514975,4.01.2022 19:00,6.01.2022 09:40,Nakhon Sawan,department of highways,4-wheel pickup truck,illegal overtaking,head-on collision (not overtaking),2,2,0,clear,16.00298531,100.6299671,straight road,no slope,2022-01-04T12:00:00Z
5505984,4.01.2022 19:05,5.01.2022 05:48,Khon Kaen,department of highways,motorcycle,speeding,rear-end collision,2,0,1,clear,16.55655101,102.1036935,straight road,no slope,2022-01-04T12:05:00Z
5507777,4.01.2022 19:15,5.01.2022 11:59,Ranong,department of highways,motorcycle,speeding,rear-end collision,2,1,0,clear,9.754257555,98.59231441,straight road,no slope,2022-01-04T12:15:00Z
5513537,4.01.2022 20:00,6.01.2022 08:25,Loei,department of highways,4-wheel pickup truck,speeding,rollover/fallen on straight road,1,0,1,clear,17.15652444,101.6632828,straight road,no slope,2022-01-04T13:00:00Z
5506169,4.01.2022 20:10,5.01.2022 06:29,Saraburi,department of highways,4-wheel pickup truck,cutting in closely by people/vehicles/animals,rear-end collision,2,0,2,clear,14.40313348,100.9006262,straight road,no slope,2022-01-04T13:10:00Z
5919767,4.01.2022 20:20,15.03.2022 11:51,Maha Sarakham,department of highways,4-wheel pickup truck,speeding,rollover/fallen on curved road,1,0,1,clear,16.44202522,102.9721981,wide curve,no slope,2022-01-04T13:20:00Z
5836979,4.01.2022 20:30,3.03.2022 10:51,Bangkok,department of highways,motorcycle,speeding,rear-end collision,2,0,2,clear,13.65449687,100.3922403,straight road,no slope,2022-01-04T13:30:00Z
5506192,4.01.2022 20:45,5.01.2022 06:34,Nakhon Sawan,department of highways,4-wheel pickup truck,speeding,rollover/fallen on straight road,1,0,1,clear,15.66469562,100.0643939,straight road,no slope,2022-01-04T13:45:00Z
7330857,4.01.2022 20:50,5.01.2022 05:51,Lamphun,department of highways,private/passenger car,speeding,rollover/fallen on straight road,1,0,0,clear,18.53012101,99.01992022,straight road,no slope,2022-01-04T13:50:00Z
6567040,4.01.2022 21:19,5.01.2022 11:27,Samut Prakan,department of rural roads,motorcycle,speeding,other,2,1,0,clear,13.650995,100.541199,straight road,no slope,2022-01-04T14:19:00Z
5559163,4.01.2022 21:30,12.01.2022 14:38,Sing Buri,department of highways,large truck with trailer,speeding,rollover/fallen on curved road,1,0,1,clear,15.04657744,100.3308928,wide curve,no slope,2022-01-04T14:30:00Z
5506044,4.01.2022 22:00,5.01.2022 06:00,Krabi,department of highways,motorcycle,speeding,rear-end collision,2,0,2,clear,8.105465696,98.95252167,straight road,no slope,2022-01-04T15:00:00Z
6567034,4.01.2022 22:10,5.01.2022 11:28,Nonthaburi,department of rural roads,private/passenger car,speeding,other,1,0,1,clear,14.040902,100.293959,sharp curve,no slope,2022-01-04T15:10:00Z
5974920,4.01.2022 22:40,25.03.2022 09:09,Sa Kaeo,department of highways,large truck with trailer,speeding,other,1,0,1,clear,13.75633299,102.2838038,straight road,no slope,2022-01-04T15:40:00Z
5975270,4.01.2022 22:50,25.03.2022 10:17,Surat Thani,department of highways,private/passenger car,falling asleep,rollover/fallen on curved road,1,0,2,clear,8.641491487,99.06476943,wide curve,no slope,2022-01-04T15:50:00Z
5781697,4.01.2022 23:20,22.02.2022 08:46,Suphan Buri,department of highways,7-10-wheel truck,speeding,rollover/fallen on straight road,1,0,1,clear,14.7179187,99.52381878,straight road,no slope,2022-01-04T16:20:00Z
6004362,4.01.2022 23:30,30.03.2022 11:46,Chiang Mai,department of highways,private/passenger car,speeding,rollover/fallen on straight road,1,0,1,clear,18.80669543,99.01652186,straight road,no slope,2022-01-04T16:30:00Z
6086628,5.01.2022 00:30,13.04.2022 11:45,Chiang Rai,department of highways,6-wheel truck,falling asleep,rollover/fallen on straight road,1,0,0,clear,19.79940834,99.75275873,straight road,no slope,2022-01-04T17:30:00Z
5920304,5.01.2022 01:17,15.03.2022 14:15,Sakon Nakhon,department of highways,4-wheel pickup truck,speeding,rollover/fallen on straight road,1,0,0,clear,17.41719049,103.7278864,straight road,no slope,2022-01-04T18:17:00Z
5782281,5.01.2022 01:50,22.02.2022 10:47,Phra Nakhon Si Ayutthaya,department of highways,private/passenger car,speeding,rear-end collision,2,0,1,clear,14.48308267,100.5290705,other,other,2022-01-04T18:50:00Z
6330995,5.01.2022 02:04,8.06.2022 11:49,Chon Buri,department of highways,private/passenger car,speeding,rollover/fallen on straight road,1,0,1,clear,13.00490271,100.9941468,straight road,no slope,2022-01-04T19:04:00Z
5745912,5.01.2022 03:30,15.02.2022 14:15,Saraburi,department of highways,private/passenger car,falling asleep,rollover/fallen on straight road,1,0,0,clear,14.38148148,100.8856568,straight road,no slope,2022-01-04T20:30:00Z
5955951,5.01.2022 04:00,22.03.2022 10:08,Nakhon Ratchasima,department of highways,4-wheel pickup truck,speeding,rollover/fallen on curved road,1,0,0,clear,15.13852697,102.3122379,wide curve,no slope,2022-01-04T21:00:00Z
6567039,5.01.2022 05:47,6.01.2022 09:00,Samut Prakan,department of rural roads,motorcycle,abrupt lane change,other,2,0,1,clear,13.664065,100.538221,grade-separated intersection/ramps,other,2022-01-04T22:47:00Z
5652623,5.01.2022 09:01,1.02.2022 09:52,buogkan,department of highways,4-wheel pickup truck,speeding,rollover/fallen on straight road,1,0,0,clear,17.89964739,103.9528915,straight road,no slope,2022-01-05T02:01:00Z
5513249,5.01.2022 09:20,6.01.2022 07:05,Bangkok,expressway authority of thailand,other,other,rear-end collision,2,0,1,clear,13.75504659,100.5560582,straight road,other,2022-01-05T02:20:00Z
5975425,5.01.2022 10:15,25.03.2022 10:57,Songkhla,department of highways,4-wheel pickup truck,speeding,collision at intersection corner,3,0,2,rainy,7.784283714,100.3529486,other,other,2022-01-05T03:15:00Z
5652643,5.01.2022 10:20,1.02.2022 09:59,buogkan,department of highways,private/passenger car,speeding,rollover/fallen on straight road,1,0,0,clear,18.07422564,104.1139394,straight road,no slope,2022-01-05T03:20:00Z
5968568,5.01.2022 10:20,24.03.2022 09:50,Nakhon Ratchasima,department of highways,motorcycle,cutting in closely by people/vehicles/animals,rear-end collision,2,0,2,clear,14.89639385,101.8936631,straight road,no slope,2022-01-05T03:20:00Z
5508643,5.01.2022 10:30,5.01.2022 14:32,Nakhon Sawan,department of highways,7-10-wheel truck,speeding,rear-end collision,2,0,0,clear,15.25918474,100.3205636,other,other,2022-01-05T03:30:00Z
7514442,5.01.2022 10:30,28.12.2022 10:23,Chiang Rai,department of highways,4-wheel pickup truck,speeding,rollover/fallen on curved road,1,0,2,clear,19.07689703,99.39499496,wide curve,no slope,2022-01-05T03:30:00Z
5740028,5.01.2022 11:50,14.02.2022 14:45,Nakhon Sawan,department of highways,4-wheel pickup truck,speeding,rollover/fallen on straight road,1,1,0,clear,15.31875429,100.3115058,straight road,no slope,2022-01-05T04:50:00Z
6242407,5.01.2022 11:50,24.05.2022 14:52,Rayong,department of highways,motorcycle,cutting in closely by people/vehicles/animals,side collision,2,1,0,clear,12.63972588,101.3839871,straight road,no slope,2022-01-05T04:50:00Z
5969467,5.01.2022 12:00,24.03.2022 13:41,Surat Thani,department of highways,private/passenger car,cutting in closely by people/vehicles/animals,rear-end collision,2,0,2,clear,8.659737806,99.37536387,other,other,2022-01-05T05:00:00Z
5919855,5.01.2022 12:10,16.03.2022 09:25,Prachuap Khiri Khan,department of highways,pedestrian,speeding,pedestrian collision,1,1,0,clear,11.57539327,99.64676856,other,other,2022-01-05T05:10:00Z
6336974,5.01.2022 12:20,9.06.2022 09:17,Chanthaburi,department of highways,private/passenger car,cutting in closely by people/vehicles/animals,rear-end collision,2,0,2,clear,12.504522,102.1557981,other,other,2022-01-05T05:20:00Z
6567042,5.01.2022 12:20,6.01.2022 09:00,Kalasin,department of rural roads,large truck with trailer,speeding,other,1,0,0,clear,16.862976,103.267892,straight road,no slope,2022-01-05T05:20:00Z
5836665,5.01.2022 12:50,3.03.2022 09:54,Phra Nakhon Si Ayutthaya,department of highways,private/passenger car,speeding,rear-end collision,4,0,1,clear,14.22858234,100.7095241,straight road,no slope,2022-01-05T05:50:00Z
5920148,5.01.2022 13:15,15.03.2022 11:57,Maha Sarakham,department of highways,other,speeding,rear-end collision,2,0,2,clear,16.05084508,102.9569578,straight road,no slope,2022-01-05T06:15:00Z
6243245,5.01.2022 13:20,25.05.2022 14:58,Chon Buri,department of highways,private/passenger car,speeding,rollover/fallen on straight road,1,0,0,clear,13.38273355,101.2780827,straight road,no slope,2022-01-05T06:20:00Z
7514084,5.01.2022 13:30,28.12.2022 09:17,Chiang Rai,department of highways,4-wheel pickup truck,speeding,rollover/fallen on curved road,1,0,0,clear,20.29614598,100.3887386,wide curve,slope area,2022-01-05T06:30:00Z
6086658,5.01.2022 14:00,13.04.2022 11:51,Chiang Rai,department of highways,private/passenger car,speeding,rollover/fallen on curved road,1,0,1,clear,19.6956476,99.5808935,wide curve,no slope,2022-01-05T07:00:00Z
7330865,5.01.2022 14:00,26.04.2022 13:56,Si Sa Ket,department of highways,4-wheel pickup truck,speeding,rollover/fallen on straight road,1,0,2,clear,14.69417268,104.5765346,straight road,no slope,2022-01-05T07:00:00Z
5920729,5.01.2022 14:28,16.03.2022 11:34,buogkan,department of highways,other,speeding,rollover/fallen on straight road,1,0,0,clear,17.89234488,103.8759041,straight road,no slope,2022-01-05T07:28:00Z
5758175,5.01.2022 14:45,18.02.2022 08:09,Kanchanaburi,department of highways,large truck with trailer,speeding,head-on collision (not overtaking),3,0,0,clear,13.98204586,99.64103131,other,other,2022-01-05T07:45:00Z
5861018,5.01.2022 15:00,7.03.2022 09:51,Pathum Thani,department of highways,7-10-wheel truck,speeding,rear-end collision,2,0,0,clear,14.11265837,100.5336705,straight road,no slope,2022-01-05T08:00:00Z