acc_code,incident_datetime,report_datetime,province_en,agency,vehicle_type,presumed_cause,accident_type,number_of_vehicles_involved,number_of_fatalities,number_of_injuries,weather_condition,latitude,longitude,road_description,slope_description,incident_time
6086235,5.01.2022 15:30,13.04.2022 10:19,Uttaradit,department of highways,4-wheel pickup truck,speeding,rollover/fallen on straight road,1,0,1,clear,17.7129067,100.3489011,straight road,no slope,2022-01-05T08:30:00Z
5920746,5.01.2022 16:00,16.03.2022 12:23,Prachuap Khiri Khan,department of highways,4-wheel pickup truck,vehicle equipment failure,rollover/fallen on straight road,1,0,0,clear,11.69648356,99.70611779,straight road,no slope,2022-01-05T09:00:00Z
5919961,5.01.2022 16:18,15.03.2022 10:13,Mukdahan,department of highways,6-wheel truck,speeding,rear-end collision,2,0,4,clear,16.56481146,104.688195,wide curve,no slope,2022-01-05T09:18:00Z
5542125,5.01.2022 16:30,10.01.2022 08:09,Chumphon,department of highways,4-wheel pickup truck,speeding,rollover/fallen on straight road,1,0,0,clear,10.63203066,99.17891888,straight road,no slope,2022-01-05T09:30:00Z
6079531,5.01.2022 17:15,12.04.2022 09:53,Phitsanulok,department of highways,4-wheel pickup truck,speeding,rollover/fallen on straight road,1,0,0,clear,16.90898816,100.1889074,straight road,no slope,2022-01-05T10:15:00Z
6080550,5.01.2022 17:20,12.04.2022 13:47,Phitsanulok,department of highways,4-wheel pickup truck,debris/obstruction on the road,collision with obstruction (on road surface),2,0,1,clear,16.57402532,100.6326574,straight road,no slope,2022-01-05T10:20:00Z
5615038,5.01.2022 18:20,20.01.2022 14:22,Suphan Buri,department of highways,7-10-wheel truck,vehicle equipment failure,rear-end collision,4,0,2,clear,14.73350151,99.55248086,wide curve,slope area,2022-01-05T11:20:00Z
5919531,5.01.2022 18:40,15.03.2022 14:14,Sakon Nakhon,department of highways,motorcycle,speeding,rear-end collision,2,0,1,clear,17.42121356,103.7286991,straight road,no slope,2022-01-05T11:40:00Z
5919945,5.01.2022 18:40,15.03.2022 10:07,Loei,department of highways,other,speeding,rollover/fallen on straight road,1,0,0,clear,17.28189284,101.7582813,straight road,no slope,2022-01-05T11:40:00Z
5758269,5.01.2022 18:45,18.02.2022 08:31,Kanchanaburi,department of highways,motorized tricycle,speeding,rear-end collision,2,1,0,clear,14.156168,99.30738865,straight road,no slope,2022-01-05T11:45:00Z
7561493,5.01.2022 19:25,17.01.2023 09:59,Bangkok,department of highways,motorcycle,speeding,rear-end collision,2,0,0,clear,13.78428329,100.457367,straight road,no slope,2022-01-05T12:25:00Z
5754263,5.01.2022 19:55,17.02.2022 15:27,Kanchanaburi,department of highways,motorcycle,speeding,collision with obstruction (on road surface),2,1,0,clear,13.85986698,99.70341413,wide curve,no slope,2022-01-05T12:55:00Z
6191565,5.01.2022 20:30,12.05.2022 13:50,Phitsanulok,department of highways,private/passenger car,speeding,rollover/fallen on straight road,1,0,1,clear,16.82602612,100.4178956,straight road,no slope,2022-01-05T13:30:00Z
5975257,5.01.2022 21:50,25.03.2022 10:12,Surat Thani,department of highways,large truck with trailer,speeding,rollover/fallen on curved road,1,0,0,clear,8.632703451,99.35133933,other,other,2022-01-05T14:50:00Z
5975617,5.01.2022 22:00,25.03.2022 11:39,Yala,department of highways,4-wheel pickup truck,speeding,rollover/fallen on curved road,1,0,1,clear,5.841529723,101.1175337,wide curve,slope area,2022-01-05T15:00:00Z
6073116,5.01.2022 22:09,11.04.2022 08:45,Bangkok,department of highways,private/passenger car,speeding,rear-end collision,2,0,4,clear,13.83637407,100.67357989999999,straight road,no slope,2022-01-05T15:09:00Z
6918317,5.01.2022 22:30,16.09.2022 13:15,Nakhon Ratchasima,department of highways,van,speeding,rollover/fallen on straight road,1,0,0,clear,15.13667833,101.6210782,straight road,no slope,2022-01-05T15:30:00Z
5968487,5.01.2022 22:45,24.03.2022 09:25,Nakhon Ratchasima,department of highways,private/passenger car,speeding,rear-end collision,2,0,1,clear,14.95176621,102.0248043,straight road,no slope,2022-01-05T15:45:00Z
5776443,5.01.2022 22:50,21.02.2022 09:08,Suphan Buri,department of highways,4-wheel pickup truck,falling asleep,rollover/fallen on straight road,1,0,0,clear,14.52506654,100.1309046,straight road,no slope,2022-01-05T15:50:00Z
5551193,5.01.2022 23:02,11.01.2022 13:28,Sukhothai,department of highways,motorcycle,speeding,rear-end collision,2,1,0,clear,16.91518556,99.78675573,straight road,no slope,2022-01-05T16:02:00Z
5565209,5.01.2022 23:15,13.01.2022 11:01,Chon Buri,department of highways,large truck with trailer,speeding,rear-end collision,2,0,1,clear,13.28499788,100.9910327,straight road,no slope,2022-01-05T16:15:00Z
5897256,6.01.2022 00:20,12.03.2022 19:50,Tak,department of highways,large truck with trailer,speeding,rollover/fallen on curved road,1,0,1,clear,16.81078554,98.98162364,wide curve,slope area,2022-01-05T17:20:00Z
6099564,6.01.2022 01:18,15.04.2022 12:44,Nan,department of highways,private/passenger car,speeding,rollover/fallen on straight road,1,0,4,clear,18.68089389,100.7480541,straight road,no slope,2022-01-05T18:18:00Z
6237936,6.01.2022 02:40,20.05.2022 07:34,Samut Songkhram,department of highways,4-wheel pickup truck,speeding,rear-end collision,3,0,0,clear,13.39801356,100.0058225,straight road,no slope,2022-01-05T19:40:00Z
5906509,6.01.2022 03:30,14.03.2022 14:17,Sukhothai,department of highways,4-wheel pickup truck,speeding,rollover/fallen on straight road,1,0,1,clear,17.41645855,99.81454609,straight road,no slope,2022-01-05T20:30:00Z
5888611,6.01.2022 04:40,11.03.2022 10:48,Nakhon Pathom,department of highways,large truck with trailer,speeding,rollover/fallen on straight road,1,0,0,clear,14.02661085,100.1367491,straight road,no slope,2022-01-05T21:40:00Z
5992339,6.01.2022 05:25,28.03.2022 10:35,Songkhla,department of highways,6-wheel truck,falling asleep,rollover/fallen on curved road,1,0,1,clear,7.234503258,100.3717455,wide curve,no slope,2022-01-05T22:25:00Z
5836695,6.01.2022 05:30,3.03.2022 09:56,Phra Nakhon Si Ayutthaya,department of highways,4-wheel pickup truck,vehicle equipment failure,rollover/fallen on straight road,1,0,0,clear,14.23784308,100.7275003,straight road,no slope,2022-01-05T22:30:00Z
5869179,6.01.2022 05:45,8.03.2022 15:05,Chanthaburi,department of highways,4-wheel pickup truck,speeding,rollover/fallen on straight road,1,0,4,clear,12.64955068,102.0175838,other,other,2022-01-05T22:45:00Z
6073088,6.01.2022 05:50,11.04.2022 08:35,Phra Nakhon Si Ayutthaya,department of highways,4-wheel pickup truck,vehicle equipment failure,rollover/fallen on straight road,1,1,1,clear,14.17214129,100.6465164,straight road,no slope,2022-01-05T22:50:00Z
6055989,6.01.2022 06:00,8.04.2022 13:45,Lamphun,department of highways,4-wheel pickup truck,speeding,rollover/fallen on straight road,1,0,0,clear,18.51194412,99.09556656,straight road,no slope,2022-01-05T23:00:00Z
7291823,6.01.2022 06:29,11.11.2022 13:58,Prachin Buri,department of highways,large truck with trailer,speeding,rollover/fallen on straight road,1,0,0,clear,14.30247054,101.8724736,straight road,slope area,2022-01-05T23:29:00Z
6368346,6.01.2022 07:00,14.06.2022 10:41,Roi Et,department of highways,4-wheel pickup truck,speeding,rollover/fallen on straight road,1,1,3,clear,16.42809708,103.9084419,straight road,no slope,2022-01-06T00:00:00Z
7437870,6.01.2022 07:00,7.12.2022 09:09,Buri Ram,department of highways,4-wheel pickup truck,speeding,rear-end collision,2,0,1,clear,15.18741184,103.1948322,other,other,2022-01-06T00:00:00Z
5860984,6.01.2022 07:30,7.03.2022 09:49,Pathum Thani,department of highways,4-wheel pickup truck,speeding,rollover/fallen on straight road,1,0,0,clear,14.09702949,100.6185543,other,other,2022-01-06T00:30:00Z
5919627,6.01.2022 07:30,15.03.2022 11:55,Maha Sarakham,department of highways,4-wheel pickup truck,falling asleep,rollover/fallen on straight road,1,0,0,clear,16.27334641,102.9711628,straight road,no slope,2022-01-06T00:30:00Z
7564966,6.01.2022 08:00,20.01.2023 06:37,Bangkok,department of highways,motorcycle,speeding,rear-end collision,2,0,1,clear,13.66965,100.6260082,straight road,no slope,2022-01-06T01:00:00Z
5752689,6.01.2022 08:15,17.02.2022 10:20,Sing Buri,department of highways,large truck with trailer,cutting in closely by people/vehicles/animals,rear-end collision,2,0,0,clear,14.98528851,100.3556281,straight road,no slope,2022-01-06T01:15:00Z
5836724,6.01.2022 08:20,3.03.2022 10:00,Phra Nakhon Si Ayutthaya,department of highways,4-wheel pickup truck,speeding,rear-end collision,6,0,0,clear,14.23916119,100.7373467,wide curve,no slope,2022-01-06T01:20:00Z
6073089,6.01.2022 09:30,11.04.2022 08:39,Bangkok,department of highways,private/passenger car,speeding,rear-end collision,3,0,0,clear,13.73602662,100.702706,straight road,no slope,2022-01-06T02:30:00Z
6242420,6.01.2022 09:30,24.05.2022 15:03,Chanthaburi,department of highways,4-wheel pickup truck,speeding,head-on collision (not overtaking),2,0,2,clear,12.72138796,102.2212681,other,other,2022-01-06T02:30:00Z
5976452,6.01.2022 10:00,25.03.2022 15:05,Songkhla,department of highways,6-wheel truck,speeding,rear-end collision,2,0,3,clear,6.670559089,100.4353434,connecting to private area,other,2022-01-06T03:00:00Z
6242368,6.01.2022 10:30,24.05.2022 14:23,Ubon Ratchathani,department of highways,other,speeding,rollover/fallen on straight road,1,0,0,clear,15.52522462,105.383394,straight road,no slope,2022-01-06T03:30:00Z
6567090,6.01.2022 10:30,26.01.2022 11:49,Phra Nakhon Si Ayutthaya,department of rural roads,private/passenger car,speeding,other,1,0,1,clear,14.469887,100.749533,straight road,no slope,2022-01-06T03:30:00Z
5906209,6.01.2022 11:30,14.03.2022 13:15,Tak,department of highways,4-wheel pickup truck,speeding,rear-end collision,2,0,1,clear,16.88704543,98.57628821,straight road,no slope,2022-01-06T04:30:00Z
6092836,6.01.2022 12:10,14.04.2022 10:24,Phrae,department of highways,motorcycle,cutting in closely by people/vehicles/animals,rear-end collision,2,0,1,clear,18.33879714,100.3175515,connecting to school area,other,2022-01-06T05:10:00Z
6330993,6.01.2022 12:40,8.06.2022 11:47,Chon Buri,department of highways,6-wheel truck,speeding,rollover/fallen on straight road,1,0,0,clear,12.96637803,100.9803307,straight road,no slope,2022-01-06T05:40:00Z
6320870,6.01.2022 13:30,6.06.2022 19:32,Chon Buri,department of highways,4-wheel pickup truck,speeding,rollover/fallen on straight road,1,0,0,clear,12.96361782,100.9790298,straight road,no slope,2022-01-06T06:30:00Z
5920519,6.01.2022 14:00,16.03.2022 09:22,Nakhon Phanom,department of highways,other,speeding,rollover/fallen on straight road,1,0,0,clear,17.09411351,104.6501854,straight road,no slope,2022-01-06T07:00:00Z
5920531,6.01.2022 14:00,16.03.2022 09:23,Nakhon Phanom,department of highways,other,speeding,rollover/fallen on straight road,1,0,0,clear,17.09156003,104.6570921,straight road,no slope,2022-01-06T07:00:00Z
5969862,6.01.2022 14:00,24.03.2022 15:07,Nakhon Ratchasima,department of highways,4-wheel pickup truck,vehicle equipment failure,rollover/fallen on straight road,1,0,1,clear,14.73969852,102.1449593,straight road,no slope,2022-01-06T07:00:00Z
7330870,6.01.2022 14:00,16.03.2022 09:24,Nakhon Phanom,department of highways,other,speeding,rollover/fallen on straight road,1,0,0,clear,17.04540933,104.6679872,straight road,no slope,2022-01-06T07:00:00Z
7440887,6.01.2022 14:30,8.12.2022 08:15,Bangkok,department of highways,motorcycle,speeding,rear-end collision,2,0,1,clear,13.81147557,100.5595148,other,other,2022-01-06T07:30:00Z
5862126,6.01.2022 14:45,7.03.2022 13:53,Samut Sakhon,department of highways,4-wheel pickup truck,cutting in closely by people/vehicles/animals,rear-end collision,5,0,0,clear,13.59229994,100.3363699,straight road,no slope,2022-01-06T07:45:00Z
6567048,6.01.2022 15:30,11.01.2022 09:14,Kalasin,department of rural roads,motorcycle,speeding,other,1,0,1,clear,16.712899,103.432945,straight road,no slope,2022-01-06T08:30:00Z
6233761,6.01.2022 16:14,19.05.2022 14:57,Samut Songkhram,department of highways,4-wheel pickup truck,vehicle equipment failure,rollover/fallen on straight road,1,0,1,clear,13.3467006,99.88856165,straight road,no slope,2022-01-06T09:14:00Z
6243284,6.01.2022 16:14,25.05.2022 15:28,Narathiwat,department of highways,motorcycle,speeding,rear-end collision,2,1,0,clear,6.023799363,101.958763,straight road,no slope,2022-01-06T09:14:00Z
6073227,6.01.2022 16:30,11.04.2022 09:01,Chiang Mai,department of highways,large truck with trailer,speeding,rollover/fallen on curved road,1,0,0,clear,19.2425485,98.97006063,wide curve,no slope,2022-01-06T09:30:00Z
6169973,6.01.2022 17:30,9.05.2022 08:06,Loburi,department of highways,motorcycle,cutting in closely by people/vehicles/animals,head-on collision (not overtaking),2,0,0,clear,15.00498175,100.6717157,straight road,no slope,2022-01-06T10:30:00Z
6566997,6.01.2022 17:30,28.06.2022 09:32,buogkan,department of rural roads,motorcycle,speeding,other,2,1,0,clear,17.984719,103.794105,wide curve,no slope,2022-01-06T10:30:00Z
7330872,6.01.2022 18:00,25.05.2022 15:14,Chiang Mai,department of highways,4-wheel pickup truck,speeding,collision with obstruction (on road surface),2,0,2,clear,20.04925682,99.34605537,straight road,no slope,2022-01-06T11:00:00Z
5574101,6.01.2022 18:19,14.01.2022 15:23,Chachoengsao,department of highways,4-wheel pickup truck,speeding,rollover/fallen on straight road,1,0,0,clear,13.59710997,100.9573254,straight road,no slope,2022-01-06T11:19:00Z
6147994,6.01.2022 18:22,2.05.2022 09:52,Ubon Ratchathani,department of highways,private/passenger car,speeding,rollover/fallen on straight road,2,1,2,clear,15.32377285,104.9051535,straight road,no slope,2022-01-06T11:22:00Z
5819493,6.01.2022 18:30,28.02.2022 16:21,Surat Thani,department of highways,private/passenger car,speeding,rear-end collision,2,0,2,clear,8.709208691,99.33472572,straight road,no slope,2022-01-06T11:30:00Z
5897257,6.01.2022 18:30,12.03.2022 19:51,Kamphaeng Phet,department of highways,4-wheel pickup truck,speeding,rollover/fallen on straight road,1,1,1,clear,16.74767409,99.42953108,straight road,no slope,2022-01-06T11:30:00Z
6080043,6.01.2022 18:30,12.04.2022 12:02,Phitsanulok,department of highways,motorized tricycle,speeding,rollover/fallen on straight road,1,0,1,foggy,17.11090254,100.7966825,straight road,no slope,2022-01-06T11:30:00Z
5532390,6.01.2022 18:48,8.01.2022 15:47,Bangkok,department of highways,private/passenger car,speeding,rear-end collision,4,0,0,clear,13.74141733,100.6423241,straight road,no slope,2022-01-06T11:48:00Z
5754238,6.01.2022 19:10,17.02.2022 15:21,Kanchanaburi,department of highways,private/passenger car,speeding,rear-end collision,3,1,0,clear,14.66030686,98.60330074,straight road,no slope,2022-01-06T12:10:00Z
6073364,6.01.2022 20:30,11.04.2022 09:37,Chiang Mai,department of highways,motorcycle,speeding,rear-end collision,2,0,2,clear,19.84802152,99.17361884,straight road,no slope,2022-01-06T13:30:00Z
5551235,6.01.2022 20:40,11.01.2022 13:33,Sukhothai,department of highways,motorcycle,cutting in closely by people/vehicles/animals,collision with obstruction (on road surface),1,0,1,clear,17.00996102,99.79567675,straight road,no slope,2022-01-06T13:40:00Z
7438721,6.01.2022 21:20,7.12.2022 10:00,Suphan Buri,department of highways,4-wheel pickup truck,speeding,rear-end collision,2,0,1,clear,14.82511581,99.69380914,straight road,no slope,2022-01-06T14:20:00Z
5524152,6.01.2022 21:57,7.01.2022 09:31,Bangkok,expressway authority of thailand,other,other,rear-end collision,2,0,0,clear,13.83139328,100.5409267,straight road,other,2022-01-06T14:57:00Z
6944683,6.01.2022 22:00,20.09.2022 14:14,Kanchanaburi,department of highways,6-wheel truck,speeding,rollover/fallen on straight road,1,0,0,clear,13.97942229,99.6409723,other,other,2022-01-06T15:00:00Z
5968634,6.01.2022 22:22,24.03.2022 10:14,Nakhon Ratchasima,department of highways,4-wheel pickup truck,speeding,rollover/fallen on straight road,1,0,0,rainy,14.65344069,101.3632697,straight road,no slope,2022-01-06T15:22:00Z
7330867,6.01.2022 22:49,26.04.2022 11:52,Udon Thani,department of highways,motorcycle,speeding,rear-end collision,2,1,0,clear,17.31100535,103.2416501,straight road,no slope,2022-01-06T15:49:00Z
5574479,6.01.2022 23:02,14.01.2022 16:24,Chon Buri,department of highways,4-wheel pickup truck,vehicle equipment failure,rollover/fallen on straight road,1,0,0,clear,13.32777906,101.0170501,straight road,no slope,2022-01-06T16:02:00Z
6146579,6.01.2022 23:30,29.04.2022 09:14,Surin,department of highways,private/passenger car,speeding,rollover/fallen on straight road,1,0,2,clear,14.8739428,103.5655108,straight road,no slope,2022-01-06T16:30:00Z
5758268,6.01.2022 23:35,18.02.2022 08:30,Kanchanaburi,department of highways,7-10-wheel truck,speeding,rear-end collision,2,0,1,clear,14.1018629,99.41721974,straight road,no slope,2022-01-06T16:35:00Z
5897281,7.01.2022 01:10,12.03.2022 19:55,Tak,department of highways,4-wheel pickup truck,speeding,rollover/fallen on straight road,1,1,2,clear,17.29754318,99.14380072,straight road,no slope,2022-01-06T18:10:00Z
6242350,7.01.2022 02:00,24.05.2022 14:16,Nan,department of highways,private/passenger car,falling asleep,rollover/fallen on straight road,1,0,0,clear,19.18076252,100.8868074,straight road,no slope,2022-01-06T19:00:00Z
7291792,7.01.2022 02:00,11.11.2022 13:50,Nakhon Ratchasima,department of highways,large truck with trailer,speeding,pedestrian collision,1,0,0,clear,15.29700499,102.7032664,straight road,no slope,2022-01-06T19:00:00Z
5836568,7.01.2022 04:00,3.03.2022 09:34,Phra Nakhon Si Ayutthaya,department of highways,motorcycle,speeding,rollover/fallen on straight road,1,0,1,clear,14.35028322,100.6629583,straight road,no slope,2022-01-06T21:00:00Z
5963574,7.01.2022 06:20,23.03.2022 14:26,Phatthalung,department of highways,large truck with trailer,speeding,rear-end collision,3,0,0,clear,7.840246761,99.93969797,straight road,no slope,2022-01-06T23:20:00Z
6567053,7.01.2022 06:50,10.01.2022 15:17,Phrae,department of rural roads,motorcycle,ignoring stop sign while leaving intersection,other,2,0,1,clear,18.138906,100.183264,four-way intersection,other,2022-01-06T23:50:00Z
5932796,7.01.2022 07:00,18.03.2022 13:36,Phra Nakhon Si Ayutthaya,department of highways,private/passenger car,speeding,rollover/fallen on straight road,1,0,0,clear,14.32440826,100.4425344,straight road,no slope,2022-01-07T00:00:00Z
5776626,7.01.2022 07:45,21.02.2022 09:52,Suphan Buri,department of highways,4-wheel pickup truck,speeding,rollover/fallen on straight road,1,2,2,clear,14.69377054,100.1059654,straight road,no slope,2022-01-07T00:45:00Z
5738435,7.01.2022 08:10,14.02.2022 08:51,Ang Thong,department of highways,4-wheel pickup truck,cutting in closely by people/vehicles/animals,rear-end collision,2,0,2,clear,14.49930536,100.4585525,straight road,no slope,2022-01-07T01:10:00Z
5905544,7.01.2022 08:20,14.03.2022 10:27,Tak,department of highways,private/passenger car,speeding,rear-end collision,2,0,0,clear,16.51847329,98.70606421,wide curve,no slope,2022-01-07T01:20:00Z
5920175,7.01.2022 09:30,15.03.2022 13:19,Yasothon,department of highways,4-wheel pickup truck,speeding,rollover/fallen on straight road,1,0,0,clear,15.92088937,104.057951,straight road,no slope,2022-01-07T02:30:00Z
7440875,7.01.2022 09:30,8.12.2022 08:10,Bangkok,department of highways,motorcycle,speeding,rear-end collision,2,0,1,clear,13.76433811,100.5481308,other,other,2022-01-07T02:30:00Z
5542955,7.01.2022 09:45,10.01.2022 10:55,Bangkok,department of highways,private/passenger car,speeding,rear-end collision,5,0,0,clear,13.72940335,100.7317623,straight road,no slope,2022-01-07T02:45:00Z
6243195,7.01.2022 10:00,25.05.2022 13:59,Chiang Mai,department of highways,4-wheel pickup truck,running red lights/traffic signals,collision with obstruction (on road surface),2,0,12,clear,18.43589157,98.68687837,straight road,no slope,2022-01-07T03:00:00Z
5957159,7.01.2022 10:16,22.03.2022 14:34,Prachin Buri,department of highways,6-wheel truck,speeding,rollover/fallen on straight road,1,0,0,clear,14.2712483,101.8935719,straight road,no slope,2022-01-07T03:16:00Z
5919935,7.01.2022 12:07,15.03.2022 10:01,Loei,department of highways,motorcycle,cutting in closely by people/vehicles/animals,rear-end collision,2,0,1,clear,17.29246228,101.7759704,straight road,no slope,2022-01-07T05:07:00Z
5955949,7.01.2022 12:50,22.03.2022 10:07,Nakhon Ratchasima,department of highways,private/passenger car,speeding,rollover/fallen on straight road,1,0,3,clear,15.15210652,102.015371,straight road,no slope,2022-01-07T05:50:00Z
6942914,7.01.2022 13:10,20.09.2022 07:52,Chachoengsao,department of highways,large truck with trailer,vehicle equipment failure,collision with obstruction (on road surface),2,0,0,clear,13.70313772,101.2877548,connecting to public/commercial area,other,2022-01-07T06:10:00Z
5919539,7.01.2022 13:30,15.03.2022 10:29,Nong Bua Lam Phu,department of highways,4-wheel pickup truck,speeding,rollover/fallen on straight road,1,0,0,clear,16.97643513,102.5672409,straight road,no slope,2022-01-07T06:30:00Z
5906227,7.01.2022 14:57,14.03.2022 13:21,Sukhothai,department of highways,4-wheel pickup truck,speeding,rear-end collision,2,0,0,clear,17.52947543,99.76946353,straight road,no slope,2022-01-07T07:57:00Z
7291934,7.01.2022 15:00,11.11.2022 14:19,Nakhon Ratchasima,department of highways,large truck with trailer,speeding,rollover/fallen on straight road,1,0,0,clear,14.90710141,101.9160542,other,other,2022-01-07T08:00:00Z
5783432,7.01.2022 15:10,22.02.2022 14:44,Bangkok,department of highways,other,speeding,rollover/fallen on straight road,1,0,0,clear,13.81591578,100.7213554,straight road,no slope,2022-01-07T08:10:00Z
5783465,7.01.2022 15:10,22.02.2022 14:45,Bangkok,department of highways,other,speeding,rollover/fallen on curved road,1,0,0,clear,13.8182521,100.7242468,wide curve,no slope,2022-01-07T08:10:00Z
5783467,7.01.2022 15:10,22.02.2022 14:46,Bangkok,department of highways,other,speeding,rollover/fallen on straight road,1,0,0,clear,13.81758012,100.7230854,other,other,2022-01-07T08:10:00Z
5836635,7.01.2022 15:50,3.03.2022 09:48,Phra Nakhon Si Ayutthaya,department of highways,4-wheel pickup truck,speeding,rollover/fallen on straight road,1,0,0,clear,14.22062122,100.694595,straight road,no slope,2022-01-07T08:50:00Z
5615090,7.01.2022 16:00,20.01.2022 14:31,Kanchanaburi,department of highways,motorcycle,falling asleep,rollover/fallen on straight road,1,1,0,clear,14.68616855,99.69196914,straight road,no slope,2022-01-07T09:00:00Z
5920722,7.01.2022 16:30,16.03.2022 11:32,buogkan,department of highways,motorcycle,cutting in closely by people/vehicles/animals,rear-end collision,2,0,2,clear,18.28704222,103.8248724,connecting to public/commercial area,other,2022-01-07T09:30:00Z
5975630,7.01.2022 17:00,25.03.2022 11:41,Yala,department of highways,4-wheel pickup truck,vehicle equipment failure,rollover/fallen on straight road,1,0,4,clear,6.387321668,101.2913141,straight road,no slope,2022-01-07T10:00:00Z
6086154,7.01.2022 17:05,13.04.2022 10:02,Uttaradit,department of highways,4-wheel pickup truck,falling asleep,rollover/fallen on straight road,1,0,0,clear,17.50410942,100.1237807,straight road,no slope,2022-01-07T10:05:00Z
6144715,7.01.2022 17:30,26.04.2022 11:49,Udon Thani,department of highways,4-wheel pickup truck,speeding,rear-end collision,2,1,0,clear,17.36690492,102.8634024,straight road,no slope,2022-01-07T10:30:00Z
6226789,7.01.2022 17:50,18.05.2022 13:56,Nakhon Si Thammarat,department of highways,4-wheel pickup truck,speeding,rollover/fallen on straight road,1,0,0,rainy,8.302493929,99.91553126,straight road,no slope,2022-01-07T10:50:00Z
5992303,7.01.2022 17:55,28.03.2022 10:34,Songkhla,department of highways,6-wheel truck,speeding,rollover/fallen on curved road,1,0,0,clear,7.079242407,100.1877352,wide curve,no slope,2022-01-07T10:55:00Z
5968630,7.01.2022 19:30,24.03.2022 10:10,Nakhon Ratchasima,department of highways,private/passenger car,speeding,rollover/fallen on straight road,1,0,1,clear,14.97164909,102.052187,straight road,no slope,2022-01-07T12:30:00Z
5776440,7.01.2022 19:40,21.02.2022 09:05,Suphan Buri,department of highways,private/passenger car,cutting in closely by people/vehicles/animals,other,2,0,1,foggy,14.77622335,100.0146362,connecting to public/commercial area,other,2022-01-07T12:40:00Z
5766474,7.01.2022 20:30,19.02.2022 14:28,Phra Nakhon Si Ayutthaya,department of highways,private/passenger car,falling asleep,rollover/fallen on straight road,1,0,1,clear,14.44773506,100.6097567,straight road,no slope,2022-01-07T13:30:00Z
6319721,7.01.2022 20:30,6.06.2022 15:02,Samut Prakan,department of highways,4-wheel pickup truck,running red lights/traffic signals,other,1,0,0,clear,13.65545081,100.6719652,other,other,2022-01-07T13:30:00Z
5752600,7.01.2022 21:00,17.02.2022 09:38,Sing Buri,department of highways,4-wheel pickup truck,falling asleep,rollover/fallen on straight road,1,0,1,clear,14.92337557,100.3685215,straight road,no slope,2022-01-07T14:00:00Z
7440931,7.01.2022 21:20,8.12.2022 08:12,Bangkok,department of highways,motorcycle,speeding,rear-end collision,2,0,1,clear,13.78987642,100.5615629,straight road,no slope,2022-01-07T14:20:00Z
5581996,7.01.2022 21:22,15.01.2022 20:25,Nakhon Ratchasima,department of highways,van,speeding,rollover/fallen on curved road,1,1,0,clear,14.69309597,101.9664261,wide curve,no slope,2022-01-07T14:22:00Z
5919543,7.01.2022 22:35,16.03.2022 13:46,Phetchaburi,department of highways,motorcycle,speeding,rollover/fallen on curved road,1,0,1,clear,12.8052208,99.95114027,wide curve,no slope,2022-01-07T15:35:00Z
6147912,7.01.2022 23:20,2.05.2022 08:02,Loei,department of highways,van,speeding,rollover/fallen on straight road,1,0,2,clear,17.80861386,101.6733464,straight road,no slope,2022-01-07T16:20:00Z
7437800,8.01.2022 00:05,7.12.2022 08:58,Nakhon Sawan,department of highways,6-wheel truck,unfamiliarity with the route/unskilled driving,rollover/fallen on straight road,1,0,0,clear,15.69839044,100.1204386,other,other,2022-01-07T17:05:00Z
5550047,8.01.2022 01:10,11.01.2022 09:50,Chon Buri,department of highways,private/passenger car,speeding,rollover/fallen on straight road,1,0,0,clear,13.3156189,101.0080969,straight road,no slope,2022-01-07T18:10:00Z
5652698,8.01.2022 01:40,1.02.2022 10:06,Mukdahan,department of highways,private/passenger car,speeding,rollover/fallen on straight road,1,0,1,clear,16.79687129,104.6581998,straight road,no slope,2022-01-07T18:40:00Z
6146593,8.01.2022 03:20,29.04.2022 09:22,Surin,department of highways,4-wheel pickup truck,speeding,rollover/fallen on straight road,1,0,2,clear,14.62045618,103.8187596,straight road,no slope,2022-01-07T20:20:00Z
5919965,8.01.2022 04:30,15.03.2022 10:15,Mukdahan,department of highways,4-wheel pickup truck,speeding,rollover/fallen on straight road,1,0,1,clear,16.57495594,104.7184637,straight road,no slope,2022-01-07T21:30:00Z
6073249,8.01.2022 05:28,11.04.2022 09:07,Bangkok,department of highways,large truck with trailer,vehicle equipment failure,other,1,0,0,clear,13.77955002,100.6857303,straight road,no slope,2022-01-07T22:28:00Z
5740001,8.01.2022 07:00,14.02.2022 14:41,Nakhon Sawan,department of highways,4-wheel pickup truck,falling asleep,rollover/fallen on straight road,1,0,0,clear,15.58646702,100.4556209,straight road,no slope,2022-01-08T00:00:00Z
6073385,8.01.2022 07:45,11.04.2022 09:42,Chiang Mai,department of highways,4-wheel pickup truck,speeding,rollover/fallen on curved road,1,0,2,clear,19.0944351,99.1533467,wide curve,no slope,2022-01-08T00:45:00Z
5744950,8.01.2022 08:30,15.02.2022 10:23,Saraburi,department of highways,7-10-wheel truck,overloaded vehicle,rollover/fallen on curved road,1,0,0,clear,14.84860641,101.2870172,wide curve,slope area,2022-01-08T01:30:00Z
5565368,8.01.2022 08:51,13.01.2022 11:33,Chon Buri,department of highways,4-wheel pickup truck,speeding,rollover/fallen on straight road,1,0,0,clear,13.06729792,100.9955174,straight road,no slope,2022-01-08T01:51:00Z
6331396,8.01.2022 09:20,8.06.2022 13:32,Nakhon Si Thammarat,department of highways,motorcycle,speeding,head-on collision (not overtaking),2,0,2,rainy,8.821677646,99.91084813,straight road,no slope,2022-01-08T02:20:00Z