acc_code,incident_datetime,report_datetime,province_en,agency,vehicle_type,presumed_cause,accident_type,number_of_vehicles_involved,number_of_fatalities,number_of_injuries,weather_condition,latitude,longitude,road_description,slope_description,incident_time
6127383,8.01.2022 10:40,20.04.2022 08:07,Saraburi,department of highways,4-wheel pickup truck,speeding,rear-end collision,2,0,0,clear,14.51008694,100.9046146,straight road,no slope,2022-01-08T03:40:00Z
7437783,8.01.2022 11:15,7.12.2022 08:10,Phangnga,department of highways,4-wheel pickup truck,speeding,head-on collision (not overtaking),2,1,1,clear,8.798994145,98.37758748,wide curve,no slope,2022-01-08T04:15:00Z
7560726,8.01.2022 11:50,16.01.2023 11:35,Bangkok,department of highways,4-wheel pickup truck,cutting in closely by people/vehicles/animals,rear-end collision,2,0,1,clear,13.8223953,100.5584127,straight road,no slope,2022-01-08T04:50:00Z
5920719,8.01.2022 12:30,16.03.2022 11:32,buogkan,department of highways,4-wheel pickup truck,failure to yield/signal,rear-end collision,2,0,0,clear,18.4317668,103.4159401,connecting to private area,other,2022-01-08T05:30:00Z
5542163,8.01.2022 12:51,10.01.2022 08:17,Phra Nakhon Si Ayutthaya,department of highways,private/passenger car,speeding,rear-end collision,2,0,0,clear,14.16735098,100.6492066,straight road,no slope,2022-01-08T05:51:00Z
5531854,8.01.2022 12:53,8.01.2022 13:39,Bangkok,expressway authority of thailand,other,other,rear-end collision,2,0,0,clear,13.843308,100.636012,straight road,other,2022-01-08T05:53:00Z
5968610,8.01.2022 13:00,24.03.2022 10:08,Nakhon Ratchasima,department of highways,other,speeding,rollover/fallen on straight road,1,0,0,clear,14.64094557,101.2756795,straight road,no slope,2022-01-08T06:00:00Z
5759149,8.01.2022 13:29,18.02.2022 11:25,Suphan Buri,department of highways,6-wheel truck,speeding,rollover/fallen on straight road,1,0,0,clear,14.7543149,100.0753721,straight road,no slope,2022-01-08T06:29:00Z
6233756,8.01.2022 13:30,19.05.2022 14:55,Samut Songkhram,department of highways,4-wheel pickup truck,speeding,rear-end collision,2,0,0,clear,13.41022175,100.0220364,straight road,no slope,2022-01-08T06:30:00Z
6567050,8.01.2022 13:45,10.01.2022 15:17,Chai Nat,department of rural roads,motorcycle,illegal overtaking,other,2,1,0,clear,15.25015,100.084459,wide curve,no slope,2022-01-08T06:45:00Z
5867157,8.01.2022 14:00,8.03.2022 07:59,Rayong,department of highways,private/passenger car,speeding,other,3,0,2,clear,12.64968154,101.447255,connecting to public/commercial area,other,2022-01-08T07:00:00Z
5975131,8.01.2022 14:00,25.03.2022 09:43,Surat Thani,department of highways,4-wheel pickup truck,speeding,rollover/fallen on curved road,1,0,2,clear,8.927257595,98.94570349,wide curve,no slope,2022-01-08T07:00:00Z
5776573,8.01.2022 14:30,21.02.2022 09:36,Suphan Buri,department of highways,private/passenger car,speeding,rear-end collision,3,0,0,clear,14.40358031,100.0710431,straight road,no slope,2022-01-08T07:30:00Z
5552085,8.01.2022 14:49,11.01.2022 15:33,Chachoengsao,department of highways,4-wheel pickup truck,speeding,rear-end collision,2,0,0,clear,13.54168055,101.0068497,straight road,no slope,2022-01-08T07:49:00Z
6567054,8.01.2022 14:50,11.01.2022 15:10,Trat,department of rural roads,motorcycle,abrupt lane change,other,2,1,1,clear,12.219066,102.494887,straight road,no slope,2022-01-08T07:50:00Z
7440989,8.01.2022 15:30,8.12.2022 08:26,Bangkok,department of highways,private/passenger car,speeding,rear-end collision,2,0,0,clear,13.64452196,100.4130059,straight road,no slope,2022-01-08T08:30:00Z
6567052,8.01.2022 16:05,10.01.2022 15:16,Phrae,department of rural roads,motorcycle,speeding,other,1,0,1,clear,18.407087,100.175955,wide curve,no slope,2022-01-08T09:05:00Z
6567059,8.01.2022 16:30,3.02.2022 14:00,Nakhon Ratchasima,department of rural roads,motorcycle,speeding,other,1,1,0,clear,14.376127,101.732045,wide curve,slope area,2022-01-08T09:30:00Z
7437211,8.01.2022 17:00,7.12.2022 07:44,Phangnga,department of highways,4-wheel pickup truck,speeding,rollover/fallen on curved road,1,0,0,clear,8.316255187,98.29133569,wide curve,no slope,2022-01-08T10:00:00Z
5919612,8.01.2022 17:10,15.03.2022 11:55,Maha Sarakham,department of highways,private/passenger car,speeding,rollover/fallen on straight road,1,0,1,clear,16.07766628,103.1567502,straight road,no slope,2022-01-08T10:10:00Z
6546284,8.01.2022 17:30,13.07.2022 20:12,Krabi,department of highways,4-wheel pickup truck,speeding,rollover/fallen on curved road,1,0,0,clear,8.251258537,98.80859701,wide curve,no slope,2022-01-08T10:30:00Z
5906561,8.01.2022 17:45,14.03.2022 14:27,Sukhothai,department of highways,motorcycle,cutting in closely by people/vehicles/animals,head-on collision (not overtaking),2,0,1,clear,17.80091432,99.81186389,connecting to private area,other,2022-01-08T10:45:00Z
5543301,8.01.2022 17:50,10.01.2022 11:55,Suphan Buri,department of highways,motorcycle,cutting in closely by people/vehicles/animals,rear-end collision,2,0,2,clear,14.86775739,99.98467861,straight road,no slope,2022-01-08T10:50:00Z
5920083,8.01.2022 18:30,15.03.2022 11:13,Kalasin,department of highways,private/passenger car,running red lights/traffic signals,collision at intersection corner,2,0,4,clear,16.31887555,103.5283515,other,other,2022-01-08T11:30:00Z
6494601,8.01.2022 19:00,5.07.2022 10:26,Samut Sakhon,department of highways,4-wheel pickup truck,speeding,rollover/fallen on straight road,1,0,2,clear,13.6143288,100.346109,straight road,no slope,2022-01-08T12:00:00Z
5533944,8.01.2022 19:27,8.01.2022 21:47,Nan,department of highways,van,speeding,pedestrian collision,1,1,0,clear,19.05368329,100.8068535,other,other,2022-01-08T12:27:00Z
5906563,8.01.2022 19:48,14.03.2022 14:27,Sukhothai,department of highways,motorcycle,speeding,rear-end collision,2,0,2,clear,17.32192135,99.81804369,straight road,no slope,2022-01-08T12:48:00Z
7330874,8.01.2022 20:00,21.03.2022 11:38,Udon Thani,department of highways,4-wheel pickup truck,speeding,rear-end collision,2,0,1,clear,17.05669486,102.9200908,straight road,no slope,2022-01-08T13:00:00Z
5920300,8.01.2022 21:00,15.03.2022 14:12,Sakon Nakhon,department of highways,motorcycle,speeding,rollover/fallen on curved road,1,1,0,clear,17.32817158,103.8760865,wide curve,no slope,2022-01-08T14:00:00Z
6080446,8.01.2022 21:00,12.04.2022 13:31,Phitsanulok,department of highways,7-10-wheel truck,speeding,rollover/fallen on curved road,1,0,0,clear,17.30688511,100.4397502,wide curve,slope area,2022-01-08T14:00:00Z
6147996,8.01.2022 21:00,2.05.2022 09:51,Ubon Ratchathani,department of highways,private/passenger car,speeding,rollover/fallen on straight road,1,0,1,clear,15.274516,104.8052707,straight road,no slope,2022-01-08T14:00:00Z
5968690,8.01.2022 21:30,24.03.2022 10:25,Nakhon Ratchasima,department of highways,motorcycle,cutting in closely by people/vehicles/animals,other,2,3,2,clear,14.74879529,101.4711186,connecting to private area,other,2022-01-08T14:30:00Z
5652675,8.01.2022 22:20,1.02.2022 10:00,Amnat Charoen,department of highways,large truck with trailer,speeding,rear-end collision,2,1,0,clear,16.11674719,105.0310081,straight road,no slope,2022-01-08T15:20:00Z
5862618,8.01.2022 22:30,7.03.2022 15:03,Rayong,department of highways,4-wheel pickup truck,speeding,rollover/fallen on straight road,1,0,1,clear,12.70218571,101.1873704,straight road,no slope,2022-01-08T15:30:00Z
6331019,8.01.2022 23:27,8.06.2022 11:52,Chon Buri,department of highways,private/passenger car,speeding,rear-end collision,2,0,0,clear,13.11028703,100.9439385,straight road,no slope,2022-01-08T16:27:00Z
5708964,8.01.2022 23:30,9.02.2022 16:16,Chon Buri,department of highways,large truck with trailer,speeding,rear-end collision,2,0,2,clear,13.11082255,100.9479108,straight road,no slope,2022-01-08T16:30:00Z
6073342,8.01.2022 23:30,11.04.2022 09:33,Chiang Mai,department of highways,private/passenger car,falling asleep,rollover/fallen on straight road,1,0,1,clear,19.7933868,99.16730224,straight road,no slope,2022-01-08T16:30:00Z
5906715,8.01.2022 23:45,14.03.2022 14:55,Phetchabun,department of highways,4-wheel pickup truck,speeding,rollover/fallen on straight road,1,0,2,clear,16.73235788,101.1900473,straight road,no slope,2022-01-08T16:45:00Z
5968694,9.01.2022 00:40,24.03.2022 10:29,Nakhon Ratchasima,department of highways,private/passenger car,speeding,rollover/fallen on straight road,1,0,2,clear,14.94929919,102.0189008,straight road,no slope,2022-01-08T17:40:00Z
5920203,9.01.2022 00:45,15.03.2022 13:27,Roi Et,department of highways,4-wheel pickup truck,speeding,rollover/fallen on straight road,1,0,2,clear,16.081568270000002,103.6454487,straight road,no slope,2022-01-08T17:45:00Z
5861021,9.01.2022 01:10,7.03.2022 09:51,Phra Nakhon Si Ayutthaya,department of highways,private/passenger car,speeding,rear-end collision,2,1,0,clear,14.14621728,100.6183049,other,other,2022-01-08T18:10:00Z
7433988,9.01.2022 01:40,6.12.2022 09:55,Chanthaburi,department of highways,4-wheel pickup truck,speeding,rollover/fallen on straight road,1,0,1,clear,12.5830885,102.1577024,other,other,2022-01-08T18:40:00Z
7557864,9.01.2022 03:30,12.01.2023 11:15,Si Sa Ket,department of highways,4-wheel pickup truck,speeding,rollover/fallen on straight road,1,0,0,clear,15.11063504,104.3565371,straight road,no slope,2022-01-08T20:30:00Z
5753903,9.01.2022 05:00,17.02.2022 14:19,Kanchanaburi,department of highways,7-10-wheel truck,vehicle equipment failure,rollover/fallen on curved road,1,0,1,foggy,13.95284128,99.36756937,wide curve,no slope,2022-01-08T22:00:00Z
7330884,9.01.2022 05:00,16.03.2022 12:24,Prachuap Khiri Khan,department of highways,4-wheel pickup truck,speeding,rollover/fallen on curved road,1,1,0,clear,12.05355373,99.85283731,wide curve,no slope,2022-01-08T22:00:00Z
5881575,9.01.2022 05:30,10.03.2022 10:17,Chumphon,department of highways,4-wheel pickup truck,speeding,rollover/fallen on straight road,1,0,0,clear,10.6135717,99.17159109,straight road,no slope,2022-01-08T22:30:00Z
5758244,9.01.2022 07:10,18.02.2022 08:28,Kanchanaburi,department of highways,private/passenger car,debris/obstruction on the road,collision with obstruction (on road surface),1,0,2,clear,14.16879693,99.2850083,straight road,no slope,2022-01-09T00:10:00Z
5536790,9.01.2022 07:55,9.01.2022 10:19,Bangkok,expressway authority of thailand,other,other,collision with obstruction (on road surface),1,0,1,clear,13.796315,100.61331,straight road,other,2022-01-09T00:55:00Z
6331026,9.01.2022 08:59,8.06.2022 11:54,Bangkok,department of highways,private/passenger car,speeding,rear-end collision,5,0,0,clear,13.72960398,100.7472119,straight road,no slope,2022-01-09T01:59:00Z
5776575,9.01.2022 10:40,21.02.2022 09:39,Suphan Buri,department of highways,private/passenger car,speeding,rear-end collision,2,0,2,clear,14.45577122,100.0643027,straight road,no slope,2022-01-09T03:40:00Z
7437367,9.01.2022 11:00,7.12.2022 07:50,Phangnga,department of highways,4-wheel pickup truck,speeding,rollover/fallen on straight road,1,0,0,clear,8.243470323,98.29751282,other,other,2022-01-09T04:00:00Z
5897103,9.01.2022 11:20,12.03.2022 19:16,Kamphaeng Phet,department of highways,large truck with trailer,speeding,collision with obstruction (on road surface),1,0,0,clear,16.45320509,99.82817708,other,other,2022-01-09T04:20:00Z
6567056,9.01.2022 11:22,11.01.2022 15:10,Nong Bua Lam Phu,department of rural roads,private/passenger car,speeding,other,1,0,1,clear,17.388868,102.244252,four-way intersection,other,2022-01-09T04:22:00Z
5897260,9.01.2022 12:00,12.03.2022 19:54,Tak,department of highways,4-wheel pickup truck,speeding,rollover/fallen on straight road,1,0,1,clear,17.01690144,99.10200118,straight road,no slope,2022-01-09T05:00:00Z
6242348,9.01.2022 12:37,24.05.2022 14:16,Phayao,department of highways,private/passenger car,speeding,rollover/fallen on straight road,1,0,1,clear,19.14325005,99.91139262,straight road,no slope,2022-01-09T05:37:00Z
5920608,9.01.2022 12:45,16.03.2022 10:19,Lampang,department of highways,private/passenger car,speeding,rollover/fallen on straight road,1,0,2,clear,17.63901469,99.23954754,straight road,no slope,2022-01-09T05:45:00Z
6242104,9.01.2022 12:50,24.05.2022 09:42,Phetchabun,department of highways,private/passenger car,other,rollover/fallen on straight road,1,0,1,clear,16.26065764,101.0510445,straight road,no slope,2022-01-09T05:50:00Z
5957210,9.01.2022 13:00,22.03.2022 14:44,Prachin Buri,department of highways,7-10-wheel truck,speeding,rollover/fallen on straight road,1,0,1,clear,13.88518281,101.4061206,straight road,no slope,2022-01-09T06:00:00Z
6074460,9.01.2022 13:53,11.04.2022 13:34,Pathum Thani,department of highways,private/passenger car,speeding,rear-end collision,2,0,2,clear,13.99761232,100.7094517,straight road,no slope,2022-01-09T06:53:00Z
7291820,9.01.2022 14:50,11.11.2022 13:56,Prachin Buri,department of highways,private/passenger car,speeding,rear-end collision,2,0,0,clear,14.10061684,101.3710213,other,other,2022-01-09T07:50:00Z
7330880,9.01.2022 15:00,12.03.2022 19:52,Tak,department of highways,private/passenger car,speeding,rollover/fallen on straight road,1,0,3,clear,16.98681931,99.1191244,straight road,no slope,2022-01-09T08:00:00Z
6080042,9.01.2022 16:00,12.04.2022 12:01,Phitsanulok,department of highways,motorcycle,cutting in closely by people/vehicles/animals,rear-end collision,2,0,1,clear,16.5671561,100.6355193,other,other,2022-01-09T09:00:00Z
6073490,9.01.2022 16:28,11.04.2022 09:56,Chon Buri,department of highways,motorcycle,speeding,rollover/fallen on straight road,1,0,1,clear,12.84500988,100.9731558,straight road,no slope,2022-01-09T09:28:00Z
5543131,9.01.2022 16:30,10.01.2022 11:20,Ang Thong,department of highways,4-wheel pickup truck,speeding,rollover/fallen on straight road,1,1,1,clear,14.50249678,100.4292735,straight road,no slope,2022-01-09T09:30:00Z
6079832,9.01.2022 16:50,12.04.2022 11:10,Phitsanulok,department of highways,4-wheel pickup truck,vehicle equipment failure,rollover/fallen on straight road,1,0,0,clear,16.74055425,100.4317653,other,other,2022-01-09T09:50:00Z
5551797,9.01.2022 17:36,11.01.2022 14:50,Nakhon Sawan,department of highways,tractor/agricultural vehicle,speeding,rear-end collision,2,0,1,clear,15.67796969,99.68351482,straight road,no slope,2022-01-09T10:36:00Z
6567083,9.01.2022 17:40,25.01.2022 11:58,Phayao,department of rural roads,motorcycle,illegal overtaking,other,2,0,2,clear,19.527086,100.211152,straight road,no slope,2022-01-09T10:40:00Z
5739649,9.01.2022 17:55,14.02.2022 13:33,Nakhon Sawan,department of highways,private/passenger car,speeding,rollover/fallen on straight road,1,0,1,clear,15.69229387,100.1229948,straight road,no slope,2022-01-09T10:55:00Z
5955975,9.01.2022 18:20,22.03.2022 10:10,Nakhon Ratchasima,department of highways,private/passenger car,speeding,rear-end collision,3,2,0,clear,15.14002607,102.1051794,wide curve,slope area,2022-01-09T11:20:00Z
5744984,9.01.2022 18:45,15.02.2022 10:32,Loburi,department of highways,motorcycle,speeding,pedestrian collision,1,1,1,clear,15.32820666,101.1297887,straight road,no slope,2022-01-09T11:45:00Z
5860916,9.01.2022 19:30,7.03.2022 09:30,Phra Nakhon Si Ayutthaya,department of highways,private/passenger car,speeding,rollover/fallen on straight road,1,0,0,clear,14.14432384,100.5459389,straight road,no slope,2022-01-09T12:30:00Z
6123638,9.01.2022 19:40,19.04.2022 16:44,Nakhon Sawan,department of highways,4-wheel pickup truck,cutting in closely by people/vehicles/animals,head-on collision (not overtaking),2,0,1,clear,15.63859691,99.55674021,straight road,no slope,2022-01-09T12:40:00Z
5539964,9.01.2022 19:43,9.01.2022 21:39,Bangkok,expressway authority of thailand,other,other,collision with obstruction (on road surface),1,0,1,clear,13.75395601,100.5610262,straight road,other,2022-01-09T12:43:00Z
6243275,9.01.2022 19:58,25.05.2022 15:22,Phayao,department of highways,motorcycle,speeding,collision at intersection corner,3,1,2,clear,19.13537201,99.88652317,other,other,2022-01-09T12:58:00Z
5874357,9.01.2022 20:15,9.03.2022 09:59,Chanthaburi,department of highways,private/passenger car,speeding,rollover/fallen on straight road,1,0,4,clear,12.88453903,102.0926481,straight road,no slope,2022-01-09T13:15:00Z
6123667,9.01.2022 20:30,19.04.2022 16:54,Loburi,department of highways,4-wheel pickup truck,speeding,rear-end collision,3,0,0,clear,15.02338827,100.6869507,straight road,no slope,2022-01-09T13:30:00Z
6243253,9.01.2022 20:45,25.05.2022 15:04,Chiang Rai,department of highways,4-wheel pickup truck,speeding,rollover/fallen on straight road,1,2,1,clear,19.60405697,99.74873005,straight road,no slope,2022-01-09T13:45:00Z
6148428,9.01.2022 20:50,3.05.2022 14:58,Krabi,department of highways,4-wheel pickup truck,speeding,rear-end collision,2,0,1,clear,7.991728923,99.13105218,other,other,2022-01-09T13:50:00Z
5744974,9.01.2022 21:30,15.02.2022 10:29,Loburi,department of highways,large truck with trailer,falling asleep,rollover/fallen on straight road,1,0,0,clear,15.00507761,101.1194381,straight road,no slope,2022-01-09T14:30:00Z
5897255,9.01.2022 22:00,12.03.2022 19:53,Tak,department of highways,4-wheel pickup truck,falling asleep,rollover/fallen on straight road,1,0,1,clear,16.9264353,99.11770819,straight road,no slope,2022-01-09T15:00:00Z
6567055,9.01.2022 22:00,11.01.2022 10:56,Pathum Thani,department of rural roads,motorcycle,speeding,other,2,1,0,clear,14.168351,100.668238,straight road,no slope,2022-01-09T15:00:00Z
5776527,9.01.2022 22:15,21.02.2022 09:28,Suphan Buri,department of highways,4-wheel pickup truck,speeding,rollover/fallen on curved road,1,0,0,foggy,14.85896376,100.055902,wide curve,no slope,2022-01-09T15:15:00Z
7330878,9.01.2022 22:20,26.01.2022 16:08,Suphan Buri,department of highways,motorcycle,speeding,rollover/fallen on straight road,1,0,1,clear,14.45378429,100.1312801,straight road,no slope,2022-01-09T15:20:00Z
5782221,9.01.2022 22:30,22.02.2022 10:38,Ang Thong,department of highways,4-wheel pickup truck,speeding,rollover/fallen on straight road,1,0,0,clear,14.60124192,100.3779414,straight road,no slope,2022-01-09T15:30:00Z
6567051,9.01.2022 23:20,10.01.2022 15:16,Sukhothai,department of rural roads,private/passenger car,falling asleep,other,1,0,1,clear,16.994386,99.953059,straight road,no slope,2022-01-09T16:20:00Z
5838173,9.01.2022 23:40,3.03.2022 15:15,Pathum Thani,department of highways,motorcycle,speeding,rear-end collision,2,0,2,clear,13.92923544,100.7514497,straight road,no slope,2022-01-09T16:40:00Z
5860901,10.01.2022 00:10,7.03.2022 09:29,Pathum Thani,department of highways,4-wheel pickup truck,speeding,rollover/fallen on straight road,1,0,0,clear,13.95890895,100.5110219,straight road,no slope,2022-01-09T17:10:00Z
5931754,10.01.2022 00:10,18.03.2022 09:09,Chiang Mai,department of highways,4-wheel pickup truck,falling asleep,rollover/fallen on straight road,1,0,0,clear,18.758874,99.06314133,straight road,no slope,2022-01-09T17:10:00Z
5754213,10.01.2022 02:00,17.02.2022 15:18,Kanchanaburi,department of highways,private/passenger car,speeding,rollover/fallen on curved road,1,0,3,clear,14.04279357,99.5872557,wide curve,no slope,2022-01-09T19:00:00Z
7330885,10.01.2022 04:15,18.02.2022 10:24,Chai Nat,department of highways,motorcycle,speeding,rear-end collision,3,1,0,clear,15.22308654,100.2106172,straight road,no slope,2022-01-09T21:15:00Z
5920183,10.01.2022 05:00,15.03.2022 13:21,Yasothon,department of highways,4-wheel pickup truck,speeding,rollover/fallen on straight road,1,0,1,clear,15.63878288,104.3360424,straight road,no slope,2022-01-09T22:00:00Z
5869265,10.01.2022 07:00,8.03.2022 15:22,Chanthaburi,department of highways,private/passenger car,speeding,rollover/fallen on curved road,1,0,0,clear,12.68278053,102.0046341,other,other,2022-01-10T00:00:00Z
6243219,10.01.2022 08:10,25.05.2022 14:20,Rayong,department of highways,4-wheel pickup truck,speeding,rollover/fallen on straight road,1,0,0,clear,12.81792135,101.1367598,straight road,no slope,2022-01-10T01:10:00Z
5752679,10.01.2022 08:30,17.02.2022 10:14,Sing Buri,department of highways,motorcycle,speeding,rear-end collision,2,0,1,clear,14.80105994,100.455822,other,other,2022-01-10T01:30:00Z
5819449,10.01.2022 09:00,28.02.2022 16:12,Surat Thani,department of highways,motorcycle,speeding,rear-end collision,2,2,0,clear,8.586861279,99.04805391,straight road,no slope,2022-01-10T02:00:00Z
5906258,10.01.2022 09:00,14.03.2022 13:28,Sukhothai,department of highways,6-wheel truck,speeding,rollover/fallen on curved road,1,0,0,clear,17.64704834,99.6868944,wide curve,slope area,2022-01-10T02:00:00Z
5862348,10.01.2022 09:30,7.03.2022 14:28,Rayong,department of highways,other,speeding,rollover/fallen on straight road,1,0,0,clear,12.76262117,101.1822098,straight road,no slope,2022-01-10T02:30:00Z
5862639,10.01.2022 09:30,7.03.2022 15:07,Rayong,department of highways,other,speeding,rollover/fallen on curved road,1,0,0,clear,12.72968171,101.2122962,other,other,2022-01-10T02:30:00Z
5862669,10.01.2022 09:30,7.03.2022 15:10,Rayong,department of highways,other,speeding,rollover/fallen on straight road,1,0,0,clear,12.73991378,101.2035549,straight road,no slope,2022-01-10T02:30:00Z
5668683,10.01.2022 10:00,3.02.2022 11:12,Phra Nakhon Si Ayutthaya,department of highways,other,speeding,rollover/fallen on straight road,1,0,0,clear,14.15225383,100.2906436,straight road,no slope,2022-01-10T03:00:00Z
5920077,10.01.2022 10:00,15.03.2022 11:10,Kalasin,department of highways,large truck with trailer,overloaded vehicle,rollover/fallen on curved road,1,0,0,clear,16.63532838,103.5254145,wide curve,no slope,2022-01-10T03:00:00Z
6943282,10.01.2022 10:00,20.09.2022 09:24,Kanchanaburi,department of highways,large truck with trailer,vehicle equipment failure,rollover/fallen on curved road,1,0,1,clear,15.17004209,98.47712962,wide curve,no slope,2022-01-10T03:00:00Z
5843335,10.01.2022 10:10,4.03.2022 11:14,Phra Nakhon Si Ayutthaya,department of highways,other,speeding,rollover/fallen on straight road,1,0,0,clear,14.15006654,100.2905416,straight road,no slope,2022-01-10T03:10:00Z
5721505,10.01.2022 10:15,11.02.2022 10:11,Phra Nakhon Si Ayutthaya,department of highways,other,speeding,rollover/fallen on straight road,1,0,0,clear,14.14915625,100.2905041,straight road,no slope,2022-01-10T03:15:00Z
6117455,10.01.2022 11:00,18.04.2022 15:14,Nan,department of highways,4-wheel pickup truck,cutting in closely by people/vehicles/animals,rear-end collision,2,0,0,clear,18.79651115,100.7219455,wide curve,no slope,2022-01-10T04:00:00Z
6148425,10.01.2022 11:30,3.05.2022 14:54,Krabi,department of highways,private/passenger car,speeding,rear-end collision,4,0,0,clear,8.106408367,98.94534944,straight road,no slope,2022-01-10T04:30:00Z
5950461,10.01.2022 11:44,21.03.2022 13:32,Udon Thani,department of highways,motorcycle,speeding,rear-end collision,2,0,2,clear,17.77291741,102.2258279,straight road,no slope,2022-01-10T04:44:00Z
6145507,10.01.2022 11:45,27.04.2022 09:03,Surin,department of highways,motorcycle,speeding,rear-end collision,2,1,0,clear,14.87328694,103.5729164,straight road,no slope,2022-01-10T04:45:00Z
5919545,10.01.2022 12:00,15.03.2022 14:58,Sakon Nakhon,department of highways,private/passenger car,speeding,rear-end collision,2,0,2,clear,17.36242754,103.8315055,straight road,no slope,2022-01-10T05:00:00Z
7007594,10.01.2022 12:10,30.09.2022 10:11,Nakhon Nayok,department of highways,7-10-wheel truck,vehicle equipment failure,rollover/fallen on straight road,1,0,0,clear,14.26501477,101.0643267,other,other,2022-01-10T05:10:00Z
7440949,10.01.2022 12:30,8.12.2022 08:25,Bangkok,department of highways,private/passenger car,speeding,rear-end collision,2,0,0,clear,13.62520952,100.3929162,straight road,no slope,2022-01-10T05:30:00Z
6331016,10.01.2022 12:33,8.06.2022 11:51,Chon Buri,department of highways,private/passenger car,speeding,rear-end collision,2,0,0,clear,13.11722781,100.98176840000001,straight road,no slope,2022-01-10T05:33:00Z
5919547,10.01.2022 12:35,15.03.2022 14:56,Sakon Nakhon,department of highways,motorcycle,speeding,rear-end collision,2,0,1,clear,17.34865424,103.7006432,straight road,no slope,2022-01-10T05:35:00Z
5557624,10.01.2022 12:45,12.01.2022 10:47,Bangkok,department of highways,4-wheel pickup truck,speeding,rear-end collision,4,0,0,clear,13.7294737,100.7417589,straight road,no slope,2022-01-10T05:45:00Z
5782253,10.01.2022 13:30,22.02.2022 10:43,Phra Nakhon Si Ayutthaya,department of highways,large truck with trailer,speeding,rollover/fallen on straight road,1,0,0,clear,14.55228377,100.4990619,straight road,no slope,2022-01-10T06:30:00Z
6073366,10.01.2022 14:40,11.04.2022 09:38,Chiang Mai,department of highways,motorcycle,cutting in closely by people/vehicles/animals,rear-end collision,2,0,2,clear,19.86359195,99.17951702,other,other,2022-01-10T07:40:00Z
6149123,10.01.2022 14:50,5.05.2022 11:37,Trang,department of highways,private/passenger car,cutting in closely by people/vehicles/animals,collision at intersection corner,2,1,2,clear,7.57208021,99.35367285,other,other,2022-01-10T07:50:00Z
6943254,10.01.2022 15:10,20.09.2022 09:18,Chachoengsao,department of highways,4-wheel pickup truck,vehicle equipment failure,rollover/fallen on straight road,1,0,1,clear,13.78268383,101.3941741,straight road,no slope,2022-01-10T08:10:00Z
5906764,10.01.2022 15:30,14.03.2022 15:06,Phetchabun,department of highways,private/passenger car,speeding,rollover/fallen on curved road,1,0,0,clear,16.73542738,101.0182571,wide curve,no slope,2022-01-10T08:30:00Z
5906560,10.01.2022 16:00,14.03.2022 14:26,Sukhothai,department of highways,motorcycle,speeding,rear-end collision,2,0,1,clear,16.90481539,99.88130628,other,other,2022-01-10T09:00:00Z
5551842,10.01.2022 17:00,11.01.2022 14:57,Nakhon Pathom,department of highways,motorcycle,cutting in closely by people/vehicles/animals,head-on collision (not overtaking),2,0,1,clear,14.12454579,99.98593925,straight road,no slope,2022-01-10T10:00:00Z
5744972,10.01.2022 17:30,15.02.2022 10:28,Loburi,department of highways,7-10-wheel truck,illegal overtaking,rear-end collision,2,0,0,clear,15.32872661,101.1299765,straight road,no slope,2022-01-10T10:30:00Z
5957208,10.01.2022 18:30,22.03.2022 14:43,Prachin Buri,department of highways,private/passenger car,speeding,head-on collision (not overtaking),2,0,2,clear,14.14910163,101.3691759,connecting to public/commercial area,other,2022-01-10T11:30:00Z
5992418,10.01.2022 19:00,28.03.2022 10:50,Satun,department of highways,motorcycle,speeding,rear-end collision,2,1,3,clear,6.840708908,99.92032974,straight road,no slope,2022-01-10T12:00:00Z
5925872,10.01.2022 19:30,17.03.2022 09:53,Chiang Mai,department of highways,4-wheel pickup truck,speeding,rear-end collision,2,0,0,clear,18.20734128,98.6166796,straight road,no slope,2022-01-10T12:30:00Z
5906541,10.01.2022 20:30,14.03.2022 14:24,Sukhothai,department of highways,4-wheel pickup truck,speeding,rear-end collision,2,0,0,clear,17.21073888,99.86675261,straight road,no slope,2022-01-10T13:30:00Z
6074619,10.01.2022 20:45,11.04.2022 14:07,Pathum Thani,department of highways,large truck with trailer,speeding,rollover/fallen on straight road,1,0,0,clear,13.9627978,100.7127857,straight road,no slope,2022-01-10T13:45:00Z
5883140,10.01.2022 21:00,10.03.2022 14:46,Maha Sarakham,department of highways,large truck with trailer,speeding,rollover/fallen on straight road,1,0,0,clear,16.39315398,103.1004533,straight road,no slope,2022-01-10T14:00:00Z
6146591,10.01.2022 22:20,29.04.2022 09:19,Surin,department of highways,4-wheel pickup truck,falling asleep,rollover/fallen on curved road,1,0,0,clear,14.7947402,103.8368216,wide curve,no slope,2022-01-10T15:20:00Z
5906365,10.01.2022 23:15,14.03.2022 13:55,Sukhothai,department of highways,4-wheel pickup truck,speeding,rollover/fallen on straight road,1,0,1,clear,17.3671046,99.80452536,straight road,no slope,2022-01-10T16:15:00Z
5551670,10.01.2022 23:30,11.01.2022 14:34,Nakhon Sawan,department of highways,6-wheel truck,speeding,rear-end collision,2,0,2,clear,15.47908896,100.1386562,wide curve,no slope,2022-01-10T16:30:00Z
5782230,11.01.2022 01:30,22.02.2022 10:39,Ang Thong,department of highways,4-wheel pickup truck,falling asleep,rollover/fallen on straight road,1,0,0,clear,14.60450454,100.250912,straight road,no slope,2022-01-10T18:30:00Z