acc_code,incident_datetime,report_datetime,province_en,agency,vehicle_type,presumed_cause,accident_type,number_of_vehicles_involved,number_of_fatalities,number_of_injuries,weather_condition,latitude,longitude,road_description,slope_description,incident_time
6567057,11.01.2022 01:40,11.01.2022 10:57,Bangkok,department of rural roads,motorcycle,speeding,other,2,0,1,clear,13.681633,100.540839,wide curve,slope area,2022-01-10T18:40:00Z
5782260,11.01.2022 02:00,22.02.2022 10:41,Ang Thong,department of highways,motorcycle,speeding,rollover/fallen on straight road,1,1,0,clear,14.53315443,100.4576674,straight road,no slope,2022-01-10T19:00:00Z
7291789,11.01.2022 03:00,11.11.2022 13:51,Nakhon Ratchasima,department of highways,large truck with trailer,falling asleep,rear-end collision,5,0,0,clear,15.31607424,101.9590178,straight road,no slope,2022-01-10T20:00:00Z
5823958,11.01.2022 06:00,1.03.2022 10:54,Nonthaburi,department of highways,large truck with trailer,speeding,rollover/fallen on straight road,1,0,0,clear,13.83943159,100.4132715,straight road,no slope,2022-01-10T23:00:00Z
5955980,11.01.2022 07:40,22.03.2022 10:11,Nakhon Si Thammarat,department of highways,motorcycle,speeding,rear-end collision,2,1,1,clear,8.53698976,99.95089351,straight road,no slope,2022-01-11T00:40:00Z
7330888,11.01.2022 07:40,24.05.2022 14:51,Nakhon Sawan,department of highways,motorcycle,running red lights/traffic signals,collision with obstruction (on road surface),2,0,1,clear,15.55164783,100.1276645,other,other,2022-01-11T00:40:00Z
6073394,11.01.2022 08:09,11.04.2022 09:44,Bangkok,department of highways,private/passenger car,speeding,rollover/fallen on curved road,1,0,1,clear,13.72983327,100.7563045,wide curve,no slope,2022-01-11T01:09:00Z
5919808,11.01.2022 08:10,15.03.2022 11:10,Kalasin,department of highways,private/passenger car,speeding,rear-end collision,2,0,0,clear,16.35504931,103.5711863,straight road,no slope,2022-01-11T01:10:00Z
5549822,11.01.2022 08:17,11.01.2022 09:15,Phra Nakhon Si Ayutthaya,department of highways,private/passenger car,speeding,rear-end collision,2,0,0,clear,14.16729897,100.6490698,straight road,no slope,2022-01-11T01:17:00Z
5906538,11.01.2022 08:30,14.03.2022 14:23,Sukhothai,department of highways,motorcycle,speeding,rear-end collision,2,0,2,clear,17.0739334,99.83113287,straight road,no slope,2022-01-11T01:30:00Z
5950507,11.01.2022 08:30,21.03.2022 13:49,Udon Thani,department of highways,large truck with trailer,speeding,rollover/fallen on straight road,1,0,0,clear,17.53492571,102.763313,straight road,no slope,2022-01-11T01:30:00Z
5776549,11.01.2022 09:00,21.02.2022 09:31,Suphan Buri,department of highways,motorcycle,cutting in closely by people/vehicles/animals,rear-end collision,2,0,1,clear,14.54353713,99.99605118,straight road,no slope,2022-01-11T02:00:00Z
6144692,11.01.2022 09:00,26.04.2022 11:08,Udon Thani,department of highways,private/passenger car,speeding,rollover/fallen on straight road,1,0,1,clear,17.82773484,103.3575645,straight road,no slope,2022-01-11T02:00:00Z
7425349,11.01.2022 09:12,2.12.2022 14:13,Chai Nat,department of highways,private/passenger car,speeding,rear-end collision,2,1,0,clear,15.25869309,99.991073,straight road,no slope,2022-01-11T02:12:00Z
5925972,11.01.2022 09:20,17.03.2022 10:24,Chiang Mai,department of highways,private/passenger car,speeding,rear-end collision,5,0,0,clear,18.8614555,98.96595149,straight road,no slope,2022-01-11T02:20:00Z
7330891,11.01.2022 09:20,16.03.2022 13:56,Nakhon Phanom,department of highways,6-wheel truck,cutting in closely by people/vehicles/animals,rear-end collision,2,2,0,clear,17.95408895,104.2161637,other,other,2022-01-11T02:20:00Z
5557197,11.01.2022 09:21,12.01.2022 09:10,Bangkok,department of highways,6-wheel truck,speeding,rollover/fallen on straight road,1,0,0,clear,13.73669623,100.6694278,straight road,no slope,2022-01-11T02:21:00Z
7330898,11.01.2022 10:30,22.02.2022 13:52,Uthai Thani,department of highways,4-wheel pickup truck,speeding,rollover/fallen on straight road,1,0,0,clear,15.36365828,99.97881799,straight road,no slope,2022-01-11T03:30:00Z
5920741,11.01.2022 11:00,16.03.2022 12:24,Prachuap Khiri Khan,department of highways,other,speeding,rollover/fallen on curved road,1,0,0,clear,12.10592615,99.75486694,wide curve,no slope,2022-01-11T04:00:00Z
6086441,11.01.2022 11:00,13.04.2022 11:03,Lampang,department of highways,private/passenger car,cutting in closely by people/vehicles/animals,pedestrian collision,1,1,0,clear,18.30361566,99.47767674,straight road,no slope,2022-01-11T04:00:00Z
7437751,11.01.2022 11:00,7.12.2022 08:45,Udon Thani,department of highways,private/passenger car,speeding,rollover/fallen on straight road,1,0,1,clear,17.81930071,103.344183,straight road,no slope,2022-01-11T04:00:00Z
5776612,11.01.2022 11:20,21.02.2022 09:49,Suphan Buri,department of highways,motorcycle,cutting in closely by people/vehicles/animals,other,2,0,1,clear,14.61990078,100.0075471,connecting to public/commercial area,other,2022-01-11T04:20:00Z
5976511,11.01.2022 11:30,25.03.2022 15:19,Songkhla,department of highways,motorcycle,running red lights/traffic signals,collision with obstruction (on road surface),2,0,2,clear,6.792738483,100.4531801,straight road,no slope,2022-01-11T04:30:00Z
6086256,11.01.2022 12:20,13.04.2022 10:20,Uttaradit,department of highways,4-wheel pickup truck,speeding,rollover/fallen on curved road,1,0,0,clear,18.0141484,101.0446957,wide curve,no slope,2022-01-11T05:20:00Z
6074777,11.01.2022 14:00,11.04.2022 14:30,Pathum Thani,department of highways,4-wheel pickup truck,speeding,rollover/fallen on straight road,1,0,0,clear,14.01192077,100.7037923,straight road,no slope,2022-01-11T07:00:00Z
7515097,11.01.2022 14:45,28.12.2022 15:49,Bangkok,department of highways,private/passenger car,speeding,rear-end collision,3,0,0,clear,13.82676542,100.5579546,straight road,no slope,2022-01-11T07:45:00Z
6074714,11.01.2022 15:01,11.04.2022 14:22,Bangkok,department of highways,4-wheel pickup truck,speeding,rollover/fallen on straight road,1,0,0,clear,13.73281402,100.8075508,straight road,no slope,2022-01-11T08:01:00Z
5906534,11.01.2022 15:47,14.03.2022 14:23,Sukhothai,department of highways,motorcycle,speeding,rear-end collision,2,0,1,clear,16.91403591,99.78684424,straight road,no slope,2022-01-11T08:47:00Z
5867528,11.01.2022 16:00,8.03.2022 09:29,Trat,department of highways,large truck with trailer,speeding,rollover/fallen on curved road,1,0,0,clear,12.56887615,102.5354192,wide curve,no slope,2022-01-11T09:00:00Z
5905541,11.01.2022 16:00,14.03.2022 10:26,Tak,department of highways,4-wheel pickup truck,cutting in closely by people/vehicles/animals,rear-end collision,2,0,1,clear,16.61867439,98.60804556,straight road,no slope,2022-01-11T09:00:00Z
6144688,11.01.2022 16:00,26.04.2022 10:56,Udon Thani,department of highways,large truck with trailer,speeding,rollover/fallen on straight road,1,0,0,clear,17.32475843,103.2447991,straight road,no slope,2022-01-11T09:00:00Z
6149575,11.01.2022 16:20,5.05.2022 14:51,Amnat Charoen,department of highways,4-wheel pickup truck,speeding,rollover/fallen on straight road,1,0,1,clear,15.95650408,104.6309942,straight road,no slope,2022-01-11T09:20:00Z
7330892,11.01.2022 16:20,3.05.2022 15:01,Krabi,department of highways,4-wheel pickup truck,speeding,rollover/fallen on straight road,1,1,4,clear,8.083271132,99.00253682,straight road,no slope,2022-01-11T09:20:00Z
6086913,11.01.2022 16:30,13.04.2022 12:46,Chiang Rai,department of highways,4-wheel pickup truck,cutting in closely by people/vehicles/animals,rear-end collision,2,0,1,clear,19.68864987,100.1866168,straight road,no slope,2022-01-11T09:30:00Z
7330896,11.01.2022 16:50,3.05.2022 14:51,Krabi,department of highways,4-wheel pickup truck,speeding,rear-end collision,2,0,1,clear,8.085172509,99.00376795,straight road,no slope,2022-01-11T09:50:00Z
7514639,11.01.2022 17:20,28.12.2022 13:18,Lamphun,department of highways,private/passenger car,speeding,rollover/fallen on straight road,1,0,1,clear,18.00389673,99.02838795,straight road,no slope,2022-01-11T10:20:00Z
5956028,11.01.2022 17:30,22.03.2022 10:24,Nakhon Ratchasima,department of highways,motorcycle,speeding,head-on collision (not overtaking),2,0,1,clear,15.17220368,102.0866078,connecting to public/commercial area,other,2022-01-11T10:30:00Z
5557494,11.01.2022 17:40,12.01.2022 10:22,Suphan Buri,department of highways,4-wheel pickup truck,vehicle equipment failure,rollover/fallen on straight road,1,0,0,clear,14.85429718,100.0956631,straight road,no slope,2022-01-11T10:40:00Z
5861456,11.01.2022 18:00,7.03.2022 11:28,Samut Prakan,department of highways,motorcycle,cutting in closely by people/vehicles/animals,rear-end collision,2,1,1,clear,13.523504580000001,100.6461918,straight road,no slope,2022-01-11T11:00:00Z
6319726,11.01.2022 18:00,6.06.2022 15:03,Samut Prakan,department of highways,7-10-wheel truck,cutting in closely by people/vehicles/animals,rollover/fallen on straight road,1,0,0,clear,13.59400236,100.8087551,straight road,no slope,2022-01-11T11:00:00Z
7440937,11.01.2022 18:40,8.12.2022 08:24,Bangkok,department of highways,private/passenger car,speeding,rear-end collision,2,0,1,clear,13.66364777,100.4413864,straight road,no slope,2022-01-11T11:40:00Z
6004060,11.01.2022 18:47,30.03.2022 10:38,Chiang Mai,department of highways,private/passenger car,speeding,rear-end collision,2,0,1,clear,18.71217459,99.12438958,other,other,2022-01-11T11:47:00Z
5919564,11.01.2022 19:30,15.03.2022 11:09,Kalasin,department of highways,6-wheel truck,speeding,head-on collision (not overtaking),2,4,0,clear,16.45880507,103.4054231,straight road,no slope,2022-01-11T12:30:00Z
5906600,11.01.2022 19:55,14.03.2022 14:35,Phetchabun,department of highways,motorcycle,speeding,rear-end collision,2,0,1,clear,16.74459194,101.2177276,straight road,no slope,2022-01-11T12:55:00Z
5867096,11.01.2022 20:05,8.03.2022 07:43,Rayong,department of highways,private/passenger car,speeding,rollover/fallen on curved road,1,0,1,clear,12.77312919,101.2927168,other,other,2022-01-11T13:05:00Z
5968686,11.01.2022 21:10,24.03.2022 10:26,Surat Thani,department of highways,motorcycle,speeding,rear-end collision,2,1,0,clear,9.279833746,99.14964257,straight road,no slope,2022-01-11T14:10:00Z
7514021,11.01.2022 21:15,28.12.2022 09:17,Chiang Rai,department of highways,4-wheel pickup truck,speeding,rollover/fallen on straight road,1,0,0,clear,19.6903141,100.1801768,straight road,no slope,2022-01-11T14:15:00Z
6242440,11.01.2022 22:14,24.05.2022 15:22,Chaiyaphum,department of highways,motorcycle,speeding,collision at intersection corner,2,1,0,clear,15.41436021,101.8333697,other,other,2022-01-11T15:14:00Z
6123797,11.01.2022 22:30,19.04.2022 17:15,Saraburi,department of highways,4-wheel pickup truck,speeding,rollover/fallen on straight road,1,0,0,clear,14.79627282,101.1179334,other,other,2022-01-11T15:30:00Z
5906208,11.01.2022 22:40,14.03.2022 13:20,Sukhothai,department of highways,private/passenger car,speeding,rollover/fallen on curved road,1,0,0,clear,17.0399625,99.88203047,wide curve,no slope,2022-01-11T15:40:00Z
5920707,11.01.2022 22:40,16.03.2022 11:19,Nong Khai,department of highways,4-wheel pickup truck,falling asleep,rollover/fallen on curved road,1,0,1,clear,17.82652707,102.6035017,wide curve,no slope,2022-01-11T15:40:00Z
6949761,11.01.2022 23:30,21.09.2022 09:19,Chaiyaphum,department of highways,4-wheel pickup truck,speeding,rollover/fallen on straight road,1,0,0,clear,15.59561008,101.9058511,straight road,no slope,2022-01-11T16:30:00Z
6324679,12.01.2022 00:01,7.06.2022 11:15,Chon Buri,department of highways,private/passenger car,speeding,rollover/fallen on straight road,1,0,1,clear,13.41632169,101.0698145,straight road,no slope,2022-01-11T17:01:00Z
5897232,12.01.2022 01:15,12.03.2022 19:50,Tak,department of highways,large passenger vehicle,falling asleep,rollover/fallen on straight road,1,0,0,clear,17.04788139,99.07818316,straight road,no slope,2022-01-11T18:15:00Z
6949784,12.01.2022 02:40,21.09.2022 09:20,Chaiyaphum,department of highways,4-wheel pickup truck,speeding,rollover/fallen on straight road,1,0,0,clear,15.57822267,101.8711862,straight road,no slope,2022-01-11T19:40:00Z
5881588,12.01.2022 03:30,10.03.2022 10:22,Chumphon,department of highways,4-wheel pickup truck,speeding,rollover/fallen on curved road,1,0,1,rainy,10.82042345,99.21149968,other,other,2022-01-11T20:30:00Z
6085707,12.01.2022 04:00,13.04.2022 08:20,Uttaradit,department of highways,4-wheel pickup truck,speeding,collision with obstruction (on road surface),2,0,1,clear,17.44733831,100.23458,straight road,no slope,2022-01-11T21:00:00Z
5906601,12.01.2022 04:10,14.03.2022 14:39,Phetchabun,department of highways,4-wheel pickup truck,vehicle equipment failure,rollover/fallen on straight road,1,0,1,clear,16.69202333,101.1680746,straight road,no slope,2022-01-11T21:10:00Z
5969921,12.01.2022 04:30,24.03.2022 15:16,Nakhon Ratchasima,department of highways,4-wheel pickup truck,falling asleep,rollover/fallen on straight road,1,0,0,clear,14.73296714,102.3932084,straight road,no slope,2022-01-11T21:30:00Z
6079525,12.01.2022 05:25,12.04.2022 09:50,Phichit,department of highways,6-wheel truck,falling asleep,rollover/fallen on straight road,1,0,0,clear,16.14647342,100.1252773,straight road,no slope,2022-01-11T22:25:00Z
7309934,12.01.2022 05:40,14.11.2022 09:18,Nakhon Ratchasima,department of highways,private/passenger car,speeding,rollover/fallen on straight road,1,0,0,clear,14.94912038,102.0184877,straight road,no slope,2022-01-11T22:40:00Z
5861982,12.01.2022 06:30,7.03.2022 13:24,Khon Kaen,department of highways,private/passenger car,speeding,rollover/fallen on straight road,1,0,0,clear,16.43100422,102.7663493,straight road,no slope,2022-01-11T23:30:00Z
6331017,12.01.2022 06:38,8.06.2022 11:52,Chachoengsao,department of highways,motorcycle,speeding,rear-end collision,2,1,1,clear,13.57737129,100.9506655,straight road,no slope,2022-01-11T23:38:00Z
5559489,12.01.2022 06:50,12.01.2022 15:32,Pathum Thani,department of highways,4-wheel pickup truck,speeding,rear-end collision,2,0,0,clear,13.92709028,100.7068044,straight road,no slope,2022-01-11T23:50:00Z
6289945,12.01.2022 07:30,1.06.2022 14:41,Kalasin,department of highways,4-wheel pickup truck,cutting in closely by people/vehicles/animals,rear-end collision,2,0,4,clear,16.30973453,103.46887890000001,other,other,2022-01-12T00:30:00Z
5745904,12.01.2022 10:30,15.02.2022 14:10,Saraburi,department of highways,4-wheel pickup truck,speeding,rollover/fallen on straight road,1,0,0,clear,14.36160988,100.8770549,straight road,no slope,2022-01-12T03:30:00Z
5906536,12.01.2022 10:50,14.03.2022 14:20,Sukhothai,department of highways,4-wheel pickup truck,speeding,rear-end collision,2,0,0,clear,17.25367482,99.85684185,straight road,no slope,2022-01-12T03:50:00Z
5976507,12.01.2022 11:00,25.03.2022 15:15,Songkhla,department of highways,passenger pickup truck,falling asleep,rollover/fallen on straight road,1,0,0,clear,6.67706466,100.4373792,straight road,no slope,2022-01-12T04:00:00Z
6567070,12.01.2022 12:02,31.01.2022 15:31,Mae Hong Son,department of rural roads,motorcycle,speeding,other,2,0,1,clear,19.526446,97.936451,straight road,no slope,2022-01-12T05:02:00Z
5975035,12.01.2022 12:20,25.03.2022 09:34,Surat Thani,department of highways,private/passenger car,falling asleep,collision with obstruction (on road surface),2,0,0,clear,8.848192091,99.18001054,connecting to private area,other,2022-01-12T05:20:00Z
5897134,12.01.2022 12:30,12.03.2022 19:28,Kamphaeng Phet,department of highways,motorcycle,speeding,rear-end collision,2,1,1,clear,16.48079186,99.5494151,straight road,no slope,2022-01-12T05:30:00Z
5906710,12.01.2022 12:30,14.03.2022 14:56,Phetchabun,department of highways,motorcycle,speeding,rear-end collision,2,0,0,clear,16.77031609,101.2263965,straight road,no slope,2022-01-12T05:30:00Z
6319713,12.01.2022 12:30,6.06.2022 15:03,Samut Prakan,department of highways,6-wheel truck,speeding,rear-end collision,5,0,0,clear,13.59555617,100.7530859,straight road,no slope,2022-01-12T05:30:00Z
5968672,12.01.2022 13:00,24.03.2022 10:24,Surat Thani,department of highways,motorcycle,speeding,rear-end collision,2,1,1,clear,9.387990973,99.1711968,straight road,no slope,2022-01-12T06:00:00Z
5968691,12.01.2022 13:20,24.03.2022 10:28,Nakhon Ratchasima,department of highways,6-wheel truck,speeding,rear-end collision,2,0,0,clear,14.63115658,101.2207424,straight road,no slope,2022-01-12T06:20:00Z
6242385,12.01.2022 13:20,24.05.2022 14:33,Pattani,department of highways,private/passenger car,speeding,rollover/fallen on straight road,1,0,2,clear,6.814212846,101.0899767,straight road,no slope,2022-01-12T06:20:00Z
7330906,12.01.2022 13:20,14.03.2022 14:44,Phetchabun,department of highways,4-wheel pickup truck,speeding,head-on collision (not overtaking),2,0,1,clear,16.82726872,101.2550184,other,other,2022-01-12T06:20:00Z
5738738,12.01.2022 13:30,14.02.2022 10:04,Nakhon Sawan,department of highways,4-wheel pickup truck,cutting in closely by people/vehicles/animals,rear-end collision,2,0,3,clear,15.43297403,100.142135,wide curve,no slope,2022-01-12T06:30:00Z
5992409,12.01.2022 13:30,28.03.2022 10:49,Songkhla,department of highways,4-wheel pickup truck,speeding,rollover/fallen on straight road,1,0,0,clear,7.10953492,100.2159253,straight road,no slope,2022-01-12T06:30:00Z
5867970,12.01.2022 14:50,8.03.2022 10:35,Chon Buri,department of highways,private/passenger car,speeding,rollover/fallen on curved road,1,0,0,clear,13.2824788,101.2254685,wide curve,no slope,2022-01-12T07:50:00Z
5897227,12.01.2022 15:00,12.03.2022 19:46,Tak,department of highways,4-wheel pickup truck,vehicle equipment failure,rear-end collision,2,0,0,clear,16.79603676,99.15637492,straight road,no slope,2022-01-12T08:00:00Z
5862122,12.01.2022 16:40,7.03.2022 13:50,Samut Sakhon,department of highways,6-wheel truck,falling asleep,rear-end collision,5,0,0,clear,13.52440168,100.1841464,straight road,no slope,2022-01-12T09:40:00Z
5950483,12.01.2022 17:17,21.03.2022 13:38,Udon Thani,department of highways,motorcycle,cutting in closely by people/vehicles/animals,rear-end collision,2,0,1,clear,17.76656501,102.1619215,straight road,no slope,2022-01-12T10:17:00Z
5867135,12.01.2022 17:30,8.03.2022 07:52,Chon Buri,department of highways,large truck with trailer,cutting in closely by people/vehicles/animals,collision at intersection corner,4,0,5,clear,13.07392116,101.261453,other,other,2022-01-12T10:30:00Z
5881610,12.01.2022 17:40,10.03.2022 10:26,Chumphon,department of highways,private/passenger car,running red lights/traffic signals,rear-end collision,3,0,2,clear,10.68189222,99.2031741,other,other,2022-01-12T10:40:00Z
5572147,12.01.2022 18:05,14.01.2022 09:07,Chon Buri,department of highways,private/passenger car,speeding,rear-end collision,2,0,0,clear,13.32108961,101.0123348,straight road,no slope,2022-01-12T11:05:00Z
6567064,12.01.2022 18:20,18.01.2022 11:07,Udon Thani,department of rural roads,motorcycle,speeding,other,2,1,4,clear,17.988162,102.201848,straight road,no slope,2022-01-12T11:20:00Z
5897228,12.01.2022 19:00,12.03.2022 19:47,Kamphaeng Phet,department of highways,motorcycle,speeding,head-on collision (not overtaking),2,1,0,clear,16.6795675,99.60994719,straight road,no slope,2022-01-12T12:00:00Z
7330901,12.01.2022 19:00,24.05.2022 14:17,Phayao,department of highways,private/passenger car,speeding,rear-end collision,2,0,6,clear,19.18528189,100.2927813,straight road,no slope,2022-01-12T12:00:00Z
5565881,12.01.2022 19:25,13.01.2022 13:30,Suphan Buri,department of highways,motorcycle,speeding,rollover/fallen on straight road,1,0,1,clear,14.70183146,100.1022801,straight road,no slope,2022-01-12T12:25:00Z
7330904,12.01.2022 19:55,18.01.2022 14:41,Phatthalung,department of highways,large truck with trailer,speeding,rear-end collision,2,1,0,clear,7.603219181,100.0361717,straight road,no slope,2022-01-12T12:55:00Z
6117454,12.01.2022 20:00,18.04.2022 15:13,Nan,department of highways,motorcycle,speeding,head-on collision (not overtaking),2,2,0,clear,18.86234132,100.6128654,wide curve,slope area,2022-01-12T13:00:00Z
5919821,12.01.2022 20:10,15.03.2022 11:05,Kalasin,department of highways,motorcycle,speeding,head-on collision (not overtaking),2,1,0,clear,16.26284115,103.7362575,straight road,no slope,2022-01-12T13:10:00Z
5838209,12.01.2022 20:45,3.03.2022 15:20,Pathum Thani,department of highways,4-wheel pickup truck,speeding,rear-end collision,2,0,0,clear,13.92728553,100.7513988,straight road,no slope,2022-01-12T13:45:00Z
7440939,12.01.2022 21:02,8.12.2022 08:22,Bangkok,department of highways,private/passenger car,speeding,rear-end collision,2,0,1,clear,13.67609513,100.4626161,straight road,no slope,2022-01-12T14:02:00Z
5688568,12.01.2022 23:15,6.02.2022 16:00,Nakhon Sawan,department of highways,4-wheel pickup truck,cutting in closely by people/vehicles/animals,rear-end collision,2,0,1,clear,15.50662169,100.12517,straight road,no slope,2022-01-12T16:15:00Z
6319089,12.01.2022 23:20,6.06.2022 13:17,Bangkok,department of highways,private/passenger car,speeding,rollover/fallen on straight road,1,0,0,clear,13.92088379,100.6019702,straight road,no slope,2022-01-12T16:20:00Z
5564187,13.01.2022 00:05,13.01.2022 08:14,Pathum Thani,department of highways,private/passenger car,speeding,rear-end collision,2,0,0,clear,13.99680813,100.7100445,straight road,no slope,2022-01-12T17:05:00Z
5776696,13.01.2022 00:10,21.02.2022 10:06,Suphan Buri,department of highways,4-wheel pickup truck,speeding,head-on collision (not overtaking),2,0,0,foggy,14.87171078,99.84971522,straight road,no slope,2022-01-12T17:10:00Z
5688513,13.01.2022 00:30,6.02.2022 15:49,Sing Buri,department of highways,large truck with trailer,speeding,rear-end collision,2,0,1,clear,15.01076164,100.3423512,straight road,no slope,2022-01-12T17:30:00Z
5842735,13.01.2022 00:30,4.03.2022 09:02,Pathum Thani,department of highways,4-wheel pickup truck,speeding,rear-end collision,2,0,0,clear,13.9348742,100.7464984,other,other,2022-01-12T17:30:00Z
5897197,13.01.2022 01:00,12.03.2022 19:44,Tak,department of highways,large truck with trailer,speeding,rear-end collision,2,0,1,clear,16.69498301,99.25203322,straight road,no slope,2022-01-12T18:00:00Z
6918255,13.01.2022 01:00,16.09.2022 13:11,Chaiyaphum,department of highways,private/passenger car,speeding,rollover/fallen on straight road,1,0,1,clear,15.90573269,102.018131,straight road,no slope,2022-01-12T18:00:00Z
6010532,13.01.2022 02:15,31.03.2022 13:40,Samut Prakan,department of highways,large truck with trailer,speeding,rear-end collision,2,0,0,clear,13.70092012,100.8246311,straight road,no slope,2022-01-12T19:15:00Z
6146193,13.01.2022 04:00,28.04.2022 08:31,Khon Kaen,department of highways,7-10-wheel truck,speeding,rollover/fallen on straight road,1,0,1,clear,16.0617405,102.7052298,straight road,no slope,2022-01-12T21:00:00Z
5969861,13.01.2022 06:00,24.03.2022 15:07,Phra Nakhon Si Ayutthaya,department of highways,large truck with trailer,vehicle equipment failure,rollover/fallen on straight road,1,0,0,clear,14.51946327,100.5105311,straight road,no slope,2022-01-12T23:00:00Z
6331023,13.01.2022 06:27,8.06.2022 11:53,Chon Buri,department of highways,private/passenger car,speeding,collision with obstruction (on road surface),1,0,0,clear,13.05279148,100.9962791,straight road,no slope,2022-01-12T23:27:00Z
5992069,13.01.2022 06:30,28.03.2022 09:51,Narathiwat,department of highways,private/passenger car,speeding,rollover/fallen on curved road,1,0,0,clear,5.906754704,101.7584449,wide curve,no slope,2022-01-12T23:30:00Z
5919860,13.01.2022 08:10,16.03.2022 12:35,Prachuap Khiri Khan,department of highways,4-wheel pickup truck,cutting in closely by people/vehicles/animals,rear-end collision,6,0,0,clear,12.24338888,99.87118898,straight road,no slope,2022-01-13T01:10:00Z
6079528,13.01.2022 09:00,12.04.2022 09:52,Phichit,department of highways,large truck with trailer,falling asleep,rollover/fallen on straight road,1,0,0,clear,16.43030702,100.1446912,straight road,no slope,2022-01-13T02:00:00Z
6772063,13.01.2022 09:00,23.08.2022 14:49,Maha Sarakham,department of highways,other,speeding,rollover/fallen on straight road,1,0,0,clear,16.05463934,103.0113289,straight road,no slope,2022-01-13T02:00:00Z
5897230,13.01.2022 09:10,12.03.2022 19:48,Tak,department of highways,4-wheel pickup truck,vehicle equipment failure,rollover/fallen on straight road,1,0,0,clear,17.26246572,99.13444518,straight road,no slope,2022-01-13T02:10:00Z
6010445,13.01.2022 09:30,31.03.2022 13:25,Pathum Thani,department of highways,other,speeding,rollover/fallen on straight road,1,0,0,clear,14.01824191,100.7005548,straight road,no slope,2022-01-13T02:30:00Z
5776787,13.01.2022 10:00,21.02.2022 10:31,Suphan Buri,department of highways,other,speeding,rollover/fallen on straight road,1,0,0,clear,14.44448051,100.13275,other,other,2022-01-13T03:00:00Z
6243246,13.01.2022 12:00,25.05.2022 14:59,Chon Buri,department of highways,other,speeding,rollover/fallen on straight road,1,0,0,clear,13.10886855,100.9279284,other,other,2022-01-13T05:00:00Z
6147904,13.01.2022 12:20,2.05.2022 07:31,Kamphaeng Phet,department of highways,motorcycle,speeding,rear-end collision,2,0,1,clear,16.27375837,99.6826887,straight road,no slope,2022-01-13T05:20:00Z
5862667,13.01.2022 12:25,7.03.2022 15:13,Rayong,department of highways,4-wheel pickup truck,vehicle equipment failure,rollover/fallen on straight road,1,0,1,clear,13.00384951,101.481885,straight road,no slope,2022-01-13T05:25:00Z
5906512,13.01.2022 13:20,14.03.2022 14:18,Sukhothai,department of highways,private/passenger car,speeding,rear-end collision,2,0,1,clear,17.16822351,99.86473559,straight road,no slope,2022-01-13T06:20:00Z
5975057,13.01.2022 13:30,25.03.2022 09:35,Sa Kaeo,department of highways,4-wheel pickup truck,speeding,rear-end collision,2,0,5,clear,13.77216209,102.1470192,straight road,no slope,2022-01-13T06:30:00Z
7424894,13.01.2022 14:10,2.12.2022 11:35,Khon Kaen,department of highways,private/passenger car,speeding,rollover/fallen on straight road,1,0,1,clear,16.16246711,102.5540712,straight road,no slope,2022-01-13T07:10:00Z
5867099,13.01.2022 14:30,8.03.2022 07:44,Rayong,department of highways,private/passenger car,speeding,rollover/fallen on straight road,1,0,0,clear,12.74759214,101.196844,straight road,no slope,2022-01-13T07:30:00Z
5905540,13.01.2022 15:00,14.03.2022 10:25,Tak,department of highways,4-wheel pickup truck,speeding,rollover/fallen on straight road,1,0,1,clear,16.6336836,98.59924792,straight road,no slope,2022-01-13T08:00:00Z
5919580,13.01.2022 15:00,15.03.2022 10:17,Yasothon,department of highways,4-wheel pickup truck,speeding,rollover/fallen on straight road,1,0,0,clear,16.16600677,104.5774922,straight road,no slope,2022-01-13T08:00:00Z
5968779,13.01.2022 15:00,24.03.2022 10:49,Nakhon Ratchasima,department of highways,4-wheel pickup truck,speeding,rollover/fallen on straight road,1,0,0,clear,14.84089317,101.6112238,straight road,no slope,2022-01-13T08:00:00Z
7330912,13.01.2022 15:00,21.02.2022 10:04,Suphan Buri,department of highways,motorcycle,cutting in closely by people/vehicles/animals,collision at intersection corner,2,0,1,clear,14.43318922,99.9985054,other,other,2022-01-13T08:00:00Z
7330917,13.01.2022 15:00,8.06.2022 11:45,Chon Buri,department of highways,motorcycle,speeding,other,1,1,0,clear,13.11737409,100.9825408,straight road,no slope,2022-01-13T08:00:00Z
7560761,13.01.2022 15:19,16.01.2023 13:16,Bangkok,department of highways,motorcycle,speeding,rear-end collision,2,0,1,clear,13.81328065,100.5593742,straight road,no slope,2022-01-13T08:19:00Z
5881681,13.01.2022 15:30,10.03.2022 10:44,Chumphon,department of highways,private/passenger car,speeding,rollover/fallen on straight road,1,0,5,clear,10.73896885,99.20625059,straight road,no slope,2022-01-13T08:30:00Z
6239805,13.01.2022 15:30,20.05.2022 14:00,Nakhon Si Thammarat,department of highways,6-wheel truck,vehicle equipment failure,other,1,0,0,clear,8.167395801,99.65293227,straight road,no slope,2022-01-13T08:30:00Z