acc_code,incident_datetime,report_datetime,province_en,agency,vehicle_type,presumed_cause,accident_type,number_of_vehicles_involved,number_of_fatalities,number_of_injuries,weather_condition,latitude,longitude,road_description,slope_description,incident_time
5897204,13.01.2022 16:00,12.03.2022 19:44,Sukhothai,department of highways,4-wheel pickup truck,speeding,collision with obstruction (on road surface),2,0,0,clear,17.00598542,99.5691347,straight road,no slope,2022-01-13T09:00:00Z
5781682,13.01.2022 16:30,22.02.2022 08:43,Suphan Buri,department of highways,4-wheel pickup truck,speeding,rollover/fallen on straight road,1,1,2,clear,14.29905793,100.0593808,straight road,no slope,2022-01-13T09:30:00Z
7330909,13.01.2022 16:30,7.03.2022 10:37,Nan,department of highways,van,unfamiliarity with the route/unskilled driving,rear-end collision,2,0,6,clear,19.15193852,101.1426687,wide curve,slope area,2022-01-13T09:30:00Z
5919585,13.01.2022 16:55,15.03.2022 10:24,Mukdahan,department of highways,motorcycle,cutting in closely by people/vehicles/animals,rear-end collision,2,1,0,clear,16.56909966,104.6958178,other,other,2022-01-13T09:55:00Z
6148421,13.01.2022 17:15,3.05.2022 14:50,Krabi,department of highways,private/passenger car,speeding,rollover/fallen on curved road,1,0,0,clear,8.087379263,98.88005106,wide curve,no slope,2022-01-13T10:15:00Z
6149548,13.01.2022 18:44,5.05.2022 14:50,Amnat Charoen,department of highways,4-wheel pickup truck,speeding,rear-end collision,3,0,0,clear,15.85952049,104.5197522,straight road,no slope,2022-01-13T11:44:00Z
6004987,13.01.2022 18:50,30.03.2022 14:14,Chon Buri,department of highways,large truck with trailer,speeding,rollover/fallen on straight road,1,0,0,clear,13.1173114,100.9820124,straight road,no slope,2022-01-13T11:50:00Z
5968769,13.01.2022 19:30,24.03.2022 10:48,Nakhon Ratchasima,department of highways,large truck with trailer,vehicle equipment failure,other,1,0,0,clear,14.65806746,101.3425523,straight road,no slope,2022-01-13T12:30:00Z
6897349,13.01.2022 19:50,13.09.2022 14:40,Nakhon Ratchasima,department of highways,private/passenger car,speeding,rollover/fallen on straight road,1,0,1,clear,14.94929919,102.0189008,straight road,no slope,2022-01-13T12:50:00Z
5905539,13.01.2022 21:30,14.03.2022 10:25,Tak,department of highways,4-wheel pickup truck,speeding,rear-end collision,2,0,1,clear,16.65074745,98.5975313,straight road,no slope,2022-01-13T14:30:00Z
5920365,13.01.2022 21:30,15.03.2022 14:53,Sakon Nakhon,department of highways,private/passenger car,speeding,rear-end collision,2,0,2,clear,17.69935674,103.676117,straight road,no slope,2022-01-13T14:30:00Z
7330915,13.01.2022 21:30,21.03.2022 10:28,Maha Sarakham,department of highways,large truck with trailer,speeding,other,4,2,2,clear,16.44228762,102.9812023,connecting to private area,other,2022-01-13T14:30:00Z
6242342,13.01.2022 22:00,24.05.2022 14:11,Phayao,department of highways,large truck with trailer,speeding,rollover/fallen on curved road,1,0,0,clear,19.06749734,99.80251102,wide curve,slope area,2022-01-13T15:00:00Z
6010505,13.01.2022 23:02,31.03.2022 13:37,Chon Buri,department of highways,4-wheel pickup truck,speeding,rollover/fallen on straight road,1,0,1,clear,13.06907197,100.9951606,straight road,no slope,2022-01-13T16:02:00Z
5572374,13.01.2022 23:10,14.01.2022 10:11,Suphan Buri,department of highways,4-wheel pickup truck,speeding,rollover/fallen on curved road,1,1,0,foggy,14.85473533,100.0695196,wide curve,no slope,2022-01-13T16:10:00Z
5976503,13.01.2022 23:30,25.03.2022 15:17,Songkhla,department of highways,4-wheel pickup truck,speeding,rollover/fallen on straight road,1,0,1,clear,6.978382613,100.578973,straight road,no slope,2022-01-13T16:30:00Z
6567062,14.01.2022 01:00,18.01.2022 11:08,Udon Thani,department of rural roads,motorcycle,speeding,other,1,0,1,clear,17.928179,102.30901,wide curve,no slope,2022-01-13T18:00:00Z
5776969,14.01.2022 01:15,21.02.2022 11:18,Suphan Buri,department of highways,4-wheel pickup truck,speeding,rollover/fallen on curved road,1,0,1,clear,14.75973062,100.0463024,wide curve,slope area,2022-01-13T18:15:00Z
5968729,14.01.2022 01:30,24.03.2022 10:35,Nakhon Ratchasima,department of highways,6-wheel truck,speeding,rollover/fallen on straight road,1,0,0,clear,14.93235576,101.9794187,straight road,no slope,2022-01-13T18:30:00Z
6243192,14.01.2022 01:30,25.05.2022 13:54,Saraburi,department of highways,motorcycle,speeding,head-on collision (not overtaking),2,1,0,clear,14.41816445,100.7937482,connecting to private area,other,2022-01-13T18:30:00Z
5801508,14.01.2022 02:00,25.02.2022 15:09,Nonthaburi,department of highways,private/passenger car,speeding,rollover/fallen on straight road,1,0,0,clear,13.85568213,100.4116514,straight road,no slope,2022-01-13T19:00:00Z
5920767,14.01.2022 02:00,16.03.2022 13:45,buogkan,department of highways,4-wheel pickup truck,speeding,rollover/fallen on straight road,1,1,1,clear,18.01105434,104.1598025,straight road,no slope,2022-01-13T19:00:00Z
6117496,14.01.2022 02:00,18.04.2022 15:18,Nan,department of highways,private/passenger car,vehicle equipment failure,other,1,0,0,clear,18.78544003,100.8330801,straight road,no slope,2022-01-13T19:00:00Z
5759068,14.01.2022 05:35,18.02.2022 11:08,Suphan Buri,department of highways,4-wheel pickup truck,speeding,rear-end collision,2,0,0,clear,14.62585965,100.1484918,other,other,2022-01-13T22:35:00Z
5975611,14.01.2022 05:50,25.03.2022 11:36,Yala,department of highways,large truck with trailer,speeding,rollover/fallen on curved road,1,0,1,clear,5.911095471,101.154229,wide curve,slope area,2022-01-13T22:50:00Z
5662933,14.01.2022 07:00,2.02.2022 15:46,Phayao,department of highways,large passenger vehicle,speeding,rollover/fallen on straight road,1,0,14,clear,19.02345771,99.92145358,straight road,no slope,2022-01-14T00:00:00Z
7440895,14.01.2022 07:30,8.12.2022 08:18,Bangkok,department of highways,motorcycle,speeding,rear-end collision,2,0,1,clear,13.8280488,100.5578209,other,other,2022-01-14T00:30:00Z
6117493,14.01.2022 08:00,18.04.2022 15:17,Nan,department of highways,large truck with trailer,vehicle equipment failure,rollover/fallen on straight road,1,0,0,clear,18.49526099,100.9224406,wide curve,slope area,2022-01-14T01:00:00Z
5925996,14.01.2022 08:10,17.03.2022 10:29,Chiang Mai,department of highways,motorcycle,speeding,rear-end collision,2,0,1,clear,18.86317891,98.96539091,straight road,no slope,2022-01-14T01:10:00Z
5906507,14.01.2022 08:30,14.03.2022 14:16,Sukhothai,department of highways,motorcycle,cutting in closely by people/vehicles/animals,rear-end collision,2,0,1,clear,17.16578894,99.86380218,straight road,no slope,2022-01-14T01:30:00Z
6242402,14.01.2022 08:50,24.05.2022 14:47,Buri Ram,department of highways,4-wheel pickup truck,speeding,rollover/fallen on straight road,1,0,1,clear,15.40127602,103.0131206,straight road,no slope,2022-01-14T01:50:00Z
5956238,14.01.2022 09:00,22.03.2022 11:05,Nakhon Ratchasima,department of highways,4-wheel pickup truck,speeding,rollover/fallen on curved road,1,0,0,clear,15.25497977,102.413089,other,other,2022-01-14T02:00:00Z
5905519,14.01.2022 09:30,14.03.2022 10:24,Tak,department of highways,large truck with trailer,speeding,rollover/fallen on curved road,1,1,0,clear,16.75671477,98.72348784,wide curve,slope area,2022-01-14T02:30:00Z
5906768,14.01.2022 09:30,14.03.2022 15:09,Phetchabun,department of highways,private/passenger car,vehicle equipment failure,collision with obstruction (on road surface),4,2,6,clear,16.3607705,101.1032805,straight road,no slope,2022-01-14T02:30:00Z
6567157,14.01.2022 09:30,11.02.2022 08:26,Phrae,department of rural roads,motorcycle,falling asleep,other,1,0,1,clear,18.067688,100.152531,straight road,no slope,2022-01-14T02:30:00Z
5883029,14.01.2022 09:36,10.03.2022 14:39,Khon Kaen,department of highways,4-wheel pickup truck,speeding,rollover/fallen on straight road,1,0,0,clear,16.84927487,102.8559083,straight road,no slope,2022-01-14T02:36:00Z
6146675,14.01.2022 10:30,29.04.2022 11:12,Ubon Ratchathani,department of highways,large truck with trailer,speeding,rollover/fallen on straight road,1,0,0,clear,15.15944869,104.8865738,straight road,no slope,2022-01-14T03:30:00Z
6010609,14.01.2022 11:00,31.03.2022 13:57,Bangkok,department of highways,4-wheel pickup truck,vehicle equipment failure,rollover/fallen on straight road,1,0,0,clear,13.8779154,100.6833163,straight road,no slope,2022-01-14T04:00:00Z
6073389,14.01.2022 11:30,11.04.2022 09:42,Chiang Mai,department of highways,motorcycle,speeding,rear-end collision,2,0,1,clear,20.04952138,99.34789537,straight road,no slope,2022-01-14T04:30:00Z
5739998,14.01.2022 11:45,14.02.2022 14:43,Nakhon Sawan,department of highways,motorcycle,illegal overtaking,rear-end collision,2,0,2,clear,15.19092186,100.382351,straight road,no slope,2022-01-14T04:45:00Z
5593820,14.01.2022 13:02,17.01.2022 15:20,Chon Buri,department of highways,private/passenger car,speeding,rear-end collision,5,0,0,clear,13.1569278,100.9876826,straight road,no slope,2022-01-14T06:02:00Z
5920769,14.01.2022 13:30,16.03.2022 13:48,buogkan,department of highways,large truck with trailer,speeding,rollover/fallen on straight road,1,0,2,clear,18.15238681,103.7405437,wide curve,no slope,2022-01-14T06:30:00Z
5862070,14.01.2022 14:00,7.03.2022 13:40,Samut Sakhon,department of highways,4-wheel pickup truck,vehicle equipment failure,rollover/fallen on straight road,1,0,1,clear,13.58377461,100.314652,straight road,no slope,2022-01-14T07:00:00Z
5963602,14.01.2022 14:00,23.03.2022 14:33,Phatthalung,department of highways,4-wheel pickup truck,speeding,rollover/fallen on straight road,1,0,0,clear,7.30489602,100.1504794,straight road,no slope,2022-01-14T07:00:00Z
7358649,14.01.2022 14:00,21.11.2022 14:05,Chaiyaphum,department of highways,private/passenger car,cutting in closely by people/vehicles/animals,other,2,0,0,clear,15.82551178,101.6236639,connecting to private area,other,2022-01-14T07:00:00Z
5920128,14.01.2022 14:20,15.03.2022 11:43,Maha Sarakham,department of highways,motorcycle,cutting in closely by people/vehicles/animals,collision with obstruction (on road surface),1,1,0,clear,16.46394447,103.1463432,straight road,no slope,2022-01-14T07:20:00Z
7008382,14.01.2022 14:20,30.09.2022 12:50,Nakhon Ratchasima,department of highways,van,speeding,rear-end collision,2,0,0,clear,14.63330023,101.2398961,straight road,no slope,2022-01-14T07:20:00Z
5963601,14.01.2022 14:30,23.03.2022 14:34,Phatthalung,department of highways,large truck with trailer,falling asleep,rollover/fallen on straight road,1,0,1,clear,7.389162774,100.1104125,straight road,no slope,2022-01-14T07:30:00Z
5862069,14.01.2022 14:45,7.03.2022 13:43,Samut Sakhon,department of highways,4-wheel pickup truck,cutting in closely by people/vehicles/animals,rear-end collision,2,0,0,clear,13.59268318,100.3519347,straight road,no slope,2022-01-14T07:45:00Z
5862072,14.01.2022 15:27,7.03.2022 13:42,Samut Sakhon,department of highways,motorcycle,speeding,rear-end collision,2,0,1,clear,13.60314518,100.3706914,straight road,no slope,2022-01-14T08:27:00Z
5759967,14.01.2022 15:40,18.02.2022 14:34,Suphan Buri,department of highways,motorcycle,cutting in closely by people/vehicles/animals,rear-end collision,2,0,2,clear,14.61887301,100.1491034,straight road,no slope,2022-01-14T08:40:00Z
5782228,14.01.2022 15:50,22.02.2022 10:36,Ang Thong,department of highways,large truck with trailer,speeding,rollover/fallen on curved road,1,0,0,clear,14.58102139,100.463056,other,other,2022-01-14T08:50:00Z
6242361,14.01.2022 15:55,24.05.2022 14:15,Phayao,department of highways,motorcycle,cutting in closely by people/vehicles/animals,rear-end collision,2,0,2,clear,19.2808966,99.85560535,straight road,no slope,2022-01-14T08:55:00Z
5881311,14.01.2022 16:00,10.03.2022 09:33,Khon Kaen,department of highways,4-wheel pickup truck,speeding,rollover/fallen on straight road,1,0,1,clear,16.51131407,102.8237057,straight road,no slope,2022-01-14T09:00:00Z
6010447,14.01.2022 16:20,31.03.2022 13:27,Chon Buri,department of highways,6-wheel truck,overloaded vehicle,other,1,0,0,clear,13.11740022,100.9811729,straight road,no slope,2022-01-14T09:20:00Z
5759965,14.01.2022 17:10,18.02.2022 14:32,Suphan Buri,department of highways,private/passenger car,cutting in closely by people/vehicles/animals,rear-end collision,2,0,0,clear,14.544313410000001,100.1790315,straight road,no slope,2022-01-14T10:10:00Z
5906771,14.01.2022 17:30,14.03.2022 15:08,Phetchabun,department of highways,4-wheel pickup truck,overloaded vehicle,rollover/fallen on curved road,1,0,0,clear,16.7159461,101.5953827,wide curve,no slope,2022-01-14T10:30:00Z
5920350,14.01.2022 17:30,15.03.2022 14:47,Sakon Nakhon,department of highways,4-wheel pickup truck,speeding,rollover/fallen on straight road,1,0,1,clear,17.3760923,103.7936756,straight road,no slope,2022-01-14T10:30:00Z
5663754,14.01.2022 17:35,2.02.2022 18:55,Suphan Buri,department of highways,motorcycle,failure to yield/signal,rear-end collision,2,0,1,clear,14.76344736,100.0211057,other,other,2022-01-14T10:35:00Z
7372600,14.01.2022 18:00,23.11.2022 14:29,Tak,department of highways,4-wheel pickup truck,falling asleep,rollover/fallen on straight road,1,0,2,clear,16.91723848,99.3101406,straight road,no slope,2022-01-14T11:00:00Z
5968667,14.01.2022 19:30,24.03.2022 10:21,Surat Thani,department of highways,4-wheel pickup truck,speeding,rollover/fallen on straight road,1,0,0,clear,9.066839039,99.17512892,straight road,no slope,2022-01-14T12:30:00Z
5693459,14.01.2022 19:41,7.02.2022 11:10,Bangkok,department of highways,private/passenger car,speeding,rear-end collision,3,0,0,clear,13.72972905,100.7290506,straight road,no slope,2022-01-14T12:41:00Z
6319407,14.01.2022 20:20,6.06.2022 14:07,Trat,department of highways,4-wheel pickup truck,speeding,rear-end collision,2,0,2,clear,12.25113181,102.5794342,straight road,no slope,2022-01-14T13:20:00Z
5969881,14.01.2022 21:00,24.03.2022 15:13,Nakhon Ratchasima,department of highways,large truck with trailer,speeding,rollover/fallen on curved road,1,0,1,clear,14.50056999,101.9388905,wide curve,slope area,2022-01-14T14:00:00Z
5925973,14.01.2022 22:00,17.03.2022 10:23,Chiang Mai,department of highways,private/passenger car,speeding,rear-end collision,2,0,0,clear,18.85713291,98.967306,straight road,no slope,2022-01-14T15:00:00Z
5956356,14.01.2022 22:00,22.03.2022 11:32,Nakhon Ratchasima,department of highways,4-wheel pickup truck,speeding,rollover/fallen on straight road,1,0,0,clear,15.01146372,102.0622507,straight road,no slope,2022-01-14T15:00:00Z
5905515,14.01.2022 22:18,14.03.2022 10:23,Tak,department of highways,van,cutting in closely by people/vehicles/animals,other,2,0,5,clear,16.6039673,98.62037836,connecting to private area,other,2022-01-14T15:18:00Z
6073369,14.01.2022 22:50,11.04.2022 09:36,Bangkok,department of highways,4-wheel pickup truck,overloaded vehicle,other,1,0,0,clear,13.7755539,100.688265,straight road,no slope,2022-01-14T15:50:00Z
7561192,14.01.2022 23:40,17.01.2023 06:48,Bangkok,department of highways,private/passenger car,speeding,rear-end collision,2,0,1,clear,13.78130189,100.4281443,other,other,2022-01-14T16:40:00Z
6363092,14.01.2022 23:45,13.06.2022 13:22,Bangkok,department of highways,private/passenger car,speeding,rear-end collision,2,0,1,clear,13.78635422,100.5604738,straight road,no slope,2022-01-14T16:45:00Z
5889202,14.01.2022 23:50,11.03.2022 13:22,Prachuap Khiri Khan,department of highways,4-wheel pickup truck,falling asleep,rollover/fallen on straight road,1,0,2,clear,11.93681738,99.81891273,straight road,no slope,2022-01-14T16:50:00Z
5745847,15.01.2022 00:02,15.02.2022 13:59,Saraburi,department of highways,motorcycle,speeding,rear-end collision,2,1,0,clear,14.36560877,100.8779508,wide curve,no slope,2022-01-14T17:02:00Z
5579080,15.01.2022 00:10,15.01.2022 09:11,Bangkok,department of highways,motorcycle,speeding,rear-end collision,2,1,0,clear,13.81050855,100.6779358,straight road,no slope,2022-01-14T17:10:00Z
5753843,15.01.2022 00:10,17.02.2022 14:05,Kanchanaburi,department of highways,private/passenger car,speeding,rollover/fallen on straight road,1,0,0,clear,13.9858172,99.57386075,straight road,no slope,2022-01-14T17:10:00Z
5919779,15.01.2022 01:00,16.03.2022 09:26,Nakhon Phanom,department of highways,other,speeding,rollover/fallen on straight road,1,0,0,clear,17.35439153,104.6357819,straight road,no slope,2022-01-14T18:00:00Z
6010850,15.01.2022 01:50,31.03.2022 14:54,Bangkok,department of highways,private/passenger car,speeding,rollover/fallen on straight road,1,0,0,clear,13.77717684,100.6874415,straight road,no slope,2022-01-14T18:50:00Z
6243281,15.01.2022 04:00,25.05.2022 15:22,Chiang Rai,department of highways,motorcycle,speeding,rollover/fallen on straight road,1,1,0,clear,20.26066222,100.0921789,straight road,no slope,2022-01-14T21:00:00Z
5745084,15.01.2022 05:40,15.02.2022 10:58,Loburi,department of highways,large truck with trailer,cutting in closely by people/vehicles/animals,rollover/fallen on straight road,1,0,0,clear,15.43333082,100.9214294,other,other,2022-01-14T22:40:00Z
5975414,15.01.2022 06:30,25.03.2022 10:53,Songkhla,department of highways,4-wheel pickup truck,speeding,rollover/fallen on straight road,1,0,1,clear,7.05999747,100.4859835,straight road,no slope,2022-01-14T23:30:00Z
7330920,15.01.2022 06:30,11.11.2022 14:23,Nakhon Ratchasima,department of highways,large passenger vehicle,speeding,rollover/fallen on straight road,1,0,0,clear,14.95919044,102.0506555,straight road,no slope,2022-01-14T23:30:00Z
7513892,15.01.2022 07:00,28.12.2022 09:17,Chiang Rai,department of highways,4-wheel pickup truck,speeding,rollover/fallen on straight road,1,0,0,rainy,20.28301751,100.0208214,straight road,no slope,2022-01-15T00:00:00Z
5592651,15.01.2022 08:50,17.01.2022 11:51,Suphan Buri,department of highways,motorcycle,cutting in closely by people/vehicles/animals,rear-end collision,2,0,2,clear,14.88492884,99.9247071,straight road,no slope,2022-01-15T01:50:00Z
6009504,15.01.2022 09:17,31.03.2022 09:25,Pathum Thani,department of highways,other,speeding,rollover/fallen on straight road,1,0,0,clear,14.11013513,100.6811812,straight road,no slope,2022-01-15T02:17:00Z
6233729,15.01.2022 09:30,19.05.2022 14:53,Samut Songkhram,department of highways,4-wheel pickup truck,vehicle equipment failure,rollover/fallen on straight road,1,0,3,clear,13.35622605,99.93076085,straight road,no slope,2022-01-15T02:30:00Z
6074425,15.01.2022 10:00,11.04.2022 13:23,Chaiyaphum,department of highways,4-wheel pickup truck,speeding,rollover/fallen on straight road,1,0,3,clear,15.45831292,101.7187402,straight road,no slope,2022-01-15T03:00:00Z
6079492,15.01.2022 10:00,12.04.2022 09:47,Phichit,department of highways,4-wheel pickup truck,illegal overtaking,rear-end collision,2,0,3,clear,16.34753661,100.5598676,connecting to public/commercial area,other,2022-01-15T03:00:00Z
5906763,15.01.2022 10:30,14.03.2022 15:07,Phetchabun,department of highways,private/passenger car,speeding,head-on collision (not overtaking),2,0,0,clear,16.87543657,101.1646843,wide curve,slope area,2022-01-15T03:30:00Z
5969920,15.01.2022 11:15,24.03.2022 15:15,Nakhon Ratchasima,department of highways,pedestrian,speeding,pedestrian collision,1,1,1,clear,14.69648695,101.9573092,wide curve,no slope,2022-01-15T04:15:00Z
7309846,15.01.2022 11:30,14.11.2022 08:56,Nakhon Ratchasima,department of highways,private/passenger car,speeding,rear-end collision,2,0,0,clear,14.63360906,101.2399015,straight road,no slope,2022-01-15T04:30:00Z
6144690,15.01.2022 11:50,26.04.2022 10:59,Udon Thani,department of highways,4-wheel pickup truck,speeding,head-on collision (not overtaking),2,1,0,clear,17.01579345,103.2387346,straight road,no slope,2022-01-15T04:50:00Z
6243212,15.01.2022 11:50,25.05.2022 14:12,Bangkok,department of highways,private/passenger car,speeding,rollover/fallen on straight road,1,0,1,clear,13.76927302,100.6919986,straight road,no slope,2022-01-15T04:50:00Z
5585651,15.01.2022 12:00,16.01.2022 11:04,Bangkok,department of highways,private/passenger car,speeding,rear-end collision,3,0,2,clear,13.88440166,100.6864303,straight road,no slope,2022-01-15T05:00:00Z
7330923,15.01.2022 12:00,15.03.2022 13:20,Roi Et,department of highways,motorcycle,cutting in closely by people/vehicles/animals,rear-end collision,3,0,1,clear,15.60776748,103.8183573,straight road,no slope,2022-01-15T05:00:00Z
6003930,15.01.2022 12:15,30.03.2022 10:03,Chiang Mai,department of highways,motorcycle,speeding,rear-end collision,2,0,1,clear,18.90823528,98.89686583,wide curve,no slope,2022-01-15T05:15:00Z
5758400,15.01.2022 12:30,18.02.2022 09:08,Sing Buri,department of highways,4-wheel pickup truck,vehicle equipment failure,rear-end collision,2,0,1,clear,14.78770191,100.4575065,straight road,no slope,2022-01-15T05:30:00Z
7418666,15.01.2022 12:30,30.11.2022 10:08,Phrae,department of highways,motorcycle,cutting in closely by people/vehicles/animals,head-on collision (not overtaking),2,0,1,clear,18.15471887,100.159725,connecting to public/commercial area,other,2022-01-15T05:30:00Z
5745821,15.01.2022 13:00,15.02.2022 13:51,Saraburi,department of highways,4-wheel pickup truck,speeding,rollover/fallen on curved road,1,0,0,clear,14.35533988,100.8746302,wide curve,no slope,2022-01-15T06:00:00Z
5919550,15.01.2022 13:10,15.03.2022 11:56,Maha Sarakham,department of highways,4-wheel pickup truck,vehicle equipment failure,rollover/fallen on straight road,1,0,0,clear,16.29161855,102.9303261,straight road,no slope,2022-01-15T06:10:00Z
6148446,15.01.2022 14:20,3.05.2022 15:45,Khon Kaen,department of highways,4-wheel pickup truck,speeding,rollover/fallen on straight road,1,0,1,clear,16.08404757,102.6392957,straight road,no slope,2022-01-15T07:20:00Z
7330924,15.01.2022 15:00,16.03.2022 12:24,Prachuap Khiri Khan,department of highways,6-wheel truck,speeding,rollover/fallen on straight road,1,0,0,clear,12.36998353,99.92780237,straight road,no slope,2022-01-15T08:00:00Z
5860917,15.01.2022 15:34,7.03.2022 09:32,Phuket,department of highways,4-wheel pickup truck,speeding,rollover/fallen on straight road,1,0,0,clear,7.946680628,98.27961712,straight road,slope area,2022-01-15T08:34:00Z
5968711,15.01.2022 15:52,24.03.2022 10:32,Nakhon Ratchasima,department of highways,other,speeding,rollover/fallen on straight road,1,0,0,clear,14.93037834,101.9743493,straight road,no slope,2022-01-15T08:52:00Z
5738464,15.01.2022 16:30,14.02.2022 08:56,Ang Thong,department of highways,4-wheel pickup truck,speeding,rollover/fallen on straight road,1,0,0,clear,14.49801735,100.4575601,straight road,no slope,2022-01-15T09:30:00Z
5776877,15.01.2022 16:30,21.02.2022 10:54,Suphan Buri,department of highways,large truck with trailer,failure to yield right of way,rear-end collision,2,0,0,clear,14.45957622,100.1704001,other,other,2022-01-15T09:30:00Z
6361557,15.01.2022 16:30,13.06.2022 07:46,Nong Bua Lam Phu,department of highways,private/passenger car,speeding,rollover/fallen on curved road,1,0,1,clear,16.8925891,102.211698,wide curve,slope area,2022-01-15T09:30:00Z
5622465,15.01.2022 17:00,21.01.2022 15:11,Kanchanaburi,department of highways,4-wheel pickup truck,failure to yield right of way,head-on collision (not overtaking),2,0,0,clear,14.2254338,99.06870692,straight road,no slope,2022-01-15T10:00:00Z
5752508,15.01.2022 17:05,17.02.2022 09:24,Sing Buri,department of highways,7-10-wheel truck,speeding,rear-end collision,2,0,3,clear,14.91963565,100.4010138,straight road,no slope,2022-01-15T10:05:00Z
6086660,15.01.2022 17:30,13.04.2022 11:53,Chiang Rai,department of highways,4-wheel pickup truck,speeding,rollover/fallen on curved road,1,0,1,rainy,19.70803114,99.58910106,wide curve,no slope,2022-01-15T10:30:00Z
6086678,15.01.2022 18:00,13.04.2022 11:57,Chiang Rai,department of highways,4-wheel pickup truck,speeding,rollover/fallen on straight road,1,0,0,rainy,19.74577431,99.676643,straight road,no slope,2022-01-15T11:00:00Z
6242370,15.01.2022 18:10,24.05.2022 14:21,Nakhon Phanom,department of highways,4-wheel pickup truck,speeding,rollover/fallen on straight road,1,0,2,clear,17.47242058,104.7299999,straight road,no slope,2022-01-15T11:10:00Z
5867114,15.01.2022 18:20,8.03.2022 07:48,Rayong,department of highways,4-wheel pickup truck,speeding,rollover/fallen on straight road,1,0,1,clear,13.02855036,101.234824,other,other,2022-01-15T11:20:00Z
7511972,15.01.2022 18:50,27.12.2022 13:32,Chiang Mai,department of highways,motorcycle,speeding,rear-end collision,2,0,1,clear,18.85527745,99.09751921,straight road,no slope,2022-01-15T11:50:00Z
6567061,15.01.2022 18:55,18.01.2022 11:06,Bangkok,department of rural roads,private/passenger car,abrupt lane change,other,2,0,0,clear,13.664534,100.517509,straight road,other,2022-01-15T11:55:00Z
6145559,15.01.2022 19:19,27.04.2022 11:07,Surin,department of highways,4-wheel pickup truck,cutting in closely by people/vehicles/animals,rear-end collision,2,0,4,clear,14.62432842,103.9400115,straight road,no slope,2022-01-15T12:19:00Z
5950440,15.01.2022 19:20,21.03.2022 13:30,Udon Thani,department of highways,motorcycle,speeding,head-on collision (not overtaking),2,1,0,clear,17.66963676,102.5080177,straight road,no slope,2022-01-15T12:20:00Z
6239828,15.01.2022 19:24,20.05.2022 14:00,Nakhon Si Thammarat,department of highways,4-wheel pickup truck,speeding,rear-end collision,3,1,3,clear,8.173940332,99.56432818,straight road,no slope,2022-01-15T12:24:00Z
5926667,15.01.2022 20:50,17.03.2022 13:28,Chiang Mai,department of highways,4-wheel pickup truck,speeding,rollover/fallen on straight road,1,0,0,clear,18.94507788,98.94319295,straight road,no slope,2022-01-15T13:50:00Z
6010585,15.01.2022 21:01,31.03.2022 13:50,Samut Prakan,department of highways,4-wheel pickup truck,overloaded vehicle,other,1,0,0,clear,13.6718705,100.840998,straight road,no slope,2022-01-15T14:01:00Z
6004020,15.01.2022 22:00,30.03.2022 10:34,Chiang Mai,department of highways,4-wheel pickup truck,speeding,rollover/fallen on straight road,1,0,0,clear,18.74146071,99.07949476,straight road,no slope,2022-01-15T15:00:00Z
6010582,15.01.2022 22:37,31.03.2022 13:52,Bangkok,department of highways,private/passenger car,speeding,rollover/fallen on straight road,1,0,2,clear,13.91118321,100.7004797,straight road,no slope,2022-01-15T15:37:00Z
5745802,15.01.2022 22:50,15.02.2022 13:49,Saraburi,department of highways,4-wheel pickup truck,falling asleep,rollover/fallen on straight road,1,0,0,clear,14.5085627,101.0199576,straight road,no slope,2022-01-15T15:50:00Z
5842734,15.01.2022 23:00,4.03.2022 09:03,Pathum Thani,department of highways,private/passenger car,speeding,rollover/fallen on straight road,1,0,1,clear,14.07199452,100.8794153,straight road,no slope,2022-01-15T16:00:00Z
5920059,15.01.2022 23:10,15.03.2022 11:04,Kalasin,department of highways,motorcycle,speeding,rear-end collision,2,1,0,clear,16.40555884,103.4438029,straight road,no slope,2022-01-15T16:10:00Z
5919857,15.01.2022 23:40,16.03.2022 12:25,Prachuap Khiri Khan,department of highways,large truck with trailer,vehicle equipment failure,other,1,0,0,clear,12.27230704,99.87100123,other,other,2022-01-15T16:40:00Z
5881162,15.01.2022 23:50,10.03.2022 09:05,Khon Kaen,department of highways,4-wheel pickup truck,falling asleep,rollover/fallen on straight road,1,0,1,clear,16.46061597,102.7695411,straight road,no slope,2022-01-15T16:50:00Z
6144141,16.01.2022 00:10,25.04.2022 14:20,Phrae,department of highways,private/passenger car,speeding,rear-end collision,2,0,0,clear,18.18071862,100.182926,other,other,2022-01-15T17:10:00Z
5783441,16.01.2022 00:15,22.02.2022 14:42,Bangkok,department of highways,private/passenger car,speeding,rollover/fallen on curved road,1,0,0,clear,13.81804374,100.7238042,wide curve,no slope,2022-01-15T17:15:00Z
6079685,16.01.2022 00:30,12.04.2022 10:38,Phitsanulok,department of highways,private/passenger car,speeding,rollover/fallen on curved road,1,0,2,clear,16.75475,100.305275,wide curve,no slope,2022-01-15T17:30:00Z
5583578,16.01.2022 00:41,16.01.2022 01:53,Bangkok,expressway authority of thailand,other,other,rear-end collision,2,0,0,clear,13.821919,100.626324,wide curve,other,2022-01-15T17:41:00Z
6144128,16.01.2022 01:00,25.04.2022 14:17,Phrae,department of highways,motorcycle,speeding,rear-end collision,2,0,0,clear,18.13016057,100.1687452,straight road,no slope,2022-01-15T18:00:00Z