acc_code,incident_datetime,report_datetime,province_en,agency,vehicle_type,presumed_cause,accident_type,number_of_vehicles_involved,number_of_fatalities,number_of_injuries,weather_condition,latitude,longitude,road_description,slope_description,incident_time
5969923,16.01.2022 01:15,24.03.2022 15:17,Nakhon Ratchasima,department of highways,private/passenger car,speeding,rollover/fallen on straight road,1,1,1,clear,14.76835192,102.0009756,straight road,no slope,2022-01-15T18:15:00Z
5759070,16.01.2022 01:20,18.02.2022 11:05,Suphan Buri,department of highways,motorcycle,speeding,rollover/fallen on straight road,1,0,1,clear,14.62560012,100.1484436,other,other,2022-01-15T18:20:00Z
5968796,16.01.2022 01:20,24.03.2022 10:53,Nakhon Ratchasima,department of highways,4-wheel pickup truck,speeding,rollover/fallen on straight road,1,0,0,clear,14.66896323,101.4459246,straight road,no slope,2022-01-15T18:20:00Z
5897201,16.01.2022 01:30,12.03.2022 19:41,Tak,department of highways,large truck with trailer,falling asleep,rollover/fallen on curved road,1,0,1,clear,16.97984186,99.1230297,wide curve,slope area,2022-01-15T18:30:00Z
6361556,16.01.2022 02:00,13.06.2022 07:45,Nong Bua Lam Phu,department of highways,large truck with trailer,falling asleep,rollover/fallen on curved road,1,0,0,clear,17.23869449,102.5051451,wide curve,slope area,2022-01-15T19:00:00Z
7309945,16.01.2022 02:20,14.11.2022 09:20,Nakhon Ratchasima,department of highways,6-wheel truck,speeding,rear-end collision,2,0,0,clear,14.65695424,101.3696453,wide curve,no slope,2022-01-15T19:20:00Z
5758848,16.01.2022 02:30,18.02.2022 10:32,Chai Nat,department of highways,6-wheel truck,speeding,rollover/fallen on straight road,1,0,1,clear,15.26155502,100.2014011,straight road,no slope,2022-01-15T19:30:00Z
5968823,16.01.2022 02:30,24.03.2022 10:55,Nakhon Ratchasima,department of highways,private/passenger car,speeding,rollover/fallen on straight road,1,0,0,clear,14.94914111,102.0185253,straight road,no slope,2022-01-15T19:30:00Z
6127363,16.01.2022 02:50,20.04.2022 08:04,Saraburi,department of highways,van,speeding,rollover/fallen on straight road,1,0,3,clear,14.55201636,100.9653827,straight road,no slope,2022-01-15T19:50:00Z
6238028,16.01.2022 02:50,20.05.2022 07:57,Ratchaburi,department of highways,4-wheel pickup truck,speeding,rollover/fallen on straight road,1,0,0,clear,13.39821969,99.81499671,straight road,no slope,2022-01-15T19:50:00Z
5920120,16.01.2022 03:00,15.03.2022 11:40,Maha Sarakham,department of highways,4-wheel pickup truck,speeding,rollover/fallen on straight road,1,0,1,clear,16.15301739,103.3759913,straight road,no slope,2022-01-15T20:00:00Z
5905514,16.01.2022 04:30,14.03.2022 10:21,Tak,department of highways,4-wheel pickup truck,falling asleep,rollover/fallen on straight road,1,0,0,clear,16.53933224,98.70207308,straight road,no slope,2022-01-15T21:30:00Z
5584302,16.01.2022 05:00,16.01.2022 05:45,Samut Prakan,expressway authority of thailand,large truck with trailer,other,rear-end collision,2,0,1,clear,13.631934,100.578295,straight road,other,2022-01-15T22:00:00Z
5888609,16.01.2022 05:00,11.03.2022 10:45,Nakhon Pathom,department of highways,4-wheel pickup truck,speeding,rollover/fallen on straight road,1,0,0,clear,14.02799784,100.1323905,straight road,no slope,2022-01-15T22:00:00Z
6086404,16.01.2022 05:00,13.04.2022 10:58,Lampang,department of highways,large truck with trailer,speeding,rollover/fallen on curved road,1,0,0,clear,18.95440332,99.60874288,wide curve,no slope,2022-01-15T22:00:00Z
5905511,16.01.2022 05:30,14.03.2022 10:20,Tak,department of highways,4-wheel pickup truck,speeding,rollover/fallen on straight road,1,0,0,clear,16.71093161,98.60049246,straight road,no slope,2022-01-15T22:30:00Z
7527578,16.01.2022 06:20,31.12.2022 11:28,Sa Kaeo,department of highways,large truck with trailer,running red lights/traffic signals,head-on collision (not overtaking),4,0,2,clear,13.77383977,102.0913795,other,other,2022-01-15T23:20:00Z
6010606,16.01.2022 06:39,31.03.2022 13:56,Chon Buri,department of highways,large truck with trailer,cutting in closely by people/vehicles/animals,rear-end collision,2,0,0,clear,13.49711958,101.0443202,wide curve,no slope,2022-01-15T23:39:00Z
5862686,16.01.2022 07:00,7.03.2022 15:17,Rayong,department of highways,4-wheel pickup truck,falling asleep,rollover/fallen on straight road,1,0,0,clear,13.01400768,101.4736372,straight road,no slope,2022-01-16T00:00:00Z
6145503,16.01.2022 07:40,27.04.2022 08:53,Surin,department of highways,large truck with trailer,speeding,rollover/fallen on straight road,1,0,0,clear,14.70126589,103.4205025,straight road,no slope,2022-01-16T00:40:00Z
6004049,16.01.2022 07:51,30.03.2022 10:38,Chiang Mai,department of highways,6-wheel truck,speeding,head-on collision (not overtaking),2,0,0,rainy,18.85372655,98.68243931,wide curve,slope area,2022-01-16T00:51:00Z
6009505,16.01.2022 08:30,31.03.2022 09:28,Samut Prakan,department of highways,4-wheel pickup truck,speeding,rollover/fallen on straight road,1,0,2,clear,13.65331616,100.6896436,other,other,2022-01-16T01:30:00Z
5861229,16.01.2022 08:40,7.03.2022 10:40,Chaiyaphum,department of highways,private/passenger car,speeding,rollover/fallen on straight road,1,0,1,clear,16.13059439,102.2496647,straight road,no slope,2022-01-16T01:40:00Z
6243199,16.01.2022 09:20,25.05.2022 14:02,Udon Thani,department of highways,private/passenger car,speeding,rollover/fallen on curved road,1,0,1,clear,16.94595139,103.3936992,wide curve,no slope,2022-01-16T02:20:00Z
7291797,16.01.2022 09:50,11.11.2022 13:53,Prachin Buri,department of highways,motorcycle,speeding,rear-end collision,2,0,0,clear,14.13491622,101.3203812,straight road,no slope,2022-01-16T02:50:00Z
6361554,16.01.2022 10:15,13.06.2022 07:47,Loei,department of highways,6-wheel truck,speeding,rollover/fallen on curved road,1,0,2,clear,17.25698426,101.1171126,sharp curve,slope area,2022-01-16T03:15:00Z
7512855,16.01.2022 10:30,27.12.2022 15:24,Phayao,department of highways,private/passenger car,speeding,rollover/fallen on straight road,1,0,0,rainy,19.48551729,100.0870398,wide curve,no slope,2022-01-16T03:30:00Z
5920639,16.01.2022 11:00,16.03.2022 10:33,Lampang,department of highways,private/passenger car,speeding,rollover/fallen on curved road,1,0,0,rainy,18.61828974,99.90611135,wide curve,no slope,2022-01-16T04:00:00Z
6319403,16.01.2022 11:00,6.06.2022 14:08,Samut Prakan,department of highways,large truck with trailer,driving under the influence of alcohol,rollover/fallen on straight road,1,0,1,clear,13.63735655,100.7416677,straight road,no slope,2022-01-16T04:00:00Z
7445683,16.01.2022 11:00,9.12.2022 09:02,Bangkok,department of highways,motorcycle,illegal overtaking,rear-end collision,2,0,1,clear,13.83487062,100.5571974,straight road,no slope,2022-01-16T04:00:00Z
5843213,16.01.2022 11:30,4.03.2022 10:48,Pathum Thani,department of highways,motorcycle,speeding,pedestrian collision,1,1,1,clear,14.01953526,100.4520911,straight road,no slope,2022-01-16T04:30:00Z
6147906,16.01.2022 11:31,2.05.2022 07:54,Phetchabun,department of highways,private/passenger car,speeding,rollover/fallen on straight road,1,0,0,clear,16.49740634,101.1570454,other,other,2022-01-16T04:31:00Z
5874356,16.01.2022 12:00,9.03.2022 09:57,Chanthaburi,department of highways,motorcycle,speeding,other,2,1,0,clear,12.93404561,102.3812994,connecting to private area,other,2022-01-16T05:00:00Z
7330927,16.01.2022 12:14,3.03.2022 09:14,Phra Nakhon Si Ayutthaya,department of highways,7-10-wheel truck,speeding,rollover/fallen on curved road,1,0,0,clear,14.2390234,100.7309309,wide curve,no slope,2022-01-16T05:14:00Z
5897118,16.01.2022 14:30,12.03.2022 19:23,Kamphaeng Phet,department of highways,6-wheel truck,failure to yield/signal,rear-end collision,2,0,1,clear,16.17528843,99.32339876,connecting to public/commercial area,other,2022-01-16T07:30:00Z
5969318,16.01.2022 15:00,24.03.2022 13:09,Nakhon Ratchasima,department of highways,private/passenger car,speeding,rear-end collision,3,0,0,clear,15.18821946,101.7596653,straight road,no slope,2022-01-16T08:00:00Z
6086490,16.01.2022 15:00,13.04.2022 11:14,Lampang,department of highways,private/passenger car,speeding,rear-end collision,2,2,0,rainy,18.19432094,99.45558874,straight road,no slope,2022-01-16T08:00:00Z
5782199,16.01.2022 15:50,22.02.2022 10:34,Ang Thong,department of highways,private/passenger car,speeding,rollover/fallen on curved road,1,0,0,clear,14.66060008,100.4600546,wide curve,no slope,2022-01-16T08:50:00Z
5776949,16.01.2022 16:10,21.02.2022 11:12,Suphan Buri,department of highways,motorcycle,speeding,rear-end collision,2,0,1,clear,14.43031631,100.1436853,straight road,no slope,2022-01-16T09:10:00Z
5605871,16.01.2022 16:17,19.01.2022 09:10,Pathum Thani,department of highways,4-wheel pickup truck,speeding,rear-end collision,2,0,0,clear,14.11176353,100.6803122,straight road,no slope,2022-01-16T09:17:00Z
6009531,16.01.2022 16:21,31.03.2022 09:34,Pathum Thani,department of highways,private/passenger car,speeding,rear-end collision,2,0,0,clear,14.01182708,100.7033953,straight road,no slope,2022-01-16T09:21:00Z
6144650,16.01.2022 17:18,26.04.2022 10:04,Udon Thani,department of highways,large truck with trailer,speeding,rollover/fallen on straight road,1,0,0,clear,17.6941874,102.9076508,other,other,2022-01-16T10:18:00Z
6056203,16.01.2022 17:20,8.04.2022 14:31,Lamphun,department of highways,4-wheel pickup truck,speeding,rollover/fallen on straight road,1,0,2,clear,18.48205882,98.94499003,straight road,no slope,2022-01-16T10:20:00Z
6099499,16.01.2022 17:30,15.04.2022 12:27,Nan,department of highways,4-wheel pickup truck,speeding,rollover/fallen on curved road,1,0,2,clear,18.53200802,100.6578594,wide curve,no slope,2022-01-16T10:30:00Z
5776933,16.01.2022 17:40,21.02.2022 11:09,Suphan Buri,department of highways,motorized tricycle,cutting in closely by people/vehicles/animals,rear-end collision,2,0,0,clear,14.46219164,100.1630643,straight road,no slope,2022-01-16T10:40:00Z
6243256,16.01.2022 18:00,25.05.2022 15:08,Lampang,department of highways,4-wheel pickup truck,speeding,rollover/fallen on curved road,1,0,0,rainy,17.82862853,99.28606241,wide curve,no slope,2022-01-16T11:00:00Z
5592921,16.01.2022 18:30,17.01.2022 12:57,Nan,department of highways,van,vehicle equipment failure,rollover/fallen on curved road,1,0,6,clear,19.17966559,100.9767365,wide curve,slope area,2022-01-16T11:30:00Z
6242071,16.01.2022 18:30,24.05.2022 09:00,Khon Kaen,department of highways,4-wheel pickup truck,other,rollover/fallen on straight road,2,0,1,clear,16.38401129,102.810359,straight road,no slope,2022-01-16T11:30:00Z
7513911,16.01.2022 18:30,28.12.2022 08:53,Chiang Rai,department of highways,private/passenger car,speeding,rollover/fallen on straight road,1,0,0,clear,20.23705294,100.1255402,straight road,no slope,2022-01-16T11:30:00Z
5931749,16.01.2022 21:10,18.03.2022 09:08,Chiang Mai,department of highways,4-wheel pickup truck,speeding,rollover/fallen on curved road,1,0,1,rainy,19.05929879,99.36285137,wide curve,no slope,2022-01-16T14:10:00Z
5919687,16.01.2022 21:30,16.03.2022 11:14,Nong Khai,department of highways,private/passenger car,falling asleep,rollover/fallen on straight road,1,0,1,clear,17.83569365,102.586821,straight road,no slope,2022-01-16T14:30:00Z
6546287,16.01.2022 22:00,13.07.2022 20:13,Krabi,department of highways,private/passenger car,driving under the influence of alcohol,rollover/fallen on straight road,1,0,1,clear,7.938015189,99.14546369,straight road,no slope,2022-01-16T15:00:00Z
6123745,16.01.2022 22:30,19.04.2022 17:09,Loburi,department of highways,4-wheel pickup truck,speeding,rollover/fallen on straight road,1,0,0,clear,14.86410207,100.9091073,other,other,2022-01-16T15:30:00Z
6345611,16.01.2022 23:00,10.06.2022 13:47,Pathum Thani,department of highways,motorcycle,speeding,rear-end collision,2,0,0,clear,14.07538454,100.6177497,other,other,2022-01-16T16:00:00Z
6073647,16.01.2022 23:35,11.04.2022 10:27,Chiang Mai,department of highways,4-wheel pickup truck,speeding,rollover/fallen on curved road,1,0,1,clear,19.27313402,99.1888511,wide curve,no slope,2022-01-16T16:35:00Z
5882029,16.01.2022 23:50,10.03.2022 11:47,Chumphon,department of highways,6-wheel truck,speeding,rollover/fallen on straight road,1,0,0,clear,9.919135066,99.06018554,straight road,no slope,2022-01-16T16:50:00Z
6123772,16.01.2022 23:50,19.04.2022 17:11,Loburi,department of highways,private/passenger car,speeding,rollover/fallen on straight road,1,0,1,clear,14.82157126,100.8553102,other,other,2022-01-16T16:50:00Z
5925702,17.01.2022 00:20,17.03.2022 09:12,Chiang Mai,department of highways,4-wheel pickup truck,speeding,rollover/fallen on straight road,1,0,0,clear,18.64797584,98.9032334,straight road,no slope,2022-01-16T17:20:00Z
7291930,17.01.2022 00:40,11.11.2022 14:18,Nakhon Ratchasima,department of highways,4-wheel pickup truck,speeding,rollover/fallen on straight road,3,0,0,clear,14.94912038,102.0184877,straight road,no slope,2022-01-16T17:40:00Z
5664094,17.01.2022 01:00,2.02.2022 19:50,Chon Buri,department of highways,4-wheel pickup truck,speeding,rollover/fallen on straight road,1,1,1,clear,13.44554605,101.165041,straight road,no slope,2022-01-16T18:00:00Z
5590531,17.01.2022 03:02,17.01.2022 04:04,Samut Prakan,expressway authority of thailand,7-10-wheel truck,other,rear-end collision,2,0,1,clear,13.637099,100.547235,grade-separated intersection/ramps,other,2022-01-16T20:02:00Z
5949903,17.01.2022 04:00,21.03.2022 11:17,Udon Thani,department of highways,large truck with trailer,speeding,rollover/fallen on straight road,1,0,0,clear,17.37055023,102.7206498,straight road,no slope,2022-01-16T21:00:00Z
6117480,17.01.2022 04:18,18.04.2022 15:18,Nan,department of highways,4-wheel pickup truck,speeding,rollover/fallen on curved road,1,0,0,rainy,18.78665383,100.9672415,wide curve,no slope,2022-01-16T21:18:00Z
5590986,17.01.2022 05:05,17.01.2022 06:13,Samut Prakan,expressway authority of thailand,large truck with trailer,other,side collision,2,0,1,clear,13.62904,100.527976,grade-separated intersection/ramps,other,2022-01-16T22:05:00Z
5906255,17.01.2022 05:20,14.03.2022 13:27,Sukhothai,department of highways,4-wheel pickup truck,speeding,rear-end collision,2,0,0,clear,17.16162702,99.86381827,straight road,no slope,2022-01-16T22:20:00Z
6010366,17.01.2022 05:50,31.03.2022 13:17,Chon Buri,department of highways,large truck with trailer,falling asleep,rollover/fallen on curved road,1,0,2,clear,12.95320142,100.9708544,wide curve,no slope,2022-01-16T22:50:00Z
5992066,17.01.2022 06:30,28.03.2022 09:54,Narathiwat,department of highways,4-wheel pickup truck,speeding,rollover/fallen on straight road,1,0,0,clear,6.020379747,101.9409665,straight road,no slope,2022-01-16T23:30:00Z
5752484,17.01.2022 06:50,17.02.2022 09:19,Sing Buri,department of highways,private/passenger car,speeding,rear-end collision,3,0,1,clear,14.7506395,100.4537487,straight road,no slope,2022-01-16T23:50:00Z
5897117,17.01.2022 06:50,12.03.2022 19:20,Kamphaeng Phet,department of highways,4-wheel pickup truck,speeding,rollover/fallen on straight road,1,2,9,clear,16.02741804,99.4234371,other,other,2022-01-16T23:50:00Z
5906602,17.01.2022 06:50,14.03.2022 14:39,Phetchabun,department of highways,large truck with trailer,cutting in closely by people/vehicles/animals,collision with obstruction (on road surface),1,0,0,clear,16.83403617,101.2493992,straight road,no slope,2022-01-16T23:50:00Z
5919974,17.01.2022 07:30,15.03.2022 10:25,Nong Bua Lam Phu,department of highways,large truck with trailer,speeding,rollover/fallen on straight road,1,0,1,clear,16.90717638,102.2747487,straight road,no slope,2022-01-17T00:30:00Z
5919999,17.01.2022 08:10,15.03.2022 10:37,Amnat Charoen,department of highways,motorcycle,speeding,rear-end collision,2,1,0,clear,16.10829513,105.0337735,straight road,no slope,2022-01-17T01:10:00Z
5956357,17.01.2022 08:30,22.03.2022 11:33,Nakhon Ratchasima,department of highways,other,speeding,rollover/fallen on straight road,1,0,0,clear,15.02874024,102.0832175,straight road,no slope,2022-01-17T01:30:00Z
5957298,17.01.2022 08:30,22.03.2022 14:57,Prachin Buri,department of highways,4-wheel pickup truck,speeding,rollover/fallen on straight road,1,0,0,clear,14.071802,101.557129,straight road,no slope,2022-01-17T01:30:00Z
5969465,17.01.2022 09:00,24.03.2022 13:40,Nakhon Ratchasima,department of highways,other,speeding,rollover/fallen on straight road,1,0,0,rainy,14.65634444,101.3682961,straight road,no slope,2022-01-17T02:00:00Z
5920125,17.01.2022 09:20,15.03.2022 11:41,Maha Sarakham,department of highways,4-wheel pickup truck,speeding,rollover/fallen on straight road,1,1,0,clear,16.38299741,103.1286648,straight road,no slope,2022-01-17T02:20:00Z
5752505,17.01.2022 09:30,17.02.2022 09:22,Sing Buri,department of highways,other,speeding,rollover/fallen on straight road,1,0,0,clear,15.03979088,100.3347257,straight road,no slope,2022-01-17T02:30:00Z
6148420,17.01.2022 09:30,3.05.2022 14:49,Krabi,department of highways,4-wheel pickup truck,speeding,rear-end collision,2,0,4,rainy,8.232897326,98.80850314,straight road,no slope,2022-01-17T02:30:00Z
5592506,17.01.2022 09:36,17.01.2022 11:15,Samut Prakan,expressway authority of thailand,other,other,rear-end collision,4,0,1,clear,13.613121,100.619701,straight road,other,2022-01-17T02:36:00Z
5606438,17.01.2022 10:18,19.01.2022 10:50,Chon Buri,department of highways,4-wheel pickup truck,speeding,rear-end collision,2,0,1,clear,12.99289118,100.9899169,straight road,no slope,2022-01-17T03:18:00Z
5739921,17.01.2022 10:20,14.02.2022 14:29,Nakhon Sawan,department of highways,4-wheel pickup truck,vehicle equipment failure,rollover/fallen on straight road,1,0,0,clear,15.88655564,100.2938193,straight road,no slope,2022-01-17T03:20:00Z
6566115,17.01.2022 11:00,1.04.2022 13:48,Mae Hong Son,department of rural roads,motorcycle,speeding,other,1,0,1,clear,19.41544921,97.95480296,straight road,no slope,2022-01-17T04:00:00Z
5836410,17.01.2022 11:30,3.03.2022 09:11,Phra Nakhon Si Ayutthaya,department of highways,4-wheel pickup truck,speeding,rear-end collision,2,0,2,clear,14.22046262,100.5418834,straight road,no slope,2022-01-17T04:30:00Z
5963424,17.01.2022 12:30,23.03.2022 14:01,Phatthalung,department of highways,4-wheel pickup truck,vehicle equipment failure,rollover/fallen on straight road,1,0,1,clear,7.584254774,100.0530374,straight road,no slope,2022-01-17T05:30:00Z
7330931,17.01.2022 13:00,8.09.2022 14:49,Chaiyaphum,department of highways,large truck with trailer,speeding,collision with obstruction (on road surface),1,0,4,clear,15.96519467,101.4381784,other,other,2022-01-17T06:00:00Z
6005085,17.01.2022 13:15,30.03.2022 14:37,Bangkok,department of highways,6-wheel truck,speeding,rollover/fallen on straight road,1,0,0,clear,13.75783362,100.6981999,straight road,no slope,2022-01-17T06:15:00Z
5862031,17.01.2022 13:30,7.03.2022 13:34,Samut Sakhon,department of highways,7-10-wheel truck,speeding,rollover/fallen on straight road,1,0,0,clear,13.57926675,100.2753872,other,other,2022-01-17T06:30:00Z
5776850,17.01.2022 14:00,21.02.2022 10:45,Suphan Buri,department of highways,4-wheel pickup truck,vehicle equipment failure,rollover/fallen on straight road,1,0,0,clear,14.45538163,100.0714615,straight road,no slope,2022-01-17T07:00:00Z
5969469,17.01.2022 14:00,24.03.2022 13:43,Nakhon Ratchasima,department of highways,motorcycle,cutting in closely by people/vehicles/animals,rear-end collision,2,0,1,clear,14.94925513,102.0189142,straight road,no slope,2022-01-17T07:00:00Z
5782196,17.01.2022 14:30,22.02.2022 10:31,Ang Thong,department of highways,motorcycle,speeding,rear-end collision,2,0,1,clear,14.58825064,100.4409841,other,other,2022-01-17T07:30:00Z
5969449,17.01.2022 15:00,24.03.2022 13:37,Loburi,department of highways,7-10-wheel truck,speeding,rear-end collision,3,0,1,clear,15.10177887,101.3996377,straight road,no slope,2022-01-17T08:00:00Z
5925970,17.01.2022 15:22,17.03.2022 10:21,Chiang Mai,department of highways,4-wheel pickup truck,speeding,rear-end collision,2,0,1,clear,17.94708978,98.69538365,straight road,no slope,2022-01-17T08:22:00Z
5957289,17.01.2022 15:30,22.03.2022 14:56,Prachin Buri,department of highways,4-wheel pickup truck,speeding,rollover/fallen on straight road,1,0,4,clear,13.99090542,101.4459783,straight road,no slope,2022-01-17T08:30:00Z
6073368,17.01.2022 15:30,11.04.2022 09:39,Chiang Mai,department of highways,motorcycle,cutting in closely by people/vehicles/animals,rear-end collision,2,0,2,clear,20.03451862,99.29995625,straight road,no slope,2022-01-17T08:30:00Z
6086389,17.01.2022 15:30,13.04.2022 10:50,Lampang,department of highways,4-wheel pickup truck,speeding,rollover/fallen on straight road,1,1,0,clear,18.64311154,100.0179031,straight road,no slope,2022-01-17T08:30:00Z
5906502,17.01.2022 15:38,14.03.2022 14:16,Sukhothai,department of highways,motorcycle,speeding,rear-end collision,3,0,1,clear,17.01201803,99.83808516,straight road,no slope,2022-01-17T08:38:00Z
6243224,17.01.2022 16:00,25.05.2022 14:29,Nakhon Ratchasima,department of highways,4-wheel pickup truck,speeding,rollover/fallen on straight road,1,0,0,rainy,14.69120457,101.4705714,straight road,no slope,2022-01-17T09:00:00Z
5969462,17.01.2022 17:00,24.03.2022 13:42,Nakhon Ratchasima,department of highways,private/passenger car,speeding,rollover/fallen on straight road,1,0,2,clear,14.94539128,102.0101032,straight road,no slope,2022-01-17T10:00:00Z
5920081,17.01.2022 17:20,15.03.2022 11:13,Sakon Nakhon,department of highways,motorcycle,speeding,rear-end collision,2,0,1,clear,17.13908081,104.1017648,straight road,no slope,2022-01-17T10:20:00Z
6567069,17.01.2022 18:01,20.01.2022 09:23,Nakhon Nayok,department of rural roads,motorcycle,unfamiliarity with the route/unskilled driving,other,2,0,2,clear,14.01295,101.061933,straight road,other,2022-01-17T11:01:00Z
6145549,17.01.2022 18:34,27.04.2022 10:54,Surin,department of highways,motorcycle,speeding,rear-end collision,3,0,3,clear,14.84182914,103.5452896,straight road,no slope,2022-01-17T11:34:00Z
5969946,17.01.2022 19:00,24.03.2022 15:20,Nakhon Ratchasima,department of highways,motorcycle,speeding,rear-end collision,2,1,0,clear,14.47168426,102.3342991,straight road,no slope,2022-01-17T12:00:00Z
6233687,17.01.2022 19:00,19.05.2022 14:46,Ratchaburi,department of highways,private/passenger car,speeding,rollover/fallen on curved road,1,0,0,clear,13.68102333,99.934929,other,other,2022-01-17T12:00:00Z
5782150,17.01.2022 19:10,22.02.2022 10:29,Ang Thong,department of highways,private/passenger car,speeding,rollover/fallen on straight road,1,0,0,clear,14.65543621,100.4118177,straight road,no slope,2022-01-17T12:10:00Z
6243268,17.01.2022 19:10,25.05.2022 15:18,Suphan Buri,department of highways,motorcycle,cutting in closely by people/vehicles/animals,rear-end collision,3,0,2,clear,14.47585258,100.1106512,other,other,2022-01-17T12:10:00Z
6086127,17.01.2022 19:20,13.04.2022 09:53,Uttaradit,department of highways,private/passenger car,speeding,head-on collision (not overtaking),2,0,1,clear,17.60762044,100.0826973,straight road,no slope,2022-01-17T12:20:00Z
5906505,17.01.2022 19:25,14.03.2022 14:15,Sukhothai,department of highways,motorcycle,cutting in closely by people/vehicles/animals,collision with obstruction (on road surface),1,0,1,clear,17.01189492,99.77379798,straight road,no slope,2022-01-17T12:25:00Z
7330936,17.01.2022 19:30,21.01.2022 14:55,Kanchanaburi,department of highways,large truck with trailer,speeding,rear-end collision,2,0,5,clear,14.11859695,99.18494849,straight road,slope area,2022-01-17T12:30:00Z
7330933,17.01.2022 20:00,24.03.2022 15:21,Nakhon Ratchasima,department of highways,7-10-wheel truck,speeding,rear-end collision,3,2,0,clear,14.65904055,102.0130133,straight road,no slope,2022-01-17T13:00:00Z
5968693,17.01.2022 21:00,24.03.2022 10:29,Surat Thani,department of highways,motorcycle,running red lights/traffic signals,collision with obstruction (on road surface),2,1,1,clear,9.409594565,99.16331916,straight road,no slope,2022-01-17T14:00:00Z
7440912,17.01.2022 22:10,8.12.2022 08:20,Samut Prakan,department of highways,private/passenger car,speeding,rear-end collision,2,0,1,clear,13.60140241,100.7859483,straight road,no slope,2022-01-17T15:10:00Z
6242377,17.01.2022 23:00,24.05.2022 14:27,Suphan Buri,department of highways,motorcycle,running red lights/traffic signals,collision with obstruction (on road surface),2,1,1,clear,14.76438367,99.76927845,other,other,2022-01-17T16:00:00Z
7437175,17.01.2022 23:00,7.12.2022 07:43,Phuket,department of highways,4-wheel pickup truck,speeding,rollover/fallen on straight road,1,0,0,clear,7.892570452,98.36898027,other,other,2022-01-17T16:00:00Z
6086632,17.01.2022 23:05,13.04.2022 11:49,Chiang Rai,department of highways,4-wheel pickup truck,falling asleep,rollover/fallen on curved road,1,0,2,rainy,19.69028379,99.57169621,wide curve,no slope,2022-01-17T16:05:00Z
5838235,18.01.2022 00:01,3.03.2022 15:26,Pathum Thani,department of highways,private/passenger car,speeding,rear-end collision,2,0,0,clear,13.93491585,100.7465038,other,other,2022-01-17T17:01:00Z
5920502,18.01.2022 02:00,16.03.2022 09:10,Sakon Nakhon,department of highways,motorcycle,speeding,rollover/fallen on straight road,1,1,0,clear,17.46137539,103.4556582,straight road,no slope,2022-01-17T19:00:00Z
5867480,18.01.2022 02:10,8.03.2022 09:18,Chanthaburi,department of highways,4-wheel pickup truck,speeding,rollover/fallen on curved road,1,0,0,clear,12.45131738,102.2916841,wide curve,slope area,2022-01-17T19:10:00Z
5746203,18.01.2022 02:15,15.02.2022 15:09,Nonthaburi,department of highways,6-wheel truck,speeding,rollover/fallen on straight road,1,0,0,clear,13.9034714,100.4071909,straight road,no slope,2022-01-17T19:15:00Z
6242387,18.01.2022 03:30,24.05.2022 14:33,Pattani,department of highways,4-wheel pickup truck,speeding,rollover/fallen on straight road,1,0,3,clear,6.694249927,101.5451422,straight road,no slope,2022-01-17T20:30:00Z
6233722,18.01.2022 03:47,19.05.2022 14:51,Samut Songkhram,department of highways,private/passenger car,speeding,rollover/fallen on straight road,1,0,3,clear,13.41558073,99.97080891,straight road,no slope,2022-01-17T20:47:00Z
7311123,18.01.2022 04:30,14.11.2022 13:20,Nakhon Ratchasima,department of highways,private/passenger car,speeding,rollover/fallen on straight road,1,0,1,clear,14.94929919,102.0188954,straight road,no slope,2022-01-17T21:30:00Z
6092797,18.01.2022 05:00,14.04.2022 10:15,Phrae,department of highways,private/passenger car,unfamiliarity with the route/unskilled driving,rollover/fallen on curved road,1,0,1,rainy,17.8267007,99.86420719,wide curve,slope area,2022-01-17T22:00:00Z
7290416,18.01.2022 05:00,11.11.2022 09:52,Udon Thani,department of highways,4-wheel pickup truck,falling asleep,rollover/fallen on straight road,1,0,1,clear,17.49679336,102.7976748,straight road,no slope,2022-01-17T22:00:00Z
6127366,18.01.2022 05:20,20.04.2022 08:01,Saraburi,department of highways,6-wheel truck,speeding,rollover/fallen on straight road,1,0,1,clear,14.5105829,100.9727347,straight road,no slope,2022-01-17T22:20:00Z
5975036,18.01.2022 05:30,25.03.2022 09:30,Surat Thani,department of highways,4-wheel pickup truck,speeding,rollover/fallen on straight road,1,0,0,clear,8.833450889,99.17446642,straight road,no slope,2022-01-17T22:30:00Z
5759943,18.01.2022 05:40,18.02.2022 14:29,Chon Buri,department of highways,6-wheel truck,speeding,rollover/fallen on straight road,1,0,0,clear,13.21180083,101.005184,straight road,no slope,2022-01-17T22:40:00Z
7330939,18.01.2022 05:45,15.02.2022 13:54,Saraburi,department of highways,large truck with trailer,falling asleep,rear-end collision,3,0,2,clear,14.34674401,100.8662268,straight road,no slope,2022-01-17T22:45:00Z
5783433,18.01.2022 07:15,22.02.2022 14:41,Bangkok,department of highways,other,speeding,collision with obstruction (on road surface),1,0,0,clear,13.919379,100.601128,straight road,no slope,2022-01-18T00:15:00Z
5963429,18.01.2022 07:30,23.03.2022 14:05,Phatthalung,department of highways,motorcycle,cutting in closely by people/vehicles/animals,other,2,0,1,clear,7.589245209,99.85125481,connecting to public/commercial area,other,2022-01-18T00:30:00Z