acc_code,incident_datetime,report_datetime,province_en,agency,vehicle_type,presumed_cause,accident_type,number_of_vehicles_involved,number_of_fatalities,number_of_injuries,weather_condition,latitude,longitude,road_description,slope_description,incident_time
6242379,18.01.2022 07:39,24.05.2022 14:29,Ratchaburi,department of highways,4-wheel pickup truck,speeding,rollover/fallen on straight road,1,0,0,clear,13.73636794,99.91322725,straight road,no slope,2022-01-18T00:39:00Z
7554321,18.01.2022 08:40,9.01.2023 10:12,Bangkok,department of highways,motorcycle,speeding,rear-end collision,2,0,0,clear,13.78219931,100.4185461,straight road,no slope,2022-01-18T01:40:00Z
6010364,18.01.2022 08:41,31.03.2022 13:20,Bangkok,department of highways,private/passenger car,speeding,rollover/fallen on straight road,1,0,0,clear,13.73218088,100.7815441,straight road,no slope,2022-01-18T01:41:00Z
7311103,18.01.2022 09:30,14.11.2022 13:17,Nakhon Ratchasima,department of highways,other,speeding,rollover/fallen on straight road,1,0,0,rainy,14.87522341,101.8436318,straight road,no slope,2022-01-18T02:30:00Z
6331235,18.01.2022 10:00,8.06.2022 12:59,Nakhon Si Thammarat,department of highways,4-wheel pickup truck,speeding,rollover/fallen on straight road,1,0,0,clear,8.055737341,100.2085385,straight road,no slope,2022-01-18T03:00:00Z
5759032,18.01.2022 10:10,18.02.2022 11:02,Suphan Buri,department of highways,4-wheel pickup truck,speeding,rollover/fallen on straight road,1,0,0,clear,14.66533829,100.1232737,other,other,2022-01-18T03:10:00Z
5906475,18.01.2022 10:47,14.03.2022 14:13,Sukhothai,department of highways,4-wheel pickup truck,speeding,rear-end collision,2,0,0,clear,17.30269564,99.82623248,other,other,2022-01-18T03:47:00Z
6567066,18.01.2022 11:00,19.01.2022 08:30,Mae Hong Son,department of rural roads,van,brake/anti-lock brake system failure,other,1,0,8,clear,19.485192,97.962607,wide curve,slope area,2022-01-18T04:00:00Z
5920117,18.01.2022 11:15,15.03.2022 11:39,Maha Sarakham,department of highways,private/passenger car,speeding,rollover/fallen on straight road,1,0,1,clear,16.0485123,103.1050801,straight road,no slope,2022-01-18T04:15:00Z
5599618,18.01.2022 11:23,18.01.2022 11:58,Bangkok,expressway authority of thailand,other,other,rear-end collision,3,0,0,clear,13.711098,100.598219,straight road,other,2022-01-18T04:23:00Z
6009528,18.01.2022 12:22,31.03.2022 09:33,Pathum Thani,department of highways,private/passenger car,speeding,rear-end collision,2,0,0,clear,14.07536893,100.6956276,straight road,no slope,2022-01-18T05:22:00Z
5776874,18.01.2022 12:30,21.02.2022 10:50,Suphan Buri,department of highways,4-wheel pickup truck,speeding,rollover/fallen on straight road,1,2,1,clear,14.50075436,99.99173819,straight road,no slope,2022-01-18T05:30:00Z
7330942,18.01.2022 13:30,11.04.2022 09:07,Chiang Mai,department of highways,4-wheel pickup truck,cutting in closely by people/vehicles/animals,rear-end collision,2,0,1,clear,19.45893459,98.9934039,other,other,2022-01-18T06:30:00Z
6009526,18.01.2022 14:00,31.03.2022 09:32,Pathum Thani,department of highways,4-wheel pickup truck,speeding,rear-end collision,2,0,1,clear,14.06087191,100.6971082,straight road,no slope,2022-01-18T07:00:00Z
5991997,18.01.2022 14:30,28.03.2022 09:40,Pattani,department of highways,4-wheel pickup truck,speeding,rollover/fallen on curved road,1,0,0,clear,6.801074794,101.2799173,wide curve,no slope,2022-01-18T07:30:00Z
5920075,18.01.2022 14:45,15.03.2022 13:42,Kalasin,department of highways,motorcycle,speeding,collision with obstruction (on road surface),2,0,1,clear,16.66078202,103.9152467,wide curve,no slope,2022-01-18T07:45:00Z
6918566,18.01.2022 15:00,16.09.2022 13:54,Phrae,department of highways,4-wheel pickup truck,speeding,rollover/fallen on straight road,1,0,0,clear,18.03039324,99.70571815,straight road,no slope,2022-01-18T08:00:00Z
5920145,18.01.2022 15:40,15.03.2022 11:56,Maha Sarakham,department of highways,private/passenger car,speeding,rollover/fallen on straight road,1,0,1,clear,16.18590912,103.2727718,straight road,no slope,2022-01-18T08:40:00Z
6242352,18.01.2022 16:30,24.05.2022 14:16,Nan,department of highways,7-10-wheel truck,speeding,rollover/fallen on curved road,1,0,0,rainy,19.24834497,101.1807293,wide curve,slope area,2022-01-18T09:30:00Z
6368305,18.01.2022 16:38,14.06.2022 10:39,Kalasin,department of highways,private/passenger car,speeding,rollover/fallen on straight road,1,0,0,clear,16.4836082,104.0464443,other,other,2022-01-18T09:38:00Z
6079554,18.01.2022 16:39,12.04.2022 09:59,Phitsanulok,department of highways,private/passenger car,speeding,rear-end collision,4,0,3,clear,16.81817748,100.2897262,other,other,2022-01-18T09:39:00Z
5838085,18.01.2022 17:00,3.03.2022 15:04,Saraburi,department of highways,7-10-wheel truck,falling asleep,collision with obstruction (on road surface),1,0,0,clear,14.58685413,100.6184578,straight road,no slope,2022-01-18T10:00:00Z
5920499,18.01.2022 17:00,16.03.2022 09:09,Sakon Nakhon,department of highways,private/passenger car,vehicle equipment failure,rollover/fallen on straight road,1,0,0,clear,17.3985737,103.6849603,straight road,no slope,2022-01-18T10:00:00Z
5738716,18.01.2022 17:30,14.02.2022 10:00,Nakhon Sawan,department of highways,4-wheel pickup truck,vehicle equipment failure,rollover/fallen on straight road,1,0,0,clear,15.53854648,100.125972,other,other,2022-01-18T10:30:00Z
5905475,18.01.2022 17:30,14.03.2022 10:19,Tak,department of highways,motorcycle,speeding,rollover/fallen on curved road,1,2,1,clear,17.57055691,97.92916773,wide curve,slope area,2022-01-18T10:30:00Z
5920079,18.01.2022 17:40,15.03.2022 11:12,Sakon Nakhon,department of highways,4-wheel pickup truck,speeding,rear-end collision,2,0,2,clear,17.13632546,104.092994,straight road,no slope,2022-01-18T10:40:00Z
6127513,18.01.2022 18:00,20.04.2022 08:45,Saraburi,department of highways,6-wheel truck,speeding,rollover/fallen on straight road,1,0,0,clear,14.38374706,100.886338,straight road,no slope,2022-01-18T11:00:00Z
6243264,18.01.2022 18:06,25.05.2022 15:12,Chiang Mai,department of highways,motorcycle,speeding,rear-end collision,2,0,1,clear,18.88878188,98.95481764,straight road,no slope,2022-01-18T11:06:00Z
5745048,18.01.2022 18:30,15.02.2022 10:45,Loburi,department of highways,7-10-wheel truck,overloaded vehicle,rollover/fallen on straight road,1,0,0,clear,15.1702233,101.0648739,straight road,no slope,2022-01-18T11:30:00Z
5836445,18.01.2022 18:30,3.03.2022 09:15,Phra Nakhon Si Ayutthaya,department of highways,4-wheel pickup truck,vehicle equipment failure,rollover/fallen on straight road,1,0,0,clear,14.24119163,100.7413566,straight road,no slope,2022-01-18T11:30:00Z
5905259,18.01.2022 18:30,14.03.2022 09:31,Tak,department of highways,large truck with trailer,vehicle equipment failure,other,1,0,0,clear,16.79849668,98.59492956,straight road,no slope,2022-01-18T11:30:00Z
6148419,18.01.2022 18:45,3.05.2022 14:45,Krabi,department of highways,6-wheel truck,speeding,rear-end collision,2,0,0,clear,8.084298833,98.88754784,wide curve,no slope,2022-01-18T11:45:00Z
7140268,18.01.2022 19:30,20.10.2022 13:53,Phetchabun,department of highways,private/passenger car,speeding,rollover/fallen on straight road,1,0,1,clear,16.18379945,101.0882842,straight road,no slope,2022-01-18T12:30:00Z
7330945,18.01.2022 19:30,15.02.2022 08:13,Loburi,department of highways,4-wheel pickup truck,speeding,head-on collision (not overtaking),2,0,1,clear,14.84721157,100.6091773,straight road,no slope,2022-01-18T12:30:00Z
6123666,18.01.2022 19:40,19.04.2022 16:51,Loburi,department of highways,private/passenger car,speeding,rollover/fallen on curved road,1,0,1,clear,14.81481648,100.7928979,wide curve,no slope,2022-01-18T12:40:00Z
5628523,18.01.2022 19:44,28.01.2022 10:49,Trat,department of highways,4-wheel pickup truck,speeding,head-on collision (not overtaking),2,1,0,clear,12.34911487,102.3789659,straight road,slope area,2022-01-18T12:44:00Z
6003954,18.01.2022 19:55,30.03.2022 10:08,Chiang Mai,department of highways,private/passenger car,speeding,rollover/fallen on straight road,1,0,1,clear,18.90819469,98.94877462,straight road,no slope,2022-01-18T12:55:00Z
6950240,18.01.2022 21:00,21.09.2022 11:00,Nonthaburi,department of highways,motorcycle,speeding,rear-end collision,2,1,0,clear,13.86592147,100.4108012,straight road,no slope,2022-01-18T14:00:00Z
7437731,18.01.2022 21:25,7.12.2022 08:09,Krabi,department of highways,4-wheel pickup truck,speeding,rollover/fallen on straight road,1,0,0,clear,8.498858303,98.70217233,straight road,no slope,2022-01-18T14:25:00Z
6344504,18.01.2022 22:50,10.06.2022 10:25,Bangkok,department of highways,private/passenger car,speeding,rollover/fallen on straight road,1,0,1,clear,13.81101907,100.7960924,straight road,no slope,2022-01-18T15:50:00Z
6144724,18.01.2022 22:55,26.04.2022 12:01,Si Sa Ket,department of highways,private/passenger car,speeding,rollover/fallen on curved road,1,0,1,clear,14.91936611,104.3993881,wide curve,slope area,2022-01-18T15:55:00Z
6337091,18.01.2022 23:15,9.06.2022 09:32,Chachoengsao,department of highways,6-wheel truck,speeding,rollover/fallen on straight road,1,0,0,clear,13.65677746,101.0477856,straight road,no slope,2022-01-18T16:15:00Z
5881796,19.01.2022 00:10,10.03.2022 11:06,Chumphon,department of highways,7-10-wheel truck,speeding,rear-end collision,2,0,1,clear,10.32559065,99.09216552,straight road,no slope,2022-01-18T17:10:00Z
6092831,19.01.2022 00:15,14.04.2022 10:21,Phrae,department of highways,private/passenger car,speeding,rear-end collision,2,0,0,clear,18.18806013,100.1862493,straight road,no slope,2022-01-18T17:15:00Z
5843233,19.01.2022 01:00,4.03.2022 10:54,Nonthaburi,department of highways,private/passenger car,speeding,rollover/fallen on straight road,1,0,1,clear,13.87503806,100.4237106,straight road,no slope,2022-01-18T18:00:00Z
5969597,19.01.2022 02:00,24.03.2022 14:12,Nakhon Ratchasima,department of highways,4-wheel pickup truck,speeding,rear-end collision,2,0,1,clear,14.85072977,101.5735146,straight road,no slope,2022-01-18T19:00:00Z
6330957,19.01.2022 02:20,8.06.2022 11:43,Samut Prakan,department of highways,private/passenger car,speeding,rollover/fallen on straight road,1,0,0,clear,13.64135503,100.8884355,straight road,no slope,2022-01-18T19:20:00Z
5905254,19.01.2022 02:40,14.03.2022 09:29,Tak,department of highways,4-wheel pickup truck,driving under the influence of alcohol,rollover/fallen on straight road,1,0,0,clear,16.72367309,98.58491419,straight road,no slope,2022-01-18T19:40:00Z
5969515,19.01.2022 03:00,24.03.2022 13:51,Nakhon Ratchasima,department of highways,private/passenger car,speeding,head-on collision (not overtaking),2,0,2,clear,14.97985772,102.090033,other,other,2022-01-18T20:00:00Z
7311108,19.01.2022 03:39,14.11.2022 13:18,Nakhon Ratchasima,department of highways,4-wheel pickup truck,driving under the influence of alcohol,rollover/fallen on straight road,1,0,0,clear,14.85535754,101.6692373,straight road,no slope,2022-01-18T20:39:00Z
6145529,19.01.2022 04:00,27.04.2022 10:02,Surin,department of highways,4-wheel pickup truck,falling asleep,rollover/fallen on straight road,1,0,0,clear,14.61540037,103.493354,straight road,no slope,2022-01-18T21:00:00Z
6944806,19.01.2022 04:00,20.09.2022 14:38,Chumphon,department of highways,private/passenger car,speeding,rollover/fallen on straight road,1,0,1,clear,10.60286805,99.27052973,other,other,2022-01-18T21:00:00Z
6009524,19.01.2022 04:16,31.03.2022 09:30,Pathum Thani,department of highways,large truck with trailer,speeding,rear-end collision,2,0,0,clear,14.10776535,100.6825358,straight road,no slope,2022-01-18T21:16:00Z
6545080,19.01.2022 05:20,13.07.2022 14:00,Ratchaburi,department of highways,7-10-wheel truck,speeding,rear-end collision,2,0,0,clear,13.35062304,99.82802151,straight road,no slope,2022-01-18T22:20:00Z
5969598,19.01.2022 05:30,24.03.2022 14:15,Nakhon Ratchasima,department of highways,7-10-wheel truck,speeding,rollover/fallen on straight road,1,0,3,clear,15.40047698,101.8374118,straight road,no slope,2022-01-18T22:30:00Z
6567074,19.01.2022 06:30,21.01.2022 09:19,Suphan Buri,department of rural roads,motorcycle,speeding,other,2,1,1,clear,14.816075,100.111441,y-intersection,other,2022-01-18T23:30:00Z
6074422,19.01.2022 07:00,11.04.2022 13:23,Mae Hong Son,department of highways,private/passenger car,debris/obstruction on the road,rollover/fallen on straight road,1,0,2,clear,18.63984318,97.94291674,straight road,no slope,2022-01-19T00:00:00Z
6567067,19.01.2022 07:30,19.01.2022 13:30,Nonthaburi,department of rural roads,motorcycle,repair/construction on the road,other,3,1,0,clear,13.922675,100.477745,straight road,no slope,2022-01-19T00:30:00Z
5781659,19.01.2022 08:30,22.02.2022 08:37,Phra Nakhon Si Ayutthaya,department of highways,large truck with trailer,overloaded vehicle,other,1,0,0,clear,14.16687507,100.291298,other,other,2022-01-19T01:30:00Z
6005067,19.01.2022 08:30,30.03.2022 14:33,Pathum Thani,department of highways,private/passenger car,speeding,rollover/fallen on straight road,1,0,1,clear,14.00927671,100.7043046,straight road,no slope,2022-01-19T01:30:00Z
5919588,19.01.2022 09:00,16.03.2022 12:24,Prachuap Khiri Khan,department of highways,4-wheel pickup truck,falling asleep,rollover/fallen on straight road,1,0,0,clear,11.92927004,99.80962156,straight road,no slope,2022-01-19T02:00:00Z
6145532,19.01.2022 09:20,27.04.2022 10:14,Surin,department of highways,4-wheel pickup truck,speeding,rear-end collision,2,1,1,clear,15.42795293,103.2420847,straight road,no slope,2022-01-19T02:20:00Z
6238011,19.01.2022 09:30,20.05.2022 07:52,Ratchaburi,department of highways,4-wheel pickup truck,speeding,rollover/fallen on straight road,1,0,0,rainy,13.45547454,99.8000568,straight road,no slope,2022-01-19T02:30:00Z
5881327,19.01.2022 10:00,10.03.2022 09:38,Khon Kaen,department of highways,other,speeding,rollover/fallen on curved road,1,0,0,clear,16.68001971,102.7182197,wide curve,no slope,2022-01-19T03:00:00Z
6533125,19.01.2022 10:00,11.07.2022 14:30,Samut Prakan,department of highways,6-wheel truck,speeding,rear-end collision,4,0,3,clear,13.64050529,100.6989616,straight road,no slope,2022-01-19T03:00:00Z
6368303,19.01.2022 10:15,14.06.2022 10:37,Roi Et,department of highways,private/passenger car,speeding,rollover/fallen on straight road,1,0,0,clear,16.42614181,103.9001593,straight road,no slope,2022-01-19T03:15:00Z
5861219,19.01.2022 10:23,7.03.2022 10:41,Khon Kaen,department of highways,other,speeding,rollover/fallen on straight road,1,0,0,clear,16.83526845,101.9855475,straight road,no slope,2022-01-19T03:23:00Z
5920773,19.01.2022 10:30,16.03.2022 14:00,buogkan,department of highways,private/passenger car,falling asleep,rollover/fallen on curved road,1,0,1,clear,18.35037844,103.6367503,wide curve,no slope,2022-01-19T03:30:00Z
6148323,19.01.2022 10:30,3.05.2022 12:11,Krabi,department of highways,motorcycle,cutting in closely by people/vehicles/animals,rear-end collision,2,0,0,clear,8.262608774,99.04921262,connecting to public/commercial area,other,2022-01-19T03:30:00Z
5906711,19.01.2022 10:40,14.03.2022 14:59,Phetchabun,department of highways,6-wheel truck,overloaded vehicle,rollover/fallen on curved road,1,0,1,clear,17.06925661,101.4717007,wide curve,slope area,2022-01-19T03:40:00Z
5783434,19.01.2022 11:00,22.02.2022 14:40,Bangkok,department of highways,other,speeding,rollover/fallen on straight road,1,0,0,clear,13.7338901,100.8054882,wide curve,no slope,2022-01-19T04:00:00Z
6368276,19.01.2022 11:00,14.06.2022 10:33,Roi Et,department of highways,private/passenger car,speeding,rollover/fallen on straight road,1,0,0,clear,16.41950404,103.871296,straight road,no slope,2022-01-19T04:00:00Z
6567073,19.01.2022 11:00,21.01.2022 09:19,Mae Hong Son,department of rural roads,private/passenger car,straddling lanes,other,2,0,0,clear,19.46395,97.967821,sharp curve,no slope,2022-01-19T04:00:00Z
5607415,19.01.2022 11:06,19.01.2022 13:55,Samut Prakan,expressway authority of thailand,4-wheel pickup truck,other,rear-end collision,2,0,0,clear,13.632982,100.712435,straight road,other,2022-01-19T04:06:00Z
5843832,19.01.2022 11:30,4.03.2022 13:26,Nonthaburi,department of highways,4-wheel pickup truck,cutting in closely by people/vehicles/animals,rear-end collision,4,0,1,clear,13.97743897,100.3906175,straight road,no slope,2022-01-19T04:30:00Z
5919570,19.01.2022 12:00,16.03.2022 13:46,Phetchaburi,department of highways,4-wheel pickup truck,speeding,rollover/fallen on curved road,1,0,0,clear,12.81085714,99.94360326,other,other,2022-01-19T05:00:00Z
5919647,19.01.2022 12:00,15.03.2022 11:30,Maha Sarakham,department of highways,private/passenger car,speeding,rollover/fallen on straight road,1,0,1,clear,16.07732092,103.1561279,straight road,no slope,2022-01-19T05:00:00Z
5991910,19.01.2022 13:30,28.03.2022 09:20,Songkhla,department of highways,4-wheel pickup truck,speeding,rollover/fallen on straight road,1,0,0,clear,6.786711213,100.7024136,straight road,no slope,2022-01-19T06:30:00Z
5919971,19.01.2022 13:45,15.03.2022 10:20,Khon Kaen,department of highways,4-wheel pickup truck,speeding,rollover/fallen on curved road,1,0,1,clear,16.68013019,102.3533079,wide curve,slope area,2022-01-19T06:45:00Z
6144110,19.01.2022 15:20,25.04.2022 13:56,Phrae,department of highways,private/passenger car,speeding,rollover/fallen on curved road,1,0,0,clear,18.39400821,100.4481912,wide curve,no slope,2022-01-19T08:20:00Z
5998705,19.01.2022 15:30,29.03.2022 13:29,Rayong,department of highways,private/passenger car,speeding,rollover/fallen on curved road,1,0,0,clear,12.71699242,101.0226586,wide curve,no slope,2022-01-19T08:30:00Z
5969561,19.01.2022 16:00,24.03.2022 14:01,Nakhon Ratchasima,department of highways,motorcycle,speeding,rear-end collision,2,1,0,clear,15.1885275,101.7599684,straight road,no slope,2022-01-19T09:00:00Z
5919926,19.01.2022 16:40,15.03.2022 09:46,Loei,department of highways,large truck with trailer,vehicle equipment failure,collision with obstruction (on road surface),1,0,1,clear,17.13390841,102.0115006,other,other,2022-01-19T09:40:00Z
5963398,19.01.2022 17:00,23.03.2022 14:00,Phatthalung,department of highways,private/passenger car,speeding,rollover/fallen on curved road,1,0,1,clear,7.548482539,100.0411525,wide curve,no slope,2022-01-19T10:00:00Z
6148415,19.01.2022 17:15,3.05.2022 14:38,Krabi,department of highways,4-wheel pickup truck,speeding,rollover/fallen on straight road,1,0,1,clear,8.107993643,98.93663763,straight road,no slope,2022-01-19T10:15:00Z
7330947,19.01.2022 18:30,20.01.2022 11:36,Suphan Buri,department of highways,motorcycle,running red lights/traffic signals,collision with obstruction (on road surface),2,0,4,clear,14.46207476,100.1473814,straight road,no slope,2022-01-19T11:30:00Z
7330954,19.01.2022 18:40,21.03.2022 11:24,Udon Thani,department of highways,private/passenger car,speeding,head-on collision (not overtaking),2,1,1,clear,17.58990781,102.4146768,straight road,no slope,2022-01-19T11:40:00Z
5622745,19.01.2022 19:15,21.01.2022 15:58,Bangkok,department of highways,private/passenger car,speeding,rear-end collision,3,0,0,clear,13.65883649,100.6933799,straight road,no slope,2022-01-19T12:15:00Z
7553830,19.01.2022 20:45,7.01.2023 15:56,Bangkok,department of highways,motorcycle,running red lights/traffic signals,collision at intersection corner,2,1,1,other,13.78987642,100.5615629,straight road,no slope,2022-01-19T13:45:00Z
6144685,19.01.2022 21:24,26.04.2022 10:48,Udon Thani,department of highways,motorcycle,speeding,rear-end collision,2,0,6,clear,17.36256322,103.1522655,straight road,no slope,2022-01-19T14:24:00Z
6331238,19.01.2022 22:00,8.06.2022 12:57,Nakhon Si Thammarat,department of highways,4-wheel pickup truck,speeding,rollover/fallen on straight road,1,0,0,clear,8.996151666,99.88866089,straight road,no slope,2022-01-19T15:00:00Z
6226778,19.01.2022 22:20,18.05.2022 13:54,Nakhon Si Thammarat,department of highways,4-wheel pickup truck,speeding,rollover/fallen on straight road,1,0,0,clear,8.599387144,99.80343102,straight road,no slope,2022-01-19T15:20:00Z
7330951,19.01.2022 22:30,22.03.2022 14:55,Prachin Buri,department of highways,private/passenger car,speeding,rollover/fallen on curved road,1,0,2,clear,13.99144156,101.4451092,wide curve,no slope,2022-01-19T15:30:00Z
7437654,19.01.2022 22:30,7.12.2022 08:06,Phangnga,department of highways,4-wheel pickup truck,speeding,rollover/fallen on curved road,1,1,1,clear,8.330058424,98.42416136,wide curve,slope area,2022-01-19T15:30:00Z
5753792,19.01.2022 23:00,17.02.2022 13:58,Kanchanaburi,department of highways,motorcycle,disabled vehicle without proper signals,collision with obstruction (on road surface),2,1,0,clear,14.14319765,99.14679138,straight road,slope area,2022-01-19T16:00:00Z
6004966,19.01.2022 23:37,30.03.2022 14:06,Bangkok,department of highways,4-wheel pickup truck,speeding,rear-end collision,2,0,0,clear,13.73108394,100.76253,straight road,no slope,2022-01-19T16:37:00Z
5869216,20.01.2022 00:30,8.03.2022 15:11,Chanthaburi,department of highways,motorized tricycle,speeding,rollover/fallen on curved road,1,1,2,clear,12.64023623,102.1716821,other,other,2022-01-19T17:30:00Z
7330957,20.01.2022 00:30,22.02.2022 10:28,Ang Thong,department of highways,7-10-wheel truck,speeding,rear-end collision,2,0,0,clear,14.6659351,100.4715291,other,other,2022-01-19T17:30:00Z
5613595,20.01.2022 01:03,20.01.2022 09:37,Nakhon Ratchasima,department of highways,7-10-wheel truck,speeding,rear-end collision,2,0,5,clear,14.7832672,101.9513601,straight road,no slope,2022-01-19T18:03:00Z
5624465,20.01.2022 01:17,24.01.2022 10:09,Chon Buri,department of highways,large truck with trailer,speeding,rear-end collision,2,0,0,clear,13.27316189,100.9904158,straight road,no slope,2022-01-19T18:17:00Z
5975033,20.01.2022 01:20,25.03.2022 09:33,Sa Kaeo,department of highways,private/passenger car,speeding,collision with obstruction (on road surface),2,1,0,foggy,13.77608012,102.2062316,wide curve,slope area,2022-01-19T18:20:00Z
6147910,20.01.2022 01:30,2.05.2022 08:00,Loei,department of highways,4-wheel pickup truck,speeding,rollover/fallen on straight road,1,0,1,clear,17.33716119,101.7562428,straight road,no slope,2022-01-19T18:30:00Z
6243280,20.01.2022 01:30,25.05.2022 15:21,Chiang Mai,department of highways,4-wheel pickup truck,speeding,rollover/fallen on curved road,1,0,0,rainy,18.52930212,98.62526535,wide curve,slope area,2022-01-19T18:30:00Z
5661696,20.01.2022 01:45,2.02.2022 11:51,Samut Prakan,expressway authority of thailand,other,other,collision with obstruction (on road surface),1,0,0,clear,13.635238,100.543062,grade-separated intersection/ramps,other,2022-01-19T18:45:00Z
5745194,20.01.2022 03:00,15.02.2022 11:22,Saraburi,department of highways,private/passenger car,vehicle equipment failure,rollover/fallen on straight road,1,0,0,clear,14.39898458,100.9301439,straight road,no slope,2022-01-19T20:00:00Z
6092829,20.01.2022 04:00,14.04.2022 10:20,Phrae,department of highways,4-wheel pickup truck,speeding,rollover/fallen on straight road,1,0,0,clear,18.18507871,100.1846266,straight road,no slope,2022-01-19T21:00:00Z
7330970,20.01.2022 06:10,16.03.2022 10:16,Lampang,department of highways,private/passenger car,speeding,rear-end collision,2,0,1,clear,17.54225813,99.19566123,straight road,no slope,2022-01-19T23:10:00Z
5969951,20.01.2022 06:50,24.03.2022 15:22,Nakhon Ratchasima,department of highways,4-wheel pickup truck,speeding,rollover/fallen on straight road,1,0,2,clear,14.7107975,102.4595851,straight road,no slope,2022-01-19T23:50:00Z
5925701,20.01.2022 07:00,17.03.2022 09:12,Chiang Mai,department of highways,other,speeding,rollover/fallen on straight road,1,0,0,clear,18.63690008,98.89915912,straight road,no slope,2022-01-20T00:00:00Z
5991921,20.01.2022 07:00,28.03.2022 09:21,Songkhla,department of highways,motorcycle,disabled vehicle without proper signals,collision with obstruction (on road surface),2,0,0,clear,6.712923668,100.7908863,wide curve,slope area,2022-01-20T00:00:00Z
7437310,20.01.2022 07:15,7.12.2022 08:01,Phangnga,department of highways,4-wheel pickup truck,speeding,rollover/fallen on straight road,1,0,0,clear,8.471021934,98.59696536,wide curve,slope area,2022-01-20T00:15:00Z
5615218,20.01.2022 07:21,20.01.2022 14:48,Samut Prakan,department of highways,private/passenger car,speeding,other,2,0,0,clear,13.65118671,100.8731255,straight road,no slope,2022-01-20T00:21:00Z
5663034,20.01.2022 08:00,2.02.2022 15:55,Nan,department of highways,other,speeding,rollover/fallen on curved road,1,0,0,clear,18.70852141,100.7505432,wide curve,no slope,2022-01-20T01:00:00Z
6294361,20.01.2022 08:20,2.06.2022 08:35,Loei,department of highways,4-wheel pickup truck,speeding,rollover/fallen on curved road,1,0,0,clear,17.46759015,101.534526,wide curve,slope area,2022-01-20T01:20:00Z
7310449,20.01.2022 08:30,14.11.2022 10:58,Nakhon Ratchasima,department of highways,4-wheel pickup truck,speeding,rollover/fallen on straight road,1,0,0,rainy,14.863848,101.7040175,straight road,no slope,2022-01-20T01:30:00Z
6144763,20.01.2022 08:40,26.04.2022 14:00,Si Sa Ket,department of highways,motorcycle,speeding,rear-end collision,2,0,2,clear,15.04208072,104.3517467,straight road,no slope,2022-01-20T01:40:00Z
7330963,20.01.2022 09:00,15.03.2022 13:27,Roi Et,department of highways,4-wheel pickup truck,speeding,rollover/fallen on straight road,1,0,1,clear,16.06998062,103.60322,straight road,no slope,2022-01-20T02:00:00Z
7330968,20.01.2022 09:00,15.03.2022 10:16,Khon Kaen,department of highways,large truck with trailer,speeding,head-on collision (not overtaking),2,0,2,clear,16.673606500000002,102.3705518,straight road,no slope,2022-01-20T02:00:00Z
5738713,20.01.2022 09:16,14.02.2022 09:57,Nakhon Sawan,department of highways,motorcycle,cutting in closely by people/vehicles/animals,rollover/fallen on straight road,1,0,3,clear,15.6544864,99.43186997,straight road,no slope,2022-01-20T02:16:00Z
6361549,20.01.2022 10:00,13.06.2022 07:45,Loei,department of highways,private/passenger car,speeding,rollover/fallen on straight road,1,0,3,rainy,17.73037986,101.9042846,straight road,no slope,2022-01-20T03:00:00Z
5949889,20.01.2022 10:27,21.03.2022 11:11,Udon Thani,department of highways,4-wheel pickup truck,speeding,rollover/fallen on straight road,1,0,1,clear,17.78021971,102.1367088,straight road,no slope,2022-01-20T03:27:00Z
5949752,20.01.2022 11:24,21.03.2022 10:47,Udon Thani,department of highways,motorcycle,speeding,rear-end collision,2,0,1,clear,17.76991875,102.1842348,straight road,no slope,2022-01-20T04:24:00Z
5627588,20.01.2022 11:50,27.01.2022 12:59,Samut Prakan,department of highways,large truck with trailer,speeding,rear-end collision,2,0,0,clear,13.65701985,100.6920683,straight road,no slope,2022-01-20T04:50:00Z
5776895,20.01.2022 11:50,21.02.2022 10:59,Suphan Buri,department of highways,motorcycle,running red lights/traffic signals,collision with obstruction (on road surface),2,0,1,clear,14.4474935,100.1313767,other,other,2022-01-20T04:50:00Z
5919575,20.01.2022 12:30,16.03.2022 09:28,Nakhon Phanom,department of highways,motorcycle,speeding,head-on collision (not overtaking),2,2,1,clear,17.76287147,104.2821756,straight road,no slope,2022-01-20T05:30:00Z
5932068,20.01.2022 12:40,18.03.2022 10:30,Chiang Mai,department of highways,4-wheel pickup truck,speeding,rear-end collision,2,0,1,clear,18.84401474,99.01346682,straight road,no slope,2022-01-20T05:40:00Z
6533104,20.01.2022 13:00,11.07.2022 14:29,Nonthaburi,department of highways,motorcycle,speeding,rear-end collision,2,1,0,clear,13.86315335,100.4386613,straight road,no slope,2022-01-20T06:00:00Z
5905246,20.01.2022 13:55,14.03.2022 09:28,Tak,department of highways,large truck with trailer,speeding,rollover/fallen on curved road,1,0,0,clear,16.28722896,98.98806094,wide curve,no slope,2022-01-20T06:55:00Z
6144748,20.01.2022 14:35,26.04.2022 13:54,Ubon Ratchathani,department of highways,motorcycle,speeding,rear-end collision,2,1,0,clear,14.58625451,104.9283224,straight road,no slope,2022-01-20T07:35:00Z
5969621,20.01.2022 15:00,24.03.2022 14:16,Nakhon Ratchasima,department of highways,6-wheel truck,speeding,rollover/fallen on straight road,1,0,0,rainy,14.64395069,101.2899971,straight road,no slope,2022-01-20T08:00:00Z