acc_code,incident_datetime,report_datetime,province_en,agency,vehicle_type,presumed_cause,accident_type,number_of_vehicles_involved,number_of_fatalities,number_of_injuries,weather_condition,latitude,longitude,road_description,slope_description,incident_time
6242371,20.01.2022 15:00,24.05.2022 14:22,Phitsanulok,department of highways,large truck with trailer,speeding,rollover/fallen on curved road,1,0,1,clear,17.30327182,100.4401097,wide curve,slope area,2022-01-20T08:00:00Z
6243242,20.01.2022 15:00,25.05.2022 14:50,Nakhon Ratchasima,department of highways,large truck with trailer,speeding,rollover/fallen on straight road,1,1,0,clear,15.24423796,101.786651,straight road,no slope,2022-01-20T08:00:00Z
5620613,20.01.2022 15:45,21.01.2022 09:27,Suphan Buri,department of highways,private/passenger car,speeding,rear-end collision,2,0,0,clear,14.34717017,100.1890093,straight road,no slope,2022-01-20T08:45:00Z
5617271,20.01.2022 16:12,20.01.2022 21:22,Samut Prakan,expressway authority of thailand,4-wheel pickup truck,other,rear-end collision,3,0,0,clear,13.635432,100.542951,grade-separated intersection/ramps,other,2022-01-20T09:12:00Z
6252672,20.01.2022 16:30,26.05.2022 10:44,Phatthalung,department of highways,4-wheel pickup truck,speeding,rollover/fallen on straight road,1,0,0,clear,7.349147569,100.1312721,straight road,no slope,2022-01-20T09:30:00Z
5919921,20.01.2022 17:00,15.03.2022 09:44,Loei,department of highways,4-wheel pickup truck,speeding,rollover/fallen on straight road,1,0,0,rainy,17.11958743,101.8932581,straight road,no slope,2022-01-20T10:00:00Z
6567087,20.01.2022 17:00,25.01.2022 11:59,Satun,department of rural roads,motorcycle,speeding,other,1,1,1,clear,7.073827,99.913217,wide curve,slope area,2022-01-20T10:00:00Z
6902888,20.01.2022 17:08,14.09.2022 10:12,Chiang Mai,department of highways,private/passenger car,speeding,rear-end collision,2,0,0,clear,18.87327793,99.13413404,straight road,no slope,2022-01-20T10:08:00Z
7441034,20.01.2022 17:40,8.12.2022 08:51,Phatthalung,department of highways,private/passenger car,speeding,rollover/fallen on straight road,1,0,3,clear,7.401837181,100.095832,straight road,no slope,2022-01-20T10:40:00Z
6242412,20.01.2022 18:20,24.05.2022 14:58,Trat,department of highways,4-wheel pickup truck,cutting in closely by people/vehicles/animals,rear-end collision,2,1,0,clear,12.31281804,102.466886,other,other,2022-01-20T11:20:00Z
5819307,20.01.2022 18:30,28.02.2022 15:45,Chumphon,department of highways,4-wheel pickup truck,speeding,rollover/fallen on straight road,1,0,0,clear,10.95876167,99.31178211,straight road,no slope,2022-01-20T11:30:00Z
6148449,20.01.2022 19:00,3.05.2022 15:48,Trang,department of highways,private/passenger car,speeding,rollover/fallen on straight road,1,0,1,clear,7.55663219,99.58003251,straight road,no slope,2022-01-20T12:00:00Z
6146671,20.01.2022 19:25,29.04.2022 11:09,Ubon Ratchathani,department of highways,other,cutting in closely by people/vehicles/animals,pedestrian collision,1,1,0,clear,14.97367278,104.977498,wide curve,no slope,2022-01-20T12:25:00Z
6238009,20.01.2022 19:25,20.05.2022 07:54,Phetchaburi,department of highways,private/passenger car,speeding,rear-end collision,2,0,0,clear,13.30576818,99.82482968,straight road,no slope,2022-01-20T12:25:00Z
6147907,20.01.2022 19:30,2.05.2022 07:52,Phetchabun,department of highways,private/passenger car,speeding,rollover/fallen on straight road,1,0,1,clear,16.18380203,101.0882842,straight road,no slope,2022-01-20T12:30:00Z
5621019,20.01.2022 19:35,21.01.2022 10:36,Suphan Buri,department of highways,motorcycle,speeding,rollover/fallen on straight road,1,0,1,foggy,14.86916766,100.0327599,straight road,no slope,2022-01-20T12:35:00Z
5664103,20.01.2022 20:00,2.02.2022 19:53,Kanchanaburi,department of highways,large truck with trailer,illegal overtaking,rear-end collision,2,4,6,clear,14.50297458,98.83477269,straight road,no slope,2022-01-20T13:00:00Z
6233695,20.01.2022 20:00,19.05.2022 14:49,Samut Songkhram,department of highways,large truck with trailer,vehicle equipment failure,other,1,0,0,clear,13.44217038,100.0677252,straight road,no slope,2022-01-20T13:00:00Z
6324682,20.01.2022 20:05,7.06.2022 11:16,Chon Buri,department of highways,4-wheel pickup truck,speeding,rollover/fallen on straight road,1,0,1,clear,13.43923293,101.10600289999999,straight road,no slope,2022-01-20T13:05:00Z
5625394,20.01.2022 20:45,25.01.2022 15:00,Nakhon Sawan,department of highways,large truck with trailer,speeding,collision with obstruction (on road surface),3,0,1,clear,15.70479668,100.0555748,straight road,no slope,2022-01-20T13:45:00Z
6445434,20.01.2022 21:00,27.06.2022 10:10,Phayao,department of highways,4-wheel pickup truck,speeding,rollover/fallen on straight road,1,0,1,clear,19.20230439,99.87211703,straight road,no slope,2022-01-20T14:00:00Z
7330961,20.01.2022 21:00,21.01.2022 09:11,Phetchaburi,department of highways,4-wheel pickup truck,speeding,rear-end collision,3,0,1,rainy,13.12515839,99.87730442,straight road,no slope,2022-01-20T14:00:00Z
5997759,20.01.2022 21:32,29.03.2022 09:18,Chon Buri,department of highways,private/passenger car,speeding,rollover/fallen on straight road,1,0,1,clear,12.76374079,100.9972447,straight road,no slope,2022-01-20T14:32:00Z
5625380,20.01.2022 22:30,25.01.2022 14:54,Nakhon Sawan,department of highways,large truck with trailer,failure to yield/signal,rear-end collision,2,0,1,clear,15.63464759,99.50577019,straight road,no slope,2022-01-20T15:30:00Z
5919987,20.01.2022 22:30,15.03.2022 10:30,Mukdahan,department of highways,motorcycle,speeding,rollover/fallen on straight road,1,1,0,clear,16.34960077,104.523974,straight road,no slope,2022-01-20T15:30:00Z
5905253,20.01.2022 23:10,14.03.2022 09:27,Tak,department of highways,4-wheel pickup truck,speeding,rollover/fallen on straight road,1,0,0,clear,16.51962532,98.70597838,straight road,no slope,2022-01-20T16:10:00Z
6123744,20.01.2022 23:40,19.04.2022 17:06,Loburi,department of highways,4-wheel pickup truck,vehicle equipment failure,rollover/fallen on curved road,1,0,1,rainy,15.17073846,100.6795478,wide curve,no slope,2022-01-20T16:40:00Z
7437612,21.01.2022 00:30,7.12.2022 08:43,Khon Kaen,department of highways,4-wheel pickup truck,speeding,rollover/fallen on straight road,1,0,0,clear,16.44851565,102.6514146,straight road,no slope,2022-01-20T17:30:00Z
6330962,21.01.2022 01:00,8.06.2022 11:42,Bangkok,department of highways,large truck with trailer,speeding,rollover/fallen on straight road,1,0,0,clear,13.72953884,100.7444814,straight road,no slope,2022-01-20T18:00:00Z
6944830,21.01.2022 01:10,20.09.2022 14:40,Saraburi,department of highways,private/passenger car,speeding,rollover/fallen on straight road,1,0,0,clear,14.57411899,100.965651,straight road,no slope,2022-01-20T18:10:00Z
5874353,21.01.2022 01:20,9.03.2022 09:55,Chanthaburi,department of highways,4-wheel pickup truck,speeding,rollover/fallen on straight road,1,0,1,rainy,12.54385799,102.1560851,straight road,no slope,2022-01-20T18:20:00Z
5932284,21.01.2022 01:20,18.03.2022 11:17,Chiang Mai,department of highways,4-wheel pickup truck,speeding,rollover/fallen on straight road,1,0,0,rainy,18.76373498,99.08125161,other,other,2022-01-20T18:20:00Z
5969713,21.01.2022 03:30,24.03.2022 14:37,Nakhon Ratchasima,department of highways,6-wheel truck,speeding,head-on collision (not overtaking),2,2,3,rainy,15.12754878,101.5555814,straight road,no slope,2022-01-20T20:30:00Z
6243250,21.01.2022 04:00,25.05.2022 15:01,Chon Buri,department of highways,large truck with trailer,speeding,rollover/fallen on straight road,1,0,0,clear,13.08039792,101.1202723,straight road,no slope,2022-01-20T21:00:00Z
5625352,21.01.2022 04:09,25.01.2022 13:47,Sukhothai,department of highways,large truck with trailer,speeding,rollover/fallen on straight road,1,0,0,clear,16.85572322,99.79491232,straight road,no slope,2022-01-20T21:09:00Z
5868816,21.01.2022 05:00,8.03.2022 13:56,Chachoengsao,department of highways,4-wheel pickup truck,speeding,rollover/fallen on straight road,1,0,1,rainy,13.65670448,101.1376181,straight road,no slope,2022-01-20T22:00:00Z
7008468,21.01.2022 05:00,30.09.2022 13:08,Nakhon Ratchasima,department of highways,4-wheel pickup truck,speeding,rollover/fallen on straight road,1,0,0,rainy,14.66817182,101.4404717,straight road,no slope,2022-01-20T22:00:00Z
7310417,21.01.2022 05:00,14.11.2022 10:52,Nakhon Ratchasima,department of highways,4-wheel pickup truck,speeding,rollover/fallen on straight road,1,0,0,rainy,14.86909767,101.8202618,straight road,no slope,2022-01-20T22:00:00Z
5868856,21.01.2022 05:10,8.03.2022 14:00,Chachoengsao,department of highways,4-wheel pickup truck,speeding,rear-end collision,3,0,2,rainy,13.66331937,101.1042085,straight road,no slope,2022-01-20T22:10:00Z
7310451,21.01.2022 05:10,14.11.2022 10:55,Nakhon Ratchasima,department of highways,large truck with trailer,speeding,rollover/fallen on straight road,1,0,0,rainy,14.84412628,101.6246134,straight road,no slope,2022-01-20T22:10:00Z
6243244,21.01.2022 05:30,25.05.2022 14:57,Chachoengsao,department of highways,large truck with trailer,speeding,rollover/fallen on straight road,1,0,0,rainy,13.66128123,101.115962,straight road,no slope,2022-01-20T22:30:00Z
5969664,21.01.2022 05:40,24.03.2022 14:27,Nakhon Ratchasima,department of highways,private/passenger car,speeding,rear-end collision,5,0,1,rainy,14.86897842,101.7249897,straight road,no slope,2022-01-20T22:40:00Z
7008316,21.01.2022 05:40,30.09.2022 12:38,Nakhon Ratchasima,department of highways,4-wheel pickup truck,speeding,rollover/fallen on straight road,1,0,0,rainy,14.63294728,101.2366024,straight road,no slope,2022-01-20T22:40:00Z
5783083,21.01.2022 06:00,22.02.2022 13:31,Uthai Thani,department of highways,4-wheel pickup truck,speeding,rollover/fallen on curved road,1,0,1,rainy,15.38180336,99.79629366,other,other,2022-01-20T23:00:00Z
5974756,21.01.2022 06:00,25.03.2022 08:24,Nakhon Ratchasima,department of highways,4-wheel pickup truck,speeding,rollover/fallen on curved road,1,0,1,rainy,14.49896778,101.9369271,wide curve,slope area,2022-01-20T23:00:00Z
6144151,21.01.2022 06:00,25.04.2022 14:32,Khon Kaen,department of highways,4-wheel pickup truck,speeding,rollover/fallen on straight road,1,0,2,clear,16.29981304,102.6213249,straight road,no slope,2022-01-20T23:00:00Z
6567106,21.01.2022 06:00,2.02.2022 14:51,Nakhon Si Thammarat,department of rural roads,motorcycle,abrupt lane change,other,2,2,0,clear,8.815689,99.840887,wide curve,no slope,2022-01-20T23:00:00Z
6897331,21.01.2022 06:00,13.09.2022 14:39,Nakhon Ratchasima,department of highways,4-wheel pickup truck,speeding,rollover/fallen on straight road,1,0,0,rainy,14.63586427,101.2507403,straight road,no slope,2022-01-20T23:00:00Z
6567076,21.01.2022 06:03,24.01.2022 13:45,Samut Prakan,department of rural roads,large truck with trailer,falling asleep,other,1,0,0,dark,13.652792,100.541216,straight road,slope area,2022-01-20T23:03:00Z
5745155,21.01.2022 06:10,15.02.2022 11:13,Saraburi,department of highways,large truck with trailer,speeding,rollover/fallen on straight road,1,0,0,rainy,14.72444042,100.7992145,other,other,2022-01-20T23:10:00Z
6243290,21.01.2022 06:10,25.05.2022 15:26,Nakhon Ratchasima,department of highways,4-wheel pickup truck,speeding,rollover/fallen on curved road,1,0,0,rainy,15.17859254,102.0828366,wide curve,slope area,2022-01-20T23:10:00Z
5797223,21.01.2022 06:30,24.02.2022 21:14,Chanthaburi,department of highways,4-wheel pickup truck,speeding,rollover/fallen on straight road,1,0,1,rainy,12.74379616,101.8865284,straight road,no slope,2022-01-20T23:30:00Z
5969614,21.01.2022 06:50,24.03.2022 14:18,Nakhon Ratchasima,department of highways,large truck with trailer,speeding,rollover/fallen on straight road,1,0,0,rainy,14.84442444,101.6254797,straight road,no slope,2022-01-20T23:50:00Z
5897107,21.01.2022 06:55,12.03.2022 19:19,Kamphaeng Phet,department of highways,large truck with trailer,speeding,head-on collision (not overtaking),2,0,1,clear,16.0857743,99.87988471,straight road,no slope,2022-01-20T23:55:00Z
5881160,21.01.2022 07:00,10.03.2022 09:02,Khon Kaen,department of highways,4-wheel pickup truck,speeding,rollover/fallen on straight road,1,0,1,rainy,16.55323182,102.8267178,straight road,no slope,2022-01-21T00:00:00Z
5881825,21.01.2022 07:00,10.03.2022 11:10,Khon Kaen,department of highways,4-wheel pickup truck,speeding,rollover/fallen on straight road,1,0,1,rainy,16.57165763,102.822378,straight road,no slope,2022-01-21T00:00:00Z
5919598,21.01.2022 07:00,15.03.2022 11:36,Maha Sarakham,department of highways,private/passenger car,falling asleep,rollover/fallen on straight road,1,0,0,clear,16.05524766,103.0232486,straight road,no slope,2022-01-21T00:00:00Z
6533102,21.01.2022 07:00,11.07.2022 14:28,Nonthaburi,department of highways,private/passenger car,speeding,rear-end collision,2,0,0,clear,13.87404075,100.4346353,straight road,no slope,2022-01-21T00:00:00Z
7008386,21.01.2022 07:00,30.09.2022 12:54,Nakhon Ratchasima,department of highways,4-wheel pickup truck,speeding,rollover/fallen on straight road,1,0,0,rainy,14.65396747,101.364364,straight road,no slope,2022-01-21T00:00:00Z
5906737,21.01.2022 07:30,14.03.2022 15:03,Phetchabun,department of highways,4-wheel pickup truck,speeding,rollover/fallen on curved road,1,0,0,clear,16.77398848,101.0612771,wide curve,no slope,2022-01-21T00:30:00Z
7441013,21.01.2022 07:30,8.12.2022 08:33,Chachoengsao,department of highways,large passenger vehicle,speeding,rollover/fallen on straight road,1,0,1,clear,13.65677225,101.1365385,straight road,no slope,2022-01-21T00:30:00Z
5897175,21.01.2022 07:40,12.03.2022 19:39,Tak,department of highways,large truck with trailer,speeding,rollover/fallen on curved road,1,0,0,clear,16.76957647,98.79378317,wide curve,slope area,2022-01-21T00:40:00Z
6330977,21.01.2022 07:40,8.06.2022 11:44,Pathum Thani,department of highways,4-wheel pickup truck,speeding,rollover/fallen on straight road,1,0,1,clear,13.93681623,100.7091299,straight road,no slope,2022-01-21T00:40:00Z
7561191,21.01.2022 07:45,17.01.2023 06:45,Bangkok,department of highways,private/passenger car,cutting in closely by people/vehicles/animals,rear-end collision,2,0,1,clear,13.78241162,100.4173149,straight road,no slope,2022-01-21T00:45:00Z
5753819,21.01.2022 07:50,17.02.2022 14:00,Kanchanaburi,department of highways,4-wheel pickup truck,speeding,rollover/fallen on straight road,1,0,1,clear,14.77916955,98.6666116,straight road,no slope,2022-01-21T00:50:00Z
7437777,21.01.2022 07:50,7.12.2022 08:12,Khon Kaen,department of highways,large truck with trailer,speeding,rollover/fallen on straight road,1,0,0,rainy,16.49180381,102.4262541,straight road,no slope,2022-01-21T00:50:00Z
6144180,21.01.2022 08:00,25.04.2022 14:58,Phrae,department of highways,large truck with trailer,speeding,rollover/fallen on straight road,1,0,1,rainy,18.0557484,99.76244418,straight road,no slope,2022-01-21T01:00:00Z
6149431,21.01.2022 08:00,5.05.2022 14:29,Amnat Charoen,department of highways,motorcycle,failure to yield/signal,other,2,1,0,clear,15.86396081,104.5360949,straight road,no slope,2022-01-21T01:00:00Z
5969448,21.01.2022 08:05,24.03.2022 13:37,Surat Thani,department of highways,private/passenger car,falling asleep,rollover/fallen on straight road,1,0,0,clear,8.739660074,99.16067986,other,other,2022-01-21T01:05:00Z
6003887,21.01.2022 08:06,30.03.2022 09:51,Pathum Thani,department of highways,4-wheel pickup truck,speeding,rear-end collision,3,0,0,clear,14.00509196,100.7061446,straight road,no slope,2022-01-21T01:06:00Z
6242410,21.01.2022 08:10,24.05.2022 14:57,Chanthaburi,department of highways,4-wheel pickup truck,speeding,rear-end collision,2,1,1,rainy,12.54873824,102.1557551,other,other,2022-01-21T01:10:00Z
5949884,21.01.2022 08:15,21.03.2022 11:12,Udon Thani,department of highways,4-wheel pickup truck,speeding,rollover/fallen on straight road,1,0,2,rainy,17.3726698,102.7256253,straight road,no slope,2022-01-21T01:15:00Z
6144165,21.01.2022 08:15,25.04.2022 14:43,Phrae,department of highways,4-wheel pickup truck,speeding,rollover/fallen on straight road,1,0,0,rainy,18.13544975,99.90269421,straight road,no slope,2022-01-21T01:15:00Z
5949927,21.01.2022 08:20,21.03.2022 11:22,Udon Thani,department of highways,pedestrian,speeding,pedestrian collision,1,1,2,rainy,17.37274148,102.7258453,straight road,no slope,2022-01-21T01:20:00Z
6144649,21.01.2022 08:20,26.04.2022 09:59,Udon Thani,department of highways,4-wheel pickup truck,speeding,rollover/fallen on straight road,1,0,1,rainy,17.23544107,103.2243204,straight road,no slope,2022-01-21T01:20:00Z
6144160,21.01.2022 08:30,25.04.2022 14:32,Phrae,department of highways,4-wheel pickup truck,speeding,rollover/fallen on straight road,1,0,0,rainy,18.15558032,99.97650592,straight road,no slope,2022-01-21T01:30:00Z
6144107,21.01.2022 08:40,25.04.2022 13:50,Phrae,department of highways,6-wheel truck,speeding,rollover/fallen on curved road,1,0,0,rainy,18.37130633,100.3838289,wide curve,no slope,2022-01-21T01:40:00Z
5867505,21.01.2022 08:44,8.03.2022 09:22,Trat,department of highways,4-wheel pickup truck,speeding,rollover/fallen on curved road,1,0,0,rainy,12.33044302,102.4589252,wide curve,slope area,2022-01-21T01:44:00Z
5920374,21.01.2022 08:50,15.03.2022 14:59,Sakon Nakhon,department of highways,4-wheel pickup truck,speeding,rollover/fallen on curved road,1,0,5,rainy,17.56092161,103.4198803,wide curve,no slope,2022-01-21T01:50:00Z
5867547,21.01.2022 09:00,8.03.2022 09:33,Trat,department of highways,4-wheel pickup truck,speeding,head-on collision (not overtaking),3,0,4,rainy,12.25774483,102.5067785,straight road,no slope,2022-01-21T02:00:00Z
5881571,21.01.2022 09:00,10.03.2022 10:15,Khon Kaen,department of highways,4-wheel pickup truck,speeding,rollover/fallen on straight road,1,0,1,rainy,16.78030843,103.0937263,straight road,no slope,2022-01-21T02:00:00Z
5969952,21.01.2022 09:00,24.03.2022 15:23,Nakhon Ratchasima,department of highways,other,speeding,rollover/fallen on straight road,1,0,0,clear,14.6075465,102.0079198,straight road,no slope,2022-01-21T02:00:00Z
6087090,21.01.2022 09:00,13.04.2022 13:20,Chiang Rai,department of highways,large truck with trailer,speeding,rollover/fallen on curved road,1,0,0,rainy,20.10892367,100.3291949,wide curve,no slope,2022-01-21T02:00:00Z
7380569,21.01.2022 09:00,24.11.2022 14:15,Nakhon Ratchasima,department of highways,7-10-wheel truck,speeding,rollover/fallen on straight road,1,0,0,rainy,15.0516465,102.1300516,straight road,no slope,2022-01-21T02:00:00Z
5745705,21.01.2022 09:15,15.02.2022 13:29,Saraburi,department of highways,private/passenger car,speeding,rollover/fallen on curved road,1,0,1,rainy,14.73537438,101.1585903,wide curve,slope area,2022-01-21T02:15:00Z
5862053,21.01.2022 09:30,7.03.2022 13:37,Khon Kaen,department of highways,4-wheel pickup truck,speeding,rollover/fallen on curved road,1,0,0,rainy,16.70808264,102.8849941,wide curve,no slope,2022-01-21T02:30:00Z
6143947,21.01.2022 09:30,25.04.2022 09:04,Phrae,department of highways,4-wheel pickup truck,speeding,rollover/fallen on curved road,1,0,0,rainy,18.36216771,100.3523102,wide curve,no slope,2022-01-21T02:30:00Z
5627619,21.01.2022 10:00,27.01.2022 14:37,Chumphon,department of highways,7-10-wheel truck,speeding,rollover/fallen on straight road,1,0,0,clear,10.6823482,99.20322238,other,other,2022-01-21T03:00:00Z
6330974,21.01.2022 10:10,8.06.2022 11:42,Bangkok,department of highways,large truck with trailer,vehicle equipment failure,rollover/fallen on straight road,1,0,0,clear,13.72945546,100.7408497,straight road,no slope,2022-01-21T03:10:00Z
5920050,21.01.2022 10:20,15.03.2022 11:03,Kalasin,department of highways,4-wheel pickup truck,speeding,rollover/fallen on curved road,1,0,1,clear,16.63882347,103.2318306,wide curve,slope area,2022-01-21T03:20:00Z
6092742,21.01.2022 10:30,14.04.2022 10:08,Phrae,department of highways,4-wheel pickup truck,speeding,rollover/fallen on curved road,1,0,0,rainy,18.03761353,99.69933985,wide curve,slope area,2022-01-21T03:30:00Z
6092777,21.01.2022 10:45,14.04.2022 10:14,Phrae,department of highways,4-wheel pickup truck,speeding,rollover/fallen on curved road,1,0,0,rainy,18.05641909,99.69881414,wide curve,slope area,2022-01-21T03:45:00Z
5920112,21.01.2022 10:50,15.03.2022 11:38,Maha Sarakham,department of highways,private/passenger car,speeding,rollover/fallen on straight road,1,0,0,clear,16.2017734,103.2608333,straight road,no slope,2022-01-21T03:50:00Z
6092733,21.01.2022 11:00,14.04.2022 10:08,Phrae,department of highways,private/passenger car,speeding,rollover/fallen on curved road,1,0,0,rainy,18.03760588,99.6993479,wide curve,slope area,2022-01-21T04:00:00Z
7008771,21.01.2022 11:00,30.09.2022 14:00,Sakon Nakhon,department of highways,4-wheel pickup truck,speeding,rollover/fallen on straight road,1,0,0,foggy,17.39147865,103.7109455,straight road,no slope,2022-01-21T04:00:00Z
5624248,21.01.2022 11:10,22.01.2022 14:39,Bangkok,department of highways,large truck with trailer,speeding,rear-end collision,2,0,0,clear,13.71231018,100.7002517,straight road,no slope,2022-01-21T04:10:00Z
5906740,21.01.2022 11:30,14.03.2022 15:00,Phetchabun,department of highways,4-wheel pickup truck,speeding,rollover/fallen on curved road,1,0,0,rainy,17.0279117,101.2723186,wide curve,no slope,2022-01-21T04:30:00Z
5920477,21.01.2022 11:30,16.03.2022 14:55,buogkan,department of highways,4-wheel pickup truck,speeding,head-on collision (not overtaking),2,0,0,rainy,18.35330865,103.6559844,straight road,no slope,2022-01-21T04:30:00Z
6243285,21.01.2022 11:30,25.05.2022 15:26,Nan,department of highways,private/passenger car,speeding,rollover/fallen on curved road,1,0,0,rainy,18.52528132,100.6145042,wide curve,no slope,2022-01-21T04:30:00Z
6243292,21.01.2022 11:40,25.05.2022 15:28,Chiang Mai,department of highways,motorcycle,speeding,rear-end collision,2,0,1,clear,18.85617345,99.0494567,straight road,no slope,2022-01-21T04:40:00Z
7330974,21.01.2022 11:40,16.03.2022 14:48,buogkan,department of highways,4-wheel pickup truck,speeding,rollover/fallen on straight road,1,1,2,rainy,18.32914503,103.7583992,straight road,no slope,2022-01-21T04:40:00Z
7330971,21.01.2022 11:45,15.03.2022 13:37,Kalasin,department of highways,4-wheel pickup truck,speeding,rollover/fallen on curved road,1,0,0,rainy,16.80363725,103.8706255,wide curve,no slope,2022-01-21T04:45:00Z
5836370,21.01.2022 12:13,3.03.2022 09:08,Phra Nakhon Si Ayutthaya,department of highways,4-wheel pickup truck,speeding,rollover/fallen on straight road,1,0,2,clear,14.18563527,100.6291625,straight road,no slope,2022-01-21T05:13:00Z
5906850,21.01.2022 12:30,14.03.2022 15:23,Loei,department of highways,4-wheel pickup truck,speeding,rear-end collision,2,0,10,clear,17.4838821,101.6493702,wide curve,no slope,2022-01-21T05:30:00Z
5868763,21.01.2022 13:00,8.03.2022 13:47,Chon Buri,department of highways,large truck with trailer,speeding,rollover/fallen on straight road,1,0,0,clear,13.32023091,101.2690329,other,other,2022-01-21T06:00:00Z
5906739,21.01.2022 13:10,14.03.2022 15:04,Phetchabun,department of highways,4-wheel pickup truck,speeding,rollover/fallen on curved road,1,0,0,rainy,16.75042743,101.500411,wide curve,no slope,2022-01-21T06:10:00Z
5906765,21.01.2022 13:20,14.03.2022 15:05,Phetchabun,department of highways,4-wheel pickup truck,speeding,rear-end collision,2,0,1,clear,16.762008,101.1833632,straight road,no slope,2022-01-21T06:20:00Z
5897105,21.01.2022 13:30,12.03.2022 19:18,Kamphaeng Phet,department of highways,4-wheel pickup truck,speeding,rollover/fallen on curved road,1,0,2,rainy,16.06262974,99.39567624,wide curve,slope area,2022-01-21T06:30:00Z
5906734,21.01.2022 13:30,14.03.2022 15:05,Phetchabun,department of highways,4-wheel pickup truck,speeding,rollover/fallen on curved road,1,0,0,clear,16.77438397,101.06143,sharp curve,slope area,2022-01-21T06:30:00Z
5837878,21.01.2022 13:40,3.03.2022 14:24,Ang Thong,department of highways,4-wheel pickup truck,speeding,rollover/fallen on straight road,1,0,1,clear,14.58285663,100.442234,straight road,no slope,2022-01-21T06:40:00Z
5906736,21.01.2022 13:40,14.03.2022 15:03,Phetchabun,department of highways,4-wheel pickup truck,speeding,rollover/fallen on curved road,1,0,0,clear,16.75018087,101.5004486,wide curve,no slope,2022-01-21T06:40:00Z
7518048,21.01.2022 14:04,29.12.2022 13:32,buogkan,department of highways,4-wheel pickup truck,speeding,head-on collision (not overtaking),2,0,1,clear,18.04551956,103.7251747,wide curve,no slope,2022-01-21T07:04:00Z
5874337,21.01.2022 14:20,9.03.2022 09:53,Chanthaburi,department of highways,4-wheel pickup truck,vehicle equipment failure,rollover/fallen on curved road,1,0,0,clear,12.89746304,102.2696471,wide curve,no slope,2022-01-21T07:20:00Z
5837883,21.01.2022 14:30,3.03.2022 14:24,Phra Nakhon Si Ayutthaya,department of highways,large truck with trailer,speeding,rollover/fallen on straight road,1,0,0,clear,14.56286806,100.4950386,straight road,no slope,2022-01-21T07:30:00Z
5860832,21.01.2022 14:30,7.03.2022 09:08,Pathum Thani,department of highways,large truck with trailer,speeding,rollover/fallen on straight road,1,0,0,rainy,14.10641787,100.5317473,straight road,no slope,2022-01-21T07:30:00Z
5975058,21.01.2022 14:30,25.03.2022 09:38,Sa Kaeo,department of highways,4-wheel pickup truck,speeding,rollover/fallen on curved road,1,0,0,rainy,13.68941485,102.5090584,wide curve,slope area,2022-01-21T07:30:00Z
5629629,21.01.2022 14:57,28.01.2022 14:19,Chon Buri,department of highways,4-wheel pickup truck,vehicle equipment failure,rollover/fallen on straight road,1,0,0,clear,13.16124246,100.9890962,straight road,no slope,2022-01-21T07:57:00Z
5624612,21.01.2022 15:00,24.01.2022 15:05,Phetchaburi,department of highways,large truck with trailer,speeding,rollover/fallen on straight road,1,0,2,rainy,12.70155512,99.90835367,straight road,no slope,2022-01-21T08:00:00Z
5919865,21.01.2022 15:10,16.03.2022 12:26,Prachuap Khiri Khan,department of highways,4-wheel pickup truck,speeding,rollover/fallen on curved road,1,0,4,rainy,11.24759739,99.4398415,wide curve,no slope,2022-01-21T08:10:00Z
5738667,21.01.2022 15:30,14.02.2022 09:46,Nakhon Sawan,department of highways,4-wheel pickup truck,falling asleep,rollover/fallen on straight road,1,0,0,rainy,15.80739038,100.1219165,straight road,no slope,2022-01-21T08:30:00Z
5782045,21.01.2022 15:30,22.02.2022 10:05,Suphan Buri,department of highways,4-wheel pickup truck,speeding,rollover/fallen on curved road,1,0,0,clear,14.39882091,100.0724673,wide curve,no slope,2022-01-21T08:30:00Z
5837881,21.01.2022 16:10,3.03.2022 14:24,Ang Thong,department of highways,4-wheel pickup truck,speeding,rear-end collision,2,0,0,clear,14.58167294,100.4602289,straight road,no slope,2022-01-21T09:10:00Z
5905236,21.01.2022 16:10,14.03.2022 09:23,Tak,department of highways,private/passenger car,speeding,rollover/fallen on curved road,1,0,0,rainy,16.76127605,98.64250659,wide curve,slope area,2022-01-21T09:10:00Z
5905234,21.01.2022 16:20,14.03.2022 09:21,Tak,department of highways,private/passenger car,speeding,rollover/fallen on curved road,1,0,0,rainy,16.76801503,98.7130165,wide curve,slope area,2022-01-21T09:20:00Z
7419546,21.01.2022 16:30,30.11.2022 13:50,Kanchanaburi,department of highways,4-wheel pickup truck,speeding,rollover/fallen on curved road,1,0,0,rainy,14.23976954,99.05212014,wide curve,slope area,2022-01-21T09:30:00Z
5968652,21.01.2022 16:31,24.03.2022 10:16,Surat Thani,department of highways,private/passenger car,speeding,rear-end collision,2,0,0,rainy,9.600964147,99.12705569,straight road,no slope,2022-01-21T09:31:00Z
5955948,21.01.2022 16:35,22.03.2022 10:06,Nakhon Si Thammarat,department of highways,motorcycle,speeding,rear-end collision,2,1,1,clear,8.32938433,99.92318361,straight road,no slope,2022-01-21T09:35:00Z
7510690,21.01.2022 16:50,27.12.2022 10:16,Trang,department of highways,4-wheel pickup truck,speeding,rollover/fallen on curved road,1,0,0,rainy,7.753572606,99.62008058,wide curve,slope area,2022-01-21T09:50:00Z
7561212,21.01.2022 17:00,17.01.2023 07:14,Bangkok,department of highways,private/passenger car,speeding,rear-end collision,2,0,0,clear,13.78035497,100.4434799,straight road,no slope,2022-01-21T10:00:00Z