acc_code,incident_datetime,report_datetime,province_en,agency,vehicle_type,presumed_cause,accident_type,number_of_vehicles_involved,number_of_fatalities,number_of_injuries,weather_condition,latitude,longitude,road_description,slope_description,incident_time
5624551,21.01.2022 17:10,24.01.2022 13:26,Suphan Buri,department of highways,motorcycle,cutting in closely by people/vehicles/animals,head-on collision (not overtaking),2,0,3,clear,14.44845194,100.0800741,straight road,no slope,2022-01-21T10:10:00Z
5931769,21.01.2022 17:30,18.03.2022 09:10,Chiang Mai,department of highways,private/passenger car,speeding,rear-end collision,2,0,1,clear,18.83975009,98.96499394,straight road,no slope,2022-01-21T10:30:00Z
5624615,21.01.2022 17:50,24.01.2022 15:14,Phetchaburi,department of highways,7-10-wheel truck,speeding,rollover/fallen on straight road,1,0,0,rainy,13.18122941,99.83553974,straight road,no slope,2022-01-21T10:50:00Z
6243279,21.01.2022 18:00,25.05.2022 15:20,Yala,department of highways,private/passenger car,speeding,rollover/fallen on curved road,1,0,1,clear,5.868302612,101.128681,wide curve,slope area,2022-01-21T11:00:00Z
7517592,21.01.2022 18:00,29.12.2022 10:56,Phitsanulok,department of highways,4-wheel pickup truck,speeding,other,1,0,0,rainy,16.88150674,100.7997241,wide curve,slope area,2022-01-21T11:00:00Z
7518503,21.01.2022 18:00,29.12.2022 14:35,Sakon Nakhon,department of highways,4-wheel pickup truck,speeding,head-on collision (not overtaking),2,0,2,clear,17.80817973,103.5887173,wide curve,no slope,2022-01-21T11:00:00Z
5624549,21.01.2022 19:24,24.01.2022 13:14,Bangkok,department of highways,private/passenger car,speeding,rear-end collision,2,0,0,clear,13.73111,100.7163906,straight road,no slope,2022-01-21T12:24:00Z
6092820,21.01.2022 19:40,14.04.2022 10:22,Phrae,department of highways,motorcycle,speeding,rollover/fallen on straight road,1,1,0,clear,18.19395911,100.1902941,straight road,no slope,2022-01-21T12:40:00Z
5919738,21.01.2022 20:00,16.03.2022 14:13,buogkan,department of highways,7-10-wheel truck,vehicle equipment failure,other,1,0,0,clear,18.33477188,103.7299383,straight road,no slope,2022-01-21T13:00:00Z
5932102,21.01.2022 20:30,18.03.2022 10:38,Chiang Mai,department of highways,4-wheel pickup truck,speeding,rear-end collision,2,0,0,clear,18.84813966,99.01376723,straight road,no slope,2022-01-21T13:30:00Z
5969616,21.01.2022 21:19,24.03.2022 14:17,Nakhon Ratchasima,department of highways,motorcycle,speeding,rollover/fallen on straight road,1,0,1,clear,14.99141353,101.9359374,straight road,no slope,2022-01-21T14:19:00Z
6003797,21.01.2022 21:45,30.03.2022 09:27,Pathum Thani,department of highways,4-wheel pickup truck,speeding,rollover/fallen on straight road,1,0,0,clear,14.07538454,100.6956115,straight road,no slope,2022-01-21T14:45:00Z
5758378,21.01.2022 22:00,18.02.2022 09:00,Sing Buri,department of highways,large truck with trailer,speeding,rollover/fallen on straight road,1,0,0,rainy,14.82125492,100.4467052,straight road,no slope,2022-01-21T15:00:00Z
6177716,21.01.2022 22:00,10.05.2022 12:16,Khon Kaen,department of highways,private/passenger car,speeding,rollover/fallen on straight road,1,0,1,clear,16.078674,102.6577788,straight road,no slope,2022-01-21T15:00:00Z
7330980,21.01.2022 22:15,16.03.2022 11:18,Nong Khai,department of highways,4-wheel pickup truck,speeding,rollover/fallen on straight road,1,0,1,clear,17.72474387,102.7767187,other,other,2022-01-21T15:15:00Z
5624637,21.01.2022 22:30,24.01.2022 15:50,Chon Buri,department of highways,large truck with trailer,speeding,rear-end collision,2,0,1,clear,13.17422515,100.9932884,straight road,no slope,2022-01-21T15:30:00Z
5783197,21.01.2022 22:30,22.02.2022 13:50,Uthai Thani,department of highways,4-wheel pickup truck,speeding,rollover/fallen on straight road,1,0,0,rainy,15.3667024,100.0079253,straight road,no slope,2022-01-21T15:30:00Z
6074803,21.01.2022 22:30,11.04.2022 14:38,Udon Thani,department of highways,4-wheel pickup truck,speeding,rollover/fallen on straight road,1,0,0,clear,17.67583671,103.2528832,straight road,no slope,2022-01-21T15:30:00Z
5624359,21.01.2022 23:00,23.01.2022 14:43,Pathum Thani,department of highways,large truck with trailer,speeding,rollover/fallen on straight road,1,0,1,rainy,14.06901293,100.6963572,straight road,no slope,2022-01-21T16:00:00Z
6233691,21.01.2022 23:00,19.05.2022 14:48,Samut Songkhram,department of highways,private/passenger car,speeding,rear-end collision,2,0,1,clear,13.34462583,99.86443786,straight road,no slope,2022-01-21T16:00:00Z
6330964,21.01.2022 23:15,8.06.2022 11:43,Samut Prakan,department of highways,large truck with trailer,speeding,rear-end collision,2,0,0,clear,13.62365591,100.9159899,straight road,no slope,2022-01-21T16:15:00Z
5842737,21.01.2022 23:30,4.03.2022 09:00,Nakhon Nayok,department of highways,4-wheel pickup truck,speeding,rollover/fallen on straight road,1,0,1,rainy,14.12461082,100.9950828,straight road,no slope,2022-01-21T16:30:00Z
6319330,21.01.2022 23:40,6.06.2022 13:50,Samut Prakan,department of highways,7-10-wheel truck,running red lights/traffic signals,other,1,0,0,clear,13.65545081,100.6719705,other,other,2022-01-21T16:40:00Z
6127411,22.01.2022 01:30,20.04.2022 08:19,Saraburi,department of highways,4-wheel pickup truck,speeding,rollover/fallen on straight road,1,0,1,rainy,14.66318717,101.1927214,straight road,no slope,2022-01-21T18:30:00Z
6344501,22.01.2022 01:30,10.06.2022 10:26,Bangkok,department of highways,6-wheel truck,cutting in closely by people/vehicles/animals,rollover/fallen on straight road,1,0,0,clear,13.8084743,100.9018037,straight road,no slope,2022-01-21T18:30:00Z
5837902,22.01.2022 03:00,3.03.2022 14:25,Ang Thong,department of highways,4-wheel pickup truck,speeding,rollover/fallen on straight road,1,0,1,rainy,14.58633757,100.4550683,straight road,no slope,2022-01-21T20:00:00Z
6567085,22.01.2022 04:30,25.01.2022 11:58,Lampang,department of rural roads,private/passenger car,speeding,other,2,2,1,foggy,18.20854,99.368075,wide curve,no slope,2022-01-21T21:30:00Z
5906366,22.01.2022 05:00,14.03.2022 13:51,Sukhothai,department of highways,private/passenger car,speeding,rollover/fallen on straight road,1,0,0,clear,17.00903253,99.80903952,straight road,no slope,2022-01-21T22:00:00Z
7330985,22.01.2022 05:15,30.03.2022 09:23,Bangkok,department of highways,large truck with trailer,cutting in closely by people/vehicles/animals,rear-end collision,2,0,2,rainy,13.83385563,100.6738669,straight road,no slope,2022-01-21T22:15:00Z
5625414,22.01.2022 05:30,25.01.2022 15:11,Nakhon Sawan,department of highways,private/passenger car,speeding,head-on collision (not overtaking),2,0,3,clear,15.75395354,99.77618514,straight road,no slope,2022-01-21T22:30:00Z
6242347,22.01.2022 05:30,24.05.2022 14:15,Phayao,department of highways,private/passenger car,speeding,rollover/fallen on straight road,1,0,0,clear,19.14497562,99.91160183,straight road,no slope,2022-01-21T22:30:00Z
6344369,22.01.2022 05:30,10.06.2022 10:12,Bangkok,department of highways,private/passenger car,speeding,rollover/fallen on straight road,1,0,0,rainy,13.80690888,100.8371544,straight road,no slope,2022-01-21T22:30:00Z
6226854,22.01.2022 05:45,18.05.2022 14:10,Nakhon Si Thammarat,department of highways,4-wheel pickup truck,speeding,rollover/fallen on straight road,1,0,0,clear,8.375419099,99.95589583,straight road,no slope,2022-01-21T22:45:00Z
5626732,22.01.2022 05:50,26.01.2022 15:19,Bangkok,department of highways,4-wheel pickup truck,speeding,rollover/fallen on curved road,1,0,0,rainy,13.73293388,100.7055089,other,other,2022-01-21T22:50:00Z
6242395,22.01.2022 05:55,24.05.2022 14:46,Nakhon Si Thammarat,department of highways,4-wheel pickup truck,speeding,rollover/fallen on straight road,1,0,0,clear,8.375010444,99.95507507,straight road,no slope,2022-01-21T22:55:00Z
6243247,22.01.2022 06:00,25.05.2022 14:56,Chachoengsao,department of highways,4-wheel pickup truck,speeding,rollover/fallen on straight road,1,0,0,clear,13.69550503,101.0534423,straight road,no slope,2022-01-21T23:00:00Z
6330972,22.01.2022 06:30,8.06.2022 11:41,Bangkok,department of highways,large truck with trailer,speeding,rollover/fallen on curved road,1,0,0,rainy,13.72947891,100.7417589,wide curve,no slope,2022-01-21T23:30:00Z
6243240,22.01.2022 06:45,25.05.2022 14:54,Chachoengsao,department of highways,4-wheel pickup truck,speeding,rollover/fallen on straight road,1,0,1,clear,13.72998179,101.031518,other,other,2022-01-21T23:45:00Z
6003648,22.01.2022 07:48,30.03.2022 09:00,Samut Prakan,department of highways,private/passenger car,speeding,rollover/fallen on straight road,1,0,0,rainy,13.64381299,100.884608,straight road,no slope,2022-01-22T00:48:00Z
6567078,22.01.2022 08:00,24.01.2022 13:46,Samut Prakan,department of rural roads,passenger pickup truck,tailgating,other,2,0,1,clear,13.664553,100.535828,y-intersection,other,2022-01-22T01:00:00Z
7561508,22.01.2022 08:10,17.01.2023 10:08,Bangkok,department of highways,motorcycle,speeding,rear-end collision,2,0,1,clear,13.7862917,100.4634127,straight road,no slope,2022-01-22T01:10:00Z
5862690,22.01.2022 08:20,7.03.2022 15:15,Rayong,department of highways,private/passenger car,speeding,rollover/fallen on straight road,1,0,1,clear,12.94178601,101.5197927,straight road,no slope,2022-01-22T01:20:00Z
5881634,22.01.2022 08:30,10.03.2022 10:32,Suphan Buri,department of highways,other,speeding,rollover/fallen on straight road,1,0,0,clear,14.51402084,100.1312506,straight road,no slope,2022-01-22T01:30:00Z
5919661,22.01.2022 08:35,15.03.2022 13:33,Sakon Nakhon,department of highways,4-wheel pickup truck,speeding,rollover/fallen on curved road,1,0,3,clear,16.85451931,103.9391371,wide curve,no slope,2022-01-22T01:35:00Z
5868706,22.01.2022 09:00,8.03.2022 13:33,Chon Buri,department of highways,private/passenger car,speeding,rollover/fallen on straight road,1,0,0,clear,13.32576154,101.2718278,straight road,no slope,2022-01-22T02:00:00Z
6361618,22.01.2022 09:00,13.06.2022 08:02,Kalasin,department of highways,4-wheel pickup truck,speeding,rollover/fallen on curved road,1,0,1,clear,16.40148315,103.3740949,wide curve,no slope,2022-01-22T02:00:00Z
7330987,22.01.2022 09:10,14.03.2022 13:50,Sukhothai,department of highways,4-wheel pickup truck,speeding,pedestrian collision,1,0,1,clear,17.01173077,99.83722685,other,other,2022-01-22T02:10:00Z
6003839,22.01.2022 09:20,30.03.2022 09:41,Bangkok,department of highways,private/passenger car,speeding,rear-end collision,10,0,0,rainy,13.83319931,100.6739285,straight road,no slope,2022-01-22T02:20:00Z
6003796,22.01.2022 10:12,30.03.2022 09:25,Chon Buri,department of highways,4-wheel pickup truck,vehicle equipment failure,rollover/fallen on straight road,1,0,0,clear,13.47051777,101.045959,straight road,no slope,2022-01-22T03:12:00Z
5624239,22.01.2022 10:20,22.01.2022 11:02,Bangkok,expressway authority of thailand,other,other,collision with obstruction (on road surface),1,0,1,rainy,13.72439624,100.5526095,straight road,other,2022-01-22T03:20:00Z
5627589,22.01.2022 10:25,27.01.2022 12:58,Bangkok,department of highways,4-wheel pickup truck,speeding,rollover/fallen on curved road,1,0,1,clear,13.73295472,100.7055062,other,other,2022-01-22T03:25:00Z
5897199,22.01.2022 11:00,12.03.2022 19:40,Tak,department of highways,motorcycle,cutting in closely by people/vehicles/animals,other,2,0,0,clear,17.0390598,99.06183241,connecting to private area,other,2022-01-22T04:00:00Z
6184838,22.01.2022 11:25,11.05.2022 13:21,Phetchabun,department of highways,4-wheel pickup truck,speeding,rollover/fallen on curved road,1,0,0,rainy,16.75002676,101.5005773,wide curve,no slope,2022-01-22T04:25:00Z
6081566,22.01.2022 12:00,12.04.2022 15:39,Uttaradit,department of highways,private/passenger car,speeding,rollover/fallen on straight road,1,0,0,clear,17.37991149,100.2313909,straight road,no slope,2022-01-22T05:00:00Z
6080018,22.01.2022 12:05,12.04.2022 11:57,Phitsanulok,department of highways,4-wheel pickup truck,speeding,rollover/fallen on curved road,1,0,0,rainy,16.8401051,100.8868638,wide curve,no slope,2022-01-22T05:05:00Z
6086434,22.01.2022 12:30,13.04.2022 11:00,Lampang,department of highways,large truck with trailer,speeding,rollover/fallen on curved road,1,0,0,clear,18.98613532,99.61461692,wide curve,no slope,2022-01-22T05:30:00Z
5991999,22.01.2022 13:30,28.03.2022 09:38,Pattani,department of highways,private/passenger car,speeding,collision at intersection corner,3,0,1,clear,6.801660727,101.1512169,other,other,2022-01-22T06:30:00Z
5626480,22.01.2022 14:00,26.01.2022 09:07,Bangkok,department of highways,large truck with trailer,speeding,rear-end collision,2,0,0,clear,13.90873066,100.6989214,straight road,no slope,2022-01-22T07:00:00Z
5975333,22.01.2022 14:19,25.03.2022 10:32,Sa Kaeo,department of highways,4-wheel pickup truck,speeding,rear-end collision,2,0,0,clear,13.53407915,102.1651295,straight road,no slope,2022-01-22T07:19:00Z
5919582,22.01.2022 14:30,16.03.2022 14:02,buogkan,department of highways,4-wheel pickup truck,speeding,rollover/fallen on curved road,1,0,1,clear,17.8728224,103.9507377,wide curve,no slope,2022-01-22T07:30:00Z
6149117,22.01.2022 15:00,5.05.2022 11:32,Trang,department of highways,large truck with trailer,overloaded vehicle,rollover/fallen on straight road,1,0,0,clear,7.582577103,99.58835809,other,other,2022-01-22T08:00:00Z
5956884,22.01.2022 15:40,22.03.2022 13:44,Nakhon Ratchasima,department of highways,4-wheel pickup truck,speeding,rollover/fallen on curved road,1,0,1,rainy,15.29645133,102.417351,wide curve,no slope,2022-01-22T08:40:00Z
5739973,22.01.2022 16:00,14.02.2022 14:37,Nakhon Sawan,department of highways,large truck with trailer,overloaded vehicle,collision with obstruction (on road surface),1,0,0,clear,15.26247362,100.331735,other,other,2022-01-22T09:00:00Z
5957268,22.01.2022 16:00,22.03.2022 14:53,Prachin Buri,department of highways,private/passenger car,speeding,head-on collision (not overtaking),2,0,6,rainy,14.03382413,101.6563171,straight road,no slope,2022-01-22T09:00:00Z
5975354,22.01.2022 16:00,25.03.2022 10:39,Sa Kaeo,department of highways,large truck with trailer,speeding,rollover/fallen on straight road,1,0,1,rainy,13.87666292,102.0087701,straight road,no slope,2022-01-22T09:00:00Z
6331336,22.01.2022 16:05,8.06.2022 13:23,Surat Thani,department of highways,private/passenger car,speeding,rear-end collision,2,0,0,clear,9.124936108,99.27872656,straight road,no slope,2022-01-22T09:05:00Z
5739977,22.01.2022 16:10,14.02.2022 14:39,Nakhon Sawan,department of highways,4-wheel pickup truck,vehicle equipment failure,rollover/fallen on straight road,1,0,1,clear,15.64676393,100.5825698,straight road,no slope,2022-01-22T09:10:00Z
5624652,22.01.2022 16:11,24.01.2022 15:57,Sa Kaeo,department of highways,4-wheel pickup truck,speeding,rollover/fallen on straight road,1,1,6,rainy,13.77098198,102.0409995,straight road,no slope,2022-01-22T09:11:00Z
5919918,22.01.2022 16:40,15.03.2022 09:41,Loei,department of highways,private/passenger car,speeding,rollover/fallen on straight road,1,0,0,rainy,17.31720985,101.7682457,straight road,no slope,2022-01-22T09:40:00Z
5975355,22.01.2022 16:40,25.03.2022 10:39,Sa Kaeo,department of highways,4-wheel pickup truck,speeding,rollover/fallen on straight road,1,0,1,rainy,13.78970414,102.1522173,straight road,no slope,2022-01-22T09:40:00Z
5975331,22.01.2022 17:15,25.03.2022 10:35,Sa Kaeo,department of highways,4-wheel pickup truck,speeding,rollover/fallen on straight road,1,0,2,rainy,13.75477243,102.2909251,straight road,no slope,2022-01-22T10:15:00Z
5963393,22.01.2022 17:30,23.03.2022 13:58,Phatthalung,department of highways,6-wheel truck,speeding,rollover/fallen on curved road,2,0,1,clear,7.56419142,99.92675631,wide curve,no slope,2022-01-22T10:30:00Z
7527552,22.01.2022 17:30,31.12.2022 11:24,Sa Kaeo,department of highways,van,speeding,rollover/fallen on curved road,1,0,4,rainy,13.94651313,102.5480765,wide curve,slope area,2022-01-22T10:30:00Z
5969936,22.01.2022 17:50,24.03.2022 15:23,Nakhon Ratchasima,department of highways,motorcycle,speeding,head-on collision (not overtaking),2,2,4,rainy,14.55389857,102.4648234,straight road,no slope,2022-01-22T10:50:00Z
5906707,22.01.2022 18:20,14.03.2022 14:57,Phetchabun,department of highways,4-wheel pickup truck,speeding,rollover/fallen on curved road,1,0,0,rainy,16.74693695,101.5058613,wide curve,no slope,2022-01-22T11:20:00Z
6144722,22.01.2022 18:30,26.04.2022 11:59,Si Sa Ket,department of highways,motorcycle,speeding,rear-end collision,3,3,0,clear,15.09140736,104.5939126,straight road,no slope,2022-01-22T11:30:00Z
5670307,22.01.2022 19:20,3.02.2022 16:46,Suphan Buri,department of highways,motorcycle,speeding,rollover/fallen on straight road,1,0,1,foggy,14.85991262,100.050846,straight road,no slope,2022-01-22T12:20:00Z
6145533,22.01.2022 19:30,27.04.2022 10:10,Surin,department of highways,4-wheel pickup truck,speeding,rollover/fallen on straight road,1,0,1,rainy,15.30287781,103.2906595,straight road,no slope,2022-01-22T12:30:00Z
6237986,22.01.2022 20:15,20.05.2022 07:48,Phetchaburi,department of highways,private/passenger car,speeding,rollover/fallen on straight road,1,0,0,clear,13.30707589,99.82507645,straight road,no slope,2022-01-22T13:15:00Z
5862097,22.01.2022 20:30,7.03.2022 13:46,Maha Sarakham,department of highways,4-wheel pickup truck,speeding,rollover/fallen on straight road,1,0,0,clear,16.40011171,103.1115818,straight road,no slope,2022-01-22T13:30:00Z
5919578,22.01.2022 20:30,16.03.2022 14:03,Sakon Nakhon,department of highways,private/passenger car,speeding,rollover/fallen on straight road,1,0,2,clear,17.85774767,103.5330212,straight road,no slope,2022-01-22T13:30:00Z
6148397,22.01.2022 22:30,3.05.2022 14:07,Krabi,department of highways,4-wheel pickup truck,speeding,rollover/fallen on straight road,1,0,3,clear,8.107802454,98.92845152,straight road,no slope,2022-01-22T15:30:00Z
5920036,22.01.2022 22:40,15.03.2022 10:59,Kalasin,department of highways,large truck with trailer,speeding,head-on collision (not overtaking),2,1,1,clear,16.36321541,103.3899307,straight road,no slope,2022-01-22T15:40:00Z
5998896,22.01.2022 23:11,29.03.2022 14:13,Chon Buri,department of highways,4-wheel pickup truck,speeding,rollover/fallen on straight road,1,0,0,clear,13.29707865,100.994415,straight road,no slope,2022-01-22T16:11:00Z
5624347,23.01.2022 00:42,23.01.2022 01:29,Bangkok,expressway authority of thailand,other,other,rear-end collision,2,0,1,clear,13.81105,100.620175,straight road,other,2022-01-22T17:42:00Z
5867116,23.01.2022 00:45,8.03.2022 07:46,Rayong,department of highways,motorcycle,speeding,rollover/fallen on straight road,1,1,0,clear,12.81456843,101.2304708,other,other,2022-01-22T17:45:00Z
5920171,23.01.2022 01:05,15.03.2022 13:18,Roi Et,department of highways,4-wheel pickup truck,speeding,rollover/fallen on curved road,1,0,1,foggy,16.28883548,104.0015602,wide curve,no slope,2022-01-22T18:05:00Z
6943795,23.01.2022 01:30,20.09.2022 10:56,Surat Thani,department of highways,4-wheel pickup truck,speeding,rollover/fallen on straight road,1,0,1,clear,8.879260116,98.86536597,straight road,no slope,2022-01-22T18:30:00Z
5624348,23.01.2022 01:44,23.01.2022 03:02,Bangkok,expressway authority of thailand,other,other,collision with obstruction (on road surface),1,0,0,clear,13.77605613,100.5327601,wide curve,other,2022-01-22T18:44:00Z
6242436,23.01.2022 02:30,24.05.2022 15:16,Nakhon Phanom,department of highways,4-wheel pickup truck,speeding,rollover/fallen on straight road,1,0,1,clear,17.3831905,104.757683,straight road,no slope,2022-01-22T19:30:00Z
6242381,23.01.2022 02:40,24.05.2022 14:30,Samut Sakhon,department of highways,4-wheel pickup truck,speeding,rear-end collision,2,0,0,clear,13.53316383,100.1793158,straight road,no slope,2022-01-22T19:40:00Z
5760015,23.01.2022 02:45,18.02.2022 14:42,Suphan Buri,department of highways,4-wheel pickup truck,falling asleep,rollover/fallen on curved road,1,0,1,clear,14.76457041,99.83722685,wide curve,no slope,2022-01-22T19:45:00Z
6146607,23.01.2022 04:00,29.04.2022 09:43,Ubon Ratchathani,department of highways,4-wheel pickup truck,speeding,rollover/fallen on straight road,1,0,2,rainy,14.91512331,105.0612554,straight road,no slope,2022-01-22T21:00:00Z
6319697,23.01.2022 04:00,6.06.2022 14:58,Surat Thani,department of highways,6-wheel truck,speeding,rollover/fallen on straight road,1,0,2,clear,9.084685504,99.43158566,straight road,no slope,2022-01-22T21:00:00Z
6146602,23.01.2022 04:20,29.04.2022 09:35,Ubon Ratchathani,department of highways,private/passenger car,speeding,rollover/fallen on straight road,1,0,1,clear,14.84254214,105.3212339,straight road,no slope,2022-01-22T21:20:00Z
6386632,23.01.2022 04:30,17.06.2022 10:24,Kalasin,department of highways,4-wheel pickup truck,speeding,rollover/fallen on straight road,1,1,0,clear,16.5234671,104.0996674,straight road,no slope,2022-01-22T21:30:00Z
5781634,23.01.2022 04:50,22.02.2022 08:32,Kanchanaburi,department of highways,4-wheel pickup truck,vehicle equipment failure,rollover/fallen on straight road,1,0,0,clear,14.23976694,99.5042011,straight road,no slope,2022-01-22T21:50:00Z
6086138,23.01.2022 05:30,13.04.2022 09:55,Uttaradit,department of highways,private/passenger car,speeding,rollover/fallen on straight road,1,0,1,clear,17.60863795,100.0417694,straight road,no slope,2022-01-22T22:30:00Z
5739947,23.01.2022 07:30,14.02.2022 14:34,Nakhon Sawan,department of highways,large truck with trailer,vehicle equipment failure,rollover/fallen on curved road,1,0,0,clear,15.33660323,100.5380291,wide curve,no slope,2022-01-23T00:30:00Z
6127497,23.01.2022 08:30,20.04.2022 08:44,Saraburi,department of highways,other,speeding,rollover/fallen on straight road,1,0,0,clear,14.40890595,100.8911526,other,other,2022-01-23T01:30:00Z
5664137,23.01.2022 08:50,2.02.2022 19:56,Suphan Buri,department of highways,4-wheel pickup truck,speeding,rear-end collision,3,0,0,clear,14.34654911,100.1891863,straight road,no slope,2022-01-23T01:50:00Z
7425285,23.01.2022 09:00,2.12.2022 14:10,Chai Nat,department of highways,other,speeding,rollover/fallen on straight road,1,0,0,clear,14.95657839,99.95304464,straight road,no slope,2022-01-23T02:00:00Z
5752479,23.01.2022 09:25,17.02.2022 09:15,Sing Buri,department of highways,private/passenger car,speeding,rollover/fallen on straight road,1,0,1,clear,14.85027347,100.3740147,straight road,no slope,2022-01-23T02:25:00Z
5919559,23.01.2022 10:00,15.03.2022 10:45,Mukdahan,department of highways,large truck with trailer,vehicle equipment failure,rollover/fallen on curved road,1,0,0,clear,16.39860645,104.5748207,wide curve,no slope,2022-01-23T03:00:00Z
6003674,23.01.2022 10:13,30.03.2022 09:02,Samut Prakan,department of highways,private/passenger car,speeding,rear-end collision,2,0,0,clear,13.64184766,100.8876684,straight road,no slope,2022-01-23T03:13:00Z
6003699,23.01.2022 10:30,30.03.2022 09:05,Samut Prakan,department of highways,4-wheel pickup truck,speeding,rear-end collision,2,0,0,clear,13.64135503,100.8884355,straight road,no slope,2022-01-23T03:30:00Z
7554308,23.01.2022 10:36,9.01.2023 10:00,Bangkok,department of highways,private/passenger car,speeding,rear-end collision,2,0,0,clear,13.7811,100.4255439,other,other,2022-01-23T03:36:00Z
6003697,23.01.2022 10:44,30.03.2022 09:06,Pathum Thani,department of highways,private/passenger car,speeding,rear-end collision,2,0,0,clear,14.14666984,100.66058460000001,straight road,no slope,2022-01-23T03:44:00Z
5881800,23.01.2022 11:30,10.03.2022 11:07,Chumphon,department of highways,4-wheel pickup truck,speeding,rollover/fallen on straight road,1,0,0,clear,10.40466465,99.12782817,straight road,no slope,2022-01-23T04:30:00Z
5998272,23.01.2022 11:49,29.03.2022 11:13,Bangkok,department of highways,4-wheel pickup truck,speeding,rear-end collision,2,0,0,clear,13.72998439,100.758115,other,other,2022-01-23T04:49:00Z
7330994,23.01.2022 11:50,21.09.2022 11:44,Sakon Nakhon,department of highways,private/passenger car,cutting in closely by people/vehicles/animals,other,2,1,0,clear,17.13611016,104.092125,connecting to private area,other,2022-01-23T04:50:00Z
5931714,23.01.2022 12:00,18.03.2022 08:59,Chiang Mai,department of highways,private/passenger car,speeding,rear-end collision,2,0,1,clear,18.96570426,98.94500075,straight road,no slope,2022-01-23T05:00:00Z
6243223,23.01.2022 12:00,25.05.2022 14:29,Nakhon Ratchasima,department of highways,4-wheel pickup truck,speeding,rollover/fallen on straight road,1,0,0,rainy,14.65445013,101.3651445,straight road,slope area,2022-01-23T05:00:00Z
7311133,23.01.2022 12:38,14.11.2022 13:24,Nakhon Ratchasima,department of highways,private/passenger car,speeding,rollover/fallen on straight road,1,0,0,clear,14.94912038,102.0184877,straight road,no slope,2022-01-23T05:38:00Z
5782125,23.01.2022 13:00,22.02.2022 10:21,Phra Nakhon Si Ayutthaya,department of highways,private/passenger car,speeding,rollover/fallen on straight road,1,0,0,clear,14.5513829,100.4992765,straight road,no slope,2022-01-23T06:00:00Z
7311144,23.01.2022 13:10,14.11.2022 13:26,Nakhon Ratchasima,department of highways,4-wheel pickup truck,speeding,rear-end collision,3,0,0,clear,14.86940357,101.7963874,straight road,no slope,2022-01-23T06:10:00Z
6123665,23.01.2022 13:40,19.04.2022 16:50,Loburi,department of highways,4-wheel pickup truck,speeding,rear-end collision,2,0,2,clear,14.93748713,100.5925369,straight road,no slope,2022-01-23T06:40:00Z
5920101,23.01.2022 14:30,15.03.2022 11:33,Maha Sarakham,department of highways,4-wheel pickup truck,cutting in closely by people/vehicles/animals,head-on collision (not overtaking),2,0,1,clear,16.04726985,102.9086378,other,other,2022-01-23T07:30:00Z
5906856,23.01.2022 14:45,14.03.2022 15:21,Loei,department of highways,4-wheel pickup truck,speeding,rollover/fallen on curved road,1,0,1,clear,17.45350749,101.7301798,wide curve,no slope,2022-01-23T07:45:00Z
7309905,23.01.2022 15:00,14.11.2022 09:11,Nakhon Ratchasima,department of highways,4-wheel pickup truck,speeding,rollover/fallen on straight road,1,0,0,clear,14.64563229,101.2979525,straight road,no slope,2022-01-23T08:00:00Z
6242375,23.01.2022 15:30,24.05.2022 14:26,Suphan Buri,department of highways,private/passenger car,cutting in closely by people/vehicles/animals,rear-end collision,2,0,5,clear,14.47283478,100.1312721,straight road,no slope,2022-01-23T08:30:00Z
5920034,23.01.2022 15:45,15.03.2022 10:59,Kalasin,department of highways,4-wheel pickup truck,speeding,collision at intersection corner,2,0,1,clear,16.56368027,103.2625338,other,other,2022-01-23T08:45:00Z
6146601,23.01.2022 16:00,29.04.2022 09:38,Ubon Ratchathani,department of highways,4-wheel pickup truck,speeding,rollover/fallen on curved road,1,0,0,clear,15.20078636,105.370675,wide curve,no slope,2022-01-23T09:00:00Z
6146621,23.01.2022 16:10,29.04.2022 09:56,Ubon Ratchathani,department of highways,4-wheel pickup truck,speeding,rollover/fallen on straight road,1,0,2,clear,15.26728393,105.2850535,straight road,no slope,2022-01-23T09:10:00Z
5905207,23.01.2022 16:30,14.03.2022 09:19,Tak,department of highways,4-wheel pickup truck,falling asleep,rollover/fallen on straight road,1,0,0,clear,16.53233065,98.7026739,straight road,no slope,2022-01-23T09:30:00Z
7419372,23.01.2022 16:50,30.11.2022 13:24,Maha Sarakham,department of highways,4-wheel pickup truck,speeding,rear-end collision,2,0,0,clear,15.45128111,103.2323456,straight road,no slope,2022-01-23T09:50:00Z
5905237,23.01.2022 17:30,14.03.2022 09:24,Tak,department of highways,large truck with trailer,speeding,rollover/fallen on curved road,1,0,0,clear,16.76842594,98.712759,wide curve,slope area,2022-01-23T10:30:00Z
6902920,23.01.2022 17:30,14.09.2022 10:16,Chiang Mai,department of highways,private/passenger car,speeding,rear-end collision,2,0,1,clear,19.01534067,99.30017351,straight road,no slope,2022-01-23T10:30:00Z
6902893,23.01.2022 18:00,14.09.2022 10:15,Chiang Mai,department of highways,private/passenger car,speeding,rear-end collision,2,0,1,clear,18.98829876,99.26994769,straight road,no slope,2022-01-23T11:00:00Z
6144641,23.01.2022 18:40,26.04.2022 09:52,Udon Thani,department of highways,4-wheel pickup truck,speeding,head-on collision (not overtaking),2,0,3,clear,16.95392556,103.3419567,straight road,no slope,2022-01-23T11:40:00Z