acc_code,incident_datetime,report_datetime,province_en,agency,vehicle_type,presumed_cause,accident_type,number_of_vehicles_involved,number_of_fatalities,number_of_injuries,weather_condition,latitude,longitude,road_description,slope_description,incident_time
5932260,23.01.2022 19:00,18.03.2022 11:14,Chiang Mai,department of highways,motorcycle,speeding,rollover/fallen on straight road,1,0,1,clear,18.8668795,99.01519148,straight road,no slope,2022-01-23T12:00:00Z
7358854,23.01.2022 19:30,21.11.2022 14:40,Udon Thani,department of highways,4-wheel pickup truck,speeding,rollover/fallen on straight road,1,0,2,clear,17.29345081,103.2246637,straight road,no slope,2022-01-23T12:30:00Z
6242340,23.01.2022 19:40,24.05.2022 14:11,Chiang Mai,department of highways,4-wheel pickup truck,speeding,rollover/fallen on straight road,1,0,0,clear,18.82889253,99.05105262,straight road,no slope,2022-01-23T12:40:00Z
5920095,23.01.2022 20:06,15.03.2022 11:27,Maha Sarakham,department of highways,4-wheel pickup truck,speeding,rollover/fallen on straight road,1,0,0,clear,16.15873931,103.2775006,straight road,no slope,2022-01-23T13:06:00Z
5897179,23.01.2022 21:30,12.03.2022 19:38,Kamphaeng Phet,department of highways,large truck with trailer,speeding,rollover/fallen on curved road,1,0,0,clear,16.6746574,99.58612649,wide curve,no slope,2022-01-23T14:30:00Z
7419541,23.01.2022 22:50,30.11.2022 13:52,Kanchanaburi,department of highways,4-wheel pickup truck,speeding,other,2,2,1,clear,14.22262063,99.7884482,connecting to public/commercial area,other,2022-01-23T15:50:00Z
5956973,24.01.2022 00:00,22.03.2022 13:59,Nakhon Ratchasima,department of highways,other,speeding,rollover/fallen on straight road,1,0,0,clear,15.00869945,102.1371969,straight road,no slope,2022-01-23T17:00:00Z
5998741,24.01.2022 00:30,29.03.2022 13:38,Chon Buri,department of highways,private/passenger car,speeding,rear-end collision,2,0,0,clear,13.39957908,101.0474262,straight road,no slope,2022-01-23T17:30:00Z
5624680,24.01.2022 03:05,24.01.2022 16:33,Chon Buri,department of highways,4-wheel pickup truck,speeding,rollover/fallen on straight road,1,0,0,clear,13.16555965,100.9904855,straight road,no slope,2022-01-23T20:05:00Z
6567079,24.01.2022 03:20,24.01.2022 13:46,Samut Prakan,department of rural roads,motorcycle,dangerous curve,other,1,0,1,clear,13.646224,100.540102,sharp curve,slope area,2022-01-23T20:20:00Z
5624633,24.01.2022 03:30,24.01.2022 15:46,Phetchaburi,department of highways,large truck with trailer,speeding,rear-end collision,2,2,1,clear,13.12281529,99.88781332,straight road,no slope,2022-01-23T20:30:00Z
5868882,24.01.2022 05:00,8.03.2022 14:07,Chachoengsao,department of highways,private/passenger car,cutting in closely by people/vehicles/animals,rear-end collision,2,1,0,clear,13.68232638,101.0804763,straight road,no slope,2022-01-23T22:00:00Z
5919862,24.01.2022 05:00,16.03.2022 12:26,Prachuap Khiri Khan,department of highways,private/passenger car,speeding,rollover/fallen on straight road,1,0,0,clear,12.45745914,99.9669063,straight road,no slope,2022-01-23T22:00:00Z
5626750,24.01.2022 05:20,26.01.2022 15:39,Bangkok,department of highways,7-10-wheel truck,speeding,rollover/fallen on straight road,1,0,1,clear,13.76600096,100.6934497,straight road,no slope,2022-01-23T22:20:00Z
6918788,24.01.2022 05:35,16.09.2022 14:35,Chon Buri,department of highways,4-wheel pickup truck,cutting in closely by people/vehicles/animals,rear-end collision,2,0,0,clear,13.06004481,100.9962576,straight road,no slope,2022-01-23T22:35:00Z
5956924,24.01.2022 06:00,22.03.2022 13:45,Nakhon Ratchasima,department of highways,7-10-wheel truck,speeding,rollover/fallen on curved road,1,0,0,clear,15.29446695,102.4165168,wide curve,no slope,2022-01-23T23:00:00Z
5745087,24.01.2022 06:34,15.02.2022 10:56,Saraburi,department of highways,large truck with trailer,speeding,rollover/fallen on straight road,1,0,1,clear,14.66542651,100.8353895,other,other,2022-01-23T23:34:00Z
7437405,24.01.2022 07:00,7.12.2022 07:56,Chumphon,department of highways,4-wheel pickup truck,speeding,rollover/fallen on curved road,1,0,0,clear,9.783027443,98.75287144,wide curve,no slope,2022-01-24T00:00:00Z
5836314,24.01.2022 07:45,3.03.2022 08:56,Phra Nakhon Si Ayutthaya,department of highways,4-wheel pickup truck,speeding,rear-end collision,4,1,0,clear,14.35766809,100.5285394,other,other,2022-01-24T00:45:00Z
5905251,24.01.2022 08:00,14.03.2022 09:26,Tak,department of highways,motorcycle,speeding,rear-end collision,2,2,0,clear,16.76801503,98.58907698,straight road,no slope,2022-01-24T01:00:00Z
6080245,24.01.2022 08:30,12.04.2022 12:44,Surat Thani,department of highways,motorcycle,speeding,rear-end collision,3,0,4,clear,8.626463663,99.35308544,straight road,no slope,2022-01-24T01:30:00Z
5992075,24.01.2022 08:35,28.03.2022 09:54,Narathiwat,department of highways,motorcycle,speeding,rear-end collision,2,0,1,clear,6.019171406,101.927298,straight road,no slope,2022-01-24T01:35:00Z
6567132,24.01.2022 09:00,11.02.2022 08:36,Saraburi,department of rural roads,passenger pickup truck,speeding,other,2,1,0,clear,14.679573,100.736696,t-intersection,other,2022-01-24T02:00:00Z
6546302,24.01.2022 09:40,13.07.2022 20:15,Krabi,department of highways,private/passenger car,speeding,rollover/fallen on straight road,1,0,0,clear,8.056334882,98.85842978,straight road,no slope,2022-01-24T02:40:00Z
6902593,24.01.2022 09:50,14.09.2022 09:22,Khon Kaen,department of highways,4-wheel pickup truck,speeding,rear-end collision,3,0,3,clear,16.08995962,102.621223,other,other,2022-01-24T02:50:00Z
7330997,24.01.2022 10:15,21.09.2022 10:38,Phra Nakhon Si Ayutthaya,department of highways,large truck with trailer,speeding,collision at intersection corner,2,0,3,clear,14.41773583,100.438503,other,other,2022-01-24T03:15:00Z
5906716,24.01.2022 10:35,14.03.2022 14:59,Phetchabun,department of highways,private/passenger car,speeding,rear-end collision,2,0,0,clear,16.74381112,101.1969995,straight road,no slope,2022-01-24T03:35:00Z
5897147,24.01.2022 10:40,12.03.2022 19:31,Tak,department of highways,other,speeding,rollover/fallen on straight road,1,0,0,clear,16.75852286,98.91154288,straight road,no slope,2022-01-24T03:40:00Z
6148050,24.01.2022 10:46,2.05.2022 10:43,Amnat Charoen,department of highways,other,speeding,rollover/fallen on straight road,1,0,0,clear,15.78398914,104.4720733,other,other,2022-01-24T03:46:00Z
5906709,24.01.2022 10:50,14.03.2022 14:57,Phetchabun,department of highways,private/passenger car,speeding,rear-end collision,2,0,0,clear,16.74385478,101.1970425,straight road,no slope,2022-01-24T03:50:00Z
5783404,24.01.2022 11:00,22.02.2022 14:37,Bangkok,department of highways,other,speeding,rollover/fallen on straight road,1,0,0,clear,13.85274202,100.6736684,straight road,no slope,2022-01-24T04:00:00Z
6148447,24.01.2022 11:00,3.05.2022 15:47,Trang,department of highways,other,speeding,rollover/fallen on straight road,1,0,0,clear,7.667978443,99.45936261,other,other,2022-01-24T04:00:00Z
5783402,24.01.2022 11:30,22.02.2022 14:39,Bangkok,department of highways,other,speeding,rollover/fallen on straight road,1,0,0,clear,13.67820611,100.6992191,straight road,no slope,2022-01-24T04:30:00Z
5860904,24.01.2022 11:30,7.03.2022 09:27,Phuket,department of highways,7-10-wheel truck,speeding,rollover/fallen on straight road,1,0,2,clear,7.815486828,98.33920507,straight road,no slope,2022-01-24T04:30:00Z
5955708,24.01.2022 11:30,22.03.2022 09:17,Sakon Nakhon,department of highways,motorcycle,speeding,rear-end collision,2,0,1,clear,17.91960332,103.6705595,straight road,no slope,2022-01-24T04:30:00Z
6073751,24.01.2022 11:57,11.04.2022 10:49,Chiang Mai,department of highways,private/passenger car,cutting in closely by people/vehicles/animals,rear-end collision,2,0,1,clear,19.28646133,99.18771385,straight road,no slope,2022-01-24T04:57:00Z
6294359,24.01.2022 12:00,2.06.2022 08:35,Loei,department of highways,private/passenger car,speeding,rollover/fallen on curved road,1,0,1,clear,17.45105366,101.421487,wide curve,slope area,2022-01-24T05:00:00Z
5906625,24.01.2022 12:45,14.03.2022 14:40,Phetchabun,department of highways,4-wheel pickup truck,speeding,head-on collision (not overtaking),2,0,1,clear,16.76196434,101.1833766,straight road,no slope,2022-01-24T05:45:00Z
6134391,24.01.2022 12:50,21.04.2022 14:31,Surat Thani,department of highways,4-wheel pickup truck,speeding,rollover/fallen on curved road,1,0,0,clear,8.940376108,98.96542846,wide curve,no slope,2022-01-24T05:50:00Z
5738651,24.01.2022 14:20,14.02.2022 09:42,Nakhon Sawan,department of highways,private/passenger car,cutting in closely by people/vehicles/animals,rollover/fallen on straight road,1,0,1,clear,15.65737902,100.1711914,straight road,no slope,2022-01-24T07:20:00Z
6144190,24.01.2022 15:00,25.04.2022 15:07,Phrae,department of highways,private/passenger car,vehicle equipment failure,rollover/fallen on curved road,1,0,1,clear,17.87906635,99.55747782,wide curve,no slope,2022-01-24T08:00:00Z
6903068,24.01.2022 15:00,14.09.2022 10:48,Nakhon Ratchasima,department of highways,other,speeding,rollover/fallen on straight road,1,0,0,clear,15.00132616,101.685175,straight road,no slope,2022-01-24T08:00:00Z
5624665,24.01.2022 15:50,24.01.2022 16:14,Phetchaburi,department of highways,4-wheel pickup truck,speeding,rollover/fallen on straight road,1,0,0,clear,13.12208127,99.89041238,straight road,no slope,2022-01-24T08:50:00Z
6086439,24.01.2022 16:00,13.04.2022 11:02,Lampang,department of highways,6-wheel truck,speeding,rear-end collision,2,0,2,clear,19.1224582,99.61588024,other,other,2022-01-24T09:00:00Z
7440907,24.01.2022 16:10,8.12.2022 08:19,Samut Prakan,department of highways,large truck with trailer,speeding,rear-end collision,2,0,1,clear,13.59530227,100.8034754,straight road,no slope,2022-01-24T09:10:00Z
5625350,24.01.2022 16:20,25.01.2022 13:43,Suphan Buri,department of highways,motorcycle,speeding,head-on collision (not overtaking),2,1,0,clear,14.31029362,100.1483604,wide curve,no slope,2022-01-24T09:20:00Z
7424884,24.01.2022 16:20,2.12.2022 10:35,Chiang Rai,department of highways,4-wheel pickup truck,speeding,rollover/fallen on straight road,1,0,0,clear,20.26310044,100.0808117,straight road,no slope,2022-01-24T09:20:00Z
6080445,24.01.2022 16:30,12.04.2022 13:34,Phitsanulok,department of highways,private/passenger car,speeding,rollover/fallen on curved road,1,0,2,clear,17.35103264,100.3690177,wide curve,slope area,2022-01-24T09:30:00Z
6242345,24.01.2022 16:30,24.05.2022 14:13,Phayao,department of highways,4-wheel pickup truck,cutting in closely by people/vehicles/animals,head-on collision (not overtaking),2,1,0,clear,19.41684653,100.1199987,other,other,2022-01-24T09:30:00Z
7437220,24.01.2022 16:30,7.12.2022 07:55,Ranong,department of highways,4-wheel pickup truck,speeding,rollover/fallen on straight road,1,0,0,rainy,10.48192515,98.81274103,straight road,no slope,2022-01-24T09:30:00Z
6055996,24.01.2022 16:40,8.04.2022 13:47,Lamphun,department of highways,4-wheel pickup truck,speeding,rollover/fallen on straight road,1,0,1,clear,18.52266432,99.08605276,straight road,no slope,2022-01-24T09:40:00Z
6099169,24.01.2022 16:50,15.04.2022 10:46,Chiang Rai,department of highways,4-wheel pickup truck,speeding,rear-end collision,2,0,2,clear,20.23444065,100.1255482,straight road,no slope,2022-01-24T09:50:00Z
6943300,24.01.2022 17:20,20.09.2022 09:26,Suphan Buri,department of highways,large truck with trailer,speeding,rear-end collision,2,0,1,clear,14.81375852,99.7043073,other,other,2022-01-24T10:20:00Z
6003951,24.01.2022 17:30,30.03.2022 10:06,Chiang Mai,department of highways,private/passenger car,speeding,rear-end collision,3,0,1,clear,18.89792521,98.84519576,sharp curve,no slope,2022-01-24T10:30:00Z
5931734,24.01.2022 17:40,18.03.2022 09:00,Chiang Mai,department of highways,motorcycle,speeding,rear-end collision,2,0,1,clear,19.02693415,98.94485055,straight road,no slope,2022-01-24T10:40:00Z
5906288,24.01.2022 17:45,14.03.2022 13:30,Sukhothai,department of highways,private/passenger car,speeding,rollover/fallen on straight road,1,0,0,clear,17.0484558,99.87705229,straight road,no slope,2022-01-24T10:45:00Z
6144157,24.01.2022 18:00,25.04.2022 14:31,Phrae,department of highways,private/passenger car,speeding,rollover/fallen on straight road,1,0,1,clear,18.14388152,100.1030043,straight road,no slope,2022-01-24T11:00:00Z
6080242,24.01.2022 18:07,12.04.2022 12:43,Surat Thani,department of highways,6-wheel truck,speeding,rollover/fallen on curved road,1,0,1,clear,8.862519274,98.81715326,wide curve,no slope,2022-01-24T11:07:00Z
7561501,24.01.2022 18:30,17.01.2023 10:08,Bangkok,department of highways,private/passenger car,speeding,rear-end collision,2,0,0,clear,13.78587231,100.4633591,other,other,2022-01-24T11:30:00Z
5836266,24.01.2022 18:45,3.03.2022 08:49,Phra Nakhon Si Ayutthaya,department of highways,4-wheel pickup truck,vehicle equipment failure,other,1,0,0,clear,14.21603734,100.6859958,straight road,no slope,2022-01-24T11:45:00Z
5760003,24.01.2022 18:50,18.02.2022 14:37,Suphan Buri,department of highways,4-wheel pickup truck,speeding,head-on collision (not overtaking),2,1,0,clear,14.49823548,100.005117,straight road,no slope,2022-01-24T11:50:00Z
5920508,24.01.2022 19:13,16.03.2022 09:18,Sakon Nakhon,department of highways,4-wheel pickup truck,speeding,rear-end collision,2,0,1,clear,17.40122019,103.7247857,straight road,no slope,2022-01-24T12:13:00Z
6567089,24.01.2022 20:30,26.01.2022 11:48,Chanthaburi,department of rural roads,motorcycle,speeding,other,1,1,0,clear,12.980432,101.905493,straight road,no slope,2022-01-24T13:30:00Z
5905186,24.01.2022 23:00,14.03.2022 09:13,Tak,department of highways,private/passenger car,speeding,rollover/fallen on straight road,1,0,1,clear,16.71919826,98.56182574,straight road,no slope,2022-01-24T16:00:00Z
6546303,24.01.2022 23:00,13.07.2022 20:15,Krabi,department of highways,4-wheel pickup truck,speeding,rollover/fallen on straight road,1,0,1,rainy,8.104021148,98.90956877,straight road,no slope,2022-01-24T16:00:00Z
6895646,24.01.2022 23:30,13.09.2022 09:28,Khon Kaen,department of highways,private/passenger car,speeding,rollover/fallen on straight road,1,0,0,clear,16.65831776,102.3702594,other,other,2022-01-24T16:30:00Z
5670179,25.01.2022 01:00,3.02.2022 16:26,Suphan Buri,department of highways,7-10-wheel truck,falling asleep,rollover/fallen on straight road,1,0,0,clear,14.46319416,100.1310655,straight road,no slope,2022-01-24T18:00:00Z
6239754,25.01.2022 02:30,20.05.2022 13:53,Nakhon Si Thammarat,department of highways,4-wheel pickup truck,speeding,rollover/fallen on straight road,1,0,0,clear,8.157288073,99.66950564,straight road,no slope,2022-01-24T19:30:00Z
5625213,25.01.2022 04:38,25.01.2022 07:17,Bangkok,expressway authority of thailand,7-10-wheel truck,other,rear-end collision,2,1,1,clear,13.6827372,100.5181662,grade-separated intersection/ramps,other,2022-01-24T21:38:00Z
6380584,25.01.2022 05:30,16.06.2022 11:02,Surat Thani,department of highways,large truck with trailer,speeding,rollover/fallen on straight road,1,0,0,clear,8.909753144,99.24202322,straight road,no slope,2022-01-24T22:30:00Z
5992342,25.01.2022 05:45,28.03.2022 10:39,Satun,department of highways,4-wheel pickup truck,speeding,rollover/fallen on straight road,1,0,1,clear,6.846972513,99.91013734,straight road,no slope,2022-01-24T22:45:00Z
6243291,25.01.2022 06:10,25.05.2022 15:25,Chon Buri,department of highways,large truck with trailer,falling asleep,rear-end collision,2,0,0,clear,13.04549875,100.996086,straight road,no slope,2022-01-24T23:10:00Z
6239776,25.01.2022 07:10,20.05.2022 13:55,Nakhon Si Thammarat,department of highways,6-wheel truck,speeding,rollover/fallen on straight road,1,0,0,clear,8.156311005,99.6723461,straight road,no slope,2022-01-25T00:10:00Z
5920545,25.01.2022 07:30,16.03.2022 09:35,Nakhon Phanom,department of highways,4-wheel pickup truck,speeding,rollover/fallen on straight road,1,0,1,clear,17.35412016,104.635342,straight road,no slope,2022-01-25T00:30:00Z
5625287,25.01.2022 08:34,25.01.2022 10:30,Bangkok,expressway authority of thailand,4-wheel pickup truck,other,rear-end collision,2,0,1,clear,13.74796251,100.603281,grade-separated intersection/ramps,other,2022-01-25T01:34:00Z
5975444,25.01.2022 08:48,25.03.2022 11:01,Songkhla,department of highways,private/passenger car,cutting in closely by people/vehicles/animals,collision at intersection corner,2,0,1,clear,7.648025343,100.3885817,other,other,2022-01-25T01:48:00Z
5625413,25.01.2022 08:50,25.01.2022 15:10,Ang Thong,department of highways,private/passenger car,speeding,rear-end collision,6,0,2,clear,14.59609222,100.345189,straight road,no slope,2022-01-25T01:50:00Z
5969746,25.01.2022 09:20,24.03.2022 14:41,Nakhon Ratchasima,department of highways,private/passenger car,speeding,rollover/fallen on straight road,1,0,3,clear,14.65912619,101.3830885,straight road,no slope,2022-01-25T02:20:00Z
5920017,25.01.2022 09:45,15.03.2022 10:43,Mukdahan,department of highways,6-wheel truck,speeding,rear-end collision,3,0,0,clear,16.51995447,104.6830478,straight road,no slope,2022-01-25T02:45:00Z
5969938,25.01.2022 10:30,24.03.2022 15:23,Surat Thani,department of highways,4-wheel pickup truck,vehicle equipment failure,rollover/fallen on straight road,1,0,0,clear,8.71905012,99.15520279,straight road,no slope,2022-01-25T03:30:00Z
6086909,25.01.2022 12:00,13.04.2022 12:47,Chiang Rai,department of highways,private/passenger car,cutting in closely by people/vehicles/animals,other,2,0,0,clear,19.8841122,100.2925479,connecting to public/commercial area,other,2022-01-25T05:00:00Z
5625343,25.01.2022 12:24,25.01.2022 13:25,Bangkok,expressway authority of thailand,other,other,other,2,0,0,clear,13.70420609,100.5436327,wide curve,other,2022-01-25T05:24:00Z
5920168,25.01.2022 13:02,15.03.2022 13:14,Yasothon,department of highways,4-wheel pickup truck,vehicle equipment failure,rollover/fallen on straight road,1,0,1,clear,15.62080501,104.3639374,straight road,no slope,2022-01-25T06:02:00Z
7331003,25.01.2022 14:15,14.03.2022 14:41,Phetchabun,department of highways,private/passenger car,speeding,rear-end collision,2,0,0,clear,16.76086513,101.18258,straight road,no slope,2022-01-25T07:15:00Z
6903065,25.01.2022 15:30,14.09.2022 10:47,Nakhon Ratchasima,department of highways,motorcycle,speeding,rear-end collision,2,0,1,clear,14.95990823,101.6784158,straight road,no slope,2022-01-25T08:30:00Z
5745755,25.01.2022 15:40,15.02.2022 13:36,Saraburi,department of highways,4-wheel pickup truck,vehicle equipment failure,rollover/fallen on straight road,1,0,0,clear,14.639116,101.133855,straight road,no slope,2022-01-25T08:40:00Z
5932257,25.01.2022 15:40,18.03.2022 11:13,Chiang Mai,department of highways,private/passenger car,speeding,head-on collision (not overtaking),2,0,1,clear,18.85699077,99.01445119,straight road,no slope,2022-01-25T08:40:00Z
5753675,25.01.2022 16:00,17.02.2022 13:36,Kanchanaburi,department of highways,7-10-wheel truck,speeding,rear-end collision,2,0,1,clear,14.01128057,99.56144481,straight road,no slope,2022-01-25T09:00:00Z
5905737,25.01.2022 17:00,14.03.2022 11:12,Ang Thong,department of highways,4-wheel pickup truck,speeding,rollover/fallen on curved road,1,0,0,clear,14.60594766,100.2473956,wide curve,slope area,2022-01-25T10:00:00Z
6454120,25.01.2022 17:30,28.06.2022 16:11,Nakhon Pathom,department of highways,private/passenger car,speeding,rear-end collision,2,0,0,clear,13.78692991,100.3084105,straight road,no slope,2022-01-25T10:30:00Z
6239598,25.01.2022 19:00,20.05.2022 13:21,Nakhon Si Thammarat,department of highways,private/passenger car,speeding,rollover/fallen on straight road,1,0,0,clear,8.167586961,99.65242533,straight road,no slope,2022-01-25T12:00:00Z
5861136,25.01.2022 20:30,7.03.2022 10:24,Samut Prakan,department of highways,private/passenger car,speeding,pedestrian collision,1,1,0,clear,13.50288609,100.8365321,straight road,no slope,2022-01-25T13:30:00Z
5975375,25.01.2022 20:30,25.03.2022 10:42,Sa Kaeo,department of highways,4-wheel pickup truck,speeding,rollover/fallen on straight road,1,0,2,foggy,13.73852268,102.3400095,straight road,no slope,2022-01-25T13:30:00Z
7331001,25.01.2022 22:30,14.03.2022 09:12,Tak,department of highways,7-10-wheel truck,speeding,rollover/fallen on curved road,1,1,0,clear,16.77315129,98.65731238,wide curve,slope area,2022-01-25T15:30:00Z
5997636,25.01.2022 23:40,29.03.2022 08:51,Chon Buri,department of highways,6-wheel truck,speeding,rear-end collision,2,0,0,clear,13.30805732,101.0024723,straight road,no slope,2022-01-25T16:40:00Z
5663852,26.01.2022 00:24,2.02.2022 19:13,Sing Buri,department of highways,4-wheel pickup truck,speeding,rear-end collision,2,1,0,clear,14.81309729,100.3609496,other,other,2022-01-25T17:24:00Z
5932100,26.01.2022 01:00,18.03.2022 10:36,Chiang Mai,department of highways,motorcycle,speeding,rollover/fallen on straight road,1,0,1,clear,18.84735784,99.01370554,other,other,2022-01-25T18:00:00Z
5991924,26.01.2022 02:30,28.03.2022 09:23,Songkhla,department of highways,7-10-wheel truck,falling asleep,collision with obstruction (on road surface),1,0,0,clear,6.958534452,100.5635342,straight road,no slope,2022-01-25T19:30:00Z
5931766,26.01.2022 03:00,18.03.2022 09:12,Chiang Mai,department of highways,motorcycle,speeding,rear-end collision,2,0,1,clear,18.83440898,99.01273458,straight road,no slope,2022-01-25T20:00:00Z
5925874,26.01.2022 04:00,17.03.2022 09:54,Chiang Mai,department of highways,private/passenger car,falling asleep,rollover/fallen on straight road,1,0,1,clear,18.47809034,98.67420761,straight road,no slope,2022-01-25T21:00:00Z
6243259,26.01.2022 04:00,25.05.2022 15:13,Chiang Mai,department of highways,4-wheel pickup truck,speeding,rear-end collision,2,0,0,clear,18.9305661,98.94040345,straight road,no slope,2022-01-25T21:00:00Z
6243260,26.01.2022 04:20,25.05.2022 15:11,Ang Thong,department of highways,4-wheel pickup truck,speeding,rollover/fallen on straight road,1,0,0,clear,14.62000199,100.4708719,straight road,no slope,2022-01-25T21:20:00Z
5627611,26.01.2022 04:30,27.01.2022 14:20,Bangkok,department of highways,private/passenger car,falling asleep,rollover/fallen on straight road,1,0,1,clear,13.83713455,100.6734404,straight road,no slope,2022-01-25T21:30:00Z
5976048,26.01.2022 04:30,25.03.2022 13:43,Chon Buri,department of highways,private/passenger car,speeding,rear-end collision,2,0,0,clear,13.48369776,101.0464498,straight road,no slope,2022-01-25T21:30:00Z
5919621,26.01.2022 05:00,16.03.2022 10:30,Lampang,department of highways,other,speeding,rollover/fallen on straight road,1,0,0,clear,17.87803762,99.33737575,straight road,no slope,2022-01-25T22:00:00Z
7437808,26.01.2022 05:20,7.12.2022 08:14,Khon Kaen,department of highways,4-wheel pickup truck,speeding,rollover/fallen on straight road,1,0,2,clear,16.52575181,102.2305043,straight road,no slope,2022-01-25T22:20:00Z
6004255,26.01.2022 06:00,30.03.2022 11:25,Chiang Mai,department of highways,motorcycle,speeding,pedestrian collision,1,0,1,clear,18.88727444,99.03187482,wide curve,no slope,2022-01-25T23:00:00Z
5974879,26.01.2022 06:25,25.03.2022 08:58,Buri Ram,department of highways,4-wheel pickup truck,speeding,rollover/fallen on curved road,1,0,0,clear,14.81023452,102.9607773,wide curve,no slope,2022-01-25T23:25:00Z
5627594,26.01.2022 07:00,27.01.2022 13:48,Bangkok,department of highways,4-wheel pickup truck,vehicle equipment failure,rollover/fallen on straight road,1,0,0,clear,13.81976536,100.675782,straight road,no slope,2022-01-26T00:00:00Z
5739945,26.01.2022 08:00,14.02.2022 14:32,Nakhon Sawan,department of highways,large truck with trailer,vehicle equipment failure,rollover/fallen on straight road,1,0,0,clear,15.3612064,100.528062,straight road,no slope,2022-01-26T01:00:00Z
6242369,26.01.2022 08:20,24.05.2022 14:25,Saraburi,department of highways,large truck with trailer,speeding,head-on collision (not overtaking),2,0,1,clear,14.40633147,100.8792436,straight road,no slope,2022-01-26T01:20:00Z
5969744,26.01.2022 08:30,24.03.2022 14:40,Nakhon Ratchasima,department of highways,other,speeding,rollover/fallen on straight road,1,0,0,rainy,14.65619133,101.3235891,straight road,no slope,2022-01-26T01:30:00Z
6567097,26.01.2022 08:30,28.01.2022 10:45,Nong Khai,department of rural roads,motorcycle,cutting in closely by people/vehicles/animals,other,3,1,6,clear,17.944917,103.208975,four-way intersection,other,2022-01-26T01:30:00Z
6566742,26.01.2022 09:30,28.06.2022 09:32,Trang,department of rural roads,motorcycle,ignoring stop sign while leaving intersection,other,2,1,1,clear,7.80509,99.454816,y-intersection,other,2022-01-26T02:30:00Z
5963337,26.01.2022 09:35,23.03.2022 13:46,Phatthalung,department of highways,large truck with trailer,speeding,rollover/fallen on straight road,1,0,0,clear,7.209304249,100.2057195,straight road,no slope,2022-01-26T02:35:00Z
6368344,26.01.2022 10:00,14.06.2022 10:40,Roi Et,department of highways,7-10-wheel truck,overloaded vehicle,rollover/fallen on straight road,1,0,0,clear,16.41427085,103.7943998,straight road,no slope,2022-01-26T03:00:00Z
6099219,26.01.2022 10:30,15.04.2022 11:12,Chiang Rai,department of highways,4-wheel pickup truck,speeding,head-on collision (not overtaking),2,0,0,clear,20.27427454,100.4031542,straight road,no slope,2022-01-26T03:30:00Z
6852188,26.01.2022 10:30,6.09.2022 14:15,Chaiyaphum,department of highways,large truck with trailer,unfamiliarity with the route/unskilled driving,other,1,0,0,clear,15.4575477,101.7175922,straight road,no slope,2022-01-26T03:30:00Z
5738649,26.01.2022 10:42,14.02.2022 09:40,Nakhon Sawan,department of highways,4-wheel pickup truck,vehicle equipment failure,rollover/fallen on straight road,1,0,0,clear,15.61884439,100.1175365,straight road,no slope,2022-01-26T03:42:00Z
5974777,26.01.2022 10:50,25.03.2022 08:28,Nakhon Ratchasima,department of highways,4-wheel pickup truck,speeding,rollover/fallen on straight road,1,0,2,clear,14.5837418,101.9931301,straight road,no slope,2022-01-26T03:50:00Z
5920244,26.01.2022 13:00,15.03.2022 13:44,Khon Kaen,department of highways,4-wheel pickup truck,speeding,rear-end collision,3,0,1,clear,16.03433972,102.7121445,straight road,no slope,2022-01-26T06:00:00Z
5956913,26.01.2022 14:00,22.03.2022 13:46,Nakhon Ratchasima,department of highways,4-wheel pickup truck,speeding,rollover/fallen on straight road,1,0,4,clear,15.19121177,102.0690474,straight road,no slope,2022-01-26T07:00:00Z
5889281,26.01.2022 14:15,11.03.2022 13:43,Loei,department of highways,tractor/agricultural vehicle,vehicle equipment failure,rollover/fallen on curved road,1,1,0,clear,17.43338203,101.0514173,wide curve,slope area,2022-01-26T07:15:00Z
7331006,26.01.2022 14:30,16.03.2022 10:50,Lampang,department of highways,7-10-wheel truck,speeding,rollover/fallen on straight road,1,0,1,clear,18.84942154,99.94765608,straight road,no slope,2022-01-26T07:30:00Z
5974780,26.01.2022 15:00,25.03.2022 08:27,Nakhon Ratchasima,department of highways,private/passenger car,speeding,rollover/fallen on straight road,1,0,1,clear,14.63257616,102.0086172,straight road,slope area,2022-01-26T08:00:00Z
6079847,26.01.2022 15:00,12.04.2022 11:18,Phitsanulok,department of highways,motorcycle,cutting in closely by people/vehicles/animals,rear-end collision,2,1,0,clear,16.82868077,100.4119813,straight road,no slope,2022-01-26T08:00:00Z
5968913,26.01.2022 15:40,24.03.2022 11:15,Surat Thani,department of highways,motorcycle,speeding,collision at intersection corner,2,0,1,clear,8.620122999,99.4027841,other,other,2022-01-26T08:40:00Z
5974877,26.01.2022 16:30,25.03.2022 08:59,Buri Ram,department of highways,large truck with trailer,vehicle equipment failure,rollover/fallen on straight road,1,0,0,clear,14.63246976,102.8160721,straight road,no slope,2022-01-26T09:30:00Z
6148327,26.01.2022 16:35,3.05.2022 12:21,Krabi,department of highways,private/passenger car,speeding,rollover/fallen on straight road,1,0,0,rainy,7.942772968,99.14448737,straight road,no slope,2022-01-26T09:35:00Z
7425508,26.01.2022 16:40,2.12.2022 14:33,Phuket,department of highways,private/passenger car,speeding,rollover/fallen on straight road,1,0,0,clear,7.831629578,98.34533392,straight road,no slope,2022-01-26T09:40:00Z