acc_code,incident_datetime,report_datetime,province_en,agency,vehicle_type,presumed_cause,accident_type,number_of_vehicles_involved,number_of_fatalities,number_of_injuries,weather_condition,latitude,longitude,road_description,slope_description,incident_time
5906302,26.01.2022 17:15,14.03.2022 13:39,Sukhothai,department of highways,motorcycle,speeding,rear-end collision,2,0,2,clear,17.46079458,99.66444968,straight road,no slope,2022-01-26T10:15:00Z
5950555,26.01.2022 17:30,21.03.2022 13:57,Phetchaburi,department of highways,motorcycle,cutting in closely by people/vehicles/animals,rear-end collision,2,0,1,clear,12.85782609,99.92281078,connecting to public/commercial area,other,2022-01-26T10:30:00Z
5991926,26.01.2022 18:30,28.03.2022 09:24,Songkhla,department of highways,4-wheel pickup truck,speeding,rollover/fallen on straight road,1,0,2,clear,6.575984161,100.4105705,straight road,no slope,2022-01-26T11:30:00Z
5627449,26.01.2022 18:40,27.01.2022 09:17,Suphan Buri,department of highways,7-10-wheel truck,speeding,rear-end collision,2,1,0,clear,14.42079854,99.97775851,straight road,no slope,2022-01-26T11:40:00Z
5919606,26.01.2022 18:40,16.03.2022 09:15,Sakon Nakhon,department of highways,4-wheel pickup truck,speeding,rear-end collision,2,1,0,clear,17.41209755,103.7269342,straight road,no slope,2022-01-26T11:40:00Z
5897177,26.01.2022 19:15,12.03.2022 19:36,Kamphaeng Phet,department of highways,private/passenger car,speeding,head-on collision (not overtaking),2,0,2,clear,16.67477302,99.56643371,straight road,no slope,2022-01-26T12:15:00Z
7331009,26.01.2022 19:30,30.03.2022 10:57,Chiang Mai,department of highways,motorcycle,speeding,rear-end collision,2,0,1,clear,18.87882846,99.0362495,connecting to public/commercial area,other,2022-01-26T12:30:00Z
5955712,26.01.2022 20:00,22.03.2022 09:17,Sakon Nakhon,department of highways,large truck with trailer,overloaded vehicle,rollover/fallen on straight road,1,0,0,clear,17.86519202,103.5208574,connecting to public/commercial area,other,2022-01-26T13:00:00Z
5629652,26.01.2022 21:00,28.01.2022 14:22,Ang Thong,department of highways,6-wheel truck,cutting in closely by people/vehicles/animals,rear-end collision,2,0,3,clear,14.62476443,100.4151597,straight road,no slope,2022-01-26T14:00:00Z
6147908,26.01.2022 21:00,2.05.2022 07:53,Phetchabun,department of highways,motorcycle,speeding,rollover/fallen on curved road,1,0,1,clear,16.79971379,101.2395286,wide curve,slope area,2022-01-26T14:00:00Z
6330969,26.01.2022 22:30,8.06.2022 11:40,Bangkok,department of highways,private/passenger car,speeding,rollover/fallen on straight road,1,0,2,clear,13.72621672,100.8121589,straight road,no slope,2022-01-26T15:30:00Z
5627657,26.01.2022 22:50,27.01.2022 17:32,Samut Prakan,department of highways,4-wheel pickup truck,speeding,pedestrian collision,1,0,1,clear,13.69539036,100.7311883,other,other,2022-01-26T15:50:00Z
6243272,27.01.2022 00:00,25.05.2022 15:23,Nakhon Si Thammarat,department of highways,other,speeding,rollover/fallen on straight road,1,0,0,clear,8.282144432,99.82035844,straight road,no slope,2022-01-26T17:00:00Z
6567102,27.01.2022 00:21,2.02.2022 14:50,Chiang Mai,department of rural roads,4-wheel pickup truck,speeding,other,1,0,1,clear,18.822661,99.014697,wide curve,no slope,2022-01-26T17:21:00Z
5931755,27.01.2022 00:24,18.03.2022 09:09,Chiang Mai,department of highways,private/passenger car,speeding,rollover/fallen on straight road,1,0,1,clear,18.71991003,98.96610169,straight road,no slope,2022-01-26T17:24:00Z
5627587,27.01.2022 01:16,27.01.2022 12:55,Bangkok,department of highways,private/passenger car,speeding,rear-end collision,2,0,0,clear,13.73210792,100.7760885,straight road,no slope,2022-01-26T18:16:00Z
6243243,27.01.2022 03:00,25.05.2022 14:55,Chachoengsao,department of highways,4-wheel pickup truck,vehicle equipment failure,rollover/fallen on straight road,1,0,0,clear,13.71191671,101.0510203,straight road,no slope,2022-01-26T20:00:00Z
6243263,27.01.2022 03:00,25.05.2022 15:11,Nan,department of highways,4-wheel pickup truck,speeding,rollover/fallen on straight road,1,0,0,clear,18.74622313,100.7564762,straight road,no slope,2022-01-26T20:00:00Z
5867481,27.01.2022 03:30,8.03.2022 09:16,Trat,department of highways,4-wheel pickup truck,falling asleep,rollover/fallen on straight road,1,0,0,clear,12.31880847,102.46297,straight road,no slope,2022-01-26T20:30:00Z
6944836,27.01.2022 06:00,20.09.2022 14:44,Chai Nat,department of highways,4-wheel pickup truck,speeding,rollover/fallen on straight road,1,0,1,clear,15.29317075,100.1282894,straight road,no slope,2022-01-26T23:00:00Z
5974881,27.01.2022 07:00,25.03.2022 08:57,Buri Ram,department of highways,motorcycle,speeding,rollover/fallen on straight road,1,1,0,clear,14.28720306,102.726497,straight road,no slope,2022-01-27T00:00:00Z
6243241,27.01.2022 07:00,25.05.2022 14:53,Chachoengsao,department of highways,large truck with trailer,cutting in closely by people/vehicles/animals,rear-end collision,2,0,1,clear,13.73064621,101.0302815,straight road,no slope,2022-01-27T00:00:00Z
5955711,27.01.2022 07:30,22.03.2022 09:15,buogkan,department of highways,motorcycle,speeding,rear-end collision,2,1,1,clear,18.40162829,103.5669216,wide curve,no slope,2022-01-27T00:30:00Z
5627620,27.01.2022 07:50,27.01.2022 14:42,Ang Thong,department of highways,4-wheel pickup truck,speeding,rear-end collision,2,0,1,clear,14.59827255,100.4727843,other,other,2022-01-27T00:50:00Z
5920505,27.01.2022 07:50,16.03.2022 09:13,Sakon Nakhon,department of highways,motorcycle,speeding,rear-end collision,3,0,1,clear,17.37779712,103.7751067,straight road,no slope,2022-01-27T00:50:00Z
5925979,27.01.2022 08:30,17.03.2022 10:22,Chiang Mai,department of highways,motorcycle,speeding,rear-end collision,2,0,1,clear,18.84858388,98.97032885,straight road,no slope,2022-01-27T01:30:00Z
5949726,27.01.2022 09:19,21.03.2022 10:40,Udon Thani,department of highways,motorcycle,speeding,rear-end collision,2,0,2,clear,17.78466377,102.261343,straight road,no slope,2022-01-27T02:19:00Z
6148452,27.01.2022 09:30,3.05.2022 15:59,Trang,department of highways,4-wheel pickup truck,speeding,rollover/fallen on straight road,1,0,0,clear,7.499746285,99.55876796,straight road,no slope,2022-01-27T02:30:00Z
5868857,27.01.2022 10:00,8.03.2022 14:03,Chachoengsao,department of highways,4-wheel pickup truck,speeding,rear-end collision,3,0,0,clear,13.75952703,101.5090102,straight road,no slope,2022-01-27T03:00:00Z
6086179,27.01.2022 12:10,13.04.2022 10:09,Uttaradit,department of highways,4-wheel pickup truck,speeding,rollover/fallen on curved road,1,0,0,clear,17.84426742,100.7874316,wide curve,no slope,2022-01-27T05:10:00Z
7331011,27.01.2022 12:38,11.07.2022 14:02,Chon Buri,department of highways,large truck with trailer,speeding,rollover/fallen on straight road,1,0,1,clear,13.11363598,100.9623733,straight road,no slope,2022-01-27T05:38:00Z
5627595,27.01.2022 12:51,27.01.2022 13:50,Bangkok,expressway authority of thailand,other,other,rear-end collision,5,0,0,clear,13.826897,100.628475,straight road,other,2022-01-27T05:51:00Z
6092760,27.01.2022 13:30,14.04.2022 10:13,Phrae,department of highways,4-wheel pickup truck,speeding,rollover/fallen on curved road,1,0,0,clear,18.05206343,99.69906359,wide curve,slope area,2022-01-27T06:30:00Z
6144111,27.01.2022 13:30,25.04.2022 13:57,Nakhon Pathom,department of highways,4-wheel pickup truck,speeding,rollover/fallen on straight road,1,0,0,rainy,13.73582339,100.2996504,straight road,no slope,2022-01-27T06:30:00Z
7311131,27.01.2022 13:40,14.11.2022 13:23,Nakhon Ratchasima,department of highways,4-wheel pickup truck,speeding,rollover/fallen on straight road,1,0,0,clear,14.92432673,101.9600397,straight road,no slope,2022-01-27T06:40:00Z
6361551,27.01.2022 13:45,13.06.2022 07:48,Kalasin,department of highways,private/passenger car,speeding,rollover/fallen on curved road,1,0,1,clear,16.63895454,103.2325145,wide curve,no slope,2022-01-27T06:45:00Z
5753633,27.01.2022 14:10,17.02.2022 13:27,Kanchanaburi,department of highways,private/passenger car,speeding,rollover/fallen on straight road,1,0,0,clear,14.91277508,98.67121427,straight road,no slope,2022-01-27T07:10:00Z
6289071,27.01.2022 14:30,1.06.2022 11:20,Tak,department of highways,6-wheel truck,speeding,rollover/fallen on curved road,1,0,0,clear,17.76677446,97.96578257,wide curve,no slope,2022-01-27T07:30:00Z
5739742,27.01.2022 15:05,14.02.2022 13:53,Nakhon Sawan,department of highways,motorcycle,cutting in closely by people/vehicles/animals,rear-end collision,2,0,1,clear,15.26423836,100.3384325,straight road,no slope,2022-01-27T08:05:00Z
6243255,27.01.2022 15:30,25.05.2022 15:05,Nakhon Pathom,department of highways,4-wheel pickup truck,speeding,rollover/fallen on curved road,1,0,0,rainy,13.77787239,100.2672225,wide curve,no slope,2022-01-27T08:30:00Z
5920004,27.01.2022 16:20,15.03.2022 10:40,Mukdahan,department of highways,4-wheel pickup truck,cutting in closely by people/vehicles/animals,other,2,1,0,clear,16.80888039,104.5807698,connecting to private area,other,2022-01-27T09:20:00Z
5905155,27.01.2022 16:30,14.03.2022 09:08,Tak,department of highways,6-wheel truck,speeding,rollover/fallen on curved road,1,0,1,clear,16.23020949,98.93381594,wide curve,no slope,2022-01-27T09:30:00Z
5949729,27.01.2022 16:45,21.03.2022 10:42,Udon Thani,department of highways,6-wheel truck,overloaded vehicle,rollover/fallen on straight road,1,0,0,clear,17.79788805,102.2703177,straight road,no slope,2022-01-27T09:45:00Z
6243239,27.01.2022 16:50,25.05.2022 14:54,Chachoengsao,department of highways,4-wheel pickup truck,speeding,rollover/fallen on straight road,1,0,4,clear,13.72762635,101.0347447,straight road,no slope,2022-01-27T09:50:00Z
5874198,27.01.2022 17:00,9.03.2022 09:10,Chanthaburi,department of highways,4-wheel pickup truck,speeding,rollover/fallen on curved road,1,0,0,clear,12.8447876,102.2649827,wide curve,slope area,2022-01-27T10:00:00Z
5968884,27.01.2022 17:00,24.03.2022 11:10,Surat Thani,department of highways,6-wheel truck,speeding,rollover/fallen on straight road,1,0,1,clear,8.739906623,99.33254241,other,other,2022-01-27T10:00:00Z
5860856,27.01.2022 17:30,7.03.2022 09:13,Pathum Thani,department of highways,pedestrian,speeding,pedestrian collision,1,0,0,clear,13.98459914,100.5928507,other,other,2022-01-27T10:30:00Z
5949339,27.01.2022 17:30,21.03.2022 09:02,Lampang,department of highways,7-10-wheel truck,speeding,rollover/fallen on curved road,1,0,0,clear,18.40117527,99.21385734,wide curve,slope area,2022-01-27T10:30:00Z
6099559,27.01.2022 17:30,15.04.2022 12:43,Nan,department of highways,motorcycle,speeding,rollover/fallen on straight road,1,0,1,clear,18.61626134,100.7407424,straight road,no slope,2022-01-27T10:30:00Z
5782076,27.01.2022 18:30,22.02.2022 10:13,Ang Thong,department of highways,4-wheel pickup truck,speeding,rear-end collision,2,0,1,clear,14.6034767,100.4239869,wide curve,no slope,2022-01-27T11:30:00Z
5738615,27.01.2022 19:00,14.02.2022 09:36,Nakhon Sawan,department of highways,motorcycle,running red lights/traffic signals,collision with obstruction (on road surface),2,0,2,clear,15.57746048,100.1249152,straight road,no slope,2022-01-27T12:00:00Z
7560781,27.01.2022 19:00,16.01.2023 13:59,Bangkok,department of highways,private/passenger car,speeding,rear-end collision,2,0,0,clear,13.78987642,100.5615629,straight road,no slope,2022-01-27T12:00:00Z
5781617,27.01.2022 20:00,22.02.2022 08:27,Kanchanaburi,department of highways,large truck with trailer,speeding,rear-end collision,2,1,0,clear,14.07480957,99.75273459,other,other,2022-01-27T13:00:00Z
5975419,27.01.2022 21:20,25.03.2022 10:59,Songkhla,department of highways,private/passenger car,speeding,rollover/fallen on straight road,1,0,1,clear,7.120314219,100.5375087,straight road,no slope,2022-01-27T14:20:00Z
6086462,27.01.2022 21:32,13.04.2022 11:07,Lampang,department of highways,4-wheel pickup truck,speeding,rollover/fallen on straight road,1,0,0,clear,18.3042803,99.47538076,straight road,no slope,2022-01-27T14:32:00Z
5752637,27.01.2022 22:00,17.02.2022 09:54,Songkhla,department of highways,motorcycle,cutting in closely by people/vehicles/animals,rear-end collision,2,0,3,clear,7.005937013,100.6713965,straight road,no slope,2022-01-27T15:00:00Z
5956849,27.01.2022 22:10,22.03.2022 13:37,Suphan Buri,department of highways,private/passenger car,speeding,collision at intersection corner,2,0,2,clear,14.64250523,100.1482612,other,other,2022-01-27T15:10:00Z
6330959,27.01.2022 22:58,8.06.2022 11:40,Chon Buri,department of highways,large truck with trailer,vehicle equipment failure,other,1,0,0,clear,13.11065014,100.93653020000001,straight road,no slope,2022-01-27T15:58:00Z
6079790,27.01.2022 23:05,12.04.2022 11:04,Phitsanulok,department of highways,large truck with trailer,falling asleep,rollover/fallen on straight road,1,0,0,clear,16.71685805,100.4311859,straight road,no slope,2022-01-27T16:05:00Z
7311128,27.01.2022 23:05,14.11.2022 13:21,Nakhon Ratchasima,department of highways,private/passenger car,speeding,rollover/fallen on straight road,1,0,0,clear,14.9475111,102.0147005,straight road,no slope,2022-01-27T16:05:00Z
6337015,27.01.2022 23:15,9.06.2022 09:22,Chon Buri,department of highways,4-wheel pickup truck,speeding,rear-end collision,3,0,0,clear,13.34740784,101.0216635,straight road,no slope,2022-01-27T16:15:00Z
5630249,28.01.2022 01:40,28.01.2022 16:12,Suphan Buri,department of highways,private/passenger car,speeding,rollover/fallen on straight road,1,0,1,foggy,14.83397305,100.111877,straight road,no slope,2022-01-27T18:40:00Z
5752397,28.01.2022 03:30,17.02.2022 09:00,Sing Buri,department of highways,6-wheel truck,falling asleep,rollover/fallen on straight road,1,0,0,clear,14.72864805,100.4549503,straight road,no slope,2022-01-27T20:30:00Z
5897084,28.01.2022 04:00,12.03.2022 19:14,Kamphaeng Phet,department of highways,4-wheel pickup truck,speeding,rollover/fallen on straight road,1,0,1,clear,16.18698069,99.71187113,straight road,no slope,2022-01-27T21:00:00Z
6127531,28.01.2022 04:10,20.04.2022 08:51,Saraburi,department of highways,private/passenger car,speeding,rear-end collision,3,0,2,clear,14.42039589,100.8933547,straight road,no slope,2022-01-27T21:10:00Z
6243229,28.01.2022 05:00,25.05.2022 14:32,Nakhon Ratchasima,department of highways,4-wheel pickup truck,speeding,rollover/fallen on straight road,1,0,2,clear,15.6251808,102.5668385,straight road,no slope,2022-01-27T22:00:00Z
7372800,28.01.2022 06:00,23.11.2022 15:03,Nakhon Phanom,department of highways,6-wheel truck,speeding,rollover/fallen on curved road,1,0,0,clear,17.01777089,104.7281921,wide curve,slope area,2022-01-27T23:00:00Z
7291982,28.01.2022 07:15,11.11.2022 14:26,Mukdahan,department of highways,private/passenger car,speeding,rollover/fallen on curved road,1,0,1,clear,16.55340665,104.6387444,wide curve,slope area,2022-01-28T00:15:00Z
5897104,28.01.2022 07:45,12.03.2022 19:16,Kamphaeng Phet,department of highways,4-wheel pickup truck,falling asleep,rollover/fallen on straight road,1,0,1,clear,16.64729368,99.32704924,straight road,no slope,2022-01-28T00:45:00Z
6319712,28.01.2022 09:00,6.06.2022 15:02,Samut Prakan,department of highways,6-wheel truck,running red lights/traffic signals,other,1,0,0,clear,13.65545081,100.6719813,other,other,2022-01-28T02:00:00Z
6567100,28.01.2022 09:15,4.02.2022 13:30,Tak,department of rural roads,motorcycle,speeding,other,1,1,0,clear,17.299833,99.117157,sharp curve,no slope,2022-01-28T02:15:00Z
5861123,28.01.2022 09:40,7.03.2022 10:17,Samut Prakan,department of highways,large truck with trailer,speeding,rear-end collision,2,0,0,clear,13.65963924,100.6646615,straight road,no slope,2022-01-28T02:40:00Z
5919604,28.01.2022 10:55,16.03.2022 09:43,Nakhon Phanom,department of highways,4-wheel pickup truck,speeding,head-on collision (not overtaking),2,0,3,clear,17.07668198,104.5778596,straight road,no slope,2022-01-28T03:55:00Z
5932148,28.01.2022 10:55,18.03.2022 10:49,Chiang Mai,department of highways,motorcycle,speeding,rear-end collision,2,0,1,clear,18.85352856,99.01420175,straight road,no slope,2022-01-28T03:55:00Z
5906170,28.01.2022 11:00,14.03.2022 13:13,Tak,department of highways,4-wheel pickup truck,speeding,rear-end collision,2,0,0,clear,16.83879839,98.59020619,straight road,no slope,2022-01-28T04:00:00Z
5739835,28.01.2022 11:25,14.02.2022 14:11,Nakhon Sawan,department of highways,motorcycle,cutting in closely by people/vehicles/animals,head-on collision (not overtaking),2,1,1,clear,15.16396363,100.4056245,straight road,no slope,2022-01-28T04:25:00Z
5881863,28.01.2022 11:50,10.03.2022 11:16,Chumphon,department of highways,large truck with trailer,cutting in closely by people/vehicles/animals,rear-end collision,2,0,1,clear,10.27819213,99.08405452,straight road,no slope,2022-01-28T04:50:00Z
5920554,28.01.2022 12:00,16.03.2022 09:41,Nakhon Phanom,department of highways,6-wheel truck,speeding,rollover/fallen on straight road,1,0,0,clear,17.38373572,104.6895066,straight road,no slope,2022-01-28T05:00:00Z
5969716,28.01.2022 12:30,24.03.2022 14:38,Nakhon Ratchasima,department of highways,private/passenger car,speeding,rollover/fallen on straight road,1,0,0,rainy,14.88196074,101.8598887,straight road,no slope,2022-01-28T05:30:00Z
6033597,28.01.2022 12:30,4.04.2022 16:11,Nan,department of highways,van,speeding,rollover/fallen on curved road,1,0,3,clear,19.14922738,101.1510399,wide curve,slope area,2022-01-28T05:30:00Z
6567159,28.01.2022 12:45,2.02.2022 15:51,Loburi,department of rural roads,large truck with trailer,dangerous curve,other,2,1,1,clear,14.804575,101.063436,sharp curve,slope area,2022-01-28T05:45:00Z
5695097,28.01.2022 12:52,7.02.2022 16:35,Suphan Buri,department of highways,motorcycle,cutting in closely by people/vehicles/animals,rear-end collision,2,0,1,clear,14.88178966,99.94834541,straight road,no slope,2022-01-28T05:52:00Z
5919702,28.01.2022 13:00,15.03.2022 10:51,Kalasin,department of highways,private/passenger car,speeding,rollover/fallen on curved road,1,0,0,clear,16.60773542,103.5187197,wide curve,no slope,2022-01-28T06:00:00Z
6127493,28.01.2022 13:00,20.04.2022 08:42,Saraburi,department of highways,large truck with trailer,speeding,rollover/fallen on straight road,1,0,0,clear,14.34198339,100.8615839,straight road,no slope,2022-01-28T06:00:00Z
5976115,28.01.2022 13:20,25.03.2022 13:55,Bangkok,department of highways,4-wheel pickup truck,speeding,rollover/fallen on curved road,1,0,0,clear,13.73232418,100.7015499,wide curve,no slope,2022-01-28T06:20:00Z
5906300,28.01.2022 13:24,14.03.2022 13:38,Sukhothai,department of highways,motorcycle,speeding,rear-end collision,2,0,0,clear,17.34924564,99.8395416,straight road,no slope,2022-01-28T06:24:00Z
5919675,28.01.2022 14:00,16.03.2022 12:22,Prachuap Khiri Khan,department of highways,private/passenger car,speeding,rollover/fallen on curved road,1,0,1,clear,12.26209575,99.869121,wide curve,no slope,2022-01-28T07:00:00Z
5997624,28.01.2022 14:21,29.03.2022 08:48,Chon Buri,department of highways,private/passenger car,speeding,rear-end collision,5,0,0,clear,13.22889063,101.0012734,straight road,no slope,2022-01-28T07:21:00Z
5753607,28.01.2022 15:00,17.02.2022 13:20,Kanchanaburi,department of highways,private/passenger car,speeding,rollover/fallen on straight road,1,0,2,clear,14.08986503,99.28759931,straight road,no slope,2022-01-28T08:00:00Z
5782080,28.01.2022 15:00,22.02.2022 10:11,Phra Nakhon Si Ayutthaya,department of highways,4-wheel pickup truck,vehicle equipment failure,rollover/fallen on straight road,1,0,0,clear,14.49889247,100.522314,straight road,no slope,2022-01-28T08:00:00Z
6567127,28.01.2022 15:01,11.02.2022 08:29,Phrae,department of rural roads,private/passenger car,speeding,other,1,0,1,clear,18.306272,100.176194,straight road,no slope,2022-01-28T08:01:00Z
5976077,28.01.2022 15:40,25.03.2022 13:45,Chon Buri,department of highways,other,speeding,rollover/fallen on straight road,1,0,0,clear,13.38545772,101.0456022,straight road,no slope,2022-01-28T08:40:00Z
6243225,28.01.2022 15:50,25.05.2022 14:28,Nakhon Ratchasima,department of highways,4-wheel pickup truck,speeding,rollover/fallen on straight road,1,0,0,rainy,14.65407126,101.3645169,straight road,slope area,2022-01-28T08:50:00Z
5894924,28.01.2022 16:00,12.03.2022 10:35,Pathum Thani,department of highways,large truck with trailer,speeding,rollover/fallen on straight road,1,0,0,clear,13.98916425,100.6381157,straight road,no slope,2022-01-28T09:00:00Z
5976288,28.01.2022 16:20,25.03.2022 14:37,Chon Buri,department of highways,large truck with trailer,cutting in closely by people/vehicles/animals,rear-end collision,3,0,1,clear,13.1034819,100.912731,straight road,no slope,2022-01-28T09:20:00Z
6154471,28.01.2022 17:05,6.05.2022 10:59,Nakhon Sawan,department of highways,large truck with trailer,speeding,rollover/fallen on straight road,1,0,0,clear,15.59607252,100.65669,straight road,no slope,2022-01-28T10:05:00Z
6148054,28.01.2022 17:50,2.05.2022 10:40,Amnat Charoen,department of highways,motorcycle,speeding,head-on collision (not overtaking),3,1,1,clear,15.92934937,104.6275905,straight road,no slope,2022-01-28T10:50:00Z
7008419,28.01.2022 18:20,30.09.2022 12:59,Nakhon Ratchasima,department of highways,4-wheel pickup truck,speeding,head-on collision (not overtaking),2,0,0,clear,14.66575605,101.425918,straight road,no slope,2022-01-28T11:20:00Z
7331014,28.01.2022 19:00,10.03.2022 11:22,Chumphon,department of highways,large truck with trailer,vehicle equipment failure,rear-end collision,5,1,3,clear,10.23006324,99.09887104,other,other,2022-01-28T12:00:00Z
5663193,28.01.2022 19:20,2.02.2022 16:32,Bangkok,department of highways,private/passenger car,speeding,rear-end collision,3,0,0,clear,13.73160505,100.7128045,straight road,no slope,2022-01-28T12:20:00Z
5867417,28.01.2022 19:40,8.03.2022 09:01,Trat,department of highways,4-wheel pickup truck,speeding,rollover/fallen on curved road,1,0,0,clear,12.29888441,102.4764347,wide curve,slope area,2022-01-28T12:40:00Z
5862024,28.01.2022 20:00,7.03.2022 13:31,Samut Sakhon,department of highways,4-wheel pickup truck,vehicle equipment failure,rollover/fallen on straight road,1,0,2,clear,13.59264668,100.352844,straight road,no slope,2022-01-28T13:00:00Z
6085708,28.01.2022 20:30,13.04.2022 08:23,Uttaradit,department of highways,4-wheel pickup truck,debris/obstruction on the road,collision with obstruction (on road surface),2,0,0,clear,17.65135769,100.1407349,straight road,no slope,2022-01-28T13:30:00Z
6074448,28.01.2022 22:00,11.04.2022 13:25,Udon Thani,department of highways,4-wheel pickup truck,speeding,rollover/fallen on straight road,1,0,0,clear,17.16968424,102.9496676,wide curve,no slope,2022-01-28T15:00:00Z
6074805,28.01.2022 22:30,11.04.2022 14:37,Udon Thani,department of highways,4-wheel pickup truck,speeding,rollover/fallen on straight road,1,0,0,clear,17.67825427,103.2540554,straight road,no slope,2022-01-28T15:30:00Z
5753656,28.01.2022 23:00,17.02.2022 13:30,Kanchanaburi,department of highways,4-wheel pickup truck,speeding,rollover/fallen on curved road,1,0,1,clear,13.83958785,99.64482664,wide curve,no slope,2022-01-28T16:00:00Z
5738594,29.01.2022 00:15,14.02.2022 09:31,Nakhon Sawan,department of highways,large truck with trailer,speeding,rollover/fallen on straight road,1,0,1,clear,15.78145451,99.52092199,straight road,no slope,2022-01-28T17:15:00Z
5662951,29.01.2022 00:40,2.02.2022 15:48,Nakhon Sawan,department of highways,large truck with trailer,speeding,rollover/fallen on straight road,1,0,0,clear,15.52964122,100.1254624,straight road,no slope,2022-01-28T17:40:00Z
5633696,29.01.2022 00:45,29.01.2022 02:54,Bangkok,expressway authority of thailand,other,other,rear-end collision,2,0,0,clear,13.671096,100.5080263,wide curve,other,2022-01-28T17:45:00Z
5738572,29.01.2022 00:45,14.02.2022 09:26,Nakhon Sawan,department of highways,4-wheel pickup truck,speeding,rear-end collision,2,0,1,clear,15.46097046,100.1449084,other,other,2022-01-28T17:45:00Z
5753606,29.01.2022 01:20,17.02.2022 13:24,Kanchanaburi,department of highways,7-10-wheel truck,vehicle equipment failure,rollover/fallen on curved road,1,0,0,clear,13.88090728,99.68175261,other,other,2022-01-28T18:20:00Z
5783383,29.01.2022 02:00,22.02.2022 14:34,Bangkok,department of highways,private/passenger car,speeding,collision with obstruction (on road surface),1,0,0,clear,13.76329939,100.6949544,other,other,2022-01-28T19:00:00Z
5861115,29.01.2022 02:45,7.03.2022 10:13,Samut Prakan,department of highways,motorcycle,speeding,collision with obstruction (on road surface),3,1,1,clear,13.64945603,100.5616218,straight road,no slope,2022-01-28T19:45:00Z
5920024,29.01.2022 03:30,15.03.2022 10:50,Kalasin,department of highways,private/passenger car,speeding,rollover/fallen on straight road,1,0,1,clear,16.65341996,103.7189197,straight road,no slope,2022-01-28T20:30:00Z
6567120,29.01.2022 04:00,11.02.2022 08:28,buogkan,department of rural roads,4-wheel pickup truck,speeding,other,1,0,1,clear,17.937054,103.946415,t-intersection,other,2022-01-28T21:00:00Z
6567154,29.01.2022 05:30,11.02.2022 08:31,buogkan,department of rural roads,4-wheel pickup truck,speeding,other,2,1,1,dark,18.276296,103.629646,straight road,no slope,2022-01-28T22:30:00Z
5976052,29.01.2022 06:00,25.03.2022 13:41,Chachoengsao,department of highways,large truck with trailer,falling asleep,rear-end collision,2,0,0,clear,13.58209297,100.9729197,straight road,no slope,2022-01-28T23:00:00Z
6154177,29.01.2022 07:00,6.05.2022 09:52,Krabi,department of highways,4-wheel pickup truck,speeding,rear-end collision,2,0,0,clear,8.102013643,98.8887602,straight road,slope area,2022-01-29T00:00:00Z
6243227,29.01.2022 07:40,25.05.2022 14:30,Nakhon Ratchasima,department of highways,4-wheel pickup truck,speeding,rear-end collision,4,1,4,clear,14.86915988,101.8158173,straight road,no slope,2022-01-29T00:40:00Z
5975372,29.01.2022 07:51,25.03.2022 10:41,Sa Kaeo,department of highways,private/passenger car,speeding,rollover/fallen on straight road,1,0,1,clear,13.7775676,102.1871745,straight road,no slope,2022-01-29T00:51:00Z
5919609,29.01.2022 08:30,15.03.2022 10:58,Amnat Charoen,department of highways,motorcycle,speeding,rear-end collision,2,0,4,clear,16.24364702,104.996472,straight road,no slope,2022-01-29T01:30:00Z
5920107,29.01.2022 08:30,15.03.2022 11:37,Maha Sarakham,department of highways,4-wheel pickup truck,speeding,rollover/fallen on straight road,1,0,0,clear,16.28965934,102.9348564,straight road,no slope,2022-01-29T01:30:00Z
5652950,29.01.2022 08:50,1.02.2022 10:53,Phetchaburi,department of highways,motorcycle,speeding,rollover/fallen on straight road,1,2,0,clear,13.12499905,99.87909882,straight road,no slope,2022-01-29T01:50:00Z
6226756,29.01.2022 10:50,18.05.2022 13:48,Nakhon Si Thammarat,department of highways,large truck with trailer,speeding,rollover/fallen on straight road,1,0,0,clear,8.199586424,100.0301957,straight road,no slope,2022-01-29T03:50:00Z
5753086,29.01.2022 11:30,17.02.2022 11:15,Kanchanaburi,department of highways,4-wheel pickup truck,speeding,rear-end collision,2,0,4,clear,14.22117502,99.07286166,straight road,no slope,2022-01-29T04:30:00Z
6242415,29.01.2022 11:47,24.05.2022 15:00,Prachuap Khiri Khan,department of highways,4-wheel pickup truck,cutting in closely by people/vehicles/animals,rear-end collision,2,0,0,clear,11.61928221,99.66745375,other,other,2022-01-29T04:47:00Z
5759879,29.01.2022 12:20,18.02.2022 14:11,Suphan Buri,department of highways,motorized tricycle,cutting in closely by people/vehicles/animals,rear-end collision,2,0,1,clear,14.59096317,99.99298273,straight road,no slope,2022-01-29T05:20:00Z
5646431,29.01.2022 13:04,31.01.2022 10:47,Bangkok,department of highways,4-wheel pickup truck,speeding,rear-end collision,2,0,0,clear,13.73121422,100.715484,straight road,no slope,2022-01-29T06:04:00Z
7311164,29.01.2022 14:30,14.11.2022 13:31,Nakhon Ratchasima,department of highways,4-wheel pickup truck,speeding,rollover/fallen on straight road,1,0,0,clear,14.90760425,101.9201821,straight road,no slope,2022-01-29T07:30:00Z
5759844,29.01.2022 14:40,18.02.2022 14:02,Suphan Buri,department of highways,private/passenger car,speeding,rear-end collision,2,0,0,clear,14.44570649,100.1257709,other,other,2022-01-29T07:40:00Z