acc_code,incident_datetime,report_datetime,province_en,agency,vehicle_type,presumed_cause,accident_type,number_of_vehicles_involved,number_of_fatalities,number_of_injuries,weather_condition,latitude,longitude,road_description,slope_description,incident_time
5992070,29.01.2022 14:40,28.03.2022 09:53,Narathiwat,department of highways,4-wheel pickup truck,speeding,rollover/fallen on straight road,1,0,1,clear,6.411809576,101.7034408,straight road,no slope,2022-01-29T07:40:00Z
5860794,29.01.2022 15:00,7.03.2022 08:56,Phra Nakhon Si Ayutthaya,department of highways,private/passenger car,falling asleep,rear-end collision,2,0,1,clear,14.15840464,100.6182057,straight road,no slope,2022-01-29T08:00:00Z
5975418,29.01.2022 15:15,25.03.2022 10:58,Songkhla,department of highways,6-wheel truck,vehicle equipment failure,rollover/fallen on straight road,1,0,1,clear,7.415495341,100.4597542,straight road,no slope,2022-01-29T08:15:00Z
5759172,29.01.2022 15:25,18.02.2022 11:34,Suphan Buri,department of highways,4-wheel pickup truck,speeding,rollover/fallen on straight road,1,0,0,clear,14.54344626,100.1770788,straight road,no slope,2022-01-29T08:25:00Z
5976221,29.01.2022 15:26,25.03.2022 14:20,Bangkok,department of highways,private/passenger car,speeding,rear-end collision,4,0,0,clear,13.73131583,100.7145828,straight road,no slope,2022-01-29T08:26:00Z
6177630,29.01.2022 16:15,10.05.2022 11:58,Khon Kaen,department of highways,4-wheel pickup truck,speeding,rollover/fallen on straight road,1,0,0,clear,16.07742917,102.659482,straight road,no slope,2022-01-29T09:15:00Z
5789409,29.01.2022 16:20,23.02.2022 15:05,Phatthalung,department of highways,4-wheel pickup truck,speeding,rear-end collision,2,0,1,clear,7.628488689,100.0661883,straight road,no slope,2022-01-29T09:20:00Z
5646533,29.01.2022 16:37,31.01.2022 11:15,Bangkok,department of highways,4-wheel pickup truck,speeding,rear-end collision,2,0,0,clear,13.73373638,100.6934202,straight road,no slope,2022-01-29T09:37:00Z
5874182,29.01.2022 17:00,9.03.2022 09:05,Chanthaburi,department of highways,private/passenger car,speeding,rear-end collision,2,0,0,clear,12.73372383,101.9038287,straight road,no slope,2022-01-29T10:00:00Z
5975381,29.01.2022 17:05,25.03.2022 10:41,Chon Buri,department of highways,4-wheel pickup truck,speeding,rear-end collision,2,0,2,clear,13.41140105,101.0471016,other,other,2022-01-29T10:05:00Z
5955900,29.01.2022 17:15,22.03.2022 09:57,Nakhon Si Thammarat,department of highways,private/passenger car,speeding,rear-end collision,2,0,0,clear,8.131899477,100.0776493,straight road,no slope,2022-01-29T10:15:00Z
5646086,29.01.2022 17:21,31.01.2022 09:57,Bangkok,department of highways,private/passenger car,speeding,rear-end collision,2,0,0,clear,13.73212355,100.7769951,straight road,no slope,2022-01-29T10:21:00Z
7445571,29.01.2022 17:25,9.12.2022 09:01,Bangkok,department of highways,motorcycle,illegal overtaking,rear-end collision,3,0,2,clear,13.83036139,100.5575663,other,other,2022-01-29T10:25:00Z
6086200,29.01.2022 17:40,13.04.2022 10:14,Uttaradit,department of highways,large truck with trailer,speeding,rollover/fallen on curved road,1,0,1,clear,17.98452941,100.8604896,wide curve,slope area,2022-01-29T10:40:00Z
5759175,29.01.2022 17:45,18.02.2022 11:30,Suphan Buri,department of highways,motorcycle,cutting in closely by people/vehicles/animals,rear-end collision,2,0,1,clear,14.57087409,100.1478535,straight road,no slope,2022-01-29T10:45:00Z
7372799,29.01.2022 18:24,23.11.2022 15:03,Nakhon Phanom,department of highways,other,speeding,rollover/fallen on straight road,1,0,0,clear,17.62284149,104.2729059,other,other,2022-01-29T11:24:00Z
5906599,29.01.2022 18:45,14.03.2022 14:37,Phetchabun,department of highways,motorcycle,speeding,rear-end collision,2,0,2,clear,16.73793175,101.2297332,straight road,no slope,2022-01-29T11:45:00Z
6337237,29.01.2022 18:55,9.06.2022 09:52,Chon Buri,department of highways,large truck with trailer,speeding,rollover/fallen on straight road,1,0,0,clear,13.09371406,101.0914036,straight road,no slope,2022-01-29T11:55:00Z
5969939,29.01.2022 19:25,24.03.2022 15:21,Surat Thani,department of highways,motorized tricycle,speeding,rear-end collision,2,1,1,clear,8.526220495,99.2303261,straight road,no slope,2022-01-29T12:25:00Z
6086528,29.01.2022 20:30,13.04.2022 11:20,Chiang Rai,department of highways,motorcycle,speeding,rollover/fallen on straight road,1,0,1,clear,19.63130293,99.74290429,straight road,no slope,2022-01-29T13:30:00Z
5781602,29.01.2022 21:00,22.02.2022 08:21,Suphan Buri,department of highways,private/passenger car,speeding,rear-end collision,2,0,1,clear,14.20601645,100.033173,straight road,no slope,2022-01-29T14:00:00Z
6099522,29.01.2022 23:00,15.04.2022 12:31,Nan,department of highways,private/passenger car,speeding,rollover/fallen on straight road,1,0,1,clear,18.55264933,100.7142234,straight road,no slope,2022-01-29T16:00:00Z
5881991,29.01.2022 23:10,10.03.2022 11:44,Chumphon,department of highways,4-wheel pickup truck,speeding,rollover/fallen on straight road,1,0,0,clear,10.01629232,99.0667194,straight road,no slope,2022-01-29T16:10:00Z
6086231,29.01.2022 23:20,13.04.2022 10:16,Uttaradit,department of highways,private/passenger car,speeding,rollover/fallen on curved road,1,0,1,clear,17.67257065,100.1636329,wide curve,no slope,2022-01-29T16:20:00Z
5963364,29.01.2022 23:30,23.03.2022 13:50,Phatthalung,department of highways,7-10-wheel truck,vehicle equipment failure,rollover/fallen on curved road,1,0,0,clear,7.495749393,100.0637448,wide curve,no slope,2022-01-29T16:30:00Z
6145514,29.01.2022 23:45,27.04.2022 09:28,Surin,department of highways,4-wheel pickup truck,speeding,rollover/fallen on straight road,1,0,0,rainy,14.87670621,103.5558736,straight road,no slope,2022-01-29T16:45:00Z
5975397,29.01.2022 23:53,25.03.2022 10:47,Phra Nakhon Si Ayutthaya,department of highways,4-wheel pickup truck,speeding,rollover/fallen on curved road,1,0,0,clear,14.18954107,100.6339609,other,other,2022-01-29T16:53:00Z
5997571,30.01.2022 00:41,29.03.2022 08:38,Chon Buri,department of highways,private/passenger car,speeding,rollover/fallen on straight road,1,0,1,clear,13.23041025,101.0009596,straight road,no slope,2022-01-29T17:41:00Z
7124758,30.01.2022 00:57,18.10.2022 10:13,Rayong,department of highways,4-wheel pickup truck,speeding,rollover/fallen on straight road,1,0,0,clear,12.92328028,101.2534761,other,other,2022-01-29T17:57:00Z
7441100,30.01.2022 00:57,8.12.2022 09:27,Rayong,department of highways,4-wheel pickup truck,speeding,rollover/fallen on straight road,1,0,0,clear,12.97673376,101.2014332,straight road,no slope,2022-01-29T17:57:00Z
6144791,30.01.2022 01:00,26.04.2022 14:31,Surin,department of highways,large truck with trailer,speeding,rollover/fallen on straight road,1,0,0,clear,14.90191488,103.6945358,straight road,no slope,2022-01-29T18:00:00Z
6324664,30.01.2022 01:00,7.06.2022 11:14,Chon Buri,department of highways,4-wheel pickup truck,speeding,rollover/fallen on straight road,1,0,0,clear,13.44812343,101.1706093,straight road,no slope,2022-01-29T18:00:00Z
5962704,30.01.2022 01:10,23.03.2022 11:01,Phatthalung,department of highways,4-wheel pickup truck,falling asleep,rollover/fallen on straight road,1,0,0,clear,7.725038714,99.90321188,straight road,no slope,2022-01-29T18:10:00Z
7140266,30.01.2022 01:10,20.10.2022 13:53,Phetchabun,department of highways,private/passenger car,speeding,rollover/fallen on straight road,1,0,1,clear,15.9677373,101.0524204,straight road,no slope,2022-01-29T18:10:00Z
7311626,30.01.2022 02:30,14.11.2022 15:10,Nakhon Ratchasima,department of highways,private/passenger car,speeding,rollover/fallen on straight road,1,0,0,clear,14.94929919,102.0188981,straight road,no slope,2022-01-29T19:30:00Z
6331237,30.01.2022 02:40,8.06.2022 12:55,Nakhon Si Thammarat,department of highways,4-wheel pickup truck,speeding,rollover/fallen on straight road,1,0,0,clear,8.17576694,100.0436067,straight road,no slope,2022-01-29T19:40:00Z
5867903,30.01.2022 03:00,8.03.2022 10:22,Chon Buri,department of highways,6-wheel truck,speeding,rollover/fallen on straight road,1,0,0,clear,13.28583321,101.2568611,straight road,no slope,2022-01-29T20:00:00Z
5867606,30.01.2022 03:30,8.03.2022 09:42,Trat,department of highways,4-wheel pickup truck,speeding,rollover/fallen on curved road,1,0,1,clear,12.36785089,102.4051416,wide curve,no slope,2022-01-29T20:30:00Z
6386663,30.01.2022 04:00,17.06.2022 10:28,Mukdahan,department of highways,4-wheel pickup truck,speeding,rollover/fallen on straight road,1,0,3,clear,16.56503256,104.4104308,straight road,no slope,2022-01-29T21:00:00Z
7561505,30.01.2022 04:10,17.01.2023 10:07,Bangkok,department of highways,4-wheel pickup truck,worn-out/tire blowout,collision with obstruction (on road surface),2,0,0,clear,13.78533543,100.460502,straight road,no slope,2022-01-29T21:10:00Z
6239778,30.01.2022 04:30,20.05.2022 13:59,Nakhon Si Thammarat,department of highways,van,speeding,rollover/fallen on straight road,1,0,8,clear,8.266555798,99.54390316,straight road,no slope,2022-01-29T21:30:00Z
7517739,30.01.2022 05:00,29.12.2022 11:04,Saraburi,department of highways,private/passenger car,speeding,rollover/fallen on straight road,1,0,0,clear,14.39591378,100.9385472,straight road,no slope,2022-01-29T22:00:00Z
6127494,30.01.2022 08:30,20.04.2022 08:40,Saraburi,department of highways,other,speeding,rollover/fallen on straight road,1,0,0,clear,14.32102717,100.8406976,straight road,no slope,2022-01-30T01:30:00Z
5949930,30.01.2022 09:30,21.03.2022 11:21,Udon Thani,department of highways,private/passenger car,speeding,rear-end collision,2,0,0,clear,17.42693579,102.7789315,straight road,no slope,2022-01-30T02:30:00Z
5861226,30.01.2022 11:30,7.03.2022 10:44,Khon Kaen,department of highways,4-wheel pickup truck,speeding,rollover/fallen on straight road,1,0,0,clear,16.50664141,102.867077,straight road,no slope,2022-01-30T04:30:00Z
5906297,30.01.2022 11:40,14.03.2022 13:37,Sukhothai,department of highways,motorcycle,speeding,rear-end collision,2,0,2,clear,16.95361256,99.97622965,straight road,no slope,2022-01-30T04:40:00Z
5739970,30.01.2022 12:30,14.02.2022 14:38,Nakhon Sawan,department of highways,motorcycle,speeding,rear-end collision,2,0,1,clear,15.38599803,100.2548602,straight road,no slope,2022-01-30T05:30:00Z
5861206,30.01.2022 12:30,7.03.2022 10:39,Chaiyaphum,department of highways,4-wheel pickup truck,speeding,head-on collision (not overtaking),2,0,2,clear,16.41394152,102.0787784,other,other,2022-01-30T05:30:00Z
6386622,30.01.2022 14:00,17.06.2022 10:21,Mukdahan,department of highways,private/passenger car,speeding,rollover/fallen on straight road,1,0,2,clear,16.53886942,104.3895498,straight road,no slope,2022-01-30T07:00:00Z
7557847,30.01.2022 14:25,12.01.2023 11:10,Si Sa Ket,department of highways,large truck with trailer,vehicle equipment failure,rollover/fallen on straight road,1,0,0,clear,14.63945337,104.101569,straight road,no slope,2022-01-30T07:25:00Z
5759815,30.01.2022 14:50,18.02.2022 13:57,Suphan Buri,department of highways,private/passenger car,speeding,rollover/fallen on straight road,1,0,0,clear,14.46182283,100.1744556,straight road,no slope,2022-01-30T07:50:00Z
6004276,30.01.2022 15:00,30.03.2022 11:29,Chiang Mai,department of highways,private/passenger car,speeding,rollover/fallen on straight road,1,0,0,clear,18.67202845,99.05123769,straight road,no slope,2022-01-30T08:00:00Z
6892080,30.01.2022 15:00,12.09.2022 19:34,Krabi,department of highways,private/passenger car,speeding,rollover/fallen on straight road,1,2,2,clear,8.244094129,98.80850045,straight road,no slope,2022-01-30T08:00:00Z
5906299,30.01.2022 15:33,14.03.2022 13:36,Sukhothai,department of highways,private/passenger car,speeding,rollover/fallen on straight road,1,1,0,clear,17.29197057,99.72710608,straight road,no slope,2022-01-30T08:33:00Z
7358865,30.01.2022 17:20,21.11.2022 14:43,Udon Thani,department of highways,private/passenger car,speeding,rollover/fallen on straight road,1,0,0,clear,17.344212250000002,102.8299177,straight road,no slope,2022-01-30T10:20:00Z
6243202,30.01.2022 21:00,25.05.2022 14:01,Surin,department of highways,private/passenger car,speeding,rear-end collision,2,1,0,clear,15.3711172,103.682616,straight road,no slope,2022-01-30T14:00:00Z
7311584,30.01.2022 21:30,14.11.2022 15:02,Nakhon Ratchasima,department of highways,private/passenger car,speeding,rollover/fallen on straight road,1,0,0,clear,14.96922635,102.0525893,straight road,no slope,2022-01-30T14:30:00Z
5920043,30.01.2022 21:40,15.03.2022 11:01,Sakon Nakhon,department of highways,4-wheel pickup truck,speeding,collision with obstruction (on road surface),2,0,0,clear,17.11164595,104.1438836,wide curve,no slope,2022-01-30T14:40:00Z
6086183,30.01.2022 22:00,13.04.2022 10:06,Uttaradit,department of highways,4-wheel pickup truck,speeding,rollover/fallen on straight road,1,1,0,clear,17.64785092,100.5720851,straight road,no slope,2022-01-30T15:00:00Z
5920027,30.01.2022 22:15,15.03.2022 10:53,Mukdahan,department of highways,4-wheel pickup truck,falling asleep,rollover/fallen on straight road,1,0,1,clear,16.43907709,104.6262225,straight road,no slope,2022-01-30T15:15:00Z
6320836,30.01.2022 22:15,6.06.2022 19:29,Bangkok,department of highways,private/passenger car,speeding,rollover/fallen on straight road,1,0,2,clear,13.72702967,100.8117565,straight road,no slope,2022-01-30T15:15:00Z
5843830,30.01.2022 22:40,4.03.2022 13:26,Nonthaburi,department of highways,private/passenger car,speeding,rollover/fallen on straight road,1,0,1,clear,13.96601764,100.3485149,straight road,no slope,2022-01-30T15:40:00Z
5745091,31.01.2022 00:40,15.02.2022 11:00,Saraburi,department of highways,motorcycle,speeding,rear-end collision,2,0,0,clear,14.62822654,101.1743295,wide curve,no slope,2022-01-30T17:40:00Z
6567115,31.01.2022 01:09,11.02.2022 08:27,Bangkok,department of rural roads,private/passenger car,speeding,other,1,0,0,clear,13.685576,100.546125,straight road,no slope,2022-01-30T18:09:00Z
5919655,31.01.2022 01:20,15.03.2022 13:16,Roi Et,department of highways,private/passenger car,speeding,rollover/fallen on curved road,1,0,0,clear,15.96429984,104.0013885,wide curve,no slope,2022-01-30T18:20:00Z
7424839,31.01.2022 02:00,2.12.2022 10:13,Tak,department of highways,motorcycle,speeding,rollover/fallen on curved road,1,0,2,clear,17.06421047,99.04925822,wide curve,no slope,2022-01-30T19:00:00Z
5700199,31.01.2022 03:20,8.02.2022 10:54,Uthai Thani,department of highways,4-wheel pickup truck,speeding,rollover/fallen on straight road,1,0,0,clear,15.36642049,99.79690252,straight road,no slope,2022-01-30T20:20:00Z
5976529,31.01.2022 03:30,25.03.2022 15:20,Songkhla,department of highways,4-wheel pickup truck,speeding,rollover/fallen on curved road,1,0,0,clear,6.876515804,100.9558663,wide curve,no slope,2022-01-30T20:30:00Z
7311563,31.01.2022 03:45,14.11.2022 14:55,Nakhon Ratchasima,department of highways,private/passenger car,speeding,rear-end collision,3,0,0,clear,14.94912297,102.0182544,straight road,no slope,2022-01-30T20:45:00Z
5663730,31.01.2022 04:05,2.02.2022 18:53,Suphan Buri,department of highways,private/passenger car,speeding,head-on collision (not overtaking),2,0,3,foggy,14.800046,100.0025931,wide curve,no slope,2022-01-30T21:05:00Z
6172059,31.01.2022 04:30,9.05.2022 15:13,Sing Buri,department of highways,van,speeding,collision with obstruction (on road surface),3,0,0,clear,15.00220962,100.34686,straight road,no slope,2022-01-30T21:30:00Z
5782042,31.01.2022 06:20,22.02.2022 10:06,Suphan Buri,department of highways,private/passenger car,falling asleep,rollover/fallen on straight road,1,0,0,clear,14.74612103,99.7933486,straight road,no slope,2022-01-30T23:20:00Z
7441095,31.01.2022 06:40,8.12.2022 08:49,Phatthalung,department of highways,4-wheel pickup truck,speeding,rollover/fallen on straight road,1,0,1,clear,7.428759443,100.0648847,straight road,no slope,2022-01-30T23:40:00Z
5739893,31.01.2022 07:00,14.02.2022 14:24,Nakhon Sawan,department of highways,private/passenger car,speeding,head-on collision (not overtaking),2,0,1,clear,15.31141251,100.5816525,straight road,no slope,2022-01-31T00:00:00Z
5669441,31.01.2022 07:30,3.02.2022 14:06,Prachin Buri,department of highways,private/passenger car,speeding,rollover/fallen on straight road,1,0,1,clear,13.85632276,101.5544307,straight road,no slope,2022-01-31T00:30:00Z
5738537,31.01.2022 07:40,14.02.2022 09:22,Nakhon Sawan,department of highways,motorcycle,cutting in closely by people/vehicles/animals,head-on collision (not overtaking),2,0,1,clear,15.49643563,100.1284933,straight road,no slope,2022-01-31T00:40:00Z
7331024,31.01.2022 07:50,12.03.2022 19:32,Tak,department of highways,motorcycle,speeding,rollover/fallen on straight road,1,0,2,clear,16.77014146,99.21161501,straight road,no slope,2022-01-31T00:50:00Z
7331027,31.01.2022 07:50,10.06.2022 10:28,Bangkok,department of highways,6-wheel truck,speeding,rollover/fallen on straight road,1,0,1,clear,13.80577582,100.8882907,straight road,no slope,2022-01-31T00:50:00Z
5969743,31.01.2022 08:00,24.03.2022 14:40,Nakhon Ratchasima,department of highways,4-wheel pickup truck,speeding,rollover/fallen on straight road,1,0,0,clear,14.95313965,102.0281812,straight road,no slope,2022-01-31T01:00:00Z
7561494,31.01.2022 08:15,17.01.2023 10:00,Bangkok,department of highways,private/passenger car,speeding,rear-end collision,2,0,0,clear,13.78491081,100.4590712,straight road,no slope,2022-01-31T01:15:00Z
6243204,31.01.2022 08:30,25.05.2022 14:00,Nakhon Ratchasima,department of highways,other,speeding,rollover/fallen on straight road,1,0,0,clear,15.02981528,102.0845747,straight road,no slope,2022-01-31T01:30:00Z
6080546,31.01.2022 09:15,12.04.2022 13:46,Phitsanulok,department of highways,private/passenger car,falling asleep,rollover/fallen on straight road,1,0,1,clear,16.68961598,100.5291644,straight road,no slope,2022-01-31T02:15:00Z
5969925,31.01.2022 10:50,24.03.2022 15:18,Surat Thani,department of highways,4-wheel pickup truck,cutting in closely by people/vehicles/animals,rear-end collision,2,0,2,clear,8.684802845,99.33505295,straight road,no slope,2022-01-31T03:50:00Z
5646879,31.01.2022 11:00,31.01.2022 12:56,Chachoengsao,expressway authority of thailand,other,other,other,1,0,0,clear,13.570516,100.919791,straight road,other,2022-01-31T04:00:00Z
5955691,31.01.2022 11:30,22.03.2022 09:12,buogkan,department of highways,4-wheel pickup truck,speeding,rollover/fallen on straight road,1,0,0,clear,18.38186731,103.6067256,straight road,no slope,2022-01-31T04:30:00Z
6145524,31.01.2022 11:40,27.04.2022 09:58,Surin,department of highways,4-wheel pickup truck,falling asleep,head-on collision (not overtaking),2,1,1,clear,14.6851385,103.7529436,straight road,no slope,2022-01-31T04:40:00Z
5652577,31.01.2022 12:00,1.02.2022 09:37,Kanchanaburi,department of highways,4-wheel pickup truck,speeding,rear-end collision,3,0,3,clear,14.57017318,99.75845038,straight road,no slope,2022-01-31T05:00:00Z
6146682,31.01.2022 12:00,29.04.2022 11:22,Ubon Ratchathani,department of highways,large truck with trailer,speeding,rollover/fallen on straight road,1,0,0,clear,15.36706965,104.8215088,straight road,no slope,2022-01-31T05:00:00Z
5652908,31.01.2022 12:45,1.02.2022 10:41,Bangkok,department of highways,4-wheel pickup truck,speeding,rear-end collision,2,0,0,clear,13.73003911,100.7263416,straight road,no slope,2022-01-31T05:45:00Z
6243197,31.01.2022 13:45,25.05.2022 13:58,Nan,department of highways,private/passenger car,speeding,rollover/fallen on curved road,1,0,0,clear,18.5241038,100.5669513,wide curve,no slope,2022-01-31T06:45:00Z
5925704,31.01.2022 14:00,17.03.2022 09:13,Chiang Mai,department of highways,4-wheel pickup truck,speeding,rollover/fallen on straight road,1,0,0,clear,18.57997991,98.88213246,straight road,no slope,2022-01-31T07:00:00Z
7311162,31.01.2022 15:00,14.11.2022 13:33,Nakhon Ratchasima,department of highways,other,speeding,rollover/fallen on straight road,1,0,0,clear,14.96013368,102.0586458,straight road,no slope,2022-01-31T08:00:00Z
5975377,31.01.2022 15:30,25.03.2022 10:41,Sa Kaeo,department of highways,4-wheel pickup truck,speeding,rollover/fallen on curved road,1,0,0,clear,13.69884843,102.4911332,wide curve,slope area,2022-01-31T08:30:00Z
5738573,31.01.2022 15:35,14.02.2022 09:29,Nakhon Sawan,department of highways,private/passenger car,falling asleep,rollover/fallen on straight road,1,0,3,clear,15.64680267,100.2081549,straight road,no slope,2022-01-31T08:35:00Z
5962535,31.01.2022 15:40,23.03.2022 10:25,Nakhon Pathom,department of highways,private/passenger car,speeding,rear-end collision,2,0,1,clear,13.9115425,99.98672514,straight road,no slope,2022-01-31T08:40:00Z
7311551,31.01.2022 16:10,14.11.2022 14:53,Nakhon Ratchasima,department of highways,van,speeding,rollover/fallen on straight road,1,0,0,clear,14.63630805,101.518693,straight road,no slope,2022-01-31T09:10:00Z
6242151,31.01.2022 16:55,24.05.2022 10:21,Phetchabun,department of highways,motorcycle,speeding,rollover/fallen on curved road,1,0,1,clear,15.57732097,101.0641765,wide curve,no slope,2022-01-31T09:55:00Z
5969911,31.01.2022 17:00,24.03.2022 15:15,Surat Thani,department of highways,private/passenger car,speeding,rollover/fallen on straight road,1,0,3,clear,8.529255018,99.3464282,straight road,no slope,2022-01-31T10:00:00Z
7331018,31.01.2022 17:50,25.04.2022 14:22,Phrae,department of highways,4-wheel pickup truck,speeding,head-on collision (not overtaking),2,0,3,clear,18.09696123,100.1915037,straight road,no slope,2022-01-31T10:50:00Z
6950140,31.01.2022 18:00,21.09.2022 10:35,Nakhon Sawan,department of highways,4-wheel pickup truck,speeding,rollover/fallen on straight road,1,0,0,clear,15.35875449,100.48722,other,other,2022-01-31T11:00:00Z
6243282,31.01.2022 18:30,25.05.2022 15:23,Chiang Rai,department of highways,private/passenger car,cutting in closely by people/vehicles/animals,rear-end collision,2,0,2,clear,20.25311831,100.0998983,straight road,no slope,2022-01-31T11:30:00Z
5956852,31.01.2022 19:10,22.03.2022 13:38,Suphan Buri,department of highways,private/passenger car,speeding,rollover/fallen on curved road,1,0,1,clear,14.59828553,100.1538965,wide curve,no slope,2022-01-31T12:10:00Z
7419351,31.01.2022 19:45,30.11.2022 13:18,Udon Thani,department of highways,large truck with trailer,running red lights/traffic signals,other,2,0,0,clear,17.36769338,102.8187919,other,other,2022-01-31T12:45:00Z
6243203,31.01.2022 20:30,25.05.2022 14:03,Khon Kaen,department of highways,6-wheel truck,speeding,rollover/fallen on curved road,1,0,1,clear,16.63417704,101.9163573,sharp curve,no slope,2022-01-31T13:30:00Z
5955673,31.01.2022 20:45,22.03.2022 09:07,buogkan,department of highways,private/passenger car,speeding,rollover/fallen on curved road,1,0,2,clear,18.2868181,103.8954815,wide curve,no slope,2022-01-31T13:45:00Z
5706529,31.01.2022 21:20,9.02.2022 08:36,Suphan Buri,department of highways,private/passenger car,speeding,rear-end collision,2,0,1,clear,14.84738009,99.7877857,straight road,no slope,2022-01-31T14:20:00Z
5881832,31.01.2022 22:30,10.03.2022 11:12,Chumphon,department of highways,7-10-wheel truck,cutting in closely by people/vehicles/animals,rollover/fallen on straight road,1,0,0,clear,10.59700461,99.15225504,other,other,2022-01-31T15:30:00Z
5783405,31.01.2022 23:00,22.02.2022 14:36,Bangkok,department of highways,motorcycle,speeding,rollover/fallen on straight road,1,0,1,clear,13.85189044,100.5638695,straight road,no slope,2022-01-31T16:00:00Z
7437185,31.01.2022 23:00,7.12.2022 07:40,Phangnga,department of highways,private/passenger car,speeding,rollover/fallen on curved road,1,0,1,clear,8.522024113,98.63325028,wide curve,slope area,2022-01-31T16:00:00Z
6567103,31.01.2022 23:04,2.02.2022 14:51,Samut Prakan,department of rural roads,motorcycle,speeding,other,2,0,1,clear,13.659965,100.539386,straight road,slope area,2022-01-31T16:04:00Z
6127340,31.01.2022 23:20,20.04.2022 07:58,Saraburi,department of highways,4-wheel pickup truck,falling asleep,rollover/fallen on straight road,1,0,2,clear,14.61279196,101.0783279,straight road,no slope,2022-01-31T16:20:00Z
6242180,31.01.2022 23:30,24.05.2022 10:59,Uthai Thani,department of highways,7-10-wheel truck,speeding,rollover/fallen on curved road,1,0,1,clear,15.57135773,99.58167939,wide curve,no slope,2022-01-31T16:30:00Z
6331361,1.02.2022 00:00,8.06.2022 13:28,Nakhon Si Thammarat,department of highways,4-wheel pickup truck,speeding,rollover/fallen on straight road,1,0,1,clear,8.664314495,99.9207267,straight road,no slope,2022-01-31T17:00:00Z
6074996,1.02.2022 00:15,11.04.2022 15:13,Lampang,department of highways,4-wheel pickup truck,speeding,rollover/fallen on curved road,1,0,2,clear,18.21496193,99.42216574,wide curve,no slope,2022-01-31T17:15:00Z
6079668,1.02.2022 00:37,12.04.2022 10:31,Phitsanulok,department of highways,private/passenger car,speeding,rollover/fallen on straight road,1,0,1,clear,16.81838288,100.2418703,straight road,no slope,2022-01-31T17:37:00Z
6073887,1.02.2022 01:30,11.04.2022 11:19,Chiang Mai,department of highways,private/passenger car,speeding,rollover/fallen on curved road,1,0,0,clear,19.08721377,98.8932073,wide curve,no slope,2022-01-31T18:30:00Z
6144810,1.02.2022 02:00,26.04.2022 15:05,Yala,department of highways,4-wheel pickup truck,speeding,rollover/fallen on curved road,1,1,4,clear,6.137325253,101.1909994,wide curve,no slope,2022-01-31T19:00:00Z
6086141,1.02.2022 02:30,13.04.2022 09:58,Uttaradit,department of highways,4-wheel pickup truck,speeding,rollover/fallen on curved road,1,0,1,clear,17.49567546,100.115321,wide curve,no slope,2022-01-31T19:30:00Z
6566103,1.02.2022 04:26,24.02.2022 13:51,Chiang Mai,department of rural roads,motorcycle,speeding,other,1,1,1,clear,19.913194,99.165283,straight road,no slope,2022-01-31T21:26:00Z
5998948,1.02.2022 04:50,29.03.2022 14:24,Prachin Buri,department of highways,private/passenger car,speeding,head-on collision (not overtaking),2,1,0,clear,13.9411532,101.5327906,other,other,2022-01-31T21:50:00Z
5993302,1.02.2022 05:10,28.03.2022 14:32,Mukdahan,department of highways,private/passenger car,speeding,rollover/fallen on curved road,1,0,2,clear,16.55750742,104.7181579,wide curve,no slope,2022-01-31T22:10:00Z
5694454,1.02.2022 06:00,7.02.2022 14:20,Phatthalung,department of highways,private/passenger car,speeding,rollover/fallen on curved road,1,0,0,clear,7.550287973,100.0427967,wide curve,no slope,2022-01-31T23:00:00Z
6330358,1.02.2022 07:15,8.06.2022 09:30,Chon Buri,department of highways,private/passenger car,speeding,rollover/fallen on curved road,1,0,0,clear,13.30648077,101.0013941,wide curve,no slope,2022-02-01T00:15:00Z
6317924,1.02.2022 07:30,6.06.2022 10:25,Nakhon Si Thammarat,department of highways,private/passenger car,vehicle equipment failure,rear-end collision,2,0,0,clear,8.944286929,99.89706425,wide curve,no slope,2022-02-01T00:30:00Z
6330919,1.02.2022 07:34,8.06.2022 11:31,Bangkok,department of highways,private/passenger car,speeding,rollover/fallen on curved road,1,0,0,rainy,13.73027361,100.8101231,wide curve,no slope,2022-02-01T00:34:00Z
6330921,1.02.2022 07:36,8.06.2022 11:32,Samut Prakan,department of highways,private/passenger car,speeding,rollover/fallen on straight road,1,0,0,clear,13.64479564,100.8830765,straight road,no slope,2022-02-01T00:36:00Z
6330824,1.02.2022 08:51,8.06.2022 11:07,Chon Buri,department of highways,private/passenger car,cutting in closely by people/vehicles/animals,rear-end collision,2,0,0,clear,13.11016164,100.9430185,straight road,no slope,2022-02-01T01:51:00Z
6317795,1.02.2022 09:10,6.06.2022 10:07,Nakhon Si Thammarat,department of highways,6-wheel truck,speeding,rollover/fallen on straight road,1,0,0,clear,8.204832254,99.58077012,straight road,no slope,2022-02-01T02:10:00Z
6147931,1.02.2022 09:30,2.05.2022 08:18,Phetchabun,department of highways,private/passenger car,speeding,rollover/fallen on straight road,1,0,1,clear,16.38592323,101.1698395,straight road,no slope,2022-02-01T02:30:00Z
5920644,1.02.2022 10:00,16.03.2022 10:37,Kalasin,department of highways,motorcycle,speeding,rear-end collision,2,1,1,clear,16.29048319,103.5786724,straight road,no slope,2022-02-01T03:00:00Z