acc_code,incident_datetime,report_datetime,province_en,agency,vehicle_type,presumed_cause,accident_type,number_of_vehicles_involved,number_of_fatalities,number_of_injuries,weather_condition,latitude,longitude,road_description,slope_description,incident_time
5919644,1.02.2022 11:00,16.03.2022 10:25,Kalasin,department of highways,other,speeding,rollover/fallen on curved road,1,0,0,clear,16.83029819,103.3686018,wide curve,no slope,2022-02-01T04:00:00Z
5993282,1.02.2022 11:25,28.03.2022 14:30,Mukdahan,department of highways,motorcycle,speeding,rollover/fallen on straight road,2,1,0,clear,16.434786,104.6135518,straight road,no slope,2022-02-01T04:25:00Z
6567109,1.02.2022 11:30,3.02.2022 15:37,Tak,department of rural roads,bicycle,abrupt lane change,other,2,1,0,clear,16.705442,98.523964,straight road,no slope,2022-02-01T04:30:00Z
6330874,1.02.2022 11:33,8.06.2022 11:15,Chon Buri,department of highways,7-10-wheel truck,speeding,rollover/fallen on straight road,1,0,0,clear,13.23396643,100.9995246,straight road,no slope,2022-02-01T04:33:00Z
5919867,1.02.2022 12:00,16.03.2022 12:36,Prachuap Khiri Khan,department of highways,4-wheel pickup truck,speeding,rollover/fallen on straight road,1,0,2,clear,11.47902843,99.59732203,straight road,no slope,2022-02-01T05:00:00Z
6252674,1.02.2022 12:00,26.05.2022 10:40,Chiang Rai,department of highways,4-wheel pickup truck,speeding,rollover/fallen on straight road,1,0,1,clear,19.47961545,99.7515571,straight road,no slope,2022-02-01T05:00:00Z
6319602,1.02.2022 12:20,6.06.2022 14:39,Nakhon Si Thammarat,department of highways,large truck with trailer,speeding,rollover/fallen on straight road,1,0,1,clear,8.387636096,99.98358427,straight road,no slope,2022-02-01T05:20:00Z
6343871,1.02.2022 12:20,10.06.2022 09:20,Rayong,department of highways,4-wheel pickup truck,falling asleep,rollover/fallen on straight road,1,0,1,clear,12.99577912,101.4851761,straight road,no slope,2022-02-01T05:20:00Z
5661238,1.02.2022 12:50,2.02.2022 10:16,Suphan Buri,department of highways,large truck with trailer,falling asleep,rollover/fallen on straight road,1,0,1,clear,14.32480848,100.2511588,straight road,no slope,2022-02-01T05:50:00Z
6514007,1.02.2022 13:20,8.07.2022 11:34,Phra Nakhon Si Ayutthaya,department of highways,4-wheel pickup truck,speeding,head-on collision (not overtaking),2,0,0,rainy,14.32980334,100.653981,straight road,no slope,2022-02-01T06:20:00Z
6004257,1.02.2022 13:25,30.03.2022 11:23,Chiang Mai,department of highways,motorcycle,speeding,rear-end collision,2,0,0,clear,18.88651056,99.03238444,wide curve,no slope,2022-02-01T06:25:00Z
5919707,1.02.2022 13:30,16.03.2022 09:57,Loei,department of highways,private/passenger car,speeding,rollover/fallen on curved road,1,0,2,clear,17.91710481,101.9101184,sharp curve,no slope,2022-02-01T06:30:00Z
7565651,1.02.2022 13:50,20.01.2023 13:52,Trang,department of highways,6-wheel truck,speeding,rollover/fallen on straight road,1,0,1,clear,7.809255426,99.59089546,straight road,no slope,2022-02-01T06:50:00Z
7331034,1.02.2022 14:00,28.03.2022 15:09,Sakon Nakhon,department of highways,motorcycle,vehicle equipment failure,rollover/fallen on straight road,1,0,1,clear,17.03776218,104.2892217,straight road,no slope,2022-02-01T07:00:00Z
5998642,1.02.2022 14:40,29.03.2022 13:07,Nakhon Ratchasima,department of highways,large truck with trailer,speeding,rollover/fallen on straight road,1,0,0,clear,15.03171925,102.0871442,straight road,no slope,2022-02-01T07:40:00Z
7518552,1.02.2022 14:50,29.12.2022 14:36,Maha Sarakham,department of highways,6-wheel truck,vehicle equipment failure,head-on collision (not overtaking),2,0,0,clear,16.21043266,102.911379,wide curve,no slope,2022-02-01T07:50:00Z
6144038,1.02.2022 15:10,25.04.2022 11:15,Nakhon Ratchasima,department of highways,4-wheel pickup truck,speeding,rear-end collision,2,0,0,clear,14.65915732,101.3363349,straight road,no slope,2022-02-01T08:10:00Z
5920040,1.02.2022 15:25,15.03.2022 11:14,Phetchabun,department of highways,motorcycle,speeding,rear-end collision,2,0,1,clear,16.75949624,101.2157053,straight road,no slope,2022-02-01T08:25:00Z
6144612,1.02.2022 15:45,26.04.2022 09:18,Nakhon Ratchasima,department of highways,large truck with trailer,speeding,rear-end collision,2,0,2,clear,14.41401324,101.8615383,straight road,slope area,2022-02-01T08:45:00Z
6144035,1.02.2022 15:50,25.04.2022 11:13,Nakhon Ratchasima,department of highways,4-wheel pickup truck,speeding,rollover/fallen on straight road,1,1,0,clear,14.92951013,101.6848692,other,other,2022-02-01T08:50:00Z
5920485,1.02.2022 16:15,16.03.2022 07:05,Sukhothai,department of highways,motorcycle,cutting in closely by people/vehicles/animals,rear-end collision,2,0,1,clear,17.01034062,99.79141472,straight road,no slope,2022-02-01T09:15:00Z
6514005,1.02.2022 16:32,8.07.2022 11:32,Phra Nakhon Si Ayutthaya,department of highways,large truck with trailer,speeding,rear-end collision,2,0,0,clear,14.23888561,100.7297453,wide curve,no slope,2022-02-01T09:32:00Z
7444435,1.02.2022 17:20,8.12.2022 14:10,Samut Prakan,department of highways,private/passenger car,speeding,rear-end collision,2,0,1,clear,13.59530227,100.8034754,straight road,no slope,2022-02-01T10:20:00Z
6092330,1.02.2022 17:30,14.04.2022 08:29,Phrae,department of highways,4-wheel pickup truck,vehicle equipment failure,rollover/fallen on straight road,1,0,0,clear,17.99644546,99.81221525,straight road,no slope,2022-02-01T10:30:00Z
7514324,1.02.2022 17:30,28.12.2022 10:11,Chiang Mai,department of highways,motorcycle,illegal overtaking,rear-end collision,2,0,1,clear,19.98158176,99.24741982,straight road,no slope,2022-02-01T10:30:00Z
6950166,1.02.2022 18:30,21.09.2022 10:41,Ang Thong,department of highways,4-wheel pickup truck,speeding,rollover/fallen on straight road,1,0,0,clear,14.66363088,100.4049352,straight road,no slope,2022-02-01T11:30:00Z
6252578,1.02.2022 18:49,26.05.2022 10:20,Rayong,department of highways,motorized tricycle,speeding,rollover/fallen on straight road,1,0,0,clear,12.77382762,101.1711645,straight road,no slope,2022-02-01T11:49:00Z
5707791,1.02.2022 19:00,9.02.2022 12:50,Suphan Buri,department of highways,motorized tricycle,speeding,rear-end collision,2,0,1,foggy,14.79620021,100.1700273,wide curve,no slope,2022-02-01T12:00:00Z
6338305,1.02.2022 19:00,9.06.2022 13:57,Rayong,department of highways,large passenger vehicle,speeding,rear-end collision,2,0,0,clear,12.83946322,101.1215222,straight road,no slope,2022-02-01T12:00:00Z
7331036,1.02.2022 19:10,16.03.2022 09:11,Phetchabun,department of highways,4-wheel pickup truck,speeding,rear-end collision,2,0,1,clear,16.77274039,101.2302589,other,other,2022-02-01T12:10:00Z
5919802,1.02.2022 19:45,16.03.2022 10:35,Kalasin,department of highways,4-wheel pickup truck,speeding,rollover/fallen on straight road,1,0,1,clear,16.66102614,103.1764698,straight road,no slope,2022-02-01T12:45:00Z
6219459,1.02.2022 20:10,17.05.2022 11:31,Nakhon Si Thammarat,department of highways,7-10-wheel truck,speeding,rollover/fallen on straight road,1,0,0,clear,8.367917291,99.41663502,straight road,no slope,2022-02-01T13:10:00Z
5998973,1.02.2022 20:22,29.03.2022 14:27,Prachin Buri,department of highways,4-wheel pickup truck,speeding,rollover/fallen on straight road,1,1,1,rainy,14.15893519,101.8888995,straight road,no slope,2022-02-01T13:22:00Z
6183920,1.02.2022 20:48,11.05.2022 10:01,Chai Nat,department of highways,motorcycle,cutting in closely by people/vehicles/animals,collision at intersection corner,2,2,2,clear,15.26733568,100.0931176,other,other,2022-02-01T13:48:00Z
5998971,1.02.2022 21:14,29.03.2022 14:26,Prachin Buri,department of highways,4-wheel pickup truck,speeding,rollover/fallen on curved road,1,0,0,rainy,14.16612088,101.8946904,wide curve,slope area,2022-02-01T14:14:00Z
7514492,1.02.2022 21:30,28.12.2022 10:12,Chiang Mai,department of highways,4-wheel pickup truck,speeding,rear-end collision,2,0,1,clear,20.06014894,99.36142443,straight road,no slope,2022-02-01T14:30:00Z
5998968,1.02.2022 21:47,29.03.2022 14:25,Prachin Buri,department of highways,large truck with trailer,speeding,rear-end collision,2,0,1,rainy,14.11379511,101.847918,straight road,no slope,2022-02-01T14:47:00Z
5919651,1.02.2022 21:50,15.03.2022 14:41,Tak,department of highways,motorcycle,speeding,rollover/fallen on straight road,1,0,1,clear,16.83017495,99.15907858,straight road,no slope,2022-02-01T14:50:00Z
6003632,1.02.2022 21:50,30.03.2022 08:51,Chiang Mai,department of highways,private/passenger car,speeding,rear-end collision,3,0,3,clear,18.83987702,99.02487157,straight road,no slope,2022-02-01T14:50:00Z
6567107,1.02.2022 21:50,2.02.2022 14:52,Roi Et,department of rural roads,4-wheel pickup truck,speeding,other,1,0,1,clear,16.222668,103.802806,y-intersection,other,2022-02-01T14:50:00Z
6128500,1.02.2022 22:20,20.04.2022 13:34,Saraburi,department of highways,private/passenger car,speeding,rollover/fallen on straight road,1,0,0,clear,14.72185666,100.802806,other,other,2022-02-01T15:20:00Z
5932119,1.02.2022 22:24,18.03.2022 10:43,Tak,department of highways,large truck with trailer,speeding,rollover/fallen on straight road,1,0,0,clear,16.88291067,98.57628821,straight road,no slope,2022-02-01T15:24:00Z
6177946,1.02.2022 23:20,10.05.2022 13:08,Kanchanaburi,department of highways,van,cutting in closely by people/vehicles/animals,collision with obstruction (on road surface),1,0,0,clear,14.15760362,99.30393128,straight road,no slope,2022-02-01T16:20:00Z
6003668,2.02.2022 00:30,30.03.2022 09:02,Chiang Mai,department of highways,private/passenger car,speeding,rear-end collision,2,0,0,clear,18.84764468,99.01373236,other,other,2022-02-01T17:30:00Z
6330922,2.02.2022 00:51,8.06.2022 11:32,Bangkok,department of highways,4-wheel pickup truck,vehicle equipment failure,rollover/fallen on straight road,1,0,0,clear,13.73086247,100.7616448,straight road,no slope,2022-02-01T17:51:00Z
5776621,2.02.2022 01:00,21.02.2022 09:51,Chiang Mai,department of highways,4-wheel pickup truck,speeding,rollover/fallen on straight road,1,0,0,clear,18.4324004,98.68403255,other,other,2022-02-01T18:00:00Z
6127552,2.02.2022 01:00,20.04.2022 08:58,Saraburi,department of highways,4-wheel pickup truck,vehicle equipment failure,rollover/fallen on straight road,1,0,1,clear,14.52906249,100.937697,straight road,no slope,2022-02-01T18:00:00Z
7331041,2.02.2022 01:30,8.07.2022 08:58,Suphan Buri,department of highways,4-wheel pickup truck,speeding,rollover/fallen on curved road,1,2,0,clear,14.52799795,100.120849,wide curve,no slope,2022-02-01T18:30:00Z
7443487,2.02.2022 01:58,8.12.2022 10:32,Bangkok,department of highways,7-10-wheel truck,speeding,rear-end collision,2,0,0,clear,13.72543243,100.4058605,straight road,no slope,2022-02-01T18:58:00Z
6253316,2.02.2022 02:19,26.05.2022 13:10,Suphan Buri,department of highways,6-wheel truck,speeding,rear-end collision,2,0,1,clear,14.54572058,100.1319909,straight road,no slope,2022-02-01T19:19:00Z
7443664,2.02.2022 03:00,8.12.2022 10:35,Bangkok,department of highways,private/passenger car,speeding,rear-end collision,2,0,2,clear,13.7062934,100.4066169,straight road,no slope,2022-02-01T20:00:00Z
6219906,2.02.2022 04:50,17.05.2022 13:12,Nakhon Si Thammarat,department of highways,4-wheel pickup truck,speeding,rollover/fallen on straight road,1,0,3,clear,8.385468164,99.5487821,other,other,2022-02-01T21:50:00Z
5920712,2.02.2022 05:30,16.03.2022 11:20,Roi Et,department of highways,motorcycle,speeding,rollover/fallen on straight road,1,1,0,clear,16.2762713,104.0867901,straight road,no slope,2022-02-01T22:30:00Z
6184970,2.02.2022 05:30,11.05.2022 13:54,Suphan Buri,department of highways,motorcycle,speeding,rollover/fallen on curved road,1,0,0,clear,14.63197148,100.1510346,wide curve,no slope,2022-02-01T22:30:00Z
6003747,2.02.2022 05:47,30.03.2022 09:15,Buri Ram,department of highways,6-wheel truck,speeding,rollover/fallen on straight road,1,0,0,clear,14.60683273,103.1251699,straight road,no slope,2022-02-01T22:47:00Z
7414460,2.02.2022 06:20,28.11.2022 14:35,Nakhon Ratchasima,department of highways,private/passenger car,speeding,rollover/fallen on straight road,1,0,0,clear,14.94808381,102.0160362,straight road,no slope,2022-02-01T23:20:00Z
6550080,2.02.2022 07:25,14.07.2022 15:41,Chaiyaphum,department of highways,6-wheel truck,cutting in closely by people/vehicles/animals,rollover/fallen on curved road,2,0,2,clear,15.97889769,101.8918955,wide curve,no slope,2022-02-02T00:25:00Z
6343339,2.02.2022 08:15,10.06.2022 07:55,Chanthaburi,department of highways,private/passenger car,cutting in closely by people/vehicles/animals,rear-end collision,2,1,0,clear,12.42764205,102.3168754,other,other,2022-02-02T01:15:00Z
5919618,2.02.2022 08:30,16.03.2022 10:35,Kalasin,department of highways,6-wheel truck,speeding,rollover/fallen on straight road,1,0,1,clear,16.73764664,103.6702537,straight road,no slope,2022-02-02T01:30:00Z
6190450,2.02.2022 08:40,12.05.2022 08:46,Suphan Buri,department of highways,motorcycle,speeding,rear-end collision,2,0,1,clear,14.56071074,100.1416656,straight road,no slope,2022-02-02T01:40:00Z
7424472,2.02.2022 09:30,2.12.2022 09:42,Songkhla,department of highways,4-wheel pickup truck,cutting in closely by people/vehicles/animals,rear-end collision,2,0,3,clear,6.946957968,100.8455443,straight road,no slope,2022-02-02T02:30:00Z
5674754,2.02.2022 09:40,4.02.2022 09:29,Bangkok,department of highways,private/passenger car,speeding,rear-end collision,2,0,0,clear,13.76108496,100.696148,straight road,no slope,2022-02-02T02:40:00Z
6086557,2.02.2022 10:00,13.04.2022 11:31,Chiang Rai,department of highways,4-wheel pickup truck,speeding,rollover/fallen on straight road,1,1,1,clear,19.70981637,99.7202289,straight road,no slope,2022-02-02T03:00:00Z
6253196,2.02.2022 10:00,26.05.2022 12:43,Suphan Buri,department of highways,motorcycle,cutting in closely by people/vehicles/animals,head-on collision (not overtaking),2,0,1,clear,14.78308047,99.74470942,other,other,2022-02-02T03:00:00Z
6895750,2.02.2022 10:00,13.09.2022 09:47,Khon Kaen,department of highways,6-wheel truck,speeding,rollover/fallen on straight road,1,0,1,clear,16.08666858,102.3979694,straight road,no slope,2022-02-02T03:00:00Z
6003792,2.02.2022 10:30,30.03.2022 09:26,Chiang Mai,department of highways,private/passenger car,speeding,rear-end collision,2,0,0,clear,18.89346146,99.01012747,straight road,no slope,2022-02-02T03:30:00Z
5997873,2.02.2022 11:30,29.03.2022 09:35,Nakhon Phanom,department of highways,private/passenger car,cutting in closely by people/vehicles/animals,rear-end collision,2,0,0,clear,17.43381706,104.2396921,other,other,2022-02-02T04:30:00Z
6177951,2.02.2022 12:30,10.05.2022 13:09,Kanchanaburi,department of highways,7-10-wheel truck,speeding,rollover/fallen on straight road,1,0,0,clear,13.79719051,99.58498655,straight road,no slope,2022-02-02T05:30:00Z
6208160,2.02.2022 13:00,15.05.2022 07:22,Surat Thani,department of highways,private/passenger car,cutting in closely by people/vehicles/animals,other,2,0,1,clear,8.736022794,99.21085863,connecting to public/commercial area,other,2022-02-02T06:00:00Z
7444133,2.02.2022 13:00,8.12.2022 10:40,Bangkok,department of highways,motorcycle,speeding,rear-end collision,2,0,1,clear,13.68107545,100.4066571,straight road,no slope,2022-02-02T06:00:00Z
6208162,2.02.2022 13:15,15.05.2022 07:20,Surat Thani,department of highways,private/passenger car,speeding,rollover/fallen on straight road,1,0,1,clear,8.728896592,99.15956943,straight road,no slope,2022-02-02T06:15:00Z
5998742,2.02.2022 13:20,29.03.2022 13:38,Chiang Mai,department of highways,4-wheel pickup truck,speeding,rollover/fallen on straight road,1,0,0,clear,18.14624429,98.35417716,straight road,no slope,2022-02-02T06:20:00Z
5863087,2.02.2022 13:30,7.03.2022 16:16,Surat Thani,department of highways,4-wheel pickup truck,speeding,rollover/fallen on straight road,1,0,1,clear,8.723745387,99.15776698,straight road,no slope,2022-02-02T06:30:00Z
6003794,2.02.2022 13:30,30.03.2022 09:29,Chiang Mai,department of highways,motorcycle,speeding,rear-end collision,2,0,1,clear,18.90598961,99.00307326,straight road,no slope,2022-02-02T06:30:00Z
6319601,2.02.2022 13:30,6.06.2022 14:38,Nakhon Si Thammarat,department of highways,4-wheel pickup truck,speeding,rollover/fallen on curved road,1,0,0,clear,8.675408623,99.82375412,wide curve,no slope,2022-02-02T06:30:00Z
6177916,2.02.2022 13:50,10.05.2022 13:04,Kanchanaburi,department of highways,motorcycle,speeding,rear-end collision,2,1,1,clear,14.08996909,99.30681734,straight road,no slope,2022-02-02T06:50:00Z
6317825,2.02.2022 13:50,6.06.2022 10:13,Nakhon Si Thammarat,department of highways,4-wheel pickup truck,speeding,rollover/fallen on curved road,1,0,0,clear,8.675535896,99.82316671,wide curve,no slope,2022-02-02T06:50:00Z
5950578,2.02.2022 14:00,21.03.2022 14:00,Phetchaburi,department of highways,private/passenger car,speeding,rollover/fallen on curved road,1,0,0,clear,12.81015097,99.94415043,wide curve,no slope,2022-02-02T07:00:00Z
7418937,2.02.2022 14:10,30.11.2022 11:19,Narathiwat,department of highways,4-wheel pickup truck,speeding,head-on collision (not overtaking),2,0,1,clear,6.404919389,101.764335,straight road,no slope,2022-02-02T07:10:00Z
6073200,2.02.2022 14:26,11.04.2022 08:57,Chiang Mai,department of highways,4-wheel pickup truck,cutting in closely by people/vehicles/animals,rear-end collision,2,0,0,clear,19.07209839,98.93865465,other,other,2022-02-02T07:26:00Z
5889353,2.02.2022 14:30,11.03.2022 14:01,Khon Kaen,department of highways,large truck with trailer,speeding,rollover/fallen on straight road,1,0,1,clear,16.87547764,102.294302,wide curve,slope area,2022-02-02T07:30:00Z
6343780,2.02.2022 14:30,10.06.2022 09:13,Chon Buri,department of highways,6-wheel truck,speeding,rollover/fallen on straight road,1,0,1,clear,13.49356467,101.1650249,straight road,no slope,2022-02-02T07:30:00Z
7331043,2.02.2022 14:30,14.11.2022 10:47,Maha Sarakham,department of highways,private/passenger car,speeding,head-on collision (not overtaking),2,1,1,clear,16.4545453,103.1322992,straight road,no slope,2022-02-02T07:30:00Z
7419387,2.02.2022 14:30,30.11.2022 13:28,Pattani,department of highways,motorcycle,speeding,rear-end collision,2,0,1,clear,6.817872154,101.0739934,straight road,no slope,2022-02-02T07:30:00Z
7419469,2.02.2022 14:30,30.11.2022 13:40,Pattani,department of highways,4-wheel pickup truck,speeding,rollover/fallen on straight road,1,0,1,rainy,6.803035004,101.1433714,straight road,no slope,2022-02-02T07:30:00Z
5850769,2.02.2022 15:10,5.03.2022 14:08,Khon Kaen,department of highways,private/passenger car,speeding,rollover/fallen on straight road,1,0,0,clear,16.44563959,102.7670976,straight road,no slope,2022-02-02T08:10:00Z
6170247,2.02.2022 15:20,9.05.2022 09:13,Loburi,department of highways,motorcycle,cutting in closely by people/vehicles/animals,other,2,1,0,clear,15.19911944,101.0848537,wide curve,slope area,2022-02-02T08:20:00Z
7414480,2.02.2022 15:25,28.11.2022 14:44,Nakhon Ratchasima,department of highways,4-wheel pickup truck,speeding,rollover/fallen on straight road,1,0,0,rainy,14.98001837,102.0961001,straight road,no slope,2022-02-02T08:25:00Z
7444702,2.02.2022 15:40,8.12.2022 14:08,Bangkok,department of highways,private/passenger car,speeding,rear-end collision,2,0,0,clear,13.67478162,100.4596817,straight road,no slope,2022-02-02T08:40:00Z
5667999,2.02.2022 15:59,3.02.2022 09:16,Chon Buri,department of highways,private/passenger car,speeding,rear-end collision,3,0,1,clear,12.94550843,100.9259033,straight road,no slope,2022-02-02T08:59:00Z
7414473,2.02.2022 16:18,28.11.2022 14:39,Nakhon Ratchasima,department of highways,4-wheel pickup truck,speeding,rear-end collision,4,0,0,clear,14.84421443,101.6241199,straight road,no slope,2022-02-02T09:18:00Z
6330847,2.02.2022 16:23,8.06.2022 11:13,Chon Buri,department of highways,private/passenger car,speeding,rear-end collision,2,0,1,clear,13.2195534,101.0050392,straight road,no slope,2022-02-02T09:23:00Z
5920483,2.02.2022 16:26,16.03.2022 07:04,Sukhothai,department of highways,motorcycle,speeding,rear-end collision,2,0,2,clear,17.01086898,99.78585719,straight road,no slope,2022-02-02T09:26:00Z
5950599,2.02.2022 16:30,21.03.2022 14:06,Phetchaburi,department of highways,4-wheel pickup truck,speeding,rear-end collision,2,0,1,clear,13.24042329,99.82361464,straight road,no slope,2022-02-02T09:30:00Z
5993763,2.02.2022 16:40,28.03.2022 16:19,Udon Thani,department of highways,motorcycle,speeding,rear-end collision,2,0,2,clear,17.3793253,102.7430409,straight road,no slope,2022-02-02T09:40:00Z
6086653,2.02.2022 17:00,13.04.2022 11:54,Chiang Rai,department of highways,4-wheel pickup truck,speeding,head-on collision (not overtaking),3,0,2,clear,19.73252267,99.62745397,wide curve,no slope,2022-02-02T10:00:00Z
6513265,2.02.2022 17:00,8.07.2022 09:03,Uthai Thani,department of highways,4-wheel pickup truck,speeding,rollover/fallen on straight road,1,0,1,clear,15.18881482,99.69556867,straight road,no slope,2022-02-02T10:00:00Z
6592916,2.02.2022 17:30,25.07.2022 08:41,Mukdahan,department of highways,4-wheel pickup truck,speeding,rollover/fallen on straight road,1,0,1,clear,16.70748921,104.6646371,straight road,no slope,2022-02-02T10:30:00Z
7443509,2.02.2022 17:42,8.12.2022 13:47,Bangkok,department of highways,motorcycle,cutting in closely by people/vehicles/animals,rear-end collision,2,0,1,clear,13.77144811,100.5520933,other,other,2022-02-02T10:42:00Z
6144078,2.02.2022 17:50,25.04.2022 12:59,Nakhon Ratchasima,department of highways,large truck with trailer,speeding,rollover/fallen on straight road,1,0,0,rainy,15.01294817,101.6867977,straight road,no slope,2022-02-02T10:50:00Z
6003730,2.02.2022 18:00,30.03.2022 09:14,Chiang Mai,department of highways,private/passenger car,speeding,rear-end collision,2,0,1,clear,18.86633889,99.01514588,straight road,no slope,2022-02-02T11:00:00Z
7140351,2.02.2022 18:00,20.10.2022 13:55,Phetchabun,department of highways,4-wheel pickup truck,speeding,rollover/fallen on straight road,1,0,1,clear,15.64962309,101.0776976,straight road,no slope,2022-02-02T11:00:00Z
7008418,2.02.2022 18:20,30.09.2022 12:57,Nakhon Ratchasima,department of highways,large truck with trailer,vehicle equipment failure,rollover/fallen on straight road,1,0,0,rainy,14.66246839,101.4050209,straight road,no slope,2022-02-02T11:20:00Z
6144077,2.02.2022 18:30,25.04.2022 12:53,Nakhon Ratchasima,department of highways,private/passenger car,speeding,rear-end collision,2,0,0,rainy,15.01294558,101.686956,straight road,no slope,2022-02-02T11:30:00Z
5843374,2.02.2022 19:03,4.03.2022 11:18,Bangkok,expressway authority of thailand,other,other,rear-end collision,4,0,0,clear,13.75367078,100.587516,straight road,other,2022-02-02T12:03:00Z
7414463,2.02.2022 19:30,28.11.2022 14:36,Nakhon Ratchasima,department of highways,6-wheel truck,speeding,rollover/fallen on straight road,1,0,0,rainy,14.87410871,101.8413359,straight road,no slope,2022-02-02T12:30:00Z
5992496,2.02.2022 20:00,28.03.2022 11:02,Pattani,department of highways,7-10-wheel truck,speeding,rollover/fallen on straight road,1,0,0,clear,6.855962986,101.267606,straight road,no slope,2022-02-02T13:00:00Z
6147933,2.02.2022 20:00,2.05.2022 08:20,Phetchabun,department of highways,4-wheel pickup truck,failure to signal enter/exit parking,rear-end collision,2,1,0,clear,15.88700194,101.0214919,straight road,no slope,2022-02-02T13:00:00Z
5920715,2.02.2022 20:04,16.03.2022 11:21,Roi Et,department of highways,private/passenger car,speeding,rollover/fallen on curved road,1,1,0,clear,16.31305531,104.2165232,wide curve,no slope,2022-02-02T13:04:00Z
6241317,2.02.2022 20:05,22.05.2022 10:49,Nakhon Si Thammarat,department of highways,motorcycle,speeding,rear-end collision,2,1,0,clear,8.304911805,99.41489427,straight road,no slope,2022-02-02T13:05:00Z
7441047,2.02.2022 20:09,8.12.2022 09:12,Bangkok,department of highways,motorcycle,other,rear-end collision,2,0,1,clear,13.8195727,100.5586485,connecting to public/commercial area,other,2022-02-02T13:09:00Z
6942825,2.02.2022 20:20,20.09.2022 07:32,Suphan Buri,department of highways,motorcycle,speeding,rear-end collision,2,0,1,clear,14.46487455,100.1325729,other,other,2022-02-02T13:20:00Z
6086539,2.02.2022 20:30,13.04.2022 11:25,Chiang Rai,department of highways,motorcycle,speeding,rear-end collision,2,1,0,clear,19.61640211,99.74465309,straight road,no slope,2022-02-02T13:30:00Z
6149274,2.02.2022 21:10,5.05.2022 13:57,Nakhon Sawan,department of highways,large truck with trailer,speeding,rollover/fallen on straight road,1,0,1,clear,15.62622178,100.1094174,straight road,no slope,2022-02-02T14:10:00Z
6144173,2.02.2022 21:30,25.04.2022 14:49,Nakhon Ratchasima,department of highways,4-wheel pickup truck,speeding,rollover/fallen on curved road,1,0,1,rainy,14.49968968,101.9374797,wide curve,slope area,2022-02-02T14:30:00Z
6144169,2.02.2022 21:40,25.04.2022 14:41,Nakhon Ratchasima,department of highways,4-wheel pickup truck,speeding,rollover/fallen on curved road,1,0,0,rainy,14.47519292,101.9132861,wide curve,no slope,2022-02-02T14:40:00Z
6252466,2.02.2022 22:00,26.05.2022 10:00,Nakhon Sawan,department of highways,motorcycle,driving under the influence of alcohol,rear-end collision,2,0,4,clear,15.70446617,100.1140416,other,other,2022-02-02T15:00:00Z
7027306,2.02.2022 22:10,3.10.2022 11:21,Nakhon Ratchasima,department of highways,4-wheel pickup truck,speeding,rollover/fallen on straight road,1,0,0,clear,14.89037758,101.6865778,straight road,no slope,2022-02-02T15:10:00Z
6513272,2.02.2022 22:41,8.07.2022 09:04,Suphan Buri,department of highways,private/passenger car,speeding,rollover/fallen on straight road,1,0,0,clear,14.6390641,100.1499081,straight road,no slope,2022-02-02T15:41:00Z
6003670,3.02.2022 00:30,30.03.2022 09:04,Chiang Mai,department of highways,private/passenger car,speeding,rollover/fallen on straight road,1,0,0,clear,18.8501399,99.01392816,straight road,no slope,2022-02-02T17:30:00Z
7434175,3.02.2022 01:30,6.12.2022 11:01,Chumphon,department of highways,4-wheel pickup truck,speeding,rollover/fallen on curved road,1,0,0,rainy,10.66692881,99.20188128,wide curve,no slope,2022-02-02T18:30:00Z
5666791,3.02.2022 01:50,3.02.2022 02:42,Bangkok,expressway authority of thailand,large truck with trailer,other,rear-end collision,2,0,2,clear,13.67098791,100.4942936,straight road,other,2022-02-02T18:50:00Z
7441695,3.02.2022 02:00,8.12.2022 10:09,Bangkok,department of highways,private/passenger car,falling asleep,rollover/fallen on straight road,1,0,0,clear,13.78712528,100.409562,straight road,no slope,2022-02-02T19:00:00Z
5919641,3.02.2022 02:40,15.03.2022 14:51,Tak,department of highways,6-wheel truck,speeding,rollover/fallen on straight road,1,0,0,clear,17.05227151,99.07582282,straight road,no slope,2022-02-02T19:40:00Z
6943706,3.02.2022 02:40,20.09.2022 10:48,Suphan Buri,department of highways,large truck with trailer,overloaded vehicle,rollover/fallen on curved road,1,0,0,clear,14.47125314,100.039444,wide curve,no slope,2022-02-02T19:40:00Z
7331046,3.02.2022 03:10,8.07.2022 09:51,Phra Nakhon Si Ayutthaya,department of highways,6-wheel truck,falling asleep,rear-end collision,2,1,1,clear,14.53296489,100.5046919,other,other,2022-02-02T20:10:00Z
6362673,3.02.2022 03:30,13.06.2022 11:23,Bangkok,department of highways,4-wheel pickup truck,speeding,rear-end collision,2,0,7,clear,13.84337193,100.5592775,straight road,no slope,2022-02-02T20:30:00Z
7564935,3.02.2022 03:30,20.01.2023 06:10,Samut Prakan,department of highways,private/passenger car,speeding,rear-end collision,2,0,1,clear,13.67886025,100.7234462,other,other,2022-02-02T20:30:00Z
6219928,3.02.2022 06:30,17.05.2022 13:18,Nakhon Si Thammarat,department of highways,4-wheel pickup truck,speeding,rollover/fallen on straight road,1,0,0,clear,8.303863442,99.49510573,straight road,no slope,2022-02-02T23:30:00Z
6344010,3.02.2022 07:00,10.06.2022 09:37,Phra Nakhon Si Ayutthaya,department of highways,private/passenger car,speeding,rear-end collision,4,0,1,clear,14.13312932,100.6184175,other,other,2022-02-03T00:00:00Z
6085702,3.02.2022 07:30,13.04.2022 08:19,Uttaradit,department of highways,4-wheel pickup truck,vehicle equipment failure,rollover/fallen on straight road,1,0,0,clear,17.40312698,100.2311414,straight road,no slope,2022-02-03T00:30:00Z