acc_code,incident_datetime,report_datetime,province_en,agency,vehicle_type,presumed_cause,accident_type,number_of_vehicles_involved,number_of_fatalities,number_of_injuries,weather_condition,latitude,longitude,road_description,slope_description,incident_time
5882074,3.02.2022 07:50,10.03.2022 11:50,Chumphon,department of highways,4-wheel pickup truck,speeding,rollover/fallen on straight road,1,0,0,clear,10.42524646,99.12977813,straight road,no slope,2022-02-03T00:50:00Z
6252319,3.02.2022 08:03,26.05.2022 09:32,Nakhon Si Thammarat,department of highways,4-wheel pickup truck,speeding,rear-end collision,4,0,1,clear,8.177081138,99.62891577,straight road,no slope,2022-02-03T01:03:00Z
5919653,3.02.2022 08:10,16.03.2022 06:36,Tak,department of highways,4-wheel pickup truck,overloaded vehicle,rollover/fallen on curved road,1,0,0,clear,16.41887884,99.00492667,wide curve,no slope,2022-02-03T01:10:00Z
5863085,3.02.2022 08:16,7.03.2022 16:15,Surat Thani,department of highways,4-wheel pickup truck,speeding,rollover/fallen on curved road,1,1,1,clear,8.553185524,99.22203271,wide curve,no slope,2022-02-03T01:16:00Z
6240190,3.02.2022 08:30,20.05.2022 15:19,Chanthaburi,department of highways,other,speeding,rollover/fallen on straight road,1,0,0,clear,12.85104543,102.1085858,straight road,no slope,2022-02-03T01:30:00Z
7007824,3.02.2022 09:00,30.09.2022 10:55,Pathum Thani,department of highways,other,speeding,rollover/fallen on straight road,1,0,2,clear,13.93548596,100.7517233,other,other,2022-02-03T02:00:00Z
7518268,3.02.2022 09:05,29.12.2022 11:39,Samut Prakan,expressway authority of thailand,other,other,side collision,3,0,0,clear,13.628391,100.526502,straight road,other,2022-02-03T02:05:00Z
7441043,3.02.2022 10:10,8.12.2022 08:57,Kanchanaburi,department of highways,6-wheel truck,cutting in closely by people/vehicles/animals,rollover/fallen on straight road,1,0,1,clear,14.28713138,99.75409437,straight road,no slope,2022-02-03T03:10:00Z
5950657,3.02.2022 10:30,21.03.2022 14:17,Phetchaburi,department of highways,6-wheel truck,overloaded vehicle,rollover/fallen on curved road,1,0,0,clear,13.1359045,99.859457,wide curve,no slope,2022-02-03T03:30:00Z
6513957,3.02.2022 10:30,8.07.2022 11:23,Pathum Thani,department of highways,7-10-wheel truck,speeding,rear-end collision,2,0,1,clear,14.00771525,100.4522171,straight road,no slope,2022-02-03T03:30:00Z
6345997,3.02.2022 11:15,10.06.2022 15:05,Nonthaburi,department of highways,4-wheel pickup truck,speeding,head-on collision (not overtaking),4,0,3,clear,13.95363521,100.3680655,straight road,no slope,2022-02-03T04:15:00Z
6144808,3.02.2022 11:30,26.04.2022 15:04,Yala,department of highways,4-wheel pickup truck,unfamiliarity with the route/unskilled driving,rollover/fallen on curved road,1,0,1,rainy,6.554371426,101.2613377,wide curve,no slope,2022-02-03T04:30:00Z
7568364,3.02.2022 11:30,24.01.2023 13:52,Ranong,department of highways,4-wheel pickup truck,speeding,rollover/fallen on straight road,1,0,0,clear,10.50288952,98.82169692,wide curve,no slope,2022-02-03T04:30:00Z
6319199,3.02.2022 12:00,6.06.2022 13:31,Loburi,department of highways,6-wheel truck,vehicle equipment failure,other,1,0,0,clear,15.21043815,101.1301938,other,other,2022-02-03T05:00:00Z
5889360,3.02.2022 13:00,11.03.2022 14:00,Nong Bua Lam Phu,department of highways,large truck with trailer,speeding,rollover/fallen on curved road,1,0,0,clear,17.29610906,102.2138357,wide curve,no slope,2022-02-03T06:00:00Z
6128508,3.02.2022 13:00,20.04.2022 13:36,Saraburi,department of highways,private/passenger car,falling asleep,rollover/fallen on straight road,1,0,0,clear,14.71391581,100.7760429,straight road,no slope,2022-02-03T06:00:00Z
7424857,3.02.2022 13:00,2.12.2022 10:45,Songkhla,department of highways,4-wheel pickup truck,speeding,rollover/fallen on straight road,1,1,0,clear,6.734633321,100.4502243,straight road,no slope,2022-02-03T06:00:00Z
5817835,3.02.2022 13:30,28.02.2022 10:42,Suphan Buri,department of highways,4-wheel pickup truck,speeding,rear-end collision,2,0,0,clear,14.49660209,100.0151941,other,other,2022-02-03T06:30:00Z
5952532,3.02.2022 13:30,21.03.2022 21:42,Phetchabun,department of highways,private/passenger car,falling asleep,rollover/fallen on curved road,1,0,1,clear,16.98283809,101.401746,wide curve,no slope,2022-02-03T06:30:00Z
6208132,3.02.2022 14:10,15.05.2022 07:13,Surat Thani,department of highways,4-wheel pickup truck,speeding,rollover/fallen on straight road,1,0,2,rainy,8.735919402,99.02058004,straight road,no slope,2022-02-03T07:10:00Z
6252467,3.02.2022 14:20,26.05.2022 10:05,Nakhon Sawan,department of highways,7-10-wheel truck,vehicle equipment failure,rollover/fallen on straight road,1,0,1,clear,15.26133248,100.3280175,straight road,no slope,2022-02-03T07:20:00Z
6218742,3.02.2022 14:50,17.05.2022 09:08,Nakhon Si Thammarat,department of highways,4-wheel pickup truck,speeding,rear-end collision,4,0,1,clear,8.329893881,99.92331503,other,other,2022-02-03T07:50:00Z
5919659,3.02.2022 15:06,16.03.2022 07:04,Sukhothai,department of highways,motorcycle,speeding,rear-end collision,2,0,2,clear,17.01156662,99.77645873,straight road,no slope,2022-02-03T08:06:00Z
6325526,3.02.2022 15:15,7.06.2022 14:54,Chon Buri,department of highways,private/passenger car,speeding,rollover/fallen on curved road,1,0,0,clear,12.91086219,100.9523043,wide curve,no slope,2022-02-03T08:15:00Z
6507873,3.02.2022 15:15,7.07.2022 10:48,Phra Nakhon Si Ayutthaya,department of highways,4-wheel pickup truck,speeding,rear-end collision,2,0,2,rainy,14.45139734,100.5404457,straight road,no slope,2022-02-03T08:15:00Z
6508669,3.02.2022 15:15,7.07.2022 14:07,Phra Nakhon Si Ayutthaya,department of highways,6-wheel truck,speeding,rear-end collision,2,0,4,rainy,14.45157396,100.5404109,straight road,no slope,2022-02-03T08:15:00Z
7511993,3.02.2022 15:15,27.12.2022 11:06,Krabi,department of highways,4-wheel pickup truck,speeding,rollover/fallen on curved road,1,0,0,rainy,8.053947367,98.85795234,wide curve,no slope,2022-02-03T08:15:00Z
7568454,3.02.2022 15:30,24.01.2023 14:53,Krabi,department of highways,4-wheel pickup truck,speeding,rollover/fallen on straight road,1,0,0,rainy,8.015588509,99.11667822,straight road,no slope,2022-02-03T08:30:00Z
7511549,3.02.2022 16:00,27.12.2022 10:59,Krabi,department of highways,4-wheel pickup truck,speeding,rollover/fallen on straight road,1,0,0,rainy,8.101177179,98.88574003,straight road,no slope,2022-02-03T09:00:00Z
7517415,3.02.2022 16:00,29.12.2022 10:51,Phayao,department of highways,4-wheel pickup truck,falling asleep,rollover/fallen on straight road,1,0,1,clear,19.12379372,99.85929071,straight road,no slope,2022-02-03T09:00:00Z
6567112,3.02.2022 16:20,7.02.2022 11:19,Chiang Mai,department of rural roads,motorcycle,driving under the influence of alcohol,other,1,0,1,clear,19.940152,99.109561,wide curve,no slope,2022-02-03T09:20:00Z
5920710,3.02.2022 17:02,16.03.2022 11:19,Yasothon,department of highways,4-wheel pickup truck,speeding,rollover/fallen on straight road,1,0,2,clear,15.68431976,104.2772055,straight road,no slope,2022-02-03T10:02:00Z
7422303,3.02.2022 17:22,1.12.2022 11:07,Chiang Mai,department of highways,motorcycle,speeding,rear-end collision,2,0,0,clear,18.84789344,99.01372431,other,other,2022-02-03T10:22:00Z
7443688,3.02.2022 17:30,8.12.2022 13:51,Bangkok,department of highways,motorcycle,cutting in closely by people/vehicles/animals,rear-end collision,2,0,0,clear,13.83619915,100.557233,straight road,no slope,2022-02-03T10:30:00Z
7568363,3.02.2022 17:30,24.01.2023 13:49,Ranong,department of highways,4-wheel pickup truck,speeding,rollover/fallen on curved road,1,0,2,clear,10.22414,98.73069494,wide curve,no slope,2022-02-03T10:30:00Z
6507639,3.02.2022 17:45,7.07.2022 09:51,Suphan Buri,department of highways,4-wheel pickup truck,speeding,rollover/fallen on straight road,1,0,0,clear,14.66106976,100.135746,other,other,2022-02-03T10:45:00Z
7124847,3.02.2022 18:00,18.10.2022 10:20,Chon Buri,department of highways,private/passenger car,speeding,rear-end collision,2,0,0,clear,13.35296395,101.0051894,other,other,2022-02-03T11:00:00Z
5993048,3.02.2022 18:50,28.03.2022 13:34,Yasothon,department of highways,motorcycle,cutting in closely by people/vehicles/animals,rear-end collision,2,0,3,clear,16.29792084,104.5166945,straight road,no slope,2022-02-03T11:50:00Z
7008410,3.02.2022 18:56,30.09.2022 12:56,Nakhon Ratchasima,department of highways,4-wheel pickup truck,speeding,rear-end collision,4,0,0,rainy,14.65798443,101.3763669,straight road,no slope,2022-02-03T11:56:00Z
6219957,3.02.2022 19:00,17.05.2022 13:20,Nakhon Si Thammarat,department of highways,private/passenger car,cutting in closely by people/vehicles/animals,rear-end collision,2,0,4,clear,8.373646488,99.53636347,straight road,no slope,2022-02-03T12:00:00Z
5676255,3.02.2022 19:50,4.02.2022 14:39,Suphan Buri,department of highways,private/passenger car,speeding,rollover/fallen on straight road,1,0,0,clear,14.4636201,100.1315242,straight road,no slope,2022-02-03T12:50:00Z
6550054,3.02.2022 19:50,14.07.2022 15:35,Chaiyaphum,department of highways,4-wheel pickup truck,vehicle equipment failure,rear-end collision,2,3,3,clear,16.04946088,102.2735041,straight road,no slope,2022-02-03T12:50:00Z
5993494,3.02.2022 20:30,28.03.2022 15:08,Sakon Nakhon,department of highways,4-wheel pickup truck,speeding,rollover/fallen on straight road,1,0,0,clear,17.21283724,104.0525114,straight road,no slope,2022-02-03T13:30:00Z
6144051,3.02.2022 20:40,25.04.2022 11:43,Nakhon Ratchasima,department of highways,private/passenger car,speeding,rollover/fallen on straight road,1,0,1,clear,14.64415311,101.4947837,straight road,no slope,2022-02-03T13:40:00Z
6550031,3.02.2022 21:10,14.07.2022 15:33,Udon Thani,department of highways,motorcycle,speeding,rear-end collision,2,2,0,clear,16.95263504,103.3254316,straight road,no slope,2022-02-03T14:10:00Z
5797803,3.02.2022 22:10,24.02.2022 23:18,Chanthaburi,department of highways,motorcycle,speeding,rollover/fallen on straight road,1,1,0,clear,12.58733451,102.1552697,straight road,no slope,2022-02-03T15:10:00Z
6549996,3.02.2022 22:15,14.07.2022 15:19,Udon Thani,department of highways,large truck with trailer,speeding,rollover/fallen on straight road,1,1,0,clear,17.0001373,103.4380469,straight road,no slope,2022-02-03T15:15:00Z
7331049,3.02.2022 22:15,14.07.2022 15:30,Udon Thani,department of highways,large truck with trailer,speeding,rollover/fallen on straight road,1,1,0,clear,16.94811174,103.4743881,straight road,no slope,2022-02-03T15:15:00Z
6567150,3.02.2022 22:40,14.02.2022 09:14,Tak,department of rural roads,motorcycle,driving under the influence of alcohol,other,1,1,0,clear,16.493433,98.677955,wide curve,slope area,2022-02-03T15:40:00Z
5920641,3.02.2022 23:00,16.03.2022 10:34,Kalasin,department of highways,large truck with trailer,running red lights/traffic signals,rear-end collision,2,0,0,clear,16.69729523,103.7443068,other,other,2022-02-03T16:00:00Z
5998829,4.02.2022 00:30,29.03.2022 13:56,Chiang Mai,department of highways,private/passenger car,speeding,rollover/fallen on straight road,1,0,1,clear,18.90097795,98.95041882,straight road,no slope,2022-02-03T17:30:00Z
5919759,4.02.2022 01:00,15.03.2022 13:46,Kamphaeng Phet,department of highways,4-wheel pickup truck,speeding,rollover/fallen on straight road,1,0,0,clear,16.14386608,99.72073852,straight road,no slope,2022-02-03T18:00:00Z
6127791,4.02.2022 01:00,20.04.2022 10:01,Saraburi,department of highways,private/passenger car,speeding,rollover/fallen on curved road,1,0,1,clear,14.56662709,100.9681669,wide curve,no slope,2022-02-03T18:00:00Z
6086222,4.02.2022 01:35,13.04.2022 10:17,Uttaradit,department of highways,4-wheel pickup truck,speeding,rollover/fallen on curved road,1,0,0,clear,17.67256554,100.1639172,wide curve,no slope,2022-02-03T18:35:00Z
6330915,4.02.2022 02:50,8.06.2022 11:28,Bangkok,department of highways,4-wheel pickup truck,speeding,rollover/fallen on straight road,1,0,0,clear,13.74529419,100.7024833,straight road,no slope,2022-02-03T19:50:00Z
6080683,4.02.2022 04:00,12.04.2022 14:17,Uttaradit,department of highways,6-wheel truck,speeding,rollover/fallen on straight road,1,0,1,clear,17.24066188,100.2487153,straight road,no slope,2022-02-03T21:00:00Z
5920338,4.02.2022 05:15,15.03.2022 14:38,Tak,department of highways,7-10-wheel truck,falling asleep,rollover/fallen on straight road,1,0,2,clear,16.8319618,99.11992906,straight road,no slope,2022-02-03T22:15:00Z
6343701,4.02.2022 05:35,10.06.2022 09:04,Trat,department of highways,4-wheel pickup truck,speeding,rollover/fallen on straight road,1,0,2,rainy,12.19439142,102.5365564,straight road,no slope,2022-02-03T22:35:00Z
6363138,4.02.2022 05:50,13.06.2022 13:34,Phra Nakhon Si Ayutthaya,department of highways,4-wheel pickup truck,speeding,rollover/fallen on straight road,1,0,0,clear,14.2874266,100.8176333,straight road,no slope,2022-02-03T22:50:00Z
6144178,4.02.2022 06:10,25.04.2022 14:52,Nakhon Ratchasima,department of highways,large truck with trailer,speeding,rollover/fallen on straight road,1,0,0,clear,14.7572173,102.0378265,straight road,no slope,2022-02-03T23:10:00Z
6509053,4.02.2022 06:10,7.07.2022 15:06,Suphan Buri,department of highways,4-wheel pickup truck,falling asleep,rollover/fallen on curved road,1,0,1,clear,14.60918685,100.0996488,wide curve,no slope,2022-02-03T23:10:00Z
5818030,4.02.2022 06:31,28.02.2022 11:02,Maha Sarakham,department of highways,private/passenger car,speeding,head-on collision (not overtaking),2,1,1,clear,16.09667038,103.2992855,straight road,no slope,2022-02-03T23:31:00Z
5969777,4.02.2022 07:00,24.03.2022 14:46,Phra Nakhon Si Ayutthaya,department of highways,private/passenger car,speeding,rollover/fallen on straight road,1,0,0,rainy,14.46668997,100.536645,straight road,no slope,2022-02-04T00:00:00Z
5920479,4.02.2022 07:23,16.03.2022 07:04,Sukhothai,department of highways,private/passenger car,cutting in closely by people/vehicles/animals,rear-end collision,2,0,1,clear,17.01419301,99.75446461,straight road,no slope,2022-02-04T00:23:00Z
6128614,4.02.2022 08:00,20.04.2022 14:03,Saraburi,department of highways,4-wheel pickup truck,speeding,rollover/fallen on straight road,1,0,1,clear,14.63564628,101.1126628,straight road,slope area,2022-02-04T01:00:00Z
6531972,4.02.2022 08:10,11.07.2022 10:56,Chanthaburi,department of highways,motorcycle,cutting in closely by people/vehicles/animals,rear-end collision,2,10,0,clear,12.69076153,101.9960484,straight road,no slope,2022-02-04T01:10:00Z
5920634,4.02.2022 08:20,16.03.2022 10:31,Kalasin,department of highways,motorcycle,cutting in closely by people/vehicles/animals,rear-end collision,3,0,4,clear,16.40792856,103.3988142,straight road,no slope,2022-02-04T01:20:00Z
6242206,4.02.2022 08:30,24.05.2022 11:18,Chanthaburi,department of highways,4-wheel pickup truck,speeding,rollover/fallen on curved road,1,0,1,rainy,12.3978163,102.3503548,wide curve,no slope,2022-02-04T01:30:00Z
6513219,4.02.2022 08:30,8.07.2022 08:54,Suphan Buri,department of highways,4-wheel pickup truck,cutting in closely by people/vehicles/animals,head-on collision (not overtaking),2,0,1,clear,14.84214545,99.71912114,straight road,no slope,2022-02-04T01:30:00Z
7331051,4.02.2022 08:55,25.02.2022 15:02,Yala,department of highways,van,unfamiliarity with the route/unskilled driving,collision with obstruction (on road surface),4,0,0,rainy,6.551730723,101.2590524,straight road,no slope,2022-02-04T01:55:00Z
6896304,4.02.2022 09:10,13.09.2022 11:19,Khon Kaen,department of highways,4-wheel pickup truck,speeding,rollover/fallen on straight road,1,0,0,rainy,16.01881782,102.7074051,straight road,no slope,2022-02-04T02:10:00Z
6144114,4.02.2022 09:30,25.04.2022 14:00,Phrae,department of highways,4-wheel pickup truck,vehicle equipment failure,rollover/fallen on curved road,1,0,0,clear,18.54645237,100.1124295,wide curve,no slope,2022-02-04T02:30:00Z
7443560,4.02.2022 10:33,8.12.2022 13:46,Bangkok,department of highways,private/passenger car,cutting in closely by people/vehicles/animals,rear-end collision,2,0,0,clear,13.84108106,100.5582646,other,other,2022-02-04T03:33:00Z
7331055,4.02.2022 11:00,16.03.2022 12:48,Prachuap Khiri Khan,department of highways,private/passenger car,speeding,rollover/fallen on straight road,1,0,0,rainy,12.35125553,99.8834279,straight road,no slope,2022-02-04T04:00:00Z
5919562,4.02.2022 11:06,16.03.2022 12:36,Prachuap Khiri Khan,department of highways,4-wheel pickup truck,speeding,rollover/fallen on straight road,1,0,0,clear,12.5256374,99.88003223,straight road,no slope,2022-02-04T04:06:00Z
5888592,4.02.2022 11:10,11.03.2022 10:42,Nakhon Pathom,department of highways,4-wheel pickup truck,vehicle equipment failure,head-on collision (not overtaking),2,0,2,clear,13.70675203,100.0780946,straight road,no slope,2022-02-04T04:10:00Z
5919772,4.02.2022 11:10,16.03.2022 11:14,Maha Sarakham,department of highways,6-wheel truck,cutting in closely by people/vehicles/animals,head-on collision (not overtaking),2,0,0,rainy,16.04435446,102.8589687,straight road,no slope,2022-02-04T04:10:00Z
5997918,4.02.2022 11:20,29.03.2022 09:46,buogkan,department of highways,4-wheel pickup truck,speeding,rollover/fallen on straight road,1,0,2,clear,18.09483237,103.7434083,straight road,no slope,2022-02-04T04:20:00Z
6514079,4.02.2022 11:30,8.07.2022 11:48,Samut Prakan,department of highways,private/passenger car,speeding,rear-end collision,9,0,1,clear,13.63784919,100.7038995,straight road,no slope,2022-02-04T04:30:00Z
6117446,4.02.2022 11:50,18.04.2022 15:13,Nan,department of highways,van,speeding,rollover/fallen on curved road,1,0,0,rainy,18.85917873,100.6473586,wide curve,no slope,2022-02-04T04:50:00Z
6513535,4.02.2022 12:00,8.07.2022 09:49,Ang Thong,department of highways,large truck with trailer,speeding,rear-end collision,2,0,0,clear,14.52693081,100.4641449,wide curve,no slope,2022-02-04T05:00:00Z
7424566,4.02.2022 12:15,2.12.2022 09:48,Songkhla,department of highways,private/passenger car,speeding,rollover/fallen on straight road,1,0,1,rainy,6.749736274,100.6978807,straight road,no slope,2022-02-04T05:15:00Z
5963719,4.02.2022 12:30,23.03.2022 14:55,Nakhon Pathom,department of highways,4-wheel pickup truck,speeding,rollover/fallen on straight road,1,0,0,rainy,13.95540529,100.0738326,straight road,no slope,2022-02-04T05:30:00Z
5997928,4.02.2022 12:30,29.03.2022 09:51,buogkan,department of highways,private/passenger car,speeding,rollover/fallen on straight road,1,0,1,clear,18.37587291,103.6227116,connecting to school area,other,2022-02-04T05:30:00Z
5998764,4.02.2022 12:30,29.03.2022 13:40,Chiang Mai,department of highways,6-wheel truck,cutting in closely by people/vehicles/animals,rear-end collision,2,1,0,clear,17.83488936,98.37036698,straight road,no slope,2022-02-04T05:30:00Z
6183800,4.02.2022 12:30,11.05.2022 09:43,Chai Nat,department of highways,4-wheel pickup truck,other,rollover/fallen on straight road,1,0,1,clear,15.21352591,100.0760132,straight road,no slope,2022-02-04T05:30:00Z
6330914,4.02.2022 12:35,8.06.2022 11:26,Chachoengsao,department of highways,4-wheel pickup truck,speeding,rear-end collision,2,0,0,clear,13.56886367,100.9840295,straight road,no slope,2022-02-04T05:35:00Z
5950621,4.02.2022 12:50,21.03.2022 14:14,Phetchaburi,department of highways,motorcycle,speeding,rear-end collision,2,0,1,rainy,12.80066979,99.97263818,straight road,no slope,2022-02-04T05:50:00Z
6330212,4.02.2022 13:00,8.06.2022 09:01,Bangkok,department of highways,large truck with trailer,overloaded vehicle,other,1,0,0,clear,13.89956593,100.6940853,other,other,2022-02-04T06:00:00Z
5962545,4.02.2022 13:10,23.03.2022 10:33,Nakhon Pathom,department of highways,4-wheel pickup truck,speeding,rollover/fallen on straight road,1,0,0,rainy,13.92413805,100.0661185,straight road,no slope,2022-02-04T06:10:00Z
6276107,4.02.2022 13:15,30.05.2022 10:33,Nakhon Sawan,department of highways,large truck with trailer,speeding,rollover/fallen on straight road,1,0,0,clear,15.51623609,100.4691633,straight road,no slope,2022-02-04T06:15:00Z
7437978,4.02.2022 13:53,7.12.2022 09:18,Ubon Ratchathani,department of highways,4-wheel pickup truck,speeding,rollover/fallen on curved road,1,0,1,clear,15.5655881,105.1177642,wide curve,no slope,2022-02-04T06:53:00Z
5889317,4.02.2022 14:00,11.03.2022 13:59,Nong Bua Lam Phu,department of highways,6-wheel truck,speeding,rollover/fallen on straight road,1,0,0,clear,17.29930507,102.2080421,straight road,no slope,2022-02-04T07:00:00Z
6330913,4.02.2022 14:00,8.06.2022 11:25,Bangkok,department of highways,4-wheel pickup truck,speeding,rear-end collision,2,0,0,clear,13.69005071,100.6996563,straight road,no slope,2022-02-04T07:00:00Z
6338910,4.02.2022 14:10,9.06.2022 15:50,Chanthaburi,department of highways,private/passenger car,cutting in closely by people/vehicles/animals,rear-end collision,2,1,0,clear,12.85172533,102.1083149,other,other,2022-02-04T07:10:00Z
7444049,4.02.2022 14:30,8.12.2022 10:39,Bangkok,department of highways,4-wheel pickup truck,speeding,rear-end collision,3,0,0,clear,13.68395258,100.4069468,straight road,no slope,2022-02-04T07:30:00Z
6325536,4.02.2022 14:56,7.06.2022 14:55,Chon Buri,department of highways,private/passenger car,speeding,rollover/fallen on straight road,1,0,0,clear,12.77045318,100.9944337,straight road,no slope,2022-02-04T07:56:00Z
6513540,4.02.2022 15:00,8.07.2022 09:47,Ang Thong,department of highways,4-wheel pickup truck,speeding,rollover/fallen on straight road,1,0,0,rainy,14.60226717,100.4580778,straight road,no slope,2022-02-04T08:00:00Z
6514075,4.02.2022 15:00,8.07.2022 11:46,Samut Prakan,department of highways,private/passenger car,cutting in closely by people/vehicles/animals,rear-end collision,2,1,1,clear,13.61960239,100.7405466,straight road,no slope,2022-02-04T08:00:00Z
6144811,4.02.2022 15:10,26.04.2022 15:07,Pattani,department of highways,4-wheel pickup truck,speeding,rollover/fallen on curved road,1,0,0,clear,6.829302652,101.2163865,wide curve,no slope,2022-02-04T08:10:00Z
6317758,4.02.2022 15:20,6.06.2022 10:01,Nakhon Si Thammarat,department of highways,4-wheel pickup truck,speeding,rollover/fallen on straight road,1,0,0,clear,8.257124814,99.55164133,straight road,no slope,2022-02-04T08:20:00Z
5882076,4.02.2022 15:30,10.03.2022 11:54,Chumphon,department of highways,4-wheel pickup truck,speeding,collision at intersection corner,2,0,0,rainy,10.60995992,99.16968404,other,other,2022-02-04T08:30:00Z
7437941,4.02.2022 15:40,7.12.2022 09:11,Amnat Charoen,department of highways,4-wheel pickup truck,failure to yield/signal,rear-end collision,3,0,0,clear,15.86054995,104.5220858,straight road,no slope,2022-02-04T08:40:00Z
6253315,4.02.2022 16:00,26.05.2022 13:12,Chon Buri,department of highways,4-wheel pickup truck,speeding,rollover/fallen on straight road,1,0,0,rainy,13.09564205,101.3893917,straight road,no slope,2022-02-04T09:00:00Z
6567110,4.02.2022 16:00,7.02.2022 11:19,Phitsanulok,department of rural roads,motorcycle,speeding,other,2,1,2,rainy,16.979362,100.781391,t-intersection,other,2022-02-04T09:00:00Z
6513396,4.02.2022 16:15,8.07.2022 09:20,Phra Nakhon Si Ayutthaya,department of highways,4-wheel pickup truck,speeding,rollover/fallen on straight road,1,0,3,clear,14.54753015,100.5396652,straight road,no slope,2022-02-04T09:15:00Z
5999056,4.02.2022 16:40,29.03.2022 14:43,Prachin Buri,department of highways,motorcycle,speeding,rear-end collision,2,0,1,clear,13.91530457,101.5740993,connecting to public/commercial area,other,2022-02-04T09:40:00Z
5998022,4.02.2022 16:45,29.03.2022 10:23,Sakon Nakhon,department of highways,6-wheel truck,speeding,rollover/fallen on straight road,3,0,2,clear,17.39413804,103.3435714,straight road,no slope,2022-02-04T09:45:00Z
6330764,4.02.2022 17:52,8.06.2022 10:50,Bangkok,department of highways,private/passenger car,speeding,rear-end collision,3,0,0,clear,13.72972905,100.7290506,straight road,no slope,2022-02-04T10:52:00Z
6225238,4.02.2022 18:00,18.05.2022 08:46,Phetchabun,department of highways,4-wheel pickup truck,speeding,rollover/fallen on straight road,1,0,1,clear,15.64962309,101.0776976,straight road,no slope,2022-02-04T11:00:00Z
5687183,4.02.2022 18:16,6.02.2022 10:02,Bangkok,department of highways,private/passenger car,speeding,rear-end collision,2,0,0,rainy,13.73526321,100.677512,straight road,no slope,2022-02-04T11:16:00Z
6319254,4.02.2022 18:30,6.06.2022 13:42,Samut Prakan,department of highways,4-wheel pickup truck,speeding,rollover/fallen on straight road,1,0,0,rainy,13.51738911,100.6737247,straight road,no slope,2022-02-04T11:30:00Z
6344319,4.02.2022 18:30,10.06.2022 10:09,Nakhon Nayok,department of highways,private/passenger car,speeding,rollover/fallen on straight road,1,0,0,clear,14.25340507,101.0930988,straight road,no slope,2022-02-04T11:30:00Z
6208031,4.02.2022 18:40,15.05.2022 06:46,Surat Thani,department of highways,large truck with trailer,speeding,rollover/fallen on straight road,1,0,0,clear,8.558909313,99.34321492,straight road,no slope,2022-02-04T11:40:00Z
7444727,4.02.2022 19:00,8.12.2022 14:14,Bangkok,department of highways,private/passenger car,speeding,rear-end collision,2,0,0,clear,13.67960951,100.4690681,straight road,no slope,2022-02-04T12:00:00Z
7443440,4.02.2022 19:12,8.12.2022 13:48,Bangkok,department of highways,private/passenger car,speeding,rear-end collision,2,0,1,clear,13.83928445,100.5575059,straight road,no slope,2022-02-04T12:12:00Z
6330904,4.02.2022 19:37,8.06.2022 11:22,Pathum Thani,department of highways,7-10-wheel truck,vehicle equipment failure,other,1,0,0,clear,14.14743709,100.6601152,straight road,no slope,2022-02-04T12:37:00Z
5919669,4.02.2022 20:20,16.03.2022 07:02,Sukhothai,department of highways,4-wheel pickup truck,speeding,rollover/fallen on curved road,1,1,0,rainy,17.17400487,99.85121726,wide curve,no slope,2022-02-04T13:20:00Z
6918406,4.02.2022 20:20,16.09.2022 13:28,Suphan Buri,department of highways,6-wheel truck,speeding,rollover/fallen on straight road,1,0,0,clear,14.84168136,99.71294402,other,other,2022-02-04T13:20:00Z
5998738,4.02.2022 20:30,29.03.2022 13:35,Chiang Mai,department of highways,large truck with trailer,speeding,rollover/fallen on curved road,1,0,1,clear,18.24867376,98.60509782,wide curve,no slope,2022-02-04T13:30:00Z
6567117,4.02.2022 20:42,7.02.2022 11:20,Bangkok,department of rural roads,motorcycle,speeding,other,2,0,1,clear,13.673309,100.538878,straight road,slope area,2022-02-04T13:42:00Z
7422390,4.02.2022 20:55,1.12.2022 13:33,Chiang Mai,department of highways,motorized tricycle,speeding,rear-end collision,2,0,1,clear,19.02844794,98.96741597,straight road,no slope,2022-02-04T13:55:00Z
6080020,4.02.2022 21:00,12.04.2022 11:59,Phitsanulok,department of highways,pedestrian,speeding,pedestrian collision,1,1,0,clear,16.82651905,100.9293687,wide curve,slope area,2022-02-04T14:00:00Z
6338328,4.02.2022 21:00,9.06.2022 14:04,Chanthaburi,department of highways,4-wheel pickup truck,speeding,rollover/fallen on curved road,1,0,0,rainy,12.63385804,102.1627235,other,other,2022-02-04T14:00:00Z
6513923,4.02.2022 21:00,8.07.2022 11:11,Pathum Thani,department of highways,4-wheel pickup truck,speeding,rollover/fallen on straight road,1,0,1,clear,14.00699177,100.7033256,other,other,2022-02-04T14:00:00Z
7444406,4.02.2022 21:00,8.12.2022 14:10,Ratchaburi,department of highways,private/passenger car,speeding,rollover/fallen on straight road,1,0,0,clear,13.5486585,99.47541832,straight road,no slope,2022-02-04T14:00:00Z
6343312,4.02.2022 21:15,10.06.2022 07:50,Rayong,department of highways,4-wheel pickup truck,speeding,rollover/fallen on curved road,1,0,1,clear,12.92196007,101.2558284,wide curve,no slope,2022-02-04T14:15:00Z
6343295,4.02.2022 21:20,10.06.2022 07:49,Rayong,department of highways,4-wheel pickup truck,speeding,rollover/fallen on straight road,1,0,1,rainy,12.66869933,101.2953937,straight road,no slope,2022-02-04T14:20:00Z
6252888,4.02.2022 22:00,26.05.2022 11:20,Samut Sakhon,department of highways,large truck with trailer,speeding,rollover/fallen on straight road,1,0,0,rainy,13.55416822,100.2675658,straight road,no slope,2022-02-04T15:00:00Z