acc_code,incident_datetime,report_datetime,province_en,agency,vehicle_type,presumed_cause,accident_type,number_of_vehicles_involved,number_of_fatalities,number_of_injuries,weather_condition,latitude,longitude,road_description,slope_description,incident_time
5843156,4.02.2022 22:07,4.03.2022 10:31,Samut Prakan,expressway authority of thailand,other,other,rear-end collision,2,0,0,clear,13.613313,100.619869,straight road,other,2022-02-04T15:07:00Z
5919709,4.02.2022 23:00,15.03.2022 14:50,Tak,department of highways,large truck with trailer,speeding,rollover/fallen on curved road,1,0,1,clear,16.81078554,98.98136614,wide curve,no slope,2022-02-04T16:00:00Z
5920250,4.02.2022 23:15,15.03.2022 13:46,Kamphaeng Phet,department of highways,private/passenger car,speeding,rollover/fallen on straight road,1,0,2,rainy,16.44143611,99.50695036,straight road,no slope,2022-02-04T16:15:00Z
6918786,4.02.2022 23:35,16.09.2022 14:36,Chon Buri,department of highways,private/passenger car,speeding,rear-end collision,2,0,2,clear,13.11613329,100.9750494,straight road,no slope,2022-02-04T16:35:00Z
5679578,4.02.2022 23:51,5.02.2022 01:06,Bangkok,expressway authority of thailand,other,other,side collision,2,0,0,clear,13.742744,100.605349,grade-separated intersection/ramps,other,2022-02-04T16:51:00Z
5919664,5.02.2022 00:30,16.03.2022 07:03,Sukhothai,department of highways,large truck with trailer,speeding,rollover/fallen on curved road,1,0,0,rainy,17.09657723,99.83714102,wide curve,no slope,2022-02-04T17:30:00Z
6003634,5.02.2022 01:00,30.03.2022 08:54,Chiang Mai,department of highways,private/passenger car,speeding,rollover/fallen on straight road,1,0,0,clear,18.72410912,98.9312893,straight road,no slope,2022-02-04T18:00:00Z
6330878,5.02.2022 01:21,8.06.2022 11:19,Bangkok,department of highways,private/passenger car,speeding,rollover/fallen on straight road,1,0,0,clear,13.73246488,100.7069063,straight road,no slope,2022-02-04T18:21:00Z
6531250,5.02.2022 01:40,11.07.2022 08:46,Nakhon Ratchasima,department of highways,4-wheel pickup truck,speeding,rollover/fallen on straight road,1,0,1,clear,15.28357191,102.1499321,straight road,no slope,2022-02-04T18:40:00Z
6330872,5.02.2022 02:04,8.06.2022 11:16,Pathum Thani,department of highways,large truck with trailer,speeding,rear-end collision,2,0,1,clear,13.95002995,100.7124585,straight road,no slope,2022-02-04T19:04:00Z
6252531,5.02.2022 03:00,26.05.2022 10:13,Prachuap Khiri Khan,department of highways,private/passenger car,speeding,rollover/fallen on straight road,1,0,0,clear,12.38940967,99.90812568,straight road,no slope,2022-02-04T20:00:00Z
6073196,5.02.2022 03:35,11.04.2022 08:58,Chiang Mai,department of highways,4-wheel pickup truck,speeding,rollover/fallen on straight road,1,0,0,rainy,19.09299796,98.93655716,straight road,no slope,2022-02-04T20:35:00Z
6363277,5.02.2022 05:30,13.06.2022 14:00,Phra Nakhon Si Ayutthaya,department of highways,7-10-wheel truck,falling asleep,rollover/fallen on straight road,1,0,0,clear,14.25929318,100.7745302,straight road,no slope,2022-02-04T22:30:00Z
7444270,5.02.2022 05:30,8.12.2022 14:06,Pathum Thani,department of highways,large passenger vehicle,speeding,rollover/fallen on straight road,1,0,22,clear,14.08169352,100.6179991,straight road,no slope,2022-02-04T22:30:00Z
5744848,5.02.2022 05:40,15.02.2022 10:00,Nakhon Pathom,department of highways,4-wheel pickup truck,speeding,rollover/fallen on straight road,1,0,1,clear,13.73035699,100.0795242,other,other,2022-02-04T22:40:00Z
5949649,5.02.2022 07:00,21.03.2022 10:21,Prachuap Khiri Khan,department of highways,4-wheel pickup truck,speeding,rollover/fallen on straight road,1,0,2,rainy,11.86682068,99.78564529,straight road,no slope,2022-02-05T00:00:00Z
6056118,5.02.2022 07:30,8.04.2022 14:12,Lamphun,department of highways,4-wheel pickup truck,speeding,rear-end collision,2,0,2,clear,18.55667203,98.98210107,straight road,no slope,2022-02-05T00:30:00Z
6085705,5.02.2022 08:00,13.04.2022 08:17,Uttaradit,department of highways,4-wheel pickup truck,speeding,rollover/fallen on curved road,1,0,0,rainy,17.39699704,100.2321419,wide curve,no slope,2022-02-05T01:00:00Z
6092834,5.02.2022 08:00,14.04.2022 10:23,Phrae,department of highways,4-wheel pickup truck,speeding,rollover/fallen on straight road,1,0,0,rainy,18.345801,100.320054,straight road,no slope,2022-02-05T01:00:00Z
6220462,5.02.2022 08:10,17.05.2022 14:59,Phatthalung,department of highways,7-10-wheel truck,speeding,rear-end collision,2,0,0,clear,7.61748248,100.0505456,straight road,no slope,2022-02-05T01:10:00Z
7568452,5.02.2022 08:30,24.01.2023 14:50,Ranong,department of highways,4-wheel pickup truck,speeding,head-on collision (not overtaking),2,3,1,rainy,9.758994554,98.5921052,wide curve,no slope,2022-02-05T01:30:00Z
5715743,5.02.2022 09:00,10.02.2022 14:39,Phrae,department of highways,4-wheel pickup truck,speeding,rollover/fallen on straight road,1,0,0,rainy,18.36038576,100.3464818,wide curve,no slope,2022-02-05T02:00:00Z
6092773,5.02.2022 09:00,14.04.2022 10:12,Phrae,department of highways,4-wheel pickup truck,speeding,head-on collision (not overtaking),2,0,0,rainy,18.04384402,99.69964562,wide curve,slope area,2022-02-05T02:00:00Z
6896307,5.02.2022 09:00,13.09.2022 11:16,Khon Kaen,department of highways,other,speeding,rollover/fallen on straight road,1,0,0,clear,16.40032527,102.7078476,other,other,2022-02-05T02:00:00Z
7331069,5.02.2022 09:00,20.05.2022 09:03,Samut Songkhram,department of highways,4-wheel pickup truck,speeding,rollover/fallen on straight road,1,0,1,rainy,13.38039553,99.97036366,straight road,no slope,2022-02-05T02:00:00Z
6513364,5.02.2022 09:17,8.07.2022 09:18,Uthai Thani,department of highways,4-wheel pickup truck,speeding,rollover/fallen on curved road,1,0,1,clear,15.33702228,100.0741759,wide curve,no slope,2022-02-05T02:17:00Z
5688484,5.02.2022 09:20,6.02.2022 15:43,Chachoengsao,department of highways,private/passenger car,speeding,rear-end collision,2,0,0,clear,13.55281753,100.9974754,straight road,no slope,2022-02-05T02:20:00Z
6092799,5.02.2022 09:20,14.04.2022 10:16,Phrae,department of highways,4-wheel pickup truck,speeding,rollover/fallen on straight road,1,0,0,rainy,17.96995916,100.0676393,straight road,no slope,2022-02-05T02:20:00Z
5950654,5.02.2022 09:30,21.03.2022 14:15,Phetchaburi,department of highways,7-10-wheel truck,speeding,rollover/fallen on straight road,1,0,0,rainy,12.71897042,99.92039143,other,other,2022-02-05T02:30:00Z
6092761,5.02.2022 09:30,14.04.2022 10:13,Phrae,department of highways,4-wheel pickup truck,speeding,rollover/fallen on curved road,1,0,0,rainy,18.05648794,99.69881146,wide curve,slope area,2022-02-05T02:30:00Z
6092821,5.02.2022 09:30,14.04.2022 10:22,Phrae,department of highways,4-wheel pickup truck,speeding,rollover/fallen on straight road,1,0,0,rainy,18.20886747,100.1990622,straight road,no slope,2022-02-05T02:30:00Z
6144096,5.02.2022 09:30,25.04.2022 13:47,Phrae,department of highways,private/passenger car,speeding,rollover/fallen on curved road,1,0,1,rainy,18.36298995,100.3565937,wide curve,no slope,2022-02-05T02:30:00Z
6149544,5.02.2022 09:30,5.05.2022 14:46,Nakhon Sawan,department of highways,large truck with trailer,speeding,rollover/fallen on straight road,1,0,0,clear,15.71014926,100.1691046,straight road,no slope,2022-02-05T02:30:00Z
6092349,5.02.2022 09:45,14.04.2022 08:33,Phrae,department of highways,4-wheel pickup truck,speeding,rollover/fallen on curved road,1,0,0,rainy,18.03759058,99.69959734,wide curve,slope area,2022-02-05T02:45:00Z
5825070,5.02.2022 10:00,1.03.2022 15:25,Si Sa Ket,department of highways,6-wheel truck,speeding,rollover/fallen on straight road,1,0,0,clear,14.68532272,104.6660828,other,other,2022-02-05T03:00:00Z
6092771,5.02.2022 10:00,14.04.2022 10:11,Phrae,department of highways,4-wheel pickup truck,speeding,head-on collision (not overtaking),2,0,0,rainy,18.0436604,99.69998627,wide curve,slope area,2022-02-05T03:00:00Z
6162099,5.02.2022 10:00,7.05.2022 16:20,Saraburi,department of highways,other,speeding,rollover/fallen on straight road,1,0,0,clear,14.70607325,100.898349,other,other,2022-02-05T03:00:00Z
5688530,5.02.2022 10:30,6.02.2022 15:52,Bangkok,department of highways,4-wheel pickup truck,speeding,rollover/fallen on straight road,1,0,0,clear,13.74546355,100.7027837,straight road,no slope,2022-02-05T03:30:00Z
5998740,5.02.2022 10:30,29.03.2022 13:37,Chiang Mai,department of highways,motorcycle,speeding,rear-end collision,3,0,1,clear,18.15725224,98.40937971,wide curve,no slope,2022-02-05T03:30:00Z
6144161,5.02.2022 10:30,25.04.2022 14:33,Phrae,department of highways,private/passenger car,speeding,rollover/fallen on curved road,1,0,2,rainy,18.15904648,99.97154652,wide curve,slope area,2022-02-05T03:30:00Z
7331067,5.02.2022 11:10,16.03.2022 12:37,Prachuap Khiri Khan,department of highways,private/passenger car,speeding,rollover/fallen on straight road,1,0,0,rainy,11.40972587,99.52195196,other,other,2022-02-05T04:10:00Z
5882116,5.02.2022 11:20,10.03.2022 11:59,Prachuap Khiri Khan,department of highways,4-wheel pickup truck,speeding,rollover/fallen on straight road,1,0,2,rainy,10.99065181,99.3503174,straight road,no slope,2022-02-05T04:20:00Z
6144100,5.02.2022 11:30,25.04.2022 13:45,Phrae,department of highways,private/passenger car,speeding,rollover/fallen on curved road,1,0,0,rainy,18.36216771,100.3523102,wide curve,no slope,2022-02-05T04:30:00Z
6944545,5.02.2022 11:30,20.09.2022 13:44,Sing Buri,department of highways,4-wheel pickup truck,speeding,rollover/fallen on straight road,1,1,0,clear,14.88328278,100.3630766,other,other,2022-02-05T04:30:00Z
6509184,5.02.2022 11:50,7.07.2022 15:22,Suphan Buri,department of highways,private/passenger car,speeding,rollover/fallen on straight road,1,0,0,clear,14.38085272,100.1775455,straight road,no slope,2022-02-05T04:50:00Z
7331059,5.02.2022 12:00,15.04.2022 12:35,Nan,department of highways,large truck with trailer,speeding,rollover/fallen on straight road,1,0,0,rainy,18.59891728,100.7441461,wide curve,no slope,2022-02-05T05:00:00Z
7331065,5.02.2022 12:00,16.03.2022 12:48,Prachuap Khiri Khan,department of highways,private/passenger car,speeding,rollover/fallen on curved road,1,0,0,rainy,11.24864704,99.4399166,wide curve,no slope,2022-02-05T05:00:00Z
6144159,5.02.2022 12:30,25.04.2022 14:32,Phrae,department of highways,4-wheel pickup truck,speeding,head-on collision (not overtaking),2,0,1,rainy,18.16789762,100.0687122,wide curve,slope area,2022-02-05T05:30:00Z
7418849,5.02.2022 12:50,30.11.2022 10:48,Phichit,department of highways,7-10-wheel truck,cutting in closely by people/vehicles/animals,rear-end collision,2,0,2,clear,16.32469047,100.3871065,straight road,no slope,2022-02-05T05:50:00Z
5882121,5.02.2022 13:00,10.03.2022 11:56,Chumphon,department of highways,large truck with trailer,speeding,rollover/fallen on curved road,1,0,2,rainy,10.87723676,99.25386785,wide curve,no slope,2022-02-05T06:00:00Z
6092734,5.02.2022 14:45,14.04.2022 10:07,Phrae,department of highways,4-wheel pickup truck,speeding,rollover/fallen on curved road,1,0,0,rainy,18.03768494,99.69939081,wide curve,slope area,2022-02-05T07:45:00Z
6363145,5.02.2022 15:00,13.06.2022 13:36,Phra Nakhon Si Ayutthaya,department of highways,4-wheel pickup truck,speeding,rollover/fallen on straight road,1,0,0,clear,14.18585111,100.6295648,straight road,no slope,2022-02-05T08:00:00Z
5919680,5.02.2022 15:10,16.03.2022 09:45,Phetchabun,department of highways,4-wheel pickup truck,speeding,rollover/fallen on curved road,1,0,0,clear,16.76024874,101.4853477,wide curve,no slope,2022-02-05T08:10:00Z
5919635,5.02.2022 15:30,16.03.2022 09:41,Phetchabun,department of highways,private/passenger car,speeding,head-on collision (not overtaking),3,0,2,clear,16.75770101,101.4911842,wide curve,no slope,2022-02-05T08:30:00Z
6092764,5.02.2022 16:00,14.04.2022 10:12,Phrae,department of highways,4-wheel pickup truck,failure to yield/signal,rear-end collision,2,0,0,rainy,18.04384402,99.69964562,wide curve,slope area,2022-02-05T09:00:00Z
7517474,5.02.2022 16:00,29.12.2022 10:49,Nan,department of highways,4-wheel pickup truck,unfamiliarity with the route/unskilled driving,rollover/fallen on curved road,1,0,1,rainy,19.2647963,100.7323471,wide curve,slope area,2022-02-05T09:00:00Z
6572688,5.02.2022 16:10,19.07.2022 12:50,Nakhon Sawan,department of highways,4-wheel pickup truck,speeding,rollover/fallen on straight road,1,0,1,clear,15.69658292,99.71643357,straight road,no slope,2022-02-05T09:10:00Z
6567114,5.02.2022 16:23,7.02.2022 11:20,Chiang Mai,department of rural roads,motorcycle,driving under the influence of alcohol,other,2,0,1,rainy,19.921321,99.137347,t-intersection,other,2022-02-05T09:23:00Z
6086253,5.02.2022 17:10,13.04.2022 10:22,Lampang,department of highways,private/passenger car,speeding,rollover/fallen on straight road,1,0,1,rainy,18.54487067,99.84204678,straight road,no slope,2022-02-05T10:10:00Z
5919785,5.02.2022 17:30,16.03.2022 11:15,Maha Sarakham,department of highways,private/passenger car,speeding,rollover/fallen on straight road,1,0,0,clear,16.23766746,103.0694818,straight road,no slope,2022-02-05T10:30:00Z
6513507,5.02.2022 18:30,8.07.2022 09:43,Ang Thong,department of highways,4-wheel pickup truck,speeding,rollover/fallen on straight road,1,0,0,clear,14.60047622,100.4366818,wide curve,no slope,2022-02-05T11:30:00Z
6069700,5.02.2022 19:20,10.04.2022 19:38,Phetchabun,department of highways,motorcycle,cutting in closely by people/vehicles/animals,head-on collision (not overtaking),2,0,1,clear,16.69798375,101.1712208,straight road,no slope,2022-02-05T12:20:00Z
6724377,5.02.2022 20:00,15.08.2022 14:18,Suphan Buri,department of highways,4-wheel pickup truck,speeding,head-on collision (not overtaking),2,1,1,clear,14.17830197,100.0628623,straight road,no slope,2022-02-05T13:00:00Z
6154984,5.02.2022 20:05,6.05.2022 13:34,Nakhon Sawan,department of highways,motorcycle,speeding,rear-end collision,2,1,1,clear,15.46203554,100.4649925,straight road,no slope,2022-02-05T13:05:00Z
6330312,5.02.2022 20:30,8.06.2022 09:20,Bangkok,department of highways,4-wheel pickup truck,speeding,rollover/fallen on straight road,1,0,0,clear,13.73898905,100.6538495,straight road,no slope,2022-02-05T13:30:00Z
7331063,5.02.2022 20:30,10.03.2022 12:01,Chumphon,department of highways,4-wheel pickup truck,speeding,head-on collision (not overtaking),3,1,1,clear,10.56005761,99.11599426,straight road,no slope,2022-02-05T13:30:00Z
6513538,5.02.2022 20:45,8.07.2022 09:46,Suphan Buri,department of highways,4-wheel pickup truck,speeding,head-on collision (not overtaking),2,1,1,clear,14.17836698,100.0627094,straight road,no slope,2022-02-05T13:45:00Z
6330767,5.02.2022 20:52,8.06.2022 10:52,Bangkok,department of highways,private/passenger car,speeding,rollover/fallen on straight road,1,0,0,clear,13.73340027,100.7951322,straight road,no slope,2022-02-05T13:52:00Z
5707438,5.02.2022 21:38,9.02.2022 11:24,Sukhothai,department of highways,motorcycle,speeding,rear-end collision,2,0,1,rainy,17.29459299,99.83714102,straight road,no slope,2022-02-05T14:38:00Z
7559444,5.02.2022 22:40,13.01.2023 14:40,Udon Thani,department of highways,large truck with trailer,cutting in closely by people/vehicles/animals,rollover/fallen on straight road,1,0,0,clear,17.70949311,102.4208942,straight road,no slope,2022-02-05T15:40:00Z
5919692,5.02.2022 22:58,16.03.2022 09:40,Phetchabun,department of highways,4-wheel pickup truck,running red lights/traffic signals,head-on collision (not overtaking),2,0,4,clear,16.41131714,101.1475369,other,other,2022-02-05T15:58:00Z
7444641,5.02.2022 23:55,8.12.2022 14:12,Phatthalung,department of highways,4-wheel pickup truck,speeding,rollover/fallen on straight road,2,0,0,clear,7.345085463,100.1335841,straight road,no slope,2022-02-05T16:55:00Z
5688608,6.02.2022 01:07,6.02.2022 16:12,Bangkok,department of highways,private/passenger car,speeding,rear-end collision,2,0,0,clear,13.73757168,100.6597504,straight road,no slope,2022-02-05T18:07:00Z
6319694,6.02.2022 01:10,6.06.2022 14:57,Surat Thani,department of highways,4-wheel pickup truck,speeding,rollover/fallen on straight road,1,0,1,clear,9.112600275,99.34029667,straight road,no slope,2022-02-05T18:10:00Z
7124804,6.02.2022 01:30,18.10.2022 10:18,Chon Buri,department of highways,private/passenger car,speeding,rear-end collision,2,0,1,clear,13.11558994,100.9168723,other,other,2022-02-05T18:30:00Z
5889377,6.02.2022 04:00,11.03.2022 14:05,Roi Et,department of highways,4-wheel pickup truck,speeding,rollover/fallen on straight road,1,0,1,clear,15.59056711,103.4474104,straight road,no slope,2022-02-05T21:00:00Z
6330786,6.02.2022 04:42,8.06.2022 10:58,Chachoengsao,department of highways,private/passenger car,speeding,rollover/fallen on straight road,1,0,0,clear,13.55840278,100.992811,straight road,no slope,2022-02-05T21:42:00Z
6074514,6.02.2022 05:00,11.04.2022 13:45,Lampang,department of highways,private/passenger car,speeding,rear-end collision,2,0,0,clear,17.4416679,99.15899812,straight road,no slope,2022-02-05T22:00:00Z
6566093,6.02.2022 05:30,1.04.2022 13:47,Chiang Mai,department of rural roads,private/passenger car,speeding,other,1,0,0,rainy,18.744262,99.01403,wide curve,no slope,2022-02-05T22:30:00Z
5920355,6.02.2022 08:30,15.03.2022 14:49,Tak,department of highways,6-wheel truck,speeding,rollover/fallen on curved road,1,0,0,clear,16.76068021,98.87442379,wide curve,slope area,2022-02-06T01:30:00Z
7514586,6.02.2022 08:30,28.12.2022 10:42,Phayao,department of highways,4-wheel pickup truck,speeding,rollover/fallen on curved road,1,0,4,rainy,19.24863871,100.255225,wide curve,slope area,2022-02-06T01:30:00Z
6330845,6.02.2022 08:35,8.06.2022 11:11,Chon Buri,department of highways,large truck with trailer,speeding,rear-end collision,2,0,0,clear,13.1253308,100.9851131,straight road,no slope,2022-02-06T01:35:00Z
5693062,6.02.2022 09:00,7.02.2022 10:00,Phetchaburi,department of highways,private/passenger car,speeding,rear-end collision,2,0,0,clear,12.79862442,99.94147627,straight road,no slope,2022-02-06T02:00:00Z
5920342,6.02.2022 09:00,16.03.2022 12:46,Prachuap Khiri Khan,department of highways,private/passenger car,unfamiliarity with the route/unskilled driving,rollover/fallen on straight road,1,0,1,clear,12.24326831,99.8711568,straight road,no slope,2022-02-06T02:00:00Z
7443711,6.02.2022 10:30,8.12.2022 13:56,Samut Prakan,department of highways,motorcycle,speeding,rear-end collision,2,0,2,clear,13.59855817,100.7951497,straight road,no slope,2022-02-06T03:30:00Z
6330308,6.02.2022 11:10,8.06.2022 09:24,Chachoengsao,department of highways,large truck with trailer,speeding,rear-end collision,2,0,0,clear,13.56425124,100.948509,straight road,no slope,2022-02-06T04:10:00Z
6294333,6.02.2022 14:00,2.06.2022 08:30,Ang Thong,department of highways,4-wheel pickup truck,speeding,rollover/fallen on curved road,1,0,0,clear,14.71860616,100.2664232,wide curve,no slope,2022-02-06T07:00:00Z
6183883,6.02.2022 14:25,11.05.2022 09:59,Chai Nat,department of highways,4-wheel pickup truck,vehicle equipment failure,rollover/fallen on curved road,1,0,1,clear,15.01624087,100.0818845,wide curve,no slope,2022-02-06T07:25:00Z
7517361,6.02.2022 15:15,29.12.2022 10:33,Nan,department of highways,4-wheel pickup truck,speeding,rollover/fallen on straight road,1,0,0,clear,19.17559449,100.9050464,straight road,no slope,2022-02-06T08:15:00Z
6918605,6.02.2022 16:05,16.09.2022 14:02,Phetchabun,department of highways,private/passenger car,speeding,rollover/fallen on curved road,1,0,0,clear,16.77739373,101.0717592,wide curve,no slope,2022-02-06T09:05:00Z
6567125,6.02.2022 17:05,10.02.2022 09:49,buogkan,department of rural roads,motorcycle,speeding,other,1,1,0,clear,18.268156,103.623037,wide curve,no slope,2022-02-06T10:05:00Z
6252890,6.02.2022 17:10,26.05.2022 11:20,Samut Sakhon,department of highways,private/passenger car,speeding,rear-end collision,2,0,5,clear,13.5842778,100.3156257,straight road,no slope,2022-02-06T10:10:00Z
7418928,6.02.2022 17:30,30.11.2022 11:16,Narathiwat,department of highways,private/passenger car,speeding,rollover/fallen on straight road,1,0,0,clear,6.349677257,101.4990565,straight road,no slope,2022-02-06T10:30:00Z
6330051,6.02.2022 17:35,8.06.2022 08:27,Chon Buri,department of highways,private/passenger car,speeding,rollover/fallen on curved road,1,0,0,clear,13.12028932,100.9853008,wide curve,no slope,2022-02-06T10:35:00Z
5999178,6.02.2022 18:30,29.03.2022 15:05,Prachin Buri,department of highways,private/passenger car,speeding,rollover/fallen on straight road,1,0,1,clear,14.14644096,101.3699055,straight road,no slope,2022-02-06T11:30:00Z
6073939,6.02.2022 18:30,11.04.2022 11:34,Chiang Mai,department of highways,4-wheel pickup truck,driving under the influence of alcohol,rollover/fallen on straight road,1,0,2,clear,19.80235846,99.16762678,straight road,no slope,2022-02-06T11:30:00Z
7445599,6.02.2022 18:50,9.12.2022 08:49,Bangkok,department of highways,private/passenger car,speeding,rear-end collision,2,0,0,clear,13.66398659,100.4415326,other,other,2022-02-06T11:50:00Z
6330103,6.02.2022 19:00,8.06.2022 08:39,Chon Buri,department of highways,private/passenger car,speeding,rollover/fallen on straight road,1,0,2,clear,13.30783546,100.9932589,straight road,no slope,2022-02-06T12:00:00Z
7560724,6.02.2022 19:10,16.01.2023 11:31,Bangkok,department of highways,private/passenger car,speeding,rear-end collision,2,0,1,clear,13.81147557,100.5595148,straight road,no slope,2022-02-06T12:10:00Z
6003805,6.02.2022 19:30,30.03.2022 09:34,Chiang Mai,department of highways,private/passenger car,speeding,rear-end collision,3,0,1,clear,19.02871418,98.96735428,straight road,no slope,2022-02-06T12:30:00Z
6330359,6.02.2022 19:30,8.06.2022 09:31,Chachoengsao,department of highways,4-wheel pickup truck,vehicle equipment failure,rollover/fallen on straight road,1,0,0,clear,13.52916353,101.0174069,straight road,no slope,2022-02-06T12:30:00Z
6086914,6.02.2022 21:30,13.04.2022 12:48,Chiang Rai,department of highways,4-wheel pickup truck,speeding,rollover/fallen on straight road,1,0,0,rainy,20.23963499,100.4096478,straight road,no slope,2022-02-06T14:30:00Z
6338720,6.02.2022 21:38,9.06.2022 15:14,Chanthaburi,department of highways,4-wheel pickup truck,speeding,rollover/fallen on curved road,1,0,0,clear,12.7208987,102.0827132,sharp curve,no slope,2022-02-06T14:38:00Z
6056172,6.02.2022 22:00,8.04.2022 14:29,Lamphun,department of highways,private/passenger car,speeding,rollover/fallen on straight road,1,0,2,clear,18.55785441,98.98380964,straight road,no slope,2022-02-06T15:00:00Z
5999158,6.02.2022 22:14,29.03.2022 15:04,Prachin Buri,department of highways,large truck with trailer,speeding,rollover/fallen on curved road,1,0,0,clear,14.16595704,101.8928879,wide curve,no slope,2022-02-06T15:14:00Z
5919755,6.02.2022 23:00,16.03.2022 12:52,Prachuap Khiri Khan,department of highways,4-wheel pickup truck,speeding,rollover/fallen on curved road,1,0,0,clear,11.21610891,99.50677066,other,other,2022-02-06T16:00:00Z
6318471,6.02.2022 23:40,6.06.2022 11:28,Phuket,department of highways,private/passenger car,speeding,rollover/fallen on curved road,1,0,1,clear,7.9805729,98.35497378,wide curve,no slope,2022-02-06T16:40:00Z
7331075,7.02.2022 00:30,7.07.2022 15:21,Suphan Buri,department of highways,motorcycle,driving under the influence of alcohol,rollover/fallen on straight road,1,1,0,clear,14.45209343,100.1081917,straight road,no slope,2022-02-06T17:30:00Z
7414863,7.02.2022 00:30,25.11.2022 14:36,Nakhon Ratchasima,department of highways,4-wheel pickup truck,speeding,rear-end collision,2,0,0,clear,14.65727082,101.3276178,straight road,no slope,2022-02-06T17:30:00Z
6567119,7.02.2022 01:11,10.02.2022 09:48,Samut Prakan,department of rural roads,motorcycle,speeding,other,2,0,1,clear,13.658537,100.539743,straight road,slope area,2022-02-06T18:11:00Z
5919685,7.02.2022 01:20,16.03.2022 12:47,Prachuap Khiri Khan,department of highways,4-wheel pickup truck,speeding,rollover/fallen on straight road,1,0,0,clear,11.17343652,99.39736603,straight road,no slope,2022-02-06T18:20:00Z
7419480,7.02.2022 01:20,30.11.2022 13:42,Songkhla,department of highways,private/passenger car,speeding,rollover/fallen on straight road,1,0,0,clear,6.957983324,100.4742032,straight road,no slope,2022-02-06T18:20:00Z
6513404,7.02.2022 01:40,8.07.2022 09:21,Suphan Buri,department of highways,4-wheel pickup truck,falling asleep,rollover/fallen on straight road,1,0,0,foggy,14.87739317,100.0860071,straight road,no slope,2022-02-06T18:40:00Z
6144629,7.02.2022 02:52,26.04.2022 09:31,Nakhon Ratchasima,department of highways,4-wheel pickup truck,falling asleep,collision with obstruction (on road surface),1,0,0,clear,14.75704352,102.0466241,other,other,2022-02-06T19:52:00Z
5919724,7.02.2022 03:30,16.03.2022 12:50,Prachuap Khiri Khan,department of highways,4-wheel pickup truck,speeding,rollover/fallen on straight road,1,0,0,clear,12.34946597,99.88314627,straight road,no slope,2022-02-06T20:30:00Z
7511902,7.02.2022 05:45,27.12.2022 11:04,Krabi,department of highways,private/passenger car,speeding,rollover/fallen on straight road,1,0,1,clear,8.040617922,98.8497877,straight road,no slope,2022-02-06T22:45:00Z
6099528,7.02.2022 07:00,15.04.2022 12:30,Nan,department of highways,4-wheel pickup truck,speeding,rollover/fallen on curved road,1,0,0,clear,18.5372417,100.6716406,wide curve,no slope,2022-02-07T00:00:00Z
6317763,7.02.2022 07:30,6.06.2022 10:00,Nakhon Si Thammarat,department of highways,private/passenger car,cutting in closely by people/vehicles/animals,rear-end collision,2,0,0,clear,8.202729683,99.58441256,straight road,no slope,2022-02-07T00:30:00Z
7414183,7.02.2022 07:35,25.11.2022 13:56,Nakhon Ratchasima,department of highways,large truck with trailer,speeding,rollover/fallen on straight road,1,0,1,clear,15.18124329,101.7508516,straight road,no slope,2022-02-07T00:35:00Z
7379397,7.02.2022 09:10,24.11.2022 13:36,Prachin Buri,department of highways,4-wheel pickup truck,speeding,side collision,2,0,1,clear,13.98327696,101.5208816,straight road,no slope,2022-02-07T02:10:00Z
5817620,7.02.2022 10:30,28.02.2022 10:07,Nakhon Sawan,department of highways,motorcycle,speeding,collision with obstruction (on road surface),3,0,1,clear,15.65959753,100.158003,straight road,no slope,2022-02-07T03:30:00Z
6144626,7.02.2022 10:30,26.04.2022 09:25,Nakhon Ratchasima,department of highways,private/passenger car,speeding,rollover/fallen on straight road,1,0,1,clear,14.74062715,102.1562809,straight road,no slope,2022-02-07T03:30:00Z
6144760,7.02.2022 10:30,26.04.2022 14:03,Sa Kaeo,department of highways,4-wheel pickup truck,speeding,rear-end collision,2,0,4,clear,13.51135955,102.1773952,straight road,no slope,2022-02-07T03:30:00Z
7444582,7.02.2022 11:20,8.12.2022 14:11,Ratchaburi,department of highways,4-wheel pickup truck,speeding,rollover/fallen on curved road,1,0,0,clear,13.34021524,99.83126699,other,other,2022-02-07T04:20:00Z
7441130,7.02.2022 11:30,8.12.2022 09:33,Bangkok,department of highways,private/passenger car,no presumed cause related to driver,rear-end collision,2,0,1,clear,13.81237815,100.5594445,other,other,2022-02-07T04:30:00Z
6325538,7.02.2022 11:55,7.06.2022 14:57,Chon Buri,department of highways,4-wheel pickup truck,speeding,rear-end collision,2,0,0,clear,13.02275429,100.9964079,straight road,no slope,2022-02-07T04:55:00Z
6330331,7.02.2022 12:16,8.06.2022 09:27,Bangkok,department of highways,4-wheel pickup truck,speeding,rear-end collision,3,0,0,clear,13.73091718,100.7181984,straight road,no slope,2022-02-07T05:16:00Z
6368157,7.02.2022 13:00,14.06.2022 09:59,Kalasin,department of highways,other,speeding,rollover/fallen on straight road,1,0,0,clear,16.41097237,103.712123,straight road,no slope,2022-02-07T06:00:00Z
5701330,7.02.2022 13:20,8.02.2022 14:43,Bangkok,department of highways,private/passenger car,speeding,rear-end collision,2,0,0,clear,13.73306155,100.7000264,straight road,no slope,2022-02-07T06:20:00Z
5701448,7.02.2022 13:23,8.02.2022 15:06,Bangkok,department of highways,private/passenger car,speeding,rear-end collision,2,0,0,clear,13.73302767,100.7004529,straight road,no slope,2022-02-07T06:23:00Z
6086359,7.02.2022 13:39,13.04.2022 10:47,Lampang,department of highways,7-10-wheel truck,speeding,rollover/fallen on curved road,1,0,0,clear,18.89729334,99.94643299,wide curve,no slope,2022-02-07T06:39:00Z