acc_code,incident_datetime,report_datetime,province_en,agency,vehicle_type,presumed_cause,accident_type,number_of_vehicles_involved,number_of_fatalities,number_of_injuries,weather_condition,latitude,longitude,road_description,slope_description,incident_time
5919880,7.02.2022 15:00,16.03.2022 12:52,Prachuap Khiri Khan,department of highways,large truck with trailer,falling asleep,rollover/fallen on straight road,1,0,0,clear,11.22060522,99.42032574,straight road,no slope,2022-02-07T08:00:00Z
7290465,7.02.2022 15:00,11.11.2022 09:57,Udon Thani,department of highways,4-wheel pickup truck,speeding,rollover/fallen on straight road,1,0,1,clear,17.764989,102.1536818,straight road,no slope,2022-02-07T08:00:00Z
6318677,7.02.2022 15:30,6.06.2022 11:50,Surat Thani,department of highways,private/passenger car,speeding,head-on collision (not overtaking),3,0,6,clear,9.305311212,99.14686649,straight road,no slope,2022-02-07T08:30:00Z
6331524,7.02.2022 15:30,8.06.2022 14:03,Ratchaburi,department of highways,4-wheel pickup truck,speeding,rollover/fallen on straight road,1,0,0,clear,13.74276695,99.91677313,straight road,no slope,2022-02-07T08:30:00Z
7511679,7.02.2022 16:00,27.12.2022 11:01,Krabi,department of highways,private/passenger car,speeding,rollover/fallen on curved road,1,0,1,rainy,8.080456228,98.86912106,wide curve,no slope,2022-02-07T09:00:00Z
6330213,7.02.2022 17:09,8.06.2022 09:00,Pathum Thani,department of highways,4-wheel pickup truck,speeding,rollover/fallen on straight road,1,0,0,clear,14.01096829,100.7035455,straight road,no slope,2022-02-07T10:09:00Z
5919695,7.02.2022 17:20,16.03.2022 07:01,Sukhothai,department of highways,motorcycle,speeding,rear-end collision,2,0,2,clear,17.05714616,99.87616716,wide curve,no slope,2022-02-07T10:20:00Z
6219425,7.02.2022 17:30,17.05.2022 11:23,Nakhon Si Thammarat,department of highways,private/passenger car,speeding,rollover/fallen on straight road,1,0,0,clear,8.170695957,99.644199,straight road,no slope,2022-02-07T10:30:00Z
6513367,7.02.2022 17:45,8.07.2022 09:16,Ang Thong,department of highways,motorcycle,cutting in closely by people/vehicles/animals,rear-end collision,2,1,0,clear,14.66357899,100.4718777,connecting to public/commercial area,other,2022-02-07T10:45:00Z
5695648,7.02.2022 18:24,7.02.2022 18:43,Bangkok,expressway authority of thailand,other,other,rear-end collision,5,0,0,clear,13.73783213,100.5509537,straight road,other,2022-02-07T11:24:00Z
6567168,7.02.2022 18:30,14.02.2022 09:15,Phrae,department of rural roads,passenger pickup truck,speeding,other,1,0,0,clear,18.323588,100.191757,straight road,no slope,2022-02-07T11:30:00Z
6368279,7.02.2022 20:00,14.06.2022 10:34,Kalasin,department of highways,private/passenger car,speeding,rear-end collision,2,0,2,clear,16.46784136,104.0147728,straight road,no slope,2022-02-07T13:00:00Z
6117488,7.02.2022 20:29,18.04.2022 15:15,Nan,department of highways,4-wheel pickup truck,speeding,collision with obstruction (on road surface),2,0,1,clear,18.78368281,100.746603,wide curve,no slope,2022-02-07T13:29:00Z
5919789,7.02.2022 21:10,16.03.2022 06:51,Sukhothai,department of highways,4-wheel pickup truck,speeding,rollover/fallen on curved road,1,0,1,clear,17.43573886,99.68831061,wide curve,no slope,2022-02-07T14:10:00Z
6252677,7.02.2022 22:00,26.05.2022 10:41,Chiang Rai,department of highways,4-wheel pickup truck,speeding,rollover/fallen on straight road,1,0,1,clear,19.56138999,99.75033133,straight road,no slope,2022-02-07T15:00:00Z
6513335,7.02.2022 23:10,8.07.2022 09:10,Ang Thong,department of highways,4-wheel pickup truck,speeding,rear-end collision,2,1,0,clear,14.60555054,100.4691875,straight road,no slope,2022-02-07T16:10:00Z
7331071,7.02.2022 23:30,15.03.2022 14:11,Tak,department of highways,large truck with trailer,speeding,rear-end collision,2,0,1,clear,16.81349689,98.97226809,wide curve,slope area,2022-02-07T16:30:00Z
5697952,8.02.2022 00:50,8.02.2022 01:45,Bangkok,expressway authority of thailand,other,other,rear-end collision,2,0,0,clear,13.81328,100.621295,straight road,other,2022-02-07T17:50:00Z
7527561,8.02.2022 02:25,31.12.2022 11:21,Nakhon Ratchasima,department of highways,large truck with trailer,speeding,rollover/fallen on straight road,1,0,0,clear,14.92057647,101.9514781,straight road,no slope,2022-02-07T19:25:00Z
7418926,8.02.2022 03:50,30.11.2022 11:17,Narathiwat,department of highways,4-wheel pickup truck,speeding,rollover/fallen on straight road,1,0,1,clear,6.427737946,101.6951206,straight road,no slope,2022-02-07T20:50:00Z
5818158,8.02.2022 07:00,28.02.2022 11:24,Loburi,department of highways,private/passenger car,speeding,rear-end collision,2,0,2,clear,14.79913577,100.7162189,straight road,no slope,2022-02-08T00:00:00Z
6550008,8.02.2022 07:00,14.07.2022 15:28,Chaiyaphum,department of highways,motorcycle,cutting in closely by people/vehicles/animals,head-on collision (not overtaking),2,1,0,clear,15.7694262,102.0255178,straight road,no slope,2022-02-08T00:00:00Z
5920475,8.02.2022 07:40,16.03.2022 07:01,Sukhothai,department of highways,motorcycle,speeding,rear-end collision,3,0,4,clear,17.01168973,99.7752571,straight road,no slope,2022-02-08T00:40:00Z
6149434,8.02.2022 08:34,5.05.2022 14:25,Nakhon Sawan,department of highways,4-wheel pickup truck,failure to yield/signal,rear-end collision,2,0,0,clear,15.64426634,100.1346195,straight road,no slope,2022-02-08T01:34:00Z
6128711,8.02.2022 09:00,20.04.2022 14:21,Sing Buri,department of highways,other,speeding,rollover/fallen on straight road,1,0,0,clear,14.83364117,100.2468404,straight road,no slope,2022-02-08T02:00:00Z
6567133,8.02.2022 09:00,11.02.2022 08:34,Samut Prakan,department of rural roads,passenger pickup truck,using mobile phone while driving,other,1,0,0,clear,13.654389,100.541175,y-intersection,other,2022-02-08T02:00:00Z
6532050,8.02.2022 09:10,11.07.2022 11:09,Phatthalung,department of highways,4-wheel pickup truck,speeding,rear-end collision,2,0,0,clear,7.418708338,100.0783789,wide curve,no slope,2022-02-08T02:10:00Z
5919793,8.02.2022 11:00,16.03.2022 12:53,Prachuap Khiri Khan,department of highways,4-wheel pickup truck,ignoring stop sign while leaving intersection,collision at intersection corner,2,0,3,clear,12.09530195,99.80605959,other,other,2022-02-08T04:00:00Z
6294492,8.02.2022 11:00,2.06.2022 09:05,Uthai Thani,department of highways,motorcycle,speeding,rear-end collision,2,0,0,clear,15.37507673,99.76665525,straight road,no slope,2022-02-08T04:00:00Z
7422376,8.02.2022 11:00,1.12.2022 14:17,Songkhla,department of highways,private/passenger car,speeding,rollover/fallen on straight road,1,0,1,clear,7.060812002,100.6442928,straight road,no slope,2022-02-08T04:00:00Z
7438235,8.02.2022 11:00,7.12.2022 09:32,Surin,department of highways,private/passenger car,speeding,rollover/fallen on straight road,1,0,1,clear,15.36408502,103.2687834,straight road,no slope,2022-02-08T04:00:00Z
6507624,8.02.2022 11:05,7.07.2022 09:49,Suphan Buri,department of highways,private/passenger car,speeding,rollover/fallen on straight road,1,0,1,clear,14.58099024,100.150077,straight road,no slope,2022-02-08T04:05:00Z
7331077,8.02.2022 11:05,8.07.2022 09:00,Ang Thong,department of highways,motorcycle,speeding,rear-end collision,2,0,2,clear,14.68607515,100.4635119,straight road,no slope,2022-02-08T04:05:00Z
6049049,8.02.2022 11:45,7.04.2022 10:22,Loei,department of highways,4-wheel pickup truck,speeding,rollover/fallen on curved road,1,0,1,clear,17.49320173,101.6898474,wide curve,no slope,2022-02-08T04:45:00Z
6144191,8.02.2022 12:30,25.04.2022 15:09,Phrae,department of highways,motorcycle,cutting in closely by people/vehicles/animals,other,2,1,0,clear,18.4621468,100.182867,connecting to public/commercial area,other,2022-02-08T05:30:00Z
6567137,8.02.2022 12:40,11.02.2022 08:41,Saraburi,department of rural roads,motorcycle,speeding,other,1,1,0,clear,14.479503,100.824956,wide curve,no slope,2022-02-08T05:40:00Z
6317722,8.02.2022 14:40,6.06.2022 09:58,Nakhon Si Thammarat,department of highways,4-wheel pickup truck,speeding,head-on collision (not overtaking),2,0,1,clear,8.338179309,99.43010508,other,other,2022-02-08T07:40:00Z
7512060,8.02.2022 14:40,27.12.2022 14:30,Chiang Mai,department of highways,4-wheel pickup truck,speeding,rear-end collision,2,0,1,clear,19.82145088,99.16810154,straight road,no slope,2022-02-08T07:40:00Z
6330033,8.02.2022 15:01,8.06.2022 08:24,Bangkok,department of highways,4-wheel pickup truck,speeding,rollover/fallen on straight road,1,0,0,clear,13.72940856,100.7390311,straight road,no slope,2022-02-08T08:01:00Z
6117490,8.02.2022 15:30,18.04.2022 15:16,Nan,department of highways,other,speeding,rollover/fallen on curved road,1,0,0,clear,18.51010522,100.9113121,wide curve,slope area,2022-02-08T08:30:00Z
6317644,8.02.2022 16:08,6.06.2022 09:41,Nakhon Si Thammarat,department of highways,motorcycle,cutting in closely by people/vehicles/animals,rear-end collision,2,0,1,clear,8.1710119,99.57589655,wide curve,slope area,2022-02-08T09:08:00Z
6208133,8.02.2022 16:30,15.05.2022 07:11,Surat Thani,department of highways,4-wheel pickup truck,vehicle equipment failure,rollover/fallen on straight road,1,0,2,clear,8.713715843,99.33440654,straight road,no slope,2022-02-08T09:30:00Z
6550009,8.02.2022 16:30,14.07.2022 15:27,Udon Thani,department of highways,4-wheel pickup truck,speeding,rear-end collision,2,0,4,clear,17.36258882,103.1513294,straight road,no slope,2022-02-08T09:30:00Z
6177913,8.02.2022 16:50,10.05.2022 13:03,Kanchanaburi,department of highways,4-wheel pickup truck,vehicle equipment failure,rollover/fallen on straight road,1,0,0,clear,14.08996909,99.30681734,straight road,no slope,2022-02-08T09:50:00Z
5707534,8.02.2022 17:05,9.02.2022 11:41,Nakhon Sawan,department of highways,6-wheel truck,falling asleep,rear-end collision,2,0,0,clear,15.69288778,100.0555721,straight road,no slope,2022-02-08T10:05:00Z
6220329,8.02.2022 17:10,17.05.2022 14:36,Phatthalung,department of highways,4-wheel pickup truck,falling asleep,rollover/fallen on straight road,1,0,1,clear,7.276236853,100.168367,other,other,2022-02-08T10:10:00Z
7424779,8.02.2022 17:19,2.12.2022 10:30,Chiang Mai,department of highways,private/passenger car,cutting in closely by people/vehicles/animals,rear-end collision,2,0,1,clear,19.36826731,99.20633374,other,other,2022-02-08T10:19:00Z
6128588,8.02.2022 17:40,20.04.2022 13:59,Saraburi,department of highways,van,speeding,rollover/fallen on straight road,1,0,0,clear,14.41815926,100.8929363,straight road,no slope,2022-02-08T10:40:00Z
7438067,8.02.2022 17:50,7.12.2022 09:25,Surin,department of highways,4-wheel pickup truck,speeding,rollover/fallen on straight road,1,0,1,clear,15.42964647,103.1436449,straight road,no slope,2022-02-08T10:50:00Z
7456106,8.02.2022 19:00,24.11.2022 14:13,Prachin Buri,department of highways,other,speeding,rollover/fallen on straight road,1,0,0,clear,13.89772513,101.5868988,straight road,no slope,2022-02-08T12:00:00Z
6252745,8.02.2022 19:05,26.05.2022 10:51,Pathum Thani,department of highways,large truck with trailer,speeding,rollover/fallen on straight road,1,0,0,clear,14.02653799,100.4519516,straight road,no slope,2022-02-08T12:05:00Z
7331081,8.02.2022 19:10,7.07.2022 09:32,Suphan Buri,department of highways,motorcycle,debris/obstruction on the road,rollover/fallen on curved road,1,0,1,clear,14.65371575,100.1288232,wide curve,no slope,2022-02-08T12:10:00Z
7414888,8.02.2022 19:45,25.11.2022 14:55,Nakhon Ratchasima,department of highways,large truck with trailer,speeding,rollover/fallen on straight road,1,0,1,clear,14.95671832,102.0368743,straight road,no slope,2022-02-08T12:45:00Z
7007825,8.02.2022 21:00,30.09.2022 10:56,Phuket,department of highways,private/passenger car,speeding,rollover/fallen on straight road,1,0,0,clear,7.85757093,98.36134403,other,other,2022-02-08T14:00:00Z
5703579,8.02.2022 21:26,8.02.2022 22:28,Bangkok,expressway authority of thailand,other,other,side collision,2,0,2,clear,13.72435617,100.5523786,grade-separated intersection/ramps,other,2022-02-08T14:26:00Z
6074401,8.02.2022 22:00,11.04.2022 13:18,Mae Hong Son,department of highways,private/passenger car,falling asleep,rollover/fallen on curved road,1,0,0,clear,18.7767426,97.93848841,wide curve,no slope,2022-02-08T15:00:00Z
6144126,8.02.2022 22:00,25.04.2022 14:10,Phrae,department of highways,private/passenger car,speeding,rollover/fallen on straight road,1,0,1,clear,18.11912796,100.158923,straight road,no slope,2022-02-08T15:00:00Z
5708494,8.02.2022 22:20,9.02.2022 15:02,Samut Prakan,department of highways,4-wheel pickup truck,speeding,rear-end collision,2,1,0,clear,13.52305603,100.6488606,straight road,no slope,2022-02-08T15:20:00Z
6943882,8.02.2022 22:30,20.09.2022 11:13,Chiang Mai,department of highways,private/passenger car,speeding,rollover/fallen on straight road,1,0,1,clear,18.84265666,99.01336222,straight road,no slope,2022-02-08T15:30:00Z
5999000,8.02.2022 22:35,29.03.2022 14:34,Maha Sarakham,department of highways,4-wheel pickup truck,speeding,rollover/fallen on curved road,1,0,0,clear,16.21249569,103.315317,sharp curve,no slope,2022-02-08T15:35:00Z
6242311,8.02.2022 23:13,24.05.2022 13:58,Pathum Thani,department of highways,4-wheel pickup truck,driving under the influence of alcohol,rollover/fallen on curved road,1,0,0,clear,14.01186091,100.7030868,wide curve,slope area,2022-02-08T16:13:00Z
5993424,9.02.2022 00:02,28.03.2022 14:59,Mukdahan,department of highways,large truck with trailer,speeding,rollover/fallen on straight road,1,0,0,clear,16.52030934,104.6832731,straight road,no slope,2022-02-08T17:02:00Z
6319111,9.02.2022 01:20,6.06.2022 13:20,Loburi,department of highways,4-wheel pickup truck,speeding,rollover/fallen on straight road,1,0,3,clear,15.31976319,101.1267149,other,other,2022-02-08T18:20:00Z
5707031,9.02.2022 01:35,9.02.2022 10:08,Chon Buri,department of highways,private/passenger car,speeding,rear-end collision,2,0,0,clear,13.40867456,101.0471687,straight road,no slope,2022-02-08T18:35:00Z
6148372,9.02.2022 02:45,3.05.2022 13:31,Loburi,department of highways,6-wheel truck,falling asleep,rollover/fallen on straight road,1,0,0,clear,15.0023858,100.6695431,straight road,no slope,2022-02-08T19:45:00Z
5881379,9.02.2022 03:30,10.03.2022 09:46,Surin,department of highways,4-wheel pickup truck,speeding,rollover/fallen on straight road,1,0,0,clear,14.64864254,103.4066087,straight road,no slope,2022-02-08T20:30:00Z
6330232,9.02.2022 04:50,8.06.2022 09:06,Chachoengsao,department of highways,4-wheel pickup truck,vehicle equipment failure,rear-end collision,2,0,0,clear,13.54655418,101.0027379,straight road,no slope,2022-02-08T21:50:00Z
6154994,9.02.2022 05:00,6.05.2022 13:31,Nakhon Sawan,department of highways,large truck with trailer,speeding,rollover/fallen on straight road,1,0,0,clear,15.3859851,100.254887,straight road,no slope,2022-02-08T22:00:00Z
6950422,9.02.2022 05:35,21.09.2022 11:49,Prachin Buri,department of highways,large truck with trailer,speeding,rear-end collision,2,0,0,clear,14.31195696,101.8511957,straight road,no slope,2022-02-08T22:35:00Z
6567136,9.02.2022 05:36,11.02.2022 08:36,Samut Prakan,department of rural roads,private/passenger car,tailgating,other,2,0,1,clear,13.653697,100.54113,straight road,slope area,2022-02-08T22:36:00Z
5919744,9.02.2022 06:30,16.03.2022 09:36,Phetchabun,department of highways,6-wheel truck,speeding,rollover/fallen on curved road,1,0,0,clear,16.72955033,101.3541555,wide curve,no slope,2022-02-08T23:30:00Z
6177948,9.02.2022 06:38,10.05.2022 13:06,Kanchanaburi,department of highways,private/passenger car,speeding,rear-end collision,2,0,1,clear,14.00081085,99.76271509,straight road,no slope,2022-02-08T23:38:00Z
6330146,9.02.2022 07:35,8.06.2022 08:45,Chon Buri,department of highways,large truck with trailer,falling asleep,rollover/fallen on straight road,1,0,0,clear,13.11750993,100.9825435,straight road,no slope,2022-02-09T00:35:00Z
6073648,9.02.2022 07:37,11.04.2022 10:26,Chiang Mai,department of highways,motorcycle,cutting in closely by people/vehicles/animals,rear-end collision,2,0,2,clear,19.25162423,99.18458371,straight road,no slope,2022-02-09T00:37:00Z
6567135,9.02.2022 07:50,11.02.2022 08:46,Samut Prakan,department of rural roads,private/passenger car,tailgating,other,2,0,1,clear,13.651017,100.541234,straight road,no slope,2022-02-09T00:50:00Z
6144764,9.02.2022 08:00,26.04.2022 14:01,Sa Kaeo,department of highways,large truck with trailer,speeding,rollover/fallen on curved road,1,0,0,clear,14.13480698,102.6687384,wide curve,slope area,2022-02-09T01:00:00Z
7443660,9.02.2022 08:00,8.12.2022 13:50,Bangkok,department of highways,private/passenger car,cutting in closely by people/vehicles/animals,rear-end collision,2,0,0,clear,13.77302744,100.5529785,straight road,no slope,2022-02-09T01:00:00Z
7331083,9.02.2022 08:20,26.05.2022 12:33,Chaiyaphum,department of highways,motorcycle,speeding,rollover/fallen on straight road,1,0,1,clear,15.95478397,102.1778405,straight road,no slope,2022-02-09T01:20:00Z
6330104,9.02.2022 08:28,8.06.2022 08:37,Chon Buri,department of highways,large truck with trailer,speeding,rear-end collision,2,0,0,clear,13.10337218,100.9127632,straight road,no slope,2022-02-09T01:28:00Z
5732542,9.02.2022 08:35,13.02.2022 09:10,Chon Buri,department of highways,4-wheel pickup truck,speeding,rear-end collision,2,0,0,clear,13.21325005,101.0055998,straight road,no slope,2022-02-09T01:35:00Z
7445631,9.02.2022 09:10,9.12.2022 08:48,Bangkok,department of highways,motorcycle,speeding,rear-end collision,2,0,2,clear,13.6781592,100.4659608,straight road,no slope,2022-02-09T02:10:00Z
6144784,9.02.2022 10:00,26.04.2022 14:26,Satun,department of highways,other,speeding,rollover/fallen on straight road,1,0,0,clear,6.868345912,99.78104262,straight road,no slope,2022-02-09T03:00:00Z
6177949,9.02.2022 10:00,10.05.2022 13:05,Kanchanaburi,department of highways,7-10-wheel truck,speeding,rollover/fallen on curved road,1,0,0,clear,13.8341343,99.64068531,other,other,2022-02-09T03:00:00Z
6330167,9.02.2022 11:05,8.06.2022 08:50,Bangkok,department of highways,large truck with trailer,speeding,rollover/fallen on curved road,1,0,1,clear,13.72949455,100.7426682,wide curve,no slope,2022-02-09T04:05:00Z
6513987,9.02.2022 11:20,8.07.2022 11:29,Samut Prakan,department of highways,private/passenger car,speeding,rear-end collision,4,0,0,clear,13.63413217,100.7105997,other,other,2022-02-09T04:20:00Z
5783692,9.02.2022 11:30,22.02.2022 15:33,Suphan Buri,department of highways,4-wheel pickup truck,speeding,rear-end collision,2,0,0,clear,14.44803376,100.0798273,straight road,no slope,2022-02-09T04:30:00Z
6317889,9.02.2022 12:30,6.06.2022 10:22,Nakhon Si Thammarat,department of highways,private/passenger car,speeding,rollover/fallen on curved road,1,0,0,clear,8.051851972,100.2116364,wide curve,no slope,2022-02-09T05:30:00Z
6318652,9.02.2022 12:45,6.06.2022 11:49,Surat Thani,department of highways,4-wheel pickup truck,speeding,rollover/fallen on straight road,1,0,1,clear,9.061433011,99.17481242,straight road,no slope,2022-02-09T05:45:00Z
7419329,9.02.2022 13:20,30.11.2022 13:12,Sakon Nakhon,department of highways,4-wheel pickup truck,cutting in closely by people/vehicles/animals,other,2,0,1,clear,17.13632546,104.0929913,connecting to public/commercial area,other,2022-02-09T06:20:00Z
5920293,9.02.2022 13:30,15.03.2022 14:11,Tak,department of highways,4-wheel pickup truck,speeding,rollover/fallen on straight road,1,1,0,clear,17.10289404,99.07487868,straight road,no slope,2022-02-09T06:30:00Z
7518294,9.02.2022 13:34,29.12.2022 11:39,Bangkok,expressway authority of thailand,other,other,collision with obstruction (on road surface),2,0,2,rainy,13.803698,100.616663,straight road,other,2022-02-09T06:34:00Z
6937849,9.02.2022 13:50,19.09.2022 13:50,Saraburi,department of highways,large truck with trailer,speeding,head-on collision (not overtaking),2,0,0,clear,14.4218584,100.7692838,wide curve,no slope,2022-02-09T06:50:00Z
6117448,9.02.2022 14:00,18.04.2022 15:12,Nan,department of highways,motorcycle,speeding,collision with obstruction (on road surface),2,0,1,clear,18.55621433,100.7551378,straight road,no slope,2022-02-09T07:00:00Z
6363134,9.02.2022 14:00,13.06.2022 13:30,Bangkok,department of highways,4-wheel pickup truck,speeding,rollover/fallen on straight road,1,0,1,clear,13.81839796,100.6375363,straight road,no slope,2022-02-09T07:00:00Z
5818061,9.02.2022 15:00,28.02.2022 11:08,Suphan Buri,department of highways,private/passenger car,speeding,rear-end collision,2,0,2,clear,14.49703316,100.0218513,straight road,no slope,2022-02-09T08:00:00Z
6549994,9.02.2022 15:45,14.07.2022 15:18,Khon Kaen,department of highways,4-wheel pickup truck,speeding,rollover/fallen on curved road,1,0,0,clear,16.29938054,102.6205149,wide curve,no slope,2022-02-09T08:45:00Z
6943046,9.02.2022 15:50,20.09.2022 08:27,Suphan Buri,department of highways,private/passenger car,cutting in closely by people/vehicles/animals,rear-end collision,2,0,1,clear,14.45774775,100.1311514,straight road,no slope,2022-02-09T08:50:00Z
7414889,9.02.2022 17:00,25.11.2022 14:57,Nakhon Ratchasima,department of highways,other,speeding,rollover/fallen on straight road,1,0,0,clear,14.93768928,101.9920277,straight road,no slope,2022-02-09T10:00:00Z
6325541,9.02.2022 17:30,7.06.2022 14:59,Samut Prakan,department of highways,4-wheel pickup truck,vehicle equipment failure,rollover/fallen on straight road,1,0,0,clear,13.61334863,100.9320751,straight road,no slope,2022-02-09T10:30:00Z
6330049,9.02.2022 17:54,8.06.2022 08:25,Samut Prakan,department of highways,4-wheel pickup truck,speeding,rear-end collision,3,0,1,clear,13.61334863,100.9320751,straight road,no slope,2022-02-09T10:54:00Z
5818083,9.02.2022 18:20,28.02.2022 11:10,Sing Buri,department of highways,4-wheel pickup truck,running red lights/traffic signals,collision with obstruction (on road surface),2,0,1,clear,15.00344024,100.3263089,straight road,no slope,2022-02-09T11:20:00Z
6225855,9.02.2022 19:00,18.05.2022 10:40,Phetchabun,department of highways,6-wheel truck,speeding,rollover/fallen on curved road,1,0,2,clear,17.07000531,101.4720091,wide curve,slope area,2022-02-09T12:00:00Z
6509136,9.02.2022 19:00,7.07.2022 15:18,Suphan Buri,department of highways,motorcycle,cutting in closely by people/vehicles/animals,rear-end collision,2,0,0,foggy,14.79224544,100.1648882,straight road,no slope,2022-02-09T12:00:00Z
6567130,9.02.2022 19:00,11.02.2022 08:34,Khon Kaen,department of rural roads,4-wheel pickup truck,speeding,other,3,2,3,clear,16.565714,102.648399,straight road,no slope,2022-02-09T12:00:00Z
6086382,9.02.2022 19:30,13.04.2022 10:52,Lampang,department of highways,large truck with trailer,running red lights/traffic signals,collision with obstruction (on road surface),2,1,0,clear,18.41346496,99.54319774,other,other,2022-02-09T12:30:00Z
7290429,9.02.2022 19:30,11.11.2022 09:54,Udon Thani,department of highways,private/passenger car,speeding,rollover/fallen on straight road,1,0,1,clear,17.25243504,102.8920457,straight road,no slope,2022-02-09T12:30:00Z
6950148,9.02.2022 20:45,21.09.2022 10:37,Suphan Buri,department of highways,large truck with trailer,speeding,rollover/fallen on curved road,1,0,1,foggy,14.87416315,99.85499649,wide curve,no slope,2022-02-09T13:45:00Z
6567144,9.02.2022 22:50,11.02.2022 08:52,Samut Prakan,department of rural roads,motorcycle,abrupt lane change,other,2,0,2,clear,13.664621,100.535714,grade-separated intersection/ramps,other,2022-02-09T15:50:00Z
7444526,9.02.2022 23:00,8.12.2022 14:09,Chon Buri,department of highways,4-wheel pickup truck,speeding,rollover/fallen on straight road,1,0,0,clear,13.29400108,101.1668435,straight road,no slope,2022-02-09T16:00:00Z
7414490,9.02.2022 23:25,28.11.2022 14:48,Nakhon Ratchasima,department of highways,private/passenger car,speeding,rollover/fallen on straight road,1,0,1,clear,14.92718021,101.9670993,straight road,no slope,2022-02-09T16:25:00Z
7564923,9.02.2022 23:45,20.01.2023 06:07,Bangkok,department of highways,private/passenger car,speeding,rollover/fallen on straight road,1,0,1,clear,13.66616674,100.6429759,straight road,no slope,2022-02-09T16:45:00Z
6344166,10.02.2022 00:20,10.06.2022 09:53,Pathum Thani,department of highways,large truck with trailer,speeding,rear-end collision,2,0,1,clear,13.9495744,100.8020335,straight road,no slope,2022-02-09T17:20:00Z
6079573,10.02.2022 00:30,12.04.2022 10:01,Phitsanulok,department of highways,4-wheel pickup truck,falling asleep,rollover/fallen on straight road,1,0,1,clear,16.81704008,100.3169104,straight road,no slope,2022-02-09T17:30:00Z
5998078,10.02.2022 02:00,29.03.2022 10:35,Sakon Nakhon,department of highways,private/passenger car,speeding,rollover/fallen on straight road,1,0,0,clear,17.31624449,103.9180496,straight road,no slope,2022-02-09T19:00:00Z
6253179,10.02.2022 02:20,26.05.2022 12:36,Nakhon Ratchasima,department of highways,private/passenger car,speeding,collision with obstruction (on road surface),1,0,0,rainy,14.9646399,102.1147415,other,other,2022-02-09T19:20:00Z
6319498,10.02.2022 04:00,6.06.2022 14:21,Samut Prakan,department of highways,4-wheel pickup truck,speeding,rollover/fallen on straight road,1,0,1,clear,13.65771314,100.7170987,straight road,no slope,2022-02-09T21:00:00Z
7424934,10.02.2022 04:10,2.12.2022 11:29,Maha Sarakham,department of highways,4-wheel pickup truck,speeding,rollover/fallen on straight road,1,0,1,clear,15.55595792,103.2070953,straight road,no slope,2022-02-09T21:10:00Z
7418650,10.02.2022 06:05,30.11.2022 10:00,Buri Ram,department of highways,private/passenger car,speeding,rollover/fallen on straight road,1,0,0,clear,14.70923573,102.4644479,straight road,no slope,2022-02-09T23:05:00Z
6144088,10.02.2022 06:10,25.04.2022 13:32,Nakhon Ratchasima,department of highways,large truck with trailer,speeding,rollover/fallen on straight road,1,0,0,clear,14.86504831,101.7087221,straight road,no slope,2022-02-09T23:10:00Z
6003726,10.02.2022 06:40,30.03.2022 09:15,Buri Ram,department of highways,private/passenger car,speeding,rollover/fallen on straight road,1,2,3,clear,14.70319352,102.4818367,straight road,no slope,2022-02-09T23:40:00Z
5882156,10.02.2022 08:30,10.03.2022 12:03,Chumphon,department of highways,4-wheel pickup truck,speeding,pedestrian collision,1,1,0,clear,10.56090138,99.11590307,straight road,no slope,2022-02-10T01:30:00Z
6144079,10.02.2022 09:00,25.04.2022 13:04,Nakhon Ratchasima,department of highways,other,speeding,rollover/fallen on straight road,1,0,0,clear,14.95714589,102.0378747,straight road,no slope,2022-02-10T02:00:00Z
6319181,10.02.2022 09:00,6.06.2022 13:31,Loburi,department of highways,private/passenger car,illegal overtaking,rear-end collision,2,0,2,clear,15.29664796,101.1294669,wide curve,slope area,2022-02-10T02:00:00Z
7331087,10.02.2022 09:30,15.03.2022 13:39,Kamphaeng Phet,department of highways,private/passenger car,speeding,rollover/fallen on curved road,1,0,0,clear,16.51917274,99.5221424,wide curve,no slope,2022-02-10T02:30:00Z
5920471,10.02.2022 10:15,16.03.2022 07:00,Sukhothai,department of highways,motorcycle,speeding,rear-end collision,2,0,1,clear,17.01173077,99.7749996,straight road,no slope,2022-02-10T03:15:00Z
6128509,10.02.2022 12:40,20.04.2022 13:39,Saraburi,department of highways,large truck with trailer,speeding,rollover/fallen on straight road,1,0,0,rainy,14.4293474,100.8950311,other,other,2022-02-10T05:40:00Z
6183885,10.02.2022 13:20,11.05.2022 09:56,Chai Nat,department of highways,large truck with trailer,speeding,rollover/fallen on straight road,1,0,0,clear,15.29672299,100.1870566,straight road,no slope,2022-02-10T06:20:00Z
6330189,10.02.2022 13:29,8.06.2022 08:59,Chachoengsao,department of highways,4-wheel pickup truck,speeding,rear-end collision,2,0,0,clear,13.5897528,100.9664744,straight road,no slope,2022-02-10T06:29:00Z
6325539,10.02.2022 13:30,7.06.2022 14:57,Chon Buri,department of highways,private/passenger car,speeding,rollover/fallen on straight road,1,0,0,rainy,12.93615,100.9553298,straight road,no slope,2022-02-10T06:30:00Z
7444207,10.02.2022 13:30,8.12.2022 13:58,Bangkok,department of highways,private/passenger car,speeding,rollover/fallen on straight road,1,0,0,clear,13.84442667,100.5598622,straight road,no slope,2022-02-10T06:30:00Z