acc_code,incident_datetime,report_datetime,province_en,agency,vehicle_type,presumed_cause,accident_type,number_of_vehicles_involved,number_of_fatalities,number_of_injuries,weather_condition,latitude,longitude,road_description,slope_description,incident_time
6330145,10.02.2022 13:39,8.06.2022 08:46,Pathum Thani,department of highways,4-wheel pickup truck,speeding,rollover/fallen on straight road,1,0,0,clear,13.99941068,100.708875,straight road,no slope,2022-02-10T06:39:00Z
6317290,10.02.2022 14:05,6.06.2022 08:30,Nakhon Si Thammarat,department of highways,4-wheel pickup truck,falling asleep,rollover/fallen on straight road,1,0,2,clear,8.227991656,99.43056105,other,other,2022-02-10T07:05:00Z
5829807,10.02.2022 14:20,2.03.2022 10:29,Chachoengsao,department of highways,private/passenger car,speeding,rear-end collision,2,0,0,clear,13.57652132,100.9775922,straight road,no slope,2022-02-10T07:20:00Z
6148371,10.02.2022 14:30,3.05.2022 13:34,Loburi,department of highways,4-wheel pickup truck,speeding,rollover/fallen on straight road,1,0,1,clear,15.02684919,100.6898448,straight road,no slope,2022-02-10T07:30:00Z
6252499,10.02.2022 14:30,26.05.2022 10:06,Nakhon Sawan,department of highways,private/passenger car,cutting in closely by people/vehicles/animals,head-on collision (not overtaking),2,0,1,clear,15.2633327,100.3355545,straight road,no slope,2022-02-10T07:30:00Z
6918402,10.02.2022 14:40,16.09.2022 13:29,Chon Buri,department of highways,7-10-wheel truck,overloaded vehicle,other,1,0,0,clear,13.09516398,100.9894609,straight road,no slope,2022-02-10T07:40:00Z
6330129,10.02.2022 14:48,8.06.2022 08:41,Chon Buri,department of highways,large truck with trailer,cutting in closely by people/vehicles/animals,rear-end collision,2,0,0,clear,13.14985755,100.9860787,straight road,no slope,2022-02-10T07:48:00Z
6344129,10.02.2022 15:00,10.06.2022 09:45,Pathum Thani,department of highways,7-10-wheel truck,speeding,rollover/fallen on straight road,1,0,0,clear,14.05976612,100.8442569,straight road,no slope,2022-02-10T08:00:00Z
7512069,10.02.2022 15:00,27.12.2022 14:29,Chiang Mai,department of highways,private/passenger car,illegal overtaking,rear-end collision,2,0,0,clear,20.07429271,99.46215211,straight road,no slope,2022-02-10T08:00:00Z
6343777,10.02.2022 15:30,10.06.2022 09:11,Chon Buri,department of highways,van,speeding,rollover/fallen on straight road,2,1,3,rainy,13.05582244,101.0977042,straight road,no slope,2022-02-10T08:30:00Z
5998307,10.02.2022 15:50,29.03.2022 11:21,Udon Thani,department of highways,motorcycle,speeding,rear-end collision,3,1,2,clear,17.36571967,102.7081266,straight road,no slope,2022-02-10T08:50:00Z
6325650,10.02.2022 16:00,7.06.2022 15:19,Chon Buri,department of highways,4-wheel pickup truck,speeding,rear-end collision,2,0,0,clear,13.3018163,100.9971669,straight road,no slope,2022-02-10T09:00:00Z
6344546,10.02.2022 16:00,10.06.2022 10:30,Chachoengsao,department of highways,motorcycle,cutting in closely by people/vehicles/animals,rear-end collision,2,1,0,clear,13.73192032,101.4792618,straight road,no slope,2022-02-10T09:00:00Z
5919733,10.02.2022 16:20,15.03.2022 14:09,Tak,department of highways,private/passenger car,falling asleep,rollover/fallen on straight road,1,0,1,clear,17.02174367,99.09856795,straight road,no slope,2022-02-10T09:20:00Z
6144089,10.02.2022 16:20,25.04.2022 13:30,Nakhon Ratchasima,department of highways,private/passenger car,vehicle equipment failure,other,1,0,0,clear,15.00722792,101.6859957,straight road,no slope,2022-02-10T09:20:00Z
6343337,10.02.2022 18:10,10.06.2022 07:58,Chanthaburi,department of highways,4-wheel pickup truck,speeding,rollover/fallen on straight road,1,0,0,rainy,12.45425339,102.2811699,straight road,no slope,2022-02-10T11:10:00Z
7424993,10.02.2022 18:20,2.12.2022 13:40,Songkhla,department of highways,4-wheel pickup truck,speeding,rear-end collision,2,0,1,clear,6.807703789,100.4548645,straight road,no slope,2022-02-10T11:20:00Z
6117231,10.02.2022 18:30,18.04.2022 14:39,Nan,department of highways,4-wheel pickup truck,speeding,rollover/fallen on straight road,1,0,0,clear,18.74754642,100.7569483,straight road,no slope,2022-02-10T11:30:00Z
6144083,10.02.2022 18:50,25.04.2022 13:16,Nakhon Ratchasima,department of highways,private/passenger car,speeding,rear-end collision,2,0,1,clear,14.87940219,101.8535855,straight road,no slope,2022-02-10T11:50:00Z
7372801,10.02.2022 19:00,23.11.2022 15:01,Mukdahan,department of highways,7-10-wheel truck,speeding,rear-end collision,2,0,0,clear,16.57952797,104.5866479,straight road,no slope,2022-02-10T12:00:00Z
5919731,10.02.2022 19:10,16.03.2022 07:00,Sukhothai,department of highways,4-wheel pickup truck,speeding,rear-end collision,2,0,1,clear,16.96252026,99.95799063,straight road,no slope,2022-02-10T12:10:00Z
6225267,10.02.2022 19:10,18.05.2022 08:52,Phetchabun,department of highways,4-wheel pickup truck,cutting in closely by people/vehicles/animals,rear-end collision,2,0,3,clear,15.98785289,101.0631519,other,other,2022-02-10T12:10:00Z
6086156,10.02.2022 19:15,13.04.2022 10:00,Uttaradit,department of highways,4-wheel pickup truck,speeding,rear-end collision,2,0,2,clear,17.58708252,100.1370093,other,other,2022-02-10T12:15:00Z
5920705,10.02.2022 19:30,16.03.2022 11:18,Roi Et,department of highways,motorcycle,speeding,collision with obstruction (on road surface),2,1,0,clear,16.27861942,104.1114235,straight road,no slope,2022-02-10T12:30:00Z
6144087,10.02.2022 20:00,25.04.2022 13:20,Nakhon Ratchasima,department of highways,private/passenger car,speeding,rollover/fallen on curved road,1,0,0,clear,15.14836543,101.8464106,wide curve,no slope,2022-02-10T13:00:00Z
6092800,10.02.2022 20:25,14.04.2022 10:17,Phrae,department of highways,private/passenger car,speeding,rollover/fallen on straight road,1,0,0,clear,17.97028829,100.06860760000001,straight road,no slope,2022-02-10T13:25:00Z
7331089,10.02.2022 20:30,30.03.2022 09:00,Chiang Mai,department of highways,motorcycle,speeding,rollover/fallen on straight road,1,0,1,clear,18.84742637,99.01370286,other,other,2022-02-10T13:30:00Z
6075031,10.02.2022 21:00,11.04.2022 15:19,Lampang,department of highways,private/passenger car,falling asleep,head-on collision (not overtaking),2,1,1,clear,17.65883874,99.14671897,straight road,no slope,2022-02-10T14:00:00Z
7439457,10.02.2022 21:30,7.12.2022 13:35,Udon Thani,department of highways,motorcycle,running red lights/traffic signals,collision with obstruction (on road surface),2,1,2,clear,17.49335522,102.7976346,straight road,no slope,2022-02-10T14:30:00Z
6330150,10.02.2022 22:50,8.06.2022 08:47,Phra Nakhon Si Ayutthaya,department of highways,private/passenger car,speeding,rollover/fallen on curved road,1,0,0,clear,14.19015996,100.6381988,other,other,2022-02-10T15:50:00Z
6242052,10.02.2022 23:13,24.05.2022 08:54,Nakhon Ratchasima,department of highways,large truck with trailer,vehicle equipment failure,other,1,0,0,clear,14.85098126,101.6508239,connecting to private area,other,2022-02-10T16:13:00Z
6208017,10.02.2022 23:20,15.05.2022 06:43,Surat Thani,department of highways,4-wheel pickup truck,speeding,rollover/fallen on curved road,1,0,0,clear,8.620600342,99.32648061,wide curve,no slope,2022-02-10T16:20:00Z
6144102,11.02.2022 00:30,25.04.2022 13:48,Phrae,department of highways,6-wheel truck,falling asleep,rollover/fallen on straight road,1,0,0,clear,18.36430349,100.372408,wide curve,no slope,2022-02-10T17:30:00Z
6176402,11.02.2022 01:00,10.05.2022 08:35,Loburi,department of highways,large truck with trailer,cutting in closely by people/vehicles/animals,rollover/fallen on straight road,1,0,1,clear,14.91868706,100.470365,straight road,no slope,2022-02-10T18:00:00Z
6092802,11.02.2022 01:30,14.04.2022 10:17,Phrae,department of highways,4-wheel pickup truck,speeding,rollover/fallen on straight road,1,1,0,clear,18.00198356,100.1035166,straight road,no slope,2022-02-10T18:30:00Z
7439240,11.02.2022 01:30,7.12.2022 10:38,Nakhon Si Thammarat,department of highways,7-10-wheel truck,speeding,rollover/fallen on straight road,1,0,0,clear,8.247422849,99.88523036,other,other,2022-02-10T18:30:00Z
6003750,11.02.2022 02:30,30.03.2022 09:18,Chiang Mai,department of highways,private/passenger car,speeding,rollover/fallen on straight road,1,0,0,clear,18.88625424,99.01337831,straight road,no slope,2022-02-10T19:30:00Z
6144134,11.02.2022 02:45,25.04.2022 14:16,Nakhon Ratchasima,department of highways,7-10-wheel truck,speeding,rear-end collision,2,0,1,clear,14.74729605,101.5142888,straight road,no slope,2022-02-10T19:45:00Z
6330169,11.02.2022 03:00,8.06.2022 08:53,Pathum Thani,department of highways,private/passenger car,speeding,rollover/fallen on straight road,1,0,1,clear,13.93773257,100.7093444,straight road,no slope,2022-02-10T20:00:00Z
7419483,11.02.2022 03:05,30.11.2022 13:44,Songkhla,department of highways,4-wheel pickup truck,speeding,rollover/fallen on straight road,1,0,1,clear,6.978182937,100.4807961,straight road,no slope,2022-02-10T20:05:00Z
7290470,11.02.2022 04:20,11.11.2022 09:56,Udon Thani,department of highways,6-wheel truck,speeding,rollover/fallen on straight road,1,0,1,clear,17.1120638,102.9416773,straight road,no slope,2022-02-10T21:20:00Z
5720766,11.02.2022 05:56,11.02.2022 06:47,Samut Prakan,expressway authority of thailand,other,other,rear-end collision,2,0,1,clear,13.617569,100.744835,straight road,other,2022-02-10T22:56:00Z
6004289,11.02.2022 07:00,30.03.2022 11:30,Chiang Mai,department of highways,private/passenger car,speeding,rollover/fallen on straight road,1,0,4,clear,18.67254427,99.05135034,straight road,no slope,2022-02-11T00:00:00Z
6513956,11.02.2022 07:35,8.07.2022 11:24,Samut Prakan,department of highways,motorcycle,speeding,pedestrian collision,1,0,2,clear,13.60108305,100.7119194,other,other,2022-02-11T00:35:00Z
6531970,11.02.2022 08:30,11.07.2022 10:58,Chanthaburi,department of highways,private/passenger car,speeding,rollover/fallen on straight road,1,0,1,clear,12.63519546,102.0973179,wide curve,no slope,2022-02-11T01:30:00Z
6074716,11.02.2022 09:50,11.04.2022 14:22,Lampang,department of highways,4-wheel pickup truck,speeding,rollover/fallen on curved road,1,0,0,clear,17.8679491,99.33645843,wide curve,no slope,2022-02-11T02:50:00Z
5920749,11.02.2022 10:00,16.03.2022 12:51,Prachuap Khiri Khan,department of highways,private/passenger car,speeding,rear-end collision,2,1,0,clear,11.93365256,99.81400161,straight road,no slope,2022-02-11T03:00:00Z
7424838,11.02.2022 10:00,2.12.2022 11:52,Nakhon Ratchasima,department of highways,other,speeding,rollover/fallen on straight road,1,0,0,clear,14.63200781,101.58310350000001,straight road,no slope,2022-02-11T03:00:00Z
6324499,11.02.2022 10:20,7.06.2022 10:42,Pathum Thani,department of highways,other,speeding,rollover/fallen on straight road,1,0,0,clear,14.06085109,100.6971109,straight road,no slope,2022-02-11T03:20:00Z
6330102,11.02.2022 11:07,8.06.2022 08:38,Chachoengsao,department of highways,4-wheel pickup truck,vehicle equipment failure,rollover/fallen on straight road,1,0,2,clear,13.60400808,100.9466207,straight road,no slope,2022-02-11T04:07:00Z
6294383,11.02.2022 12:25,2.06.2022 08:43,Phra Nakhon Si Ayutthaya,department of highways,private/passenger car,speeding,rollover/fallen on straight road,1,0,0,clear,14.63781843,100.572195,straight road,no slope,2022-02-11T05:25:00Z
7437824,11.02.2022 12:30,7.12.2022 08:59,Chaiyaphum,department of highways,private/passenger car,cutting in closely by people/vehicles/animals,head-on collision (not overtaking),2,1,2,clear,15.49384315,101.8211818,other,other,2022-02-11T05:30:00Z
5738622,11.02.2022 12:47,14.02.2022 09:36,Bangkok,department of highways,large truck with trailer,speeding,rear-end collision,2,0,1,clear,13.73264987,100.7058441,straight road,no slope,2022-02-11T05:47:00Z
6241327,11.02.2022 13:30,22.05.2022 13:50,Nakhon Si Thammarat,department of highways,large truck with trailer,speeding,rear-end collision,2,0,1,clear,8.171295982,99.64262186,straight road,no slope,2022-02-11T06:30:00Z
6845458,11.02.2022 13:30,5.09.2022 10:41,Loei,department of highways,7-10-wheel truck,speeding,rollover/fallen on curved road,1,0,0,clear,17.25701756,101.1168739,sharp curve,slope area,2022-02-11T06:30:00Z
6232573,11.02.2022 13:50,19.05.2022 10:43,Surat Thani,department of highways,4-wheel pickup truck,speeding,rollover/fallen on straight road,1,0,2,clear,9.480103791,99.20390634,straight road,no slope,2022-02-11T06:50:00Z
7439437,11.02.2022 14:00,7.12.2022 13:52,Phra Nakhon Si Ayutthaya,department of highways,large truck with trailer,speeding,rollover/fallen on straight road,1,0,1,clear,14.30607543,100.5259725,other,other,2022-02-11T07:00:00Z
5919835,11.02.2022 15:00,16.03.2022 09:24,Phetchabun,department of highways,4-wheel pickup truck,speeding,rollover/fallen on curved road,1,0,0,clear,16.75034524,101.5004539,wide curve,no slope,2022-02-11T08:00:00Z
6144093,11.02.2022 15:00,25.04.2022 13:40,Nakhon Ratchasima,department of highways,4-wheel pickup truck,speeding,rollover/fallen on straight road,1,0,0,rainy,14.65375208,101.363951,straight road,slope area,2022-02-11T08:00:00Z
6325730,11.02.2022 15:00,7.06.2022 15:34,Bangkok,department of highways,4-wheel pickup truck,speeding,rollover/fallen on straight road,1,0,1,clear,13.70662955,100.8218095,straight road,no slope,2022-02-11T08:00:00Z
5919761,11.02.2022 15:04,16.03.2022 09:32,Phetchabun,department of highways,4-wheel pickup truck,speeding,rollover/fallen on curved road,1,0,0,rainy,16.77557555,101.0728025,wide curve,no slope,2022-02-11T08:04:00Z
6845459,11.02.2022 15:30,5.09.2022 10:41,Loei,department of highways,4-wheel pickup truck,speeding,rollover/fallen on curved road,1,0,2,rainy,17.47228242,101.535725,wide curve,slope area,2022-02-11T08:30:00Z
7438375,11.02.2022 15:45,7.12.2022 11:05,Surin,department of highways,private/passenger car,speeding,rollover/fallen on straight road,1,0,0,clear,14.88512584,103.4129011,straight road,no slope,2022-02-11T08:45:00Z
6149408,11.02.2022 16:15,5.05.2022 14:22,Nakhon Sawan,department of highways,4-wheel pickup truck,speeding,rollover/fallen on straight road,1,0,0,rainy,15.54321345,100.0339186,straight road,no slope,2022-02-11T09:15:00Z
5919704,11.02.2022 16:30,16.03.2022 09:21,Phetchabun,department of highways,4-wheel pickup truck,speeding,rollover/fallen on curved road,1,0,0,clear,16.75745445,101.4923859,wide curve,no slope,2022-02-11T09:30:00Z
7413737,11.02.2022 16:30,25.11.2022 13:38,Nakhon Ratchasima,department of highways,6-wheel truck,speeding,rollover/fallen on straight road,1,0,0,rainy,14.86936209,101.8291989,straight road,no slope,2022-02-11T09:30:00Z
5724046,11.02.2022 16:40,11.02.2022 19:57,Chaiyaphum,department of highways,4-wheel pickup truck,speeding,rollover/fallen on straight road,2,0,3,rainy,15.57739073,101.8849298,straight road,no slope,2022-02-11T09:40:00Z
6073651,11.02.2022 16:40,11.04.2022 10:25,Chiang Mai,department of highways,motorcycle,speeding,rear-end collision,2,0,1,clear,19.24119622,99.18584435,straight road,no slope,2022-02-11T09:40:00Z
7554355,11.02.2022 16:45,9.01.2023 10:39,Trang,department of highways,6-wheel truck,speeding,rear-end collision,5,1,0,clear,7.519190388,99.60550009,straight road,no slope,2022-02-11T09:45:00Z
6225264,11.02.2022 17:30,18.05.2022 08:54,Phetchabun,department of highways,4-wheel pickup truck,speeding,head-on collision (not overtaking),2,0,1,rainy,15.56993148,101.0612315,straight road,no slope,2022-02-11T10:30:00Z
7007710,11.02.2022 17:30,30.09.2022 10:37,Chachoengsao,department of highways,large truck with trailer,speeding,rollover/fallen on straight road,1,0,0,rainy,13.657489,101.1335143,straight road,no slope,2022-02-11T10:30:00Z
7425455,11.02.2022 17:30,2.12.2022 14:57,Songkhla,department of highways,private/passenger car,speeding,rear-end collision,3,1,1,clear,6.942335814,100.699313,straight road,no slope,2022-02-11T10:30:00Z
7438312,11.02.2022 17:30,7.12.2022 09:36,Ubon Ratchathani,department of highways,6-wheel truck,speeding,collision with obstruction (on road surface),2,1,0,clear,14.93064528,105.0503576,straight road,no slope,2022-02-11T10:30:00Z
7413709,11.02.2022 17:50,25.11.2022 13:14,Nakhon Ratchasima,department of highways,4-wheel pickup truck,speeding,rollover/fallen on straight road,1,0,0,rainy,14.98118175,102.0907491,straight road,no slope,2022-02-11T10:50:00Z
6225780,11.02.2022 18:00,18.05.2022 10:29,Phetchabun,department of highways,4-wheel pickup truck,speeding,rollover/fallen on curved road,1,0,1,clear,16.76739867,101.1815286,wide curve,slope area,2022-02-11T11:00:00Z
6345684,11.02.2022 18:30,10.06.2022 14:03,Pathum Thani,department of highways,4-wheel pickup truck,speeding,rollover/fallen on straight road,1,0,0,rainy,14.01860884,100.730727,straight road,no slope,2022-02-11T11:30:00Z
5723991,11.02.2022 18:40,11.02.2022 19:39,Bangkok,expressway authority of thailand,other,other,rollover/fallen on straight road,3,0,0,clear,13.66767867,100.6360006,straight road,other,2022-02-11T11:40:00Z
6344221,11.02.2022 18:50,10.06.2022 09:59,Nakhon Nayok,department of highways,4-wheel pickup truck,speeding,rollover/fallen on straight road,1,0,0,clear,14.27164081,101.0583615,straight road,no slope,2022-02-11T11:50:00Z
7418851,11.02.2022 19:00,30.11.2022 10:50,Sa Kaeo,department of highways,private/passenger car,speeding,rollover/fallen on straight road,1,0,0,clear,13.75022355,102.3210463,lane-changing area,other,2022-02-11T12:00:00Z
7511490,11.02.2022 19:00,27.12.2022 10:37,Krabi,department of highways,4-wheel pickup truck,speeding,rollover/fallen on straight road,1,0,0,clear,8.005726645,99.12275879,straight road,no slope,2022-02-11T12:00:00Z
6128025,11.02.2022 19:10,20.04.2022 11:17,Saraburi,department of highways,motorcycle,speeding,rear-end collision,2,1,0,clear,14.39626191,100.8887628,straight road,no slope,2022-02-11T12:10:00Z
7445353,11.02.2022 19:10,9.12.2022 08:47,Bangkok,department of highways,private/passenger car,speeding,rear-end collision,2,0,0,clear,13.64196105,100.4095566,straight road,no slope,2022-02-11T12:10:00Z
6330053,11.02.2022 19:15,8.06.2022 08:28,Bangkok,department of highways,private/passenger car,speeding,rear-end collision,3,0,1,clear,13.73052896,100.7218194,straight road,no slope,2022-02-11T12:15:00Z
5739889,11.02.2022 19:30,14.02.2022 14:21,Kanchanaburi,department of highways,4-wheel pickup truck,speeding,rollover/fallen on straight road,1,0,1,clear,14.1934208,99.11678015,straight road,no slope,2022-02-11T12:30:00Z
6170192,11.02.2022 19:35,9.05.2022 09:04,Loburi,department of highways,4-wheel pickup truck,cutting in closely by people/vehicles/animals,collision at intersection corner,2,2,0,clear,14.93989728,101.2760737,other,other,2022-02-11T12:35:00Z
5829810,11.02.2022 19:45,2.03.2022 10:26,Chon Buri,department of highways,private/passenger car,speeding,rear-end collision,8,0,1,clear,13.40867456,101.0471687,straight road,no slope,2022-02-11T12:45:00Z
6128527,11.02.2022 20:00,20.04.2022 13:41,Saraburi,department of highways,4-wheel pickup truck,speeding,rollover/fallen on curved road,1,0,1,clear,14.68458845,101.0919884,wide curve,no slope,2022-02-11T13:00:00Z
6330127,11.02.2022 20:59,8.06.2022 08:40,Chon Buri,department of highways,private/passenger car,speeding,rear-end collision,2,0,1,clear,13.30043025,100.9958473,straight road,no slope,2022-02-11T13:59:00Z
6176432,11.02.2022 21:40,10.05.2022 08:45,Sing Buri,department of highways,4-wheel pickup truck,falling asleep,rollover/fallen on straight road,1,0,1,clear,14.8096796,100.35492,straight road,no slope,2022-02-11T14:40:00Z
5976223,11.02.2022 21:50,25.03.2022 14:22,Chiang Mai,department of highways,4-wheel pickup truck,speeding,head-on collision (not overtaking),2,0,0,clear,18.47586693,98.67607175,straight road,no slope,2022-02-11T14:50:00Z
6004370,11.02.2022 22:00,30.03.2022 11:51,Chiang Mai,department of highways,motorcycle,speeding,rear-end collision,2,1,2,clear,18.80750283,98.97236197,straight road,no slope,2022-02-11T15:00:00Z
5882180,11.02.2022 22:15,10.03.2022 12:08,Chumphon,department of highways,4-wheel pickup truck,speeding,rollover/fallen on straight road,1,0,1,clear,10.32619229,99.09217356,straight road,no slope,2022-02-11T15:15:00Z
7445578,11.02.2022 22:15,9.12.2022 08:46,Bangkok,department of highways,private/passenger car,speeding,rear-end collision,2,0,1,clear,13.65139002,100.422273,straight road,no slope,2022-02-11T15:15:00Z
5789827,11.02.2022 22:30,23.02.2022 16:49,Chumphon,department of highways,7-10-wheel truck,speeding,rollover/fallen on straight road,1,0,0,rainy,10.87427874,99.25160675,straight road,no slope,2022-02-11T15:30:00Z
6343341,11.02.2022 22:45,10.06.2022 07:57,Trat,department of highways,4-wheel pickup truck,speeding,rollover/fallen on straight road,1,0,0,rainy,12.25840009,102.5062367,straight road,no slope,2022-02-11T15:45:00Z
6038347,11.02.2022 23:05,5.04.2022 13:45,Nakhon Pathom,department of highways,4-wheel pickup truck,speeding,rollover/fallen on straight road,1,0,0,clear,13.87319186,99.99952464,straight road,no slope,2022-02-11T16:05:00Z
6943074,11.02.2022 23:10,20.09.2022 08:37,Suphan Buri,department of highways,4-wheel pickup truck,falling asleep,collision with obstruction (on road surface),1,0,0,rainy,14.44562857,100.1308858,other,other,2022-02-11T16:10:00Z
6128610,12.02.2022 00:30,20.04.2022 14:04,Saraburi,department of highways,4-wheel pickup truck,speeding,rollover/fallen on straight road,1,0,1,clear,14.68952072,101.1986759,other,other,2022-02-11T17:30:00Z
6363275,12.02.2022 00:50,13.06.2022 14:01,Phra Nakhon Si Ayutthaya,department of highways,4-wheel pickup truck,speeding,rear-end collision,2,0,1,rainy,14.25488686,100.7664621,straight road,no slope,2022-02-11T17:50:00Z
6144628,12.02.2022 01:02,26.04.2022 09:29,Nakhon Ratchasima,department of highways,motorcycle,speeding,rear-end collision,2,0,2,clear,14.94057367,102.0539975,straight road,no slope,2022-02-11T18:02:00Z
5739456,12.02.2022 01:30,14.02.2022 12:47,Chumphon,department of highways,4-wheel pickup truck,speeding,rollover/fallen on curved road,1,0,0,clear,10.60712583,99.16819005,wide curve,no slope,2022-02-11T18:30:00Z
6003749,12.02.2022 01:30,30.03.2022 09:19,Buri Ram,department of highways,4-wheel pickup truck,speeding,collision at intersection corner,2,0,4,clear,14.63348189,102.793445,other,other,2022-02-11T18:30:00Z
7310347,12.02.2022 01:30,14.11.2022 10:37,Khon Kaen,department of highways,4-wheel pickup truck,falling asleep,rollover/fallen on straight road,1,0,1,clear,16.45554851,102.7687284,straight road,no slope,2022-02-11T18:30:00Z
5726809,12.02.2022 01:33,12.02.2022 05:29,Samut Prakan,expressway authority of thailand,other,other,collision with obstruction (on road surface),1,0,1,clear,13.632851,100.572811,straight road,other,2022-02-11T18:33:00Z
6567172,12.02.2022 04:00,14.02.2022 09:15,Nonthaburi,department of rural roads,private/passenger car,speeding,other,1,0,1,clear,13.869576,100.45162,y-intersection,other,2022-02-11T21:00:00Z
7007560,12.02.2022 04:00,30.09.2022 10:04,Prachuap Khiri Khan,department of highways,4-wheel pickup truck,falling asleep,rollover/fallen on straight road,1,1,0,clear,12.19914975,99.85566972,other,other,2022-02-11T21:00:00Z
5998640,12.02.2022 04:20,29.03.2022 13:06,Nakhon Ratchasima,department of highways,6-wheel truck,speeding,rollover/fallen on curved road,1,0,1,clear,15.0980602,102.2580063,wide curve,no slope,2022-02-11T21:20:00Z
6003772,12.02.2022 05:00,30.03.2022 09:24,Chiang Mai,department of highways,motorcycle,speeding,rollover/fallen on straight road,1,0,1,clear,18.88824387,99.01289819,straight road,no slope,2022-02-11T22:00:00Z
5905358,12.02.2022 05:30,14.03.2022 09:56,Phra Nakhon Si Ayutthaya,department of highways,private/passenger car,speeding,rollover/fallen on straight road,1,0,0,clear,14.32440566,100.4346138,straight road,no slope,2022-02-11T22:30:00Z
7419004,12.02.2022 06:30,30.11.2022 11:32,Pattani,department of highways,4-wheel pickup truck,speeding,collision with obstruction (on road surface),3,0,1,clear,6.78165869,101.1431408,straight road,no slope,2022-02-11T23:30:00Z
5734264,12.02.2022 06:45,13.02.2022 16:31,Chon Buri,department of highways,large truck with trailer,speeding,rear-end collision,2,0,0,clear,13.45505194,101.0460046,straight road,no slope,2022-02-11T23:45:00Z
5744679,12.02.2022 06:50,15.02.2022 09:29,Uthai Thani,department of highways,4-wheel pickup truck,speeding,rollover/fallen on straight road,1,0,0,clear,15.41293289,99.9954745,straight road,no slope,2022-02-11T23:50:00Z
5760035,12.02.2022 07:10,18.02.2022 14:47,Suphan Buri,department of highways,4-wheel pickup truck,vehicle equipment failure,rollover/fallen on straight road,1,0,0,clear,14.68930797,100.1093048,straight road,no slope,2022-02-12T00:10:00Z
5738743,12.02.2022 08:00,14.02.2022 10:01,Phetchaburi,department of highways,large truck with trailer,speeding,rollover/fallen on straight road,1,0,1,clear,13.16874069,99.84066545,straight road,no slope,2022-02-12T01:00:00Z
6220298,12.02.2022 08:35,17.05.2022 14:34,Phatthalung,department of highways,4-wheel pickup truck,speeding,rollover/fallen on straight road,1,0,2,clear,7.669443123,100.0195715,other,other,2022-02-12T01:35:00Z
6330070,12.02.2022 08:47,8.06.2022 08:30,Bangkok,department of highways,4-wheel pickup truck,speeding,rollover/fallen on straight road,1,0,0,rainy,13.73350709,100.7960361,straight road,no slope,2022-02-12T01:47:00Z
5998074,12.02.2022 09:40,29.03.2022 10:39,Sakon Nakhon,department of highways,motorcycle,speeding,rear-end collision,2,0,1,clear,17.34128586,103.8522014,straight road,no slope,2022-02-12T02:40:00Z
5919825,12.02.2022 10:20,16.03.2022 06:35,Tak,department of highways,4-wheel pickup truck,speeding,rollover/fallen on straight road,1,0,0,clear,16.98639092,98.52667539,straight road,no slope,2022-02-12T03:20:00Z
5997846,12.02.2022 11:30,29.03.2022 09:34,Nakhon Phanom,department of highways,motorcycle,speeding,head-on collision (not overtaking),2,1,0,clear,17.03914443,104.553363,straight road,no slope,2022-02-12T04:30:00Z
6177885,12.02.2022 11:30,10.05.2022 12:59,Kanchanaburi,department of highways,motorcycle,speeding,rear-end collision,2,0,2,clear,14.20521559,99.09834533,other,other,2022-02-12T04:30:00Z
6178151,12.02.2022 13:15,10.05.2022 13:49,Phetchabun,department of highways,4-wheel pickup truck,speeding,rollover/fallen on curved road,1,0,2,clear,16.77510816,101.1202776,wide curve,no slope,2022-02-12T06:15:00Z
6252714,12.02.2022 13:30,26.05.2022 10:45,Nakhon Ratchasima,department of highways,4-wheel pickup truck,vehicle equipment failure,rollover/fallen on straight road,1,0,0,clear,14.90381481,101.9116339,straight road,no slope,2022-02-12T06:30:00Z
7008383,12.02.2022 13:30,30.09.2022 12:51,Nakhon Ratchasima,department of highways,4-wheel pickup truck,speeding,rollover/fallen on straight road,1,0,0,rainy,14.63383743,101.2417307,straight road,no slope,2022-02-12T06:30:00Z
6252747,12.02.2022 14:00,26.05.2022 10:52,Phra Nakhon Si Ayutthaya,department of highways,large truck with trailer,speeding,rollover/fallen on straight road,1,0,0,rainy,14.15927328,100.5723452,straight road,no slope,2022-02-12T07:00:00Z
7008160,12.02.2022 14:18,30.09.2022 12:13,Chon Buri,department of highways,large truck with trailer,speeding,rear-end collision,2,0,0,rainy,13.18449643,101.2577703,straight road,no slope,2022-02-12T07:18:00Z
6127652,12.02.2022 14:40,20.04.2022 09:22,Saraburi,department of highways,large truck with trailer,speeding,rollover/fallen on straight road,1,0,0,rainy,14.54380974,100.9501183,other,other,2022-02-12T07:40:00Z
7414405,12.02.2022 15:30,28.11.2022 13:51,Nakhon Ratchasima,department of highways,private/passenger car,speeding,rear-end collision,5,0,0,clear,14.63091003,101.2215739,straight road,slope area,2022-02-12T08:30:00Z
5888164,12.02.2022 15:50,11.03.2022 09:08,Chumphon,department of highways,4-wheel pickup truck,speeding,rear-end collision,2,0,0,rainy,10.87639387,99.25282715,straight road,no slope,2022-02-12T08:50:00Z
6944833,12.02.2022 15:50,20.09.2022 14:42,Chumphon,department of highways,4-wheel pickup truck,speeding,rollover/fallen on curved road,1,0,2,clear,10.60535417,99.27095889,wide curve,no slope,2022-02-12T08:50:00Z