acc_code,incident_datetime,report_datetime,province_en,agency,vehicle_type,presumed_cause,accident_type,number_of_vehicles_involved,number_of_fatalities,number_of_injuries,weather_condition,latitude,longitude,road_description,slope_description,incident_time
6509058,12.02.2022 16:30,7.07.2022 15:07,Ang Thong,department of highways,4-wheel pickup truck,speeding,rollover/fallen on straight road,1,0,0,rainy,14.498947,100.4582709,straight road,no slope,2022-02-12T09:30:00Z
7517496,12.02.2022 17:00,29.12.2022 10:52,Nan,department of highways,van,brake/anti-lock brake system failure,rollover/fallen on curved road,1,0,0,clear,19.1821381,100.975036,wide curve,slope area,2022-02-12T10:00:00Z
5919632,12.02.2022 17:10,16.03.2022 06:55,Sukhothai,department of highways,motorcycle,speeding,rear-end collision,2,0,2,clear,17.19868634,99.84864234,straight road,no slope,2022-02-12T10:10:00Z
6238296,12.02.2022 17:15,20.05.2022 09:01,Samut Songkhram,department of highways,7-10-wheel truck,speeding,rear-end collision,3,0,1,clear,13.44285387,100.0689322,straight road,no slope,2022-02-12T10:15:00Z
6010289,12.02.2022 17:20,31.03.2022 13:04,Samut Songkhram,department of highways,large truck with trailer,speeding,rollover/fallen on straight road,1,0,0,clear,13.46751025,99.95991646,straight road,no slope,2022-02-12T10:20:00Z
6238274,12.02.2022 17:30,20.05.2022 08:59,Samut Songkhram,department of highways,4-wheel pickup truck,vehicle equipment failure,rollover/fallen on straight road,1,0,0,clear,13.42756105,100.0417721,straight road,no slope,2022-02-12T10:30:00Z
6363279,12.02.2022 18:00,13.06.2022 14:02,Phra Nakhon Si Ayutthaya,department of highways,private/passenger car,speeding,rear-end collision,5,0,1,clear,14.19488478,100.6464225,straight road,no slope,2022-02-12T11:00:00Z
6233571,12.02.2022 18:30,19.05.2022 14:21,Ang Thong,department of highways,large truck with trailer,speeding,rollover/fallen on straight road,1,0,0,rainy,14.57911086,100.2877548,other,other,2022-02-12T11:30:00Z
7557866,12.02.2022 18:30,12.01.2023 11:16,Si Sa Ket,department of highways,4-wheel pickup truck,vehicle equipment failure,rollover/fallen on straight road,1,0,0,clear,14.51902185,104.0518355,straight road,no slope,2022-02-12T11:30:00Z
6144148,12.02.2022 18:45,25.04.2022 14:31,Phrae,department of highways,motorcycle,speeding,rollover/fallen on curved road,1,0,1,clear,18.14851016,100.0857738,wide curve,slope area,2022-02-12T11:45:00Z
6330030,12.02.2022 18:57,8.06.2022 08:21,Pathum Thani,department of highways,private/passenger car,speeding,rear-end collision,2,0,0,clear,13.94734874,100.7121152,straight road,no slope,2022-02-12T11:57:00Z
5819012,12.02.2022 19:00,28.02.2022 14:48,Chumphon,department of highways,4-wheel pickup truck,speeding,rollover/fallen on straight road,1,0,0,rainy,10.8911467,99.26820426,straight road,no slope,2022-02-12T12:00:00Z
5998080,12.02.2022 19:10,29.03.2022 10:38,Sakon Nakhon,department of highways,motorcycle,speeding,head-on collision (not overtaking),3,1,0,clear,17.44232297,103.9845684,straight road,no slope,2022-02-12T12:10:00Z
5818798,12.02.2022 19:11,28.02.2022 13:57,Chon Buri,department of highways,private/passenger car,speeding,rear-end collision,3,0,0,clear,13.46961004,101.0459724,straight road,no slope,2022-02-12T12:11:00Z
6330031,12.02.2022 19:14,8.06.2022 08:22,Pathum Thani,department of highways,private/passenger car,speeding,rear-end collision,3,0,0,clear,13.95640485,100.7128849,straight road,no slope,2022-02-12T12:14:00Z
6208401,12.02.2022 19:20,15.05.2022 08:15,Surat Thani,department of highways,private/passenger car,ignoring stop sign while leaving intersection,rear-end collision,2,0,0,clear,8.876488138,99.20693992,other,other,2022-02-12T12:20:00Z
6510850,12.02.2022 19:30,7.07.2022 21:45,Suphan Buri,department of highways,motorcycle,speeding,other,2,1,0,clear,14.76575311,99.84894006,straight road,no slope,2022-02-12T12:30:00Z
7419568,12.02.2022 19:40,30.11.2022 13:55,Songkhla,department of highways,4-wheel pickup truck,vehicle equipment failure,rollover/fallen on straight road,1,0,5,clear,6.927851353,100.4682782,straight road,no slope,2022-02-12T12:40:00Z
5999108,12.02.2022 20:00,29.03.2022 14:53,Prachin Buri,department of highways,4-wheel pickup truck,speeding,rollover/fallen on straight road,1,0,1,clear,13.91824129,101.5132186,straight road,no slope,2022-02-12T13:00:00Z
5998108,12.02.2022 20:30,29.03.2022 10:44,buogkan,department of highways,private/passenger car,driving under the influence of alcohol,rollover/fallen on curved road,1,0,1,clear,18.35037844,103.6367503,wide curve,no slope,2022-02-12T13:30:00Z
5998110,12.02.2022 20:40,29.03.2022 10:44,buogkan,department of highways,private/passenger car,driving under the influence of alcohol,rollover/fallen on straight road,1,0,1,clear,18.38973736,103.5908362,straight road,no slope,2022-02-12T13:40:00Z
6177862,12.02.2022 21:11,10.05.2022 12:50,Kanchanaburi,department of highways,4-wheel pickup truck,unfamiliarity with the route/unskilled driving,rollover/fallen on curved road,1,0,1,clear,14.25218324,99.23294662,wide curve,slope area,2022-02-12T14:11:00Z
6325205,12.02.2022 22:27,7.06.2022 13:41,Chachoengsao,department of highways,4-wheel pickup truck,speeding,rollover/fallen on straight road,1,0,0,clear,13.51106746,101.0326257,straight road,no slope,2022-02-12T15:27:00Z
6117020,12.02.2022 22:30,18.04.2022 14:00,Chiang Mai,department of highways,motorcycle,speeding,rollover/fallen on straight road,1,1,0,clear,18.78031051,99.09208237,straight road,no slope,2022-02-12T15:30:00Z
6086463,12.02.2022 23:15,13.04.2022 11:09,Lampang,department of highways,4-wheel pickup truck,unfamiliarity with the route/unskilled driving,rollover/fallen on curved road,1,1,0,clear,18.3188711,99.46394919,wide curve,no slope,2022-02-12T16:15:00Z
5919787,13.02.2022 00:40,16.03.2022 09:56,Loei,department of highways,4-wheel pickup truck,speeding,rollover/fallen on straight road,1,0,0,clear,17.3593632,101.74932,straight road,no slope,2022-02-12T17:40:00Z
5999192,13.02.2022 01:40,29.03.2022 15:11,Prachin Buri,department of highways,4-wheel pickup truck,speeding,rollover/fallen on straight road,1,0,1,clear,13.94966031,101.5048823,straight road,no slope,2022-02-12T18:40:00Z
6074960,13.02.2022 02:30,11.04.2022 15:05,Lampang,department of highways,private/passenger car,falling asleep,rollover/fallen on straight road,1,0,0,clear,18.21240646,99.4197893,straight road,no slope,2022-02-12T19:30:00Z
5997896,13.02.2022 03:20,29.03.2022 09:44,Nakhon Phanom,department of highways,4-wheel pickup truck,speeding,rollover/fallen on straight road,1,0,1,clear,17.38472632,104.7604591,straight road,no slope,2022-02-12T20:20:00Z
5745660,13.02.2022 03:45,15.02.2022 13:15,Ubon Ratchathani,department of highways,4-wheel pickup truck,speeding,rollover/fallen on straight road,1,0,1,clear,15.32748494,104.6813258,straight road,no slope,2022-02-12T20:45:00Z
6086622,13.02.2022 04:00,13.04.2022 11:46,Chiang Rai,department of highways,4-wheel pickup truck,speeding,rollover/fallen on straight road,1,0,0,clear,20.29978249,99.87456589,straight road,no slope,2022-02-12T21:00:00Z
7414055,13.02.2022 04:10,28.11.2022 09:46,Surat Thani,department of highways,4-wheel pickup truck,speeding,rollover/fallen on straight road,1,0,0,clear,8.584723645,99.35236661,straight road,no slope,2022-02-12T21:10:00Z
5998827,13.02.2022 05:05,29.03.2022 13:55,Chiang Mai,department of highways,4-wheel pickup truck,speeding,rollover/fallen on straight road,1,1,0,clear,18.86404696,98.96511732,straight road,no slope,2022-02-12T22:05:00Z
6127706,13.02.2022 05:10,20.04.2022 09:42,Saraburi,department of highways,large truck with trailer,falling asleep,rollover/fallen on straight road,1,0,1,clear,14.71790832,100.8128589,straight road,no slope,2022-02-12T22:10:00Z
6344218,13.02.2022 06:05,10.06.2022 09:57,Nonthaburi,department of highways,private/passenger car,speeding,rollover/fallen on straight road,1,0,1,clear,13.82637044,100.4129791,straight road,no slope,2022-02-12T23:05:00Z
6147929,13.02.2022 08:20,2.05.2022 08:19,Phetchabun,department of highways,private/passenger car,speeding,rollover/fallen on straight road,1,0,0,clear,16.64168632,101.0006377,straight road,no slope,2022-02-13T01:20:00Z
7425609,13.02.2022 08:53,2.12.2022 14:40,Songkhla,department of highways,private/passenger car,speeding,rear-end collision,2,0,1,clear,7.042878651,100.6559524,straight road,no slope,2022-02-13T01:53:00Z
6319178,13.02.2022 09:30,6.06.2022 13:30,Loburi,department of highways,4-wheel pickup truck,vehicle equipment failure,rollover/fallen on straight road,1,0,0,clear,14.96227408,100.8980164,straight road,no slope,2022-02-13T02:30:00Z
6219146,13.02.2022 10:00,17.05.2022 10:27,Nakhon Si Thammarat,department of highways,4-wheel pickup truck,speeding,rear-end collision,4,0,4,clear,8.329739954,99.92326944,straight road,no slope,2022-02-13T03:00:00Z
6055960,13.02.2022 10:45,8.04.2022 13:44,Lamphun,department of highways,4-wheel pickup truck,speeding,rollover/fallen on straight road,1,0,0,clear,18.46882256,99.12766992,straight road,no slope,2022-02-13T03:45:00Z
6567175,13.02.2022 11:00,14.02.2022 09:16,Chai Nat,department of rural roads,private/passenger car,driving under the influence of alcohol,other,1,1,2,clear,15.036388,99.835379,four-way intersection,other,2022-02-13T04:00:00Z
5920469,13.02.2022 11:03,16.03.2022 06:55,Sukhothai,department of highways,private/passenger car,speeding,rear-end collision,2,0,1,clear,17.0093198,99.80526297,other,other,2022-02-13T04:03:00Z
6219930,13.02.2022 13:23,17.05.2022 13:17,Nakhon Si Thammarat,department of highways,4-wheel pickup truck,speeding,rollover/fallen on straight road,1,0,0,clear,8.016674813,99.64287399,other,other,2022-02-13T06:23:00Z
6225824,13.02.2022 14:18,18.05.2022 10:39,Phetchabun,department of highways,4-wheel pickup truck,speeding,rollover/fallen on straight road,1,0,1,clear,16.59821473,101.1570668,straight road,no slope,2022-02-13T07:18:00Z
6507810,13.02.2022 14:30,7.07.2022 10:31,Suphan Buri,department of highways,motorcycle,cutting in closely by people/vehicles/animals,rear-end collision,2,0,2,clear,14.75382727,99.7831723,straight road,no slope,2022-02-13T07:30:00Z
6338295,13.02.2022 14:45,9.06.2022 13:52,Chanthaburi,department of highways,4-wheel pickup truck,speeding,rollover/fallen on curved road,1,0,0,rainy,12.84479806,102.2653046,wide curve,slope area,2022-02-13T07:45:00Z
6508762,13.02.2022 15:55,7.07.2022 14:21,Suphan Buri,department of highways,4-wheel pickup truck,other,other,1,0,0,clear,14.82770613,100.0094434,straight road,no slope,2022-02-13T08:55:00Z
6003807,13.02.2022 16:00,30.03.2022 09:31,Chiang Mai,department of highways,motorcycle,speeding,rollover/fallen on straight road,1,0,1,clear,18.91854726,98.99617194,straight road,no slope,2022-02-13T09:00:00Z
6144138,13.02.2022 16:00,25.04.2022 14:24,Nakhon Ratchasima,department of highways,large passenger vehicle,speeding,rollover/fallen on straight road,1,0,0,rainy,14.66550954,101.4238232,straight road,no slope,2022-02-13T09:00:00Z
6144667,13.02.2022 16:30,26.04.2022 10:18,Nakhon Ratchasima,department of highways,4-wheel pickup truck,speeding,rollover/fallen on curved road,1,0,0,rainy,14.49731102,101.9369298,wide curve,slope area,2022-02-13T09:30:00Z
5801823,13.02.2022 16:40,25.02.2022 15:54,Chumphon,department of highways,private/passenger car,speeding,rear-end collision,5,0,5,rainy,10.96368589,99.31691049,straight road,no slope,2022-02-13T09:40:00Z
5920449,13.02.2022 16:40,16.03.2022 06:34,Tak,department of highways,large truck with trailer,speeding,rollover/fallen on straight road,1,0,1,clear,16.75613947,98.53903769,straight road,no slope,2022-02-13T09:40:00Z
6056278,13.02.2022 16:50,8.04.2022 14:47,Lamphun,department of highways,private/passenger car,speeding,head-on collision (not overtaking),2,0,4,clear,18.48287285,98.83743881,straight road,no slope,2022-02-13T09:50:00Z
6253158,13.02.2022 17:00,26.05.2022 12:32,Chaiyaphum,department of highways,private/passenger car,cutting in closely by people/vehicles/animals,rear-end collision,2,0,1,clear,15.52520653,101.8281233,other,other,2022-02-13T10:00:00Z
7445400,13.02.2022 17:00,9.12.2022 08:45,Bangkok,department of highways,4-wheel pickup truck,speeding,rear-end collision,2,0,0,clear,13.65178489,100.4231071,straight road,no slope,2022-02-13T10:00:00Z
6086207,13.02.2022 17:30,13.04.2022 10:12,Uttaradit,department of highways,motorcycle,speeding,rear-end collision,2,1,1,clear,17.985282,100.8609,wide curve,no slope,2022-02-13T10:30:00Z
6144664,13.02.2022 17:30,26.04.2022 10:14,Nakhon Ratchasima,department of highways,4-wheel pickup truck,speeding,rollover/fallen on straight road,1,0,0,rainy,14.48131932,101.9180631,straight road,slope area,2022-02-13T10:30:00Z
6086487,13.02.2022 17:50,13.04.2022 11:13,Lampang,department of highways,other,speeding,rollover/fallen on straight road,1,0,0,clear,18.25173306,99.49911563,other,other,2022-02-13T10:50:00Z
5950851,13.02.2022 18:00,21.03.2022 15:04,Phetchaburi,department of highways,4-wheel pickup truck,speeding,rollover/fallen on straight road,1,0,0,clear,13.12500167,99.87909882,straight road,no slope,2022-02-13T11:00:00Z
6219147,13.02.2022 18:20,17.05.2022 10:25,Nakhon Si Thammarat,department of highways,4-wheel pickup truck,speeding,rear-end collision,3,0,8,rainy,8.322616785,99.94853048,straight road,no slope,2022-02-13T11:20:00Z
6337194,13.02.2022 18:35,9.06.2022 09:46,Rayong,department of highways,4-wheel pickup truck,speeding,head-on collision (not overtaking),2,0,3,clear,12.70571282,101.1874509,other,other,2022-02-13T11:35:00Z
7438664,13.02.2022 18:55,7.12.2022 10:18,Ubon Ratchathani,department of highways,4-wheel pickup truck,cutting in closely by people/vehicles/animals,rear-end collision,3,0,0,clear,14.9267785,105.054751,straight road,no slope,2022-02-13T11:55:00Z
7559443,13.02.2022 19:50,13.01.2023 14:41,Udon Thani,department of highways,4-wheel pickup truck,speeding,head-on collision (not overtaking),2,0,0,clear,17.70600792,102.4281737,straight road,no slope,2022-02-13T12:50:00Z
7565637,13.02.2022 19:58,20.01.2023 13:31,Trang,department of highways,4-wheel pickup truck,speeding,rollover/fallen on straight road,1,0,0,rainy,8.001840798,99.65177088,wide curve,no slope,2022-02-13T12:58:00Z
6144183,13.02.2022 20:00,25.04.2022 14:56,Phrae,department of highways,private/passenger car,speeding,head-on collision (not overtaking),2,0,0,clear,18.06491841,99.78552996,straight road,no slope,2022-02-13T13:00:00Z
5999181,13.02.2022 21:20,29.03.2022 15:10,Prachin Buri,department of highways,motorcycle,speeding,rollover/fallen on straight road,1,1,0,clear,13.94406617,101.5122557,straight road,no slope,2022-02-13T14:20:00Z
6507831,13.02.2022 22:00,7.07.2022 10:36,Suphan Buri,department of highways,motorcycle,speeding,rear-end collision,2,0,1,clear,14.79742683,99.72583471,other,other,2022-02-13T15:00:00Z
6944251,13.02.2022 22:00,20.09.2022 12:38,Chiang Rai,department of highways,large truck with trailer,speeding,rear-end collision,2,0,0,clear,19.88451073,100.164223,other,other,2022-02-13T15:00:00Z
7331099,13.02.2022 23:00,16.03.2022 10:27,Kalasin,department of highways,private/passenger car,speeding,collision with obstruction (on road surface),2,1,0,clear,16.37628868,103.1698528,straight road,no slope,2022-02-13T16:00:00Z
5999180,13.02.2022 23:33,29.03.2022 15:09,Prachin Buri,department of highways,7-10-wheel truck,speeding,rollover/fallen on curved road,1,0,0,clear,14.3011788,101.873737,wide curve,slope area,2022-02-13T16:33:00Z
5993501,14.02.2022 00:20,28.03.2022 15:13,Sakon Nakhon,department of highways,private/passenger car,speeding,rollover/fallen on straight road,1,0,0,clear,17.19275458,104.0937316,straight road,no slope,2022-02-13T17:20:00Z
6170005,14.02.2022 02:00,9.05.2022 08:16,Loburi,department of highways,4-wheel pickup truck,speeding,rollover/fallen on straight road,1,0,0,clear,14.8552305,100.9917596,other,other,2022-02-13T19:00:00Z
5968423,14.02.2022 02:06,24.03.2022 09:08,Chon Buri,department of highways,private/passenger car,speeding,rollover/fallen on straight road,1,0,3,clear,13.43595109,101.0463238,straight road,no slope,2022-02-13T19:06:00Z
6337528,14.02.2022 02:30,9.06.2022 10:54,Chon Buri,department of highways,4-wheel pickup truck,speeding,rollover/fallen on straight road,1,0,0,clear,13.13740903,101.1674738,straight road,no slope,2022-02-13T19:30:00Z
7569686,14.02.2022 02:50,25.01.2023 15:24,Phichit,department of highways,private/passenger car,speeding,collision with obstruction (on road surface),1,0,0,clear,16.55182288,100.1464802,straight road,no slope,2022-02-13T19:50:00Z
6330068,14.02.2022 03:33,8.06.2022 08:31,Bangkok,department of highways,private/passenger car,speeding,rear-end collision,2,0,0,clear,13.73111,100.7163879,straight road,no slope,2022-02-13T20:33:00Z
6325521,14.02.2022 04:00,7.06.2022 14:52,Bangkok,department of highways,large truck with trailer,speeding,rollover/fallen on straight road,1,0,1,clear,13.72539595,100.8125612,straight road,no slope,2022-02-13T21:00:00Z
6325218,14.02.2022 04:50,7.06.2022 13:45,Chon Buri,department of highways,private/passenger car,speeding,rear-end collision,8,0,2,clear,13.18723588,100.9973815,straight road,no slope,2022-02-13T21:50:00Z
5962651,14.02.2022 04:55,23.03.2022 10:50,Chon Buri,department of highways,4-wheel pickup truck,debris/obstruction on the road,rear-end collision,4,0,0,clear,13.18546007,100.996947,straight road,no slope,2022-02-13T21:55:00Z
6238147,14.02.2022 05:00,20.05.2022 08:30,Samut Songkhram,department of highways,4-wheel pickup truck,vehicle equipment failure,rollover/fallen on straight road,1,0,0,clear,13.40534011,100.014942,straight road,no slope,2022-02-13T22:00:00Z
6238193,14.02.2022 05:00,20.05.2022 08:42,Samut Songkhram,department of highways,private/passenger car,speeding,rollover/fallen on straight road,1,0,0,clear,13.39400318,99.96794699,straight road,no slope,2022-02-13T22:00:00Z
5745758,14.02.2022 05:30,15.02.2022 13:35,Pathum Thani,department of highways,6-wheel truck,speeding,rollover/fallen on straight road,1,0,0,clear,13.96645233,100.7128367,straight road,no slope,2022-02-13T22:30:00Z
6242332,14.02.2022 06:00,24.05.2022 14:09,Surin,department of highways,private/passenger car,falling asleep,rollover/fallen on curved road,1,0,1,clear,14.6215099,103.8525689,other,other,2022-02-13T23:00:00Z
5802114,14.02.2022 06:20,25.02.2022 16:50,Sakon Nakhon,department of highways,4-wheel pickup truck,speeding,rollover/fallen on straight road,1,0,1,clear,17.27562311,103.9918613,straight road,no slope,2022-02-13T23:20:00Z
5745176,14.02.2022 07:16,15.02.2022 11:18,Chon Buri,department of highways,4-wheel pickup truck,speeding,rear-end collision,2,0,0,clear,13.17163702,100.9922719,straight road,no slope,2022-02-14T00:16:00Z
6325241,14.02.2022 07:30,7.06.2022 13:53,Pathum Thani,department of highways,4-wheel pickup truck,running red lights/traffic signals,rear-end collision,2,0,1,clear,14.00718955,100.7033336,other,other,2022-02-14T00:30:00Z
5888160,14.02.2022 07:45,11.03.2022 09:05,Chumphon,department of highways,4-wheel pickup truck,speeding,rollover/fallen on straight road,1,0,0,rainy,10.8922424,99.26853149,straight road,no slope,2022-02-14T00:45:00Z
5999179,14.02.2022 07:58,29.03.2022 15:07,Prachin Buri,department of highways,private/passenger car,speeding,rear-end collision,2,0,0,clear,14.3172328,101.8374359,straight road,slope area,2022-02-14T00:58:00Z
5920629,14.02.2022 08:00,16.03.2022 10:28,Phetchaburi,department of highways,4-wheel pickup truck,vehicle equipment failure,rear-end collision,2,0,2,clear,12.87680209,99.91447179,other,other,2022-02-14T01:00:00Z
6162033,14.02.2022 08:40,7.05.2022 16:14,Loburi,department of highways,6-wheel truck,speeding,rollover/fallen on straight road,1,0,1,clear,14.80729652,100.605028,straight road,no slope,2022-02-14T01:40:00Z
7414634,14.02.2022 09:00,29.11.2022 09:08,Nakhon Ratchasima,department of highways,other,speeding,rollover/fallen on straight road,1,0,0,clear,14.95224044,102.0256117,straight road,no slope,2022-02-14T02:00:00Z
6183833,14.02.2022 09:30,11.05.2022 09:45,Chai Nat,department of highways,other,speeding,collision with obstruction (on road surface),1,0,0,clear,15.11736496,100.2747998,other,other,2022-02-14T02:30:00Z
5905708,14.02.2022 10:00,14.03.2022 11:07,Ang Thong,department of highways,other,speeding,rollover/fallen on straight road,1,0,0,clear,14.69343066,100.4465979,straight road,no slope,2022-02-14T03:00:00Z
6509013,14.02.2022 10:50,7.07.2022 15:04,Kanchanaburi,department of highways,7-10-wheel truck,speeding,rear-end collision,2,1,0,clear,14.47692516,99.4752547,straight road,no slope,2022-02-14T03:50:00Z
6508802,14.02.2022 11:00,7.07.2022 14:28,Ang Thong,department of highways,other,speeding,rollover/fallen on straight road,1,0,0,clear,14.59999863,100.4710972,other,other,2022-02-14T04:00:00Z
6319696,14.02.2022 11:15,6.06.2022 14:57,Surat Thani,department of highways,4-wheel pickup truck,speeding,rollover/fallen on straight road,1,0,1,clear,8.949641718,99.24173086,wide curve,no slope,2022-02-14T04:15:00Z
5739863,14.02.2022 11:20,14.02.2022 14:19,Phetchaburi,department of highways,private/passenger car,speeding,rear-end collision,2,0,1,clear,12.70381321,99.90991204,straight road,no slope,2022-02-14T04:20:00Z
7331102,14.02.2022 11:30,30.09.2022 12:16,Udon Thani,department of highways,4-wheel pickup truck,speeding,rear-end collision,2,1,1,rainy,17.35195173,102.9247311,straight road,no slope,2022-02-14T04:30:00Z
7517328,14.02.2022 12:00,29.12.2022 10:41,Nan,department of highways,motorcycle,cutting in closely by people/vehicles/animals,rear-end collision,2,0,1,clear,19.16035797,100.9276923,other,other,2022-02-14T05:00:00Z
7443696,14.02.2022 12:25,8.12.2022 10:36,Bangkok,department of highways,private/passenger car,speeding,rollover/fallen on straight road,1,0,0,clear,13.69365219,100.407671,straight road,no slope,2022-02-14T05:25:00Z
5998136,14.02.2022 12:30,29.03.2022 10:47,Sakon Nakhon,department of highways,motorcycle,cutting in closely by people/vehicles/animals,head-on collision (not overtaking),2,0,1,clear,17.39043433,103.7218594,straight road,no slope,2022-02-14T05:30:00Z
6337269,14.02.2022 12:30,9.06.2022 09:57,Chon Buri,department of highways,7-10-wheel truck,speeding,rollover/fallen on straight road,1,0,0,rainy,13.2439976,101.2114245,straight road,no slope,2022-02-14T05:30:00Z
5740167,14.02.2022 12:50,14.02.2022 15:12,Nan,department of highways,private/passenger car,speeding,rear-end collision,2,0,2,clear,18.72582379,100.7537404,straight road,no slope,2022-02-14T05:50:00Z
5920616,14.02.2022 12:50,16.03.2022 10:26,Kalasin,department of highways,7-10-wheel truck,cutting in closely by people/vehicles/animals,other,2,0,5,clear,16.25931868,103.6641517,connecting to private area,other,2022-02-14T05:50:00Z
6318060,14.02.2022 12:50,6.06.2022 10:40,Prachuap Khiri Khan,department of highways,4-wheel pickup truck,speeding,rollover/fallen on curved road,1,0,0,rainy,11.24356714,99.43680523,wide curve,no slope,2022-02-14T05:50:00Z
7422046,14.02.2022 13:20,1.12.2022 09:48,Pattani,department of highways,6-wheel truck,speeding,rollover/fallen on straight road,1,0,0,rainy,6.804870032,101.2209892,other,other,2022-02-14T06:20:00Z
6566101,14.02.2022 13:30,24.02.2022 13:50,Lampang,department of rural roads,private/passenger car,no traffic signs,other,1,0,1,clear,18.118078,99.580851,straight road,no slope,2022-02-14T06:30:00Z
6343963,14.02.2022 14:00,10.06.2022 09:34,Nakhon Nayok,department of highways,4-wheel pickup truck,speeding,rollover/fallen on straight road,1,0,0,rainy,14.19943788,101.1945078,straight road,no slope,2022-02-14T07:00:00Z
6531938,14.02.2022 14:20,11.07.2022 10:54,Chon Buri,department of highways,4-wheel pickup truck,speeding,rollover/fallen on straight road,1,0,1,rainy,13.04756039,101.0907197,straight road,no slope,2022-02-14T07:20:00Z
7310287,14.02.2022 14:20,14.11.2022 10:28,Khon Kaen,department of highways,6-wheel truck,speeding,head-on collision (not overtaking),2,0,0,rainy,16.56561358,103.102009,straight road,no slope,2022-02-14T07:20:00Z
6225830,14.02.2022 14:45,18.05.2022 10:37,Phetchabun,department of highways,4-wheel pickup truck,speeding,rollover/fallen on curved road,1,0,0,clear,16.77968441,101.1081219,wide curve,slope area,2022-02-14T07:45:00Z
6318087,14.02.2022 14:55,6.06.2022 10:40,Prachuap Khiri Khan,department of highways,4-wheel pickup truck,speeding,rollover/fallen on curved road,1,0,1,rainy,11.27217754,99.43714587,wide curve,no slope,2022-02-14T07:55:00Z
5788099,14.02.2022 15:00,23.02.2022 10:20,Nakhon Pathom,department of highways,4-wheel pickup truck,speeding,rollover/fallen on straight road,1,0,0,rainy,13.69000641,100.0840196,straight road,no slope,2022-02-14T08:00:00Z
6325505,14.02.2022 15:05,7.06.2022 14:49,Chon Buri,department of highways,large truck with trailer,speeding,rollover/fallen on straight road,1,0,1,rainy,13.10557179,100.920842,straight road,no slope,2022-02-14T08:05:00Z
5920579,14.02.2022 15:15,16.03.2022 09:53,Loei,department of highways,4-wheel pickup truck,speeding,rollover/fallen on straight road,1,0,0,clear,17.3178244,101.7001819,straight road,no slope,2022-02-14T08:15:00Z
5875471,14.02.2022 15:20,9.03.2022 13:58,Chon Buri,department of highways,4-wheel pickup truck,speeding,rollover/fallen on straight road,1,0,1,rainy,13.00785847,101.0663009,straight road,no slope,2022-02-14T08:20:00Z
6074424,14.02.2022 15:30,11.04.2022 13:20,Mae Hong Son,department of highways,4-wheel pickup truck,speeding,pedestrian collision,1,1,0,clear,18.60130178,97.942214,straight road,no slope,2022-02-14T08:30:00Z
7331105,14.02.2022 15:30,10.05.2022 11:57,Kanchanaburi,department of highways,4-wheel pickup truck,speeding,rollover/fallen on curved road,1,0,2,clear,14.30333603,99.00284527,wide curve,slope area,2022-02-14T08:30:00Z
7439228,14.02.2022 15:30,7.12.2022 10:49,Surin,department of highways,4-wheel pickup truck,speeding,rollover/fallen on straight road,1,0,1,clear,14.83285036,103.4865224,other,other,2022-02-14T08:30:00Z
6344120,14.02.2022 15:35,10.06.2022 09:47,Nakhon Nayok,department of highways,private/passenger car,speeding,rollover/fallen on straight road,1,0,2,rainy,14.13850037,101.1790824,straight road,no slope,2022-02-14T08:35:00Z
5843405,14.02.2022 15:56,4.03.2022 11:22,Pathum Thani,expressway authority of thailand,other,other,rollover/fallen on straight road,1,0,0,clear,14.022863,100.576812,straight road,other,2022-02-14T08:56:00Z
7425091,14.02.2022 16:00,2.12.2022 13:36,Songkhla,department of highways,4-wheel pickup truck,speeding,rollover/fallen on curved road,1,0,1,rainy,6.713251317,100.8387074,wide curve,slope area,2022-02-14T09:00:00Z
5919678,14.02.2022 16:16,16.03.2022 10:04,Kalasin,department of highways,other,speeding,rollover/fallen on curved road,1,0,0,clear,16.693051,103.2761192,other,other,2022-02-14T09:16:00Z
6191300,14.02.2022 16:30,12.05.2022 12:55,Prachuap Khiri Khan,department of highways,4-wheel pickup truck,speeding,rollover/fallen on straight road,1,0,0,rainy,11.23731646,99.43383603,other,other,2022-02-14T09:30:00Z
6128760,14.02.2022 16:50,20.04.2022 14:38,Loburi,department of highways,4-wheel pickup truck,speeding,rollover/fallen on straight road,1,0,1,clear,14.81485797,100.515764,straight road,no slope,2022-02-14T09:50:00Z
6325752,14.02.2022 17:17,7.06.2022 15:35,Chon Buri,department of highways,4-wheel pickup truck,cutting in closely by people/vehicles/animals,rear-end collision,2,0,1,clear,13.18026836,100.9952706,straight road,no slope,2022-02-14T10:17:00Z
6337017,14.02.2022 17:18,9.06.2022 09:23,Chon Buri,department of highways,private/passenger car,speeding,rollover/fallen on straight road,1,0,0,clear,13.34903894,101.0155615,straight road,no slope,2022-02-14T10:18:00Z
6507508,14.02.2022 18:10,7.07.2022 09:18,Suphan Buri,department of highways,6-wheel truck,speeding,rear-end collision,2,0,0,clear,14.62147096,100.1467109,other,other,2022-02-14T11:10:00Z
6337137,14.02.2022 19:10,9.06.2022 09:35,Chon Buri,department of highways,van,speeding,rollover/fallen on straight road,1,0,1,clear,13.10671077,100.9158584,straight road,no slope,2022-02-14T12:10:00Z
6219925,14.02.2022 21:30,17.05.2022 13:16,Nakhon Si Thammarat,department of highways,large truck with trailer,speeding,rollover/fallen on straight road,1,0,0,clear,8.303056598,99.49674188,other,other,2022-02-14T14:30:00Z