acc_code,incident_datetime,report_datetime,province_en,agency,vehicle_type,presumed_cause,accident_type,number_of_vehicles_involved,number_of_fatalities,number_of_injuries,weather_condition,latitude,longitude,road_description,slope_description,incident_time
7331109,14.02.2022 23:10,28.03.2022 15:10,Kalasin,department of highways,4-wheel pickup truck,speeding,rollover/fallen on curved road,1,0,0,rainy,16.79004603,103.8567558,wide curve,no slope,2022-02-14T16:10:00Z
5882198,14.02.2022 23:13,10.03.2022 12:10,Prachuap Khiri Khan,department of highways,motorcycle,cutting in closely by people/vehicles/animals,rear-end collision,3,2,0,clear,10.98756854,99.34204815,straight road,no slope,2022-02-14T16:13:00Z
6252858,14.02.2022 23:45,26.05.2022 11:13,Chiang Mai,department of highways,4-wheel pickup truck,speeding,rollover/fallen on straight road,1,0,1,clear,18.79843075,99.02056126,straight road,no slope,2022-02-14T16:45:00Z
5905157,14.02.2022 23:50,14.03.2022 09:09,Prachuap Khiri Khan,department of highways,4-wheel pickup truck,speeding,rollover/fallen on straight road,1,0,2,clear,12.156563,99.84582065,straight road,no slope,2022-02-14T16:50:00Z
6128004,15.02.2022 00:05,20.04.2022 11:07,Saraburi,department of highways,large truck with trailer,falling asleep,rollover/fallen on straight road,1,0,0,clear,14.31316808,100.8352473,straight road,no slope,2022-02-14T17:05:00Z
7380440,15.02.2022 00:30,24.11.2022 14:17,Nakhon Ratchasima,department of highways,4-wheel pickup truck,speeding,rollover/fallen on straight road,1,0,0,clear,15.46275162,102.5053167,straight road,no slope,2022-02-14T17:30:00Z
5998830,15.02.2022 01:15,29.03.2022 13:59,Chiang Mai,department of highways,private/passenger car,speeding,rollover/fallen on straight road,1,0,0,clear,18.77443421,99.06866936,straight road,no slope,2022-02-14T18:15:00Z
6345587,15.02.2022 01:48,10.06.2022 13:44,Samut Sakhon,department of highways,4-wheel pickup truck,speeding,rollover/fallen on straight road,1,0,0,clear,13.45434241,100.086675,straight road,no slope,2022-02-14T18:48:00Z
6086507,15.02.2022 02:00,13.04.2022 11:17,Chiang Mai,department of highways,private/passenger car,speeding,rollover/fallen on curved road,1,0,1,clear,19.01603803,99.30326878,wide curve,no slope,2022-02-14T19:00:00Z
6238275,15.02.2022 03:00,20.05.2022 08:57,Samut Songkhram,department of highways,4-wheel pickup truck,speeding,rollover/fallen on straight road,1,0,0,rainy,13.35702983,99.93501483,straight road,no slope,2022-02-14T20:00:00Z
5818088,15.02.2022 03:30,28.02.2022 11:10,Si Sa Ket,department of highways,4-wheel pickup truck,speeding,rollover/fallen on straight road,1,0,1,rainy,14.93676927,104.3959361,straight road,no slope,2022-02-14T20:30:00Z
6324503,15.02.2022 04:32,7.06.2022 10:44,Bangkok,department of highways,private/passenger car,speeding,rollover/fallen on straight road,1,0,0,clear,13.73319182,100.7933244,straight road,no slope,2022-02-14T21:32:00Z
6242186,15.02.2022 05:00,24.05.2022 10:56,Nakhon Ratchasima,department of highways,6-wheel truck,speeding,rollover/fallen on curved road,1,0,0,clear,14.43943885,101.880126,wide curve,no slope,2022-02-14T22:00:00Z
7425008,15.02.2022 05:20,2.12.2022 13:35,Songkhla,department of highways,4-wheel pickup truck,falling asleep,rollover/fallen on straight road,1,0,1,rainy,6.72719621,100.6944689,straight road,no slope,2022-02-14T22:20:00Z
6325217,15.02.2022 05:30,7.06.2022 13:49,Chon Buri,department of highways,large truck with trailer,debris/obstruction on the road,rear-end collision,4,0,0,clear,13.18202332,100.9957829,straight road,no slope,2022-02-14T22:30:00Z
5744680,15.02.2022 06:34,15.02.2022 09:29,Pathum Thani,department of highways,4-wheel pickup truck,speeding,rear-end collision,2,0,0,clear,14.1236406,100.6735906,straight road,no slope,2022-02-14T23:34:00Z
6238326,15.02.2022 06:50,20.05.2022 09:06,Ratchaburi,department of highways,6-wheel truck,speeding,rollover/fallen on straight road,1,0,11,rainy,13.37368928,99.82168882,straight road,no slope,2022-02-14T23:50:00Z
5747562,15.02.2022 07:05,16.02.2022 13:55,Bangkok,department of highways,private/passenger car,speeding,rear-end collision,2,0,0,clear,13.71244047,100.7000854,straight road,no slope,2022-02-15T00:05:00Z
6325328,15.02.2022 07:45,7.06.2022 14:05,Chon Buri,department of highways,4-wheel pickup truck,vehicle equipment failure,rear-end collision,2,0,0,clear,13.15602672,100.9874171,straight road,no slope,2022-02-15T00:45:00Z
5950877,15.02.2022 08:30,21.03.2022 15:07,Phetchaburi,department of highways,4-wheel pickup truck,speeding,rollover/fallen on straight road,1,0,0,rainy,13.12515839,99.87730442,other,other,2022-02-15T01:30:00Z
6177840,15.02.2022 09:00,10.05.2022 12:48,Kanchanaburi,department of highways,4-wheel pickup truck,running red lights/traffic signals,collision with obstruction (on road surface),2,0,1,clear,14.06221966,99.48729514,straight road,no slope,2022-02-15T02:00:00Z
6233463,15.02.2022 09:00,19.05.2022 14:02,Surat Thani,department of highways,6-wheel truck,vehicle equipment failure,rollover/fallen on straight road,1,0,2,clear,9.111588601,99.20466809,straight road,no slope,2022-02-15T02:00:00Z
6324450,15.02.2022 09:26,7.06.2022 10:32,Bangkok,department of highways,other,speeding,rollover/fallen on straight road,1,0,0,clear,13.87825391,100.6835067,straight road,no slope,2022-02-15T02:26:00Z
6507509,15.02.2022 09:30,7.07.2022 09:15,Suphan Buri,department of highways,6-wheel truck,cutting in closely by people/vehicles/animals,collision at intersection corner,2,0,0,clear,14.64264796,100.1482129,other,other,2022-02-15T02:30:00Z
6897547,15.02.2022 09:50,13.09.2022 15:14,Phetchaburi,department of highways,4-wheel pickup truck,speeding,rollover/fallen on curved road,1,0,0,rainy,12.80957296,99.9448344,wide curve,no slope,2022-02-15T02:50:00Z
6092776,15.02.2022 10:30,14.04.2022 10:13,Phrae,department of highways,4-wheel pickup truck,vehicle equipment failure,head-on collision (not overtaking),2,0,0,rainy,18.05583766,99.69948201,wide curve,slope area,2022-02-15T03:30:00Z
6918586,15.02.2022 10:45,16.09.2022 13:55,Phrae,department of highways,4-wheel pickup truck,speeding,rollover/fallen on curved road,1,0,0,rainy,18.03664438,99.70143734,wide curve,slope area,2022-02-15T03:45:00Z
6092766,15.02.2022 10:50,14.04.2022 10:11,Phrae,department of highways,4-wheel pickup truck,speeding,rollover/fallen on curved road,1,0,0,rainy,18.04355073,99.69999968,wide curve,slope area,2022-02-15T03:50:00Z
5882664,15.02.2022 11:00,10.03.2022 13:54,Chumphon,department of highways,large truck with trailer,speeding,rollover/fallen on straight road,1,0,0,rainy,10.88089539,99.25935565,straight road,no slope,2022-02-15T04:00:00Z
6386644,15.02.2022 11:30,17.06.2022 10:22,Mukdahan,department of highways,motorcycle,cutting in closely by people/vehicles/animals,rear-end collision,2,1,0,clear,16.58491479,104.4128582,other,other,2022-02-15T04:30:00Z
7331111,15.02.2022 11:30,15.03.2022 13:45,Kamphaeng Phet,department of highways,6-wheel truck,speeding,rollover/fallen on straight road,1,0,0,rainy,16.63068185,99.34764861,straight road,no slope,2022-02-15T04:30:00Z
6092744,15.02.2022 11:45,14.04.2022 10:09,Phrae,department of highways,4-wheel pickup truck,speeding,rollover/fallen on curved road,1,0,0,rainy,18.04109478,99.70009892,wide curve,slope area,2022-02-15T04:45:00Z
6252526,15.02.2022 12:20,26.05.2022 10:11,Chanthaburi,department of highways,motorcycle,cutting in closely by people/vehicles/animals,head-on collision (not overtaking),2,0,1,clear,12.51795499,102.1659395,other,other,2022-02-15T05:20:00Z
6086255,15.02.2022 12:30,13.04.2022 10:23,Lampang,department of highways,van,speeding,rollover/fallen on curved road,1,1,4,rainy,18.57207791,99.88261251,wide curve,slope area,2022-02-15T05:30:00Z
6232562,15.02.2022 12:53,19.05.2022 10:38,Surat Thani,department of highways,motorcycle,speeding,rear-end collision,2,0,2,clear,9.600964147,99.12705569,straight road,no slope,2022-02-15T05:53:00Z
6318739,15.02.2022 13:00,6.06.2022 12:02,Nakhon Si Thammarat,department of highways,6-wheel truck,speeding,rollover/fallen on straight road,1,0,0,rainy,8.202530575,99.58476661,straight road,no slope,2022-02-15T06:00:00Z
6325442,15.02.2022 13:15,7.06.2022 14:30,Bangkok,department of highways,4-wheel pickup truck,speeding,rollover/fallen on straight road,1,0,0,clear,13.82569588,100.675503,straight road,no slope,2022-02-15T06:15:00Z
5950875,15.02.2022 13:20,21.03.2022 15:06,Phetchaburi,department of highways,4-wheel pickup truck,speeding,collision with obstruction (on road surface),1,0,0,rainy,13.12515839,99.87730442,other,other,2022-02-15T06:20:00Z
7511216,15.02.2022 13:20,27.12.2022 10:28,Krabi,department of highways,private/passenger car,speeding,rollover/fallen on straight road,1,0,0,clear,8.130871897,99.01635556,straight road,no slope,2022-02-15T06:20:00Z
5747560,15.02.2022 13:30,16.02.2022 12:38,Suphan Buri,department of highways,4-wheel pickup truck,speeding,head-on collision (not overtaking),2,0,2,clear,14.18144596,100.0585332,straight road,no slope,2022-02-15T06:30:00Z
6092739,15.02.2022 14:00,14.04.2022 10:07,Phrae,department of highways,4-wheel pickup truck,speeding,rollover/fallen on curved road,1,0,0,rainy,18.03761098,99.6993479,wide curve,slope area,2022-02-15T07:00:00Z
6239751,15.02.2022 14:00,20.05.2022 13:54,Nakhon Si Thammarat,department of highways,7-10-wheel truck,speeding,rollover/fallen on straight road,1,0,0,rainy,8.14729426,99.82371657,other,other,2022-02-15T07:00:00Z
5789460,15.02.2022 14:30,23.02.2022 15:16,Phetchaburi,department of highways,large truck with trailer,speeding,rollover/fallen on straight road,1,0,0,rainy,12.69628267,99.90471928,straight road,no slope,2022-02-15T07:30:00Z
5999197,15.02.2022 14:32,29.03.2022 15:14,Prachin Buri,department of highways,large truck with trailer,speeding,rear-end collision,2,0,0,clear,14.04847898,101.7889497,wide curve,no slope,2022-02-15T07:32:00Z
6318019,15.02.2022 15:20,6.06.2022 10:39,Prachuap Khiri Khan,department of highways,4-wheel pickup truck,speeding,rollover/fallen on curved road,1,0,0,rainy,11.220065870000001,99.41336273,wide curve,no slope,2022-02-15T08:20:00Z
6183882,15.02.2022 15:25,11.05.2022 09:55,Chai Nat,department of highways,4-wheel pickup truck,speeding,rollover/fallen on curved road,1,0,0,rainy,15.32198274,100.1049301,wide curve,no slope,2022-02-15T08:25:00Z
6144119,15.02.2022 15:30,25.04.2022 14:08,Phrae,department of highways,4-wheel pickup truck,speeding,rollover/fallen on curved road,1,0,0,rainy,18.56248213,100.0983801,wide curve,slope area,2022-02-15T08:30:00Z
7380526,15.02.2022 15:30,24.11.2022 14:51,Buri Ram,department of highways,7-10-wheel truck,speeding,rollover/fallen on straight road,1,0,0,clear,15.02126402,103.0892953,straight road,no slope,2022-02-15T08:30:00Z
6144121,15.02.2022 15:35,25.04.2022 14:09,Phrae,department of highways,4-wheel pickup truck,speeding,rollover/fallen on straight road,1,0,0,rainy,18.56872174,100.0909343,straight road,no slope,2022-02-15T08:35:00Z
6144122,15.02.2022 15:40,25.04.2022 14:09,Phrae,department of highways,4-wheel pickup truck,speeding,rollover/fallen on straight road,1,0,0,rainy,18.57037949,100.0897515,straight road,slope area,2022-02-15T08:40:00Z
5882721,15.02.2022 16:00,10.03.2022 14:04,Chumphon,department of highways,large truck with trailer,speeding,rollover/fallen on curved road,1,0,0,rainy,10.87642812,99.25284861,wide curve,no slope,2022-02-15T09:00:00Z
6238195,15.02.2022 16:20,20.05.2022 08:44,Samut Songkhram,department of highways,private/passenger car,speeding,rear-end collision,2,0,0,clear,13.35946201,99.94314192,straight road,no slope,2022-02-15T09:20:00Z
6003950,15.02.2022 16:30,30.03.2022 10:08,Chiang Mai,department of highways,4-wheel pickup truck,speeding,rollover/fallen on straight road,1,0,0,clear,18.9212165,98.99335025,straight road,no slope,2022-02-15T09:30:00Z
6386648,15.02.2022 16:30,17.06.2022 10:24,Kalasin,department of highways,large truck with trailer,speeding,collision with obstruction (on road surface),1,0,1,clear,16.61169624,103.9585268,other,other,2022-02-15T09:30:00Z
6325262,15.02.2022 16:36,7.06.2022 13:59,Chon Buri,department of highways,private/passenger car,speeding,rear-end collision,5,0,0,rainy,13.38785831,101.0461199,straight road,no slope,2022-02-15T09:36:00Z
6092328,15.02.2022 16:40,14.04.2022 08:29,Phrae,department of highways,4-wheel pickup truck,speeding,rollover/fallen on curved road,1,0,1,rainy,17.9201903,100.0664404,wide curve,no slope,2022-02-15T09:40:00Z
6549491,15.02.2022 17:00,14.07.2022 12:58,Chaiyaphum,department of highways,private/passenger car,speeding,head-on collision (not overtaking),2,2,0,clear,16.12979822,102.2809741,straight road,no slope,2022-02-15T10:00:00Z
6318525,15.02.2022 17:20,6.06.2022 11:35,Surat Thani,department of highways,4-wheel pickup truck,speeding,rollover/fallen on straight road,1,0,0,rainy,9.296422765,99.14822637,straight road,no slope,2022-02-15T10:20:00Z
5920237,15.02.2022 17:30,15.03.2022 13:42,Kamphaeng Phet,department of highways,large truck with trailer,overloaded vehicle,rollover/fallen on curved road,1,0,0,clear,16.31041928,100.0134373,sharp curve,no slope,2022-02-15T10:30:00Z
7517667,15.02.2022 17:30,29.12.2022 11:00,Phitsanulok,department of highways,4-wheel pickup truck,speeding,rollover/fallen on straight road,1,0,0,rainy,16.86500518,100.2388152,straight road,no slope,2022-02-15T10:30:00Z
5955592,15.02.2022 18:10,22.03.2022 08:53,Phetchaburi,department of highways,private/passenger car,speeding,rollover/fallen on curved road,1,0,0,rainy,12.80573344,99.95039462,wide curve,no slope,2022-02-15T11:10:00Z
6324742,15.02.2022 18:25,7.06.2022 11:32,Samut Prakan,department of highways,6-wheel truck,vehicle equipment failure,other,1,0,0,clear,13.66398919,100.8532315,straight road,no slope,2022-02-15T11:25:00Z
6325647,15.02.2022 18:33,7.06.2022 15:15,Bangkok,department of highways,4-wheel pickup truck,speeding,rear-end collision,3,0,0,clear,13.73081817,100.7191023,straight road,no slope,2022-02-15T11:33:00Z
6566086,15.02.2022 18:40,21.02.2022 16:12,Phra Nakhon Si Ayutthaya,department of rural roads,motorcycle,failure to yield right of way,other,3,0,2,clear,14.307498,100.412707,straight road,no slope,2022-02-15T11:40:00Z
6325649,15.02.2022 18:49,7.06.2022 15:17,Samut Prakan,department of highways,private/passenger car,speeding,rear-end collision,4,0,1,rainy,13.65856803,100.8616483,straight road,no slope,2022-02-15T11:49:00Z
6232514,15.02.2022 18:50,19.05.2022 10:20,Surat Thani,department of highways,4-wheel pickup truck,speeding,rollover/fallen on straight road,1,0,3,rainy,9.588417743,99.1280642,straight road,no slope,2022-02-15T11:50:00Z
7414388,15.02.2022 19:00,28.11.2022 13:41,Nakhon Ratchasima,department of highways,private/passenger car,speeding,rollover/fallen on straight road,1,0,0,clear,14.95850634,102.0460474,straight road,no slope,2022-02-15T12:00:00Z
5747563,15.02.2022 19:05,16.02.2022 14:14,Bangkok,department of highways,private/passenger car,speeding,rear-end collision,3,0,0,rainy,13.73177441,100.7113266,straight road,no slope,2022-02-15T12:05:00Z
7556042,15.02.2022 19:30,11.01.2023 09:55,Si Sa Ket,department of highways,7-10-wheel truck,falling asleep,rollover/fallen on straight road,1,0,0,clear,14.46418629,104.0604159,straight road,no slope,2022-02-15T12:30:00Z
5920467,15.02.2022 19:35,16.03.2022 06:52,Sukhothai,department of highways,motorcycle,speeding,rear-end collision,2,0,1,clear,17.13652539,99.88168715,straight road,no slope,2022-02-15T12:35:00Z
6144194,15.02.2022 20:00,25.04.2022 15:09,Phrae,department of highways,motorcycle,speeding,rear-end collision,2,1,1,clear,18.23921789,100.2942297,straight road,no slope,2022-02-15T13:00:00Z
6325527,15.02.2022 20:09,7.06.2022 14:51,Pathum Thani,department of highways,4-wheel pickup truck,speeding,rollover/fallen on straight road,1,0,0,rainy,14.00510498,100.7061204,straight road,no slope,2022-02-15T13:09:00Z
7419585,15.02.2022 20:30,30.11.2022 14:03,Songkhla,department of highways,4-wheel pickup truck,speeding,rollover/fallen on straight road,1,0,0,rainy,6.836847376,100.4659581,other,other,2022-02-15T13:30:00Z
6325676,15.02.2022 20:37,7.06.2022 15:22,Bangkok,department of highways,4-wheel pickup truck,speeding,rear-end collision,3,0,0,rainy,13.73309281,100.7924205,straight road,no slope,2022-02-15T13:37:00Z
6177715,15.02.2022 21:10,10.05.2022 12:15,Kanchanaburi,department of highways,4-wheel pickup truck,speeding,rollover/fallen on straight road,1,0,1,clear,14.06412679,99.50010268,straight road,no slope,2022-02-15T14:10:00Z
5999211,15.02.2022 22:00,29.03.2022 15:15,Prachin Buri,department of highways,private/passenger car,speeding,head-on collision (not overtaking),2,1,1,clear,13.93438738,101.561906,wide curve,no slope,2022-02-15T15:00:00Z
6252882,15.02.2022 22:00,26.05.2022 11:18,Samut Sakhon,department of highways,motorcycle,running red lights/traffic signals,collision with obstruction (on road surface),2,0,1,clear,13.60835123,100.3758278,straight road,no slope,2022-02-15T15:00:00Z
6209653,15.02.2022 23:00,15.05.2022 13:34,Surat Thani,department of highways,private/passenger car,speeding,collision with obstruction (on road surface),2,1,2,rainy,8.634358185,99.36408518,straight road,no slope,2022-02-15T16:00:00Z
6918314,16.02.2022 00:30,16.09.2022 13:15,Nakhon Ratchasima,department of highways,large truck with trailer,speeding,rollover/fallen on curved road,1,0,0,clear,15.1056865,101.449103,wide curve,no slope,2022-02-15T17:30:00Z
6507494,16.02.2022 01:56,7.07.2022 09:14,Suphan Buri,department of highways,4-wheel pickup truck,speeding,rollover/fallen on straight road,1,0,0,clear,14.56095218,100.1415047,straight road,no slope,2022-02-15T18:56:00Z
6117267,16.02.2022 02:45,18.04.2022 14:40,Nan,department of highways,private/passenger car,speeding,rollover/fallen on straight road,1,0,0,clear,18.75109717,100.7578254,straight road,no slope,2022-02-15T19:45:00Z
7439440,16.02.2022 03:00,7.12.2022 10:43,Ubon Ratchathani,department of highways,6-wheel truck,falling asleep,rollover/fallen on straight road,1,0,0,clear,15.31078904,104.8988879,straight road,no slope,2022-02-15T20:00:00Z
6566096,16.02.2022 04:00,24.02.2022 13:46,Nonthaburi,department of rural roads,motorcycle,slippery road,other,1,1,1,clear,13.919413,100.4907,wide curve,other,2022-02-15T21:00:00Z
7439287,16.02.2022 04:00,7.12.2022 13:52,Chaiyaphum,department of highways,large truck with trailer,overloaded vehicle,rollover/fallen on straight road,1,0,0,clear,15.62971923,101.9277406,straight road,no slope,2022-02-15T21:00:00Z
6176421,16.02.2022 05:00,10.05.2022 08:44,Sing Buri,department of highways,4-wheel pickup truck,speeding,rollover/fallen on straight road,1,0,0,clear,14.8200051,100.2190205,straight road,no slope,2022-02-15T22:00:00Z
5819530,16.02.2022 06:00,28.02.2022 16:31,Chumphon,department of highways,7-10-wheel truck,speeding,rollover/fallen on straight road,1,0,0,rainy,9.832626121,99.05738531,straight road,no slope,2022-02-15T23:00:00Z
7380547,16.02.2022 06:00,24.11.2022 14:46,Buri Ram,department of highways,large truck with trailer,speeding,rollover/fallen on straight road,1,0,0,clear,14.63726826,103.2152063,straight road,no slope,2022-02-15T23:00:00Z
6508799,16.02.2022 06:50,7.07.2022 14:29,Ang Thong,department of highways,motorcycle,speeding,rear-end collision,2,0,2,clear,14.68769157,100.4626053,straight road,no slope,2022-02-15T23:50:00Z
5999020,16.02.2022 10:07,29.03.2022 14:36,Maha Sarakham,department of highways,4-wheel pickup truck,speeding,rollover/fallen on straight road,1,0,0,clear,16.16781522,103.2817411,wide curve,no slope,2022-02-16T03:07:00Z
6146623,16.02.2022 11:03,29.04.2022 09:55,Nakhon Sawan,department of highways,motorcycle,speeding,rear-end collision,2,0,3,clear,15.63684827,99.55402581,straight road,no slope,2022-02-16T04:03:00Z
6144706,16.02.2022 11:20,26.04.2022 11:34,Nakhon Ratchasima,department of highways,7-10-wheel truck,speeding,rollover/fallen on straight road,1,0,0,rainy,14.75994849,102.2812182,straight road,no slope,2022-02-16T04:20:00Z
6232329,16.02.2022 12:10,19.05.2022 09:46,Surat Thani,department of highways,private/passenger car,cutting in closely by people/vehicles/animals,head-on collision (not overtaking),2,0,2,clear,9.574760042,99.11064325,other,other,2022-02-16T05:10:00Z
7439013,16.02.2022 13:00,7.12.2022 10:46,Ubon Ratchathani,department of highways,4-wheel pickup truck,falling asleep,rollover/fallen on straight road,1,0,0,clear,16.03875813,105.2043298,wide curve,no slope,2022-02-16T06:00:00Z
6566080,16.02.2022 14:20,18.02.2022 15:52,Bangkok,department of rural roads,motorcycle,speeding,other,1,0,0,clear,13.663391,100.515661,grade-separated intersection/ramps,other,2022-02-16T07:20:00Z
6149524,16.02.2022 14:30,5.05.2022 14:44,Nakhon Sawan,department of highways,4-wheel pickup truck,speeding,rollover/fallen on straight road,1,0,1,clear,15.92037092,100.1120433,straight road,no slope,2022-02-16T07:30:00Z
7331114,16.02.2022 14:30,10.06.2022 09:18,Chon Buri,department of highways,7-10-wheel truck,speeding,rear-end collision,2,0,0,clear,13.36286494,101.1965221,straight road,no slope,2022-02-16T07:30:00Z
6233490,16.02.2022 15:00,19.05.2022 14:08,Surat Thani,department of highways,other,speeding,rollover/fallen on straight road,1,0,0,rainy,9.071543091,99.17568682,straight road,no slope,2022-02-16T08:00:00Z
6253318,16.02.2022 15:00,26.05.2022 13:13,Pathum Thani,department of highways,4-wheel pickup truck,speeding,rollover/fallen on straight road,1,0,0,clear,14.0299547,100.5315998,straight road,no slope,2022-02-16T08:00:00Z
5875410,16.02.2022 15:30,9.03.2022 13:47,Chumphon,department of highways,private/passenger car,speeding,rear-end collision,2,0,1,rainy,10.61624228,99.17306362,other,other,2022-02-16T08:30:00Z
6253288,16.02.2022 15:30,26.05.2022 13:08,Suphan Buri,department of highways,private/passenger car,cutting in closely by people/vehicles/animals,rear-end collision,2,0,0,clear,14.3914322,100.1717788,straight road,no slope,2022-02-16T08:30:00Z
7380542,16.02.2022 16:00,24.11.2022 14:54,Buri Ram,department of highways,large truck with trailer,speeding,rollover/fallen on straight road,1,0,0,clear,14.63731238,103.2151955,straight road,no slope,2022-02-16T09:00:00Z
6092767,16.02.2022 17:30,14.04.2022 10:10,Phrae,department of highways,7-10-wheel truck,speeding,rollover/fallen on curved road,1,0,0,clear,18.04336711,99.70042883,wide curve,slope area,2022-02-16T10:30:00Z
6336877,16.02.2022 17:30,9.06.2022 08:59,Prachuap Khiri Khan,department of highways,4-wheel pickup truck,speeding,rollover/fallen on straight road,1,0,0,rainy,11.40984156,99.52190904,straight road,no slope,2022-02-16T10:30:00Z
6508666,16.02.2022 17:50,7.07.2022 14:09,Suphan Buri,department of highways,4-wheel pickup truck,speeding,rollover/fallen on curved road,1,0,0,rainy,14.3988287,100.1573109,sharp curve,slope area,2022-02-16T10:50:00Z
5920291,16.02.2022 18:00,15.03.2022 14:09,Tak,department of highways,large truck with trailer,falling asleep,rollover/fallen on straight road,1,0,1,rainy,16.67516871,99.26756857,straight road,no slope,2022-02-16T11:00:00Z
6724276,16.02.2022 18:00,15.08.2022 13:55,Suphan Buri,department of highways,4-wheel pickup truck,speeding,rollover/fallen on curved road,1,0,0,rainy,14.36657535,100.1468181,wide curve,no slope,2022-02-16T11:00:00Z
7424873,16.02.2022 18:00,2.12.2022 11:51,Nakhon Ratchasima,department of highways,other,speeding,rollover/fallen on straight road,1,0,0,clear,14.64064194,101.5095144,straight road,no slope,2022-02-16T11:00:00Z
6086465,16.02.2022 19:50,13.04.2022 11:08,Lampang,department of highways,motorcycle,speeding,rear-end collision,2,1,0,clear,18.30696683,99.4696006,wide curve,no slope,2022-02-16T12:50:00Z
7290424,16.02.2022 21:00,11.11.2022 09:50,Phitsanulok,department of highways,4-wheel pickup truck,speeding,rollover/fallen on curved road,1,0,0,rainy,16.90105828,100.8044502,wide curve,no slope,2022-02-16T14:00:00Z
6225827,16.02.2022 21:15,18.05.2022 10:37,Loei,department of highways,private/passenger car,speeding,rollover/fallen on straight road,1,0,1,clear,17.42603498,101.7246008,straight road,no slope,2022-02-16T14:15:00Z
6086103,16.02.2022 22:00,13.04.2022 09:48,Uttaradit,department of highways,4-wheel pickup truck,speeding,rollover/fallen on straight road,1,0,0,clear,17.60365519,100.0847921,straight road,no slope,2022-02-16T15:00:00Z
5997843,16.02.2022 22:50,29.03.2022 09:31,Kalasin,department of highways,private/passenger car,speeding,rollover/fallen on curved road,1,0,2,rainy,16.78572169,103.85553,sharp curve,slope area,2022-02-16T15:50:00Z
6144777,16.02.2022 23:20,26.04.2022 14:15,Satun,department of highways,van,speeding,rollover/fallen on curved road,1,0,2,clear,6.893600756,99.78930919,other,other,2022-02-16T16:20:00Z
5751579,17.02.2022 01:54,17.02.2022 05:01,Samut Prakan,expressway authority of thailand,6-wheel truck,other,rear-end collision,3,0,4,clear,13.622127,100.665321,straight road,other,2022-02-16T18:54:00Z
5751599,17.02.2022 03:30,17.02.2022 05:05,Samut Prakan,expressway authority of thailand,other,other,collision with obstruction (on road surface),1,0,0,rainy,13.619125,100.611574,straight road,other,2022-02-16T20:30:00Z
6208038,17.02.2022 04:00,15.05.2022 06:52,Surat Thani,department of highways,7-10-wheel truck,speeding,rollover/fallen on curved road,1,0,0,rainy,8.560686376,99.34353678,other,other,2022-02-16T21:00:00Z
5758944,17.02.2022 04:11,18.02.2022 10:49,Pathum Thani,department of highways,7-10-wheel truck,speeding,rear-end collision,2,0,0,clear,14.04812251,100.6981757,straight road,no slope,2022-02-16T21:11:00Z
6325528,17.02.2022 04:46,7.06.2022 14:53,Bangkok,department of highways,private/passenger car,speeding,rollover/fallen on straight road,1,0,1,rainy,13.72983588,100.7563019,other,other,2022-02-16T21:46:00Z
6144108,17.02.2022 05:30,25.04.2022 13:52,Phrae,department of highways,4-wheel pickup truck,falling asleep,rollover/fallen on curved road,1,0,4,clear,18.37524164,100.4097926,wide curve,no slope,2022-02-16T22:30:00Z
6171404,17.02.2022 06:30,9.05.2022 13:15,Saraburi,department of highways,4-wheel pickup truck,speeding,rollover/fallen on straight road,1,0,0,clear,14.46051123,100.9049928,straight road,no slope,2022-02-16T23:30:00Z
5997916,17.02.2022 08:20,29.03.2022 09:45,Nakhon Phanom,department of highways,4-wheel pickup truck,speeding,rear-end collision,4,0,0,clear,17.38244819,104.7560415,straight road,no slope,2022-02-17T01:20:00Z
6233460,17.02.2022 08:30,19.05.2022 14:04,Surat Thani,department of highways,4-wheel pickup truck,speeding,rollover/fallen on straight road,1,0,0,rainy,9.406813483,99.16516988,straight road,no slope,2022-02-17T01:30:00Z
7443437,17.02.2022 08:45,8.12.2022 10:31,Bangkok,department of highways,6-wheel truck,speeding,rear-end collision,2,0,0,clear,13.7496165,100.4058391,straight road,no slope,2022-02-17T01:45:00Z
6086363,17.02.2022 09:00,13.04.2022 10:48,Lampang,department of highways,4-wheel pickup truck,speeding,rollover/fallen on straight road,1,0,1,clear,18.60965744,100.0373143,straight road,no slope,2022-02-17T02:00:00Z
7027254,17.02.2022 09:00,3.10.2022 11:09,Songkhla,department of highways,other,speeding,rollover/fallen on straight road,1,0,0,clear,6.971551,100.4940918,straight road,no slope,2022-02-17T02:00:00Z
6531943,17.02.2022 09:30,11.07.2022 10:50,Rayong,department of highways,other,speeding,rollover/fallen on straight road,1,0,0,clear,12.72849653,101.213538,straight road,no slope,2022-02-17T02:30:00Z
7424973,17.02.2022 09:50,2.12.2022 10:46,Songkhla,department of highways,4-wheel pickup truck,speeding,rollover/fallen on straight road,1,0,0,rainy,6.982109873,100.6735048,straight road,no slope,2022-02-17T02:50:00Z
6363131,17.02.2022 10:00,13.06.2022 13:32,Bangkok,department of highways,other,speeding,rollover/fallen on straight road,1,0,0,clear,13.73227728,100.7809272,straight road,no slope,2022-02-17T03:00:00Z
5765705,17.02.2022 10:45,19.02.2022 11:08,Chon Buri,department of highways,4-wheel pickup truck,speeding,rear-end collision,2,0,0,clear,13.24930545,100.9936774,straight road,no slope,2022-02-17T03:45:00Z