acc_code,incident_datetime,report_datetime,province_en,agency,vehicle_type,presumed_cause,accident_type,number_of_vehicles_involved,number_of_fatalities,number_of_injuries,weather_condition,latitude,longitude,road_description,slope_description,incident_time
6147823,17.02.2022 11:05,30.04.2022 23:32,Ang Thong,department of highways,4-wheel pickup truck,speeding,rollover/fallen on straight road,1,0,0,clear,14.64473181,100.4744205,other,other,2022-02-17T04:05:00Z
5875379,17.02.2022 11:30,9.03.2022 13:44,Chumphon,department of highways,4-wheel pickup truck,speeding,collision at intersection corner,2,0,0,rainy,10.75768634,99.20076279,other,other,2022-02-17T04:30:00Z
6242228,17.02.2022 11:30,24.05.2022 11:39,Phangnga,department of highways,4-wheel pickup truck,speeding,rollover/fallen on curved road,1,0,0,rainy,8.302085198,98.29468845,wide curve,no slope,2022-02-17T04:30:00Z
6331507,17.02.2022 12:30,8.06.2022 13:57,Nakhon Pathom,department of highways,4-wheel pickup truck,speeding,rollover/fallen on curved road,1,0,0,rainy,13.95296102,100.0711048,wide curve,no slope,2022-02-17T05:30:00Z
6507832,17.02.2022 12:40,7.07.2022 10:36,Ang Thong,department of highways,motorcycle,cutting in closely by people/vehicles/animals,rear-end collision,2,1,0,clear,14.59149788,100.3173047,straight road,no slope,2022-02-17T05:40:00Z
6943062,17.02.2022 12:41,20.09.2022 08:34,Phra Nakhon Si Ayutthaya,department of highways,large truck with trailer,speeding,rollover/fallen on curved road,1,0,0,clear,14.23650937,100.7291713,wide curve,no slope,2022-02-17T05:41:00Z
5754446,17.02.2022 13:10,17.02.2022 16:16,Suphan Buri,department of highways,large truck with trailer,speeding,rollover/fallen on curved road,1,0,0,rainy,14.46055019,100.1853829,wide curve,no slope,2022-02-17T06:10:00Z
6003777,17.02.2022 13:10,30.03.2022 09:24,Buri Ram,department of highways,large truck with trailer,speeding,rollover/fallen on straight road,1,0,0,clear,15.55557291,102.9695803,other,other,2022-02-17T06:10:00Z
6318014,17.02.2022 13:20,6.06.2022 10:37,Nakhon Si Thammarat,department of highways,private/passenger car,speeding,rollover/fallen on straight road,1,0,1,rainy,8.355471454,99.93445961,straight road,no slope,2022-02-17T06:20:00Z
7424954,17.02.2022 13:30,2.12.2022 13:44,Songkhla,department of highways,7-10-wheel truck,speeding,rollover/fallen on straight road,1,0,0,clear,6.636346145,100.4167825,straight road,no slope,2022-02-17T06:30:00Z
7424876,17.02.2022 14:00,2.12.2022 10:32,Chiang Mai,department of highways,motorcycle,cutting in closely by people/vehicles/animals,rear-end collision,2,0,0,clear,19.36855325,99.20514821,other,other,2022-02-17T07:00:00Z
5875381,17.02.2022 15:00,9.03.2022 13:41,Chumphon,department of highways,4-wheel pickup truck,speeding,rollover/fallen on straight road,1,0,0,clear,10.78866,99.19217973,other,other,2022-02-17T08:00:00Z
5830153,17.02.2022 17:25,2.03.2022 11:16,Bangkok,department of highways,passenger pickup truck,speeding,rear-end collision,3,0,1,clear,13.74147987,100.6422087,straight road,no slope,2022-02-17T10:25:00Z
7425560,17.02.2022 17:30,2.12.2022 14:38,Songkhla,department of highways,4-wheel pickup truck,speeding,other,1,0,1,clear,6.912008464,100.728997,wide curve,no slope,2022-02-17T10:30:00Z
5818079,17.02.2022 17:40,28.02.2022 11:13,Phra Nakhon Si Ayutthaya,department of highways,large passenger vehicle,speeding,rollover/fallen on straight road,1,0,2,rainy,14.44275062,100.5419397,straight road,no slope,2022-02-17T10:40:00Z
6073225,17.02.2022 18:30,11.04.2022 09:02,Chiang Mai,department of highways,4-wheel pickup truck,speeding,rollover/fallen on curved road,1,0,0,rainy,19.32125052,98.95485787,wide curve,slope area,2022-02-17T11:30:00Z
7027442,17.02.2022 19:00,3.10.2022 11:47,Nakhon Ratchasima,department of highways,6-wheel truck,speeding,rollover/fallen on straight road,1,0,2,rainy,14.88446483,102.0713648,straight road,no slope,2022-02-17T12:00:00Z
6566083,17.02.2022 19:27,21.02.2022 09:49,Nakhon Ratchasima,department of rural roads,private/passenger car,straddling lanes,other,2,0,1,rainy,14.440875,101.675038,straight road,no slope,2022-02-17T12:27:00Z
6073953,17.02.2022 20:00,11.04.2022 11:35,Chiang Mai,department of highways,4-wheel pickup truck,speeding,rollover/fallen on straight road,1,0,0,clear,19.80236098,99.16762678,straight road,no slope,2022-02-17T13:00:00Z
6144704,17.02.2022 20:00,26.04.2022 11:30,Nakhon Ratchasima,department of highways,4-wheel pickup truck,speeding,rollover/fallen on curved road,1,0,0,rainy,14.552533,102.2145277,wide curve,slope area,2022-02-17T13:00:00Z
6918603,17.02.2022 20:10,16.09.2022 14:03,Phetchabun,department of highways,4-wheel pickup truck,speeding,collision with obstruction (on road surface),1,0,0,rainy,16.76297879,101.1421913,other,other,2022-02-17T13:10:00Z
6507729,17.02.2022 20:20,7.07.2022 10:11,Phra Nakhon Si Ayutthaya,department of highways,pedestrian,speeding,pedestrian collision,1,1,0,rainy,14.47421383,100.5333862,other,other,2022-02-17T13:20:00Z
6325502,17.02.2022 20:22,7.06.2022 14:47,Pathum Thani,department of highways,4-wheel pickup truck,speeding,rear-end collision,3,0,0,clear,14.00847776,100.7046103,straight road,no slope,2022-02-17T13:22:00Z
5998106,17.02.2022 20:40,29.03.2022 10:43,Sakon Nakhon,department of highways,private/passenger car,speeding,rollover/fallen on straight road,1,1,0,clear,17.62658137,103.962121,straight road,no slope,2022-02-17T13:40:00Z
5919815,17.02.2022 21:30,16.03.2022 06:42,Sukhothai,department of highways,4-wheel pickup truck,speeding,rollover/fallen on straight road,1,0,0,rainy,17.01115881,99.83719199,straight road,no slope,2022-02-17T14:30:00Z
7414627,17.02.2022 21:30,29.11.2022 09:06,Nakhon Ratchasima,department of highways,large truck with trailer,speeding,rollover/fallen on curved road,1,0,0,clear,14.85059755,101.5771624,wide curve,no slope,2022-02-17T14:30:00Z
6220213,17.02.2022 22:30,17.05.2022 14:24,Phatthalung,department of highways,4-wheel pickup truck,falling asleep,rollover/fallen on straight road,1,0,0,clear,7.583177981,100.0527048,straight road,no slope,2022-02-17T15:30:00Z
6318703,17.02.2022 22:30,6.06.2022 11:57,Surat Thani,department of highways,4-wheel pickup truck,falling asleep,rollover/fallen on curved road,1,0,0,clear,8.966240797,99.01449143,other,other,2022-02-17T15:30:00Z
6566098,17.02.2022 23:50,24.02.2022 13:47,Chiang Mai,department of rural roads,private/passenger car,speeding,other,1,0,1,clear,18.822712,99.014935,wide curve,no slope,2022-02-17T16:50:00Z
6049048,18.02.2022 00:05,7.04.2022 10:21,Loei,department of highways,4-wheel pickup truck,speeding,rollover/fallen on straight road,1,0,0,clear,17.33376101,101.7572164,straight road,no slope,2022-02-17T17:05:00Z
6049068,18.02.2022 00:05,7.04.2022 10:25,Loei,department of highways,4-wheel pickup truck,speeding,rollover/fallen on straight road,1,0,0,clear,17.84871499,101.6577762,straight road,no slope,2022-02-17T17:05:00Z
6324379,18.02.2022 00:55,7.06.2022 10:23,Chon Buri,department of highways,4-wheel pickup truck,speeding,rollover/fallen on straight road,1,0,0,clear,13.45370852,101.0965401,straight road,no slope,2022-02-17T17:55:00Z
5759861,18.02.2022 01:30,18.02.2022 14:09,Chaiyaphum,department of highways,6-wheel truck,speeding,rollover/fallen on straight road,1,0,1,clear,16.0062339,102.2273192,straight road,no slope,2022-02-17T18:30:00Z
7422393,18.02.2022 01:50,1.12.2022 13:26,Chiang Mai,department of highways,private/passenger car,speeding,rollover/fallen on straight road,1,0,1,clear,18.927316,98.99136274,straight road,no slope,2022-02-17T18:50:00Z
7419055,18.02.2022 02:00,30.11.2022 11:53,Maha Sarakham,department of highways,large truck with trailer,speeding,rollover/fallen on straight road,1,0,2,clear,15.50868675,103.1908035,straight road,no slope,2022-02-17T19:00:00Z
6144766,18.02.2022 02:30,26.04.2022 14:07,Sa Kaeo,department of highways,7-10-wheel truck,speeding,rollover/fallen on straight road,1,0,0,rainy,13.55873914,102.1518552,straight road,no slope,2022-02-17T19:30:00Z
6144767,18.02.2022 04:50,26.04.2022 14:06,Sa Kaeo,department of highways,private/passenger car,speeding,rollover/fallen on straight road,1,0,0,foggy,13.43687721,102.2007277,other,other,2022-02-17T21:50:00Z
6144768,18.02.2022 05:40,26.04.2022 14:06,Sa Kaeo,department of highways,7-10-wheel truck,speeding,rollover/fallen on straight road,1,0,0,foggy,13.45611103,102.2029003,straight road,no slope,2022-02-17T22:40:00Z
6144129,18.02.2022 06:00,25.04.2022 14:18,Nakhon Ratchasima,department of highways,large truck with trailer,speeding,rollover/fallen on curved road,1,0,0,clear,14.85090088,101.5749067,wide curve,no slope,2022-02-17T23:00:00Z
6162065,18.02.2022 06:30,7.05.2022 16:17,Loburi,department of highways,private/passenger car,speeding,rollover/fallen on straight road,1,0,0,clear,14.83540688,100.6451967,straight road,no slope,2022-02-17T23:30:00Z
7511279,18.02.2022 06:30,27.12.2022 09:02,Kanchanaburi,department of highways,motorcycle,speeding,pedestrian collision,1,1,2,rainy,14.29459261,99.50504868,straight road,no slope,2022-02-17T23:30:00Z
6177693,18.02.2022 07:30,10.05.2022 12:13,Kanchanaburi,department of highways,4-wheel pickup truck,unfamiliarity with the route/unskilled driving,head-on collision (not overtaking),3,0,2,clear,14.26581541,99.23707454,wide curve,no slope,2022-02-18T00:30:00Z
6092823,18.02.2022 08:00,14.04.2022 10:20,Phrae,department of highways,motorcycle,cutting in closely by people/vehicles/animals,head-on collision (not overtaking),2,0,2,clear,18.18678603,100.1858094,straight road,no slope,2022-02-18T01:00:00Z
7565632,18.02.2022 08:30,20.01.2023 13:17,Trang,department of highways,4-wheel pickup truck,speeding,other,1,0,0,clear,7.576118939,99.78495328,wide curve,slope area,2022-02-18T01:30:00Z
6507455,18.02.2022 08:40,7.07.2022 09:04,Suphan Buri,department of highways,6-wheel truck,speeding,rollover/fallen on curved road,1,0,0,rainy,14.44540519,100.1273131,other,other,2022-02-18T01:40:00Z
6117485,18.02.2022 09:30,18.04.2022 15:18,Nan,department of highways,other,speeding,rollover/fallen on curved road,1,0,0,clear,18.9869165,100.9361333,wide curve,no slope,2022-02-18T02:30:00Z
6507492,18.02.2022 09:35,7.07.2022 09:12,Suphan Buri,department of highways,4-wheel pickup truck,running red lights/traffic signals,head-on collision (not overtaking),2,0,0,clear,14.61738845,100.150533,straight road,no slope,2022-02-18T02:35:00Z
6128635,18.02.2022 09:40,20.04.2022 14:05,Saraburi,department of highways,motorcycle,speeding,rollover/fallen on straight road,1,0,1,clear,14.63891099,101.1360141,straight road,no slope,2022-02-18T02:40:00Z
5759264,18.02.2022 09:52,18.02.2022 11:49,Samut Prakan,expressway authority of thailand,other,other,rear-end collision,2,0,1,clear,13.597342,100.798193,straight road,other,2022-02-18T02:52:00Z
7380514,18.02.2022 10:00,24.11.2022 14:33,Buri Ram,department of highways,other,speeding,rollover/fallen on straight road,1,0,0,clear,14.86579234,103.2973704,straight road,no slope,2022-02-18T03:00:00Z
7565406,18.02.2022 10:00,20.01.2023 11:01,Trang,department of highways,other,speeding,rollover/fallen on straight road,1,0,0,clear,7.541656922,99.6109557,other,other,2022-02-18T03:00:00Z
6144174,18.02.2022 10:45,25.04.2022 14:51,Phrae,department of highways,motorcycle,cutting in closely by people/vehicles/animals,rear-end collision,2,0,1,clear,18.08814985,99.84292387,connecting to school area,other,2022-02-18T03:45:00Z
6943071,18.02.2022 10:50,20.09.2022 08:38,Suphan Buri,department of highways,4-wheel pickup truck,speeding,collision with obstruction (on road surface),1,0,0,rainy,14.44739999,100.1148864,other,other,2022-02-18T03:50:00Z
5920665,18.02.2022 11:40,16.03.2022 11:03,Maha Sarakham,department of highways,motorcycle,speeding,rear-end collision,2,0,1,clear,15.5169985,103.2512283,straight road,no slope,2022-02-18T04:40:00Z
6144705,18.02.2022 11:45,26.04.2022 11:32,Nakhon Ratchasima,department of highways,4-wheel pickup truck,speeding,rollover/fallen on curved road,1,0,0,rainy,14.49934431,101.9371927,wide curve,slope area,2022-02-18T04:45:00Z
7438848,18.02.2022 12:00,7.12.2022 10:22,Ubon Ratchathani,department of highways,6-wheel truck,speeding,other,1,0,0,clear,15.13390791,105.4667893,straight road,no slope,2022-02-18T05:00:00Z
7438913,18.02.2022 12:00,7.12.2022 13:27,Chaiyaphum,department of highways,large truck with trailer,speeding,rollover/fallen on straight road,1,0,1,clear,15.88631573,102.1040368,straight road,no slope,2022-02-18T05:00:00Z
6146694,18.02.2022 12:01,29.04.2022 11:52,Nakhon Sawan,department of highways,4-wheel pickup truck,cutting in closely by people/vehicles/animals,rollover/fallen on straight road,1,0,0,rainy,15.76564462,100.1212755,straight road,no slope,2022-02-18T05:01:00Z
6324614,18.02.2022 12:12,7.06.2022 11:00,Samut Prakan,department of highways,private/passenger car,speeding,rear-end collision,2,0,0,clear,13.62070506,100.9205845,straight road,no slope,2022-02-18T05:12:00Z
6337676,18.02.2022 12:30,9.06.2022 11:18,Chon Buri,department of highways,large truck with trailer,speeding,rollover/fallen on curved road,1,0,0,rainy,13.30436389,101.1104473,wide curve,no slope,2022-02-18T05:30:00Z
5765908,18.02.2022 13:36,19.02.2022 11:55,Chon Buri,department of highways,private/passenger car,speeding,rear-end collision,2,0,0,rainy,13.18981079,100.9983203,straight road,no slope,2022-02-18T06:36:00Z
5843388,18.02.2022 13:36,4.03.2022 11:20,Bangkok,expressway authority of thailand,other,other,collision with obstruction (on road surface),1,0,0,clear,13.821613,100.525642,straight road,other,2022-02-18T06:36:00Z
7567138,18.02.2022 14:00,23.01.2023 10:53,Phangnga,department of highways,4-wheel pickup truck,speeding,rollover/fallen on straight road,1,0,0,clear,8.392582225,98.44774334,straight road,no slope,2022-02-18T07:00:00Z
5919797,18.02.2022 14:54,16.03.2022 06:50,Sukhothai,department of highways,motorcycle,speeding,rollover/fallen on straight road,1,0,1,clear,16.89056414,99.78804855,straight road,no slope,2022-02-18T07:54:00Z
5999019,18.02.2022 15:20,29.03.2022 14:37,Maha Sarakham,department of highways,4-wheel pickup truck,speeding,rollover/fallen on straight road,1,0,0,rainy,16.14732879,103.4053776,straight road,no slope,2022-02-18T08:20:00Z
6325303,18.02.2022 15:20,7.06.2022 14:01,Chon Buri,department of highways,4-wheel pickup truck,speeding,rear-end collision,4,0,0,clear,13.10537848,100.91988980000001,straight road,no slope,2022-02-18T08:20:00Z
6507351,18.02.2022 15:30,7.07.2022 08:35,Suphan Buri,department of highways,7-10-wheel truck,speeding,rollover/fallen on straight road,1,0,3,clear,14.66306261,100.1299953,straight road,no slope,2022-02-18T08:30:00Z
7565631,18.02.2022 15:50,20.01.2023 13:16,Trang,department of highways,motorcycle,cutting in closely by people/vehicles/animals,rear-end collision,2,0,2,clear,7.598064072,99.60157602,straight road,no slope,2022-02-18T08:50:00Z
5998101,18.02.2022 16:05,29.03.2022 10:41,Sakon Nakhon,department of highways,4-wheel pickup truck,speeding,rollover/fallen on straight road,1,0,0,clear,17.39363125,103.7229109,straight road,no slope,2022-02-18T09:05:00Z
6154901,18.02.2022 16:30,6.05.2022 13:24,Nakhon Sawan,department of highways,motorcycle,illegal overtaking,rear-end collision,2,0,1,clear,15.26418402,100.344387,other,other,2022-02-18T09:30:00Z
6317606,18.02.2022 16:30,6.06.2022 09:31,Nakhon Si Thammarat,department of highways,private/passenger car,speeding,rear-end collision,3,0,3,rainy,8.295964794,99.51138137,straight road,no slope,2022-02-18T09:30:00Z
7310367,18.02.2022 16:30,14.11.2022 10:44,Khon Kaen,department of highways,large truck with trailer,speeding,rollover/fallen on straight road,1,0,0,clear,16.67697757,102.7579862,straight road,no slope,2022-02-18T09:30:00Z
6324267,18.02.2022 16:32,7.06.2022 10:02,Chon Buri,department of highways,4-wheel pickup truck,speeding,rollover/fallen on straight road,1,0,0,clear,13.39595489,101.0472947,straight road,no slope,2022-02-18T09:32:00Z
5817837,18.02.2022 17:20,28.02.2022 10:43,Suphan Buri,department of highways,4-wheel pickup truck,failure to yield right of way,head-on collision (not overtaking),2,0,0,clear,14.86868548,100.0223368,other,other,2022-02-18T10:20:00Z
6324618,18.02.2022 18:57,7.06.2022 11:01,Bangkok,department of highways,private/passenger car,speeding,rear-end collision,3,0,0,clear,13.72963785,100.7490304,straight road,no slope,2022-02-18T11:57:00Z
6325271,18.02.2022 19:11,7.06.2022 13:57,Chon Buri,department of highways,large truck with trailer,speeding,rear-end collision,2,0,0,clear,13.11243433,100.9558582,straight road,no slope,2022-02-18T12:11:00Z
7558342,18.02.2022 19:30,12.01.2023 14:46,Si Sa Ket,department of highways,4-wheel pickup truck,speeding,rollover/fallen on straight road,1,0,0,clear,15.14829553,104.2223435,straight road,no slope,2022-02-18T12:30:00Z
6144765,18.02.2022 20:00,26.04.2022 14:09,Sa Kaeo,department of highways,large truck with trailer,speeding,rollover/fallen on curved road,1,0,0,foggy,13.89208807,101.989088,wide curve,no slope,2022-02-18T13:00:00Z
7331120,18.02.2022 20:00,15.03.2022 14:07,Tak,department of highways,large truck with trailer,speeding,rollover/fallen on straight road,1,0,0,rainy,16.74101658,98.85292052,straight road,no slope,2022-02-18T13:00:00Z
6918134,18.02.2022 21:00,16.09.2022 13:02,Chiang Mai,department of highways,motorcycle,speeding,rear-end collision,2,0,1,clear,18.8441975,99.13126676,straight road,no slope,2022-02-18T14:00:00Z
6079783,18.02.2022 21:30,12.04.2022 11:05,Phitsanulok,department of highways,motorcycle,speeding,rear-end collision,2,1,0,clear,16.71708154,100.4311913,straight road,no slope,2022-02-18T14:30:00Z
6162068,18.02.2022 22:00,7.05.2022 16:18,Loburi,department of highways,private/passenger car,speeding,rollover/fallen on curved road,1,0,0,clear,14.79929396,100.6606704,wide curve,no slope,2022-02-18T15:00:00Z
6386666,18.02.2022 22:00,17.06.2022 10:28,Mukdahan,department of highways,private/passenger car,speeding,rollover/fallen on straight road,1,0,1,clear,16.52252594,104.3479112,straight road,no slope,2022-02-18T15:00:00Z
6086384,18.02.2022 22:30,13.04.2022 10:51,Lampang,department of highways,4-wheel pickup truck,speeding,rollover/fallen on curved road,1,0,0,clear,19.07423536,99.72544043,wide curve,no slope,2022-02-18T15:30:00Z
6317824,18.02.2022 22:35,6.06.2022 10:10,Nakhon Si Thammarat,department of highways,4-wheel pickup truck,speeding,rollover/fallen on straight road,1,0,1,clear,8.227216512,99.56508456,straight road,no slope,2022-02-18T15:35:00Z
5843365,18.02.2022 23:44,4.03.2022 11:16,Bangkok,expressway authority of thailand,other,other,rear-end collision,2,0,2,clear,13.82478099,100.5462972,straight road,other,2022-02-18T16:44:00Z
6147922,18.02.2022 23:50,2.05.2022 08:12,Maha Sarakham,department of highways,4-wheel pickup truck,speeding,head-on collision (not overtaking),3,0,0,clear,16.20025117,103.3097648,straight road,no slope,2022-02-18T16:50:00Z
6325268,19.02.2022 00:00,7.06.2022 13:56,Chon Buri,department of highways,4-wheel pickup truck,speeding,rollover/fallen on straight road,1,0,0,clear,13.11652773,100.9777987,straight road,no slope,2022-02-18T17:00:00Z
6183824,19.02.2022 01:30,11.05.2022 09:49,Chai Nat,department of highways,4-wheel pickup truck,running red lights/traffic signals,collision at intersection corner,2,1,17,clear,15.30092195,100.100314,other,other,2022-02-18T18:30:00Z
6225349,19.02.2022 01:30,18.05.2022 09:07,Sukhothai,department of highways,4-wheel pickup truck,speeding,rollover/fallen on straight road,1,0,1,clear,16.89884349,99.88353251,straight road,no slope,2022-02-18T18:30:00Z
6318099,19.02.2022 01:30,6.06.2022 10:41,Prachuap Khiri Khan,department of highways,private/passenger car,speeding,rollover/fallen on straight road,1,0,1,clear,12.13042499,99.85137551,straight road,no slope,2022-02-18T18:30:00Z
6324447,19.02.2022 01:38,7.06.2022 10:30,Bangkok,department of highways,private/passenger car,speeding,rear-end collision,2,0,0,clear,13.7396769,100.649786,straight road,no slope,2022-02-18T18:38:00Z
7514508,19.02.2022 01:40,28.12.2022 10:14,Chiang Rai,department of highways,private/passenger car,speeding,rollover/fallen on straight road,1,0,1,clear,19.52990308,99.48474167,straight road,no slope,2022-02-18T18:40:00Z
6324473,19.02.2022 01:50,7.06.2022 10:36,Chon Buri,department of highways,4-wheel pickup truck,speeding,rollover/fallen on curved road,1,0,0,clear,13.30341899,100.9944767,wide curve,no slope,2022-02-18T18:50:00Z
6363091,19.02.2022 02:00,13.06.2022 13:24,Bangkok,department of highways,private/passenger car,speeding,rollover/fallen on straight road,1,0,0,clear,13.77302958,100.552977,straight road,no slope,2022-02-18T19:00:00Z
6364307,19.02.2022 02:07,13.06.2022 17:36,Khon Kaen,department of highways,7-10-wheel truck,speeding,rollover/fallen on straight road,1,0,0,clear,16.14294371,102.7494112,straight road,no slope,2022-02-18T19:07:00Z
6004083,19.02.2022 02:10,30.03.2022 10:43,Chiang Mai,department of highways,motorcycle,speeding,collision at intersection corner,2,0,1,clear,18.87474997,99.05156224,other,other,2022-02-18T19:10:00Z
6324809,19.02.2022 02:40,7.06.2022 11:45,Chon Buri,department of highways,large truck with trailer,speeding,rear-end collision,2,0,0,clear,13.17327452,100.9930014,straight road,no slope,2022-02-18T19:40:00Z
6080684,19.02.2022 03:00,12.04.2022 14:18,Uttaradit,department of highways,large truck with trailer,falling asleep,rollover/fallen on straight road,1,0,1,clear,17.35212838,100.235618,straight road,no slope,2022-02-18T20:00:00Z
6566114,19.02.2022 03:11,24.02.2022 13:48,Chiang Mai,department of rural roads,private/passenger car,speeding,other,1,0,1,rainy,18.798888,99.033641,wide curve,no slope,2022-02-18T20:11:00Z
6294404,19.02.2022 03:20,2.06.2022 08:47,Suphan Buri,department of highways,private/passenger car,speeding,rollover/fallen on curved road,1,0,0,clear,14.42373652,100.1490605,wide curve,slope area,2022-02-18T20:20:00Z
5955591,19.02.2022 03:40,22.03.2022 08:48,Loei,department of highways,4-wheel pickup truck,speeding,rollover/fallen on straight road,1,0,0,clear,17.2814805,101.758115,straight road,no slope,2022-02-18T20:40:00Z
7425117,19.02.2022 05:00,2.12.2022 13:41,Songkhla,department of highways,7-10-wheel truck,debris/obstruction on the road,rear-end collision,2,0,2,clear,6.927611717,100.8852357,straight road,no slope,2022-02-18T22:00:00Z
7331124,19.02.2022 05:30,15.03.2022 13:43,Kamphaeng Phet,department of highways,private/passenger car,falling asleep,rollover/fallen on straight road,1,0,0,clear,16.62508943,99.35511588,straight road,no slope,2022-02-18T22:30:00Z
6325167,19.02.2022 07:43,7.06.2022 13:32,Chon Buri,department of highways,4-wheel pickup truck,speeding,rollover/fallen on straight road,1,0,0,rainy,13.01820463,100.9964266,straight road,no slope,2022-02-19T00:43:00Z
5777032,19.02.2022 07:45,21.02.2022 11:34,Bangkok,department of highways,4-wheel pickup truck,speeding,rollover/fallen on straight road,1,0,0,clear,13.90869421,100.698908,straight road,no slope,2022-02-19T00:45:00Z
7557588,19.02.2022 08:00,12.01.2023 10:07,Samut Prakan,department of highways,6-wheel truck,speeding,rear-end collision,2,0,1,clear,13.63448537,100.7100351,straight road,no slope,2022-02-19T01:00:00Z
6918596,19.02.2022 11:30,16.09.2022 13:55,Phrae,department of highways,4-wheel pickup truck,speeding,rollover/fallen on curved road,1,0,0,rainy,18.03766709,99.69939618,wide curve,slope area,2022-02-19T04:30:00Z
6085709,19.02.2022 12:00,13.04.2022 08:24,Uttaradit,department of highways,4-wheel pickup truck,speeding,rollover/fallen on curved road,1,0,1,clear,17.82652451,100.0671914,wide curve,no slope,2022-02-19T05:00:00Z
7414393,19.02.2022 12:50,29.11.2022 13:19,Nakhon Sawan,department of highways,large truck with trailer,speeding,rollover/fallen on straight road,1,0,0,clear,15.29226004,100.4151678,straight road,no slope,2022-02-19T05:50:00Z
5998586,19.02.2022 13:00,29.03.2022 12:56,Sakon Nakhon,department of highways,large truck with trailer,overloaded vehicle,rollover/fallen on straight road,1,0,0,clear,17.40676133,103.6444107,straight road,no slope,2022-02-19T06:00:00Z
6086202,19.02.2022 13:00,13.04.2022 10:14,Uttaradit,department of highways,large truck with trailer,speeding,rollover/fallen on curved road,1,0,0,clear,18.10830626,101.0750368,sharp curve,slope area,2022-02-19T06:00:00Z
6092736,19.02.2022 15:00,14.04.2022 10:09,Phrae,department of highways,4-wheel pickup truck,speeding,rollover/fallen on curved road,1,0,0,rainy,18.04258672,99.70126031,wide curve,slope area,2022-02-19T08:00:00Z
6242132,19.02.2022 15:20,24.05.2022 10:09,Suphan Buri,department of highways,4-wheel pickup truck,cutting in closely by people/vehicles/animals,rear-end collision,2,0,1,clear,14.68628531,100.0152022,other,other,2022-02-19T08:20:00Z
5920234,19.02.2022 15:40,15.03.2022 13:40,Kamphaeng Phet,department of highways,4-wheel pickup truck,speeding,rollover/fallen on straight road,1,0,0,clear,16.66530191,99.3087673,straight road,no slope,2022-02-19T08:40:00Z
5817664,19.02.2022 15:55,28.02.2022 10:15,Samut Sakhon,department of highways,4-wheel pickup truck,vehicle equipment failure,rollover/fallen on straight road,1,0,0,clear,13.53380534,100.21199850000001,straight road,no slope,2022-02-19T08:55:00Z
7511412,19.02.2022 16:00,27.12.2022 10:57,Krabi,department of highways,private/passenger car,speeding,rear-end collision,2,0,3,clear,7.757200333,99.24574612,straight road,no slope,2022-02-19T09:00:00Z
6073610,19.02.2022 16:30,11.04.2022 10:24,Chiang Mai,department of highways,4-wheel pickup truck,speeding,rollover/fallen on curved road,1,0,0,rainy,19.09228572,99.16154622,wide curve,no slope,2022-02-19T09:30:00Z
6252351,19.02.2022 16:30,26.05.2022 09:35,Nakhon Pathom,department of highways,4-wheel pickup truck,speeding,rollover/fallen on straight road,2,0,1,clear,13.95075361,100.0043017,straight road,no slope,2022-02-19T09:30:00Z
6507422,19.02.2022 16:30,7.07.2022 08:51,Suphan Buri,department of highways,7-10-wheel truck,speeding,rear-end collision,2,0,0,clear,14.52848348,100.1339596,straight road,no slope,2022-02-19T09:30:00Z
7554352,19.02.2022 16:30,9.01.2023 10:38,Trang,department of highways,4-wheel pickup truck,speeding,rear-end collision,2,0,5,clear,7.601398018,99.59472565,wide curve,no slope,2022-02-19T09:30:00Z
6144187,19.02.2022 17:00,25.04.2022 15:01,Lampang,department of highways,4-wheel pickup truck,speeding,rollover/fallen on curved road,1,0,3,clear,17.71470289,99.37746941,sharp curve,slope area,2022-02-19T10:00:00Z
5920445,19.02.2022 17:10,16.03.2022 06:32,Tak,department of highways,large truck with trailer,vehicle equipment failure,rollover/fallen on straight road,1,0,0,rainy,16.96527048,98.54581832,straight road,no slope,2022-02-19T10:10:00Z
6154946,19.02.2022 17:28,6.05.2022 13:29,Nakhon Sawan,department of highways,4-wheel pickup truck,cutting in closely by people/vehicles/animals,head-on collision (not overtaking),2,0,1,clear,15.26139976,100.3284493,straight road,no slope,2022-02-19T10:28:00Z
6073609,19.02.2022 17:35,11.04.2022 10:24,Chiang Mai,department of highways,4-wheel pickup truck,speeding,rollover/fallen on curved road,1,0,3,rainy,19.09310948,99.15677457,wide curve,no slope,2022-02-19T10:35:00Z
6324786,19.02.2022 17:40,7.06.2022 11:41,Chon Buri,department of highways,large truck with trailer,speeding,rollover/fallen on straight road,1,0,0,rainy,13.11424724,100.9659058,straight road,no slope,2022-02-19T10:40:00Z
6056255,19.02.2022 18:10,8.04.2022 14:41,Lamphun,department of highways,4-wheel pickup truck,speeding,rollover/fallen on straight road,1,0,1,clear,18.48439153,98.83910178,straight road,no slope,2022-02-19T11:10:00Z
6324380,19.02.2022 18:21,7.06.2022 10:20,Bangkok,department of highways,private/passenger car,speeding,rear-end collision,4,0,0,clear,13.73178223,100.7113212,straight road,no slope,2022-02-19T11:21:00Z
6073301,19.02.2022 18:25,11.04.2022 09:20,Chiang Mai,department of highways,private/passenger car,speeding,rollover/fallen on straight road,1,0,2,clear,19.50657652,99.05256002,straight road,no slope,2022-02-19T11:25:00Z
6144785,19.02.2022 18:30,26.04.2022 14:25,Satun,department of highways,4-wheel pickup truck,speeding,rollover/fallen on straight road,1,0,0,clear,6.879650044,99.83329742,straight road,no slope,2022-02-19T11:30:00Z