acc_code,incident_datetime,report_datetime,province_en,agency,vehicle_type,presumed_cause,accident_type,number_of_vehicles_involved,number_of_fatalities,number_of_injuries,weather_condition,latitude,longitude,road_description,slope_description,incident_time
7331127,19.02.2022 18:30,16.03.2022 06:50,Sukhothai,department of highways,private/passenger car,speeding,rollover/fallen on straight road,1,0,2,clear,17.10576524,99.80512618,straight road,no slope,2022-02-19T11:30:00Z
6183860,19.02.2022 19:00,11.05.2022 09:52,Chai Nat,department of highways,motorcycle,speeding,rear-end collision,2,1,0,clear,15.14962628,100.141215,straight road,no slope,2022-02-19T12:00:00Z
6092769,19.02.2022 19:30,14.04.2022 10:10,Phrae,department of highways,private/passenger car,speeding,head-on collision (not overtaking),2,0,2,rainy,18.0437012,99.69990848,wide curve,slope area,2022-02-19T12:30:00Z
5920131,19.02.2022 19:45,15.03.2022 13:43,Trang,department of highways,4-wheel pickup truck,speeding,rollover/fallen on curved road,1,0,0,rainy,7.79758691,99.61906402,wide curve,no slope,2022-02-19T12:45:00Z
5777054,19.02.2022 20:00,21.02.2022 12:00,Samut Prakan,department of highways,private/passenger car,speeding,pedestrian collision,1,0,1,clear,13.60760826,100.685808,straight road,no slope,2022-02-19T13:00:00Z
7514320,19.02.2022 20:00,28.12.2022 10:13,Chiang Mai,department of highways,6-wheel truck,speeding,rollover/fallen on curved road,1,0,0,rainy,18.15376311,98.24135541,wide curve,no slope,2022-02-19T13:00:00Z
6325264,19.02.2022 20:12,7.06.2022 13:55,Chon Buri,department of highways,private/passenger car,speeding,rollover/fallen on straight road,1,0,0,clear,13.06639129,100.9957132,straight road,no slope,2022-02-19T13:12:00Z
7331130,19.02.2022 20:59,29.03.2022 15:13,Prachin Buri,department of highways,large truck with trailer,speeding,rear-end collision,2,0,0,clear,14.21833579,101.8981477,straight road,no slope,2022-02-19T13:59:00Z
6144104,19.02.2022 21:00,25.04.2022 13:54,Phrae,department of highways,4-wheel pickup truck,speeding,rollover/fallen on straight road,1,0,0,rainy,18.39318103,100.4438674,wide curve,no slope,2022-02-19T14:00:00Z
6211167,19.02.2022 21:30,15.05.2022 19:32,Surat Thani,department of highways,private/passenger car,speeding,rear-end collision,2,1,1,clear,9.1023298,99.31521534,straight road,no slope,2022-02-19T14:30:00Z
7425578,19.02.2022 21:30,2.12.2022 14:38,Songkhla,department of highways,private/passenger car,speeding,rear-end collision,2,0,1,clear,6.955083902,100.5589181,wide curve,no slope,2022-02-19T14:30:00Z
6288803,19.02.2022 22:00,1.06.2022 10:33,Phetchabun,department of highways,other,speeding,rollover/fallen on curved road,1,0,0,clear,16.77479486,101.0615587,wide curve,slope area,2022-02-19T15:00:00Z
6288860,19.02.2022 22:00,1.06.2022 10:47,Maha Sarakham,department of highways,private/passenger car,speeding,rollover/fallen on straight road,1,0,1,rainy,16.15549064,103.3042824,other,other,2022-02-19T15:00:00Z
7379363,19.02.2022 22:20,24.11.2022 13:31,Nakhon Ratchasima,department of highways,4-wheel pickup truck,speeding,rollover/fallen on curved road,1,0,0,clear,15.2117271,102.5317955,wide curve,no slope,2022-02-19T15:20:00Z
7380611,19.02.2022 23:00,24.11.2022 14:38,Buri Ram,department of highways,4-wheel pickup truck,speeding,rollover/fallen on straight road,1,0,0,clear,14.81189929,102.9615578,straight road,no slope,2022-02-19T16:00:00Z
6324320,19.02.2022 23:40,7.06.2022 10:11,Chon Buri,department of highways,4-wheel pickup truck,speeding,rollover/fallen on straight road,1,0,0,clear,13.42245279,101.1033234,straight road,no slope,2022-02-19T16:40:00Z
6144755,20.02.2022 00:21,26.04.2022 13:55,Nakhon Ratchasima,department of highways,motorcycle,speeding,rear-end collision,2,1,1,clear,14.64643936,102.0109185,straight road,no slope,2022-02-19T17:21:00Z
6241458,20.02.2022 00:30,23.05.2022 10:28,Phuket,department of highways,4-wheel pickup truck,speeding,rollover/fallen on curved road,1,1,0,clear,7.916781171,98.36892931,wide curve,no slope,2022-02-19T17:30:00Z
7443586,20.02.2022 00:30,8.12.2022 10:33,Bangkok,department of highways,private/passenger car,speeding,rollover/fallen on straight road,1,0,0,clear,13.72446574,100.4058632,straight road,no slope,2022-02-19T17:30:00Z
5769909,20.02.2022 02:02,20.02.2022 02:48,Samut Prakan,expressway authority of thailand,6-wheel truck,other,side collision,2,0,1,clear,13.625714,100.597376,straight road,other,2022-02-19T19:02:00Z
6902943,20.02.2022 02:50,14.09.2022 10:20,Phitsanulok,department of highways,4-wheel pickup truck,speeding,rollover/fallen on straight road,1,0,2,clear,16.86508732,100.2362376,straight road,no slope,2022-02-19T19:50:00Z
6324316,20.02.2022 03:00,7.06.2022 10:10,Bangkok,department of highways,4-wheel pickup truck,speeding,rollover/fallen on straight road,1,0,0,clear,13.73951796,100.6518701,straight road,no slope,2022-02-19T20:00:00Z
7310312,20.02.2022 03:00,14.11.2022 10:31,Khon Kaen,department of highways,4-wheel pickup truck,speeding,rollover/fallen on straight road,1,0,0,clear,16.70759711,102.9585081,straight road,no slope,2022-02-19T20:00:00Z
5881278,20.02.2022 03:30,10.03.2022 09:28,Samut Sakhon,department of highways,4-wheel pickup truck,speeding,rollover/fallen on straight road,1,0,1,clear,13.54170141,100.1683161,straight road,no slope,2022-02-19T20:30:00Z
6344072,20.02.2022 03:56,10.06.2022 09:43,Nakhon Nayok,department of highways,private/passenger car,speeding,rollover/fallen on curved road,1,0,0,clear,14.14433165,101.1799085,wide curve,no slope,2022-02-19T20:56:00Z
6003630,20.02.2022 04:00,30.03.2022 08:50,Prachin Buri,department of highways,4-wheel pickup truck,speeding,rear-end collision,2,4,4,clear,13.76707428,101.6957885,straight road,no slope,2022-02-19T21:00:00Z
5882693,20.02.2022 05:15,10.03.2022 13:59,Chumphon,department of highways,4-wheel pickup truck,speeding,rollover/fallen on curved road,1,0,0,clear,10.84503413,99.22932564,wide curve,no slope,2022-02-19T22:15:00Z
5919716,20.02.2022 05:30,16.03.2022 10:01,Kalasin,department of highways,4-wheel pickup truck,speeding,rollover/fallen on curved road,1,0,0,clear,16.71165862,103.564446,wide curve,no slope,2022-02-19T22:30:00Z
7517756,20.02.2022 06:13,29.12.2022 11:03,Saraburi,department of highways,private/passenger car,cutting in closely by people/vehicles/animals,head-on collision (not overtaking),2,1,1,clear,14.3960099,100.9384373,straight road,no slope,2022-02-19T23:13:00Z
6566084,20.02.2022 06:22,21.02.2022 16:12,Samut Prakan,department of rural roads,motorcycle,speeding,other,1,0,1,clear,13.655061,100.540631,straight road,slope area,2022-02-19T23:22:00Z
5933128,20.02.2022 07:10,18.03.2022 14:46,Samut Sakhon,department of highways,large truck with trailer,speeding,rear-end collision,2,0,0,clear,13.53596974,100.1776394,straight road,no slope,2022-02-20T00:10:00Z
7379374,20.02.2022 07:10,24.11.2022 13:34,Prachin Buri,department of highways,private/passenger car,speeding,rear-end collision,2,0,0,clear,14.09811949,101.4512649,straight road,no slope,2022-02-20T00:10:00Z
6363228,20.02.2022 08:00,13.06.2022 13:50,Samut Prakan,department of highways,4-wheel pickup truck,speeding,rollover/fallen on straight road,1,0,0,clear,13.60391944,100.7006916,other,other,2022-02-20T01:00:00Z
6092779,20.02.2022 08:30,14.04.2022 10:14,Phrae,department of highways,4-wheel pickup truck,speeding,rollover/fallen on curved road,1,0,0,rainy,18.05687046,99.69711898,wide curve,slope area,2022-02-20T01:30:00Z
6146683,20.02.2022 11:00,29.04.2022 11:27,Nakhon Sawan,department of highways,6-wheel truck,speeding,rollover/fallen on straight road,1,0,0,rainy,15.72607449,100.0611082,straight road,no slope,2022-02-20T04:00:00Z
6345707,20.02.2022 11:30,10.06.2022 14:05,Pathum Thani,department of highways,4-wheel pickup truck,speeding,rear-end collision,3,0,0,clear,14.07019933,100.5221933,straight road,no slope,2022-02-20T04:30:00Z
6183839,20.02.2022 12:30,11.05.2022 09:49,Chai Nat,department of highways,4-wheel pickup truck,speeding,rollover/fallen on curved road,1,0,0,rainy,15.26065711,100.0293374,wide curve,no slope,2022-02-20T05:30:00Z
7331136,20.02.2022 12:30,6.06.2022 09:30,Nakhon Si Thammarat,department of highways,7-10-wheel truck,cutting in closely by people/vehicles/animals,head-on collision (not overtaking),2,2,1,clear,7.920133844,99.92341696,straight road,no slope,2022-02-20T05:30:00Z
6507437,20.02.2022 12:53,7.07.2022 08:56,Uthai Thani,department of highways,4-wheel pickup truck,cutting in closely by people/vehicles/animals,rear-end collision,2,0,4,clear,15.4844526,100.0210333,straight road,no slope,2022-02-20T05:53:00Z
5920105,20.02.2022 13:20,16.03.2022 09:08,Phetchabun,department of highways,motorcycle,running red lights/traffic signals,collision with obstruction (on road surface),2,0,1,clear,16.70673907,101.1758852,straight road,no slope,2022-02-20T06:20:00Z
6337641,20.02.2022 13:20,9.06.2022 11:05,Chon Buri,department of highways,private/passenger car,speeding,rollover/fallen on straight road,1,0,0,clear,13.13402906,101.1666557,straight road,no slope,2022-02-20T06:20:00Z
6938040,20.02.2022 13:50,19.09.2022 14:31,Chaiyaphum,department of highways,private/passenger car,speeding,rollover/fallen on straight road,1,0,1,clear,16.20554417,102.2050461,straight road,no slope,2022-02-20T06:50:00Z
6452804,20.02.2022 14:45,28.06.2022 11:20,Bangkok,expressway authority of thailand,other,other,side collision,2,0,3,clear,13.67835038,100.5146658,grade-separated intersection/ramps,other,2022-02-20T07:45:00Z
7008416,20.02.2022 15:05,30.09.2022 12:55,Nakhon Ratchasima,department of highways,large truck with trailer,speeding,rollover/fallen on straight road,1,0,0,rainy,14.65674146,101.3687172,straight road,no slope,2022-02-20T08:05:00Z
7331132,20.02.2022 15:05,18.05.2022 10:25,Phetchabun,department of highways,4-wheel pickup truck,speeding,rear-end collision,2,1,0,rainy,15.70606189,101.0212049,straight road,no slope,2022-02-20T08:05:00Z
5882715,20.02.2022 15:40,10.03.2022 14:02,Chumphon,department of highways,large truck with trailer,speeding,rollover/fallen on straight road,1,0,0,clear,10.15088217,99.09748702,straight road,no slope,2022-02-20T08:40:00Z
6325219,20.02.2022 17:27,7.06.2022 13:47,Pathum Thani,department of highways,4-wheel pickup truck,speeding,rear-end collision,2,0,0,clear,13.9993196,100.7089072,straight road,no slope,2022-02-20T10:27:00Z
5776947,20.02.2022 17:40,21.02.2022 11:11,Chiang Mai,department of highways,motorcycle,speeding,rollover/fallen on curved road,1,1,0,clear,18.5327913,98.60504417,wide curve,no slope,2022-02-20T10:40:00Z
6386669,20.02.2022 18:00,17.06.2022 10:27,Mukdahan,department of highways,4-wheel pickup truck,speeding,rollover/fallen on straight road,1,0,3,clear,16.51056316,104.2698535,straight road,no slope,2022-02-20T11:00:00Z
7527558,20.02.2022 18:00,31.12.2022 11:23,Nakhon Ratchasima,department of highways,4-wheel pickup truck,speeding,rear-end collision,3,0,3,clear,14.97966858,102.1134353,sharp curve,no slope,2022-02-20T11:00:00Z
5801738,20.02.2022 18:25,25.02.2022 15:41,Ubon Ratchathani,department of highways,private/passenger car,cutting in closely by people/vehicles/animals,rear-end collision,2,0,4,clear,14.92614353,105.055604,straight road,no slope,2022-02-20T11:25:00Z
6324585,20.02.2022 19:00,7.06.2022 10:57,Phra Nakhon Si Ayutthaya,department of highways,private/passenger car,speeding,rollover/fallen on curved road,1,0,0,clear,14.18909901,100.6341299,other,other,2022-02-20T12:00:00Z
6566090,20.02.2022 19:05,24.02.2022 13:45,Udon Thani,department of rural roads,motorcycle,speeding,other,2,0,4,clear,17.765192,102.198953,straight road,no slope,2022-02-20T12:05:00Z
6003972,20.02.2022 19:15,30.03.2022 10:18,Chiang Mai,department of highways,4-wheel pickup truck,speeding,rollover/fallen on straight road,1,0,1,clear,18.75043934,99.06303404,straight road,no slope,2022-02-20T12:15:00Z
6252712,20.02.2022 19:30,26.05.2022 10:49,Khon Kaen,department of highways,large truck with trailer,speeding,rollover/fallen on straight road,1,0,0,rainy,16.10199708,102.7338007,straight road,no slope,2022-02-20T12:30:00Z
7419671,20.02.2022 21:00,30.11.2022 14:30,Phra Nakhon Si Ayutthaya,department of highways,large truck with trailer,cutting in closely by people/vehicles/animals,rollover/fallen on curved road,1,0,0,clear,14.46337597,100.5455205,other,other,2022-02-20T14:00:00Z
6507435,20.02.2022 21:05,7.07.2022 08:59,Suphan Buri,department of highways,motorcycle,speeding,rollover/fallen on straight road,1,0,1,foggy,14.84011535,100.1072126,straight road,no slope,2022-02-20T14:05:00Z
6325170,20.02.2022 21:13,7.06.2022 13:33,Chon Buri,department of highways,private/passenger car,speeding,rear-end collision,2,0,1,clear,12.99375103,100.9902173,straight road,no slope,2022-02-20T14:13:00Z
5998211,20.02.2022 21:20,29.03.2022 11:01,Sakon Nakhon,department of highways,4-wheel pickup truck,speeding,collision with obstruction (on road surface),2,0,3,rainy,17.57983118,103.9760122,straight road,no slope,2022-02-20T14:20:00Z
5998584,20.02.2022 21:20,29.03.2022 12:58,Sakon Nakhon,department of highways,4-wheel pickup truck,speeding,rollover/fallen on straight road,1,0,0,rainy,17.43599732,103.7285837,straight road,no slope,2022-02-20T14:20:00Z
7007574,20.02.2022 22:00,30.09.2022 10:07,Songkhla,department of highways,private/passenger car,speeding,rollover/fallen on straight road,2,0,0,clear,6.868665467,100.4703113,other,other,2022-02-20T15:00:00Z
7558345,20.02.2022 22:15,12.01.2023 14:49,Si Sa Ket,department of highways,6-wheel truck,speeding,rollover/fallen on straight road,1,0,0,rainy,14.96751356,104.2082673,straight road,no slope,2022-02-20T15:15:00Z
6147923,20.02.2022 22:45,2.05.2022 08:12,Maha Sarakham,department of highways,private/passenger car,speeding,rollover/fallen on straight road,1,0,0,clear,16.15985998,103.3176613,straight road,no slope,2022-02-20T15:45:00Z
6324412,20.02.2022 23:30,7.06.2022 10:26,Bangkok,department of highways,4-wheel pickup truck,vehicle equipment failure,rollover/fallen on straight road,1,0,1,clear,13.68825517,100.6993264,straight road,no slope,2022-02-20T16:30:00Z
6337666,21.02.2022 00:30,9.06.2022 11:14,Chanthaburi,department of highways,4-wheel pickup truck,speeding,rollover/fallen on straight road,1,0,0,rainy,12.66161002,102.0719147,straight road,no slope,2022-02-20T17:30:00Z
6252750,21.02.2022 01:20,26.05.2022 10:50,Nakhon Pathom,department of highways,private/passenger car,speeding,rollover/fallen on straight road,1,0,0,clear,13.8030122,100.0057286,straight road,no slope,2022-02-20T18:20:00Z
6086386,21.02.2022 02:00,13.04.2022 10:51,Lampang,department of highways,4-wheel pickup truck,unfamiliarity with the route/unskilled driving,rollover/fallen on straight road,1,0,0,clear,18.38290836,99.54794525,straight road,no slope,2022-02-20T19:00:00Z
6177696,21.02.2022 02:00,10.05.2022 12:11,Kanchanaburi,department of highways,private/passenger car,speeding,rollover/fallen on straight road,1,1,0,clear,14.056282210000001,99.5111507,straight road,no slope,2022-02-20T19:00:00Z
6507350,21.02.2022 04:00,7.07.2022 08:37,Kanchanaburi,department of highways,other,speeding,rollover/fallen on curved road,1,0,0,clear,14.78205866,99.66700582,wide curve,no slope,2022-02-20T21:00:00Z
6324346,21.02.2022 04:30,7.06.2022 10:19,Bangkok,department of highways,large truck with trailer,speeding,rollover/fallen on straight road,1,0,0,clear,13.73158421,100.7110771,straight road,no slope,2022-02-20T21:30:00Z
6073905,21.02.2022 06:00,11.04.2022 11:24,Chiang Mai,department of highways,4-wheel pickup truck,speeding,rollover/fallen on straight road,1,0,1,clear,19.0947418,98.87443988,straight road,no slope,2022-02-20T23:00:00Z
7419312,21.02.2022 06:10,30.11.2022 13:05,Nakhon Ratchasima,department of highways,large truck with trailer,speeding,collision with obstruction (on road surface),3,0,3,clear,15.4155755,102.5568876,straight road,no slope,2022-02-20T23:10:00Z
5919840,21.02.2022 07:30,16.03.2022 09:47,Loei,department of highways,4-wheel pickup truck,speeding,rollover/fallen on curved road,1,0,0,clear,16.85523036,101.9259167,wide curve,no slope,2022-02-21T00:30:00Z
6324619,21.02.2022 07:30,7.06.2022 11:04,Chon Buri,department of highways,private/passenger car,speeding,rear-end collision,2,0,0,clear,13.12433035,100.985274,straight road,no slope,2022-02-21T00:30:00Z
5919799,21.02.2022 08:17,16.03.2022 06:49,Sukhothai,department of highways,motorcycle,speeding,rear-end collision,2,0,1,clear,17.00976096,99.80109213,straight road,no slope,2022-02-21T01:17:00Z
7331144,21.02.2022 08:45,17.05.2022 11:16,Nakhon Si Thammarat,department of highways,large truck with trailer,speeding,rollover/fallen on straight road,1,2,0,clear,8.189261814,99.60777728,straight road,no slope,2022-02-21T01:45:00Z
7511451,21.02.2022 09:00,27.12.2022 10:35,Krabi,department of highways,6-wheel truck,speeding,rollover/fallen on straight road,1,0,1,clear,8.103288251,98.89576613,other,other,2022-02-21T02:00:00Z
6507532,21.02.2022 09:20,7.07.2022 09:26,Suphan Buri,department of highways,motorcycle,cutting in closely by people/vehicles/animals,rear-end collision,2,0,1,clear,14.45305184,100.1310441,straight road,no slope,2022-02-21T02:20:00Z
6918668,21.02.2022 09:29,16.09.2022 14:12,Narathiwat,department of highways,motorcycle,running red lights/traffic signals,collision at intersection corner,2,0,4,clear,6.445262308,101.687082,other,other,2022-02-21T02:29:00Z
6075029,21.02.2022 09:30,11.04.2022 15:17,Lampang,department of highways,other,speeding,rollover/fallen on straight road,1,0,0,clear,18.29121119,99.42873715,straight road,no slope,2022-02-21T02:30:00Z
6074676,21.02.2022 11:00,11.04.2022 14:15,Lampang,department of highways,large truck with trailer,falling asleep,rollover/fallen on straight road,1,0,0,clear,17.86174049,99.3161246,straight road,no slope,2022-02-21T04:00:00Z
5843171,21.02.2022 11:15,4.03.2022 10:36,Samut Prakan,expressway authority of thailand,7-10-wheel truck,other,rear-end collision,3,0,0,clear,13.627311,100.594099,grade-separated intersection/ramps,other,2022-02-21T04:15:00Z
6325203,21.02.2022 11:54,7.06.2022 13:40,Pathum Thani,department of highways,4-wheel pickup truck,speeding,rear-end collision,2,0,0,rainy,14.0084049,100.7046318,straight road,no slope,2022-02-21T04:54:00Z
6325187,21.02.2022 11:55,7.06.2022 13:36,Pathum Thani,department of highways,private/passenger car,speeding,rear-end collision,2,0,0,clear,13.99095227,100.7125497,straight road,no slope,2022-02-21T04:55:00Z
6079582,21.02.2022 12:45,12.04.2022 10:03,Phitsanulok,department of highways,4-wheel pickup truck,illegal overtaking,rear-end collision,2,1,0,clear,16.81708886,100.3177526,straight road,no slope,2022-02-21T05:45:00Z
6566111,21.02.2022 12:50,24.02.2022 13:45,Samut Prakan,department of rural roads,private/passenger car,unfamiliarity with the route/unskilled driving,other,2,0,0,clear,13.649481,100.541548,grade-separated intersection/ramps,other,2022-02-21T05:50:00Z
6099530,21.02.2022 13:30,15.04.2022 12:34,Nan,department of highways,4-wheel pickup truck,speeding,rollover/fallen on curved road,1,0,0,clear,18.59069584,100.740568,wide curve,no slope,2022-02-21T06:30:00Z
7439370,21.02.2022 13:30,7.12.2022 13:54,Mukdahan,department of highways,private/passenger car,cutting in closely by people/vehicles/animals,rear-end collision,2,0,0,clear,16.6154051,104.4562134,other,other,2022-02-21T06:30:00Z
6146673,21.02.2022 13:34,29.04.2022 11:08,Nakhon Sawan,department of highways,private/passenger car,speeding,rollover/fallen on straight road,1,1,0,clear,15.89604895,100.1137787,straight road,no slope,2022-02-21T06:34:00Z
5955602,21.02.2022 14:00,22.03.2022 08:56,Phetchaburi,department of highways,4-wheel pickup truck,speeding,rollover/fallen on straight road,1,0,0,clear,13.13939153,99.81900393,straight road,no slope,2022-02-21T07:00:00Z
6507423,21.02.2022 14:30,7.07.2022 08:53,Ang Thong,department of highways,4-wheel pickup truck,speeding,rear-end collision,2,0,3,clear,14.63652085,100.4736909,straight road,no slope,2022-02-21T07:30:00Z
6086223,21.02.2022 14:40,13.04.2022 10:18,Uttaradit,department of highways,private/passenger car,speeding,rollover/fallen on curved road,1,0,2,clear,17.67255531,100.1639977,wide curve,no slope,2022-02-21T07:40:00Z
6092346,21.02.2022 15:00,14.04.2022 08:31,Phrae,department of highways,private/passenger car,speeding,rear-end collision,2,0,0,clear,18.03728708,99.70073728,wide curve,slope area,2022-02-21T08:00:00Z
6503086,21.02.2022 15:50,6.07.2022 16:20,Samut Prakan,department of highways,4-wheel pickup truck,falling asleep,rear-end collision,3,0,2,clear,13.61744136,100.5439889,straight road,no slope,2022-02-21T08:50:00Z
5905247,21.02.2022 16:00,14.03.2022 09:27,Prachuap Khiri Khan,department of highways,motorcycle,speeding,head-on collision (not overtaking),2,1,0,clear,11.068426,99.3728265,straight road,no slope,2022-02-21T09:00:00Z
5955633,21.02.2022 16:00,22.03.2022 09:00,Phetchaburi,department of highways,4-wheel pickup truck,speeding,rear-end collision,3,0,0,clear,13.12318361,99.88651244,straight road,no slope,2022-02-21T09:00:00Z
7443774,21.02.2022 16:40,8.12.2022 13:53,Samut Prakan,department of highways,private/passenger car,speeding,rear-end collision,2,0,1,clear,13.59545059,100.8037059,straight road,no slope,2022-02-21T09:40:00Z
6890262,21.02.2022 17:40,12.09.2022 13:27,Phetchabun,department of highways,motorcycle,speeding,rear-end collision,2,0,2,clear,16.76521314,101.2212548,straight road,no slope,2022-02-21T10:40:00Z
6154904,21.02.2022 18:00,6.05.2022 13:22,Nakhon Sawan,department of highways,4-wheel pickup truck,other,rollover/fallen on straight road,1,0,1,clear,15.64621896,100.480198,straight road,no slope,2022-02-21T11:00:00Z
6253151,21.02.2022 18:58,26.05.2022 12:30,Phayao,department of highways,private/passenger car,speeding,rollover/fallen on straight road,1,0,0,clear,19.08463591,99.88310336,straight road,no slope,2022-02-21T11:58:00Z
7331140,21.02.2022 19:30,13.04.2022 10:22,Lampang,department of highways,4-wheel pickup truck,speeding,rollover/fallen on straight road,1,0,1,clear,18.36011591,99.57192688,straight road,no slope,2022-02-21T12:30:00Z
5843165,21.02.2022 19:46,4.03.2022 10:35,Samut Prakan,expressway authority of thailand,4-wheel pickup truck,other,rear-end collision,2,0,0,clear,13.622127,100.665321,straight road,other,2022-02-21T12:46:00Z
6144137,21.02.2022 20:00,25.04.2022 14:19,Phrae,department of highways,private/passenger car,cutting in closely by people/vehicles/animals,other,2,0,1,clear,18.16700055,100.178538,connecting to public/commercial area,other,2022-02-21T13:00:00Z
7514444,21.02.2022 20:17,28.12.2022 10:28,Phayao,department of highways,4-wheel pickup truck,speeding,rollover/fallen on straight road,1,0,1,clear,19.3205747,100.0412169,straight road,no slope,2022-02-21T13:17:00Z
5831622,21.02.2022 20:50,2.03.2022 15:50,Bangkok,department of highways,private/passenger car,speeding,collision with obstruction (on road surface),1,0,0,clear,13.73279057,100.7045325,straight road,no slope,2022-02-21T13:50:00Z
6324644,21.02.2022 21:17,7.06.2022 11:06,Samut Prakan,department of highways,private/passenger car,vehicle equipment failure,other,1,0,0,clear,13.64282772,100.8861342,straight road,no slope,2022-02-21T14:17:00Z
7331139,21.02.2022 21:52,16.03.2022 06:46,Sukhothai,department of highways,4-wheel pickup truck,speeding,rollover/fallen on straight road,1,0,1,clear,17.35276842,99.83207701,other,other,2022-02-21T14:52:00Z
5824281,21.02.2022 22:27,1.03.2022 12:33,Chon Buri,department of highways,4-wheel pickup truck,speeding,rear-end collision,2,0,0,clear,13.1777273,100.9942862,straight road,no slope,2022-02-21T15:27:00Z
7418705,21.02.2022 23:00,30.11.2022 10:26,Phrae,department of highways,4-wheel pickup truck,cutting in closely by people/vehicles/animals,other,2,0,1,clear,18.17040022,100.1722777,connecting to public/commercial area,other,2022-02-21T16:00:00Z
6944576,21.02.2022 23:20,20.09.2022 13:45,Phetchabun,department of highways,large truck with trailer,cutting in closely by people/vehicles/animals,head-on collision (not overtaking),2,0,0,clear,16.75450858,101.2107807,straight road,no slope,2022-02-21T16:20:00Z
6324239,21.02.2022 23:23,7.06.2022 09:58,Chachoengsao,department of highways,4-wheel pickup truck,speeding,rear-end collision,2,0,1,clear,13.57933454,100.975256,straight road,no slope,2022-02-21T16:23:00Z
6319401,21.02.2022 23:30,6.06.2022 14:06,Trat,department of highways,4-wheel pickup truck,vehicle equipment failure,rollover/fallen on curved road,1,0,1,clear,12.3352775,102.45642,wide curve,slope area,2022-02-21T16:30:00Z
7425408,22.02.2022 02:30,2.12.2022 14:56,Songkhla,department of highways,private/passenger car,speeding,rollover/fallen on straight road,1,0,1,clear,6.814242142,100.7009813,straight road,no slope,2022-02-21T19:30:00Z
6918137,22.02.2022 04:00,16.09.2022 13:03,Phayao,department of highways,private/passenger car,falling asleep,rollover/fallen on curved road,1,0,1,clear,19.1550018,99.9422407,wide curve,no slope,2022-02-21T21:00:00Z
6318021,22.02.2022 05:00,6.06.2022 10:39,Prachuap Khiri Khan,department of highways,large truck with trailer,speeding,rollover/fallen on straight road,1,0,0,clear,12.54914929,99.87347154,straight road,no slope,2022-02-21T22:00:00Z
5889328,22.02.2022 05:30,11.03.2022 13:56,Loei,department of highways,large truck with trailer,speeding,rear-end collision,2,1,1,clear,17.33248081,101.2237304,straight road,no slope,2022-02-21T22:30:00Z
6003633,22.02.2022 07:50,30.03.2022 08:53,Prachin Buri,department of highways,motorcycle,running red lights/traffic signals,collision with obstruction (on road surface),2,0,1,clear,14.11518937,101.3255739,straight road,no slope,2022-02-22T00:50:00Z
5998587,22.02.2022 08:00,29.03.2022 12:57,Sakon Nakhon,department of highways,4-wheel pickup truck,speeding,rollover/fallen on straight road,1,0,0,clear,17.43328479,103.7290263,straight road,no slope,2022-02-22T01:00:00Z
6318067,22.02.2022 08:00,6.06.2022 10:41,Prachuap Khiri Khan,department of highways,large truck with trailer,speeding,rear-end collision,2,0,0,rainy,12.3320257,99.88037823,straight road,no slope,2022-02-22T01:00:00Z
7559441,22.02.2022 08:00,13.01.2023 14:43,Udon Thani,department of highways,motorcycle,speeding,rollover/fallen on straight road,1,1,0,clear,17.39643651,102.8084332,straight road,no slope,2022-02-22T01:00:00Z
7559449,22.02.2022 08:30,13.01.2023 14:51,Udon Thani,department of highways,large truck with trailer,cutting in closely by people/vehicles/animals,other,2,0,0,clear,17.66998945,102.4521768,connecting to private area,other,2022-02-22T01:30:00Z
5969779,22.02.2022 09:00,24.03.2022 14:47,Ang Thong,department of highways,other,speeding,rollover/fallen on straight road,1,0,0,clear,14.60475371,100.4117507,straight road,no slope,2022-02-22T02:00:00Z
6099526,22.02.2022 09:00,15.04.2022 12:30,Nan,department of highways,other,speeding,rollover/fallen on curved road,1,0,0,clear,18.54514785,100.7008928,wide curve,no slope,2022-02-22T02:00:00Z
6507381,22.02.2022 09:00,7.07.2022 08:43,Suphan Buri,department of highways,motorized tricycle,speeding,rollover/fallen on curved road,1,0,1,clear,14.43948301,100.1129418,wide curve,no slope,2022-02-22T02:00:00Z
6943687,22.02.2022 09:00,20.09.2022 10:42,Chon Buri,department of highways,4-wheel pickup truck,speeding,rear-end collision,3,0,0,clear,13.34938342,101.0136705,straight road,no slope,2022-02-22T02:00:00Z
5919728,22.02.2022 09:01,16.03.2022 06:44,Sukhothai,department of highways,motorcycle,cutting in closely by people/vehicles/animals,other,2,0,1,clear,17.01387497,99.75703149,connecting to private area,other,2022-02-22T02:01:00Z
6211075,22.02.2022 09:20,15.05.2022 19:09,Surat Thani,department of highways,7-10-wheel truck,speeding,rollover/fallen on straight road,1,0,0,clear,8.994736982,99.19731884,straight road,no slope,2022-02-22T02:20:00Z
6211101,22.02.2022 09:30,15.05.2022 19:11,Surat Thani,department of highways,4-wheel pickup truck,speeding,rollover/fallen on straight road,1,0,2,clear,8.947808222,99.27999525,straight road,no slope,2022-02-22T02:30:00Z
6074427,22.02.2022 10:00,11.04.2022 13:24,Mae Hong Son,department of highways,4-wheel pickup truck,speeding,rollover/fallen on straight road,1,0,0,clear,19.42726839,97.99679427,straight road,no slope,2022-02-22T03:00:00Z