acc_code,incident_datetime,report_datetime,province_en,agency,vehicle_type,presumed_cause,accident_type,number_of_vehicles_involved,number_of_fatalities,number_of_injuries,weather_condition,latitude,longitude,road_description,slope_description,incident_time
7438625,22.02.2022 10:00,7.12.2022 13:23,Chaiyaphum,department of highways,large truck with trailer,cutting in closely by people/vehicles/animals,rear-end collision,2,0,0,clear,15.45294601,101.7794332,straight road,no slope,2022-02-22T03:00:00Z
6178161,22.02.2022 11:05,10.05.2022 13:48,Phetchabun,department of highways,private/passenger car,speeding,rollover/fallen on curved road,1,0,3,clear,16.88332133,101.1284208,wide curve,slope area,2022-02-22T04:05:00Z
5998715,22.02.2022 12:15,29.03.2022 13:32,Nakhon Ratchasima,department of highways,4-wheel pickup truck,speeding,head-on collision (not overtaking),2,1,1,clear,15.24196842,102.1051553,straight road,no slope,2022-02-22T05:15:00Z
6154949,22.02.2022 12:30,6.05.2022 13:26,Nakhon Sawan,department of highways,large truck with trailer,vehicle equipment failure,rollover/fallen on straight road,1,0,0,clear,15.3169331,100.3118813,straight road,no slope,2022-02-22T05:30:00Z
5998721,22.02.2022 13:00,29.03.2022 13:32,Nakhon Ratchasima,department of highways,4-wheel pickup truck,speeding,head-on collision (not overtaking),2,1,0,clear,15.24196842,102.1051553,straight road,no slope,2022-02-22T06:00:00Z
7414180,22.02.2022 13:10,25.11.2022 13:55,Nakhon Ratchasima,department of highways,large truck with trailer,speeding,rear-end collision,8,0,0,clear,14.63141323,101.2205416,straight road,slope area,2022-02-22T06:10:00Z
6331532,22.02.2022 13:40,8.06.2022 14:07,Prachuap Khiri Khan,department of highways,4-wheel pickup truck,speeding,rear-end collision,2,0,2,clear,12.376625,99.88874404,straight road,no slope,2022-02-22T06:40:00Z
6225890,22.02.2022 14:15,18.05.2022 10:48,Phangnga,department of highways,4-wheel pickup truck,speeding,rollover/fallen on straight road,1,0,0,clear,8.41100494,98.25917332,straight road,no slope,2022-02-22T07:15:00Z
7414842,22.02.2022 14:30,25.11.2022 13:41,Nakhon Ratchasima,department of highways,4-wheel pickup truck,speeding,rollover/fallen on straight road,1,0,0,clear,14.86306249,101.6980523,straight road,no slope,2022-02-22T07:30:00Z
5800077,22.02.2022 14:45,25.02.2022 09:15,Pathum Thani,department of highways,large truck with trailer,speeding,rear-end collision,2,0,0,clear,14.06722292,100.6964645,straight road,no slope,2022-02-22T07:45:00Z
6338753,22.02.2022 15:30,9.06.2022 15:17,Chon Buri,department of highways,4-wheel pickup truck,speeding,rollover/fallen on straight road,1,0,2,clear,13.5077214,101.15778830000001,straight road,no slope,2022-02-22T08:30:00Z
5997960,22.02.2022 16:00,29.03.2022 10:07,Sakon Nakhon,department of highways,4-wheel pickup truck,cutting in closely by people/vehicles/animals,rear-end collision,2,0,0,clear,17.85152595,103.567501,straight road,no slope,2022-02-22T09:00:00Z
6918747,22.02.2022 16:20,16.09.2022 14:33,Chon Buri,department of highways,4-wheel pickup truck,speeding,rollover/fallen on straight road,1,0,0,clear,13.41728963,100.993613,straight road,no slope,2022-02-22T09:20:00Z
6211051,22.02.2022 16:30,15.05.2022 19:04,Surat Thani,department of highways,large truck with trailer,speeding,collision with obstruction (on road surface),1,0,0,clear,8.996005959,99.32760982,straight road,no slope,2022-02-22T09:30:00Z
6099562,22.02.2022 17:00,15.04.2022 12:43,Nan,department of highways,private/passenger car,speeding,rollover/fallen on straight road,1,0,0,clear,18.65935583,100.7525548,straight road,no slope,2022-02-22T10:00:00Z
6362144,22.02.2022 17:30,13.06.2022 09:38,Kanchanaburi,department of highways,large truck with trailer,falling asleep,collision with obstruction (on road surface),1,0,1,clear,14.48935686,99.46978568,other,other,2022-02-22T10:30:00Z
5831852,22.02.2022 19:04,2.03.2022 16:46,Bangkok,department of highways,private/passenger car,speeding,rear-end collision,2,0,0,clear,13.74090927,100.6450224,straight road,no slope,2022-02-22T12:04:00Z
5832664,22.02.2022 19:27,2.03.2022 19:41,Bangkok,department of highways,private/passenger car,speeding,rear-end collision,5,0,0,clear,13.74088843,100.6451779,straight road,no slope,2022-02-22T12:27:00Z
6319854,22.02.2022 20:00,6.06.2022 15:26,Suphan Buri,department of highways,7-10-wheel truck,speeding,rollover/fallen on straight road,1,0,0,clear,14.168256,99.96424823,straight road,no slope,2022-02-22T13:00:00Z
5818116,22.02.2022 20:40,28.02.2022 11:19,Suphan Buri,department of highways,4-wheel pickup truck,speeding,head-on collision (not overtaking),2,0,0,foggy,14.78481028,100.0103366,straight road,no slope,2022-02-22T13:40:00Z
6324651,22.02.2022 20:53,7.06.2022 11:07,Samut Prakan,department of highways,private/passenger car,speeding,rear-end collision,2,0,1,clear,13.64479564,100.8830765,straight road,no slope,2022-02-22T13:53:00Z
6144150,22.02.2022 21:15,25.04.2022 14:31,Nakhon Ratchasima,department of highways,large truck with trailer,speeding,rollover/fallen on straight road,1,0,0,clear,14.65753291,101.3713994,straight road,slope area,2022-02-22T14:15:00Z
6513600,22.02.2022 21:20,8.07.2022 10:01,Nakhon Nayok,department of highways,4-wheel pickup truck,speeding,rollover/fallen on curved road,1,0,0,clear,14.23561503,101.1598724,wide curve,no slope,2022-02-22T14:20:00Z
6362572,22.02.2022 21:30,13.06.2022 10:56,Nonthaburi,department of highways,4-wheel pickup truck,speeding,rollover/fallen on straight road,1,0,1,clear,13.95122997,100.423775,straight road,no slope,2022-02-22T14:30:00Z
6324652,22.02.2022 21:36,7.06.2022 11:08,Bangkok,department of highways,4-wheel pickup truck,speeding,rollover/fallen on straight road,1,0,0,clear,13.73151907,100.7642975,straight road,no slope,2022-02-22T14:36:00Z
6242050,22.02.2022 23:32,24.05.2022 08:52,Phra Nakhon Si Ayutthaya,department of highways,motorcycle,speeding,rollover/fallen on straight road,1,1,1,clear,14.16246695,100.6181761,straight road,no slope,2022-02-22T16:32:00Z
5919639,23.02.2022 01:30,15.03.2022 14:06,Tak,department of highways,other,speeding,rear-end collision,2,1,0,clear,17.01690144,99.10191535,straight road,no slope,2022-02-22T18:30:00Z
5920442,23.02.2022 03:00,16.03.2022 06:29,Tak,department of highways,4-wheel pickup truck,falling asleep,rollover/fallen on straight road,1,0,0,clear,16.99401966,98.52603971,straight road,no slope,2022-02-22T20:00:00Z
6324475,23.02.2022 08:15,7.06.2022 10:37,Chon Buri,department of highways,large truck with trailer,speeding,rollover/fallen on straight road,1,0,1,clear,13.30464579,100.9993395,straight road,no slope,2022-02-23T01:15:00Z
7444267,23.02.2022 08:30,8.12.2022 10:42,Bangkok,department of highways,motorcycle,speeding,rollover/fallen on straight road,1,0,2,clear,13.67595179,100.4065284,straight road,no slope,2022-02-23T01:30:00Z
7559453,23.02.2022 08:30,13.01.2023 14:55,Udon Thani,department of highways,motorcycle,cutting in closely by people/vehicles/animals,other,2,0,0,clear,17.6849829,102.4955428,straight road,no slope,2022-02-23T01:30:00Z
6324498,23.02.2022 08:41,7.06.2022 10:41,Chon Buri,department of highways,private/passenger car,speeding,rear-end collision,3,0,0,clear,13.11397557,100.9640685,straight road,no slope,2022-02-23T01:41:00Z
5800168,23.02.2022 08:49,25.02.2022 09:39,Pathum Thani,department of highways,4-wheel pickup truck,speeding,rear-end collision,4,0,0,clear,14.06628628,100.6965503,straight road,no slope,2022-02-23T01:49:00Z
5919736,23.02.2022 10:00,15.03.2022 11:55,Pathum Thani,department of highways,other,speeding,rollover/fallen on straight road,1,0,0,clear,14.03323084,100.3936779,straight road,no slope,2022-02-23T03:00:00Z
7565407,23.02.2022 10:00,20.01.2023 11:02,Trang,department of highways,other,speeding,rollover/fallen on straight road,1,0,0,clear,7.537030226,99.35098261,straight road,no slope,2022-02-23T03:00:00Z
6324666,23.02.2022 10:30,7.06.2022 11:12,Chon Buri,department of highways,motorcycle,speeding,collision with obstruction (on road surface),1,0,1,clear,12.84347743,100.9703636,straight road,no slope,2022-02-23T03:30:00Z
5919667,23.02.2022 10:55,16.03.2022 10:24,Kalasin,department of highways,4-wheel pickup truck,speeding,rollover/fallen on straight road,1,0,0,clear,16.49707715,103.5236549,straight road,no slope,2022-02-23T03:55:00Z
7414354,23.02.2022 11:30,28.11.2022 12:15,Nakhon Ratchasima,department of highways,4-wheel pickup truck,speeding,rear-end collision,3,0,1,rainy,14.86996871,101.8314278,straight road,no slope,2022-02-23T04:30:00Z
5919828,23.02.2022 13:10,16.03.2022 06:28,Tak,department of highways,private/passenger car,cutting in closely by people/vehicles/animals,head-on collision (not overtaking),2,0,3,clear,16.83034696,98.5975018,straight road,no slope,2022-02-23T06:10:00Z
6074033,23.02.2022 14:30,11.04.2022 11:55,Chiang Mai,department of highways,private/passenger car,unfamiliarity with the route/unskilled driving,head-on collision (not overtaking),2,0,0,clear,19.83766225,99.08390431,sharp curve,slope area,2022-02-23T07:30:00Z
7515188,23.02.2022 14:40,28.12.2022 13:19,Lamphun,department of highways,4-wheel pickup truck,speeding,rollover/fallen on straight road,1,0,1,clear,18.44129357,98.87855975,straight road,no slope,2022-02-23T07:40:00Z
5999244,23.02.2022 15:30,29.03.2022 15:24,Prachin Buri,department of highways,4-wheel pickup truck,speeding,rear-end collision,2,1,0,clear,14.12725614,101.8653443,straight road,no slope,2022-02-23T08:30:00Z
6318085,23.02.2022 15:45,6.06.2022 10:41,Prachuap Khiri Khan,department of highways,4-wheel pickup truck,falling asleep,rollover/fallen on straight road,1,0,0,clear,11.83557751,99.78155761,straight road,no slope,2022-02-23T08:45:00Z
6566105,23.02.2022 16:05,24.02.2022 13:51,Chanthaburi,department of rural roads,private/passenger car,speeding,other,1,1,0,clear,12.969307,101.969536,straight road,no slope,2022-02-23T09:05:00Z
6324472,23.02.2022 16:10,7.06.2022 10:38,Chon Buri,department of highways,private/passenger car,speeding,rear-end collision,2,0,0,clear,13.11718601,100.9824228,straight road,no slope,2022-02-23T09:10:00Z
6324555,23.02.2022 16:16,7.06.2022 10:50,Chon Buri,department of highways,private/passenger car,speeding,rear-end collision,2,0,0,clear,12.98087645,100.9856871,straight road,no slope,2022-02-23T09:16:00Z
6324665,23.02.2022 16:38,7.06.2022 11:10,Bangkok,department of highways,large truck with trailer,speeding,rear-end collision,2,0,1,clear,13.73389792,100.8050564,straight road,no slope,2022-02-23T09:38:00Z
6317558,23.02.2022 16:40,6.06.2022 09:20,Nakhon Si Thammarat,department of highways,4-wheel pickup truck,speeding,rollover/fallen on straight road,1,0,0,clear,8.185035257,99.52689795,straight road,no slope,2022-02-23T09:40:00Z
5920087,23.02.2022 16:50,16.03.2022 09:09,Phetchabun,department of highways,tractor/agricultural vehicle,speeding,rear-end collision,2,0,3,clear,16.75864614,101.1809921,straight road,no slope,2022-02-23T09:50:00Z
6225396,23.02.2022 17:00,18.05.2022 09:18,Tak,department of highways,large truck with trailer,speeding,rollover/fallen on straight road,1,0,0,clear,16.7256947,98.49481075,straight road,no slope,2022-02-23T10:00:00Z
6092854,23.02.2022 17:25,14.04.2022 10:25,Phrae,department of highways,4-wheel pickup truck,cutting in closely by people/vehicles/animals,rear-end collision,2,0,0,clear,18.35922493,100.3402322,wide curve,no slope,2022-02-23T10:25:00Z
5998615,23.02.2022 18:30,29.03.2022 13:02,Sakon Nakhon,department of highways,4-wheel pickup truck,speeding,rollover/fallen on straight road,1,0,0,clear,17.32108404,103.9789143,straight road,no slope,2022-02-23T11:30:00Z
5999240,23.02.2022 18:30,29.03.2022 15:23,Prachin Buri,department of highways,6-wheel truck,speeding,rear-end collision,2,0,1,clear,14.31189979,101.8502945,wide curve,slope area,2022-02-23T11:30:00Z
6252878,23.02.2022 18:36,26.05.2022 11:18,Samut Sakhon,department of highways,large truck with trailer,speeding,rear-end collision,2,0,0,clear,13.59729507,100.3649112,straight road,no slope,2022-02-23T11:36:00Z
6144783,23.02.2022 19:40,26.04.2022 14:24,Songkhla,department of highways,4-wheel pickup truck,speeding,rollover/fallen on straight road,1,0,2,rainy,7.115941314,100.2233603,straight road,no slope,2022-02-23T12:40:00Z
5819279,23.02.2022 20:20,28.02.2022 15:44,Amnat Charoen,department of highways,private/passenger car,failure to yield/signal,rollover/fallen on straight road,2,0,1,clear,15.90339306,104.6259275,straight road,no slope,2022-02-23T13:20:00Z
6225782,23.02.2022 20:45,18.05.2022 10:26,Phetchabun,department of highways,4-wheel pickup truck,speeding,rear-end collision,2,2,0,clear,15.81147055,101.1656472,straight road,no slope,2022-02-23T13:45:00Z
7331151,23.02.2022 21:00,24.02.2022 11:10,Udon Thani,department of highways,private/passenger car,speeding,head-on collision (not overtaking),2,2,0,clear,17.45291898,102.9222151,wide curve,no slope,2022-02-23T14:00:00Z
7331155,23.02.2022 21:30,7.07.2022 08:40,Ang Thong,department of highways,large truck with trailer,speeding,rear-end collision,2,0,1,clear,14.66173404,100.4722023,straight road,no slope,2022-02-23T14:30:00Z
6338323,23.02.2022 22:00,9.06.2022 14:01,Chon Buri,department of highways,4-wheel pickup truck,speeding,rollover/fallen on straight road,1,0,0,clear,13.40167165,100.9883451,other,other,2022-02-23T15:00:00Z
6085710,23.02.2022 22:20,13.04.2022 08:27,Uttaradit,department of highways,4-wheel pickup truck,speeding,rollover/fallen on straight road,1,0,0,clear,17.52364645,100.1004615,other,other,2022-02-23T15:20:00Z
7438791,23.02.2022 22:20,7.12.2022 10:20,Ubon Ratchathani,department of highways,4-wheel pickup truck,speeding,rollover/fallen on straight road,1,0,0,clear,15.20937697,105.4243567,wide curve,slope area,2022-02-23T15:20:00Z
6566108,23.02.2022 23:09,24.02.2022 15:07,Bangkok,department of rural roads,motorcycle,speeding,other,2,3,0,clear,13.701118,100.491705,straight road,no slope,2022-02-23T16:09:00Z
6345939,23.02.2022 23:20,10.06.2022 14:45,Samut Prakan,department of highways,4-wheel pickup truck,cutting in closely by people/vehicles/animals,rear-end collision,2,0,0,clear,13.51733695,100.6745911,straight road,no slope,2022-02-23T16:20:00Z
7565440,23.02.2022 23:30,20.01.2023 11:10,Trang,department of highways,4-wheel pickup truck,speeding,rollover/fallen on straight road,1,0,0,clear,7.551659991,99.74078266,straight road,no slope,2022-02-23T16:30:00Z
5830010,23.02.2022 23:50,2.03.2022 10:58,Amnat Charoen,department of highways,large truck with trailer,speeding,rollover/fallen on straight road,1,0,0,clear,16.03861635,104.6366939,straight road,no slope,2022-02-23T16:50:00Z
7558355,24.02.2022 00:10,12.01.2023 14:52,Si Sa Ket,department of highways,private/passenger car,speeding,rollover/fallen on straight road,1,0,1,clear,15.12675905,104.2827281,straight road,no slope,2022-02-23T17:10:00Z
6146629,24.02.2022 00:15,29.04.2022 10:19,Nakhon Sawan,department of highways,private/passenger car,speeding,rollover/fallen on curved road,1,1,0,clear,15.63723829,100.098246,wide curve,slope area,2022-02-23T17:15:00Z
6211166,24.02.2022 01:04,15.05.2022 19:30,Surat Thani,department of highways,4-wheel pickup truck,speeding,rollover/fallen on straight road,1,1,0,clear,9.324244068,99.15027826,straight road,no slope,2022-02-23T18:04:00Z
5792904,24.02.2022 01:08,24.02.2022 02:52,Samut Prakan,expressway authority of thailand,large truck with trailer,other,rear-end collision,2,0,3,clear,13.637099,100.547235,straight road,other,2022-02-23T18:08:00Z
7558350,24.02.2022 01:20,12.01.2023 14:51,Si Sa Ket,department of highways,4-wheel pickup truck,speeding,rollover/fallen on straight road,1,0,0,clear,15.10411206,104.4027409,straight road,no slope,2022-02-23T18:20:00Z
6324701,24.02.2022 01:26,7.06.2022 11:22,Bangkok,department of highways,private/passenger car,speeding,rear-end collision,2,0,1,clear,13.73204018,100.7715395,straight road,no slope,2022-02-23T18:26:00Z
7443800,24.02.2022 02:26,8.12.2022 10:37,Bangkok,department of highways,private/passenger car,speeding,rollover/fallen on curved road,1,0,0,clear,13.69231532,100.4074135,wide curve,no slope,2022-02-23T19:26:00Z
6073195,24.02.2022 02:30,11.04.2022 08:59,Chiang Mai,department of highways,private/passenger car,speeding,rollover/fallen on straight road,1,0,0,clear,19.09941052,98.93580078,straight road,no slope,2022-02-23T19:30:00Z
6211161,24.02.2022 03:00,15.05.2022 19:28,Surat Thani,department of highways,large truck with trailer,speeding,rollover/fallen on straight road,1,0,1,rainy,9.435345639,99.15235429,straight road,no slope,2022-02-23T20:00:00Z
6337679,24.02.2022 04:30,9.06.2022 11:17,Rayong,department of highways,4-wheel pickup truck,speeding,rollover/fallen on straight road,1,1,1,clear,12.7018037,101.2486267,straight road,no slope,2022-02-23T21:30:00Z
6918325,24.02.2022 05:30,16.09.2022 13:17,Buri Ram,department of highways,4-wheel pickup truck,vehicle equipment failure,rollover/fallen on straight road,1,0,0,clear,14.92792662,103.0831933,straight road,no slope,2022-02-23T22:30:00Z
7556025,24.02.2022 05:50,11.01.2023 09:53,Si Sa Ket,department of highways,4-wheel pickup truck,speeding,rollover/fallen on straight road,1,0,0,clear,14.65512481,104.2236659,straight road,no slope,2022-02-23T22:50:00Z
6368132,24.02.2022 06:30,14.06.2022 09:54,Kalasin,department of highways,private/passenger car,speeding,rollover/fallen on straight road,1,0,0,clear,16.40757349,103.5912761,straight road,no slope,2022-02-23T23:30:00Z
6363150,24.02.2022 06:59,13.06.2022 13:37,Phra Nakhon Si Ayutthaya,department of highways,4-wheel pickup truck,speeding,rollover/fallen on straight road,1,0,1,clear,14.24564501,100.7495078,straight road,no slope,2022-02-23T23:59:00Z
7331158,24.02.2022 08:30,18.04.2022 15:15,Nan,department of highways,motorcycle,speeding,rollover/fallen on straight road,1,0,1,clear,18.78997522,100.7392377,straight road,no slope,2022-02-24T01:30:00Z
6295907,24.02.2022 09:00,2.06.2022 14:05,Suphan Buri,department of highways,4-wheel pickup truck,speeding,collision with obstruction (on road surface),2,0,2,clear,14.76820149,99.76427077,other,other,2022-02-24T02:00:00Z
6363151,24.02.2022 09:02,13.06.2022 13:38,Phra Nakhon Si Ayutthaya,department of highways,large truck with trailer,speeding,rear-end collision,2,0,4,clear,14.24229393,100.7433736,straight road,no slope,2022-02-24T02:02:00Z
6219379,24.02.2022 09:30,17.05.2022 11:15,Nakhon Si Thammarat,department of highways,7-10-wheel truck,speeding,rollover/fallen on straight road,1,0,0,clear,8.350105557,99.67131613,straight road,no slope,2022-02-24T02:30:00Z
6852225,24.02.2022 10:00,6.09.2022 14:30,Chaiyaphum,department of highways,other,speeding,other,1,0,0,clear,15.77010765,102.0255339,straight road,no slope,2022-02-24T03:00:00Z
5800196,24.02.2022 10:10,25.02.2022 09:49,Chumphon,department of highways,private/passenger car,speeding,head-on collision (not overtaking),3,0,0,clear,10.7568721,99.20112757,straight road,no slope,2022-02-24T03:10:00Z
5875291,24.02.2022 10:20,9.03.2022 13:20,Chumphon,department of highways,4-wheel pickup truck,speeding,rollover/fallen on curved road,2,0,2,clear,10.66089263,99.19370054,other,other,2022-02-24T03:20:00Z
6943037,24.02.2022 10:30,20.09.2022 08:18,Chon Buri,department of highways,4-wheel pickup truck,speeding,rollover/fallen on straight road,1,0,1,clear,13.09941702,101.134378,straight road,no slope,2022-02-24T03:30:00Z
7007959,24.02.2022 11:29,30.09.2022 11:26,Pathum Thani,department of highways,other,speeding,rollover/fallen on straight road,1,0,0,clear,14.07615724,100.8906939,straight road,no slope,2022-02-24T04:29:00Z
6240474,24.02.2022 11:30,20.05.2022 16:28,Nakhon Si Thammarat,department of highways,large truck with trailer,speeding,rollover/fallen on straight road,1,0,1,clear,8.208219706,99.57490681,straight road,no slope,2022-02-24T04:30:00Z
6252469,24.02.2022 11:40,26.05.2022 10:04,Tak,department of highways,large truck with trailer,cutting in closely by people/vehicles/animals,rear-end collision,2,0,0,clear,16.87223329,99.13272588,other,other,2022-02-24T04:40:00Z
7418602,24.02.2022 11:40,30.11.2022 09:44,Chaiyaphum,department of highways,private/passenger car,speeding,rollover/fallen on straight road,1,0,1,clear,16.5913618,101.9762617,straight road,no slope,2022-02-24T04:40:00Z
5795142,24.02.2022 12:10,24.02.2022 13:19,Samut Prakan,expressway authority of thailand,4-wheel pickup truck,other,rear-end collision,2,0,1,clear,13.599924,100.790361,straight road,other,2022-02-24T05:10:00Z
6324807,24.02.2022 12:21,7.06.2022 11:46,Samut Prakan,department of highways,large truck with trailer,speeding,rear-end collision,2,0,0,clear,13.6699002,100.844053,straight road,no slope,2022-02-24T05:21:00Z
6211049,24.02.2022 12:30,15.05.2022 19:00,Surat Thani,department of highways,motorcycle,speeding,rear-end collision,2,0,1,clear,9.312910417,99.69490884,straight road,no slope,2022-02-24T05:30:00Z
6368138,24.02.2022 13:00,14.06.2022 09:52,Kalasin,department of highways,other,speeding,rollover/fallen on straight road,1,0,0,clear,16.4108463,103.7173238,straight road,no slope,2022-02-24T06:00:00Z
6368152,24.02.2022 13:00,14.06.2022 09:58,Kalasin,department of highways,other,speeding,rollover/fallen on straight road,1,0,0,clear,16.45739288,103.9982745,straight road,no slope,2022-02-24T06:00:00Z
5796725,24.02.2022 14:17,24.02.2022 19:17,Samut Prakan,expressway authority of thailand,4-wheel pickup truck,other,side collision,2,0,0,clear,13.63189,100.580157,straight road,other,2022-02-24T07:17:00Z
5998610,24.02.2022 14:30,29.03.2022 13:01,Sakon Nakhon,department of highways,4-wheel pickup truck,speeding,rollover/fallen on curved road,1,0,2,clear,17.37564433,103.8035488,wide curve,no slope,2022-02-24T07:30:00Z
5795841,24.02.2022 15:00,24.02.2022 15:39,Ang Thong,department of highways,private/passenger car,speeding,rear-end collision,2,0,1,clear,14.71135527,100.4553902,straight road,no slope,2022-02-24T08:00:00Z
6324524,24.02.2022 16:10,7.06.2022 10:49,Chon Buri,department of highways,motorcycle,speeding,rear-end collision,2,0,1,clear,12.95125924,100.9452769,straight road,no slope,2022-02-24T09:10:00Z
6324700,24.02.2022 16:17,7.06.2022 11:24,Bangkok,department of highways,private/passenger car,speeding,rear-end collision,4,0,0,clear,13.73131583,100.7145828,straight road,no slope,2022-02-24T09:17:00Z
5863042,24.02.2022 17:00,7.03.2022 16:08,Surat Thani,department of highways,4-wheel pickup truck,speeding,head-on collision (not overtaking),2,0,1,rainy,8.93001064,98.9534068,straight road,no slope,2022-02-24T10:00:00Z
5997901,24.02.2022 18:30,29.03.2022 09:44,Nakhon Phanom,department of highways,motorcycle,speeding,head-on collision (not overtaking),2,2,0,clear,17.0923471,104.6550053,straight road,no slope,2022-02-24T11:30:00Z
6144770,24.02.2022 19:00,26.04.2022 14:12,Sa Kaeo,department of highways,large truck with trailer,speeding,rollover/fallen on curved road,1,0,0,foggy,14.13826368,102.6697174,wide curve,slope area,2022-02-24T12:00:00Z
5823730,24.02.2022 19:32,1.03.2022 10:08,Chanthaburi,department of highways,private/passenger car,cutting in closely by people/vehicles/animals,head-on collision (not overtaking),2,1,0,clear,12.85847198,102.0476058,straight road,slope area,2022-02-24T12:32:00Z
6566117,24.02.2022 19:50,1.03.2022 16:45,Bangkok,department of rural roads,motorcycle,illegal overtaking,other,2,0,3,clear,13.701972,100.490268,straight road,no slope,2022-02-24T12:50:00Z
6296441,24.02.2022 20:10,2.06.2022 16:00,Suphan Buri,department of highways,private/passenger car,vehicle equipment failure,collision with obstruction (on road surface),2,0,1,clear,14.47346327,100.1009148,straight road,no slope,2022-02-24T13:10:00Z
6144144,24.02.2022 20:30,25.04.2022 14:29,Nakhon Ratchasima,department of highways,motorcycle,speeding,rear-end collision,2,1,0,clear,14.65705285,101.345551,other,other,2022-02-24T13:30:00Z
6343874,24.02.2022 21:35,10.06.2022 09:20,Rayong,department of highways,4-wheel pickup truck,speeding,rear-end collision,2,0,0,clear,12.84572641,101.3122192,straight road,no slope,2022-02-24T14:35:00Z
7413562,24.02.2022 23:20,25.11.2022 10:26,Ubon Ratchathani,department of highways,private/passenger car,falling asleep,rollover/fallen on straight road,1,0,0,clear,14.91313535,105.0592518,straight road,no slope,2022-02-24T16:20:00Z
6324410,24.02.2022 23:30,7.06.2022 10:25,Bangkok,department of highways,private/passenger car,speeding,rear-end collision,2,0,0,clear,13.70464912,100.6997207,straight road,no slope,2022-02-24T16:30:00Z
6337702,24.02.2022 23:50,9.06.2022 11:22,Chanthaburi,department of highways,motorcycle,speeding,rear-end collision,2,2,0,clear,12.59719012,102.1414751,wide curve,no slope,2022-02-24T16:50:00Z
5998162,25.02.2022 00:10,29.03.2022 10:55,Nong Bua Lam Phu,department of highways,private/passenger car,speeding,rollover/fallen on straight road,1,0,0,clear,16.91978407,102.2449037,straight road,no slope,2022-02-24T17:10:00Z
6295906,25.02.2022 01:00,2.06.2022 14:09,Ang Thong,department of highways,large passenger vehicle,speeding,rear-end collision,2,0,1,clear,14.60608263,100.4587242,straight road,no slope,2022-02-24T18:00:00Z
6288806,25.02.2022 02:05,1.06.2022 10:32,Phetchabun,department of highways,4-wheel pickup truck,speeding,rollover/fallen on curved road,1,0,0,clear,16.77523143,101.0614729,wide curve,slope area,2022-02-24T19:05:00Z
7422396,25.02.2022 02:55,1.12.2022 13:40,Songkhla,department of highways,4-wheel pickup truck,speeding,rollover/fallen on straight road,1,0,0,rainy,7.071209141,100.5436161,straight road,no slope,2022-02-24T19:55:00Z
6337012,25.02.2022 03:30,9.06.2022 09:21,Chanthaburi,department of highways,4-wheel pickup truck,speeding,head-on collision (not overtaking),2,0,0,clear,12.96884284,102.2843966,other,other,2022-02-24T20:30:00Z
5829232,25.02.2022 05:20,2.03.2022 08:10,Phra Nakhon Si Ayutthaya,department of highways,large truck with trailer,speeding,rollover/fallen on straight road,1,0,0,clear,14.26675643,100.7882658,straight road,no slope,2022-02-24T22:20:00Z
6324527,25.02.2022 08:00,7.06.2022 10:45,Chon Buri,department of highways,4-wheel pickup truck,speeding,pedestrian collision,1,0,1,clear,12.94785844,100.9568533,straight road,no slope,2022-02-25T01:00:00Z
6242335,25.02.2022 09:50,24.05.2022 14:05,Chachoengsao,department of highways,large truck with trailer,speeding,rear-end collision,2,0,0,clear,13.60220406,101.0200998,straight road,no slope,2022-02-25T02:50:00Z
7331162,25.02.2022 10:30,3.03.2022 09:51,Yasothon,department of highways,4-wheel pickup truck,speeding,other,2,0,6,clear,15.98653272,104.2387211,connecting to public/commercial area,other,2022-02-25T03:30:00Z
5843202,25.02.2022 10:38,4.03.2022 10:42,Samut Prakan,expressway authority of thailand,4-wheel pickup truck,other,rear-end collision,2,0,0,clear,13.631185,100.582859,straight road,other,2022-02-25T03:38:00Z
6079690,25.02.2022 11:00,12.04.2022 10:36,Phitsanulok,department of highways,other,speeding,rollover/fallen on straight road,1,0,0,clear,16.86459448,100.2649212,other,other,2022-02-25T04:00:00Z
7419389,25.02.2022 11:00,30.11.2022 13:26,Narathiwat,department of highways,4-wheel pickup truck,speeding,rear-end collision,2,0,0,rainy,6.273372392,102.0235759,straight road,no slope,2022-02-25T04:00:00Z
5889361,25.02.2022 11:30,11.03.2022 14:03,Roi Et,department of highways,4-wheel pickup truck,speeding,rollover/fallen on straight road,1,0,1,clear,15.65163506,103.7517071,straight road,no slope,2022-02-25T04:30:00Z
7422403,25.02.2022 11:30,1.12.2022 13:47,Songkhla,department of highways,4-wheel pickup truck,speeding,rollover/fallen on straight road,1,0,0,rainy,7.040767704,100.4625302,straight road,no slope,2022-02-25T04:30:00Z
6944437,25.02.2022 11:38,20.09.2022 13:16,Ubon Ratchathani,department of highways,other,speeding,rollover/fallen on straight road,1,0,0,clear,14.83792706,105.1799029,straight road,no slope,2022-02-25T04:38:00Z
5844295,25.02.2022 11:40,4.03.2022 14:57,Chachoengsao,expressway authority of thailand,7-10-wheel truck,other,side collision,4,1,0,clear,13.542434,100.962005,straight road,other,2022-02-25T04:40:00Z