acc_code,incident_datetime,report_datetime,province_en,agency,vehicle_type,presumed_cause,accident_type,number_of_vehicles_involved,number_of_fatalities,number_of_injuries,weather_condition,latitude,longitude,road_description,slope_description,incident_time
6294508,25.02.2022 13:30,2.06.2022 09:12,Ang Thong,department of highways,4-wheel pickup truck,speeding,rollover/fallen on straight road,1,0,2,clear,14.58485279,100.301418,straight road,no slope,2022-02-25T06:30:00Z
6318083,25.02.2022 13:30,6.06.2022 10:41,Prachuap Khiri Khan,department of highways,4-wheel pickup truck,vehicle equipment failure,rollover/fallen on straight road,1,0,0,clear,12.13134805,99.85134064,straight road,no slope,2022-02-25T06:30:00Z
7567143,25.02.2022 13:40,23.01.2023 10:59,Phangnga,department of highways,4-wheel pickup truck,speeding,rollover/fallen on curved road,1,0,0,rainy,8.443857447,98.58235,connecting to public/commercial area,other,2022-02-25T06:40:00Z
5919805,25.02.2022 13:45,16.03.2022 11:16,Yasothon,department of highways,4-wheel pickup truck,speeding,rollover/fallen on curved road,1,0,4,clear,15.94267831,104.0521574,wide curve,no slope,2022-02-25T06:45:00Z
5997979,25.02.2022 14:00,29.03.2022 10:11,buogkan,department of highways,6-wheel truck,speeding,rollover/fallen on straight road,1,0,0,clear,18.18529531,104.0568727,straight road,no slope,2022-02-25T07:00:00Z
7514539,25.02.2022 14:00,28.12.2022 10:40,Nan,department of highways,private/passenger car,brake/anti-lock brake system failure,rollover/fallen on curved road,1,0,4,clear,19.18126158,100.9758273,wide curve,slope area,2022-02-25T07:00:00Z
6177661,25.02.2022 15:00,10.05.2022 12:03,Kanchanaburi,department of highways,private/passenger car,speeding,rear-end collision,2,0,1,clear,14.04036585,99.53852801,straight road,no slope,2022-02-25T08:00:00Z
7425101,25.02.2022 15:10,2.12.2022 13:39,Songkhla,department of highways,6-wheel truck,speeding,other,1,0,1,rainy,6.760736894,100.4592928,wide curve,no slope,2022-02-25T08:10:00Z
5853010,25.02.2022 15:30,5.03.2022 22:40,Chon Buri,department of highways,private/passenger car,speeding,rear-end collision,4,0,0,clear,13.45414415,101.0460153,straight road,no slope,2022-02-25T08:30:00Z
5993460,25.02.2022 15:30,28.03.2022 15:03,Mukdahan,department of highways,4-wheel pickup truck,speeding,rollover/fallen on straight road,1,0,1,clear,16.27100852,104.9149677,straight road,no slope,2022-02-25T08:30:00Z
6252880,25.02.2022 15:50,26.05.2022 11:19,Samut Sakhon,department of highways,4-wheel pickup truck,speeding,rear-end collision,2,0,0,clear,13.59257368,100.3546706,straight road,no slope,2022-02-25T08:50:00Z
5997962,25.02.2022 16:10,29.03.2022 10:05,Sakon Nakhon,department of highways,4-wheel pickup truck,speeding,collision with obstruction (on road surface),1,0,1,clear,17.86974629,103.5108849,other,other,2022-02-25T09:10:00Z
7418908,25.02.2022 16:20,30.11.2022 11:10,Narathiwat,department of highways,private/passenger car,speeding,rollover/fallen on straight road,1,0,1,rainy,6.262043808,102.0403451,straight road,no slope,2022-02-25T09:20:00Z
6154517,25.02.2022 16:30,6.05.2022 11:09,Nakhon Sawan,department of highways,private/passenger car,other,rollover/fallen on curved road,1,0,0,clear,15.1435084,100.4110318,wide curve,no slope,2022-02-25T09:30:00Z
5920266,25.02.2022 17:00,15.03.2022 14:01,Tak,department of highways,large truck with trailer,speeding,rollover/fallen on curved road,1,0,0,clear,16.74611247,98.80270957,wide curve,no slope,2022-02-25T10:00:00Z
5998246,25.02.2022 17:40,29.03.2022 11:05,Sakon Nakhon,department of highways,motorcycle,speeding,rear-end collision,2,0,1,clear,17.39729395,103.6888683,straight road,no slope,2022-02-25T10:40:00Z
7515278,25.02.2022 17:50,28.12.2022 16:10,Bangkok,department of highways,motorcycle,speeding,rear-end collision,2,0,0,clear,13.79694981,100.5610016,straight road,no slope,2022-02-25T10:50:00Z
7414454,25.02.2022 18:04,28.11.2022 14:32,Nakhon Ratchasima,department of highways,4-wheel pickup truck,speeding,rollover/fallen on straight road,1,0,0,clear,14.65375987,101.3639536,straight road,slope area,2022-02-25T11:04:00Z
6147914,25.02.2022 18:50,2.05.2022 08:09,Maha Sarakham,department of highways,4-wheel pickup truck,speeding,rollover/fallen on straight road,1,0,2,clear,16.05472183,103.0817127,straight road,no slope,2022-02-25T11:50:00Z
5920454,25.02.2022 18:55,16.03.2022 06:43,Sukhothai,department of highways,motorcycle,speeding,rear-end collision,2,0,2,clear,17.01255152,99.76821898,straight road,no slope,2022-02-25T11:55:00Z
7445513,25.02.2022 20:30,9.12.2022 08:44,Bangkok,department of highways,private/passenger car,cutting in closely by people/vehicles/animals,rear-end collision,2,0,0,clear,13.68163186,100.4761773,straight road,no slope,2022-02-25T13:30:00Z
6117449,25.02.2022 20:50,18.04.2022 15:13,Phayao,department of highways,6-wheel truck,speeding,rollover/fallen on curved road,1,1,0,clear,18.84907125,100.3331566,wide curve,slope area,2022-02-25T13:50:00Z
5803947,25.02.2022 22:12,25.02.2022 23:18,Samut Prakan,expressway authority of thailand,large truck with trailer,other,rear-end collision,2,0,1,clear,13.62059075,100.7381258,straight road,other,2022-02-25T15:12:00Z
6146573,25.02.2022 22:20,29.04.2022 08:37,Nakhon Sawan,department of highways,7-10-wheel truck,speeding,rear-end collision,2,0,1,clear,15.60271447,100.1222598,straight road,no slope,2022-02-25T15:20:00Z
6178722,25.02.2022 23:00,10.05.2022 15:12,Kanchanaburi,department of highways,7-10-wheel truck,speeding,rollover/fallen on straight road,1,0,0,clear,14.03227324,99.5516011,straight road,no slope,2022-02-25T16:00:00Z
6324382,25.02.2022 23:05,7.06.2022 10:23,Bangkok,department of highways,large truck with trailer,speeding,rear-end collision,2,0,3,clear,13.70933699,100.7001203,straight road,no slope,2022-02-25T16:05:00Z
5998722,25.02.2022 23:40,29.03.2022 13:34,Chiang Mai,department of highways,private/passenger car,speeding,rollover/fallen on straight road,1,2,3,clear,18.45161364,98.71710418,straight road,no slope,2022-02-25T16:40:00Z
6242201,26.02.2022 00:30,24.05.2022 11:11,Samut Prakan,department of highways,motorcycle,speeding,rollover/fallen on curved road,1,1,0,clear,13.53894251,100.621891,wide curve,no slope,2022-02-25T17:30:00Z
7284229,26.02.2022 00:30,10.11.2022 13:43,Udon Thani,department of highways,4-wheel pickup truck,speeding,rollover/fallen on straight road,1,0,1,clear,17.51502668,102.7988148,straight road,no slope,2022-02-25T17:30:00Z
6147918,26.02.2022 00:40,2.05.2022 08:05,Maha Sarakham,department of highways,private/passenger car,falling asleep,rollover/fallen on straight road,1,0,3,clear,16.04969029,102.9429674,straight road,no slope,2022-02-25T17:40:00Z
6003642,26.02.2022 00:45,30.03.2022 08:56,Chiang Mai,department of highways,4-wheel pickup truck,speeding,rollover/fallen on straight road,1,0,1,clear,18.82995369,99.01241271,straight road,no slope,2022-02-25T17:45:00Z
6219903,26.02.2022 01:00,17.05.2022 13:14,Nakhon Si Thammarat,department of highways,4-wheel pickup truck,speeding,rollover/fallen on straight road,1,0,0,clear,8.288533125,99.52574729,straight road,no slope,2022-02-25T18:00:00Z
7422428,26.02.2022 01:15,1.12.2022 14:19,Songkhla,department of highways,private/passenger car,speeding,rollover/fallen on straight road,1,0,0,rainy,6.849864609,100.4703784,straight road,no slope,2022-02-25T18:15:00Z
7418643,26.02.2022 02:30,30.11.2022 09:57,Nakhon Ratchasima,department of highways,4-wheel pickup truck,speeding,rollover/fallen on straight road,1,0,0,clear,14.66889836,101.4450314,straight road,no slope,2022-02-25T19:30:00Z
6144772,26.02.2022 04:00,26.04.2022 14:10,Sa Kaeo,department of highways,private/passenger car,speeding,rollover/fallen on straight road,1,0,0,clear,13.73493231,102.3883375,straight road,no slope,2022-02-25T21:00:00Z
6294314,26.02.2022 04:00,2.06.2022 08:26,Uthai Thani,department of highways,other,speeding,rollover/fallen on straight road,1,0,0,clear,15.37035683,99.80345248,other,other,2022-02-25T21:00:00Z
5812229,26.02.2022 05:04,27.02.2022 10:48,Pathum Thani,department of highways,large truck with trailer,speeding,rollover/fallen on straight road,1,0,0,clear,14.09135309,100.6920442,straight road,no slope,2022-02-25T22:04:00Z
6146577,26.02.2022 05:30,29.04.2022 09:02,Nakhon Sawan,department of highways,private/passenger car,cutting in closely by people/vehicles/animals,rear-end collision,2,0,1,clear,15.6641352,100.1523784,straight road,no slope,2022-02-25T22:30:00Z
7418911,26.02.2022 05:30,30.11.2022 11:11,Narathiwat,department of highways,4-wheel pickup truck,speeding,rollover/fallen on straight road,1,0,1,rainy,6.406747896,101.8643117,straight road,no slope,2022-02-25T22:30:00Z
6918251,26.02.2022 07:00,16.09.2022 13:14,Nakhon Ratchasima,department of highways,4-wheel pickup truck,speeding,rollover/fallen on curved road,1,0,0,clear,15.10563212,101.4487356,wide curve,no slope,2022-02-26T00:00:00Z
6144771,26.02.2022 07:20,26.04.2022 14:11,Sa Kaeo,department of highways,large truck with trailer,speeding,rollover/fallen on straight road,1,0,1,clear,13.79051687,102.1507662,straight road,no slope,2022-02-26T00:20:00Z
6220338,26.02.2022 08:20,17.05.2022 14:35,Phatthalung,department of highways,private/passenger car,speeding,rollover/fallen on straight road,1,0,1,rainy,7.521493202,100.0572055,other,other,2022-02-26T01:20:00Z
6117499,26.02.2022 09:15,18.04.2022 15:19,Nan,department of highways,private/passenger car,falling asleep,rollover/fallen on straight road,1,0,1,clear,19.03390962,100.8011135,straight road,no slope,2022-02-26T02:15:00Z
5832801,26.02.2022 09:45,2.03.2022 20:10,Bangkok,department of highways,4-wheel pickup truck,speeding,rear-end collision,2,0,0,clear,13.73157378,100.7131398,straight road,no slope,2022-02-26T02:45:00Z
5829215,26.02.2022 09:55,2.03.2022 08:06,Phra Nakhon Si Ayutthaya,department of highways,private/passenger car,vehicle equipment failure,rollover/fallen on straight road,1,0,0,clear,14.24141521,100.7417589,straight road,no slope,2022-02-26T02:55:00Z
5829197,26.02.2022 10:15,2.03.2022 07:58,Phra Nakhon Si Ayutthaya,department of highways,motorcycle,speeding,rear-end collision,2,0,1,clear,14.2296639,100.7115519,other,other,2022-02-26T03:15:00Z
6331037,26.02.2022 10:40,8.06.2022 11:58,Phatthalung,department of highways,6-wheel truck,speeding,rollover/fallen on curved road,2,0,2,rainy,7.418644504,100.0782394,wide curve,no slope,2022-02-26T03:40:00Z
5812317,26.02.2022 11:18,27.02.2022 11:10,Bangkok,department of highways,6-wheel truck,speeding,rear-end collision,2,0,3,clear,13.8819957,100.6853279,straight road,no slope,2022-02-26T04:18:00Z
5817510,26.02.2022 11:40,28.02.2022 09:43,Surat Thani,department of highways,4-wheel pickup truck,speeding,rollover/fallen on straight road,1,0,1,rainy,9.241093864,99.13966207,straight road,no slope,2022-02-26T04:40:00Z
6144752,26.02.2022 12:43,26.04.2022 13:54,Nakhon Ratchasima,department of highways,large truck with trailer,speeding,rear-end collision,2,0,5,clear,14.81199264,101.8551332,straight road,no slope,2022-02-26T05:43:00Z
5843412,26.02.2022 13:15,4.03.2022 11:29,Trat,department of highways,4-wheel pickup truck,speeding,rear-end collision,2,0,2,clear,12.29784139,102.4780789,wide curve,slope area,2022-02-26T06:15:00Z
6080675,26.02.2022 13:30,12.04.2022 14:19,Uttaradit,department of highways,4-wheel pickup truck,falling asleep,rollover/fallen on curved road,1,0,2,clear,17.37991149,100.2313909,wide curve,no slope,2022-02-26T06:30:00Z
6144794,26.02.2022 14:00,26.04.2022 14:33,Yala,department of highways,other,speeding,rollover/fallen on curved road,1,0,0,clear,6.402208601,101.2818566,wide curve,no slope,2022-02-26T07:00:00Z
6004134,26.02.2022 14:40,30.03.2022 10:54,Chiang Mai,department of highways,motorcycle,speeding,rear-end collision,2,0,0,clear,18.87871425,99.03655528,straight road,no slope,2022-02-26T07:40:00Z
6566123,26.02.2022 15:21,1.03.2022 16:47,Loei,department of rural roads,private/passenger car,speeding,other,1,0,1,clear,17.509834,101.750656,t-intersection,other,2022-02-26T08:21:00Z
6144184,26.02.2022 15:30,25.04.2022 14:57,Phrae,department of highways,4-wheel pickup truck,speeding,head-on collision (not overtaking),2,0,0,clear,18.06410241,99.78358267,straight road,no slope,2022-02-26T08:30:00Z
6252860,26.02.2022 16:00,26.05.2022 11:11,Phra Nakhon Si Ayutthaya,department of highways,4-wheel pickup truck,speeding,rear-end collision,2,0,0,clear,14.16654999,100.5852279,straight road,no slope,2022-02-26T09:00:00Z
7554364,26.02.2022 16:00,9.01.2023 10:40,Trang,department of highways,4-wheel pickup truck,speeding,rear-end collision,2,0,2,rainy,7.606191516,99.6047893,straight road,no slope,2022-02-26T09:00:00Z
6127755,26.02.2022 16:10,20.04.2022 09:54,Saraburi,department of highways,6-wheel truck,vehicle equipment failure,rollover/fallen on straight road,1,0,0,clear,14.33361309,100.8503803,straight road,no slope,2022-02-26T09:10:00Z
6344507,26.02.2022 17:00,10.06.2022 10:29,Phra Nakhon Si Ayutthaya,department of highways,large truck with trailer,speeding,rollover/fallen on straight road,1,0,0,clear,14.1682586,100.5889159,straight road,no slope,2022-02-26T10:00:00Z
7476519,26.02.2022 17:00,21.12.2022 09:39,Kamphaeng Phet,department of highways,bicycle,cutting in closely by people/vehicles/animals,other,2,0,0,clear,16.13582743,99.32726382,connecting to school area,other,2022-02-26T10:00:00Z
5829602,26.02.2022 19:00,2.03.2022 09:49,Ubon Ratchathani,department of highways,4-wheel pickup truck,speeding,rollover/fallen on curved road,1,0,2,clear,15.67150063,104.6535301,wide curve,slope area,2022-02-26T12:00:00Z
6170217,26.02.2022 19:20,9.05.2022 09:08,Loburi,department of highways,motorcycle,cutting in closely by people/vehicles/animals,rear-end collision,2,1,0,clear,15.13681037,101.0826731,other,other,2022-02-26T12:20:00Z
6319742,26.02.2022 19:25,6.06.2022 15:07,Phatthalung,department of highways,4-wheel pickup truck,speeding,rollover/fallen on straight road,1,0,0,rainy,7.345205172,100.1334956,straight road,no slope,2022-02-26T12:25:00Z
6252346,26.02.2022 20:32,26.05.2022 09:37,Ubon Ratchathani,department of highways,4-wheel pickup truck,speeding,rollover/fallen on straight road,1,0,0,clear,15.60234505,105.0242999,straight road,no slope,2022-02-26T13:32:00Z
6317861,26.02.2022 22:15,6.06.2022 10:15,Nakhon Si Thammarat,department of highways,4-wheel pickup truck,speeding,rollover/fallen on straight road,1,0,1,rainy,8.665592564,99.91104929,other,other,2022-02-26T15:15:00Z
6003795,26.02.2022 22:20,30.03.2022 09:28,Chiang Mai,department of highways,4-wheel pickup truck,speeding,rear-end collision,2,0,0,clear,18.89442071,99.00945424,straight road,no slope,2022-02-26T15:20:00Z
5998588,26.02.2022 22:30,29.03.2022 12:59,Sakon Nakhon,department of highways,motorcycle,speeding,rear-end collision,2,1,0,clear,17.54192054,103.9725602,straight road,no slope,2022-02-26T15:30:00Z
7331166,26.02.2022 22:45,2.05.2022 08:10,Maha Sarakham,department of highways,private/passenger car,speeding,rollover/fallen on straight road,1,0,2,clear,16.14345385,103.4200573,straight road,no slope,2022-02-26T15:45:00Z
6225368,26.02.2022 22:50,18.05.2022 09:14,Tak,department of highways,large truck with trailer,speeding,head-on collision (not overtaking),2,0,1,clear,16.72285109,98.57869683,straight road,no slope,2022-02-26T15:50:00Z
7008188,26.02.2022 23:59,30.09.2022 12:16,Nakhon Ratchasima,department of highways,motorcycle,speeding,rollover/fallen on straight road,1,1,0,clear,15.03151461,102.1377817,straight road,no slope,2022-02-26T16:59:00Z
6128713,27.02.2022 01:00,20.04.2022 14:22,Sing Buri,department of highways,4-wheel pickup truck,speeding,rollover/fallen on straight road,1,0,0,clear,14.85321608,100.443736,straight road,no slope,2022-02-26T18:00:00Z
6295318,27.02.2022 06:40,2.06.2022 11:45,Kanchanaburi,department of highways,motorcycle,speeding,rear-end collision,2,2,0,clear,14.21426929,99.77811097,straight road,no slope,2022-02-26T23:40:00Z
7567135,27.02.2022 07:00,23.01.2023 10:52,Phangnga,department of highways,4-wheel pickup truck,speeding,rollover/fallen on straight road,1,0,0,clear,8.422111745,98.53217124,straight road,no slope,2022-02-27T00:00:00Z
6337518,27.02.2022 07:10,9.06.2022 10:50,Chanthaburi,department of highways,4-wheel pickup truck,speeding,rollover/fallen on straight road,1,0,0,clear,12.92848001,102.0780945,straight road,no slope,2022-02-27T00:10:00Z
6183794,27.02.2022 09:00,11.05.2022 09:44,Chai Nat,department of highways,other,speeding,rollover/fallen on straight road,1,0,0,clear,14.95975794,100.2014413,other,other,2022-02-27T02:00:00Z
6238169,27.02.2022 09:15,20.05.2022 08:39,Samut Songkhram,department of highways,4-wheel pickup truck,speeding,rollover/fallen on straight road,1,0,1,clear,13.42366334,100.0100577,other,other,2022-02-27T02:15:00Z
6232360,27.02.2022 09:20,19.05.2022 09:54,Surat Thani,department of highways,4-wheel pickup truck,speeding,rollover/fallen on straight road,1,0,1,rainy,9.599165787,99.12719248,straight road,no slope,2022-02-27T02:20:00Z
7331183,27.02.2022 11:45,17.03.2022 13:05,Samut Songkhram,department of highways,motorcycle,speeding,collision with obstruction (on road surface),2,0,1,clear,13.40993214,100.021618,straight road,no slope,2022-02-27T04:45:00Z
6324744,27.02.2022 12:47,7.06.2022 11:33,Pathum Thani,department of highways,4-wheel pickup truck,speeding,rollover/fallen on straight road,1,0,0,clear,13.94568012,100.7116431,straight road,no slope,2022-02-27T05:47:00Z
6128659,27.02.2022 13:42,20.04.2022 14:14,Saraburi,department of highways,4-wheel pickup truck,speeding,rollover/fallen on straight road,1,0,1,clear,14.67715221,101.2005186,straight road,no slope,2022-02-27T06:42:00Z
6337054,27.02.2022 14:24,9.06.2022 09:27,Rayong,department of highways,private/passenger car,falling asleep,rollover/fallen on straight road,1,0,0,clear,12.97104103,101.4952344,straight road,no slope,2022-02-27T07:24:00Z
5997899,27.02.2022 15:00,29.03.2022 09:41,Nakhon Phanom,department of highways,4-wheel pickup truck,speeding,rear-end collision,2,1,8,clear,17.1570652,104.6468621,straight road,no slope,2022-02-27T08:00:00Z
7331179,27.02.2022 15:40,13.04.2022 10:47,Lampang,department of highways,4-wheel pickup truck,speeding,rollover/fallen on straight road,1,0,3,clear,18.87667882,99.94629352,straight road,no slope,2022-02-27T08:40:00Z
6294424,27.02.2022 18:10,2.06.2022 08:52,Suphan Buri,department of highways,motorcycle,speeding,rear-end collision,2,0,1,clear,14.79177087,100.1437926,straight road,no slope,2022-02-27T11:10:00Z
6085711,27.02.2022 19:00,13.04.2022 08:26,Uttaradit,department of highways,4-wheel pickup truck,vehicle equipment failure,rollover/fallen on straight road,1,0,1,clear,17.6051687,100.0698387,straight road,no slope,2022-02-27T12:00:00Z
7433994,27.02.2022 19:20,6.12.2022 09:52,Chanthaburi,department of highways,4-wheel pickup truck,running red lights/traffic signals,rear-end collision,3,0,3,clear,12.65026254,102.1287882,other,other,2022-02-27T12:20:00Z
6190761,27.02.2022 19:30,12.05.2022 10:15,Suphan Buri,department of highways,motorcycle,speeding,rollover/fallen on straight road,1,0,1,foggy,14.78865627,100.0934368,straight road,no slope,2022-02-27T12:30:00Z
6190474,27.02.2022 20:30,12.05.2022 08:53,Suphan Buri,department of highways,private/passenger car,speeding,rear-end collision,2,0,0,clear,14.57889281,100.1508897,straight road,no slope,2022-02-27T13:30:00Z
7331173,27.02.2022 20:30,7.03.2022 10:52,Surin,department of highways,large truck with trailer,speeding,rear-end collision,2,0,6,clear,14.64203292,104.0080967,straight road,no slope,2022-02-27T13:30:00Z
7418893,27.02.2022 21:10,30.11.2022 11:00,Udon Thani,department of highways,4-wheel pickup truck,speeding,rollover/fallen on straight road,1,0,1,clear,17.24784729,102.8952134,straight road,no slope,2022-02-27T14:10:00Z
6144135,27.02.2022 21:30,25.04.2022 14:18,Phrae,department of highways,4-wheel pickup truck,cutting in closely by people/vehicles/animals,head-on collision (not overtaking),2,0,0,clear,18.1436088,100.1712289,straight road,no slope,2022-02-27T14:30:00Z
5874398,27.02.2022 22:20,9.03.2022 10:06,Chiang Mai,department of highways,4-wheel pickup truck,speeding,rollover/fallen on straight road,1,0,0,clear,18.45407398,98.67401181,straight road,no slope,2022-02-27T15:20:00Z
5920272,27.02.2022 22:20,15.03.2022 14:05,Tak,department of highways,large truck with trailer,vehicle equipment failure,rollover/fallen on straight road,1,0,0,clear,16.81355338,98.97503881,straight road,slope area,2022-02-27T15:20:00Z
6294506,27.02.2022 22:40,2.06.2022 09:10,Ang Thong,department of highways,motorcycle,speeding,rollover/fallen on straight road,1,0,1,clear,14.71714044,100.455814,other,other,2022-02-27T15:40:00Z
7331176,27.02.2022 23:01,24.05.2022 10:58,Trat,department of highways,motorcycle,speeding,rollover/fallen on curved road,1,1,0,clear,12.21483457,102.5000542,wide curve,slope area,2022-02-27T16:01:00Z
5920565,27.02.2022 23:30,16.03.2022 09:50,Loei,department of highways,pedestrian,cutting in closely by people/vehicles/animals,pedestrian collision,1,1,0,clear,17.3727978,101.7451572,straight road,no slope,2022-02-27T16:30:00Z
7331169,27.02.2022 23:30,9.06.2022 13:54,Chanthaburi,department of highways,7-10-wheel truck,speeding,rollover/fallen on curved road,1,0,3,clear,12.84551198,102.2655031,wide curve,slope area,2022-02-27T16:30:00Z
6253180,28.02.2022 00:19,26.05.2022 12:38,Nakhon Ratchasima,department of highways,motorcycle,speeding,rollover/fallen on curved road,1,0,2,clear,14.37047541,101.8517911,wide curve,slope area,2022-02-27T17:19:00Z
6324746,28.02.2022 00:36,7.06.2022 11:31,Bangkok,department of highways,motorcycle,speeding,rollover/fallen on straight road,1,0,2,clear,13.73101359,100.7172918,straight road,no slope,2022-02-27T17:36:00Z
5997976,28.02.2022 01:00,29.03.2022 10:13,Sakon Nakhon,department of highways,large truck with trailer,speeding,rollover/fallen on curved road,1,0,0,clear,17.8580285,103.4168815,wide curve,no slope,2022-02-27T18:00:00Z
5919819,28.02.2022 02:30,15.03.2022 13:36,Kamphaeng Phet,department of highways,4-wheel pickup truck,falling asleep,rollover/fallen on straight road,1,0,0,clear,16.62167632,99.35957907,straight road,no slope,2022-02-27T19:30:00Z
6225348,28.02.2022 04:00,18.05.2022 09:06,Sukhothai,department of highways,private/passenger car,speeding,rollover/fallen on straight road,1,0,0,clear,16.84192266,99.79860304,straight road,no slope,2022-02-27T21:00:00Z
7567139,28.02.2022 05:00,23.01.2023 10:54,Phangnga,department of highways,private/passenger car,speeding,rollover/fallen on straight road,1,0,0,rainy,8.472597781,98.599205,straight road,no slope,2022-02-27T22:00:00Z
7414448,28.02.2022 06:15,28.11.2022 14:29,Nakhon Ratchasima,department of highways,6-wheel truck,speeding,rear-end collision,2,0,0,clear,14.97484915,102.0517713,straight road,no slope,2022-02-27T23:15:00Z
6566119,28.02.2022 07:00,1.03.2022 16:45,Samut Prakan,department of rural roads,private/passenger car,tailgating,other,3,0,2,clear,13.652889,100.541002,straight road,slope area,2022-02-28T00:00:00Z
5824666,28.02.2022 07:30,1.03.2022 13:55,Ubon Ratchathani,department of highways,private/passenger car,speeding,rollover/fallen on curved road,1,0,0,clear,15.42391942,104.7823539,wide curve,slope area,2022-02-28T00:30:00Z
6566122,28.02.2022 07:43,1.03.2022 16:46,Samut Prakan,department of rural roads,motorcycle,speeding,other,1,1,1,clear,13.664632,100.538815,grade-separated intersection/ramps,other,2022-02-28T00:43:00Z
7560735,28.02.2022 08:30,16.01.2023 11:40,Bangkok,department of highways,4-wheel pickup truck,speeding,rear-end collision,2,0,1,clear,13.76433811,100.5481308,other,other,2022-02-28T01:30:00Z
7331193,28.02.2022 08:45,20.05.2022 08:34,Samut Songkhram,department of highways,motorcycle,falling asleep,rollover/fallen on straight road,1,0,1,clear,13.37489225,99.96321558,straight road,no slope,2022-02-28T01:45:00Z
5830065,28.02.2022 09:00,2.03.2022 11:01,Pathum Thani,department of highways,other,speeding,rollover/fallen on straight road,1,0,0,clear,14.14423541,100.6619015,straight road,no slope,2022-02-28T02:00:00Z
5997977,28.02.2022 09:15,29.03.2022 10:14,buogkan,department of highways,private/passenger car,speeding,rollover/fallen on straight road,1,0,1,clear,18.27616472,103.6861297,straight road,no slope,2022-02-28T02:15:00Z
7331195,28.02.2022 09:50,16.03.2022 06:40,Sukhothai,department of highways,7-10-wheel truck,speeding,rear-end collision,4,0,1,clear,16.95247341,99.97404097,other,other,2022-02-28T02:50:00Z
5919774,28.02.2022 10:00,15.03.2022 13:35,Kamphaeng Phet,department of highways,private/passenger car,falling asleep,rollover/fallen on straight road,1,0,1,clear,16.40854608,99.46600913,straight road,no slope,2022-02-28T03:00:00Z
6368338,28.02.2022 10:00,14.06.2022 10:41,Surin,department of highways,7-10-wheel truck,driving under the influence of alcohol,collision with obstruction (on road surface),1,0,1,clear,14.77141753,103.8297781,straight road,no slope,2022-02-28T03:00:00Z
6294358,28.02.2022 10:30,2.06.2022 08:39,Suphan Buri,department of highways,large truck with trailer,vehicle equipment failure,rollover/fallen on straight road,1,0,0,clear,14.34866953,100.1886982,straight road,no slope,2022-02-28T03:30:00Z
7331189,28.02.2022 10:30,7.03.2022 10:52,Surin,department of highways,motorcycle,vehicle equipment failure,other,2,1,1,clear,14.90946006,103.7598154,wide curve,no slope,2022-02-28T03:30:00Z
7560763,28.02.2022 11:00,16.01.2023 13:34,Bangkok,department of highways,6-wheel truck,speeding,rear-end collision,2,0,0,clear,13.81228789,100.5594516,straight road,slope area,2022-02-28T04:00:00Z
7331186,28.02.2022 12:10,30.09.2022 10:50,Kanchanaburi,department of highways,large truck with trailer,vehicle equipment failure,rollover/fallen on straight road,1,0,0,clear,14.06374172,99.49232428,other,other,2022-02-28T05:10:00Z
7425082,28.02.2022 13:00,2.12.2022 13:59,Prachuap Khiri Khan,department of highways,6-wheel truck,overloaded vehicle,other,1,0,0,clear,12.38754702,99.90151136,other,other,2022-02-28T06:00:00Z
6238564,28.02.2022 14:00,20.05.2022 09:45,Nakhon Si Thammarat,department of highways,4-wheel pickup truck,speeding,rollover/fallen on straight road,1,0,1,clear,9.055690508,99.83879058,straight road,no slope,2022-02-28T07:00:00Z
5920262,28.02.2022 15:00,15.03.2022 13:52,Tak,department of highways,4-wheel pickup truck,falling asleep,rollover/fallen on straight road,1,0,2,clear,16.69946355,99.24868582,straight road,no slope,2022-02-28T08:00:00Z
6086334,28.02.2022 15:50,13.04.2022 10:40,Lampang,department of highways,7-10-wheel truck,speeding,collision with obstruction (on road surface),2,0,1,clear,18.83630276,99.94849293,straight road,no slope,2022-02-28T08:50:00Z
6533208,28.02.2022 16:20,11.07.2022 14:49,Phetchabun,department of highways,4-wheel pickup truck,speeding,rollover/fallen on curved road,1,1,0,clear,16.88016952,101.1298799,wide curve,slope area,2022-02-28T09:20:00Z
7559448,28.02.2022 16:40,13.01.2023 14:47,Udon Thani,department of highways,4-wheel pickup truck,speeding,rear-end collision,2,0,0,clear,17.53623774,102.8002015,straight road,no slope,2022-02-28T09:40:00Z
5920372,28.02.2022 19:20,15.03.2022 14:59,Tak,department of highways,4-wheel pickup truck,speeding,rollover/fallen on curved road,1,0,0,clear,16.72494719,98.59759031,other,other,2022-02-28T12:20:00Z
5829668,28.02.2022 19:24,2.03.2022 10:00,Nakhon Sawan,department of highways,private/passenger car,driving under the influence of alcohol,rollover/fallen on straight road,1,0,1,clear,15.73884888,100.0978544,straight road,no slope,2022-02-28T12:24:00Z
6345705,28.02.2022 19:30,10.06.2022 14:07,Phra Nakhon Si Ayutthaya,department of highways,4-wheel pickup truck,vehicle equipment failure,rollover/fallen on straight road,1,0,0,clear,14.26873203,100.7918975,straight road,no slope,2022-02-28T12:30:00Z
6225847,28.02.2022 20:10,18.05.2022 10:41,Roi Et,department of highways,motorcycle,speeding,rear-end collision,2,0,0,clear,16.28019769,104.1237616,other,other,2022-02-28T13:10:00Z
6566126,28.02.2022 20:30,2.03.2022 14:39,Lamphun,department of rural roads,motorcycle,driving under the influence of alcohol,other,2,2,0,other,17.72117,98.959947,straight road,no slope,2022-02-28T13:30:00Z