acc_code,incident_datetime,report_datetime,province_en,agency,vehicle_type,presumed_cause,accident_type,number_of_vehicles_involved,number_of_fatalities,number_of_injuries,weather_condition,latitude,longitude,road_description,slope_description,incident_time
6937101,28.02.2022 20:30,19.09.2022 10:57,Chiang Rai,department of highways,private/passenger car,speeding,rollover/fallen on straight road,1,0,1,clear,19.71360645,99.71841572,straight road,no slope,2022-02-28T13:30:00Z
7476266,28.02.2022 20:30,21.12.2022 09:15,Suphan Buri,department of highways,bicycle,cutting in closely by people/vehicles/animals,rear-end collision,2,0,0,clear,14.49237444,100.1314196,straight road,no slope,2022-02-28T13:30:00Z
6183838,28.02.2022 21:00,11.05.2022 09:47,Chai Nat,department of highways,motorcycle,speeding,collision with obstruction (on road surface),2,0,1,clear,15.20954521,100.2159306,straight road,no slope,2022-02-28T14:00:00Z
6219905,28.02.2022 21:30,17.05.2022 13:13,Nakhon Si Thammarat,department of highways,motorcycle,speeding,rear-end collision,2,0,3,clear,8.534764313,99.61183278,wide curve,slope area,2022-02-28T14:30:00Z
6252372,28.02.2022 22:00,26.05.2022 09:41,Trat,department of highways,private/passenger car,vehicle equipment failure,other,1,0,0,clear,12.22378155,102.3076004,straight road,no slope,2022-02-28T15:00:00Z
6190555,28.02.2022 23:05,12.05.2022 09:16,Suphan Buri,department of highways,motorcycle,speeding,rollover/fallen on curved road,1,1,0,foggy,14.86718447,100.0177932,wide curve,no slope,2022-02-28T16:05:00Z
6004367,28.02.2022 23:30,30.03.2022 11:48,Chiang Mai,department of highways,motorcycle,speeding,rollover/fallen on straight road,1,0,1,clear,18.8076247,99.01550262,straight road,no slope,2022-02-28T16:30:00Z
5830707,1.03.2022 00:11,2.03.2022 13:23,Ubon Ratchathani,department of highways,4-wheel pickup truck,speeding,rollover/fallen on straight road,1,0,0,clear,15.59665121,104.684861,straight road,no slope,2022-02-28T17:11:00Z
6539832,1.03.2022 00:14,12.07.2022 14:52,Samut Prakan,department of highways,private/passenger car,speeding,rear-end collision,3,0,1,clear,13.6502093,100.8746517,straight road,no slope,2022-02-28T17:14:00Z
7521917,1.03.2022 00:20,30.12.2022 12:07,Mukdahan,department of highways,4-wheel pickup truck,speeding,rollover/fallen on straight road,1,0,1,clear,16.50630195,104.3055618,straight road,no slope,2022-02-28T17:20:00Z
6585052,1.03.2022 01:00,21.07.2022 10:30,Nakhon Nayok,department of highways,4-wheel pickup truck,speeding,rear-end collision,3,0,5,clear,14.08570517,100.9183153,straight road,no slope,2022-02-28T18:00:00Z
7447136,1.03.2022 01:00,9.12.2022 10:29,Chanthaburi,department of highways,4-wheel pickup truck,speeding,rollover/fallen on curved road,1,0,0,clear,12.72093271,102.0827401,sharp curve,no slope,2022-02-28T18:00:00Z
7544429,1.03.2022 01:30,4.01.2023 14:15,Songkhla,department of highways,private/passenger car,falling asleep,rollover/fallen on straight road,1,0,1,clear,7.146359152,100.5941409,straight road,no slope,2022-02-28T18:30:00Z
7331197,1.03.2022 01:55,22.07.2022 14:32,Samut Sakhon,department of highways,4-wheel pickup truck,speeding,collision with obstruction (on road surface),1,1,2,clear,13.60185212,100.3693932,straight road,no slope,2022-02-28T18:55:00Z
6259922,1.03.2022 02:00,27.05.2022 14:31,Phra Nakhon Si Ayutthaya,department of highways,private/passenger car,speeding,rollover/fallen on straight road,1,0,1,clear,14.14170473,100.6183505,other,other,2022-02-28T19:00:00Z
7527432,1.03.2022 02:00,31.12.2022 11:00,Sakon Nakhon,department of highways,4-wheel pickup truck,speeding,rollover/fallen on curved road,1,0,0,clear,17.62891268,103.9492196,wide curve,no slope,2022-02-28T19:00:00Z
6237797,1.03.2022 02:30,20.05.2022 07:04,Sukhothai,department of highways,private/passenger car,speeding,rollover/fallen on straight road,1,0,0,clear,16.956445,99.96163844,straight road,no slope,2022-02-28T19:30:00Z
6155131,1.03.2022 03:00,6.05.2022 14:00,Nakhon Sawan,department of highways,6-wheel truck,falling asleep,rollover/fallen on curved road,1,0,0,clear,15.30787604,100.5842945,wide curve,no slope,2022-02-28T20:00:00Z
7447480,1.03.2022 03:00,9.12.2022 10:44,Chachoengsao,department of highways,4-wheel pickup truck,speeding,rollover/fallen on straight road,1,0,1,clear,13.76542782,101.5182075,straight road,no slope,2022-02-28T20:00:00Z
6178314,1.03.2022 04:50,10.05.2022 14:11,Kanchanaburi,department of highways,private/passenger car,speeding,rollover/fallen on straight road,1,0,1,clear,14.05941487,99.5057085,straight road,no slope,2022-02-28T21:50:00Z
5837765,1.03.2022 04:57,3.03.2022 14:00,Chon Buri,department of highways,4-wheel pickup truck,speeding,rear-end collision,2,0,1,clear,13.30727427,101.0018393,straight road,no slope,2022-02-28T21:57:00Z
7541612,1.03.2022 05:25,3.01.2023 09:45,Nakhon Ratchasima,department of highways,private/passenger car,speeding,rollover/fallen on straight road,1,0,1,clear,15.19624114,102.3498693,straight road,no slope,2022-02-28T22:25:00Z
6220456,1.03.2022 05:30,17.05.2022 14:55,Chiang Mai,department of highways,motorcycle,speeding,rollover/fallen on straight road,1,0,1,clear,18.86851657,99.01530145,straight road,no slope,2022-02-28T22:30:00Z
6531675,1.03.2022 05:34,11.07.2022 10:06,Chon Buri,department of highways,7-10-wheel truck,speeding,rollover/fallen on straight road,1,0,0,clear,13.40297101,101.0035211,straight road,no slope,2022-02-28T22:34:00Z
6585060,1.03.2022 06:05,21.07.2022 10:32,Pathum Thani,department of highways,private/passenger car,speeding,rollover/fallen on straight road,1,0,0,clear,13.94420153,100.7744551,other,other,2022-02-28T23:05:00Z
6153635,1.03.2022 06:40,6.05.2022 07:57,Nakhon Sawan,department of highways,4-wheel pickup truck,falling asleep,rollover/fallen on straight road,1,0,1,clear,15.58020176,100.0765872,straight road,no slope,2022-02-28T23:40:00Z
5823542,1.03.2022 06:49,1.03.2022 09:23,Chon Buri,department of highways,7-10-wheel truck,speeding,rollover/fallen on straight road,1,0,0,clear,13.02457309,100.9963998,straight road,no slope,2022-02-28T23:49:00Z
7542806,1.03.2022 07:17,3.01.2023 14:40,Sa Kaeo,department of highways,4-wheel pickup truck,speeding,rear-end collision,2,0,0,clear,14.04769318,102.7453181,straight road,no slope,2022-03-01T00:17:00Z
7447851,1.03.2022 07:30,9.12.2022 13:58,Chon Buri,department of highways,4-wheel pickup truck,speeding,rollover/fallen on straight road,1,0,0,clear,13.09407719,101.3907945,straight road,no slope,2022-03-01T00:30:00Z
6579936,1.03.2022 07:40,20.07.2022 13:59,Ang Thong,department of highways,private/passenger car,speeding,rollover/fallen on straight road,1,0,1,clear,14.60171431,100.2572688,straight road,no slope,2022-03-01T00:40:00Z
5881308,1.03.2022 07:55,10.03.2022 09:31,Nakhon Pathom,department of highways,4-wheel pickup truck,speeding,rear-end collision,2,0,2,clear,13.67170631,100.0883782,straight road,no slope,2022-03-01T00:55:00Z
7447358,1.03.2022 07:58,9.12.2022 13:45,Chachoengsao,department of highways,private/passenger car,speeding,rollover/fallen on straight road,1,0,0,clear,13.51868785,100.9916442,straight road,no slope,2022-03-01T00:58:00Z
7521998,1.03.2022 08:10,30.12.2022 12:26,Mukdahan,department of highways,large passenger vehicle,cutting in closely by people/vehicles/animals,head-on collision (not overtaking),2,2,0,clear,16.61604765,104.4740367,straight road,no slope,2022-03-01T01:10:00Z
6226030,1.03.2022 08:30,18.05.2022 11:06,Kalasin,department of highways,other,speeding,rollover/fallen on straight road,1,0,0,clear,16.82240094,103.6515963,other,other,2022-03-01T01:30:00Z
6904132,1.03.2022 08:30,14.09.2022 14:39,Nakhon Ratchasima,department of highways,other,speeding,rollover/fallen on straight road,1,0,0,clear,15.03014685,102.0850736,straight road,no slope,2022-03-01T01:30:00Z
6239293,1.03.2022 09:09,20.05.2022 12:10,Sukhothai,department of highways,motorcycle,speeding,rear-end collision,2,0,2,clear,17.21310626,99.84965085,straight road,no slope,2022-03-01T02:09:00Z
6153633,1.03.2022 09:30,6.05.2022 07:56,Nakhon Sawan,department of highways,motorcycle,cutting in closely by people/vehicles/animals,rear-end collision,2,0,2,clear,15.93443809,99.99163626,connecting to public/commercial area,other,2022-03-01T02:30:00Z
6539612,1.03.2022 09:34,12.07.2022 14:33,Samut Prakan,department of highways,private/passenger car,falling asleep,rollover/fallen on straight road,1,0,0,clear,13.66841985,100.8463517,straight road,no slope,2022-03-01T02:34:00Z
6031799,1.03.2022 09:38,4.04.2022 09:51,Samut Prakan,expressway authority of thailand,6-wheel truck,other,rear-end collision,3,0,0,clear,13.630637,100.531997,straight road,other,2022-03-01T02:38:00Z
7331200,1.03.2022 09:40,3.03.2022 11:43,Phetchaburi,department of highways,motorcycle,speeding,rear-end collision,2,1,0,clear,13.17206794,99.83929215,connecting to public/commercial area,other,2022-03-01T02:40:00Z
7378870,1.03.2022 09:40,24.11.2022 11:28,Chiang Mai,department of highways,motorcycle,speeding,rear-end collision,2,0,1,clear,18.92871906,98.99060367,straight road,no slope,2022-03-01T02:40:00Z
5875182,1.03.2022 10:00,9.03.2022 13:03,Chanthaburi,department of highways,4-wheel pickup truck,falling asleep,rollover/fallen on straight road,1,0,1,clear,12.83929062,102.2647092,wide curve,slope area,2022-03-01T03:00:00Z
7521398,1.03.2022 10:20,30.12.2022 09:58,buogkan,department of highways,4-wheel pickup truck,speeding,rollover/fallen on straight road,1,0,2,clear,17.9305285,103.9803895,straight road,no slope,2022-03-01T03:20:00Z
7378545,1.03.2022 10:30,24.11.2022 09:50,Lamphun,department of highways,7-10-wheel truck,vehicle equipment failure,rear-end collision,2,0,0,clear,18.53909048,99.02724801,other,other,2022-03-01T03:30:00Z
7515102,1.03.2022 10:30,28.12.2022 13:48,Lamphun,department of highways,large truck with trailer,vehicle equipment failure,rear-end collision,2,0,0,clear,18.53907777,99.02721046,other,other,2022-03-01T03:30:00Z
6233484,1.03.2022 11:30,19.05.2022 14:06,Surat Thani,department of highways,large truck with trailer,speeding,rollover/fallen on straight road,1,0,0,clear,9.387586091,99.17295633,straight road,no slope,2022-03-01T04:30:00Z
7565424,1.03.2022 11:30,20.01.2023 11:08,Trang,department of highways,private/passenger car,falling asleep,rollover/fallen on curved road,1,0,1,clear,7.886228618,99.59987818,wide curve,no slope,2022-03-01T04:30:00Z
7446797,1.03.2022 11:40,9.12.2022 10:04,Chanthaburi,department of highways,large truck with trailer,speeding,rollover/fallen on curved road,1,0,0,clear,13.04854025,102.4178579,wide curve,no slope,2022-03-01T04:40:00Z
6539608,1.03.2022 11:47,12.07.2022 14:34,Bangkok,department of highways,4-wheel pickup truck,vehicle equipment failure,rollover/fallen on straight road,1,0,0,clear,13.73300162,100.7915112,straight road,no slope,2022-03-01T04:47:00Z
7521912,1.03.2022 12:00,30.12.2022 12:05,Mukdahan,department of highways,private/passenger car,falling asleep,rollover/fallen on straight road,1,0,1,clear,16.51025714,104.2684534,straight road,no slope,2022-03-01T05:00:00Z
5824274,1.03.2022 12:12,1.03.2022 12:28,Samut Prakan,expressway authority of thailand,other,other,rear-end collision,2,0,0,clear,13.630798,100.672229,straight road,other,2022-03-01T05:12:00Z
6368135,1.03.2022 13:00,14.06.2022 09:51,Kalasin,department of highways,other,speeding,rollover/fallen on straight road,1,0,0,clear,16.4838371,104.0500116,other,other,2022-03-01T06:00:00Z
6117007,1.03.2022 14:00,18.04.2022 13:59,Chiang Mai,department of highways,motorcycle,speeding,head-on collision (not overtaking),2,1,0,clear,18.78065587,99.09227012,straight road,no slope,2022-03-01T07:00:00Z
5843308,1.03.2022 14:05,4.03.2022 11:05,Bangkok,department of highways,private/passenger car,speeding,rear-end collision,3,0,2,clear,13.83806952,100.6731507,straight road,no slope,2022-03-01T07:05:00Z
6171700,1.03.2022 14:10,9.05.2022 14:14,Saraburi,department of highways,large truck with trailer,speeding,rollover/fallen on straight road,1,0,0,clear,14.35763171,100.8760866,straight road,no slope,2022-03-01T07:10:00Z
6238749,1.03.2022 14:30,20.05.2022 10:14,Samut Songkhram,department of highways,4-wheel pickup truck,speeding,rear-end collision,2,0,1,clear,13.39619233,100.0038108,straight road,no slope,2022-03-01T07:30:00Z
7446165,1.03.2022 14:30,9.12.2022 09:19,Phra Nakhon Si Ayutthaya,department of highways,other,speeding,rollover/fallen on straight road,1,0,0,clear,14.28534459,100.6132838,straight road,no slope,2022-03-01T07:30:00Z
7331206,1.03.2022 15:25,10.03.2022 09:25,Surin,department of highways,large truck with trailer,running red lights/traffic signals,rear-end collision,2,0,1,clear,14.75761155,103.4289488,straight road,no slope,2022-03-01T08:25:00Z
6239296,1.03.2022 15:30,20.05.2022 12:12,Tak,department of highways,large truck with trailer,vehicle equipment failure,rollover/fallen on curved road,1,0,1,clear,16.77931461,98.93952368,wide curve,no slope,2022-03-01T08:30:00Z
6580067,1.03.2022 15:50,20.07.2022 14:26,Uthai Thani,department of highways,7-10-wheel truck,speeding,rollover/fallen on straight road,1,0,0,clear,15.23678746,99.68287914,straight road,no slope,2022-03-01T08:50:00Z
6227112,1.03.2022 16:20,18.05.2022 14:55,Phetchabun,department of highways,4-wheel pickup truck,speeding,head-on collision (not overtaking),2,0,0,clear,16.70306794,101.654571,straight road,no slope,2022-03-01T09:20:00Z
6989777,1.03.2022 16:30,27.09.2022 15:00,Surat Thani,department of highways,4-wheel pickup truck,falling asleep,rear-end collision,2,0,0,clear,8.872163174,99.20447229,straight road,no slope,2022-03-01T09:30:00Z
6005398,1.03.2022 17:00,30.03.2022 15:41,Suphan Buri,department of highways,4-wheel pickup truck,speeding,rear-end collision,2,0,0,clear,14.61383014,100.1530516,straight road,no slope,2022-03-01T10:00:00Z
6902880,1.03.2022 18:33,14.09.2022 10:10,Chiang Mai,department of highways,private/passenger car,speeding,rear-end collision,2,0,0,clear,18.85110954,99.08817707,straight road,no slope,2022-03-01T11:33:00Z
7569596,1.03.2022 19:20,25.01.2023 14:44,Phitsanulok,department of highways,4-wheel pickup truck,speeding,rollover/fallen on straight road,1,0,0,clear,16.86073646,100.7507363,straight road,no slope,2022-03-01T12:20:00Z
6539827,1.03.2022 19:30,12.07.2022 14:51,Samut Prakan,department of highways,private/passenger car,speeding,rear-end collision,2,0,0,clear,13.65714235,100.6919262,straight road,no slope,2022-03-01T12:30:00Z
5844311,1.03.2022 21:00,4.03.2022 15:04,Suphan Buri,department of highways,motorcycle,speeding,rear-end collision,2,1,0,clear,14.79852896,99.72438096,straight road,no slope,2022-03-01T14:00:00Z
6566131,1.03.2022 21:05,4.03.2022 09:13,Bangkok,department of rural roads,private/passenger car,speeding,other,2,0,0,clear,13.670603,100.538575,straight road,slope area,2022-03-01T14:05:00Z
6591058,1.03.2022 21:10,22.07.2022 10:02,Samut Sakhon,department of highways,private/passenger car,speeding,rear-end collision,2,0,0,clear,13.60444605,100.3719762,straight road,no slope,2022-03-01T14:10:00Z
7447045,1.03.2022 21:50,9.12.2022 10:28,Chanthaburi,department of highways,4-wheel pickup truck,cutting in closely by people/vehicles/animals,rear-end collision,2,1,0,clear,12.77680964,101.8310228,straight road,no slope,2022-03-01T14:50:00Z
6566133,1.03.2022 22:00,4.03.2022 09:12,Phrae,department of rural roads,motorcycle,speeding,other,1,1,0,clear,18.403669,100.153533,straight road,no slope,2022-03-01T15:00:00Z
7562877,2.03.2022 00:05,18.01.2023 12:30,Surat Thani,department of highways,private/passenger car,speeding,rollover/fallen on straight road,1,0,1,clear,8.626463663,99.35308544,straight road,no slope,2022-03-01T17:05:00Z
6566170,2.03.2022 00:30,14.06.2022 11:14,Phra Nakhon Si Ayutthaya,department of rural roads,private/passenger car,cutting in closely by people/vehicles/animals,other,1,0,1,clear,14.353439,100.475562,wide curve,no slope,2022-03-01T17:30:00Z
5828696,2.03.2022 00:41,2.03.2022 04:10,Samut Prakan,expressway authority of thailand,4-wheel pickup truck,other,rear-end collision,2,0,1,clear,13.62904,100.527976,grade-separated intersection/ramps,other,2022-03-01T17:41:00Z
7414036,2.03.2022 01:10,28.11.2022 09:44,Ubon Ratchathani,department of highways,private/passenger car,speeding,collision with obstruction (on road surface),1,0,0,clear,15.24086599,105.2300602,straight road,no slope,2022-03-01T18:10:00Z
6171641,2.03.2022 02:27,9.05.2022 14:02,Saraburi,department of highways,large truck with trailer,speeding,rear-end collision,2,0,0,clear,14.50620231,100.9101024,straight road,no slope,2022-03-01T19:27:00Z
6580108,2.03.2022 02:30,20.07.2022 14:35,Uthai Thani,department of highways,private/passenger car,speeding,rollover/fallen on curved road,1,0,0,clear,15.05875904,99.45385872,sharp curve,slope area,2022-03-01T19:30:00Z
5831816,2.03.2022 03:45,2.03.2022 16:36,Suphan Buri,department of highways,4-wheel pickup truck,speeding,rollover/fallen on straight road,1,0,0,foggy,14.86006298,100.0519484,straight road,no slope,2022-03-01T20:45:00Z
7438414,2.03.2022 04:30,7.12.2022 09:41,Suphan Buri,department of highways,4-wheel pickup truck,cutting in closely by people/vehicles/animals,rear-end collision,2,0,2,clear,14.47478259,100.1002979,other,other,2022-03-01T21:30:00Z
6239298,2.03.2022 06:30,20.05.2022 12:11,Tak,department of highways,large truck with trailer,speeding,rollover/fallen on curved road,1,0,0,clear,16.81416702,98.96981387,wide curve,slope area,2022-03-01T23:30:00Z
5991896,2.03.2022 06:50,28.03.2022 09:18,Bangkok,department of highways,other,speeding,rollover/fallen on straight road,1,0,0,clear,13.92101396,100.6020427,straight road,no slope,2022-03-01T23:50:00Z
7542705,2.03.2022 08:14,3.01.2023 14:22,Prachin Buri,department of highways,4-wheel pickup truck,speeding,rear-end collision,3,0,1,clear,14.12878818,101.8676001,straight road,no slope,2022-03-02T01:14:00Z
6227136,2.03.2022 09:00,18.05.2022 15:04,Phetchabun,department of highways,large truck with trailer,speeding,pedestrian collision,1,1,0,clear,15.84113637,101.0961163,other,other,2022-03-02T02:00:00Z
7518299,2.03.2022 09:32,29.12.2022 11:39,Samut Prakan,expressway authority of thailand,7-10-wheel truck,other,rear-end collision,2,0,0,clear,13.627311,100.594099,straight road,other,2022-03-02T02:32:00Z
6153655,2.03.2022 10:00,6.05.2022 08:04,Nakhon Sawan,department of highways,private/passenger car,falling asleep,rollover/fallen on straight road,1,0,1,clear,15.62004815,100.1220292,straight road,no slope,2022-03-02T03:00:00Z
7554687,2.03.2022 10:20,9.01.2023 14:06,Phangnga,department of highways,private/passenger car,speeding,rollover/fallen on straight road,1,0,0,clear,8.431480376,98.51998328,straight road,no slope,2022-03-02T03:20:00Z
5975060,2.03.2022 10:40,25.03.2022 09:39,Tak,department of highways,4-wheel pickup truck,speeding,rollover/fallen on straight road,1,0,0,clear,16.82789773,99.08956377,straight road,no slope,2022-03-02T03:40:00Z
6005503,2.03.2022 11:55,30.03.2022 16:01,Suphan Buri,department of highways,4-wheel pickup truck,speeding,rollover/fallen on straight road,1,0,0,clear,14.6408755,100.157555,straight road,no slope,2022-03-02T04:55:00Z
6566155,2.03.2022 12:00,16.03.2022 08:27,Mae Hong Son,department of rural roads,passenger pickup truck,ignoring stop sign while leaving intersection,other,2,0,2,clear,18.81922022,97.92445276,y-intersection,other,2022-03-02T05:00:00Z
7446982,2.03.2022 12:00,9.12.2022 13:54,Chon Buri,department of highways,6-wheel truck,speeding,rollover/fallen on straight road,2,0,0,clear,13.40175514,101.0044089,other,other,2022-03-02T05:00:00Z
6226947,2.03.2022 13:30,18.05.2022 14:34,Phuket,department of highways,private/passenger car,speeding,rollover/fallen on straight road,1,0,0,clear,7.877213856,98.36351662,straight road,no slope,2022-03-02T06:30:00Z
6539070,2.03.2022 14:00,12.07.2022 13:57,Samut Prakan,department of highways,large truck with trailer,speeding,rollover/fallen on straight road,1,0,0,clear,13.61139348,100.9351462,straight road,no slope,2022-03-02T07:00:00Z
6566157,2.03.2022 14:00,16.03.2022 08:27,Mae Hong Son,department of rural roads,motorcycle,speeding,other,1,0,1,clear,19.640446,98.094146,wide curve,slope area,2022-03-02T07:00:00Z
6219129,2.03.2022 14:20,17.05.2022 10:22,Nakhon Si Thammarat,department of highways,4-wheel pickup truck,speeding,rollover/fallen on straight road,1,0,1,clear,8.08642327,100.0796342,straight road,no slope,2022-03-02T07:20:00Z
7526808,2.03.2022 15:00,31.12.2022 08:46,Mukdahan,department of highways,motorcycle,falling asleep,rollover/fallen on curved road,1,0,1,clear,16.47129063,104.3508938,wide curve,no slope,2022-03-02T08:00:00Z
5842846,2.03.2022 16:09,4.03.2022 09:29,Bangkok,department of highways,7-10-wheel truck,speeding,rollover/fallen on straight road,1,0,0,clear,13.76142885,100.6959763,straight road,no slope,2022-03-02T09:09:00Z
7331209,2.03.2022 16:48,3.03.2022 09:50,Udon Thani,department of highways,7-10-wheel truck,speeding,head-on collision (not overtaking),3,1,3,clear,17.30659318,103.1148407,straight road,no slope,2022-03-02T09:48:00Z
6144674,2.03.2022 16:50,26.04.2022 10:23,Chiang Mai,department of highways,4-wheel pickup truck,speeding,rollover/fallen on straight road,1,0,0,clear,18.77858116,99.02743845,straight road,no slope,2022-03-02T09:50:00Z
7445588,2.03.2022 17:30,9.12.2022 09:15,Phra Nakhon Si Ayutthaya,department of highways,4-wheel pickup truck,speeding,rollover/fallen on straight road,1,0,1,rainy,14.2516893,100.7008633,straight road,no slope,2022-03-02T10:30:00Z
6225996,2.03.2022 18:20,18.05.2022 11:01,Roi Et,department of highways,private/passenger car,speeding,rear-end collision,2,0,0,clear,15.63149635,103.8817084,other,other,2022-03-02T11:20:00Z
5956798,2.03.2022 18:45,22.03.2022 13:21,Phetchaburi,department of highways,private/passenger car,speeding,rear-end collision,2,0,1,clear,12.86750908,99.9185568,straight road,no slope,2022-03-02T11:45:00Z
6602524,2.03.2022 20:00,26.07.2022 14:21,Nan,department of highways,private/passenger car,speeding,rollover/fallen on straight road,1,0,0,clear,18.74042947,100.7552692,straight road,no slope,2022-03-02T13:00:00Z
6032799,2.03.2022 20:12,4.04.2022 13:43,Bangkok,expressway authority of thailand,other,other,other,1,0,0,clear,13.73929559,100.5197721,straight road,other,2022-03-02T13:12:00Z
7521816,2.03.2022 21:30,30.12.2022 11:41,buogkan,department of highways,large truck with trailer,speeding,rollover/fallen on straight road,1,0,1,clear,17.94498717,103.7733257,straight road,no slope,2022-03-02T14:30:00Z
6609385,2.03.2022 22:30,27.07.2022 14:37,Phrae,department of highways,6-wheel truck,vehicle equipment failure,rollover/fallen on curved road,1,0,2,clear,18.47014801,100.1809305,wide curve,slope area,2022-03-02T15:30:00Z
7447526,2.03.2022 22:30,9.12.2022 14:45,Chumphon,department of highways,6-wheel truck,cutting in closely by people/vehicles/animals,rear-end collision,2,0,1,clear,10.56674706,99.11570458,other,other,2022-03-02T15:30:00Z
6225961,2.03.2022 23:00,18.05.2022 10:57,Chiang Mai,department of highways,4-wheel pickup truck,speeding,rollover/fallen on straight road,1,0,1,clear,18.72582633,98.91948758,straight road,no slope,2022-03-02T16:00:00Z
6226982,2.03.2022 23:00,18.05.2022 14:35,Phangnga,department of highways,private/passenger car,speeding,rollover/fallen on curved road,1,0,0,clear,8.540127643,98.34863304,wide curve,no slope,2022-03-02T16:00:00Z
7419348,2.03.2022 23:50,30.11.2022 13:16,Roi Et,department of highways,private/passenger car,speeding,rear-end collision,2,1,2,clear,16.15694624,103.6178917,straight road,no slope,2022-03-02T16:50:00Z
6227016,3.03.2022 00:05,18.05.2022 14:40,Lampang,department of highways,private/passenger car,unfamiliarity with the route/unskilled driving,rollover/fallen on curved road,1,0,1,clear,18.30631748,99.47028189,wide curve,no slope,2022-03-02T17:05:00Z
7515153,3.03.2022 02:30,28.12.2022 13:49,Lamphun,department of highways,4-wheel pickup truck,speeding,rollover/fallen on straight road,1,0,1,clear,18.37651181,98.81516574,straight road,no slope,2022-03-02T19:30:00Z
7447319,3.03.2022 03:40,9.12.2022 10:25,Chanthaburi,department of highways,private/passenger car,speeding,rollover/fallen on curved road,1,0,0,clear,12.63777082,102.1655452,wide curve,no slope,2022-03-02T20:40:00Z
7527298,3.03.2022 03:45,31.12.2022 10:34,Sakon Nakhon,department of highways,private/passenger car,speeding,rollover/fallen on straight road,1,0,1,clear,17.08894242,104.1795328,straight road,no slope,2022-03-02T20:45:00Z
7542586,3.03.2022 04:00,3.01.2023 13:59,Nakhon Ratchasima,department of highways,7-10-wheel truck,speeding,rollover/fallen on straight road,1,0,0,clear,14.78630148,101.9411543,straight road,no slope,2022-03-02T21:00:00Z
6579948,3.03.2022 04:50,20.07.2022 14:01,Ang Thong,department of highways,4-wheel pickup truck,speeding,rollover/fallen on curved road,1,0,1,clear,14.58247505,100.4855597,other,other,2022-03-02T21:50:00Z
5843262,3.03.2022 05:40,4.03.2022 10:55,Bangkok,department of highways,4-wheel pickup truck,falling asleep,rollover/fallen on straight road,1,0,0,clear,13.73956226,100.6516903,other,other,2022-03-02T22:40:00Z
6578422,3.03.2022 07:20,20.07.2022 08:55,Suphan Buri,department of highways,motorcycle,cutting in closely by people/vehicles/animals,head-on collision (not overtaking),2,0,3,clear,14.44235061,100.0759649,other,other,2022-03-03T00:20:00Z
6149071,3.03.2022 07:30,5.05.2022 10:21,Udon Thani,department of highways,4-wheel pickup truck,speeding,rollover/fallen on straight road,1,0,6,clear,17.36332866,102.9783672,straight road,no slope,2022-03-03T00:30:00Z
7542445,3.03.2022 07:45,3.01.2023 13:26,Nakhon Ratchasima,department of highways,4-wheel pickup truck,speeding,rollover/fallen on straight road,1,0,0,clear,14.65718583,101.370447,straight road,no slope,2022-03-03T00:45:00Z
7565420,3.03.2022 09:25,20.01.2023 11:06,Trang,department of highways,large truck with trailer,speeding,rollover/fallen on straight road,1,0,0,clear,7.991965321,99.63548987,straight road,no slope,2022-03-03T02:25:00Z
6368256,3.03.2022 09:30,14.06.2022 10:26,Kalasin,department of highways,large truck with trailer,speeding,rear-end collision,2,1,0,clear,16.41091577,103.4856722,straight road,no slope,2022-03-03T02:30:00Z
5855564,3.03.2022 09:40,6.03.2022 10:34,Chon Buri,department of highways,4-wheel pickup truck,speeding,rear-end collision,3,0,1,clear,13.3905485,101.0466242,straight road,no slope,2022-03-03T02:40:00Z
6367564,3.03.2022 10:30,14.06.2022 07:42,Phetchabun,department of highways,4-wheel pickup truck,speeding,rollover/fallen on curved road,1,0,1,clear,16.91820591,101.585665,wide curve,no slope,2022-03-03T03:30:00Z
6724234,3.03.2022 10:50,15.08.2022 13:48,Suphan Buri,department of highways,4-wheel pickup truck,falling asleep,rollover/fallen on straight road,1,0,1,clear,14.45555305,100.1312452,straight road,no slope,2022-03-03T03:50:00Z
5843392,3.03.2022 11:56,4.03.2022 11:23,Pathum Thani,department of highways,private/passenger car,speeding,rear-end collision,2,0,0,clear,13.94386572,100.7109377,straight road,no slope,2022-03-03T04:56:00Z
6239294,3.03.2022 12:02,20.05.2022 12:10,Tak,department of highways,motorcycle,speeding,head-on collision (not overtaking),3,0,1,clear,17.21391331,98.29171924,wide curve,no slope,2022-03-03T05:02:00Z
6539589,3.03.2022 12:17,12.07.2022 14:32,Chon Buri,department of highways,4-wheel pickup truck,speeding,rear-end collision,2,0,0,clear,12.89095275,100.9656188,straight road,no slope,2022-03-03T05:17:00Z
6539828,3.03.2022 12:31,12.07.2022 14:51,Bangkok,department of highways,4-wheel pickup truck,speeding,rollover/fallen on curved road,1,0,0,rainy,13.73305634,100.7054847,other,other,2022-03-03T05:31:00Z
6566150,3.03.2022 13:13,11.03.2022 13:19,Loei,department of rural roads,large truck with trailer,unfamiliarity with the route/unskilled driving,other,1,0,0,clear,17.400447,101.555533,wide curve,slope area,2022-03-03T06:13:00Z
5876392,3.03.2022 13:15,9.03.2022 16:24,Suphan Buri,department of highways,4-wheel pickup truck,vehicle equipment failure,rollover/fallen on straight road,1,0,0,clear,14.35259849,100.1873034,straight road,no slope,2022-03-03T06:15:00Z