acc_code,incident_datetime,report_datetime,province_en,agency,vehicle_type,presumed_cause,accident_type,number_of_vehicles_involved,number_of_fatalities,number_of_injuries,weather_condition,latitude,longitude,road_description,slope_description,incident_time
7565405,3.03.2022 13:15,20.01.2023 11:00,Trang,department of highways,private/passenger car,cutting in closely by people/vehicles/animals,rear-end collision,2,0,2,clear,7.759448711,99.512237,straight road,no slope,2022-03-03T06:15:00Z
6579645,3.03.2022 13:20,20.07.2022 12:53,Suphan Buri,department of highways,private/passenger car,speeding,rear-end collision,3,0,0,clear,14.49783558,100.1315001,straight road,no slope,2022-03-03T06:20:00Z
6031805,3.03.2022 13:35,4.04.2022 09:52,Samut Prakan,expressway authority of thailand,other,other,collision with obstruction (on road surface),1,0,0,clear,13.63839,100.557946,straight road,other,2022-03-03T06:35:00Z
6226058,3.03.2022 14:30,18.05.2022 11:11,Roi Et,department of highways,4-wheel pickup truck,speeding,head-on collision (not overtaking),2,0,2,clear,16.07558381,103.6867493,straight road,no slope,2022-03-03T07:30:00Z
6539796,3.03.2022 14:39,12.07.2022 14:48,Bangkok,department of highways,4-wheel pickup truck,speeding,rear-end collision,2,0,0,clear,13.73205841,100.7724488,straight road,no slope,2022-03-03T07:39:00Z
7560664,3.03.2022 15:40,16.01.2023 10:56,Loei,department of highways,large truck with trailer,external disturbance,other,1,0,0,clear,17.28776027,101.7739615,connecting to public/commercial area,other,2022-03-03T08:40:00Z
6288847,3.03.2022 16:00,1.06.2022 10:40,Phetchabun,department of highways,large truck with trailer,vehicle equipment failure,rollover/fallen on curved road,1,0,0,clear,17.01903532,101.4055252,wide curve,slope area,2022-03-03T09:00:00Z
7027381,3.03.2022 16:00,3.10.2022 11:37,Chachoengsao,department of highways,4-wheel pickup truck,speeding,rollover/fallen on straight road,1,0,0,clear,13.74895996,101.0057419,straight road,no slope,2022-03-03T09:00:00Z
5843075,3.03.2022 16:14,4.03.2022 10:17,Bangkok,department of highways,private/passenger car,speeding,rear-end collision,4,0,0,clear,13.77191721,100.6902793,straight road,no slope,2022-03-03T09:14:00Z
5991889,3.03.2022 17:30,28.03.2022 09:17,Surin,department of highways,4-wheel pickup truck,vehicle equipment failure,rollover/fallen on straight road,1,0,2,clear,14.63473797,103.9817253,straight road,no slope,2022-03-03T10:30:00Z
7413501,3.03.2022 17:30,25.11.2022 10:08,Khon Kaen,department of highways,4-wheel pickup truck,no presumed cause related to vehicle conditions,rollover/fallen on straight road,1,0,0,clear,16.56998017,102.043266,straight road,no slope,2022-03-03T10:30:00Z
6609097,3.03.2022 17:45,27.07.2022 13:38,Phrae,department of highways,motorcycle,cutting in closely by people/vehicles/animals,other,2,0,1,clear,18.17134825,100.1730206,connecting to public/commercial area,other,2022-03-03T10:45:00Z
7544450,3.03.2022 18:10,4.01.2023 14:25,Songkhla,department of highways,private/passenger car,speeding,rear-end collision,2,0,0,clear,6.609527202,100.4191026,straight road,no slope,2022-03-03T11:10:00Z
7527247,3.03.2022 18:40,31.12.2022 10:20,Mukdahan,department of highways,4-wheel pickup truck,speeding,rollover/fallen on straight road,1,0,0,clear,16.55016968,104.6534725,straight road,no slope,2022-03-03T11:40:00Z
6578315,3.03.2022 19:00,20.07.2022 08:27,Suphan Buri,department of highways,motorcycle,cutting in closely by people/vehicles/animals,rear-end collision,2,0,2,clear,14.84568189,99.76524709,straight road,no slope,2022-03-03T12:00:00Z
7414051,3.03.2022 19:00,28.11.2022 09:45,Ubon Ratchathani,department of highways,large truck with trailer,cutting in closely by people/vehicles/animals,rollover/fallen on curved road,1,0,1,clear,14.94100905,105.4703298,wide curve,no slope,2022-03-03T12:00:00Z
7438629,3.03.2022 19:20,7.12.2022 09:53,Kanchanaburi,department of highways,4-wheel pickup truck,cutting in closely by people/vehicles/animals,rear-end collision,2,1,2,clear,14.11493705,99.67664568,other,other,2022-03-03T12:20:00Z
6539740,3.03.2022 19:30,12.07.2022 14:41,Pathum Thani,department of highways,4-wheel pickup truck,speeding,rollover/fallen on curved road,1,0,0,clear,14.01061175,100.7043582,other,other,2022-03-03T12:30:00Z
5844155,3.03.2022 20:00,4.03.2022 14:32,Surat Thani,department of highways,4-wheel pickup truck,speeding,rear-end collision,2,0,1,clear,9.565569084,99.1303414,straight road,no slope,2022-03-03T13:00:00Z
6361718,3.03.2022 21:40,13.06.2022 08:24,Maha Sarakham,department of highways,4-wheel pickup truck,speeding,rollover/fallen on straight road,1,0,1,clear,16.19055597,103.2668871,straight road,no slope,2022-03-03T14:40:00Z
7521403,3.03.2022 22:00,30.12.2022 10:00,buogkan,department of highways,4-wheel pickup truck,speeding,head-on collision (not overtaking),2,1,0,clear,18.32265992,103.6332929,straight road,no slope,2022-03-03T15:00:00Z
7008619,3.03.2022 22:10,30.09.2022 13:34,Bangkok,department of highways,4-wheel pickup truck,speeding,rear-end collision,2,0,0,clear,13.74575014,100.405764,straight road,no slope,2022-03-03T15:10:00Z
6578439,3.03.2022 22:20,20.07.2022 08:57,Suphan Buri,department of highways,motorcycle,speeding,head-on collision (not overtaking),2,0,1,foggy,14.65746285,100.0030598,straight road,no slope,2022-03-03T15:20:00Z
6578379,3.03.2022 23:00,20.07.2022 08:42,Suphan Buri,department of highways,4-wheel pickup truck,speeding,rollover/fallen on curved road,1,0,1,clear,14.43999212,100.0764343,other,other,2022-03-03T16:00:00Z
5991791,3.03.2022 23:35,28.03.2022 09:04,Saraburi,department of highways,private/passenger car,speeding,rollover/fallen on straight road,1,0,0,clear,14.69841981,100.8633837,straight road,no slope,2022-03-03T16:35:00Z
5842678,3.03.2022 23:45,4.03.2022 08:50,Ang Thong,department of highways,private/passenger car,speeding,rear-end collision,2,0,0,clear,14.58094092,100.4624846,other,other,2022-03-03T16:45:00Z
7447532,4.03.2022 00:17,9.12.2022 14:15,Chon Buri,department of highways,private/passenger car,speeding,rollover/fallen on straight road,1,0,0,clear,13.44803995,101.1704537,straight road,no slope,2022-03-03T17:17:00Z
7542597,4.03.2022 01:15,3.01.2023 14:00,Nakhon Ratchasima,department of highways,7-10-wheel truck,speeding,rollover/fallen on straight road,1,0,0,clear,14.56412194,101.9777047,straight road,no slope,2022-03-03T18:15:00Z
6539521,4.03.2022 01:39,12.07.2022 14:27,Chon Buri,department of highways,4-wheel pickup truck,speeding,rollover/fallen on straight road,1,0,0,clear,13.06995507,100.9950212,straight road,no slope,2022-03-03T18:39:00Z
7527405,4.03.2022 01:50,31.12.2022 10:57,Sakon Nakhon,department of highways,4-wheel pickup truck,speeding,rollover/fallen on straight road,1,0,0,clear,17.48251597,103.983973,straight road,no slope,2022-03-03T18:50:00Z
7517775,4.03.2022 03:30,29.12.2022 11:05,Saraburi,department of highways,4-wheel pickup truck,speeding,rollover/fallen on straight road,1,0,0,clear,14.32179643,101.01205589999999,straight road,no slope,2022-03-03T20:30:00Z
6227165,4.03.2022 03:50,18.05.2022 15:09,Loei,department of highways,private/passenger car,speeding,rollover/fallen on straight road,1,0,0,clear,17.32442044,101.760427,straight road,no slope,2022-03-03T20:50:00Z
7446433,4.03.2022 04:00,9.12.2022 09:25,Pathum Thani,department of highways,4-wheel pickup truck,speeding,rollover/fallen on straight road,1,0,0,clear,14.10366825,100.570229,straight road,no slope,2022-03-03T21:00:00Z
7542583,4.03.2022 04:00,3.01.2023 13:59,Nakhon Ratchasima,department of highways,4-wheel pickup truck,speeding,rollover/fallen on straight road,1,0,0,clear,14.90039596,102.1596229,straight road,no slope,2022-03-03T21:00:00Z
6903064,4.03.2022 04:30,14.09.2022 10:49,Chaiyaphum,department of highways,7-10-wheel truck,speeding,rollover/fallen on straight road,1,0,0,clear,15.98680603,102.2031015,straight road,no slope,2022-03-03T21:30:00Z
5844075,4.03.2022 05:00,4.03.2022 14:19,Nakhon Sawan,department of highways,4-wheel pickup truck,speeding,rollover/fallen on straight road,1,0,0,clear,15.78615207,100.1214069,straight road,no slope,2022-03-03T22:00:00Z
6301519,4.03.2022 06:00,3.06.2022 11:13,Nakhon Si Thammarat,department of highways,7-10-wheel truck,falling asleep,rear-end collision,2,0,1,clear,7.884807206,99.93129729,straight road,no slope,2022-03-03T23:00:00Z
6233372,4.03.2022 06:25,19.05.2022 13:47,Surin,department of highways,private/passenger car,cutting in closely by people/vehicles/animals,collision at intersection corner,2,0,5,clear,15.01861127,103.9406955,other,other,2022-03-03T23:25:00Z
7542710,4.03.2022 06:35,3.01.2023 14:21,Prachin Buri,department of highways,7-10-wheel truck,speeding,rear-end collision,2,0,0,clear,14.30247054,101.872479,straight road,no slope,2022-03-03T23:35:00Z
6227177,4.03.2022 07:30,18.05.2022 15:09,Phetchabun,department of highways,large truck with trailer,vehicle equipment failure,rollover/fallen on curved road,1,0,0,clear,17.06843867,101.4706519,wide curve,slope area,2022-03-04T00:30:00Z
5844730,4.03.2022 07:50,4.03.2022 15:55,Sukhothai,department of highways,motorcycle,cutting in closely by people/vehicles/animals,rear-end collision,2,1,0,clear,17.01841978,99.71508978,other,other,2022-03-04T00:50:00Z
6226080,4.03.2022 08:00,18.05.2022 11:18,Mae Hong Son,department of highways,large truck with trailer,driving under the influence of alcohol,rollover/fallen on curved road,1,0,0,clear,19.42357781,97.97539829,wide curve,slope area,2022-03-04T01:00:00Z
7380679,4.03.2022 08:00,24.11.2022 15:24,Khon Kaen,department of highways,private/passenger car,no presumed cause related to road conditions,rollover/fallen on straight road,1,0,0,clear,16.52835663,102.2501568,straight road,no slope,2022-03-04T01:00:00Z
6943277,4.03.2022 08:30,20.09.2022 09:21,Kanchanaburi,department of highways,4-wheel pickup truck,speeding,rollover/fallen on straight road,1,0,2,clear,14.10548139,99.22046898,other,other,2022-03-04T01:30:00Z
6943279,4.03.2022 09:00,20.09.2022 09:23,Kanchanaburi,department of highways,6-wheel truck,vehicle equipment failure,rollover/fallen on curved road,1,0,0,clear,15.1671841,98.48261474,wide curve,slope area,2022-03-04T02:00:00Z
6225580,4.03.2022 09:20,18.05.2022 09:53,Yasothon,department of highways,4-wheel pickup truck,speeding,rollover/fallen on straight road,1,0,1,clear,15.71714381,104.2468268,straight road,no slope,2022-03-04T02:20:00Z
6144659,4.03.2022 09:25,26.04.2022 10:05,Bangkok,expressway authority of thailand,other,other,rollover/fallen on straight road,1,0,1,clear,13.67613921,100.5129628,grade-separated intersection/ramps,other,2022-03-04T02:25:00Z
7310256,4.03.2022 10:00,14.11.2022 10:17,Khon Kaen,department of highways,4-wheel pickup truck,speeding,rollover/fallen on straight road,1,0,0,clear,16.40117953,102.8721088,straight road,no slope,2022-03-04T03:00:00Z
6031806,4.03.2022 10:06,4.04.2022 09:52,Samut Prakan,expressway authority of thailand,van,other,rear-end collision,2,0,0,clear,13.627311,100.594099,straight road,other,2022-03-04T03:06:00Z
5969661,4.03.2022 10:30,24.03.2022 14:26,Nakhon Sawan,department of highways,4-wheel pickup truck,speeding,rear-end collision,3,0,0,clear,15.57792296,100.5605784,other,other,2022-03-04T03:30:00Z
6590745,4.03.2022 10:30,22.07.2022 08:58,Phra Nakhon Si Ayutthaya,department of highways,4-wheel pickup truck,speeding,rollover/fallen on straight road,1,0,0,clear,14.35071197,100.5703926,straight road,no slope,2022-03-04T03:30:00Z
6242193,4.03.2022 10:45,24.05.2022 11:09,Lampang,department of highways,6-wheel truck,speeding,rollover/fallen on straight road,1,0,1,clear,18.74909067,99.97198103,straight road,no slope,2022-03-04T03:45:00Z
6539809,4.03.2022 11:25,12.07.2022 14:48,Bangkok,department of highways,4-wheel pickup truck,speeding,rollover/fallen on straight road,1,0,0,clear,13.66335325,100.6964376,straight road,no slope,2022-03-04T04:25:00Z
7446426,4.03.2022 11:50,9.12.2022 09:39,Bangkok,department of highways,private/passenger car,speeding,rear-end collision,2,0,0,clear,13.84659795,100.5610223,straight road,no slope,2022-03-04T04:50:00Z
6609319,4.03.2022 13:00,27.07.2022 14:20,Chiang Rai,department of highways,large truck with trailer,falling asleep,collision with obstruction (on road surface),1,0,0,clear,20.01285608,100.3559178,wide curve,no slope,2022-03-04T06:00:00Z
7565423,4.03.2022 14:00,20.01.2023 11:07,Trang,department of highways,other,speeding,rollover/fallen on straight road,1,0,0,clear,7.605425836,99.59917544,other,other,2022-03-04T07:00:00Z
6539609,4.03.2022 14:46,12.07.2022 14:34,Samut Prakan,department of highways,private/passenger car,speeding,rollover/fallen on straight road,1,0,0,clear,13.68867213,100.8306554,straight road,no slope,2022-03-04T07:46:00Z
7511154,4.03.2022 16:10,27.12.2022 11:48,Krabi,department of highways,4-wheel pickup truck,speeding,rollover/fallen on straight road,3,0,1,rainy,8.080764275,98.87155382,wide curve,no slope,2022-03-04T09:10:00Z
6590890,4.03.2022 17:30,22.07.2022 09:33,Nonthaburi,department of highways,4-wheel pickup truck,speeding,rollover/fallen on straight road,1,0,0,clear,13.94985814,100.4543173,straight road,no slope,2022-03-04T10:30:00Z
5884636,4.03.2022 19:15,10.03.2022 20:27,Chon Buri,department of highways,private/passenger car,speeding,rear-end collision,2,0,0,clear,13.40412687,101.0472679,straight road,no slope,2022-03-04T12:15:00Z
5860955,4.03.2022 19:20,7.03.2022 09:41,Surat Thani,department of highways,4-wheel pickup truck,speeding,rear-end collision,2,1,0,clear,9.045937577,99.15607987,straight road,no slope,2022-03-04T12:20:00Z
6144057,4.03.2022 21:00,25.04.2022 11:49,Surin,department of highways,4-wheel pickup truck,speeding,rollover/fallen on curved road,1,0,1,clear,14.70993879,103.6617619,wide curve,no slope,2022-03-04T14:00:00Z
5881989,4.03.2022 23:00,10.03.2022 11:42,Phrae,department of highways,large truck with trailer,speeding,rear-end collision,2,0,0,clear,18.29389793,100.2733406,straight road,no slope,2022-03-04T16:00:00Z
6368171,5.03.2022 00:30,14.06.2022 10:01,Kalasin,department of highways,private/passenger car,speeding,rear-end collision,2,2,1,clear,16.46289756,104.0069488,straight road,no slope,2022-03-04T17:30:00Z
6539808,5.03.2022 00:45,12.07.2022 14:47,Bangkok,department of highways,large truck with trailer,speeding,rear-end collision,2,0,0,clear,13.79831318,100.6813744,straight road,no slope,2022-03-04T17:45:00Z
7567250,5.03.2022 01:20,23.01.2023 12:51,Chon Buri,department of highways,private/passenger car,failure to yield right of way,collision at intersection corner,2,0,0,clear,13.40074539,101.0304665,other,other,2022-03-04T18:20:00Z
7554522,5.03.2022 03:30,9.01.2023 13:12,Ubon Ratchathani,department of highways,4-wheel pickup truck,speeding,rollover/fallen on curved road,1,0,0,clear,15.79110761,104.9796009,wide curve,slope area,2022-03-04T20:30:00Z
6227045,5.03.2022 06:20,18.05.2022 14:47,Lamphun,department of highways,private/passenger car,speeding,rear-end collision,2,0,0,clear,18.51160839,99.09612446,straight road,no slope,2022-03-04T23:20:00Z
5925527,5.03.2022 07:00,17.03.2022 08:13,Suphan Buri,department of highways,4-wheel pickup truck,speeding,head-on collision (not overtaking),2,0,1,clear,14.39889885,100.1574692,wide curve,slope area,2022-03-05T00:00:00Z
6539666,5.03.2022 07:20,12.07.2022 14:35,Samut Prakan,department of highways,private/passenger car,speeding,rollover/fallen on straight road,1,0,0,clear,13.65118671,100.8731255,straight road,no slope,2022-03-05T00:20:00Z
7447112,5.03.2022 07:20,9.12.2022 14:22,Trat,department of highways,7-10-wheel truck,speeding,rollover/fallen on straight road,1,0,1,clear,12.32555343,102.4595663,straight road,no slope,2022-03-05T00:20:00Z
5955709,5.03.2022 08:00,22.03.2022 09:17,Phetchaburi,department of highways,motorcycle,speeding,rollover/fallen on straight road,1,0,3,clear,12.64354436,99.94902669,other,other,2022-03-05T01:00:00Z
5926811,5.03.2022 08:30,17.03.2022 14:04,Samut Sakhon,department of highways,private/passenger car,speeding,rollover/fallen on straight road,1,0,0,clear,13.62953925,100.09422000000001,straight road,no slope,2022-03-05T01:30:00Z
7518724,5.03.2022 09:00,29.12.2022 14:34,Sakon Nakhon,department of highways,4-wheel pickup truck,illegal overtaking,head-on collision (not overtaking),3,0,0,clear,17.85232506,103.5827628,straight road,no slope,2022-03-05T02:00:00Z
6918319,5.03.2022 09:10,16.09.2022 13:16,Sakon Nakhon,department of highways,4-wheel pickup truck,speeding,rollover/fallen on curved road,1,1,3,clear,17.5781308,103.9237681,wide curve,slope area,2022-03-05T02:10:00Z
7331216,5.03.2022 09:30,28.03.2022 10:03,Nakhon Pathom,department of highways,large truck with trailer,speeding,rear-end collision,2,1,0,clear,13.77349329,100.2122077,straight road,no slope,2022-03-05T02:30:00Z
6016006,5.03.2022 09:32,1.04.2022 12:08,Bangkok,expressway authority of thailand,other,other,rear-end collision,3,0,0,clear,13.79299195,100.5388413,straight road,other,2022-03-05T02:32:00Z
7542779,5.03.2022 10:05,3.01.2023 14:39,Sa Kaeo,department of highways,4-wheel pickup truck,speeding,rollover/fallen on curved road,1,0,1,clear,13.68996993,102.507095,wide curve,slope area,2022-03-05T03:05:00Z
5855602,5.03.2022 11:29,6.03.2022 10:40,Bangkok,department of highways,private/passenger car,speeding,rear-end collision,2,0,0,clear,13.73261861,100.704039,straight road,no slope,2022-03-05T04:29:00Z
6822528,5.03.2022 11:30,1.09.2022 13:38,Suphan Buri,department of highways,large truck with trailer,falling asleep,rear-end collision,2,0,1,clear,14.48232695,100.05878,straight road,no slope,2022-03-05T04:30:00Z
7331221,5.03.2022 11:50,6.05.2022 13:57,Nakhon Sawan,department of highways,large truck with trailer,speeding,head-on collision (not overtaking),3,1,0,clear,15.62436455,100.3162694,straight road,no slope,2022-03-05T04:50:00Z
7544403,5.03.2022 12:44,4.01.2023 13:47,Pattani,department of highways,private/passenger car,speeding,rollover/fallen on straight road,1,0,1,clear,6.804758172,101.1351022,straight road,no slope,2022-03-05T05:44:00Z
5905516,5.03.2022 13:56,14.03.2022 10:24,Tak,department of highways,private/passenger car,speeding,rollover/fallen on straight road,1,0,0,clear,16.5685058,98.68801026,wide curve,no slope,2022-03-05T06:56:00Z
5851381,5.03.2022 14:05,5.03.2022 16:31,Suphan Buri,department of highways,private/passenger car,cutting in closely by people/vehicles/animals,collision at intersection corner,2,0,6,clear,14.3436361,100.0822118,other,other,2022-03-05T07:05:00Z
6301517,5.03.2022 14:30,3.06.2022 11:12,Nakhon Si Thammarat,department of highways,7-10-wheel truck,speeding,rollover/fallen on straight road,1,0,1,clear,8.02935169,99.89590554,straight road,no slope,2022-03-05T07:30:00Z
6214960,5.03.2022 15:20,16.05.2022 15:17,Surat Thani,department of highways,private/passenger car,speeding,rollover/fallen on straight road,1,0,3,clear,9.548995638,99.13198023,straight road,no slope,2022-03-05T08:20:00Z
6227175,5.03.2022 16:00,18.05.2022 15:05,Phetchabun,department of highways,4-wheel pickup truck,speeding,rollover/fallen on straight road,1,0,0,clear,15.84026163,101.009784,straight road,no slope,2022-03-05T09:00:00Z
5861715,5.03.2022 16:29,7.03.2022 12:18,Ubon Ratchathani,department of highways,private/passenger car,falling asleep,rollover/fallen on straight road,1,0,1,clear,15.33123578,104.8307302,straight road,no slope,2022-03-05T09:29:00Z
7378894,5.03.2022 16:30,24.11.2022 11:37,Chiang Mai,department of highways,4-wheel pickup truck,speeding,rollover/fallen on curved road,1,0,1,clear,18.20289766,98.22235732,wide curve,slope area,2022-03-05T09:30:00Z
6148274,5.03.2022 16:40,3.05.2022 08:45,Mae Hong Son,department of highways,motorcycle,speeding,head-on collision (not overtaking),2,1,0,clear,18.16381999,97.93929576,straight road,no slope,2022-03-05T09:40:00Z
7511160,5.03.2022 17:00,27.12.2022 11:49,Krabi,department of highways,4-wheel pickup truck,speeding,rollover/fallen on straight road,1,0,0,clear,7.796853465,99.20619695,straight road,no slope,2022-03-05T10:00:00Z
5884630,5.03.2022 17:18,10.03.2022 20:28,Chon Buri,department of highways,private/passenger car,speeding,rear-end collision,2,0,0,rainy,13.47506421,101.0460636,straight road,no slope,2022-03-05T10:18:00Z
6239274,5.03.2022 17:30,20.05.2022 12:08,Tak,department of highways,large truck with trailer,vehicle equipment failure,rollover/fallen on curved road,1,0,0,clear,16.764643,98.77207337,wide curve,slope area,2022-03-05T10:30:00Z
6609351,5.03.2022 17:30,27.07.2022 14:27,Phrae,department of highways,4-wheel pickup truck,speeding,rollover/fallen on straight road,1,0,1,clear,18.11983919,99.88097905,straight road,no slope,2022-03-05T10:30:00Z
6144655,5.03.2022 18:00,26.04.2022 10:07,Chiang Mai,department of highways,4-wheel pickup truck,vehicle equipment failure,rollover/fallen on straight road,1,0,0,clear,18.00752404,98.67671816,straight road,no slope,2022-03-05T11:00:00Z
6609387,5.03.2022 18:00,27.07.2022 14:38,Chiang Rai,department of highways,4-wheel pickup truck,speeding,rear-end collision,2,0,1,clear,20.27776424,100.2064437,wide curve,no slope,2022-03-05T11:00:00Z
5888210,5.03.2022 18:20,11.03.2022 09:17,Chon Buri,department of highways,private/passenger car,speeding,rear-end collision,2,0,0,clear,13.47324617,101.0459804,straight road,no slope,2022-03-05T11:20:00Z
6539750,5.03.2022 18:20,12.07.2022 14:43,Chachoengsao,department of highways,private/passenger car,speeding,rear-end collision,4,0,0,clear,13.50200456,101.0402191,straight road,no slope,2022-03-05T11:20:00Z
6319294,5.03.2022 19:00,6.06.2022 13:47,Loei,department of highways,private/passenger car,speeding,rollover/fallen on curved road,1,0,0,rainy,17.06402585,101.5899861,wide curve,slope area,2022-03-05T12:00:00Z
7447982,5.03.2022 19:20,9.12.2022 14:14,Chon Buri,department of highways,4-wheel pickup truck,speeding,rollover/fallen on straight road,1,0,0,clear,13.46899706,101.1711806,straight road,no slope,2022-03-05T12:20:00Z
7544415,5.03.2022 19:30,4.01.2023 14:02,Yala,department of highways,4-wheel pickup truck,speeding,rollover/fallen on straight road,1,0,1,clear,6.410079708,101.3680547,straight road,no slope,2022-03-05T12:30:00Z
6539802,5.03.2022 21:07,12.07.2022 14:45,Bangkok,department of highways,4-wheel pickup truck,speeding,rear-end collision,2,0,2,clear,13.69278701,100.6994712,straight road,no slope,2022-03-05T14:07:00Z
5884611,5.03.2022 22:35,10.03.2022 20:24,Chon Buri,department of highways,private/passenger car,speeding,rear-end collision,2,0,0,clear,13.42958554,101.0465035,straight road,no slope,2022-03-05T15:35:00Z
6144709,5.03.2022 22:58,26.04.2022 11:36,Surat Thani,department of highways,motorcycle,speeding,rear-end collision,2,1,0,clear,8.596976418,99.35717045,straight road,no slope,2022-03-05T15:58:00Z
6944802,5.03.2022 23:20,20.09.2022 14:36,Chumphon,department of highways,7-10-wheel truck,speeding,rollover/fallen on curved road,1,0,0,clear,10.66226857,99.19759511,other,other,2022-03-05T16:20:00Z
6368201,5.03.2022 23:45,14.06.2022 10:13,Kalasin,department of highways,motorcycle,speeding,rear-end collision,2,1,0,clear,16.40211355,103.5718703,straight road,no slope,2022-03-05T16:45:00Z
6220435,6.03.2022 01:00,17.05.2022 14:54,Chiang Mai,department of highways,private/passenger car,speeding,rollover/fallen on straight road,1,0,0,clear,18.86514343,99.01501446,straight road,no slope,2022-03-05T18:00:00Z
6609235,6.03.2022 01:30,27.07.2022 14:02,Phrae,department of highways,private/passenger car,speeding,rollover/fallen on straight road,1,0,1,clear,18.37394854,100.2027234,straight road,no slope,2022-03-05T18:30:00Z
6687542,6.03.2022 02:00,9.08.2022 14:10,Loburi,department of highways,4-wheel pickup truck,speeding,rollover/fallen on straight road,1,0,0,clear,15.25338316,101.1254087,straight road,no slope,2022-03-05T19:00:00Z
6226001,6.03.2022 06:09,18.05.2022 11:04,Maha Sarakham,department of highways,4-wheel pickup truck,speeding,rollover/fallen on straight road,1,0,0,clear,16.049332,102.9380697,straight road,no slope,2022-03-05T23:09:00Z
5883430,6.03.2022 08:00,10.03.2022 15:38,Suphan Buri,department of highways,private/passenger car,speeding,head-on collision (not overtaking),2,0,2,clear,14.1695355,100.0733229,wide curve,no slope,2022-03-06T01:00:00Z
6539600,6.03.2022 08:20,12.07.2022 14:32,Chon Buri,department of highways,private/passenger car,speeding,rollover/fallen on straight road,1,0,0,clear,12.83408642,100.9249109,straight road,no slope,2022-03-06T01:20:00Z
6144658,6.03.2022 08:30,26.04.2022 10:06,Chiang Mai,department of highways,large truck with trailer,speeding,head-on collision (not overtaking),2,0,2,clear,18.03351756,98.37482749,straight road,no slope,2022-03-06T01:30:00Z
6566138,6.03.2022 08:45,16.03.2022 08:28,Nong Bua Lam Phu,department of rural roads,large truck with trailer,tailgating,other,2,2,0,clear,17.075669,102.294581,straight road,no slope,2022-03-06T01:45:00Z
6176701,6.03.2022 08:50,10.05.2022 09:32,Sing Buri,department of highways,motorcycle,speeding,rear-end collision,2,0,1,clear,15.00464495,100.3456288,straight road,no slope,2022-03-06T01:50:00Z
6184408,6.03.2022 09:00,11.05.2022 11:27,Chai Nat,department of highways,motorcycle,cutting in closely by people/vehicles/animals,rear-end collision,2,1,0,clear,15.16719963,100.1205754,straight road,no slope,2022-03-06T02:00:00Z
7026582,6.03.2022 09:17,3.10.2022 08:51,Sukhothai,department of highways,motorcycle,cutting in closely by people/vehicles/animals,rear-end collision,2,0,1,clear,17.18357855,99.69722627,straight road,no slope,2022-03-06T02:17:00Z
6602324,6.03.2022 10:00,26.07.2022 13:56,Nan,department of highways,4-wheel pickup truck,speeding,rollover/fallen on curved road,1,0,1,clear,18.51734627,100.595085,wide curve,no slope,2022-03-06T03:00:00Z
7331225,6.03.2022 11:40,20.05.2022 12:09,Kamphaeng Phet,department of highways,motorcycle,speeding,rollover/fallen on curved road,1,1,0,clear,16.33939045,99.66966389,wide curve,no slope,2022-03-06T04:40:00Z
7556029,6.03.2022 13:10,11.01.2023 09:54,Si Sa Ket,department of highways,private/passenger car,speeding,rollover/fallen on straight road,1,0,1,clear,15.0992074,104.4676503,straight road,no slope,2022-03-06T06:10:00Z
7476172,6.03.2022 13:15,21.12.2022 09:06,Sing Buri,department of highways,private/passenger car,speeding,rear-end collision,4,0,0,clear,14.89878372,100.3939247,straight road,no slope,2022-03-06T06:15:00Z
5884609,6.03.2022 13:18,10.03.2022 20:23,Chachoengsao,department of highways,private/passenger car,speeding,rear-end collision,3,0,0,clear,13.54655418,101.0027405,straight road,no slope,2022-03-06T06:18:00Z
6566160,6.03.2022 13:28,16.03.2022 08:32,Pathum Thani,department of rural roads,motorcycle,speeding,other,2,1,2,clear,14.107395,100.913542,straight road,no slope,2022-03-06T06:28:00Z
6239268,6.03.2022 13:30,20.05.2022 12:06,Kamphaeng Phet,department of highways,private/passenger car,speeding,rear-end collision,2,0,1,clear,16.643606,99.57271008,straight road,no slope,2022-03-06T06:30:00Z
6724236,6.03.2022 14:00,15.08.2022 13:49,Suphan Buri,department of highways,4-wheel pickup truck,falling asleep,rollover/fallen on straight road,1,0,2,clear,14.48020001,100.0414878,straight road,no slope,2022-03-06T07:00:00Z
7472170,6.03.2022 14:00,19.12.2022 15:14,Phitsanulok,department of highways,4-wheel pickup truck,unfamiliarity with the route/unskilled driving,rollover/fallen on curved road,1,0,0,clear,17.60923106,100.8749306,wide curve,slope area,2022-03-06T07:00:00Z
6539679,6.03.2022 14:38,12.07.2022 14:37,Samut Prakan,department of highways,private/passenger car,speeding,rear-end collision,3,0,1,clear,13.66841985,100.8463517,straight road,no slope,2022-03-06T07:38:00Z
5884606,6.03.2022 14:45,10.03.2022 20:22,Chon Buri,department of highways,private/passenger car,speeding,rear-end collision,2,0,0,rainy,13.40412687,101.0472679,straight road,no slope,2022-03-06T07:45:00Z
7542451,6.03.2022 15:15,3.01.2023 13:28,Nakhon Ratchasima,department of highways,private/passenger car,speeding,rear-end collision,2,0,1,clear,14.85517865,101.6682932,straight road,no slope,2022-03-06T08:15:00Z
7331227,6.03.2022 15:25,10.06.2022 15:10,Nonthaburi,department of highways,private/passenger car,speeding,rear-end collision,5,0,1,clear,13.87897259,100.4094788,straight road,no slope,2022-03-06T08:25:00Z