acc_code,incident_datetime,report_datetime,province_en,agency,vehicle_type,presumed_cause,accident_type,number_of_vehicles_involved,number_of_fatalities,number_of_injuries,weather_condition,latitude,longitude,road_description,slope_description,incident_time
7542468,6.03.2022 15:30,3.01.2023 13:32,Nakhon Ratchasima,department of highways,private/passenger car,speeding,rollover/fallen on straight road,1,0,0,clear,14.79118218,101.4737231,straight road,no slope,2022-03-06T08:30:00Z
7447748,6.03.2022 15:40,9.12.2022 14:13,Chon Buri,department of highways,motorcycle,speeding,rollover/fallen on curved road,1,0,0,clear,13.4534607,101.0131958,wide curve,slope area,2022-03-06T08:40:00Z
7521845,6.03.2022 16:00,30.12.2022 11:49,buogkan,department of highways,4-wheel pickup truck,speeding,rollover/fallen on curved road,1,0,0,clear,18.27358723,103.8337371,wide curve,no slope,2022-03-06T09:00:00Z
6214963,6.03.2022 16:30,16.05.2022 15:19,Surat Thani,department of highways,private/passenger car,speeding,rollover/fallen on straight road,1,0,0,clear,9.102327151,99.31476741,straight road,no slope,2022-03-06T09:30:00Z
5861138,6.03.2022 16:40,7.03.2022 10:22,Sukhothai,department of highways,motorcycle,speeding,rear-end collision,2,1,0,clear,17.27541565,99.96676682,straight road,no slope,2022-03-06T09:40:00Z
7521368,6.03.2022 16:50,30.12.2022 09:54,Nakhon Phanom,department of highways,motorcycle,speeding,rear-end collision,2,0,3,clear,17.09922549,104.5997035,straight road,no slope,2022-03-06T09:50:00Z
7447404,6.03.2022 17:40,9.12.2022 14:08,Chon Buri,department of highways,4-wheel pickup truck,speeding,rollover/fallen on straight road,1,0,0,rainy,13.29391233,101.1669642,straight road,no slope,2022-03-06T10:40:00Z
7544442,6.03.2022 18:00,4.01.2023 14:21,Songkhla,department of highways,large truck with trailer,speeding,rollover/fallen on straight road,1,0,0,rainy,6.666701527,100.4340693,straight road,no slope,2022-03-06T11:00:00Z
6566152,6.03.2022 19:00,14.06.2022 11:15,Tak,department of rural roads,private/passenger car,speeding,other,2,0,1,clear,17.16072,99.135525,sharp curve,slope area,2022-03-06T12:00:00Z
7518323,6.03.2022 20:54,29.12.2022 11:39,Bangkok,expressway authority of thailand,other,other,rear-end collision,2,0,3,clear,13.83320122,100.5393624,straight road,other,2022-03-06T13:54:00Z
5991887,6.03.2022 21:30,28.03.2022 09:19,Chai Nat,department of highways,motorcycle,speeding,rear-end collision,2,1,0,clear,15.36728949,100.1564017,straight road,no slope,2022-03-06T14:30:00Z
6539684,6.03.2022 21:30,12.07.2022 14:39,Bangkok,department of highways,4-wheel pickup truck,speeding,rollover/fallen on straight road,2,0,0,clear,13.765229830000001,100.6941846,straight road,no slope,2022-03-06T14:30:00Z
6566143,6.03.2022 23:40,14.03.2022 11:47,Chiang Mai,department of rural roads,4-wheel pickup truck,speeding,other,1,0,0,clear,18.753322,99.033559,wide curve,no slope,2022-03-06T16:40:00Z
7542447,7.03.2022 01:30,3.01.2023 13:26,Nakhon Ratchasima,department of highways,4-wheel pickup truck,speeding,rollover/fallen on straight road,1,0,0,rainy,14.63339885,101.2385161,straight road,no slope,2022-03-06T18:30:00Z
6226974,7.03.2022 02:50,18.05.2022 14:38,Lampang,department of highways,7-10-wheel truck,speeding,rollover/fallen on straight road,1,0,0,clear,18.26217908,99.46973471,other,other,2022-03-06T19:50:00Z
6566136,7.03.2022 05:00,8.03.2022 08:39,Chanthaburi,department of rural roads,motorcycle,speeding,other,1,1,0,clear,12.591016,101.918153,wide curve,no slope,2022-03-06T22:00:00Z
6038895,7.03.2022 05:30,5.04.2022 16:06,Si Sa Ket,department of highways,motorcycle,cutting in closely by people/vehicles/animals,rear-end collision,2,1,1,clear,14.682219570000001,104.5235127,straight road,no slope,2022-03-06T22:30:00Z
7446936,7.03.2022 05:30,9.12.2022 09:59,Samut Sakhon,department of highways,7-10-wheel truck,speeding,rear-end collision,2,0,2,clear,13.50234622,100.1262966,straight road,no slope,2022-03-06T22:30:00Z
7542624,7.03.2022 06:30,3.01.2023 14:05,Nakhon Ratchasima,department of highways,private/passenger car,speeding,rollover/fallen on straight road,1,0,0,clear,14.57982731,101.9898337,other,other,2022-03-06T23:30:00Z
6539660,7.03.2022 06:50,12.07.2022 14:39,Bangkok,department of highways,private/passenger car,speeding,rear-end collision,4,0,0,clear,13.73091718,100.7181984,straight road,no slope,2022-03-06T23:50:00Z
5882537,7.03.2022 07:30,10.03.2022 13:31,Chon Buri,department of highways,private/passenger car,speeding,rear-end collision,3,0,0,clear,13.20537193,101.0034674,straight road,no slope,2022-03-07T00:30:00Z
6702100,7.03.2022 07:30,11.08.2022 13:37,Surat Thani,department of highways,4-wheel pickup truck,speeding,rollover/fallen on straight road,1,0,0,clear,9.206961963,99.67960952,straight road,no slope,2022-03-07T00:30:00Z
7542452,7.03.2022 08:00,3.01.2023 13:29,Nakhon Ratchasima,department of highways,private/passenger car,speeding,rollover/fallen on straight road,1,0,0,clear,14.84488205,101.626448,straight road,no slope,2022-03-07T01:00:00Z
6361720,7.03.2022 09:00,13.06.2022 08:24,Roi Et,department of highways,4-wheel pickup truck,speeding,rollover/fallen on straight road,1,0,1,clear,16.15198686,103.8619137,straight road,no slope,2022-03-07T02:00:00Z
7446410,7.03.2022 09:10,9.12.2022 09:54,Nakhon Ratchasima,department of highways,motorized tricycle,speeding,rear-end collision,2,0,2,clear,14.88210721,101.6900674,straight road,no slope,2022-03-07T02:10:00Z
7542730,7.03.2022 09:31,3.01.2023 14:25,Prachin Buri,department of highways,motorcycle,speeding,rollover/fallen on curved road,1,0,0,clear,14.19485357,101.8941271,other,other,2022-03-07T02:31:00Z
6155086,7.03.2022 09:50,6.05.2022 13:54,Nakhon Sawan,department of highways,motorcycle,cutting in closely by people/vehicles/animals,head-on collision (not overtaking),2,0,1,clear,15.69447843,100.4640725,connecting to public/commercial area,other,2022-03-07T02:50:00Z
7518089,7.03.2022 10:00,29.12.2022 13:35,buogkan,department of highways,4-wheel pickup truck,speeding,head-on collision (not overtaking),2,0,1,rainy,18.08624015,103.7448004,wide curve,no slope,2022-03-07T03:00:00Z
5881215,7.03.2022 10:15,10.03.2022 09:19,Surin,department of highways,4-wheel pickup truck,speeding,rollover/fallen on straight road,1,0,0,clear,14.87439905,103.5876632,straight road,no slope,2022-03-07T03:15:00Z
6227255,7.03.2022 10:35,18.05.2022 15:22,Lamphun,department of highways,motorcycle,cutting in closely by people/vehicles/animals,other,2,1,0,clear,18.3610909,98.81102441,connecting to private area,other,2022-03-07T03:35:00Z
5951194,7.03.2022 11:00,21.03.2022 16:07,Kalasin,department of highways,7-10-wheel truck,speeding,rollover/fallen on straight road,1,0,1,clear,16.58513586,103.7509909,straight road,no slope,2022-03-07T04:00:00Z
7567919,7.03.2022 11:30,24.01.2023 07:32,Samut Sakhon,department of highways,7-10-wheel truck,speeding,rear-end collision,2,0,1,clear,13.5918072,100.1048389,straight road,no slope,2022-03-07T04:30:00Z
7444759,7.03.2022 12:30,8.12.2022 14:14,Samut Prakan,department of highways,private/passenger car,speeding,rear-end collision,2,0,1,clear,13.58940628,100.8301909,straight road,no slope,2022-03-07T05:30:00Z
7541584,7.03.2022 13:18,3.01.2023 09:44,Nakhon Ratchasima,department of highways,large truck with trailer,speeding,collision with obstruction (on road surface),2,0,1,clear,15.12764976,102.3053983,straight road,no slope,2022-03-07T06:18:00Z
7331236,7.03.2022 13:30,17.05.2022 14:53,Chiang Mai,department of highways,motorcycle,speeding,rear-end collision,2,0,1,clear,18.90397735,99.00423466,straight road,no slope,2022-03-07T06:30:00Z
6361722,7.03.2022 14:20,13.06.2022 08:23,Maha Sarakham,department of highways,6-wheel truck,speeding,rollover/fallen on straight road,1,0,3,rainy,16.18420902,103.2747727,straight road,no slope,2022-03-07T07:20:00Z
7518325,7.03.2022 14:27,29.12.2022 11:39,Samut Prakan,expressway authority of thailand,other,other,rear-end collision,3,0,0,clear,13.622656,100.604075,straight road,other,2022-03-07T07:27:00Z
7447394,7.03.2022 15:00,9.12.2022 14:41,Chumphon,department of highways,4-wheel pickup truck,speeding,rollover/fallen on straight road,1,0,0,clear,10.54947867,99.11816417,straight road,no slope,2022-03-07T08:00:00Z
7447546,7.03.2022 15:00,9.12.2022 10:45,Chachoengsao,department of highways,4-wheel pickup truck,speeding,rear-end collision,2,0,1,clear,13.67255333,101.4323044,wide curve,no slope,2022-03-07T08:00:00Z
7521394,7.03.2022 15:00,30.12.2022 09:58,buogkan,department of highways,other,speeding,rollover/fallen on straight road,1,0,0,clear,18.23727163,104.0251234,straight road,no slope,2022-03-07T08:00:00Z
6031810,7.03.2022 15:01,4.04.2022 09:53,Samut Prakan,expressway authority of thailand,4-wheel pickup truck,other,rear-end collision,4,0,0,clear,13.628688,100.59168,straight road,other,2022-03-07T08:01:00Z
6539682,7.03.2022 15:14,12.07.2022 14:38,Pathum Thani,department of highways,4-wheel pickup truck,speeding,rollover/fallen on curved road,1,0,0,clear,13.93355173,100.7103771,wide curve,no slope,2022-03-07T08:14:00Z
6239207,7.03.2022 15:38,20.05.2022 11:48,Tak,department of highways,private/passenger car,speeding,rollover/fallen on straight road,1,0,0,rainy,16.57097636,98.67405741,straight road,no slope,2022-03-07T08:38:00Z
6239107,7.03.2022 15:47,20.05.2022 11:29,Sukhothai,department of highways,motorcycle,cutting in closely by people/vehicles/animals,rear-end collision,2,0,1,clear,17.22643881,99.84782694,straight road,no slope,2022-03-07T08:47:00Z
6239127,7.03.2022 15:47,20.05.2022 11:30,Sukhothai,department of highways,private/passenger car,cutting in closely by people/vehicles/animals,head-on collision (not overtaking),2,0,0,clear,17.28181088,99.84765528,connecting to school area,other,2022-03-07T08:47:00Z
6566142,7.03.2022 16:16,16.03.2022 08:28,Lamphun,department of rural roads,4-wheel pickup truck,speeding,other,1,0,2,clear,17.718558,98.959137,straight road,no slope,2022-03-07T09:16:00Z
6171702,7.03.2022 16:30,9.05.2022 14:10,Saraburi,department of highways,van,speeding,rollover/fallen on straight road,1,0,4,clear,14.64079765,100.8011323,straight road,no slope,2022-03-07T09:30:00Z
6144838,7.03.2022 17:00,26.04.2022 16:03,Surat Thani,department of highways,large truck with trailer,speeding,rollover/fallen on straight road,1,0,0,clear,8.811844235,99.14255618,straight road,no slope,2022-03-07T10:00:00Z
7379563,7.03.2022 17:00,24.11.2022 14:03,Si Sa Ket,department of highways,motorcycle,cutting in closely by people/vehicles/animals,rear-end collision,2,2,0,clear,14.6864799,104.4310489,straight road,no slope,2022-03-07T10:00:00Z
7521955,7.03.2022 17:30,30.12.2022 12:18,Mukdahan,department of highways,7-10-wheel truck,speeding,rollover/fallen on curved road,1,3,7,rainy,16.44029905,104.6307206,wide curve,no slope,2022-03-07T10:30:00Z
7542633,7.03.2022 18:00,3.01.2023 14:05,Nakhon Ratchasima,department of highways,4-wheel pickup truck,speeding,rollover/fallen on curved road,1,0,0,rainy,14.47909368,101.9175482,wide curve,slope area,2022-03-07T11:00:00Z
5881357,7.03.2022 18:26,10.03.2022 09:40,Sukhothai,department of highways,private/passenger car,speeding,rear-end collision,2,0,0,clear,16.85441919,99.79532002,straight road,no slope,2022-03-07T11:26:00Z
6155108,7.03.2022 18:30,6.05.2022 13:55,Nakhon Sawan,department of highways,4-wheel pickup truck,cutting in closely by people/vehicles/animals,head-on collision (not overtaking),3,0,2,clear,15.92410834,100.6119615,connecting to public/commercial area,other,2022-03-07T11:30:00Z
7331231,7.03.2022 18:30,27.07.2022 09:51,Uttaradit,department of highways,private/passenger car,speeding,rollover/fallen on curved road,1,2,0,natural disaster,17.66860938,100.2977916,wide curve,slope area,2022-03-07T11:30:00Z
5868245,7.03.2022 18:45,8.03.2022 11:41,Loei,department of highways,private/passenger car,speeding,rear-end collision,2,1,0,rainy,17.71672646,101.8287295,straight road,no slope,2022-03-07T11:45:00Z
6184409,7.03.2022 19:20,11.05.2022 11:26,Chai Nat,department of highways,private/passenger car,speeding,rollover/fallen on straight road,1,0,0,clear,15.20644963,100.1206666,straight road,no slope,2022-03-07T12:20:00Z
5874197,7.03.2022 19:57,9.03.2022 09:12,Phra Nakhon Si Ayutthaya,department of highways,private/passenger car,speeding,rear-end collision,2,0,2,clear,14.17367303,100.645642,straight road,no slope,2022-03-07T12:57:00Z
6239131,7.03.2022 20:00,20.05.2022 11:34,Kamphaeng Phet,department of highways,private/passenger car,cutting in closely by people/vehicles/animals,other,2,0,1,clear,16.49464164,99.67561303,connecting to private area,other,2022-03-07T13:00:00Z
7542638,7.03.2022 20:00,3.01.2023 14:06,Nakhon Ratchasima,department of highways,4-wheel pickup truck,speeding,rollover/fallen on straight road,1,0,1,rainy,14.52451868,102.267968,straight road,no slope,2022-03-07T13:00:00Z
7542784,7.03.2022 20:00,3.01.2023 14:39,Sa Kaeo,department of highways,large truck with trailer,falling asleep,rollover/fallen on straight road,1,0,0,rainy,14.15108347,102.6620382,straight road,slope area,2022-03-07T13:00:00Z
6608096,7.03.2022 21:00,27.07.2022 09:46,Uttaradit,department of highways,4-wheel pickup truck,speeding,rollover/fallen on straight road,1,0,1,clear,17.67193941,100.1196769,straight road,no slope,2022-03-07T14:00:00Z
5926948,7.03.2022 21:15,17.03.2022 14:27,Chachoengsao,department of highways,large truck with trailer,speeding,rollover/fallen on straight road,1,0,0,clear,13.50549414,101.0373142,straight road,no slope,2022-03-07T14:15:00Z
6148262,7.03.2022 21:20,3.05.2022 07:58,Chiang Mai,department of highways,4-wheel pickup truck,speeding,rollover/fallen on straight road,1,0,1,rainy,19.71993146,99.14121507,straight road,no slope,2022-03-07T14:20:00Z
6590789,7.03.2022 22:00,22.07.2022 09:08,Bangkok,department of highways,4-wheel pickup truck,speeding,collision with obstruction (on road surface),1,0,0,clear,13.88386006,100.5814192,other,other,2022-03-07T15:00:00Z
6566471,7.03.2022 22:30,18.07.2022 09:39,Phatthalung,department of highways,4-wheel pickup truck,speeding,rollover/fallen on straight road,1,0,0,clear,7.624019777,100.047909,straight road,no slope,2022-03-07T15:30:00Z
7567909,7.03.2022 22:30,24.01.2023 07:27,Nakhon Pathom,department of highways,4-wheel pickup truck,speeding,rollover/fallen on straight road,1,0,0,rainy,13.96491139,100.0847813,other,other,2022-03-07T15:30:00Z
6539592,7.03.2022 22:50,12.07.2022 14:30,Bangkok,department of highways,4-wheel pickup truck,speeding,rollover/fallen on straight road,1,0,0,clear,13.75407421,100.700292,straight road,no slope,2022-03-07T15:50:00Z
7447791,7.03.2022 22:50,9.12.2022 14:07,Chon Buri,department of highways,4-wheel pickup truck,speeding,rollover/fallen on straight road,1,0,0,clear,13.4611038,101.1731735,straight road,no slope,2022-03-07T15:50:00Z
6225667,7.03.2022 23:28,18.05.2022 10:09,Chiang Mai,department of highways,private/passenger car,speeding,rear-end collision,4,0,0,rainy,18.74375684,98.9410284,wide curve,no slope,2022-03-07T16:28:00Z
6578681,7.03.2022 23:30,20.07.2022 09:42,Suphan Buri,department of highways,private/passenger car,speeding,rollover/fallen on straight road,1,0,0,clear,14.23501706,100.0404739,straight road,no slope,2022-03-07T16:30:00Z
6687491,8.03.2022 00:00,9.08.2022 14:03,Loburi,department of highways,4-wheel pickup truck,speeding,rollover/fallen on straight road,1,0,0,rainy,15.07128181,100.9871408,straight road,no slope,2022-03-07T17:00:00Z
6937872,8.03.2022 00:10,19.09.2022 13:56,Saraburi,department of highways,7-10-wheel truck,speeding,rollover/fallen on straight road,1,0,0,clear,14.4064198,100.8790398,straight road,no slope,2022-03-07T17:10:00Z
6539345,8.03.2022 00:12,12.07.2022 14:15,Chachoengsao,department of highways,private/passenger car,speeding,rear-end collision,2,0,0,rainy,13.54515912,101.003918,straight road,no slope,2022-03-07T17:12:00Z
6225650,8.03.2022 00:28,18.05.2022 10:00,Chiang Mai,department of highways,private/passenger car,speeding,rollover/fallen on straight road,1,0,0,clear,18.72283899,99.00915115,straight road,no slope,2022-03-07T17:28:00Z
6227043,8.03.2022 00:30,18.05.2022 14:49,Lamphun,department of highways,4-wheel pickup truck,speeding,rollover/fallen on straight road,1,0,0,clear,18.64537851,99.05342905,other,other,2022-03-07T17:30:00Z
7008517,8.03.2022 00:37,30.09.2022 13:16,Nakhon Pathom,department of highways,4-wheel pickup truck,speeding,rear-end collision,2,1,1,clear,13.80374153,100.0202393,straight road,no slope,2022-03-07T17:37:00Z
5920645,8.03.2022 01:40,16.03.2022 15:09,Tak,department of highways,large truck with trailer,falling asleep,rollover/fallen on straight road,1,0,1,clear,16.7259079,99.22597288,straight road,no slope,2022-03-07T18:40:00Z
6566162,8.03.2022 01:44,16.03.2022 08:28,Samut Prakan,department of rural roads,private/passenger car,speeding,other,2,0,1,rainy,13.652847,100.541226,straight road,slope area,2022-03-07T18:44:00Z
5874233,8.03.2022 01:55,9.03.2022 09:23,Pathum Thani,department of highways,private/passenger car,speeding,rear-end collision,2,0,0,clear,14.06989233,100.6961748,straight road,no slope,2022-03-07T18:55:00Z
6702102,8.03.2022 03:00,11.08.2022 13:38,Surat Thani,department of highways,4-wheel pickup truck,falling asleep,rollover/fallen on straight road,1,0,2,clear,9.092848284,99.44218843,straight road,no slope,2022-03-07T20:00:00Z
5999042,8.03.2022 03:10,29.03.2022 14:43,Maha Sarakham,department of highways,4-wheel pickup truck,speeding,rollover/fallen on straight road,1,0,0,clear,16.19134418,103.2348642,straight road,no slope,2022-03-07T20:10:00Z
5906741,8.03.2022 03:30,14.03.2022 15:01,Surat Thani,department of highways,private/passenger car,speeding,rear-end collision,2,0,5,rainy,9.610836444,99.12652998,straight road,no slope,2022-03-07T20:30:00Z
6238682,8.03.2022 03:30,20.05.2022 10:01,Tak,department of highways,4-wheel pickup truck,falling asleep,rollover/fallen on straight road,1,0,0,clear,16.9694573,98.53963851,straight road,no slope,2022-03-07T20:30:00Z
7541582,8.03.2022 03:50,3.01.2023 09:44,Nakhon Ratchasima,department of highways,large truck with trailer,speeding,head-on collision (not overtaking),4,0,4,clear,15.32507403,102.4362498,straight road,no slope,2022-03-07T20:50:00Z
6242202,8.03.2022 04:25,8.03.2022 04:25,Chanthaburi,department of highways,other,speeding,rear-end collision,0,0,0,rainy,12.76775883,101.8488648,straight road,no slope,2022-03-07T21:25:00Z
7455870,8.03.2022 05:20,13.12.2022 11:35,Prachuap Khiri Khan,department of highways,7-10-wheel truck,speeding,rollover/fallen on straight road,1,0,3,rainy,12.36556103,99.88571315,straight road,no slope,2022-03-07T22:20:00Z
7567911,8.03.2022 05:30,24.01.2023 07:29,Samut Sakhon,department of highways,van,speeding,rollover/fallen on straight road,2,0,1,clear,13.63298786,100.0935387,other,other,2022-03-07T22:30:00Z
6603022,8.03.2022 05:40,26.07.2022 15:10,Phayao,department of highways,4-wheel pickup truck,falling asleep,rollover/fallen on curved road,1,0,0,clear,19.07819997,99.81518982,wide curve,slope area,2022-03-07T22:40:00Z
6171627,8.03.2022 05:50,9.05.2022 13:55,Saraburi,department of highways,large truck with trailer,falling asleep,rear-end collision,2,0,1,clear,14.348181,100.9892303,other,other,2022-03-07T22:50:00Z
7455918,8.03.2022 08:00,13.12.2022 11:53,Prachuap Khiri Khan,department of highways,4-wheel pickup truck,speeding,rollover/fallen on straight road,1,0,0,rainy,11.82347251,99.78101044,straight road,no slope,2022-03-08T01:00:00Z
6227106,8.03.2022 08:10,18.05.2022 14:57,Lamphun,department of highways,4-wheel pickup truck,speeding,rollover/fallen on straight road,1,1,1,clear,17.83174876,98.92971216,straight road,no slope,2022-03-08T01:10:00Z
6242126,8.03.2022 08:30,24.05.2022 10:04,Rayong,department of highways,6-wheel truck,speeding,rollover/fallen on straight road,1,0,0,clear,12.77669716,101.7116994,other,other,2022-03-08T01:30:00Z
7455666,8.03.2022 08:30,13.12.2022 11:08,Prachuap Khiri Khan,department of highways,7-10-wheel truck,speeding,rollover/fallen on straight road,1,0,0,rainy,12.40706354,99.92366104,other,other,2022-03-08T01:30:00Z
6571840,8.03.2022 08:53,19.07.2022 08:50,Surat Thani,department of highways,7-10-wheel truck,speeding,rollover/fallen on straight road,1,0,0,clear,9.119827568,99.16048138,straight road,no slope,2022-03-08T01:53:00Z
6220263,8.03.2022 08:56,17.05.2022 14:26,Lampang,department of highways,6-wheel truck,speeding,rollover/fallen on curved road,1,0,1,rainy,18.13027527,99.39072488,wide curve,no slope,2022-03-08T01:56:00Z
6225828,8.03.2022 09:00,18.05.2022 10:37,Phuket,department of highways,4-wheel pickup truck,speeding,rollover/fallen on straight road,1,0,0,clear,8.043074567,98.33546071,straight road,no slope,2022-03-08T02:00:00Z
7378451,8.03.2022 09:15,24.11.2022 09:37,Phuket,department of highways,4-wheel pickup truck,speeding,pedestrian collision,1,0,0,clear,8.043085191,98.33542048,straight road,no slope,2022-03-08T02:15:00Z
5925998,8.03.2022 09:30,17.03.2022 10:29,Chon Buri,department of highways,4-wheel pickup truck,vehicle equipment failure,rollover/fallen on straight road,1,0,8,clear,13.26589399,100.9899598,straight road,no slope,2022-03-08T02:30:00Z
6937133,8.03.2022 09:30,19.09.2022 11:07,Nakhon Ratchasima,department of highways,private/passenger car,speeding,rear-end collision,3,0,0,clear,14.81277056,101.5406737,wide curve,no slope,2022-03-08T02:30:00Z
6608340,8.03.2022 09:45,27.07.2022 10:34,Phrae,department of highways,4-wheel pickup truck,speeding,rollover/fallen on curved road,1,0,0,clear,18.03778186,99.69918697,wide curve,slope area,2022-03-08T02:45:00Z
7542617,8.03.2022 09:45,3.01.2023 14:03,Nakhon Ratchasima,department of highways,large truck with trailer,cutting in closely by people/vehicles/animals,rollover/fallen on straight road,1,0,0,clear,14.76233468,102.0388698,straight road,no slope,2022-03-08T02:45:00Z
5875268,8.03.2022 10:30,9.03.2022 13:16,Chumphon,department of highways,4-wheel pickup truck,speeding,rollover/fallen on curved road,1,1,0,rainy,10.61601029,99.17291878,other,other,2022-03-08T03:30:00Z
6219124,8.03.2022 10:40,17.05.2022 10:20,Nakhon Si Thammarat,department of highways,4-wheel pickup truck,speeding,rollover/fallen on curved road,1,1,0,rainy,8.983321291,99.89236234,wide curve,no slope,2022-03-08T03:40:00Z
6549719,8.03.2022 11:00,14.07.2022 14:02,Chaiyaphum,department of highways,other,speeding,rollover/fallen on straight road,1,0,0,clear,16.03811367,102.2538918,straight road,no slope,2022-03-08T04:00:00Z
7544423,8.03.2022 11:00,4.01.2023 14:13,Songkhla,department of highways,4-wheel pickup truck,speeding,rollover/fallen on straight road,1,0,0,clear,6.98118871,100.4595718,straight road,no slope,2022-03-08T04:00:00Z
6539595,8.03.2022 11:20,12.07.2022 14:31,Samut Prakan,department of highways,private/passenger car,speeding,rear-end collision,2,0,0,clear,13.6197223,100.9221133,straight road,no slope,2022-03-08T04:20:00Z
6226031,8.03.2022 11:50,18.05.2022 11:06,Yasothon,department of highways,4-wheel pickup truck,vehicle equipment failure,head-on collision (not overtaking),2,0,2,clear,15.85107819,104.1655022,wide curve,slope area,2022-03-08T04:50:00Z
6416821,8.03.2022 12:00,22.06.2022 11:50,Phangnga,department of highways,4-wheel pickup truck,speeding,rollover/fallen on curved road,1,0,0,clear,8.702694434,98.40071885,wide curve,no slope,2022-03-08T05:00:00Z
6144050,8.03.2022 12:10,25.04.2022 11:43,Surin,department of highways,large truck with trailer,speeding,rollover/fallen on straight road,1,0,0,clear,14.85963263,103.4465629,straight road,no slope,2022-03-08T05:10:00Z
5882031,8.03.2022 12:30,10.03.2022 11:48,Kamphaeng Phet,department of highways,private/passenger car,speeding,rear-end collision,2,0,1,clear,16.38172876,99.53085958,straight road,no slope,2022-03-08T05:30:00Z
5955732,8.03.2022 12:30,22.03.2022 09:21,Phetchaburi,department of highways,4-wheel pickup truck,speeding,rollover/fallen on curved road,1,0,0,clear,12.73237123,99.92764948,wide curve,no slope,2022-03-08T05:30:00Z
7565398,8.03.2022 12:30,20.01.2023 10:58,Trang,department of highways,4-wheel pickup truck,cutting in closely by people/vehicles/animals,rear-end collision,2,0,1,clear,7.756671458,99.49956893,straight road,no slope,2022-03-08T05:30:00Z
7331242,8.03.2022 12:40,20.09.2022 14:27,Phra Nakhon Si Ayutthaya,department of highways,7-10-wheel truck,speeding,head-on collision (not overtaking),2,1,0,clear,14.22694698,100.4631901,other,other,2022-03-08T05:40:00Z
7331245,8.03.2022 12:40,22.07.2022 09:46,Phra Nakhon Si Ayutthaya,department of highways,large truck with trailer,illegal overtaking,head-on collision (not overtaking),2,1,1,clear,14.2298277,100.4616934,straight road,no slope,2022-03-08T05:40:00Z
6226025,8.03.2022 13:00,18.05.2022 11:06,Mae Hong Son,department of highways,4-wheel pickup truck,falling asleep,collision with obstruction (on road surface),3,0,1,clear,19.46606622,98.29752086,wide curve,slope area,2022-03-08T06:00:00Z
6609279,8.03.2022 13:00,27.07.2022 14:14,Chiang Rai,department of highways,4-wheel pickup truck,speeding,rollover/fallen on straight road,1,0,0,clear,20.27417642,99.99218343,straight road,no slope,2022-03-08T06:00:00Z
7446490,8.03.2022 14:00,9.12.2022 09:40,Bangkok,department of highways,motorcycle,speeding,rear-end collision,2,0,2,clear,13.78898064,100.5614342,straight road,no slope,2022-03-08T07:00:00Z
6578338,8.03.2022 14:10,20.07.2022 08:30,Suphan Buri,department of highways,private/passenger car,falling asleep,rollover/fallen on straight road,1,0,1,clear,14.39000587,100.1729053,straight road,no slope,2022-03-08T07:10:00Z
7309944,8.03.2022 15:40,14.11.2022 09:23,Maha Sarakham,department of highways,4-wheel pickup truck,worn-out/tire blowout,rollover/fallen on straight road,1,0,1,clear,16.44308253,102.9932132,straight road,no slope,2022-03-08T08:40:00Z
7447522,8.03.2022 16:00,9.12.2022 14:10,Chon Buri,department of highways,private/passenger car,failure to yield right of way,head-on collision (not overtaking),2,0,0,clear,13.40834581,101.0492581,other,other,2022-03-08T09:00:00Z
6227076,8.03.2022 16:20,18.05.2022 14:54,Phetchabun,department of highways,4-wheel pickup truck,overloaded vehicle,rollover/fallen on curved road,1,0,0,clear,16.73291013,101.3810849,wide curve,slope area,2022-03-08T09:20:00Z
6607999,8.03.2022 16:30,27.07.2022 09:31,Uttaradit,department of highways,4-wheel pickup truck,speeding,rollover/fallen on curved road,1,0,1,clear,17.59988928,100.0451436,wide curve,no slope,2022-03-08T09:30:00Z
6585028,8.03.2022 17:00,21.07.2022 10:25,Pathum Thani,department of highways,private/passenger car,cutting in closely by people/vehicles/animals,rear-end collision,2,0,1,clear,13.93745142,100.7554784,straight road,no slope,2022-03-08T10:00:00Z
7413570,8.03.2022 18:00,25.11.2022 10:31,Ubon Ratchathani,department of highways,large truck with trailer,cutting in closely by people/vehicles/animals,rear-end collision,1,0,0,clear,15.16980393,105.4524341,straight road,slope area,2022-03-08T11:00:00Z
6578356,8.03.2022 18:30,20.07.2022 08:38,Suphan Buri,department of highways,motorcycle,cutting in closely by people/vehicles/animals,rear-end collision,2,0,1,foggy,14.8617481,100.0465464,straight road,no slope,2022-03-08T11:30:00Z
6226989,8.03.2022 19:30,18.05.2022 14:39,Phetchabun,department of highways,pedestrian,cutting in closely by people/vehicles/animals,pedestrian collision,1,1,0,clear,17.0001373,101.3701388,other,other,2022-03-08T12:30:00Z
6607958,8.03.2022 19:40,27.07.2022 09:28,Phitsanulok,department of highways,private/passenger car,debris/obstruction on the road,collision with obstruction (on road surface),1,0,0,clear,16.82758708,100.902839,straight road,no slope,2022-03-08T12:40:00Z
7511112,8.03.2022 19:45,27.12.2022 11:46,Krabi,department of highways,private/passenger car,speeding,rear-end collision,2,0,0,clear,8.163734533,98.84877382,straight road,no slope,2022-03-08T12:45:00Z
7542686,8.03.2022 20:10,3.01.2023 14:19,Buri Ram,department of highways,6-wheel truck,worn-out/tire blowout,rollover/fallen on straight road,1,0,0,clear,14.6122573,102.777451,straight road,no slope,2022-03-08T13:10:00Z