acc_code,incident_datetime,report_datetime,province_en,agency,vehicle_type,presumed_cause,accident_type,number_of_vehicles_involved,number_of_fatalities,number_of_injuries,weather_condition,latitude,longitude,road_description,slope_description,incident_time
6579934,8.03.2022 21:00,20.07.2022 13:58,Ang Thong,department of highways,motorcycle,speeding,rollover/fallen on straight road,1,0,1,clear,14.5796482,100.4792216,straight road,no slope,2022-03-08T14:00:00Z
6566145,8.03.2022 22:11,14.03.2022 11:47,Samut Prakan,department of rural roads,motorcycle,unfamiliarity with the route/unskilled driving,other,2,0,1,clear,13.652267,100.541063,straight road,slope area,2022-03-08T15:11:00Z
6944808,8.03.2022 23:10,20.09.2022 14:39,Saraburi,department of highways,private/passenger car,speeding,rollover/fallen on straight road,1,0,1,clear,14.57139587,100.9665575,straight road,no slope,2022-03-08T16:10:00Z
6591027,8.03.2022 23:15,22.07.2022 09:57,Samut Prakan,department of highways,motorcycle,speeding,rollover/fallen on curved road,1,1,0,clear,13.66272774,100.658412,other,other,2022-03-08T16:15:00Z
6148263,8.03.2022 23:30,3.05.2022 08:03,Chiang Mai,department of highways,4-wheel pickup truck,speeding,rollover/fallen on curved road,1,0,1,rainy,19.09187257,99.15952651,wide curve,no slope,2022-03-08T16:30:00Z
6239136,9.03.2022 00:30,20.05.2022 11:33,Kamphaeng Phet,department of highways,large truck with trailer,falling asleep,rollover/fallen on curved road,1,0,0,clear,16.42220548,99.52153622,wide curve,no slope,2022-03-08T17:30:00Z
7446981,9.03.2022 03:00,9.12.2022 09:41,Bangkok,department of highways,private/passenger car,speeding,rollover/fallen on straight road,1,0,0,clear,13.82212538,100.5584426,straight road,no slope,2022-03-08T20:00:00Z
6220636,9.03.2022 04:30,17.05.2022 15:27,Lamphun,department of highways,private/passenger car,speeding,rollover/fallen on curved road,1,0,0,clear,18.46236814,99.13356809,wide curve,no slope,2022-03-08T21:30:00Z
6918376,9.03.2022 04:30,16.09.2022 13:23,Ratchaburi,department of highways,4-wheel pickup truck,speeding,rollover/fallen on straight road,1,0,0,clear,13.71964789,99.77585791,straight road,no slope,2022-03-08T21:30:00Z
6239133,9.03.2022 04:40,20.05.2022 11:31,Tak,department of highways,large truck with trailer,falling asleep,collision with obstruction (on road surface),2,0,1,clear,16.81329149,99.13706301,straight road,no slope,2022-03-08T21:40:00Z
6238753,9.03.2022 05:00,20.05.2022 10:12,Samut Songkhram,department of highways,4-wheel pickup truck,vehicle equipment failure,rollover/fallen on straight road,1,0,0,clear,13.40556711,100.0156689,straight road,no slope,2022-03-08T22:00:00Z
5874293,9.03.2022 05:03,9.03.2022 09:38,Phra Nakhon Si Ayutthaya,department of highways,private/passenger car,speeding,rear-end collision,2,0,2,clear,14.1712649,100.6467578,straight road,no slope,2022-03-08T22:03:00Z
6209679,9.03.2022 05:30,15.05.2022 13:38,Surat Thani,department of highways,4-wheel pickup truck,speeding,rollover/fallen on straight road,1,0,0,clear,8.598538485,99.35800998,straight road,no slope,2022-03-08T22:30:00Z
7542443,9.03.2022 05:40,3.01.2023 13:27,Nakhon Ratchasima,department of highways,private/passenger car,speeding,rollover/fallen on straight road,1,0,0,clear,14.65784861,101.374995,straight road,no slope,2022-03-08T22:40:00Z
5992127,9.03.2022 06:00,28.03.2022 10:03,Nakhon Pathom,department of highways,7-10-wheel truck,speeding,rollover/fallen on straight road,1,0,0,clear,13.78577332,100.2770796,straight road,no slope,2022-03-08T23:00:00Z
6607998,9.03.2022 06:30,27.07.2022 09:31,Uttaradit,department of highways,private/passenger car,speeding,rear-end collision,2,0,0,clear,17.59954668,100.0490409,connecting to public/commercial area,other,2022-03-08T23:30:00Z
7331249,9.03.2022 07:30,28.03.2022 10:05,Chai Nat,department of highways,motorcycle,speeding,rollover/fallen on straight road,1,1,0,clear,15.13975939,100.1427466,straight road,no slope,2022-03-09T00:30:00Z
7310205,9.03.2022 08:30,14.11.2022 10:14,Khon Kaen,department of highways,other,speeding,rollover/fallen on straight road,1,0,0,clear,16.51157123,102.8288153,straight road,no slope,2022-03-09T01:30:00Z
6171668,9.03.2022 08:40,9.05.2022 14:07,Saraburi,department of highways,6-wheel truck,falling asleep,rollover/fallen on curved road,1,0,0,clear,14.3367809,100.855895,wide curve,no slope,2022-03-09T01:40:00Z
6944490,9.03.2022 09:00,20.09.2022 13:30,Maha Sarakham,department of highways,other,speeding,rollover/fallen on straight road,1,0,0,clear,16.20371031,102.9019484,straight road,no slope,2022-03-09T02:00:00Z
6239134,9.03.2022 10:30,20.05.2022 11:32,Tak,department of highways,4-wheel pickup truck,speeding,rollover/fallen on straight road,1,0,0,clear,16.75800407,98.86412142,straight road,slope area,2022-03-09T03:30:00Z
5881750,9.03.2022 10:43,10.03.2022 10:55,Bangkok,department of highways,4-wheel pickup truck,speeding,rollover/fallen on straight road,1,0,0,clear,13.73979935,100.6506228,straight road,no slope,2022-03-09T03:43:00Z
6226633,9.03.2022 11:00,18.05.2022 13:28,Phetchabun,department of highways,large truck with trailer,other,rollover/fallen on curved road,1,0,0,clear,16.95433093,101.5534142,wide curve,slope area,2022-03-09T04:00:00Z
5883373,9.03.2022 11:23,10.03.2022 15:29,Chon Buri,department of highways,4-wheel pickup truck,speeding,rear-end collision,2,0,0,clear,13.19930845,101.0014745,straight road,no slope,2022-03-09T04:23:00Z
5875317,9.03.2022 11:50,9.03.2022 13:29,Ang Thong,department of highways,large truck with trailer,speeding,rollover/fallen on straight road,1,0,0,clear,14.61015757,100.4577747,straight road,no slope,2022-03-09T04:50:00Z
7455684,9.03.2022 12:45,13.12.2022 10:40,Phetchaburi,department of highways,4-wheel pickup truck,vehicle equipment failure,rear-end collision,2,0,0,clear,13.09749689,99.93813156,straight road,no slope,2022-03-09T05:45:00Z
6539445,9.03.2022 12:50,12.07.2022 14:24,Chon Buri,department of highways,4-wheel pickup truck,speeding,rear-end collision,2,0,0,clear,13.19929539,101.0014987,straight road,no slope,2022-03-09T05:50:00Z
7542716,9.03.2022 13:23,3.01.2023 14:24,Prachin Buri,department of highways,6-wheel truck,speeding,rollover/fallen on curved road,1,0,1,clear,14.3011788,101.8737316,wide curve,slope area,2022-03-09T06:23:00Z
7521893,9.03.2022 13:30,30.12.2022 12:02,buogkan,department of highways,4-wheel pickup truck,speeding,rollover/fallen on straight road,1,0,1,clear,17.92129791,103.782472,connecting to private area,other,2022-03-09T06:30:00Z
5876400,9.03.2022 13:35,9.03.2022 16:21,Bangkok,expressway authority of thailand,4-wheel pickup truck,other,other,2,0,0,clear,13.70934312,100.5837487,straight road,other,2022-03-09T06:35:00Z
6031864,9.03.2022 14:55,4.04.2022 10:07,Bangkok,expressway authority of thailand,other,other,rear-end collision,2,0,0,clear,13.68784571,100.5221303,straight road,other,2022-03-09T07:55:00Z
6585063,9.03.2022 15:00,21.07.2022 10:31,Nakhon Nayok,department of highways,other,speeding,rollover/fallen on straight road,1,0,0,clear,14.22442762,101.1805013,straight road,no slope,2022-03-09T08:00:00Z
5883692,9.03.2022 15:20,10.03.2022 16:36,Chon Buri,department of highways,4-wheel pickup truck,speeding,rear-end collision,3,0,0,clear,13.19499707,101.0000127,straight road,no slope,2022-03-09T08:20:00Z
6239104,9.03.2022 15:35,20.05.2022 11:28,Kamphaeng Phet,department of highways,large truck with trailer,falling asleep,rollover/fallen on straight road,1,0,0,clear,16.54239456,99.46387677,straight road,no slope,2022-03-09T08:35:00Z
6531555,9.03.2022 16:40,11.07.2022 09:47,Nakhon Nayok,department of highways,other,speeding,rollover/fallen on straight road,1,0,0,clear,14.14768937,100.9867385,straight road,no slope,2022-03-09T09:40:00Z
6031867,9.03.2022 16:52,4.04.2022 10:08,Bangkok,expressway authority of thailand,other,other,rear-end collision,6,0,0,clear,13.6733038,100.5106965,straight road,other,2022-03-09T09:52:00Z
7526833,9.03.2022 17:30,31.12.2022 08:54,Mukdahan,department of highways,private/passenger car,speeding,rollover/fallen on curved road,1,0,1,clear,16.44064892,104.6304202,wide curve,no slope,2022-03-09T10:30:00Z
5881836,9.03.2022 17:41,10.03.2022 11:13,Bangkok,department of highways,private/passenger car,speeding,rear-end collision,6,0,0,clear,13.73333773,100.6973871,straight road,no slope,2022-03-09T10:41:00Z
7521391,9.03.2022 18:10,30.12.2022 09:56,Nakhon Phanom,department of highways,private/passenger car,falling asleep,rollover/fallen on straight road,1,0,2,clear,17.02860928,104.5475077,straight road,no slope,2022-03-09T11:10:00Z
6539517,9.03.2022 18:22,12.07.2022 14:27,Bangkok,department of highways,private/passenger car,speeding,rear-end collision,3,0,0,clear,13.7499083,100.7020756,straight road,no slope,2022-03-09T11:22:00Z
6178285,9.03.2022 19:30,10.05.2022 14:09,Kanchanaburi,department of highways,motorcycle,debris/obstruction on the road,collision with obstruction (on road surface),1,0,1,clear,14.17000621,99.28347139,straight road,no slope,2022-03-09T12:30:00Z
7446969,9.03.2022 20:00,9.12.2022 10:23,Chanthaburi,department of highways,large truck with trailer,speeding,collision with obstruction (on road surface),2,1,0,clear,12.62945052,102.1459892,straight road,no slope,2022-03-09T13:00:00Z
5883488,9.03.2022 20:30,10.03.2022 15:46,Kamphaeng Phet,department of highways,private/passenger car,speeding,rear-end collision,2,0,1,clear,16.54069242,99.4654405,straight road,no slope,2022-03-09T13:30:00Z
7439372,9.03.2022 21:50,7.12.2022 10:43,Chiang Mai,department of highways,motorcycle,speeding,rear-end collision,3,0,0,clear,18.84778936,99.01384501,other,other,2022-03-09T14:50:00Z
7447201,9.03.2022 22:14,9.12.2022 14:05,Chon Buri,department of highways,4-wheel pickup truck,speeding,rollover/fallen on straight road,1,0,0,clear,13.42662967,101.1151144,straight road,no slope,2022-03-09T15:14:00Z
6031837,9.03.2022 22:19,4.04.2022 09:59,Bangkok,expressway authority of thailand,other,other,collision with obstruction (on road surface),2,0,0,clear,13.749654,100.603828,wide curve,other,2022-03-09T15:19:00Z
5993118,9.03.2022 22:30,28.03.2022 13:52,Udon Thani,department of highways,4-wheel pickup truck,speeding,rollover/fallen on straight road,1,0,0,clear,17.06776945,102.9252836,straight road,no slope,2022-03-09T15:30:00Z
6301572,9.03.2022 23:30,3.06.2022 11:29,Nakhon Si Thammarat,department of highways,private/passenger car,speeding,rollover/fallen on straight road,1,0,2,clear,8.04491505,99.89370345,straight road,no slope,2022-03-09T16:30:00Z
6578318,10.03.2022 00:10,20.07.2022 08:25,Suphan Buri,department of highways,7-10-wheel truck,falling asleep,rollover/fallen on straight road,1,0,0,clear,14.46956242,100.1312774,straight road,no slope,2022-03-09T17:10:00Z
6944861,10.03.2022 00:10,20.09.2022 14:45,Chai Nat,department of highways,private/passenger car,cutting in closely by people/vehicles/animals,head-on collision (not overtaking),2,0,5,clear,15.29314229,100.129585,other,other,2022-03-09T17:10:00Z
6148278,10.03.2022 00:50,3.05.2022 09:08,Mae Hong Son,department of highways,motorcycle,debris/obstruction on the road,other,2,0,1,clear,19.31861305,97.94953106,straight road,no slope,2022-03-09T17:50:00Z
6578247,10.03.2022 01:20,20.07.2022 08:18,Suphan Buri,department of highways,4-wheel pickup truck,speeding,rear-end collision,2,0,1,foggy,14.86200994,100.0904596,straight road,no slope,2022-03-09T18:20:00Z
6318472,10.03.2022 02:00,6.06.2022 11:27,Phuket,department of highways,motorcycle,speeding,rollover/fallen on straight road,2,0,0,clear,7.84537766,98.33437978,straight road,no slope,2022-03-09T19:00:00Z
6237796,10.03.2022 02:39,20.05.2022 07:03,Sukhothai,department of highways,4-wheel pickup truck,speeding,rollover/fallen on straight road,1,0,0,clear,16.83855451,99.79946135,straight road,no slope,2022-03-09T19:39:00Z
6538222,10.03.2022 03:44,12.07.2022 11:20,Chon Buri,department of highways,other,speeding,rollover/fallen on straight road,1,0,0,clear,13.19759279,101.000914,straight road,no slope,2022-03-09T20:44:00Z
6239137,10.03.2022 05:30,20.05.2022 11:30,Tak,department of highways,4-wheel pickup truck,falling asleep,rollover/fallen on curved road,1,0,0,clear,16.75589291,98.72383116,wide curve,slope area,2022-03-09T22:30:00Z
7007593,10.03.2022 07:00,30.09.2022 10:12,Surat Thani,department of highways,4-wheel pickup truck,speeding,rollover/fallen on straight road,1,0,0,clear,8.594560372,99.35593127,straight road,no slope,2022-03-10T00:00:00Z
7414176,10.03.2022 07:10,25.11.2022 13:55,Khon Kaen,department of highways,4-wheel pickup truck,speeding,rollover/fallen on straight road,1,0,0,clear,16.50051175,102.121494,straight road,no slope,2022-03-10T00:10:00Z
5896130,10.03.2022 08:00,12.03.2022 15:30,Chon Buri,department of highways,4-wheel pickup truck,speeding,rollover/fallen on straight road,1,0,0,clear,13.26228607,100.9897855,straight road,no slope,2022-03-10T01:00:00Z
7331253,10.03.2022 08:30,26.04.2022 09:21,Chiang Mai,department of highways,large truck with trailer,speeding,collision with obstruction (on road surface),2,1,1,clear,18.27329433,98.63732188,straight road,no slope,2022-03-10T01:30:00Z
6937254,10.03.2022 08:40,19.09.2022 11:26,Sakon Nakhon,department of highways,4-wheel pickup truck,overloaded vehicle,rollover/fallen on straight road,1,0,0,clear,17.40090282,103.6773723,straight road,no slope,2022-03-10T01:40:00Z
6238719,10.03.2022 09:30,20.05.2022 10:10,Samut Songkhram,department of highways,7-10-wheel truck,speeding,rollover/fallen on straight road,1,0,0,clear,13.3508527,99.9050787,straight road,no slope,2022-03-10T02:30:00Z
5907106,10.03.2022 10:00,14.03.2022 16:15,Kalasin,department of highways,other,speeding,rollover/fallen on straight road,1,0,0,clear,16.63047111,103.5245159,other,other,2022-03-10T03:00:00Z
6368086,10.03.2022 10:00,14.06.2022 09:43,Kalasin,department of highways,other,speeding,rollover/fallen on straight road,1,0,0,clear,16.3945898,103.5442918,straight road,no slope,2022-03-10T03:00:00Z
7542610,10.03.2022 10:30,3.01.2023 14:02,Nakhon Ratchasima,department of highways,van,speeding,rear-end collision,2,0,5,clear,14.75992515,102.3074233,straight road,no slope,2022-03-10T03:30:00Z
7542738,10.03.2022 11:00,3.01.2023 14:26,Prachin Buri,department of highways,4-wheel pickup truck,speeding,rear-end collision,2,1,0,clear,13.89291085,101.5783775,straight road,no slope,2022-03-10T04:00:00Z
6944879,10.03.2022 11:30,20.09.2022 14:51,Prachin Buri,department of highways,large truck with trailer,speeding,head-on collision (not overtaking),2,0,0,clear,13.89386642,101.5795067,other,other,2022-03-10T04:30:00Z
6146437,10.03.2022 12:10,28.04.2022 14:48,Trat,department of highways,7-10-wheel truck,speeding,collision with obstruction (on road surface),1,0,0,clear,12.2523716,102.5098309,other,other,2022-03-10T05:10:00Z
6145540,10.03.2022 12:15,27.04.2022 10:39,Surin,department of highways,large truck with trailer,speeding,rollover/fallen on straight road,1,0,0,clear,14.60899998,103.320778,straight road,no slope,2022-03-10T05:15:00Z
7380475,10.03.2022 12:30,24.11.2022 14:23,Phichit,department of highways,private/passenger car,speeding,rollover/fallen on straight road,1,1,2,clear,16.34206212,100.1281875,straight road,no slope,2022-03-10T05:30:00Z
6590769,10.03.2022 13:45,22.07.2022 09:00,Phra Nakhon Si Ayutthaya,department of highways,private/passenger car,speeding,rollover/fallen on straight road,1,0,0,clear,14.34260446,100.6108618,straight road,no slope,2022-03-10T06:45:00Z
6609164,10.03.2022 15:10,27.07.2022 13:54,Phrae,department of highways,4-wheel pickup truck,falling asleep,rollover/fallen on curved road,1,0,0,clear,18.36752875,100.3762007,wide curve,no slope,2022-03-10T08:10:00Z
7007765,10.03.2022 15:10,30.09.2022 10:47,Pathum Thani,department of highways,4-wheel pickup truck,speeding,head-on collision (not overtaking),4,0,0,rainy,14.02310301,100.741319,other,other,2022-03-10T08:10:00Z
5894779,10.03.2022 15:43,12.03.2022 09:59,Pathum Thani,department of highways,private/passenger car,speeding,rear-end collision,3,0,0,clear,14.00257275,100.7072201,straight road,no slope,2022-03-10T08:43:00Z
6602776,10.03.2022 15:55,26.07.2022 15:00,Phayao,department of highways,4-wheel pickup truck,falling asleep,rollover/fallen on straight road,1,0,2,clear,19.12204766,99.90777432,straight road,no slope,2022-03-10T08:55:00Z
5926285,10.03.2022 16:00,17.03.2022 11:50,Nakhon Pathom,department of highways,4-wheel pickup truck,vehicle equipment failure,rollover/fallen on straight road,1,0,0,clear,13.74495289,100.08513,straight road,no slope,2022-03-10T09:00:00Z
7447598,10.03.2022 16:00,9.12.2022 14:17,Rayong,department of highways,4-wheel pickup truck,speeding,rollover/fallen on straight road,1,0,1,clear,12.86884003,101.069482,straight road,no slope,2022-03-10T09:00:00Z
7455858,10.03.2022 16:30,13.12.2022 11:41,Prachuap Khiri Khan,department of highways,private/passenger car,cutting in closely by people/vehicles/animals,side collision,2,0,5,clear,11.72416037,99.72646771,straight road,no slope,2022-03-10T09:30:00Z
7310064,10.03.2022 16:35,14.11.2022 09:45,Maha Sarakham,department of highways,6-wheel truck,running red lights/traffic signals,rear-end collision,3,0,2,clear,16.40985829,103.0980018,other,other,2022-03-10T09:35:00Z
7447693,10.03.2022 16:45,9.12.2022 14:00,Chon Buri,department of highways,large truck with trailer,speeding,rollover/fallen on straight road,1,0,0,rainy,13.17386736,101.2717125,straight road,no slope,2022-03-10T09:45:00Z
6539263,10.03.2022 17:35,12.07.2022 14:15,Chon Buri,department of highways,4-wheel pickup truck,speeding,rollover/fallen on straight road,1,0,0,clear,13.00490271,100.9941468,straight road,no slope,2022-03-10T10:35:00Z
6539351,10.03.2022 18:29,12.07.2022 14:18,Pathum Thani,department of highways,4-wheel pickup truck,speeding,rear-end collision,4,0,0,clear,14.0680789,100.6966522,straight road,no slope,2022-03-10T11:29:00Z
7564980,10.03.2022 18:54,20.01.2023 06:48,Bangkok,department of highways,private/passenger car,cutting in closely by people/vehicles/animals,rear-end collision,2,0,1,clear,13.66896065,100.6297365,straight road,no slope,2022-03-10T11:54:00Z
6306978,10.03.2022 19:00,4.06.2022 10:49,Phetchabun,department of highways,private/passenger car,speeding,rollover/fallen on straight road,1,0,0,clear,16.74887868,101.2003255,straight road,no slope,2022-03-10T12:00:00Z
5992183,10.03.2022 19:25,28.03.2022 10:14,Nakhon Sawan,department of highways,motorcycle,speeding,pedestrian collision,1,1,1,clear,15.82288219,100.0830486,wide curve,slope area,2022-03-10T12:25:00Z
6033105,10.03.2022 19:57,4.04.2022 14:39,Bangkok,expressway authority of thailand,other,other,side collision,2,0,2,clear,13.72872005,100.5175755,straight road,other,2022-03-10T12:57:00Z
7447723,10.03.2022 20:00,9.12.2022 10:21,Chanthaburi,department of highways,4-wheel pickup truck,speeding,rear-end collision,2,0,5,clear,13.0206637,102.3979398,straight road,no slope,2022-03-10T13:00:00Z
6845464,10.03.2022 20:30,5.09.2022 10:43,Loei,department of highways,7-10-wheel truck,speeding,rollover/fallen on curved road,1,0,0,rainy,17.32011102,101.1205271,wide curve,slope area,2022-03-10T13:30:00Z
7379403,10.03.2022 21:20,24.11.2022 13:37,Chiang Mai,department of highways,4-wheel pickup truck,speeding,rear-end collision,2,0,0,clear,18.88801801,99.03093337,straight road,no slope,2022-03-10T14:20:00Z
6220584,10.03.2022 22:00,17.05.2022 15:16,Lampang,department of highways,4-wheel pickup truck,speeding,rollover/fallen on straight road,1,0,0,clear,18.31851462,99.35641138,straight road,no slope,2022-03-10T15:00:00Z
6284069,10.03.2022 22:00,31.05.2022 15:40,Si Sa Ket,department of highways,4-wheel pickup truck,vehicle equipment failure,rollover/fallen on straight road,1,0,1,clear,14.66914746,104.5956722,straight road,no slope,2022-03-10T15:00:00Z
5896196,10.03.2022 23:20,12.03.2022 15:50,Chon Buri,department of highways,4-wheel pickup truck,speeding,rollover/fallen on straight road,1,0,0,clear,13.19845976,101.0012197,straight road,no slope,2022-03-10T16:20:00Z
6590871,10.03.2022 23:30,22.07.2022 09:25,Samut Sakhon,department of highways,private/passenger car,speeding,rollover/fallen on straight road,1,0,0,clear,13.631867,100.364187,straight road,no slope,2022-03-10T16:30:00Z
7413655,10.03.2022 23:50,25.11.2022 13:45,Khon Kaen,department of highways,4-wheel pickup truck,speeding,rollover/fallen on straight road,1,0,0,other,16.55272404,102.0825952,other,other,2022-03-10T16:50:00Z
6590791,11.03.2022 01:00,22.07.2022 09:07,Bangkok,department of highways,private/passenger car,speeding,rollover/fallen on straight road,1,0,0,clear,13.84753878,100.5615279,straight road,no slope,2022-03-10T18:00:00Z
5920046,11.03.2022 01:10,15.03.2022 11:24,Amnat Charoen,department of highways,4-wheel pickup truck,speeding,rollover/fallen on straight road,1,0,1,clear,15.86499283,104.6307903,straight road,no slope,2022-03-10T18:10:00Z
6220502,11.03.2022 01:10,17.05.2022 15:04,Chiang Mai,department of highways,private/passenger car,speeding,rollover/fallen on straight road,1,0,0,clear,18.90729642,99.2131841,straight road,no slope,2022-03-10T18:10:00Z
6607903,11.03.2022 04:00,27.07.2022 09:17,Uttaradit,department of highways,4-wheel pickup truck,speeding,rollover/fallen on straight road,1,0,0,clear,17.62645867,100.1251513,straight road,no slope,2022-03-10T21:00:00Z
6586093,11.03.2022 04:10,21.07.2022 14:44,Pathum Thani,department of highways,large truck with trailer,speeding,rollover/fallen on straight road,1,0,0,clear,13.98831578,100.6156334,other,other,2022-03-10T21:10:00Z
7446363,11.03.2022 05:20,9.12.2022 09:24,Nakhon Nayok,department of highways,large truck with trailer,falling asleep,rollover/fallen on straight road,1,0,0,clear,14.17423735,101.0239246,straight road,no slope,2022-03-10T22:20:00Z
6590941,11.03.2022 05:40,22.07.2022 09:44,Nonthaburi,department of highways,private/passenger car,speeding,rollover/fallen on straight road,1,0,1,clear,13.92410161,100.4155969,straight road,no slope,2022-03-10T22:40:00Z
7565410,11.03.2022 06:30,20.01.2023 11:04,Trang,department of highways,4-wheel pickup truck,worn-out/tire blowout,rollover/fallen on straight road,1,0,0,clear,7.777408724,99.53928708,wide curve,no slope,2022-03-10T23:30:00Z
7380575,11.03.2022 07:20,24.11.2022 14:20,Phichit,department of highways,private/passenger car,speeding,rollover/fallen on straight road,1,1,0,clear,16.3282684,100.1281768,straight road,no slope,2022-03-11T00:20:00Z
6176703,11.03.2022 08:00,10.05.2022 09:30,Sing Buri,department of highways,private/passenger car,falling asleep,rollover/fallen on straight road,1,0,1,clear,14.85152052,100.4442322,straight road,no slope,2022-03-11T01:00:00Z
6238800,11.03.2022 08:00,20.05.2022 10:24,Sukhothai,department of highways,motorcycle,speeding,rear-end collision,2,0,1,clear,17.01091002,99.78555678,straight road,no slope,2022-03-11T01:00:00Z
6032810,11.03.2022 08:58,4.04.2022 13:45,Bangkok,expressway authority of thailand,4-wheel pickup truck,other,rear-end collision,4,0,0,clear,13.74813882,100.5210944,straight road,other,2022-03-11T01:58:00Z
7526806,11.03.2022 09:00,31.12.2022 08:49,Mukdahan,department of highways,motorcycle,cutting in closely by people/vehicles/animals,head-on collision (not overtaking),2,1,0,clear,16.51398852,104.7097921,other,other,2022-03-11T02:00:00Z
6176678,11.03.2022 09:20,10.05.2022 09:30,Sing Buri,department of highways,6-wheel truck,falling asleep,rollover/fallen on straight road,1,0,2,clear,14.85757157,100.4424646,straight road,no slope,2022-03-11T02:20:00Z
5896233,11.03.2022 09:47,12.03.2022 16:02,Chon Buri,department of highways,4-wheel pickup truck,speeding,rear-end collision,2,0,0,clear,13.19583794,101.0003319,straight road,no slope,2022-03-11T02:47:00Z
6238824,11.03.2022 10:00,20.05.2022 10:26,Kamphaeng Phet,department of highways,7-10-wheel truck,falling asleep,pedestrian collision,1,0,0,clear,16.51153523,99.48198973,straight road,no slope,2022-03-11T03:00:00Z
7455598,11.03.2022 10:30,13.12.2022 10:39,Phetchaburi,department of highways,4-wheel pickup truck,speeding,rollover/fallen on straight road,1,0,0,clear,12.86078882,99.92151259,straight road,no slope,2022-03-11T03:30:00Z
6943742,11.03.2022 11:40,20.09.2022 10:51,Kanchanaburi,department of highways,4-wheel pickup truck,speeding,rollover/fallen on straight road,1,0,0,clear,14.04299133,99.53186004,straight road,no slope,2022-03-11T04:40:00Z
6539284,11.03.2022 11:48,12.07.2022 14:10,Chon Buri,department of highways,4-wheel pickup truck,vehicle equipment failure,rollover/fallen on straight road,1,0,0,clear,13.08512671,100.9919366,straight road,no slope,2022-03-11T04:48:00Z
7455567,11.03.2022 12:00,13.12.2022 10:38,Phetchaburi,department of highways,4-wheel pickup truck,speeding,rollover/fallen on straight road,1,0,0,clear,13.19843887,99.83025579,straight road,no slope,2022-03-11T05:00:00Z
6170089,11.03.2022 12:15,9.05.2022 08:35,Loburi,department of highways,4-wheel pickup truck,speeding,rollover/fallen on straight road,1,0,1,clear,14.84577782,100.6429571,other,other,2022-03-11T05:15:00Z
6918561,11.03.2022 12:15,16.09.2022 13:51,Nakhon Ratchasima,department of highways,6-wheel truck,speeding,rear-end collision,2,0,2,clear,14.96560384,102.0645439,wide curve,no slope,2022-03-11T05:15:00Z
6918564,11.03.2022 12:30,16.09.2022 13:50,Phayao,department of highways,4-wheel pickup truck,speeding,rollover/fallen on straight road,1,0,0,clear,19.01718422,99.9142438,straight road,no slope,2022-03-11T05:30:00Z
6579906,11.03.2022 13:30,20.07.2022 13:53,Ang Thong,department of highways,large truck with trailer,speeding,rollover/fallen on straight road,1,0,0,clear,14.6055194,100.4186681,straight road,no slope,2022-03-11T06:30:00Z
6772067,11.03.2022 13:30,23.08.2022 14:46,Phetchabun,department of highways,private/passenger car,speeding,rollover/fallen on straight road,1,0,1,clear,16.11456979,100.7418179,straight road,no slope,2022-03-11T06:30:00Z
5951049,11.03.2022 13:46,21.03.2022 15:41,Kalasin,department of highways,4-wheel pickup truck,falling asleep,rollover/fallen on curved road,1,0,0,clear,16.62063285,103.7116214,wide curve,slope area,2022-03-11T06:46:00Z
6155058,11.03.2022 14:00,6.05.2022 13:48,Nakhon Sawan,department of highways,4-wheel pickup truck,speeding,rollover/fallen on straight road,1,0,0,clear,15.29787169,100.3150463,straight road,no slope,2022-03-11T07:00:00Z
6226682,11.03.2022 14:00,18.05.2022 13:39,Phatthalung,department of highways,7-10-wheel truck,overloaded vehicle,rollover/fallen on straight road,1,0,0,clear,7.372628311,100.1192826,straight road,no slope,2022-03-11T07:00:00Z
6591482,11.03.2022 15:10,22.07.2022 11:36,Rayong,department of highways,private/passenger car,speeding,rear-end collision,5,0,0,clear,12.77681225,101.7111629,other,other,2022-03-11T08:10:00Z
7544404,11.03.2022 15:12,4.01.2023 13:48,Pattani,department of highways,motorcycle,speeding,collision with obstruction (on road surface),2,1,0,clear,6.851523695,101.2578696,straight road,no slope,2022-03-11T08:12:00Z
6226683,11.03.2022 15:30,18.05.2022 13:37,Phatthalung,department of highways,7-10-wheel truck,speeding,rollover/fallen on curved road,1,0,0,clear,7.419070065,100.0775501,wide curve,no slope,2022-03-11T08:30:00Z
6591032,11.03.2022 15:30,22.07.2022 09:55,Samut Sakhon,department of highways,7-10-wheel truck,speeding,collision with obstruction (on road surface),1,0,0,clear,13.60184951,100.3694013,straight road,no slope,2022-03-11T08:30:00Z
7542714,11.03.2022 16:13,3.01.2023 14:24,Prachin Buri,department of highways,4-wheel pickup truck,speeding,rear-end collision,2,0,0,clear,14.21642735,101.9012564,straight road,no slope,2022-03-11T09:13:00Z
6539433,11.03.2022 16:30,12.07.2022 14:20,Pathum Thani,department of highways,private/passenger car,speeding,rollover/fallen on straight road,1,0,0,clear,13.92095148,100.7049081,straight road,no slope,2022-03-11T09:30:00Z
6590950,11.03.2022 16:30,22.07.2022 09:42,Nonthaburi,department of highways,4-wheel pickup truck,speeding,rollover/fallen on straight road,1,0,0,clear,13.93290872,100.4156238,straight road,no slope,2022-03-11T09:30:00Z
6591438,11.03.2022 16:30,22.07.2022 11:26,Chachoengsao,department of highways,private/passenger car,speeding,rollover/fallen on straight road,1,0,0,clear,13.66310565,101.2251359,straight road,no slope,2022-03-11T09:30:00Z