acc_code,incident_datetime,report_datetime,province_en,agency,vehicle_type,presumed_cause,accident_type,number_of_vehicles_involved,number_of_fatalities,number_of_injuries,weather_condition,latitude,longitude,road_description,slope_description,incident_time
6590916,11.03.2022 16:40,22.07.2022 09:37,Phra Nakhon Si Ayutthaya,department of highways,large truck with trailer,falling asleep,rollover/fallen on straight road,1,0,0,clear,14.26061376,100.7769495,straight road,no slope,2022-03-11T09:40:00Z
6896874,11.03.2022 17:00,13.09.2022 13:29,Loei,department of highways,large truck with trailer,vehicle equipment failure,rollover/fallen on curved road,1,0,0,clear,17.47424219,101.5396651,wide curve,slope area,2022-03-11T10:00:00Z
6225662,11.03.2022 18:00,18.05.2022 10:07,Chiang Mai,department of highways,private/passenger car,speeding,rollover/fallen on straight road,1,0,0,clear,18.83127379,98.96350531,straight road,no slope,2022-03-11T11:00:00Z
6238798,11.03.2022 18:50,20.05.2022 10:22,Sukhothai,department of highways,4-wheel pickup truck,speeding,rollover/fallen on straight road,1,0,1,clear,17.48461889,99.74470137,straight road,no slope,2022-03-11T11:50:00Z
6284066,11.03.2022 19:10,31.05.2022 15:40,Si Sa Ket,department of highways,4-wheel pickup truck,speeding,rollover/fallen on curved road,1,1,1,clear,14.55033664,104.4558272,wide curve,no slope,2022-03-11T12:10:00Z
6146421,11.03.2022 19:15,28.04.2022 13:46,Surin,department of highways,4-wheel pickup truck,speeding,rollover/fallen on curved road,1,0,1,clear,15.20570678,103.9542326,other,other,2022-03-11T12:15:00Z
6238711,11.03.2022 20:00,20.05.2022 10:07,Samut Songkhram,department of highways,motorcycle,speeding,rear-end collision,2,0,1,clear,13.41157846,100.0238228,straight road,no slope,2022-03-11T13:00:00Z
6178287,11.03.2022 21:00,10.05.2022 14:08,Kanchanaburi,department of highways,6-wheel truck,unfamiliarity with the route/unskilled driving,rollover/fallen on straight road,1,0,1,clear,14.31061589,99.2160487,wide curve,no slope,2022-03-11T14:00:00Z
7447724,11.03.2022 21:58,9.12.2022 14:06,Chon Buri,department of highways,private/passenger car,speeding,rollover/fallen on straight road,1,0,0,clear,13.19213236,101.2477442,straight road,no slope,2022-03-11T14:58:00Z
5920689,11.03.2022 22:40,16.03.2022 11:12,Ang Thong,department of highways,private/passenger car,speeding,rollover/fallen on straight road,1,0,0,clear,14.61017833,100.4578042,straight road,no slope,2022-03-11T15:40:00Z
6122925,11.03.2022 23:00,19.04.2022 13:41,Phatthalung,department of highways,private/passenger car,speeding,rollover/fallen on straight road,1,0,0,clear,7.595586194,100.0562507,straight road,no slope,2022-03-11T16:00:00Z
6896864,11.03.2022 23:00,13.09.2022 13:29,Loei,department of highways,large truck with trailer,vehicle equipment failure,rollover/fallen on straight road,1,0,0,clear,17.45464612,101.4173242,straight road,no slope,2022-03-11T16:00:00Z
7542502,11.03.2022 23:45,3.01.2023 13:42,Nakhon Ratchasima,department of highways,large truck with trailer,speeding,rollover/fallen on straight road,1,0,1,clear,14.9295205,101.971985,other,other,2022-03-11T16:45:00Z
7378501,11.03.2022 23:50,24.11.2022 09:46,Chiang Mai,department of highways,private/passenger car,speeding,rear-end collision,2,0,1,clear,18.93145663,98.94025324,straight road,no slope,2022-03-11T16:50:00Z
6148317,12.03.2022 00:10,3.05.2022 11:34,Samut Sakhon,department of highways,4-wheel pickup truck,falling asleep,rollover/fallen on straight road,2,0,3,clear,13.54170141,100.1683161,straight road,no slope,2022-03-11T17:10:00Z
6539206,12.03.2022 00:16,12.07.2022 14:09,Chon Buri,department of highways,private/passenger car,speeding,rear-end collision,2,0,0,clear,13.1271619,100.9850541,straight road,no slope,2022-03-11T17:16:00Z
6902391,12.03.2022 00:20,14.09.2022 08:42,Songkhla,department of highways,4-wheel pickup truck,vehicle equipment failure,rear-end collision,2,0,2,clear,6.984447383,100.449889,straight road,no slope,2022-03-11T17:20:00Z
5919883,12.03.2022 00:50,16.03.2022 13:03,Ubon Ratchathani,department of highways,4-wheel pickup truck,falling asleep,rollover/fallen on straight road,1,0,0,clear,15.60632857,105.0249731,straight road,no slope,2022-03-11T17:50:00Z
6788910,12.03.2022 01:00,26.08.2022 10:56,Phetchabun,department of highways,4-wheel pickup truck,speeding,rollover/fallen on curved road,1,0,0,clear,16.27025926,101.0572055,wide curve,no slope,2022-03-11T18:00:00Z
6238713,12.03.2022 01:30,20.05.2022 10:08,Tak,department of highways,large truck with trailer,speeding,rollover/fallen on curved road,1,0,0,clear,16.81127852,98.96286963,wide curve,slope area,2022-03-11T18:30:00Z
6566228,12.03.2022 02:00,11.04.2022 09:09,Chiang Mai,department of rural roads,private/passenger car,speeding,other,1,0,0,clear,18.646436,98.850772,u-turn area,other,2022-03-11T19:00:00Z
7446727,12.03.2022 02:10,9.12.2022 10:55,Chachoengsao,department of highways,4-wheel pickup truck,speeding,collision with obstruction (on road surface),1,0,1,clear,13.75282887,101.5002179,straight road,no slope,2022-03-11T19:10:00Z
5900278,12.03.2022 03:04,13.03.2022 09:06,Bangkok,department of highways,large truck with trailer,speeding,collision with obstruction (on road surface),1,0,0,clear,13.75775547,100.6983018,straight road,no slope,2022-03-11T20:04:00Z
7511292,12.03.2022 03:58,27.12.2022 09:43,Udon Thani,department of highways,other,speeding,pedestrian collision,1,1,0,clear,17.41018318,102.6483857,straight road,no slope,2022-03-11T20:58:00Z
6368117,12.03.2022 04:30,14.06.2022 09:45,Kalasin,department of highways,private/passenger car,speeding,rollover/fallen on curved road,1,0,0,clear,16.4121765,103.469933,wide curve,no slope,2022-03-11T21:30:00Z
7510092,12.03.2022 05:50,27.12.2022 09:00,Nakhon Sawan,department of highways,pedestrian,cutting in closely by people/vehicles/animals,pedestrian collision,1,0,1,clear,15.51854658,100.126605,straight road,no slope,2022-03-11T22:50:00Z
6566617,12.03.2022 06:20,18.07.2022 09:53,Nakhon Si Thammarat,department of highways,private/passenger car,speeding,collision with obstruction (on road surface),1,0,1,clear,8.077527113,99.65685098,straight road,no slope,2022-03-11T23:20:00Z
5894959,12.03.2022 06:22,12.03.2022 10:49,Bangkok,department of highways,large truck with trailer,speeding,rear-end collision,2,0,1,clear,13.84531994,100.672346,straight road,no slope,2022-03-11T23:22:00Z
6225963,12.03.2022 06:35,18.05.2022 10:59,Kalasin,department of highways,4-wheel pickup truck,speeding,rollover/fallen on straight road,1,0,1,clear,16.8861959,103.1220102,straight road,no slope,2022-03-11T23:35:00Z
6539197,12.03.2022 07:26,12.07.2022 14:06,Bangkok,department of highways,4-wheel pickup truck,running red lights/traffic signals,other,1,0,0,clear,13.73272283,100.7887968,other,other,2022-03-12T00:26:00Z
6153766,12.03.2022 08:20,6.05.2022 08:30,Nakhon Sawan,department of highways,6-wheel truck,falling asleep,rollover/fallen on straight road,1,2,0,clear,15.84341222,99.92729543,straight road,no slope,2022-03-12T01:20:00Z
6603018,12.03.2022 08:50,26.07.2022 15:11,Phayao,department of highways,4-wheel pickup truck,speeding,rollover/fallen on straight road,1,0,1,clear,19.45556087,100.1050535,straight road,no slope,2022-03-12T01:50:00Z
5926296,12.03.2022 09:30,17.03.2022 11:58,Chon Buri,department of highways,large truck with trailer,falling asleep,rollover/fallen on straight road,1,0,0,clear,13.30266724,100.9980038,straight road,no slope,2022-03-12T02:30:00Z
6238709,12.03.2022 09:30,20.05.2022 10:07,Tak,department of highways,large truck with trailer,speeding,rollover/fallen on curved road,1,0,0,clear,16.76641249,98.8995695,wide curve,no slope,2022-03-12T02:30:00Z
7521682,12.03.2022 09:50,30.12.2022 11:06,buogkan,department of highways,4-wheel pickup truck,speeding,rollover/fallen on straight road,1,0,3,clear,18.33381457,103.7015632,straight road,no slope,2022-03-12T02:50:00Z
6897574,12.03.2022 10:00,13.09.2022 15:16,Phetchaburi,department of highways,private/passenger car,speeding,rollover/fallen on straight road,1,0,0,clear,12.80606822,99.94983672,straight road,no slope,2022-03-12T03:00:00Z
6539347,12.03.2022 10:15,12.07.2022 14:16,Samut Prakan,department of highways,private/passenger car,speeding,rollover/fallen on curved road,1,0,2,clear,13.64943779,100.6872484,wide curve,no slope,2022-03-12T03:15:00Z
6607901,12.03.2022 11:00,27.07.2022 09:16,Uttaradit,department of highways,6-wheel truck,speeding,rollover/fallen on straight road,1,0,0,clear,17.58970071,100.1346624,straight road,no slope,2022-03-12T04:00:00Z
6214987,12.03.2022 11:12,16.05.2022 15:24,Surat Thani,department of highways,4-wheel pickup truck,speeding,rollover/fallen on straight road,1,0,1,clear,9.503759731,99.13105486,straight road,no slope,2022-03-12T04:12:00Z
5920402,12.03.2022 11:20,16.03.2022 12:23,Chon Buri,department of highways,4-wheel pickup truck,speeding,rear-end collision,4,0,0,clear,13.19670492,101.0006296,straight road,no slope,2022-03-12T04:20:00Z
6539270,12.03.2022 12:20,12.07.2022 14:14,Bangkok,department of highways,4-wheel pickup truck,running red lights/traffic signals,other,1,0,0,clear,13.73244664,100.7860851,other,other,2022-03-12T05:20:00Z
6238752,12.03.2022 12:29,20.05.2022 10:10,Sukhothai,department of highways,motorcycle,speeding,rear-end collision,2,0,2,clear,17.00984303,99.79765891,straight road,no slope,2022-03-12T05:29:00Z
6184506,12.03.2022 12:30,11.05.2022 11:57,Chai Nat,department of highways,4-wheel pickup truck,falling asleep,rollover/fallen on straight road,1,0,0,clear,15.06510728,100.1503748,straight road,no slope,2022-03-12T05:30:00Z
6238718,12.03.2022 12:39,20.05.2022 10:09,Sukhothai,department of highways,motorcycle,speeding,rear-end collision,2,1,0,clear,17.27230888,99.83050524,straight road,no slope,2022-03-12T05:39:00Z
6460122,12.03.2022 12:45,29.06.2022 14:29,Udon Thani,department of highways,4-wheel pickup truck,speeding,rear-end collision,2,0,2,clear,17.36191298,103.1774407,other,other,2022-03-12T05:45:00Z
6171670,12.03.2022 15:00,9.05.2022 14:06,Saraburi,department of highways,4-wheel pickup truck,cutting in closely by people/vehicles/animals,rear-end collision,2,0,1,clear,14.53827963,100.9506869,straight road,no slope,2022-03-12T08:00:00Z
6242188,12.03.2022 15:16,24.05.2022 10:57,Chiang Mai,department of highways,4-wheel pickup truck,falling asleep,rollover/fallen on curved road,1,0,0,clear,19.13813152,98.69903414,wide curve,no slope,2022-03-12T08:16:00Z
6171705,12.03.2022 15:20,9.05.2022 14:12,Saraburi,department of highways,large passenger vehicle,speeding,rollover/fallen on straight road,1,8,22,clear,14.53826665,100.9507218,straight road,no slope,2022-03-12T08:20:00Z
6609534,12.03.2022 15:20,27.07.2022 15:05,Chiang Mai,department of highways,private/passenger car,speeding,rear-end collision,2,0,0,clear,18.91172681,98.94630967,straight road,no slope,2022-03-12T08:20:00Z
6538197,12.03.2022 15:25,12.07.2022 11:16,Samut Prakan,department of highways,4-wheel pickup truck,vehicle equipment failure,rollover/fallen on straight road,1,0,0,clear,13.69602621,100.8270424,straight road,no slope,2022-03-12T08:25:00Z
6301694,12.03.2022 15:30,3.06.2022 12:04,Nakhon Si Thammarat,department of highways,7-10-wheel truck,speeding,rollover/fallen on straight road,1,0,1,clear,7.989054162,99.90716009,straight road,no slope,2022-03-12T08:30:00Z
6902925,12.03.2022 15:30,14.09.2022 10:19,Chiang Mai,department of highways,private/passenger car,speeding,rear-end collision,2,0,1,clear,19.06005174,99.36484693,straight road,no slope,2022-03-12T08:30:00Z
7511834,12.03.2022 15:40,27.12.2022 11:33,Krabi,department of highways,large truck with trailer,speeding,rollover/fallen on straight road,1,0,0,clear,8.102488966,98.90599339,straight road,no slope,2022-03-12T08:40:00Z
6904191,12.03.2022 15:59,14.09.2022 14:47,Loburi,department of highways,private/passenger car,running red lights/traffic signals,rear-end collision,2,0,2,clear,15.26460321,101.2036353,other,other,2022-03-12T08:59:00Z
6578284,12.03.2022 16:15,20.07.2022 08:24,Suphan Buri,department of highways,private/passenger car,speeding,rear-end collision,2,0,1,clear,14.47222706,100.1314705,straight road,no slope,2022-03-12T09:15:00Z
6225966,12.03.2022 16:30,18.05.2022 10:58,Kalasin,department of highways,4-wheel pickup truck,speeding,rollover/fallen on curved road,1,0,1,clear,16.82363074,103.2777607,wide curve,slope area,2022-03-12T09:30:00Z
6609516,12.03.2022 17:30,27.07.2022 15:03,Chiang Mai,department of highways,motorcycle,speeding,rear-end collision,2,0,1,clear,18.8865537,98.95626067,straight road,no slope,2022-03-12T10:30:00Z
7447155,12.03.2022 19:00,9.12.2022 14:26,Ratchaburi,department of highways,large truck with trailer,speeding,rear-end collision,2,0,0,clear,13.63554235,100.0193784,straight road,no slope,2022-03-12T12:00:00Z
7544445,12.03.2022 19:10,4.01.2023 14:22,Songkhla,department of highways,motorcycle,speeding,rear-end collision,2,0,1,clear,6.781717285,100.4847497,straight road,no slope,2022-03-12T12:10:00Z
6609517,12.03.2022 19:15,27.07.2022 15:04,Chiang Mai,department of highways,4-wheel pickup truck,speeding,rear-end collision,2,0,0,clear,18.89469224,98.9524868,straight road,no slope,2022-03-12T12:15:00Z
7448001,12.03.2022 19:27,9.12.2022 10:53,Chachoengsao,department of highways,4-wheel pickup truck,speeding,head-on collision (not overtaking),5,3,8,clear,13.65550815,101.2822187,straight road,no slope,2022-03-12T12:27:00Z
5905860,12.03.2022 20:30,14.03.2022 11:56,Phetchabun,department of highways,4-wheel pickup truck,speeding,head-on collision (not overtaking),2,2,4,clear,15.46453018,101.1910638,straight road,no slope,2022-03-12T13:30:00Z
6566176,12.03.2022 20:52,21.03.2022 09:19,Phrae,department of rural roads,motorcycle,speeding,other,1,0,1,clear,18.508383,100.150905,y-intersection,other,2022-03-12T13:52:00Z
6227199,12.03.2022 21:25,18.05.2022 15:10,Sukhothai,department of highways,4-wheel pickup truck,speeding,rollover/fallen on straight road,1,0,1,clear,17.02202323,99.8169118,straight road,no slope,2022-03-12T14:25:00Z
7438459,12.03.2022 21:40,7.12.2022 09:44,Suphan Buri,department of highways,4-wheel pickup truck,speeding,rear-end collision,2,1,0,clear,14.50370946,100.010063,straight road,no slope,2022-03-12T14:40:00Z
7542603,12.03.2022 22:12,3.01.2023 14:00,Nakhon Ratchasima,department of highways,4-wheel pickup truck,speeding,rear-end collision,2,0,2,clear,14.8808046,102.1735543,straight road,no slope,2022-03-12T15:12:00Z
7418551,12.03.2022 23:00,30.11.2022 09:23,Ubon Ratchathani,department of highways,motorcycle,falling asleep,rollover/fallen on curved road,1,1,0,clear,15.88971325,105.1843473,wide curve,no slope,2022-03-12T16:00:00Z
7542465,12.03.2022 23:30,3.01.2023 13:31,Nakhon Ratchasima,department of highways,4-wheel pickup truck,speeding,head-on collision (not overtaking),2,2,1,clear,14.60117184,101.3958558,straight road,no slope,2022-03-12T16:30:00Z
7447206,12.03.2022 23:40,9.12.2022 10:15,Chanthaburi,department of highways,private/passenger car,speeding,rollover/fallen on straight road,1,0,1,clear,12.89204042,102.2730508,straight road,no slope,2022-03-12T16:40:00Z
6289966,13.03.2022 00:20,1.06.2022 14:45,Nakhon Si Thammarat,department of highways,large truck with trailer,speeding,collision with obstruction (on road surface),1,0,0,clear,8.262829087,99.54695819,straight road,no slope,2022-03-12T17:20:00Z
5999073,13.03.2022 01:00,29.03.2022 14:47,Maha Sarakham,department of highways,7-10-wheel truck,speeding,rollover/fallen on straight road,1,0,1,clear,15.6097902,103.2349232,straight road,no slope,2022-03-12T18:00:00Z
6226003,13.03.2022 01:10,18.05.2022 11:03,Yasothon,department of highways,4-wheel pickup truck,speeding,rollover/fallen on straight road,1,0,3,clear,15.75822064,104.2068001,straight road,no slope,2022-03-12T18:10:00Z
6566148,13.03.2022 01:31,16.03.2022 08:26,Samut Prakan,department of rural roads,motorcycle,speeding,other,1,0,1,clear,13.666386,100.538462,straight road,slope area,2022-03-12T18:31:00Z
6170437,13.03.2022 02:20,9.05.2022 09:50,Loburi,department of highways,motorcycle,speeding,rollover/fallen on straight road,1,1,0,clear,15.15506309,101.055564,straight road,no slope,2022-03-12T19:20:00Z
7380531,13.03.2022 03:00,24.11.2022 14:51,Phitsanulok,department of highways,private/passenger car,falling asleep,rollover/fallen on straight road,1,0,1,clear,17.19763836,100.3188041,straight road,no slope,2022-03-12T20:00:00Z
6361723,13.03.2022 03:19,13.06.2022 08:22,Maha Sarakham,department of highways,4-wheel pickup truck,speeding,rollover/fallen on straight road,1,0,2,clear,16.05068011,102.9565582,straight road,no slope,2022-03-12T20:19:00Z
7527413,13.03.2022 03:20,31.12.2022 10:58,Sakon Nakhon,department of highways,4-wheel pickup truck,speeding,rollover/fallen on straight road,1,0,0,clear,17.38964597,103.7181902,straight road,no slope,2022-03-12T20:20:00Z
7511764,13.03.2022 03:40,27.12.2022 11:29,Krabi,department of highways,4-wheel pickup truck,speeding,rollover/fallen on straight road,1,0,0,clear,8.08260193,98.86224656,wide curve,no slope,2022-03-12T20:40:00Z
6943192,13.03.2022 04:00,20.09.2022 09:07,Nakhon Ratchasima,department of highways,4-wheel pickup truck,speeding,rollover/fallen on straight road,1,0,0,clear,14.84535003,102.0639324,straight road,no slope,2022-03-12T21:00:00Z
6226990,13.03.2022 05:31,18.05.2022 14:38,Phetchabun,department of highways,4-wheel pickup truck,speeding,rear-end collision,2,0,1,clear,16.53906998,101.1563882,straight road,no slope,2022-03-12T22:31:00Z
6608007,13.03.2022 05:45,27.07.2022 09:33,Phichit,department of highways,van,unfamiliarity with the route/unskilled driving,rollover/fallen on straight road,1,0,1,clear,16.26112112,100.4056969,straight road,no slope,2022-03-12T22:45:00Z
7310203,13.03.2022 06:30,14.11.2022 10:10,Khon Kaen,department of highways,4-wheel pickup truck,speeding,rear-end collision,2,0,0,clear,16.39915967,102.866908,straight road,no slope,2022-03-12T23:30:00Z
6238401,13.03.2022 08:40,20.05.2022 09:15,Tak,department of highways,4-wheel pickup truck,speeding,rear-end collision,2,0,1,clear,16.74997539,99.22997473,straight road,no slope,2022-03-13T01:40:00Z
6225916,13.03.2022 10:00,18.05.2022 10:51,Yasothon,department of highways,private/passenger car,cutting in closely by people/vehicles/animals,collision at intersection corner,2,1,0,clear,15.73622849,104.2286146,other,other,2022-03-13T03:00:00Z
5920525,13.03.2022 10:51,16.03.2022 12:33,Chon Buri,department of highways,large truck with trailer,speeding,rear-end collision,2,0,0,clear,13.18891767,100.9981164,straight road,no slope,2022-03-13T03:51:00Z
6539062,13.03.2022 11:20,12.07.2022 14:00,Pathum Thani,department of highways,other,speeding,rollover/fallen on straight road,1,0,0,clear,14.11574083,100.6782898,straight road,no slope,2022-03-13T04:20:00Z
6361717,13.03.2022 11:39,13.06.2022 08:21,Maha Sarakham,department of highways,4-wheel pickup truck,falling asleep,rollover/fallen on straight road,1,0,1,clear,16.05526312,103.023667,straight road,no slope,2022-03-13T04:39:00Z
6004112,13.03.2022 12:20,30.03.2022 10:48,Kamphaeng Phet,department of highways,4-wheel pickup truck,speeding,rollover/fallen on straight road,1,0,2,clear,16.18096334,99.71393107,straight road,no slope,2022-03-13T05:20:00Z
6226138,13.03.2022 13:00,18.05.2022 11:27,Mae Hong Son,department of highways,other,speeding,rollover/fallen on curved road,1,0,0,clear,19.27734449,97.95556067,wide curve,no slope,2022-03-13T06:00:00Z
6238646,13.03.2022 13:15,20.05.2022 09:59,Kamphaeng Phet,department of highways,private/passenger car,speeding,rollover/fallen on straight road,1,0,1,clear,16.47921779,99.59389685,straight road,no slope,2022-03-13T06:15:00Z
6220609,13.03.2022 13:35,17.05.2022 15:22,Lamphun,department of highways,4-wheel pickup truck,speeding,rollover/fallen on curved road,1,0,0,clear,18.46045747,99.18013929,wide curve,no slope,2022-03-13T06:35:00Z
6226143,13.03.2022 14:00,18.05.2022 11:29,Mae Hong Son,department of highways,other,speeding,rollover/fallen on curved road,1,0,0,clear,19.46163554,98.0002114,wide curve,no slope,2022-03-13T07:00:00Z
7544461,13.03.2022 14:15,4.01.2023 14:31,Songkhla,department of highways,4-wheel pickup truck,speeding,rollover/fallen on straight road,1,0,0,clear,6.961910429,100.5670854,straight road,no slope,2022-03-13T07:15:00Z
5927242,13.03.2022 15:13,17.03.2022 15:21,Chon Buri,department of highways,private/passenger car,speeding,rear-end collision,2,0,0,rainy,13.14897996,100.9858641,straight road,no slope,2022-03-13T08:13:00Z
7446918,13.03.2022 15:30,9.12.2022 14:00,Chon Buri,department of highways,4-wheel pickup truck,speeding,rollover/fallen on straight road,1,0,0,rainy,13.16578426,101.2816152,straight road,no slope,2022-03-13T08:30:00Z
6539268,13.03.2022 16:11,12.07.2022 14:14,Samut Prakan,department of highways,private/passenger car,speeding,rear-end collision,2,0,1,clear,13.65807282,100.8624127,straight road,no slope,2022-03-13T09:11:00Z
6566185,13.03.2022 16:40,24.03.2022 11:22,Chiang Mai,department of rural roads,passenger pickup truck,speeding,other,2,0,2,clear,19.937062,99.115569,sharp curve,no slope,2022-03-13T09:40:00Z
7447593,13.03.2022 16:50,9.12.2022 10:16,Chanthaburi,department of highways,4-wheel pickup truck,speeding,rollover/fallen on curved road,1,1,1,rainy,12.63786504,102.1658966,wide curve,no slope,2022-03-13T09:50:00Z
7544412,13.03.2022 17:10,4.01.2023 13:56,Yala,department of highways,4-wheel pickup truck,speeding,rollover/fallen on curved road,1,0,1,clear,5.91909392,101.1783475,wide curve,slope area,2022-03-13T10:10:00Z
6585080,13.03.2022 17:50,21.07.2022 10:36,Nonthaburi,department of highways,private/passenger car,speeding,rollover/fallen on straight road,1,0,0,clear,13.87344965,100.4099965,straight road,no slope,2022-03-13T10:50:00Z
5925873,13.03.2022 17:55,17.03.2022 09:51,Suphan Buri,department of highways,4-wheel pickup truck,cutting in closely by people/vehicles/animals,rear-end collision,2,0,1,clear,14.80220873,100.0018233,other,other,2022-03-13T10:55:00Z
6301679,13.03.2022 18:30,3.06.2022 11:55,Nakhon Si Thammarat,department of highways,4-wheel pickup truck,speeding,rollover/fallen on straight road,1,0,3,clear,7.957061912,99.91463809,straight road,no slope,2022-03-13T11:30:00Z
6538983,13.03.2022 20:00,12.07.2022 13:52,Chachoengsao,department of highways,large truck with trailer,speeding,rollover/fallen on curved road,1,0,0,clear,13.56237651,100.949091,other,other,2022-03-13T13:00:00Z
6539122,13.03.2022 20:27,12.07.2022 14:02,Chon Buri,department of highways,4-wheel pickup truck,speeding,rollover/fallen on straight road,1,0,0,clear,13.06817319,100.9954262,straight road,no slope,2022-03-13T13:27:00Z
6585000,13.03.2022 21:20,21.07.2022 10:24,Pathum Thani,department of highways,4-wheel pickup truck,speeding,rear-end collision,2,0,0,clear,13.95073278,100.814605,straight road,no slope,2022-03-13T14:20:00Z
6580065,13.03.2022 21:30,20.07.2022 14:25,Uthai Thani,department of highways,7-10-wheel truck,speeding,rollover/fallen on straight road,1,0,0,clear,15.08964635,99.60662125,straight road,no slope,2022-03-13T14:30:00Z
6155064,13.03.2022 21:40,6.05.2022 13:47,Nakhon Sawan,department of highways,4-wheel pickup truck,speeding,rollover/fallen on straight road,1,0,0,clear,15.3881186,100.2565393,straight road,no slope,2022-03-13T14:40:00Z
5907091,13.03.2022 21:52,14.03.2022 16:10,Chachoengsao,department of highways,4-wheel pickup truck,speeding,rear-end collision,2,0,0,clear,13.54515912,101.003918,straight road,no slope,2022-03-13T14:52:00Z
6227171,13.03.2022 23:30,18.05.2022 15:07,Phetchabun,department of highways,4-wheel pickup truck,speeding,rollover/fallen on straight road,1,0,1,clear,16.26372434,101.0478338,straight road,no slope,2022-03-13T16:30:00Z
6687554,14.03.2022 00:20,9.08.2022 14:11,Loburi,department of highways,4-wheel pickup truck,speeding,rollover/fallen on curved road,1,0,1,clear,15.30297871,101.1241105,other,other,2022-03-13T17:20:00Z
6004114,14.03.2022 00:30,30.03.2022 10:46,Kamphaeng Phet,department of highways,private/passenger car,speeding,rollover/fallen on straight road,1,0,0,clear,16.47454435,99.49660777,other,other,2022-03-13T17:30:00Z
6539120,14.03.2022 00:43,12.07.2022 14:01,Chon Buri,department of highways,4-wheel pickup truck,speeding,rear-end collision,2,0,0,clear,13.07620986,100.9937364,straight road,no slope,2022-03-13T17:43:00Z
5920993,14.03.2022 02:00,16.03.2022 16:13,Chon Buri,department of highways,large truck with trailer,falling asleep,rollover/fallen on straight road,1,0,0,clear,13.20449715,101.0031912,straight road,no slope,2022-03-13T19:00:00Z
5963238,14.03.2022 02:00,23.03.2022 13:20,Bangkok,department of highways,large truck with trailer,falling asleep,rollover/fallen on straight road,1,0,0,clear,13.88528176,100.6867844,straight road,no slope,2022-03-13T19:00:00Z
6701530,14.03.2022 02:05,11.08.2022 11:09,Kanchanaburi,department of highways,private/passenger car,speeding,rollover/fallen on straight road,1,0,0,clear,13.94276978,99.76014821,straight road,no slope,2022-03-13T19:05:00Z
6897384,14.03.2022 04:10,13.09.2022 14:47,Nakhon Ratchasima,department of highways,private/passenger car,speeding,rollover/fallen on straight road,1,0,1,clear,15.70219651,102.5845465,straight road,no slope,2022-03-13T21:10:00Z
6735858,14.03.2022 05:40,17.08.2022 15:14,Nakhon Si Thammarat,department of highways,6-wheel truck,speeding,rollover/fallen on curved road,1,0,0,clear,8.154415275,99.68715189,wide curve,slope area,2022-03-13T22:40:00Z
6238133,14.03.2022 06:00,20.05.2022 08:28,Tak,department of highways,4-wheel pickup truck,falling asleep,rollover/fallen on straight road,1,0,0,clear,17.0915549,99.07294749,straight road,no slope,2022-03-13T23:00:00Z
6176676,14.03.2022 07:00,10.05.2022 09:26,Sing Buri,department of highways,6-wheel truck,speeding,rollover/fallen on straight road,1,0,0,clear,14.74947487,100.4537997,straight road,no slope,2022-03-14T00:00:00Z
7455874,14.03.2022 07:25,13.12.2022 11:38,Prachuap Khiri Khan,department of highways,4-wheel pickup truck,falling asleep,rollover/fallen on straight road,1,0,5,clear,11.75638259,99.76659624,straight road,no slope,2022-03-14T00:25:00Z
6238708,14.03.2022 07:40,20.05.2022 10:06,Tak,department of highways,4-wheel pickup truck,failure to yield right of way,head-on collision (not overtaking),2,0,0,clear,16.91219338,99.27277206,other,other,2022-03-14T00:40:00Z
7433959,14.03.2022 07:56,6.12.2022 09:51,Chanthaburi,department of highways,private/passenger car,running red lights/traffic signals,rear-end collision,2,0,0,clear,12.65024422,102.1287882,other,other,2022-03-14T00:56:00Z
7359297,14.03.2022 08:00,21.11.2022 15:58,Nakhon Ratchasima,department of highways,other,speeding,rollover/fallen on straight road,1,0,0,clear,14.66845213,101.4427513,straight road,no slope,2022-03-14T01:00:00Z
7542507,14.03.2022 08:30,3.01.2023 13:43,Nakhon Ratchasima,department of highways,other,speeding,rollover/fallen on straight road,1,0,0,clear,14.66842351,101.4427677,straight road,no slope,2022-03-14T01:30:00Z
7565384,14.03.2022 09:30,20.01.2023 10:54,Trang,department of highways,motorcycle,cutting in closely by people/vehicles/animals,rear-end collision,2,0,0,clear,7.893999808,99.56629156,wide curve,no slope,2022-03-14T02:30:00Z
7542853,14.03.2022 10:00,3.01.2023 14:52,Sa Kaeo,department of highways,4-wheel pickup truck,speeding,rollover/fallen on straight road,1,0,0,clear,13.48442026,102.1918765,straight road,no slope,2022-03-14T03:00:00Z
7544376,14.03.2022 10:00,4.01.2023 13:24,Narathiwat,department of highways,4-wheel pickup truck,speeding,rollover/fallen on straight road,1,0,0,clear,6.346118462,101.8507236,straight road,no slope,2022-03-14T03:00:00Z
6607894,14.03.2022 10:40,27.07.2022 09:15,Uttaradit,department of highways,private/passenger car,speeding,rollover/fallen on straight road,1,0,0,clear,17.57325461,100.1503184,straight road,no slope,2022-03-14T03:40:00Z
5919915,14.03.2022 10:50,15.03.2022 09:42,Kalasin,department of highways,motorcycle,speeding,head-on collision (not overtaking),2,1,0,clear,16.58505874,103.4091461,straight road,no slope,2022-03-14T03:50:00Z