acc_code,incident_datetime,report_datetime,province_en,agency,vehicle_type,presumed_cause,accident_type,number_of_vehicles_involved,number_of_fatalities,number_of_injuries,weather_condition,latitude,longitude,road_description,slope_description,incident_time
7447233,14.03.2022 11:00,9.12.2022 14:03,Chon Buri,department of highways,4-wheel pickup truck,speeding,rollover/fallen on straight road,1,0,0,clear,13.23286721,101.2246477,straight road,no slope,2022-03-14T04:00:00Z
7447032,14.03.2022 11:42,9.12.2022 10:08,Chanthaburi,department of highways,large truck with trailer,unfamiliarity with the route/unskilled driving,rollover/fallen on straight road,1,0,0,clear,12.80830707,102.0737573,straight road,slope area,2022-03-14T04:42:00Z
7544434,14.03.2022 12:10,4.01.2023 14:18,Songkhla,department of highways,4-wheel pickup truck,speeding,rollover/fallen on straight road,1,0,2,rainy,7.407763305,100.4620635,straight road,no slope,2022-03-14T05:10:00Z
7564964,14.03.2022 12:30,20.01.2023 06:38,Bangkok,department of highways,6-wheel truck,speeding,rear-end collision,2,0,1,clear,13.66995754,100.6241535,straight road,no slope,2022-03-14T05:30:00Z
6238680,14.03.2022 13:00,20.05.2022 10:03,Tak,department of highways,motorcycle,running red lights/traffic signals,collision at intersection corner,2,0,1,clear,16.88417087,99.11770551,other,other,2022-03-14T06:00:00Z
5991838,14.03.2022 13:20,28.03.2022 09:08,Kamphaeng Phet,department of highways,motorcycle,running red lights/traffic signals,collision with obstruction (on road surface),2,1,0,clear,16.3790319,99.53527181,straight road,no slope,2022-03-14T06:20:00Z
6539045,14.03.2022 13:27,12.07.2022 13:56,Chon Buri,department of highways,large truck with trailer,speeding,rear-end collision,2,0,0,clear,13.1104072,100.9411651,straight road,no slope,2022-03-14T06:27:00Z
6176495,14.03.2022 14:00,10.05.2022 09:00,Sing Buri,department of highways,4-wheel pickup truck,speeding,rollover/fallen on straight road,1,0,0,clear,14.86759148,100.3318181,straight road,no slope,2022-03-14T07:00:00Z
6687276,14.03.2022 14:00,9.08.2022 13:24,Loburi,department of highways,4-wheel pickup truck,speeding,rollover/fallen on curved road,1,0,0,clear,15.21999375,101.1275732,other,other,2022-03-14T07:00:00Z
6539288,14.03.2022 14:09,12.07.2022 14:12,Bangkok,department of highways,private/passenger car,speeding,rear-end collision,2,0,3,clear,13.72968736,100.7526728,straight road,no slope,2022-03-14T07:09:00Z
5906922,14.03.2022 14:27,14.03.2022 15:39,Chon Buri,department of highways,4-wheel pickup truck,speeding,rear-end collision,2,0,0,clear,13.41049048,101.0471284,straight road,no slope,2022-03-14T07:27:00Z
6538718,14.03.2022 14:30,12.07.2022 13:23,Chon Buri,department of highways,other,speeding,rollover/fallen on straight road,1,0,0,clear,13.11661916,100.9775948,straight road,no slope,2022-03-14T07:30:00Z
6233286,14.03.2022 15:00,19.05.2022 13:29,Surat Thani,department of highways,motorcycle,speeding,rear-end collision,2,0,3,clear,9.597647752,99.16522084,straight road,no slope,2022-03-14T08:00:00Z
7378625,14.03.2022 15:30,24.11.2022 10:04,Chiang Mai,department of highways,motorcycle,speeding,rear-end collision,2,0,1,clear,18.86236924,98.96014719,straight road,no slope,2022-03-14T08:30:00Z
6602536,14.03.2022 15:43,26.07.2022 14:23,Nan,department of highways,large truck with trailer,speeding,rollover/fallen on straight road,1,0,0,clear,18.77885796,100.7588124,straight road,no slope,2022-03-14T08:43:00Z
6539129,14.03.2022 16:20,12.07.2022 14:01,Chon Buri,department of highways,4-wheel pickup truck,speeding,rollover/fallen on straight road,1,0,0,clear,13.38511329,101.0455057,straight road,no slope,2022-03-14T09:20:00Z
6238685,14.03.2022 17:00,20.05.2022 10:00,Tak,department of highways,large truck with trailer,speeding,rollover/fallen on straight road,1,0,0,clear,16.81160717,98.97904872,straight road,no slope,2022-03-14T10:00:00Z
6608128,14.03.2022 17:20,27.07.2022 09:53,Uttaradit,department of highways,4-wheel pickup truck,speeding,rollover/fallen on curved road,1,0,0,clear,17.46981349,100.2637276,wide curve,no slope,2022-03-14T10:20:00Z
7331256,14.03.2022 17:59,21.03.2022 10:59,Sukhothai,department of highways,private/passenger car,speeding,rear-end collision,2,0,1,clear,17.00897867,99.80902611,straight road,no slope,2022-03-14T10:59:00Z
6539274,14.03.2022 20:00,12.07.2022 14:11,Chachoengsao,department of highways,large truck with trailer,speeding,rear-end collision,2,0,2,clear,13.58000199,100.9510517,straight road,no slope,2022-03-14T13:00:00Z
7527306,14.03.2022 20:00,31.12.2022 10:39,Sakon Nakhon,department of highways,other,speeding,rollover/fallen on straight road,1,0,0,clear,17.15281338,104.1060349,straight road,no slope,2022-03-14T13:00:00Z
6578287,14.03.2022 20:15,20.07.2022 08:21,Suphan Buri,department of highways,motorcycle,speeding,rear-end collision,2,0,1,clear,14.46438108,100.1354027,straight road,no slope,2022-03-14T13:15:00Z
6909714,14.03.2022 20:35,15.09.2022 09:46,Surat Thani,department of highways,6-wheel truck,speeding,rollover/fallen on straight road,1,0,0,clear,9.012912859,99.34507637,straight road,no slope,2022-03-14T13:35:00Z
7455547,14.03.2022 23:00,13.12.2022 10:36,Phetchaburi,department of highways,7-10-wheel truck,speeding,rollover/fallen on straight road,1,0,0,clear,13.24042329,99.82361464,straight road,no slope,2022-03-14T16:00:00Z
5962431,14.03.2022 23:30,23.03.2022 10:03,Surin,department of highways,private/passenger car,speeding,rollover/fallen on straight road,1,1,0,clear,14.78297933,103.4394041,straight road,no slope,2022-03-14T16:30:00Z
7527311,14.03.2022 23:30,31.12.2022 10:36,Sakon Nakhon,department of highways,motorcycle,speeding,rollover/fallen on straight road,1,1,1,clear,17.13107352,104.0763268,straight road,no slope,2022-03-14T16:30:00Z
6184029,15.03.2022 02:00,11.05.2022 10:21,Chaiyaphum,department of highways,large truck with trailer,speeding,rear-end collision,2,0,0,clear,15.67668106,101.9856387,straight road,no slope,2022-03-14T19:00:00Z
6227071,15.03.2022 03:00,18.05.2022 14:51,Khon Kaen,department of highways,private/passenger car,speeding,rollover/fallen on straight road,1,0,0,clear,16.8156793,102.3193163,wide curve,slope area,2022-03-14T20:00:00Z
6301705,15.03.2022 03:00,3.06.2022 12:05,Nakhon Si Thammarat,department of highways,4-wheel pickup truck,speeding,rollover/fallen on straight road,1,0,1,clear,7.900785199,99.92779701,straight road,no slope,2022-03-14T20:00:00Z
6586136,15.03.2022 06:50,21.07.2022 14:50,Phra Nakhon Si Ayutthaya,department of highways,4-wheel pickup truck,speeding,rear-end collision,2,0,0,clear,14.28031494,100.6740707,straight road,no slope,2022-03-14T23:50:00Z
7455857,15.03.2022 07:45,13.12.2022 11:31,Prachuap Khiri Khan,department of highways,4-wheel pickup truck,speeding,rollover/fallen on straight road,1,0,0,clear,11.15169008,99.3824905,straight road,no slope,2022-03-15T00:45:00Z
6238331,15.03.2022 08:15,20.05.2022 09:06,Sukhothai,department of highways,motorcycle,speeding,rear-end collision,2,0,1,clear,17.01008926,99.79396819,straight road,no slope,2022-03-15T01:15:00Z
7544464,15.03.2022 08:30,4.01.2023 14:32,Songkhla,department of highways,7-10-wheel truck,speeding,rollover/fallen on curved road,1,0,0,clear,6.858013514,100.9590447,wide curve,no slope,2022-03-15T01:30:00Z
6591525,15.03.2022 09:00,22.07.2022 11:48,Chanthaburi,department of highways,4-wheel pickup truck,speeding,rollover/fallen on straight road,1,0,0,clear,13.06019896,102.3330814,straight road,no slope,2022-03-15T02:00:00Z
5999135,15.03.2022 09:45,29.03.2022 15:00,Phrae,department of highways,4-wheel pickup truck,speeding,head-on collision (not overtaking),2,0,0,clear,18.15830228,100.0729206,straight road,no slope,2022-03-15T02:45:00Z
6687557,15.03.2022 10:00,9.08.2022 14:11,Loburi,department of highways,other,speeding,rollover/fallen on straight road,1,0,0,clear,15.32439886,101.1283806,straight road,no slope,2022-03-15T03:00:00Z
6015858,15.03.2022 10:30,1.04.2022 11:36,Suphan Buri,department of highways,private/passenger car,illegal overtaking,rear-end collision,2,0,0,clear,14.40879424,100.1551679,straight road,no slope,2022-03-15T03:30:00Z
6318090,15.03.2022 10:30,6.06.2022 10:43,Prachuap Khiri Khan,department of highways,other,speeding,rollover/fallen on curved road,1,0,0,clear,11.43344029,99.55993204,wide curve,no slope,2022-03-15T03:30:00Z
6897506,15.03.2022 10:30,13.09.2022 15:08,Nakhon Pathom,department of highways,4-wheel pickup truck,speeding,head-on collision (not overtaking),3,0,2,clear,13.81361851,100.0833168,straight road,no slope,2022-03-15T03:30:00Z
5949963,15.03.2022 10:39,21.03.2022 11:27,Sukhothai,department of highways,4-wheel pickup truck,speeding,rollover/fallen on straight road,1,1,0,clear,16.99496104,99.79013799,straight road,no slope,2022-03-15T03:39:00Z
7511296,15.03.2022 11:00,27.12.2022 11:41,Krabi,department of highways,4-wheel pickup truck,speeding,rear-end collision,2,0,0,clear,8.103107682,98.96811335,straight road,no slope,2022-03-15T04:00:00Z
6171631,15.03.2022 11:20,9.05.2022 13:55,Saraburi,department of highways,other,speeding,rollover/fallen on straight road,1,0,0,clear,14.52038244,100.9196457,straight road,no slope,2022-03-15T04:20:00Z
6178154,15.03.2022 11:47,10.05.2022 13:45,Kanchanaburi,department of highways,motorcycle,cutting in closely by people/vehicles/animals,rear-end collision,2,0,2,clear,14.57836066,98.75176101,other,other,2022-03-15T04:47:00Z
6609339,15.03.2022 12:00,27.07.2022 14:21,Phrae,department of highways,4-wheel pickup truck,speeding,rollover/fallen on straight road,1,0,0,clear,18.14909383,100.0879866,straight road,no slope,2022-03-15T05:00:00Z
7554512,15.03.2022 12:15,9.01.2023 13:00,Sakon Nakhon,department of highways,4-wheel pickup truck,cutting in closely by people/vehicles/animals,head-on collision (not overtaking),3,0,1,clear,17.84984602,103.5573596,straight road,no slope,2022-03-15T05:15:00Z
5968646,15.03.2022 12:25,24.03.2022 10:16,Ang Thong,department of highways,private/passenger car,speeding,rear-end collision,2,0,1,clear,14.65903536,100.4730981,straight road,no slope,2022-03-15T05:25:00Z
6539191,15.03.2022 12:47,12.07.2022 14:07,Bangkok,department of highways,4-wheel pickup truck,speeding,rear-end collision,3,0,0,clear,13.73081817,100.7190996,straight road,no slope,2022-03-15T05:47:00Z
7446267,15.03.2022 12:50,9.12.2022 09:42,Bangkok,department of highways,private/passenger car,speeding,rear-end collision,2,0,1,clear,13.8253523,100.5581025,straight road,no slope,2022-03-15T05:50:00Z
7565388,15.03.2022 13:25,20.01.2023 10:56,Trang,department of highways,4-wheel pickup truck,speeding,head-on collision (not overtaking),2,0,5,clear,7.434451155,99.79146569,straight road,no slope,2022-03-15T06:25:00Z
6184328,15.03.2022 13:50,11.05.2022 11:10,Chai Nat,department of highways,4-wheel pickup truck,speeding,rear-end collision,2,0,2,clear,15.14326761,100.2565446,straight road,no slope,2022-03-15T06:50:00Z
7542525,15.03.2022 14:13,3.01.2023 13:46,Nakhon Ratchasima,department of highways,private/passenger car,speeding,rollover/fallen on straight road,1,0,0,clear,14.92698912,101.9663634,straight road,no slope,2022-03-15T07:13:00Z
6171643,15.03.2022 15:00,9.05.2022 14:04,Saraburi,department of highways,4-wheel pickup truck,speeding,rear-end collision,2,0,0,clear,14.63346373,101.1681256,straight road,no slope,2022-03-15T08:00:00Z
7544370,15.03.2022 15:00,4.01.2023 13:21,Narathiwat,department of highways,4-wheel pickup truck,using mobile phone while driving,rollover/fallen on straight road,1,0,0,clear,5.995931,101.9399393,wide curve,no slope,2022-03-15T08:00:00Z
7446768,15.03.2022 15:20,9.12.2022 14:16,Chon Buri,department of highways,other,speeding,rollover/fallen on straight road,1,0,0,clear,12.73337587,100.9386733,straight road,no slope,2022-03-15T08:20:00Z
7213008,15.03.2022 15:30,31.10.2022 11:12,Surin,department of highways,motorcycle,speeding,rollover/fallen on straight road,1,0,0,clear,15.24684906,103.6504403,other,other,2022-03-15T08:30:00Z
5992307,15.03.2022 15:45,28.03.2022 10:33,Samut Sakhon,department of highways,4-wheel pickup truck,cutting in closely by people/vehicles/animals,rear-end collision,2,0,0,clear,13.52982852,100.2002504,straight road,no slope,2022-03-15T08:45:00Z
6608290,15.03.2022 16:00,27.07.2022 10:24,Phitsanulok,department of highways,private/passenger car,speeding,head-on collision (not overtaking),2,0,2,clear,17.19798427,100.3183883,wide curve,no slope,2022-03-15T09:00:00Z
6226005,15.03.2022 16:15,18.05.2022 11:02,Roi Et,department of highways,4-wheel pickup truck,speeding,rollover/fallen on straight road,1,0,1,clear,16.07450391,103.5918233,straight road,no slope,2022-03-15T09:15:00Z
6219885,15.03.2022 17:10,17.05.2022 13:09,Nakhon Si Thammarat,department of highways,4-wheel pickup truck,speeding,rollover/fallen on curved road,1,0,8,clear,8.353839401,99.64427142,wide curve,slope area,2022-03-15T10:10:00Z
7413668,15.03.2022 18:20,25.11.2022 11:22,Khon Kaen,department of highways,4-wheel pickup truck,speeding,rollover/fallen on straight road,1,0,0,clear,16.74927807,102.1769084,straight road,no slope,2022-03-15T11:20:00Z
5992410,15.03.2022 19:15,28.03.2022 10:48,Kanchanaburi,department of highways,4-wheel pickup truck,speeding,rollover/fallen on straight road,1,0,2,clear,14.06509466,99.41536902,straight road,no slope,2022-03-15T12:15:00Z
6225998,15.03.2022 19:15,18.05.2022 11:02,Roi Et,department of highways,large truck with trailer,cutting in closely by people/vehicles/animals,rear-end collision,2,0,2,clear,15.65625039,103.9556622,straight road,no slope,2022-03-15T12:15:00Z
6567908,15.03.2022 19:40,18.07.2022 13:56,Suphan Buri,department of highways,4-wheel pickup truck,speeding,rollover/fallen on straight road,1,0,0,clear,14.44864154,100.1092028,other,other,2022-03-15T12:40:00Z
6220461,15.03.2022 20:00,17.05.2022 14:57,Chiang Mai,department of highways,4-wheel pickup truck,speeding,rollover/fallen on curved road,1,0,0,clear,18.2842153,98.38078468,wide curve,slope area,2022-03-15T13:00:00Z
6226980,15.03.2022 20:00,18.05.2022 14:37,Phetchabun,department of highways,4-wheel pickup truck,speeding,rear-end collision,3,0,1,clear,16.46906829,101.1581477,straight road,no slope,2022-03-15T13:00:00Z
6938170,15.03.2022 20:00,19.09.2022 14:56,Chaiyaphum,department of highways,private/passenger car,speeding,rollover/fallen on straight road,1,0,2,clear,15.78320965,101.9482756,straight road,no slope,2022-03-15T13:00:00Z
6578680,15.03.2022 20:30,20.07.2022 09:41,Kanchanaburi,department of highways,7-10-wheel truck,speeding,rear-end collision,2,0,0,clear,14.60194013,99.47206019,straight road,no slope,2022-03-15T13:30:00Z
6566165,15.03.2022 21:00,24.03.2022 11:23,Khon Kaen,department of rural roads,private/passenger car,reversing vehicle,other,2,0,1,clear,16.484312,102.845324,straight road,slope area,2022-03-15T14:00:00Z
6566181,15.03.2022 21:33,18.03.2022 09:09,Rayong,department of rural roads,other,tailgating,other,2,1,1,clear,12.734173,101.745142,straight road,no slope,2022-03-15T14:33:00Z
6276997,15.03.2022 22:50,30.05.2022 13:51,Surin,department of highways,4-wheel pickup truck,speeding,rollover/fallen on curved road,1,0,1,clear,14.77123857,103.8297728,other,other,2022-03-15T15:50:00Z
5969579,15.03.2022 23:30,24.03.2022 14:06,Suphan Buri,department of highways,4-wheel pickup truck,driving under the influence of alcohol,rollover/fallen on straight road,1,0,1,clear,14.47540588,100.0919911,other,other,2022-03-15T16:30:00Z
6538961,16.03.2022 00:30,12.07.2022 13:53,Chachoengsao,department of highways,large truck with trailer,speeding,rollover/fallen on curved road,1,0,2,clear,13.56238955,100.9490722,other,other,2022-03-15T17:30:00Z
6227078,16.03.2022 01:50,18.05.2022 14:53,Udon Thani,department of highways,private/passenger car,speeding,rollover/fallen on straight road,1,0,1,rainy,17.26842341,102.5956562,straight road,no slope,2022-03-15T18:50:00Z
6609412,16.03.2022 02:20,27.07.2022 14:42,Chiang Mai,department of highways,motorcycle,speeding,rear-end collision,2,0,1,clear,18.85713545,98.967306,straight road,no slope,2022-03-15T19:20:00Z
7455909,16.03.2022 03:00,13.12.2022 11:53,Prachuap Khiri Khan,department of highways,4-wheel pickup truck,speeding,collision with obstruction (on road surface),2,6,6,clear,11.75234385,99.76369409,straight road,no slope,2022-03-15T20:00:00Z
5932901,16.03.2022 05:15,18.03.2022 14:04,Chon Buri,department of highways,large truck with trailer,speeding,rear-end collision,2,0,1,clear,13.17683675,100.9941494,straight road,no slope,2022-03-15T22:15:00Z
6170042,16.03.2022 05:30,9.05.2022 08:29,Loburi,department of highways,large truck with trailer,falling asleep,rollover/fallen on straight road,1,0,0,clear,15.2946377,100.6217193,other,other,2022-03-15T22:30:00Z
7447362,16.03.2022 06:30,9.12.2022 14:40,Chumphon,department of highways,large truck with trailer,speeding,rollover/fallen on curved road,1,0,0,clear,9.743482745,99.10033552,wide curve,slope area,2022-03-15T23:30:00Z
6176585,16.03.2022 07:30,10.05.2022 09:17,Sing Buri,department of highways,motorcycle,speeding,rear-end collision,2,1,0,clear,14.75261338,100.4535904,other,other,2022-03-16T00:30:00Z
7378496,16.03.2022 08:00,24.11.2022 09:45,Chiang Mai,department of highways,6-wheel truck,speeding,rear-end collision,2,0,1,clear,18.97198983,98.9456874,straight road,no slope,2022-03-16T01:00:00Z
7455607,16.03.2022 08:00,13.12.2022 10:16,Phetchaburi,department of highways,7-10-wheel truck,speeding,rollover/fallen on straight road,1,0,0,clear,12.831492130000001,99.93439524,straight road,no slope,2022-03-16T01:00:00Z
7027407,16.03.2022 08:10,3.10.2022 11:41,Chachoengsao,department of highways,4-wheel pickup truck,speeding,rear-end collision,2,0,4,clear,13.73284529,101.0272935,straight road,no slope,2022-03-16T01:10:00Z
6904161,16.03.2022 08:30,14.09.2022 14:44,Nakhon Ratchasima,department of highways,other,speeding,rollover/fallen on straight road,1,0,0,clear,15.0360245,102.0930666,straight road,no slope,2022-03-16T01:30:00Z
7542535,16.03.2022 08:30,3.01.2023 13:47,Nakhon Ratchasima,department of highways,other,speeding,rollover/fallen on straight road,1,0,0,clear,14.67453788,101.4560412,straight road,no slope,2022-03-16T01:30:00Z
6602561,16.03.2022 09:00,26.07.2022 14:28,Nan,department of highways,4-wheel pickup truck,speeding,rollover/fallen on curved road,1,0,1,clear,19.47001124,100.8959779,wide curve,no slope,2022-03-16T02:00:00Z
6153992,16.03.2022 09:20,6.05.2022 09:19,Nakhon Sawan,department of highways,motorcycle,speeding,rear-end collision,2,0,1,clear,15.76330594,100.0832176,straight road,no slope,2022-03-16T02:20:00Z
7521660,16.03.2022 09:30,30.12.2022 11:03,buogkan,department of highways,4-wheel pickup truck,speeding,rollover/fallen on curved road,1,0,1,rainy,18.34467318,103.6395907,wide curve,no slope,2022-03-16T02:30:00Z
6590917,16.03.2022 10:00,22.07.2022 09:36,Pathum Thani,department of highways,other,speeding,rollover/fallen on straight road,1,0,0,clear,14.02865359,100.3568163,straight road,no slope,2022-03-16T03:00:00Z
7446920,16.03.2022 11:00,9.12.2022 09:38,Bangkok,department of highways,motorcycle,speeding,rear-end collision,2,0,0,clear,13.83487062,100.5571974,straight road,no slope,2022-03-16T04:00:00Z
7542761,16.03.2022 11:20,3.01.2023 14:30,Prachin Buri,department of highways,7-10-wheel truck,speeding,rollover/fallen on straight road,1,0,1,rainy,13.98452366,101.7623368,other,other,2022-03-16T04:20:00Z
6590767,16.03.2022 11:50,22.07.2022 09:01,Phra Nakhon Si Ayutthaya,department of highways,7-10-wheel truck,speeding,rear-end collision,2,0,2,clear,14.25488686,100.7664594,straight road,no slope,2022-03-16T04:50:00Z
7447114,16.03.2022 11:50,9.12.2022 14:05,Chon Buri,department of highways,4-wheel pickup truck,speeding,rear-end collision,2,0,0,rainy,13.48831437,101.1663392,straight road,no slope,2022-03-16T04:50:00Z
6154016,16.03.2022 12:00,6.05.2022 09:20,Nakhon Sawan,department of highways,4-wheel pickup truck,speeding,rollover/fallen on straight road,1,0,2,clear,15.72580598,100.1120058,straight road,no slope,2022-03-16T05:00:00Z
6238394,16.03.2022 12:00,20.05.2022 09:17,Tak,department of highways,other,speeding,rollover/fallen on straight road,1,0,0,clear,16.83822591,99.10616396,straight road,no slope,2022-03-16T05:00:00Z
7476692,16.03.2022 12:30,21.12.2022 09:57,Si Sa Ket,department of highways,bicycle,cutting in closely by people/vehicles/animals,rear-end collision,2,0,0,clear,14.65876809,104.3930152,straight road,no slope,2022-03-16T05:30:00Z
7542740,16.03.2022 12:30,3.01.2023 14:28,Prachin Buri,department of highways,4-wheel pickup truck,speeding,rear-end collision,2,0,0,rainy,13.99858047,101.7629778,straight road,no slope,2022-03-16T05:30:00Z
6183963,16.03.2022 12:40,11.05.2022 10:13,Chaiyaphum,department of highways,large truck with trailer,speeding,rollover/fallen on straight road,1,0,0,clear,15.42378497,101.6855103,wide curve,slope area,2022-03-16T05:40:00Z
6607872,16.03.2022 13:10,27.07.2022 09:12,Uttaradit,department of highways,private/passenger car,speeding,rollover/fallen on straight road,1,0,0,clear,17.55537238,100.1715374,straight road,no slope,2022-03-16T06:10:00Z
7446597,16.03.2022 13:20,9.12.2022 10:56,Chachoengsao,department of highways,motorcycle,speeding,rear-end collision,2,1,0,clear,13.62279308,101.3070908,straight road,no slope,2022-03-16T06:20:00Z
5955605,16.03.2022 13:42,22.03.2022 08:58,Chon Buri,department of highways,other,speeding,rollover/fallen on straight road,1,0,0,clear,13.3846723,101.0453769,straight road,no slope,2022-03-16T06:42:00Z
7542536,16.03.2022 13:45,3.01.2023 13:45,Nakhon Ratchasima,department of highways,4-wheel pickup truck,speeding,rear-end collision,2,0,1,rainy,14.67846771,101.4593088,straight road,no slope,2022-03-16T06:45:00Z
6225926,16.03.2022 14:00,18.05.2022 10:52,Yasothon,department of highways,large truck with trailer,speeding,head-on collision (not overtaking),3,0,1,clear,16.00578271,104.2686117,connecting to public/commercial area,other,2022-03-16T07:00:00Z
6238649,16.03.2022 14:00,20.05.2022 09:59,Tak,department of highways,large truck with trailer,speeding,rollover/fallen on curved road,1,0,0,clear,16.7346568,98.60566376,wide curve,slope area,2022-03-16T07:00:00Z
7542845,16.03.2022 14:00,3.01.2023 14:51,Sa Kaeo,department of highways,large truck with trailer,speeding,rollover/fallen on straight road,1,0,0,rainy,14.15404577,102.6613355,straight road,slope area,2022-03-16T07:00:00Z
7542847,16.03.2022 14:20,3.01.2023 14:50,Sa Kaeo,department of highways,4-wheel pickup truck,speeding,rollover/fallen on curved road,1,0,0,clear,14.14709378,102.6633122,wide curve,slope area,2022-03-16T07:20:00Z
7542727,16.03.2022 15:00,3.01.2023 14:29,Prachin Buri,department of highways,private/passenger car,speeding,rollover/fallen on straight road,1,1,0,rainy,13.98850577,101.5209889,straight road,no slope,2022-03-16T08:00:00Z
6031892,16.03.2022 15:07,4.04.2022 10:13,Bangkok,expressway authority of thailand,other,other,rear-end collision,2,0,0,clear,13.71719812,100.5552771,grade-separated intersection/ramps,other,2022-03-16T08:07:00Z
6242061,16.03.2022 15:20,24.05.2022 08:56,Nakhon Ratchasima,department of highways,4-wheel pickup truck,speeding,rollover/fallen on straight road,1,0,0,rainy,15.14303719,102.3187128,straight road,no slope,2022-03-16T08:20:00Z
6609369,16.03.2022 15:30,27.07.2022 14:34,Phrae,department of highways,4-wheel pickup truck,falling asleep,head-on collision (not overtaking),2,0,2,clear,18.62105524,100.2261284,wide curve,no slope,2022-03-16T08:30:00Z
7008495,16.03.2022 15:40,30.09.2022 13:11,Nakhon Ratchasima,department of highways,4-wheel pickup truck,speeding,rollover/fallen on straight road,1,0,1,rainy,15.06097356,102.175397,straight road,no slope,2022-03-16T08:40:00Z
6566166,16.03.2022 16:00,18.03.2022 09:13,Nong Bua Lam Phu,department of rural roads,private/passenger car,speeding,other,2,0,5,clear,16.859421,102.419427,wide curve,no slope,2022-03-16T09:00:00Z
7446669,16.03.2022 16:00,9.12.2022 10:59,Chachoengsao,department of highways,private/passenger car,speeding,rollover/fallen on straight road,1,0,1,rainy,13.75633039,101.5056279,straight road,no slope,2022-03-16T09:00:00Z
6539065,16.03.2022 16:08,12.07.2022 13:59,Bangkok,department of highways,4-wheel pickup truck,speeding,rear-end collision,4,0,0,clear,13.73191511,100.7103771,straight road,no slope,2022-03-16T09:08:00Z
6154472,16.03.2022 16:10,6.05.2022 10:57,Nakhon Sawan,department of highways,4-wheel pickup truck,cutting in closely by people/vehicles/animals,rear-end collision,3,0,1,clear,15.67704776,100.1255751,straight road,no slope,2022-03-16T09:10:00Z
5970219,16.03.2022 16:31,24.03.2022 16:11,Phra Nakhon Si Ayutthaya,department of highways,private/passenger car,speeding,rear-end collision,6,0,0,clear,14.25973511,100.7753375,straight road,no slope,2022-03-16T09:31:00Z
7007905,16.03.2022 16:36,30.09.2022 11:13,Buri Ram,department of highways,4-wheel pickup truck,speeding,rollover/fallen on straight road,1,0,0,rainy,14.95599793,103.0702489,straight road,no slope,2022-03-16T09:36:00Z
6183968,16.03.2022 17:00,11.05.2022 10:12,Chaiyaphum,department of highways,motorcycle,speeding,side collision,2,0,2,clear,15.63688185,101.9385418,straight road,no slope,2022-03-16T10:00:00Z
6183969,16.03.2022 17:00,11.05.2022 10:10,Chaiyaphum,department of highways,4-wheel pickup truck,speeding,collision at intersection corner,2,0,1,clear,15.72891188,102.0213416,straight road,no slope,2022-03-16T10:00:00Z
6686993,16.03.2022 17:30,9.08.2022 12:28,Loburi,department of highways,7-10-wheel truck,speeding,head-on collision (not overtaking),2,0,4,rainy,15.078878,101.0116911,straight road,no slope,2022-03-16T10:30:00Z
6539056,16.03.2022 17:32,12.07.2022 13:58,Chon Buri,department of highways,private/passenger car,speeding,rollover/fallen on straight road,1,0,0,clear,13.35390605,101.0335913,straight road,no slope,2022-03-16T10:32:00Z
5921784,16.03.2022 18:34,16.03.2022 19:47,Bangkok,expressway authority of thailand,other,other,rear-end collision,5,0,1,clear,13.74415536,100.55018,straight road,other,2022-03-16T11:34:00Z
6148275,16.03.2022 18:45,3.05.2022 08:47,Mae Hong Son,department of highways,private/passenger car,unfamiliarity with the route/unskilled driving,rollover/fallen on straight road,1,0,1,clear,19.24528089,97.97227888,straight road,no slope,2022-03-16T11:45:00Z
6590892,16.03.2022 20:30,22.07.2022 09:31,Samut Prakan,department of highways,private/passenger car,speeding,rollover/fallen on straight road,1,0,1,clear,13.6022562,100.6993988,other,other,2022-03-16T13:30:00Z
6155088,16.03.2022 21:30,6.05.2022 13:51,Nakhon Sawan,department of highways,large truck with trailer,speeding,other,2,0,0,clear,15.36609978,100.505813,connecting to public/commercial area,other,2022-03-16T14:30:00Z
6238363,16.03.2022 22:40,20.05.2022 09:14,Tak,department of highways,4-wheel pickup truck,vehicle equipment failure,rollover/fallen on straight road,1,0,0,clear,16.73021048,99.22260939,straight road,no slope,2022-03-16T15:40:00Z
5927103,16.03.2022 22:45,17.03.2022 14:58,Ubon Ratchathani,department of highways,large truck with trailer,speeding,rollover/fallen on straight road,1,0,0,clear,15.61922929,105.0290501,straight road,no slope,2022-03-16T15:45:00Z
6122905,16.03.2022 23:30,19.04.2022 13:39,Phatthalung,department of highways,large truck with trailer,speeding,rollover/fallen on straight road,1,0,0,clear,7.674996098,100.0150198,straight road,no slope,2022-03-16T16:30:00Z
6943194,16.03.2022 23:40,20.09.2022 09:09,Nakhon Ratchasima,department of highways,4-wheel pickup truck,speeding,rollover/fallen on straight road,1,0,0,clear,14.88355756,102.0714345,straight road,no slope,2022-03-16T16:40:00Z
5931971,17.03.2022 00:27,18.03.2022 10:13,Chon Buri,department of highways,private/passenger car,speeding,rear-end collision,2,0,1,clear,13.43049603,101.046482,straight road,no slope,2022-03-16T17:27:00Z
6220524,17.03.2022 01:00,17.05.2022 15:06,Lampang,department of highways,private/passenger car,speeding,rollover/fallen on straight road,1,0,0,clear,18.35327301,99.5603907,straight road,no slope,2022-03-16T18:00:00Z
6566169,17.03.2022 01:00,18.03.2022 09:14,Nonthaburi,department of rural roads,private/passenger car,cutting in closely by people/vehicles/animals,pedestrian collision,1,1,0,clear,13.803041,100.449885,straight road,no slope,2022-03-16T18:00:00Z