acc_code,incident_datetime,report_datetime,province_en,agency,vehicle_type,presumed_cause,accident_type,number_of_vehicles_involved,number_of_fatalities,number_of_injuries,weather_condition,latitude,longitude,road_description,slope_description,incident_time
6590764,17.03.2022 01:20,22.07.2022 09:03,Phra Nakhon Si Ayutthaya,department of highways,large truck with trailer,speeding,rear-end collision,2,0,1,clear,14.2040403,100.6635269,straight road,no slope,2022-03-16T18:20:00Z
6170063,17.03.2022 01:30,9.05.2022 08:32,Loburi,department of highways,4-wheel pickup truck,speeding,rollover/fallen on straight road,1,0,1,clear,14.82104489,100.6483483,straight road,no slope,2022-03-16T18:30:00Z
7542848,17.03.2022 01:50,3.01.2023 14:50,Sa Kaeo,department of highways,4-wheel pickup truck,speeding,rollover/fallen on straight road,1,0,1,foggy,13.8484138,102.0358229,straight road,no slope,2022-03-16T18:50:00Z
6367567,17.03.2022 02:00,14.06.2022 07:41,Phetchabun,department of highways,4-wheel pickup truck,vehicle equipment failure,rollover/fallen on straight road,1,0,0,rainy,16.78112762,101.2042388,straight road,no slope,2022-03-16T19:00:00Z
5956107,17.03.2022 03:50,22.03.2022 10:36,Narathiwat,department of highways,4-wheel pickup truck,speeding,collision with obstruction (on road surface),1,0,0,clear,6.406867842,101.7792293,straight road,no slope,2022-03-16T20:50:00Z
6238706,17.03.2022 04:00,20.05.2022 10:05,Samut Songkhram,department of highways,6-wheel truck,speeding,rear-end collision,2,0,3,clear,13.43908684,100.062055,straight road,no slope,2022-03-16T21:00:00Z
7455850,17.03.2022 04:20,13.12.2022 11:29,Prachuap Khiri Khan,department of highways,van,falling asleep,rollover/fallen on straight road,1,0,0,clear,11.16378714,99.39563064,straight road,no slope,2022-03-16T21:20:00Z
7378536,17.03.2022 04:30,24.11.2022 09:50,Chiang Mai,department of highways,motorcycle,speeding,rollover/fallen on straight road,1,0,1,clear,18.84545657,99.01631533,straight road,no slope,2022-03-16T21:30:00Z
7447576,17.03.2022 05:30,9.12.2022 14:33,Chumphon,department of highways,4-wheel pickup truck,speeding,rollover/fallen on straight road,1,0,0,clear,10.17687677,99.09647583,straight road,no slope,2022-03-16T22:30:00Z
6171603,17.03.2022 06:30,9.05.2022 13:53,Saraburi,department of highways,7-10-wheel truck,speeding,rollover/fallen on straight road,1,0,0,clear,14.49240301,100.9158933,straight road,no slope,2022-03-16T23:30:00Z
6579904,17.03.2022 07:50,20.07.2022 13:52,Ang Thong,department of highways,4-wheel pickup truck,speeding,rollover/fallen on curved road,1,0,1,clear,14.52732806,100.4639357,wide curve,no slope,2022-03-17T00:50:00Z
6566171,17.03.2022 09:30,18.03.2022 16:46,Chanthaburi,department of rural roads,passenger pickup truck,speeding,other,1,1,0,clear,12.73403,101.955098,wide curve,no slope,2022-03-17T02:30:00Z
7455890,17.03.2022 09:30,13.12.2022 11:44,Prachuap Khiri Khan,department of highways,4-wheel pickup truck,speeding,rear-end collision,2,1,0,clear,11.98161942,99.83040063,straight road,no slope,2022-03-17T02:30:00Z
7526925,17.03.2022 09:30,31.12.2022 09:06,Yasothon,department of highways,motorcycle,speeding,rear-end collision,2,0,1,clear,16.22277184,104.5417303,other,other,2022-03-17T02:30:00Z
7331262,17.03.2022 10:02,20.05.2022 09:05,Sukhothai,department of highways,motorcycle,speeding,rear-end collision,2,0,1,clear,17.01165126,99.77585523,straight road,no slope,2022-03-17T03:02:00Z
5991793,17.03.2022 10:20,28.03.2022 09:02,Saraburi,department of highways,4-wheel pickup truck,speeding,head-on collision (not overtaking),2,1,0,clear,14.68671342,100.8717951,other,other,2022-03-17T03:20:00Z
6005613,17.03.2022 10:40,30.03.2022 16:23,Suphan Buri,department of highways,motorcycle,speeding,rear-end collision,2,0,2,clear,14.73056766,100.1045063,straight road,no slope,2022-03-17T03:40:00Z
6155089,17.03.2022 11:00,6.05.2022 13:50,Nakhon Sawan,department of highways,other,speeding,rollover/fallen on straight road,1,0,0,clear,15.38491446,100.2539858,straight road,no slope,2022-03-17T04:00:00Z
6238393,17.03.2022 11:00,20.05.2022 09:16,Tak,department of highways,4-wheel pickup truck,speeding,rollover/fallen on straight road,1,0,0,clear,16.88742785,99.17384146,straight road,no slope,2022-03-17T04:00:00Z
6538972,17.03.2022 11:11,12.07.2022 13:53,Chon Buri,department of highways,4-wheel pickup truck,speeding,rear-end collision,2,0,0,clear,13.1173114,100.9805131,straight road,no slope,2022-03-17T04:11:00Z
7513188,17.03.2022 11:18,27.12.2022 19:10,Bangkok,department of highways,private/passenger car,speeding,rear-end collision,3,0,0,clear,13.84521447,100.5602203,straight road,no slope,2022-03-17T04:18:00Z
7544469,17.03.2022 11:18,4.01.2023 14:31,Songkhla,department of highways,4-wheel pickup truck,speeding,rollover/fallen on curved road,1,0,0,clear,6.918084741,100.7267064,wide curve,no slope,2022-03-17T04:18:00Z
6539130,17.03.2022 12:00,12.07.2022 14:00,Bangkok,department of highways,7-10-wheel truck,running red lights/traffic signals,other,1,0,0,clear,13.73244664,100.7860851,other,other,2022-03-17T05:00:00Z
6170044,17.03.2022 12:30,9.05.2022 08:27,Saraburi,department of highways,large truck with trailer,speeding,rear-end collision,2,0,2,clear,14.75775161,100.729689,other,other,2022-03-17T05:30:00Z
6539054,17.03.2022 13:20,12.07.2022 13:57,Samut Prakan,department of highways,7-10-wheel truck,speeding,rear-end collision,2,0,0,clear,13.65358723,100.6891635,straight road,no slope,2022-03-17T06:20:00Z
7447544,17.03.2022 14:30,9.12.2022 14:39,Chumphon,department of highways,7-10-wheel truck,falling asleep,collision with obstruction (on road surface),2,1,0,clear,10.33713243,99.10566239,straight road,slope area,2022-03-17T07:30:00Z
6220522,17.03.2022 15:00,17.05.2022 15:05,Chiang Mai,department of highways,4-wheel pickup truck,speeding,rollover/fallen on straight road,1,0,0,clear,19.05894133,99.36200379,wide curve,no slope,2022-03-17T08:00:00Z
6578210,17.03.2022 15:00,20.07.2022 08:09,Suphan Buri,department of highways,other,speeding,rollover/fallen on straight road,1,0,0,clear,14.50199561,100.0395942,other,other,2022-03-17T08:00:00Z
5933031,17.03.2022 15:15,18.03.2022 14:27,Chon Buri,department of highways,4-wheel pickup truck,speeding,rear-end collision,2,0,0,clear,13.20363542,101.0029042,straight road,no slope,2022-03-17T08:15:00Z
5962454,17.03.2022 15:35,23.03.2022 10:09,Surin,department of highways,motorcycle,cutting in closely by people/vehicles/animals,rear-end collision,2,0,1,clear,14.950867,103.8377791,straight road,no slope,2022-03-17T08:35:00Z
6226086,17.03.2022 16:00,18.05.2022 11:16,Mae Hong Son,department of highways,4-wheel pickup truck,speeding,rollover/fallen on curved road,1,0,0,clear,19.52315852,98.09501676,wide curve,no slope,2022-03-17T09:00:00Z
6538979,17.03.2022 16:17,12.07.2022 13:54,Chon Buri,department of highways,4-wheel pickup truck,speeding,rear-end collision,4,0,0,rainy,13.04186668,100.9963274,straight road,no slope,2022-03-17T09:17:00Z
7446788,17.03.2022 16:30,9.12.2022 11:00,Chachoengsao,department of highways,large truck with trailer,speeding,rollover/fallen on straight road,1,0,1,rainy,13.74646401,101.4441812,straight road,no slope,2022-03-17T09:30:00Z
6566191,17.03.2022 16:50,24.03.2022 13:26,Nonthaburi,department of rural roads,private/passenger car,speeding,other,2,1,0,clear,13.993366,100.38114,straight road,no slope,2022-03-17T09:50:00Z
6148265,17.03.2022 16:59,3.05.2022 08:06,Chiang Mai,department of highways,4-wheel pickup truck,speeding,rollover/fallen on curved road,1,1,1,clear,19.13424184,99.16432767,wide curve,no slope,2022-03-17T09:59:00Z
5962453,17.03.2022 17:00,23.03.2022 10:08,Surin,department of highways,7-10-wheel truck,speeding,rollover/fallen on straight road,3,0,2,clear,15.01227719,103.9586234,straight road,no slope,2022-03-17T10:00:00Z
6238329,17.03.2022 18:00,20.05.2022 09:08,Tak,department of highways,private/passenger car,vehicle equipment failure,rollover/fallen on straight road,1,0,1,clear,16.80963013,99.14064644,straight road,no slope,2022-03-17T11:00:00Z
6099685,17.03.2022 18:10,15.04.2022 13:12,Surat Thani,department of highways,motorcycle,speeding,rear-end collision,2,0,1,clear,9.115134744,99.26849394,straight road,no slope,2022-03-17T11:10:00Z
7438796,17.03.2022 19:00,7.12.2022 10:10,Pathum Thani,department of highways,4-wheel pickup truck,running red lights/traffic signals,head-on collision (not overtaking),2,0,0,clear,14.11844869,100.5698025,other,other,2022-03-17T12:00:00Z
6178136,17.03.2022 19:10,10.05.2022 13:44,Kanchanaburi,department of highways,7-10-wheel truck,speeding,head-on collision (not overtaking),2,0,0,rainy,14.5224311,98.82452934,other,other,2022-03-17T12:10:00Z
5976508,17.03.2022 19:20,25.03.2022 15:17,Si Sa Ket,department of highways,motorcycle,cutting in closely by people/vehicles/animals,rear-end collision,2,1,0,rainy,14.81290799,104.4615027,straight road,no slope,2022-03-17T12:20:00Z
6538746,17.03.2022 19:55,12.07.2022 13:27,Samut Prakan,department of highways,private/passenger car,speeding,rear-end collision,2,0,0,clear,13.64479564,100.8830765,straight road,no slope,2022-03-17T12:55:00Z
7447084,17.03.2022 20:15,9.12.2022 10:11,Chanthaburi,department of highways,7-10-wheel truck,speeding,rear-end collision,2,0,1,clear,12.72455898,101.9366267,other,other,2022-03-17T13:15:00Z
7007572,17.03.2022 20:30,30.09.2022 10:05,Prachuap Khiri Khan,department of highways,4-wheel pickup truck,speeding,rollover/fallen on straight road,1,0,0,clear,11.74089696,99.74854229,straight road,no slope,2022-03-17T13:30:00Z
6943222,17.03.2022 21:00,20.09.2022 09:13,Chanthaburi,department of highways,4-wheel pickup truck,speeding,collision with obstruction (on road surface),1,0,1,clear,13.07073628,102.2604981,other,other,2022-03-17T14:00:00Z
6238304,17.03.2022 21:08,20.05.2022 09:04,Sukhothai,department of highways,motorcycle,speeding,rear-end collision,2,0,2,clear,17.14645983,99.8743674,straight road,no slope,2022-03-17T14:08:00Z
5949236,17.03.2022 21:55,21.03.2022 08:39,Chon Buri,department of highways,private/passenger car,speeding,rear-end collision,2,0,0,clear,13.00447411,100.9939965,straight road,no slope,2022-03-17T14:55:00Z
5930534,17.03.2022 22:08,18.03.2022 02:45,Samut Prakan,expressway authority of thailand,large truck with trailer,other,rear-end collision,2,0,1,clear,13.630982,100.532855,grade-separated intersection/ramps,other,2022-03-17T15:08:00Z
7544432,17.03.2022 22:10,4.01.2023 14:17,Songkhla,department of highways,4-wheel pickup truck,speeding,rollover/fallen on straight road,1,0,1,rainy,7.07113461,100.54349,straight road,no slope,2022-03-17T15:10:00Z
6538735,17.03.2022 22:48,12.07.2022 13:26,Samut Prakan,department of highways,4-wheel pickup truck,vehicle equipment failure,rollover/fallen on straight road,1,0,0,clear,13.62021499,100.9213489,straight road,no slope,2022-03-17T15:48:00Z
6241457,17.03.2022 23:00,23.05.2022 10:27,Phuket,department of highways,4-wheel pickup truck,speeding,rollover/fallen on straight road,1,0,0,clear,7.941540361,98.39436738,straight road,no slope,2022-03-17T16:00:00Z
6154439,17.03.2022 23:11,6.05.2022 10:53,Nakhon Sawan,department of highways,other,speeding,rear-end collision,2,0,1,clear,15.47780425,100.1395681,straight road,no slope,2022-03-17T16:11:00Z
6571974,18.03.2022 02:30,19.07.2022 09:29,Maha Sarakham,department of highways,6-wheel truck,speeding,rollover/fallen on straight road,1,0,1,clear,16.05446665,103.082225,straight road,no slope,2022-03-17T19:30:00Z
6226643,18.03.2022 03:00,18.05.2022 13:29,Phetchabun,department of highways,large truck with trailer,vehicle equipment failure,rollover/fallen on curved road,1,0,1,clear,15.79091404,101.2957236,wide curve,slope area,2022-03-17T20:00:00Z
6609375,18.03.2022 07:40,27.07.2022 14:37,Phrae,department of highways,4-wheel pickup truck,cutting in closely by people/vehicles/animals,other,2,0,1,clear,17.79261174,99.47351931,connecting to private area,other,2022-03-18T00:40:00Z
5962840,18.03.2022 08:30,23.03.2022 11:30,Pathum Thani,department of highways,4-wheel pickup truck,speeding,rollover/fallen on straight road,1,0,0,clear,13.96004126,100.7129842,straight road,no slope,2022-03-18T01:30:00Z
6184376,18.03.2022 08:40,11.05.2022 11:23,Chai Nat,department of highways,4-wheel pickup truck,vehicle equipment failure,rollover/fallen on straight road,1,0,1,clear,15.11103641,100.2847722,straight road,no slope,2022-03-18T01:40:00Z
5992133,18.03.2022 09:30,28.03.2022 10:04,Chai Nat,department of highways,other,speeding,rollover/fallen on straight road,1,0,0,clear,15.02833094,100.1041335,straight road,no slope,2022-03-18T02:30:00Z
6609254,18.03.2022 10:00,27.07.2022 14:05,Phrae,department of highways,large truck with trailer,speeding,rollover/fallen on curved road,1,0,0,rainy,18.55410128,100.1053297,wide curve,slope area,2022-03-18T03:00:00Z
6586115,18.03.2022 10:18,21.07.2022 14:49,Phra Nakhon Si Ayutthaya,department of highways,large truck with trailer,speeding,rollover/fallen on straight road,1,0,0,clear,14.20260758,100.6608528,straight road,no slope,2022-03-18T03:18:00Z
5992191,18.03.2022 10:30,28.03.2022 10:10,Ubon Ratchathani,department of highways,other,speeding,rollover/fallen on curved road,1,0,0,clear,15.49760391,104.9668872,wide curve,no slope,2022-03-18T03:30:00Z
7544372,18.03.2022 11:30,4.01.2023 13:22,Narathiwat,department of highways,6-wheel truck,speeding,collision with obstruction (on road surface),1,0,0,clear,6.40498336,101.7508435,straight road,no slope,2022-03-18T04:30:00Z
6533211,18.03.2022 12:30,11.07.2022 14:48,Phetchabun,department of highways,private/passenger car,speeding,rollover/fallen on curved road,1,0,0,clear,16.76378265,101.140995,wide curve,no slope,2022-03-18T05:30:00Z
6943701,18.03.2022 12:30,20.09.2022 10:46,Chon Buri,department of highways,4-wheel pickup truck,speeding,rollover/fallen on straight road,1,0,0,rainy,13.32740844,101.1875233,wide curve,no slope,2022-03-18T05:30:00Z
6004087,18.03.2022 13:50,30.03.2022 10:42,Kamphaeng Phet,department of highways,4-wheel pickup truck,speeding,rear-end collision,2,0,1,clear,16.48273887,99.52268688,other,other,2022-03-18T06:50:00Z
7542651,18.03.2022 13:50,3.01.2023 14:09,Nakhon Ratchasima,department of highways,4-wheel pickup truck,speeding,rollover/fallen on straight road,1,0,3,clear,14.75716284,102.2660127,straight road,no slope,2022-03-18T06:50:00Z
6170066,18.03.2022 14:00,9.05.2022 08:33,Loburi,department of highways,4-wheel pickup truck,speeding,rollover/fallen on straight road,1,0,0,clear,14.81064942,100.5587652,straight road,no slope,2022-03-18T07:00:00Z
7447146,18.03.2022 15:00,9.12.2022 13:59,Chon Buri,department of highways,4-wheel pickup truck,speeding,rollover/fallen on straight road,1,0,0,rainy,13.15624612,101.3115138,straight road,no slope,2022-03-18T08:00:00Z
6148276,18.03.2022 16:00,3.05.2022 08:46,Mae Hong Son,department of highways,private/passenger car,speeding,rollover/fallen on straight road,1,0,1,clear,18.758528600000002,97.93121962,straight road,no slope,2022-03-18T09:00:00Z
7331267,18.03.2022 16:00,27.07.2022 14:04,Phrae,department of highways,private/passenger car,speeding,rear-end collision,2,0,1,clear,18.43814094,100.1664868,straight road,no slope,2022-03-18T09:00:00Z
7455595,18.03.2022 16:00,13.12.2022 10:15,Phetchaburi,department of highways,4-wheel pickup truck,speeding,rollover/fallen on straight road,1,1,0,rainy,13.12134987,99.89301144,straight road,no slope,2022-03-18T09:00:00Z
5969028,18.03.2022 16:15,24.03.2022 11:40,Bangkok,department of highways,private/passenger car,speeding,rear-end collision,2,0,0,clear,13.73198546,100.7100096,straight road,no slope,2022-03-18T09:15:00Z
6580062,18.03.2022 16:16,20.07.2022 14:26,Samut Prakan,department of highways,private/passenger car,speeding,rollover/fallen on straight road,1,0,0,clear,13.6169226,100.7035026,straight road,no slope,2022-03-18T09:16:00Z
6015501,18.03.2022 16:40,1.04.2022 10:24,Udon Thani,department of highways,motorcycle,speeding,rear-end collision,2,0,1,clear,17.67749527,102.4560821,other,other,2022-03-18T09:40:00Z
7419470,18.03.2022 16:40,30.11.2022 13:40,Chachoengsao,department of highways,4-wheel pickup truck,speeding,rear-end collision,2,0,0,clear,13.68678536,101.2580868,straight road,no slope,2022-03-18T09:40:00Z
7527240,18.03.2022 16:50,31.12.2022 10:24,Mukdahan,department of highways,private/passenger car,speeding,rear-end collision,3,0,0,clear,16.54324819,104.700277,straight road,slope area,2022-03-18T09:50:00Z
5943521,18.03.2022 17:21,20.03.2022 09:10,Bangkok,department of highways,large truck with trailer,speeding,rear-end collision,2,0,0,clear,13.73194638,100.7101974,straight road,no slope,2022-03-18T10:21:00Z
7424661,18.03.2022 18:00,2.12.2022 10:04,Chiang Mai,department of highways,4-wheel pickup truck,speeding,rear-end collision,2,0,1,clear,18.89949092,98.85533719,straight road,no slope,2022-03-18T11:00:00Z
7444314,18.03.2022 18:00,8.12.2022 14:09,Phra Nakhon Si Ayutthaya,department of highways,4-wheel pickup truck,speeding,rollover/fallen on curved road,1,0,1,clear,14.49836532,100.3664213,other,other,2022-03-18T11:00:00Z
6538741,18.03.2022 18:03,12.07.2022 13:28,Samut Prakan,department of highways,private/passenger car,speeding,rear-end collision,2,0,0,clear,13.67236568,100.8402336,straight road,no slope,2022-03-18T11:03:00Z
6225968,18.03.2022 18:30,18.05.2022 10:57,Maha Sarakham,department of highways,4-wheel pickup truck,speeding,rear-end collision,2,0,2,clear,16.18838969,103.2234835,straight road,no slope,2022-03-18T11:30:00Z
6538773,18.03.2022 18:54,12.07.2022 13:31,Bangkok,department of highways,private/passenger car,speeding,rear-end collision,3,0,0,clear,13.7293304,100.736298,straight road,no slope,2022-03-18T11:54:00Z
6031843,18.03.2022 18:55,4.04.2022 10:01,Bangkok,expressway authority of thailand,4-wheel pickup truck,other,rear-end collision,2,0,0,clear,13.778288,100.60723,straight road,other,2022-03-18T11:55:00Z
6238299,18.03.2022 19:00,20.05.2022 09:04,Sukhothai,department of highways,private/passenger car,speeding,rear-end collision,2,0,1,clear,17.03661841,99.6637684,straight road,no slope,2022-03-18T12:00:00Z
6171605,18.03.2022 19:45,9.05.2022 13:54,Saraburi,department of highways,4-wheel pickup truck,speeding,rollover/fallen on straight road,1,0,0,rainy,14.54760803,100.9428897,straight road,no slope,2022-03-18T12:45:00Z
6538770,18.03.2022 20:19,12.07.2022 13:32,Bangkok,department of highways,private/passenger car,speeding,rear-end collision,4,0,0,clear,13.72979419,100.7554006,straight road,no slope,2022-03-18T13:19:00Z
6602559,18.03.2022 20:30,26.07.2022 14:27,Nan,department of highways,4-wheel pickup truck,speeding,collision with obstruction (on road surface),1,0,0,clear,19.18073719,100.8870408,straight road,no slope,2022-03-18T13:30:00Z
6241459,18.03.2022 21:00,23.05.2022 10:27,Phuket,department of highways,private/passenger car,speeding,rollover/fallen on straight road,1,0,1,clear,7.80193175,98.33560823,straight road,no slope,2022-03-18T14:00:00Z
6538975,18.03.2022 21:06,12.07.2022 13:51,Bangkok,department of highways,4-wheel pickup truck,speeding,rear-end collision,3,0,4,clear,13.81224326,100.6774717,straight road,no slope,2022-03-18T14:06:00Z
6233488,18.03.2022 21:50,19.05.2022 14:07,Surat Thani,department of highways,4-wheel pickup truck,speeding,rollover/fallen on straight road,1,0,0,clear,9.05116107,99.16563927,straight road,no slope,2022-03-18T14:50:00Z
6225714,18.03.2022 22:20,18.05.2022 10:18,Chiang Mai,department of highways,motorcycle,speeding,rear-end collision,2,0,1,clear,18.86511551,99.01505469,straight road,no slope,2022-03-18T15:20:00Z
6566174,18.03.2022 23:30,21.03.2022 09:20,Chiang Mai,department of rural roads,4-wheel pickup truck,speeding,other,1,1,0,clear,18.684619,98.897821,straight road,no slope,2022-03-18T16:30:00Z
5943718,19.03.2022 00:33,20.03.2022 09:58,Bangkok,department of highways,van,speeding,rear-end collision,2,0,0,clear,13.73460923,100.6856552,straight road,no slope,2022-03-18T17:33:00Z
6241501,19.03.2022 02:00,23.05.2022 11:24,Phra Nakhon Si Ayutthaya,department of highways,4-wheel pickup truck,speeding,rollover/fallen on straight road,1,0,0,clear,14.21720477,100.6881872,straight road,no slope,2022-03-18T19:00:00Z
6176544,19.03.2022 02:30,10.05.2022 09:10,Sing Buri,department of highways,4-wheel pickup truck,speeding,rollover/fallen on straight road,1,0,0,rainy,14.76545744,100.4511657,straight road,no slope,2022-03-18T19:30:00Z
6538816,19.03.2022 02:39,12.07.2022 13:43,Chon Buri,department of highways,4-wheel pickup truck,speeding,rear-end collision,2,0,2,clear,13.00404551,100.9938383,straight road,no slope,2022-03-18T19:39:00Z
6238714,19.03.2022 02:50,20.05.2022 10:09,Phetchaburi,department of highways,large truck with trailer,speeding,rear-end collision,2,0,0,clear,13.26269855,99.82251494,straight road,no slope,2022-03-18T19:50:00Z
6144675,19.03.2022 03:30,26.04.2022 10:20,Chiang Mai,department of highways,private/passenger car,speeding,rollover/fallen on straight road,1,0,0,clear,18.77238991,99.02833699,straight road,no slope,2022-03-18T20:30:00Z
7310084,19.03.2022 03:30,14.11.2022 09:53,Maha Sarakham,department of highways,4-wheel pickup truck,speeding,rollover/fallen on straight road,1,0,1,clear,16.40988402,103.098042,other,other,2022-03-18T20:30:00Z
6538869,19.03.2022 05:30,12.07.2022 13:45,Pathum Thani,department of highways,7-10-wheel truck,falling asleep,collision with obstruction (on road surface),2,1,0,clear,13.95185471,100.7125524,straight road,no slope,2022-03-18T22:30:00Z
7542684,19.03.2022 05:30,3.01.2023 14:18,Buri Ram,department of highways,4-wheel pickup truck,falling asleep,rollover/fallen on straight road,1,0,1,clear,15.20471805,103.2154128,straight road,no slope,2022-03-18T22:30:00Z
6220268,19.03.2022 06:00,17.05.2022 14:25,Lampang,department of highways,large truck with trailer,speeding,rollover/fallen on straight road,2,0,0,clear,17.77636299,99.25027369,straight road,no slope,2022-03-18T23:00:00Z
6602357,19.03.2022 06:00,26.07.2022 14:02,Nan,department of highways,4-wheel pickup truck,speeding,rollover/fallen on straight road,1,0,0,clear,18.69904004,100.747979,wide curve,no slope,2022-03-18T23:00:00Z
7542643,19.03.2022 06:15,3.01.2023 14:08,Nakhon Ratchasima,department of highways,large truck with trailer,vehicle equipment failure,rollover/fallen on straight road,1,0,0,clear,15.03710728,102.3452586,straight road,no slope,2022-03-18T23:15:00Z
6591466,19.03.2022 08:15,22.07.2022 11:33,Rayong,department of highways,7-10-wheel truck,speeding,rollover/fallen on straight road,1,0,0,clear,12.73554473,101.207428,straight road,no slope,2022-03-19T01:15:00Z
6943934,19.03.2022 10:00,20.09.2022 11:22,Tak,department of highways,motorcycle,speeding,head-on collision (not overtaking),2,1,1,clear,16.22825224,98.89069675,wide curve,no slope,2022-03-19T03:00:00Z
7446513,19.03.2022 10:30,9.12.2022 09:56,Bangkok,department of highways,4-wheel pickup truck,speeding,rollover/fallen on straight road,1,0,1,clear,13.67912868,100.4067269,straight road,no slope,2022-03-19T03:30:00Z
7542510,19.03.2022 10:50,3.01.2023 13:44,Nakhon Ratchasima,department of highways,private/passenger car,falling asleep,rollover/fallen on straight road,1,0,0,clear,14.74430532,101.5076007,straight road,no slope,2022-03-19T03:50:00Z
6238297,19.03.2022 11:00,20.05.2022 09:02,Tak,department of highways,4-wheel pickup truck,vehicle equipment failure,rear-end collision,2,0,0,clear,16.76760926,98.64617048,straight road,slope area,2022-03-19T04:00:00Z
7455831,19.03.2022 11:15,13.12.2022 11:30,Prachuap Khiri Khan,department of highways,4-wheel pickup truck,speeding,rollover/fallen on curved road,1,0,0,rainy,11.110039950000001,99.36704634,wide curve,no slope,2022-03-19T04:15:00Z
6567739,19.03.2022 11:55,18.07.2022 13:20,Suphan Buri,department of highways,4-wheel pickup truck,speeding,rollover/fallen on straight road,1,0,1,clear,14.52505616,100.1308107,straight road,no slope,2022-03-19T04:55:00Z
7542509,19.03.2022 12:15,3.01.2023 13:44,Nakhon Ratchasima,department of highways,4-wheel pickup truck,speeding,rollover/fallen on straight road,1,0,0,clear,14.73360138,101.5075336,straight road,no slope,2022-03-19T05:15:00Z
5992158,19.03.2022 12:20,28.03.2022 10:08,Suphan Buri,department of highways,7-10-wheel truck,debris/obstruction on the road,collision with obstruction (on road surface),2,0,1,clear,14.79710267,100.1710868,straight road,no slope,2022-03-19T05:20:00Z
6171552,19.03.2022 13:50,9.05.2022 13:43,Saraburi,department of highways,4-wheel pickup truck,vehicle equipment failure,rollover/fallen on straight road,1,0,0,clear,14.32506836,101.0090035,straight road,no slope,2022-03-19T06:50:00Z
6566199,19.03.2022 14:20,28.03.2022 15:17,Chumphon,department of rural roads,4-wheel pickup truck,speeding,other,1,0,2,clear,10.075273,99.137354,sharp curve,no slope,2022-03-19T07:20:00Z
6918323,19.03.2022 14:25,16.09.2022 13:19,Kanchanaburi,department of highways,4-wheel pickup truck,speeding,rollover/fallen on straight road,1,1,0,clear,14.24338583,99.23200248,straight road,no slope,2022-03-19T07:25:00Z
6579983,19.03.2022 14:50,20.07.2022 14:08,Uthai Thani,department of highways,private/passenger car,speeding,rear-end collision,2,0,3,clear,15.39910128,100.0277281,straight road,no slope,2022-03-19T07:50:00Z
6144623,19.03.2022 16:01,26.04.2022 09:20,Chiang Mai,department of highways,4-wheel pickup truck,speeding,rear-end collision,4,0,2,clear,18.38620199,98.67867617,straight road,no slope,2022-03-19T09:01:00Z
7518348,19.03.2022 16:53,29.12.2022 11:39,Samut Prakan,expressway authority of thailand,6-wheel truck,other,side collision,2,1,0,clear,13.632354,100.577381,straight road,other,2022-03-19T09:53:00Z
7447445,19.03.2022 17:40,9.12.2022 14:36,Chumphon,department of highways,large truck with trailer,speeding,rollover/fallen on straight road,1,0,1,rainy,10.03715021,99.06907974,straight road,no slope,2022-03-19T10:40:00Z
7527285,19.03.2022 17:45,31.12.2022 10:30,Yasothon,department of highways,private/passenger car,speeding,rear-end collision,2,0,1,clear,16.247932,104.5187545,straight road,no slope,2022-03-19T10:45:00Z
6566624,19.03.2022 17:50,18.07.2022 09:51,Nakhon Si Thammarat,department of highways,6-wheel truck,vehicle equipment failure,rollover/fallen on curved road,1,0,0,rainy,8.772136864,99.71937864,wide curve,slope area,2022-03-19T10:50:00Z
6368112,19.03.2022 18:00,14.06.2022 09:47,Kalasin,department of highways,4-wheel pickup truck,speeding,rollover/fallen on straight road,1,2,5,clear,16.39357083,103.5182208,straight road,no slope,2022-03-19T11:00:00Z
6226657,19.03.2022 18:10,18.05.2022 13:34,Phatthalung,department of highways,motorcycle,speeding,collision with obstruction (on road surface),3,0,1,rainy,7.587139502,100.0537723,straight road,no slope,2022-03-19T11:10:00Z
7378495,19.03.2022 18:45,24.11.2022 09:45,Chiang Mai,department of highways,private/passenger car,speeding,rear-end collision,2,0,1,clear,18.96487986,98.94471108,straight road,no slope,2022-03-19T11:45:00Z
6011036,19.03.2022 19:00,31.03.2022 15:34,Si Sa Ket,department of highways,large truck with trailer,speeding,rear-end collision,2,1,2,clear,14.68647471,104.407888,straight road,no slope,2022-03-19T12:00:00Z
6116180,19.03.2022 19:45,18.04.2022 10:34,Chon Buri,department of highways,private/passenger car,speeding,rollover/fallen on straight road,1,0,1,clear,13.31545186,101.2672412,straight road,no slope,2022-03-19T12:45:00Z
6584539,19.03.2022 20:00,21.07.2022 08:43,Bangkok,department of highways,private/passenger car,speeding,rollover/fallen on straight road,1,0,1,clear,13.82999586,100.5576038,other,other,2022-03-19T13:00:00Z
7544499,19.03.2022 20:00,4.01.2023 14:53,Satun,department of highways,4-wheel pickup truck,speeding,head-on collision (not overtaking),3,2,7,clear,6.862348888,99.99961852,straight road,no slope,2022-03-19T13:00:00Z
6567698,19.03.2022 20:05,18.07.2022 13:09,Suphan Buri,department of highways,motorcycle,speeding,rollover/fallen on curved road,1,0,1,clear,14.65247276,100.1276055,wide curve,no slope,2022-03-19T13:05:00Z
6585232,19.03.2022 21:20,21.07.2022 11:09,Pathum Thani,department of highways,4-wheel pickup truck,speeding,rollover/fallen on straight road,1,0,0,clear,14.04649106,100.465824,straight road,no slope,2022-03-19T14:20:00Z