acc_code,incident_datetime,report_datetime,province_en,agency,vehicle_type,presumed_cause,accident_type,number_of_vehicles_involved,number_of_fatalities,number_of_injuries,weather_condition,latitude,longitude,road_description,slope_description,incident_time
6538870,19.03.2022 22:09,12.07.2022 13:49,Bangkok,department of highways,private/passenger car,speeding,rollover/fallen on straight road,1,0,0,clear,13.73760815,100.6595278,straight road,no slope,2022-03-19T15:09:00Z
5943957,20.03.2022 00:02,20.03.2022 10:51,Chon Buri,department of highways,large truck with trailer,speeding,rear-end collision,2,0,1,clear,13.25526847,100.9914109,straight road,no slope,2022-03-19T17:02:00Z
5941827,20.03.2022 00:14,20.03.2022 00:59,Bangkok,expressway authority of thailand,other,other,collision with obstruction (on road surface),1,0,1,rainy,13.72626288,100.5524935,straight road,other,2022-03-19T17:14:00Z
6178259,20.03.2022 00:30,10.05.2022 14:04,Kanchanaburi,department of highways,private/passenger car,running red lights/traffic signals,collision with obstruction (on road surface),2,0,0,clear,13.99908797,99.5700386,straight road,no slope,2022-03-19T17:30:00Z
6538879,20.03.2022 00:55,12.07.2022 13:48,Bangkok,department of highways,private/passenger car,speeding,rear-end collision,3,0,0,clear,13.81459264,100.6768441,straight road,no slope,2022-03-19T17:55:00Z
7378510,20.03.2022 01:10,24.11.2022 09:47,Chiang Mai,department of highways,private/passenger car,speeding,rear-end collision,2,0,1,clear,18.91830621,98.94332437,straight road,no slope,2022-03-19T18:10:00Z
6225917,20.03.2022 01:30,18.05.2022 10:53,Chiang Mai,department of highways,motorcycle,speeding,rear-end collision,2,0,0,clear,18.87889444,99.01484279,straight road,no slope,2022-03-19T18:30:00Z
7542440,20.03.2022 01:30,3.01.2023 13:25,Nakhon Ratchasima,department of highways,van,speeding,rollover/fallen on straight road,1,0,0,clear,14.65791696,101.3424852,straight road,no slope,2022-03-19T18:30:00Z
6004051,20.03.2022 02:00,30.03.2022 10:39,Kamphaeng Phet,department of highways,6-wheel truck,speeding,rollover/fallen on curved road,1,0,1,clear,16.0830038,99.87366735,wide curve,no slope,2022-03-19T19:00:00Z
6609469,20.03.2022 02:00,27.07.2022 14:54,Chiang Mai,department of highways,motorcycle,speeding,rear-end collision,3,0,2,clear,18.86803434,98.96390496,straight road,no slope,2022-03-19T19:00:00Z
6241456,20.03.2022 02:30,23.05.2022 10:27,Phuket,department of highways,4-wheel pickup truck,speeding,rollover/fallen on straight road,1,0,0,clear,7.992196407,98.38096707,straight road,no slope,2022-03-19T19:30:00Z
7559446,20.03.2022 02:40,13.01.2023 14:47,Si Sa Ket,department of highways,4-wheel pickup truck,speeding,rollover/fallen on straight road,1,0,0,clear,15.10930664,104.6639612,straight road,no slope,2022-03-19T19:40:00Z
6591420,20.03.2022 03:00,22.07.2022 11:21,Rayong,department of highways,private/passenger car,speeding,rollover/fallen on straight road,1,0,0,clear,12.83192103,101.1271521,straight road,no slope,2022-03-19T20:00:00Z
6584996,20.03.2022 03:50,21.07.2022 10:20,Samut Prakan,department of highways,private/passenger car,falling asleep,rollover/fallen on straight road,1,0,0,clear,13.62513653,100.7289058,straight road,no slope,2022-03-19T20:50:00Z
6225920,20.03.2022 04:00,18.05.2022 10:54,Chiang Mai,department of highways,motorcycle,speeding,rear-end collision,2,0,0,clear,18.8867009,99.01328711,straight road,no slope,2022-03-19T21:00:00Z
6784252,20.03.2022 04:24,25.08.2022 15:00,Nakhon Si Thammarat,department of highways,4-wheel pickup truck,speeding,rollover/fallen on straight road,1,0,0,clear,8.460004085,99.35287355,straight road,no slope,2022-03-19T21:24:00Z
7446523,20.03.2022 05:30,9.12.2022 09:49,Bangkok,department of highways,4-wheel pickup truck,speeding,rear-end collision,2,0,0,clear,13.69358965,100.4076978,straight road,no slope,2022-03-19T22:30:00Z
6585185,20.03.2022 06:00,21.07.2022 10:59,Samut Prakan,department of highways,4-wheel pickup truck,falling asleep,rollover/fallen on straight road,1,0,1,clear,13.65523969,100.6907728,straight road,no slope,2022-03-19T23:00:00Z
7567868,20.03.2022 06:00,24.01.2023 06:55,Nakhon Pathom,department of highways,7-10-wheel truck,speeding,rollover/fallen on straight road,2,0,0,clear,13.83001292,100.0360566,straight road,no slope,2022-03-19T23:00:00Z
7455586,20.03.2022 06:35,13.12.2022 10:13,Phetchaburi,department of highways,4-wheel pickup truck,speeding,rollover/fallen on straight road,1,0,0,clear,12.85542032,99.92387293,straight road,no slope,2022-03-19T23:35:00Z
6146427,20.03.2022 06:40,28.04.2022 14:19,Nakhon Pathom,department of highways,4-wheel pickup truck,speeding,rollover/fallen on straight road,1,0,1,clear,13.72357201,100.2988699,straight road,no slope,2022-03-19T23:40:00Z
7521659,20.03.2022 07:20,30.12.2022 11:00,buogkan,department of highways,4-wheel pickup truck,speeding,rollover/fallen on straight road,1,1,3,clear,18.33469296,103.6946726,straight road,no slope,2022-03-20T00:20:00Z
6171630,20.03.2022 07:25,9.05.2022 13:56,Saraburi,department of highways,7-10-wheel truck,speeding,rollover/fallen on curved road,1,0,1,clear,14.69850543,101.0948074,other,other,2022-03-20T00:25:00Z
7331269,20.03.2022 08:05,21.03.2022 12:28,Sukhothai,department of highways,motorcycle,speeding,rear-end collision,2,0,1,clear,17.01171025,99.77521418,straight road,no slope,2022-03-20T01:05:00Z
7542862,20.03.2022 08:05,3.01.2023 14:54,Sa Kaeo,department of highways,private/passenger car,speeding,rollover/fallen on straight road,1,0,2,clear,13.90935291,101.951513,straight road,no slope,2022-03-20T01:05:00Z
5944083,20.03.2022 08:38,20.03.2022 11:20,Chon Buri,department of highways,motorcycle,speeding,rear-end collision,2,0,1,clear,13.10400699,100.9155688,straight road,no slope,2022-03-20T01:38:00Z
6237861,20.03.2022 10:00,20.05.2022 07:19,Tak,department of highways,other,speeding,rollover/fallen on curved road,1,0,0,clear,16.74175632,98.84897231,wide curve,no slope,2022-03-20T03:00:00Z
6242316,20.03.2022 10:00,24.05.2022 13:59,Chiang Mai,department of highways,other,speeding,rollover/fallen on curved road,1,0,0,clear,18.80672844,98.97152244,wide curve,no slope,2022-03-20T03:00:00Z
6609141,20.03.2022 10:30,27.07.2022 13:45,Phrae,department of highways,private/passenger car,speeding,rollover/fallen on straight road,1,0,0,clear,18.29335294,100.2693924,wide curve,no slope,2022-03-20T03:30:00Z
6609370,20.03.2022 10:30,27.07.2022 14:30,Phrae,department of highways,private/passenger car,cutting in closely by people/vehicles/animals,rear-end collision,2,0,0,clear,18.08525597,99.83977227,other,other,2022-03-20T03:30:00Z
6209703,20.03.2022 11:59,15.05.2022 13:40,Surat Thani,department of highways,4-wheel pickup truck,cutting in closely by people/vehicles/animals,other,2,0,0,clear,8.542066593,99.10714834,connecting to public/commercial area,other,2022-03-20T04:59:00Z
6591467,20.03.2022 12:30,22.07.2022 11:31,Rayong,department of highways,private/passenger car,speeding,rollover/fallen on straight road,1,0,0,clear,12.69911646,101.2559706,straight road,no slope,2022-03-20T05:30:00Z
7455457,20.03.2022 13:30,13.12.2022 10:09,Phetchaburi,department of highways,6-wheel truck,speeding,rollover/fallen on straight road,1,0,0,rainy,12.83272652,99.93385075,straight road,no slope,2022-03-20T06:30:00Z
7331271,20.03.2022 13:45,23.03.2022 10:08,Surin,department of highways,van,speeding,head-on collision (not overtaking),2,1,0,clear,14.90977886,103.5082269,straight road,no slope,2022-03-20T06:45:00Z
6238292,20.03.2022 14:30,20.05.2022 09:01,Tak,department of highways,4-wheel pickup truck,cutting in closely by people/vehicles/animals,pedestrian collision,1,1,0,clear,16.61195841,98.61610024,wide curve,no slope,2022-03-20T07:30:00Z
6538818,20.03.2022 15:10,12.07.2022 13:41,Bangkok,department of highways,private/passenger car,speeding,rear-end collision,3,0,0,rainy,13.73705058,100.7028535,straight road,no slope,2022-03-20T08:10:00Z
5992228,20.03.2022 16:24,28.03.2022 10:15,Kanchanaburi,department of highways,4-wheel pickup truck,speeding,rollover/fallen on curved road,1,0,3,rainy,14.25134095,99.23278569,wide curve,no slope,2022-03-20T09:24:00Z
6566187,20.03.2022 16:30,24.03.2022 11:21,Suphan Buri,department of rural roads,private/passenger car,speeding,other,2,0,1,clear,14.403791,99.892859,four-way intersection,other,2022-03-20T09:30:00Z
6538716,20.03.2022 16:45,12.07.2022 13:24,Pathum Thani,department of highways,4-wheel pickup truck,falling asleep,rollover/fallen on straight road,1,0,0,clear,13.96826134,100.7128715,straight road,no slope,2022-03-20T09:45:00Z
6902878,20.03.2022 17:08,14.09.2022 10:11,Chiang Mai,department of highways,private/passenger car,speeding,rear-end collision,2,0,0,clear,18.87327793,99.13413404,straight road,no slope,2022-03-20T10:08:00Z
6238335,20.03.2022 17:10,20.05.2022 09:07,Tak,department of highways,4-wheel pickup truck,speeding,rollover/fallen on curved road,1,0,0,rainy,16.74109877,98.8512039,wide curve,no slope,2022-03-20T10:10:00Z
6233284,20.03.2022 17:12,19.05.2022 13:26,Surat Thani,department of highways,4-wheel pickup truck,speeding,rollover/fallen on straight road,1,0,2,rainy,9.5747812,99.12935434,straight road,no slope,2022-03-20T10:12:00Z
6538820,20.03.2022 17:13,12.07.2022 13:40,Bangkok,department of highways,4-wheel pickup truck,speeding,rear-end collision,5,0,4,rainy,13.74132875,100.6427774,straight road,no slope,2022-03-20T10:13:00Z
6584998,20.03.2022 18:28,21.07.2022 10:22,Pathum Thani,department of highways,private/passenger car,driving under the influence of alcohol,rear-end collision,2,0,1,clear,13.94059872,100.7651237,straight road,no slope,2022-03-20T11:28:00Z
6226182,20.03.2022 18:30,18.05.2022 11:38,Mae Hong Son,department of highways,motorcycle,speeding,rollover/fallen on curved road,1,1,0,clear,19.48123886,98.00221501,wide curve,no slope,2022-03-20T11:30:00Z
7446317,20.03.2022 19:10,9.12.2022 09:52,Bangkok,department of highways,private/passenger car,speeding,rear-end collision,2,0,1,clear,13.69360789,100.4075798,straight road,no slope,2022-03-20T12:10:00Z
7521420,20.03.2022 19:30,30.12.2022 10:02,Sakon Nakhon,department of highways,private/passenger car,falling asleep,rollover/fallen on straight road,1,0,0,clear,17.75290671,103.6244202,straight road,no slope,2022-03-20T12:30:00Z
6032819,20.03.2022 20:57,4.04.2022 13:48,Bangkok,expressway authority of thailand,other,other,rear-end collision,2,0,0,clear,13.81235232,100.5500908,straight road,other,2022-03-20T13:57:00Z
6238277,20.03.2022 21:30,20.05.2022 08:56,Tak,department of highways,large truck with trailer,speeding,rollover/fallen on curved road,1,0,0,clear,16.80017085,98.59508245,wide curve,no slope,2022-03-20T14:30:00Z
6687558,20.03.2022 21:30,9.08.2022 14:11,Loburi,department of highways,private/passenger car,falling asleep,rollover/fallen on straight road,1,0,0,clear,15.27852652,101.1239362,other,other,2022-03-20T14:30:00Z
6657896,20.03.2022 22:40,4.08.2022 14:25,Chaiyaphum,department of highways,4-wheel pickup truck,speeding,rollover/fallen on straight road,1,0,0,clear,15.66516307,101.9563758,straight road,no slope,2022-03-20T15:40:00Z
6903063,20.03.2022 22:40,14.09.2022 10:48,Chaiyaphum,department of highways,6-wheel truck,speeding,rollover/fallen on straight road,1,0,0,clear,15.85094144,102.0690018,straight road,no slope,2022-03-20T15:40:00Z
7331274,20.03.2022 22:40,18.07.2022 10:03,Nakhon Si Thammarat,department of highways,4-wheel pickup truck,speeding,rollover/fallen on straight road,1,0,1,clear,8.185465349,99.61436211,straight road,no slope,2022-03-20T15:40:00Z
6590840,20.03.2022 23:30,22.07.2022 09:23,Samut Prakan,department of highways,private/passenger car,falling asleep,rollover/fallen on straight road,1,0,1,clear,13.60731368,100.7699811,straight road,no slope,2022-03-20T16:30:00Z
7455590,21.03.2022 00:01,13.12.2022 11:05,Prachuap Khiri Khan,department of highways,private/passenger car,speeding,rollover/fallen on curved road,1,0,0,clear,12.58121416,99.93183641,wide curve,no slope,2022-03-20T17:01:00Z
6566178,21.03.2022 02:00,22.03.2022 13:36,Nonthaburi,department of rural roads,motorcycle,abrupt lane change,other,1,1,0,clear,13.838876,100.447321,y-intersection,other,2022-03-20T19:00:00Z
6607751,21.03.2022 02:00,27.07.2022 08:58,Uttaradit,department of highways,4-wheel pickup truck,speeding,rollover/fallen on straight road,1,0,0,clear,17.24142014,100.2483827,straight road,no slope,2022-03-20T19:00:00Z
6227080,21.03.2022 02:10,18.05.2022 14:51,Loei,department of highways,4-wheel pickup truck,speeding,rollover/fallen on straight road,1,0,0,clear,17.30389154,101.778076,straight road,no slope,2022-03-20T19:10:00Z
6578225,21.03.2022 02:30,20.07.2022 08:12,Suphan Buri,department of highways,private/passenger car,speeding,rollover/fallen on curved road,1,0,1,foggy,14.81213785,100.1190546,wide curve,no slope,2022-03-20T19:30:00Z
6918456,21.03.2022 02:30,16.09.2022 13:38,Buri Ram,department of highways,motorcycle,speeding,rear-end collision,2,1,0,clear,14.31756806,102.7502936,straight road,no slope,2022-03-20T19:30:00Z
7455530,21.03.2022 02:45,13.12.2022 10:08,Phetchaburi,department of highways,4-wheel pickup truck,speeding,collision with obstruction (on road surface),2,0,0,rainy,12.77393486,99.96643959,straight road,no slope,2022-03-20T19:45:00Z
6585101,21.03.2022 03:00,21.07.2022 10:43,Samut Prakan,department of highways,private/passenger car,speeding,rollover/fallen on straight road,1,0,2,clear,13.65747857,100.6921112,straight road,no slope,2022-03-20T20:00:00Z
7331277,21.03.2022 03:00,18.05.2022 10:55,Chiang Mai,department of highways,motorcycle,speeding,rollover/fallen on straight road,1,0,1,clear,18.89567178,99.00891779,straight road,no slope,2022-03-20T20:00:00Z
6284054,21.03.2022 03:44,31.05.2022 15:39,Si Sa Ket,department of highways,private/passenger car,falling asleep,rollover/fallen on straight road,1,0,0,clear,14.78322311,104.6712032,wide curve,no slope,2022-03-20T20:44:00Z
7447666,21.03.2022 04:50,9.12.2022 14:18,Chon Buri,department of highways,large truck with trailer,speeding,rollover/fallen on straight road,1,0,0,rainy,13.06302603,101.1037847,straight road,no slope,2022-03-20T21:50:00Z
7542755,21.03.2022 05:00,3.01.2023 14:32,Prachin Buri,department of highways,6-wheel truck,speeding,rollover/fallen on curved road,1,0,0,clear,14.3150809,101.8390292,wide curve,slope area,2022-03-20T22:00:00Z
6579293,21.03.2022 05:15,20.07.2022 11:23,Phra Nakhon Si Ayutthaya,department of highways,4-wheel pickup truck,speeding,rollover/fallen on straight road,1,0,0,clear,14.46601471,100.3082657,straight road,no slope,2022-03-20T22:15:00Z
7446950,21.03.2022 05:40,9.12.2022 14:02,Chon Buri,department of highways,4-wheel pickup truck,speeding,rollover/fallen on curved road,1,0,0,rainy,13.32450874,101.1858979,wide curve,no slope,2022-03-20T22:40:00Z
6567703,21.03.2022 06:10,18.07.2022 13:06,Suphan Buri,department of highways,7-10-wheel truck,speeding,rear-end collision,2,0,3,clear,14.68005305,100.1113218,straight road,no slope,2022-03-20T23:10:00Z
6146272,21.03.2022 06:25,28.04.2022 09:57,Trat,department of highways,4-wheel pickup truck,speeding,rollover/fallen on straight road,1,0,2,rainy,12.32546171,102.4595797,straight road,no slope,2022-03-20T23:25:00Z
6184380,21.03.2022 06:30,11.05.2022 11:22,Chai Nat,department of highways,4-wheel pickup truck,speeding,rollover/fallen on straight road,1,0,1,clear,15.11290081,100.2816555,straight road,no slope,2022-03-20T23:30:00Z
6538794,21.03.2022 06:56,12.07.2022 13:35,Bangkok,department of highways,4-wheel pickup truck,falling asleep,rollover/fallen on curved road,1,0,0,rainy,13.73014333,100.7597807,wide curve,no slope,2022-03-20T23:56:00Z
6238242,21.03.2022 07:00,20.05.2022 08:54,Tak,department of highways,large truck with trailer,speeding,rollover/fallen on curved road,1,0,0,clear,16.76885482,98.69290529,wide curve,slope area,2022-03-21T00:00:00Z
7455856,21.03.2022 07:30,13.12.2022 11:33,Prachuap Khiri Khan,department of highways,private/passenger car,speeding,head-on collision (not overtaking),2,1,0,clear,11.22186806,99.4221416,wide curve,no slope,2022-03-21T00:30:00Z
6566209,21.03.2022 07:57,14.06.2022 11:14,Mae Hong Son,department of rural roads,motorcycle,failure to yield/signal,other,2,0,2,clear,19.333011,97.939653,t-intersection,other,2022-03-21T00:57:00Z
6538793,21.03.2022 08:51,12.07.2022 13:36,Samut Prakan,department of highways,4-wheel pickup truck,speeding,rear-end collision,2,0,0,clear,13.67088535,100.8425242,straight road,no slope,2022-03-21T01:51:00Z
6579873,21.03.2022 09:00,20.07.2022 13:44,Phra Nakhon Si Ayutthaya,department of highways,large truck with trailer,speeding,rollover/fallen on straight road,1,0,0,clear,14.45554786,100.5396545,straight road,no slope,2022-03-21T02:00:00Z
7527269,21.03.2022 09:45,31.12.2022 10:29,Mukdahan,department of highways,4-wheel pickup truck,cutting in closely by people/vehicles/animals,head-on collision (not overtaking),2,1,0,clear,16.50391543,104.6732282,straight road,no slope,2022-03-21T02:45:00Z
6566190,21.03.2022 09:46,24.03.2022 11:21,Bangkok,department of rural roads,4-wheel pickup truck,no road divider lines,other,2,0,1,clear,13.669058,100.538321,straight road,slope area,2022-03-21T02:46:00Z
6233247,21.03.2022 10:00,19.05.2022 13:24,Surat Thani,department of highways,motorcycle,speeding,rear-end collision,2,0,2,clear,9.529088451,99.13223235,straight road,no slope,2022-03-21T03:00:00Z
6015944,21.03.2022 10:25,1.04.2022 11:51,Samut Prakan,expressway authority of thailand,4-wheel pickup truck,other,rear-end collision,2,0,1,clear,13.628232,100.592495,straight road,other,2022-03-21T03:25:00Z
7425568,21.03.2022 11:00,2.12.2022 15:16,Nakhon Phanom,department of highways,motorcycle,speeding,rear-end collision,5,0,2,clear,17.38323146,104.7361126,straight road,no slope,2022-03-21T04:00:00Z
6538715,21.03.2022 11:10,12.07.2022 13:22,Chon Buri,department of highways,large truck with trailer,vehicle equipment failure,rollover/fallen on straight road,1,0,0,clear,13.11612284,100.9750333,straight road,no slope,2022-03-21T04:10:00Z
6917157,21.03.2022 11:10,16.09.2022 11:43,Ang Thong,department of highways,motorcycle,speeding,rear-end collision,2,0,1,clear,14.58094611,100.4623666,other,other,2022-03-21T04:10:00Z
5950580,21.03.2022 11:30,21.03.2022 14:00,Nonthaburi,expressway authority of thailand,4-wheel pickup truck,other,rear-end collision,2,0,0,clear,13.86099586,100.5332869,straight road,other,2022-03-21T04:30:00Z
6226994,21.03.2022 12:00,18.05.2022 14:35,Phetchabun,department of highways,pedestrian,speeding,pedestrian collision,1,1,0,clear,16.30206048,101.0688087,straight road,no slope,2022-03-21T05:00:00Z
7446983,21.03.2022 12:00,9.12.2022 14:03,Chon Buri,department of highways,4-wheel pickup truck,speeding,rollover/fallen on straight road,1,0,0,rainy,13.54117988,101.1466625,straight road,no slope,2022-03-21T05:00:00Z
6149622,21.03.2022 12:30,5.05.2022 15:01,Nakhon Sawan,department of highways,large truck with trailer,falling asleep,rollover/fallen on straight road,1,0,1,clear,15.97505042,100.1188695,straight road,no slope,2022-03-21T05:30:00Z
6607864,21.03.2022 12:30,27.07.2022 09:10,Uttaradit,department of highways,private/passenger car,speeding,rollover/fallen on curved road,1,0,1,clear,17.39695353,100.2323028,wide curve,slope area,2022-03-21T05:30:00Z
6233289,21.03.2022 13:00,19.05.2022 13:25,Surat Thani,department of highways,private/passenger car,speeding,rollover/fallen on straight road,1,0,1,clear,9.112478451,99.19303535,straight road,no slope,2022-03-21T06:00:00Z
6238244,21.03.2022 13:00,20.05.2022 08:53,Tak,department of highways,4-wheel pickup truck,cutting in closely by people/vehicles/animals,rear-end collision,2,0,1,clear,16.50508555,98.70349734,connecting to public/commercial area,other,2022-03-21T06:00:00Z
6171629,21.03.2022 13:40,9.05.2022 13:57,Saraburi,department of highways,private/passenger car,speeding,rollover/fallen on straight road,1,1,1,clear,14.38891988,100.946441,straight road,no slope,2022-03-21T06:40:00Z
7542874,21.03.2022 13:40,3.01.2023 14:55,Sa Kaeo,department of highways,4-wheel pickup truck,speeding,rollover/fallen on straight road,1,0,0,clear,13.88931245,101.9942513,straight road,no slope,2022-03-21T06:40:00Z
6910335,21.03.2022 13:50,15.09.2022 11:42,Sakon Nakhon,department of highways,4-wheel pickup truck,vehicle equipment failure,rollover/fallen on straight road,1,0,0,clear,17.2739993,103.6365518,straight road,no slope,2022-03-21T06:50:00Z
6220551,21.03.2022 14:30,17.05.2022 15:12,Lampang,department of highways,private/passenger car,speeding,rollover/fallen on curved road,1,0,0,clear,18.5572594,99.85915391,wide curve,slope area,2022-03-21T07:30:00Z
6154418,21.03.2022 14:50,6.05.2022 10:48,Nakhon Sawan,department of highways,4-wheel pickup truck,speeding,rollover/fallen on curved road,1,0,0,clear,15.61617597,100.1206398,wide curve,slope area,2022-03-21T07:50:00Z
7542423,21.03.2022 15:10,3.01.2023 13:24,Nakhon Ratchasima,department of highways,private/passenger car,driving under the influence of alcohol,rollover/fallen on straight road,1,0,0,clear,14.91379131,101.9350779,straight road,no slope,2022-03-21T08:10:00Z
7542762,21.03.2022 15:56,3.01.2023 14:31,Prachin Buri,department of highways,large truck with trailer,speeding,rollover/fallen on straight road,1,0,0,clear,14.29844194,101.8799195,wide curve,slope area,2022-03-21T08:56:00Z
5999051,21.03.2022 16:30,29.03.2022 14:40,Phrae,department of highways,4-wheel pickup truck,debris/obstruction on the road,collision with obstruction (on road surface),1,0,1,clear,17.98422838,99.90775286,straight road,no slope,2022-03-21T09:30:00Z
6367830,21.03.2022 16:30,14.06.2022 08:47,Khon Kaen,department of highways,private/passenger car,speeding,rollover/fallen on straight road,1,0,0,clear,16.60635516,102.398656,straight road,no slope,2022-03-21T09:30:00Z
6238245,21.03.2022 17:25,20.05.2022 08:50,Tak,department of highways,private/passenger car,speeding,rollover/fallen on curved road,1,0,1,clear,16.76676176,98.71259003,wide curve,slope area,2022-03-21T10:25:00Z
7424678,21.03.2022 17:30,2.12.2022 10:04,Chiang Mai,department of highways,motorcycle,speeding,rear-end collision,2,0,1,clear,18.8993412,98.86444061,straight road,no slope,2022-03-21T10:30:00Z
7542872,21.03.2022 17:30,3.01.2023 14:55,Sa Kaeo,department of highways,4-wheel pickup truck,speeding,rollover/fallen on straight road,1,0,1,clear,13.93943508,102.3128253,straight road,no slope,2022-03-21T10:30:00Z
7544471,21.03.2022 17:30,4.01.2023 14:39,Songkhla,department of highways,4-wheel pickup truck,speeding,rollover/fallen on straight road,1,0,2,clear,6.918763724,100.7459298,straight road,no slope,2022-03-21T10:30:00Z
6225925,21.03.2022 17:58,18.05.2022 10:53,Yasothon,department of highways,private/passenger car,vehicle equipment failure,rollover/fallen on straight road,1,0,0,clear,15.91012298,104.1899961,straight road,no slope,2022-03-21T10:58:00Z
6148264,21.03.2022 18:00,3.05.2022 08:04,Chiang Mai,department of highways,4-wheel pickup truck,speeding,rollover/fallen on curved road,1,0,0,rainy,19.09454409,99.15091394,wide curve,no slope,2022-03-21T11:00:00Z
6184508,21.03.2022 18:00,11.05.2022 11:58,Chai Nat,department of highways,7-10-wheel truck,speeding,rollover/fallen on straight road,1,0,0,clear,15.04819634,100.1499671,straight road,no slope,2022-03-21T11:00:00Z
7455191,21.03.2022 18:15,13.12.2022 08:39,Bangkok,department of highways,private/passenger car,illegal overtaking,rear-end collision,2,0,1,clear,13.80787839,100.5598766,straight road,no slope,2022-03-21T11:15:00Z
6538788,21.03.2022 19:58,12.07.2022 13:39,Chon Buri,department of highways,private/passenger car,debris/obstruction on the road,collision with obstruction (on road surface),1,0,0,clear,13.14261732,100.9857032,straight road,no slope,2022-03-21T12:58:00Z
6938147,21.03.2022 20:00,19.09.2022 14:52,Surin,department of highways,4-wheel pickup truck,speeding,rollover/fallen on straight road,1,1,1,clear,15.21268215,103.6404061,straight road,no slope,2022-03-21T13:00:00Z
6538791,21.03.2022 20:08,12.07.2022 13:38,Chon Buri,department of highways,private/passenger car,debris/obstruction on the road,collision with obstruction (on road surface),3,0,0,clear,13.13988259,100.9856897,straight road,no slope,2022-03-21T13:08:00Z
6937826,21.03.2022 20:10,19.09.2022 13:49,Phra Nakhon Si Ayutthaya,department of highways,private/passenger car,speeding,pedestrian collision,3,1,0,clear,14.43470879,100.546537,other,other,2022-03-21T13:10:00Z
6226792,21.03.2022 20:20,18.05.2022 13:56,Phetchabun,department of highways,4-wheel pickup truck,speeding,rollover/fallen on straight road,1,0,1,clear,16.07163015,101.0678673,straight road,no slope,2022-03-21T13:20:00Z
7542660,21.03.2022 20:30,3.01.2023 14:10,Nakhon Ratchasima,department of highways,4-wheel pickup truck,cutting in closely by people/vehicles/animals,rear-end collision,2,2,0,clear,14.74720267,102.3482036,straight road,no slope,2022-03-21T13:30:00Z
7527582,21.03.2022 21:00,31.12.2022 11:29,Nong Khai,department of highways,4-wheel pickup truck,speeding,rollover/fallen on straight road,1,0,1,clear,17.78612212,102.600629,straight road,no slope,2022-03-21T14:00:00Z
6154442,21.03.2022 22:00,6.05.2022 10:50,Nakhon Sawan,department of highways,4-wheel pickup truck,speeding,rear-end collision,2,0,1,clear,15.63203878,100.1285174,straight road,no slope,2022-03-21T15:00:00Z
7542555,21.03.2022 22:30,3.01.2023 13:53,Nakhon Ratchasima,department of highways,private/passenger car,speeding,rollover/fallen on straight road,1,0,0,clear,14.85923598,101.6850369,straight road,no slope,2022-03-21T15:30:00Z
7378509,21.03.2022 23:10,24.11.2022 09:46,Chiang Mai,department of highways,motorcycle,speeding,rear-end collision,2,0,2,clear,18.92532937,98.93926619,straight road,no slope,2022-03-21T16:10:00Z
6566198,21.03.2022 23:30,25.03.2022 08:35,Chiang Mai,department of rural roads,6-wheel truck,unfamiliarity with the route/unskilled driving,other,1,0,1,rainy,19.415357,98.911556,sharp curve,slope area,2022-03-21T16:30:00Z
6225796,22.03.2022 01:00,18.05.2022 10:33,Phuket,department of highways,4-wheel pickup truck,speeding,rollover/fallen on straight road,1,0,0,clear,7.865645552,98.34891467,straight road,no slope,2022-03-21T18:00:00Z
7542666,22.03.2022 02:10,3.01.2023 14:11,Nakhon Ratchasima,department of highways,4-wheel pickup truck,speeding,rollover/fallen on straight road,1,0,1,clear,14.85136496,101.7110824,other,other,2022-03-21T19:10:00Z
5956029,22.03.2022 02:30,22.03.2022 10:21,Samut Prakan,department of highways,large truck with trailer,speeding,head-on collision (not overtaking),2,2,0,clear,13.5037963,100.8348477,other,other,2022-03-21T19:30:00Z
6225860,22.03.2022 05:00,18.05.2022 10:40,Nakhon Si Thammarat,department of highways,4-wheel pickup truck,speeding,rollover/fallen on straight road,1,0,0,clear,8.97849157,99.89349692,straight road,no slope,2022-03-21T22:00:00Z
6233251,22.03.2022 06:30,19.05.2022 13:23,Surat Thani,department of highways,4-wheel pickup truck,speeding,collision with obstruction (on road surface),1,0,1,clear,9.64827609,99.12356345,other,other,2022-03-21T23:30:00Z
6579893,22.03.2022 08:30,20.07.2022 13:49,Ang Thong,department of highways,4-wheel pickup truck,speeding,rear-end collision,3,0,0,clear,14.578898,100.4712903,straight road,no slope,2022-03-22T01:30:00Z
7544411,22.03.2022 09:30,4.01.2023 13:59,Yala,department of highways,large passenger vehicle,speeding,other,2,0,0,clear,6.266053765,101.26255,other,other,2022-03-22T02:30:00Z
7564972,22.03.2022 09:33,20.01.2023 06:44,Bangkok,department of highways,motorcycle,speeding,rear-end collision,2,0,2,clear,13.66750636,100.6337973,other,other,2022-03-22T02:33:00Z
7542526,22.03.2022 09:40,3.01.2023 13:48,Nakhon Ratchasima,department of highways,4-wheel pickup truck,worn-out/tire blowout,rollover/fallen on straight road,1,0,0,clear,14.87539969,101.8442112,straight road,no slope,2022-03-22T02:40:00Z
6608319,22.03.2022 09:45,27.07.2022 10:28,Phrae,department of highways,4-wheel pickup truck,speeding,rollover/fallen on straight road,1,0,0,clear,18.0219356,99.71224932,straight road,no slope,2022-03-22T02:45:00Z