acc_code,incident_datetime,report_datetime,province_en,agency,vehicle_type,presumed_cause,accident_type,number_of_vehicles_involved,number_of_fatalities,number_of_injuries,weather_condition,latitude,longitude,road_description,slope_description,incident_time
6538787,22.03.2022 10:01,12.07.2022 13:36,Samut Prakan,department of highways,private/passenger car,falling asleep,rollover/fallen on straight road,1,0,0,clear,13.66891243,100.8455872,straight road,no slope,2022-03-22T03:01:00Z
6027688,22.03.2022 10:10,3.04.2022 15:19,Chachoengsao,department of highways,other,speeding,rollover/fallen on straight road,1,0,0,clear,13.52394791,101.0218057,straight road,no slope,2022-03-22T03:10:00Z
5959379,22.03.2022 10:30,22.03.2022 23:01,Kanchanaburi,department of highways,motorcycle,cutting in closely by people/vehicles/animals,rear-end collision,2,1,0,clear,14.0243547,99.36359166,other,other,2022-03-22T03:30:00Z
5976348,22.03.2022 10:38,25.03.2022 14:47,Chon Buri,department of highways,private/passenger car,speeding,rear-end collision,2,0,0,clear,13.1516728,100.9862745,straight road,no slope,2022-03-22T03:38:00Z
6609099,22.03.2022 11:00,27.07.2022 13:37,Phrae,department of highways,4-wheel pickup truck,speeding,rollover/fallen on curved road,1,0,0,rainy,18.04076833,99.69979851,wide curve,slope area,2022-03-22T04:00:00Z
7474252,22.03.2022 11:00,20.12.2022 13:36,Chachoengsao,department of highways,6-wheel truck,speeding,rollover/fallen on straight road,1,0,0,clear,13.60397419,101.1084008,straight road,no slope,2022-03-22T04:00:00Z
6032972,22.03.2022 11:20,4.04.2022 14:18,Tak,department of highways,private/passenger car,falling asleep,rollover/fallen on straight road,1,0,1,clear,16.80710616,99.14310067,straight road,no slope,2022-03-22T04:20:00Z
6225967,22.03.2022 11:20,18.05.2022 10:56,Roi Et,department of highways,private/passenger car,running red lights/traffic signals,collision at intersection corner,2,0,0,clear,15.78825561,104.0972212,other,other,2022-03-22T04:20:00Z
6290308,22.03.2022 11:40,1.06.2022 16:03,Nakhon Si Thammarat,department of highways,4-wheel pickup truck,speeding,rollover/fallen on straight road,1,0,0,clear,8.156478275,99.68315004,straight road,no slope,2022-03-22T04:40:00Z
7542530,22.03.2022 12:00,3.01.2023 13:49,Nakhon Ratchasima,department of highways,4-wheel pickup truck,speeding,rollover/fallen on straight road,1,0,2,clear,14.86993501,101.7569429,straight road,no slope,2022-03-22T05:00:00Z
6032825,22.03.2022 12:20,4.04.2022 13:49,Bangkok,expressway authority of thailand,6-wheel truck,other,rear-end collision,2,0,1,clear,13.76586755,100.5396574,straight road,other,2022-03-22T05:20:00Z
5992400,22.03.2022 13:05,28.03.2022 10:47,Surin,department of highways,4-wheel pickup truck,falling asleep,rollover/fallen on straight road,1,0,0,clear,15.30142902,103.6684325,other,other,2022-03-22T06:05:00Z
7527604,22.03.2022 13:40,31.12.2022 11:31,Nong Khai,department of highways,motorcycle,speeding,rear-end collision,2,1,0,clear,18.05288714,103.0858487,straight road,no slope,2022-03-22T06:40:00Z
7455829,22.03.2022 13:50,13.12.2022 11:27,Prachuap Khiri Khan,department of highways,private/passenger car,speeding,rollover/fallen on curved road,1,0,0,rainy,11.10844499,99.36690419,wide curve,no slope,2022-03-22T06:50:00Z
7542669,22.03.2022 13:50,3.01.2023 14:13,Nakhon Ratchasima,department of highways,4-wheel pickup truck,speeding,rollover/fallen on curved road,1,0,1,clear,14.49833676,101.9367796,wide curve,slope area,2022-03-22T06:50:00Z
7455838,22.03.2022 14:10,13.12.2022 11:28,Prachuap Khiri Khan,department of highways,private/passenger car,speeding,rollover/fallen on straight road,1,0,0,rainy,11.18506431,99.3994662,straight road,no slope,2022-03-22T07:10:00Z
6237865,22.03.2022 14:45,20.05.2022 07:17,Sukhothai,department of highways,motorcycle,speeding,rear-end collision,2,0,1,clear,17.01608583,99.73387061,other,other,2022-03-22T07:45:00Z
6531760,22.03.2022 14:45,11.07.2022 10:20,Surin,department of highways,other,speeding,rollover/fallen on straight road,1,0,0,clear,15.04026491,103.7224066,straight road,no slope,2022-03-22T07:45:00Z
7541292,22.03.2022 15:30,3.01.2023 08:21,Nakhon Ratchasima,department of highways,4-wheel pickup truck,speeding,rollover/fallen on straight road,1,0,4,clear,15.25040467,102.0332855,straight road,no slope,2022-03-22T08:30:00Z
7446444,22.03.2022 15:40,9.12.2022 09:55,Bangkok,department of highways,private/passenger car,speeding,rear-end collision,2,0,0,clear,13.67910262,100.4069039,straight road,no slope,2022-03-22T08:40:00Z
6538744,22.03.2022 15:50,12.07.2022 13:29,Chon Buri,department of highways,private/passenger car,speeding,rollover/fallen on straight road,1,0,2,clear,12.92620041,100.9542838,straight road,no slope,2022-03-22T08:50:00Z
6226995,22.03.2022 16:00,18.05.2022 14:35,Phetchabun,department of highways,motorcycle,speeding,head-on collision (not overtaking),2,0,3,clear,16.77342094,101.6669789,straight road,no slope,2022-03-22T09:00:00Z
7446386,22.03.2022 17:00,9.12.2022 09:45,Bangkok,department of highways,private/passenger car,cutting in closely by people/vehicles/animals,rear-end collision,2,0,1,clear,13.77196645,100.5523905,straight road,no slope,2022-03-22T10:00:00Z
6567701,22.03.2022 17:30,18.07.2022 13:05,Suphan Buri,department of highways,private/passenger car,speeding,rear-end collision,2,0,0,clear,14.67316414,100.112974,straight road,no slope,2022-03-22T10:30:00Z
6538774,22.03.2022 17:38,12.07.2022 13:30,Chon Buri,department of highways,private/passenger car,speeding,rollover/fallen on straight road,1,0,0,clear,12.99289118,100.9899169,straight road,no slope,2022-03-22T10:38:00Z
6238215,22.03.2022 17:50,20.05.2022 08:47,Tak,department of highways,large truck with trailer,falling asleep,rollover/fallen on straight road,1,0,1,clear,16.75350949,99.20233725,straight road,no slope,2022-03-22T10:50:00Z
6608088,22.03.2022 17:50,27.07.2022 09:45,Uttaradit,department of highways,large truck with trailer,speeding,rollover/fallen on curved road,1,0,0,clear,17.55836694,100.2872935,wide curve,no slope,2022-03-22T10:50:00Z
6226618,22.03.2022 18:00,18.05.2022 13:23,Phetchabun,department of highways,6-wheel truck,speeding,rollover/fallen on curved road,1,0,0,rainy,16.72971472,101.3645813,wide curve,slope area,2022-03-22T11:00:00Z
6226997,22.03.2022 18:00,18.05.2022 14:35,Phetchabun,department of highways,6-wheel truck,speeding,rollover/fallen on curved road,1,0,0,rainy,16.74868605,101.5072775,wide curve,slope area,2022-03-22T11:00:00Z
6226921,22.03.2022 18:20,18.05.2022 14:29,Phetchabun,department of highways,private/passenger car,speeding,rear-end collision,2,0,0,clear,15.59166769,101.0679692,straight road,no slope,2022-03-22T11:20:00Z
6607948,22.03.2022 18:30,27.07.2022 09:21,Phitsanulok,department of highways,private/passenger car,speeding,rear-end collision,2,0,1,clear,16.85733271,100.2174085,straight road,no slope,2022-03-22T11:30:00Z
6178254,22.03.2022 19:00,10.05.2022 14:00,Kanchanaburi,department of highways,motorcycle,speeding,head-on collision (not overtaking),2,1,0,clear,14.48047529,99.17166351,straight road,no slope,2022-03-22T12:00:00Z
6566194,22.03.2022 19:43,24.03.2022 11:21,Samut Prakan,department of rural roads,motorcycle,speeding,other,2,0,1,clear,13.652074,100.541039,straight road,slope area,2022-03-22T12:43:00Z
7542664,22.03.2022 20:30,3.01.2023 14:13,Nakhon Ratchasima,department of highways,4-wheel pickup truck,speeding,rollover/fallen on straight road,1,0,0,rainy,14.43776607,101.8850264,straight road,slope area,2022-03-22T13:30:00Z
7331280,22.03.2022 21:00,10.05.2022 14:01,Kanchanaburi,department of highways,motorcycle,speeding,collision with obstruction (on road surface),2,1,1,rainy,14.06946044,99.39019381,straight road,no slope,2022-03-22T14:00:00Z
6591368,22.03.2022 22:00,22.07.2022 11:11,Rayong,department of highways,4-wheel pickup truck,speeding,rollover/fallen on straight road,1,0,1,clear,12.85735802,101.2201202,other,other,2022-03-22T15:00:00Z
7331282,22.03.2022 22:00,18.05.2022 14:45,Lamphun,department of highways,7-10-wheel truck,speeding,rollover/fallen on straight road,1,0,1,clear,18.46903371,99.12765114,straight road,no slope,2022-03-22T15:00:00Z
7379399,22.03.2022 22:00,24.11.2022 13:36,Chiang Mai,department of highways,motorcycle,speeding,rollover/fallen on straight road,1,0,1,clear,18.87860004,99.03683154,straight road,no slope,2022-03-22T15:00:00Z
6226948,22.03.2022 23:00,18.05.2022 14:34,Phetchabun,department of highways,4-wheel pickup truck,speeding,rollover/fallen on curved road,1,0,1,clear,16.39607193,101.16889,wide curve,no slope,2022-03-22T16:00:00Z
6288825,22.03.2022 23:00,1.06.2022 10:36,Kamphaeng Phet,department of highways,large truck with trailer,vehicle equipment failure,rollover/fallen on straight road,1,0,2,rainy,16.3496265,99.58823203,straight road,no slope,2022-03-22T16:00:00Z
6538796,22.03.2022 23:30,12.07.2022 13:37,Chon Buri,department of highways,4-wheel pickup truck,speeding,rollover/fallen on straight road,1,0,0,clear,13.35700895,101.035501,straight road,no slope,2022-03-22T16:30:00Z
7447022,22.03.2022 23:30,9.12.2022 09:26,Bangkok,department of highways,private/passenger car,speeding,rear-end collision,3,0,0,clear,13.66596215,100.5163193,straight road,no slope,2022-03-22T16:30:00Z
7544491,23.03.2022 00:01,4.01.2023 14:49,Songkhla,department of highways,4-wheel pickup truck,speeding,rear-end collision,2,0,2,clear,7.131787905,100.2499437,straight road,no slope,2022-03-22T17:01:00Z
7378818,23.03.2022 01:00,24.11.2022 10:32,Chiang Mai,department of highways,motorcycle,speeding,rollover/fallen on straight road,1,0,1,clear,18.86129559,99.01471137,straight road,no slope,2022-03-22T18:00:00Z
7446631,23.03.2022 01:00,9.12.2022 09:34,Bangkok,department of highways,motorcycle,speeding,rollover/fallen on straight road,1,0,1,other,13.79798557,100.5608985,straight road,no slope,2022-03-22T18:00:00Z
7542552,23.03.2022 02:00,3.01.2023 13:51,Nakhon Ratchasima,department of highways,7-10-wheel truck,speeding,rollover/fallen on straight road,1,0,0,clear,14.65507811,101.3191339,straight road,no slope,2022-03-22T19:00:00Z
7456113,23.03.2022 02:30,24.11.2022 14:11,Si Sa Ket,department of highways,4-wheel pickup truck,speeding,rear-end collision,2,0,0,clear,14.78819205,104.7948101,straight road,no slope,2022-03-22T19:30:00Z
7544401,23.03.2022 02:30,4.01.2023 13:46,Pattani,department of highways,other,falling asleep,rollover/fallen on straight road,1,0,0,clear,6.822956256,101.1620074,straight road,no slope,2022-03-22T19:30:00Z
6145584,23.03.2022 04:40,27.04.2022 13:16,Nan,department of highways,private/passenger car,speeding,rollover/fallen on straight road,1,0,0,clear,18.7971561,100.7181769,straight road,no slope,2022-03-22T21:40:00Z
6590808,23.03.2022 05:00,22.07.2022 09:10,Bangkok,department of highways,private/passenger car,speeding,rear-end collision,2,1,1,clear,13.66128123,100.6434855,other,other,2022-03-22T22:00:00Z
7008705,23.03.2022 05:15,30.09.2022 13:54,Sakon Nakhon,department of highways,private/passenger car,falling asleep,rear-end collision,2,0,0,clear,17.39147865,103.7109375,straight road,no slope,2022-03-22T22:15:00Z
7309904,23.03.2022 05:30,14.11.2022 09:10,Khon Kaen,department of highways,4-wheel pickup truck,cutting in closely by people/vehicles/animals,head-on collision (not overtaking),2,0,0,clear,16.45017738,102.7233347,straight road,no slope,2022-03-22T22:30:00Z
7544481,23.03.2022 05:30,4.01.2023 14:45,Songkhla,department of highways,4-wheel pickup truck,speeding,rollover/fallen on curved road,1,0,1,rainy,6.739617082,100.6165025,wide curve,slope area,2022-03-22T22:30:00Z
7447026,23.03.2022 05:50,9.12.2022 14:04,Chon Buri,department of highways,4-wheel pickup truck,speeding,rollover/fallen on straight road,1,0,0,clear,13.45372678,101.0965213,straight road,no slope,2022-03-22T22:50:00Z
5976633,23.03.2022 06:03,25.03.2022 15:45,Chon Buri,department of highways,private/passenger car,speeding,rear-end collision,2,0,0,rainy,13.13169388,100.9853813,straight road,no slope,2022-03-22T23:03:00Z
7448042,23.03.2022 06:35,9.12.2022 14:19,Trat,department of highways,large truck with trailer,falling asleep,rollover/fallen on straight road,1,0,1,clear,11.85489032,102.8282788,straight road,no slope,2022-03-22T23:35:00Z
6538765,23.03.2022 07:30,12.07.2022 13:30,Chon Buri,department of highways,7-10-wheel truck,speeding,rollover/fallen on straight road,1,0,0,rainy,12.95124095,100.9610939,straight road,no slope,2022-03-23T00:30:00Z
6226640,23.03.2022 08:00,18.05.2022 13:29,Phatthalung,department of highways,6-wheel truck,falling asleep,rollover/fallen on straight road,1,0,1,clear,7.765702114,99.97240482,straight road,no slope,2022-03-23T01:00:00Z
5963313,23.03.2022 08:30,23.03.2022 13:43,Kamphaeng Phet,department of highways,private/passenger car,speeding,rear-end collision,4,0,0,clear,16.43928804,99.50870721,straight road,no slope,2022-03-23T01:30:00Z
6538240,23.03.2022 09:00,12.07.2022 11:29,Bangkok,department of highways,other,speeding,rollover/fallen on straight road,1,0,0,clear,13.76440399,100.6946325,straight road,no slope,2022-03-23T02:00:00Z
6538587,23.03.2022 09:00,12.07.2022 12:46,Pathum Thani,department of highways,4-wheel pickup truck,speeding,rollover/fallen on straight road,1,0,0,clear,13.94823901,100.7123136,straight road,no slope,2022-03-23T02:00:00Z
6903122,23.03.2022 09:30,14.09.2022 10:55,Loei,department of highways,4-wheel pickup truck,cutting in closely by people/vehicles/animals,rear-end collision,2,0,0,clear,17.61083911,101.7063349,straight road,slope area,2022-03-23T02:30:00Z
6538738,23.03.2022 09:33,12.07.2022 13:26,Bangkok,department of highways,4-wheel pickup truck,speeding,rollover/fallen on straight road,1,0,1,clear,13.80815132,100.6785983,straight road,no slope,2022-03-23T02:33:00Z
7380516,23.03.2022 10:00,24.11.2022 14:48,Phitsanulok,department of highways,other,speeding,rollover/fallen on curved road,1,0,0,clear,17.55794755,100.8456972,wide curve,no slope,2022-03-23T03:00:00Z
6073343,23.03.2022 10:15,11.04.2022 09:34,Phrae,department of highways,4-wheel pickup truck,speeding,rollover/fallen on straight road,1,0,0,clear,18.3591791,100.3433221,straight road,no slope,2022-03-23T03:15:00Z
5969316,23.03.2022 10:25,24.03.2022 13:07,Bangkok,department of highways,private/passenger car,speeding,rear-end collision,2,0,1,clear,13.77481146,100.6889087,straight road,no slope,2022-03-23T03:25:00Z
7565373,23.03.2022 10:30,20.01.2023 10:40,Trang,department of highways,private/passenger car,speeding,rollover/fallen on curved road,1,0,0,clear,7.81631856,99.58990572,wide curve,no slope,2022-03-23T03:30:00Z
6538702,23.03.2022 10:42,12.07.2022 13:17,Chon Buri,department of highways,private/passenger car,speeding,rollover/fallen on straight road,1,0,0,clear,13.38875069,101.0462889,straight road,no slope,2022-03-23T03:42:00Z
6010206,23.03.2022 10:57,31.03.2022 12:44,Chon Buri,department of highways,7-10-wheel truck,speeding,rear-end collision,2,0,0,clear,13.33092927,100.9894743,straight road,no slope,2022-03-23T03:57:00Z
7027403,23.03.2022 11:00,3.10.2022 11:43,Chachoengsao,department of highways,4-wheel pickup truck,speeding,rollover/fallen on straight road,1,0,1,rainy,13.72754557,101.0348627,straight road,no slope,2022-03-23T04:00:00Z
7413572,23.03.2022 11:00,25.11.2022 10:31,Ubon Ratchathani,department of highways,6-wheel truck,speeding,other,1,0,0,clear,15.19404873,104.8822662,straight road,no slope,2022-03-23T04:00:00Z
7447033,23.03.2022 11:00,9.12.2022 14:35,Chumphon,department of highways,motorcycle,cutting in closely by people/vehicles/animals,rear-end collision,2,0,2,clear,10.70741556,99.20533864,straight road,no slope,2022-03-23T04:00:00Z
7378807,23.03.2022 11:40,24.11.2022 10:31,Chiang Mai,department of highways,4-wheel pickup truck,speeding,rear-end collision,3,0,0,clear,18.83195161,99.01254414,straight road,no slope,2022-03-23T04:40:00Z
7542764,23.03.2022 12:01,3.01.2023 14:33,Prachin Buri,department of highways,private/passenger car,speeding,head-on collision (not overtaking),2,0,2,clear,13.99097048,101.5215844,straight road,no slope,2022-03-23T05:01:00Z
7544438,23.03.2022 12:30,4.01.2023 14:20,Songkhla,department of highways,7-10-wheel truck,brake/anti-lock brake system failure,rollover/fallen on straight road,1,0,0,clear,7.083336178,100.6360102,other,other,2022-03-23T05:30:00Z
5989160,23.03.2022 12:50,27.03.2022 20:29,Suphan Buri,department of highways,large truck with trailer,speeding,rear-end collision,2,1,1,clear,14.34378163,100.082185,other,other,2022-03-23T05:50:00Z
6702105,23.03.2022 12:54,11.08.2022 13:38,Surat Thani,department of highways,6-wheel truck,speeding,rollover/fallen on straight road,1,0,0,clear,8.978361752,99.31033371,straight road,no slope,2022-03-23T05:54:00Z
6148273,23.03.2022 13:00,3.05.2022 08:42,Mae Hong Son,department of highways,private/passenger car,speeding,rollover/fallen on curved road,1,0,1,clear,18.15443342,97.94147639,wide curve,no slope,2022-03-23T06:00:00Z
6238216,23.03.2022 14:00,20.05.2022 08:48,Tak,department of highways,4-wheel pickup truck,speeding,rollover/fallen on straight road,1,0,0,clear,16.57701253,98.64220618,straight road,slope area,2022-03-23T07:00:00Z
6220546,23.03.2022 14:20,17.05.2022 15:10,Lampang,department of highways,4-wheel pickup truck,vehicle equipment failure,rollover/fallen on straight road,1,1,1,clear,18.36082106,99.57312046,straight road,no slope,2022-03-23T07:20:00Z
6148260,23.03.2022 14:30,3.05.2022 07:57,Chiang Mai,department of highways,4-wheel pickup truck,speeding,rollover/fallen on curved road,1,0,0,clear,19.19767657,98.96432607,wide curve,slope area,2022-03-23T07:30:00Z
7425043,23.03.2022 14:30,2.12.2022 13:37,Trang,department of highways,private/passenger car,speeding,rollover/fallen on straight road,1,0,0,clear,7.816714497,99.58999962,straight road,no slope,2022-03-23T07:30:00Z
7527324,23.03.2022 14:30,31.12.2022 10:38,Sakon Nakhon,department of highways,4-wheel pickup truck,speeding,head-on collision (not overtaking),2,0,1,rainy,16.81538917,103.8939178,wide curve,no slope,2022-03-23T07:30:00Z
6579291,23.03.2022 14:50,20.07.2022 11:21,Ang Thong,department of highways,4-wheel pickup truck,speeding,rear-end collision,2,0,0,clear,14.46430057,100.4648959,straight road,no slope,2022-03-23T07:50:00Z
5964138,23.03.2022 16:00,23.03.2022 16:51,Kanchanaburi,department of highways,4-wheel pickup truck,falling asleep,head-on collision (not overtaking),2,0,1,clear,14.58079036,99.67832475,straight road,no slope,2022-03-23T09:00:00Z
6144615,23.03.2022 16:00,26.04.2022 09:18,Chiang Mai,department of highways,motorcycle,speeding,head-on collision (not overtaking),2,1,1,clear,18.54244724,98.54897528,wide curve,no slope,2022-03-23T09:00:00Z
6220586,23.03.2022 17:45,17.05.2022 15:19,Lampang,department of highways,private/passenger car,speeding,rollover/fallen on curved road,1,0,2,clear,18.42334646,99.20944511,wide curve,slope area,2022-03-23T10:45:00Z
7446854,23.03.2022 18:00,9.12.2022 09:37,Bangkok,department of highways,other,speeding,rear-end collision,2,0,0,clear,13.78987642,100.5615629,straight road,no slope,2022-03-23T11:00:00Z
7542696,23.03.2022 18:30,3.01.2023 14:16,Nakhon Ratchasima,department of highways,large truck with trailer,speeding,rollover/fallen on curved road,1,0,1,rainy,14.43765437,101.885241,wide curve,slope area,2022-03-23T11:30:00Z
6225922,23.03.2022 18:45,18.05.2022 10:54,Roi Et,department of highways,4-wheel pickup truck,speeding,rollover/fallen on straight road,1,0,0,rainy,15.61410681,103.835341,straight road,no slope,2022-03-23T11:45:00Z
6585267,23.03.2022 20:13,21.07.2022 11:18,Pathum Thani,department of highways,large passenger vehicle,speeding,rollover/fallen on curved road,1,0,0,clear,14.00555521,100.5641001,wide curve,slope area,2022-03-23T13:13:00Z
7446943,23.03.2022 20:15,9.12.2022 14:21,Trat,department of highways,4-wheel pickup truck,speeding,rollover/fallen on straight road,1,0,1,rainy,12.36630511,102.4006542,straight road,no slope,2022-03-23T13:15:00Z
7358864,23.03.2022 20:40,21.11.2022 14:44,Udon Thani,department of highways,private/passenger car,speeding,rollover/fallen on straight road,1,0,0,clear,17.31491808,102.8495434,straight road,no slope,2022-03-23T13:40:00Z
6585214,23.03.2022 20:55,21.07.2022 11:01,Phra Nakhon Si Ayutthaya,department of highways,private/passenger car,speeding,rollover/fallen on straight road,1,0,0,clear,14.34447545,100.7426548,other,other,2022-03-23T13:55:00Z
7339498,23.03.2022 21:05,18.11.2022 14:56,Khon Kaen,department of highways,private/passenger car,speeding,rollover/fallen on straight road,1,0,1,clear,16.48861696,102.4587731,straight road,no slope,2022-03-23T14:05:00Z
6367565,23.03.2022 21:30,14.06.2022 07:40,Phetchabun,department of highways,4-wheel pickup truck,vehicle equipment failure,rollover/fallen on straight road,1,0,0,clear,16.61391951,101.1596873,straight road,no slope,2022-03-23T14:30:00Z
7447314,23.03.2022 21:50,9.12.2022 14:20,Trat,department of highways,4-wheel pickup truck,speeding,rollover/fallen on straight road,1,0,0,rainy,12.36907441,102.3916179,straight road,no slope,2022-03-23T14:50:00Z
6566201,23.03.2022 22:00,29.03.2022 08:41,Chiang Mai,department of rural roads,6-wheel truck,unfamiliarity with the route/unskilled driving,other,1,0,1,clear,19.415771,98.908815,sharp curve,slope area,2022-03-23T15:00:00Z
6585059,23.03.2022 22:20,21.07.2022 10:33,Pathum Thani,department of highways,private/passenger car,speeding,rollover/fallen on straight road,1,0,0,clear,13.99722454,100.6742719,straight road,no slope,2022-03-23T15:20:00Z
5976169,23.03.2022 23:00,25.03.2022 14:11,Amnat Charoen,department of highways,other,speeding,rollover/fallen on straight road,1,0,0,clear,15.6873514,104.5414889,straight road,no slope,2022-03-23T16:00:00Z
6590792,23.03.2022 23:20,22.07.2022 09:06,Bangkok,department of highways,private/passenger car,vehicle equipment failure,other,1,0,0,clear,13.65945158,100.6431797,straight road,no slope,2022-03-23T16:20:00Z
7446180,23.03.2022 23:30,9.12.2022 09:20,Samut Prakan,department of highways,large truck with trailer,speeding,collision with obstruction (on road surface),1,0,0,clear,13.61820254,100.7439127,straight road,no slope,2022-03-23T16:30:00Z
6238675,24.03.2022 00:01,20.05.2022 10:04,Ratchaburi,department of highways,4-wheel pickup truck,speeding,rollover/fallen on straight road,1,0,0,clear,13.43303444,99.72367285,straight road,no slope,2022-03-23T17:01:00Z
6276259,24.03.2022 00:30,30.05.2022 11:02,Phuket,department of highways,4-wheel pickup truck,speeding,rollover/fallen on straight road,1,0,0,rainy,7.905564662,98.38953136,straight road,no slope,2022-03-23T17:30:00Z
6361692,24.03.2022 00:30,13.06.2022 08:19,Maha Sarakham,department of highways,6-wheel truck,speeding,rollover/fallen on straight road,1,0,1,clear,16.05760872,103.1355286,straight road,no slope,2022-03-23T17:30:00Z
6219724,24.03.2022 02:30,17.05.2022 12:31,Nakhon Si Thammarat,department of highways,large truck with trailer,speeding,rollover/fallen on straight road,1,0,0,clear,8.406149261,99.37249659,other,other,2022-03-23T19:30:00Z
7527265,24.03.2022 02:40,31.12.2022 10:26,Mukdahan,department of highways,private/passenger car,speeding,rollover/fallen on straight road,1,0,1,clear,16.45450414,104.642804,other,other,2022-03-23T19:40:00Z
7447271,24.03.2022 03:00,9.12.2022 14:28,Chumphon,department of highways,large truck with trailer,falling asleep,rollover/fallen on straight road,1,0,0,clear,10.59461596,99.13916855,straight road,no slope,2022-03-23T20:00:00Z
6902688,24.03.2022 04:00,14.09.2022 09:39,Chon Buri,department of highways,4-wheel pickup truck,speeding,rollover/fallen on straight road,1,0,0,clear,13.4298699,101.0031858,straight road,no slope,2022-03-23T21:00:00Z
7331284,24.03.2022 05:04,11.05.2022 11:12,Chai Nat,department of highways,motorcycle,speeding,rear-end collision,2,1,0,clear,15.24160353,100.2058428,straight road,no slope,2022-03-23T22:04:00Z
6226951,24.03.2022 06:30,18.05.2022 14:32,Phetchabun,department of highways,private/passenger car,vehicle equipment failure,rollover/fallen on curved road,1,0,0,clear,17.06908738,101.4716041,wide curve,slope area,2022-03-23T23:30:00Z
6178223,24.03.2022 07:00,10.05.2022 13:59,Kanchanaburi,department of highways,4-wheel pickup truck,speeding,rollover/fallen on curved road,1,0,1,clear,13.96499209,99.73637848,wide curve,no slope,2022-03-24T00:00:00Z
6227225,24.03.2022 07:00,18.05.2022 15:15,Lamphun,department of highways,motorcycle,speeding,rear-end collision,2,1,0,clear,18.32143773,98.8177809,wide curve,no slope,2022-03-24T00:00:00Z
6897543,24.03.2022 07:00,13.09.2022 15:11,Phetchaburi,department of highways,7-10-wheel truck,speeding,rear-end collision,2,1,0,clear,13.18639237,99.83394383,straight road,no slope,2022-03-24T00:00:00Z
6538586,24.03.2022 07:15,12.07.2022 12:48,Pathum Thani,department of highways,private/passenger car,speeding,rollover/fallen on straight road,1,0,0,clear,13.99414568,100.7108036,straight road,no slope,2022-03-24T00:15:00Z
7378811,24.03.2022 07:58,24.11.2022 10:33,Chiang Mai,department of highways,motorcycle,speeding,rear-end collision,2,0,0,clear,18.87871425,99.01488035,straight road,no slope,2022-03-24T00:58:00Z
7422087,24.03.2022 08:20,1.12.2022 09:49,Chiang Mai,department of highways,motorcycle,speeding,rear-end collision,2,0,2,clear,18.82998162,99.01239394,straight road,no slope,2022-03-24T01:20:00Z
6242060,24.03.2022 08:36,24.05.2022 08:59,Khon Kaen,department of highways,6-wheel truck,speeding,rollover/fallen on straight road,1,0,0,clear,16.25126413,102.7740097,straight road,no slope,2022-03-24T01:36:00Z
6184346,24.03.2022 09:00,11.05.2022 11:19,Chai Nat,department of highways,other,speeding,rollover/fallen on straight road,1,0,0,clear,15.22233599,100.1726639,straight road,no slope,2022-03-24T02:00:00Z
6566196,24.03.2022 10:45,25.03.2022 08:34,Rayong,department of rural roads,private/passenger car,tailgating,other,2,0,2,clear,12.721273,101.761792,straight road,no slope,2022-03-24T03:45:00Z
6538581,24.03.2022 11:00,12.07.2022 12:47,Bangkok,department of highways,4-wheel pickup truck,speeding,rollover/fallen on straight road,1,0,0,rainy,13.82347944,100.6748164,straight road,no slope,2022-03-24T04:00:00Z
5969692,24.03.2022 11:30,24.03.2022 14:33,Khon Kaen,department of highways,4-wheel pickup truck,vehicle equipment failure,rollover/fallen on straight road,1,0,0,clear,15.7890041,102.6911026,straight road,no slope,2022-03-24T04:30:00Z
6238151,24.03.2022 11:30,20.05.2022 08:30,Tak,department of highways,motorcycle,cutting in closely by people/vehicles/animals,head-on collision (not overtaking),2,0,1,clear,16.72431528,98.59194158,straight road,no slope,2022-03-24T04:30:00Z
6039032,24.03.2022 11:44,5.04.2022 16:38,Chon Buri,department of highways,other,speeding,rollover/fallen on straight road,1,0,0,clear,13.336532740000001,101.022774,straight road,no slope,2022-03-24T04:44:00Z
6039035,24.03.2022 11:48,5.04.2022 16:39,Chon Buri,department of highways,other,speeding,rollover/fallen on straight road,1,0,0,clear,13.33630307,101.0226211,straight road,no slope,2022-03-24T04:48:00Z
6938126,24.03.2022 12:00,19.09.2022 14:46,Loburi,department of highways,4-wheel pickup truck,vehicle equipment failure,rollover/fallen on straight road,1,0,1,clear,15.25610801,101.2349099,straight road,no slope,2022-03-24T05:00:00Z
7378498,24.03.2022 12:00,24.11.2022 09:45,Chiang Mai,department of highways,4-wheel pickup truck,speeding,rear-end collision,2,0,1,clear,18.94968232,98.94419877,straight road,no slope,2022-03-24T05:00:00Z
6584556,24.03.2022 12:30,21.07.2022 08:45,Pathum Thani,department of highways,4-wheel pickup truck,speeding,rollover/fallen on straight road,1,0,0,rainy,13.95766472,100.8594462,straight road,no slope,2022-03-24T05:30:00Z
6538176,24.03.2022 12:45,12.07.2022 11:15,Chon Buri,department of highways,large truck with trailer,speeding,rollover/fallen on straight road,1,0,0,rainy,13.11302209,100.9599995,straight road,no slope,2022-03-24T05:45:00Z
7455367,24.03.2022 13:30,13.12.2022 09:28,Phetchaburi,department of highways,4-wheel pickup truck,speeding,rollover/fallen on straight road,1,0,0,clear,12.95152587,99.90210949,straight road,no slope,2022-03-24T06:30:00Z