acc_code,incident_datetime,report_datetime,province_en,agency,vehicle_type,presumed_cause,accident_type,number_of_vehicles_involved,number_of_fatalities,number_of_injuries,weather_condition,latitude,longitude,road_description,slope_description,incident_time
6902763,24.03.2022 13:40,14.09.2022 09:47,Chiang Mai,department of highways,private/passenger car,speeding,rear-end collision,3,0,0,clear,18.84665978,99.078961,straight road,no slope,2022-03-24T06:40:00Z
7542682,24.03.2022 14:30,3.01.2023 14:15,Nakhon Ratchasima,department of highways,4-wheel pickup truck,speeding,rear-end collision,2,0,0,clear,14.85032792,101.7225998,straight road,no slope,2022-03-24T07:30:00Z
7378468,24.03.2022 15:30,24.11.2022 09:45,Chiang Mai,department of highways,4-wheel pickup truck,speeding,rear-end collision,3,0,0,clear,18.98643968,98.94546209,straight road,no slope,2022-03-24T08:30:00Z
7557980,24.03.2022 16:00,12.01.2023 12:07,Bangkok,department of highways,other,speeding,rollover/fallen on curved road,1,0,0,clear,13.74145902,100.641109,other,other,2022-03-24T09:00:00Z
5987416,24.03.2022 16:10,27.03.2022 12:49,Bangkok,department of highways,private/passenger car,speeding,rear-end collision,2,0,0,clear,13.73312408,100.6996509,other,other,2022-03-24T09:10:00Z
6148270,24.03.2022 16:20,3.05.2022 08:39,Chiang Mai,department of highways,4-wheel pickup truck,falling asleep,head-on collision (not overtaking),2,0,1,rainy,19.3140037,99.19030486,straight road,no slope,2022-03-24T09:20:00Z
6238683,24.03.2022 16:30,20.05.2022 10:02,Samut Songkhram,department of highways,large truck with trailer,speeding,rollover/fallen on straight road,1,0,0,rainy,13.35403132,99.91898863,straight road,no slope,2022-03-24T09:30:00Z
6010604,24.03.2022 17:21,31.03.2022 13:56,Chon Buri,department of highways,4-wheel pickup truck,speeding,rear-end collision,2,0,2,clear,13.31363261,100.9924489,straight road,no slope,2022-03-24T10:21:00Z
6537705,24.03.2022 17:59,12.07.2022 09:29,Chon Buri,department of highways,private/passenger car,vehicle equipment failure,rear-end collision,2,0,0,clear,13.27590035,100.9906626,straight road,no slope,2022-03-24T10:59:00Z
6009673,24.03.2022 18:29,31.03.2022 10:05,Chon Buri,department of highways,private/passenger car,speeding,rear-end collision,2,0,0,clear,13.33538961,101.0220283,straight road,no slope,2022-03-24T11:29:00Z
6276323,24.03.2022 18:30,30.05.2022 11:13,Phangnga,department of highways,private/passenger car,speeding,rollover/fallen on curved road,1,0,0,clear,8.493446644,98.27720045,wide curve,no slope,2022-03-24T11:30:00Z
7544407,24.03.2022 18:50,4.01.2023 13:52,Pattani,department of highways,private/passenger car,speeding,rollover/fallen on straight road,1,0,1,clear,6.741084763,101.1308697,straight road,no slope,2022-03-24T11:50:00Z
7526954,24.03.2022 19:10,31.12.2022 09:15,Mukdahan,department of highways,4-wheel pickup truck,speeding,pedestrian collision,1,1,0,rainy,16.55535035,104.7182625,straight road,no slope,2022-03-24T12:10:00Z
7521897,24.03.2022 19:14,30.12.2022 12:03,Mukdahan,department of highways,motorcycle,speeding,rollover/fallen on straight road,1,1,0,clear,16.83783312,104.5458233,straight road,no slope,2022-03-24T12:14:00Z
6567877,24.03.2022 20:15,18.07.2022 13:54,Suphan Buri,department of highways,motorcycle,speeding,collision with obstruction (on road surface),2,1,0,clear,14.38787285,100.1743698,straight road,no slope,2022-03-24T13:15:00Z
6031263,24.03.2022 20:27,4.04.2022 06:58,Kanchanaburi,department of highways,motorcycle,speeding,rear-end collision,2,1,0,clear,14.55504607,98.77091466,straight road,no slope,2022-03-24T13:27:00Z
6226953,24.03.2022 21:00,18.05.2022 14:32,Phetchabun,department of highways,7-10-wheel truck,speeding,rear-end collision,2,0,0,clear,16.29780242,101.0672316,straight road,no slope,2022-03-24T14:00:00Z
7446837,24.03.2022 22:40,9.12.2022 09:54,Bangkok,department of highways,private/passenger car,speeding,rear-end collision,2,0,1,clear,13.68784602,100.4069549,straight road,no slope,2022-03-24T15:40:00Z
6822472,25.03.2022 00:55,1.09.2022 13:23,Saraburi,department of highways,private/passenger car,speeding,rollover/fallen on straight road,1,0,1,clear,14.33810882,100.993385,straight road,no slope,2022-03-24T17:55:00Z
6238644,25.03.2022 01:00,20.05.2022 09:59,Samut Songkhram,department of highways,private/passenger car,speeding,rollover/fallen on curved road,1,0,1,clear,13.41531722,99.96454059,wide curve,no slope,2022-03-24T18:00:00Z
6579248,25.03.2022 01:25,20.07.2022 11:16,Ang Thong,department of highways,private/passenger car,falling asleep,rollover/fallen on straight road,1,0,2,clear,14.59252837,100.2714202,straight road,no slope,2022-03-24T18:25:00Z
7527675,25.03.2022 01:40,31.12.2022 11:41,Nong Khai,department of highways,4-wheel pickup truck,falling asleep,rollover/fallen on straight road,1,0,1,clear,18.26487645,103.2059312,straight road,no slope,2022-03-24T18:40:00Z
5976095,25.03.2022 01:55,25.03.2022 13:53,Suphan Buri,department of highways,4-wheel pickup truck,speeding,rear-end collision,3,0,1,foggy,14.84771454,100.10019870000001,straight road,no slope,2022-03-24T18:55:00Z
6609296,25.03.2022 03:55,27.07.2022 14:13,Chiang Rai,department of highways,4-wheel pickup truck,falling asleep,rollover/fallen on curved road,1,0,0,clear,19.69162729,99.57577585,wide curve,no slope,2022-03-24T20:55:00Z
6567872,25.03.2022 04:30,18.07.2022 13:52,Suphan Buri,department of highways,6-wheel truck,speeding,rear-end collision,2,0,1,clear,14.74243512,100.1011643,straight road,no slope,2022-03-24T21:30:00Z
7284262,25.03.2022 04:30,10.11.2022 13:48,Udon Thani,department of highways,other,speeding,rollover/fallen on straight road,1,0,0,clear,17.05051239,102.9170224,straight road,no slope,2022-03-24T21:30:00Z
7378876,25.03.2022 05:00,24.11.2022 11:30,Chiang Mai,department of highways,4-wheel pickup truck,speeding,rollover/fallen on curved road,1,0,0,clear,18.44382021,98.6771044,wide curve,no slope,2022-03-24T22:00:00Z
6031822,25.03.2022 05:30,4.04.2022 09:56,Samut Prakan,expressway authority of thailand,4-wheel pickup truck,other,rear-end collision,2,0,0,clear,13.621487,100.736491,straight road,other,2022-03-24T22:30:00Z
6897471,25.03.2022 05:30,13.09.2022 15:01,Khon Kaen,department of highways,4-wheel pickup truck,speeding,rollover/fallen on straight road,1,0,3,clear,15.97741759,102.6948067,straight road,no slope,2022-03-24T22:30:00Z
7551771,25.03.2022 06:00,5.01.2023 13:10,Surat Thani,department of highways,private/passenger car,speeding,rollover/fallen on straight road,1,0,0,clear,9.10824635,99.33204888,straight road,no slope,2022-03-24T23:00:00Z
7542783,25.03.2022 07:10,3.01.2023 14:36,Prachin Buri,department of highways,6-wheel truck,speeding,rear-end collision,2,0,0,clear,14.30013916,101.8751988,wide curve,no slope,2022-03-25T00:10:00Z
7542860,25.03.2022 07:30,3.01.2023 14:53,Sa Kaeo,department of highways,private/passenger car,speeding,rollover/fallen on straight road,1,0,1,clear,13.75622878,102.2840157,straight road,no slope,2022-03-25T00:30:00Z
6009337,25.03.2022 07:50,31.03.2022 08:25,Bangkok,department of highways,van,speeding,rear-end collision,2,0,1,clear,13.85841128,100.6759617,straight road,no slope,2022-03-25T00:50:00Z
5975177,25.03.2022 08:00,25.03.2022 09:54,Samut Prakan,department of highways,private/passenger car,speeding,rear-end collision,2,1,0,clear,13.50835254,100.7194188,straight road,no slope,2022-03-25T01:00:00Z
5993116,25.03.2022 08:00,28.03.2022 13:50,Nakhon Sawan,department of highways,4-wheel pickup truck,cutting in closely by people/vehicles/animals,rollover/fallen on straight road,1,0,1,clear,15.71760339,100.1176759,straight road,no slope,2022-03-25T01:00:00Z
6237859,25.03.2022 08:00,20.05.2022 07:19,Tak,department of highways,4-wheel pickup truck,vehicle equipment failure,rollover/fallen on straight road,1,0,0,clear,17.09182666,99.07306819,straight road,no slope,2022-03-25T01:00:00Z
6538558,25.03.2022 08:06,12.07.2022 12:44,Pathum Thani,department of highways,large truck with trailer,speeding,rollover/fallen on straight road,1,0,0,clear,13.9800938,100.7133221,straight road,no slope,2022-03-25T01:06:00Z
6567806,25.03.2022 08:20,18.07.2022 13:31,Suphan Buri,department of highways,4-wheel pickup truck,cutting in closely by people/vehicles/animals,rear-end collision,2,0,1,clear,14.46357855,100.1311326,straight road,no slope,2022-03-25T01:20:00Z
6031814,25.03.2022 08:30,4.04.2022 09:54,Samut Prakan,expressway authority of thailand,4-wheel pickup truck,other,rear-end collision,2,0,0,rainy,13.61262,100.658905,straight road,other,2022-03-25T01:30:00Z
6609226,25.03.2022 08:30,27.07.2022 14:04,Phrae,department of highways,4-wheel pickup truck,overloaded vehicle,rollover/fallen on straight road,1,0,0,clear,18.41650352,100.1820248,other,other,2022-03-25T01:30:00Z
7527407,25.03.2022 08:30,31.12.2022 10:56,Sakon Nakhon,department of highways,4-wheel pickup truck,speeding,rollover/fallen on straight road,1,0,1,clear,16.99928315,103.9642131,straight road,no slope,2022-03-25T01:30:00Z
7455282,25.03.2022 09:00,13.12.2022 08:44,Ratchaburi,department of highways,6-wheel truck,speeding,rollover/fallen on straight road,1,0,0,clear,13.54695054,99.84057425,straight road,no slope,2022-03-25T02:00:00Z
7541605,25.03.2022 09:00,3.01.2023 09:45,Nakhon Ratchasima,department of highways,other,speeding,rollover/fallen on straight road,1,0,0,clear,14.66154981,101.3983718,straight road,no slope,2022-03-25T02:00:00Z
7544380,25.03.2022 09:15,4.01.2023 13:29,Narathiwat,department of highways,7-10-wheel truck,speeding,rollover/fallen on straight road,1,0,0,clear,6.345763915,101.7697343,other,other,2022-03-25T02:15:00Z
6950259,25.03.2022 10:00,21.09.2022 11:05,Phuket,department of highways,large passenger vehicle,speeding,rollover/fallen on straight road,3,0,0,clear,7.824513559,98.34050863,other,other,2022-03-25T03:00:00Z
6585104,25.03.2022 10:20,21.07.2022 10:41,Phra Nakhon Si Ayutthaya,department of highways,4-wheel pickup truck,vehicle equipment failure,rollover/fallen on straight road,1,0,1,clear,14.38240642,100.6052425,straight road,no slope,2022-03-25T03:20:00Z
5987496,25.03.2022 10:34,27.03.2022 13:05,Bangkok,department of highways,private/passenger car,speeding,rear-end collision,4,0,0,rainy,13.73372335,100.6932807,straight road,no slope,2022-03-25T03:34:00Z
6021886,25.03.2022 11:30,2.04.2022 11:32,Chon Buri,department of highways,4-wheel pickup truck,speeding,rollover/fallen on straight road,1,0,0,clear,13.34001951,101.0249171,straight road,no slope,2022-03-25T04:30:00Z
6226620,25.03.2022 12:00,18.05.2022 13:24,Nong Bua Lam Phu,department of highways,large truck with trailer,speeding,collision with obstruction (on road surface),1,0,0,clear,16.8818096,102.5950742,other,other,2022-03-25T05:00:00Z
6538322,25.03.2022 12:20,12.07.2022 11:41,Chachoengsao,department of highways,private/passenger car,speeding,rollover/fallen on straight road,1,0,2,clear,13.54724519,101.0021397,straight road,no slope,2022-03-25T05:20:00Z
6218377,25.03.2022 13:00,17.05.2022 07:11,Nakhon Si Thammarat,department of highways,motorcycle,cutting in closely by people/vehicles/animals,rear-end collision,2,1,0,clear,8.650043316,99.79279874,other,other,2022-03-25T06:00:00Z
7542550,25.03.2022 13:00,3.01.2023 13:50,Nakhon Ratchasima,department of highways,other,speeding,rollover/fallen on straight road,1,0,0,clear,14.94654319,102.0119968,straight road,no slope,2022-03-25T06:00:00Z
7446722,25.03.2022 14:00,9.12.2022 09:35,Bangkok,department of highways,private/passenger car,illegal overtaking,rear-end collision,3,0,0,clear,13.78514357,100.5597704,straight road,no slope,2022-03-25T07:00:00Z
6607905,25.03.2022 14:10,27.07.2022 09:17,Uttaradit,department of highways,4-wheel pickup truck,speeding,rollover/fallen on straight road,1,0,0,clear,17.76141549,100.1321572,straight road,no slope,2022-03-25T07:10:00Z
6237840,25.03.2022 14:19,20.05.2022 07:12,Sukhothai,department of highways,motorcycle,speeding,rollover/fallen on straight road,1,0,1,clear,17.00927107,99.80411767,straight road,no slope,2022-03-25T07:19:00Z
7542556,25.03.2022 14:20,3.01.2023 13:53,Nakhon Ratchasima,department of highways,4-wheel pickup truck,speeding,rollover/fallen on straight road,1,0,2,rainy,14.65311891,101.3625401,straight road,no slope,2022-03-25T07:20:00Z
6538641,25.03.2022 14:49,12.07.2022 13:03,Bangkok,department of highways,private/passenger car,speeding,rear-end collision,3,0,0,clear,13.73062536,100.7209128,straight road,no slope,2022-03-25T07:49:00Z
6361714,25.03.2022 15:00,13.06.2022 08:21,Maha Sarakham,department of highways,7-10-wheel truck,speeding,rollover/fallen on straight road,1,0,0,clear,16.19913588,103.2577944,straight road,no slope,2022-03-25T08:00:00Z
6918132,25.03.2022 15:00,16.09.2022 13:01,Songkhla,department of highways,private/passenger car,speeding,rollover/fallen on straight road,1,0,1,clear,7.05751926,100.4841918,straight road,no slope,2022-03-25T08:00:00Z
7378310,25.03.2022 15:15,24.11.2022 09:19,Phuket,department of highways,private/passenger car,falling asleep,rollover/fallen on straight road,1,0,0,clear,8.17102783,98.29929112,straight road,no slope,2022-03-25T08:15:00Z
6902945,25.03.2022 15:30,14.09.2022 10:24,Nakhon Ratchasima,department of highways,motorcycle,speeding,rear-end collision,2,0,1,clear,14.95992896,101.6784239,straight road,no slope,2022-03-25T08:30:00Z
6226601,25.03.2022 16:10,18.05.2022 13:16,Phatthalung,department of highways,4-wheel pickup truck,speeding,rollover/fallen on curved road,1,1,1,clear,7.671670701,100.0171199,wide curve,no slope,2022-03-25T09:10:00Z
7567103,25.03.2022 16:20,23.01.2023 10:28,Phangnga,department of highways,4-wheel pickup truck,speeding,rollover/fallen on straight road,1,1,0,rainy,8.500948668,98.62975536,straight road,no slope,2022-03-25T09:20:00Z
7527383,25.03.2022 18:20,31.12.2022 10:54,Sakon Nakhon,department of highways,6-wheel truck,speeding,rear-end collision,2,0,1,rainy,17.11436834,104.0117875,wide curve,no slope,2022-03-25T11:20:00Z
7567125,25.03.2022 18:30,23.01.2023 10:43,Phangnga,department of highways,4-wheel pickup truck,speeding,rollover/fallen on straight road,1,0,2,clear,8.450537982,98.58405857,straight road,no slope,2022-03-25T11:30:00Z
6015601,25.03.2022 19:00,1.04.2022 10:40,Chon Buri,department of highways,4-wheel pickup truck,speeding,rear-end collision,4,0,2,clear,13.14806057,100.9858319,straight road,no slope,2022-03-25T12:00:00Z
6238638,25.03.2022 19:30,20.05.2022 09:58,Samut Songkhram,department of highways,motorcycle,cutting in closely by people/vehicles/animals,rear-end collision,2,0,1,clear,13.42529913,100.0000772,straight road,no slope,2022-03-25T12:30:00Z
5992595,25.03.2022 19:45,28.03.2022 11:29,Suphan Buri,department of highways,private/passenger car,speeding,head-on collision (not overtaking),2,0,4,foggy,14.86922469,100.028817,straight road,no slope,2022-03-25T12:45:00Z
6538683,25.03.2022 20:49,12.07.2022 13:10,Bangkok,department of highways,private/passenger car,speeding,rear-end collision,2,0,0,clear,13.79994899,100.6809586,straight road,no slope,2022-03-25T13:49:00Z
6608093,25.03.2022 21:50,27.07.2022 09:49,Phichit,department of highways,4-wheel pickup truck,speeding,rollover/fallen on straight road,1,1,1,clear,16.09195947,100.2702132,straight road,no slope,2022-03-25T14:50:00Z
7380435,25.03.2022 21:50,24.11.2022 14:31,Phichit,department of highways,4-wheel pickup truck,speeding,rollover/fallen on straight road,1,1,1,clear,16.04303466,100.3422198,straight road,no slope,2022-03-25T14:50:00Z
7455740,25.03.2022 22:00,13.12.2022 11:21,Prachuap Khiri Khan,department of highways,private/passenger car,speeding,collision with obstruction (on road surface),3,0,0,clear,12.16956811,99.84405308,straight road,no slope,2022-03-25T15:00:00Z
7379355,25.03.2022 22:30,24.11.2022 13:26,Khon Kaen,department of highways,4-wheel pickup truck,speeding,rollover/fallen on curved road,1,0,0,clear,16.64476499,101.9516981,wide curve,no slope,2022-03-25T15:30:00Z
7331289,25.03.2022 23:14,18.05.2022 13:27,Phatthalung,department of highways,4-wheel pickup truck,speeding,rollover/fallen on straight road,1,0,1,clear,7.538958021,100.040254,straight road,no slope,2022-03-25T16:14:00Z
6538618,25.03.2022 23:45,12.07.2022 12:57,Chon Buri,department of highways,4-wheel pickup truck,speeding,rollover/fallen on straight road,1,0,0,clear,13.1578367,100.9877792,straight road,no slope,2022-03-25T16:45:00Z
7527360,26.03.2022 01:00,31.12.2022 10:45,Sakon Nakhon,department of highways,4-wheel pickup truck,speeding,rear-end collision,2,1,0,rainy,17.26294726,104.1208809,straight road,no slope,2022-03-25T18:00:00Z
6225903,26.03.2022 01:10,18.05.2022 10:45,Chiang Mai,department of highways,private/passenger car,speeding,rollover/fallen on straight road,1,0,0,clear,18.89290063,99.01030718,straight road,no slope,2022-03-25T18:10:00Z
6724407,26.03.2022 01:10,15.08.2022 14:23,Suphan Buri,department of highways,private/passenger car,speeding,rollover/fallen on straight road,1,0,0,clear,14.46205398,100.1685119,straight road,no slope,2022-03-25T18:10:00Z
6144717,26.03.2022 01:20,26.04.2022 11:54,Chiang Mai,department of highways,private/passenger car,speeding,rollover/fallen on straight road,1,0,0,clear,18.78708805,99.02620195,straight road,no slope,2022-03-25T18:20:00Z
6579239,26.03.2022 01:20,20.07.2022 11:15,Ang Thong,department of highways,private/passenger car,speeding,rollover/fallen on straight road,1,0,0,clear,14.60510411,100.4143336,straight road,no slope,2022-03-25T18:20:00Z
5979775,26.03.2022 01:44,26.03.2022 02:47,Bangkok,expressway authority of thailand,other,other,rear-end collision,2,0,1,clear,13.75338992,100.5638621,y-intersection,other,2022-03-25T18:44:00Z
7544476,26.03.2022 02:30,4.01.2023 14:41,Songkhla,department of highways,private/passenger car,speeding,rollover/fallen on straight road,1,0,1,clear,6.747224475,100.4515681,straight road,no slope,2022-03-25T19:30:00Z
7446212,26.03.2022 03:00,9.12.2022 09:23,Pathum Thani,department of highways,6-wheel truck,falling asleep,rear-end collision,3,0,0,clear,14.08335855,100.570752,straight road,no slope,2022-03-25T20:00:00Z
7339060,26.03.2022 04:30,18.11.2022 13:32,Chaiyaphum,department of highways,4-wheel pickup truck,speeding,rollover/fallen on straight road,1,0,0,clear,16.59434874,101.9396093,straight road,no slope,2022-03-25T21:30:00Z
6178159,26.03.2022 05:00,10.05.2022 13:47,Kanchanaburi,department of highways,4-wheel pickup truck,speeding,rollover/fallen on straight road,1,0,1,clear,14.44775843,99.13321672,straight road,no slope,2022-03-25T22:00:00Z
6566984,26.03.2022 07:00,18.07.2022 10:33,Nakhon Si Thammarat,department of highways,4-wheel pickup truck,speeding,rollover/fallen on straight road,1,0,0,clear,8.413504397,99.84552024,straight road,no slope,2022-03-26T00:00:00Z
7446742,26.03.2022 07:00,9.12.2022 13:42,Chachoengsao,department of highways,other,speeding,rollover/fallen on straight road,1,0,0,clear,13.47264884,100.9988916,straight road,no slope,2022-03-26T00:00:00Z
7544490,26.03.2022 07:20,4.01.2023 14:48,Satun,department of highways,4-wheel pickup truck,speeding,rollover/fallen on straight road,1,0,1,clear,6.85363283,99.76706028,straight road,no slope,2022-03-26T00:20:00Z
7446867,26.03.2022 07:30,9.12.2022 13:48,Chachoengsao,department of highways,4-wheel pickup truck,speeding,rollover/fallen on straight road,1,0,0,clear,13.69479621,101.056492,other,other,2022-03-26T00:30:00Z
6591526,26.03.2022 08:00,22.07.2022 11:47,Chanthaburi,department of highways,private/passenger car,speeding,pedestrian collision,1,0,0,clear,12.88540187,102.2750759,wide curve,no slope,2022-03-26T01:00:00Z
6609122,26.03.2022 08:10,27.07.2022 13:44,Phrae,department of highways,4-wheel pickup truck,speeding,rollover/fallen on straight road,1,0,0,clear,18.2897825,100.2547127,wide curve,no slope,2022-03-26T01:10:00Z
6031249,26.03.2022 09:00,4.04.2022 06:58,Chai Nat,department of highways,private/passenger car,speeding,rollover/fallen on curved road,1,0,0,clear,14.97965044,100.0783199,wide curve,no slope,2022-03-26T02:00:00Z
7331291,26.03.2022 09:09,20.09.2022 13:13,Nakhon Ratchasima,department of highways,4-wheel pickup truck,cutting in closely by people/vehicles/animals,collision at intersection corner,3,0,1,clear,14.67291505,102.0152101,other,other,2022-03-26T02:09:00Z
7446146,26.03.2022 09:30,9.12.2022 09:46,Bangkok,department of highways,private/passenger car,speeding,rear-end collision,2,0,1,clear,13.82496602,100.5581499,straight road,no slope,2022-03-26T02:30:00Z
6004911,26.03.2022 09:40,30.03.2022 13:52,Chon Buri,department of highways,private/passenger car,speeding,rear-end collision,3,0,0,clear,13.17940654,100.9949729,straight road,no slope,2022-03-26T02:40:00Z
6225895,26.03.2022 10:06,18.05.2022 10:48,Yasothon,department of highways,4-wheel pickup truck,speeding,rollover/fallen on straight road,1,0,1,clear,15.63588741,104.3409884,straight road,no slope,2022-03-26T03:06:00Z
6015702,26.03.2022 11:30,1.04.2022 11:03,Udon Thani,department of highways,6-wheel truck,falling asleep,rear-end collision,2,0,1,clear,17.67137972,102.5073901,straight road,no slope,2022-03-26T04:30:00Z
6226971,26.03.2022 11:40,18.05.2022 14:37,Lampang,department of highways,large truck with trailer,speeding,rollover/fallen on straight road,1,0,0,clear,18.09898809,99.3985167,straight road,no slope,2022-03-26T04:40:00Z
6238636,26.03.2022 12:30,20.05.2022 09:56,Samut Sakhon,department of highways,motorcycle,speeding,rear-end collision,2,0,1,clear,13.44720518,100.0759783,straight road,no slope,2022-03-26T05:30:00Z
7542690,26.03.2022 12:50,3.01.2023 14:16,Nakhon Ratchasima,department of highways,4-wheel pickup truck,speeding,rollover/fallen on straight road,1,0,0,clear,14.73946248,102.373395,straight road,no slope,2022-03-26T05:50:00Z
6148259,26.03.2022 13:27,3.05.2022 07:58,Chiang Mai,department of highways,4-wheel pickup truck,speeding,rollover/fallen on curved road,1,0,1,clear,19.48227055,99.02311741,wide curve,no slope,2022-03-26T06:27:00Z
6184293,26.03.2022 14:00,11.05.2022 11:08,Chai Nat,department of highways,private/passenger car,speeding,rollover/fallen on straight road,1,0,1,clear,15.01387044,100.2033108,straight road,no slope,2022-03-26T07:00:00Z
6602354,26.03.2022 14:20,26.07.2022 14:01,Nan,department of highways,private/passenger car,speeding,rollover/fallen on straight road,1,0,1,clear,18.68342207,100.7475498,straight road,no slope,2022-03-26T07:20:00Z
7455225,26.03.2022 14:30,13.12.2022 08:42,Ratchaburi,department of highways,4-wheel pickup truck,speeding,head-on collision (not overtaking),2,0,1,clear,13.54291657,99.84195559,straight road,no slope,2022-03-26T07:30:00Z
7542786,26.03.2022 14:50,3.01.2023 14:36,Prachin Buri,department of highways,private/passenger car,speeding,rear-end collision,2,0,1,clear,14.11606859,101.3253057,straight road,no slope,2022-03-26T07:50:00Z
7511399,26.03.2022 15:00,27.12.2022 11:23,Krabi,department of highways,large truck with trailer,speeding,rollover/fallen on straight road,1,0,0,clear,7.998685346,99.12687867,straight road,no slope,2022-03-26T08:00:00Z
6937172,26.03.2022 15:30,19.09.2022 11:13,Prachuap Khiri Khan,department of highways,4-wheel pickup truck,speeding,rollover/fallen on curved road,1,0,2,clear,11.93210425,99.81160639,wide curve,no slope,2022-03-26T08:30:00Z
7558043,26.03.2022 15:34,12.01.2023 12:51,Chon Buri,department of highways,private/passenger car,speeding,rollover/fallen on straight road,1,0,0,clear,13.46960743,101.0459751,straight road,no slope,2022-03-26T08:34:00Z
6022423,26.03.2022 15:45,2.04.2022 14:19,Chon Buri,department of highways,4-wheel pickup truck,speeding,rollover/fallen on straight road,1,0,0,clear,13.46960743,101.0459751,straight road,no slope,2022-03-26T08:45:00Z
6566207,26.03.2022 15:45,1.04.2022 09:48,Trang,department of rural roads,private/passenger car,cutting in closely by people/vehicles/animals,other,2,1,0,clear,7.537571,99.505369,straight road,no slope,2022-03-26T08:45:00Z
6144617,26.03.2022 16:00,26.04.2022 09:16,Chiang Mai,department of highways,4-wheel pickup truck,speeding,side collision,1,0,1,clear,18.15678329,98.63568841,wide curve,slope area,2022-03-26T09:00:00Z
6538660,26.03.2022 16:23,12.07.2022 13:06,Bangkok,department of highways,4-wheel pickup truck,speeding,rear-end collision,3,0,0,clear,13.73121422,100.715484,straight road,no slope,2022-03-26T09:23:00Z
7542692,26.03.2022 16:30,3.01.2023 14:17,Nakhon Ratchasima,department of highways,4-wheel pickup truck,speeding,rollover/fallen on straight road,1,0,0,clear,14.74492266,102.2069773,straight road,no slope,2022-03-26T09:30:00Z
6943667,26.03.2022 17:25,20.09.2022 10:37,Suphan Buri,department of highways,4-wheel pickup truck,vehicle equipment failure,rollover/fallen on straight road,1,0,0,clear,14.28634271,100.2408832,straight road,no slope,2022-03-26T10:25:00Z
5987681,26.03.2022 17:44,27.03.2022 13:51,Bangkok,department of highways,6-wheel truck,speeding,rear-end collision,2,0,0,clear,13.73236847,100.7077727,straight road,no slope,2022-03-26T10:44:00Z
5998369,26.03.2022 18:20,29.03.2022 11:45,Ubon Ratchathani,department of highways,4-wheel pickup truck,speeding,rollover/fallen on straight road,1,0,0,clear,15.42365311,104.7826061,straight road,no slope,2022-03-26T11:20:00Z
6567761,26.03.2022 19:00,18.07.2022 13:22,Suphan Buri,department of highways,large truck with trailer,speeding,collision with obstruction (on road surface),2,1,0,clear,14.50551937,100.1315456,straight road,no slope,2022-03-26T12:00:00Z
6782629,26.03.2022 19:15,25.08.2022 09:05,Pathum Thani,department of highways,large truck with trailer,speeding,rollover/fallen on straight road,1,0,0,rainy,14.07997386,100.5020687,straight road,no slope,2022-03-26T12:15:00Z
6233248,26.03.2022 19:50,19.05.2022 13:22,Surat Thani,department of highways,private/passenger car,speeding,rear-end collision,2,0,4,clear,9.052811275,99.17791842,other,other,2022-03-26T12:50:00Z
7564970,26.03.2022 20:00,20.01.2023 06:43,Bangkok,department of highways,motorcycle,speeding,rear-end collision,2,0,1,clear,13.6658162,100.6461704,other,other,2022-03-26T13:00:00Z
6551002,26.03.2022 21:30,14.07.2022 20:20,Udon Thani,department of highways,4-wheel pickup truck,speeding,rollover/fallen on curved road,1,0,0,clear,17.16855154,102.9505098,wide curve,slope area,2022-03-26T14:30:00Z
6237913,26.03.2022 22:00,20.05.2022 07:25,Tak,department of highways,4-wheel pickup truck,running red lights/traffic signals,collision at intersection corner,2,0,7,clear,16.88195846,99.11377071,other,other,2022-03-26T15:00:00Z
7446801,26.03.2022 22:30,9.12.2022 11:03,Chachoengsao,department of highways,4-wheel pickup truck,speeding,collision with obstruction (on road surface),2,0,1,clear,13.77084651,101.5216622,straight road,no slope,2022-03-26T15:30:00Z
7515218,26.03.2022 22:30,28.12.2022 13:52,Lamphun,department of highways,4-wheel pickup truck,speeding,rollover/fallen on straight road,1,0,0,clear,18.54945044,99.03566747,other,other,2022-03-26T15:30:00Z
7414949,26.03.2022 22:40,28.11.2022 11:01,Surin,department of highways,other,vehicle equipment failure,other,1,0,0,clear,15.30238626,103.290917,other,other,2022-03-26T15:40:00Z
6237889,26.03.2022 23:45,20.05.2022 07:21,Tak,department of highways,motorcycle,speeding,rollover/fallen on straight road,1,1,0,clear,16.86083914,99.13341253,straight road,no slope,2022-03-26T16:45:00Z
6549780,26.03.2022 23:50,14.07.2022 14:16,Udon Thani,department of highways,7-10-wheel truck,speeding,rollover/fallen on straight road,1,0,0,clear,17.06771048,102.8913939,straight road,no slope,2022-03-26T16:50:00Z
6602388,27.03.2022 00:30,26.07.2022 14:06,Nan,department of highways,private/passenger car,speeding,rollover/fallen on straight road,1,0,0,clear,18.70806158,100.7504466,straight road,no slope,2022-03-26T17:30:00Z
6031815,27.03.2022 00:44,4.04.2022 09:57,Amnat Charoen,department of highways,4-wheel pickup truck,speeding,rollover/fallen on straight road,1,0,1,clear,15.86742837,104.6266436,straight road,no slope,2022-03-26T17:44:00Z
6538218,27.03.2022 01:07,12.07.2022 11:24,Chon Buri,department of highways,private/passenger car,speeding,rollover/fallen on straight road,1,0,0,clear,12.94805449,100.9308761,straight road,no slope,2022-03-26T18:07:00Z