acc_code,incident_datetime,report_datetime,province_en,agency,vehicle_type,presumed_cause,accident_type,number_of_vehicles_involved,number_of_fatalities,number_of_injuries,weather_condition,latitude,longitude,road_description,slope_description,incident_time
6700755,27.03.2022 01:10,11.08.2022 08:44,Saraburi,department of highways,4-wheel pickup truck,falling asleep,rollover/fallen on straight road,1,0,2,clear,14.33810882,100.993385,straight road,no slope,2022-03-26T18:10:00Z
7331293,27.03.2022 02:00,14.09.2022 09:33,Samut Prakan,department of highways,large truck with trailer,speeding,rear-end collision,2,1,0,clear,13.57860712,100.8810514,straight road,no slope,2022-03-26T19:00:00Z
6149109,27.03.2022 03:00,5.05.2022 11:27,Kamphaeng Phet,department of highways,large truck with trailer,falling asleep,collision with obstruction (on road surface),2,1,0,clear,16.18590912,99.71217154,straight road,no slope,2022-03-26T20:00:00Z
6225647,27.03.2022 03:00,18.05.2022 10:04,Chiang Mai,department of highways,private/passenger car,speeding,rollover/fallen on straight road,1,0,0,clear,18.73491756,99.03725533,straight road,no slope,2022-03-26T20:00:00Z
6579281,27.03.2022 03:00,20.07.2022 11:20,Ang Thong,department of highways,4-wheel pickup truck,speeding,rollover/fallen on straight road,1,0,1,clear,14.50332774,100.4615593,straight road,no slope,2022-03-26T20:00:00Z
6015764,27.03.2022 03:30,1.04.2022 11:12,Bangkok,expressway authority of thailand,large truck with trailer,other,rear-end collision,2,0,0,clear,13.803698,100.616663,straight road,other,2022-03-26T20:30:00Z
7446804,27.03.2022 04:30,9.12.2022 13:46,Chachoengsao,department of highways,4-wheel pickup truck,speeding,rollover/fallen on straight road,1,0,0,clear,13.63782834,101.2976977,straight road,no slope,2022-03-26T21:30:00Z
7567124,27.03.2022 06:20,23.01.2023 10:42,Phangnga,department of highways,4-wheel pickup truck,speeding,rollover/fallen on straight road,1,0,1,clear,8.383483315,98.44896107,other,other,2022-03-26T23:20:00Z
7008224,27.03.2022 06:30,30.09.2022 12:21,Nan,department of highways,4-wheel pickup truck,speeding,rollover/fallen on curved road,1,0,0,clear,19.57390519,101.0378319,wide curve,no slope,2022-03-26T23:30:00Z
7544413,27.03.2022 09:00,4.01.2023 13:57,Yala,department of highways,motorcycle,unfamiliarity with the route/unskilled driving,rollover/fallen on straight road,1,0,1,clear,6.579325511,101.2615844,other,other,2022-03-27T02:00:00Z
7455817,27.03.2022 09:30,13.12.2022 11:26,Prachuap Khiri Khan,department of highways,7-10-wheel truck,speeding,rollover/fallen on straight road,1,0,0,clear,12.51094007,99.88415478,straight road,no slope,2022-03-27T02:30:00Z
7544439,27.03.2022 11:00,4.01.2023 14:20,Songkhla,department of highways,4-wheel pickup truck,speeding,rollover/fallen on straight road,1,0,0,clear,7.094488726,100.5648726,straight road,no slope,2022-03-27T04:00:00Z
6538665,27.03.2022 11:34,12.07.2022 13:06,Bangkok,department of highways,private/passenger car,speeding,rollover/fallen on straight road,1,0,0,clear,13.72965349,100.749945,straight road,no slope,2022-03-27T04:34:00Z
6904247,27.03.2022 11:47,14.09.2022 14:55,Buri Ram,department of highways,private/passenger car,falling asleep,rollover/fallen on straight road,1,0,1,clear,15.08148597,103.1670016,straight road,no slope,2022-03-27T04:47:00Z
7378826,27.03.2022 12:00,24.11.2022 10:35,Chiang Mai,department of highways,motorcycle,speeding,rollover/fallen on straight road,1,0,0,clear,18.89307065,99.010334,straight road,no slope,2022-03-27T05:00:00Z
6537580,27.03.2022 12:20,12.07.2022 09:04,Chachoengsao,department of highways,private/passenger car,speeding,rollover/fallen on straight road,1,0,0,clear,13.58766449,100.9682366,straight road,no slope,2022-03-27T05:20:00Z
6938093,27.03.2022 12:30,19.09.2022 14:44,Loburi,department of highways,large truck with trailer,falling asleep,rollover/fallen on straight road,1,0,0,clear,15.25146824,101.1747131,straight road,no slope,2022-03-27T05:30:00Z
6005290,27.03.2022 12:43,30.03.2022 15:17,Chon Buri,department of highways,4-wheel pickup truck,speeding,rear-end collision,2,0,0,clear,13.18636365,100.9970918,straight road,no slope,2022-03-27T05:43:00Z
6578652,27.03.2022 13:15,20.07.2022 09:37,Phra Nakhon Si Ayutthaya,department of highways,large truck with trailer,speeding,rear-end collision,2,0,1,clear,14.16489598,100.2913114,straight road,no slope,2022-03-27T06:15:00Z
6567762,27.03.2022 14:00,18.07.2022 13:24,Suphan Buri,department of highways,7-10-wheel truck,cutting in closely by people/vehicles/animals,rear-end collision,2,0,5,clear,14.84530336,99.84425961,other,other,2022-03-27T07:00:00Z
7425604,27.03.2022 14:10,2.12.2022 15:12,Nakhon Phanom,department of highways,4-wheel pickup truck,speeding,rear-end collision,2,0,0,clear,17.38608295,104.7622615,straight road,no slope,2022-03-27T07:10:00Z
7455340,27.03.2022 14:20,13.12.2022 09:25,Phetchaburi,department of highways,private/passenger car,speeding,rear-end collision,2,0,0,clear,13.22483306,99.82503353,straight road,no slope,2022-03-27T07:20:00Z
5988043,27.03.2022 14:49,27.03.2022 15:17,Bangkok,expressway authority of thailand,other,other,rear-end collision,2,0,0,clear,13.68787284,100.5217929,straight road,other,2022-03-27T07:49:00Z
6148261,27.03.2022 15:30,3.05.2022 07:56,Chiang Mai,department of highways,4-wheel pickup truck,speeding,rollover/fallen on straight road,1,0,0,clear,19.12449062,98.94713043,straight road,no slope,2022-03-27T08:30:00Z
6687592,27.03.2022 15:50,9.08.2022 14:16,Loburi,department of highways,private/passenger car,speeding,collision with obstruction (on road surface),1,0,0,clear,15.26190952,101.2029165,other,other,2022-03-27T08:50:00Z
7527335,27.03.2022 16:00,31.12.2022 10:40,Sakon Nakhon,department of highways,4-wheel pickup truck,speeding,head-on collision (not overtaking),4,0,2,clear,17.1656608,104.1010755,straight road,no slope,2022-03-27T09:00:00Z
6009920,27.03.2022 16:49,31.03.2022 11:22,Chon Buri,department of highways,4-wheel pickup truck,speeding,rear-end collision,2,0,0,clear,13.34389247,101.0273042,straight road,no slope,2022-03-27T09:49:00Z
7379371,27.03.2022 17:12,24.11.2022 13:34,Chiang Mai,department of highways,private/passenger car,speeding,rear-end collision,2,0,0,clear,18.87912285,99.03604029,straight road,no slope,2022-03-27T10:12:00Z
6296467,27.03.2022 17:30,2.06.2022 16:06,Nakhon Si Thammarat,department of highways,4-wheel pickup truck,speeding,rollover/fallen on straight road,1,0,0,clear,8.257071725,99.89384829,straight road,no slope,2022-03-27T10:30:00Z
6242153,27.03.2022 19:00,24.05.2022 10:20,Nakhon Pathom,department of highways,private/passenger car,speeding,rollover/fallen on curved road,1,0,0,clear,13.74119848,100.2397325,wide curve,no slope,2022-03-27T12:00:00Z
6538662,27.03.2022 19:12,12.07.2022 13:07,Samut Prakan,department of highways,private/passenger car,speeding,rear-end collision,3,0,0,clear,13.66644952,100.8494094,straight road,no slope,2022-03-27T12:12:00Z
7378836,27.03.2022 20:00,24.11.2022 10:56,Chiang Mai,department of highways,4-wheel pickup truck,speeding,rollover/fallen on straight road,1,0,0,clear,18.927316,98.99136542,straight road,no slope,2022-03-27T13:00:00Z
6061754,27.03.2022 21:10,9.04.2022 11:02,Chon Buri,department of highways,4-wheel pickup truck,speeding,rear-end collision,2,0,0,clear,13.22706552,101.0021961,straight road,no slope,2022-03-27T14:10:00Z
6538220,27.03.2022 21:20,12.07.2022 11:22,Chachoengsao,department of highways,4-wheel pickup truck,speeding,rear-end collision,2,0,1,clear,13.59622357,100.9534657,straight road,no slope,2022-03-27T14:20:00Z
6701026,27.03.2022 22:00,11.08.2022 09:18,Sing Buri,department of highways,4-wheel pickup truck,falling asleep,rollover/fallen on straight road,1,0,1,clear,15.01179014,100.3244099,straight road,no slope,2022-03-27T15:00:00Z
6585235,27.03.2022 22:15,21.07.2022 11:06,Phra Nakhon Si Ayutthaya,department of highways,private/passenger car,speeding,rear-end collision,3,0,1,clear,14.20434452,100.6640902,straight road,no slope,2022-03-27T15:15:00Z
6009387,27.03.2022 22:24,31.03.2022 08:51,Pathum Thani,department of highways,4-wheel pickup truck,speeding,rear-end collision,2,0,0,clear,13.96097052,100.7127508,straight road,no slope,2022-03-27T15:24:00Z
6237886,27.03.2022 23:00,20.05.2022 07:22,Tak,department of highways,private/passenger car,cutting in closely by people/vehicles/animals,rear-end collision,2,0,1,clear,16.95558039,98.56702118,other,other,2022-03-27T16:00:00Z
6032114,28.03.2022 00:20,4.04.2022 11:02,Ubon Ratchathani,department of highways,4-wheel pickup truck,speeding,rollover/fallen on straight road,1,1,0,rainy,15.32751599,104.8316851,straight road,no slope,2022-03-27T17:20:00Z
6572880,28.03.2022 00:20,19.07.2022 13:45,Phatthalung,department of highways,large truck with trailer,vehicle equipment failure,rollover/fallen on curved road,1,0,0,clear,7.451472656,100.0726792,other,other,2022-03-27T17:20:00Z
6080991,28.03.2022 01:10,12.04.2022 14:48,Nonthaburi,department of highways,private/passenger car,speeding,rollover/fallen on straight road,1,0,0,clear,13.90665821,100.5133554,straight road,no slope,2022-03-27T18:10:00Z
7544408,28.03.2022 01:30,4.01.2023 13:54,Pattani,department of highways,4-wheel pickup truck,speeding,rollover/fallen on straight road,1,0,0,clear,6.622057633,101.1885828,straight road,no slope,2022-03-27T18:30:00Z
7447376,28.03.2022 02:00,9.12.2022 14:28,Chumphon,department of highways,6-wheel truck,speeding,rollover/fallen on straight road,1,0,0,clear,10.59271505,99.12035017,straight road,no slope,2022-03-27T19:00:00Z
7380424,28.03.2022 02:30,24.11.2022 14:29,Uttaradit,department of highways,large truck with trailer,speeding,rollover/fallen on curved road,1,0,0,clear,18.10898949,101.0661882,sharp curve,no slope,2022-03-27T19:30:00Z
6782613,28.03.2022 03:40,25.08.2022 09:05,Pathum Thani,department of highways,large truck with trailer,falling asleep,rollover/fallen on straight road,1,0,2,clear,14.10818156,100.5701297,straight road,no slope,2022-03-27T20:40:00Z
7542876,28.03.2022 04:20,3.01.2023 14:56,Sa Kaeo,department of highways,4-wheel pickup truck,speeding,rollover/fallen on curved road,1,0,3,clear,13.89872755,102.4746913,wide curve,slope area,2022-03-27T21:20:00Z
7527435,28.03.2022 06:10,31.12.2022 11:02,Sakon Nakhon,department of highways,4-wheel pickup truck,speeding,rollover/fallen on straight road,1,0,0,clear,17.37827068,103.769077,straight road,no slope,2022-03-27T23:10:00Z
6701059,28.03.2022 07:00,11.08.2022 09:28,Loburi,department of highways,private/passenger car,speeding,rollover/fallen on straight road,1,0,0,clear,15.07937525,101.0388565,straight road,no slope,2022-03-28T00:00:00Z
7455810,28.03.2022 07:00,13.12.2022 11:25,Prachuap Khiri Khan,department of highways,4-wheel pickup truck,speeding,rollover/fallen on straight road,1,0,0,clear,11.55076316,99.63281839,straight road,no slope,2022-03-28T00:00:00Z
6276443,28.03.2022 07:40,30.05.2022 11:38,Phangnga,department of highways,4-wheel pickup truck,speeding,rollover/fallen on straight road,1,0,0,foggy,8.545233612,98.27111988,straight road,no slope,2022-03-28T00:40:00Z
7447511,28.03.2022 07:50,9.12.2022 14:32,Chumphon,department of highways,4-wheel pickup truck,speeding,rollover/fallen on curved road,1,0,0,clear,9.966348895,99.06859426,wide curve,slope area,2022-03-28T00:50:00Z
6006515,28.03.2022 07:55,30.03.2022 19:55,Phra Nakhon Si Ayutthaya,department of highways,6-wheel truck,speeding,rear-end collision,3,0,4,clear,14.18711231,100.6376463,straight road,no slope,2022-03-28T00:55:00Z
6538265,28.03.2022 08:00,12.07.2022 11:30,Chon Buri,department of highways,6-wheel truck,falling asleep,rollover/fallen on straight road,1,0,0,clear,13.11668447,100.9805077,straight road,no slope,2022-03-28T01:00:00Z
6591505,28.03.2022 08:00,22.07.2022 11:42,Chon Buri,department of highways,private/passenger car,speeding,rollover/fallen on straight road,1,0,1,clear,13.3915609,101.2160593,other,other,2022-03-28T01:00:00Z
6225331,28.03.2022 08:15,18.05.2022 09:00,Surin,department of highways,motorcycle,speeding,rollover/fallen on straight road,4,0,1,rainy,14.62955791,103.4044281,straight road,no slope,2022-03-28T01:15:00Z
7542588,28.03.2022 08:20,3.01.2023 13:57,Nakhon Ratchasima,department of highways,motorcycle,speeding,rear-end collision,2,0,2,clear,14.74256741,101.501154,wide curve,no slope,2022-03-28T01:20:00Z
6237843,28.03.2022 08:23,20.05.2022 07:11,Sukhothai,department of highways,motorcycle,speeding,rear-end collision,2,0,2,clear,17.01487525,99.7483009,straight road,no slope,2022-03-28T01:23:00Z
5992835,28.03.2022 10:13,28.03.2022 12:35,Samut Prakan,expressway authority of thailand,4-wheel pickup truck,other,rear-end collision,3,0,0,clear,13.61013,100.762677,y-intersection,other,2022-03-28T03:13:00Z
6033181,28.03.2022 11:20,4.04.2022 14:57,Sukhothai,department of highways,motorcycle,speeding,head-on collision (not overtaking),2,1,1,clear,17.06546946,99.82999562,straight road,no slope,2022-03-28T04:20:00Z
6585102,28.03.2022 11:35,21.07.2022 10:42,Phra Nakhon Si Ayutthaya,department of highways,4-wheel pickup truck,speeding,rear-end collision,2,1,0,clear,14.33486307,100.6186858,straight road,no slope,2022-03-28T04:35:00Z
7008153,28.03.2022 12:30,30.09.2022 12:10,Chon Buri,department of highways,4-wheel pickup truck,speeding,rollover/fallen on straight road,1,0,0,clear,13.22223241,101.2345639,straight road,no slope,2022-03-28T05:30:00Z
6003858,28.03.2022 12:40,30.03.2022 09:48,Bangkok,department of highways,private/passenger car,speeding,rear-end collision,2,0,0,clear,13.73151125,100.7136279,straight road,no slope,2022-03-28T05:40:00Z
6538224,28.03.2022 13:00,12.07.2022 11:24,Chon Buri,department of highways,private/passenger car,speeding,rollover/fallen on straight road,1,0,0,rainy,12.94357403,100.9131521,straight road,no slope,2022-03-28T06:00:00Z
5993428,28.03.2022 14:15,28.03.2022 14:55,Bangkok,expressway authority of thailand,4-wheel pickup truck,other,rear-end collision,2,0,2,clear,13.802777,100.616013,straight road,other,2022-03-28T07:15:00Z
6288899,28.03.2022 14:30,1.06.2022 10:58,Udon Thani,department of highways,private/passenger car,unfamiliarity with the route/unskilled driving,rollover/fallen on straight road,1,0,0,clear,17.11489128,102.5808638,straight road,no slope,2022-03-28T07:30:00Z
6591549,28.03.2022 14:30,22.07.2022 11:52,Chon Buri,department of highways,4-wheel pickup truck,speeding,rollover/fallen on curved road,1,0,0,clear,13.36253092,101.0166505,wide curve,no slope,2022-03-28T07:30:00Z
6009523,28.03.2022 14:37,31.03.2022 09:33,Pathum Thani,department of highways,private/passenger car,speeding,rear-end collision,3,0,2,clear,14.12837461,100.6709218,straight road,no slope,2022-03-28T07:37:00Z
6538597,28.03.2022 14:45,12.07.2022 12:50,Chon Buri,department of highways,private/passenger car,speeding,rear-end collision,2,0,0,rainy,13.16908021,100.991427,straight road,no slope,2022-03-28T07:45:00Z
7027162,28.03.2022 15:00,3.10.2022 10:59,Chumphon,department of highways,large truck with trailer,speeding,rollover/fallen on straight road,1,0,0,clear,9.949800658,99.06355439,other,other,2022-03-28T08:00:00Z
7544489,28.03.2022 15:00,4.01.2023 14:47,Satun,department of highways,4-wheel pickup truck,speeding,rollover/fallen on straight road,1,0,1,rainy,6.847166919,99.90959018,straight road,no slope,2022-03-28T08:00:00Z
6149546,28.03.2022 15:10,5.05.2022 14:46,Nakhon Sawan,department of highways,4-wheel pickup truck,falling asleep,rollover/fallen on straight road,1,0,0,clear,15.65301166,100.1863003,straight road,no slope,2022-03-28T08:10:00Z
6591502,28.03.2022 16:00,22.07.2022 11:40,Chon Buri,department of highways,large truck with trailer,speeding,rollover/fallen on straight road,1,0,0,rainy,13.24750137,101.1456245,other,other,2022-03-28T09:00:00Z
6910362,28.03.2022 16:14,15.09.2022 11:46,Nakhon Ratchasima,department of highways,6-wheel truck,falling asleep,rear-end collision,2,1,1,clear,14.36706903,101.8475962,straight road,slope area,2022-03-28T09:14:00Z
6538663,28.03.2022 16:38,12.07.2022 13:08,Bangkok,department of highways,4-wheel pickup truck,overloaded vehicle,other,1,0,0,clear,13.73244664,100.7860851,straight road,no slope,2022-03-28T09:38:00Z
6178194,28.03.2022 16:40,10.05.2022 13:54,Kanchanaburi,department of highways,motorcycle,debris/obstruction on the road,other,1,0,1,clear,14.63682449,98.71603398,straight road,no slope,2022-03-28T09:40:00Z
6237844,28.03.2022 16:57,20.05.2022 07:10,Sukhothai,department of highways,private/passenger car,cutting in closely by people/vehicles/animals,head-on collision (not overtaking),2,0,0,clear,17.30831658,99.81648533,other,other,2022-03-28T09:57:00Z
6148258,28.03.2022 17:15,3.05.2022 07:57,Chiang Mai,department of highways,private/passenger car,speeding,rear-end collision,2,0,0,clear,19.32305268,98.95344703,wide curve,slope area,2022-03-28T10:15:00Z
6113404,28.03.2022 17:30,17.04.2022 19:45,Chanthaburi,department of highways,4-wheel pickup truck,speeding,rollover/fallen on curved road,1,0,0,clear,12.52958063,102.1578634,other,other,2022-03-28T10:30:00Z
6237864,28.03.2022 17:30,20.05.2022 07:18,Tak,department of highways,4-wheel pickup truck,speeding,rollover/fallen on straight road,1,0,1,clear,17.02757061,99.09384726,straight road,no slope,2022-03-28T10:30:00Z
6178192,28.03.2022 18:00,10.05.2022 13:51,Kanchanaburi,department of highways,6-wheel truck,speeding,rollover/fallen on curved road,1,0,0,clear,15.05966039,98.57124834,wide curve,no slope,2022-03-28T11:00:00Z
6567677,28.03.2022 18:00,18.07.2022 13:03,Suphan Buri,department of highways,private/passenger car,speeding,rear-end collision,2,0,1,clear,14.61414938,100.1530838,straight road,no slope,2022-03-28T11:00:00Z
7446721,28.03.2022 18:30,9.12.2022 13:43,Chachoengsao,department of highways,4-wheel pickup truck,speeding,rollover/fallen on straight road,1,0,2,clear,13.71867336,101.4680394,straight road,no slope,2022-03-28T11:30:00Z
6004055,28.03.2022 19:00,30.03.2022 10:37,Kamphaeng Phet,department of highways,4-wheel pickup truck,speeding,rollover/fallen on straight road,1,0,0,rainy,16.59033873,99.42631243,straight road,no slope,2022-03-28T12:00:00Z
6031825,28.03.2022 19:14,4.04.2022 09:57,Chachoengsao,expressway authority of thailand,van,other,side collision,2,0,0,clear,13.557647,100.955783,straight road,other,2022-03-28T12:14:00Z
6149081,28.03.2022 20:30,5.05.2022 10:28,Udon Thani,department of highways,4-wheel pickup truck,speeding,rollover/fallen on straight road,1,0,0,clear,17.35084831,103.1056246,straight road,no slope,2022-03-28T13:30:00Z
6015533,28.03.2022 20:56,1.04.2022 10:29,Chon Buri,department of highways,4-wheel pickup truck,speeding,rear-end collision,2,0,0,clear,13.19070912,100.9984892,straight road,no slope,2022-03-28T13:56:00Z
6226956,28.03.2022 22:30,18.05.2022 14:30,Phetchabun,department of highways,4-wheel pickup truck,speeding,rollover/fallen on straight road,1,1,0,rainy,15.44295897,101.16256,straight road,no slope,2022-03-28T15:30:00Z
6227011,28.03.2022 22:30,18.05.2022 14:41,Lampang,department of highways,private/passenger car,unfamiliarity with the route/unskilled driving,rollover/fallen on straight road,1,0,1,clear,18.31911554,99.42694543,straight road,no slope,2022-03-28T15:30:00Z
6567742,28.03.2022 22:40,18.07.2022 13:17,Suphan Buri,department of highways,private/passenger car,speeding,rear-end collision,2,0,0,foggy,14.74903392,100.0263655,straight road,no slope,2022-03-28T15:40:00Z
7544385,28.03.2022 22:50,4.01.2023 13:32,Narathiwat,department of highways,4-wheel pickup truck,speeding,rear-end collision,2,1,1,clear,6.607603515,101.6241091,straight road,no slope,2022-03-28T15:50:00Z
6242154,28.03.2022 23:50,24.05.2022 10:22,Bangkok,department of highways,van,speeding,rollover/fallen on straight road,1,0,1,clear,13.82994898,100.6226688,other,other,2022-03-28T16:50:00Z
6538201,29.03.2022 00:10,12.07.2022 11:18,Chon Buri,department of highways,4-wheel pickup truck,speeding,rear-end collision,2,0,1,clear,13.41049309,101.0471284,straight road,no slope,2022-03-28T17:10:00Z
6937070,29.03.2022 03:00,19.09.2022 10:50,Kamphaeng Phet,department of highways,4-wheel pickup truck,speeding,rollover/fallen on curved road,1,0,2,clear,16.15800508,99.72135542,wide curve,no slope,2022-03-28T20:00:00Z
6918432,29.03.2022 04:00,16.09.2022 13:31,Songkhla,department of highways,4-wheel pickup truck,speeding,rollover/fallen on straight road,1,0,0,clear,6.943052038,100.4062521,straight road,no slope,2022-03-28T21:00:00Z
5996871,29.03.2022 04:09,29.03.2022 05:06,Bangkok,expressway authority of thailand,other,other,collision with obstruction (on road surface),1,0,1,clear,13.84281473,100.5338762,wide curve,other,2022-03-28T21:09:00Z
6073422,29.03.2022 04:15,11.04.2022 09:45,Phrae,department of highways,4-wheel pickup truck,speeding,rollover/fallen on straight road,1,0,3,clear,18.30252575,100.2865693,straight road,no slope,2022-03-28T21:15:00Z
7544398,29.03.2022 04:30,4.01.2023 13:45,Narathiwat,department of highways,4-wheel pickup truck,speeding,rollover/fallen on curved road,1,0,2,clear,6.057322196,102.0192602,wide curve,no slope,2022-03-28T21:30:00Z
6571820,29.03.2022 05:00,19.07.2022 08:48,Surat Thani,department of highways,7-10-wheel truck,speeding,rear-end collision,2,0,1,clear,9.447942643,99.15220408,straight road,no slope,2022-03-28T22:00:00Z
5997349,29.03.2022 05:33,29.03.2022 07:15,Samut Prakan,expressway authority of thailand,large truck with trailer,other,rear-end collision,2,0,1,clear,13.615367000000001,100.66066,straight road,other,2022-03-28T22:33:00Z
6225862,29.03.2022 06:10,18.05.2022 10:43,Roi Et,department of highways,4-wheel pickup truck,vehicle equipment failure,rollover/fallen on straight road,1,0,0,clear,16.10668714,103.6363882,connecting to public/commercial area,other,2022-03-28T23:10:00Z
6220458,29.03.2022 06:30,17.05.2022 14:56,Chiang Mai,department of highways,private/passenger car,speeding,rollover/fallen on straight road,1,0,0,clear,18.02625374,98.66258292,straight road,no slope,2022-03-28T23:30:00Z
6006152,29.03.2022 07:30,30.03.2022 18:35,Pathum Thani,department of highways,large truck with trailer,speeding,rollover/fallen on straight road,1,0,0,clear,13.99581654,100.7101706,straight road,no slope,2022-03-29T00:30:00Z
6003961,29.03.2022 07:46,30.03.2022 10:12,Bangkok,department of highways,van,speeding,rear-end collision,2,0,0,clear,13.73738408,100.6594419,straight road,no slope,2022-03-29T00:46:00Z
6567740,29.03.2022 08:30,18.07.2022 13:18,Suphan Buri,department of highways,other,speeding,rollover/fallen on straight road,1,0,0,clear,14.45700234,100.1310655,straight road,no slope,2022-03-29T01:30:00Z
6238632,29.03.2022 08:45,20.05.2022 09:55,Samut Songkhram,department of highways,private/passenger car,speeding,rear-end collision,5,0,0,clear,13.38770696,99.99537526,straight road,no slope,2022-03-29T01:45:00Z
6538221,29.03.2022 09:00,12.07.2022 11:21,Chachoengsao,department of highways,private/passenger car,speeding,rear-end collision,2,0,0,clear,13.57685766,100.9503865,straight road,no slope,2022-03-29T02:00:00Z
6233227,29.03.2022 11:45,19.05.2022 13:17,Surat Thani,department of highways,7-10-wheel truck,speeding,head-on collision (not overtaking),2,1,2,clear,9.007614636,99.03400986,straight road,no slope,2022-03-29T04:45:00Z
6237816,29.03.2022 12:21,20.05.2022 07:05,Sukhothai,department of highways,van,debris/obstruction on the road,other,1,0,0,clear,17.28066093,99.84417914,straight road,no slope,2022-03-29T05:21:00Z
6591417,29.03.2022 13:00,22.07.2022 11:24,Nonthaburi,department of highways,7-10-wheel truck,speeding,rollover/fallen on straight road,1,0,0,clear,13.96752993,100.4323071,straight road,no slope,2022-03-29T06:00:00Z
6591471,29.03.2022 13:30,22.07.2022 11:34,Rayong,department of highways,6-wheel truck,speeding,rollover/fallen on straight road,1,0,0,rainy,12.85678534,101.0912937,other,other,2022-03-29T06:30:00Z
7567899,29.03.2022 13:30,24.01.2023 07:21,Samut Sakhon,department of highways,4-wheel pickup truck,speeding,head-on collision (not overtaking),2,0,0,clear,13.63215374,100.0937399,other,other,2022-03-29T06:30:00Z
6602563,29.03.2022 13:50,26.07.2022 14:25,Nan,department of highways,private/passenger car,falling asleep,rollover/fallen on curved road,1,0,0,clear,19.17103432,100.8385277,wide curve,no slope,2022-03-29T06:50:00Z
6031220,29.03.2022 14:00,4.04.2022 06:50,Kanchanaburi,department of highways,private/passenger car,speeding,rear-end collision,2,0,1,clear,13.93822458,99.75605248,straight road,no slope,2022-03-29T07:00:00Z
6579980,29.03.2022 14:00,20.07.2022 14:07,Uthai Thani,department of highways,other,speeding,rollover/fallen on straight road,1,0,0,clear,15.63220926,99.66967999,straight road,no slope,2022-03-29T07:00:00Z
6226954,29.03.2022 14:15,18.05.2022 14:31,Phetchabun,department of highways,4-wheel pickup truck,vehicle equipment failure,rollover/fallen on straight road,1,0,1,clear,15.72014656,101.0161248,straight road,no slope,2022-03-29T07:15:00Z
6011131,29.03.2022 14:40,31.03.2022 15:50,Nakhon Sawan,department of highways,motorcycle,cutting in closely by people/vehicles/animals,rear-end collision,2,0,1,clear,15.68722229,100.05552110000001,connecting to public/commercial area,other,2022-03-29T07:40:00Z
7542571,29.03.2022 14:40,3.01.2023 13:56,Nakhon Ratchasima,department of highways,4-wheel pickup truck,speeding,rear-end collision,4,0,6,clear,15.26759961,101.7899743,straight road,no slope,2022-03-29T07:40:00Z
7413575,29.03.2022 16:30,25.11.2022 10:31,Ubon Ratchathani,department of highways,large passenger vehicle,speeding,rear-end collision,2,0,16,clear,15.23784591,105.2071005,straight road,no slope,2022-03-29T09:30:00Z
6032840,29.03.2022 16:40,4.04.2022 13:51,Bangkok,expressway authority of thailand,other,other,rear-end collision,3,0,0,clear,13.76277293,100.5441376,wide curve,other,2022-03-29T09:40:00Z
7527497,29.03.2022 17:00,31.12.2022 11:10,Sakon Nakhon,department of highways,4-wheel pickup truck,speeding,rollover/fallen on straight road,1,0,0,clear,17.69968892,103.9469182,straight road,no slope,2022-03-29T10:00:00Z
7542781,29.03.2022 17:30,3.01.2023 14:35,Prachin Buri,department of highways,4-wheel pickup truck,speeding,rollover/fallen on curved road,1,0,1,rainy,14.08109515,101.3680869,wide curve,no slope,2022-03-29T10:30:00Z
7372601,29.03.2022 18:00,23.11.2022 14:29,Tak,department of highways,4-wheel pickup truck,speeding,rollover/fallen on straight road,1,0,0,clear,16.74118097,98.57551573,straight road,no slope,2022-03-29T11:00:00Z
6538639,29.03.2022 18:22,12.07.2022 13:01,Bangkok,department of highways,private/passenger car,speeding,rear-end collision,2,0,1,clear,13.73693594,100.7028964,straight road,no slope,2022-03-29T11:22:00Z
6242189,29.03.2022 18:40,24.05.2022 11:03,Loburi,department of highways,4-wheel pickup truck,overloaded vehicle,rollover/fallen on straight road,1,0,0,clear,14.93242574,100.6097191,straight road,no slope,2022-03-29T11:40:00Z
6538638,29.03.2022 19:29,12.07.2022 13:00,Bangkok,department of highways,4-wheel pickup truck,speeding,rear-end collision,4,0,1,clear,13.73155294,100.7133329,straight road,no slope,2022-03-29T12:29:00Z
6225898,29.03.2022 19:50,18.05.2022 10:47,Roi Et,department of highways,private/passenger car,speeding,rear-end collision,5,0,3,clear,16.13312203,103.6266491,straight road,no slope,2022-03-29T12:50:00Z
6237893,29.03.2022 21:00,20.05.2022 07:20,Tak,department of highways,large truck with trailer,vehicle equipment failure,rollover/fallen on straight road,1,0,0,clear,16.79632435,99.00981902,straight road,no slope,2022-03-29T14:00:00Z
6023474,29.03.2022 21:30,2.04.2022 18:49,Bangkok,department of highways,4-wheel pickup truck,speeding,rollover/fallen on straight road,1,0,5,clear,13.83002191,100.6743684,straight road,no slope,2022-03-29T14:30:00Z
6579241,29.03.2022 22:30,20.07.2022 11:18,Ang Thong,department of highways,4-wheel pickup truck,speeding,rear-end collision,2,0,1,clear,14.58822728,100.4793048,straight road,no slope,2022-03-29T15:30:00Z
6220464,29.03.2022 22:50,17.05.2022 14:59,Chiang Mai,department of highways,4-wheel pickup truck,speeding,rollover/fallen on straight road,1,0,1,clear,18.75879781,99.01013015,straight road,no slope,2022-03-29T15:50:00Z