acc_code,incident_datetime,report_datetime,province_en,agency,vehicle_type,presumed_cause,accident_type,number_of_vehicles_involved,number_of_fatalities,number_of_injuries,weather_condition,latitude,longitude,road_description,slope_description,incident_time
7527683,30.03.2022 01:30,31.12.2022 11:44,Nong Khai,department of highways,motorcycle,unfamiliarity with the route/unskilled driving,collision with obstruction (on road surface),1,1,0,clear,17.81286314,102.756688,straight road,no slope,2022-03-29T18:30:00Z
6567720,30.03.2022 02:00,18.07.2022 13:11,Suphan Buri,department of highways,6-wheel truck,speeding,rear-end collision,2,0,1,clear,14.39124514,100.1717573,straight road,no slope,2022-03-29T19:00:00Z
6579455,30.03.2022 02:00,20.07.2022 11:51,Suphan Buri,department of highways,4-wheel pickup truck,speeding,rollover/fallen on curved road,1,0,0,clear,14.20698372,100.030126,wide curve,no slope,2022-03-29T19:00:00Z
7455610,30.03.2022 03:00,13.12.2022 11:06,Prachuap Khiri Khan,department of highways,private/passenger car,speeding,rollover/fallen on straight road,1,0,0,clear,12.49706678,99.96908693,straight road,no slope,2022-03-29T20:00:00Z
7544435,30.03.2022 03:00,4.01.2023 14:18,Songkhla,department of highways,4-wheel pickup truck,speeding,rollover/fallen on straight road,1,0,2,clear,7.414200028,100.4601619,straight road,no slope,2022-03-29T20:00:00Z
6144739,30.03.2022 03:25,26.04.2022 13:25,Surat Thani,department of highways,4-wheel pickup truck,speeding,rollover/fallen on straight road,1,1,2,clear,9.583940172,99.12867038,straight road,no slope,2022-03-29T20:25:00Z
6585078,30.03.2022 03:30,21.07.2022 10:39,Bangkok,department of highways,4-wheel pickup truck,speeding,rollover/fallen on straight road,1,0,1,clear,13.91937119,100.601128,straight road,no slope,2022-03-29T20:30:00Z
6567743,30.03.2022 04:30,18.07.2022 13:15,Suphan Buri,department of highways,large truck with trailer,speeding,rollover/fallen on straight road,1,0,0,foggy,14.88032244,99.95388685,straight road,no slope,2022-03-29T21:30:00Z
7455707,30.03.2022 05:00,13.12.2022 11:09,Prachuap Khiri Khan,department of highways,4-wheel pickup truck,speeding,rollover/fallen on straight road,1,0,0,clear,12.48116056,99.97124879,straight road,no slope,2022-03-29T22:00:00Z
7331299,30.03.2022 06:15,10.11.2022 13:46,Udon Thani,department of highways,private/passenger car,speeding,rollover/fallen on straight road,1,0,1,clear,17.34288604,102.8307813,straight road,no slope,2022-03-29T23:15:00Z
6428297,30.03.2022 06:30,24.06.2022 09:42,Phetchabun,department of highways,private/passenger car,speeding,rollover/fallen on curved road,1,0,0,clear,16.7644812,101.522845,wide curve,slope area,2022-03-29T23:30:00Z
7455374,30.03.2022 07:00,13.12.2022 09:23,Phetchaburi,department of highways,7-10-wheel truck,speeding,rollover/fallen on straight road,1,0,0,clear,13.2044632,99.82840239,straight road,no slope,2022-03-30T00:00:00Z
7567185,30.03.2022 07:10,23.01.2023 11:29,Phuket,department of highways,4-wheel pickup truck,falling asleep,rollover/fallen on straight road,1,0,0,clear,8.185544995,98.28909068,straight road,no slope,2022-03-30T00:10:00Z
6566222,30.03.2022 07:20,8.04.2022 15:33,Khon Kaen,department of rural roads,4-wheel pickup truck,abrupt lane change,other,2,1,0,rainy,16.13777,102.528993,four-way intersection,other,2022-03-30T00:20:00Z
7511322,30.03.2022 07:50,27.12.2022 11:17,Krabi,department of highways,4-wheel pickup truck,running red lights/traffic signals,rollover/fallen on straight road,1,0,0,clear,8.225275993,98.80849242,straight road,no slope,2022-03-30T00:50:00Z
7378493,30.03.2022 07:54,24.11.2022 09:45,Chiang Mai,department of highways,4-wheel pickup truck,speeding,rear-end collision,2,0,1,clear,18.945250390000002,98.943233179999993,straight road,no slope,2022-03-30T00:54:00Z
6237862,30.03.2022 07:55,20.05.2022 07:17,Tak,department of highways,large truck with trailer,speeding,rear-end collision,2,1,1,clear,16.79689954,99.15487288,straight road,no slope,2022-03-30T00:55:00Z
6538245,30.03.2022 08:51,12.07.2022 11:26,Samut Prakan,department of highways,private/passenger car,vehicle equipment failure,other,1,0,0,clear,13.61873954,100.9236422,straight road,no slope,2022-03-30T01:51:00Z
6178134,30.03.2022 09:00,10.05.2022 13:42,Kanchanaburi,department of highways,4-wheel pickup truck,speeding,rollover/fallen on straight road,1,0,1,clear,13.87020509,99.60847734,straight road,no slope,2022-03-30T02:00:00Z
6538243,30.03.2022 09:55,12.07.2022 11:27,Samut Prakan,department of highways,private/passenger car,speeding,rollover/fallen on straight road,1,0,0,clear,13.67088535,100.8425242,straight road,no slope,2022-03-30T02:55:00Z
6004341,30.03.2022 10:00,30.03.2022 11:42,Bangkok,department of highways,private/passenger car,speeding,rear-end collision,3,0,4,clear,13.77118778,100.6907058,straight road,no slope,2022-03-30T03:00:00Z
6225893,30.03.2022 10:00,18.05.2022 10:46,Maha Sarakham,department of highways,motorcycle,running red lights/traffic signals,rear-end collision,2,0,2,clear,16.05357479,102.9993769,other,other,2022-03-30T03:00:00Z
6184170,30.03.2022 11:00,11.05.2022 10:42,Surin,department of highways,other,speeding,rollover/fallen on straight road,1,0,0,clear,14.62101937,103.8379803,straight road,no slope,2022-03-30T04:00:00Z
6031258,30.03.2022 11:30,4.04.2022 06:57,Kanchanaburi,department of highways,4-wheel pickup truck,ignoring stop sign while leaving intersection,head-on collision (not overtaking),3,0,2,clear,14.44480259,98.86555104,wide curve,no slope,2022-03-30T04:30:00Z
6149115,30.03.2022 12:20,5.05.2022 11:32,Tak,department of highways,4-wheel pickup truck,speeding,rollover/fallen on straight road,1,0,1,clear,16.77619189,98.66683959,straight road,no slope,2022-03-30T05:20:00Z
6009609,30.03.2022 12:25,31.03.2022 09:50,Chon Buri,department of highways,other,speeding,rear-end collision,2,0,0,clear,13.1846505,100.996499,straight road,no slope,2022-03-30T05:25:00Z
6607769,30.03.2022 12:30,27.07.2022 08:59,Uttaradit,department of highways,4-wheel pickup truck,speeding,rollover/fallen on straight road,1,0,1,clear,17.2871405,100.2349233,straight road,no slope,2022-03-30T05:30:00Z
7447440,30.03.2022 12:30,9.12.2022 14:29,Chumphon,department of highways,4-wheel pickup truck,speeding,rollover/fallen on straight road,1,0,0,clear,10.12598125,99.08878593,straight road,no slope,2022-03-30T05:30:00Z
6183648,30.03.2022 13:00,11.05.2022 09:18,Surin,department of highways,4-wheel pickup truck,other,rollover/fallen on straight road,1,0,2,clear,14.74765919,103.6487558,straight road,no slope,2022-03-30T06:00:00Z
6005614,30.03.2022 13:10,30.03.2022 16:20,Bangkok,department of highways,7-10-wheel truck,speeding,rear-end collision,2,0,4,clear,13.77126593,100.6906763,straight road,no slope,2022-03-30T06:10:00Z
6603021,30.03.2022 13:40,26.07.2022 15:13,Phrae,department of highways,4-wheel pickup truck,speeding,rollover/fallen on straight road,1,0,0,clear,17.96304737,100.0667328,straight road,no slope,2022-03-30T06:40:00Z
6609463,30.03.2022 13:43,27.07.2022 14:50,Chiang Mai,department of highways,private/passenger car,speeding,rear-end collision,2,0,0,clear,18.86578304,98.96456479,other,other,2022-03-30T06:43:00Z
6609191,30.03.2022 14:00,27.07.2022 13:55,Phrae,department of highways,other,speeding,rollover/fallen on straight road,1,0,0,clear,18.37344963,100.4008019,straight road,no slope,2022-03-30T07:00:00Z
6149103,30.03.2022 15:30,5.05.2022 11:21,Tak,department of highways,private/passenger car,falling asleep,rollover/fallen on curved road,1,0,0,clear,16.7565504,98.58392714,wide curve,no slope,2022-03-30T08:30:00Z
7378833,30.03.2022 15:40,24.11.2022 10:51,Chiang Mai,department of highways,motorcycle,speeding,rear-end collision,2,0,0,clear,18.90283545,99.00488375,straight road,no slope,2022-03-30T08:40:00Z
6566208,30.03.2022 16:00,1.04.2022 09:50,Phrae,department of rural roads,motorcycle,cutting in closely by people/vehicles/animals,other,2,0,2,clear,18.08615,100.169292,four-way intersection,other,2022-03-30T09:00:00Z
6609352,30.03.2022 16:00,27.07.2022 14:29,Phrae,department of highways,motorcycle,cutting in closely by people/vehicles/animals,head-on collision (not overtaking),2,0,1,clear,18.10146109,99.85961525,connecting to public/commercial area,other,2022-03-30T09:00:00Z
6538241,30.03.2022 16:23,12.07.2022 11:28,Bangkok,department of highways,private/passenger car,speeding,rollover/fallen on straight road,1,0,0,clear,13.71234145,100.8190012,straight road,no slope,2022-03-30T09:23:00Z
6288827,30.03.2022 16:30,1.06.2022 10:39,Phetchabun,department of highways,4-wheel pickup truck,vehicle equipment failure,rollover/fallen on curved road,1,0,0,clear,17.00413867,101.3502502,wide curve,no slope,2022-03-30T09:30:00Z
6009918,30.03.2022 17:00,31.03.2022 11:22,Chon Buri,department of highways,4-wheel pickup truck,speeding,rear-end collision,2,0,0,clear,13.17945355,100.9948227,straight road,no slope,2022-03-30T10:00:00Z
6537674,30.03.2022 17:24,12.07.2022 09:23,Chon Buri,department of highways,4-wheel pickup truck,speeding,rollover/fallen on straight road,2,0,0,clear,13.08689018,100.9913707,straight road,no slope,2022-03-30T10:24:00Z
6144618,30.03.2022 17:45,26.04.2022 09:16,Chiang Mai,department of highways,4-wheel pickup truck,speeding,rollover/fallen on curved road,1,0,0,clear,18.00009078,98.67721705,wide curve,no slope,2022-03-30T10:45:00Z
6938092,30.03.2022 20:30,19.09.2022 14:43,Amnat Charoen,department of highways,motorcycle,speeding,rollover/fallen on straight road,1,0,1,clear,15.86504443,104.555313,straight road,no slope,2022-03-30T13:30:00Z
6428178,30.03.2022 20:40,24.06.2022 09:18,Phetchabun,department of highways,4-wheel pickup truck,falling asleep,rollover/fallen on straight road,1,0,0,clear,16.74808504,101.1793104,straight road,no slope,2022-03-30T13:40:00Z
7447253,30.03.2022 21:00,9.12.2022 14:31,Chumphon,department of highways,large truck with trailer,speeding,rollover/fallen on straight road,1,0,1,clear,10.64252504,99.18463199,straight road,slope area,2022-03-30T14:00:00Z
6149100,30.03.2022 21:30,5.05.2022 11:19,Kamphaeng Phet,department of highways,6-wheel truck,falling asleep,rollover/fallen on straight road,1,0,0,clear,16.64507337,99.32919501,straight road,no slope,2022-03-30T14:30:00Z
6566203,30.03.2022 22:00,1.04.2022 09:49,Bangkok,department of rural roads,motorcycle,unfamiliarity with the route/unskilled driving,other,2,0,1,clear,13.672136,100.538771,straight road,slope area,2022-03-30T15:00:00Z
6009627,30.03.2022 23:23,31.03.2022 09:57,Pathum Thani,department of highways,large truck with trailer,speeding,rear-end collision,2,0,0,clear,13.95822176,100.7126838,straight road,no slope,2022-03-30T16:23:00Z
6011288,30.03.2022 23:45,31.03.2022 16:25,Samut Prakan,department of highways,motorcycle,speeding,pedestrian collision,1,1,0,clear,13.59034462,100.6980631,straight road,no slope,2022-03-30T16:45:00Z
6585294,31.03.2022 00:10,21.07.2022 11:20,Nonthaburi,department of highways,private/passenger car,speeding,rollover/fallen on straight road,2,0,1,clear,13.92703561,100.4104069,straight road,no slope,2022-03-30T17:10:00Z
6009782,31.03.2022 00:15,31.03.2022 10:38,Bangkok,department of highways,7-10-wheel truck,speeding,rear-end collision,2,0,1,clear,13.90631714,100.6976554,straight road,no slope,2022-03-30T17:15:00Z
6507888,31.03.2022 00:20,7.07.2022 10:52,Rayong,department of highways,private/passenger car,speeding,rollover/fallen on straight road,1,0,0,clear,12.79943525,101.3014501,straight road,no slope,2022-03-30T17:20:00Z
6944390,31.03.2022 03:30,20.09.2022 13:05,Khon Kaen,department of highways,large truck with trailer,speeding,rollover/fallen on straight road,1,0,0,clear,16.21085506,102.5552729,straight road,no slope,2022-03-30T20:30:00Z
6242063,31.03.2022 04:14,24.05.2022 08:56,Nakhon Ratchasima,department of highways,4-wheel pickup truck,speeding,rollover/fallen on straight road,1,0,0,clear,15.18786484,102.3438558,straight road,no slope,2022-03-30T21:14:00Z
7455781,31.03.2022 04:46,13.12.2022 11:19,Prachuap Khiri Khan,department of highways,6-wheel truck,speeding,rollover/fallen on straight road,1,0,2,clear,11.60374688,99.66218589,straight road,no slope,2022-03-30T21:46:00Z
6566202,31.03.2022 05:00,1.04.2022 09:49,Nonthaburi,department of rural roads,large truck with trailer,falling asleep,other,1,1,2,clear,13.917567,100.451459,straight road,no slope,2022-03-30T22:00:00Z
6571822,31.03.2022 05:30,19.07.2022 08:46,Surat Thani,department of highways,large truck with trailer,speeding,rollover/fallen on straight road,1,0,0,clear,9.408798082,99.16371076,straight road,no slope,2022-03-30T22:30:00Z
6566205,31.03.2022 07:00,1.04.2022 09:51,Bangkok,department of rural roads,7-10-wheel truck,brake/anti-lock brake system failure,other,1,0,0,clear,13.685499,100.544918,straight road,slope area,2022-03-31T00:00:00Z
6645590,31.03.2022 07:10,2.08.2022 15:52,Kamphaeng Phet,department of highways,4-wheel pickup truck,speeding,rear-end collision,4,0,3,clear,16.45222244,99.49784963,straight road,no slope,2022-03-31T00:10:00Z
6607826,31.03.2022 07:30,27.07.2022 09:08,Uttaradit,department of highways,4-wheel pickup truck,falling asleep,rollover/fallen on straight road,1,0,1,clear,17.29536383,100.2332067,straight road,no slope,2022-03-31T00:30:00Z
7446159,31.03.2022 07:30,9.12.2022 09:47,Bangkok,department of highways,4-wheel pickup truck,speeding,rear-end collision,2,0,0,clear,13.70613184,100.4064453,straight road,no slope,2022-03-31T00:30:00Z
7564530,31.03.2022 07:30,19.01.2023 21:14,Trang,department of highways,private/passenger car,speeding,rear-end collision,5,0,0,clear,7.742164332,99.61016983,straight road,no slope,2022-03-31T00:30:00Z
7542870,31.03.2022 08:30,3.01.2023 14:57,Sa Kaeo,department of highways,4-wheel pickup truck,speeding,rear-end collision,2,0,1,clear,13.85536182,102.4105435,straight road,no slope,2022-03-31T01:30:00Z
6537444,31.03.2022 08:47,12.07.2022 08:15,Bangkok,department of highways,large truck with trailer,speeding,rear-end collision,3,0,0,clear,13.72271736,100.7011208,other,other,2022-03-31T01:47:00Z
6904194,31.03.2022 09:50,14.09.2022 14:49,Nakhon Ratchasima,department of highways,private/passenger car,speeding,rear-end collision,2,0,2,clear,15.27109535,102.0175329,straight road,no slope,2022-03-31T02:50:00Z
6902891,31.03.2022 10:00,14.09.2022 10:14,Chiang Mai,department of highways,4-wheel pickup truck,speeding,rollover/fallen on curved road,1,0,0,clear,18.8965828,99.18049334,wide curve,no slope,2022-03-31T03:00:00Z
6032883,31.03.2022 10:13,4.04.2022 13:59,Bangkok,expressway authority of thailand,other,other,side collision,0,0,1,clear,13.821571,100.536621,straight road,other,2022-03-31T03:13:00Z
6178133,31.03.2022 11:00,10.05.2022 13:40,Kanchanaburi,department of highways,4-wheel pickup truck,speeding,rollover/fallen on straight road,1,0,1,clear,14.05745045,99.46187852,straight road,no slope,2022-03-31T04:00:00Z
7446791,31.03.2022 11:00,9.12.2022 10:07,Chanthaburi,department of highways,4-wheel pickup truck,speeding,rollover/fallen on straight road,1,0,1,clear,12.71982337,101.9745585,straight road,no slope,2022-03-31T04:00:00Z
6225857,31.03.2022 11:30,18.05.2022 10:44,Maha Sarakham,department of highways,private/passenger car,speeding,head-on collision (not overtaking),2,0,2,clear,15.5696731,103.2151955,straight road,no slope,2022-03-31T04:30:00Z
6591554,31.03.2022 11:30,22.07.2022 11:53,Chanthaburi,department of highways,4-wheel pickup truck,cutting in closely by people/vehicles/animals,other,1,0,0,clear,13.21089212,102.1746138,straight road,no slope,2022-03-31T04:30:00Z
6571842,31.03.2022 12:10,19.07.2022 08:52,Surat Thani,department of highways,motorcycle,speeding,rear-end collision,2,0,1,clear,9.153986395,99.16318773,other,other,2022-03-31T05:10:00Z
6531579,31.03.2022 12:30,11.07.2022 09:54,Sing Buri,department of highways,4-wheel pickup truck,other,rollover/fallen on straight road,1,0,1,clear,14.99672226,100.3284386,straight road,no slope,2022-03-31T05:30:00Z
6242112,31.03.2022 12:35,24.05.2022 09:54,Surin,department of highways,4-wheel pickup truck,vehicle equipment failure,head-on collision (not overtaking),2,0,4,clear,14.62293993,103.897056,straight road,no slope,2022-03-31T05:35:00Z
7544410,31.03.2022 13:00,4.01.2023 13:51,Pattani,department of highways,4-wheel pickup truck,speeding,rear-end collision,2,0,0,clear,6.726183986,101.0565376,straight road,no slope,2022-03-31T06:00:00Z
6567682,31.03.2022 13:30,18.07.2022 13:02,Suphan Buri,department of highways,large truck with trailer,speeding,rear-end collision,3,0,0,clear,14.84889938,100.0993538,other,other,2022-03-31T06:30:00Z
6585298,31.03.2022 14:00,21.07.2022 11:24,Samut Prakan,department of highways,large truck with trailer,vehicle equipment failure,collision with obstruction (on road surface),1,0,0,clear,13.53851746,100.6892279,straight road,no slope,2022-03-31T07:00:00Z
7455633,31.03.2022 14:00,13.12.2022 11:10,Prachuap Khiri Khan,department of highways,4-wheel pickup truck,speeding,rollover/fallen on straight road,1,0,0,clear,11.60757233,99.6639186,straight road,no slope,2022-03-31T07:00:00Z
7027344,31.03.2022 14:25,3.10.2022 11:32,Nakhon Ratchasima,department of highways,motorcycle,speeding,rollover/fallen on straight road,1,0,2,clear,14.98816709,102.1159056,straight road,no slope,2022-03-31T07:25:00Z
6567663,31.03.2022 14:35,18.07.2022 12:59,Suphan Buri,department of highways,private/passenger car,cutting in closely by people/vehicles/animals,rear-end collision,2,0,1,clear,14.5476963,100.133214,wide curve,no slope,2022-03-31T07:35:00Z
7379439,31.03.2022 14:35,24.11.2022 13:43,Phitsanulok,department of highways,4-wheel pickup truck,speeding,rollover/fallen on straight road,1,0,1,clear,16.81940987,100.3428393,straight road,no slope,2022-03-31T07:35:00Z
6226724,31.03.2022 15:20,18.05.2022 13:41,Phatthalung,department of highways,4-wheel pickup truck,speeding,rollover/fallen on straight road,1,0,1,rainy,7.435645341,100.0654936,straight road,no slope,2022-03-31T08:20:00Z
7455907,31.03.2022 16:10,13.12.2022 11:24,Prachuap Khiri Khan,department of highways,4-wheel pickup truck,speeding,rear-end collision,2,2,2,clear,11.34568971,99.4865012,straight road,no slope,2022-03-31T09:10:00Z
7447421,31.03.2022 17:30,9.12.2022 13:49,Chachoengsao,department of highways,large truck with trailer,speeding,rollover/fallen on straight road,1,0,0,clear,13.6576949,101.1421108,straight road,no slope,2022-03-31T10:30:00Z
6243117,31.03.2022 17:35,25.05.2022 10:15,Phatthalung,department of highways,4-wheel pickup truck,speeding,rollover/fallen on curved road,1,0,1,rainy,7.592161808,99.83175783,wide curve,no slope,2022-03-31T10:35:00Z
6226563,31.03.2022 18:20,18.05.2022 13:05,Phatthalung,department of highways,motorcycle,speeding,rear-end collision,2,1,0,clear,7.332100841,100.1409307,straight road,no slope,2022-03-31T11:20:00Z
6607898,31.03.2022 19:00,27.07.2022 09:16,Uttaradit,department of highways,private/passenger car,speeding,rollover/fallen on straight road,1,0,0,clear,17.5857504,100.1380151,straight road,no slope,2022-03-31T12:00:00Z
7446527,31.03.2022 19:10,9.12.2022 09:57,Bangkok,department of highways,private/passenger car,speeding,rear-end collision,2,0,1,clear,13.67607428,100.4067027,straight road,no slope,2022-03-31T12:10:00Z
7565382,31.03.2022 19:30,20.01.2023 10:51,Trang,department of highways,4-wheel pickup truck,speeding,rollover/fallen on straight road,1,0,0,rainy,7.958400727,99.63006376,straight road,no slope,2022-03-31T12:30:00Z
6591436,31.03.2022 21:10,22.07.2022 11:25,Chon Buri,department of highways,4-wheel pickup truck,speeding,rear-end collision,2,0,0,clear,13.42886027,101.0029793,straight road,no slope,2022-03-31T14:10:00Z
6368064,31.03.2022 22:15,14.06.2022 09:39,Kalasin,department of highways,4-wheel pickup truck,speeding,rollover/fallen on curved road,1,0,0,clear,16.41270395,103.4706089,other,other,2022-03-31T15:15:00Z
7565378,31.03.2022 22:37,20.01.2023 10:49,Trang,department of highways,4-wheel pickup truck,speeding,rollover/fallen on straight road,1,0,1,rainy,8.001065218,99.65236096,wide curve,no slope,2022-03-31T15:37:00Z
6567679,31.03.2022 23:15,18.07.2022 13:00,Suphan Buri,department of highways,6-wheel truck,speeding,rollover/fallen on straight road,1,0,1,foggy,14.91749483,100.084261,other,other,2022-03-31T16:15:00Z
7559403,1.04.2022 00:35,13.01.2023 14:15,Si Sa Ket,department of highways,4-wheel pickup truck,speeding,rollover/fallen on straight road,1,0,2,clear,15.10033647,104.5549589,straight road,no slope,2022-03-31T17:35:00Z
7027494,1.04.2022 01:20,3.10.2022 11:57,Phra Nakhon Si Ayutthaya,department of highways,4-wheel pickup truck,speeding,rollover/fallen on straight road,1,0,0,rainy,14.24859308,100.7033309,straight road,no slope,2022-03-31T18:20:00Z
6897468,1.04.2022 01:30,13.09.2022 15:03,Chanthaburi,department of highways,4-wheel pickup truck,cutting in closely by people/vehicles/animals,collision with obstruction (on road surface),1,0,1,clear,12.61636886,102.1416548,other,other,2022-03-31T18:30:00Z
7027218,1.04.2022 01:30,3.10.2022 11:00,Chumphon,department of highways,4-wheel pickup truck,speeding,rear-end collision,7,0,5,clear,9.948910348,99.06339614,other,other,2022-03-31T18:30:00Z
6318186,1.04.2022 02:00,6.06.2022 10:52,Prachuap Khiri Khan,department of highways,large truck with trailer,speeding,rollover/fallen on straight road,1,0,0,clear,11.87125145,99.78666185,straight road,no slope,2022-03-31T19:00:00Z
6822765,1.04.2022 02:30,1.09.2022 14:24,Ang Thong,department of highways,private/passenger car,speeding,rollover/fallen on straight road,1,0,2,clear,14.55609749,100.2043837,straight road,no slope,2022-03-31T19:30:00Z
7557756,1.04.2022 02:30,12.01.2023 10:46,Songkhla,department of highways,private/passenger car,speeding,rollover/fallen on straight road,1,0,1,clear,7.029121382,100.662969,straight road,no slope,2022-03-31T19:30:00Z
7557444,1.04.2022 04:00,12.01.2023 09:24,Songkhla,department of highways,private/passenger car,speeding,rollover/fallen on curved road,1,0,1,clear,7.159937273,100.5565685,wide curve,no slope,2022-03-31T21:00:00Z
7565205,1.04.2022 04:00,20.01.2023 09:22,Nonthaburi,department of highways,large truck with trailer,speeding,rollover/fallen on straight road,1,0,0,clear,13.83688974,100.4135129,other,other,2022-03-31T21:00:00Z
6073451,1.04.2022 05:10,11.04.2022 09:51,Chon Buri,department of highways,6-wheel truck,speeding,rear-end collision,2,1,1,clear,13.47233844,101.0459617,straight road,no slope,2022-03-31T22:10:00Z
6171879,1.04.2022 05:30,9.05.2022 14:40,Saraburi,department of highways,van,debris/obstruction on the road,rollover/fallen on straight road,1,0,1,clear,14.70868315,100.7636297,straight road,no slope,2022-03-31T22:30:00Z
7418644,1.04.2022 06:15,30.11.2022 09:58,Chiang Rai,department of highways,private/passenger car,speeding,rollover/fallen on curved road,1,0,1,clear,19.94482499,99.81571286,wide curve,no slope,2022-03-31T23:15:00Z
6680150,1.04.2022 07:23,8.08.2022 10:12,Bangkok,department of highways,4-wheel pickup truck,vehicle equipment failure,rollover/fallen on straight road,1,0,0,clear,13.72924962,100.7335701,straight road,no slope,2022-04-01T00:23:00Z
7413902,1.04.2022 07:30,28.11.2022 08:54,Chiang Mai,department of highways,6-wheel truck,speeding,rear-end collision,4,0,0,clear,18.94967471,98.94421487,straight road,no slope,2022-04-01T00:30:00Z
7562758,1.04.2022 07:40,18.01.2023 11:01,Surat Thani,department of highways,6-wheel truck,speeding,pedestrian collision,1,1,0,clear,9.638603213,99.12462561,straight road,no slope,2022-04-01T00:40:00Z
6531232,1.04.2022 09:10,11.07.2022 08:41,Nakhon Pathom,department of highways,4-wheel pickup truck,speeding,rear-end collision,2,0,1,clear,13.78103748,100.2374554,straight road,no slope,2022-04-01T02:10:00Z
7331310,1.04.2022 09:36,9.05.2022 13:49,Sukhothai,department of highways,4-wheel pickup truck,speeding,rollover/fallen on straight road,1,0,1,clear,17.04008559,99.82207774,straight road,no slope,2022-04-01T02:36:00Z
7554454,1.04.2022 09:40,9.01.2023 11:36,Nong Khai,department of highways,4-wheel pickup truck,cutting in closely by people/vehicles/animals,other,2,0,1,clear,17.76551008,102.6044592,connecting to private area,other,2022-04-01T02:40:00Z
7007994,1.04.2022 10:00,30.09.2022 11:37,Nakhon Nayok,department of highways,4-wheel pickup truck,speeding,collision with obstruction (on road surface),2,0,0,clear,14.20663789,101.0691413,other,other,2022-04-01T03:00:00Z
7418909,1.04.2022 10:00,30.11.2022 11:10,Chiang Mai,department of highways,private/passenger car,speeding,rear-end collision,2,0,0,clear,18.86237178,98.96014182,straight road,no slope,2022-04-01T03:00:00Z
7557441,1.04.2022 10:13,12.01.2023 09:23,Songkhla,department of highways,other,speeding,rollover/fallen on straight road,1,0,0,clear,7.061738331,100.5228585,straight road,no slope,2022-04-01T03:13:00Z
7555931,1.04.2022 10:20,11.01.2023 08:55,Prachin Buri,department of highways,large truck with trailer,speeding,rollover/fallen on curved road,1,0,1,clear,14.30397789,101.8682428,wide curve,slope area,2022-04-01T03:20:00Z
7331302,1.04.2022 10:30,1.09.2022 14:14,Ang Thong,department of highways,motorcycle,speeding,head-on collision (not overtaking),2,1,0,clear,14.57601659,100.4471397,other,other,2022-04-01T03:30:00Z
7563160,1.04.2022 10:30,18.01.2023 14:47,Chumphon,department of highways,4-wheel pickup truck,cutting in closely by people/vehicles/animals,rear-end collision,3,0,0,clear,10.35670814,99.11860137,straight road,no slope,2022-04-01T03:30:00Z
6176786,1.04.2022 12:28,10.05.2022 09:44,Sing Buri,department of highways,private/passenger car,speeding,rollover/fallen on curved road,1,0,0,clear,14.8536283,100.3750849,other,other,2022-04-01T05:28:00Z
6289145,1.04.2022 12:30,1.06.2022 11:35,Phetchabun,department of highways,4-wheel pickup truck,speeding,rollover/fallen on straight road,1,1,2,clear,16.1737866,100.8256638,straight road,no slope,2022-04-01T05:30:00Z
6199852,1.04.2022 13:57,13.05.2022 21:31,Chanthaburi,department of highways,motorcycle,cutting in closely by people/vehicles/animals,head-on collision (not overtaking),2,1,0,clear,12.81657443,102.1174854,straight road,no slope,2022-04-01T06:57:00Z
7434377,1.04.2022 14:15,6.12.2022 11:26,Krabi,department of highways,private/passenger car,speeding,rollover/fallen on curved road,1,0,0,clear,8.086409992,98.87641935,wide curve,no slope,2022-04-01T07:15:00Z
6055211,1.04.2022 14:18,8.04.2022 10:52,Chon Buri,department of highways,private/passenger car,speeding,rear-end collision,2,0,0,clear,13.18550447,100.9968182,straight road,no slope,2022-04-01T07:18:00Z
7414966,1.04.2022 14:25,25.11.2022 10:51,Lamphun,department of highways,6-wheel truck,speeding,rear-end collision,2,0,0,clear,18.51882903,99.08955304,straight road,no slope,2022-04-01T07:25:00Z
7418415,1.04.2022 16:00,30.11.2022 08:53,Chiang Rai,department of highways,4-wheel pickup truck,speeding,rollover/fallen on curved road,1,0,0,clear,19.07833432,99.39579964,wide curve,no slope,2022-04-01T09:00:00Z
7418422,1.04.2022 16:45,30.11.2022 08:55,Chiang Rai,department of highways,4-wheel pickup truck,speeding,rollover/fallen on curved road,1,0,3,clear,19.10775661,99.45209919,wide curve,no slope,2022-04-01T09:45:00Z
6723660,1.04.2022 17:00,15.08.2022 11:18,Suphan Buri,department of highways,4-wheel pickup truck,vehicle equipment failure,rollover/fallen on straight road,1,0,0,clear,14.83941531,100.1077974,straight road,no slope,2022-04-01T10:00:00Z
6723637,1.04.2022 17:40,15.08.2022 11:11,Suphan Buri,department of highways,4-wheel pickup truck,vehicle equipment failure,rear-end collision,3,0,0,clear,14.45535046,100.0196171,straight road,no slope,2022-04-01T10:40:00Z
6681001,1.04.2022 17:50,8.08.2022 13:31,Bangkok,department of highways,6-wheel truck,speeding,rear-end collision,2,1,0,clear,13.90053449,100.6950188,straight road,no slope,2022-04-01T10:50:00Z
6225612,1.04.2022 18:40,18.05.2022 09:57,Yasothon,department of highways,4-wheel pickup truck,speeding,rollover/fallen on straight road,1,0,1,clear,15.66037749,104.300597,straight road,no slope,2022-04-01T11:40:00Z
7419332,1.04.2022 19:00,30.11.2022 13:14,Sakon Nakhon,department of highways,4-wheel pickup truck,speeding,rollover/fallen on straight road,1,0,1,clear,17.13927048,104.1022128,straight road,no slope,2022-04-01T12:00:00Z