acc_code,incident_datetime,report_datetime,province_en,agency,vehicle_type,presumed_cause,accident_type,number_of_vehicles_involved,number_of_fatalities,number_of_injuries,weather_condition,latitude,longitude,road_description,slope_description,incident_time
6018091,1.04.2022 20:01,1.04.2022 20:42,Samut Prakan,expressway authority of thailand,other,other,side collision,2,0,0,clear,13.632193,100.578315,straight road,other,2022-04-01T13:01:00Z
6239409,1.04.2022 20:05,20.05.2022 12:38,Kalasin,department of highways,private/passenger car,speeding,rollover/fallen on straight road,1,0,0,clear,16.38738484,103.3527231,straight road,no slope,2022-04-01T13:05:00Z
6037126,1.04.2022 20:15,5.04.2022 08:52,Suphan Buri,department of highways,4-wheel pickup truck,speeding,rollover/fallen on straight road,1,0,1,clear,14.26764285,99.90203439,straight road,no slope,2022-04-01T13:15:00Z
7567451,1.04.2022 20:30,23.01.2023 15:33,Trat,department of highways,4-wheel pickup truck,speeding,rollover/fallen on curved road,1,0,1,clear,11.77826108,102.8857881,wide curve,no slope,2022-04-01T13:30:00Z
7415101,1.04.2022 20:40,29.11.2022 14:34,Phrae,department of highways,4-wheel pickup truck,speeding,other,1,0,0,rainy,18.35920202,100.3437647,wide curve,no slope,2022-04-01T13:40:00Z
7561770,1.04.2022 20:50,17.01.2023 14:27,Nakhon Nayok,department of highways,4-wheel pickup truck,illegal overtaking,side collision,2,1,0,clear,14.19458314,101.0515728,straight road,no slope,2022-04-01T13:50:00Z
6566213,1.04.2022 20:59,4.04.2022 10:40,Bangkok,department of rural roads,motorcycle,speeding,other,2,0,1,clear,13.670768,100.538634,straight road,slope area,2022-04-01T13:59:00Z
6171468,1.04.2022 21:00,9.05.2022 13:26,Tak,department of highways,4-wheel pickup truck,speeding,rollover/fallen on straight road,1,0,1,clear,16.72222687,98.57204227,straight road,no slope,2022-04-01T14:00:00Z
7433794,1.04.2022 21:00,6.12.2022 10:23,Chiang Rai,department of highways,4-wheel pickup truck,speeding,rollover/fallen on straight road,1,0,1,clear,19.84507225,99.72761302,other,other,2022-04-01T14:00:00Z
6566567,1.04.2022 21:20,28.04.2022 10:02,Mae Hong Son,department of rural roads,private/passenger car,speeding,other,1,0,1,clear,18.828931,97.932321,sharp curve,no slope,2022-04-01T14:20:00Z
7554088,1.04.2022 21:30,8.01.2023 11:30,Mukdahan,department of highways,large truck with trailer,speeding,collision with obstruction (on road surface),3,2,2,clear,16.49907799,104.2418432,straight road,slope area,2022-04-01T14:30:00Z
7418631,1.04.2022 23:20,30.11.2022 09:51,Phrae,department of highways,motorcycle,speeding,rear-end collision,2,0,1,rainy,18.14958064,100.1730823,straight road,no slope,2022-04-01T16:20:00Z
7413899,1.04.2022 23:30,28.11.2022 08:53,Chiang Mai,department of highways,4-wheel pickup truck,speeding,rear-end collision,2,0,0,clear,19.00791048,98.94450723,straight road,no slope,2022-04-01T16:30:00Z
6148058,2.04.2022 00:05,2.05.2022 10:45,Kanchanaburi,department of highways,4-wheel pickup truck,speeding,rollover/fallen on curved road,1,0,1,clear,14.59539659,98.74456732,wide curve,slope area,2022-04-01T17:05:00Z
6171850,2.04.2022 00:10,9.05.2022 14:39,Saraburi,department of highways,large truck with trailer,speeding,rollover/fallen on straight road,1,0,1,clear,14.67741168,100.8485538,straight road,no slope,2022-04-01T17:10:00Z
6277602,2.04.2022 01:44,30.05.2022 15:30,Phetchaburi,department of highways,private/passenger car,falling asleep,rollover/fallen on curved road,1,0,1,clear,13.27560536,99.8194599,wide curve,no slope,2022-04-01T18:44:00Z
6288975,2.04.2022 02:30,1.06.2022 11:07,Maha Sarakham,department of highways,4-wheel pickup truck,falling asleep,rear-end collision,2,0,1,rainy,16.05559821,103.079296,straight road,no slope,2022-04-01T19:30:00Z
6145546,2.04.2022 03:00,27.04.2022 10:45,Nakhon Sawan,department of highways,4-wheel pickup truck,falling asleep,rollover/fallen on straight road,1,0,0,clear,15.29289392,100.4136577,straight road,no slope,2022-04-01T20:00:00Z
6318468,2.04.2022 03:10,6.06.2022 11:29,Phuket,department of highways,private/passenger car,speeding,rollover/fallen on curved road,1,0,0,clear,7.980456025,98.35514544,wide curve,no slope,2022-04-01T20:10:00Z
7554270,2.04.2022 03:30,9.01.2023 09:27,Sakon Nakhon,department of highways,private/passenger car,speeding,rollover/fallen on straight road,1,0,0,rainy,17.30593762,104.2730051,straight road,no slope,2022-04-01T20:30:00Z
7414873,2.04.2022 03:35,25.11.2022 14:40,Chiang Mai,department of highways,7-10-wheel truck,speeding,rollover/fallen on straight road,1,0,0,clear,18.93394553,98.94099085,other,other,2022-04-01T20:35:00Z
7416260,2.04.2022 04:30,29.11.2022 19:01,Khon Kaen,department of highways,6-wheel truck,speeding,rollover/fallen on curved road,1,0,0,rainy,16.43863718,102.9436916,wide curve,no slope,2022-04-01T21:30:00Z
7557454,2.04.2022 04:45,12.01.2023 09:26,Songkhla,department of highways,4-wheel pickup truck,speeding,rollover/fallen on straight road,1,0,1,clear,7.460541654,100.4431781,straight road,no slope,2022-04-01T21:45:00Z
6897351,2.04.2022 05:10,13.09.2022 14:42,Nakhon Ratchasima,department of highways,large truck with trailer,speeding,rollover/fallen on straight road,1,0,1,rainy,15.36395312,102.4538773,straight road,no slope,2022-04-01T22:10:00Z
6680480,2.04.2022 05:22,8.08.2022 11:28,Chon Buri,department of highways,private/passenger car,speeding,rear-end collision,2,0,1,clear,13.10334867,100.9127524,straight road,no slope,2022-04-01T22:22:00Z
6049265,2.04.2022 06:00,7.04.2022 11:14,Phetchaburi,department of highways,4-wheel pickup truck,speeding,rollover/fallen on straight road,1,0,0,clear,12.79557988,99.94083522,straight road,no slope,2022-04-01T23:00:00Z
6289219,2.04.2022 06:10,1.06.2022 11:50,Loei,department of highways,private/passenger car,speeding,rollover/fallen on straight road,1,2,3,clear,17.0976309,101.8645584,straight road,no slope,2022-04-01T23:10:00Z
7555924,2.04.2022 08:00,11.01.2023 08:54,Prachin Buri,department of highways,large passenger vehicle,cutting in closely by people/vehicles/animals,rear-end collision,2,0,1,clear,13.88507866,101.5889883,connecting to public/commercial area,other,2022-04-02T01:00:00Z
6723396,2.04.2022 08:50,15.08.2022 10:24,Suphan Buri,department of highways,private/passenger car,cutting in closely by people/vehicles/animals,rear-end collision,2,0,1,clear,14.42879671,100.1450479,straight road,no slope,2022-04-02T01:50:00Z
7414165,2.04.2022 10:00,25.11.2022 13:53,Chiang Mai,department of highways,4-wheel pickup truck,speeding,rear-end collision,2,0,0,clear,18.90837485,98.94768565,straight road,no slope,2022-04-02T03:00:00Z
6897324,2.04.2022 10:30,13.09.2022 14:37,Phayao,department of highways,4-wheel pickup truck,cutting in closely by people/vehicles/animals,head-on collision (not overtaking),2,0,1,clear,19.28991957,99.85529153,straight road,no slope,2022-04-02T03:30:00Z
7554806,2.04.2022 10:40,9.01.2023 15:20,Nakhon Ratchasima,department of highways,6-wheel truck,speeding,rollover/fallen on straight road,1,0,1,rainy,14.43215799,102.4774593,straight road,no slope,2022-04-02T03:40:00Z
6055235,2.04.2022 11:45,8.04.2022 10:57,Chon Buri,department of highways,4-wheel pickup truck,speeding,rear-end collision,2,0,0,clear,13.19241178,100.9991035,straight road,no slope,2022-04-02T04:45:00Z
6681003,2.04.2022 11:48,8.08.2022 13:34,Bangkok,department of highways,private/passenger car,speeding,rear-end collision,3,0,0,clear,13.73329604,100.6973764,straight road,no slope,2022-04-02T04:48:00Z
7027319,2.04.2022 11:50,3.10.2022 11:26,Nakhon Ratchasima,department of highways,4-wheel pickup truck,speeding,rollover/fallen on straight road,1,0,0,rainy,15.05606014,102.1547493,straight road,no slope,2022-04-02T04:50:00Z
6027324,2.04.2022 12:23,3.04.2022 13:51,Chachoengsao,department of highways,private/passenger car,speeding,rear-end collision,2,0,0,clear,13.57234445,100.9811112,straight road,no slope,2022-04-02T05:23:00Z
6148073,2.04.2022 12:35,2.05.2022 10:57,Surin,department of highways,4-wheel pickup truck,speeding,rollover/fallen on straight road,1,0,0,rainy,15.2819988,103.664546,straight road,no slope,2022-04-02T05:35:00Z
6238988,2.04.2022 12:40,20.05.2022 10:59,Phetchaburi,department of highways,4-wheel pickup truck,vehicle equipment failure,rollover/fallen on straight road,1,0,1,clear,13.28959741,99.82192217,straight road,no slope,2022-04-02T05:40:00Z
7433783,2.04.2022 12:40,6.12.2022 10:28,Chiang Rai,department of highways,4-wheel pickup truck,speeding,other,1,0,0,rainy,19.06717285,99.38186823,wide curve,no slope,2022-04-02T05:40:00Z
6171469,2.04.2022 13:00,9.05.2022 13:25,Tak,department of highways,large truck with trailer,speeding,rollover/fallen on straight road,1,0,1,clear,16.76287863,98.64455043,straight road,slope area,2022-04-02T06:00:00Z
6902924,2.04.2022 13:00,14.09.2022 10:18,Chiang Mai,department of highways,private/passenger car,speeding,rear-end collision,2,0,0,clear,19.06001624,99.36477988,straight road,no slope,2022-04-02T06:00:00Z
6032925,2.04.2022 13:18,4.04.2022 14:08,Pathum Thani,department of highways,6-wheel truck,speeding,rear-end collision,2,0,0,clear,13.94652354,100.7116565,straight road,no slope,2022-04-02T06:18:00Z
6566215,2.04.2022 13:30,4.04.2022 10:41,Bangkok,department of rural roads,4-wheel pickup truck,speeding,other,2,0,1,clear,13.671125,100.538667,straight road,slope area,2022-04-02T06:30:00Z
6680477,2.04.2022 13:57,8.08.2022 11:25,Chon Buri,department of highways,large truck with trailer,speeding,rear-end collision,3,0,0,clear,13.11013029,100.9430265,straight road,no slope,2022-04-02T06:57:00Z
7556289,2.04.2022 14:00,11.01.2023 11:49,Sa Kaeo,department of highways,large truck with trailer,unfamiliarity with the route/unskilled driving,rollover/fallen on curved road,1,0,0,rainy,14.14885455,102.6632452,wide curve,slope area,2022-04-02T07:00:00Z
7551167,2.04.2022 14:13,5.01.2023 10:24,Ubon Ratchathani,department of highways,4-wheel pickup truck,speeding,rollover/fallen on straight road,1,0,0,rainy,15.69069545,105.0788426,straight road,no slope,2022-04-02T07:13:00Z
6022694,2.04.2022 14:14,2.04.2022 15:16,Bangkok,expressway authority of thailand,4-wheel pickup truck,other,rear-end collision,2,0,4,clear,13.678358,100.603695,wide curve,other,2022-04-02T07:14:00Z
7556284,2.04.2022 14:20,11.01.2023 11:49,Sa Kaeo,department of highways,large truck with trailer,speeding,rollover/fallen on curved road,1,0,0,rainy,14.13534538,102.6686981,wide curve,slope area,2022-04-02T07:20:00Z
6822768,2.04.2022 15:00,1.09.2022 14:21,Ang Thong,department of highways,4-wheel pickup truck,speeding,rear-end collision,2,0,0,clear,14.52952465,100.4616746,straight road,no slope,2022-04-02T08:00:00Z
7194881,2.04.2022 15:15,28.10.2022 16:57,Khon Kaen,department of highways,private/passenger car,speeding,rollover/fallen on straight road,1,0,2,rainy,16.07496009,102.7229163,straight road,no slope,2022-04-02T08:15:00Z
6148039,2.04.2022 15:30,2.05.2022 10:34,Suphan Buri,department of highways,4-wheel pickup truck,falling asleep,rollover/fallen on straight road,1,0,1,clear,14.65547254,99.86408649,straight road,no slope,2022-04-02T08:30:00Z
7416442,2.04.2022 16:00,29.11.2022 20:03,Khon Kaen,department of highways,6-wheel truck,speeding,rollover/fallen on straight road,2,0,0,rainy,16.67633763,102.804473,straight road,no slope,2022-04-02T09:00:00Z
6081225,2.04.2022 16:50,12.04.2022 15:08,Surat Thani,department of highways,4-wheel pickup truck,speeding,rollover/fallen on straight road,1,0,1,rainy,9.622535787,99.12662117,straight road,no slope,2022-04-02T09:50:00Z
6149077,2.04.2022 17:00,5.05.2022 10:24,Pathum Thani,department of highways,large truck with trailer,speeding,rollover/fallen on straight road,1,0,0,clear,14.04997772,100.8160293,straight road,no slope,2022-04-02T10:00:00Z
6664085,2.04.2022 19:28,5.08.2022 13:40,Chon Buri,department of highways,4-wheel pickup truck,speeding,rear-end collision,2,0,0,clear,12.94461704,100.9232506,straight road,no slope,2022-04-02T12:28:00Z
7413906,2.04.2022 20:30,28.11.2022 08:54,Chiang Mai,department of highways,4-wheel pickup truck,speeding,rollover/fallen on curved road,1,0,0,rainy,18.94524024,98.94336997,wide curve,no slope,2022-04-02T13:30:00Z
7414446,2.04.2022 20:30,28.11.2022 14:26,Lampang,department of highways,4-wheel pickup truck,unfamiliarity with the route/unskilled driving,rollover/fallen on straight road,1,0,1,clear,18.3113976,99.51585262,straight road,no slope,2022-04-02T13:30:00Z
7418758,2.04.2022 21:35,30.11.2022 10:43,Chiang Mai,department of highways,private/passenger car,speeding,rollover/fallen on curved road,1,0,0,clear,18.24455471,98.60504149,wide curve,no slope,2022-04-02T14:35:00Z
6897352,2.04.2022 22:00,13.09.2022 14:44,Nakhon Ratchasima,department of highways,private/passenger car,speeding,rollover/fallen on straight road,1,0,1,rainy,15.52611622,102.5428033,straight road,no slope,2022-04-02T15:00:00Z
6897379,2.04.2022 22:30,13.09.2022 14:45,Nakhon Ratchasima,department of highways,4-wheel pickup truck,speeding,rollover/fallen on straight road,1,0,0,rainy,15.52743164,102.5431332,straight road,no slope,2022-04-02T15:30:00Z
7331312,2.04.2022 23:25,7.04.2022 10:55,Phra Nakhon Si Ayutthaya,department of highways,large truck with trailer,speeding,rear-end collision,2,0,2,clear,14.19545165,100.6474766,straight road,no slope,2022-04-02T16:25:00Z
6242237,3.04.2022 00:30,24.05.2022 11:54,Ang Thong,department of highways,4-wheel pickup truck,speeding,rollover/fallen on straight road,1,0,2,clear,14.69357854,100.4583004,straight road,no slope,2022-04-02T17:30:00Z
7414819,3.04.2022 00:30,25.11.2022 12:59,Chiang Mai,department of highways,private/passenger car,speeding,rear-end collision,2,0,0,clear,18.88502848,98.95733623,straight road,no slope,2022-04-02T17:30:00Z
6700852,3.04.2022 02:55,11.08.2022 08:51,Saraburi,department of highways,4-wheel pickup truck,speeding,rollover/fallen on straight road,1,0,0,rainy,14.43035787,100.8951759,straight road,no slope,2022-04-02T19:55:00Z
6943832,3.04.2022 03:15,20.09.2022 11:02,Satun,department of highways,4-wheel pickup truck,speeding,rollover/fallen on straight road,1,0,0,clear,6.549670912,100.0622508,straight road,no slope,2022-04-02T20:15:00Z
7554803,3.04.2022 04:50,9.01.2023 15:20,Nakhon Ratchasima,department of highways,van,illegal overtaking,rear-end collision,3,0,7,rainy,14.75876576,102.2722488,straight road,no slope,2022-04-02T21:50:00Z
6283965,3.04.2022 05:30,31.05.2022 15:18,Nan,department of highways,private/passenger car,speeding,rollover/fallen on straight road,1,0,0,clear,18.75544279,100.7591772,straight road,no slope,2022-04-02T22:30:00Z
7565545,3.04.2022 06:00,20.01.2023 11:58,Chachoengsao,department of highways,4-wheel pickup truck,speeding,rollover/fallen on straight road,1,0,0,clear,13.72975511,101.0317795,other,other,2022-04-02T23:00:00Z
6113164,3.04.2022 06:40,17.04.2022 19:02,Phetchabun,department of highways,private/passenger car,speeding,head-on collision (not overtaking),2,0,2,clear,16.75204552,101.5615359,wide curve,no slope,2022-04-02T23:40:00Z
6386641,3.04.2022 06:45,17.06.2022 10:21,Mukdahan,department of highways,private/passenger car,speeding,rollover/fallen on straight road,1,0,1,clear,16.53878714,104.3900058,straight road,no slope,2022-04-02T23:45:00Z
7565357,3.04.2022 07:00,20.01.2023 10:33,Trang,department of highways,private/passenger car,speeding,rollover/fallen on curved road,1,0,1,clear,8.00184611,99.65186475,wide curve,no slope,2022-04-03T00:00:00Z
6680389,3.04.2022 07:45,8.08.2022 11:07,Phra Nakhon Si Ayutthaya,department of highways,private/passenger car,speeding,rollover/fallen on curved road,1,0,0,clear,14.18994153,100.6379628,other,other,2022-04-03T00:45:00Z
6680537,3.04.2022 08:13,8.08.2022 11:48,Pathum Thani,department of highways,4-wheel pickup truck,speeding,rollover/fallen on straight road,1,0,0,clear,14.01506705,100.7017135,straight road,no slope,2022-04-03T01:13:00Z
6822793,3.04.2022 09:00,1.09.2022 14:27,Phra Nakhon Si Ayutthaya,department of highways,4-wheel pickup truck,speeding,rollover/fallen on straight road,1,0,3,rainy,14.45496087,100.5395794,straight road,no slope,2022-04-03T02:00:00Z
7568176,3.04.2022 09:00,24.01.2023 10:31,Prachuap Khiri Khan,department of highways,private/passenger car,speeding,rollover/fallen on straight road,1,0,0,clear,12.17378152,99.84469412,straight road,no slope,2022-04-03T02:00:00Z
6680527,3.04.2022 09:20,8.08.2022 11:41,Bangkok,department of highways,4-wheel pickup truck,speeding,rollover/fallen on straight road,1,0,0,clear,13.82894887,100.6740814,straight road,no slope,2022-04-03T02:20:00Z
6822764,3.04.2022 09:50,1.09.2022 14:20,Ang Thong,department of highways,6-wheel truck,speeding,collision with obstruction (on road surface),1,0,1,clear,14.59091125,100.452936,other,other,2022-04-03T02:50:00Z
6822736,3.04.2022 10:00,1.09.2022 14:17,Ang Thong,department of highways,other,speeding,rollover/fallen on straight road,1,0,0,clear,14.58161324,100.4826844,other,other,2022-04-03T03:00:00Z
6680142,3.04.2022 10:06,8.08.2022 10:10,Samut Prakan,department of highways,private/passenger car,speeding,rollover/fallen on straight road,1,0,0,clear,13.65807282,100.8624127,straight road,no slope,2022-04-03T03:06:00Z
6609670,3.04.2022 10:45,27.07.2022 15:37,Phatthalung,department of highways,4-wheel pickup truck,speeding,rollover/fallen on straight road,1,0,1,rainy,7.434772974,100.0651449,other,other,2022-04-03T03:45:00Z
6171407,3.04.2022 11:00,9.05.2022 13:19,Tak,department of highways,large truck with trailer,speeding,rollover/fallen on curved road,1,0,0,clear,16.76083688,98.87433796,wide curve,slope area,2022-04-03T04:00:00Z
6573115,3.04.2022 11:00,19.07.2022 14:43,Phra Nakhon Si Ayutthaya,department of highways,4-wheel pickup truck,speeding,rollover/fallen on straight road,1,0,2,rainy,14.45315833,100.53992,straight road,no slope,2022-04-03T04:00:00Z
7565316,3.04.2022 11:00,20.01.2023 10:06,Trang,department of highways,other,speeding,rollover/fallen on straight road,1,0,0,clear,7.525739813,99.62553619,straight road,no slope,2022-04-03T04:00:00Z
7563159,3.04.2022 11:30,18.01.2023 14:49,Chumphon,department of highways,large truck with trailer,cutting in closely by people/vehicles/animals,rear-end collision,2,0,0,clear,10.77735122,99.19157086,straight road,slope area,2022-04-03T04:30:00Z
7556211,3.04.2022 11:40,11.01.2023 11:19,Sa Kaeo,department of highways,private/passenger car,speeding,rollover/fallen on straight road,1,0,1,clear,13.83351184,102.0549255,straight road,no slope,2022-04-03T04:40:00Z
6573117,3.04.2022 11:43,19.07.2022 14:44,Phra Nakhon Si Ayutthaya,department of highways,4-wheel pickup truck,speeding,rollover/fallen on straight road,1,0,1,rainy,14.45769841,100.5390939,straight road,no slope,2022-04-03T04:43:00Z
6822604,3.04.2022 11:44,1.09.2022 13:51,Phra Nakhon Si Ayutthaya,department of highways,4-wheel pickup truck,speeding,rollover/fallen on straight road,1,0,0,rainy,14.46625624,100.5368328,straight road,no slope,2022-04-03T04:44:00Z
6289172,3.04.2022 11:50,1.06.2022 11:40,Phetchabun,department of highways,4-wheel pickup truck,speeding,rollover/fallen on straight road,1,0,0,clear,15.83040185,101.0083169,other,other,2022-04-03T04:50:00Z
7568301,3.04.2022 12:00,24.01.2023 12:17,Samut Songkhram,department of highways,large truck with trailer,speeding,rollover/fallen on straight road,1,0,2,rainy,13.36197768,99.94643299,straight road,no slope,2022-04-03T05:00:00Z
6902658,3.04.2022 12:50,14.09.2022 09:31,Samut Prakan,department of highways,private/passenger car,falling asleep,rollover/fallen on straight road,1,0,0,clear,13.66149495,100.6608689,straight road,no slope,2022-04-03T05:50:00Z
7557668,3.04.2022 13:01,12.01.2023 10:28,Songkhla,department of highways,private/passenger car,speeding,rear-end collision,3,2,6,clear,7.130374669,100.5778089,straight road,no slope,2022-04-03T06:01:00Z
6147984,3.04.2022 13:30,2.05.2022 09:40,Loburi,department of highways,4-wheel pickup truck,speeding,rollover/fallen on straight road,1,0,0,clear,14.78296896,100.4930752,straight road,no slope,2022-04-03T06:30:00Z
7562268,3.04.2022 14:20,18.01.2023 06:17,Nakhon Si Thammarat,department of highways,4-wheel pickup truck,speeding,rear-end collision,2,1,1,rainy,8.984950613,99.89157109,wide curve,no slope,2022-04-03T07:20:00Z
6361783,3.04.2022 14:50,13.06.2022 08:36,Sukhothai,department of highways,4-wheel pickup truck,speeding,rollover/fallen on straight road,1,0,1,clear,17.24356169,99.84716176,straight road,no slope,2022-04-03T07:50:00Z
7557767,3.04.2022 15:20,12.01.2023 10:45,Songkhla,department of highways,4-wheel pickup truck,speeding,rear-end collision,2,0,0,clear,6.796581726,100.4532578,straight road,no slope,2022-04-03T08:20:00Z
7565354,3.04.2022 15:27,20.01.2023 10:31,Trang,department of highways,private/passenger car,speeding,rollover/fallen on curved road,1,0,0,rainy,7.580758511,99.79919045,wide curve,slope area,2022-04-03T08:27:00Z
6117498,3.04.2022 15:30,18.04.2022 15:19,Surin,department of highways,private/passenger car,speeding,head-on collision (not overtaking),2,1,1,clear,14.9005126,103.7119111,straight road,no slope,2022-04-03T08:30:00Z
6902470,3.04.2022 16:30,14.09.2022 08:58,Phetchabun,department of highways,private/passenger car,speeding,head-on collision (not overtaking),3,0,3,clear,15.44647763,101.0671726,straight road,no slope,2022-04-03T09:30:00Z
7565333,3.04.2022 17:00,20.01.2023 10:19,Trang,department of highways,4-wheel pickup truck,speeding,rollover/fallen on curved road,1,0,0,rainy,7.553563792,99.41759525,wide curve,slope area,2022-04-03T10:00:00Z
6171192,3.04.2022 17:11,9.05.2022 12:24,Kamphaeng Phet,department of highways,private/passenger car,speeding,rear-end collision,2,1,0,clear,16.22304226,99.72895144,straight road,no slope,2022-04-03T10:11:00Z
7554562,3.04.2022 18:20,9.01.2023 13:28,Uthai Thani,department of highways,4-wheel pickup truck,speeding,rollover/fallen on straight road,1,0,1,clear,15.28894576,99.72126691,straight road,no slope,2022-04-03T11:20:00Z
6566563,3.04.2022 18:28,26.05.2022 13:43,Mae Hong Son,department of rural roads,motorcycle,driving under the influence of alcohol,other,2,0,2,clear,19.35415174,97.91177128,wide curve,no slope,2022-04-03T11:28:00Z
7476784,3.04.2022 19:05,21.12.2022 10:02,Si Sa Ket,department of highways,bicycle,cutting in closely by people/vehicles/animals,rear-end collision,2,0,0,clear,14.58606761,104.4414586,straight road,no slope,2022-04-03T12:05:00Z
7562875,3.04.2022 20:10,18.01.2023 12:28,Surat Thani,department of highways,large truck with trailer,speeding,rollover/fallen on straight road,1,0,0,clear,8.572773439,99.34729293,straight road,no slope,2022-04-03T13:10:00Z
6566219,3.04.2022 21:40,6.04.2022 07:41,Maha Sarakham,department of rural roads,private/passenger car,speeding,other,1,2,0,dark,16.354145,103.29385,wide curve,no slope,2022-04-03T14:40:00Z
7424793,3.04.2022 22:00,2.12.2022 11:26,Nakhon Phanom,department of highways,private/passenger car,speeding,rollover/fallen on straight road,1,0,1,clear,17.03436676,104.7044331,straight road,no slope,2022-04-03T15:00:00Z
7554231,3.04.2022 22:00,9.01.2023 09:13,Mukdahan,department of highways,motorcycle,speeding,rollover/fallen on straight road,1,1,1,clear,16.57475027,104.7199792,other,other,2022-04-03T15:00:00Z
7434199,4.04.2022 00:30,6.12.2022 10:12,Nakhon Pathom,department of highways,4-wheel pickup truck,falling asleep,rollover/fallen on straight road,1,0,0,clear,13.75185449,100.1975253,other,other,2022-04-03T17:30:00Z
6032274,4.04.2022 00:48,4.04.2022 11:32,Nonthaburi,expressway authority of thailand,large truck with trailer,other,rear-end collision,2,0,1,clear,13.910951,100.544533,straight road,other,2022-04-03T17:48:00Z
7555976,4.04.2022 02:00,11.01.2023 09:21,Prachin Buri,department of highways,private/passenger car,speeding,rollover/fallen on straight road,1,0,0,clear,13.89782667,101.6004279,straight road,no slope,2022-04-03T19:00:00Z
6243112,4.04.2022 02:20,25.05.2022 10:12,Phatthalung,department of highways,4-wheel pickup truck,speeding,rollover/fallen on straight road,1,0,0,rainy,7.582614325,99.96583878,straight road,no slope,2022-04-03T19:20:00Z
6902723,4.04.2022 02:30,14.09.2022 09:43,Nakhon Si Thammarat,department of highways,4-wheel pickup truck,speeding,rollover/fallen on curved road,1,0,0,rainy,8.161719362,99.66176479,wide curve,slope area,2022-04-03T19:30:00Z
6950188,4.04.2022 03:30,21.09.2022 10:52,Nonthaburi,department of highways,private/passenger car,speeding,rollover/fallen on straight road,1,1,0,clear,13.91426578,100.409849,straight road,no slope,2022-04-03T20:30:00Z
7565191,4.04.2022 03:45,20.01.2023 09:17,Nonthaburi,department of highways,7-10-wheel truck,speeding,rollover/fallen on straight road,1,0,1,clear,13.9750496,100.4363358,straight road,no slope,2022-04-03T20:45:00Z
6902690,4.04.2022 04:00,14.09.2022 09:35,Chon Buri,department of highways,4-wheel pickup truck,speeding,rollover/fallen on straight road,1,0,0,clear,13.46445051,100.9961369,straight road,no slope,2022-04-03T21:00:00Z
6932015,4.04.2022 05:00,18.09.2022 14:52,Ranong,department of highways,4-wheel pickup truck,speeding,rollover/fallen on straight road,1,0,0,rainy,10.41928468,98.78566145,wide curve,no slope,2022-04-03T22:00:00Z
7565363,4.04.2022 05:40,20.01.2023 10:35,Trang,department of highways,4-wheel pickup truck,speeding,rollover/fallen on straight road,1,0,0,clear,7.991986571,99.63573127,other,other,2022-04-03T22:40:00Z
6566217,4.04.2022 05:57,6.04.2022 07:40,Samut Prakan,department of rural roads,passenger pickup truck,falling asleep,other,1,0,1,clear,13.664527,100.519022,straight road,no slope,2022-04-03T22:57:00Z
6138820,4.04.2022 06:53,22.04.2022 08:40,Samut Prakan,expressway authority of thailand,other,other,side collision,3,0,4,clear,13.638748,100.554405,merge lane,other,2022-04-03T23:53:00Z
6146411,4.04.2022 07:00,28.04.2022 13:34,Surin,department of highways,private/passenger car,falling asleep,rollover/fallen on straight road,1,0,0,clear,14.62071312,103.4688923,straight road,no slope,2022-04-04T00:00:00Z
6149057,4.04.2022 07:02,5.05.2022 09:37,Samut Prakan,expressway authority of thailand,other,other,rear-end collision,6,0,0,clear,13.632387,100.57555,straight road,other,2022-04-04T00:02:00Z
6031904,4.04.2022 07:35,4.04.2022 10:18,Bangkok,department of highways,7-10-wheel truck,speeding,rear-end collision,3,0,0,clear,13.74251422,100.7028079,straight road,no slope,2022-04-04T00:35:00Z
6681004,4.04.2022 07:40,8.08.2022 13:32,Bangkok,department of highways,4-wheel pickup truck,speeding,rear-end collision,3,0,0,clear,13.69004029,100.6993854,straight road,no slope,2022-04-04T00:40:00Z
6033386,4.04.2022 09:07,4.04.2022 15:32,Sukhothai,department of highways,private/passenger car,speeding,rear-end collision,2,0,0,clear,17.01630641,99.73327784,other,other,2022-04-04T02:07:00Z
6289036,4.04.2022 09:30,1.06.2022 11:15,Sukhothai,department of highways,pedestrian,speeding,pedestrian collision,1,1,0,clear,17.08328662,99.82323645,straight road,no slope,2022-04-04T02:30:00Z
6681006,4.04.2022 09:30,8.08.2022 13:30,Bangkok,department of highways,private/passenger car,speeding,rear-end collision,3,0,0,clear,13.6883542,100.6993961,straight road,no slope,2022-04-04T02:30:00Z
7414476,4.04.2022 10:10,28.11.2022 14:39,Chiang Mai,department of highways,motorcycle,speeding,rear-end collision,2,0,2,clear,19.36830021,99.21804427,other,other,2022-04-04T03:10:00Z
6144736,4.04.2022 10:15,26.04.2022 13:12,Chumphon,department of highways,7-10-wheel truck,speeding,rollover/fallen on straight road,1,0,2,rainy,10.22173266,99.10022287,straight road,slope area,2022-04-04T03:15:00Z
6918252,4.04.2022 10:30,16.09.2022 13:10,Uttaradit,department of highways,4-wheel pickup truck,speeding,rollover/fallen on curved road,1,0,1,clear,18.09813656,101.1222651,wide curve,no slope,2022-04-04T03:30:00Z
6680481,4.04.2022 10:31,8.08.2022 11:29,Chon Buri,department of highways,4-wheel pickup truck,speeding,rear-end collision,2,0,0,clear,13.0780152,100.9933233,straight road,no slope,2022-04-04T03:31:00Z
6144153,4.04.2022 11:40,25.04.2022 14:34,Si Sa Ket,department of highways,4-wheel pickup truck,falling asleep,rear-end collision,2,0,2,clear,14.68647471,104.434753,straight road,no slope,2022-04-04T04:40:00Z