acc_code,incident_datetime,report_datetime,province_en,agency,vehicle_type,presumed_cause,accident_type,number_of_vehicles_involved,number_of_fatalities,number_of_injuries,weather_condition,latitude,longitude,road_description,slope_description,incident_time
6361742,4.04.2022 11:40,13.06.2022 08:27,Phetchabun,department of highways,4-wheel pickup truck,vehicle equipment failure,rollover/fallen on straight road,1,0,2,clear,16.31892446,101.0748249,straight road,no slope,2022-04-04T04:40:00Z
6680148,4.04.2022 11:55,8.08.2022 10:13,Bangkok,department of highways,4-wheel pickup truck,speeding,rear-end collision,2,0,0,clear,13.73121422,100.715484,straight road,no slope,2022-04-04T04:55:00Z
7434395,4.04.2022 12:20,6.12.2022 11:36,Krabi,department of highways,4-wheel pickup truck,speeding,rollover/fallen on straight road,1,0,0,clear,8.171359702,98.84499727,straight road,no slope,2022-04-04T05:20:00Z
6680147,4.04.2022 12:37,8.08.2022 10:14,Samut Prakan,department of highways,4-wheel pickup truck,vehicle equipment failure,rollover/fallen on straight road,1,0,0,clear,13.65020669,100.8746543,straight road,no slope,2022-04-04T05:37:00Z
7424677,4.04.2022 13:00,2.12.2022 09:59,Uttaradit,department of highways,private/passenger car,speeding,rollover/fallen on straight road,1,0,0,clear,17.66812891,100.1842403,straight road,no slope,2022-04-04T06:00:00Z
7414492,4.04.2022 13:10,28.11.2022 14:48,Chiang Mai,department of highways,motorcycle,speeding,rear-end collision,2,0,1,clear,18.84987591,99.04465555,straight road,no slope,2022-04-04T06:10:00Z
6549742,4.04.2022 13:30,14.07.2022 14:07,Udon Thani,department of highways,6-wheel truck,vehicle equipment failure,rollover/fallen on straight road,1,0,0,clear,17.86256764,102.2562736,wide curve,no slope,2022-04-04T06:30:00Z
7565366,4.04.2022 13:45,20.01.2023 10:39,Trang,department of highways,4-wheel pickup truck,speeding,other,2,0,0,rainy,7.754415092,99.48828755,straight road,no slope,2022-04-04T06:45:00Z
6184459,4.04.2022 14:00,11.05.2022 11:35,Chai Nat,department of highways,4-wheel pickup truck,speeding,rollover/fallen on straight road,1,0,1,clear,15.15947199,100.1505571,zebra crossing/pedestrian crossing,other,2022-04-04T07:00:00Z
6458113,4.04.2022 14:00,29.06.2022 07:10,Kamphaeng Phet,department of highways,4-wheel pickup truck,speeding,rollover/fallen on curved road,1,0,0,clear,16.34530256,99.87104415,wide curve,no slope,2022-04-04T07:00:00Z
7556527,4.04.2022 14:45,11.01.2023 13:45,Narathiwat,department of highways,4-wheel pickup truck,speeding,rollover/fallen on straight road,1,0,1,clear,6.345670612,101.8676618,straight road,no slope,2022-04-04T07:45:00Z
7554234,4.04.2022 15:30,9.01.2023 09:14,Mukdahan,department of highways,private/passenger car,cutting in closely by people/vehicles/animals,rear-end collision,2,1,0,clear,16.43443355,104.6127632,straight road,no slope,2022-04-04T08:30:00Z
7562663,4.04.2022 15:40,18.01.2023 10:16,Phatthalung,department of highways,other,speeding,rollover/fallen on straight road,1,0,0,rainy,7.568520036,100.0483382,straight road,no slope,2022-04-04T08:40:00Z
7413684,4.04.2022 16:00,25.11.2022 11:39,Chiang Mai,department of highways,6-wheel truck,speeding,rear-end collision,2,0,1,clear,18.88277487,98.95885973,straight road,no slope,2022-04-04T09:00:00Z
6055369,4.04.2022 16:40,8.04.2022 11:30,Suphan Buri,department of highways,private/passenger car,cutting in closely by people/vehicles/animals,rear-end collision,2,0,1,clear,14.48951527,100.131728,straight road,no slope,2022-04-04T09:40:00Z
6105121,4.04.2022 17:00,16.04.2022 09:27,Ubon Ratchathani,department of highways,4-wheel pickup truck,cutting in closely by people/vehicles/animals,rollover/fallen on curved road,1,0,1,clear,15.72773717,105.4612881,wide curve,no slope,2022-04-04T10:00:00Z
7554079,4.04.2022 17:10,8.01.2023 11:24,buogkan,department of highways,other,speeding,rollover/fallen on curved road,1,0,0,clear,17.95366538,104.0478283,wide curve,no slope,2022-04-04T10:10:00Z
6680169,4.04.2022 17:32,8.08.2022 10:15,Bangkok,department of highways,4-wheel pickup truck,speeding,rollover/fallen on straight road,1,0,0,clear,13.73042995,100.7227233,straight road,no slope,2022-04-04T10:32:00Z
7518191,4.04.2022 17:40,29.12.2022 13:38,Uthai Thani,department of highways,6-wheel truck,speeding,head-on collision (not overtaking),2,1,0,clear,15.04541442,99.59110199,wide curve,slope area,2022-04-04T10:40:00Z
6289003,4.04.2022 18:30,1.06.2022 11:14,Sukhothai,department of highways,private/passenger car,speeding,rear-end collision,2,0,0,clear,17.11309174,99.84935044,straight road,no slope,2022-04-04T11:30:00Z
7565422,4.04.2022 19:30,20.01.2023 11:07,Chanthaburi,department of highways,4-wheel pickup truck,speeding,rollover/fallen on curved road,1,0,0,clear,12.928846,102.4665427,connecting to private area,other,2022-04-04T12:30:00Z
6037221,4.04.2022 19:35,5.04.2022 09:10,Surat Thani,department of highways,4-wheel pickup truck,speeding,rollover/fallen on straight road,1,0,1,rainy,9.296422765,99.14822637,straight road,no slope,2022-04-04T12:35:00Z
6723663,4.04.2022 20:00,15.08.2022 11:17,Suphan Buri,department of highways,private/passenger car,speeding,head-on collision (not overtaking),2,0,0,foggy,14.90554624,100.0864014,straight road,no slope,2022-04-04T13:00:00Z
6154627,4.04.2022 20:25,6.05.2022 12:34,Suphan Buri,department of highways,private/passenger car,speeding,rollover/fallen on curved road,1,1,1,clear,14.57971309,100.1505411,wide curve,no slope,2022-04-04T13:25:00Z
6037419,4.04.2022 21:00,5.04.2022 09:55,Kalasin,department of highways,motorcycle,speeding,rear-end collision,2,1,0,clear,16.93008413,103.6009937,straight road,no slope,2022-04-04T14:00:00Z
6909715,4.04.2022 21:00,15.09.2022 09:47,Surat Thani,department of highways,private/passenger car,speeding,rollover/fallen on straight road,1,0,0,clear,9.1610778,99.49081151,straight road,no slope,2022-04-04T14:00:00Z
7414461,4.04.2022 21:00,28.11.2022 14:35,Mae Hong Son,department of highways,other,speeding,rollover/fallen on straight road,1,0,0,clear,19.37073698,97.96256124,straight road,no slope,2022-04-04T14:00:00Z
6680521,4.04.2022 21:35,8.08.2022 11:37,Pathum Thani,department of highways,private/passenger car,speeding,rear-end collision,3,0,1,clear,13.93151595,100.7077244,straight road,no slope,2022-04-04T14:35:00Z
7557481,4.04.2022 23:30,12.01.2023 09:37,Songkhla,department of highways,private/passenger car,speeding,rollover/fallen on straight road,1,0,1,clear,7.263415193,100.5229604,straight road,no slope,2022-04-04T16:30:00Z
6943220,4.04.2022 23:46,20.09.2022 09:10,Nakhon Ratchasima,department of highways,4-wheel pickup truck,speeding,rollover/fallen on straight road,1,0,1,clear,14.89261977,102.0707533,straight road,no slope,2022-04-04T16:46:00Z
7568171,5.04.2022 00:30,24.01.2023 10:32,Prachuap Khiri Khan,department of highways,4-wheel pickup truck,vehicle equipment failure,rollover/fallen on straight road,1,0,0,clear,12.32217573,99.87884133,straight road,no slope,2022-04-04T17:30:00Z
7565472,5.04.2022 00:58,20.01.2023 11:24,Chanthaburi,department of highways,4-wheel pickup truck,speeding,rollover/fallen on curved road,1,2,1,clear,12.93765051,102.0551696,wide curve,no slope,2022-04-04T17:58:00Z
7414765,5.04.2022 01:00,29.11.2022 13:50,Phrae,department of highways,private/passenger car,speeding,rollover/fallen on straight road,1,0,1,clear,18.34521036,100.3193834,wide curve,no slope,2022-04-04T18:00:00Z
6062731,5.04.2022 01:25,9.04.2022 14:35,Chon Buri,department of highways,large truck with trailer,speeding,rear-end collision,2,0,0,clear,13.43867988,101.0462513,straight road,no slope,2022-04-04T18:25:00Z
7563161,5.04.2022 02:10,18.01.2023 14:48,Chumphon,department of highways,4-wheel pickup truck,speeding,rollover/fallen on straight road,1,0,1,rainy,10.52352811,99.11755262,straight road,no slope,2022-04-04T19:10:00Z
6549357,5.04.2022 02:30,14.07.2022 12:20,Maha Sarakham,department of highways,6-wheel truck,speeding,rollover/fallen on curved road,1,0,1,clear,16.37449759,103.1371969,wide curve,no slope,2022-04-04T19:30:00Z
6171437,5.04.2022 03:30,9.05.2022 13:24,Tak,department of highways,private/passenger car,falling asleep,rollover/fallen on curved road,1,0,0,clear,16.79955716,98.59510391,wide curve,no slope,2022-04-04T20:30:00Z
6288973,5.04.2022 03:30,1.06.2022 11:05,Tak,department of highways,7-10-wheel truck,falling asleep,rollover/fallen on straight road,1,0,1,clear,16.7314794,99.2211154,straight road,no slope,2022-04-04T20:30:00Z
7554670,5.04.2022 04:00,9.01.2023 13:59,Nakhon Ratchasima,department of highways,4-wheel pickup truck,speeding,rollover/fallen on straight road,1,0,2,clear,15.15135313,102.3266306,straight road,no slope,2022-04-04T21:00:00Z
6073868,5.04.2022 04:25,11.04.2022 11:11,Chai Nat,department of highways,4-wheel pickup truck,speeding,rollover/fallen on straight road,1,0,1,clear,15.23706178,100.2163437,straight road,no slope,2022-04-04T21:25:00Z
6566224,5.04.2022 05:30,8.04.2022 15:35,Tak,department of rural roads,private/passenger car,speeding,other,1,0,18,clear,16.537991,98.76291,wide curve,slope area,2022-04-04T22:30:00Z
7560633,5.04.2022 05:30,16.01.2023 10:26,Uthai Thani,department of highways,4-wheel pickup truck,speeding,rollover/fallen on straight road,1,0,0,clear,15.20107108,99.69409345,straight road,no slope,2022-04-04T22:30:00Z
6549310,5.04.2022 06:15,14.07.2022 12:08,Khon Kaen,department of highways,large truck with trailer,vehicle equipment failure,rollover/fallen on straight road,1,0,0,clear,16.40538645,102.7847761,other,other,2022-04-04T23:15:00Z
6723662,5.04.2022 06:40,15.08.2022 11:17,Suphan Buri,department of highways,4-wheel pickup truck,falling asleep,rollover/fallen on straight road,1,0,0,clear,14.44368829,100.0022524,straight road,no slope,2022-04-04T23:40:00Z
7557741,5.04.2022 07:00,12.01.2023 10:44,Songkhla,department of highways,large truck with trailer,cutting in closely by people/vehicles/animals,head-on collision (not overtaking),2,0,8,clear,7.000420939,100.6739741,straight road,no slope,2022-04-05T00:00:00Z
7027469,5.04.2022 07:10,3.10.2022 11:50,Phra Nakhon Si Ayutthaya,department of highways,motorcycle,speeding,rollover/fallen on curved road,1,0,1,rainy,14.23938997,100.7107445,wide curve,no slope,2022-04-05T00:10:00Z
7331321,5.04.2022 07:10,1.06.2022 11:09,Maha Sarakham,department of highways,private/passenger car,speeding,rear-end collision,2,1,0,clear,16.05910112,103.1367811,straight road,no slope,2022-04-05T00:10:00Z
7555981,5.04.2022 07:25,11.01.2023 09:25,Prachin Buri,department of highways,7-10-wheel truck,speeding,rear-end collision,3,0,4,clear,14.30490846,101.8668115,wide curve,slope area,2022-04-05T00:25:00Z
6218584,5.04.2022 07:50,17.05.2022 08:30,Ratchaburi,department of highways,7-10-wheel truck,speeding,rear-end collision,2,0,1,clear,13.35741084,99.82613056,straight road,no slope,2022-04-05T00:50:00Z
7555977,5.04.2022 08:20,11.01.2023 09:22,Prachin Buri,department of highways,6-wheel truck,speeding,rollover/fallen on curved road,1,0,0,clear,14.30650947,101.8659532,wide curve,slope area,2022-04-05T01:20:00Z
7553834,5.04.2022 08:25,7.01.2023 16:00,Bangkok,department of highways,motorcycle,inadequate visibility,rear-end collision,2,0,1,clear,13.81417875,100.5592636,wide curve,slope area,2022-04-05T01:25:00Z
6055214,5.04.2022 08:40,8.04.2022 10:51,Kalasin,department of highways,private/passenger car,speeding,rear-end collision,2,1,2,clear,16.38208903,103.2118267,straight road,no slope,2022-04-05T01:40:00Z
6289114,5.04.2022 09:30,1.06.2022 11:34,Phetchabun,department of highways,motorcycle,cutting in closely by people/vehicles/animals,rear-end collision,2,0,0,clear,16.02973819,101.0759917,straight road,no slope,2022-04-05T02:30:00Z
6591990,5.04.2022 09:30,22.07.2022 13:42,Phatthalung,department of highways,6-wheel truck,speeding,rollover/fallen on curved road,1,0,0,rainy,7.431294126,100.0638279,other,other,2022-04-05T02:30:00Z
7563156,5.04.2022 09:30,18.01.2023 14:42,Chumphon,department of highways,large truck with trailer,speeding,rollover/fallen on straight road,1,0,0,rainy,10.19386742,99.09754871,straight road,no slope,2022-04-05T02:30:00Z
7414486,5.04.2022 10:30,28.11.2022 14:46,Chiang Mai,department of highways,4-wheel pickup truck,speeding,rollover/fallen on curved road,1,0,0,clear,19.03528389,98.39260785,wide curve,slope area,2022-04-05T03:30:00Z
7511208,5.04.2022 11:50,27.12.2022 11:51,Krabi,department of highways,4-wheel pickup truck,speeding,rollover/fallen on straight road,1,0,0,rainy,7.899284134,99.15072887,straight road,no slope,2022-04-05T04:50:00Z
6074885,5.04.2022 12:30,11.04.2022 14:50,Amnat Charoen,department of highways,private/passenger car,speeding,rollover/fallen on straight road,1,0,1,clear,15.87120289,104.6708304,straight road,no slope,2022-04-05T05:30:00Z
6680193,5.04.2022 13:44,8.08.2022 10:22,Bangkok,department of highways,private/passenger car,speeding,rollover/fallen on straight road,1,0,0,clear,13.72986975,100.7572111,straight road,no slope,2022-04-05T06:44:00Z
7564018,5.04.2022 14:03,19.01.2023 09:52,Phatthalung,department of highways,4-wheel pickup truck,speeding,rollover/fallen on straight road,1,0,0,clear,7.419935815,100.0743382,straight road,no slope,2022-04-05T07:03:00Z
6148935,5.04.2022 14:15,4.05.2022 15:36,Bangkok,expressway authority of thailand,4-wheel pickup truck,other,rear-end collision,3,0,0,clear,13.76459488,100.5409791,straight road,other,2022-04-05T07:15:00Z
6038756,5.04.2022 14:23,5.04.2022 15:30,Bangkok,expressway authority of thailand,4-wheel pickup truck,other,rollover/fallen on straight road,3,0,0,clear,13.69592009,100.5359159,straight road,other,2022-04-05T07:23:00Z
7291848,5.04.2022 15:00,11.11.2022 14:00,Chiang Rai,department of highways,7-10-wheel truck,cutting in closely by people/vehicles/animals,rollover/fallen on curved road,1,0,1,clear,19.70151374,99.71953152,wide curve,no slope,2022-04-05T08:00:00Z
6680463,5.04.2022 15:48,8.08.2022 11:22,Phra Nakhon Si Ayutthaya,department of highways,4-wheel pickup truck,speeding,rollover/fallen on curved road,1,0,0,clear,14.18892998,100.634543,other,other,2022-04-05T08:48:00Z
6664084,5.04.2022 15:50,5.08.2022 13:42,Chon Buri,department of highways,private/passenger car,speeding,rollover/fallen on curved road,1,0,1,clear,12.94382498,100.9205684,wide curve,no slope,2022-04-05T08:50:00Z
7567108,5.04.2022 16:29,23.01.2023 10:30,Krabi,department of highways,4-wheel pickup truck,speeding,rollover/fallen on straight road,1,0,2,rainy,8.297448456,98.78854214,straight road,no slope,2022-04-05T09:29:00Z
6680190,5.04.2022 17:19,8.08.2022 10:23,Bangkok,department of highways,private/passenger car,speeding,rear-end collision,2,0,0,clear,13.72986975,100.7572138,straight road,no slope,2022-04-05T10:19:00Z
7557569,5.04.2022 17:45,12.01.2023 10:04,Songkhla,department of highways,6-wheel truck,speeding,rollover/fallen on curved road,1,0,2,rainy,6.96595731,100.517706,wide curve,no slope,2022-04-05T10:45:00Z
6289008,5.04.2022 18:04,1.06.2022 11:14,Sukhothai,department of highways,motorcycle,speeding,rear-end collision,2,0,1,clear,17.25283464,99.8574829,wide curve,no slope,2022-04-05T11:04:00Z
7047734,5.04.2022 18:30,6.10.2022 11:21,Bangkok,department of highways,4-wheel pickup truck,speeding,rear-end collision,2,0,1,clear,13.6830196,100.4066169,straight road,no slope,2022-04-05T11:30:00Z
6171576,5.04.2022 20:10,9.05.2022 13:48,Sukhothai,department of highways,large truck with trailer,speeding,rollover/fallen on straight road,1,0,0,clear,16.95251446,99.97440039,other,other,2022-04-05T13:10:00Z
6178723,5.04.2022 21:00,10.05.2022 15:10,Kanchanaburi,department of highways,motorized tricycle,speeding,collision with obstruction (on road surface),3,0,1,clear,14.01786457,99.55737053,other,other,2022-04-05T14:00:00Z
7565064,5.04.2022 21:00,20.01.2023 08:33,Pathum Thani,department of highways,4-wheel pickup truck,speeding,rear-end collision,2,0,0,clear,13.96671782,100.5438656,wide curve,no slope,2022-04-05T14:00:00Z
7554084,5.04.2022 21:30,8.01.2023 11:26,buogkan,department of highways,motorcycle,cutting in closely by people/vehicles/animals,rear-end collision,2,2,1,clear,18.31501089,103.7913608,straight road,no slope,2022-04-05T14:30:00Z
6680427,5.04.2022 23:10,8.08.2022 11:15,Pathum Thani,department of highways,large truck with trailer,speeding,rollover/fallen on straight road,1,0,0,clear,13.94027332,100.7102644,straight road,no slope,2022-04-05T16:10:00Z
6680435,6.04.2022 00:07,8.08.2022 11:19,Pathum Thani,department of highways,large truck with trailer,vehicle equipment failure,other,1,0,0,clear,14.12121373,100.6749344,straight road,no slope,2022-04-05T17:07:00Z
7566963,6.04.2022 01:00,23.01.2023 07:50,Chon Buri,department of highways,motorcycle,speeding,rollover/fallen on curved road,1,0,0,clear,13.39197056,100.9871489,wide curve,no slope,2022-04-05T18:00:00Z
7568155,6.04.2022 01:00,24.01.2023 10:22,Sakon Nakhon,department of highways,4-wheel pickup truck,speeding,rollover/fallen on straight road,1,0,1,clear,17.37351711,103.7146336,straight road,no slope,2022-04-05T18:00:00Z
7414844,6.04.2022 02:50,25.11.2022 13:42,Chiang Mai,department of highways,private/passenger car,speeding,rear-end collision,2,0,1,clear,18.89046695,98.95412026,straight road,no slope,2022-04-05T19:50:00Z
7567243,6.04.2022 03:30,23.01.2023 12:43,Chon Buri,department of highways,large truck with trailer,speeding,rollover/fallen on curved road,1,0,0,clear,13.31583815,101.1835456,wide curve,no slope,2022-04-05T20:30:00Z
6161987,6.04.2022 04:00,7.05.2022 16:01,Loburi,department of highways,large truck with trailer,falling asleep,rollover/fallen on straight road,1,1,0,clear,14.83356339,100.9104833,other,other,2022-04-05T21:00:00Z
7331323,6.04.2022 05:00,7.04.2022 16:54,Chumphon,department of highways,large truck with trailer,speeding,rear-end collision,2,1,0,rainy,10.55052023,99.11796032,straight road,no slope,2022-04-05T22:00:00Z
6566229,6.04.2022 05:57,11.04.2022 09:10,Chiang Mai,department of rural roads,4-wheel pickup truck,speeding,other,2,0,1,clear,18.763315,99.039073,four-way intersection,other,2022-04-05T22:57:00Z
7568180,6.04.2022 06:00,24.01.2023 10:38,Prachuap Khiri Khan,department of highways,7-10-wheel truck,speeding,rollover/fallen on straight road,1,0,0,clear,11.50477135,99.60708527,straight road,no slope,2022-04-05T23:00:00Z
6147824,6.04.2022 07:10,30.04.2022 23:36,Sing Buri,department of highways,4-wheel pickup truck,cutting in closely by people/vehicles/animals,rear-end collision,2,1,1,clear,14.76521623,100.451332,straight road,no slope,2022-04-06T00:10:00Z
6680436,6.04.2022 08:30,8.08.2022 11:17,Pathum Thani,department of highways,4-wheel pickup truck,speeding,rear-end collision,3,0,0,clear,13.95914062,100.7126999,straight road,no slope,2022-04-06T01:30:00Z
6566226,6.04.2022 11:20,8.04.2022 15:34,Nakhon Phanom,department of rural roads,private/passenger car,speeding,other,1,0,2,clear,17.325706,104.701947,wide curve,no slope,2022-04-06T04:20:00Z
6227018,6.04.2022 11:30,18.05.2022 14:42,Phatthalung,department of highways,large truck with trailer,speeding,rollover/fallen on straight road,1,0,0,clear,7.617232577,100.050551,straight road,no slope,2022-04-06T04:30:00Z
7554686,6.04.2022 12:30,9.01.2023 14:05,Nakhon Ratchasima,department of highways,4-wheel pickup truck,cutting in closely by people/vehicles/animals,head-on collision (not overtaking),2,0,0,clear,14.43232164,102.4778053,wide curve,no slope,2022-04-06T05:30:00Z
7556003,6.04.2022 12:56,11.01.2023 09:49,Prachin Buri,department of highways,4-wheel pickup truck,speeding,rollover/fallen on straight road,1,0,1,clear,13.90484871,101.6340467,straight road,no slope,2022-04-06T05:56:00Z
6048525,6.04.2022 13:00,7.04.2022 08:13,Pathum Thani,department of highways,4-wheel pickup truck,speeding,rear-end collision,2,0,1,clear,13.92796241,100.7070324,straight road,no slope,2022-04-06T06:00:00Z
6148255,6.04.2022 13:00,3.05.2022 07:48,Suphan Buri,department of highways,6-wheel truck,speeding,rear-end collision,3,0,3,clear,14.50341343,100.0102562,straight road,no slope,2022-04-06T06:00:00Z
6822789,6.04.2022 14:00,1.09.2022 14:25,Ang Thong,department of highways,4-wheel pickup truck,speeding,rollover/fallen on straight road,1,0,0,clear,14.60442927,100.4080438,straight road,no slope,2022-04-06T07:00:00Z
7557568,6.04.2022 15:30,12.01.2023 10:03,Songkhla,department of highways,4-wheel pickup truck,speeding,rollover/fallen on straight road,1,0,1,clear,7.092449879,100.5631399,straight road,no slope,2022-04-06T08:30:00Z
6566221,6.04.2022 16:36,8.04.2022 15:34,Chiang Mai,department of rural roads,motorcycle,driving under the influence of alcohol,other,1,0,1,clear,19.914412,99.181222,straight road,no slope,2022-04-06T09:36:00Z
7511260,6.04.2022 16:40,27.12.2022 11:52,Krabi,department of highways,4-wheel pickup truck,speeding,rollover/fallen on straight road,1,0,0,rainy,8.061733961,99.00903581,straight road,no slope,2022-04-06T09:40:00Z
6367539,6.04.2022 17:30,14.06.2022 07:38,Tak,department of highways,large truck with trailer,speeding,rollover/fallen on straight road,1,0,0,clear,16.72601579,98.49573343,straight road,no slope,2022-04-06T10:30:00Z
6239002,6.04.2022 19:00,20.05.2022 11:02,Ratchaburi,department of highways,4-wheel pickup truck,speeding,rollover/fallen on straight road,1,0,0,clear,13.3414523,99.8469284,straight road,no slope,2022-04-06T12:00:00Z
6146432,6.04.2022 20:00,28.04.2022 14:36,Nan,department of highways,motorcycle,speeding,rollover/fallen on straight road,1,1,0,clear,18.74709178,100.756782,straight road,no slope,2022-04-06T13:00:00Z
7562342,6.04.2022 20:10,18.01.2023 08:03,Nakhon Si Thammarat,department of highways,private/passenger car,falling asleep,rollover/fallen on straight road,1,0,2,clear,7.901401564,99.92765485,straight road,no slope,2022-04-06T13:10:00Z
6062585,6.04.2022 21:47,9.04.2022 14:00,Bangkok,department of highways,private/passenger car,speeding,rear-end collision,2,0,0,clear,13.73194377,100.7101598,straight road,no slope,2022-04-06T14:47:00Z
6047677,6.04.2022 22:10,7.04.2022 03:52,Samut Prakan,expressway authority of thailand,4-wheel pickup truck,other,rear-end collision,2,0,0,clear,13.63372,100.539657,grade-separated intersection/ramps,other,2022-04-06T15:10:00Z
6144669,6.04.2022 22:20,26.04.2022 10:17,Chon Buri,department of highways,private/passenger car,speeding,rollover/fallen on straight road,1,0,2,clear,13.37428424,101.276122,straight road,no slope,2022-04-06T15:20:00Z
6047133,6.04.2022 23:45,7.04.2022 00:54,Bangkok,expressway authority of thailand,other,other,rear-end collision,2,0,0,clear,13.74849714,100.603302,grade-separated intersection/ramps,other,2022-04-06T16:45:00Z
6549595,7.04.2022 00:00,14.07.2022 13:28,Chaiyaphum,department of highways,other,speeding,rollover/fallen on straight road,1,0,0,clear,16.59099421,101.9812345,straight road,no slope,2022-04-06T17:00:00Z
6584893,7.04.2022 00:40,21.07.2022 10:02,Khon Kaen,department of highways,private/passenger car,speeding,rollover/fallen on straight road,1,0,1,clear,16.08679744,102.4016735,straight road,no slope,2022-04-06T17:40:00Z
6055994,7.04.2022 02:00,8.04.2022 13:46,Samut Prakan,department of highways,motorcycle,speeding,rear-end collision,3,1,0,clear,13.64503023,100.5243578,straight road,no slope,2022-04-06T19:00:00Z
6148053,7.04.2022 02:00,2.05.2022 10:43,Surin,department of highways,large truck with trailer,falling asleep,rollover/fallen on straight road,1,0,0,clear,14.61030551,103.5972681,straight road,no slope,2022-04-06T19:00:00Z
7425107,7.04.2022 02:00,2.12.2022 14:49,Chumphon,department of highways,4-wheel pickup truck,speeding,rollover/fallen on straight road,1,0,0,clear,10.43469275,99.21829639,straight road,no slope,2022-04-06T19:00:00Z
6902516,7.04.2022 02:30,14.09.2022 09:07,Buri Ram,department of highways,large truck with trailer,speeding,rollover/fallen on straight road,1,0,0,clear,14.70422348,102.4786582,straight road,no slope,2022-04-06T19:30:00Z
6950085,7.04.2022 02:30,21.09.2022 10:33,Nakhon Pathom,department of highways,private/passenger car,speeding,rollover/fallen on curved road,1,0,0,clear,13.96719155,100.1552215,wide curve,no slope,2022-04-06T19:30:00Z
6079302,7.04.2022 04:40,12.04.2022 08:59,Phra Nakhon Si Ayutthaya,department of highways,4-wheel pickup truck,speeding,rollover/fallen on straight road,1,0,1,clear,14.21322925,100.6807172,straight road,no slope,2022-04-06T21:40:00Z
7562267,7.04.2022 06:30,18.01.2023 06:16,Nakhon Si Thammarat,department of highways,4-wheel pickup truck,speeding,rear-end collision,2,1,0,clear,8.106349948,100.0955263,straight road,no slope,2022-04-06T23:30:00Z
6227015,7.04.2022 07:50,18.05.2022 14:43,Phatthalung,department of highways,4-wheel pickup truck,speeding,rollover/fallen on straight road,1,0,0,clear,7.619160015,100.0498,other,other,2022-04-07T00:50:00Z
7554341,7.04.2022 08:45,9.01.2023 10:30,Songkhla,department of highways,4-wheel pickup truck,cutting in closely by people/vehicles/animals,rear-end collision,3,0,4,clear,7.118195641,100.2285665,straight road,no slope,2022-04-07T01:45:00Z
7564956,7.04.2022 09:19,20.01.2023 06:34,Bangkok,department of highways,4-wheel pickup truck,speeding,rear-end collision,2,0,1,clear,13.6733404,100.607568,straight road,no slope,2022-04-07T02:19:00Z
6055238,7.04.2022 10:00,8.04.2022 10:58,Sukhothai,department of highways,motorcycle,speeding,rear-end collision,2,0,1,clear,17.03602344,99.88263129,straight road,no slope,2022-04-07T03:00:00Z
6232357,7.04.2022 10:00,19.05.2022 09:52,Surin,department of highways,4-wheel pickup truck,running red lights/traffic signals,rollover/fallen on straight road,4,0,4,clear,14.89400395,103.4327495,other,other,2022-04-07T03:00:00Z
6219050,7.04.2022 10:10,17.05.2022 10:07,Nakhon Si Thammarat,department of highways,4-wheel pickup truck,running red lights/traffic signals,head-on collision (not overtaking),2,0,0,clear,8.527464546,99.92998032,other,other,2022-04-07T03:10:00Z
6183726,7.04.2022 11:00,11.05.2022 09:30,Roi Et,department of highways,6-wheel truck,speeding,rollover/fallen on straight road,1,0,0,clear,16.10373396,103.8127488,straight road,no slope,2022-04-07T04:00:00Z
6917242,7.04.2022 11:50,16.09.2022 11:50,Pathum Thani,department of highways,large truck with trailer,speeding,rollover/fallen on straight road,1,0,0,clear,14.01686788,100.3614083,straight road,no slope,2022-04-07T04:50:00Z
6055216,7.04.2022 12:40,8.04.2022 10:53,Chumphon,department of highways,4-wheel pickup truck,speeding,rollover/fallen on straight road,2,0,0,clear,10.73622556,99.20618086,straight road,no slope,2022-04-07T05:40:00Z
7331329,7.04.2022 12:40,23.04.2022 10:24,Bangkok,department of highways,private/passenger car,speeding,rear-end collision,2,0,3,clear,13.73933037,100.6515911,straight road,no slope,2022-04-07T05:40:00Z
6056139,7.04.2022 13:30,8.04.2022 14:17,Samut Prakan,department of highways,6-wheel truck,speeding,rear-end collision,2,0,1,clear,13.64517619,100.5242693,straight road,no slope,2022-04-07T06:30:00Z
6055992,7.04.2022 13:50,8.04.2022 13:48,Samut Prakan,department of highways,motorcycle,speeding,rear-end collision,3,1,0,clear,13.65173928,100.6783864,straight road,no slope,2022-04-07T06:50:00Z
6289272,7.04.2022 14:00,1.06.2022 12:07,Kalasin,department of highways,4-wheel pickup truck,falling asleep,rollover/fallen on straight road,1,0,0,clear,16.39008931,103.336308,straight road,no slope,2022-04-07T07:00:00Z
6149054,7.04.2022 14:04,5.05.2022 09:36,Samut Prakan,expressway authority of thailand,4-wheel pickup truck,other,side collision,3,0,0,clear,13.625147,100.667528,straight road,other,2022-04-07T07:04:00Z
7564950,7.04.2022 14:50,20.01.2023 06:28,Bangkok,department of highways,motorcycle,speeding,rear-end collision,2,0,1,clear,13.66640261,100.639379,straight road,no slope,2022-04-07T07:50:00Z
7564946,7.04.2022 15:00,20.01.2023 06:23,Samut Prakan,department of highways,motorcycle,cutting in closely by people/vehicles/animals,collision at intersection corner,2,0,1,clear,13.60782985,100.7003751,other,other,2022-04-07T08:00:00Z
6701064,7.04.2022 15:10,11.08.2022 09:29,Loburi,department of highways,private/passenger car,running red lights/traffic signals,collision at intersection corner,2,0,2,clear,15.09181653,101.268872,other,other,2022-04-07T08:10:00Z