acc_code,incident_datetime,report_datetime,province_en,agency,vehicle_type,presumed_cause,accident_type,number_of_vehicles_involved,number_of_fatalities,number_of_injuries,weather_condition,latitude,longitude,road_description,slope_description,incident_time
7027067,7.04.2022 15:10,3.10.2022 10:37,Chachoengsao,department of highways,7-10-wheel truck,speeding,rollover/fallen on straight road,1,0,0,clear,13.50093785,101.002695,straight road,no slope,2022-04-07T08:10:00Z
6680257,7.04.2022 15:29,8.08.2022 10:39,Bangkok,department of highways,private/passenger car,speeding,rollover/fallen on straight road,1,0,0,clear,13.73086247,100.7616475,straight road,no slope,2022-04-07T08:29:00Z
6241507,7.04.2022 15:30,23.05.2022 11:25,Phra Nakhon Si Ayutthaya,department of highways,6-wheel truck,speeding,rollover/fallen on straight road,1,0,0,clear,14.3365782,100.4957896,straight road,no slope,2022-04-07T08:30:00Z
6177022,7.04.2022 16:00,10.05.2022 10:11,Ubon Ratchathani,department of highways,4-wheel pickup truck,speeding,rollover/fallen on straight road,1,0,1,clear,14.70179514,104.8963505,straight road,no slope,2022-04-07T09:00:00Z
6149053,7.04.2022 16:20,5.05.2022 09:35,Samut Prakan,expressway authority of thailand,6-wheel truck,other,rear-end collision,2,0,0,clear,13.638624,100.550644,straight road,other,2022-04-07T09:20:00Z
7563154,7.04.2022 16:30,18.01.2023 14:44,Chumphon,department of highways,4-wheel pickup truck,speeding,rear-end collision,2,0,1,clear,10.80211825,99.20293002,other,other,2022-04-07T09:30:00Z
7554581,7.04.2022 17:30,9.01.2023 13:33,Nakhon Ratchasima,department of highways,private/passenger car,speeding,rear-end collision,2,0,0,clear,14.63792483,101.2619251,straight road,no slope,2022-04-07T10:30:00Z
6055212,7.04.2022 17:40,8.04.2022 10:51,Phetchabun,department of highways,motorcycle,speeding,rear-end collision,2,0,3,clear,16.09727857,100.7473782,straight road,no slope,2022-04-07T10:40:00Z
6055441,7.04.2022 17:40,8.04.2022 11:46,Suphan Buri,department of highways,motorcycle,cutting in closely by people/vehicles/animals,rear-end collision,2,0,1,clear,14.86828884,99.9818006,straight road,no slope,2022-04-07T10:40:00Z
7561568,7.04.2022 18:52,17.01.2023 10:46,Bangkok,department of highways,4-wheel pickup truck,speeding,rear-end collision,2,0,1,clear,13.68204492,100.406566,straight road,no slope,2022-04-07T11:52:00Z
7415208,7.04.2022 19:30,29.11.2022 14:54,Phrae,department of highways,4-wheel pickup truck,speeding,rollover/fallen on curved road,1,0,0,clear,18.37218707,100.3788856,wide curve,no slope,2022-04-07T12:30:00Z
7433777,7.04.2022 19:30,6.12.2022 10:21,Nan,department of highways,private/passenger car,speeding,rollover/fallen on straight road,1,0,0,clear,19.35684969,100.7075903,wide curve,slope area,2022-04-07T12:30:00Z
6080067,7.04.2022 20:40,12.04.2022 12:09,Suphan Buri,department of highways,motorcycle,speeding,rear-end collision,2,2,0,clear,14.80614776,99.60359304,straight road,no slope,2022-04-07T13:40:00Z
7008590,7.04.2022 20:45,30.09.2022 13:28,Prachuap Khiri Khan,department of highways,7-10-wheel truck,speeding,rear-end collision,2,1,0,clear,10.97724684,99.33124422,straight road,no slope,2022-04-07T13:45:00Z
6243153,7.04.2022 21:00,25.05.2022 11:48,Chon Buri,department of highways,large truck with trailer,speeding,rear-end collision,3,0,0,clear,13.48871864,101.2767202,straight road,no slope,2022-04-07T14:00:00Z
6318189,7.04.2022 21:00,6.06.2022 10:52,Prachuap Khiri Khan,department of highways,4-wheel pickup truck,speeding,rollover/fallen on straight road,1,0,1,clear,11.71760255,99.72165047,straight road,no slope,2022-04-07T14:00:00Z
7331326,7.04.2022 21:20,24.05.2022 12:13,Ang Thong,department of highways,motorcycle,speeding,rollover/fallen on straight road,1,0,1,clear,14.60058523,100.4362392,straight road,no slope,2022-04-07T14:20:00Z
7133197,7.04.2022 21:40,19.10.2022 14:39,Chon Buri,department of highways,large truck with trailer,falling asleep,rollover/fallen on straight road,1,0,1,clear,13.55914329,101.2663936,other,other,2022-04-07T14:40:00Z
6147825,7.04.2022 22:00,30.04.2022 23:40,Sing Buri,department of highways,4-wheel pickup truck,speeding,rollover/fallen on straight road,1,0,0,clear,14.75173927,100.4536655,straight road,no slope,2022-04-07T15:00:00Z
7007805,7.04.2022 22:40,30.09.2022 10:54,Nan,department of highways,4-wheel pickup truck,speeding,rollover/fallen on straight road,1,0,1,clear,18.84998252,100.4365557,other,other,2022-04-07T15:40:00Z
6259930,7.04.2022 23:00,27.05.2022 14:30,Pathum Thani,department of highways,private/passenger car,other,rollover/fallen on straight road,1,0,0,clear,14.02173421,100.7380923,straight road,no slope,2022-04-07T16:00:00Z
6549941,7.04.2022 23:00,14.07.2022 15:06,Udon Thani,department of highways,4-wheel pickup truck,speeding,rollover/fallen on curved road,1,0,0,clear,17.86137543,102.2564828,sharp curve,no slope,2022-04-07T16:00:00Z
6056305,7.04.2022 23:15,8.04.2022 14:54,Chumphon,department of highways,6-wheel truck,speeding,rear-end collision,2,0,1,clear,10.84371434,99.22807036,straight road,no slope,2022-04-07T16:15:00Z
7557928,7.04.2022 23:59,12.01.2023 11:38,Satun,department of highways,4-wheel pickup truck,falling asleep,rollover/fallen on straight road,1,0,0,clear,6.855174728,99.89272176,straight road,no slope,2022-04-07T16:59:00Z
6549359,8.04.2022 00:10,14.07.2022 12:24,Khon Kaen,department of highways,private/passenger car,falling asleep,rollover/fallen on straight road,1,0,1,clear,16.55851268,102.8254947,straight road,no slope,2022-04-07T17:10:00Z
7554682,8.04.2022 00:10,9.01.2023 14:03,Nakhon Ratchasima,department of highways,van,speeding,rear-end collision,2,0,1,clear,14.85065459,101.7189145,straight road,no slope,2022-04-07T17:10:00Z
6567147,8.04.2022 01:00,6.07.2022 11:01,Mae Hong Son,department of rural roads,motorcycle,driving under the influence of alcohol,other,1,0,1,clear,19.574689,98.277075,wide curve,no slope,2022-04-07T18:00:00Z
7434540,8.04.2022 01:00,6.12.2022 11:20,Krabi,department of highways,4-wheel pickup truck,speeding,rollover/fallen on straight road,1,0,1,clear,7.735204932,99.30578737,straight road,no slope,2022-04-07T18:00:00Z
7566758,8.04.2022 01:30,22.01.2023 08:31,Chachoengsao,department of highways,4-wheel pickup truck,falling asleep,rollover/fallen on straight road,1,2,0,clear,13.71811575,101.3128871,straight road,no slope,2022-04-07T18:30:00Z
6680236,8.04.2022 04:50,8.08.2022 10:32,Bangkok,department of highways,6-wheel truck,speeding,rear-end collision,2,0,1,clear,13.80637491,100.6790247,straight road,no slope,2022-04-07T21:50:00Z
7562753,8.04.2022 05:00,18.01.2023 10:59,Surat Thani,department of highways,6-wheel truck,speeding,rear-end collision,2,0,0,rainy,9.601678199,99.12699132,straight road,no slope,2022-04-07T22:00:00Z
7476771,8.04.2022 06:23,21.12.2022 10:06,Nonthaburi,department of highways,motorcycle,falling asleep,rear-end collision,3,0,0,clear,13.93160186,100.4025265,straight road,no slope,2022-04-07T23:23:00Z
7414447,8.04.2022 06:40,28.11.2022 14:27,Lampang,department of highways,7-10-wheel truck,unfamiliarity with the route/unskilled driving,rear-end collision,2,1,0,clear,18.50573042,99.55445497,other,other,2022-04-07T23:40:00Z
7475991,8.04.2022 07:30,21.12.2022 08:59,Kamphaeng Phet,department of highways,large truck with trailer,running red lights/traffic signals,collision at intersection corner,3,0,0,clear,16.47458036,99.55044238,other,other,2022-04-08T00:30:00Z
7290887,8.04.2022 07:40,11.11.2022 10:45,Lampang,department of highways,4-wheel pickup truck,speeding,rollover/fallen on curved road,1,0,0,clear,18.89970408,99.94538693,wide curve,no slope,2022-04-08T00:40:00Z
6289001,8.04.2022 07:50,1.06.2022 11:14,Maha Sarakham,department of highways,4-wheel pickup truck,speeding,rollover/fallen on straight road,1,0,1,clear,16.04605318,102.8924507,straight road,no slope,2022-04-08T00:50:00Z
6178696,8.04.2022 08:10,10.05.2022 15:08,Kanchanaburi,department of highways,motorized tricycle,speeding,rear-end collision,3,0,2,clear,14.71116848,98.66426467,other,other,2022-04-08T01:10:00Z
7562752,8.04.2022 08:30,18.01.2023 10:58,Surat Thani,department of highways,4-wheel pickup truck,vehicle equipment failure,rollover/fallen on straight road,1,0,0,clear,9.423174183,99.15421306,straight road,no slope,2022-04-08T01:30:00Z
6458166,8.04.2022 09:00,29.06.2022 07:24,Phetchabun,department of highways,4-wheel pickup truck,speeding,rollover/fallen on straight road,1,0,1,clear,15.51588202,101.0516453,straight road,no slope,2022-04-08T02:00:00Z
6822788,8.04.2022 10:22,1.09.2022 14:26,Ang Thong,department of highways,private/passenger car,speeding,rear-end collision,2,0,0,clear,14.57412159,100.4538211,straight road,no slope,2022-04-08T03:22:00Z
6566232,8.04.2022 10:25,21.04.2022 11:32,Samut Prakan,department of rural roads,motorcycle,debris/obstruction on the road,other,1,0,1,clear,13.652425,100.541236,straight road,slope area,2022-04-08T03:25:00Z
7554579,8.04.2022 10:40,9.01.2023 13:31,Nakhon Ratchasima,department of highways,4-wheel pickup truck,speeding,rollover/fallen on straight road,1,0,2,clear,14.72659094,101.5014625,straight road,no slope,2022-04-08T03:40:00Z
6056151,8.04.2022 11:00,8.04.2022 14:22,Nakhon Sawan,department of highways,4-wheel pickup truck,falling asleep,head-on collision (not overtaking),2,3,0,clear,15.76037094,100.602048,straight road,no slope,2022-04-08T04:00:00Z
7565374,8.04.2022 11:30,20.01.2023 10:42,Trang,department of highways,4-wheel pickup truck,speeding,rollover/fallen on straight road,1,0,1,clear,7.762364143,99.52516525,straight road,no slope,2022-04-08T04:30:00Z
7554253,8.04.2022 13:30,9.01.2023 09:19,Mukdahan,department of highways,private/passenger car,cutting in closely by people/vehicles/animals,rear-end collision,2,0,0,clear,16.58622837,104.4133624,other,other,2022-04-08T06:30:00Z
6056495,8.04.2022 13:40,8.04.2022 15:28,Bangkok,expressway authority of thailand,other,other,other,3,0,0,clear,13.68931278,100.5228741,straight road,other,2022-04-08T06:40:00Z
6243075,8.04.2022 14:00,25.05.2022 09:54,Chanthaburi,department of highways,4-wheel pickup truck,speeding,rollover/fallen on straight road,1,0,2,clear,12.43030069,102.3130479,straight road,no slope,2022-04-08T07:00:00Z
6932084,8.04.2022 14:30,18.09.2022 15:07,Ranong,department of highways,large truck with trailer,speeding,rollover/fallen on curved road,1,0,0,clear,9.520964948,98.53076308,wide curve,slope area,2022-04-08T07:30:00Z
7563942,8.04.2022 14:36,19.01.2023 09:10,Phra Nakhon Si Ayutthaya,department of highways,van,speeding,rollover/fallen on straight road,1,0,11,clear,14.23264079,100.7172569,straight road,no slope,2022-04-08T07:36:00Z
6183940,8.04.2022 14:40,11.05.2022 10:06,Chaiyaphum,department of highways,private/passenger car,speeding,rear-end collision,4,0,0,clear,15.71913188,102.0161301,straight road,no slope,2022-04-08T07:40:00Z
6056598,8.04.2022 14:46,8.04.2022 15:47,Bangkok,expressway authority of thailand,van,other,side collision,4,0,1,clear,13.71130891,100.5795732,straight road,other,2022-04-08T07:46:00Z
7434543,8.04.2022 15:10,6.12.2022 13:43,Uttaradit,department of highways,private/passenger car,speeding,rollover/fallen on straight road,1,0,1,clear,17.64588536,100.0636026,straight road,no slope,2022-04-08T08:10:00Z
6566528,8.04.2022 15:30,21.04.2022 11:32,Bangkok,department of rural roads,private/passenger car,speeding,other,1,0,0,clear,13.684622,100.543195,grade-separated intersection/ramps,other,2022-04-08T08:30:00Z
6148097,8.04.2022 15:50,2.05.2022 11:46,Chon Buri,department of highways,other,speeding,rollover/fallen on straight road,1,0,0,clear,13.45910044,101.0481852,straight road,no slope,2022-04-08T08:50:00Z
7556011,8.04.2022 16:00,11.01.2023 09:48,Prachin Buri,department of highways,private/passenger car,speeding,rear-end collision,2,0,0,clear,14.31350594,101.8460968,wide curve,slope area,2022-04-08T09:00:00Z
7554497,8.04.2022 16:10,9.01.2023 12:56,Nakhon Ratchasima,department of highways,private/passenger car,cutting in closely by people/vehicles/animals,rear-end collision,2,0,0,clear,14.99690103,102.1099967,straight road,no slope,2022-04-08T09:10:00Z
7331331,8.04.2022 16:38,12.04.2022 09:31,Phra Nakhon Si Ayutthaya,department of highways,6-wheel truck,speeding,rear-end collision,3,0,2,clear,14.27313028,100.6837427,straight road,no slope,2022-04-08T09:38:00Z
6190556,8.04.2022 18:00,12.05.2022 09:17,Suphan Buri,department of highways,other,speeding,rollover/fallen on straight road,1,0,0,clear,14.42885646,100.1450372,straight road,no slope,2022-04-08T11:00:00Z
6061474,8.04.2022 18:05,9.04.2022 10:10,Chon Buri,department of highways,4-wheel pickup truck,speeding,rear-end collision,2,0,0,clear,13.43776941,101.0462728,straight road,no slope,2022-04-08T11:05:00Z
7414482,8.04.2022 18:20,28.11.2022 14:44,Lampang,department of highways,motorcycle,speeding,rollover/fallen on straight road,1,1,0,clear,18.37839797,99.45868401,other,other,2022-04-08T11:20:00Z
6566530,8.04.2022 18:30,21.04.2022 11:32,Samut Prakan,department of rural roads,passenger pickup truck,illegal overtaking,other,2,0,1,clear,13.665206,100.519322,straight road,no slope,2022-04-08T11:30:00Z
6067614,8.04.2022 19:00,10.04.2022 11:22,Si Sa Ket,department of highways,motorcycle,cutting in closely by people/vehicles/animals,rear-end collision,2,1,1,clear,15.0205827,104.3656728,straight road,no slope,2022-04-08T12:00:00Z
7564181,8.04.2022 20:00,19.01.2023 11:04,Samut Sakhon,department of highways,4-wheel pickup truck,speeding,rear-end collision,2,0,1,clear,13.53100462,100.2037319,straight road,no slope,2022-04-08T13:00:00Z
7425077,8.04.2022 20:05,2.12.2022 13:34,Nakhon Ratchasima,department of highways,motorcycle,speeding,head-on collision (not overtaking),2,1,2,clear,15.32302524,101.9685423,straight road,no slope,2022-04-08T13:05:00Z
6549722,8.04.2022 20:19,14.07.2022 14:03,Udon Thani,department of highways,6-wheel truck,speeding,rollover/fallen on straight road,1,0,0,clear,17.23046094,102.9079002,straight road,no slope,2022-04-08T13:19:00Z
6680192,8.04.2022 20:30,8.08.2022 10:24,Bangkok,department of highways,4-wheel pickup truck,speeding,rollover/fallen on straight road,1,0,0,clear,13.73300422,100.7915112,straight road,no slope,2022-04-08T13:30:00Z
7555983,8.04.2022 20:30,11.01.2023 09:27,Prachin Buri,department of highways,large passenger vehicle,speeding,rear-end collision,2,1,0,clear,13.93961471,101.5427926,straight road,no slope,2022-04-08T13:30:00Z
7027111,8.04.2022 21:00,3.10.2022 10:43,Samut Sakhon,department of highways,7-10-wheel truck,speeding,rear-end collision,2,0,3,clear,13.59270404,100.3514761,straight road,no slope,2022-04-08T14:00:00Z
6289082,8.04.2022 23:30,1.06.2022 11:25,Phetchabun,department of highways,4-wheel pickup truck,cutting in closely by people/vehicles/animals,head-on collision (not overtaking),2,0,0,clear,16.41125797,101.1475047,other,other,2022-04-08T16:30:00Z
6680238,9.04.2022 00:05,8.08.2022 10:30,Bangkok,department of highways,other,speeding,rear-end collision,2,0,0,clear,13.7940595,100.6828523,straight road,no slope,2022-04-08T17:05:00Z
7027369,9.04.2022 00:10,3.10.2022 11:36,Chachoengsao,department of highways,private/passenger car,speeding,rollover/fallen on straight road,1,0,0,clear,13.76166071,100.9884229,straight road,no slope,2022-04-08T17:10:00Z
6566533,9.04.2022 01:37,22.04.2022 09:45,Bangkok,department of rural roads,motorcycle,speeding,other,2,0,1,clear,13.676009,100.539393,straight road,slope area,2022-04-08T18:37:00Z
6702107,9.04.2022 03:38,11.08.2022 13:38,Surat Thani,department of highways,private/passenger car,speeding,rollover/fallen on straight road,1,0,1,clear,9.038062462,99.36700074,straight road,no slope,2022-04-08T20:38:00Z
6147952,9.04.2022 04:00,2.05.2022 09:23,Loburi,department of highways,large truck with trailer,speeding,rollover/fallen on straight road,1,0,0,clear,14.79589939,100.9121945,straight road,no slope,2022-04-08T21:00:00Z
6242336,9.04.2022 05:00,24.05.2022 14:05,Phetchabun,department of highways,private/passenger car,speeding,rollover/fallen on curved road,1,0,1,clear,16.26150478,101.0483676,wide curve,slope area,2022-04-08T22:00:00Z
7413964,9.04.2022 06:00,28.11.2022 09:25,Mae Hong Son,department of highways,private/passenger car,speeding,rollover/fallen on curved road,1,0,0,clear,19.25990691,97.96536684,straight road,no slope,2022-04-08T23:00:00Z
6079301,9.04.2022 06:30,12.04.2022 08:58,Phra Nakhon Si Ayutthaya,department of highways,private/passenger car,speeding,rear-end collision,2,0,1,clear,14.20499197,100.6653133,straight road,no slope,2022-04-08T23:30:00Z
7434355,9.04.2022 06:30,6.12.2022 11:16,Krabi,department of highways,4-wheel pickup truck,speeding,rollover/fallen on straight road,1,0,1,clear,8.211676152,98.81157427,straight road,no slope,2022-04-08T23:30:00Z
6902840,9.04.2022 07:20,14.09.2022 10:00,Chiang Mai,department of highways,motorcycle,speeding,rear-end collision,2,0,1,clear,18.85073641,99.08732413,straight road,no slope,2022-04-09T00:20:00Z
6289029,9.04.2022 08:10,1.06.2022 11:15,Maha Sarakham,department of highways,private/passenger car,speeding,rollover/fallen on straight road,1,0,2,clear,16.04600162,102.8920215,straight road,no slope,2022-04-09T01:10:00Z
7291219,9.04.2022 09:00,11.11.2022 11:40,Lampang,department of highways,other,speeding,rollover/fallen on straight road,1,0,0,clear,17.71746485,99.22895013,straight road,no slope,2022-04-09T02:00:00Z
6128719,9.04.2022 09:30,20.04.2022 14:20,Ang Thong,department of highways,motorcycle,speeding,rear-end collision,2,1,0,clear,14.66948218,100.4141191,straight road,no slope,2022-04-09T02:30:00Z
6161957,9.04.2022 09:30,7.05.2022 15:56,Nakhon Sawan,department of highways,4-wheel pickup truck,speeding,rollover/fallen on straight road,1,0,0,clear,15.85760346,100.6060418,straight road,no slope,2022-04-09T02:30:00Z
6664159,9.04.2022 10:00,5.08.2022 14:01,Chon Buri,department of highways,4-wheel pickup truck,speeding,rear-end collision,2,0,0,clear,12.9783072,100.9847697,straight road,no slope,2022-04-09T03:00:00Z
6079583,9.04.2022 10:14,12.04.2022 10:04,Phra Nakhon Si Ayutthaya,department of highways,private/passenger car,speeding,rear-end collision,4,0,0,clear,14.25048566,100.7583886,straight road,no slope,2022-04-09T03:14:00Z
6680213,9.04.2022 11:06,8.08.2022 10:28,Samut Prakan,department of highways,private/passenger car,speeding,rear-end collision,5,0,0,clear,13.66841985,100.8463517,straight road,no slope,2022-04-09T04:06:00Z
6680255,9.04.2022 11:14,8.08.2022 10:35,Pathum Thani,department of highways,large truck with trailer,speeding,rear-end collision,3,0,1,clear,13.98287874,100.7133007,straight road,no slope,2022-04-09T04:14:00Z
7554578,9.04.2022 11:14,9.01.2023 13:34,Nakhon Ratchasima,department of highways,private/passenger car,speeding,rear-end collision,10,0,0,clear,14.76676722,101.5195191,straight road,no slope,2022-04-09T04:14:00Z
7331340,9.04.2022 12:30,9.05.2022 12:06,Kamphaeng Phet,department of highways,large passenger vehicle,falling asleep,rear-end collision,2,0,1,clear,16.4420741,99.50637905,straight road,no slope,2022-04-09T05:30:00Z
6723424,9.04.2022 14:00,15.08.2022 10:28,Suphan Buri,department of highways,van,vehicle equipment failure,rollover/fallen on curved road,2,0,0,clear,14.89943432,100.0931552,wide curve,no slope,2022-04-09T07:00:00Z
6148019,9.04.2022 14:10,2.05.2022 10:11,Uthai Thani,department of highways,private/passenger car,speeding,rollover/fallen on straight road,1,0,2,clear,15.47663585,99.88407163,straight road,no slope,2022-04-09T07:10:00Z
6723414,9.04.2022 14:30,15.08.2022 10:26,Suphan Buri,department of highways,4-wheel pickup truck,speeding,rear-end collision,2,0,0,clear,14.87860895,100.0858515,straight road,no slope,2022-04-09T07:30:00Z
6171848,9.04.2022 14:35,9.05.2022 14:39,Saraburi,department of highways,large truck with trailer,speeding,rear-end collision,2,1,0,clear,14.6374629,101.1189607,straight road,no slope,2022-04-09T07:35:00Z
7565015,9.04.2022 15:00,20.01.2023 07:07,Samut Prakan,department of highways,7-10-wheel truck,speeding,rollover/fallen on straight road,1,0,0,clear,13.60620313,100.6912663,other,other,2022-04-09T08:00:00Z
6148034,9.04.2022 15:30,2.05.2022 10:25,Kanchanaburi,department of highways,4-wheel pickup truck,speeding,rollover/fallen on curved road,1,0,1,clear,15.04639094,98.57354163,wide curve,no slope,2022-04-09T08:30:00Z
6680215,9.04.2022 16:54,8.08.2022 10:26,Samut Prakan,department of highways,private/passenger car,speeding,rear-end collision,6,0,0,clear,13.66595694,100.8501765,straight road,no slope,2022-04-09T09:54:00Z
6069034,9.04.2022 18:20,10.04.2022 17:00,Suphan Buri,department of highways,motorcycle,cutting in closely by people/vehicles/animals,head-on collision (not overtaking),2,1,0,clear,14.82010623,99.89581166,straight road,no slope,2022-04-09T11:20:00Z
7544509,9.04.2022 18:25,4.01.2023 14:55,Nakhon Phanom,department of highways,private/passenger car,unfamiliarity with the route/unskilled driving,rollover/fallen on curved road,1,0,2,clear,17.10084315,104.6215153,wide curve,no slope,2022-04-09T11:25:00Z
7414411,9.04.2022 19:50,28.11.2022 13:56,Chiang Mai,department of highways,motorcycle,speeding,rear-end collision,2,0,1,clear,18.86783383,99.01522635,straight road,no slope,2022-04-09T12:50:00Z
7414422,9.04.2022 20:00,28.11.2022 14:05,Chiang Mai,department of highways,motorcycle,speeding,rear-end collision,2,0,1,clear,18.90498729,99.00363921,straight road,no slope,2022-04-09T13:00:00Z
6289217,9.04.2022 20:30,1.06.2022 11:54,Nong Bua Lam Phu,department of highways,large truck with trailer,speeding,rollover/fallen on curved road,1,0,0,clear,17.23821544,102.5065988,wide curve,slope area,2022-04-09T13:30:00Z
7568300,9.04.2022 21:00,24.01.2023 12:16,Samut Songkhram,department of highways,private/passenger car,speeding,rollover/fallen on curved road,1,0,1,clear,13.4226902,99.986132370000007,wide curve,no slope,2022-04-09T14:00:00Z
6148035,9.04.2022 21:56,2.05.2022 10:28,Uthai Thani,department of highways,large truck with trailer,speeding,rollover/fallen on straight road,1,0,0,clear,15.07078195,99.58116172,straight road,no slope,2022-04-09T14:56:00Z
6067064,9.04.2022 22:10,10.04.2022 08:58,Ang Thong,department of highways,large truck with trailer,speeding,rollover/fallen on straight road,1,1,0,clear,14.71145645,100.455873,straight road,no slope,2022-04-09T15:10:00Z
7518371,9.04.2022 23:11,29.12.2022 11:39,Bangkok,expressway authority of thailand,other,other,rollover/fallen on straight road,2,0,1,clear,13.81235232,100.5500908,straight road,other,2022-04-09T16:11:00Z
6566236,9.04.2022 23:40,21.04.2022 11:33,Chachoengsao,department of rural roads,private/passenger car,illegal overtaking,other,2,1,1,clear,13.65088,100.966874,straight road,no slope,2022-04-09T16:40:00Z
6680218,10.04.2022 00:01,8.08.2022 10:29,Samut Prakan,department of highways,4-wheel pickup truck,speeding,rear-end collision,2,0,2,clear,13.6935714,100.8282494,straight road,no slope,2022-04-09T17:01:00Z
7518262,10.04.2022 00:30,29.12.2022 14:25,Uttaradit,department of highways,7-10-wheel truck,speeding,rollover/fallen on straight road,2,0,0,clear,17.5822935,100.1417515,straight road,no slope,2022-04-09T17:30:00Z
7544505,10.04.2022 00:30,4.01.2023 14:59,Nakhon Phanom,department of highways,large truck with trailer,falling asleep,rollover/fallen on straight road,1,0,1,clear,17.28631584,104.4963983,straight road,no slope,2022-04-09T17:30:00Z
7554457,10.04.2022 00:37,9.01.2023 11:39,Nong Khai,department of highways,4-wheel pickup truck,falling asleep,rollover/fallen on straight road,1,0,1,clear,18.19421902,103.1756759,straight road,no slope,2022-04-09T17:37:00Z
7413393,10.04.2022 02:00,25.11.2022 08:56,Lampang,department of highways,other,speeding,rollover/fallen on straight road,1,0,0,clear,17.71746485,99.22895013,straight road,no slope,2022-04-09T19:00:00Z
7415442,10.04.2022 02:40,29.11.2022 15:31,Nan,department of highways,4-wheel pickup truck,driving under the influence of alcohol,rollover/fallen on straight road,1,0,0,rainy,19.12879866,100.8180973,straight road,no slope,2022-04-09T19:40:00Z
6068086,10.04.2022 02:45,10.04.2022 13:19,Nakhon Si Thammarat,department of highways,4-wheel pickup truck,speeding,rollover/fallen on straight road,1,0,0,clear,8.144299253,100.0669017,straight road,no slope,2022-04-09T19:45:00Z
6680239,10.04.2022 03:14,8.08.2022 10:34,Bangkok,department of highways,private/passenger car,speeding,rear-end collision,2,0,3,clear,13.85841388,100.6757927,straight road,no slope,2022-04-09T20:14:00Z
6723439,10.04.2022 03:20,15.08.2022 10:30,Suphan Buri,department of highways,motorcycle,speeding,rear-end collision,2,1,0,clear,14.45392454,100.0860715,straight road,no slope,2022-04-09T20:20:00Z
7331345,10.04.2022 03:20,14.07.2022 15:13,Maha Sarakham,department of highways,4-wheel pickup truck,speeding,head-on collision (not overtaking),4,0,4,clear,16.44613607,103.0344361,wide curve,no slope,2022-04-09T20:20:00Z
7561772,10.04.2022 04:45,17.01.2023 14:28,Nakhon Nayok,department of highways,large truck with trailer,speeding,collision with obstruction (on road surface),1,0,0,clear,14.2773153,101.0531929,straight road,no slope,2022-04-09T21:45:00Z
7568299,10.04.2022 06:30,24.01.2023 12:14,Samut Songkhram,department of highways,motorcycle,cutting in closely by people/vehicles/animals,head-on collision (not overtaking),2,0,0,clear,13.42837241,100.0435343,other,other,2022-04-09T23:30:00Z
7568297,10.04.2022 06:40,24.01.2023 12:12,Samut Songkhram,department of highways,4-wheel pickup truck,speeding,rear-end collision,2,0,1,clear,13.42837241,100.0435343,straight road,no slope,2022-04-09T23:40:00Z
6571987,10.04.2022 07:45,19.07.2022 09:30,Maha Sarakham,department of highways,4-wheel pickup truck,speeding,rollover/fallen on straight road,1,0,1,clear,16.05157971,102.9682499,straight road,no slope,2022-04-10T00:45:00Z
6910334,10.04.2022 07:50,15.09.2022 11:45,Surin,department of highways,motorcycle,speeding,rear-end collision,2,0,1,clear,14.93914314,103.5170325,straight road,no slope,2022-04-10T00:50:00Z
7562751,10.04.2022 07:50,18.01.2023 10:57,Surat Thani,department of highways,6-wheel truck,speeding,rear-end collision,2,0,1,clear,9.478590518,99.2041397,other,other,2022-04-10T00:50:00Z
6531213,10.04.2022 08:37,11.07.2022 08:38,Chiang Mai,department of highways,motorcycle,speeding,rear-end collision,2,0,0,clear,18.83438106,99.03561919,straight road,no slope,2022-04-10T01:37:00Z
7414632,10.04.2022 08:40,29.11.2022 13:36,Phrae,department of highways,4-wheel pickup truck,speeding,rollover/fallen on curved road,1,0,0,rainy,17.8950071,100.05223,wide curve,no slope,2022-04-10T01:40:00Z
7276784,10.04.2022 09:00,9.11.2022 11:55,Chaiyaphum,department of highways,private/passenger car,speeding,rollover/fallen on straight road,1,0,0,clear,16.41551612,102.1323126,straight road,no slope,2022-04-10T02:00:00Z
7291929,10.04.2022 09:00,11.11.2022 14:18,Phrae,department of highways,4-wheel pickup truck,speeding,rollover/fallen on curved road,1,0,0,rainy,17.87128052,100.0444355,wide curve,no slope,2022-04-10T02:00:00Z
6148188,10.04.2022 09:10,2.05.2022 15:23,Chanthaburi,department of highways,4-wheel pickup truck,vehicle equipment failure,head-on collision (not overtaking),3,0,1,clear,12.68656434,102.2056791,other,other,2022-04-10T02:10:00Z
6902685,10.04.2022 09:30,14.09.2022 09:38,Chon Buri,department of highways,4-wheel pickup truck,speeding,collision with obstruction (on road surface),1,1,0,clear,13.45589713,100.9969336,straight road,no slope,2022-04-10T02:30:00Z
6067641,10.04.2022 09:55,10.04.2022 11:31,Phetchaburi,department of highways,private/passenger car,speeding,rear-end collision,3,0,0,clear,12.72385257,99.923712,straight road,no slope,2022-04-10T02:55:00Z
7414161,10.04.2022 10:00,25.11.2022 13:52,Chiang Mai,department of highways,private/passenger car,speeding,rear-end collision,3,0,0,clear,18.89986141,98.95079969,straight road,no slope,2022-04-10T03:00:00Z
6068601,10.04.2022 10:15,10.04.2022 15:25,Phetchaburi,department of highways,large truck with trailer,speeding,rollover/fallen on straight road,1,0,0,clear,12.95242246,99.74493204,straight road,no slope,2022-04-10T03:15:00Z
7434838,10.04.2022 10:45,6.12.2022 14:32,Phitsanulok,department of highways,private/passenger car,speeding,rear-end collision,2,0,0,clear,16.76545199,100.1343405,straight road,no slope,2022-04-10T03:45:00Z