acc_code,incident_datetime,report_datetime,province_en,agency,vehicle_type,presumed_cause,accident_type,number_of_vehicles_involved,number_of_fatalities,number_of_injuries,weather_condition,latitude,longitude,road_description,slope_description,incident_time
6073142,10.04.2022 11:00,11.04.2022 08:49,Phatthalung,department of highways,private/passenger car,speeding,rear-end collision,2,0,0,clear,7.762760129,99.97361182,straight road,no slope,2022-04-10T04:00:00Z
7554446,10.04.2022 11:00,9.01.2023 11:32,Nong Khai,department of highways,motorcycle,speeding,rear-end collision,2,2,1,clear,18.01201853,102.3856339,straight road,no slope,2022-04-10T04:00:00Z
6171193,10.04.2022 11:50,9.05.2022 12:23,Kamphaeng Phet,department of highways,private/passenger car,speeding,rear-end collision,2,0,0,clear,16.60072347,99.40170585,straight road,no slope,2022-04-10T04:50:00Z
6171400,10.04.2022 11:50,9.05.2022 13:18,Tak,department of highways,motorcycle,cutting in closely by people/vehicles/animals,rear-end collision,2,0,1,clear,16.87892469,99.14902298,straight road,no slope,2022-04-10T04:50:00Z
6943023,10.04.2022 12:00,20.09.2022 08:11,Kanchanaburi,department of highways,motorcycle,failure to yield/signal,rear-end collision,2,0,0,clear,14.20521559,99.09834533,lane-changing area,other,2022-04-10T05:00:00Z
7434465,10.04.2022 12:00,6.12.2022 11:18,Uttaradit,department of highways,motorcycle,speeding,rollover/fallen on straight road,1,0,1,clear,17.70651384,100.1368886,other,other,2022-04-10T05:00:00Z
7568179,10.04.2022 12:00,24.01.2023 10:33,Prachuap Khiri Khan,department of highways,other,speeding,rollover/fallen on straight road,1,0,0,clear,12.39414874,99.9181786,other,other,2022-04-10T05:00:00Z
6171152,10.04.2022 12:10,9.05.2022 12:07,Kamphaeng Phet,department of highways,4-wheel pickup truck,speeding,rear-end collision,2,0,0,clear,16.43094504,99.51571314,straight road,no slope,2022-04-10T05:10:00Z
6183826,10.04.2022 12:30,11.05.2022 09:46,Roi Et,department of highways,4-wheel pickup truck,speeding,head-on collision (not overtaking),5,1,4,clear,15.75965848,104.0504756,straight road,no slope,2022-04-10T05:30:00Z
6068163,10.04.2022 12:40,10.04.2022 13:42,Bangkok,expressway authority of thailand,other,other,rear-end collision,2,0,0,clear,13.75276784,100.5901399,straight road,other,2022-04-10T05:40:00Z
6289206,10.04.2022 13:00,1.06.2022 11:50,Loei,department of highways,private/passenger car,speeding,head-on collision (not overtaking),2,1,1,clear,17.26172804,101.7618942,other,other,2022-04-10T06:00:00Z
6553541,10.04.2022 13:30,15.07.2022 09:34,Khon Kaen,department of highways,4-wheel pickup truck,speeding,rollover/fallen on straight road,1,0,3,clear,16.32485521,102.6507434,straight road,no slope,2022-04-10T06:30:00Z
7554802,10.04.2022 13:30,9.01.2023 15:21,Nakhon Ratchasima,department of highways,4-wheel pickup truck,speeding,rollover/fallen on straight road,1,0,1,clear,14.55351175,102.2088146,straight road,no slope,2022-04-10T06:30:00Z
6171393,10.04.2022 13:50,9.05.2022 13:18,Tak,department of highways,private/passenger car,falling asleep,rollover/fallen on straight road,1,0,1,clear,17.02151798,99.09844993,straight road,no slope,2022-04-10T06:50:00Z
6144221,10.04.2022 14:30,25.04.2022 15:33,Loburi,department of highways,4-wheel pickup truck,cutting in closely by people/vehicles/animals,collision at intersection corner,2,0,3,clear,15.07155635,101.108382,other,other,2022-04-10T07:30:00Z
6241734,10.04.2022 14:30,23.05.2022 16:48,Phetchabun,department of highways,private/passenger car,cutting in closely by people/vehicles/animals,rear-end collision,3,0,0,clear,16.73437682,101.3719654,wide curve,no slope,2022-04-10T07:30:00Z
6073145,10.04.2022 14:40,11.04.2022 08:49,Phitsanulok,department of highways,private/passenger car,cutting in closely by people/vehicles/animals,head-on collision (not overtaking),2,0,1,clear,16.7071424,100.5780503,other,other,2022-04-10T07:40:00Z
7568242,10.04.2022 14:50,24.01.2023 11:18,Ratchaburi,department of highways,4-wheel pickup truck,speeding,rear-end collision,3,0,0,clear,13.66098932,99.8692873,straight road,no slope,2022-04-10T07:50:00Z
6068844,10.04.2022 15:00,10.04.2022 16:24,Phetchaburi,department of highways,4-wheel pickup truck,speeding,rear-end collision,3,0,0,clear,12.72415083,99.9239239,straight road,no slope,2022-04-10T08:00:00Z
7556024,10.04.2022 15:00,11.01.2023 09:53,Chachoengsao,department of highways,private/passenger car,speeding,collision with obstruction (on road surface),1,0,0,clear,13.78254837,101.5257633,straight road,no slope,2022-04-10T08:00:00Z
7567155,10.04.2022 15:00,23.01.2023 11:07,Surat Thani,department of highways,6-wheel truck,speeding,head-on collision (not overtaking),2,1,0,clear,8.882784162,98.67265084,wide curve,no slope,2022-04-10T08:00:00Z
6183827,10.04.2022 15:20,11.05.2022 09:45,Roi Et,department of highways,motorcycle,cutting in closely by people/vehicles/animals,collision at intersection corner,2,1,0,clear,15.78817302,104.0972882,other,other,2022-04-10T08:20:00Z
7434622,10.04.2022 15:30,6.12.2022 11:38,Krabi,department of highways,4-wheel pickup truck,speeding,rollover/fallen on straight road,1,0,2,clear,8.013352147,99.3855965,straight road,no slope,2022-04-10T08:30:00Z
6289207,10.04.2022 16:00,1.06.2022 11:51,Loei,department of highways,4-wheel pickup truck,speeding,rear-end collision,2,0,1,clear,17.62804867,101.7053693,wide curve,no slope,2022-04-10T09:00:00Z
6566244,10.04.2022 16:00,21.04.2022 11:34,Sukhothai,department of rural roads,private/passenger car,ignoring stop sign while leaving intersection,other,2,0,2,clear,16.905256,99.759597,four-way intersection,other,2022-04-10T09:00:00Z
7027435,10.04.2022 16:00,3.10.2022 11:49,Pathum Thani,department of highways,private/passenger car,speeding,rear-end collision,3,0,0,clear,14.06035674,100.845826,straight road,no slope,2022-04-10T09:00:00Z
7564192,10.04.2022 16:05,19.01.2023 11:06,Samut Sakhon,department of highways,4-wheel pickup truck,speeding,rollover/fallen on straight road,1,0,2,clear,13.57818736,100.3038534,straight road,no slope,2022-04-10T09:05:00Z
6073043,10.04.2022 16:10,11.04.2022 08:26,Lampang,department of highways,private/passenger car,speeding,rollover/fallen on straight road,1,0,0,clear,18.14076171,99.39071952,straight road,no slope,2022-04-10T09:10:00Z
7554600,10.04.2022 16:10,9.01.2023 13:39,Nakhon Ratchasima,department of highways,4-wheel pickup truck,vehicle equipment failure,rollover/fallen on straight road,1,0,0,clear,14.64905256,101.3037407,straight road,no slope,2022-04-10T09:10:00Z
6073445,10.04.2022 16:37,11.04.2022 09:50,Pathum Thani,department of highways,4-wheel pickup truck,speeding,rear-end collision,2,0,1,clear,13.9288944,100.7070082,straight road,no slope,2022-04-10T09:37:00Z
6184465,10.04.2022 17:30,11.05.2022 11:40,Chai Nat,department of highways,motorcycle,cutting in closely by people/vehicles/animals,rear-end collision,2,1,0,clear,15.36688602,100.1320016,straight road,no slope,2022-04-10T10:30:00Z
7554359,10.04.2022 18:00,9.01.2023 10:42,Surat Thani,department of highways,4-wheel pickup truck,speeding,rollover/fallen on straight road,1,0,1,clear,9.14684983,99.25670295,straight road,no slope,2022-04-10T11:00:00Z
7554722,10.04.2022 18:00,9.01.2023 14:20,Mukdahan,department of highways,4-wheel pickup truck,reversing vehicle,collision with obstruction (on road surface),2,0,0,clear,16.52667109,104.3500864,straight road,no slope,2022-04-10T11:00:00Z
7568296,10.04.2022 18:00,24.01.2023 12:10,Samut Songkhram,department of highways,motorcycle,speeding,rollover/fallen on curved road,1,0,2,clear,13.41397879,99.9673274,wide curve,no slope,2022-04-10T11:00:00Z
7561774,10.04.2022 18:10,17.01.2023 14:29,Nakhon Nayok,department of highways,4-wheel pickup truck,cutting in closely by people/vehicles/animals,rear-end collision,2,0,0,clear,13.96465891,100.9187579,other,other,2022-04-10T11:10:00Z
6149040,10.04.2022 18:11,5.05.2022 09:17,Chachoengsao,expressway authority of thailand,other,other,rollover/fallen on straight road,1,0,0,clear,13.563694,100.95042,straight road,other,2022-04-10T11:11:00Z
6584925,10.04.2022 19:00,21.07.2022 10:06,Khon Kaen,department of highways,4-wheel pickup truck,speeding,rear-end collision,2,0,1,clear,16.33545752,102.8267419,wide curve,slope area,2022-04-10T12:00:00Z
6687654,10.04.2022 19:00,9.08.2022 14:30,Saraburi,department of highways,private/passenger car,cutting in closely by people/vehicles/animals,rear-end collision,2,0,0,clear,14.3910373,100.9440994,other,other,2022-04-10T12:00:00Z
7556300,10.04.2022 19:00,11.01.2023 11:50,Sa Kaeo,department of highways,large truck with trailer,brake/anti-lock brake system failure,other,1,0,0,foggy,13.77918272,102.0902154,straight road,no slope,2022-04-10T12:00:00Z
6897505,10.04.2022 19:40,13.09.2022 15:05,Trat,department of highways,motorcycle,cutting in closely by people/vehicles/animals,rear-end collision,2,1,1,clear,11.75357281,102.8968978,straight road,no slope,2022-04-10T12:40:00Z
6071219,10.04.2022 19:45,10.04.2022 23:39,Kanchanaburi,department of highways,4-wheel pickup truck,cutting in closely by people/vehicles/animals,rear-end collision,5,1,4,clear,13.7893108,99.54146503,straight road,no slope,2022-04-10T12:45:00Z
6105123,10.04.2022 20:00,16.04.2022 09:26,Amnat Charoen,department of highways,private/passenger car,driving under the influence of alcohol,rear-end collision,3,0,2,clear,15.88680846,104.6251201,straight road,no slope,2022-04-10T13:00:00Z
7331342,10.04.2022 20:00,20.09.2022 11:14,Lampang,department of highways,4-wheel pickup truck,speeding,rollover/fallen on straight road,1,1,0,clear,18.28273052,99.3808329,straight road,no slope,2022-04-10T13:00:00Z
7544504,10.04.2022 20:00,4.01.2023 14:57,Nakhon Phanom,department of highways,motorcycle,speeding,rear-end collision,2,1,0,clear,16.987063,104.7267705,straight road,no slope,2022-04-10T13:00:00Z
7565014,10.04.2022 20:00,20.01.2023 07:06,Samut Prakan,department of highways,large truck with trailer,speeding,rear-end collision,2,0,1,clear,13.63437459,100.7406565,straight road,no slope,2022-04-10T13:00:00Z
7554257,10.04.2022 20:40,9.01.2023 09:21,Mukdahan,department of highways,private/passenger car,speeding,rollover/fallen on straight road,1,0,1,clear,16.56169038,104.6883157,straight road,slope area,2022-04-10T13:40:00Z
7558357,10.04.2022 21:00,12.01.2023 14:54,Si Sa Ket,department of highways,4-wheel pickup truck,speeding,rollover/fallen on straight road,1,0,3,clear,15.05707806,104.2770043,straight road,no slope,2022-04-10T14:00:00Z
6680116,10.04.2022 21:30,8.08.2022 10:08,Bangkok,department of highways,private/passenger car,vehicle equipment failure,rear-end collision,3,0,6,clear,13.88857818,100.6884098,straight road,no slope,2022-04-10T14:30:00Z
7414419,10.04.2022 21:50,28.11.2022 14:03,Chiang Mai,department of highways,motorcycle,speeding,rear-end collision,2,0,1,clear,18.88692422,99.0132442,straight road,no slope,2022-04-10T14:50:00Z
7434542,10.04.2022 22:00,6.12.2022 11:46,Surat Thani,department of highways,other,speeding,rollover/fallen on straight road,1,0,0,clear,8.659798794,99.33894752,straight road,no slope,2022-04-10T15:00:00Z
6171136,10.04.2022 22:45,9.05.2022 12:03,Kamphaeng Phet,department of highways,motorcycle,cutting in closely by people/vehicles/animals,rear-end collision,2,0,2,clear,16.61859214,99.36365603,straight road,no slope,2022-04-10T15:45:00Z
7544502,10.04.2022 22:50,4.01.2023 14:56,Nakhon Phanom,department of highways,private/passenger car,falling asleep,rollover/fallen on straight road,1,0,1,clear,17.01527023,104.5571905,straight road,no slope,2022-04-10T15:50:00Z
6942926,10.04.2022 23:00,20.09.2022 07:59,Pathum Thani,department of highways,motorcycle,speeding,rear-end collision,2,0,1,clear,14.0767192,100.8923757,other,other,2022-04-10T16:00:00Z
7413909,10.04.2022 23:00,28.11.2022 08:56,Chiang Mai,department of highways,private/passenger car,speeding,rollover/fallen on straight road,1,0,0,clear,19.95193751,99.23565029,straight road,no slope,2022-04-10T16:00:00Z
7567248,10.04.2022 23:20,23.01.2023 12:49,Chon Buri,department of highways,private/passenger car,speeding,rollover/fallen on straight road,1,0,0,clear,13.36983245,101.0187748,straight road,no slope,2022-04-10T16:20:00Z
6566231,10.04.2022 23:30,21.04.2022 11:31,Nong Khai,department of rural roads,4-wheel pickup truck,speeding,other,1,1,1,clear,17.971855,103.149166,straight road,no slope,2022-04-10T16:30:00Z
6937940,10.04.2022 23:30,19.09.2022 14:13,Songkhla,department of highways,private/passenger car,speeding,rollover/fallen on straight road,1,0,4,clear,6.982908568,100.5862793,straight road,no slope,2022-04-10T16:30:00Z
7557786,10.04.2022 23:40,12.01.2023 10:53,Songkhla,department of highways,private/passenger car,falling asleep,rollover/fallen on straight road,1,0,4,clear,6.982908568,100.5862874,straight road,no slope,2022-04-10T16:40:00Z
7286488,10.04.2022 23:56,10.11.2022 20:14,Udon Thani,department of highways,4-wheel pickup truck,speeding,rollover/fallen on straight road,1,0,4,clear,17.32703984,102.8414726,straight road,no slope,2022-04-10T16:56:00Z
7554455,11.04.2022 03:15,9.01.2023 11:38,Nong Khai,department of highways,private/passenger car,speeding,rollover/fallen on straight road,1,0,1,clear,17.89496115,102.7812302,straight road,no slope,2022-04-10T20:15:00Z
6686940,11.04.2022 03:20,9.08.2022 12:10,Loburi,department of highways,private/passenger car,speeding,rollover/fallen on straight road,1,0,0,clear,15.02233133,100.6861353,straight road,no slope,2022-04-10T20:20:00Z
6074748,11.04.2022 03:30,11.04.2022 14:26,Phrae,department of highways,motorcycle,speeding,rollover/fallen on straight road,1,0,1,clear,18.06884536,99.79688375,straight road,no slope,2022-04-10T20:30:00Z
6687589,11.04.2022 03:30,9.08.2022 14:18,Loburi,department of highways,private/passenger car,speeding,rollover/fallen on straight road,1,0,0,clear,15.02492704,100.6882435,straight road,no slope,2022-04-10T20:30:00Z
7419468,11.04.2022 03:30,30.11.2022 13:40,Phayao,department of highways,private/passenger car,speeding,rollover/fallen on curved road,1,1,0,rainy,19.34941211,100.3130293,wide curve,slope area,2022-04-10T20:30:00Z
6074935,11.04.2022 03:43,11.04.2022 15:00,Nakhon Nayok,department of highways,private/passenger car,speeding,rollover/fallen on straight road,1,0,2,clear,14.25752026,101.0780114,straight road,no slope,2022-04-10T20:43:00Z
6078623,11.04.2022 03:45,12.04.2022 04:58,Phrae,department of highways,private/passenger car,speeding,rollover/fallen on curved road,1,0,0,clear,17.90636768,100.0655526,wide curve,no slope,2022-04-10T20:45:00Z
6078836,11.04.2022 04:00,12.04.2022 06:32,Nakhon Si Thammarat,department of highways,large truck with trailer,speeding,rollover/fallen on straight road,1,0,0,clear,8.341186116,99.42809074,straight road,no slope,2022-04-10T21:00:00Z
6950083,11.04.2022 04:00,21.09.2022 10:31,Sing Buri,department of highways,private/passenger car,speeding,rollover/fallen on straight road,1,0,0,clear,15.02151789,100.3471872,straight road,no slope,2022-04-10T21:00:00Z
7413600,11.04.2022 04:00,25.11.2022 10:41,Chiang Mai,department of highways,private/passenger car,speeding,rollover/fallen on straight road,1,0,0,clear,18.7883577,99.02574866,straight road,no slope,2022-04-10T21:00:00Z
6073487,11.04.2022 04:10,11.04.2022 09:55,Phetchaburi,department of highways,4-wheel pickup truck,speeding,rollover/fallen on straight road,1,0,0,clear,12.92848263,99.73525463,straight road,no slope,2022-04-10T21:10:00Z
6073483,11.04.2022 04:15,11.04.2022 09:59,unknown,department of highways,4-wheel pickup truck,speeding,rollover/fallen on straight road,1,0,0,clear,15.01899209,100.0996542,straight road,no slope,2022-04-10T21:15:00Z
6074934,11.04.2022 05:00,11.04.2022 15:03,Bangkok,department of highways,4-wheel pickup truck,speeding,rollover/fallen on straight road,1,0,1,clear,13.66191718,100.4037094,straight road,no slope,2022-04-10T22:00:00Z
6076293,11.04.2022 05:00,11.04.2022 20:07,Nakhon Sawan,department of highways,motorcycle,speeding,rollover/fallen on straight road,1,0,1,clear,15.59775951,100.4040044,straight road,no slope,2022-04-10T22:00:00Z
7331356,11.04.2022 05:30,12.04.2022 06:51,Chaiyaphum,department of highways,motorcycle,speeding,rear-end collision,2,1,1,clear,15.78696509,102.0283422,other,other,2022-04-10T22:30:00Z
7556030,11.04.2022 05:30,11.01.2023 09:54,Prachin Buri,department of highways,4-wheel pickup truck,speeding,rollover/fallen on straight road,1,0,0,clear,13.8405124,101.5532157,straight road,no slope,2022-04-10T22:30:00Z
6078788,11.04.2022 05:50,12.04.2022 06:07,Nakhon Ratchasima,department of highways,private/passenger car,speeding,rear-end collision,2,1,0,clear,14.90203152,101.9078064,straight road,no slope,2022-04-10T22:50:00Z
6566261,11.04.2022 06:05,12.04.2022 15:00,Nakhon Pathom,department of rural roads,private/passenger car,falling asleep,other,1,0,1,clear,13.848579,100.304328,straight road,no slope,2022-04-10T23:05:00Z
6079766,11.04.2022 06:30,12.04.2022 10:56,Surat Thani,department of highways,4-wheel pickup truck,cutting in closely by people/vehicles/animals,head-on collision (not overtaking),3,1,0,clear,8.896082342,99.38780128,straight road,no slope,2022-04-10T23:30:00Z
6078822,11.04.2022 06:40,12.04.2022 06:29,Si Sa Ket,department of highways,private/passenger car,falling asleep,rollover/fallen on curved road,1,0,1,clear,15.11111409,104.6785498,other,other,2022-04-10T23:40:00Z
6074965,11.04.2022 06:45,11.04.2022 15:09,Chumphon,department of highways,private/passenger car,speeding,rear-end collision,3,0,0,clear,10.42948295,99.12872939,straight road,no slope,2022-04-10T23:45:00Z
6074774,11.04.2022 06:50,11.04.2022 14:34,Surin,department of highways,large truck with trailer,speeding,rear-end collision,2,0,0,clear,14.60954763,103.5747859,straight road,no slope,2022-04-10T23:50:00Z
6075103,11.04.2022 07:00,11.04.2022 15:28,Lamphun,department of highways,4-wheel pickup truck,speeding,rear-end collision,2,0,2,clear,18.6191133,99.0466833,straight road,no slope,2022-04-11T00:00:00Z
6076158,11.04.2022 07:00,11.04.2022 19:43,Phatthalung,department of highways,large truck with trailer,speeding,rear-end collision,2,0,1,clear,7.605893752,100.0548506,other,other,2022-04-11T00:00:00Z
6078644,11.04.2022 07:00,12.04.2022 05:05,Lampang,department of highways,4-wheel pickup truck,speeding,rollover/fallen on curved road,1,0,0,clear,18.71974745,99.56171034,wide curve,no slope,2022-04-11T00:00:00Z
7554346,11.04.2022 07:00,9.01.2023 10:32,Sakon Nakhon,department of highways,7-10-wheel truck,speeding,rollover/fallen on curved road,1,0,2,clear,17.12160479,104.0182596,sharp curve,no slope,2022-04-11T00:00:00Z
6080151,11.04.2022 07:13,12.04.2022 12:20,Phra Nakhon Si Ayutthaya,department of highways,motorcycle,running red lights/traffic signals,collision with obstruction (on road surface),2,0,1,clear,14.2082448,100.59089,straight road,no slope,2022-04-11T00:13:00Z
6076180,11.04.2022 07:16,11.04.2022 19:45,Bangkok,department of highways,private/passenger car,falling asleep,rollover/fallen on straight road,1,0,0,clear,13.81385292,100.7659229,straight road,no slope,2022-04-11T00:16:00Z
6078837,11.04.2022 07:20,12.04.2022 06:34,Nakhon Si Thammarat,department of highways,motorcycle,speeding,rear-end collision,2,0,2,clear,8.170900391,99.86328988,straight road,no slope,2022-04-11T00:20:00Z
6171399,11.04.2022 07:20,9.05.2022 13:17,Tak,department of highways,4-wheel pickup truck,vehicle equipment failure,rollover/fallen on straight road,1,0,1,clear,16.9578022,99.1303253,straight road,no slope,2022-04-11T00:20:00Z
6074910,11.04.2022 07:34,11.04.2022 14:57,Kanchanaburi,department of highways,motorcycle,cutting in closely by people/vehicles/animals,rear-end collision,2,0,1,clear,14.10322862,99.66091989,straight road,no slope,2022-04-11T00:34:00Z
6073485,11.04.2022 07:35,11.04.2022 09:56,Chai Nat,department of highways,other,illegal overtaking,side collision,2,0,1,clear,15.30620739,100.1872015,straight road,no slope,2022-04-11T00:35:00Z
6073507,11.04.2022 07:40,11.04.2022 10:02,Bangkok,department of highways,private/passenger car,speeding,rear-end collision,3,0,0,clear,13.78716696,100.3684652,straight road,no slope,2022-04-11T00:40:00Z
6074743,11.04.2022 08:10,11.04.2022 14:28,Nakhon Ratchasima,department of highways,motorcycle,speeding,rear-end collision,2,1,0,clear,14.61579228,102.0068979,straight road,no slope,2022-04-11T01:10:00Z
6076266,11.04.2022 08:30,11.04.2022 20:02,Khon Kaen,department of highways,motorcycle,speeding,rollover/fallen on straight road,1,0,1,clear,16.60801559,101.9922235,straight road,no slope,2022-04-11T01:30:00Z
6076267,11.04.2022 08:30,11.04.2022 20:04,Surin,department of highways,motorcycle,speeding,rear-end collision,2,0,1,clear,15.1440288,103.4720358,straight road,no slope,2022-04-11T01:30:00Z
6078782,11.04.2022 08:40,12.04.2022 06:01,Mukdahan,department of highways,private/passenger car,speeding,rear-end collision,4,0,1,clear,16.57267823,104.6051645,straight road,no slope,2022-04-11T01:40:00Z
6078808,11.04.2022 09:00,12.04.2022 06:18,Suphan Buri,department of highways,motorcycle,cutting in closely by people/vehicles/animals,rear-end collision,2,0,1,clear,14.66418099,100.127171,other,other,2022-04-11T02:00:00Z
6079713,11.04.2022 09:00,12.04.2022 10:41,Sakon Nakhon,department of highways,private/passenger car,cutting in closely by people/vehicles/animals,rear-end collision,2,0,0,clear,17.85152595,103.567501,straight road,no slope,2022-04-11T02:00:00Z
6283938,11.04.2022 09:00,31.05.2022 15:10,Phetchabun,department of highways,private/passenger car,speeding,rollover/fallen on curved road,1,0,0,clear,16.78741651,101.6497323,wide curve,no slope,2022-04-11T02:00:00Z
6566268,11.04.2022 09:00,12.04.2022 16:11,Songkhla,department of rural roads,motorcycle,speeding,other,2,1,0,clear,7.792018,100.242758,straight road,no slope,2022-04-11T02:00:00Z
6078795,11.04.2022 09:10,12.04.2022 06:05,Nakhon Phanom,department of highways,4-wheel pickup truck,vehicle equipment failure,rollover/fallen on curved road,1,0,1,clear,17.80718634,104.1860291,wide curve,no slope,2022-04-11T02:10:00Z
6078853,11.04.2022 09:20,12.04.2022 06:43,Lamphun,department of highways,motorcycle,speeding,rear-end collision,2,0,1,clear,18.58546126,99.05343174,straight road,no slope,2022-04-11T02:20:00Z
6566246,11.04.2022 09:30,12.04.2022 06:50,Rayong,department of rural roads,motorcycle,speeding,other,2,1,1,clear,12.991015,101.133223,straight road,no slope,2022-04-11T02:30:00Z
6724476,11.04.2022 09:30,15.08.2022 14:30,Suphan Buri,department of highways,4-wheel pickup truck,speeding,rollover/fallen on straight road,1,0,0,clear,14.75678934,100.0962907,straight road,no slope,2022-04-11T02:30:00Z
6076187,11.04.2022 10:00,11.04.2022 19:48,Chon Buri,department of highways,van,speeding,rollover/fallen on straight road,1,0,1,clear,13.2685255,100.9897372,straight road,no slope,2022-04-11T03:00:00Z
6183891,11.04.2022 10:30,11.05.2022 09:59,Kalasin,department of highways,4-wheel pickup truck,speeding,rollover/fallen on straight road,1,0,0,clear,16.39319,103.5188672,straight road,no slope,2022-04-11T03:30:00Z
7331350,11.04.2022 10:30,11.04.2022 19:32,Phetchaburi,department of highways,motorcycle,speeding,collision with obstruction (on road surface),2,1,0,clear,13.30419422,99.82451318,straight road,no slope,2022-04-11T03:30:00Z
6075388,11.04.2022 10:36,11.04.2022 16:35,Samut Prakan,expressway authority of thailand,6-wheel truck,other,rear-end collision,2,0,1,clear,13.606834,100.626326,straight road,other,2022-04-11T03:36:00Z
6076217,11.04.2022 10:40,11.04.2022 19:52,Loburi,department of highways,motorized tricycle,speeding,rollover/fallen on straight road,1,1,0,clear,15.38786,100.8252239,straight road,no slope,2022-04-11T03:40:00Z
6080696,11.04.2022 10:45,12.04.2022 14:21,Ubon Ratchathani,department of highways,large truck with trailer,falling asleep,rollover/fallen on straight road,1,0,0,clear,15.1760686,104.8514503,straight road,no slope,2022-04-11T03:45:00Z
6566237,11.04.2022 10:50,11.04.2022 16:28,Samut Prakan,department of rural roads,motorcycle,speeding,other,2,0,2,clear,13.650172,100.541481,straight road,no slope,2022-04-11T03:50:00Z
6075156,11.04.2022 11:00,11.04.2022 15:39,Phrae,department of highways,motorcycle,speeding,rear-end collision,2,1,0,clear,18.4012618,100.1866892,straight road,no slope,2022-04-11T04:00:00Z
6075158,11.04.2022 11:00,11.04.2022 15:36,Phrae,department of highways,4-wheel pickup truck,speeding,rollover/fallen on curved road,1,0,0,clear,18.05526388,99.6995142,wide curve,slope area,2022-04-11T04:00:00Z
7518663,11.04.2022 11:00,29.12.2022 14:30,buogkan,department of highways,4-wheel pickup truck,speeding,head-on collision (not overtaking),2,0,3,clear,17.92128515,103.9375707,straight road,no slope,2022-04-11T04:00:00Z
6566270,11.04.2022 11:05,12.04.2022 11:34,Nong Bua Lam Phu,department of rural roads,motorcycle,failure to yield/signal,other,2,0,1,clear,16.870505,102.540566,wide curve,no slope,2022-04-11T04:05:00Z
6078774,11.04.2022 11:17,12.04.2022 05:55,Sukhothai,department of highways,motorcycle,cutting in closely by people/vehicles/animals,head-on collision (not overtaking),2,0,2,clear,17.29754318,99.83598231,straight road,no slope,2022-04-11T04:17:00Z
6078821,11.04.2022 11:28,12.04.2022 06:26,Chanthaburi,department of highways,4-wheel pickup truck,running red lights/traffic signals,collision with obstruction (on road surface),2,0,1,clear,12.66241343,102.0757288,straight road,no slope,2022-04-11T04:28:00Z
6566234,11.04.2022 11:30,25.04.2022 08:42,Suphan Buri,department of rural roads,large truck with trailer,tailgating,other,2,3,1,clear,14.864408,100.07766,four-way intersection,other,2022-04-11T04:30:00Z
6079687,11.04.2022 11:40,12.04.2022 10:38,Phetchaburi,department of highways,motorcycle,speeding,rollover/fallen on straight road,1,1,1,clear,13.13952736,99.94803427,straight road,no slope,2022-04-11T04:40:00Z
6566252,11.04.2022 11:49,12.04.2022 05:47,Chai Nat,department of rural roads,motorcycle,cutting in closely by people/vehicles/animals,other,1,0,1,clear,15.123396,100.265409,straight road,no slope,2022-04-11T04:49:00Z
7284461,11.04.2022 11:56,10.11.2022 14:21,Udon Thani,department of highways,4-wheel pickup truck,speeding,rear-end collision,4,0,3,clear,17.2517716,102.8925928,straight road,no slope,2022-04-11T04:56:00Z
6075134,11.04.2022 12:00,11.04.2022 15:34,Uttaradit,department of highways,motorcycle,cutting in closely by people/vehicles/animals,rollover/fallen on straight road,1,0,1,clear,17.66800624,100.1819417,straight road,no slope,2022-04-11T05:00:00Z
6076241,11.04.2022 12:00,11.04.2022 19:57,Kalasin,department of highways,4-wheel pickup truck,cutting in closely by people/vehicles/animals,head-on collision (not overtaking),2,0,1,clear,16.75063291,103.6388397,other,other,2022-04-11T05:00:00Z
6566248,11.04.2022 12:00,18.04.2022 13:36,Samut Songkhram,department of rural roads,motorcycle,speeding,other,1,0,1,clear,13.423449,100.014136,straight road,no slope,2022-04-11T05:00:00Z
7418836,11.04.2022 12:15,30.11.2022 10:45,Chiang Mai,department of highways,motorcycle,cutting in closely by people/vehicles/animals,other,2,1,1,clear,18.23503238,98.60869466,connecting to public/commercial area,other,2022-04-11T05:15:00Z
6076179,11.04.2022 12:30,11.04.2022 19:46,Phra Nakhon Si Ayutthaya,department of highways,4-wheel pickup truck,speeding,rear-end collision,4,0,0,clear,14.13803219,100.5408668,straight road,no slope,2022-04-11T05:30:00Z
6078806,11.04.2022 12:30,12.04.2022 06:15,Nong Bua Lam Phu,department of highways,motorcycle,speeding,rear-end collision,2,0,1,clear,17.00376675,102.5478485,straight road,no slope,2022-04-11T05:30:00Z
6079986,11.04.2022 12:30,12.04.2022 11:47,Chon Buri,department of highways,private/passenger car,speeding,rear-end collision,4,0,1,clear,13.35257772,101.0041407,straight road,no slope,2022-04-11T05:30:00Z
7008594,11.04.2022 12:30,30.09.2022 13:29,Chumphon,department of highways,private/passenger car,speeding,rollover/fallen on straight road,1,0,3,clear,10.85581351,99.24156188,straight road,no slope,2022-04-11T05:30:00Z