acc_code,incident_datetime,report_datetime,province_en,agency,vehicle_type,presumed_cause,accident_type,number_of_vehicles_involved,number_of_fatalities,number_of_injuries,weather_condition,latitude,longitude,road_description,slope_description,incident_time
6149050,11.04.2022 12:41,5.05.2022 09:34,Samut Prakan,expressway authority of thailand,4-wheel pickup truck,other,rear-end collision,2,0,0,clear,13.616158,100.661124,straight road,other,2022-04-11T05:41:00Z
6078630,11.04.2022 13:00,12.04.2022 05:00,Phayao,department of highways,motorcycle,speeding,rear-end collision,2,0,1,clear,19.64559107,100.3689399,straight road,no slope,2022-04-11T06:00:00Z
6081265,11.04.2022 13:10,12.04.2022 15:11,Surat Thani,department of highways,4-wheel pickup truck,speeding,rollover/fallen on straight road,1,0,1,clear,9.496244081,99.1340804,straight road,no slope,2022-04-11T06:10:00Z
6075968,11.04.2022 13:20,11.04.2022 19:05,Khon Kaen,department of highways,motorcycle,speeding,rear-end collision,2,0,1,clear,16.27104972,102.5864133,straight road,no slope,2022-04-11T06:20:00Z
7331347,11.04.2022 13:25,11.04.2022 14:09,Ang Thong,department of highways,4-wheel pickup truck,speeding,rear-end collision,2,0,1,clear,14.58614029,100.4551971,straight road,no slope,2022-04-11T06:25:00Z
6078787,11.04.2022 13:30,12.04.2022 06:07,Nakhon Sawan,department of highways,private/passenger car,speeding,rollover/fallen on curved road,1,0,2,clear,15.61431089,100.1228928,wide curve,slope area,2022-04-11T06:30:00Z
6079646,11.04.2022 13:30,12.04.2022 10:25,Chon Buri,department of highways,6-wheel truck,speeding,rear-end collision,2,0,1,clear,13.33372972,101.2537229,other,other,2022-04-11T06:30:00Z
6566273,11.04.2022 13:30,12.04.2022 13:53,Yasothon,department of rural roads,private/passenger car,driving under the influence of alcohol,other,1,0,2,clear,16.291651,104.417229,straight road,no slope,2022-04-11T06:30:00Z
6566259,11.04.2022 13:50,18.04.2022 13:37,Pattani,department of rural roads,7-10-wheel truck,worn-out/tire blowout,other,1,0,1,clear,6.703472,101.344064,four-way intersection,other,2022-04-11T06:50:00Z
6075421,11.04.2022 14:00,11.04.2022 16:42,Kanchanaburi,department of highways,4-wheel pickup truck,running red lights/traffic signals,head-on collision (not overtaking),2,0,0,clear,13.91042818,99.63301419,other,other,2022-04-11T07:00:00Z
6076243,11.04.2022 14:00,11.04.2022 19:59,Phrae,department of highways,4-wheel pickup truck,speeding,rollover/fallen on curved road,1,0,0,clear,18.53993985,100.1224637,wide curve,no slope,2022-04-11T07:00:00Z
6566255,11.04.2022 14:00,12.04.2022 11:34,Nong Bua Lam Phu,department of rural roads,motorcycle,driving under the influence of alcohol,pedestrian collision,1,0,1,clear,16.848963,102.505095,straight road,no slope,2022-04-11T07:00:00Z
7556520,11.04.2022 14:00,11.01.2023 13:44,Narathiwat,department of highways,4-wheel pickup truck,loss of control,rollover/fallen on straight road,1,0,0,clear,6.000964616,101.9507419,straight road,no slope,2022-04-11T07:00:00Z
7560808,11.04.2022 14:00,16.01.2023 14:24,Bangkok,department of highways,private/passenger car,cutting in closely by people/vehicles/animals,rear-end collision,2,0,0,clear,13.8435508,100.5593875,straight road,no slope,2022-04-11T07:00:00Z
6566266,11.04.2022 14:15,12.04.2022 11:33,Suphan Buri,department of rural roads,motorcycle,cutting in closely by people/vehicles/animals,other,2,0,1,clear,14.504279,100.068416,t-intersection,other,2022-04-11T07:15:00Z
6078823,11.04.2022 14:45,12.04.2022 06:27,Sa Kaeo,department of highways,motorcycle,speeding,rear-end collision,2,1,1,clear,13.40206302,102.1972275,straight road,no slope,2022-04-11T07:45:00Z
6078840,11.04.2022 14:50,12.04.2022 06:31,Sa Kaeo,department of highways,4-wheel pickup truck,cutting in closely by people/vehicles/animals,rear-end collision,2,0,1,clear,13.75024439,102.3210275,straight road,no slope,2022-04-11T07:50:00Z
6075418,11.04.2022 15:00,11.04.2022 16:45,Surat Thani,department of highways,4-wheel pickup truck,speeding,rear-end collision,2,0,0,clear,9.391386139,99.16907786,straight road,no slope,2022-04-11T08:00:00Z
6078620,11.04.2022 15:00,12.04.2022 04:59,Phrae,department of highways,large truck with trailer,speeding,rear-end collision,2,0,0,clear,18.30912366,100.2959007,straight road,no slope,2022-04-11T08:00:00Z
6078825,11.04.2022 15:10,12.04.2022 06:26,Phuket,department of highways,motorcycle,speeding,head-on collision (not overtaking),2,0,1,clear,7.889273348,98.36778133,other,other,2022-04-11T08:10:00Z
6076292,11.04.2022 15:13,11.04.2022 20:09,Uthai Thani,department of highways,motorcycle,cutting in closely by people/vehicles/animals,collision with obstruction (on road surface),1,0,0,clear,15.07821499,99.5123577,straight road,no slope,2022-04-11T08:13:00Z
6078624,11.04.2022 15:28,12.04.2022 04:57,Phayao,department of highways,motorcycle,speeding,rear-end collision,2,0,1,clear,19.1530103,99.91287319,straight road,no slope,2022-04-11T08:28:00Z
6078784,11.04.2022 15:29,12.04.2022 06:02,Nong Bua Lam Phu,department of highways,motorcycle,speeding,rollover/fallen on straight road,1,0,1,clear,17.21504061,102.4288952,straight road,no slope,2022-04-11T08:29:00Z
6078773,11.04.2022 15:30,12.04.2022 05:59,Kamphaeng Phet,department of highways,private/passenger car,cutting in closely by people/vehicles/animals,rear-end collision,2,0,2,clear,16.27919615,99.35228346,connecting to private area,other,2022-04-11T08:30:00Z
6078826,11.04.2022 15:30,12.04.2022 06:28,Phangnga,department of highways,4-wheel pickup truck,cutting in closely by people/vehicles/animals,rear-end collision,2,0,2,clear,8.384311221,98.27387987,straight road,no slope,2022-04-11T08:30:00Z
6077458,11.04.2022 15:40,11.04.2022 23:59,Chon Buri,department of highways,large truck with trailer,speeding,rollover/fallen on straight road,1,0,1,rainy,13.385369,101.278654,straight road,no slope,2022-04-11T08:40:00Z
6079001,11.04.2022 15:40,12.04.2022 07:16,Bangkok,department of highways,4-wheel pickup truck,vehicle equipment failure,rollover/fallen on straight road,1,0,0,clear,13.62584296,100.4644346,straight road,no slope,2022-04-11T08:40:00Z
6079574,11.04.2022 15:50,12.04.2022 10:03,Narathiwat,department of highways,motorcycle,cutting in closely by people/vehicles/animals,head-on collision (not overtaking),2,1,0,clear,6.375182567,101.4618945,connecting to private area,other,2022-04-11T08:50:00Z
6566241,11.04.2022 15:50,11.04.2022 16:51,Nonthaburi,department of rural roads,passenger pickup truck,abrupt lane change,other,2,0,1,clear,13.822426,100.428091,straight road,no slope,2022-04-11T08:50:00Z
6149049,11.04.2022 15:56,5.05.2022 09:33,Samut Prakan,expressway authority of thailand,7-10-wheel truck,other,rear-end collision,2,0,0,clear,13.614401,100.618416,straight road,other,2022-04-11T08:56:00Z
6079382,11.04.2022 16:00,12.04.2022 09:18,Prachuap Khiri Khan,department of highways,motorcycle,running red lights/traffic signals,collision with obstruction (on road surface),2,1,0,clear,11.20987342,99.40556555,straight road,no slope,2022-04-11T09:00:00Z
6122219,11.04.2022 16:00,19.04.2022 10:54,Sing Buri,department of highways,private/passenger car,speeding,rollover/fallen on curved road,1,0,0,clear,14.85296719,100.2559492,wide curve,no slope,2022-04-11T09:00:00Z
6078781,11.04.2022 16:20,12.04.2022 06:02,Mukdahan,department of highways,4-wheel pickup truck,speeding,rollover/fallen on curved road,1,0,3,clear,16.54673982,104.6614721,wide curve,slope area,2022-04-11T09:20:00Z
6076160,11.04.2022 16:30,11.04.2022 19:40,Chiang Rai,department of highways,private/passenger car,speeding,head-on collision (not overtaking),2,0,2,clear,19.73249238,99.62501048,wide curve,no slope,2022-04-11T09:30:00Z
6076182,11.04.2022 16:30,11.04.2022 19:48,Tak,department of highways,4-wheel pickup truck,speeding,rollover/fallen on straight road,1,0,0,clear,16.56208116,98.69482039,straight road,no slope,2022-04-11T09:30:00Z
6076219,11.04.2022 16:30,11.04.2022 19:51,Chon Buri,department of highways,4-wheel pickup truck,ignoring stop sign while leaving intersection,other,2,0,0,clear,13.13663326,101.3649917,connecting to public/commercial area,other,2022-04-11T09:30:00Z
7331358,11.04.2022 16:30,12.04.2022 06:34,Phuket,department of highways,4-wheel pickup truck,speeding,rear-end collision,2,0,1,clear,8.200263395,98.297464540000007,other,other,2022-04-11T09:30:00Z
6076156,11.04.2022 16:45,11.04.2022 19:44,Nakhon Si Thammarat,department of highways,4-wheel pickup truck,speeding,rollover/fallen on straight road,1,0,2,clear,8.412007909,99.92074011,straight road,no slope,2022-04-11T09:45:00Z
6076185,11.04.2022 16:45,11.04.2022 19:47,Ang Thong,department of highways,motorcycle,speeding,rear-end collision,2,0,1,clear,14.63129153,100.4126975,straight road,no slope,2022-04-11T09:45:00Z
6076114,11.04.2022 17:00,11.04.2022 19:32,Surin,department of highways,4-wheel pickup truck,speeding,rear-end collision,2,0,0,clear,15.35020361,103.4835291,straight road,no slope,2022-04-11T10:00:00Z
6078815,11.04.2022 17:00,12.04.2022 06:23,Si Sa Ket,department of highways,motorcycle,speeding,rear-end collision,2,0,1,clear,15.08698409,104.3165052,straight road,no slope,2022-04-11T10:00:00Z
6079716,11.04.2022 17:00,12.04.2022 10:44,Sakon Nakhon,department of highways,motorcycle,speeding,rear-end collision,2,1,0,clear,17.67214641,103.5032701,straight road,no slope,2022-04-11T10:00:00Z
6171402,11.04.2022 17:00,9.05.2022 13:16,Sukhothai,department of highways,4-wheel pickup truck,falling asleep,rollover/fallen on straight road,1,0,3,clear,16.95377676,99.44514422,straight road,no slope,2022-04-11T10:00:00Z
6078775,11.04.2022 17:10,12.04.2022 05:59,Pattani,department of highways,motorcycle,speeding,rear-end collision,2,0,0,clear,6.725938921,101.387203,straight road,no slope,2022-04-11T10:10:00Z
6083405,11.04.2022 17:10,12.04.2022 19:47,Kanchanaburi,department of highways,motorcycle,speeding,rear-end collision,2,0,1,clear,14.5392948,99.4645205,straight road,no slope,2022-04-11T10:10:00Z
6079873,11.04.2022 17:18,12.04.2022 11:23,Bangkok,department of highways,4-wheel pickup truck,speeding,rear-end collision,2,0,0,clear,13.74147987,100.642021,straight road,no slope,2022-04-11T10:18:00Z
6566271,11.04.2022 17:25,18.04.2022 13:38,Sukhothai,department of rural roads,motorcycle,driving in the wrong lane,other,2,0,2,clear,16.796238,99.817564,straight road,no slope,2022-04-11T10:25:00Z
6076128,11.04.2022 17:30,11.04.2022 19:37,Chon Buri,department of highways,large truck with trailer,speeding,rollover/fallen on straight road,1,0,1,clear,13.1341466,101.1666101,straight road,no slope,2022-04-11T10:30:00Z
6076133,11.04.2022 17:30,11.04.2022 19:39,Uthai Thani,department of highways,4-wheel pickup truck,speeding,rollover/fallen on straight road,1,0,0,rainy,15.44021587,99.59481953,straight road,no slope,2022-04-11T10:30:00Z
6078792,11.04.2022 17:30,12.04.2022 06:09,Nakhon Nayok,department of highways,motorcycle,cutting in closely by people/vehicles/animals,rear-end collision,2,0,0,clear,14.27667845,101.0663518,straight road,no slope,2022-04-11T10:30:00Z
6077200,11.04.2022 17:47,11.04.2022 22:57,Rayong,department of highways,4-wheel pickup truck,speeding,rear-end collision,2,1,1,clear,13.04890083,101.2464836,straight road,no slope,2022-04-11T10:47:00Z
6566257,11.04.2022 17:49,12.04.2022 07:07,Chachoengsao,department of rural roads,motorcycle,speeding,other,1,0,1,clear,13.552673,101.674407,straight road,no slope,2022-04-11T10:49:00Z
6077683,11.04.2022 17:50,12.04.2022 00:26,Phatthalung,department of highways,other,cutting in closely by people/vehicles/animals,rear-end collision,2,0,1,clear,7.736767717,100.0467664,other,other,2022-04-11T10:50:00Z
6190857,11.04.2022 18:05,12.05.2022 10:43,Ubon Ratchathani,department of highways,private/passenger car,speeding,rollover/fallen on straight road,1,0,1,clear,15.89810749,105.1873809,straight road,no slope,2022-04-11T11:05:00Z
6566265,11.04.2022 18:30,12.04.2022 07:14,Chachoengsao,department of rural roads,motorcycle,speeding,other,2,0,1,clear,13.545382,101.835592,straight road,no slope,2022-04-11T11:30:00Z
7331352,11.04.2022 19:00,12.04.2022 06:08,Kanchanaburi,department of highways,private/passenger car,running red lights/traffic signals,collision at intersection corner,2,0,1,clear,14.02882794,99.5528376,other,other,2022-04-11T12:00:00Z
7513882,11.04.2022 19:00,28.12.2022 08:54,Chiang Rai,department of highways,private/passenger car,speeding,rollover/fallen on curved road,1,0,0,clear,20.15432678,100.3686744,wide curve,no slope,2022-04-11T12:00:00Z
6902721,11.04.2022 19:20,14.09.2022 09:41,Nakhon Si Thammarat,department of highways,motorcycle,running red lights/traffic signals,collision with obstruction (on road surface),2,0,2,clear,8.35759444,99.41781788,straight road,no slope,2022-04-11T12:20:00Z
6077324,11.04.2022 19:30,11.04.2022 23:26,Nakhon Sawan,department of highways,motorcycle,speeding,rear-end collision,2,1,1,clear,15.16658868,100.4048869,straight road,no slope,2022-04-11T12:30:00Z
6078843,11.04.2022 19:30,12.04.2022 06:36,Nakhon Ratchasima,department of highways,private/passenger car,driving under the influence of alcohol,rear-end collision,2,0,2,clear,14.9450492,101.9510597,straight road,no slope,2022-04-11T12:30:00Z
6079135,11.04.2022 19:30,12.04.2022 08:03,Rayong,department of highways,motorcycle,speeding,rear-end collision,2,0,1,clear,12.80453554,101.6547802,straight road,no slope,2022-04-11T12:30:00Z
6566275,11.04.2022 19:30,12.04.2022 13:53,Loburi,department of rural roads,motorcycle,driving under the influence of alcohol,other,2,0,1,clear,14.913623,101.059354,t-intersection,other,2022-04-11T12:30:00Z
6566276,11.04.2022 19:30,18.04.2022 13:45,Chiang Mai,department of rural roads,motorcycle,driving under the influence of alcohol,other,1,0,1,clear,18.976951,98.918034,straight road,no slope,2022-04-11T12:30:00Z
6078621,11.04.2022 19:40,12.04.2022 04:56,Phitsanulok,department of highways,4-wheel pickup truck,failure to yield/signal,rear-end collision,2,1,0,clear,16.91580144,100.8105388,straight road,no slope,2022-04-11T12:40:00Z
6079576,11.04.2022 19:55,12.04.2022 10:03,Udon Thani,department of highways,motorcycle,speeding,rollover/fallen on straight road,1,1,0,clear,17.01452644,103.4384304,straight road,no slope,2022-04-11T12:55:00Z
6078797,11.04.2022 20:00,12.04.2022 06:05,Saraburi,department of highways,motorcycle,speeding,rollover/fallen on straight road,1,0,2,clear,14.4493766,100.9009722,straight road,no slope,2022-04-11T13:00:00Z
6566250,11.04.2022 20:30,12.04.2022 05:47,Satun,department of rural roads,motorcycle,falling asleep,other,1,0,1,clear,6.868542,99.790945,y-intersection,other,2022-04-11T13:30:00Z
6566272,11.04.2022 20:30,12.04.2022 13:54,Ang Thong,department of rural roads,4-wheel pickup truck,cutting in closely by people/vehicles/animals,other,2,1,1,clear,14.620926,100.461504,straight road,other,2022-04-11T13:30:00Z
6572707,11.04.2022 20:30,19.07.2022 12:56,Nakhon Sawan,department of highways,4-wheel pickup truck,speeding,rollover/fallen on straight road,1,0,0,clear,15.6696438,100.1282358,other,other,2022-04-11T13:30:00Z
6078780,11.04.2022 20:40,12.04.2022 06:04,Nong Bua Lam Phu,department of highways,4-wheel pickup truck,cutting in closely by people/vehicles/animals,rear-end collision,2,0,0,clear,17.23714976,102.3954668,other,other,2022-04-11T13:40:00Z
6079007,11.04.2022 21:20,12.04.2022 07:21,Chachoengsao,department of highways,private/passenger car,speeding,rollover/fallen on straight road,1,0,1,clear,13.65927957,101.0484642,other,other,2022-04-11T14:20:00Z
6091668,11.04.2022 21:30,14.04.2022 05:56,Nakhon Ratchasima,department of highways,motorcycle,speeding,head-on collision (not overtaking),2,2,1,clear,14.72315114,101.2211153,wide curve,no slope,2022-04-11T14:30:00Z
6078816,11.04.2022 21:50,12.04.2022 06:21,Si Sa Ket,department of highways,motorcycle,speeding,rear-end collision,2,1,0,clear,15.19745252,104.5757004,straight road,no slope,2022-04-11T14:50:00Z
6318700,11.04.2022 21:52,6.06.2022 11:56,Prachuap Khiri Khan,department of highways,4-wheel pickup truck,speeding,rear-end collision,2,0,0,clear,12.4729059,99.89477633,straight road,no slope,2022-04-11T14:52:00Z
6078375,11.04.2022 22:00,12.04.2022 02:34,Samut Prakan,department of highways,motorcycle,speeding,rear-end collision,2,0,1,clear,13.64482692,100.5845466,straight road,no slope,2022-04-11T15:00:00Z
6078632,11.04.2022 22:00,12.04.2022 05:00,Phayao,department of highways,motorcycle,speeding,rollover/fallen on straight road,1,0,1,clear,19.62860734,100.365091,straight road,no slope,2022-04-11T15:00:00Z
7331354,11.04.2022 22:00,12.04.2022 08:17,Phatthalung,department of highways,private/passenger car,cutting in closely by people/vehicles/animals,other,2,2,0,clear,7.637482201,100.0626853,connecting to private area,other,2022-04-11T15:00:00Z
6242120,11.04.2022 22:05,24.05.2022 09:59,Nakhon Pathom,department of highways,private/passenger car,speeding,collision with obstruction (on road surface),1,0,0,clear,13.7833481,100.3026652,other,other,2022-04-11T15:05:00Z
7290345,11.04.2022 22:20,11.11.2022 09:41,Khon Kaen,department of highways,4-wheel pickup truck,falling asleep,rollover/fallen on curved road,1,0,1,clear,16.65502345,102.8001425,wide curve,no slope,2022-04-11T15:20:00Z
6566253,11.04.2022 22:30,12.04.2022 05:47,Uthai Thani,department of rural roads,motorcycle,speeding,other,1,0,1,clear,15.168173,99.720511,straight road,no slope,2022-04-11T15:30:00Z
6805193,11.04.2022 22:30,29.08.2022 09:45,Khon Kaen,department of highways,private/passenger car,falling asleep,rollover/fallen on straight road,1,0,1,clear,16.48086645,102.7759972,straight road,no slope,2022-04-11T15:30:00Z
6078622,11.04.2022 23:00,12.04.2022 04:56,Uttaradit,department of highways,4-wheel pickup truck,speeding,rollover/fallen on straight road,1,0,2,clear,17.70028429,100.6347442,straight road,no slope,2022-04-11T16:00:00Z
6687653,11.04.2022 23:00,9.08.2022 14:32,Saraburi,department of highways,private/passenger car,speeding,rollover/fallen on curved road,1,0,0,clear,14.33732402,100.9917354,wide curve,no slope,2022-04-11T16:00:00Z
7291740,11.04.2022 23:00,11.11.2022 13:41,Phayao,department of highways,4-wheel pickup truck,speeding,collision with obstruction (on road surface),1,0,0,clear,19.12356564,99.90831612,straight road,no slope,2022-04-11T16:00:00Z
6078776,11.04.2022 23:30,12.04.2022 05:57,Narathiwat,department of highways,motorcycle,cutting in closely by people/vehicles/animals,rear-end collision,2,0,1,foggy,6.27750757,101.6996509,straight road,no slope,2022-04-11T16:30:00Z
7331361,11.04.2022 23:30,12.04.2022 06:27,Nakhon Nayok,department of highways,large truck with trailer,driving under the influence of alcohol,rear-end collision,2,1,0,clear,14.20851781,101.2075916,straight road,no slope,2022-04-11T16:30:00Z
6122491,11.04.2022 23:40,19.04.2022 12:00,Udon Thani,department of highways,motorcycle,speeding,rollover/fallen on straight road,1,0,1,clear,17.31904838,102.8466466,straight road,no slope,2022-04-11T16:40:00Z
6078986,11.04.2022 23:50,12.04.2022 07:13,Bangkok,department of highways,4-wheel pickup truck,speeding,rollover/fallen on straight road,1,0,1,clear,13.66199276,100.4040313,straight road,no slope,2022-04-11T16:50:00Z
6080826,12.04.2022 00:05,12.04.2022 14:36,Uttaradit,department of highways,motorcycle,speeding,rollover/fallen on straight road,1,0,1,clear,17.67043157,100.2021763,straight road,no slope,2022-04-11T17:05:00Z
6225614,12.04.2022 00:45,18.05.2022 09:58,Roi Et,department of highways,4-wheel pickup truck,speeding,rollover/fallen on curved road,1,0,0,clear,15.60906688,103.7967253,wide curve,slope area,2022-04-11T17:45:00Z
6078955,12.04.2022 01:00,12.04.2022 07:02,Chon Buri,department of highways,large truck with trailer,speeding,rear-end collision,2,0,1,clear,13.02951461,100.9295887,other,other,2022-04-11T18:00:00Z
6080068,12.04.2022 01:00,12.04.2022 12:09,Chiang Mai,department of highways,private/passenger car,speeding,rollover/fallen on curved road,1,0,1,clear,17.90333809,98.73032211,wide curve,no slope,2022-04-11T18:00:00Z
6085654,12.04.2022 01:30,13.04.2022 06:06,Narathiwat,department of highways,motorcycle,speeding,rollover/fallen on straight road,1,0,1,clear,6.613307946,101.6299,straight road,no slope,2022-04-11T18:30:00Z
6145634,12.04.2022 01:30,27.04.2022 15:00,Chon Buri,department of highways,large truck with trailer,speeding,rollover/fallen on straight road,1,0,0,clear,13.19239611,100.9992537,straight road,no slope,2022-04-11T18:30:00Z
6080487,12.04.2022 01:40,12.04.2022 13:35,Saraburi,department of highways,4-wheel pickup truck,speeding,rollover/fallen on straight road,1,0,0,clear,14.48643533,101.045908,straight road,no slope,2022-04-11T18:40:00Z
6083376,12.04.2022 02:00,12.04.2022 19:40,Loei,department of highways,private/passenger car,speeding,rollover/fallen on curved road,1,0,1,clear,17.89854475,101.7170477,wide curve,no slope,2022-04-11T19:00:00Z
6117667,12.04.2022 02:20,18.04.2022 15:54,Suphan Buri,department of highways,motorcycle,speeding,rollover/fallen on straight road,1,0,1,clear,14.59795588,99.99271183,straight road,no slope,2022-04-11T19:20:00Z
6085638,12.04.2022 02:30,13.04.2022 05:51,Phuket,department of highways,motorcycle,speeding,rollover/fallen on straight road,1,1,0,clear,7.931846731,98.37499915,straight road,no slope,2022-04-11T19:30:00Z
6121931,12.04.2022 02:30,19.04.2022 09:44,Prachuap Khiri Khan,department of highways,4-wheel pickup truck,cutting in closely by people/vehicles/animals,rear-end collision,2,0,1,clear,12.39408587,99.91811155,other,other,2022-04-11T19:30:00Z
6289016,12.04.2022 02:30,1.06.2022 11:10,Sukhothai,department of highways,4-wheel pickup truck,speeding,rollover/fallen on curved road,1,0,0,clear,17.77112435,99.77869032,wide curve,no slope,2022-04-11T19:30:00Z
6079104,12.04.2022 02:50,12.04.2022 07:54,Khon Kaen,department of highways,motorcycle,speeding,rollover/fallen on straight road,1,1,0,clear,16.5452897,102.0986402,straight road,no slope,2022-04-11T19:50:00Z
6566315,12.04.2022 02:50,18.04.2022 13:47,Nonthaburi,department of rural roads,motorcycle,driving under the influence of alcohol,other,1,0,1,clear,13.82421,100.458778,straight road,no slope,2022-04-11T19:50:00Z
6080548,12.04.2022 03:30,12.04.2022 13:46,Nakhon Ratchasima,department of highways,6-wheel truck,speeding,rollover/fallen on curved road,1,0,0,clear,14.67099753,101.4528635,wide curve,no slope,2022-04-11T20:30:00Z
6085619,12.04.2022 03:30,13.04.2022 05:48,Trang,department of highways,4-wheel pickup truck,falling asleep,rollover/fallen on straight road,1,0,0,clear,7.799758007,99.62796895,straight road,no slope,2022-04-11T20:30:00Z
6085639,12.04.2022 03:30,13.04.2022 05:52,Phuket,department of highways,4-wheel pickup truck,speeding,pedestrian collision,1,1,0,clear,8.15775802,98.31421225,straight road,no slope,2022-04-11T20:30:00Z
6079590,12.04.2022 04:00,12.04.2022 10:09,Udon Thani,department of highways,4-wheel pickup truck,speeding,rollover/fallen on straight road,1,1,2,clear,17.73797002,102.9330513,straight road,no slope,2022-04-11T21:00:00Z
6288935,12.04.2022 04:00,1.06.2022 11:04,Tak,department of highways,large truck with trailer,speeding,rear-end collision,2,0,1,clear,16.8360489,99.10380362,straight road,no slope,2022-04-11T21:00:00Z
6381901,12.04.2022 04:00,16.06.2022 15:56,Trang,department of highways,4-wheel pickup truck,falling asleep,rollover/fallen on straight road,1,0,1,clear,7.546134667,99.37584935,straight road,no slope,2022-04-11T21:00:00Z
6566293,12.04.2022 04:00,18.04.2022 13:47,Phetchaburi,department of rural roads,bicycle,driving under the influence of alcohol,other,1,0,1,dark,12.769421,99.797937,straight road,no slope,2022-04-11T21:00:00Z
6079652,12.04.2022 04:10,12.04.2022 10:27,Chai Nat,department of highways,4-wheel pickup truck,falling asleep,rollover/fallen on straight road,1,0,0,clear,14.97212068,100.0791406,straight road,no slope,2022-04-11T21:10:00Z
6079875,12.04.2022 04:10,12.04.2022 11:21,Surat Thani,department of highways,large truck with trailer,speeding,rear-end collision,2,0,1,clear,8.614206541,99.3562424,straight road,no slope,2022-04-11T21:10:00Z
6080515,12.04.2022 04:10,12.04.2022 13:43,Pathum Thani,department of highways,motorcycle,speeding,rollover/fallen on curved road,1,1,1,clear,13.96671782,100.54555,wide curve,no slope,2022-04-11T21:10:00Z
6081629,12.04.2022 04:13,12.04.2022 15:41,Nakhon Ratchasima,department of highways,private/passenger car,running red lights/traffic signals,rear-end collision,4,0,2,clear,14.74155059,102.1648183,other,other,2022-04-11T21:13:00Z
6079386,12.04.2022 05:00,12.04.2022 09:16,Prachuap Khiri Khan,department of highways,4-wheel pickup truck,falling asleep,rollover/fallen on straight road,1,0,4,clear,12.15481145,99.84641074,straight road,no slope,2022-04-11T22:00:00Z
6083295,12.04.2022 05:00,12.04.2022 19:20,Ubon Ratchathani,department of highways,4-wheel pickup truck,speeding,rollover/fallen on straight road,1,0,0,clear,15.17685297,104.8414457,straight road,no slope,2022-04-11T22:00:00Z
6091800,12.04.2022 05:15,14.04.2022 06:18,Sing Buri,department of highways,motorcycle,speeding,rollover/fallen on straight road,1,0,1,clear,14.9408406,100.3644392,straight road,no slope,2022-04-11T22:15:00Z
6122077,12.04.2022 05:20,19.04.2022 10:23,Chon Buri,department of highways,private/passenger car,cutting in closely by people/vehicles/animals,pedestrian collision,1,1,0,clear,12.72576249,100.9817335,other,other,2022-04-11T22:20:00Z
6079833,12.04.2022 05:35,12.04.2022 11:14,Bangkok,department of highways,large truck with trailer,speeding,rear-end collision,2,0,1,clear,13.83633501,100.6736415,straight road,no slope,2022-04-11T22:35:00Z
6566300,12.04.2022 05:50,18.04.2022 13:48,Sing Buri,department of rural roads,motorcycle,cutting in closely by people/vehicles/animals,other,1,0,1,clear,14.974376,100.432144,straight road,no slope,2022-04-11T22:50:00Z
6080094,12.04.2022 06:00,12.04.2022 12:12,Uthai Thani,department of highways,private/passenger car,falling asleep,rollover/fallen on curved road,1,0,1,clear,15.41348365,99.99347089,wide curve,no slope,2022-04-11T23:00:00Z
6086703,12.04.2022 06:00,13.04.2022 12:03,Nakhon Pathom,department of highways,motorcycle,speeding,rear-end collision,2,0,1,clear,13.74330106,100.3001198,straight road,no slope,2022-04-11T23:00:00Z
6080726,12.04.2022 06:30,12.04.2022 14:29,Surat Thani,department of highways,private/passenger car,speeding,rear-end collision,2,0,0,clear,9.319207229,99.14832293,straight road,no slope,2022-04-11T23:30:00Z
6146684,12.04.2022 06:45,29.04.2022 11:26,Trang,department of highways,4-wheel pickup truck,falling asleep,rear-end collision,3,0,0,clear,7.56199253,99.70455675,other,other,2022-04-11T23:45:00Z
6191078,12.04.2022 06:50,12.05.2022 11:44,Tak,department of highways,van,speeding,rear-end collision,2,0,1,clear,16.7942316,99.01175021,straight road,no slope,2022-04-11T23:50:00Z
6566278,12.04.2022 06:58,12.04.2022 21:23,Chiang Mai,department of rural roads,4-wheel pickup truck,speeding,other,2,0,1,clear,18.629679,98.839161,straight road,no slope,2022-04-11T23:58:00Z
6079976,12.04.2022 07:15,12.04.2022 11:40,Surat Thani,department of highways,motorcycle,speeding,collision with obstruction (on road surface),2,1,0,clear,8.573579113,99.10591452,straight road,no slope,2022-04-12T00:15:00Z
6086775,12.04.2022 07:20,13.04.2022 12:15,Mukdahan,department of highways,motorcycle,cutting in closely by people/vehicles/animals,collision with obstruction (on road surface),1,0,1,clear,16.75699215,104.5079318,connecting to school area,other,2022-04-12T00:20:00Z
6079825,12.04.2022 07:30,12.04.2022 11:13,Nakhon Ratchasima,department of highways,4-wheel pickup truck,speeding,rollover/fallen on straight road,1,1,0,clear,14.82565255,101.5449411,straight road,no slope,2022-04-12T00:30:00Z
6085637,12.04.2022 07:40,13.04.2022 05:54,Chai Nat,department of highways,motorcycle,speeding,rollover/fallen on straight road,1,0,1,clear,15.30531485,100.101285,straight road,no slope,2022-04-12T00:40:00Z
6080697,12.04.2022 08:10,12.04.2022 14:21,Sakon Nakhon,department of highways,large passenger vehicle,speeding,rollover/fallen on curved road,1,0,4,clear,16.93114131,104.1829043,connecting to school area,other,2022-04-12T01:10:00Z