acc_code,incident_datetime,report_datetime,province_en,agency,vehicle_type,presumed_cause,accident_type,number_of_vehicles_involved,number_of_fatalities,number_of_injuries,weather_condition,latitude,longitude,road_description,slope_description,incident_time
6566311,12.04.2022 08:10,18.04.2022 13:49,Pattani,department of rural roads,motorcycle,speeding,other,1,0,1,clear,6.654725,101.25907,straight road,no slope,2022-04-12T01:10:00Z
6080361,12.04.2022 08:30,12.04.2022 13:10,Surat Thani,department of highways,4-wheel pickup truck,running red lights/traffic signals,rear-end collision,2,0,0,clear,8.885039862,98.87833713,other,other,2022-04-12T01:30:00Z
6083378,12.04.2022 08:30,12.04.2022 19:44,Loburi,department of highways,motorcycle,cutting in closely by people/vehicles/animals,rear-end collision,2,1,0,clear,15.40684854,101.3555905,straight road,no slope,2022-04-12T01:30:00Z
6171369,12.04.2022 08:35,9.05.2022 13:14,Tak,department of highways,motorcycle,running red lights/traffic signals,collision at intersection corner,2,0,1,clear,16.87237959,99.13295119,other,other,2022-04-12T01:35:00Z
6083294,12.04.2022 08:40,12.04.2022 19:23,Lampang,department of highways,large truck with trailer,speeding,rollover/fallen on curved road,1,0,0,clear,18.61786017,99.90597724,other,other,2022-04-12T01:40:00Z
6085695,12.04.2022 08:50,13.04.2022 08:07,Chanthaburi,department of highways,motorcycle,cutting in closely by people/vehicles/animals,head-on collision (not overtaking),2,0,1,clear,12.50796542,102.1630668,other,other,2022-04-12T01:50:00Z
6092892,12.04.2022 08:50,14.04.2022 10:45,Tak,department of highways,4-wheel pickup truck,cutting in closely by people/vehicles/animals,rear-end collision,2,0,1,clear,16.46983736,98.84339063,other,other,2022-04-12T01:50:00Z
6081212,12.04.2022 09:00,12.04.2022 15:06,Chon Buri,department of highways,large truck with trailer,speeding,rear-end collision,2,0,0,clear,12.99619467,100.9911346,straight road,no slope,2022-04-12T02:00:00Z
6080765,12.04.2022 09:10,12.04.2022 14:32,Chiang Rai,department of highways,private/passenger car,speeding,rollover/fallen on curved road,1,0,2,clear,19.69531426,99.57963018,wide curve,no slope,2022-04-12T02:10:00Z
6242279,12.04.2022 09:15,24.05.2022 13:15,Ang Thong,department of highways,other,speeding,rollover/fallen on straight road,1,0,0,clear,14.50291226,100.4612133,straight road,no slope,2022-04-12T02:15:00Z
6085673,12.04.2022 09:20,13.04.2022 06:38,Rayong,department of highways,4-wheel pickup truck,speeding,rollover/fallen on straight road,1,0,4,rainy,12.78473799,101.1603391,straight road,no slope,2022-04-12T02:20:00Z
6083300,12.04.2022 09:30,12.04.2022 19:24,Chiang Rai,department of highways,motorcycle,speeding,rollover/fallen on straight road,1,1,0,clear,20.23320747,99.85593794,straight road,no slope,2022-04-12T02:30:00Z
6083360,12.04.2022 09:30,12.04.2022 19:38,Phetchabun,department of highways,4-wheel pickup truck,speeding,rollover/fallen on straight road,1,1,3,clear,15.95852332,101.1622435,straight road,no slope,2022-04-12T02:30:00Z
6566298,12.04.2022 09:40,13.04.2022 06:14,Satun,department of rural roads,motorcycle,repair/construction on the road,other,2,1,1,clear,6.700306,100.093697,y-intersection,other,2022-04-12T02:40:00Z
6079830,12.04.2022 09:45,12.04.2022 11:11,Suphan Buri,department of highways,4-wheel pickup truck,cutting in closely by people/vehicles/animals,rear-end collision,2,0,2,clear,14.80933212,100.1176974,other,other,2022-04-12T02:45:00Z
6145613,12.04.2022 09:47,27.04.2022 13:59,Roi Et,department of highways,motorcycle,speeding,rollover/fallen on straight road,1,0,1,clear,15.75814062,104.0494537,straight road,no slope,2022-04-12T02:47:00Z
6082390,12.04.2022 10:00,12.04.2022 17:00,Nakhon Si Thammarat,department of highways,motorcycle,speeding,rear-end collision,2,0,2,clear,8.092039698,99.88656609,straight road,no slope,2022-04-12T03:00:00Z
6566318,12.04.2022 10:00,18.04.2022 13:50,Ang Thong,department of rural roads,motorcycle,falling asleep,other,1,0,1,clear,14.666078,100.259559,straight road,no slope,2022-04-12T03:00:00Z
6085629,12.04.2022 10:04,13.04.2022 05:53,Ang Thong,department of highways,motorcycle,other,other,1,0,1,clear,14.64587104,100.292336,straight road,no slope,2022-04-12T03:04:00Z
6079850,12.04.2022 10:14,12.04.2022 11:19,Bangkok,department of highways,4-wheel pickup truck,speeding,rear-end collision,2,0,1,clear,13.74139128,100.6424367,straight road,no slope,2022-04-12T03:14:00Z
7510061,12.04.2022 10:15,27.12.2022 09:01,Ang Thong,department of highways,motorcycle,speeding,pedestrian collision,1,0,2,clear,14.5998377,100.4386157,straight road,no slope,2022-04-12T03:15:00Z
6080196,12.04.2022 10:20,12.04.2022 12:31,Phetchaburi,department of highways,4-wheel pickup truck,cutting in closely by people/vehicles/animals,other,2,0,3,clear,12.93526904,99.81549828,connecting to public/commercial area,other,2022-04-12T03:20:00Z
6081155,12.04.2022 10:30,12.04.2022 15:01,Tak,department of highways,motorcycle,speeding,rear-end collision,2,0,2,clear,17.24504744,98.22227953,straight road,no slope,2022-04-12T03:30:00Z
6081159,12.04.2022 10:30,12.04.2022 15:02,Surat Thani,department of highways,4-wheel pickup truck,speeding,rollover/fallen on straight road,1,0,1,clear,9.182465024,99.15634541,straight road,no slope,2022-04-12T03:30:00Z
6080070,12.04.2022 10:40,12.04.2022 12:09,Phetchaburi,department of highways,4-wheel pickup truck,vehicle equipment failure,rollover/fallen on straight road,1,0,0,clear,12.86449675,99.91988181,straight road,no slope,2022-04-12T03:40:00Z
6289305,12.04.2022 10:40,1.06.2022 12:16,Maha Sarakham,department of highways,6-wheel truck,speeding,collision with obstruction (on road surface),2,1,2,clear,16.18426569,103.2092008,straight road,no slope,2022-04-12T03:40:00Z
6086993,12.04.2022 10:45,13.04.2022 13:01,Yala,department of highways,motorcycle,cutting in closely by people/vehicles/animals,side collision,2,0,1,clear,6.492072703,101.119996,straight road,no slope,2022-04-12T03:45:00Z
6081429,12.04.2022 10:50,12.04.2022 15:27,Nakhon Si Thammarat,department of highways,motorcycle,unfamiliarity with the route/unskilled driving,rollover/fallen on straight road,1,0,1,clear,7.889568255,99.93026732,other,other,2022-04-12T03:50:00Z
6081091,12.04.2022 11:03,12.04.2022 14:58,Bangkok,department of highways,4-wheel pickup truck,speeding,rear-end collision,4,0,2,clear,13.87547292,100.6817928,straight road,no slope,2022-04-12T04:03:00Z
6080977,12.04.2022 11:20,12.04.2022 14:49,Pathum Thani,department of highways,4-wheel pickup truck,speeding,rollover/fallen on straight road,1,0,1,rainy,13.94336852,100.771341,straight road,no slope,2022-04-12T04:20:00Z
6145651,12.04.2022 11:27,27.04.2022 15:38,Samut Prakan,expressway authority of thailand,other,other,rollover/fallen on straight road,2,0,1,clear,13.633934,100.569287,straight road,other,2022-04-12T04:27:00Z
6085942,12.04.2022 11:30,13.04.2022 09:13,Phatthalung,department of highways,private/passenger car,speeding,rear-end collision,2,0,0,clear,7.708721755,99.99269842,straight road,no slope,2022-04-12T04:30:00Z
6080830,12.04.2022 11:40,12.04.2022 14:36,Narathiwat,department of highways,motorcycle,failure to yield/signal,rear-end collision,2,0,0,clear,6.317092707,101.748864,straight road,no slope,2022-04-12T04:40:00Z
6288923,12.04.2022 11:40,1.06.2022 11:03,Tak,department of highways,motorcycle,speeding,rollover/fallen on straight road,1,1,0,clear,16.81330946,98.97600173,straight road,slope area,2022-04-12T04:40:00Z
6080430,12.04.2022 12:00,12.04.2022 13:25,Suphan Buri,department of highways,4-wheel pickup truck,speeding,rear-end collision,2,0,2,clear,14.16607667,99.96871679,straight road,no slope,2022-04-12T05:00:00Z
6083276,12.04.2022 12:00,12.04.2022 19:15,Surin,department of highways,4-wheel pickup truck,ignoring stop sign while leaving intersection,head-on collision (not overtaking),3,0,0,clear,14.68073284,103.8018375,straight road,no slope,2022-04-12T05:00:00Z
6083266,12.04.2022 12:30,12.04.2022 19:11,Khon Kaen,department of highways,large truck with trailer,speeding,rollover/fallen on straight road,1,0,0,clear,16.31831181,102.6465726,straight road,no slope,2022-04-12T05:30:00Z
6080973,12.04.2022 13:00,12.04.2022 14:48,Bangkok,department of highways,private/passenger car,speeding,rollover/fallen on straight road,1,0,2,clear,13.79830276,100.5608493,straight road,no slope,2022-04-12T06:00:00Z
6081490,12.04.2022 13:00,12.04.2022 15:31,Loburi,department of highways,4-wheel pickup truck,speeding,rollover/fallen on straight road,1,0,0,clear,14.8429129,100.9101105,straight road,no slope,2022-04-12T06:00:00Z
7560777,12.04.2022 13:10,16.01.2023 13:55,Bangkok,department of highways,private/passenger car,speeding,rollover/fallen on straight road,1,0,1,clear,13.79829887,100.5608546,straight road,no slope,2022-04-12T06:10:00Z
6950266,12.04.2022 13:45,21.09.2022 11:13,Krabi,department of highways,4-wheel pickup truck,running red lights/traffic signals,rear-end collision,2,0,0,clear,8.066397347,98.82692723,other,other,2022-04-12T06:45:00Z
6083244,12.04.2022 13:50,12.04.2022 19:05,Suphan Buri,department of highways,4-wheel pickup truck,vehicle equipment failure,rollover/fallen on straight road,1,0,0,clear,14.25993527,99.82676892,straight road,no slope,2022-04-12T06:50:00Z
6083342,12.04.2022 13:50,12.04.2022 19:32,Tak,department of highways,motorcycle,cutting in closely by people/vehicles/animals,head-on collision (not overtaking),2,0,1,clear,16.86036426,99.14023875,other,other,2022-04-12T06:50:00Z
6085630,12.04.2022 14:00,13.04.2022 05:51,Pathum Thani,department of highways,motorcycle,speeding,rear-end collision,2,0,4,clear,14.01299035,100.4519677,straight road,no slope,2022-04-12T07:00:00Z
6085990,12.04.2022 14:00,13.04.2022 09:16,Phatthalung,department of highways,4-wheel pickup truck,speeding,rear-end collision,4,0,0,clear,7.777552231,99.96658711,straight road,no slope,2022-04-12T07:00:00Z
6122494,12.04.2022 14:00,19.04.2022 12:04,Surat Thani,department of highways,private/passenger car,falling asleep,rollover/fallen on straight road,1,0,0,clear,8.754837117,99.16088103,straight road,no slope,2022-04-12T07:00:00Z
7554560,12.04.2022 14:00,9.01.2023 13:25,Nakhon Ratchasima,department of highways,large truck with trailer,falling asleep,rollover/fallen on straight road,1,0,1,clear,15.28157706,102.6519585,straight road,no slope,2022-04-12T07:00:00Z
6081557,12.04.2022 14:20,12.04.2022 15:37,Nakhon Phanom,department of highways,motorcycle,speeding,rollover/fallen on straight road,1,0,1,clear,17.01396731,104.5326483,straight road,no slope,2022-04-12T07:20:00Z
6085632,12.04.2022 14:20,13.04.2022 05:52,Phatthalung,department of highways,4-wheel pickup truck,speeding,rear-end collision,2,0,0,clear,7.7816395,99.96459423,straight road,no slope,2022-04-12T07:20:00Z
6083278,12.04.2022 14:30,12.04.2022 19:19,Surin,department of highways,motorcycle,speeding,rear-end collision,2,1,1,clear,14.62194332,103.8650814,straight road,no slope,2022-04-12T07:30:00Z
6085712,12.04.2022 14:30,13.04.2022 08:35,Nakhon Nayok,department of highways,motorcycle,cutting in closely by people/vehicles/animals,head-on collision (not overtaking),2,1,1,clear,14.23544344,101.242817,straight road,no slope,2022-04-12T07:30:00Z
6566306,12.04.2022 14:37,13.04.2022 13:43,Loburi,department of rural roads,motorcycle,speeding,other,1,0,1,clear,14.795564,100.603918,t-intersection,other,2022-04-12T07:37:00Z
6086911,12.04.2022 15:00,13.04.2022 12:45,Phra Nakhon Si Ayutthaya,department of highways,motorcycle,running red lights/traffic signals,collision with obstruction (on road surface),2,0,1,clear,14.44425194,100.7178309,straight road,no slope,2022-04-12T08:00:00Z
6566294,12.04.2022 15:00,18.04.2022 13:51,Phitsanulok,department of rural roads,motorcycle,speeding,other,1,0,1,clear,17.161596,100.570195,y-intersection,other,2022-04-12T08:00:00Z
7554564,12.04.2022 15:00,9.01.2023 13:27,Nakhon Ratchasima,department of highways,4-wheel pickup truck,speeding,rollover/fallen on straight road,1,0,0,rainy,15.31730821,102.4316525,straight road,no slope,2022-04-12T08:00:00Z
6083958,12.04.2022 15:10,12.04.2022 21:22,Si Sa Ket,department of highways,4-wheel pickup truck,falling asleep,rollover/fallen on straight road,1,1,1,clear,14.90401698,104.4132981,straight road,no slope,2022-04-12T08:10:00Z
6086058,12.04.2022 15:12,13.04.2022 09:37,Chon Buri,department of highways,large truck with trailer,speeding,rollover/fallen on straight road,1,0,0,clear,13.11457639,100.966874,straight road,no slope,2022-04-12T08:12:00Z
6566282,12.04.2022 15:13,13.04.2022 05:59,Samut Sakhon,department of rural roads,motorcycle,illegal overtaking,other,2,1,0,clear,13.67256,100.314558,straight road,no slope,2022-04-12T08:13:00Z
6085852,12.04.2022 15:20,13.04.2022 09:03,Phetchaburi,department of highways,4-wheel pickup truck,vehicle equipment failure,rollover/fallen on straight road,1,0,3,clear,13.09021332,99.94143336,straight road,no slope,2022-04-12T08:20:00Z
6085643,12.04.2022 15:30,13.04.2022 05:57,Nakhon Phanom,department of highways,6-wheel truck,vehicle equipment failure,rollover/fallen on curved road,1,0,2,clear,17.49351894,104.7192684,wide curve,no slope,2022-04-12T08:30:00Z
6085631,12.04.2022 15:38,13.04.2022 05:54,Sakon Nakhon,department of highways,4-wheel pickup truck,speeding,rollover/fallen on curved road,1,0,0,rainy,17.11826216,104.0239835,sharp curve,no slope,2022-04-12T08:38:00Z
6566316,12.04.2022 15:40,13.04.2022 16:30,Suphan Buri,department of rural roads,4-wheel pickup truck,speeding,other,1,0,2,clear,14.410409,100.246076,sharp curve,no slope,2022-04-12T08:40:00Z
6083650,12.04.2022 15:50,12.04.2022 20:30,Krabi,department of highways,motorcycle,speeding,rear-end collision,2,0,2,clear,7.941715689,99.14869844,connecting to private area,other,2022-04-12T08:50:00Z
6085621,12.04.2022 16:00,13.04.2022 05:45,Nakhon Ratchasima,department of highways,private/passenger car,speeding,rollover/fallen on straight road,1,0,0,clear,14.92683033,101.7391491,straight road,no slope,2022-04-12T09:00:00Z
6085696,12.04.2022 16:00,13.04.2022 08:06,Chon Buri,department of highways,4-wheel pickup truck,speeding,rollover/fallen on straight road,1,0,1,rainy,13.12579837,101.3603434,straight road,no slope,2022-04-12T09:00:00Z
7414571,12.04.2022 16:00,29.11.2022 13:31,Samut Prakan,department of highways,4-wheel pickup truck,speeding,rear-end collision,2,0,1,clear,13.50951049,100.7108679,connecting to school area,other,2022-04-12T09:00:00Z
7554399,12.04.2022 16:00,9.01.2023 11:06,Sakon Nakhon,department of highways,private/passenger car,speeding,rollover/fallen on curved road,1,0,0,rainy,17.11721118,104.022688,wide curve,no slope,2022-04-12T09:00:00Z
7554502,12.04.2022 16:00,9.01.2023 12:58,Nakhon Ratchasima,department of highways,4-wheel pickup truck,speeding,rollover/fallen on straight road,1,0,0,rainy,15.32948971,102.438004,straight road,no slope,2022-04-12T09:00:00Z
6086079,12.04.2022 16:05,13.04.2022 09:43,Bangkok,department of highways,4-wheel pickup truck,speeding,rear-end collision,4,0,1,clear,13.90949871,100.6993988,straight road,no slope,2022-04-12T09:05:00Z
6091678,12.04.2022 16:05,14.04.2022 05:57,Chumphon,department of highways,private/passenger car,speeding,rear-end collision,2,2,0,clear,10.73807287,99.20624255,straight road,no slope,2022-04-12T09:05:00Z
6085584,12.04.2022 16:20,13.04.2022 04:56,Lamphun,department of highways,4-wheel pickup truck,cutting in closely by people/vehicles/animals,rear-end collision,2,0,3,clear,18.44128848,98.97233515,other,other,2022-04-12T09:20:00Z
6083408,12.04.2022 16:30,12.04.2022 19:46,Suphan Buri,department of highways,motorcycle,speeding,rear-end collision,2,0,1,clear,14.80616851,100.0026655,straight road,no slope,2022-04-12T09:30:00Z
6085590,12.04.2022 16:30,13.04.2022 05:10,Phrae,department of highways,large truck with trailer,speeding,rollover/fallen on curved road,1,0,2,clear,18.54834429,100.1099378,wide curve,slope area,2022-04-12T09:30:00Z
6085661,12.04.2022 16:30,13.04.2022 06:12,Pattani,department of highways,motorcycle,speeding,rear-end collision,2,0,1,clear,6.732289258,101.2831199,wide curve,no slope,2022-04-12T09:30:00Z
6289192,12.04.2022 16:30,1.06.2022 11:49,Loei,department of highways,private/passenger car,speeding,rollover/fallen on straight road,1,0,1,clear,17.49419686,101.9224781,other,other,2022-04-12T09:30:00Z
6889729,12.04.2022 16:30,12.09.2022 11:37,Phetchabun,department of highways,4-wheel pickup truck,falling asleep,rollover/fallen on curved road,1,1,0,clear,17.00249965,101.3835874,wide curve,no slope,2022-04-12T09:30:00Z
6085662,12.04.2022 16:50,13.04.2022 06:10,Narathiwat,department of highways,motorcycle,speeding,rollover/fallen on curved road,1,0,1,clear,6.441320379,101.6562286,wide curve,slope area,2022-04-12T09:50:00Z
7439304,12.04.2022 16:54,7.12.2022 10:40,Nakhon Si Thammarat,department of highways,4-wheel pickup truck,cutting in closely by people/vehicles/animals,head-on collision (not overtaking),4,0,0,clear,8.127672313,99.67212616,straight road,no slope,2022-04-12T09:54:00Z
6085679,12.04.2022 17:00,13.04.2022 06:42,Yala,department of highways,motorcycle,speeding,rollover/fallen on straight road,1,0,1,rainy,6.444921155,101.3499069,straight road,no slope,2022-04-12T10:00:00Z
6091641,12.04.2022 17:00,14.04.2022 05:51,Maha Sarakham,department of highways,4-wheel pickup truck,speeding,rear-end collision,2,1,0,clear,16.19351301,103.2425165,straight road,no slope,2022-04-12T10:00:00Z
6110099,12.04.2022 17:00,17.04.2022 06:47,Satun,department of highways,4-wheel pickup truck,speeding,rollover/fallen on curved road,1,0,1,rainy,6.914370286,100.1294535,wide curve,no slope,2022-04-12T10:00:00Z
6902922,12.04.2022 17:00,14.09.2022 10:17,Chiang Mai,department of highways,private/passenger car,speeding,rollover/fallen on curved road,2,0,0,clear,19.05144971,99.34996604,wide curve,no slope,2022-04-12T10:00:00Z
7418847,12.04.2022 17:00,30.11.2022 10:46,Chiang Mai,department of highways,4-wheel pickup truck,cutting in closely by people/vehicles/animals,rear-end collision,2,0,1,clear,18.22514011,98.61309885,other,other,2022-04-12T10:00:00Z
7419433,12.04.2022 17:00,30.11.2022 13:36,Mukdahan,department of highways,motorcycle,cutting in closely by people/vehicles/animals,rear-end collision,2,0,0,clear,16.58332614,104.4234207,connecting to public/commercial area,other,2022-04-12T10:00:00Z
6085588,12.04.2022 17:10,13.04.2022 05:15,Chiang Rai,department of highways,4-wheel pickup truck,speeding,rollover/fallen on straight road,1,0,3,clear,19.89319476,99.95379029,straight road,no slope,2022-04-12T10:10:00Z
6086249,12.04.2022 17:12,13.04.2022 10:23,Bangkok,department of highways,private/passenger car,speeding,rear-end collision,3,0,0,clear,13.73014073,100.7254135,straight road,no slope,2022-04-12T10:12:00Z
6085649,12.04.2022 17:25,13.04.2022 06:03,Chon Buri,department of highways,private/passenger car,speeding,rear-end collision,2,0,0,clear,13.04732261,100.9960994,straight road,no slope,2022-04-12T10:25:00Z
6086889,12.04.2022 17:30,13.04.2022 12:40,Nakhon Ratchasima,department of highways,motorcycle,speeding,rear-end collision,2,0,2,clear,14.65131799,101.4066088,straight road,no slope,2022-04-12T10:30:00Z
6086989,12.04.2022 17:30,13.04.2022 13:04,Satun,department of highways,4-wheel pickup truck,speeding,rollover/fallen on curved road,1,0,0,rainy,6.913472955,100.1295662,wide curve,no slope,2022-04-12T10:30:00Z
6566296,12.04.2022 17:30,13.04.2022 05:43,Satun,department of rural roads,bicycle,driving under the influence of alcohol,other,1,0,1,clear,6.915895,100.026824,straight road,no slope,2022-04-12T10:30:00Z
6085658,12.04.2022 17:40,13.04.2022 06:10,Nakhon Nayok,department of highways,4-wheel pickup truck,vehicle equipment failure,rollover/fallen on straight road,1,0,0,clear,14.20765196,101.1834705,straight road,no slope,2022-04-12T10:40:00Z
6085763,12.04.2022 17:40,13.04.2022 08:52,Nakhon Nayok,department of highways,private/passenger car,running red lights/traffic signals,collision with obstruction (on road surface),2,0,1,clear,14.2067523,101.069034,straight road,no slope,2022-04-12T10:40:00Z
6085893,12.04.2022 17:40,13.04.2022 09:07,Nakhon Si Thammarat,department of highways,motorcycle,cutting in closely by people/vehicles/animals,head-on collision (not overtaking),2,0,1,rainy,8.423104072,99.3989244,other,other,2022-04-12T10:40:00Z
7554505,12.04.2022 17:50,9.01.2023 12:59,Nakhon Ratchasima,department of highways,private/passenger car,speeding,rear-end collision,2,0,1,clear,15.08848356,102.1108603,straight road,no slope,2022-04-12T10:50:00Z
6085697,12.04.2022 18:00,13.04.2022 08:05,Chon Buri,department of highways,large truck with trailer,cutting in closely by people/vehicles/animals,rear-end collision,2,1,0,clear,12.99732893,100.9347787,straight road,no slope,2022-04-12T11:00:00Z
6566285,12.04.2022 18:00,13.04.2022 05:44,Chachoengsao,department of rural roads,motorcycle,cutting in closely by people/vehicles/animals,other,1,0,1,clear,13.675231,101.025841,straight road,no slope,2022-04-12T11:00:00Z
6566313,12.04.2022 18:00,13.04.2022 13:41,Nonthaburi,department of rural roads,motorcycle,speeding,other,1,0,1,clear,13.947462,100.459443,straight road,no slope,2022-04-12T11:00:00Z
7419435,12.04.2022 18:00,30.11.2022 13:39,Phayao,department of highways,motorcycle,speeding,rollover/fallen on straight road,1,0,1,clear,19.46445278,100.3239995,straight road,no slope,2022-04-12T11:00:00Z
7556663,12.04.2022 18:00,11.01.2023 14:22,Yala,department of highways,4-wheel pickup truck,speeding,rollover/fallen on straight road,1,0,1,rainy,6.472892266,101.399214,straight road,no slope,2022-04-12T11:00:00Z
6091748,12.04.2022 18:11,14.04.2022 06:05,Phra Nakhon Si Ayutthaya,department of highways,private/passenger car,speeding,pedestrian collision,1,0,1,clear,14.40713162,100.5309534,straight road,no slope,2022-04-12T11:11:00Z
6085725,12.04.2022 18:15,13.04.2022 08:45,Bangkok,department of highways,private/passenger car,speeding,rear-end collision,2,0,0,clear,13.89424397,100.5871296,straight road,no slope,2022-04-12T11:15:00Z
7425521,12.04.2022 18:16,2.12.2022 14:35,Phuket,department of highways,private/passenger car,speeding,rear-end collision,2,0,1,clear,7.844787782,98.29966663,wide curve,no slope,2022-04-12T11:16:00Z
6083606,12.04.2022 19:00,12.04.2022 20:22,Bangkok,department of highways,motorcycle,speeding,rear-end collision,2,0,1,clear,13.78838085,100.4705179,straight road,no slope,2022-04-12T12:00:00Z
6086707,12.04.2022 19:00,13.04.2022 12:01,Mae Hong Son,department of highways,4-wheel pickup truck,speeding,rollover/fallen on curved road,1,0,0,clear,19.26529004,98.50828885,wide curve,slope area,2022-04-12T12:00:00Z
6084358,12.04.2022 19:04,12.04.2022 22:34,Chon Buri,department of highways,private/passenger car,speeding,rear-end collision,2,0,0,clear,13.42503824,101.0466349,straight road,no slope,2022-04-12T12:04:00Z
6085580,12.04.2022 19:10,13.04.2022 04:49,Lampang,department of highways,4-wheel pickup truck,speeding,pedestrian collision,1,1,0,clear,18.10869631,99.32625531,straight road,no slope,2022-04-12T12:10:00Z
6085615,12.04.2022 19:10,13.04.2022 05:42,Saraburi,department of highways,4-wheel pickup truck,speeding,rear-end collision,3,0,0,clear,14.54096941,100.9536373,straight road,no slope,2022-04-12T12:10:00Z
7419390,12.04.2022 19:10,30.11.2022 13:25,Phayao,department of highways,motorcycle,running red lights/traffic signals,collision with obstruction (on road surface),2,0,2,clear,19.23852707,100.048491,straight road,no slope,2022-04-12T12:10:00Z
7358890,12.04.2022 19:14,21.11.2022 14:46,Udon Thani,department of highways,private/passenger car,speeding,rollover/fallen on straight road,1,0,1,clear,17.45148865,102.793453,straight road,no slope,2022-04-12T12:14:00Z
6122343,12.04.2022 19:17,19.04.2022 11:24,Chon Buri,department of highways,4-wheel pickup truck,speeding,rear-end collision,2,0,0,clear,13.41140105,101.0471016,straight road,no slope,2022-04-12T12:17:00Z
6566292,12.04.2022 19:20,13.04.2022 13:44,Uttaradit,department of rural roads,motorcycle,speeding,other,3,1,0,dark,17.642301,100.220295,wide curve,no slope,2022-04-12T12:20:00Z
6122476,12.04.2022 19:21,19.04.2022 11:58,Chon Buri,department of highways,private/passenger car,speeding,rear-end collision,2,0,0,clear,13.42321982,101.0466885,straight road,no slope,2022-04-12T12:21:00Z
6091960,12.04.2022 19:30,14.04.2022 06:45,Suphan Buri,department of highways,motorcycle,speeding,rear-end collision,2,0,3,clear,14.81509394,99.64423387,straight road,no slope,2022-04-12T12:30:00Z
6122342,12.04.2022 19:32,19.04.2022 11:24,Chon Buri,department of highways,private/passenger car,speeding,rear-end collision,5,0,0,clear,13.41867501,101.0468441,straight road,no slope,2022-04-12T12:32:00Z
6122337,12.04.2022 19:33,19.04.2022 11:23,Chon Buri,department of highways,private/passenger car,speeding,rear-end collision,4,0,0,clear,13.40776398,101.0471794,straight road,no slope,2022-04-12T12:33:00Z
6566305,12.04.2022 19:33,13.04.2022 05:44,Uthai Thani,department of rural roads,motorcycle,driving under the influence of alcohol,other,2,0,1,clear,15.451067,99.843849,straight road,no slope,2022-04-12T12:33:00Z
6085611,12.04.2022 19:34,13.04.2022 05:41,Tak,department of highways,motorcycle,cutting in closely by people/vehicles/animals,rollover/fallen on straight road,1,0,1,clear,17.22717663,98.250432,straight road,no slope,2022-04-12T12:34:00Z
6085581,12.04.2022 19:40,13.04.2022 04:47,Chiang Mai,department of highways,motorcycle,speeding,rollover/fallen on straight road,1,0,1,clear,19.34809361,99.19932513,straight road,no slope,2022-04-12T12:40:00Z
6944254,12.04.2022 19:50,20.09.2022 12:38,Phitsanulok,department of highways,motorcycle,speeding,rollover/fallen on straight road,1,0,1,clear,17.25943045,100.5702934,straight road,no slope,2022-04-12T12:50:00Z
7331366,12.04.2022 19:50,13.04.2022 00:37,Ang Thong,department of highways,private/passenger car,speeding,rear-end collision,2,0,1,clear,14.55601182,100.4495752,straight road,no slope,2022-04-12T12:50:00Z
6085587,12.04.2022 20:00,13.04.2022 05:01,Phrae,department of highways,4-wheel pickup truck,speeding,rollover/fallen on straight road,1,0,0,clear,17.97264318,100.075407,straight road,no slope,2022-04-12T13:00:00Z
6085635,12.04.2022 20:00,13.04.2022 05:53,Si Sa Ket,department of highways,4-wheel pickup truck,speeding,rollover/fallen on straight road,1,0,2,clear,15.14867611,104.2207074,straight road,no slope,2022-04-12T13:00:00Z
6566279,12.04.2022 20:00,12.04.2022 22:55,Chai Nat,department of rural roads,4-wheel pickup truck,driving under the influence of alcohol,other,1,0,1,clear,15.076568,99.939272,straight road,no slope,2022-04-12T13:00:00Z
7414190,12.04.2022 20:00,25.11.2022 14:02,Chiang Mai,department of highways,motorcycle,speeding,rear-end collision,2,0,1,clear,18.91595664,98.94468962,straight road,no slope,2022-04-12T13:00:00Z
6085641,12.04.2022 20:20,13.04.2022 05:53,Kanchanaburi,department of highways,motorcycle,speeding,rollover/fallen on straight road,1,0,1,clear,13.94035662,99.76105212,straight road,no slope,2022-04-12T13:20:00Z
6085595,12.04.2022 20:25,13.04.2022 05:16,Phitsanulok,department of highways,motorcycle,cutting in closely by people/vehicles/animals,rear-end collision,2,0,2,clear,17.108721,100.8269593,straight road,no slope,2022-04-12T13:25:00Z
6084506,12.04.2022 20:30,12.04.2022 22:55,Nakhon Sawan,department of highways,private/passenger car,cutting in closely by people/vehicles/animals,rear-end collision,2,0,1,clear,15.44520306,100.1449755,connecting to public/commercial area,other,2022-04-12T13:30:00Z
6085640,12.04.2022 20:30,13.04.2022 05:51,Kanchanaburi,department of highways,private/passenger car,speeding,rollover/fallen on straight road,1,0,1,clear,14.08012475,99.74550335,straight road,no slope,2022-04-12T13:30:00Z
6085704,12.04.2022 20:30,13.04.2022 08:15,Nakhon Pathom,department of highways,motorcycle,speeding,rear-end collision,2,0,1,clear,13.79638822,100.3273469,other,other,2022-04-12T13:30:00Z
6566281,12.04.2022 20:30,12.04.2022 22:55,Chai Nat,department of rural roads,4-wheel pickup truck,speeding,other,3,0,0,clear,15.105996,99.983292,straight road,no slope,2022-04-12T13:30:00Z