acc_code,incident_datetime,report_datetime,province_en,agency,vehicle_type,presumed_cause,accident_type,number_of_vehicles_involved,number_of_fatalities,number_of_injuries,weather_condition,latitude,longitude,road_description,slope_description,incident_time
6566284,12.04.2022 20:30,13.04.2022 05:44,Phetchaburi,department of rural roads,motorcycle,cutting in closely by people/vehicles/animals,other,1,0,1,dark,13.286458,99.814589,straight road,no slope,2022-04-12T13:30:00Z
6566287,12.04.2022 20:30,13.04.2022 05:49,Chachoengsao,department of rural roads,motorcycle,cutting in closely by people/vehicles/animals,other,1,0,1,clear,13.589261,100.923833,straight road,no slope,2022-04-12T13:30:00Z
6085636,12.04.2022 20:40,13.04.2022 05:50,Mukdahan,department of highways,4-wheel pickup truck,speeding,rollover/fallen on straight road,1,0,1,clear,16.51779441,104.7346535,straight road,no slope,2022-04-12T13:40:00Z
7419436,12.04.2022 20:50,30.11.2022 13:35,Phayao,department of highways,van,speeding,rollover/fallen on straight road,1,0,1,clear,19.49003328,100.2689525,straight road,no slope,2022-04-12T13:50:00Z
6085728,12.04.2022 21:00,13.04.2022 08:49,Samut Prakan,department of highways,motorcycle,speeding,rear-end collision,2,0,1,clear,13.6600745,100.6643638,straight road,no slope,2022-04-12T14:00:00Z
6085766,12.04.2022 21:00,13.04.2022 08:54,Nonthaburi,department of highways,private/passenger car,speeding,rear-end collision,2,0,1,clear,13.94325398,100.4265296,straight road,no slope,2022-04-12T14:00:00Z
6086205,12.04.2022 21:00,13.04.2022 10:11,Samut Prakan,department of highways,private/passenger car,speeding,rear-end collision,6,0,0,clear,13.65758283,100.8631772,straight road,no slope,2022-04-12T14:00:00Z
6566290,12.04.2022 21:00,13.04.2022 06:11,Nong Khai,department of rural roads,motorcycle,speeding,other,3,1,0,clear,17.908004,102.903716,straight road,no slope,2022-04-12T14:00:00Z
6772085,12.04.2022 21:00,23.08.2022 14:51,Nong Bua Lam Phu,department of highways,4-wheel pickup truck,speeding,rear-end collision,3,0,3,clear,17.12178166,102.3985889,straight road,no slope,2022-04-12T14:00:00Z
7418709,12.04.2022 21:00,30.11.2022 10:28,Phayao,department of highways,4-wheel pickup truck,speeding,rollover/fallen on straight road,1,0,2,clear,19.15909876,99.96668099,straight road,no slope,2022-04-12T14:00:00Z
6123092,12.04.2022 21:20,19.04.2022 14:23,Narathiwat,department of highways,private/passenger car,driving under the influence of alcohol,rear-end collision,2,2,1,clear,6.252322732,102.0392695,straight road,no slope,2022-04-12T14:20:00Z
6085613,12.04.2022 21:25,13.04.2022 05:44,Nakhon Sawan,department of highways,motorcycle,speeding,rollover/fallen on straight road,1,0,1,clear,15.64670453,99.42559092,other,other,2022-04-12T14:25:00Z
6566301,12.04.2022 21:26,13.04.2022 13:43,Sa Kaeo,department of rural roads,motorcycle,driving under the influence of alcohol,other,1,0,1,clear,13.510751,102.125638,straight road,no slope,2022-04-12T14:26:00Z
6085585,12.04.2022 21:30,13.04.2022 04:58,Phrae,department of highways,4-wheel pickup truck,vehicle equipment failure,rollover/fallen on straight road,1,0,0,clear,18.01564057,99.71721678,straight road,no slope,2022-04-12T14:30:00Z
6086820,12.04.2022 21:30,13.04.2022 12:27,Prachin Buri,department of highways,private/passenger car,speeding,rear-end collision,3,0,0,clear,13.80429113,101.5452549,straight road,no slope,2022-04-12T14:30:00Z
6084639,12.04.2022 21:40,12.04.2022 23:23,Surat Thani,department of highways,6-wheel truck,speeding,rear-end collision,2,0,0,clear,9.570052186,99.12999003,straight road,no slope,2022-04-12T14:40:00Z
6085603,12.04.2022 21:40,13.04.2022 05:39,Saraburi,department of highways,motorcycle,speeding,rollover/fallen on straight road,1,0,2,clear,14.57965599,100.9665683,other,other,2022-04-12T14:40:00Z
6537570,12.04.2022 21:45,12.07.2022 08:59,Nong Bua Lam Phu,department of highways,private/passenger car,speeding,rollover/fallen on straight road,1,0,0,clear,17.30361754,102.1975735,straight road,no slope,2022-04-12T14:45:00Z
6086139,12.04.2022 22:00,13.04.2022 09:57,Satun,department of highways,private/passenger car,speeding,rear-end collision,2,1,3,clear,6.862716381,99.9950373,straight road,no slope,2022-04-12T15:00:00Z
6086796,12.04.2022 22:00,13.04.2022 12:21,Sa Kaeo,department of highways,motorcycle,speeding,rollover/fallen on straight road,1,0,1,clear,13.83720226,102.3750794,straight road,no slope,2022-04-12T15:00:00Z
6088446,12.04.2022 22:00,13.04.2022 18:17,Chiang Mai,department of highways,4-wheel pickup truck,speeding,rollover/fallen on straight road,1,0,1,clear,19.75088129,99.14647488,straight road,no slope,2022-04-12T15:00:00Z
6566308,12.04.2022 22:00,18.04.2022 13:52,Chiang Mai,department of rural roads,motorcycle,speeding,other,1,0,1,clear,18.653513,98.859837,straight road,no slope,2022-04-12T15:00:00Z
7511287,12.04.2022 22:08,27.12.2022 09:03,Samut Sakhon,department of highways,motorcycle,speeding,pedestrian collision,1,1,0,clear,13.58287253,100.2778146,wide curve,no slope,2022-04-12T15:08:00Z
6086186,12.04.2022 22:20,13.04.2022 10:09,Lampang,department of highways,motorcycle,speeding,rollover/fallen on straight road,1,1,0,clear,18.30023896,99.52241598,straight road,no slope,2022-04-12T15:20:00Z
6086701,12.04.2022 22:20,13.04.2022 12:04,Phra Nakhon Si Ayutthaya,department of highways,4-wheel pickup truck,speeding,rear-end collision,4,0,0,clear,14.13977483,100.5693331,straight road,no slope,2022-04-12T15:20:00Z
6085586,12.04.2022 22:45,13.04.2022 04:59,Phrae,department of highways,4-wheel pickup truck,speeding,rollover/fallen on curved road,1,0,0,clear,18.03763904,99.69937204,wide curve,slope area,2022-04-12T15:45:00Z
6085604,12.04.2022 23:30,13.04.2022 05:37,Nakhon Si Thammarat,department of highways,4-wheel pickup truck,speeding,rollover/fallen on straight road,1,0,0,clear,8.320772277,99.46014314,straight road,no slope,2022-04-12T16:30:00Z
6091715,12.04.2022 23:30,14.04.2022 06:04,Nakhon Ratchasima,department of highways,private/passenger car,speeding,pedestrian collision,1,1,0,clear,14.86773925,101.7184022,straight road,no slope,2022-04-12T16:30:00Z
6087222,12.04.2022 23:31,13.04.2022 13:51,Phra Nakhon Si Ayutthaya,department of highways,motorcycle,speeding,rear-end collision,2,0,2,clear,14.20145048,100.5722245,straight road,no slope,2022-04-12T16:31:00Z
6091681,12.04.2022 23:42,14.04.2022 05:58,Pathum Thani,department of highways,4-wheel pickup truck,speeding,rear-end collision,2,2,0,clear,14.05024312,100.8168635,straight road,no slope,2022-04-12T16:42:00Z
7414746,12.04.2022 23:54,29.11.2022 11:12,Phatthalung,department of highways,motorcycle,speeding,rollover/fallen on straight road,1,0,0,clear,7.77747782,100.1171636,other,other,2022-04-12T16:54:00Z
6566354,13.04.2022 00:00,18.04.2022 13:53,Phra Nakhon Si Ayutthaya,department of rural roads,motorcycle,cutting in closely by people/vehicles/animals,other,1,0,1,clear,14.273638,100.483162,straight road,no slope,2022-04-12T17:00:00Z
7512344,13.04.2022 00:00,27.12.2022 14:14,Lampang,department of highways,private/passenger car,falling asleep,rollover/fallen on straight road,1,0,1,clear,18.27816912,99.49915318,straight road,no slope,2022-04-12T17:00:00Z
6086706,13.04.2022 00:05,13.04.2022 12:04,Lampang,department of highways,large truck with trailer,speeding,rollover/fallen on curved road,1,0,0,clear,18.83105293,99.94882284,wide curve,no slope,2022-04-12T17:05:00Z
6566303,13.04.2022 00:05,13.04.2022 13:37,Rayong,department of rural roads,motorcycle,dangerous curve,other,1,1,0,dark,12.706782,101.241354,wide curve,no slope,2022-04-12T17:05:00Z
6092606,13.04.2022 00:20,14.04.2022 09:38,Uthai Thani,department of highways,private/passenger car,speeding,rollover/fallen on curved road,1,0,0,clear,15.17807222,99.69750522,wide curve,no slope,2022-04-12T17:20:00Z
6093466,13.04.2022 00:20,14.04.2022 13:00,Buri Ram,department of highways,pedestrian,speeding,pedestrian collision,1,0,1,clear,14.63329244,102.7985734,straight road,no slope,2022-04-12T17:20:00Z
6091825,13.04.2022 00:30,14.04.2022 06:23,Nakhon Ratchasima,department of highways,motorcycle,speeding,rollover/fallen on straight road,1,0,1,clear,14.64338237,101.4086634,straight road,no slope,2022-04-12T17:30:00Z
6091933,13.04.2022 00:30,14.04.2022 06:43,Rayong,department of highways,4-wheel pickup truck,speeding,collision at intersection corner,2,0,1,clear,12.90234172,101.2448501,other,other,2022-04-12T17:30:00Z
6122263,13.04.2022 00:30,19.04.2022 11:01,Chiang Mai,department of highways,4-wheel pickup truck,speeding,rollover/fallen on straight road,1,0,0,clear,19.82684813,99.16949628,straight road,no slope,2022-04-12T17:30:00Z
7290427,13.04.2022 00:30,11.11.2022 09:53,Phitsanulok,department of highways,4-wheel pickup truck,falling asleep,rollover/fallen on straight road,1,0,2,clear,16.89151374,100.645709,straight road,no slope,2022-04-12T17:30:00Z
7414163,13.04.2022 00:30,25.11.2022 13:52,Chiang Mai,department of highways,private/passenger car,speeding,rear-end collision,2,0,0,clear,18.90157682,98.95021497,straight road,no slope,2022-04-12T17:30:00Z
6107971,13.04.2022 01:00,16.04.2022 20:48,Nakhon Ratchasima,department of highways,van,speeding,rear-end collision,2,0,1,clear,15.03945673,102.1474671,straight road,no slope,2022-04-12T18:00:00Z
6593040,13.04.2022 01:00,25.07.2022 08:42,Mukdahan,department of highways,private/passenger car,speeding,rollover/fallen on straight road,1,0,0,clear,16.54928008,104.3842336,straight road,no slope,2022-04-12T18:00:00Z
6566333,13.04.2022 01:20,18.04.2022 13:57,Chiang Mai,department of rural roads,motorcycle,driving under the influence of alcohol,other,1,1,0,clear,19.91427,99.183341,straight road,no slope,2022-04-12T18:20:00Z
6091399,13.04.2022 01:45,14.04.2022 04:50,Chiang Mai,department of highways,motorcycle,speeding,rollover/fallen on straight road,1,0,1,clear,19.85265345,99.17439132,straight road,no slope,2022-04-12T18:45:00Z
6086727,13.04.2022 02:00,13.04.2022 12:05,Lampang,department of highways,private/passenger car,speeding,rollover/fallen on straight road,1,0,1,clear,18.25860545,99.49497967,straight road,no slope,2022-04-12T19:00:00Z
6091856,13.04.2022 02:00,14.04.2022 06:27,Chon Buri,department of highways,motorcycle,cutting in closely by people/vehicles/animals,side collision,2,1,0,clear,13.45921783,101.0486466,other,other,2022-04-12T19:00:00Z
6566327,13.04.2022 02:16,13.04.2022 21:42,Samut Sakhon,department of rural roads,motorcycle,driving under the influence of alcohol,other,2,1,0,clear,13.662462,100.313336,straight road,no slope,2022-04-12T19:16:00Z
6220069,13.04.2022 02:59,17.05.2022 13:48,Sakon Nakhon,department of highways,4-wheel pickup truck,falling asleep,rollover/fallen on straight road,1,0,0,clear,17.3763278,103.7936675,straight road,no slope,2022-04-12T19:59:00Z
6086910,13.04.2022 03:00,13.04.2022 12:47,Pathum Thani,department of highways,private/passenger car,speeding,collision with obstruction (on road surface),2,0,0,clear,13.96118657,100.5133179,straight road,no slope,2022-04-12T20:00:00Z
6110699,13.04.2022 03:20,17.04.2022 09:43,buogkan,department of highways,4-wheel pickup truck,speeding,rollover/fallen on straight road,1,0,0,clear,18.11677248,103.3973899,straight road,no slope,2022-04-12T20:20:00Z
6094630,13.04.2022 04:00,14.04.2022 17:34,Nonthaburi,department of highways,6-wheel truck,speeding,rear-end collision,2,0,1,clear,13.97418546,100.3359568,straight road,no slope,2022-04-12T21:00:00Z
6805158,13.04.2022 04:00,29.08.2022 09:43,Khon Kaen,department of highways,4-wheel pickup truck,falling asleep,rollover/fallen on straight road,1,0,1,clear,16.76395729,102.8137976,straight road,no slope,2022-04-12T21:00:00Z
6091636,13.04.2022 04:15,14.04.2022 05:50,Phatthalung,department of highways,4-wheel pickup truck,falling asleep,rollover/fallen on straight road,1,0,2,clear,7.735853435,99.95661466,straight road,no slope,2022-04-12T21:15:00Z
7560788,13.04.2022 04:30,16.01.2023 14:00,Bangkok,department of highways,private/passenger car,falling asleep,rear-end collision,2,0,0,clear,13.82856225,100.5577697,other,other,2022-04-12T21:30:00Z
6735624,13.04.2022 05:00,17.08.2022 14:28,Chachoengsao,department of highways,4-wheel pickup truck,falling asleep,rollover/fallen on straight road,1,0,1,clear,13.68345742,101.0797655,straight road,no slope,2022-04-12T22:00:00Z
6902596,13.04.2022 05:00,14.09.2022 09:23,Khon Kaen,department of highways,private/passenger car,speeding,rollover/fallen on straight road,1,0,1,clear,16.23684854,102.7688062,straight road,no slope,2022-04-12T22:00:00Z
7554563,13.04.2022 05:00,9.01.2023 13:26,Trat,department of highways,4-wheel pickup truck,falling asleep,head-on collision (not overtaking),2,0,1,clear,12.18912702,102.4565112,straight road,no slope,2022-04-12T22:00:00Z
6091882,13.04.2022 05:14,14.04.2022 06:30,Rayong,department of highways,4-wheel pickup truck,speeding,rollover/fallen on straight road,1,0,0,clear,12.78057636,101.818926,straight road,no slope,2022-04-12T22:14:00Z
6950215,13.04.2022 05:20,21.09.2022 10:59,Nonthaburi,department of highways,motorcycle,speeding,rollover/fallen on straight road,1,1,1,clear,13.85974199,100.4113644,straight road,no slope,2022-04-12T22:20:00Z
6086959,13.04.2022 06:00,13.04.2022 12:58,Prachuap Khiri Khan,department of highways,other,speeding,pedestrian collision,1,1,0,clear,11.95855546,99.83082174,straight road,no slope,2022-04-12T23:00:00Z
6566352,13.04.2022 06:00,18.04.2022 13:58,Phatthalung,department of rural roads,motorcycle,speeding,other,1,0,1,clear,7.399433,100.051392,straight road,no slope,2022-04-12T23:00:00Z
6091584,13.04.2022 06:10,14.04.2022 05:42,Tak,department of highways,4-wheel pickup truck,falling asleep,rollover/fallen on straight road,1,0,0,clear,17.33946549,99.15083616,straight road,no slope,2022-04-12T23:10:00Z
6101763,13.04.2022 06:10,15.04.2022 20:36,Uthai Thani,department of highways,motorcycle,falling asleep,rollover/fallen on straight road,1,1,0,clear,15.34651779,100.0605395,straight road,no slope,2022-04-12T23:10:00Z
6566360,13.04.2022 06:16,13.04.2022 14:02,Udon Thani,department of rural roads,private/passenger car,unfamiliarity with the route/unskilled driving,other,1,1,0,clear,17.646559,102.937214,straight road,no slope,2022-04-12T23:16:00Z
6566361,13.04.2022 06:30,18.04.2022 13:59,Pattani,department of rural roads,motorcycle,cutting in closely by people/vehicles/animals,other,1,0,1,clear,6.726097,101.09606,straight road,no slope,2022-04-12T23:30:00Z
6091613,13.04.2022 06:33,14.04.2022 05:45,Phetchabun,department of highways,private/passenger car,speeding,rollover/fallen on straight road,1,0,4,clear,16.46501966,101.1236572,other,other,2022-04-12T23:33:00Z
6566330,13.04.2022 06:50,18.04.2022 13:59,Nong Khai,department of rural roads,motorcycle,speeding,other,1,0,1,clear,18.197358,103.267162,straight road,no slope,2022-04-12T23:50:00Z
6086961,13.04.2022 07:00,13.04.2022 12:59,Prachuap Khiri Khan,department of highways,4-wheel pickup truck,vehicle equipment failure,collision with obstruction (on road surface),3,0,0,clear,12.38813123,99.90269421,straight road,no slope,2022-04-13T00:00:00Z
7331371,13.04.2022 07:15,13.04.2022 18:52,Phayao,department of highways,private/passenger car,cutting in closely by people/vehicles/animals,rear-end collision,2,1,0,clear,19.26438105,99.85730855,straight road,no slope,2022-04-13T00:15:00Z
6086822,13.04.2022 07:21,13.04.2022 12:27,Prachuap Khiri Khan,department of highways,motorcycle,falling asleep,rollover/fallen on straight road,1,0,2,clear,12.26334073,99.86963867,straight road,no slope,2022-04-13T00:21:00Z
6183698,13.04.2022 07:30,11.05.2022 09:29,Roi Et,department of highways,motorcycle,speeding,rear-end collision,2,0,1,clear,15.65025587,103.7792507,straight road,no slope,2022-04-13T00:30:00Z
6121441,13.04.2022 07:50,19.04.2022 07:16,Suphan Buri,department of highways,motorcycle,speeding,rollover/fallen on straight road,1,0,1,clear,14.71413113,100.1053861,straight road,no slope,2022-04-13T00:50:00Z
6091634,13.04.2022 08:00,14.04.2022 05:53,Kalasin,department of highways,private/passenger car,speeding,rollover/fallen on straight road,1,0,2,clear,16.67940306,103.7338114,straight road,no slope,2022-04-13T01:00:00Z
6107831,13.04.2022 08:00,16.04.2022 20:24,Mukdahan,department of highways,motorcycle,speeding,rear-end collision,2,0,1,clear,16.52964617,104.6934816,straight road,no slope,2022-04-13T01:00:00Z
6566334,13.04.2022 08:20,18.04.2022 14:00,Chiang Mai,department of rural roads,motorcycle,driving under the influence of alcohol,other,1,0,1,clear,20.02386,99.382051,straight road,no slope,2022-04-13T01:20:00Z
6115481,13.04.2022 08:40,18.04.2022 06:37,Buri Ram,department of highways,motorized tricycle,cutting in closely by people/vehicles/animals,rear-end collision,2,0,2,clear,14.33630534,102.7573746,straight road,no slope,2022-04-13T01:40:00Z
6086274,13.04.2022 08:41,13.04.2022 10:27,Bangkok,department of highways,4-wheel pickup truck,speeding,rear-end collision,4,0,0,clear,13.88847663,100.6884929,straight road,no slope,2022-04-13T01:41:00Z
6086863,13.04.2022 08:45,13.04.2022 12:39,Sing Buri,department of highways,motorcycle,cutting in closely by people/vehicles/animals,rear-end collision,2,0,1,clear,14.84172543,100.3649622,other,other,2022-04-13T01:45:00Z
6086276,13.04.2022 08:50,13.04.2022 10:29,Chumphon,department of highways,private/passenger car,speeding,rollover/fallen on straight road,1,0,0,clear,10.72387913,99.20581876,straight road,no slope,2022-04-13T01:50:00Z
6087091,13.04.2022 09:05,13.04.2022 13:20,Chanthaburi,department of highways,motorcycle,cutting in closely by people/vehicles/animals,head-on collision (not overtaking),2,0,1,clear,12.61141661,102.1364218,straight road,no slope,2022-04-13T02:05:00Z
6086705,13.04.2022 09:10,13.04.2022 12:04,Bangkok,department of highways,4-wheel pickup truck,speeding,rear-end collision,2,0,0,clear,13.78716696,100.3684652,straight road,no slope,2022-04-13T02:10:00Z
6091982,13.04.2022 09:15,14.04.2022 06:51,Samut Sakhon,department of highways,4-wheel pickup truck,speeding,rear-end collision,2,1,0,clear,13.55789171,100.2715918,straight road,no slope,2022-04-13T02:15:00Z
6086550,13.04.2022 09:20,13.04.2022 11:31,Sing Buri,department of highways,motorcycle,cutting in closely by people/vehicles/animals,rear-end collision,2,0,2,clear,14.79066352,100.4578712,other,other,2022-04-13T02:20:00Z
6566355,13.04.2022 09:28,14.04.2022 10:59,buogkan,department of rural roads,motorcycle,speeding,other,1,0,1,clear,17.986037,103.912917,straight road,no slope,2022-04-13T02:28:00Z
6092150,13.04.2022 09:54,14.04.2022 07:32,Chon Buri,department of highways,4-wheel pickup truck,speeding,rear-end collision,2,0,0,clear,12.98345351,100.9865883,straight road,no slope,2022-04-13T02:54:00Z
6087410,13.04.2022 10:00,13.04.2022 14:37,Kanchanaburi,department of highways,4-wheel pickup truck,speeding,rollover/fallen on straight road,1,0,1,clear,14.52506135,99.4762203,straight road,no slope,2022-04-13T03:00:00Z
6104806,13.04.2022 10:00,16.04.2022 07:59,Phitsanulok,department of highways,motorcycle,speeding,rear-end collision,2,0,1,clear,16.70539548,100.4998183,straight road,no slope,2022-04-13T03:00:00Z
6134481,13.04.2022 10:00,21.04.2022 14:51,Kamphaeng Phet,department of highways,4-wheel pickup truck,speeding,rollover/fallen on straight road,1,0,1,clear,16.47987623,99.60016249,straight road,no slope,2022-04-13T03:00:00Z
6566357,13.04.2022 10:00,14.04.2022 11:07,Chiang Mai,department of rural roads,passenger pickup truck,speeding,other,1,0,0,clear,18.633053,98.839893,straight road,no slope,2022-04-13T03:00:00Z
7413897,13.04.2022 10:00,28.11.2022 08:53,Chiang Mai,department of highways,private/passenger car,speeding,rear-end collision,2,0,0,clear,19.02512621,98.94472985,straight road,no slope,2022-04-13T03:00:00Z
7425055,13.04.2022 10:00,2.12.2022 13:58,Ang Thong,department of highways,motorcycle,speeding,rear-end collision,2,0,1,clear,14.65926372,100.4104659,other,other,2022-04-13T03:00:00Z
6086888,13.04.2022 10:10,13.04.2022 12:44,Phra Nakhon Si Ayutthaya,department of highways,4-wheel pickup truck,speeding,rollover/fallen on straight road,1,0,2,clear,14.42847461,100.554927,straight road,no slope,2022-04-13T03:10:00Z
6122771,13.04.2022 10:18,19.04.2022 13:11,Surat Thani,department of highways,4-wheel pickup truck,speeding,rollover/fallen on straight road,1,0,1,clear,8.82270338,98.83466809,straight road,no slope,2022-04-13T03:18:00Z
6086526,13.04.2022 10:20,13.04.2022 11:21,Phetchaburi,department of highways,private/passenger car,speeding,rear-end collision,2,0,0,clear,13.17456727,99.83826755,straight road,no slope,2022-04-13T03:20:00Z
6092152,13.04.2022 10:28,14.04.2022 07:30,Chon Buri,department of highways,private/passenger car,speeding,rear-end collision,2,0,0,clear,12.99375103,100.9902173,straight road,no slope,2022-04-13T03:28:00Z
6087008,13.04.2022 10:30,13.04.2022 13:09,Nakhon Si Thammarat,department of highways,4-wheel pickup truck,speeding,rollover/fallen on straight road,1,0,1,clear,8.155206491,99.73164974,straight road,no slope,2022-04-13T03:30:00Z
6090029,13.04.2022 10:30,13.04.2022 23:18,Krabi,department of highways,motorized tricycle,speeding,rear-end collision,2,0,1,clear,7.908332952,99.14970426,straight road,no slope,2022-04-13T03:30:00Z
6091582,13.04.2022 10:30,14.04.2022 05:44,Tak,department of highways,motorcycle,cutting in closely by people/vehicles/animals,head-on collision (not overtaking),2,0,3,clear,16.8517726,99.14552002,connecting to private area,other,2022-04-13T03:30:00Z
6091876,13.04.2022 10:30,14.04.2022 06:32,Nakhon Sawan,department of highways,4-wheel pickup truck,cutting in closely by people/vehicles/animals,rear-end collision,2,0,0,clear,15.63852717,100.0991097,wide curve,slope area,2022-04-13T03:30:00Z
6091400,13.04.2022 10:35,14.04.2022 04:51,Chiang Mai,department of highways,motorcycle,speeding,rollover/fallen on straight road,1,0,1,clear,19.87459527,99.18821006,straight road,no slope,2022-04-13T03:35:00Z
6091901,13.04.2022 10:45,14.04.2022 06:37,Buri Ram,department of highways,private/passenger car,speeding,rollover/fallen on straight road,1,0,0,clear,14.62495389,102.8732729,straight road,no slope,2022-04-13T03:45:00Z
7331376,13.04.2022 10:50,16.04.2022 20:23,Mukdahan,department of highways,motorcycle,cutting in closely by people/vehicles/animals,rear-end collision,2,0,1,clear,16.50980197,104.7243297,other,other,2022-04-13T03:50:00Z
6087067,13.04.2022 11:00,13.04.2022 13:15,Nakhon Si Thammarat,department of highways,motorized tricycle,speeding,rear-end collision,2,0,2,clear,8.153249689,99.73758547,straight road,no slope,2022-04-13T04:00:00Z
6088272,13.04.2022 11:00,13.04.2022 17:42,Rayong,department of highways,7-10-wheel truck,speeding,rollover/fallen on straight road,1,0,1,rainy,12.78474322,101.1603606,straight road,no slope,2022-04-13T04:00:00Z
6091402,13.04.2022 11:00,14.04.2022 04:54,Chiang Mai,department of highways,motorcycle,failure to yield/signal,rear-end collision,2,0,1,clear,19.95267623,99.23745541,other,other,2022-04-13T04:00:00Z
6091878,13.04.2022 11:00,14.04.2022 06:30,Sing Buri,department of highways,motorcycle,cutting in closely by people/vehicles/animals,rear-end collision,2,0,1,clear,14.8825751,100.3294819,straight road,no slope,2022-04-13T04:00:00Z
6091651,13.04.2022 11:10,14.04.2022 05:52,Nakhon Si Thammarat,department of highways,motorcycle,speeding,rear-end collision,3,0,1,clear,8.15997234,99.72412078,other,other,2022-04-13T04:10:00Z
6566364,13.04.2022 11:20,18.04.2022 14:01,Nakhon Pathom,department of rural roads,motorcycle,driving under the influence of alcohol,other,1,0,1,clear,13.814616,100.226862,straight road,no slope,2022-04-13T04:20:00Z
6918638,13.04.2022 11:20,16.09.2022 14:09,Ubon Ratchathani,department of highways,4-wheel pickup truck,cutting in closely by people/vehicles/animals,rear-end collision,2,0,2,clear,15.44631992,104.5207098,straight road,no slope,2022-04-13T04:20:00Z
6122497,13.04.2022 11:30,19.04.2022 12:00,Udon Thani,department of highways,4-wheel pickup truck,speeding,rear-end collision,2,0,0,clear,17.52001187,102.799083,straight road,no slope,2022-04-13T04:30:00Z
6091763,13.04.2022 11:45,14.04.2022 06:07,Surat Thani,department of highways,motorcycle,speeding,head-on collision (not overtaking),2,0,1,clear,9.550593241,100.0353187,straight road,no slope,2022-04-13T04:45:00Z
6121956,13.04.2022 11:55,19.04.2022 09:46,Saraburi,department of highways,private/passenger car,speeding,rear-end collision,2,1,0,clear,14.5816989,100.9676117,wide curve,no slope,2022-04-13T04:55:00Z
6089817,13.04.2022 12:00,13.04.2022 22:42,Khon Kaen,department of highways,motorcycle,speeding,head-on collision (not overtaking),2,1,0,clear,16.70969338,102.9216465,wide curve,no slope,2022-04-13T05:00:00Z
6091638,13.04.2022 12:00,14.04.2022 05:53,Kalasin,department of highways,motorcycle,speeding,collision at intersection corner,3,0,1,clear,16.73303857,103.6764791,other,other,2022-04-13T05:00:00Z
6091955,13.04.2022 12:00,14.04.2022 06:49,Bangkok,department of highways,private/passenger car,speeding,rear-end collision,2,0,0,clear,13.83980662,100.575462,other,other,2022-04-13T05:00:00Z
6101529,13.04.2022 12:00,15.04.2022 19:54,Sing Buri,department of highways,motorcycle,speeding,rear-end collision,2,0,2,clear,14.92302827,100.2661282,straight road,no slope,2022-04-13T05:00:00Z
6680113,13.04.2022 12:00,8.08.2022 10:05,Chachoengsao,department of highways,private/passenger car,speeding,rear-end collision,6,0,2,clear,13.58789392,100.9522158,straight road,no slope,2022-04-13T05:00:00Z
7414485,13.04.2022 12:00,28.11.2022 14:46,Chiang Mai,department of highways,motorcycle,speeding,rollover/fallen on curved road,1,0,1,clear,18.8487971,98.56365769,sharp curve,slope area,2022-04-13T05:00:00Z
7563149,13.04.2022 12:00,18.01.2023 14:41,Chumphon,department of highways,motorcycle,speeding,head-on collision (not overtaking),2,0,1,clear,10.50182934,99.1445571,other,other,2022-04-13T05:00:00Z
6088251,13.04.2022 12:05,13.04.2022 17:39,Rayong,department of highways,private/passenger car,speeding,rollover/fallen on straight road,1,0,0,rainy,12.79383527,101.1529174,straight road,no slope,2022-04-13T05:05:00Z
6088477,13.04.2022 12:10,13.04.2022 18:24,Lamphun,department of highways,motorcycle,speeding,rear-end collision,2,0,1,clear,18.51226968,99.09539221,straight road,no slope,2022-04-13T05:10:00Z
6091850,13.04.2022 12:20,14.04.2022 06:29,Chon Buri,department of highways,private/passenger car,failure to yield/signal,rear-end collision,3,0,0,clear,13.11145734,101.3757098,straight road,no slope,2022-04-13T05:20:00Z
6566320,13.04.2022 12:20,14.04.2022 05:59,Phetchaburi,department of rural roads,motorcycle,speeding,other,1,0,1,clear,12.905934,99.92263,straight road,no slope,2022-04-13T05:20:00Z
6091903,13.04.2022 12:30,14.04.2022 06:36,Chon Buri,department of highways,private/passenger car,speeding,rear-end collision,2,0,0,clear,13.4030545,100.9885248,straight road,no slope,2022-04-13T05:30:00Z
6091923,13.04.2022 12:30,14.04.2022 06:44,Bangkok,department of highways,private/passenger car,speeding,rear-end collision,2,0,0,clear,13.78548156,100.3877422,straight road,no slope,2022-04-13T05:30:00Z
6289621,13.04.2022 12:30,1.06.2022 13:39,Sukhothai,department of highways,motorcycle,speeding,rollover/fallen on curved road,1,0,1,clear,16.80643087,99.78658675,wide curve,no slope,2022-04-13T05:30:00Z
6121456,13.04.2022 12:40,19.04.2022 07:21,Surin,department of highways,motorcycle,cutting in closely by people/vehicles/animals,head-on collision (not overtaking),2,0,1,clear,14.99147572,103.7908003,connecting to public/commercial area,other,2022-04-13T05:40:00Z
6089967,13.04.2022 12:45,13.04.2022 23:10,Surin,department of highways,private/passenger car,speeding,head-on collision (not overtaking),2,0,1,clear,14.99252504,103.7910846,other,other,2022-04-13T05:45:00Z
6091384,13.04.2022 13:00,14.04.2022 04:46,Lampang,department of highways,motorcycle,falling asleep,rollover/fallen on straight road,1,1,0,clear,17.86543964,99.333508,straight road,no slope,2022-04-13T06:00:00Z
6091669,13.04.2022 13:00,14.04.2022 05:57,Phatthalung,department of highways,private/passenger car,speeding,rear-end collision,3,0,0,clear,7.715507496,99.98799114,other,other,2022-04-13T06:00:00Z