acc_code,incident_datetime,report_datetime,province_en,agency,vehicle_type,presumed_cause,accident_type,number_of_vehicles_involved,number_of_fatalities,number_of_injuries,weather_condition,latitude,longitude,road_description,slope_description,incident_time
6096602,14.04.2022 17:16,15.04.2022 00:03,Nakhon Sawan,department of highways,4-wheel pickup truck,other,rear-end collision,2,0,4,clear,15.59229806,100.3758493,straight road,no slope,2022-04-14T10:16:00Z
6098125,14.04.2022 17:20,15.04.2022 05:52,Tak,department of highways,private/passenger car,speeding,rear-end collision,2,0,1,clear,16.70135439,98.53762148,straight road,no slope,2022-04-14T10:20:00Z
6566415,14.04.2022 17:20,15.04.2022 14:08,Lampang,department of rural roads,motorcycle,driving under the influence of alcohol,other,1,1,0,clear,17.890048,99.32884,straight road,no slope,2022-04-14T10:20:00Z
7331399,14.04.2022 17:30,14.04.2022 21:44,Krabi,department of highways,van,failure to yield right of way,rear-end collision,2,0,1,clear,8.083053376,98.86519699,other,other,2022-04-14T10:30:00Z
7331402,14.04.2022 17:30,15.04.2022 06:40,Loburi,department of highways,private/passenger car,speeding,rear-end collision,7,0,21,clear,15.07825643,100.9968853,other,other,2022-04-14T10:30:00Z
6098353,14.04.2022 17:37,15.04.2022 06:52,Nakhon Si Thammarat,department of highways,private/passenger car,cutting in closely by people/vehicles/animals,rear-end collision,2,0,1,clear,8.186986594,99.48934703,straight road,no slope,2022-04-14T10:37:00Z
6566411,14.04.2022 17:40,15.04.2022 12:36,Loburi,department of rural roads,motorcycle,speeding,other,1,0,1,clear,15.01772,101.169846,straight road,no slope,2022-04-14T10:40:00Z
7567546,14.04.2022 17:40,23.01.2023 17:25,Rayong,department of highways,motorcycle,speeding,rear-end collision,2,0,0,clear,12.92583441,101.270484,straight road,no slope,2022-04-14T10:40:00Z
6098339,14.04.2022 17:45,15.04.2022 06:44,Phatthalung,department of highways,4-wheel pickup truck,speeding,rollover/fallen on straight road,1,0,3,rainy,7.218609685,100.1971283,straight road,no slope,2022-04-14T10:45:00Z
6171577,14.04.2022 17:45,9.05.2022 13:45,Sukhothai,department of highways,private/passenger car,speeding,rollover/fallen on straight road,1,0,0,clear,17.01295933,99.83547269,straight road,no slope,2022-04-14T10:45:00Z
6171371,14.04.2022 17:50,9.05.2022 13:11,Tak,department of highways,motorcycle,cutting in closely by people/vehicles/animals,rollover/fallen on straight road,1,0,1,clear,16.88213812,99.13631199,straight road,no slope,2022-04-14T10:50:00Z
6098218,14.04.2022 18:00,15.04.2022 06:12,Suphan Buri,department of highways,motorcycle,speeding,rollover/fallen on straight road,1,0,1,clear,14.27164081,100.0046503,straight road,no slope,2022-04-14T11:00:00Z
6123034,14.04.2022 18:00,19.04.2022 14:06,Nan,department of highways,motorcycle,speeding,head-on collision (not overtaking),3,2,1,clear,18.84302728,100.6554937,wide curve,slope area,2022-04-14T11:00:00Z
6107944,14.04.2022 18:08,16.04.2022 20:42,Nakhon Ratchasima,department of highways,motorcycle,cutting in closely by people/vehicles/animals,rear-end collision,2,0,3,clear,14.98900915,102.6527041,straight road,no slope,2022-04-14T11:08:00Z
6098092,14.04.2022 18:10,15.04.2022 05:47,Saraburi,department of highways,private/passenger car,speeding,rear-end collision,3,1,1,clear,14.72305256,100.8020872,straight road,no slope,2022-04-14T11:10:00Z
6289212,14.04.2022 18:20,1.06.2022 11:54,Khon Kaen,department of highways,private/passenger car,speeding,rollover/fallen on straight road,1,0,1,rainy,16.66884014,102.30984,wide curve,slope area,2022-04-14T11:20:00Z
6566430,14.04.2022 18:28,15.04.2022 14:08,Nakhon Pathom,department of rural roads,motorcycle,driving under the influence of alcohol,other,1,1,0,clear,13.835758,100.024676,straight road,no slope,2022-04-14T11:28:00Z
6097829,14.04.2022 18:30,15.04.2022 04:50,Chiang Mai,department of highways,private/passenger car,speeding,head-on collision (not overtaking),2,0,4,clear,18.22695658,98.56632112,straight road,no slope,2022-04-14T11:30:00Z
6107920,14.04.2022 18:30,16.04.2022 20:35,Buri Ram,department of highways,4-wheel pickup truck,running red lights/traffic signals,collision at intersection corner,4,0,3,clear,14.63326389,102.7999037,other,other,2022-04-14T11:30:00Z
6566421,14.04.2022 18:30,15.04.2022 15:25,Yasothon,department of rural roads,motorcycle,speeding,other,1,0,1,clear,15.725677,104.395134,wide curve,no slope,2022-04-14T11:30:00Z
6095784,14.04.2022 18:35,14.04.2022 21:47,Krabi,department of highways,motorcycle,speeding,rollover/fallen on straight road,1,0,1,clear,7.951050468,99.16283904,straight road,no slope,2022-04-14T11:35:00Z
6098102,14.04.2022 18:40,15.04.2022 05:49,Tak,department of highways,motorcycle,speeding,rollover/fallen on curved road,1,0,1,clear,17.19475064,98.32836627,wide curve,no slope,2022-04-14T11:40:00Z
6918493,14.04.2022 18:45,16.09.2022 13:40,buogkan,department of highways,private/passenger car,speeding,rear-end collision,2,0,1,foggy,18.08465934,103.4954515,straight road,no slope,2022-04-14T11:45:00Z
6680100,14.04.2022 18:51,8.08.2022 10:03,Chon Buri,department of highways,private/passenger car,speeding,rollover/fallen on straight road,1,0,0,clear,13.08153963,100.9925079,straight road,no slope,2022-04-14T11:51:00Z
6096162,14.04.2022 19:00,14.04.2022 22:48,Trang,department of highways,6-wheel truck,failure to yield right of way,rear-end collision,2,0,1,clear,7.547278026,99.37363385,other,other,2022-04-14T12:00:00Z
6098214,14.04.2022 19:00,15.04.2022 06:14,Uthai Thani,department of highways,motorcycle,speeding,collision at intersection corner,2,0,1,clear,15.59948782,99.58396731,other,other,2022-04-14T12:00:00Z
6104427,14.04.2022 19:00,16.04.2022 06:23,Mukdahan,department of highways,4-wheel pickup truck,speeding,rollover/fallen on straight road,1,0,1,clear,16.56978093,104.6980145,straight road,no slope,2022-04-14T12:00:00Z
6566420,14.04.2022 19:00,15.04.2022 15:24,Kalasin,department of rural roads,private/passenger car,tailgating,other,2,1,1,clear,16.711813,103.455106,straight road,no slope,2022-04-14T12:00:00Z
6950177,14.04.2022 19:00,21.09.2022 10:49,Nonthaburi,department of highways,motorcycle,speeding,rollover/fallen on straight road,1,0,1,clear,13.85240868,100.4118821,straight road,no slope,2022-04-14T12:00:00Z
6098341,14.04.2022 19:15,15.04.2022 06:43,Phatthalung,department of highways,motorcycle,speeding,rollover/fallen on curved road,1,0,1,rainy,7.883441582,99.82809393,wide curve,no slope,2022-04-14T12:15:00Z
6107798,14.04.2022 19:20,16.04.2022 20:18,Mukdahan,department of highways,4-wheel pickup truck,speeding,rear-end collision,4,0,3,clear,16.60731389,104.719263,other,other,2022-04-14T12:20:00Z
6566394,14.04.2022 19:25,18.04.2022 14:08,Saraburi,department of rural roads,motorcycle,driving under the influence of alcohol,other,1,0,1,clear,14.869401,101.173271,wide curve,no slope,2022-04-14T12:25:00Z
6095763,14.04.2022 19:30,14.04.2022 21:40,Rayong,department of highways,private/passenger car,speeding,rollover/fallen on straight road,1,0,0,clear,12.75360909,101.1910826,straight road,no slope,2022-04-14T12:30:00Z
6099099,14.04.2022 19:30,15.04.2022 10:33,Nonthaburi,department of highways,private/passenger car,speeding,rear-end collision,2,0,1,clear,13.87666552,100.4510182,straight road,no slope,2022-04-14T12:30:00Z
6107893,14.04.2022 19:30,16.04.2022 20:31,Nakhon Ratchasima,department of highways,private/passenger car,speeding,pedestrian collision,1,1,0,clear,14.66341292,101.4118525,straight road,no slope,2022-04-14T12:30:00Z
6289315,14.04.2022 19:30,1.06.2022 12:15,Maha Sarakham,department of highways,4-wheel pickup truck,driving under the influence of alcohol,collision with obstruction (on road surface),1,0,1,clear,16.20028722,103.2927623,other,other,2022-04-14T12:30:00Z
6566375,14.04.2022 19:30,14.04.2022 23:33,Chai Nat,department of rural roads,motorcycle,cutting in closely by people/vehicles/animals,other,2,1,0,clear,15.071054,100.015265,wide curve,no slope,2022-04-14T12:30:00Z
6098128,14.04.2022 19:35,15.04.2022 05:50,Tak,department of highways,motorcycle,running red lights/traffic signals,collision with obstruction (on road surface),2,1,0,clear,16.5600244,98.69662283,straight road,no slope,2022-04-14T12:35:00Z
6098242,14.04.2022 19:37,15.04.2022 06:16,Phetchabun,department of highways,pedestrian,cutting in closely by people/vehicles/animals,pedestrian collision,1,1,0,clear,15.41993496,101.0760131,straight road,no slope,2022-04-14T12:37:00Z
6098095,14.04.2022 19:50,15.04.2022 05:46,Saraburi,department of highways,private/passenger car,running red lights/traffic signals,rear-end collision,2,0,2,clear,14.72008485,100.8083099,other,other,2022-04-14T12:50:00Z
6566404,14.04.2022 19:51,15.04.2022 12:35,Nakhon Pathom,department of rural roads,motorcycle,driving under the influence of alcohol,other,1,0,1,clear,13.806099,100.251092,straight road,other,2022-04-14T12:51:00Z
6098321,14.04.2022 19:55,15.04.2022 06:38,Narathiwat,department of highways,motorcycle,speeding,rear-end collision,2,0,1,clear,6.272839162,102.0246917,straight road,no slope,2022-04-14T12:55:00Z
6428805,14.04.2022 19:55,24.06.2022 11:25,Phetchabun,department of highways,4-wheel pickup truck,speeding,rollover/fallen on straight road,1,0,1,clear,15.57450989,101.0635757,straight road,no slope,2022-04-14T12:55:00Z
6095685,14.04.2022 20:00,14.04.2022 21:28,Rayong,department of highways,4-wheel pickup truck,speeding,rollover/fallen on straight road,1,0,1,clear,12.98282362,101.2745395,straight road,no slope,2022-04-14T13:00:00Z
6098311,14.04.2022 20:00,15.04.2022 06:32,Pathum Thani,department of highways,motorcycle,speeding,rear-end collision,2,0,0,clear,14.03253606,100.7651397,straight road,no slope,2022-04-14T13:00:00Z
6099143,14.04.2022 20:00,15.04.2022 10:43,Nonthaburi,department of highways,private/passenger car,speeding,rear-end collision,3,0,2,clear,13.87278043,100.4605079,straight road,no slope,2022-04-14T13:00:00Z
6122571,14.04.2022 20:00,19.04.2022 12:15,Songkhla,department of highways,private/passenger car,speeding,rear-end collision,2,0,1,clear,7.042878651,100.655947,connecting to private area,other,2022-04-14T13:00:00Z
6488308,14.04.2022 20:00,4.07.2022 09:50,Khon Kaen,department of highways,6-wheel truck,speeding,rollover/fallen on straight road,1,0,0,clear,16.38743888,102.8328359,straight road,no slope,2022-04-14T13:00:00Z
6549373,14.04.2022 20:00,14.07.2022 12:26,Khon Kaen,department of highways,private/passenger car,speeding,rollover/fallen on straight road,1,0,0,clear,16.45348291,102.9492599,straight road,no slope,2022-04-14T13:00:00Z
6566389,14.04.2022 20:00,15.04.2022 05:05,Samut Sakhon,department of rural roads,motorcycle,driving under the influence of alcohol,other,1,0,1,clear,13.650228,100.19848,y-intersection,other,2022-04-14T13:00:00Z
6950213,14.04.2022 20:00,21.09.2022 10:58,Nonthaburi,department of highways,motorcycle,speeding,rear-end collision,2,0,2,clear,13.81127432,100.4116487,straight road,no slope,2022-04-14T13:00:00Z
6097788,14.04.2022 20:08,15.04.2022 04:42,Phatthalung,department of highways,motorcycle,speeding,rollover/fallen on straight road,1,0,1,clear,7.42664764,100.1868984,straight road,no slope,2022-04-14T13:08:00Z
6098315,14.04.2022 20:20,15.04.2022 06:34,Satun,department of highways,private/passenger car,speeding,pedestrian collision,1,0,1,clear,6.801690024,100.090599,straight road,no slope,2022-04-14T13:20:00Z
6943937,14.04.2022 20:20,20.09.2022 11:24,Nan,department of highways,motorcycle,cutting in closely by people/vehicles/animals,head-on collision (not overtaking),2,0,1,clear,18.78019623,100.7534641,straight road,no slope,2022-04-14T13:20:00Z
6098135,14.04.2022 20:25,15.04.2022 05:50,Surin,department of highways,4-wheel pickup truck,falling asleep,rollover/fallen on straight road,1,0,1,clear,14.836514,103.4751579,straight road,no slope,2022-04-14T13:25:00Z
6097858,14.04.2022 20:30,15.04.2022 04:59,Lampang,department of highways,private/passenger car,speeding,rear-end collision,2,1,0,clear,18.25351359,99.45557533,other,other,2022-04-14T13:30:00Z
6098297,14.04.2022 20:30,15.04.2022 06:27,Nong Khai,department of highways,4-wheel pickup truck,cutting in closely by people/vehicles/animals,rear-end collision,2,0,1,clear,18.20829929,103.1820649,wide curve,no slope,2022-04-14T13:30:00Z
6566417,14.04.2022 20:30,15.04.2022 14:09,Phrae,department of rural roads,motorcycle,cutting in closely by people/vehicles/animals,other,1,0,1,clear,18.022108,100.030373,straight road,no slope,2022-04-14T13:30:00Z
7554508,14.04.2022 20:30,9.01.2023 13:03,Nakhon Ratchasima,department of highways,private/passenger car,speeding,collision at intersection corner,2,0,2,rainy,15.42686441,102.0388216,other,other,2022-04-14T13:30:00Z
6566391,14.04.2022 20:32,15.04.2022 05:58,Chai Nat,department of rural roads,motorcycle,cutting in closely by people/vehicles/animals,other,2,0,1,clear,15.10977,100.195174,straight road,no slope,2022-04-14T13:32:00Z
6095835,14.04.2022 20:40,14.04.2022 21:56,Phetchaburi,department of highways,motorcycle,speeding,rear-end collision,2,0,2,clear,12.87027296,99.91734175,straight road,no slope,2022-04-14T13:40:00Z
6117543,14.04.2022 20:50,18.04.2022 15:26,Chanthaburi,department of highways,motorcycle,cutting in closely by people/vehicles/animals,rear-end collision,2,0,1,clear,12.45671795,102.2644678,straight road,no slope,2022-04-14T13:50:00Z
6099120,14.04.2022 21:00,15.04.2022 10:38,Nonthaburi,department of highways,large passenger vehicle,speeding,rear-end collision,2,0,2,clear,13.872106,100.462034,straight road,no slope,2022-04-14T14:00:00Z
6101733,14.04.2022 21:00,15.04.2022 20:33,Suphan Buri,department of highways,private/passenger car,cutting in closely by people/vehicles/animals,rear-end collision,3,0,1,clear,14.34594884,100.0810075,straight road,no slope,2022-04-14T14:00:00Z
6099072,14.04.2022 21:15,15.04.2022 10:23,Bangkok,department of highways,4-wheel pickup truck,speeding,rear-end collision,2,0,2,clear,13.64656545,100.3818843,straight road,no slope,2022-04-14T14:15:00Z
6097884,14.04.2022 21:20,15.04.2022 05:00,Chiang Mai,department of highways,motorcycle,driving under the influence of alcohol,rollover/fallen on straight road,1,0,1,clear,19.61426211,98.62719654,straight road,no slope,2022-04-14T14:20:00Z
6566392,14.04.2022 21:30,15.04.2022 15:25,Phrae,department of rural roads,motorcycle,cutting in closely by people/vehicles/animals,other,2,0,1,clear,18.014375,100.051251,straight road,no slope,2022-04-14T14:30:00Z
6097882,14.04.2022 21:33,15.04.2022 05:00,Mae Hong Son,department of highways,motorcycle,speeding,rollover/fallen on straight road,1,1,0,clear,18.84029079,97.95136838,straight road,no slope,2022-04-14T14:33:00Z
6566410,14.04.2022 21:46,15.04.2022 16:46,Lampang,department of rural roads,motorcycle,driving under the influence of alcohol,other,1,1,0,clear,18.262389,99.660257,straight road,no slope,2022-04-14T14:46:00Z
6104563,14.04.2022 22:00,16.04.2022 06:45,Lamphun,department of highways,4-wheel pickup truck,speeding,rear-end collision,2,0,0,clear,18.61476672,99.04530732,other,other,2022-04-14T15:00:00Z
6950269,14.04.2022 22:50,21.09.2022 11:14,Krabi,department of highways,motorcycle,speeding,head-on collision (not overtaking),2,0,3,clear,8.073846437,98.85840564,straight road,no slope,2022-04-14T15:50:00Z
6566403,14.04.2022 23:05,18.04.2022 14:09,Sakon Nakhon,department of rural roads,motorcycle,speeding,other,1,1,0,clear,17.799219,103.927334,straight road,no slope,2022-04-14T16:05:00Z
6566409,14.04.2022 23:29,18.04.2022 14:11,Pattani,department of rural roads,motorcycle,speeding,other,1,0,1,clear,6.748205,101.343538,straight road,no slope,2022-04-14T16:29:00Z
6121796,14.04.2022 23:30,19.04.2022 09:07,Chanthaburi,department of highways,4-wheel pickup truck,speeding,rollover/fallen on straight road,1,0,0,clear,13.04849321,102.403205,straight road,no slope,2022-04-14T16:30:00Z
7291766,14.04.2022 23:30,11.11.2022 13:48,Chiang Rai,department of highways,4-wheel pickup truck,speeding,rollover/fallen on straight road,1,0,2,clear,19.53359629,99.74304377,straight road,no slope,2022-04-14T16:30:00Z
6099288,14.04.2022 23:35,15.04.2022 11:26,Kanchanaburi,department of highways,4-wheel pickup truck,falling asleep,rollover/fallen on straight road,1,0,1,clear,14.64422577,99.72869931,straight road,no slope,2022-04-14T16:35:00Z
6098245,14.04.2022 23:40,15.04.2022 06:16,Krabi,department of highways,motorcycle,speeding,rear-end collision,2,0,3,clear,8.044511366,98.86097251,other,other,2022-04-14T16:40:00Z
7331407,14.04.2022 23:43,16.04.2022 19:52,Phra Nakhon Si Ayutthaya,department of highways,motorcycle,speeding,rollover/fallen on curved road,1,1,0,clear,14.44731168,100.6801218,wide curve,no slope,2022-04-14T16:43:00Z
6105712,15.04.2022 00:01,16.04.2022 11:52,Nakhon Pathom,department of highways,private/passenger car,speeding,rear-end collision,2,0,1,clear,13.9083948,99.98077332,wide curve,no slope,2022-04-14T17:01:00Z
6566440,15.04.2022 00:10,16.04.2022 06:37,Ratchaburi,department of rural roads,private/passenger car,speeding,other,1,0,1,clear,13.590179,99.940788,t-intersection,other,2022-04-14T17:10:00Z
6101196,15.04.2022 00:15,15.04.2022 18:44,Udon Thani,department of highways,4-wheel pickup truck,speeding,rollover/fallen on straight road,1,0,1,clear,17.6256381,103.2495439,straight road,no slope,2022-04-14T17:15:00Z
7556022,15.04.2022 00:15,11.01.2023 09:51,Prachin Buri,department of highways,motorcycle,speeding,rear-end collision,2,0,1,clear,13.94774441,101.5103942,straight road,no slope,2022-04-14T17:15:00Z
6943829,15.04.2022 00:30,20.09.2022 11:01,Songkhla,department of highways,4-wheel pickup truck,speeding,rollover/fallen on straight road,1,0,0,clear,7.147660561,100.2917942,straight road,no slope,2022-04-14T17:30:00Z
6101442,15.04.2022 00:50,15.04.2022 19:36,Chiang Mai,department of highways,private/passenger car,speeding,rollover/fallen on straight road,1,1,1,clear,18.85907974,98.96658181,straight road,no slope,2022-04-14T17:50:00Z
6238965,15.04.2022 01:00,20.05.2022 10:54,Nakhon Si Thammarat,department of highways,4-wheel pickup truck,speeding,rollover/fallen on straight road,1,0,0,clear,8.263540456,100.0044921,straight road,no slope,2022-04-14T18:00:00Z
7027406,15.04.2022 01:00,3.10.2022 11:45,Chachoengsao,department of highways,private/passenger car,speeding,rollover/fallen on straight road,1,0,0,clear,13.72594834,101.0369816,straight road,no slope,2022-04-14T18:00:00Z
6099243,15.04.2022 01:30,15.04.2022 11:16,Nakhon Si Thammarat,department of highways,4-wheel pickup truck,speeding,rollover/fallen on straight road,1,0,0,clear,8.263540456,100.0044921,straight road,no slope,2022-04-14T18:30:00Z
6592966,15.04.2022 01:30,25.07.2022 08:42,Mukdahan,department of highways,4-wheel pickup truck,speeding,rollover/fallen on straight road,1,0,1,clear,16.81169447,104.5882854,straight road,no slope,2022-04-14T18:30:00Z
7513935,15.04.2022 01:30,28.12.2022 08:57,Chiang Rai,department of highways,private/passenger car,speeding,rollover/fallen on curved road,1,0,0,clear,20.24304242,100.4112571,wide curve,no slope,2022-04-14T18:30:00Z
6101505,15.04.2022 01:40,15.04.2022 19:47,Chiang Rai,department of highways,motorcycle,speeding,rollover/fallen on straight road,1,0,1,clear,20.06399615,99.87559854,straight road,no slope,2022-04-14T18:40:00Z
6121801,15.04.2022 02:00,19.04.2022 09:09,Chiang Mai,department of highways,private/passenger car,speeding,rollover/fallen on curved road,1,0,2,clear,18.7572892,99.00032668,wide curve,no slope,2022-04-14T19:00:00Z
6104262,15.04.2022 02:10,16.04.2022 05:45,Kamphaeng Phet,department of highways,motorcycle,speeding,rear-end collision,2,1,0,clear,16.12946326,99.71991776,straight road,no slope,2022-04-14T19:10:00Z
6098324,15.04.2022 02:23,15.04.2022 06:38,Chachoengsao,department of highways,4-wheel pickup truck,speeding,rollover/fallen on straight road,1,0,0,clear,13.53820453,101.0097813,straight road,no slope,2022-04-14T19:23:00Z
6104518,15.04.2022 02:30,16.04.2022 06:39,Rayong,department of highways,motorcycle,speeding,rear-end collision,2,1,0,clear,12.7247709,101.0550383,other,other,2022-04-14T19:30:00Z
6104366,15.04.2022 02:45,16.04.2022 06:07,Pattani,department of highways,4-wheel pickup truck,cutting in closely by people/vehicles/animals,rollover/fallen on straight road,1,0,2,clear,6.722151055,101.1338577,straight road,no slope,2022-04-14T19:45:00Z
6115450,15.04.2022 03:00,18.04.2022 06:24,Chachoengsao,department of highways,motorized tricycle,speeding,rear-end collision,2,0,1,clear,13.67343683,101.084151,straight road,no slope,2022-04-14T20:00:00Z
6566433,15.04.2022 03:00,16.04.2022 06:38,Samut Sakhon,department of rural roads,motorcycle,using psychoactive substances,other,1,0,1,clear,13.610025,100.210275,straight road,no slope,2022-04-14T20:00:00Z
6566454,15.04.2022 03:05,16.04.2022 13:42,Phetchabun,department of rural roads,passenger pickup truck,running red lights/traffic signals,other,2,0,4,clear,16.415524,101.161641,four-way intersection,other,2022-04-14T20:05:00Z
7554598,15.04.2022 03:20,9.01.2023 13:38,Nakhon Ratchasima,department of highways,4-wheel pickup truck,speeding,rollover/fallen on straight road,1,0,0,clear,14.63658949,101.2548,straight road,no slope,2022-04-14T20:20:00Z
6101504,15.04.2022 03:30,15.04.2022 19:45,Chiang Mai,department of highways,private/passenger car,driving under the influence of alcohol,rollover/fallen on straight road,1,0,1,clear,18.7480417,99.06759112,other,other,2022-04-14T20:30:00Z
6104335,15.04.2022 03:30,16.04.2022 06:01,Phetchabun,department of highways,4-wheel pickup truck,speeding,rollover/fallen on curved road,1,0,1,clear,16.39314111,101.1746836,wide curve,no slope,2022-04-14T20:30:00Z
6099290,15.04.2022 03:50,15.04.2022 11:25,Bangkok,department of highways,private/passenger car,driving under the influence of alcohol,rollover/fallen on straight road,1,0,0,clear,13.78083169,100.4307622,straight road,no slope,2022-04-14T20:50:00Z
6101473,15.04.2022 04:00,15.04.2022 19:43,Chiang Mai,department of highways,private/passenger car,speeding,rear-end collision,2,0,1,clear,18.84751014,99.01305376,other,other,2022-04-14T21:00:00Z
6104332,15.04.2022 04:00,16.04.2022 06:02,Loei,department of highways,private/passenger car,speeding,rollover/fallen on straight road,1,0,1,clear,17.80932123,101.6733411,straight road,no slope,2022-04-14T21:00:00Z
6218629,15.04.2022 04:05,17.05.2022 08:40,Ratchaburi,department of highways,private/passenger car,speeding,rear-end collision,2,0,2,clear,13.34114173,99.84148888,straight road,no slope,2022-04-14T21:05:00Z
6869630,15.04.2022 04:20,9.09.2022 10:52,Phetchabun,department of highways,4-wheel pickup truck,speeding,collision with obstruction (on road surface),2,0,0,clear,15.4602673,101.0641685,straight road,no slope,2022-04-14T21:20:00Z
6104391,15.04.2022 04:23,16.04.2022 06:11,Nakhon Si Thammarat,department of highways,motorcycle,cutting in closely by people/vehicles/animals,head-on collision (not overtaking),2,0,2,clear,8.191067114,99.60464715,straight road,no slope,2022-04-14T21:23:00Z
6099148,15.04.2022 04:25,15.04.2022 10:40,Surat Thani,department of highways,6-wheel truck,speeding,rollover/fallen on straight road,1,0,0,clear,9.667309005,99.1155812,straight road,no slope,2022-04-14T21:25:00Z
6101814,15.04.2022 04:30,15.04.2022 20:47,Kanchanaburi,department of highways,private/passenger car,falling asleep,rollover/fallen on curved road,1,0,1,clear,14.53558983,99.46371584,wide curve,no slope,2022-04-14T21:30:00Z
6637763,15.04.2022 04:30,1.08.2022 09:22,Kalasin,department of highways,4-wheel pickup truck,speeding,rollover/fallen on straight road,1,0,0,clear,16.47016917,103.5536635,straight road,no slope,2022-04-14T21:30:00Z
7560784,15.04.2022 04:30,16.01.2023 13:58,Bangkok,department of highways,4-wheel pickup truck,falling asleep,rear-end collision,2,0,0,clear,13.82856225,100.5577697,straight road,no slope,2022-04-14T21:30:00Z
6104523,15.04.2022 04:50,16.04.2022 06:38,Nakhon Sawan,department of highways,private/passenger car,running red lights/traffic signals,collision at intersection corner,2,0,1,clear,15.66979875,100.1274606,other,other,2022-04-14T21:50:00Z
6428520,15.04.2022 05:00,24.06.2022 10:26,Phetchabun,department of highways,private/passenger car,speeding,rollover/fallen on straight road,1,0,1,clear,16.25563649,101.0605422,straight road,no slope,2022-04-14T22:00:00Z
6566457,15.04.2022 05:00,16.04.2022 14:20,Saraburi,department of rural roads,private/passenger car,falling asleep,other,1,1,0,other,14.379813,100.807537,straight road,no slope,2022-04-14T22:00:00Z
6282707,15.04.2022 05:10,31.05.2022 11:07,Phuket,department of highways,private/passenger car,speeding,rollover/fallen on straight road,1,0,0,clear,7.81430433,98.33896099,straight road,no slope,2022-04-14T22:10:00Z
6107922,15.04.2022 05:30,16.04.2022 20:36,Buri Ram,department of highways,motorcycle,speeding,rollover/fallen on straight road,1,0,1,clear,14.9236166,103.0191019,straight road,no slope,2022-04-14T22:30:00Z
6121802,15.04.2022 06:00,19.04.2022 09:08,Chiang Rai,department of highways,motorcycle,speeding,rollover/fallen on curved road,1,1,0,clear,19.64950139,99.53645198,wide curve,no slope,2022-04-14T23:00:00Z
6101559,15.04.2022 06:30,15.04.2022 19:59,Phichit,department of highways,motorcycle,speeding,rollover/fallen on straight road,1,1,1,clear,16.35504416,100.1454958,straight road,no slope,2022-04-14T23:30:00Z
6104017,15.04.2022 06:30,16.04.2022 04:53,Chiang Rai,department of highways,motorcycle,speeding,rear-end collision,2,1,0,clear,19.46790724,99.75448875,straight road,no slope,2022-04-14T23:30:00Z
6104374,15.04.2022 06:30,16.04.2022 06:08,Pathum Thani,department of highways,6-wheel truck,vehicle equipment failure,rollover/fallen on straight road,1,0,4,clear,14.03089929,100.7603145,other,other,2022-04-14T23:30:00Z
6101428,15.04.2022 07:30,15.04.2022 19:33,Chiang Mai,department of highways,private/passenger car,speeding,rollover/fallen on straight road,1,0,0,clear,18.75285981,99.03215377,straight road,no slope,2022-04-15T00:30:00Z
6101563,15.04.2022 07:30,15.04.2022 19:56,Chiang Rai,department of highways,bicycle,cutting in closely by people/vehicles/animals,rear-end collision,2,1,0,clear,19.56918177,99.75821166,straight road,no slope,2022-04-15T00:30:00Z
6104527,15.04.2022 07:40,16.04.2022 06:37,Pathum Thani,department of highways,private/passenger car,speeding,rear-end collision,2,0,0,clear,14.03063907,100.7601562,straight road,no slope,2022-04-15T00:40:00Z
6104405,15.04.2022 07:42,16.04.2022 06:16,Nakhon Ratchasima,department of highways,motorcycle,speeding,rollover/fallen on straight road,1,0,1,clear,15.01047926,102.3119992,straight road,no slope,2022-04-15T00:42:00Z
6566449,15.04.2022 08:00,18.04.2022 14:13,Chumphon,department of rural roads,motorcycle,speeding,other,1,0,1,clear,10.492758,99.230102,t-intersection,other,2022-04-15T01:00:00Z
6101198,15.04.2022 08:15,15.04.2022 18:42,Khon Kaen,department of highways,4-wheel pickup truck,speeding,rollover/fallen on straight road,1,0,0,clear,15.93828099,102.6751649,straight road,no slope,2022-04-15T01:15:00Z
6107491,15.04.2022 08:30,16.04.2022 19:10,Sing Buri,department of highways,motorcycle,speeding,rear-end collision,2,0,1,clear,14.75885394,100.3921276,straight road,no slope,2022-04-15T01:30:00Z
6566438,15.04.2022 08:30,16.04.2022 06:38,Sa Kaeo,department of rural roads,motorcycle,cutting in closely by people/vehicles/animals,other,1,0,1,clear,13.905264,102.247019,straight road,no slope,2022-04-15T01:30:00Z
6171376,15.04.2022 09:20,9.05.2022 13:11,Tak,department of highways,motorcycle,speeding,rollover/fallen on straight road,1,0,1,clear,16.85210889,99.11504744,straight road,no slope,2022-04-15T02:20:00Z
6101624,15.04.2022 09:30,15.04.2022 20:10,Nakhon Sawan,department of highways,4-wheel pickup truck,cutting in closely by people/vehicles/animals,rear-end collision,2,0,1,clear,15.65892346,100.1652449,wide curve,no slope,2022-04-15T02:30:00Z
6104383,15.04.2022 09:30,16.04.2022 06:05,Phangnga,department of highways,motorcycle,speeding,rollover/fallen on straight road,1,0,1,clear,8.387272563,98.26981901,straight road,no slope,2022-04-15T02:30:00Z