acc_code,incident_datetime,report_datetime,province_en,agency,vehicle_type,presumed_cause,accident_type,number_of_vehicles_involved,number_of_fatalities,number_of_injuries,weather_condition,latitude,longitude,road_description,slope_description,incident_time
6099179,15.04.2022 09:50,15.04.2022 10:50,Kanchanaburi,department of highways,4-wheel pickup truck,debris/obstruction on the road,collision with obstruction (on road surface),1,0,0,clear,14.32688232,99.62704091,straight road,no slope,2022-04-15T02:50:00Z
6386652,15.04.2022 10:00,17.06.2022 10:22,Mukdahan,department of highways,motorcycle,speeding,rear-end collision,2,0,1,clear,16.52417938,104.3642056,wide curve,no slope,2022-04-15T03:00:00Z
6101284,15.04.2022 10:30,15.04.2022 18:58,Bangkok,department of highways,private/passenger car,speeding,rear-end collision,2,0,0,clear,13.8192757,100.6547078,other,other,2022-04-15T03:30:00Z
6101702,15.04.2022 10:30,15.04.2022 20:25,Saraburi,department of highways,motorcycle,cutting in closely by people/vehicles/animals,other,2,0,2,clear,14.7248036,100.7984394,connecting to public/commercial area,other,2022-04-15T03:30:00Z
6101534,15.04.2022 10:35,15.04.2022 19:54,Phayao,department of highways,motorcycle,cutting in closely by people/vehicles/animals,head-on collision (not overtaking),3,0,2,clear,19.16210616,99.98539476,straight road,no slope,2022-04-15T03:35:00Z
6115479,15.04.2022 10:40,18.04.2022 06:37,Nakhon Sawan,department of highways,6-wheel truck,cutting in closely by people/vehicles/animals,rear-end collision,2,0,1,clear,16.03583488,100.1164958,straight road,no slope,2022-04-15T03:40:00Z
6100088,15.04.2022 10:55,15.04.2022 14:37,Samut Prakan,department of highways,private/passenger car,speeding,rollover/fallen on straight road,1,0,0,clear,13.67351501,100.8388254,straight road,no slope,2022-04-15T03:55:00Z
6101263,15.04.2022 11:00,15.04.2022 18:50,Surin,department of highways,motorcycle,speeding,head-on collision (not overtaking),2,0,2,clear,14.97647896,103.5380289,straight road,no slope,2022-04-15T04:00:00Z
6101847,15.04.2022 11:00,15.04.2022 20:52,Phra Nakhon Si Ayutthaya,department of highways,motorcycle,cutting in closely by people/vehicles/animals,rear-end collision,2,0,2,clear,14.32450441,100.4401955,straight road,no slope,2022-04-15T04:00:00Z
6121850,15.04.2022 11:00,19.04.2022 09:22,Chon Buri,department of highways,4-wheel pickup truck,speeding,rollover/fallen on straight road,1,0,1,clear,13.41962468,101.08758950000001,straight road,no slope,2022-04-15T04:00:00Z
6566441,15.04.2022 11:15,16.04.2022 06:43,Ratchaburi,department of rural roads,private/passenger car,speeding,other,2,1,1,clear,13.610927,99.712017,straight road,no slope,2022-04-15T04:15:00Z
6243114,15.04.2022 11:30,25.05.2022 10:17,Surin,department of highways,motorcycle,speeding,rear-end collision,2,0,0,clear,14.97650746,103.5380503,straight road,no slope,2022-04-15T04:30:00Z
6566451,15.04.2022 11:45,16.04.2022 15:26,Buri Ram,department of rural roads,motorcycle,cutting in closely by people/vehicles/animals,other,1,1,0,clear,15.052281,103.368984,straight road,no slope,2022-04-15T04:45:00Z
6104453,15.04.2022 11:55,16.04.2022 06:29,Chon Buri,department of highways,4-wheel pickup truck,speeding,rear-end collision,2,0,0,clear,13.01006415,100.9959116,straight road,no slope,2022-04-15T04:55:00Z
6104260,15.04.2022 12:00,16.04.2022 05:47,Kamphaeng Phet,department of highways,van,cutting in closely by people/vehicles/animals,rear-end collision,2,1,3,clear,15.94309353,99.69351678,connecting to public/commercial area,other,2022-04-15T05:00:00Z
6115405,15.04.2022 12:00,18.04.2022 06:05,Nakhon Ratchasima,department of highways,4-wheel pickup truck,speeding,rollover/fallen on straight road,1,0,2,clear,14.52900537,102.3167011,straight road,no slope,2022-04-15T05:00:00Z
6566445,15.04.2022 12:00,18.04.2022 14:14,Nakhon Si Thammarat,department of rural roads,motorcycle,falling asleep,other,1,0,1,clear,8.653317,99.929031,straight road,no slope,2022-04-15T05:00:00Z
6566443,15.04.2022 12:04,16.04.2022 06:37,Maha Sarakham,department of rural roads,4-wheel pickup truck,driving under the influence of alcohol,other,1,1,0,clear,16.152706,103.189538,wide curve,no slope,2022-04-15T05:04:00Z
6099687,15.04.2022 12:15,15.04.2022 13:12,Nakhon Sawan,department of highways,4-wheel pickup truck,cutting in closely by people/vehicles/animals,rear-end collision,2,0,0,clear,16.03878648,100.1173621,straight road,no slope,2022-04-15T05:15:00Z
7554805,15.04.2022 12:15,9.01.2023 15:24,Nakhon Ratchasima,department of highways,4-wheel pickup truck,speeding,rear-end collision,2,0,8,clear,14.99069326,102.7078825,straight road,no slope,2022-04-15T05:15:00Z
7556703,15.04.2022 12:20,11.01.2023 14:45,Yala,department of highways,4-wheel pickup truck,falling asleep,rollover/fallen on curved road,1,0,4,clear,6.526178336,101.1928314,wide curve,no slope,2022-04-15T05:20:00Z
6104463,15.04.2022 12:21,16.04.2022 06:27,Chon Buri,department of highways,private/passenger car,speeding,rear-end collision,3,0,0,clear,13.01820463,100.9964239,straight road,no slope,2022-04-15T05:21:00Z
6100299,15.04.2022 12:28,15.04.2022 15:20,Chon Buri,department of highways,private/passenger car,speeding,rear-end collision,2,0,0,clear,13.04276294,100.9963354,straight road,no slope,2022-04-15T05:28:00Z
6104283,15.04.2022 12:30,16.04.2022 05:50,Kamphaeng Phet,department of highways,4-wheel pickup truck,cutting in closely by people/vehicles/animals,collision with obstruction (on road surface),1,0,0,clear,16.49608958,99.48171614,straight road,no slope,2022-04-15T05:30:00Z
6566428,15.04.2022 12:30,16.04.2022 06:38,Samut Songkhram,department of rural roads,motorcycle,speeding,other,1,0,1,clear,13.437044,100.030925,straight road,no slope,2022-04-15T05:30:00Z
7331415,15.04.2022 12:40,16.04.2022 20:29,Nakhon Ratchasima,department of highways,large truck with trailer,speeding,rollover/fallen on straight road,1,0,0,rainy,14.64302424,101.286242,straight road,no slope,2022-04-15T05:40:00Z
6101787,15.04.2022 12:50,15.04.2022 20:43,Kanchanaburi,department of highways,motorcycle,cutting in closely by people/vehicles/animals,rear-end collision,2,0,1,clear,14.20472415,99.76596861,other,other,2022-04-15T05:50:00Z
6101817,15.04.2022 12:55,15.04.2022 20:45,Phra Nakhon Si Ayutthaya,department of highways,motorcycle,speeding,rear-end collision,2,1,0,clear,14.44894803,100.5411029,straight road,no slope,2022-04-15T05:55:00Z
6104369,15.04.2022 13:00,16.04.2022 06:06,Chumphon,department of highways,private/passenger car,speeding,rear-end collision,2,0,3,clear,10.02770793,99.06801759,straight road,no slope,2022-04-15T06:00:00Z
7556696,15.04.2022 13:00,11.01.2023 14:43,Yala,department of highways,4-wheel pickup truck,speeding,rollover/fallen on curved road,1,0,0,rainy,6.222006535,101.1654594,wide curve,no slope,2022-04-15T06:00:00Z
6101790,15.04.2022 13:10,15.04.2022 20:41,Suphan Buri,department of highways,motorcycle,cutting in closely by people/vehicles/animals,rear-end collision,2,0,1,clear,14.42999161,99.99255894,wide curve,no slope,2022-04-15T06:10:00Z
7556697,15.04.2022 13:30,11.01.2023 14:42,Yala,department of highways,4-wheel pickup truck,speeding,rollover/fallen on curved road,1,0,0,rainy,6.201613442,101.1730152,wide curve,no slope,2022-04-15T06:30:00Z
6104238,15.04.2022 13:40,16.04.2022 05:43,Sukhothai,department of highways,motorcycle,falling asleep,rollover/fallen on straight road,1,0,1,clear,17.44908596,99.6849203,straight road,no slope,2022-04-15T06:40:00Z
6100632,15.04.2022 13:43,15.04.2022 16:39,Chon Buri,department of highways,4-wheel pickup truck,speeding,rear-end collision,4,0,0,clear,13.05916167,100.9960243,straight road,no slope,2022-04-15T06:43:00Z
6128616,15.04.2022 13:45,20.04.2022 14:00,Nan,department of highways,van,vehicle equipment failure,rollover/fallen on curved road,1,0,0,clear,19.18076252,100.9764147,wide curve,slope area,2022-04-15T06:45:00Z
6100554,15.04.2022 13:58,15.04.2022 16:24,Bangkok,department of highways,private/passenger car,speeding,rear-end collision,2,0,2,clear,13.73111,100.7163906,straight road,no slope,2022-04-15T06:58:00Z
6104367,15.04.2022 14:00,16.04.2022 06:05,Phetchaburi,department of highways,private/passenger car,cutting in closely by people/vehicles/animals,rear-end collision,2,0,2,clear,12.65052424,99.95176523,other,other,2022-04-15T07:00:00Z
6104407,15.04.2022 14:00,16.04.2022 06:15,Nakhon Sawan,department of highways,4-wheel pickup truck,cutting in closely by people/vehicles/animals,rear-end collision,2,0,1,clear,15.67587275,100.125736,straight road,no slope,2022-04-15T07:00:00Z
6104428,15.04.2022 14:00,16.04.2022 06:20,Chon Buri,department of highways,private/passenger car,speeding,rear-end collision,2,0,1,clear,13.22139686,101.2351513,other,other,2022-04-15T07:00:00Z
6566448,15.04.2022 14:00,16.04.2022 06:50,buogkan,department of rural roads,motorcycle,speeding,other,1,0,1,clear,17.995335,104.018705,straight road,no slope,2022-04-15T07:00:00Z
6566459,15.04.2022 14:00,16.04.2022 15:27,Chumphon,department of rural roads,motorcycle,brake/anti-lock brake system failure,other,1,0,1,clear,10.190018,98.930824,sharp curve,no slope,2022-04-15T07:00:00Z
6100688,15.04.2022 14:14,15.04.2022 16:48,Chon Buri,department of highways,private/passenger car,speeding,rear-end collision,2,0,0,clear,13.0546179,100.9960565,straight road,no slope,2022-04-15T07:14:00Z
6101229,15.04.2022 14:15,15.04.2022 18:46,Si Sa Ket,department of highways,private/passenger car,speeding,rear-end collision,2,0,1,clear,14.68650844,104.4180778,straight road,no slope,2022-04-15T07:15:00Z
6104520,15.04.2022 14:34,16.04.2022 06:35,Chanthaburi,department of highways,motorcycle,speeding,rollover/fallen on straight road,1,0,2,clear,12.64885192,102.0270413,straight road,no slope,2022-04-15T07:34:00Z
6104022,15.04.2022 14:40,16.04.2022 04:51,Chiang Mai,department of highways,motorcycle,speeding,pedestrian collision,1,0,1,clear,19.9521745,99.23177718,straight road,no slope,2022-04-15T07:40:00Z
6103887,15.04.2022 15:20,16.04.2022 04:22,Phatthalung,department of highways,motorized tricycle,cutting in closely by people/vehicles/animals,pedestrian collision,1,0,1,clear,7.580553786,99.94647859,straight road,no slope,2022-04-15T08:20:00Z
6566442,15.04.2022 15:40,16.04.2022 14:47,Phra Nakhon Si Ayutthaya,department of rural roads,motorcycle,driving under the influence of alcohol,other,1,0,1,clear,14.157539,100.39143,straight road,no slope,2022-04-15T08:40:00Z
6104235,15.04.2022 15:45,16.04.2022 05:44,Tak,department of highways,4-wheel pickup truck,speeding,rear-end collision,2,0,1,clear,17.46693517,98.02817343,straight road,no slope,2022-04-15T08:45:00Z
6101706,15.04.2022 16:00,15.04.2022 20:29,Chai Nat,department of highways,6-wheel truck,speeding,rear-end collision,2,0,1,clear,15.18973116,100.2271584,straight road,no slope,2022-04-15T09:00:00Z
6104376,15.04.2022 16:00,16.04.2022 06:09,Chanthaburi,department of highways,4-wheel pickup truck,speeding,rollover/fallen on straight road,1,4,3,clear,12.73186106,102.2266674,straight road,no slope,2022-04-15T09:00:00Z
6104547,15.04.2022 16:00,16.04.2022 06:40,Nakhon Nayok,department of highways,private/passenger car,speeding,rear-end collision,4,0,0,clear,14.12868413,100.9929451,straight road,no slope,2022-04-15T09:00:00Z
6122505,15.04.2022 16:00,19.04.2022 12:00,Udon Thani,department of highways,motorcycle,speeding,collision at intersection corner,2,0,0,clear,17.83033675,102.2636443,other,other,2022-04-15T09:00:00Z
6104395,15.04.2022 16:05,16.04.2022 06:10,Sakon Nakhon,department of highways,4-wheel pickup truck,speeding,head-on collision (not overtaking),2,0,0,clear,16.81449567,103.8937917,wide curve,no slope,2022-04-15T09:05:00Z
7557803,15.04.2022 16:10,12.01.2023 10:55,Songkhla,department of highways,4-wheel pickup truck,speeding,rollover/fallen on curved road,1,0,1,rainy,6.713259309,100.8387476,wide curve,no slope,2022-04-15T09:10:00Z
6101266,15.04.2022 16:30,15.04.2022 18:52,Si Sa Ket,department of highways,4-wheel pickup truck,speeding,rollover/fallen on straight road,1,0,2,clear,15.06115487,104.3462348,straight road,no slope,2022-04-15T09:30:00Z
6101845,15.04.2022 16:30,15.04.2022 20:53,Bangkok,department of highways,4-wheel pickup truck,vehicle equipment failure,rollover/fallen on straight road,1,0,0,clear,13.6522762,100.423893,straight road,no slope,2022-04-15T09:30:00Z
6171157,15.04.2022 16:30,9.05.2022 12:05,Kamphaeng Phet,department of highways,private/passenger car,vehicle equipment failure,rollover/fallen on curved road,1,0,0,clear,16.47419712,99.51463221,wide curve,slope area,2022-04-15T09:30:00Z
6102016,15.04.2022 16:35,15.04.2022 21:22,Chon Buri,department of highways,private/passenger car,speeding,rear-end collision,4,0,1,clear,13.05823411,100.9960323,straight road,no slope,2022-04-15T09:35:00Z
7518378,15.04.2022 16:46,29.12.2022 11:39,Samut Prakan,expressway authority of thailand,4-wheel pickup truck,other,rear-end collision,3,0,0,clear,13.643628,100.693142,straight road,other,2022-04-15T09:46:00Z
6566464,15.04.2022 16:48,16.04.2022 06:55,Kanchanaburi,department of rural roads,motorcycle,speeding,other,2,1,0,clear,14.67815,99.772826,straight road,no slope,2022-04-15T09:48:00Z
6101672,15.04.2022 17:00,15.04.2022 20:20,Nakhon Sawan,department of highways,4-wheel pickup truck,cutting in closely by people/vehicles/animals,rear-end collision,2,0,0,clear,15.7016207,99.729968,straight road,no slope,2022-04-15T10:00:00Z
6104346,15.04.2022 17:00,16.04.2022 06:04,Roi Et,department of highways,motorcycle,speeding,rear-end collision,2,0,1,clear,16.08272288,103.7233829,straight road,no slope,2022-04-15T10:00:00Z
6566425,15.04.2022 17:00,16.04.2022 13:37,Sukhothai,department of rural roads,private/passenger car,speeding,other,2,1,0,clear,17.049337,99.98196,wide curve,no slope,2022-04-15T10:00:00Z
6101532,15.04.2022 17:20,15.04.2022 19:52,Nakhon Si Thammarat,department of highways,4-wheel pickup truck,speeding,rollover/fallen on straight road,1,0,3,clear,8.964969067,99.89476292,straight road,no slope,2022-04-15T10:20:00Z
7331413,15.04.2022 17:20,16.04.2022 05:57,Phetchabun,department of highways,van,running red lights/traffic signals,rear-end collision,2,0,3,clear,16.73141775,101.1894759,other,other,2022-04-15T10:20:00Z
6104345,15.04.2022 17:30,16.04.2022 06:02,Amnat Charoen,department of highways,4-wheel pickup truck,speeding,rear-end collision,2,0,0,clear,15.87260122,104.6586799,straight road,no slope,2022-04-15T10:30:00Z
6566434,15.04.2022 17:35,16.04.2022 06:38,Chiang Mai,department of rural roads,motorcycle,driving under the influence of alcohol,other,1,0,1,clear,18.983175,98.979565,wide curve,no slope,2022-04-15T10:35:00Z
6566452,15.04.2022 17:35,16.04.2022 13:40,Ubon Ratchathani,department of rural roads,private/passenger car,speeding,other,1,0,1,clear,15.202315,105.361702,wide curve,no slope,2022-04-15T10:35:00Z
6104372,15.04.2022 17:40,16.04.2022 06:08,Krabi,department of highways,large truck with trailer,vehicle equipment failure,rollover/fallen on curved road,1,0,0,clear,7.996804813,99.20295416,wide curve,slope area,2022-04-15T10:40:00Z
6149121,15.04.2022 17:50,5.05.2022 11:38,Suphan Buri,department of highways,van,illegal overtaking,rear-end collision,2,0,0,clear,14.28765533,100.1319882,straight road,no slope,2022-04-15T10:50:00Z
6104399,15.04.2022 18:15,16.04.2022 06:12,Suphan Buri,department of highways,motorcycle,cutting in closely by people/vehicles/animals,collision at intersection corner,2,2,0,clear,14.6236173,99.87795352,other,other,2022-04-15T11:15:00Z
6566446,15.04.2022 18:30,16.04.2022 06:43,Rayong,department of rural roads,private/passenger car,driving under the influence of alcohol,other,2,0,1,dark,13.023797,101.109877,straight road,no slope,2022-04-15T11:30:00Z
6104398,15.04.2022 18:31,16.04.2022 06:14,Chon Buri,department of highways,7-10-wheel truck,speeding,rollover/fallen on straight road,1,0,0,clear,12.97487017,100.9835815,straight road,no slope,2022-04-15T11:31:00Z
6104373,15.04.2022 18:45,16.04.2022 06:09,Kanchanaburi,department of highways,motorcycle,speeding,rollover/fallen on curved road,1,0,2,clear,14.63907189,98.68187069,wide curve,slope area,2022-04-15T11:45:00Z
6107746,15.04.2022 18:45,16.04.2022 20:02,Bangkok,expressway authority of thailand,other,other,collision with obstruction (on road surface),1,0,1,clear,13.838589,100.633705,straight road,other,2022-04-15T11:45:00Z
6104342,15.04.2022 19:00,16.04.2022 06:03,Phetchaburi,department of highways,private/passenger car,cutting in closely by people/vehicles/animals,rear-end collision,2,0,1,clear,12.78316071,99.96855585,other,other,2022-04-15T12:00:00Z
6104461,15.04.2022 19:00,16.04.2022 06:25,Amnat Charoen,department of highways,4-wheel pickup truck,driving under the influence of alcohol,other,2,0,3,clear,15.87882652,104.8953795,straight road,no slope,2022-04-15T12:00:00Z
6107897,15.04.2022 19:00,16.04.2022 20:31,Sa Kaeo,department of highways,private/passenger car,driving under the influence of alcohol,rollover/fallen on straight road,1,0,1,rainy,13.81342316,102.3522109,straight road,no slope,2022-04-15T12:00:00Z
6102021,15.04.2022 19:06,15.04.2022 21:23,Nakhon Si Thammarat,department of highways,motorcycle,speeding,rear-end collision,2,0,1,clear,8.327224036,99.98485296,straight road,no slope,2022-04-15T12:06:00Z
6104317,15.04.2022 19:10,16.04.2022 05:58,Si Sa Ket,department of highways,motorcycle,speeding,rear-end collision,2,0,1,clear,15.1430579,104.2547285,straight road,no slope,2022-04-15T12:10:00Z
6104286,15.04.2022 19:20,16.04.2022 05:54,Loei,department of highways,private/passenger car,speeding,rear-end collision,2,0,0,clear,17.72770751,101.7161438,other,other,2022-04-15T12:20:00Z
6104019,15.04.2022 19:21,16.04.2022 04:51,Chiang Mai,department of highways,4-wheel pickup truck,falling asleep,rollover/fallen on straight road,1,0,1,clear,19.75726794,99.15087907,straight road,no slope,2022-04-15T12:21:00Z
6104020,15.04.2022 19:21,16.04.2022 04:52,Chiang Mai,department of highways,motorcycle,driving under the influence of alcohol,head-on collision (not overtaking),2,1,0,clear,20.05962993,99.36112671,straight road,no slope,2022-04-15T12:21:00Z
6101932,15.04.2022 19:30,15.04.2022 21:06,Uttaradit,department of highways,4-wheel pickup truck,speeding,rollover/fallen on straight road,1,0,1,clear,17.6871678,100.2666619,straight road,no slope,2022-04-15T12:30:00Z
6102051,15.04.2022 19:30,15.04.2022 21:25,Surat Thani,department of highways,private/passenger car,vehicle equipment failure,rear-end collision,2,0,2,clear,9.128500656,99.2661631,straight road,no slope,2022-04-15T12:30:00Z
6104015,15.04.2022 19:30,16.04.2022 04:52,Chiang Mai,department of highways,motorcycle,cutting in closely by people/vehicles/animals,collision at intersection corner,2,0,2,clear,18.4031935,98.67647945,other,other,2022-04-15T12:30:00Z
7556685,15.04.2022 19:30,11.01.2023 14:34,Yala,department of highways,motorcycle,unfamiliarity with the route/unskilled driving,collision with obstruction (on road surface),2,0,1,clear,6.44445207,101.2771869,straight road,no slope,2022-04-15T12:30:00Z
6104488,15.04.2022 19:40,16.04.2022 06:32,Chon Buri,department of highways,private/passenger car,speeding,rear-end collision,4,0,0,clear,13.38763912,101.2781659,other,other,2022-04-15T12:40:00Z
6106823,15.04.2022 19:41,16.04.2022 16:12,Udon Thani,department of highways,motorcycle,speeding,head-on collision (not overtaking),2,0,3,clear,17.35819838,102.9526287,straight road,no slope,2022-04-15T12:41:00Z
6101955,15.04.2022 19:50,15.04.2022 21:13,Uttaradit,department of highways,private/passenger car,speeding,rollover/fallen on straight road,1,0,0,clear,17.71179525,100.3719118,straight road,no slope,2022-04-15T12:50:00Z
6566429,15.04.2022 19:55,18.04.2022 14:16,Chachoengsao,department of rural roads,motorcycle,driving under the influence of alcohol,other,1,0,1,clear,13.74235,101.157898,y-intersection,other,2022-04-15T12:55:00Z
6106546,15.04.2022 20:00,16.04.2022 15:04,Chiang Mai,department of highways,motorcycle,speeding,collision with obstruction (on road surface),3,1,0,clear,18.77287496,99.06849502,straight road,no slope,2022-04-15T13:00:00Z
6566437,15.04.2022 20:00,16.04.2022 06:38,Sa Kaeo,department of rural roads,motorcycle,speeding,other,1,0,1,clear,13.907964,102.071962,straight road,no slope,2022-04-15T13:00:00Z
6104350,15.04.2022 20:15,16.04.2022 06:03,Nakhon Sawan,department of highways,motorcycle,speeding,rear-end collision,3,1,0,clear,15.79144056,100.2590337,straight road,no slope,2022-04-15T13:15:00Z
6566436,15.04.2022 20:26,16.04.2022 06:38,Narathiwat,department of rural roads,pedestrian,speeding,rear-end collision,0,0,1,clear,6.199042,101.515056,straight road,no slope,2022-04-15T13:26:00Z
6104456,15.04.2022 21:00,16.04.2022 06:25,Chon Buri,department of highways,private/passenger car,speeding,collision at intersection corner,2,1,1,clear,13.07412756,101.2616327,other,other,2022-04-15T14:00:00Z
6104457,15.04.2022 21:00,16.04.2022 06:25,Chachoengsao,department of highways,private/passenger car,speeding,head-on collision (not overtaking),2,0,1,clear,13.58772707,101.1224073,straight road,no slope,2022-04-15T14:00:00Z
6121813,15.04.2022 21:00,19.04.2022 09:14,Chon Buri,department of highways,4-wheel pickup truck,speeding,rollover/fallen on straight road,1,0,1,clear,13.43622501,101.1068854,straight road,no slope,2022-04-15T14:00:00Z
6566476,15.04.2022 21:00,16.04.2022 14:47,Phra Nakhon Si Ayutthaya,department of rural roads,private/passenger car,speeding,other,1,1,0,dark,14.338612,100.406097,straight road,no slope,2022-04-15T14:00:00Z
6104347,15.04.2022 21:30,16.04.2022 06:04,Nakhon Sawan,department of highways,motorcycle,cutting in closely by people/vehicles/animals,rear-end collision,2,0,2,clear,15.82079449,100.7605988,straight road,no slope,2022-04-15T14:30:00Z
6104379,15.04.2022 21:30,16.04.2022 06:07,Uthai Thani,department of highways,motorcycle,speeding,rollover/fallen on straight road,1,1,0,clear,15.30890569,100.0288385,straight road,no slope,2022-04-15T14:30:00Z
6107837,15.04.2022 21:30,16.04.2022 20:23,Nakhon Pathom,department of highways,private/passenger car,speeding,rollover/fallen on straight road,1,0,1,clear,13.8052653,100.0420698,straight road,no slope,2022-04-15T14:30:00Z
6109964,15.04.2022 21:36,17.04.2022 06:03,Nakhon Si Thammarat,department of highways,motorcycle,speeding,rollover/fallen on straight road,1,0,1,clear,8.180237848,99.62343602,straight road,no slope,2022-04-15T14:36:00Z
6104353,15.04.2022 21:43,16.04.2022 06:04,Phuket,department of highways,motorcycle,cutting in closely by people/vehicles/animals,pedestrian collision,1,0,1,clear,7.789715593,98.330348420000007,straight road,no slope,2022-04-15T14:43:00Z
6104412,15.04.2022 21:50,16.04.2022 06:15,Chanthaburi,department of highways,motorcycle,speeding,rollover/fallen on curved road,1,0,3,clear,13.02913048,102.3767048,wide curve,no slope,2022-04-15T14:50:00Z
6104432,15.04.2022 22:00,16.04.2022 06:22,Chon Buri,department of highways,motorcycle,speeding,rear-end collision,2,0,2,clear,13.15464768,101.1738708,straight road,no slope,2022-04-15T15:00:00Z
6104490,15.04.2022 22:26,16.04.2022 06:33,Bangkok,department of highways,4-wheel pickup truck,speeding,rollover/fallen on straight road,1,0,1,clear,13.66245929,100.4394123,other,other,2022-04-15T15:26:00Z
6116403,15.04.2022 22:50,18.04.2022 11:21,Sing Buri,department of highways,motorcycle,speeding,rear-end collision,2,0,2,clear,14.76780726,100.4508626,straight road,no slope,2022-04-15T15:50:00Z
6104024,15.04.2022 23:20,16.04.2022 04:50,Chiang Mai,department of highways,motorcycle,driving under the influence of alcohol,rollover/fallen on straight road,1,0,1,clear,19.07144183,98.93874584,other,other,2022-04-15T16:20:00Z
6104493,15.04.2022 23:45,16.04.2022 06:32,Bangkok,department of highways,private/passenger car,speeding,rear-end collision,2,0,1,clear,13.72833767,100.4058605,straight road,no slope,2022-04-15T16:45:00Z
6109974,16.04.2022 00:05,17.04.2022 06:00,Mukdahan,department of highways,motorcycle,cutting in closely by people/vehicles/animals,collision with obstruction (on road surface),1,0,1,clear,16.79595459,104.527359,other,other,2022-04-15T17:05:00Z
6238725,16.04.2022 00:10,20.05.2022 10:06,Suphan Buri,department of highways,4-wheel pickup truck,speeding,rollover/fallen on curved road,1,0,1,clear,14.92162613,99.66587393,wide curve,no slope,2022-04-15T17:10:00Z
6566473,16.04.2022 00:10,17.04.2022 06:40,Nakhon Nayok,department of rural roads,motorcycle,speeding,other,1,0,1,clear,14.229394,101.180314,wide curve,no slope,2022-04-15T17:10:00Z
6109639,16.04.2022 00:30,17.04.2022 04:46,Phayao,department of highways,motorcycle,speeding,rollover/fallen on straight road,1,0,1,clear,19.15749242,99.91421698,straight road,no slope,2022-04-15T17:30:00Z
6109936,16.04.2022 00:34,17.04.2022 05:56,Phetchabun,department of highways,private/passenger car,speeding,rear-end collision,2,0,2,clear,16.44530516,101.1887598,straight road,no slope,2022-04-15T17:34:00Z
6109949,16.04.2022 00:45,17.04.2022 05:57,Phuket,department of highways,motorcycle,speeding,head-on collision (not overtaking),2,0,1,clear,8.026610777,98.32997827,straight road,no slope,2022-04-15T17:45:00Z
6687563,16.04.2022 00:55,9.08.2022 14:14,Loburi,department of highways,private/passenger car,speeding,rollover/fallen on straight road,1,0,1,clear,15.24277324,101.2669167,straight road,no slope,2022-04-15T17:55:00Z
6106849,16.04.2022 01:20,16.04.2022 16:15,Khon Kaen,department of highways,4-wheel pickup truck,running red lights/traffic signals,collision at intersection corner,2,0,6,clear,16.40598596,102.7842665,other,other,2022-04-15T18:20:00Z
7291743,16.04.2022 01:20,11.11.2022 13:43,Phayao,department of highways,private/passenger car,speeding,rollover/fallen on curved road,1,0,1,clear,19.33022823,99.82647388,wide curve,no slope,2022-04-15T18:20:00Z
6107702,16.04.2022 01:30,16.04.2022 19:57,Samut Prakan,department of highways,private/passenger car,speeding,pedestrian collision,1,1,0,clear,13.64541599,100.5243659,other,other,2022-04-15T18:30:00Z
6109990,16.04.2022 01:30,17.04.2022 06:07,Phatthalung,department of highways,4-wheel pickup truck,debris/obstruction on the road,collision with obstruction (on road surface),1,0,1,clear,7.328724937,100.1428538,straight road,no slope,2022-04-15T18:30:00Z
6950186,16.04.2022 01:30,21.09.2022 10:50,Nonthaburi,department of highways,motorcycle,speeding,rollover/fallen on straight road,1,0,1,clear,13.88306068,100.4089424,straight road,no slope,2022-04-15T18:30:00Z
6112028,16.04.2022 01:45,17.04.2022 14:59,Suphan Buri,department of highways,motorcycle,speeding,rear-end collision,2,0,1,clear,14.20561342,100.0340071,straight road,no slope,2022-04-15T18:45:00Z
6566483,16.04.2022 01:49,18.04.2022 14:19,Phetchabun,department of rural roads,motorcycle,speeding,other,2,1,1,clear,16.405071,101.158686,t-intersection,other,2022-04-15T18:49:00Z
6106556,16.04.2022 02:50,16.04.2022 15:02,Nan,department of highways,private/passenger car,speeding,collision with obstruction (on road surface),2,0,1,clear,19.17581489,100.9049579,wide curve,no slope,2022-04-15T19:50:00Z
6106879,16.04.2022 02:53,16.04.2022 16:28,Ubon Ratchathani,department of highways,private/passenger car,speeding,rollover/fallen on curved road,1,0,1,clear,15.13529312,104.8952132,wide curve,no slope,2022-04-15T19:53:00Z
7515127,16.04.2022 03:00,28.12.2022 13:55,Lamphun,department of highways,4-wheel pickup truck,speeding,rollover/fallen on straight road,1,0,0,clear,18.49605715,98.9920467,straight road,no slope,2022-04-15T20:00:00Z
6107515,16.04.2022 03:06,16.04.2022 19:18,Saraburi,department of highways,motorcycle,speeding,rollover/fallen on straight road,1,1,0,clear,14.69455148,100.8670395,straight road,no slope,2022-04-15T20:06:00Z
6687583,16.04.2022 03:10,9.08.2022 14:17,Loburi,department of highways,private/passenger car,speeding,rollover/fallen on straight road,1,0,1,clear,14.78271999,100.6851724,straight road,no slope,2022-04-15T20:10:00Z
6917126,16.04.2022 03:30,16.09.2022 11:36,Chon Buri,department of highways,6-wheel truck,speeding,rear-end collision,2,0,3,clear,13.09082203,101.1288473,straight road,no slope,2022-04-15T20:30:00Z