acc_code,incident_datetime,report_datetime,province_en,agency,vehicle_type,presumed_cause,accident_type,number_of_vehicles_involved,number_of_fatalities,number_of_injuries,weather_condition,latitude,longitude,road_description,slope_description,incident_time
6110034,16.04.2022 04:42,17.04.2022 06:26,Rayong,department of highways,4-wheel pickup truck,speeding,rollover/fallen on straight road,1,0,3,clear,12.88176223,101.5617746,other,other,2022-04-15T21:42:00Z
7425368,16.04.2022 04:51,2.12.2022 14:32,Phuket,department of highways,motorcycle,speeding,rollover/fallen on curved road,1,0,1,clear,7.843682424,98.34944306,wide curve,no slope,2022-04-15T21:51:00Z
6566494,16.04.2022 05:00,17.04.2022 16:27,Surin,department of rural roads,pedestrian,speeding,pedestrian collision,1,1,0,dark,14.690762,103.964083,straight road,no slope,2022-04-15T22:00:00Z
6106894,16.04.2022 05:10,16.04.2022 16:34,Ranong,department of highways,motorized tricycle,speeding,rear-end collision,2,0,2,clear,10.43447908,98.79215776,straight road,no slope,2022-04-15T22:10:00Z
6107112,16.04.2022 05:11,16.04.2022 17:39,Chon Buri,department of highways,private/passenger car,speeding,rear-end collision,2,0,0,clear,13.17247797,100.9927386,straight road,no slope,2022-04-15T22:11:00Z
6107776,16.04.2022 05:30,16.04.2022 20:12,Satun,department of highways,4-wheel pickup truck,speeding,rollover/fallen on straight road,1,1,0,clear,7.103006002,99.76059614,straight road,no slope,2022-04-15T22:30:00Z
6109642,16.04.2022 05:30,17.04.2022 04:45,Chiang Mai,department of highways,motorcycle,speeding,rollover/fallen on straight road,1,0,1,clear,20.04940548,99.34655963,straight road,no slope,2022-04-15T22:30:00Z
6109992,16.04.2022 05:50,17.04.2022 06:06,Nakhon Si Thammarat,department of highways,private/passenger car,falling asleep,rollover/fallen on straight road,1,0,0,clear,8.280164367,99.53271566,other,other,2022-04-15T22:50:00Z
6115448,16.04.2022 05:50,18.04.2022 06:20,Maha Sarakham,department of highways,4-wheel pickup truck,speeding,rollover/fallen on straight road,1,0,2,clear,15.72667605,103.2928991,straight road,no slope,2022-04-15T22:50:00Z
6128202,16.04.2022 06:20,20.04.2022 11:55,Buri Ram,department of highways,4-wheel pickup truck,cutting in closely by people/vehicles/animals,rear-end collision,2,1,1,clear,14.62598682,102.860991,straight road,no slope,2022-04-15T23:20:00Z
6107800,16.04.2022 06:40,16.04.2022 20:15,Chon Buri,department of highways,motorcycle,cutting in closely by people/vehicles/animals,rear-end collision,2,0,1,clear,12.97782367,100.9613165,straight road,no slope,2022-04-15T23:40:00Z
6110898,16.04.2022 06:45,17.04.2022 10:36,Sa Kaeo,department of highways,motorcycle,other,rear-end collision,2,0,3,clear,13.90177904,102.6804918,straight road,no slope,2022-04-15T23:45:00Z
6107749,16.04.2022 06:56,16.04.2022 20:09,Bangkok,department of highways,4-wheel pickup truck,speeding,rear-end collision,2,0,0,clear,13.64052614,100.4085561,straight road,no slope,2022-04-15T23:56:00Z
6107466,16.04.2022 07:00,16.04.2022 19:08,Nakhon Sawan,department of highways,motorcycle,failure to yield/signal,rear-end collision,2,0,1,clear,15.4412914,100.5231348,straight road,no slope,2022-04-16T00:00:00Z
6289623,16.04.2022 07:05,1.06.2022 13:37,Sukhothai,department of highways,motorcycle,driving under the influence of alcohol,rollover/fallen on straight road,1,0,1,clear,16.92456466,99.78637754,straight road,no slope,2022-04-16T00:05:00Z
6122477,16.04.2022 07:09,19.04.2022 11:59,Udon Thani,department of highways,6-wheel truck,falling asleep,rollover/fallen on straight road,1,0,0,clear,17.77389311,102.2365782,straight road,no slope,2022-04-16T00:09:00Z
6122345,16.04.2022 07:10,19.04.2022 11:21,Surat Thani,department of highways,motorcycle,speeding,rear-end collision,2,1,1,clear,8.921335429,99.25223975,straight road,no slope,2022-04-16T00:10:00Z
6109997,16.04.2022 07:20,17.04.2022 06:09,Narathiwat,department of highways,motorcycle,falling asleep,rear-end collision,2,0,1,clear,6.311744837,101.7446047,straight road,no slope,2022-04-16T00:20:00Z
7554407,16.04.2022 07:20,9.01.2023 11:09,Sakon Nakhon,department of highways,large truck with trailer,speeding,head-on collision (not overtaking),2,0,6,clear,16.81548417,103.8939553,wide curve,no slope,2022-04-16T00:20:00Z
6107734,16.04.2022 07:39,16.04.2022 20:02,Nakhon Nayok,department of highways,4-wheel pickup truck,speeding,rear-end collision,2,0,2,clear,14.3146001,101.2981993,straight road,no slope,2022-04-16T00:39:00Z
7414968,16.04.2022 08:00,28.11.2022 08:56,Chiang Mai,department of highways,private/passenger car,cutting in closely by people/vehicles/animals,rear-end collision,2,0,0,clear,19.67601479,99.14752899,connecting to public/commercial area,other,2022-04-16T01:00:00Z
6105392,16.04.2022 08:30,16.04.2022 10:33,Nonthaburi,department of highways,4-wheel pickup truck,speeding,rollover/fallen on straight road,1,0,1,clear,13.94351169,100.4275891,straight road,no slope,2022-04-16T01:30:00Z
6106927,16.04.2022 08:50,16.04.2022 16:41,Uthai Thani,department of highways,4-wheel pickup truck,speeding,rollover/fallen on straight road,1,1,1,clear,15.45717285,99.55945461,straight road,no slope,2022-04-16T01:50:00Z
6109922,16.04.2022 09:00,17.04.2022 05:51,Kamphaeng Phet,department of highways,4-wheel pickup truck,speeding,rollover/fallen on straight road,1,0,0,clear,16.44942109,99.53690527,straight road,no slope,2022-04-16T02:00:00Z
6107729,16.04.2022 09:30,16.04.2022 20:04,Samut Prakan,department of highways,private/passenger car,vehicle equipment failure,rear-end collision,2,0,1,clear,13.65473666,100.6723863,straight road,no slope,2022-04-16T02:30:00Z
6109962,16.04.2022 09:35,17.04.2022 06:04,Phatthalung,department of highways,motorcycle,cutting in closely by people/vehicles/animals,rear-end collision,2,0,2,clear,7.762802652,99.97377811,straight road,no slope,2022-04-16T02:35:00Z
6283361,16.04.2022 09:36,31.05.2022 13:38,Phetchabun,department of highways,private/passenger car,speeding,rollover/fallen on straight road,1,0,1,clear,16.44492186,101.1718082,straight road,no slope,2022-04-16T02:36:00Z
6289290,16.04.2022 09:40,1.06.2022 12:13,Maha Sarakham,department of highways,large truck with trailer,speeding,rollover/fallen on straight road,1,0,0,clear,15.80079123,103.0325961,other,other,2022-04-16T02:40:00Z
6111115,16.04.2022 09:45,17.04.2022 11:41,Ubon Ratchathani,department of highways,4-wheel pickup truck,speeding,rollover/fallen on straight road,1,0,0,rainy,15.32099714,104.7309601,straight road,no slope,2022-04-16T02:45:00Z
6109613,16.04.2022 10:00,17.04.2022 04:43,Chiang Mai,department of highways,motorcycle,cutting in closely by people/vehicles/animals,rear-end collision,2,0,1,clear,19.58377615,98.61915796,wide curve,no slope,2022-04-16T03:00:00Z
6109971,16.04.2022 10:13,17.04.2022 06:01,Kalasin,department of highways,4-wheel pickup truck,speeding,rear-end collision,3,0,0,clear,16.25925688,103.6920547,connecting to private area,other,2022-04-16T03:13:00Z
6572709,16.04.2022 10:20,19.07.2022 12:55,Nakhon Sawan,department of highways,private/passenger car,speeding,rear-end collision,4,0,0,clear,15.63998135,100.0936085,straight road,no slope,2022-04-16T03:20:00Z
7331419,16.04.2022 10:25,17.04.2022 06:05,Maha Sarakham,department of highways,large truck with trailer,speeding,rear-end collision,2,1,0,clear,16.24974227,103.0639699,straight road,no slope,2022-04-16T03:25:00Z
6110083,16.04.2022 10:29,17.04.2022 06:42,Nakhon Nayok,department of highways,motorcycle,other,rollover/fallen on straight road,1,1,0,clear,14.31199335,101.0213658,straight road,no slope,2022-04-16T03:29:00Z
6171372,16.04.2022 10:30,9.05.2022 13:10,Tak,department of highways,4-wheel pickup truck,speeding,rear-end collision,4,0,0,clear,16.86549801,99.13727759,straight road,no slope,2022-04-16T03:30:00Z
6106599,16.04.2022 10:40,16.04.2022 15:14,Phitsanulok,department of highways,private/passenger car,speeding,rear-end collision,2,0,1,clear,16.88325203,100.6389177,straight road,no slope,2022-04-16T03:40:00Z
6107467,16.04.2022 11:00,16.04.2022 19:08,Uttaradit,department of highways,private/passenger car,speeding,rear-end collision,2,0,0,clear,17.473257190000002,100.2360391,straight road,no slope,2022-04-16T04:00:00Z
6106908,16.04.2022 11:30,16.04.2022 16:38,Suphan Buri,department of highways,motorcycle,speeding,rear-end collision,2,0,3,clear,14.44310127,100.1329779,straight road,no slope,2022-04-16T04:30:00Z
6109882,16.04.2022 11:30,17.04.2022 05:43,Chaiyaphum,department of highways,motorcycle,cutting in closely by people/vehicles/animals,head-on collision (not overtaking),2,0,1,clear,15.8758416,101.4187243,connecting to private area,other,2022-04-16T04:30:00Z
6109919,16.04.2022 11:30,17.04.2022 05:52,Phetchabun,department of highways,motorcycle,cutting in closely by people/vehicles/animals,rear-end collision,2,0,1,clear,15.44514359,101.0674757,straight road,no slope,2022-04-16T04:30:00Z
6113110,16.04.2022 11:30,17.04.2022 18:52,Chai Nat,department of highways,private/passenger car,cutting in closely by people/vehicles/animals,rear-end collision,2,0,1,clear,15.3657946,100.1571017,straight road,no slope,2022-04-16T04:30:00Z
6183700,16.04.2022 11:30,11.05.2022 09:28,Roi Et,department of highways,motorcycle,speeding,rear-end collision,2,0,2,clear,15.55590624,103.4108734,straight road,no slope,2022-04-16T04:30:00Z
6146687,16.04.2022 11:40,29.04.2022 11:27,Trang,department of highways,motorcycle,speeding,collision with obstruction (on road surface),2,1,1,clear,7.862959343,99.59551422,straight road,no slope,2022-04-16T04:40:00Z
6110875,16.04.2022 11:55,17.04.2022 10:34,Nakhon Ratchasima,department of highways,motorcycle,falling asleep,rear-end collision,2,0,1,clear,14.66077394,101.8799382,straight road,no slope,2022-04-16T04:55:00Z
6107842,16.04.2022 12:00,16.04.2022 20:24,Si Sa Ket,department of highways,4-wheel pickup truck,speeding,rollover/fallen on straight road,1,0,2,clear,14.72596317,104.1991129,straight road,no slope,2022-04-16T05:00:00Z
6566469,16.04.2022 12:00,17.04.2022 06:39,Ratchaburi,department of rural roads,motorcycle,speeding,other,1,0,1,clear,13.516068,99.911163,straight road,no slope,2022-04-16T05:00:00Z
7514065,16.04.2022 12:00,28.12.2022 08:58,Chiang Rai,department of highways,4-wheel pickup truck,speeding,rollover/fallen on straight road,1,0,0,clear,20.21534796,100.4043585,other,other,2022-04-16T05:00:00Z
6106869,16.04.2022 12:11,16.04.2022 16:23,Surin,department of highways,4-wheel pickup truck,speeding,collision with obstruction (on road surface),3,0,0,clear,15.35001221,103.4137755,straight road,no slope,2022-04-16T05:11:00Z
6110058,16.04.2022 12:17,17.04.2022 06:38,Nakhon Nayok,department of highways,4-wheel pickup truck,speeding,rear-end collision,2,0,1,clear,14.25622566,101.261968,straight road,no slope,2022-04-16T05:17:00Z
6109940,16.04.2022 12:30,17.04.2022 05:58,Phatthalung,department of highways,4-wheel pickup truck,speeding,collision with obstruction (on road surface),2,0,3,clear,7.565613912,99.9023643,straight road,no slope,2022-04-16T05:30:00Z
6183693,16.04.2022 12:30,11.05.2022 09:27,Roi Et,department of highways,motorcycle,speeding,rear-end collision,2,0,1,clear,15.86857647,103.5830149,straight road,no slope,2022-04-16T05:30:00Z
6110022,16.04.2022 12:50,17.04.2022 06:16,Chon Buri,department of highways,private/passenger car,speeding,rear-end collision,2,0,0,clear,13.02002868,100.9963703,straight road,no slope,2022-04-16T05:50:00Z
6110021,16.04.2022 13:02,17.04.2022 06:15,Chon Buri,department of highways,private/passenger car,speeding,rear-end collision,3,0,0,clear,12.98523862,100.9871864,straight road,no slope,2022-04-16T06:02:00Z
6109941,16.04.2022 13:10,17.04.2022 05:56,Phetchabun,department of highways,6-wheel truck,overloaded vehicle,rollover/fallen on curved road,1,0,1,clear,16.7330437,101.3774586,wide curve,slope area,2022-04-16T06:10:00Z
6183835,16.04.2022 13:10,11.05.2022 09:45,Loburi,department of highways,4-wheel pickup truck,speeding,rollover/fallen on straight road,1,0,0,clear,14.82610631,100.4853827,straight road,no slope,2022-04-16T06:10:00Z
6110101,16.04.2022 13:15,17.04.2022 06:46,Nakhon Nayok,department of highways,4-wheel pickup truck,speeding,rollover/fallen on straight road,2,0,6,clear,14.31179843,101.0211459,straight road,no slope,2022-04-16T06:15:00Z
6107469,16.04.2022 13:30,16.04.2022 19:09,Uttaradit,department of highways,private/passenger car,speeding,rear-end collision,5,0,0,clear,17.61716635,100.1240891,straight road,no slope,2022-04-16T06:30:00Z
7554569,16.04.2022 13:30,9.01.2023 13:26,Nakhon Ratchasima,department of highways,4-wheel pickup truck,speeding,rear-end collision,2,0,0,clear,15.27515769,102.41839710000001,straight road,no slope,2022-04-16T06:30:00Z
6109924,16.04.2022 14:20,17.04.2022 05:53,Loei,department of highways,private/passenger car,speeding,rollover/fallen on straight road,1,0,1,clear,17.74607078,101.7073917,straight road,no slope,2022-04-16T07:20:00Z
6110017,16.04.2022 14:25,17.04.2022 06:12,Pattani,department of highways,motorized tricycle,speeding,rear-end collision,3,0,1,clear,6.732872611,101.1090955,straight road,no slope,2022-04-16T07:25:00Z
7331422,16.04.2022 14:55,16.04.2022 19:02,Chiang Rai,department of highways,private/passenger car,speeding,head-on collision (not overtaking),2,1,4,clear,19.25083417,99.51341985,straight road,no slope,2022-04-16T07:55:00Z
6219024,16.04.2022 15:00,17.05.2022 10:01,Nakhon Si Thammarat,department of highways,4-wheel pickup truck,speeding,rollover/fallen on straight road,1,0,0,clear,8.007147639,100.2996611,straight road,no slope,2022-04-16T08:00:00Z
6109937,16.04.2022 15:01,17.04.2022 05:55,Phetchabun,department of highways,motorcycle,speeding,rear-end collision,2,0,4,clear,16.4642377,101.2986633,straight road,no slope,2022-04-16T08:01:00Z
6107111,16.04.2022 15:04,16.04.2022 17:39,Surin,department of highways,pedestrian,cutting in closely by people/vehicles/animals,pedestrian collision,1,1,0,clear,14.62182653,103.8632333,straight road,no slope,2022-04-16T08:04:00Z
6108130,16.04.2022 15:10,16.04.2022 21:15,Amnat Charoen,department of highways,private/passenger car,failure to yield/signal,rear-end collision,2,0,0,clear,15.87398406,104.6475971,other,other,2022-04-16T08:10:00Z
6183672,16.04.2022 15:15,11.05.2022 09:24,Roi Et,department of highways,motorcycle,speeding,rear-end collision,2,1,0,foggy,15.97964548,103.6764121,straight road,no slope,2022-04-16T08:15:00Z
6109693,16.04.2022 15:30,17.04.2022 04:56,Phrae,department of highways,private/passenger car,cutting in closely by people/vehicles/animals,rear-end collision,2,0,0,clear,17.9774141,100.0356996,straight road,no slope,2022-04-16T08:30:00Z
6145650,16.04.2022 15:30,27.04.2022 15:37,Samut Prakan,expressway authority of thailand,4-wheel pickup truck,other,rear-end collision,2,0,0,clear,13.594232,100.806974,straight road,other,2022-04-16T08:30:00Z
6701534,16.04.2022 15:30,11.08.2022 11:07,Kanchanaburi,department of highways,4-wheel pickup truck,speeding,rollover/fallen on straight road,1,0,0,clear,13.78355129,99.55989181,other,other,2022-04-16T08:30:00Z
7371740,16.04.2022 15:30,23.11.2022 11:27,Surat Thani,department of highways,4-wheel pickup truck,speeding,rollover/fallen on straight road,1,0,0,clear,8.883418044,98.84571074,straight road,no slope,2022-04-16T08:30:00Z
6869812,16.04.2022 15:40,9.09.2022 11:26,Kalasin,department of highways,private/passenger car,speeding,rollover/fallen on straight road,1,0,0,clear,16.390061,103.2693386,straight road,no slope,2022-04-16T08:40:00Z
6110009,16.04.2022 15:47,17.04.2022 06:11,Bangkok,department of highways,4-wheel pickup truck,vehicle equipment failure,rollover/fallen on straight road,1,0,0,clear,13.72458039,100.8129582,straight road,no slope,2022-04-16T08:47:00Z
6107748,16.04.2022 15:50,16.04.2022 20:06,Bangkok,department of highways,private/passenger car,speeding,rear-end collision,2,0,1,clear,13.6496437,100.3857627,straight road,no slope,2022-04-16T08:50:00Z
6566485,16.04.2022 15:50,17.04.2022 13:47,Nakhon Pathom,department of rural roads,motorcycle,driving under the influence of alcohol,other,1,0,1,clear,13.830311,100.029891,straight road,no slope,2022-04-16T08:50:00Z
7371738,16.04.2022 15:57,23.11.2022 11:25,Udon Thani,department of highways,4-wheel pickup truck,falling asleep,rollover/fallen on straight road,1,0,2,clear,17.0605745,102.9218986,straight road,no slope,2022-04-16T08:57:00Z
6109896,16.04.2022 16:00,17.04.2022 05:49,Tak,department of highways,motorcycle,speeding,rear-end collision,2,0,2,clear,16.73329029,98.60538481,other,other,2022-04-16T09:00:00Z
6109912,16.04.2022 16:00,17.04.2022 05:54,Phetchabun,department of highways,4-wheel pickup truck,speeding,rollover/fallen on curved road,1,0,0,rainy,16.74153029,101.4086366,wide curve,no slope,2022-04-16T09:00:00Z
6190558,16.04.2022 16:05,12.05.2022 09:18,Suphan Buri,department of highways,private/passenger car,falling asleep,rollover/fallen on curved road,1,0,0,clear,14.60089151,100.1554978,wide curve,no slope,2022-04-16T09:05:00Z
6109023,16.04.2022 16:30,17.04.2022 00:42,Phatthalung,department of highways,4-wheel pickup truck,speeding,rear-end collision,2,0,0,clear,7.738761057,100.071786,straight road,no slope,2022-04-16T09:30:00Z
6109996,16.04.2022 16:30,17.04.2022 06:07,Sakon Nakhon,department of highways,motorcycle,speeding,rear-end collision,2,0,3,clear,17.20108717,104.0701738,straight road,no slope,2022-04-16T09:30:00Z
6110011,16.04.2022 16:30,17.04.2022 06:11,Bangkok,department of highways,large truck with trailer,speeding,rear-end collision,2,0,0,clear,13.91353159,100.7017591,straight road,no slope,2022-04-16T09:30:00Z
6107220,16.04.2022 16:34,16.04.2022 18:05,Bangkok,department of highways,4-wheel pickup truck,speeding,rear-end collision,5,0,0,clear,13.71805581,100.8161849,straight road,no slope,2022-04-16T09:34:00Z
6107594,16.04.2022 16:40,16.04.2022 19:31,Suphan Buri,department of highways,motorcycle,cutting in closely by people/vehicles/animals,head-on collision (not overtaking),2,0,1,clear,14.54962009,99.99419509,straight road,no slope,2022-04-16T09:40:00Z
7556719,16.04.2022 16:50,11.01.2023 14:54,Yala,department of highways,private/passenger car,speeding,head-on collision (not overtaking),2,0,6,clear,6.136514534,101.1915305,wide curve,no slope,2022-04-16T09:50:00Z
6109969,16.04.2022 16:55,17.04.2022 06:00,Phatthalung,department of highways,4-wheel pickup truck,speeding,rollover/fallen on straight road,1,0,0,rainy,7.220264793,100.1959079,straight road,no slope,2022-04-16T09:55:00Z
6115484,16.04.2022 17:00,18.04.2022 06:39,Nonthaburi,department of highways,motorcycle,speeding,collision with obstruction (on road surface),2,0,1,clear,13.97637963,100.3913873,straight road,no slope,2022-04-16T10:00:00Z
6117050,16.04.2022 17:00,18.04.2022 14:09,Satun,department of highways,motorcycle,speeding,rear-end collision,2,0,2,clear,6.753907483,100.0248125,straight road,no slope,2022-04-16T10:00:00Z
6772241,16.04.2022 17:00,23.08.2022 15:24,Kalasin,department of highways,4-wheel pickup truck,speeding,rollover/fallen on straight road,1,0,0,clear,16.7227021,103.6028096,straight road,no slope,2022-04-16T10:00:00Z
6950291,16.04.2022 17:00,21.09.2022 11:18,Phangnga,department of highways,motorcycle,speeding,rear-end collision,2,0,1,clear,8.536549446,98.28165291,other,other,2022-04-16T10:00:00Z
6566462,16.04.2022 17:15,18.04.2022 14:20,Loburi,department of rural roads,motorcycle,speeding,other,1,0,1,clear,15.324972,100.685643,straight road,no slope,2022-04-16T10:15:00Z
6566479,16.04.2022 17:15,17.04.2022 06:38,Ratchaburi,department of rural roads,motorcycle,speeding,other,1,0,1,clear,13.593076,99.89439,straight road,no slope,2022-04-16T10:15:00Z
6566490,16.04.2022 17:30,17.04.2022 13:49,Phitsanulok,department of rural roads,private/passenger car,cutting in closely by people/vehicles/animals,other,1,0,0,clear,17.145364,100.221514,straight road,no slope,2022-04-16T10:30:00Z
6107809,16.04.2022 17:40,16.04.2022 20:15,Nong Khai,department of highways,private/passenger car,speeding,rollover/fallen on straight road,1,0,0,clear,18.28345636,103.2797456,straight road,no slope,2022-04-16T10:40:00Z
6110081,16.04.2022 17:40,17.04.2022 06:43,Samut Prakan,department of highways,4-wheel pickup truck,speeding,rear-end collision,3,0,1,clear,13.64939087,100.5622414,straight road,no slope,2022-04-16T10:40:00Z
6122544,16.04.2022 17:40,19.04.2022 12:13,Maha Sarakham,department of highways,motorcycle,cutting in closely by people/vehicles/animals,other,2,0,1,clear,16.02581197,103.1621361,connecting to public/commercial area,other,2022-04-16T10:40:00Z
6113145,16.04.2022 17:50,17.04.2022 18:55,Suphan Buri,department of highways,motorcycle,cutting in closely by people/vehicles/animals,rear-end collision,2,1,0,clear,14.42881489,100.1449701,straight road,no slope,2022-04-16T10:50:00Z
6109615,16.04.2022 18:00,17.04.2022 04:42,Chiang Mai,department of highways,motorcycle,speeding,rollover/fallen on curved road,1,0,1,rainy,19.63060062,98.63257973,wide curve,no slope,2022-04-16T11:00:00Z
6110023,16.04.2022 18:00,17.04.2022 06:20,Phetchaburi,department of highways,motorcycle,cutting in closely by people/vehicles/animals,rear-end collision,3,0,2,clear,12.79167999,99.93996351,straight road,no slope,2022-04-16T11:00:00Z
6110033,16.04.2022 18:05,17.04.2022 06:25,Chumphon,department of highways,motorcycle,speeding,rear-end collision,2,0,1,clear,10.38171229,99.12982105,wide curve,no slope,2022-04-16T11:05:00Z
6110013,16.04.2022 18:15,17.04.2022 06:13,Phra Nakhon Si Ayutthaya,department of highways,private/passenger car,speeding,rollover/fallen on straight road,1,0,1,clear,14.30934759,100.3734621,straight road,no slope,2022-04-16T11:15:00Z
6109720,16.04.2022 18:30,17.04.2022 05:02,Uttaradit,department of highways,motorcycle,speeding,rollover/fallen on straight road,1,0,1,clear,17.66873717,100.1955432,straight road,no slope,2022-04-16T11:30:00Z
6109947,16.04.2022 18:30,17.04.2022 05:56,Nakhon Si Thammarat,department of highways,motorcycle,speeding,rear-end collision,2,0,1,rainy,8.004781084,99.90329771,other,other,2022-04-16T11:30:00Z
6121769,16.04.2022 18:30,19.04.2022 09:00,Chon Buri,department of highways,van,speeding,rollover/fallen on curved road,1,0,1,clear,13.31627143,101.1836502,wide curve,no slope,2022-04-16T11:30:00Z
6146423,16.04.2022 18:35,28.04.2022 13:54,Phayao,department of highways,private/passenger car,illegal overtaking,head-on collision (not overtaking),2,0,3,clear,19.1043503,100.2637061,straight road,slope area,2022-04-16T11:35:00Z
6183701,16.04.2022 18:40,11.05.2022 09:26,Roi Et,department of highways,van,running red lights/traffic signals,collision at intersection corner,2,0,1,clear,15.82482277,103.7194428,other,other,2022-04-16T11:40:00Z
6566478,16.04.2022 19:00,18.04.2022 14:22,Mae Hong Son,department of rural roads,motorcycle,driving under the influence of alcohol,other,1,0,1,clear,19.643573,98.092819,wide curve,slope area,2022-04-16T12:00:00Z
7331424,16.04.2022 19:05,10.05.2022 14:53,Kanchanaburi,department of highways,4-wheel pickup truck,speeding,head-on collision (not overtaking),2,0,3,clear,14.12051662,99.40296112,straight road,no slope,2022-04-16T12:05:00Z
7510986,16.04.2022 19:20,27.12.2022 09:09,Nonthaburi,department of highways,private/passenger car,cutting in closely by people/vehicles/animals,pedestrian collision,1,1,0,clear,13.8488409,100.4360247,straight road,no slope,2022-04-16T12:20:00Z
6108352,16.04.2022 19:28,16.04.2022 21:58,Chanthaburi,department of highways,pedestrian,speeding,pedestrian collision,1,0,1,clear,12.78476938,102.0989191,straight road,no slope,2022-04-16T12:28:00Z
6109915,16.04.2022 19:30,17.04.2022 05:53,Nakhon Si Thammarat,department of highways,private/passenger car,speeding,rollover/fallen on straight road,1,0,1,rainy,8.317744081,99.46640609,straight road,no slope,2022-04-16T12:30:00Z
6110015,16.04.2022 19:30,17.04.2022 06:10,Chanthaburi,department of highways,motorcycle,running red lights/traffic signals,collision with obstruction (on road surface),2,0,1,clear,13.10848715,102.2270322,straight road,no slope,2022-04-16T12:30:00Z
6111061,16.04.2022 19:30,17.04.2022 11:25,Samut Prakan,department of highways,motorcycle,speeding,rear-end collision,2,0,1,clear,13.64485038,100.5851179,straight road,no slope,2022-04-16T12:30:00Z
6146443,16.04.2022 19:30,28.04.2022 14:56,Yala,department of highways,large truck with trailer,speeding,rollover/fallen on curved road,1,0,0,rainy,6.201474784,101.1724868,wide curve,no slope,2022-04-16T12:30:00Z
6110031,16.04.2022 19:50,17.04.2022 06:28,Chon Buri,department of highways,motorcycle,speeding,rear-end collision,2,0,1,clear,13.24430569,101.1474162,other,other,2022-04-16T12:50:00Z
6566467,16.04.2022 20:07,17.04.2022 06:40,Samut Sakhon,department of rural roads,motorcycle,cutting in closely by people/vehicles/animals,other,2,1,0,clear,13.553188,100.212087,straight road,no slope,2022-04-16T13:07:00Z
6108397,16.04.2022 20:10,16.04.2022 22:08,Krabi,department of highways,private/passenger car,cutting in closely by people/vehicles/animals,rear-end collision,2,0,2,clear,8.105176256,98.95579128,connecting to public/commercial area,other,2022-04-16T13:10:00Z
6110076,16.04.2022 20:10,17.04.2022 06:40,Nonthaburi,department of highways,motorcycle,speeding,rear-end collision,2,0,4,clear,13.87543126,100.4290268,straight road,no slope,2022-04-16T13:10:00Z
6109918,16.04.2022 20:15,17.04.2022 05:52,Udon Thani,department of highways,4-wheel pickup truck,speeding,rollover/fallen on straight road,1,0,1,clear,17.76465694,103.2800808,straight road,no slope,2022-04-16T13:15:00Z
6115286,16.04.2022 20:30,18.04.2022 05:41,Mukdahan,department of highways,motorcycle,other,pedestrian collision,1,0,1,clear,16.48555002,104.7619691,straight road,no slope,2022-04-16T13:30:00Z
6566470,16.04.2022 20:50,17.04.2022 06:39,Phetchaburi,department of rural roads,motorcycle,driving under the influence of alcohol,other,1,0,1,clear,12.90062,99.880545,straight road,no slope,2022-04-16T13:50:00Z
6108860,16.04.2022 21:00,16.04.2022 23:59,Rayong,department of highways,private/passenger car,speeding,rear-end collision,4,0,2,clear,12.9020489,101.2446436,other,other,2022-04-16T14:00:00Z
6566481,16.04.2022 21:20,18.04.2022 14:29,Nakhon Si Thammarat,department of rural roads,motorcycle,driving under the influence of alcohol,other,1,0,1,clear,8.025219,100.07966,straight road,no slope,2022-04-16T14:20:00Z
6109723,16.04.2022 22:00,17.04.2022 05:01,Uttaradit,department of highways,motorcycle,speeding,rollover/fallen on straight road,1,0,1,clear,17.69547272,100.3071123,straight road,no slope,2022-04-16T15:00:00Z
6566488,16.04.2022 22:12,17.04.2022 13:48,Suphan Buri,department of rural roads,motorcycle,driving under the influence of alcohol,other,1,0,1,clear,14.812177,100.11167,wide curve,no slope,2022-04-16T15:12:00Z
6566465,16.04.2022 22:32,18.04.2022 14:30,Chachoengsao,department of rural roads,motorcycle,speeding,other,1,0,1,clear,13.658305,101.038107,straight road,no slope,2022-04-16T15:32:00Z
7284287,16.04.2022 22:45,10.11.2022 13:50,Udon Thani,department of highways,6-wheel truck,speeding,rollover/fallen on straight road,1,0,1,clear,17.06140529,102.9222715,straight road,no slope,2022-04-16T15:45:00Z
6944598,17.04.2022 00:01,20.09.2022 13:54,Phra Nakhon Si Ayutthaya,department of highways,6-wheel truck,speeding,rear-end collision,2,0,1,clear,14.42480935,100.6011817,straight road,no slope,2022-04-16T17:01:00Z
6113302,17.04.2022 00:15,17.04.2022 19:26,Chai Nat,department of highways,motorcycle,speeding,rear-end collision,2,1,0,clear,15.03984269,100.180158,straight road,no slope,2022-04-16T17:15:00Z
6113146,17.04.2022 00:30,17.04.2022 18:57,Kanchanaburi,department of highways,motorcycle,speeding,rear-end collision,2,1,1,clear,14.58968608,99.63688193,straight road,no slope,2022-04-16T17:30:00Z
6115320,17.04.2022 00:35,18.04.2022 05:54,Kamphaeng Phet,department of highways,private/passenger car,speeding,rollover/fallen on straight road,1,1,1,clear,16.38149716,99.56694602,straight road,no slope,2022-04-16T17:35:00Z
6110925,17.04.2022 01:10,17.04.2022 10:44,Songkhla,department of highways,large truck with trailer,speeding,rear-end collision,2,0,1,clear,6.987804537,100.646806,straight road,slope area,2022-04-16T18:10:00Z