acc_code,incident_datetime,report_datetime,province_en,agency,vehicle_type,presumed_cause,accident_type,number_of_vehicles_involved,number_of_fatalities,number_of_injuries,weather_condition,latitude,longitude,road_description,slope_description,incident_time
6113170,17.04.2022 01:30,17.04.2022 19:03,Suphan Buri,department of highways,motorcycle,speeding,rollover/fallen on curved road,1,1,0,clear,14.43958171,100.1129445,wide curve,no slope,2022-04-16T18:30:00Z
6121761,17.04.2022 02:00,19.04.2022 09:01,Lamphun,department of highways,motorcycle,driving under the influence of alcohol,rollover/fallen on straight road,1,0,1,clear,18.29916177,98.81519793,straight road,no slope,2022-04-16T19:00:00Z
6566497,17.04.2022 02:15,18.04.2022 06:40,Samut Sakhon,department of rural roads,motorcycle,speeding,other,1,1,0,clear,13.590201,100.099727,straight road,no slope,2022-04-16T19:15:00Z
6115354,17.04.2022 02:30,18.04.2022 05:55,Tak,department of highways,motorcycle,cutting in closely by people/vehicles/animals,rollover/fallen on straight road,1,0,2,clear,16.70476607,98.54418753,straight road,no slope,2022-04-16T19:30:00Z
6122633,17.04.2022 03:00,19.04.2022 12:37,Lamphun,department of highways,private/passenger car,speeding,rollover/fallen on straight road,1,0,1,clear,18.45640961,98.90836983,straight road,no slope,2022-04-16T20:00:00Z
6190854,17.04.2022 03:16,12.05.2022 10:42,Ubon Ratchathani,department of highways,private/passenger car,speeding,rollover/fallen on straight road,1,0,1,clear,15.88193008,105.1837545,straight road,no slope,2022-04-16T20:16:00Z
6115335,17.04.2022 03:45,18.04.2022 05:53,Kamphaeng Phet,department of highways,4-wheel pickup truck,speeding,rear-end collision,3,1,1,clear,16.03104777,99.82413767,straight road,no slope,2022-04-16T20:45:00Z
6113162,17.04.2022 03:50,17.04.2022 19:00,Kanchanaburi,department of highways,private/passenger car,speeding,rollover/fallen on straight road,1,0,1,clear,14.03787044,99.79183315,other,other,2022-04-16T20:50:00Z
6121779,17.04.2022 04:25,19.04.2022 09:07,Chanthaburi,department of highways,private/passenger car,falling asleep,rollover/fallen on straight road,1,0,1,clear,12.66142683,102.1859166,straight road,no slope,2022-04-16T21:25:00Z
6122165,17.04.2022 04:28,19.04.2022 10:43,Chanthaburi,department of highways,4-wheel pickup truck,speeding,rollover/fallen on curved road,1,0,1,clear,12.62383894,102.1052411,wide curve,slope area,2022-04-16T21:28:00Z
6112477,17.04.2022 04:45,17.04.2022 16:37,Phrae,department of highways,4-wheel pickup truck,speeding,rollover/fallen on curved road,1,0,1,clear,17.98575652,99.90551858,wide curve,slope area,2022-04-16T21:45:00Z
6113516,17.04.2022 04:50,17.04.2022 20:14,Phatthalung,department of highways,4-wheel pickup truck,falling asleep,rollover/fallen on straight road,1,0,1,clear,7.618612357,100.0497436,other,other,2022-04-16T21:50:00Z
6115449,17.04.2022 04:56,18.04.2022 06:22,Ratchaburi,department of highways,motorcycle,speeding,rear-end collision,2,1,0,clear,13.59067051,99.8205462,straight road,no slope,2022-04-16T21:56:00Z
6115514,17.04.2022 05:00,18.04.2022 06:47,Nakhon Ratchasima,department of highways,private/passenger car,speeding,collision with obstruction (on road surface),1,0,0,clear,14.6865759,102.017447,other,other,2022-04-16T22:00:00Z
7557910,17.04.2022 05:12,12.01.2023 11:36,Songkhla,department of highways,private/passenger car,speeding,rollover/fallen on straight road,1,1,0,clear,6.720699298,100.4471853,straight road,no slope,2022-04-16T22:12:00Z
6115309,17.04.2022 05:20,18.04.2022 05:49,Suphan Buri,department of highways,4-wheel pickup truck,falling asleep,collision with obstruction (on road surface),2,0,5,foggy,14.79481281,100.1392141,other,other,2022-04-16T22:20:00Z
6115344,17.04.2022 05:25,18.04.2022 05:58,Nakhon Ratchasima,department of highways,motorcycle,cutting in closely by people/vehicles/animals,head-on collision (not overtaking),2,0,1,clear,14.51986313,102.300632,straight road,no slope,2022-04-16T22:25:00Z
6121737,17.04.2022 05:25,19.04.2022 08:55,Kalasin,department of highways,pedestrian,speeding,pedestrian collision,1,1,0,clear,16.28475221,103.5507372,straight road,no slope,2022-04-16T22:25:00Z
6183670,17.04.2022 05:40,11.05.2022 09:23,Roi Et,department of highways,4-wheel pickup truck,speeding,rollover/fallen on straight road,1,0,0,clear,15.76979015,103.7349647,straight road,no slope,2022-04-16T22:40:00Z
6277559,17.04.2022 05:40,30.05.2022 15:28,Ratchaburi,department of highways,large truck with trailer,falling asleep,rollover/fallen on straight road,1,0,0,clear,13.36662011,99.82351004,other,other,2022-04-16T22:40:00Z
6566509,17.04.2022 05:40,18.04.2022 12:35,Nakhon Pathom,department of rural roads,motorcycle,abrupt lane change,other,2,0,1,clear,13.829307,100.295514,straight road,no slope,2022-04-16T22:40:00Z
6115501,17.04.2022 06:00,18.04.2022 06:43,Rayong,department of highways,6-wheel truck,speeding,rollover/fallen on straight road,1,0,0,rainy,12.68332743,101.5274745,other,other,2022-04-16T23:00:00Z
6122166,17.04.2022 06:00,19.04.2022 10:41,Nakhon Sawan,department of highways,private/passenger car,speeding,rollover/fallen on straight road,1,0,1,clear,15.6424635,100.4901194,other,other,2022-04-16T23:00:00Z
6115235,17.04.2022 06:05,18.04.2022 04:44,Chiang Mai,department of highways,motorcycle,speeding,rollover/fallen on curved road,1,0,1,clear,18.56367464,98.48443596,wide curve,slope area,2022-04-16T23:05:00Z
6113210,17.04.2022 06:20,17.04.2022 19:10,Phra Nakhon Si Ayutthaya,department of highways,4-wheel pickup truck,speeding,rear-end collision,2,1,0,clear,14.5912461,100.5455983,straight road,no slope,2022-04-16T23:20:00Z
6566513,17.04.2022 06:25,19.04.2022 09:01,Lamphun,department of rural roads,motorcycle,speeding,other,1,0,1,clear,17.916242,98.946697,y-intersection,other,2022-04-16T23:25:00Z
6112614,17.04.2022 06:30,17.04.2022 17:03,Uttaradit,department of highways,motorcycle,running red lights/traffic signals,collision with obstruction (on road surface),2,0,1,clear,17.52650342,100.0997856,straight road,no slope,2022-04-16T23:30:00Z
6113296,17.04.2022 06:35,17.04.2022 19:27,Chai Nat,department of highways,motorcycle,speeding,rear-end collision,2,0,1,clear,14.96372259,99.96853708,wide curve,no slope,2022-04-16T23:35:00Z
6115370,17.04.2022 07:00,18.04.2022 06:01,Nakhon Ratchasima,department of highways,motorcycle,speeding,rear-end collision,3,1,1,clear,14.4602619,102.3411253,connecting to private area,other,2022-04-17T00:00:00Z
6115327,17.04.2022 07:15,18.04.2022 05:53,Nakhon Ratchasima,department of highways,private/passenger car,speeding,rear-end collision,2,0,2,clear,14.65245719,101.3517523,wide curve,no slope,2022-04-17T00:15:00Z
6566500,17.04.2022 07:20,19.04.2022 08:55,Chumphon,department of rural roads,motorcycle,speeding,other,2,1,0,clear,10.39503,99.236348,straight road,no slope,2022-04-17T00:20:00Z
7008494,17.04.2022 07:52,30.09.2022 13:10,Nakhon Ratchasima,department of highways,4-wheel pickup truck,speeding,rollover/fallen on straight road,1,0,1,clear,15.0601292,102.1725109,straight road,no slope,2022-04-17T00:52:00Z
6115400,17.04.2022 08:00,18.04.2022 06:07,Surat Thani,department of highways,private/passenger car,falling asleep,rollover/fallen on straight road,1,0,0,clear,9.574810294,99.12968157,other,other,2022-04-17T01:00:00Z
6115429,17.04.2022 08:00,18.04.2022 06:14,Suphan Buri,department of highways,motorcycle,running red lights/traffic signals,collision with obstruction (on road surface),2,0,2,clear,14.38197513,99.90795134,connecting to public/commercial area,other,2022-04-17T01:00:00Z
6115461,17.04.2022 08:00,18.04.2022 06:32,Chanthaburi,department of highways,motorcycle,speeding,rollover/fallen on straight road,1,0,1,clear,12.72306766,101.9475245,straight road,no slope,2022-04-17T01:00:00Z
6110936,17.04.2022 08:10,17.04.2022 10:46,Nakhon Phanom,department of highways,motorcycle,vehicle equipment failure,rollover/fallen on straight road,1,1,0,clear,17.36616766,104.7919053,straight road,no slope,2022-04-17T01:10:00Z
6112616,17.04.2022 08:30,17.04.2022 17:04,Uttaradit,department of highways,6-wheel truck,falling asleep,rollover/fallen on straight road,1,0,1,clear,17.32064874,100.2288911,straight road,no slope,2022-04-17T01:30:00Z
6115460,17.04.2022 08:40,18.04.2022 06:30,Chon Buri,department of highways,motorcycle,speeding,rear-end collision,2,0,1,clear,13.28578883,101.1774891,straight road,no slope,2022-04-17T01:40:00Z
6113085,17.04.2022 08:50,17.04.2022 18:46,Saraburi,department of highways,4-wheel pickup truck,vehicle equipment failure,rollover/fallen on straight road,1,0,2,clear,14.57868254,101.000061,straight road,no slope,2022-04-17T01:50:00Z
6453048,17.04.2022 09:00,28.06.2022 12:32,Udon Thani,department of highways,4-wheel pickup truck,speeding,rollover/fallen on straight road,1,0,1,clear,17.35133474,102.8927994,straight road,no slope,2022-04-17T02:00:00Z
6944541,17.04.2022 09:05,20.09.2022 13:42,Buri Ram,department of highways,motorcycle,cutting in closely by people/vehicles/animals,rear-end collision,2,0,1,clear,14.82351079,103.0646324,straight road,no slope,2022-04-17T02:05:00Z
6111238,17.04.2022 09:30,17.04.2022 12:09,Phatthalung,department of highways,private/passenger car,speeding,rear-end collision,2,0,0,clear,7.839247677,99.93965237,straight road,no slope,2022-04-17T02:30:00Z
6113474,17.04.2022 09:30,17.04.2022 20:04,Amnat Charoen,department of highways,4-wheel pickup truck,speeding,other,2,1,0,clear,15.82449504,104.9567941,connecting to private area,other,2022-04-17T02:30:00Z
6115509,17.04.2022 09:30,18.04.2022 06:45,Rayong,department of highways,6-wheel truck,speeding,rollover/fallen on straight road,1,0,1,rainy,12.65380606,101.4540946,straight road,no slope,2022-04-17T02:30:00Z
7554601,17.04.2022 09:30,9.01.2023 13:40,Nakhon Ratchasima,department of highways,other,speeding,rollover/fallen on straight road,1,0,0,clear,14.91954494,101.949209,other,other,2022-04-17T02:30:00Z
6242107,17.04.2022 09:35,24.05.2022 09:46,Trat,department of highways,private/passenger car,speeding,rollover/fallen on straight road,1,0,1,clear,12.20731604,102.4847844,straight road,no slope,2022-04-17T02:35:00Z
6115511,17.04.2022 10:00,18.04.2022 06:47,Rayong,department of highways,4-wheel pickup truck,vehicle equipment failure,rollover/fallen on straight road,1,0,0,rainy,12.81699289,101.137189,straight road,no slope,2022-04-17T03:00:00Z
7567548,17.04.2022 10:00,23.01.2023 17:31,Rayong,department of highways,4-wheel pickup truck,speeding,rollover/fallen on straight road,1,0,1,rainy,12.65409917,101.4552453,straight road,no slope,2022-04-17T03:00:00Z
7570952,17.04.2022 10:00,26.01.2023 09:46,Ranong,department of highways,4-wheel pickup truck,falling asleep,rollover/fallen on curved road,1,0,3,clear,9.902029568,98.62733601,wide curve,no slope,2022-04-17T03:00:00Z
7331428,17.04.2022 10:10,17.04.2022 19:54,Kanchanaburi,department of highways,private/passenger car,speeding,rear-end collision,2,0,2,clear,14.03140932,99.55191492,other,other,2022-04-17T03:10:00Z
6112612,17.04.2022 10:20,17.04.2022 17:04,Uttaradit,department of highways,motorcycle,speeding,rollover/fallen on straight road,1,0,2,clear,17.69040037,100.2801347,straight road,no slope,2022-04-17T03:20:00Z
6113263,17.04.2022 10:20,17.04.2022 19:22,Ang Thong,department of highways,private/passenger car,speeding,rear-end collision,2,0,1,clear,14.61543151,100.4187271,straight road,no slope,2022-04-17T03:20:00Z
6113514,17.04.2022 10:20,17.04.2022 20:12,Phatthalung,department of highways,4-wheel pickup truck,speeding,rear-end collision,3,0,1,clear,7.715161965,99.98830228,other,other,2022-04-17T03:20:00Z
6115402,17.04.2022 10:35,18.04.2022 06:07,Chanthaburi,department of highways,4-wheel pickup truck,speeding,rollover/fallen on straight road,1,0,4,rainy,12.68750374,101.9999993,straight road,no slope,2022-04-17T03:35:00Z
7331440,17.04.2022 10:37,9.09.2022 10:32,Sukhothai,department of highways,4-wheel pickup truck,falling asleep,rollover/fallen on curved road,1,0,1,clear,17.39768811,99.78814243,wide curve,no slope,2022-04-17T03:37:00Z
6566515,17.04.2022 10:55,18.04.2022 12:39,Kalasin,department of rural roads,motorcycle,speeding,other,1,1,0,clear,16.604323,103.469807,t-intersection,other,2022-04-17T03:55:00Z
6113511,17.04.2022 11:00,17.04.2022 20:14,Trang,department of highways,4-wheel pickup truck,speeding,rollover/fallen on straight road,1,0,0,clear,7.675333687,99.5669943,straight road,no slope,2022-04-17T04:00:00Z
6219003,17.04.2022 11:05,17.05.2022 09:59,Nakhon Si Thammarat,department of highways,motorcycle,speeding,rear-end collision,2,0,2,clear,8.273419863,100.0008926,straight road,no slope,2022-04-17T04:05:00Z
6112498,17.04.2022 11:10,17.04.2022 16:40,Chiang Rai,department of highways,private/passenger car,cutting in closely by people/vehicles/animals,head-on collision (not overtaking),2,0,1,clear,19.61516915,100.0072574,wide curve,no slope,2022-04-17T04:10:00Z
6113509,17.04.2022 11:22,17.04.2022 20:10,Amnat Charoen,department of highways,4-wheel pickup truck,failure to yield/signal,rear-end collision,3,0,0,clear,15.87042374,104.6397382,connecting to public/commercial area,other,2022-04-17T04:22:00Z
6112638,17.04.2022 11:30,17.04.2022 17:06,Mae Hong Son,department of highways,motorcycle,speeding,rollover/fallen on straight road,1,0,1,clear,18.8367267,98.01573871,straight road,no slope,2022-04-17T04:30:00Z
6115323,17.04.2022 11:30,18.04.2022 05:52,Kamphaeng Phet,department of highways,private/passenger car,speeding,rear-end collision,4,0,0,clear,16.45288612,99.49735342,straight road,no slope,2022-04-17T04:30:00Z
7414080,17.04.2022 11:30,28.11.2022 09:57,Ubon Ratchathani,department of highways,private/passenger car,driving under the influence of alcohol,other,2,0,6,clear,15.40567199,105.47497,other,other,2022-04-17T04:30:00Z
6113244,17.04.2022 11:45,17.04.2022 19:18,Kanchanaburi,department of highways,van,falling asleep,rollover/fallen on straight road,1,0,5,clear,14.08750544,99.36717509,straight road,no slope,2022-04-17T04:45:00Z
6115500,17.04.2022 11:45,18.04.2022 06:41,Samut Prakan,department of highways,motorcycle,cutting in closely by people/vehicles/animals,rear-end collision,2,0,1,clear,13.52146263,100.6560141,straight road,no slope,2022-04-17T04:45:00Z
6112421,17.04.2022 11:57,17.04.2022 16:28,Rayong,department of highways,motorcycle,speeding,rear-end collision,2,0,1,clear,12.8852999,101.5552407,straight road,no slope,2022-04-17T04:57:00Z
6112337,17.04.2022 12:00,17.04.2022 16:07,Rayong,department of highways,4-wheel pickup truck,speeding,rollover/fallen on straight road,1,0,0,rainy,12.78337781,101.1614817,straight road,no slope,2022-04-17T05:00:00Z
6115324,17.04.2022 12:00,18.04.2022 05:51,Kamphaeng Phet,department of highways,private/passenger car,speeding,rear-end collision,2,0,0,clear,16.45254913,99.49759482,straight road,no slope,2022-04-17T05:00:00Z
6115431,17.04.2022 12:10,18.04.2022 06:10,Surin,department of highways,4-wheel pickup truck,speeding,collision at intersection corner,2,0,8,clear,14.51663042,103.6433217,other,other,2022-04-17T05:10:00Z
6112472,17.04.2022 12:19,17.04.2022 16:38,Phrae,department of highways,motorcycle,cutting in closely by people/vehicles/animals,rear-end collision,2,0,1,clear,17.94207818,100.0630045,straight road,no slope,2022-04-17T05:19:00Z
6115306,17.04.2022 12:25,18.04.2022 05:45,Narathiwat,department of highways,motorcycle,speeding,rollover/fallen on straight road,1,0,1,clear,6.404754129,101.7856318,straight road,no slope,2022-04-17T05:25:00Z
6112526,17.04.2022 12:30,17.04.2022 16:45,Phayao,department of highways,private/passenger car,illegal overtaking,rear-end collision,3,0,0,clear,19.25689622,100.0466162,other,other,2022-04-17T05:30:00Z
6331106,17.04.2022 12:30,8.06.2022 12:15,Si Sa Ket,department of highways,4-wheel pickup truck,falling asleep,rollover/fallen on straight road,1,0,5,clear,14.85723714,104.5015481,straight road,no slope,2022-04-17T05:30:00Z
6116829,17.04.2022 12:40,18.04.2022 13:19,Chon Buri,department of highways,4-wheel pickup truck,speeding,rollover/fallen on straight road,1,0,0,rainy,13.19185554,101.248109,straight road,no slope,2022-04-17T05:40:00Z
6122474,17.04.2022 12:48,19.04.2022 11:59,Udon Thani,department of highways,4-wheel pickup truck,speeding,rollover/fallen on straight road,1,0,3,clear,17.08921162,102.9358327,straight road,no slope,2022-04-17T05:48:00Z
6111985,17.04.2022 12:59,17.04.2022 14:48,Nakhon Sawan,department of highways,private/passenger car,speeding,rollover/fallen on straight road,1,0,2,clear,15.59550674,100.3924441,straight road,no slope,2022-04-17T05:59:00Z
6113540,17.04.2022 13:08,17.04.2022 20:16,Sakon Nakhon,department of highways,motorcycle,speeding,rollover/fallen on straight road,1,0,1,clear,17.26263733,104.1477781,straight road,no slope,2022-04-17T06:08:00Z
6566537,17.04.2022 13:10,18.04.2022 12:36,Nonthaburi,department of rural roads,motorcycle,speeding,other,1,0,1,rainy,13.879447,100.37524,sharp curve,no slope,2022-04-17T06:10:00Z
6122570,17.04.2022 13:19,19.04.2022 12:16,Bangkok,department of highways,private/passenger car,speeding,rear-end collision,3,0,0,clear,13.89083045,100.689598,straight road,no slope,2022-04-17T06:19:00Z
6113449,17.04.2022 13:30,17.04.2022 19:55,Surin,department of highways,motorcycle,cutting in closely by people/vehicles/animals,rear-end collision,2,0,1,clear,14.61896644,103.3637416,straight road,no slope,2022-04-17T06:30:00Z
6115302,17.04.2022 13:30,18.04.2022 05:46,Songkhla,department of highways,motorcycle,running red lights/traffic signals,collision with obstruction (on road surface),2,0,1,clear,6.955083902,100.5589181,straight road,no slope,2022-04-17T06:30:00Z
6219768,17.04.2022 13:30,17.05.2022 12:40,Nakhon Si Thammarat,department of highways,motorized tricycle,speeding,rear-end collision,2,0,2,clear,8.016372029,99.58401291,straight road,no slope,2022-04-17T06:30:00Z
6112639,17.04.2022 13:40,17.04.2022 17:05,Lampang,department of highways,4-wheel pickup truck,speeding,rear-end collision,2,0,0,clear,17.44982545,99.15973573,straight road,no slope,2022-04-17T06:40:00Z
6115446,17.04.2022 13:40,18.04.2022 06:17,Chon Buri,department of highways,4-wheel pickup truck,speeding,rear-end collision,2,0,0,rainy,13.34558362,101.0307455,other,other,2022-04-17T06:40:00Z
6121735,17.04.2022 13:58,19.04.2022 08:56,Phra Nakhon Si Ayutthaya,department of highways,motorcycle,speeding,rollover/fallen on straight road,1,0,2,clear,14.20107864,100.6580338,straight road,no slope,2022-04-17T06:58:00Z
6115285,17.04.2022 14:00,18.04.2022 05:43,Narathiwat,department of highways,motorcycle,cutting in closely by people/vehicles/animals,rear-end collision,2,0,1,clear,6.031262694,101.8548086,straight road,no slope,2022-04-17T07:00:00Z
6121474,17.04.2022 14:00,19.04.2022 07:25,Kalasin,department of highways,private/passenger car,falling asleep,rear-end collision,2,0,1,clear,16.47592556,103.5281181,straight road,no slope,2022-04-17T07:00:00Z
6121762,17.04.2022 14:00,19.04.2022 09:03,Lamphun,department of highways,motorcycle,speeding,rollover/fallen on curved road,1,0,1,clear,18.5087114,99.09981249,wide curve,no slope,2022-04-17T07:00:00Z
6121780,17.04.2022 14:00,19.04.2022 09:07,Lamphun,department of highways,motorcycle,speeding,rollover/fallen on curved road,1,0,1,clear,18.42242272,99.01428221,wide curve,no slope,2022-04-17T07:00:00Z
6121787,17.04.2022 14:00,19.04.2022 09:05,Suphan Buri,department of highways,private/passenger car,speeding,head-on collision (not overtaking),2,0,1,clear,14.16955631,100.0732291,straight road,no slope,2022-04-17T07:00:00Z
6115347,17.04.2022 14:10,18.04.2022 05:58,Phetchabun,department of highways,4-wheel pickup truck,speeding,rollover/fallen on curved road,1,0,2,rainy,16.74164844,101.4085239,wide curve,slope area,2022-04-17T07:10:00Z
6115348,17.04.2022 14:20,18.04.2022 05:56,Nakhon Ratchasima,department of highways,large truck with trailer,speeding,rear-end collision,2,0,0,clear,14.38927841,101.8664011,straight road,no slope,2022-04-17T07:20:00Z
7331431,17.04.2022 14:20,17.04.2022 19:24,Suphan Buri,department of highways,motorcycle,running red lights/traffic signals,collision with obstruction (on road surface),2,0,1,clear,14.60858989,100.1005661,wide curve,no slope,2022-04-17T07:20:00Z
6128590,17.04.2022 14:25,20.04.2022 13:59,Nan,department of highways,motorcycle,speeding,rear-end collision,2,0,1,clear,19.14046022,100.9472966,wide curve,no slope,2022-04-17T07:25:00Z
6288930,17.04.2022 14:28,1.06.2022 11:02,Tak,department of highways,4-wheel pickup truck,speeding,rollover/fallen on straight road,1,0,0,rainy,16.76657685,98.88107298,straight road,no slope,2022-04-17T07:28:00Z
6122284,17.04.2022 14:30,19.04.2022 11:08,Tak,department of highways,private/passenger car,cutting in closely by people/vehicles/animals,rear-end collision,2,0,2,clear,16.76702885,99.18976306,connecting to public/commercial area,other,2022-04-17T07:30:00Z
6114307,17.04.2022 14:34,17.04.2022 23:26,Chachoengsao,department of highways,private/passenger car,speeding,rear-end collision,5,0,0,clear,13.52429736,101.021508,straight road,no slope,2022-04-17T07:34:00Z
6122523,17.04.2022 14:40,19.04.2022 12:07,Chachoengsao,department of highways,private/passenger car,speeding,rear-end collision,2,0,0,clear,13.5270773,101.01916369999999,straight road,no slope,2022-04-17T07:40:00Z
6113019,17.04.2022 15:00,17.04.2022 18:33,Saraburi,department of highways,4-wheel pickup truck,speeding,rollover/fallen on curved road,1,0,0,rainy,14.68730238,101.0922539,wide curve,no slope,2022-04-17T08:00:00Z
6113303,17.04.2022 15:00,17.04.2022 19:27,Khon Kaen,department of highways,4-wheel pickup truck,speeding,rollover/fallen on curved road,1,0,1,clear,16.54093926,102.8296548,wide curve,slope area,2022-04-17T08:00:00Z
6115282,17.04.2022 15:00,18.04.2022 05:43,Tak,department of highways,motorcycle,speeding,rollover/fallen on curved road,1,0,1,clear,16.05486617,98.83043288,wide curve,no slope,2022-04-17T08:00:00Z
6122065,17.04.2022 15:00,19.04.2022 10:18,Chon Buri,department of highways,private/passenger car,speeding,rear-end collision,3,0,0,clear,13.33208808,100.9784853,straight road,no slope,2022-04-17T08:00:00Z
6938096,17.04.2022 15:00,19.09.2022 14:42,Roi Et,department of highways,motorcycle,cutting in closely by people/vehicles/animals,rear-end collision,2,1,0,clear,15.64667612,103.9129802,connecting to public/commercial area,other,2022-04-17T08:00:00Z
6116847,17.04.2022 15:10,18.04.2022 13:21,Rayong,department of highways,private/passenger car,speeding,rollover/fallen on straight road,1,0,2,clear,12.66560089,101.5115583,other,other,2022-04-17T08:10:00Z
7331434,17.04.2022 15:20,18.04.2022 06:27,Chon Buri,department of highways,4-wheel pickup truck,driving under the influence of alcohol,rear-end collision,2,0,3,clear,13.2952175,101.2766263,wide curve,slope area,2022-04-17T08:20:00Z
6113513,17.04.2022 15:30,17.04.2022 20:10,Phatthalung,department of highways,private/passenger car,speeding,rollover/fallen on curved road,1,0,1,clear,7.577371229,99.87462489,wide curve,no slope,2022-04-17T08:30:00Z
6122118,17.04.2022 15:30,19.04.2022 10:32,Phetchaburi,department of highways,private/passenger car,speeding,rollover/fallen on straight road,1,0,2,clear,12.93150464,99.82335447,straight road,no slope,2022-04-17T08:30:00Z
7418438,17.04.2022 15:30,30.11.2022 09:04,Phayao,department of highways,4-wheel pickup truck,speeding,rollover/fallen on curved road,1,0,2,clear,19.08063344,99.81228767,wide curve,no slope,2022-04-17T08:30:00Z
6115266,17.04.2022 15:40,18.04.2022 04:54,Lampang,department of highways,large truck with trailer,speeding,rollover/fallen on curved road,1,0,0,clear,18.43673635,99.77097629,wide curve,no slope,2022-04-17T08:40:00Z
6242278,17.04.2022 15:40,24.05.2022 13:15,Ang Thong,department of highways,large truck with trailer,speeding,rollover/fallen on straight road,1,0,0,rainy,14.50150742,100.3652412,straight road,no slope,2022-04-17T08:40:00Z
6115350,17.04.2022 16:00,18.04.2022 05:57,Loei,department of highways,4-wheel pickup truck,speeding,rollover/fallen on straight road,1,0,3,rainy,17.56253775,101.7040443,straight road,no slope,2022-04-17T09:00:00Z
7434529,17.04.2022 16:00,6.12.2022 11:28,Krabi,department of highways,private/passenger car,speeding,head-on collision (not overtaking),2,0,0,clear,7.839598419,99.1164556,wide curve,no slope,2022-04-17T09:00:00Z
6115237,17.04.2022 16:05,18.04.2022 04:43,Chiang Mai,department of highways,motorcycle,speeding,rollover/fallen on curved road,1,0,2,clear,18.52899694,98.62800388,wide curve,slope area,2022-04-17T09:05:00Z
6566506,17.04.2022 16:05,18.04.2022 06:36,Phetchaburi,department of rural roads,motorcycle,cutting in closely by people/vehicles/animals,other,1,0,1,clear,12.855135,99.793312,t-intersection,other,2022-04-17T09:05:00Z
6113421,17.04.2022 16:20,17.04.2022 19:52,Surin,department of highways,motorized tricycle,speeding,rear-end collision,2,0,1,clear,14.91336862,103.5260635,straight road,no slope,2022-04-17T09:20:00Z
6121757,17.04.2022 16:20,19.04.2022 09:00,Suphan Buri,department of highways,4-wheel pickup truck,speeding,rear-end collision,2,0,2,clear,14.59775342,100.1533064,straight road,no slope,2022-04-17T09:20:00Z
6566507,17.04.2022 16:20,18.04.2022 06:45,Songkhla,department of rural roads,motorcycle,driving under the influence of alcohol,other,1,1,0,clear,7.095275,100.571342,wide curve,no slope,2022-04-17T09:20:00Z
6121710,17.04.2022 16:30,19.04.2022 08:51,Phra Nakhon Si Ayutthaya,department of highways,4-wheel pickup truck,speeding,rollover/fallen on straight road,1,0,0,clear,14.13714526,100.5405852,straight road,no slope,2022-04-17T09:30:00Z
6121714,17.04.2022 16:30,19.04.2022 08:54,Phra Nakhon Si Ayutthaya,department of highways,4-wheel pickup truck,speeding,head-on collision (not overtaking),2,0,1,rainy,14.31953282,100.6506443,straight road,no slope,2022-04-17T09:30:00Z
6284342,17.04.2022 16:40,31.05.2022 16:36,Phetchabun,department of highways,private/passenger car,speeding,rollover/fallen on straight road,1,0,0,rainy,16.7424755,101.2215042,straight road,no slope,2022-04-17T09:40:00Z
6566498,17.04.2022 16:40,18.04.2022 06:36,Samut Sakhon,department of rural roads,motorcycle,driving under the influence of alcohol,other,2,0,2,clear,13.485453,100.088854,straight road,no slope,2022-04-17T09:40:00Z
6374603,17.04.2022 16:45,15.06.2022 10:19,Phatthalung,department of highways,large truck with trailer,falling asleep,collision with obstruction (on road surface),1,0,0,clear,7.401587154,100.0964033,other,other,2022-04-17T09:45:00Z
6122547,17.04.2022 17:00,19.04.2022 12:12,Ratchaburi,department of highways,motorcycle,speeding,rear-end collision,2,0,2,clear,13.54779539,99.8401451,straight road,no slope,2022-04-17T10:00:00Z
6122549,17.04.2022 17:00,19.04.2022 12:11,Tak,department of highways,4-wheel pickup truck,speeding,rollover/fallen on curved road,1,0,0,rainy,16.74341043,98.83923052,wide curve,no slope,2022-04-17T10:00:00Z
6549725,17.04.2022 17:00,14.07.2022 14:04,Udon Thani,department of highways,4-wheel pickup truck,speeding,rollover/fallen on curved road,1,0,0,rainy,17.80301098,102.3206144,wide curve,no slope,2022-04-17T10:00:00Z
6566505,17.04.2022 17:00,18.04.2022 14:31,Pathum Thani,department of rural roads,motorcycle,driving under the influence of alcohol,other,1,0,1,rainy,14.095034,100.84609,straight road,no slope,2022-04-17T10:00:00Z
6566503,17.04.2022 17:10,18.04.2022 06:36,Ratchaburi,department of rural roads,motorcycle,abrupt lane change,other,2,0,2,clear,13.58484,99.879512,straight road,no slope,2022-04-17T10:10:00Z
7331438,17.04.2022 17:20,18.04.2022 06:31,Suphan Buri,department of highways,motorcycle,illegal overtaking,rear-end collision,2,1,1,foggy,14.46547709,100.129931,other,other,2022-04-17T10:20:00Z
6118014,17.04.2022 17:30,18.04.2022 17:17,Trang,department of highways,private/passenger car,speeding,rear-end collision,2,0,1,clear,7.647397972,99.56606089,other,other,2022-04-17T10:30:00Z
6288920,17.04.2022 17:30,1.06.2022 11:03,Tak,department of highways,private/passenger car,speeding,rollover/fallen on curved road,1,0,0,clear,16.74163303,98.84798525,wide curve,no slope,2022-04-17T10:30:00Z
6113403,17.04.2022 17:35,17.04.2022 19:49,Suphan Buri,department of highways,motorcycle,speeding,rollover/fallen on curved road,1,0,1,clear,14.30333603,99.96175645,wide curve,no slope,2022-04-17T10:35:00Z