acc_code,incident_datetime,report_datetime,province_en,agency,vehicle_type,presumed_cause,accident_type,number_of_vehicles_involved,number_of_fatalities,number_of_injuries,weather_condition,latitude,longitude,road_description,slope_description,incident_time
6116381,17.04.2022 17:45,18.04.2022 11:16,Kalasin,department of highways,4-wheel pickup truck,speeding,rollover/fallen on straight road,1,0,1,clear,16.31262798,103.5738095,straight road,no slope,2022-04-17T10:45:00Z
6115403,17.04.2022 17:50,18.04.2022 06:08,Chumphon,department of highways,4-wheel pickup truck,speeding,rollover/fallen on straight road,1,0,0,clear,10.65466918,99.18880014,other,other,2022-04-17T10:50:00Z
6115268,17.04.2022 18:00,18.04.2022 04:53,Mae Hong Son,department of highways,van,speeding,rollover/fallen on curved road,1,0,0,clear,19.26586734,98.51786433,sharp curve,slope area,2022-04-17T11:00:00Z
6115278,17.04.2022 18:00,18.04.2022 04:59,Phitsanulok,department of highways,motorcycle,speeding,rear-end collision,2,0,1,clear,16.83983554,100.3838396,straight road,no slope,2022-04-17T11:00:00Z
6115253,17.04.2022 18:12,18.04.2022 04:45,Chiang Mai,department of highways,motorcycle,speeding,rollover/fallen on straight road,1,0,1,clear,19.322835,99.18985425,straight road,no slope,2022-04-17T11:12:00Z
6115453,17.04.2022 18:30,18.04.2022 06:26,Chon Buri,department of highways,motorcycle,cutting in closely by people/vehicles/animals,rear-end collision,2,0,2,clear,13.11959447,101.0290262,straight road,no slope,2022-04-17T11:30:00Z
6566512,17.04.2022 18:47,18.04.2022 12:39,Chon Buri,department of rural roads,motorized tricycle,speeding,other,1,1,0,clear,13.485481,101.278468,wide curve,no slope,2022-04-17T11:47:00Z
6115330,17.04.2022 19:00,18.04.2022 05:51,Ubon Ratchathani,department of highways,motorcycle,cutting in closely by people/vehicles/animals,rear-end collision,2,1,0,clear,15.33804401,104.9102846,straight road,no slope,2022-04-17T12:00:00Z
6637643,17.04.2022 19:00,1.08.2022 08:57,Tak,department of highways,4-wheel pickup truck,speeding,rollover/fallen on straight road,1,0,1,clear,16.65223018,98.59757422,straight road,no slope,2022-04-17T12:00:00Z
6566501,17.04.2022 19:20,18.04.2022 14:32,Nakhon Sawan,department of rural roads,motorcycle,speeding,other,1,0,1,clear,15.586178,100.045821,straight road,no slope,2022-04-17T12:20:00Z
6950237,17.04.2022 19:20,21.09.2022 11:01,Nonthaburi,department of highways,private/passenger car,cutting in closely by people/vehicles/animals,rear-end collision,2,0,1,clear,13.93353611,100.4160717,straight road,no slope,2022-04-17T12:20:00Z
6115378,17.04.2022 19:30,18.04.2022 06:00,Phatthalung,department of highways,private/passenger car,speeding,rollover/fallen on straight road,1,0,1,clear,7.538694778,100.0405034,straight road,no slope,2022-04-17T12:30:00Z
6115506,17.04.2022 19:30,18.04.2022 06:43,Pathum Thani,department of highways,private/passenger car,speeding,rear-end collision,3,0,0,clear,14.06181637,100.8500263,straight road,no slope,2022-04-17T12:30:00Z
6115462,17.04.2022 20:00,18.04.2022 06:30,Roi Et,department of highways,large passenger vehicle,speeding,pedestrian collision,1,1,0,clear,15.53607599,103.8041282,straight road,no slope,2022-04-17T13:00:00Z
6147972,17.04.2022 20:00,2.05.2022 09:35,Phangnga,department of highways,motorcycle,speeding,head-on collision (not overtaking),2,1,2,clear,9.211680051,98.3921787,straight road,no slope,2022-04-17T13:00:00Z
6566518,17.04.2022 20:00,18.04.2022 14:33,Chiang Rai,department of rural roads,motorcycle,speeding,other,1,0,1,clear,20.031756,100.019445,y-intersection,other,2022-04-17T13:00:00Z
6115515,17.04.2022 20:10,18.04.2022 06:53,Nakhon Si Thammarat,department of highways,pedestrian,speeding,pedestrian collision,1,1,0,clear,8.190044997,99.51538859,wide curve,slope area,2022-04-17T13:10:00Z
7414760,17.04.2022 20:45,29.11.2022 13:47,Samut Prakan,department of highways,motorcycle,speeding,rear-end collision,2,0,0,clear,13.50957569,100.711112,straight road,no slope,2022-04-17T13:45:00Z
6122062,17.04.2022 20:50,19.04.2022 10:15,Rayong,department of highways,private/passenger car,speeding,rear-end collision,2,0,3,clear,12.95577093,101.2105071,straight road,no slope,2022-04-17T13:50:00Z
7560785,17.04.2022 20:50,16.01.2023 13:57,Bangkok,department of highways,private/passenger car,speeding,rear-end collision,3,0,0,clear,13.77459739,100.5538801,straight road,no slope,2022-04-17T13:50:00Z
6122521,17.04.2022 20:52,19.04.2022 12:09,Chon Buri,department of highways,4-wheel pickup truck,speeding,rollover/fallen on straight road,1,0,1,clear,13.31821072,101.0101059,straight road,no slope,2022-04-17T13:52:00Z
6902539,17.04.2022 21:00,14.09.2022 09:12,Buri Ram,department of highways,private/passenger car,speeding,rollover/fallen on straight road,1,0,1,clear,14.66791753,102.5972012,straight road,no slope,2022-04-17T14:00:00Z
6115252,17.04.2022 21:10,18.04.2022 04:46,Chiang Mai,department of highways,motorcycle,speeding,rollover/fallen on straight road,1,0,1,rainy,19.56082638,98.63356142,straight road,no slope,2022-04-17T14:10:00Z
6121782,17.04.2022 21:30,19.04.2022 09:10,Chiang Mai,department of highways,private/passenger car,speeding,rollover/fallen on curved road,1,0,0,clear,18.71096788,99.1292095,wide curve,no slope,2022-04-17T14:30:00Z
6122041,17.04.2022 21:30,19.04.2022 10:13,Bangkok,department of highways,motorcycle,speeding,rear-end collision,2,0,2,clear,13.91263598,100.5973568,straight road,no slope,2022-04-17T14:30:00Z
6143948,17.04.2022 21:40,25.04.2022 09:06,Lamphun,department of highways,private/passenger car,speeding,rollover/fallen on curved road,1,0,0,rainy,18.53683735,99.07345174,wide curve,no slope,2022-04-17T14:40:00Z
6121734,17.04.2022 21:50,19.04.2022 08:57,Phra Nakhon Si Ayutthaya,department of highways,motorcycle,speeding,rollover/fallen on straight road,1,0,1,clear,14.21517152,100.6843677,straight road,no slope,2022-04-17T14:50:00Z
6122469,17.04.2022 22:10,19.04.2022 11:59,Udon Thani,department of highways,motorcycle,speeding,collision at intersection corner,2,0,1,clear,17.42762674,102.8106218,other,other,2022-04-17T15:10:00Z
6122524,17.04.2022 22:20,19.04.2022 12:08,Chon Buri,department of highways,private/passenger car,speeding,rollover/fallen on straight road,1,0,1,clear,12.9749512,100.9836674,straight road,no slope,2022-04-17T15:20:00Z
6121713,17.04.2022 22:30,19.04.2022 08:51,Phra Nakhon Si Ayutthaya,department of highways,private/passenger car,speeding,collision with obstruction (on road surface),1,0,1,clear,14.15388973,100.6182378,straight road,no slope,2022-04-17T15:30:00Z
7284366,17.04.2022 22:30,10.11.2022 14:07,Udon Thani,department of highways,private/passenger car,speeding,rollover/fallen on straight road,1,0,0,clear,17.35303979,102.8236386,straight road,no slope,2022-04-17T15:30:00Z
6846646,17.04.2022 23:45,5.09.2022 15:06,Rayong,department of highways,4-wheel pickup truck,speeding,rollover/fallen on straight road,1,4,0,rainy,12.70419523,101.0098806,straight road,no slope,2022-04-17T16:45:00Z
6226899,18.04.2022 00:22,18.05.2022 14:24,Phatthalung,department of highways,4-wheel pickup truck,speeding,rear-end collision,2,0,0,clear,7.628653514,100.1169491,other,other,2022-04-17T17:22:00Z
6252417,18.04.2022 00:30,26.05.2022 09:52,Surin,department of highways,4-wheel pickup truck,speeding,other,1,0,0,clear,14.623119,103.2684213,straight road,no slope,2022-04-17T17:30:00Z
6318195,18.04.2022 01:00,6.06.2022 10:53,Prachuap Khiri Khan,department of highways,7-10-wheel truck,speeding,rollover/fallen on straight road,1,0,2,clear,12.30989092,99.87693159,straight road,no slope,2022-04-17T18:00:00Z
7554810,18.04.2022 02:30,9.01.2023 15:26,Nakhon Ratchasima,department of highways,4-wheel pickup truck,speeding,rollover/fallen on straight road,1,0,1,clear,14.83245625,101.7863586,straight road,no slope,2022-04-17T19:30:00Z
6183674,18.04.2022 02:45,11.05.2022 09:22,Roi Et,department of highways,private/passenger car,speeding,pedestrian collision,1,1,0,clear,15.73734377,103.4496769,straight road,no slope,2022-04-17T19:45:00Z
7371745,18.04.2022 04:10,23.11.2022 11:27,Udon Thani,department of highways,4-wheel pickup truck,speeding,rollover/fallen on straight road,1,0,0,clear,17.06510535,102.9239988,straight road,no slope,2022-04-17T21:10:00Z
6122308,18.04.2022 05:00,19.04.2022 11:18,Phitsanulok,department of highways,large passenger vehicle,speeding,rollover/fallen on straight road,1,0,10,clear,16.75741592,100.2538061,straight road,no slope,2022-04-17T22:00:00Z
7557719,18.04.2022 05:30,12.01.2023 10:38,Songkhla,department of highways,private/passenger car,cutting in closely by people/vehicles/animals,other,2,0,2,clear,7.097483099,100.5082673,connecting to private area,other,2022-04-17T22:30:00Z
6242323,18.04.2022 05:50,24.05.2022 14:01,Chachoengsao,department of highways,4-wheel pickup truck,speeding,rollover/fallen on straight road,1,1,2,clear,13.69988819,101.4303088,straight road,no slope,2022-04-17T22:50:00Z
7007789,18.04.2022 06:00,30.09.2022 10:51,Samut Sakhon,department of highways,4-wheel pickup truck,speeding,rollover/fallen on straight road,1,0,0,clear,13.64166781,100.0919643,other,other,2022-04-17T23:00:00Z
6902728,18.04.2022 06:20,14.09.2022 09:44,Phichit,department of highways,large truck with trailer,speeding,rollover/fallen on straight road,1,0,1,rainy,16.38600815,100.1372561,straight road,no slope,2022-04-17T23:20:00Z
7556645,18.04.2022 06:30,11.01.2023 14:15,Pattani,department of highways,4-wheel pickup truck,speeding,rollover/fallen on straight road,1,0,0,clear,6.692843374,101.1400509,straight road,no slope,2022-04-17T23:30:00Z
7568220,18.04.2022 06:30,24.01.2023 10:55,Phetchaburi,department of highways,motorcycle,cutting in closely by people/vehicles/animals,rear-end collision,2,1,0,clear,12.99156873,99.90419357,connecting to public/commercial area,other,2022-04-17T23:30:00Z
6122294,18.04.2022 07:00,19.04.2022 11:11,Uttaradit,department of highways,4-wheel pickup truck,speeding,rollover/fallen on straight road,1,0,0,rainy,17.56232039,100.1607147,straight road,no slope,2022-04-18T00:00:00Z
6122281,18.04.2022 07:30,19.04.2022 11:09,Uttaradit,department of highways,private/passenger car,speeding,rollover/fallen on curved road,1,0,2,rainy,17.39969219,100.2321634,wide curve,slope area,2022-04-18T00:30:00Z
6148199,18.04.2022 07:30,2.05.2022 15:29,Surat Thani,department of highways,motorcycle,speeding,rear-end collision,2,0,2,clear,8.83859792,99.17637347,straight road,no slope,2022-04-18T00:30:00Z
7027383,18.04.2022 07:30,3.10.2022 11:39,Chachoengsao,department of highways,motorcycle,running red lights/traffic signals,collision with obstruction (on road surface),2,0,2,clear,13.74830862,101.0066378,straight road,no slope,2022-04-18T00:30:00Z
7425134,18.04.2022 08:00,2.12.2022 14:06,Ratchaburi,department of highways,private/passenger car,speeding,rear-end collision,2,0,0,clear,13.36610864,99.8134142,straight road,no slope,2022-04-18T01:00:00Z
7568062,18.04.2022 08:10,24.01.2023 09:15,Sakon Nakhon,department of highways,4-wheel pickup truck,speeding,rollover/fallen on straight road,1,0,0,rainy,17.38628772,103.7322503,straight road,no slope,2022-04-18T01:10:00Z
6121781,18.04.2022 08:30,19.04.2022 09:08,Lampang,department of highways,4-wheel pickup truck,speeding,rollover/fallen on curved road,2,0,1,rainy,18.61785509,99.90600406,wide curve,slope area,2022-04-18T01:30:00Z
6121868,18.04.2022 08:30,19.04.2022 09:29,Phrae,department of highways,4-wheel pickup truck,speeding,rollover/fallen on straight road,1,0,1,clear,18.08784389,99.84263419,straight road,no slope,2022-04-18T01:30:00Z
6226873,18.04.2022 08:40,18.05.2022 14:19,Phatthalung,department of highways,4-wheel pickup truck,falling asleep,rollover/fallen on curved road,1,0,0,rainy,7.58878791,99.85183148,wide curve,no slope,2022-04-18T01:40:00Z
6239047,18.04.2022 08:40,20.05.2022 11:11,Phetchaburi,department of highways,4-wheel pickup truck,speeding,rollover/fallen on straight road,1,0,1,rainy,13.28771271,99.82166199,straight road,no slope,2022-04-18T01:40:00Z
7558317,18.04.2022 09:00,12.01.2023 14:34,Satun,department of highways,other,speeding,rollover/fallen on straight road,1,0,0,clear,6.866095705,99.85872208,straight road,no slope,2022-04-18T02:00:00Z
6566522,18.04.2022 09:04,19.04.2022 13:48,Chiang Mai,department of rural roads,motorcycle,sudden stop,other,2,0,1,clear,19.916171,99.189727,straight road,other,2022-04-18T02:04:00Z
6289186,18.04.2022 09:05,1.06.2022 11:48,Loei,department of highways,private/passenger car,speeding,rollover/fallen on straight road,1,0,0,rainy,17.62658137,101.7048088,straight road,no slope,2022-04-18T02:05:00Z
6121791,18.04.2022 09:30,19.04.2022 09:09,Lampang,department of highways,private/passenger car,speeding,rollover/fallen on curved road,1,0,0,clear,18.4210969,99.73955689,wide curve,slope area,2022-04-18T02:30:00Z
6121882,18.04.2022 09:30,19.04.2022 09:30,Phrae,department of highways,private/passenger car,speeding,head-on collision (not overtaking),2,0,1,rainy,18.03730238,99.7004932,wide curve,slope area,2022-04-18T02:30:00Z
6226900,18.04.2022 09:30,18.05.2022 14:22,Phatthalung,department of highways,private/passenger car,speeding,rear-end collision,2,1,1,rainy,7.703751323,99.99603509,straight road,no slope,2022-04-18T02:30:00Z
7563167,18.04.2022 09:40,18.01.2023 14:51,Chumphon,department of highways,motorcycle,speeding,head-on collision (not overtaking),3,1,0,clear,10.59232485,99.16887133,other,other,2022-04-18T02:40:00Z
6566519,18.04.2022 09:47,19.04.2022 08:53,Nonthaburi,department of rural roads,6-wheel truck,speeding,other,1,1,0,clear,13.888076,100.450259,straight road,no slope,2022-04-18T02:47:00Z
6121905,18.04.2022 10:00,19.04.2022 09:35,Phrae,department of highways,4-wheel pickup truck,speeding,rollover/fallen on curved road,1,0,0,rainy,17.99702198,99.81182365,wide curve,slope area,2022-04-18T03:00:00Z
6724510,18.04.2022 10:00,15.08.2022 14:38,Suphan Buri,department of highways,4-wheel pickup truck,speeding,rollover/fallen on straight road,1,0,0,clear,14.45308561,100.0890595,straight road,no slope,2022-04-18T03:00:00Z
6121866,18.04.2022 10:30,19.04.2022 09:27,Phrae,department of highways,4-wheel pickup truck,speeding,rollover/fallen on curved road,1,0,0,clear,18.39313267,100.4432961,wide curve,no slope,2022-04-18T03:30:00Z
6121873,18.04.2022 10:35,19.04.2022 09:28,Phrae,department of highways,4-wheel pickup truck,speeding,rollover/fallen on straight road,3,1,3,clear,18.38677977,100.4329777,wide curve,no slope,2022-04-18T03:35:00Z
7568216,18.04.2022 10:40,24.01.2023 10:54,Phetchaburi,department of highways,4-wheel pickup truck,speeding,rollover/fallen on straight road,1,0,0,rainy,12.7708691,99.93568002,straight road,no slope,2022-04-18T03:40:00Z
7562839,18.04.2022 10:50,18.01.2023 11:58,Surat Thani,department of highways,4-wheel pickup truck,speeding,rollover/fallen on straight road,1,0,0,clear,9.243966279,99.52434181,straight road,no slope,2022-04-18T03:50:00Z
6122282,18.04.2022 11:00,19.04.2022 11:05,Phitsanulok,department of highways,motorcycle,cutting in closely by people/vehicles/animals,rear-end collision,2,0,1,clear,16.86825222,100.7717514,wide curve,no slope,2022-04-18T04:00:00Z
6122285,18.04.2022 11:00,19.04.2022 11:08,Phitsanulok,department of highways,private/passenger car,speeding,rollover/fallen on straight road,1,0,2,clear,16.93331466,100.2301115,straight road,no slope,2022-04-18T04:00:00Z
6679633,18.04.2022 11:00,8.08.2022 08:50,Bangkok,department of highways,6-wheel truck,speeding,rear-end collision,2,0,0,clear,13.81344921,100.6774369,straight road,no slope,2022-04-18T04:00:00Z
6116999,18.04.2022 11:20,18.04.2022 13:56,Chon Buri,department of highways,motorcycle,speeding,rollover/fallen on straight road,1,0,1,clear,13.40355285,100.9886938,straight road,no slope,2022-04-18T04:20:00Z
6143798,18.04.2022 11:28,23.04.2022 10:33,Bangkok,department of highways,private/passenger car,speeding,rear-end collision,2,0,0,clear,13.81437124,100.6771794,straight road,no slope,2022-04-18T04:28:00Z
7554617,18.04.2022 11:30,9.01.2023 13:40,Nakhon Ratchasima,department of highways,van,speeding,rollover/fallen on straight road,1,0,0,rainy,14.63392957,101.241256,straight road,no slope,2022-04-18T04:30:00Z
6289074,18.04.2022 11:40,1.06.2022 11:23,Phetchabun,department of highways,4-wheel pickup truck,speeding,rollover/fallen on curved road,1,0,0,clear,16.74340016,101.4024353,wide curve,slope area,2022-04-18T04:40:00Z
6171138,18.04.2022 12:00,9.05.2022 12:04,Kamphaeng Phet,department of highways,motorcycle,cutting in closely by people/vehicles/animals,rear-end collision,2,0,1,clear,16.45246682,99.49768065,straight road,no slope,2022-04-18T05:00:00Z
6241593,18.04.2022 12:00,23.05.2022 14:46,Trat,department of highways,4-wheel pickup truck,falling asleep,rollover/fallen on straight road,1,0,0,clear,12.18749105,102.5412959,straight road,no slope,2022-04-18T05:00:00Z
6117646,18.04.2022 12:15,18.04.2022 15:48,Suphan Buri,department of highways,motorcycle,cutting in closely by people/vehicles/animals,rear-end collision,2,0,2,clear,14.9121323,100.0774321,other,other,2022-04-18T05:15:00Z
6148191,18.04.2022 12:30,2.05.2022 15:29,Surat Thani,department of highways,4-wheel pickup truck,speeding,rear-end collision,2,0,2,clear,8.604606353,98.96961002,straight road,no slope,2022-04-18T05:30:00Z
6243107,18.04.2022 12:30,25.05.2022 10:11,Chon Buri,department of highways,6-wheel truck,speeding,rollover/fallen on straight road,1,0,0,clear,13.49222929,101.2748453,straight road,no slope,2022-04-18T05:30:00Z
7419509,18.04.2022 12:30,30.11.2022 13:48,Sing Buri,department of highways,private/passenger car,falling asleep,rollover/fallen on straight road,1,0,1,clear,14.97975408,100.3354364,straight road,no slope,2022-04-18T05:30:00Z
6218675,18.04.2022 12:45,17.05.2022 08:53,Nakhon Si Thammarat,department of highways,private/passenger car,speeding,rear-end collision,2,0,0,clear,8.176895292,100.1441976,other,other,2022-04-18T05:45:00Z
6318191,18.04.2022 13:00,6.06.2022 10:54,Prachuap Khiri Khan,department of highways,4-wheel pickup truck,speeding,rollover/fallen on straight road,1,0,0,rainy,12.07283526,99.85865502,straight road,no slope,2022-04-18T06:00:00Z
7414814,18.04.2022 13:00,29.11.2022 13:50,Samut Prakan,department of highways,private/passenger car,cutting in closely by people/vehicles/animals,rear-end collision,2,0,3,clear,13.50680859,100.7299277,straight road,no slope,2022-04-18T06:00:00Z
7425411,18.04.2022 13:00,2.12.2022 14:21,Suphan Buri,department of highways,private/passenger car,speeding,rollover/fallen on straight road,1,0,0,clear,14.33634952,99.81227963,straight road,no slope,2022-04-18T06:00:00Z
7558327,18.04.2022 13:00,12.01.2023 14:39,Si Sa Ket,department of highways,private/passenger car,speeding,rollover/fallen on straight road,1,0,1,clear,15.05533231,104.2755478,straight road,no slope,2022-04-18T06:00:00Z
6171782,18.04.2022 13:10,9.05.2022 14:29,Saraburi,department of highways,private/passenger car,speeding,rear-end collision,2,0,1,clear,14.58572757,100.9797272,straight road,no slope,2022-04-18T06:10:00Z
6243067,18.04.2022 13:10,25.05.2022 09:47,Trat,department of highways,4-wheel pickup truck,speeding,rollover/fallen on straight road,1,0,1,clear,12.17670754,102.4315747,straight road,no slope,2022-04-18T06:10:00Z
6289187,18.04.2022 13:25,1.06.2022 11:48,Loei,department of highways,6-wheel truck,speeding,head-on collision (not overtaking),2,0,1,rainy,17.62642799,101.7045781,wide curve,no slope,2022-04-18T06:25:00Z
7514787,18.04.2022 14:00,28.12.2022 14:02,Lamphun,department of highways,4-wheel pickup truck,speeding,rear-end collision,2,0,0,clear,18.55755945,99.04605298,straight road,no slope,2022-04-18T07:00:00Z
6148378,18.04.2022 14:10,3.05.2022 13:49,Lamphun,department of highways,4-wheel pickup truck,speeding,rear-end collision,2,0,0,clear,18.55755945,99.04605298,straight road,no slope,2022-04-18T07:10:00Z
6184460,18.04.2022 14:10,11.05.2022 11:39,Chai Nat,department of highways,4-wheel pickup truck,vehicle equipment failure,rollover/fallen on curved road,1,0,0,clear,15.00609577,100.1449728,wide curve,no slope,2022-04-18T07:10:00Z
6171347,18.04.2022 14:15,9.05.2022 13:09,Tak,department of highways,private/passenger car,falling asleep,collision with obstruction (on road surface),5,0,1,clear,16.86968449,99.13471608,straight road,no slope,2022-04-18T07:15:00Z
7554618,18.04.2022 14:20,9.01.2023 13:42,Nakhon Ratchasima,department of highways,4-wheel pickup truck,speeding,collision with obstruction (on road surface),2,0,1,rainy,14.64388581,101.290437,straight road,no slope,2022-04-18T07:20:00Z
7554616,18.04.2022 14:45,9.01.2023 13:41,Nakhon Ratchasima,department of highways,4-wheel pickup truck,speeding,rollover/fallen on straight road,1,0,0,rainy,14.65366126,101.3638115,straight road,slope area,2022-04-18T07:45:00Z
6289075,18.04.2022 14:50,1.06.2022 11:22,Phetchabun,department of highways,4-wheel pickup truck,speeding,rollover/fallen on curved road,1,0,0,rainy,16.75172961,101.4990833,wide curve,slope area,2022-04-18T07:50:00Z
6121927,18.04.2022 15:00,19.04.2022 09:41,Phrae,department of highways,private/passenger car,speeding,rear-end collision,3,0,0,clear,18.12550085,100.1671788,other,other,2022-04-18T08:00:00Z
6289189,18.04.2022 15:00,1.06.2022 11:47,Loei,department of highways,4-wheel pickup truck,speeding,rollover/fallen on straight road,1,0,0,rainy,17.15188305,101.6614133,other,other,2022-04-18T08:00:00Z
6143801,18.04.2022 15:05,23.04.2022 11:23,Bangkok,department of highways,6-wheel truck,speeding,rear-end collision,2,0,0,clear,13.73187342,100.7107928,straight road,no slope,2022-04-18T08:05:00Z
7556334,18.04.2022 15:20,11.01.2023 12:19,Sa Kaeo,department of highways,4-wheel pickup truck,speeding,rear-end collision,2,0,1,rainy,14.13606846,102.6688912,wide curve,slope area,2022-04-18T08:20:00Z
7437977,18.04.2022 15:30,7.12.2022 09:00,Chaiyaphum,department of highways,4-wheel pickup truck,speeding,rear-end collision,2,0,0,clear,15.49386383,101.8212435,other,other,2022-04-18T08:30:00Z
6128612,18.04.2022 15:45,20.04.2022 14:02,Nan,department of highways,motorcycle,running red lights/traffic signals,rear-end collision,2,0,2,clear,19.11295212,100.8101123,other,other,2022-04-18T08:45:00Z
6118239,18.04.2022 16:00,18.04.2022 18:21,Ranong,department of highways,7-10-wheel truck,speeding,rear-end collision,2,0,1,clear,9.868085436,98.62470208,straight road,no slope,2022-04-18T09:00:00Z
6121951,18.04.2022 16:00,19.04.2022 09:49,Nan,department of highways,6-wheel truck,speeding,rollover/fallen on curved road,1,0,1,clear,18.40827331,100.7004663,wide curve,no slope,2022-04-18T09:00:00Z
6121979,18.04.2022 16:00,19.04.2022 09:52,Phichit,department of highways,large truck with trailer,speeding,rollover/fallen on straight road,1,0,0,rainy,16.38599271,100.1372802,straight road,no slope,2022-04-18T09:00:00Z
7556050,18.04.2022 16:05,11.01.2023 10:04,Prachin Buri,department of highways,4-wheel pickup truck,speeding,rollover/fallen on curved road,1,0,0,rainy,14.1763958,101.8960315,wide curve,no slope,2022-04-18T09:05:00Z
6121822,18.04.2022 16:20,19.04.2022 09:15,Lampang,department of highways,4-wheel pickup truck,speeding,rollover/fallen on straight road,1,0,1,clear,18.32156504,99.30223881,straight road,no slope,2022-04-18T09:20:00Z
7568240,18.04.2022 16:20,24.01.2023 11:15,Ratchaburi,department of highways,private/passenger car,speeding,rollover/fallen on straight road,1,0,0,clear,13.64536386,99.85492675,straight road,no slope,2022-04-18T09:20:00Z
7567187,18.04.2022 16:30,23.01.2023 11:28,Phuket,department of highways,large truck with trailer,speeding,rollover/fallen on curved road,1,0,0,rainy,8.195304226,98.29145102,wide curve,no slope,2022-04-18T09:30:00Z
6943060,18.04.2022 16:45,20.09.2022 08:32,Bangkok,department of highways,private/passenger car,speeding,rear-end collision,7,0,0,rainy,13.81909078,100.6802854,other,other,2022-04-18T09:45:00Z
6121948,18.04.2022 16:50,19.04.2022 09:48,Chiang Rai,department of highways,private/passenger car,speeding,head-on collision (not overtaking),4,0,1,rainy,19.67533035,99.56449716,wide curve,no slope,2022-04-18T09:50:00Z
6944610,18.04.2022 16:50,20.09.2022 13:56,Prachin Buri,department of highways,private/passenger car,speeding,rollover/fallen on straight road,1,0,1,clear,13.91642928,101.5139669,straight road,no slope,2022-04-18T09:50:00Z
6148192,18.04.2022 17:00,2.05.2022 15:25,Chiang Rai,department of highways,4-wheel pickup truck,speeding,rollover/fallen on curved road,1,0,5,rainy,19.68056838,99.56673144,wide curve,no slope,2022-04-18T10:00:00Z
6121981,18.04.2022 17:20,19.04.2022 09:50,Phichit,department of highways,large truck with trailer,speeding,rollover/fallen on straight road,1,0,0,rainy,16.38539314,100.1371112,straight road,no slope,2022-04-18T10:20:00Z
6178574,18.04.2022 17:29,10.05.2022 14:49,Kanchanaburi,department of highways,motorcycle,failure to yield right of way,collision at intersection corner,2,0,4,clear,13.91590077,99.75688128,other,other,2022-04-18T10:29:00Z
6687511,18.04.2022 17:45,9.08.2022 14:05,Loburi,department of highways,4-wheel pickup truck,speeding,rollover/fallen on straight road,1,0,0,rainy,15.17139341,101.0655874,straight road,no slope,2022-04-18T10:45:00Z
7567246,18.04.2022 17:47,23.01.2023 12:46,Chon Buri,department of highways,7-10-wheel truck,speeding,rollover/fallen on straight road,1,0,0,rainy,13.11222274,101.375066,straight road,no slope,2022-04-18T10:47:00Z
7565195,18.04.2022 17:50,20.01.2023 09:19,Nonthaburi,department of highways,private/passenger car,speeding,rollover/fallen on straight road,1,0,1,clear,13.87344965,100.4099965,straight road,no slope,2022-04-18T10:50:00Z
6242313,18.04.2022 18:10,24.05.2022 13:58,Chachoengsao,department of highways,4-wheel pickup truck,speeding,rollover/fallen on straight road,1,0,1,rainy,13.72830119,101.0337496,straight road,no slope,2022-04-18T11:10:00Z
7554597,18.04.2022 18:10,9.01.2023 13:35,Prachin Buri,department of highways,private/passenger car,speeding,head-on collision (not overtaking),2,0,4,rainy,14.13811803,101.3903358,straight road,no slope,2022-04-18T11:10:00Z
6143803,18.04.2022 18:12,23.04.2022 12:00,Bangkok,department of highways,private/passenger car,speeding,rear-end collision,2,0,0,rainy,13.73200109,100.7099265,straight road,no slope,2022-04-18T11:12:00Z
7331443,18.04.2022 18:40,19.04.2022 08:47,Chai Nat,department of highways,motorcycle,speeding,rear-end collision,2,1,0,rainy,15.28675432,100.194886,straight road,no slope,2022-04-18T11:40:00Z
7566757,18.04.2022 18:40,22.01.2023 08:27,Chachoengsao,department of highways,4-wheel pickup truck,speeding,rear-end collision,2,0,3,rainy,13.72735536,101.0353669,straight road,no slope,2022-04-18T11:40:00Z
6171133,18.04.2022 18:50,9.05.2022 12:02,Kamphaeng Phet,department of highways,4-wheel pickup truck,speeding,rollover/fallen on straight road,1,0,2,rainy,16.38282242,99.52908127,straight road,no slope,2022-04-18T11:50:00Z
6171348,18.04.2022 19:00,9.05.2022 13:08,Tak,department of highways,motorcycle,speeding,rollover/fallen on curved road,1,0,1,rainy,17.00852981,99.10848139,wide curve,no slope,2022-04-18T12:00:00Z
6918312,18.04.2022 19:00,16.09.2022 13:18,Ratchaburi,department of highways,private/passenger car,speeding,rollover/fallen on straight road,1,0,0,clear,13.60047041,99.67631577,straight road,no slope,2022-04-18T12:00:00Z
6950407,18.04.2022 19:00,21.09.2022 11:42,Loei,department of highways,motorcycle,cutting in closely by people/vehicles/animals,rear-end collision,2,0,1,clear,17.12301975,101.8587246,other,other,2022-04-18T12:00:00Z
7567244,18.04.2022 19:00,23.01.2023 12:44,Chon Buri,department of highways,7-10-wheel truck,speeding,rollover/fallen on curved road,1,0,0,rainy,13.11864624,101.3695487,wide curve,no slope,2022-04-18T12:00:00Z
6679961,18.04.2022 19:10,8.08.2022 09:28,Bangkok,department of highways,private/passenger car,speeding,rear-end collision,3,0,0,clear,13.7293799,100.7326126,straight road,no slope,2022-04-18T12:10:00Z
7514999,18.04.2022 19:10,28.12.2022 14:09,Lamphun,department of highways,4-wheel pickup truck,speeding,rollover/fallen on straight road,1,0,1,clear,18.63812765,99.05207722,straight road,no slope,2022-04-18T12:10:00Z