acc_code,incident_datetime,report_datetime,province_en,agency,vehicle_type,presumed_cause,accident_type,number_of_vehicles_involved,number_of_fatalities,number_of_injuries,weather_condition,latitude,longitude,road_description,slope_description,incident_time
6571973,18.04.2022 19:25,19.07.2022 09:27,Maha Sarakham,department of highways,private/passenger car,speeding,rollover/fallen on straight road,1,0,1,clear,16.05371398,102.9997176,other,other,2022-04-18T12:25:00Z
6241402,18.04.2022 19:30,23.05.2022 09:00,Nakhon Pathom,department of highways,4-wheel pickup truck,speeding,rollover/fallen on straight road,1,0,0,rainy,13.73402038,100.2995324,straight road,no slope,2022-04-18T12:30:00Z
7561540,18.04.2022 19:45,17.01.2023 10:28,Bangkok,department of highways,4-wheel pickup truck,speeding,rear-end collision,2,0,1,rainy,13.64713367,100.3827023,straight road,no slope,2022-04-18T12:45:00Z
6729830,18.04.2022 19:50,16.08.2022 14:04,Ang Thong,department of highways,4-wheel pickup truck,speeding,rollover/fallen on curved road,1,0,4,rainy,14.58015179,100.4625651,wide curve,no slope,2022-04-18T12:50:00Z
6680099,18.04.2022 19:55,8.08.2022 10:02,Pathum Thani,department of highways,4-wheel pickup truck,speeding,rollover/fallen on straight road,1,0,0,rainy,14.05183032,100.6980228,straight road,no slope,2022-04-18T12:55:00Z
6118940,18.04.2022 20:00,18.04.2022 21:03,Samut Prakan,department of highways,large passenger vehicle,speeding,rear-end collision,2,0,2,clear,13.622295190000001,100.7352438,straight road,no slope,2022-04-18T13:00:00Z
6729704,18.04.2022 20:00,16.08.2022 13:39,Phra Nakhon Si Ayutthaya,department of highways,4-wheel pickup truck,speeding,rollover/fallen on straight road,1,0,0,rainy,14.5072332,100.5194092,other,other,2022-04-18T13:00:00Z
6549743,18.04.2022 20:07,14.07.2022 14:09,Udon Thani,department of highways,private/passenger car,speeding,rollover/fallen on curved road,1,0,1,rainy,17.82018679,102.2720906,wide curve,no slope,2022-04-18T13:07:00Z
6944704,18.04.2022 20:20,20.09.2022 14:15,Ratchaburi,department of highways,motorcycle,speeding,collision with obstruction (on road surface),2,1,0,clear,13.62616619,99.61627452,straight road,no slope,2022-04-18T13:20:00Z
7561542,18.04.2022 20:20,17.01.2023 10:26,Bangkok,department of highways,4-wheel pickup truck,speeding,rollover/fallen on straight road,1,0,2,rainy,13.64731612,100.3828391,straight road,no slope,2022-04-18T13:20:00Z
7566738,18.04.2022 20:20,22.01.2023 07:44,Chachoengsao,department of highways,7-10-wheel truck,speeding,rear-end collision,2,0,0,rainy,13.65746293,101.1407697,straight road,no slope,2022-04-18T13:20:00Z
6121999,18.04.2022 20:30,19.04.2022 09:55,Loburi,department of highways,large passenger vehicle,speeding,collision at intersection corner,2,0,1,rainy,14.83330151,100.7978064,other,other,2022-04-18T13:30:00Z
6531290,18.04.2022 20:30,11.07.2022 08:54,Nakhon Pathom,department of highways,4-wheel pickup truck,speeding,rollover/fallen on straight road,1,0,0,clear,13.79806572,99.97282057,straight road,no slope,2022-04-18T13:30:00Z
7565534,18.04.2022 20:30,20.01.2023 11:46,Chachoengsao,department of highways,4-wheel pickup truck,speeding,rollover/fallen on straight road,1,0,0,rainy,13.6616774,101.114358,straight road,no slope,2022-04-18T13:30:00Z
7378311,18.04.2022 20:45,24.11.2022 09:18,Phangnga,department of highways,private/passenger car,speeding,rollover/fallen on straight road,1,0,0,rainy,8.550917734,98.2710716,straight road,no slope,2022-04-18T13:45:00Z
6128337,18.04.2022 21:00,20.04.2022 12:51,Chumphon,department of highways,4-wheel pickup truck,cutting in closely by people/vehicles/animals,pedestrian collision,1,1,0,clear,10.28859819,99.08991514,straight road,no slope,2022-04-18T14:00:00Z
6147888,18.04.2022 21:00,1.05.2022 15:43,Pathum Thani,department of highways,4-wheel pickup truck,speeding,rear-end collision,2,0,0,rainy,14.04648325,100.6166178,straight road,no slope,2022-04-18T14:00:00Z
6687652,18.04.2022 21:20,9.08.2022 14:33,Saraburi,department of highways,private/passenger car,speeding,rollover/fallen on straight road,1,0,1,clear,14.39888846,100.9308439,straight road,no slope,2022-04-18T14:20:00Z
6566524,18.04.2022 21:30,21.04.2022 08:57,Tak,department of rural roads,motorcycle,speeding,other,1,1,0,rainy,16.422768,98.8163,straight road,no slope,2022-04-18T14:30:00Z
7566755,18.04.2022 21:40,22.01.2023 08:25,Chachoengsao,department of highways,7-10-wheel truck,speeding,rollover/fallen on straight road,1,0,1,rainy,13.72689678,101.0357693,straight road,no slope,2022-04-18T14:40:00Z
7566756,18.04.2022 21:45,22.01.2023 08:26,Chachoengsao,department of highways,van,speeding,rollover/fallen on straight road,1,0,1,rainy,13.72763156,101.0347769,straight road,no slope,2022-04-18T14:45:00Z
6918789,18.04.2022 21:51,16.09.2022 14:39,Bangkok,department of highways,4-wheel pickup truck,speeding,rear-end collision,2,0,1,rainy,13.69360789,100.4075798,straight road,no slope,2022-04-18T14:51:00Z
6171785,18.04.2022 21:55,9.05.2022 14:27,Saraburi,department of highways,4-wheel pickup truck,cutting in closely by people/vehicles/animals,head-on collision (not overtaking),2,0,0,rainy,14.4182294,100.7933003,straight road,no slope,2022-04-18T14:55:00Z
6241506,18.04.2022 22:00,23.05.2022 11:25,Phra Nakhon Si Ayutthaya,department of highways,4-wheel pickup truck,speeding,rollover/fallen on straight road,1,0,0,rainy,14.30027951,100.6132409,straight road,no slope,2022-04-18T15:00:00Z
6686941,18.04.2022 22:00,9.08.2022 12:13,Loburi,department of highways,other,speeding,rollover/fallen on curved road,1,0,0,clear,14.67095082,100.6014633,wide curve,no slope,2022-04-18T15:00:00Z
6144257,18.04.2022 22:30,25.04.2022 16:15,Suphan Buri,department of highways,4-wheel pickup truck,speeding,rollover/fallen on straight road,1,1,0,clear,14.47076488,100.0517794,straight road,no slope,2022-04-18T15:30:00Z
7561769,18.04.2022 22:30,17.01.2023 14:25,Pathum Thani,department of highways,4-wheel pickup truck,speeding,rollover/fallen on straight road,1,0,3,rainy,14.05084678,100.8179659,straight road,no slope,2022-04-18T15:30:00Z
7414811,18.04.2022 22:40,29.11.2022 13:51,Phrae,department of highways,4-wheel pickup truck,speeding,rollover/fallen on straight road,1,0,0,clear,18.35836957,100.3344682,straight road,no slope,2022-04-18T15:40:00Z
6121668,18.04.2022 22:50,19.04.2022 08:43,Kanchanaburi,department of highways,4-wheel pickup truck,speeding,rollover/fallen on straight road,1,0,0,clear,14.06966858,99.39311473,straight road,no slope,2022-04-18T15:50:00Z
6902780,18.04.2022 23:20,14.09.2022 09:50,Chiang Mai,department of highways,motorcycle,speeding,rear-end collision,2,0,1,clear,18.84992414,99.08565043,straight road,no slope,2022-04-18T16:20:00Z
7291818,18.04.2022 23:30,11.11.2022 13:55,Chiang Rai,department of highways,4-wheel pickup truck,speeding,rollover/fallen on straight road,1,0,1,clear,19.62365816,99.74282383,straight road,no slope,2022-04-18T16:30:00Z
6122335,18.04.2022 23:45,19.04.2022 11:21,Phrae,department of highways,motorcycle,driving under the influence of alcohol,rollover/fallen on straight road,1,0,1,clear,17.90185518,99.60183083,straight road,no slope,2022-04-18T16:45:00Z
6143799,19.04.2022 00:07,23.04.2022 10:40,Pathum Thani,department of highways,4-wheel pickup truck,speeding,rollover/fallen on straight road,1,0,0,clear,13.9455812,100.7116833,straight road,no slope,2022-04-18T17:07:00Z
6897380,19.04.2022 00:15,13.09.2022 14:46,Nakhon Ratchasima,department of highways,private/passenger car,speeding,rollover/fallen on straight road,1,0,1,clear,15.66794449,102.574743,straight road,no slope,2022-04-18T17:15:00Z
7568219,19.04.2022 00:30,24.01.2023 10:52,Phetchaburi,department of highways,large truck with trailer,speeding,collision with obstruction (on road surface),2,0,0,rainy,12.87481225,99.91534619,straight road,no slope,2022-04-18T17:30:00Z
7413626,19.04.2022 01:50,25.11.2022 10:49,Chiang Mai,department of highways,motorcycle,speeding,rollover/fallen on straight road,1,3,0,rainy,18.81134683,98.98003577,straight road,no slope,2022-04-18T18:50:00Z
6318250,19.04.2022 01:55,6.06.2022 10:59,Prachuap Khiri Khan,department of highways,7-10-wheel truck,speeding,rollover/fallen on straight road,1,0,0,clear,12.54973575,99.87331061,straight road,no slope,2022-04-18T18:55:00Z
6318233,19.04.2022 03:30,6.06.2022 10:55,Prachuap Khiri Khan,department of highways,4-wheel pickup truck,speeding,rollover/fallen on straight road,1,0,1,rainy,12.35062669,99.88331793,straight road,no slope,2022-04-18T20:30:00Z
7554568,19.04.2022 04:00,9.01.2023 13:29,Nonthaburi,department of highways,motorcycle,speeding,rollover/fallen on straight road,1,0,0,clear,13.96073365,100.3568244,straight road,no slope,2022-04-18T21:00:00Z
7568173,19.04.2022 06:30,24.01.2023 10:34,Prachuap Khiri Khan,department of highways,private/passenger car,speeding,rollover/fallen on straight road,1,1,0,rainy,12.42399587,99.92753683,straight road,no slope,2022-04-18T23:30:00Z
6242215,19.04.2022 06:37,24.05.2022 11:26,Prachuap Khiri Khan,department of highways,4-wheel pickup truck,speeding,rollover/fallen on straight road,1,0,1,rainy,11.48641721,99.60127829,straight road,no slope,2022-04-18T23:37:00Z
6318241,19.04.2022 07:00,6.06.2022 10:58,Prachuap Khiri Khan,department of highways,4-wheel pickup truck,speeding,rollover/fallen on curved road,1,0,0,rainy,11.40874518,99.52184467,wide curve,no slope,2022-04-19T00:00:00Z
6318243,19.04.2022 08:00,6.06.2022 10:58,Prachuap Khiri Khan,department of highways,4-wheel pickup truck,speeding,rollover/fallen on curved road,1,0,0,rainy,11.43339034,99.56005542,wide curve,no slope,2022-04-19T01:00:00Z
6680040,19.04.2022 09:52,8.08.2022 09:47,Bangkok,department of highways,4-wheel pickup truck,speeding,rear-end collision,2,0,0,clear,13.76831433,100.6925297,straight road,no slope,2022-04-19T02:52:00Z
6144027,19.04.2022 10:00,25.04.2022 11:07,Phuket,department of highways,motorcycle,cutting in closely by people/vehicles/animals,head-on collision (not overtaking),2,2,0,clear,8.015766461,98.39919536,straight road,no slope,2022-04-19T03:00:00Z
7565203,19.04.2022 10:00,20.01.2023 09:21,Pathum Thani,department of highways,other,speeding,rollover/fallen on straight road,1,0,0,clear,14.03067811,100.3858083,straight road,no slope,2022-04-19T03:00:00Z
7556625,19.04.2022 10:10,11.01.2023 14:13,Pattani,department of highways,other,speeding,rollover/fallen on straight road,1,0,0,clear,6.833150929,101.219514,straight road,no slope,2022-04-19T03:10:00Z
6238881,19.04.2022 11:15,20.05.2022 10:39,Pathum Thani,department of highways,4-wheel pickup truck,speeding,head-on collision (not overtaking),2,0,1,clear,13.95383305,100.8379617,straight road,no slope,2022-04-19T04:15:00Z
6218927,19.04.2022 11:30,17.05.2022 09:40,Nakhon Si Thammarat,department of highways,4-wheel pickup truck,speeding,rollover/fallen on straight road,1,0,2,rainy,8.047586788,100.2741909,straight road,no slope,2022-04-19T04:30:00Z
6680073,19.04.2022 12:29,8.08.2022 09:57,Bangkok,department of highways,private/passenger car,speeding,rollover/fallen on straight road,1,0,0,clear,13.90782462,100.6987524,straight road,no slope,2022-04-19T05:29:00Z
7564958,19.04.2022 12:40,20.01.2023 06:30,Bangkok,department of highways,private/passenger car,speeding,rear-end collision,2,0,1,clear,13.66838467,100.6334017,other,other,2022-04-19T05:40:00Z
6566525,19.04.2022 12:45,21.04.2022 08:58,Chachoengsao,department of rural roads,private/passenger car,ignoring stop sign while leaving intersection,other,2,1,1,clear,13.715005,101.57431,t-intersection,other,2022-04-19T05:45:00Z
6566604,19.04.2022 13:30,10.05.2022 10:13,Satun,department of rural roads,motorcycle,speeding,other,1,0,1,clear,6.773931,100.107429,t-intersection,other,2022-04-19T06:30:00Z
7413536,19.04.2022 13:38,25.11.2022 10:17,Chiang Mai,department of highways,6-wheel truck,speeding,rollover/fallen on straight road,1,0,0,clear,18.77404313,99.02801244,straight road,no slope,2022-04-19T06:38:00Z
7331445,19.04.2022 13:40,2.05.2022 10:17,Suphan Buri,department of highways,4-wheel pickup truck,falling asleep,rollover/fallen on curved road,1,1,0,clear,14.40111229,100.1397586,wide curve,no slope,2022-04-19T06:40:00Z
7434456,19.04.2022 14:30,6.12.2022 13:41,Uttaradit,department of highways,4-wheel pickup truck,speeding,other,2,1,0,clear,17.58139858,100.1075452,connecting to public/commercial area,other,2022-04-19T07:30:00Z
6664289,19.04.2022 15:20,5.08.2022 14:34,Chon Buri,department of highways,private/passenger car,vehicle equipment failure,rear-end collision,3,0,1,clear,13.09847916,100.9889352,straight road,no slope,2022-04-19T08:20:00Z
7554436,19.04.2022 15:20,9.01.2023 11:29,Kalasin,department of highways,6-wheel truck,speeding,rollover/fallen on curved road,1,0,1,clear,16.80124929,103.8748553,wide curve,no slope,2022-04-19T08:20:00Z
6566531,19.04.2022 15:30,22.04.2022 09:44,Nakhon Nayok,department of rural roads,motorcycle,speeding,other,1,1,1,rainy,14.269366,101.07452,straight road,no slope,2022-04-19T08:30:00Z
7567907,19.04.2022 15:40,24.01.2023 07:25,Nakhon Pathom,department of highways,4-wheel pickup truck,speeding,collision with obstruction (on road surface),2,0,0,rainy,13.96573132,100.0863612,other,other,2022-04-19T08:40:00Z
6664161,19.04.2022 15:43,5.08.2022 14:03,Rayong,department of highways,4-wheel pickup truck,speeding,rollover/fallen on straight road,1,0,1,rainy,12.73689469,101.0084885,straight road,no slope,2022-04-19T08:43:00Z
6361788,19.04.2022 16:00,13.06.2022 08:37,Sukhothai,department of highways,other,speeding,rollover/fallen on straight road,1,0,0,clear,17.03730313,99.6433541,straight road,no slope,2022-04-19T09:00:00Z
7565438,19.04.2022 16:15,20.01.2023 11:12,Chanthaburi,department of highways,4-wheel pickup truck,cutting in closely by people/vehicles/animals,head-on collision (not overtaking),3,0,6,clear,12.55680983,102.1147066,other,other,2022-04-19T09:15:00Z
6549600,19.04.2022 17:00,14.07.2022 13:26,Khon Kaen,department of highways,4-wheel pickup truck,speeding,rollover/fallen on straight road,1,0,0,clear,16.59121271,101.9978213,straight road,no slope,2022-04-19T10:00:00Z
6214940,19.04.2022 18:00,16.05.2022 15:11,Surat Thani,department of highways,4-wheel pickup truck,speeding,rear-end collision,2,0,0,clear,9.125351886,99.36099528,straight road,no slope,2022-04-19T11:00:00Z
6143800,19.04.2022 19:08,23.04.2022 10:53,Pathum Thani,department of highways,private/passenger car,speeding,rear-end collision,2,0,1,clear,14.02099516,100.6994203,straight road,no slope,2022-04-19T12:08:00Z
7331451,19.04.2022 20:00,16.09.2022 13:57,Phrae,department of highways,large truck with trailer,speeding,rollover/fallen on curved road,1,1,0,clear,18.04117129,99.70038591,wide curve,no slope,2022-04-19T13:00:00Z
6148923,19.04.2022 20:44,4.05.2022 11:14,Chon Buri,department of highways,private/passenger car,speeding,rear-end collision,3,0,0,clear,13.13352755,100.9854188,straight road,no slope,2022-04-19T13:44:00Z
7331449,19.04.2022 20:50,5.05.2022 13:51,Nakhon Sawan,department of highways,large truck with trailer,speeding,rear-end collision,2,0,1,clear,15.46166069,100.1447475,other,other,2022-04-19T13:50:00Z
7414439,19.04.2022 21:00,28.11.2022 14:20,Chiang Mai,department of highways,4-wheel pickup truck,speeding,rollover/fallen on curved road,1,0,1,rainy,19.09211083,99.16008173,wide curve,no slope,2022-04-19T14:00:00Z
7554812,19.04.2022 21:00,9.01.2023 15:26,Nakhon Ratchasima,department of highways,4-wheel pickup truck,speeding,rollover/fallen on straight road,1,0,0,clear,14.87993619,102.0717189,straight road,no slope,2022-04-19T14:00:00Z
7555399,19.04.2022 21:37,10.01.2023 14:56,Buri Ram,department of highways,private/passenger car,speeding,rear-end collision,2,1,3,clear,15.06781902,103.1604034,straight road,no slope,2022-04-19T14:37:00Z
7418605,19.04.2022 22:00,30.11.2022 09:40,Chiang Rai,department of highways,4-wheel pickup truck,falling asleep,rollover/fallen on straight road,1,0,1,clear,20.37820963,99.89063768,straight road,no slope,2022-04-19T15:00:00Z
6146440,19.04.2022 23:30,28.04.2022 14:54,Nan,department of highways,4-wheel pickup truck,speeding,rollover/fallen on curved road,1,0,6,clear,18.68297487,100.7476088,wide curve,no slope,2022-04-19T16:30:00Z
6686933,19.04.2022 23:40,9.08.2022 12:08,Loburi,department of highways,large truck with trailer,cutting in closely by people/vehicles/animals,rollover/fallen on straight road,1,0,0,clear,15.06786046,100.7338706,straight road,no slope,2022-04-19T16:40:00Z
6637783,20.04.2022 00:30,1.08.2022 09:27,Roi Et,department of highways,4-wheel pickup truck,speeding,rollover/fallen on straight road,1,0,0,clear,16.28405192,104.0421098,straight road,no slope,2022-04-19T17:30:00Z
6549868,20.04.2022 01:00,14.07.2022 14:47,Udon Thani,department of highways,4-wheel pickup truck,speeding,rollover/fallen on straight road,1,0,2,clear,17.36477248,103.0246219,straight road,no slope,2022-04-19T18:00:00Z
7414697,20.04.2022 01:15,29.11.2022 13:41,Phrae,department of highways,private/passenger car,speeding,rollover/fallen on straight road,1,0,1,clear,18.06327876,100.1184484,straight road,no slope,2022-04-19T18:15:00Z
7438525,20.04.2022 01:30,7.12.2022 09:51,Kanchanaburi,department of highways,private/passenger car,speeding,rollover/fallen on curved road,1,0,0,clear,13.96718114,99.74770276,wide curve,no slope,2022-04-19T18:30:00Z
6566534,20.04.2022 02:29,10.05.2022 10:05,Tak,department of rural roads,private/passenger car,speeding,other,1,0,1,clear,16.698107,98.531112,straight road,no slope,2022-04-19T19:29:00Z
6219741,20.04.2022 02:40,17.05.2022 12:38,Nakhon Si Thammarat,department of highways,4-wheel pickup truck,speeding,rollover/fallen on straight road,1,0,0,clear,8.274370099,99.5374739,other,other,2022-04-19T19:40:00Z
7567863,20.04.2022 03:40,24.01.2023 06:45,Chumphon,department of highways,4-wheel pickup truck,speeding,rollover/fallen on straight road,1,0,0,clear,10.53996996,99.22371446,straight road,no slope,2022-04-19T20:40:00Z
6143986,20.04.2022 04:04,25.04.2022 10:29,Chon Buri,department of highways,7-10-wheel truck,speeding,rear-end collision,2,0,0,clear,13.47688224,101.0461441,straight road,no slope,2022-04-19T21:04:00Z
7554081,20.04.2022 04:40,8.01.2023 11:23,buogkan,department of highways,4-wheel pickup truck,speeding,rollover/fallen on straight road,1,0,0,clear,18.16143198,103.7415147,wide curve,no slope,2022-04-19T21:40:00Z
6724355,20.04.2022 05:00,15.08.2022 14:14,Suphan Buri,department of highways,6-wheel truck,falling asleep,rollover/fallen on straight road,1,0,0,clear,14.2006912,99.92801158,straight road,no slope,2022-04-19T22:00:00Z
7414636,20.04.2022 05:50,29.11.2022 13:38,Phrae,department of highways,private/passenger car,speeding,rollover/fallen on straight road,1,0,0,clear,18.03466526,100.1108095,straight road,no slope,2022-04-19T22:50:00Z
7567240,20.04.2022 05:50,23.01.2023 12:37,Chon Buri,department of highways,4-wheel pickup truck,speeding,rollover/fallen on straight road,1,0,0,clear,13.11013552,101.3768336,straight road,no slope,2022-04-19T22:50:00Z
6664052,20.04.2022 06:25,5.08.2022 13:32,Chon Buri,department of highways,private/passenger car,speeding,rear-end collision,2,0,1,clear,13.16298449,100.9895897,straight road,no slope,2022-04-19T23:25:00Z
6146377,20.04.2022 06:58,28.04.2022 10:50,Chon Buri,department of highways,4-wheel pickup truck,speeding,rollover/fallen on straight road,1,0,0,clear,13.1647239,100.9902173,straight road,no slope,2022-04-19T23:58:00Z
7008863,20.04.2022 07:00,30.09.2022 14:16,Samut Prakan,department of highways,large passenger vehicle,speeding,rear-end collision,3,0,0,clear,13.6076213,100.7691255,straight road,no slope,2022-04-20T00:00:00Z
7563930,20.04.2022 07:20,19.01.2023 09:06,Phra Nakhon Si Ayutthaya,department of highways,7-10-wheel truck,speeding,collision with obstruction (on road surface),1,0,0,clear,14.25334528,100.763635,straight road,no slope,2022-04-20T00:20:00Z
7564188,20.04.2022 07:40,19.01.2023 11:07,Samut Sakhon,department of highways,4-wheel pickup truck,vehicle equipment failure,rollover/fallen on straight road,1,0,0,clear,13.56176377,100.2757922,straight road,no slope,2022-04-20T00:40:00Z
6931907,20.04.2022 07:45,18.09.2022 14:31,Ranong,department of highways,4-wheel pickup truck,vehicle equipment failure,rollover/fallen on straight road,1,0,1,clear,10.25944292,98.75458269,straight road,no slope,2022-04-20T00:45:00Z
7556081,20.04.2022 08:10,11.01.2023 10:14,Prachin Buri,department of highways,7-10-wheel truck,speeding,rollover/fallen on curved road,1,0,0,clear,14.31485219,101.8412796,wide curve,slope area,2022-04-20T01:10:00Z
6679979,20.04.2022 08:35,8.08.2022 09:30,Samut Prakan,department of highways,private/passenger car,speeding,rollover/fallen on straight road,1,0,0,clear,13.66116655,100.8577537,straight road,no slope,2022-04-20T01:35:00Z
6214920,20.04.2022 08:40,16.05.2022 15:09,Surat Thani,department of highways,4-wheel pickup truck,speeding,rollover/fallen on straight road,1,0,2,clear,9.109864512,99.28900479,straight road,no slope,2022-04-20T01:40:00Z
6171435,20.04.2022 09:00,9.05.2022 13:21,Tak,department of highways,large truck with trailer,speeding,rollover/fallen on curved road,1,0,1,clear,16.76763494,98.7130165,wide curve,slope area,2022-04-20T02:00:00Z
6214919,20.04.2022 09:00,16.05.2022 15:07,Surat Thani,department of highways,private/passenger car,speeding,rear-end collision,2,0,0,clear,9.141068976,99.36538605,straight road,no slope,2022-04-20T02:00:00Z
7554620,20.04.2022 09:00,9.01.2023 13:43,Nakhon Ratchasima,department of highways,other,speeding,rollover/fallen on straight road,1,0,0,clear,14.63194553,101.5487015,straight road,no slope,2022-04-20T02:00:00Z
7554268,20.04.2022 09:10,9.01.2023 09:27,Mukdahan,department of highways,motorcycle,speeding,rear-end collision,2,2,0,rainy,16.40477407,104.4958055,wide curve,slope area,2022-04-20T02:10:00Z
7557868,20.04.2022 09:10,12.01.2023 11:17,Songkhla,department of highways,private/passenger car,cutting in closely by people/vehicles/animals,rear-end collision,2,0,2,clear,7.04303837,100.6558665,straight road,no slope,2022-04-20T02:10:00Z
6214922,20.04.2022 09:25,16.05.2022 15:06,Surat Thani,department of highways,7-10-wheel truck,speeding,rollover/fallen on straight road,1,1,0,clear,9.617135734,99.12632881,straight road,no slope,2022-04-20T02:25:00Z
6144030,20.04.2022 09:30,25.04.2022 11:06,Phuket,department of highways,4-wheel pickup truck,cutting in closely by people/vehicles/animals,pedestrian collision,1,1,0,clear,8.120125972,98.33620905,straight road,no slope,2022-04-20T02:30:00Z
7565468,20.04.2022 10:20,20.01.2023 11:20,Chanthaburi,department of highways,other,speeding,rollover/fallen on curved road,1,0,0,clear,12.84712548,102.2653958,wide curve,slope area,2022-04-20T03:20:00Z
6147961,20.04.2022 10:49,2.05.2022 09:27,Loburi,department of highways,motorcycle,cutting in closely by people/vehicles/animals,rear-end collision,2,0,4,clear,15.23079892,101.2048235,other,other,2022-04-20T03:49:00Z
6143806,20.04.2022 10:58,23.04.2022 12:33,Bangkok,department of highways,large truck with trailer,speeding,rear-end collision,2,0,0,clear,13.73191511,100.710428,straight road,no slope,2022-04-20T03:58:00Z
6679657,20.04.2022 11:00,8.08.2022 08:55,Samut Prakan,department of highways,private/passenger car,speeding,rollover/fallen on straight road,1,0,0,clear,13.70173837,100.8241939,straight road,no slope,2022-04-20T04:00:00Z
6219005,20.04.2022 11:10,17.05.2022 09:55,Nakhon Si Thammarat,department of highways,4-wheel pickup truck,speeding,rollover/fallen on straight road,1,0,0,rainy,8.089102701,100.1318836,other,other,2022-04-20T04:10:00Z
6214907,20.04.2022 11:49,16.05.2022 15:04,Surat Thani,department of highways,motorcycle,speeding,rear-end collision,2,1,0,clear,9.15182558,99.11767601,straight road,no slope,2022-04-20T04:49:00Z
6549392,20.04.2022 12:00,14.07.2022 12:31,Khon Kaen,department of highways,4-wheel pickup truck,speeding,rollover/fallen on curved road,1,0,0,clear,16.62869265,103.0727219,wide curve,no slope,2022-04-20T05:00:00Z
7554080,20.04.2022 12:00,8.01.2023 11:22,Nakhon Phanom,department of highways,4-wheel pickup truck,speeding,rollover/fallen on curved road,1,0,0,clear,17.53063916,104.585571,wide curve,no slope,2022-04-20T05:00:00Z
7556059,20.04.2022 12:30,11.01.2023 10:07,Prachin Buri,department of highways,large truck with trailer,speeding,rollover/fallen on straight road,1,0,0,clear,13.81324604,101.5459013,other,other,2022-04-20T05:30:00Z
6138821,20.04.2022 12:39,22.04.2022 08:40,Bangkok,expressway authority of thailand,other,other,rear-end collision,3,0,0,clear,13.750301,100.603154,straight road,other,2022-04-20T05:39:00Z
6896866,20.04.2022 12:40,13.09.2022 13:28,Loei,department of highways,4-wheel pickup truck,falling asleep,rollover/fallen on curved road,1,0,0,clear,17.19828406,101.1601943,wide curve,no slope,2022-04-20T05:40:00Z
6566576,20.04.2022 12:45,10.05.2022 10:05,Tak,department of rural roads,private/passenger car,inadequate visibility,other,2,0,1,clear,16.747201,98.572953,four-way intersection,other,2022-04-20T05:45:00Z
7331456,20.04.2022 13:30,14.07.2022 14:00,Chaiyaphum,department of highways,4-wheel pickup truck,cutting in closely by people/vehicles/animals,rear-end collision,2,0,1,clear,15.54018226,101.8364543,straight road,no slope,2022-04-20T06:30:00Z
6701524,20.04.2022 14:05,11.08.2022 11:08,Kanchanaburi,department of highways,private/passenger car,speeding,rollover/fallen on straight road,1,0,0,clear,13.96999226,99.7022876,straight road,no slope,2022-04-20T07:05:00Z
6723345,20.04.2022 14:40,15.08.2022 10:12,Suphan Buri,department of highways,private/passenger car,falling asleep,rollover/fallen on straight road,1,0,2,clear,14.65992022,99.86177443,other,other,2022-04-20T07:40:00Z
6664164,20.04.2022 14:50,5.08.2022 14:04,Chon Buri,department of highways,private/passenger car,speeding,rollover/fallen on straight road,1,0,1,rainy,12.93438284,100.9551716,straight road,no slope,2022-04-20T07:50:00Z
6531562,20.04.2022 15:00,11.07.2022 09:45,Ubon Ratchathani,department of highways,other,speeding,rollover/fallen on straight road,1,0,0,clear,15.21774983,104.8157018,straight road,no slope,2022-04-20T08:00:00Z
7551829,20.04.2022 15:00,5.01.2023 14:58,Nakhon Phanom,department of highways,private/passenger car,speeding,rollover/fallen on straight road,1,0,1,clear,17.48601827,104.721508,straight road,no slope,2022-04-20T08:00:00Z
7565319,20.04.2022 15:00,20.01.2023 10:08,Trang,department of highways,4-wheel pickup truck,speeding,rollover/fallen on curved road,1,0,0,rainy,7.55687947,99.43457364,wide curve,no slope,2022-04-20T08:00:00Z
6318331,20.04.2022 15:30,6.06.2022 11:06,Prachuap Khiri Khan,department of highways,4-wheel pickup truck,vehicle equipment failure,rollover/fallen on straight road,1,0,0,clear,12.11926416,99.85290437,straight road,no slope,2022-04-20T08:30:00Z
6723150,20.04.2022 15:30,15.08.2022 09:34,Suphan Buri,department of highways,4-wheel pickup truck,speeding,rear-end collision,2,0,1,clear,14.64782511,100.1457023,other,other,2022-04-20T08:30:00Z
7554639,20.04.2022 15:40,9.01.2023 13:45,Nakhon Ratchasima,department of highways,7-10-wheel truck,speeding,rear-end collision,5,0,1,rainy,14.63050517,101.2241059,wide curve,slope area,2022-04-20T08:40:00Z
7567457,20.04.2022 15:45,23.01.2023 15:40,Trat,department of highways,4-wheel pickup truck,vehicle equipment failure,rollover/fallen on straight road,1,0,0,clear,12.36764915,102.393718,straight road,no slope,2022-04-20T08:45:00Z
6950367,20.04.2022 17:00,21.09.2022 11:33,Roi Et,department of highways,large truck with trailer,speeding,rollover/fallen on straight road,1,0,0,clear,16.03045227,103.938775,other,other,2022-04-20T10:00:00Z
7556533,20.04.2022 17:00,11.01.2023 13:46,Narathiwat,department of highways,4-wheel pickup truck,speeding,rollover/fallen on straight road,1,0,2,clear,6.050862117,102.0017212,straight road,no slope,2022-04-20T10:00:00Z
7554623,20.04.2022 18:00,9.01.2023 13:43,Nakhon Ratchasima,department of highways,4-wheel pickup truck,speeding,rear-end collision,2,0,0,clear,15.24327528,101.7859644,wide curve,no slope,2022-04-20T11:00:00Z