acc_code,incident_datetime,report_datetime,province_en,agency,vehicle_type,presumed_cause,accident_type,number_of_vehicles_involved,number_of_fatalities,number_of_injuries,weather_condition,latitude,longitude,road_description,slope_description,incident_time
6931909,20.04.2022 19:10,18.09.2022 14:30,Ranong,department of highways,private/passenger car,speeding,rollover/fallen on straight road,1,0,0,clear,9.900394009,98.62731992,straight road,no slope,2022-04-20T12:10:00Z
7567242,20.04.2022 19:45,23.01.2023 12:42,Chon Buri,department of highways,motorcycle,worn-out/tire blowout,collision with obstruction (on road surface),5,0,0,clear,13.44094949,101.1473814,straight road,no slope,2022-04-20T12:45:00Z
6566535,20.04.2022 20:18,22.04.2022 09:44,Trang,department of rural roads,motorcycle,speeding,other,2,2,0,rainy,7.40047,99.467589,straight road,no slope,2022-04-20T13:18:00Z
6199774,20.04.2022 21:30,13.05.2022 21:15,Chanthaburi,department of highways,4-wheel pickup truck,speeding,rear-end collision,2,0,2,clear,12.75135144,101.8701187,straight road,no slope,2022-04-20T14:30:00Z
7568292,20.04.2022 22:40,24.01.2023 12:09,Samut Songkhram,department of highways,4-wheel pickup truck,vehicle equipment failure,rear-end collision,2,1,3,clear,13.34530959,99.8729512,straight road,no slope,2022-04-20T15:40:00Z
6917124,20.04.2022 23:30,16.09.2022 11:35,Sa Kaeo,department of highways,4-wheel pickup truck,speeding,rollover/fallen on straight road,1,0,0,clear,13.6654435,102.0790413,straight road,no slope,2022-04-20T16:30:00Z
6664299,21.04.2022 00:40,5.08.2022 14:38,Chon Buri,department of highways,private/passenger car,speeding,rollover/fallen on straight road,1,0,10,clear,12.94450464,100.9043866,straight road,no slope,2022-04-20T17:40:00Z
6143810,21.04.2022 04:10,23.04.2022 13:29,Bangkok,department of highways,large truck with trailer,speeding,rear-end collision,2,0,0,clear,13.85933054,100.6761628,straight road,no slope,2022-04-20T21:10:00Z
7562344,21.04.2022 04:45,18.01.2023 08:09,Nakhon Si Thammarat,department of highways,6-wheel truck,speeding,rollover/fallen on straight road,1,0,0,clear,8.171712814,99.64152484,straight road,no slope,2022-04-20T21:45:00Z
6289011,21.04.2022 04:47,1.06.2022 11:10,Sukhothai,department of highways,4-wheel pickup truck,falling asleep,rear-end collision,2,0,0,clear,16.95394096,99.97717379,straight road,no slope,2022-04-20T21:47:00Z
6289069,21.04.2022 05:36,1.06.2022 11:20,Phetchabun,department of highways,motorcycle,vehicle equipment failure,rollover/fallen on straight road,1,0,1,clear,16.74093439,101.2239075,straight road,no slope,2022-04-20T22:36:00Z
6680017,21.04.2022 06:01,8.08.2022 09:42,Pathum Thani,department of highways,4-wheel pickup truck,speeding,rollover/fallen on straight road,1,0,0,clear,13.96738677,100.7130432,straight road,no slope,2022-04-20T23:01:00Z
6680041,21.04.2022 07:10,8.08.2022 09:45,Bangkok,department of highways,private/passenger car,speeding,rear-end collision,2,0,0,clear,13.69635978,100.6997394,straight road,no slope,2022-04-21T00:10:00Z
6149303,21.04.2022 07:20,5.05.2022 14:04,Nakhon Sawan,department of highways,4-wheel pickup truck,vehicle equipment failure,rollover/fallen on straight road,1,0,0,clear,15.6429465,100.0900063,straight road,no slope,2022-04-21T00:20:00Z
7415348,21.04.2022 07:50,29.11.2022 15:18,Nan,department of highways,private/passenger car,speeding,rollover/fallen on straight road,1,0,1,rainy,19.05855345,100.8070224,straight road,no slope,2022-04-21T00:50:00Z
6679992,21.04.2022 08:16,8.08.2022 09:37,Bangkok,department of highways,4-wheel pickup truck,speeding,rear-end collision,2,0,0,clear,13.7305472,100.7217979,straight road,no slope,2022-04-21T01:16:00Z
6143813,21.04.2022 08:31,23.04.2022 14:28,Bangkok,department of highways,private/passenger car,speeding,rear-end collision,2,0,0,clear,13.7317692,100.7117396,straight road,no slope,2022-04-21T01:31:00Z
6147993,21.04.2022 09:00,2.05.2022 09:50,Kanchanaburi,department of highways,motorcycle,speeding,rear-end collision,2,0,1,clear,13.95212804,99.66150729,straight road,no slope,2022-04-21T02:00:00Z
7567883,21.04.2022 09:12,24.01.2023 07:11,Nakhon Pathom,department of highways,4-wheel pickup truck,vehicle equipment failure,rollover/fallen on straight road,1,0,0,clear,13.89410076,100.0613254,straight road,no slope,2022-04-21T02:12:00Z
6259897,21.04.2022 09:30,27.05.2022 14:30,Phra Nakhon Si Ayutthaya,department of highways,7-10-wheel truck,vehicle equipment failure,rollover/fallen on straight road,1,0,0,clear,14.15795211,100.618211,straight road,no slope,2022-04-21T02:30:00Z
6918595,21.04.2022 09:30,16.09.2022 13:59,Phrae,department of highways,4-wheel pickup truck,cutting in closely by people/vehicles/animals,rear-end collision,2,0,0,clear,18.05639613,99.69811677,wide curve,slope area,2022-04-21T02:30:00Z
6149055,21.04.2022 09:34,5.05.2022 09:36,Bangkok,expressway authority of thailand,van,other,rear-end collision,7,0,0,rainy,13.74139227,100.6152614,grade-separated intersection/ramps,other,2022-04-21T02:34:00Z
7568164,21.04.2022 09:39,24.01.2023 10:28,Prachuap Khiri Khan,department of highways,4-wheel pickup truck,vehicle equipment failure,rollover/fallen on straight road,1,0,0,clear,12.51870648,99.88194464,straight road,no slope,2022-04-21T02:39:00Z
6214908,21.04.2022 09:45,16.05.2022 15:02,Surat Thani,department of highways,4-wheel pickup truck,speeding,rollover/fallen on straight road,1,1,1,clear,9.459819548,99.15328769,straight road,no slope,2022-04-21T02:45:00Z
6897469,21.04.2022 10:00,13.09.2022 15:04,Chanthaburi,department of highways,4-wheel pickup truck,speeding,rollover/fallen on curved road,1,0,1,clear,12.61504443,102.1398711,wide curve,no slope,2022-04-21T03:00:00Z
7554638,21.04.2022 10:00,9.01.2023 13:49,Nakhon Ratchasima,department of highways,large truck with trailer,speeding,other,1,0,1,clear,14.95784814,102.0530587,other,other,2022-04-21T03:00:00Z
6146396,21.04.2022 10:06,28.04.2022 11:37,Chon Buri,department of highways,4-wheel pickup truck,vehicle equipment failure,rollover/fallen on straight road,1,0,0,clear,13.40867456,101.0471687,straight road,no slope,2022-04-21T03:06:00Z
6149183,21.04.2022 10:50,5.05.2022 13:37,Nakhon Sawan,department of highways,private/passenger car,speeding,rollover/fallen on straight road,1,0,1,clear,15.48346001,100.1336002,other,other,2022-04-21T03:50:00Z
7434575,21.04.2022 10:50,6.12.2022 11:29,Phitsanulok,department of highways,4-wheel pickup truck,speeding,collision with obstruction (on road surface),2,0,0,clear,16.85808739,100.744468,straight road,no slope,2022-04-21T03:50:00Z
7554640,21.04.2022 11:45,9.01.2023 13:48,Nakhon Ratchasima,department of highways,private/passenger car,speeding,rollover/fallen on straight road,1,0,1,clear,15.34592805,101.8253097,straight road,no slope,2022-04-21T04:45:00Z
7567543,21.04.2022 11:50,23.01.2023 17:23,Rayong,department of highways,4-wheel pickup truck,speeding,rear-end collision,2,0,0,clear,12.89166915,101.548908,straight road,no slope,2022-04-21T04:50:00Z
7554636,21.04.2022 12:00,9.01.2023 13:47,Nakhon Ratchasima,department of highways,private/passenger car,speeding,rear-end collision,2,0,1,clear,14.77122561,101.5206429,straight road,no slope,2022-04-21T05:00:00Z
6140072,21.04.2022 12:50,22.04.2022 14:37,Kanchanaburi,department of highways,private/passenger car,speeding,collision at intersection corner,2,0,2,clear,13.91516398,99.75558578,other,other,2022-04-21T05:50:00Z
7557871,21.04.2022 13:00,12.01.2023 11:19,Songkhla,department of highways,4-wheel pickup truck,speeding,rollover/fallen on straight road,1,0,1,clear,6.947596972,100.8387825,straight road,no slope,2022-04-21T06:00:00Z
6171069,21.04.2022 13:40,9.05.2022 11:47,Kamphaeng Phet,department of highways,private/passenger car,speeding,rear-end collision,2,0,0,clear,16.5796835,99.43983345,straight road,no slope,2022-04-21T06:40:00Z
6809224,21.04.2022 14:00,30.08.2022 13:19,Phra Nakhon Si Ayutthaya,department of highways,4-wheel pickup truck,speeding,rear-end collision,2,0,0,clear,14.24079646,100.7406324,straight road,no slope,2022-04-21T07:00:00Z
6147787,21.04.2022 14:03,30.04.2022 09:18,Bangkok,department of highways,4-wheel pickup truck,speeding,rear-end collision,2,0,0,clear,13.73170406,100.7119086,straight road,no slope,2022-04-21T07:03:00Z
7557872,21.04.2022 14:20,12.01.2023 11:19,Songkhla,department of highways,private/passenger car,speeding,rollover/fallen on straight road,1,0,0,clear,6.642303343,100.4256096,straight road,no slope,2022-04-21T07:20:00Z
6146386,21.04.2022 14:50,28.04.2022 11:06,Chon Buri,department of highways,private/passenger car,speeding,rear-end collision,2,0,0,rainy,13.20277369,101.0026038,straight road,no slope,2022-04-21T07:50:00Z
6931908,21.04.2022 15:00,18.09.2022 14:32,Chumphon,department of highways,large truck with trailer,speeding,rollover/fallen on straight road,1,0,0,clear,9.771933726,98.71260612,sharp curve,slope area,2022-04-21T08:00:00Z
6917245,21.04.2022 15:40,16.09.2022 11:51,Chon Buri,department of highways,4-wheel pickup truck,speeding,rollover/fallen on straight road,1,0,0,rainy,13.09848961,101.3868275,straight road,no slope,2022-04-21T08:40:00Z
7434947,21.04.2022 15:40,6.12.2022 14:51,Phitsanulok,department of highways,4-wheel pickup truck,falling asleep,rollover/fallen on curved road,1,0,0,clear,17.60940491,100.8750781,wide curve,slope area,2022-04-21T08:40:00Z
7565425,21.04.2022 15:55,20.01.2023 11:09,Chanthaburi,department of highways,4-wheel pickup truck,speeding,rollover/fallen on straight road,1,0,1,clear,12.66626297,102.0923772,other,other,2022-04-21T08:55:00Z
7556339,21.04.2022 16:00,11.01.2023 12:22,Sa Kaeo,department of highways,6-wheel truck,speeding,head-on collision (not overtaking),2,0,0,rainy,14.13541041,102.6685694,wide curve,slope area,2022-04-21T09:00:00Z
7561768,21.04.2022 16:30,17.01.2023 14:25,Nakhon Nayok,department of highways,4-wheel pickup truck,falling asleep,rollover/fallen on straight road,1,0,1,clear,14.18415823,101.0373545,straight road,no slope,2022-04-21T09:30:00Z
6138824,21.04.2022 17:40,22.04.2022 08:40,Samut Prakan,expressway authority of thailand,other,other,rear-end collision,3,0,1,clear,13.632354,100.577381,straight road,other,2022-04-21T10:40:00Z
6288913,21.04.2022 17:50,1.06.2022 11:01,Tak,department of highways,large truck with trailer,speeding,rollover/fallen on curved road,1,0,1,clear,16.7491946,98.86270522,wide curve,slope area,2022-04-21T10:50:00Z
7568294,21.04.2022 18:00,24.01.2023 12:06,Samut Songkhram,department of highways,motorcycle,speeding,rear-end collision,2,1,0,clear,13.44618518,100.0744441,straight road,no slope,2022-04-21T11:00:00Z
6239902,21.04.2022 18:06,20.05.2022 14:15,Sukhothai,department of highways,private/passenger car,cutting in closely by people/vehicles/animals,head-on collision (not overtaking),2,0,0,clear,17.30975315,99.80813025,straight road,no slope,2022-04-21T11:06:00Z
6243149,21.04.2022 18:47,25.05.2022 11:43,Chon Buri,department of highways,4-wheel pickup truck,speeding,rear-end collision,2,0,1,clear,13.44242604,101.2833211,straight road,no slope,2022-04-21T11:47:00Z
6239878,21.04.2022 19:25,20.05.2022 14:10,Sukhothai,department of highways,4-wheel pickup truck,speeding,rear-end collision,2,0,0,clear,17.22664376,99.84774916,straight road,no slope,2022-04-21T12:25:00Z
6918610,21.04.2022 19:30,16.09.2022 14:00,Phrae,department of highways,large truck with trailer,speeding,head-on collision (not overtaking),2,0,1,rainy,18.05644714,99.69788073,wide curve,slope area,2022-04-21T12:30:00Z
6178458,21.04.2022 19:44,10.05.2022 14:34,Kanchanaburi,department of highways,4-wheel pickup truck,speeding,rear-end collision,2,0,1,clear,13.96634561,99.73855911,straight road,no slope,2022-04-21T12:44:00Z
6566541,21.04.2022 19:59,25.04.2022 16:18,Nakhon Nayok,department of rural roads,4-wheel pickup truck,tailgating,other,3,0,3,foggy,13.969617,100.918765,straight road,no slope,2022-04-21T12:59:00Z
6143938,21.04.2022 20:00,25.04.2022 08:36,Ubon Ratchathani,department of highways,private/passenger car,speeding,rollover/fallen on straight road,1,0,1,clear,15.68459607,105.0731805,straight road,no slope,2022-04-21T13:00:00Z
6318248,21.04.2022 20:00,6.06.2022 10:59,Prachuap Khiri Khan,department of highways,private/passenger car,speeding,rollover/fallen on straight road,1,0,0,clear,12.54405959,99.96344356,straight road,no slope,2022-04-21T13:00:00Z
6288970,21.04.2022 21:00,1.06.2022 11:09,Sukhothai,department of highways,4-wheel pickup truck,speeding,rollover/fallen on straight road,1,0,1,rainy,17.41133488,99.79911803,straight road,no slope,2022-04-21T14:00:00Z
6687561,21.04.2022 23:00,9.08.2022 14:12,Loburi,department of highways,private/passenger car,speeding,rollover/fallen on straight road,1,0,1,clear,15.32610359,101.1290967,straight road,no slope,2022-04-21T16:00:00Z
7565365,21.04.2022 23:00,20.01.2023 10:37,Trang,department of highways,private/passenger car,speeding,head-on collision (not overtaking),2,0,13,clear,7.45678642,99.6346101,other,other,2022-04-21T16:00:00Z
7433860,22.04.2022 00:30,6.12.2022 10:45,Uttaradit,department of highways,7-10-wheel truck,speeding,rear-end collision,2,0,10,rainy,17.38545327,100.2336869,wide curve,no slope,2022-04-21T17:30:00Z
6651548,22.04.2022 02:45,3.08.2022 13:58,Chon Buri,department of highways,4-wheel pickup truck,falling asleep,rollover/fallen on straight road,1,0,0,clear,13.33082487,101.0190403,straight road,no slope,2022-04-21T19:45:00Z
6220300,22.04.2022 03:00,17.05.2022 14:32,Phrae,department of highways,6-wheel truck,speeding,rollover/fallen on straight road,1,0,0,clear,17.99536129,100.0994316,straight road,no slope,2022-04-21T20:00:00Z
6242214,22.04.2022 03:00,24.05.2022 11:28,Chumphon,department of highways,7-10-wheel truck,speeding,rollover/fallen on curved road,1,0,0,clear,10.66071602,99.19343768,wide curve,no slope,2022-04-21T20:00:00Z
7554635,22.04.2022 03:30,9.01.2023 13:46,Nakhon Ratchasima,department of highways,private/passenger car,speeding,rear-end collision,2,0,2,clear,14.92574059,101.9634197,straight road,no slope,2022-04-21T20:30:00Z
6226874,22.04.2022 03:40,18.05.2022 14:17,Phatthalung,department of highways,large truck with trailer,falling asleep,rollover/fallen on straight road,1,0,0,clear,7.3356922,100.1390853,other,other,2022-04-21T20:40:00Z
6902944,22.04.2022 05:00,14.09.2022 10:24,Phitsanulok,department of highways,private/passenger car,speeding,rollover/fallen on straight road,1,0,1,clear,16.86474336,100.2486455,other,other,2022-04-21T22:00:00Z
7568167,22.04.2022 05:40,24.01.2023 10:25,Prachuap Khiri Khan,department of highways,large truck with trailer,speeding,rollover/fallen on straight road,1,0,1,clear,11.12245982,99.37091409,straight road,no slope,2022-04-21T22:40:00Z
6149213,22.04.2022 05:45,5.05.2022 13:47,Nakhon Sawan,department of highways,large truck with trailer,speeding,rear-end collision,2,0,2,clear,15.46113333,100.144903,other,other,2022-04-21T22:45:00Z
6896868,22.04.2022 06:30,13.09.2022 13:28,Phitsanulok,department of highways,4-wheel pickup truck,speeding,rollover/fallen on curved road,1,0,0,clear,17.23413969,101.1059359,wide curve,no slope,2022-04-21T23:30:00Z
7048612,22.04.2022 06:30,6.10.2022 14:28,Chon Buri,department of highways,van,speeding,rollover/fallen on straight road,1,0,0,clear,13.204048,100.9423828,straight road,no slope,2022-04-21T23:30:00Z
6138832,22.04.2022 07:33,22.04.2022 08:43,Bangkok,expressway authority of thailand,other,other,rear-end collision,3,0,0,clear,13.773023,100.606756,straight road,other,2022-04-22T00:33:00Z
6143999,22.04.2022 09:00,25.04.2022 10:38,Sukhothai,department of highways,4-wheel pickup truck,speeding,head-on collision (not overtaking),2,2,2,clear,16.92486489,99.84212993,wide curve,no slope,2022-04-22T02:00:00Z
6566638,22.04.2022 09:00,12.05.2022 15:57,Chon Buri,department of rural roads,4-wheel pickup truck,speeding,other,1,0,1,clear,13.023291,101.070163,straight road,no slope,2022-04-22T02:00:00Z
6729767,22.04.2022 09:20,16.08.2022 13:47,Ang Thong,department of highways,motorcycle,speeding,rear-end collision,2,1,1,clear,14.75178337,100.3222695,straight road,no slope,2022-04-22T02:20:00Z
6149308,22.04.2022 10:10,5.05.2022 14:03,Sukhothai,department of highways,4-wheel pickup truck,speeding,rear-end collision,2,0,0,clear,17.33799074,99.84714566,straight road,no slope,2022-04-22T03:10:00Z
6218912,22.04.2022 11:10,17.05.2022 09:36,Nakhon Si Thammarat,department of highways,7-10-wheel truck,speeding,rollover/fallen on straight road,1,0,0,rainy,8.084256344,100.0673389,straight road,no slope,2022-04-22T04:10:00Z
7414459,22.04.2022 11:16,28.11.2022 14:34,Surin,department of highways,other,speeding,rollover/fallen on straight road,1,0,0,clear,14.62058595,103.8289118,other,other,2022-04-22T04:16:00Z
7565318,22.04.2022 11:30,20.01.2023 10:09,Trang,department of highways,private/passenger car,speeding,collision with obstruction (on road surface),1,0,1,clear,7.799556045,99.56752269,other,other,2022-04-22T04:30:00Z
7434565,22.04.2022 12:00,6.12.2022 11:23,Phitsanulok,department of highways,4-wheel pickup truck,speeding,other,1,0,0,clear,16.85738405,100.6223175,wide curve,no slope,2022-04-22T05:00:00Z
6146721,22.04.2022 12:15,29.04.2022 14:32,Kanchanaburi,department of highways,large truck with trailer,speeding,rear-end collision,2,0,0,clear,13.87267367,99.81647728,straight road,no slope,2022-04-22T05:15:00Z
6549763,22.04.2022 12:25,14.07.2022 14:14,Udon Thani,department of highways,motorcycle,cutting in closely by people/vehicles/animals,rear-end collision,2,0,2,clear,17.80148893,102.27981,other,other,2022-04-22T05:25:00Z
7554567,22.04.2022 12:30,9.01.2023 13:29,Nakhon Ratchasima,department of highways,other,speeding,rollover/fallen on straight road,1,0,0,clear,14.66915914,101.4468285,straight road,no slope,2022-04-22T05:30:00Z
7565010,22.04.2022 12:30,20.01.2023 07:02,Samut Prakan,department of highways,4-wheel pickup truck,speeding,rear-end collision,2,0,1,clear,13.50842556,100.7186356,straight road,no slope,2022-04-22T05:30:00Z
7568147,22.04.2022 13:00,24.01.2023 10:16,Prachuap Khiri Khan,department of highways,large truck with trailer,falling asleep,rollover/fallen on straight road,1,0,1,clear,12.17921403,99.84729318,straight road,no slope,2022-04-22T06:00:00Z
6140541,22.04.2022 13:02,22.04.2022 16:35,Chachoengsao,department of highways,private/passenger car,speeding,rollover/fallen on straight road,1,0,0,clear,13.50897585,101.0343906,straight road,no slope,2022-04-22T06:02:00Z
6171067,22.04.2022 13:20,9.05.2022 11:48,Kamphaeng Phet,department of highways,private/passenger car,speeding,rear-end collision,3,0,0,clear,16.49434588,99.48171882,wide curve,no slope,2022-04-22T06:20:00Z
7567455,22.04.2022 13:30,23.01.2023 15:38,Trat,department of highways,private/passenger car,speeding,head-on collision (not overtaking),3,0,4,clear,12.37974001,102.3759753,straight road,no slope,2022-04-22T06:30:00Z
6566574,22.04.2022 14:20,28.04.2022 10:03,Phrae,department of rural roads,passenger pickup truck,speeding,other,1,0,1,clear,18.287858,100.201211,wide curve,no slope,2022-04-22T07:20:00Z
6149048,22.04.2022 14:38,5.05.2022 09:29,Samut Prakan,expressway authority of thailand,4-wheel pickup truck,other,rear-end collision,2,0,0,clear,13.624442,100.666943,straight road,other,2022-04-22T07:38:00Z
6664183,22.04.2022 15:00,5.08.2022 14:09,Chon Buri,department of highways,private/passenger car,speeding,rollover/fallen on curved road,1,0,0,rainy,12.81464689,100.9797728,wide curve,no slope,2022-04-22T08:00:00Z
6664184,22.04.2022 15:00,5.08.2022 14:06,Chon Buri,department of highways,4-wheel pickup truck,speeding,rollover/fallen on curved road,1,0,0,rainy,12.83375168,100.9829888,wide curve,no slope,2022-04-22T08:00:00Z
7565436,22.04.2022 15:40,20.01.2023 11:10,Chanthaburi,department of highways,4-wheel pickup truck,vehicle equipment failure,rollover/fallen on curved road,1,0,1,rainy,12.84470391,102.2651142,wide curve,slope area,2022-04-22T08:40:00Z
6944866,22.04.2022 15:48,20.09.2022 14:48,Chanthaburi,department of highways,4-wheel pickup truck,speeding,rear-end collision,2,0,1,rainy,12.7217464,102.0822707,other,other,2022-04-22T08:48:00Z
6546467,22.04.2022 15:57,13.07.2022 21:07,Krabi,department of highways,7-10-wheel truck,speeding,rollover/fallen on straight road,1,0,1,clear,8.072829333,99.31764005,straight road,no slope,2022-04-22T08:57:00Z
6144800,22.04.2022 16:00,26.04.2022 14:47,Phatthalung,department of highways,6-wheel truck,speeding,rollover/fallen on straight road,1,0,1,clear,7.369106412,100.1209429,straight road,no slope,2022-04-22T09:00:00Z
7554435,22.04.2022 16:10,9.01.2023 11:27,Sakon Nakhon,department of highways,4-wheel pickup truck,speeding,rollover/fallen on curved road,1,0,0,rainy,17.11940287,104.0237582,sharp curve,no slope,2022-04-22T09:10:00Z
6687591,22.04.2022 16:20,9.08.2022 14:16,Loburi,department of highways,7-10-wheel truck,vehicle equipment failure,rollover/fallen on straight road,1,0,0,rainy,15.07132843,101.100491,straight road,no slope,2022-04-22T09:20:00Z
6664321,22.04.2022 16:27,5.08.2022 14:42,Chachoengsao,department of highways,private/passenger car,speeding,rear-end collision,2,0,0,clear,13.52638101,101.0197404,straight road,no slope,2022-04-22T09:27:00Z
7556342,22.04.2022 16:30,11.01.2023 12:23,Sa Kaeo,department of highways,4-wheel pickup truck,speeding,rollover/fallen on straight road,1,0,1,rainy,13.75214107,102.3002243,straight road,no slope,2022-04-22T09:30:00Z
6687496,22.04.2022 16:35,9.08.2022 14:04,Loburi,department of highways,private/passenger car,speeding,rollover/fallen on straight road,1,0,2,rainy,15.16633757,101.0628435,straight road,no slope,2022-04-22T09:35:00Z
6149045,22.04.2022 16:37,5.05.2022 09:28,Samut Prakan,expressway authority of thailand,other,other,rear-end collision,3,0,1,clear,13.637099,100.547235,straight road,other,2022-04-22T09:37:00Z
6324583,22.04.2022 17:06,7.06.2022 10:58,Phetchabun,department of highways,motorcycle,vehicle equipment failure,rollover/fallen on straight road,1,0,1,clear,16.70444751,101.1746299,straight road,no slope,2022-04-22T10:06:00Z
6148031,22.04.2022 17:20,2.05.2022 10:21,Suphan Buri,department of highways,4-wheel pickup truck,speeding,rollover/fallen on curved road,1,0,3,rainy,14.17266661,99.84579115,wide curve,no slope,2022-04-22T10:20:00Z
7567549,22.04.2022 18:00,23.01.2023 17:31,Rayong,department of highways,4-wheel pickup truck,speeding,rear-end collision,2,1,3,clear,12.92355478,101.2620485,straight road,no slope,2022-04-22T11:00:00Z
6680015,22.04.2022 18:26,8.08.2022 09:44,Pathum Thani,department of highways,private/passenger car,speeding,rear-end collision,2,0,0,clear,14.00351746,100.7071021,straight road,no slope,2022-04-22T11:26:00Z
6723320,22.04.2022 18:45,15.08.2022 10:06,Suphan Buri,department of highways,private/passenger car,debris/obstruction on the road,collision with obstruction (on road surface),1,0,0,natural disaster,14.33301538,100.2064544,straight road,no slope,2022-04-22T11:45:00Z
7331462,22.04.2022 20:10,14.07.2022 10:25,Maha Sarakham,department of highways,4-wheel pickup truck,speeding,rear-end collision,2,1,1,clear,16.44184772,102.9758352,straight road,no slope,2022-04-22T13:10:00Z
6664302,22.04.2022 20:36,5.08.2022 14:36,Chon Buri,department of highways,4-wheel pickup truck,speeding,rear-end collision,2,0,0,clear,12.90401237,100.9542945,straight road,no slope,2022-04-22T13:36:00Z
6723129,22.04.2022 20:40,15.08.2022 09:27,Suphan Buri,department of highways,motorcycle,speeding,rear-end collision,2,0,1,clear,14.6262749,100.1484489,other,other,2022-04-22T13:40:00Z
7291651,22.04.2022 21:00,11.11.2022 13:20,Lampang,department of highways,private/passenger car,speeding,rollover/fallen on curved road,1,0,0,clear,18.33122011,99.25957559,wide curve,no slope,2022-04-22T14:00:00Z
6144607,22.04.2022 21:07,26.04.2022 09:10,Amnat Charoen,department of highways,private/passenger car,speeding,head-on collision (not overtaking),2,0,1,clear,15.93828099,104.6282235,straight road,no slope,2022-04-22T14:07:00Z
6729790,22.04.2022 21:30,16.08.2022 13:52,Ang Thong,department of highways,motorcycle,speeding,rollover/fallen on straight road,1,0,1,clear,14.57959628,100.4685116,other,other,2022-04-22T14:30:00Z
7560780,22.04.2022 22:15,16.01.2023 13:54,Bangkok,department of highways,private/passenger car,speeding,rear-end collision,2,0,1,clear,13.78942803,100.561198,other,other,2022-04-22T15:15:00Z
7558322,22.04.2022 23:00,12.01.2023 14:35,Satun,department of highways,4-wheel pickup truck,speeding,rollover/fallen on straight road,1,0,0,clear,6.792136558,99.96335773,straight road,no slope,2022-04-22T16:00:00Z
6566554,22.04.2022 23:57,25.04.2022 16:19,Bangkok,department of rural roads,motorcycle,driving under the influence of alcohol,other,1,0,1,clear,13.671214,100.53869,straight road,slope area,2022-04-22T16:57:00Z
7565323,23.04.2022 00:00,20.01.2023 10:12,Trang,department of highways,7-10-wheel truck,cutting in closely by people/vehicles/animals,head-on collision (not overtaking),2,0,2,clear,7.376120922,99.67637478,straight road,no slope,2022-04-22T17:00:00Z
7556315,23.04.2022 02:50,11.01.2023 12:00,Sa Kaeo,department of highways,4-wheel pickup truck,speeding,rear-end collision,2,2,12,foggy,13.77082567,102.0645735,straight road,no slope,2022-04-22T19:50:00Z
7434304,23.04.2022 03:00,6.12.2022 11:07,Krabi,department of highways,4-wheel pickup truck,speeding,rollover/fallen on curved road,1,0,0,clear,8.081449413,98.87255965,wide curve,no slope,2022-04-22T20:00:00Z
6144098,23.04.2022 05:00,25.04.2022 13:48,Suphan Buri,department of highways,4-wheel pickup truck,falling asleep,rollover/fallen on curved road,1,0,5,foggy,14.78748666,100.0901806,wide curve,no slope,2022-04-22T22:00:00Z
6178191,23.04.2022 05:30,10.05.2022 13:53,Bangkok,department of highways,private/passenger car,speeding,rollover/fallen on straight road,1,0,3,clear,13.73267593,100.7008204,straight road,no slope,2022-04-22T22:30:00Z
7556095,23.04.2022 07:15,11.01.2023 10:18,Prachin Buri,department of highways,van,speeding,collision at intersection corner,2,0,3,clear,14.09847328,101.4397475,four-way intersection,other,2022-04-23T00:15:00Z
6219291,23.04.2022 07:40,17.05.2022 10:57,Suphan Buri,department of highways,4-wheel pickup truck,falling asleep,rollover/fallen on straight road,1,0,0,clear,14.75429155,100.074766,straight road,no slope,2022-04-23T00:40:00Z
6290622,23.04.2022 08:40,1.06.2022 17:22,Nakhon Si Thammarat,department of highways,large truck with trailer,speeding,rollover/fallen on straight road,1,0,0,clear,8.156003016,99.68495517,straight road,no slope,2022-04-23T01:40:00Z
6723318,23.04.2022 09:50,15.08.2022 10:09,Suphan Buri,department of highways,private/passenger car,speeding,rollover/fallen on curved road,1,0,0,clear,14.84216879,100.1045734,other,other,2022-04-23T02:50:00Z
7414086,23.04.2022 10:00,28.11.2022 09:59,Chiang Mai,department of highways,motorcycle,speeding,rear-end collision,2,0,0,clear,18.83575951,99.01285528,straight road,no slope,2022-04-23T03:00:00Z
6531780,23.04.2022 11:15,11.07.2022 10:29,Nakhon Pathom,department of highways,motorcycle,cutting in closely by people/vehicles/animals,rear-end collision,2,0,3,clear,13.95315885,99.88450079,straight road,no slope,2022-04-23T04:15:00Z
6664300,23.04.2022 12:11,5.08.2022 14:37,Chon Buri,department of highways,private/passenger car,speeding,rear-end collision,3,0,0,clear,12.9774473,100.984472,straight road,no slope,2022-04-23T05:11:00Z
6149091,23.04.2022 13:25,5.05.2022 10:50,Surin,department of highways,motorcycle,speeding,other,2,1,0,clear,14.73929906,103.6559415,straight road,no slope,2022-04-23T06:25:00Z
7561189,23.04.2022 14:53,17.01.2023 06:40,Bangkok,department of highways,motorcycle,cutting in closely by people/vehicles/animals,rear-end collision,2,0,2,clear,13.69329648,100.4075986,straight road,no slope,2022-04-23T07:53:00Z
6143898,23.04.2022 14:55,24.04.2022 15:18,Bangkok,department of highways,4-wheel pickup truck,speeding,rear-end collision,2,0,0,clear,13.76197334,100.6956759,straight road,no slope,2022-04-23T07:55:00Z
6679717,23.04.2022 17:52,8.08.2022 09:09,Bangkok,department of highways,private/passenger car,speeding,rear-end collision,4,0,2,clear,13.66177122,100.6955203,straight road,no slope,2022-04-23T10:52:00Z