acc_code,incident_datetime,report_datetime,province_en,agency,vehicle_type,presumed_cause,accident_type,number_of_vehicles_involved,number_of_fatalities,number_of_injuries,weather_condition,latitude,longitude,road_description,slope_description,incident_time
6149138,23.04.2022 18:00,5.05.2022 12:46,Tak,department of highways,large truck with trailer,vehicle equipment failure,rollover/fallen on curved road,1,0,0,clear,16.75671477,98.72117041,wide curve,slope area,2022-04-23T11:00:00Z
6178548,23.04.2022 18:05,10.05.2022 14:44,Kanchanaburi,department of highways,4-wheel pickup truck,speeding,rollover/fallen on curved road,1,0,0,clear,14.65354189,98.54947685,wide curve,no slope,2022-04-23T11:05:00Z
6146225,23.04.2022 18:27,28.04.2022 09:36,Ubon Ratchathani,department of highways,4-wheel pickup truck,speeding,rollover/fallen on straight road,1,1,0,clear,14.95275094,105.0087404,other,other,2022-04-23T11:27:00Z
6664350,23.04.2022 18:30,5.08.2022 14:45,Pathum Thani,department of highways,large truck with trailer,speeding,rollover/fallen on straight road,1,0,1,clear,14.1189221,100.6764793,straight road,no slope,2022-04-23T11:30:00Z
6239851,23.04.2022 19:00,20.05.2022 14:09,Tak,department of highways,7-10-wheel truck,vehicle equipment failure,rear-end collision,2,0,0,clear,16.81094987,98.97977828,wide curve,slope area,2022-04-23T12:00:00Z
7567903,23.04.2022 19:00,24.01.2023 07:23,Nakhon Pathom,department of highways,4-wheel pickup truck,speeding,rollover/fallen on straight road,1,0,0,clear,13.7635052,100.0895423,straight road,no slope,2022-04-23T12:00:00Z
6566543,23.04.2022 19:40,25.04.2022 16:19,Samut Prakan,department of rural roads,motorcycle,running red lights/traffic signals,other,1,0,1,clear,13.664281,100.534529,straight road,slope area,2022-04-23T12:40:00Z
6233643,23.04.2022 19:51,19.05.2022 14:37,Pathum Thani,department of highways,large truck with trailer,speeding,rollover/fallen on straight road,1,0,0,clear,13.99408062,100.4465657,straight road,no slope,2022-04-23T12:51:00Z
7560625,23.04.2022 21:30,16.01.2023 10:22,Uthai Thani,department of highways,4-wheel pickup truck,speeding,rollover/fallen on straight road,1,0,0,clear,15.19027733,99.69538896,straight road,no slope,2022-04-23T14:30:00Z
7433884,23.04.2022 23:00,6.12.2022 10:42,Uttaradit,department of highways,4-wheel pickup truck,falling asleep,rollover/fallen on straight road,1,0,0,clear,17.24714285,100.245738,straight road,no slope,2022-04-23T16:00:00Z
7434392,23.04.2022 23:00,6.12.2022 13:39,Uttaradit,department of highways,motorcycle,cutting in closely by people/vehicles/animals,other,2,0,1,clear,17.18524159,100.0590777,connecting to private area,other,2022-04-23T16:00:00Z
6149044,23.04.2022 23:06,5.05.2022 09:26,Samut Prakan,expressway authority of thailand,large truck with trailer,other,rear-end collision,3,0,0,clear,13.600836,100.639763,wide curve,other,2022-04-23T16:06:00Z
6566536,23.04.2022 23:50,25.04.2022 08:41,Prachuap Khiri Khan,department of rural roads,4-wheel pickup truck,speeding,other,2,1,1,clear,11.853969,99.73028,four-way intersection,other,2022-04-23T16:50:00Z
6664029,24.04.2022 00:33,5.08.2022 13:28,Chon Buri,department of highways,private/passenger car,speeding,rollover/fallen on straight road,1,0,0,clear,13.22553021,101.0027486,straight road,no slope,2022-04-23T17:33:00Z
6331298,24.04.2022 00:50,8.06.2022 13:11,Phetchabun,department of highways,4-wheel pickup truck,vehicle equipment failure,rollover/fallen on straight road,1,0,1,clear,16.73949344,101.1938962,straight road,no slope,2022-04-23T17:50:00Z
6241403,24.04.2022 01:00,23.05.2022 09:01,Nakhon Pathom,department of highways,private/passenger car,speeding,rollover/fallen on curved road,3,0,1,clear,13.71001449,100.266509,wide curve,no slope,2022-04-23T18:00:00Z
7007575,24.04.2022 01:00,30.09.2022 10:09,Sukhothai,department of highways,private/passenger car,falling asleep,rollover/fallen on straight road,1,0,0,clear,17.00416175,99.55846487,other,other,2022-04-23T18:00:00Z
6144741,24.04.2022 01:40,26.04.2022 13:39,Chon Buri,department of highways,large truck with trailer,speeding,rear-end collision,2,0,1,clear,13.43867988,101.0462513,straight road,no slope,2022-04-23T18:40:00Z
6276285,24.04.2022 02:00,30.05.2022 11:05,Phuket,department of highways,4-wheel pickup truck,speeding,rollover/fallen on straight road,1,0,1,rainy,7.953008248,98.38812052,straight road,no slope,2022-04-23T19:00:00Z
7567860,24.04.2022 02:00,24.01.2023 06:43,Chumphon,department of highways,private/passenger car,speeding,rollover/fallen on straight road,1,0,0,clear,10.66251371,99.19624059,other,other,2022-04-23T19:00:00Z
6679630,24.04.2022 03:20,8.08.2022 08:53,Bangkok,department of highways,4-wheel pickup truck,vehicle equipment failure,rollover/fallen on straight road,1,0,1,clear,13.71315705,100.8185989,straight road,no slope,2022-04-23T20:20:00Z
7518230,24.04.2022 03:40,29.12.2022 14:27,Phitsanulok,department of highways,private/passenger car,speeding,rollover/fallen on straight road,1,0,0,clear,16.83786393,100.4398253,wide curve,no slope,2022-04-23T20:40:00Z
6549939,24.04.2022 03:59,14.07.2022 15:09,Udon Thani,department of highways,4-wheel pickup truck,falling asleep,rollover/fallen on straight road,1,0,1,clear,17.36303938,103.0897379,straight road,no slope,2022-04-23T20:59:00Z
7413513,24.04.2022 04:30,25.11.2022 10:13,Lampang,department of highways,6-wheel truck,speeding,rollover/fallen on straight road,1,0,1,clear,17.91370279,99.34221982,straight road,no slope,2022-04-23T21:30:00Z
6549943,24.04.2022 05:06,14.07.2022 15:09,Udon Thani,department of highways,4-wheel pickup truck,speeding,collision at intersection corner,2,0,1,clear,17.35990849,103.104305,other,other,2022-04-23T22:06:00Z
7568213,24.04.2022 06:00,24.01.2023 10:51,Phetchaburi,department of highways,private/passenger car,speeding,rear-end collision,2,1,0,clear,13.23553301,99.82356368,straight road,no slope,2022-04-23T23:00:00Z
7414394,24.04.2022 06:12,28.11.2022 13:41,Chiang Mai,department of highways,motorcycle,speeding,rollover/fallen on straight road,1,0,1,clear,18.84197381,99.01331125,straight road,no slope,2022-04-23T23:12:00Z
7556563,24.04.2022 07:00,11.01.2023 13:55,Narathiwat,department of highways,4-wheel pickup truck,speeding,rollover/fallen on straight road,1,0,3,clear,6.501205608,101.6605416,straight road,no slope,2022-04-24T00:00:00Z
7331465,24.04.2022 08:45,5.05.2022 13:56,Sukhothai,department of highways,motorcycle,speeding,rear-end collision,2,0,4,clear,17.01115881,99.78237836,straight road,no slope,2022-04-24T01:45:00Z
7554493,24.04.2022 09:50,9.01.2023 12:57,Nakhon Ratchasima,department of highways,4-wheel pickup truck,speeding,rollover/fallen on straight road,1,0,0,clear,15.26576762,102.4185312,straight road,no slope,2022-04-24T02:50:00Z
6289115,24.04.2022 10:00,1.06.2022 11:33,Phetchabun,department of highways,large truck with trailer,speeding,rollover/fallen on straight road,1,0,1,clear,15.86457744,101.0123589,straight road,no slope,2022-04-24T03:00:00Z
6723293,24.04.2022 10:00,15.08.2022 10:04,Suphan Buri,department of highways,motorcycle,speeding,rear-end collision,2,0,2,clear,14.8000434,100.1097098,straight road,no slope,2022-04-24T03:00:00Z
6809237,24.04.2022 10:00,30.08.2022 13:20,Phra Nakhon Si Ayutthaya,department of highways,4-wheel pickup truck,speeding,rollover/fallen on straight road,1,0,0,clear,14.2389844,100.7333207,straight road,no slope,2022-04-24T03:00:00Z
6917302,24.04.2022 10:30,16.09.2022 11:55,Chon Buri,department of highways,4-wheel pickup truck,speeding,rear-end collision,2,0,0,clear,13.3916157,101.0119325,straight road,no slope,2022-04-24T03:30:00Z
7568159,24.04.2022 10:30,24.01.2023 10:24,Prachuap Khiri Khan,department of highways,4-wheel pickup truck,falling asleep,rollover/fallen on straight road,1,0,0,clear,11.05550367,99.37132983,other,other,2022-04-24T03:30:00Z
6608160,24.04.2022 11:00,27.07.2022 09:58,Chaiyaphum,department of highways,large truck with trailer,speeding,rollover/fallen on straight road,1,0,0,clear,15.78576749,102.0302653,wide curve,no slope,2022-04-24T04:00:00Z
7433941,24.04.2022 11:00,6.12.2022 10:22,Phayao,department of highways,4-wheel pickup truck,speeding,rollover/fallen on curved road,1,0,0,clear,19.34897177,100.5161825,wide curve,slope area,2022-04-24T04:00:00Z
6723295,24.04.2022 11:45,15.08.2022 10:03,Suphan Buri,department of highways,motorcycle,vehicle equipment failure,rollover/fallen on curved road,1,1,0,clear,14.87203742,99.97192739,wide curve,no slope,2022-04-24T04:45:00Z
6566550,24.04.2022 12:30,25.04.2022 16:19,Samut Prakan,department of rural roads,motorcycle,speeding,other,1,0,2,clear,13.66339,100.538761,wide curve,slope area,2022-04-24T05:30:00Z
7557902,24.04.2022 12:30,12.01.2023 11:32,Songkhla,department of highways,large truck with trailer,speeding,rear-end collision,2,0,0,clear,6.732819337,100.4498997,straight road,no slope,2022-04-24T05:30:00Z
6148380,24.04.2022 12:50,3.05.2022 13:47,Chachoengsao,department of highways,other,speeding,rollover/fallen on straight road,1,0,0,clear,13.59907827,100.9542677,straight road,no slope,2022-04-24T05:50:00Z
7556628,24.04.2022 12:51,11.01.2023 14:14,Pattani,department of highways,4-wheel pickup truck,speeding,rollover/fallen on straight road,1,1,0,clear,6.848455846,101.1900124,straight road,no slope,2022-04-24T05:51:00Z
6149196,24.04.2022 13:15,5.05.2022 13:40,Nakhon Sawan,department of highways,4-wheel pickup truck,speeding,rollover/fallen on straight road,1,0,1,clear,15.75354051,99.7793421,straight road,no slope,2022-04-24T06:15:00Z
6318280,24.04.2022 13:30,6.06.2022 11:02,Prachuap Khiri Khan,department of highways,4-wheel pickup truck,cutting in closely by people/vehicles/animals,rear-end collision,2,0,0,clear,11.96048671,99.83181416,straight road,no slope,2022-04-24T06:30:00Z
7435032,24.04.2022 13:30,6.12.2022 14:53,Uttaradit,department of highways,4-wheel pickup truck,speeding,rollover/fallen on curved road,1,0,1,clear,17.40404581,100.3180504,wide curve,no slope,2022-04-24T06:30:00Z
7554489,24.04.2022 13:33,9.01.2023 12:52,Mukdahan,department of highways,motorcycle,speeding,rollover/fallen on straight road,1,1,0,clear,16.38066855,104.5619514,straight road,no slope,2022-04-24T06:33:00Z
6192158,24.04.2022 13:50,12.05.2022 15:42,Kalasin,department of highways,private/passenger car,speeding,rollover/fallen on curved road,1,0,0,clear,16.37061427,103.3446953,wide curve,slope area,2022-04-24T06:50:00Z
6943001,24.04.2022 13:50,20.09.2022 08:08,Chachoengsao,department of highways,4-wheel pickup truck,speeding,rear-end collision,4,0,7,clear,13.63949655,101.0417184,straight road,no slope,2022-04-24T06:50:00Z
6146665,24.04.2022 13:59,29.04.2022 10:53,Chon Buri,department of highways,private/passenger car,speeding,rear-end collision,2,0,0,clear,13.25868592,100.990043,straight road,no slope,2022-04-24T06:59:00Z
6902765,24.04.2022 14:40,14.09.2022 09:45,Phichit,department of highways,private/passenger car,speeding,head-on collision (not overtaking),3,0,0,clear,16.59979555,100.1476496,straight road,no slope,2022-04-24T07:40:00Z
6944278,24.04.2022 16:00,20.09.2022 12:41,Udon Thani,department of highways,other,speeding,rollover/fallen on straight road,1,0,0,clear,17.60388018,103.0717081,straight road,no slope,2022-04-24T09:00:00Z
7291714,24.04.2022 17:15,11.11.2022 13:38,Lampang,department of highways,4-wheel pickup truck,speeding,rear-end collision,2,0,1,clear,18.24393315,99.44632976,other,other,2022-04-24T10:15:00Z
6729765,24.04.2022 17:35,16.08.2022 13:49,Ang Thong,department of highways,private/passenger car,vehicle equipment failure,head-on collision (not overtaking),2,0,0,clear,14.49569321,100.4569056,other,other,2022-04-24T10:35:00Z
6148023,24.04.2022 18:00,2.05.2022 10:20,Kanchanaburi,department of highways,private/passenger car,speeding,head-on collision (not overtaking),2,2,0,clear,14.41090887,99.82345371,wide curve,no slope,2022-04-24T11:00:00Z
7556734,24.04.2022 18:30,11.01.2023 14:59,Pattani,department of highways,4-wheel pickup truck,speeding,rollover/fallen on straight road,1,0,1,clear,6.567953105,101.3821953,straight road,no slope,2022-04-24T11:30:00Z
7556203,24.04.2022 19:16,11.01.2023 11:10,Prachin Buri,department of highways,private/passenger car,speeding,rollover/fallen on straight road,1,0,3,clear,13.98429462,101.7767832,straight road,no slope,2022-04-24T12:16:00Z
6214909,24.04.2022 19:20,16.05.2022 15:01,Surat Thani,department of highways,4-wheel pickup truck,speeding,rollover/fallen on straight road,1,0,0,clear,9.115134744,99.26849394,straight road,no slope,2022-04-24T12:20:00Z
7434208,24.04.2022 20:08,6.12.2022 11:10,Krabi,department of highways,large truck with trailer,speeding,rollover/fallen on straight road,1,0,0,clear,8.14168657,99.01878564,straight road,no slope,2022-04-24T13:08:00Z
6239852,24.04.2022 20:45,20.05.2022 14:08,Tak,department of highways,large truck with trailer,falling asleep,rollover/fallen on straight road,1,0,0,clear,16.69851812,99.24893527,straight road,no slope,2022-04-24T13:45:00Z
6219725,24.04.2022 22:30,17.05.2022 12:34,Nakhon Si Thammarat,department of highways,private/passenger car,speeding,rear-end collision,2,0,4,clear,8.159550187,99.71964686,straight road,no slope,2022-04-24T15:30:00Z
7414465,24.04.2022 23:20,28.11.2022 14:36,Chiang Mai,department of highways,private/passenger car,speeding,rollover/fallen on straight road,1,0,0,clear,18.75822891,98.99933426,straight road,no slope,2022-04-24T16:20:00Z
7434369,24.04.2022 23:40,6.12.2022 13:37,Phichit,department of highways,private/passenger car,speeding,rear-end collision,2,0,1,clear,16.50863702,100.2064544,straight road,no slope,2022-04-24T16:40:00Z
7565067,25.04.2022 01:00,20.01.2023 08:31,Pathum Thani,department of highways,private/passenger car,speeding,rollover/fallen on straight road,1,0,1,clear,13.99938986,100.6838152,straight road,no slope,2022-04-24T18:00:00Z
7414048,25.04.2022 01:30,28.11.2022 09:45,Chiang Mai,department of highways,motorcycle,speeding,rear-end collision,2,0,1,clear,18.81924529,99.01161073,straight road,no slope,2022-04-24T18:30:00Z
7566754,25.04.2022 01:45,22.01.2023 08:21,Chachoengsao,department of highways,4-wheel pickup truck,speeding,rear-end collision,3,0,0,clear,13.63271416,101.0378936,straight road,no slope,2022-04-24T18:45:00Z
6679631,25.04.2022 02:30,8.08.2022 08:53,Bangkok,department of highways,6-wheel truck,vehicle equipment failure,rollover/fallen on straight road,1,0,0,clear,13.7321444,100.778811,straight road,no slope,2022-04-24T19:30:00Z
6917250,25.04.2022 03:00,16.09.2022 11:52,Chon Buri,department of highways,private/passenger car,falling asleep,rollover/fallen on straight road,1,0,0,clear,13.09645453,101.3886595,straight road,no slope,2022-04-24T20:00:00Z
7371935,25.04.2022 04:40,23.11.2022 12:06,Phuket,department of highways,van,speeding,rollover/fallen on straight road,1,0,0,clear,8.056178194,98.32144885,straight road,no slope,2022-04-24T21:40:00Z
6664328,25.04.2022 04:50,5.08.2022 14:40,Bangkok,department of highways,7-10-wheel truck,vehicle equipment failure,other,1,0,0,clear,13.87137689,100.6799313,straight road,no slope,2022-04-24T21:50:00Z
6282703,25.04.2022 05:00,31.05.2022 11:07,Phangnga,department of highways,4-wheel pickup truck,speeding,rollover/fallen on straight road,1,0,0,clear,8.256854064,98.31669866,straight road,no slope,2022-04-24T22:00:00Z
7564189,25.04.2022 05:50,19.01.2023 11:08,Samut Sakhon,department of highways,private/passenger car,speeding,rear-end collision,5,0,1,clear,13.57901907,100.3054815,straight road,no slope,2022-04-24T22:50:00Z
7291654,25.04.2022 06:00,11.11.2022 13:22,Lampang,department of highways,4-wheel pickup truck,speeding,rollover/fallen on straight road,1,0,1,clear,18.93847416,99.92901741,straight road,no slope,2022-04-24T23:00:00Z
6239405,25.04.2022 06:10,20.05.2022 12:35,Kalasin,department of highways,4-wheel pickup truck,speeding,rollover/fallen on straight road,1,0,0,clear,16.42925222,103.5246849,straight road,no slope,2022-04-24T23:10:00Z
7555300,25.04.2022 06:15,10.01.2023 11:36,Nakhon Ratchasima,department of highways,private/passenger car,speeding,rollover/fallen on curved road,1,0,1,clear,14.56742925,101.9792014,wide curve,no slope,2022-04-24T23:15:00Z
6679719,25.04.2022 06:58,8.08.2022 09:06,Bangkok,department of highways,private/passenger car,speeding,rear-end collision,2,0,0,clear,13.72972905,100.7290506,straight road,no slope,2022-04-24T23:58:00Z
6531631,25.04.2022 07:00,11.07.2022 10:00,Chon Buri,department of highways,private/passenger car,speeding,rollover/fallen on straight road,1,0,0,clear,13.15521967,101.3164222,straight road,no slope,2022-04-25T00:00:00Z
7565328,25.04.2022 07:00,20.01.2023 10:14,Trang,department of highways,private/passenger car,speeding,pedestrian collision,1,1,0,clear,7.564701922,99.68897043,straight road,no slope,2022-04-25T00:00:00Z
6218914,25.04.2022 07:30,17.05.2022 09:35,Nakhon Si Thammarat,department of highways,6-wheel truck,speeding,rollover/fallen on straight road,1,0,0,clear,8.974896392,99.89395021,straight road,no slope,2022-04-25T00:30:00Z
7557731,25.04.2022 07:30,12.01.2023 10:40,Songkhla,department of highways,large truck with trailer,reversing vehicle,collision with obstruction (on road surface),2,1,0,clear,6.972796991,100.4862651,straight road,no slope,2022-04-25T00:30:00Z
6146385,25.04.2022 07:40,28.04.2022 11:05,Surin,department of highways,4-wheel pickup truck,speeding,rollover/fallen on straight road,1,0,0,clear,14.6108272,103.3139947,straight road,no slope,2022-04-25T00:40:00Z
6218564,25.04.2022 08:30,17.05.2022 08:27,Ratchaburi,department of highways,private/passenger car,speeding,rear-end collision,2,0,0,clear,13.35312575,99.82730268,straight road,no slope,2022-04-25T01:30:00Z
7551816,25.04.2022 08:30,5.01.2023 14:52,Nakhon Phanom,department of highways,other,speeding,rollover/fallen on straight road,1,0,0,clear,17.44596166,104.7473296,straight road,no slope,2022-04-25T01:30:00Z
6664327,25.04.2022 08:49,5.08.2022 14:44,Bangkok,department of highways,4-wheel pickup truck,speeding,rear-end collision,3,0,0,clear,13.87708215,100.6828818,straight road,no slope,2022-04-25T01:49:00Z
6679656,25.04.2022 08:56,8.08.2022 08:59,Samut Prakan,department of highways,private/passenger car,vehicle equipment failure,other,1,0,0,clear,13.7025514,100.8238318,straight road,no slope,2022-04-25T01:56:00Z
7517787,25.04.2022 09:00,29.12.2022 11:04,Nakhon Ratchasima,department of highways,other,speeding,rollover/fallen on straight road,1,0,0,clear,14.9504731,102.0213738,straight road,no slope,2022-04-25T02:00:00Z
7561188,25.04.2022 09:00,17.01.2023 06:44,Bangkok,department of highways,private/passenger car,other,rollover/fallen on straight road,1,0,0,clear,13.69299201,100.407451,straight road,no slope,2022-04-25T02:00:00Z
6144075,25.04.2022 09:12,25.04.2022 12:48,Bangkok,expressway authority of thailand,4-wheel pickup truck,other,side collision,3,0,0,clear,13.76662402,100.5391511,straight road,other,2022-04-25T02:12:00Z
6191321,25.04.2022 10:00,12.05.2022 13:00,Chon Buri,department of highways,other,speeding,rollover/fallen on straight road,1,0,0,clear,13.47027258,101.2845227,straight road,no slope,2022-04-25T03:00:00Z
6729699,25.04.2022 10:00,16.08.2022 13:38,Phra Nakhon Si Ayutthaya,department of highways,large truck with trailer,speeding,rollover/fallen on straight road,1,0,2,clear,14.43318403,100.5487633,straight road,no slope,2022-04-25T03:00:00Z
6679653,25.04.2022 10:01,8.08.2022 08:56,Samut Prakan,department of highways,4-wheel pickup truck,speeding,rear-end collision,4,0,0,clear,13.64233769,100.8869013,straight road,no slope,2022-04-25T03:01:00Z
6917248,25.04.2022 10:30,16.09.2022 11:53,Chon Buri,department of highways,4-wheel pickup truck,falling asleep,rollover/fallen on straight road,1,0,0,clear,13.09326471,101.3915348,straight road,no slope,2022-04-25T03:30:00Z
6663957,25.04.2022 10:58,5.08.2022 13:11,Chon Buri,department of highways,large truck with trailer,speeding,rear-end collision,2,0,2,clear,13.11082778,100.9484768,straight road,no slope,2022-04-25T03:58:00Z
7568168,25.04.2022 11:20,24.01.2023 10:26,Prachuap Khiri Khan,department of highways,4-wheel pickup truck,speeding,rollover/fallen on straight road,1,0,2,clear,11.51367332,99.61196958,straight road,no slope,2022-04-25T04:20:00Z
7565462,25.04.2022 11:40,20.01.2023 11:19,Chanthaburi,department of highways,4-wheel pickup truck,speeding,rollover/fallen on straight road,1,0,1,clear,12.72878694,102.2250661,straight road,no slope,2022-04-25T04:40:00Z
6148123,25.04.2022 11:50,2.05.2022 12:04,Ubon Ratchathani,department of highways,large truck with trailer,speeding,rollover/fallen on curved road,1,0,1,clear,15.25702664,104.9443245,wide curve,no slope,2022-04-25T04:50:00Z
7561569,25.04.2022 12:31,17.01.2023 10:47,Bangkok,department of highways,private/passenger car,speeding,rear-end collision,3,0,1,clear,13.67818787,100.40681,straight road,no slope,2022-04-25T05:31:00Z
7424803,25.04.2022 12:45,2.12.2022 10:12,Phrae,department of highways,private/passenger car,speeding,head-on collision (not overtaking),2,0,0,clear,18.15095187,100.1823923,wide curve,no slope,2022-04-25T05:45:00Z
6584927,25.04.2022 14:40,21.07.2022 10:05,Khon Kaen,department of highways,other,speeding,rollover/fallen on straight road,1,0,0,clear,16.33290674,102.7993619,other,other,2022-04-25T07:40:00Z
6252669,25.04.2022 15:30,26.05.2022 10:44,Phatthalung,department of highways,private/passenger car,speeding,rollover/fallen on straight road,1,0,1,clear,7.422205904,100.0699085,straight road,no slope,2022-04-25T08:30:00Z
6289033,25.04.2022 15:30,1.06.2022 11:16,Phetchabun,department of highways,4-wheel pickup truck,speeding,rollover/fallen on curved road,1,0,1,clear,16.76674122,101.1385059,wide curve,slope area,2022-04-25T08:30:00Z
7560778,25.04.2022 16:15,16.01.2023 13:51,Bangkok,department of highways,motorcycle,speeding,rear-end collision,2,0,1,clear,13.76433811,100.5481308,other,other,2022-04-25T09:15:00Z
7419038,25.04.2022 16:30,30.11.2022 11:48,Phrae,department of highways,private/passenger car,falling asleep,rollover/fallen on curved road,1,0,0,clear,17.77883028,99.45486187,wide curve,no slope,2022-04-25T09:30:00Z
7556521,25.04.2022 16:40,11.01.2023 13:42,Sa Kaeo,department of highways,motorcycle,speeding,rear-end collision,2,0,1,clear,13.95104776,102.5599989,straight road,no slope,2022-04-25T09:40:00Z
6729741,25.04.2022 18:00,16.08.2022 13:44,Ang Thong,department of highways,4-wheel pickup truck,speeding,rollover/fallen on straight road,1,0,0,clear,14.70144749,100.4557845,straight road,no slope,2022-04-25T11:00:00Z
7433914,25.04.2022 18:00,6.12.2022 10:44,Uttaradit,department of highways,4-wheel pickup truck,falling asleep,rollover/fallen on straight road,1,0,1,clear,17.26901251,100.2386543,straight road,no slope,2022-04-25T11:00:00Z
6549829,25.04.2022 18:10,14.07.2022 14:26,Udon Thani,department of highways,motorized tricycle,speeding,rear-end collision,2,0,2,clear,17.36301634,102.9767552,straight road,no slope,2022-04-25T11:10:00Z
6904096,25.04.2022 19:03,14.09.2022 14:31,Nakhon Ratchasima,department of highways,private/passenger car,cutting in closely by people/vehicles/animals,rear-end collision,2,0,3,clear,15.55009225,102.5842434,straight road,no slope,2022-04-25T12:03:00Z
6566561,25.04.2022 19:30,28.04.2022 10:02,Chiang Mai,department of rural roads,private/passenger car,speeding,rear-end collision,2,1,1,clear,18.772836,99.041623,wide curve,no slope,2022-04-25T12:30:00Z
7413975,25.04.2022 19:30,28.11.2022 09:27,Chiang Mai,department of highways,private/passenger car,speeding,rollover/fallen on straight road,1,0,1,clear,18.74999487,99.05481039,straight road,no slope,2022-04-25T12:30:00Z
6651368,25.04.2022 21:30,3.08.2022 13:21,Chachoengsao,department of highways,other,speeding,rollover/fallen on straight road,1,0,0,clear,13.54729474,101.002121,straight road,no slope,2022-04-25T14:30:00Z
7556554,25.04.2022 23:00,11.01.2023 13:53,Narathiwat,department of highways,4-wheel pickup truck,speeding,rollover/fallen on straight road,1,0,0,clear,6.345846554,101.8644646,straight road,no slope,2022-04-25T16:00:00Z
6679601,25.04.2022 23:30,8.08.2022 08:48,Bangkok,department of highways,4-wheel pickup truck,speeding,rear-end collision,2,0,1,clear,13.79982396,100.6810284,straight road,no slope,2022-04-25T16:30:00Z
6943193,26.04.2022 00:05,20.09.2022 09:08,Nakhon Ratchasima,department of highways,4-wheel pickup truck,speeding,rollover/fallen on straight road,1,0,0,clear,14.86155626,102.0698279,straight road,no slope,2022-04-25T17:05:00Z
7567859,26.04.2022 00:10,24.01.2023 06:40,Prachuap Khiri Khan,department of highways,7-10-wheel truck,speeding,rear-end collision,2,0,1,clear,10.98185478,99.33606415,straight road,no slope,2022-04-25T17:10:00Z
6319691,26.04.2022 00:15,6.06.2022 14:56,Phatthalung,department of highways,4-wheel pickup truck,speeding,rollover/fallen on straight road,1,0,0,clear,7.590619762,99.99878971,straight road,no slope,2022-04-25T17:15:00Z
6944544,26.04.2022 00:15,20.09.2022 13:41,Udon Thani,department of highways,4-wheel pickup truck,speeding,rollover/fallen on straight road,1,0,1,clear,17.46575568,103.0174041,straight road,no slope,2022-04-25T17:15:00Z
6465447,26.04.2022 00:20,30.06.2022 10:01,Phangnga,department of highways,private/passenger car,speeding,rollover/fallen on straight road,1,0,0,clear,8.540196607,98.27590226,straight road,no slope,2022-04-25T17:20:00Z
6288968,26.04.2022 03:30,1.06.2022 11:08,Sukhothai,department of highways,4-wheel pickup truck,speeding,rollover/fallen on straight road,1,0,0,clear,17.0774204,99.83872889,straight road,no slope,2022-04-25T20:30:00Z
7562330,26.04.2022 03:40,18.01.2023 07:44,Nakhon Si Thammarat,department of highways,4-wheel pickup truck,speeding,rollover/fallen on straight road,1,0,0,clear,8.181443179,99.85609351,straight road,no slope,2022-04-25T20:40:00Z
6242194,26.04.2022 04:15,24.05.2022 11:07,Kamphaeng Phet,department of highways,6-wheel truck,speeding,rollover/fallen on curved road,1,0,2,clear,16.64334645,99.33091162,wide curve,no slope,2022-04-25T21:15:00Z
6183729,26.04.2022 04:40,11.05.2022 09:33,Yasothon,department of highways,private/passenger car,speeding,rollover/fallen on straight road,1,1,0,clear,15.94135783,104.052372,straight road,no slope,2022-04-25T21:40:00Z
6148309,26.04.2022 05:19,3.05.2022 11:09,Phatthalung,department of highways,4-wheel pickup truck,speeding,rollover/fallen on straight road,1,1,0,clear,7.728544425,99.98265623,straight road,no slope,2022-04-25T22:19:00Z
6289037,26.04.2022 05:36,1.06.2022 11:18,Phetchabun,department of highways,motorcycle,cutting in closely by people/vehicles/animals,rear-end collision,2,0,0,clear,16.71561729,101.1809572,straight road,no slope,2022-04-25T22:36:00Z
6664322,26.04.2022 05:59,5.08.2022 14:43,Pathum Thani,department of highways,private/passenger car,speeding,rear-end collision,2,0,0,clear,14.02717293,100.6981677,straight road,no slope,2022-04-25T22:59:00Z
6531321,26.04.2022 06:00,11.07.2022 08:59,Phitsanulok,department of highways,4-wheel pickup truck,speeding,rollover/fallen on straight road,1,0,0,clear,16.92988399,100.1608863,straight road,no slope,2022-04-25T23:00:00Z
6171787,26.04.2022 07:00,9.05.2022 14:26,Saraburi,department of highways,large passenger vehicle,speeding,rollover/fallen on straight road,1,0,7,clear,14.38704666,100.9485519,straight road,no slope,2022-04-26T00:00:00Z
6183539,26.04.2022 07:15,11.05.2022 08:51,Roi Et,department of highways,7-10-wheel truck,speeding,rollover/fallen on straight road,1,0,0,clear,16.09463965,103.5401344,straight road,no slope,2022-04-26T00:15:00Z
6289118,26.04.2022 07:30,1.06.2022 11:32,Phetchabun,department of highways,large truck with trailer,unfamiliarity with the route/unskilled driving,rollover/fallen on straight road,1,0,1,clear,16.13923359,100.6631273,straight road,no slope,2022-04-26T00:30:00Z
7567234,26.04.2022 07:45,23.01.2023 12:26,Chon Buri,department of highways,large truck with trailer,speeding,rollover/fallen on straight road,1,0,0,clear,13.41958815,100.9967726,other,other,2022-04-26T00:45:00Z
6918531,26.04.2022 08:00,16.09.2022 13:45,Chiang Mai,department of highways,private/passenger car,speeding,rollover/fallen on straight road,1,0,0,clear,18.73910358,98.93359868,straight road,no slope,2022-04-26T01:00:00Z