acc_code,incident_datetime,report_datetime,province_en,agency,vehicle_type,presumed_cause,accident_type,number_of_vehicles_involved,number_of_fatalities,number_of_injuries,weather_condition,latitude,longitude,road_description,slope_description,incident_time
7568161,26.04.2022 08:20,24.01.2023 10:21,Prachuap Khiri Khan,department of highways,7-10-wheel truck,falling asleep,rollover/fallen on straight road,1,0,1,clear,11.70164461,99.70973609,straight road,no slope,2022-04-26T01:20:00Z
7560622,26.04.2022 08:30,16.01.2023 10:16,Uthai Thani,department of highways,4-wheel pickup truck,speeding,rear-end collision,2,0,1,clear,15.31429441,99.72036034,other,other,2022-04-26T01:30:00Z
6184461,26.04.2022 09:00,11.05.2022 11:37,Chai Nat,department of highways,other,speeding,rollover/fallen on straight road,1,0,0,clear,15.27189748,100.0940645,straight road,no slope,2022-04-26T02:00:00Z
6361744,26.04.2022 09:30,13.06.2022 08:27,Phetchabun,department of highways,private/passenger car,speeding,rear-end collision,3,0,0,clear,16.40159637,101.1438489,straight road,no slope,2022-04-26T02:30:00Z
6566571,26.04.2022 10:45,28.04.2022 10:03,Bangkok,department of rural roads,motorcycle,unfamiliarity with the route/unskilled driving,other,2,0,1,clear,13.683343,100.54148,wide curve,no slope,2022-04-26T03:45:00Z
7444598,26.04.2022 11:00,8.12.2022 14:11,Samut Prakan,department of highways,private/passenger car,speeding,rear-end collision,4,0,2,clear,13.59541409,100.8035477,straight road,no slope,2022-04-26T04:00:00Z
6145505,26.04.2022 12:20,27.04.2022 08:54,Pathum Thani,department of highways,private/passenger car,speeding,rear-end collision,2,0,0,rainy,13.92891523,100.707027,straight road,no slope,2022-04-26T05:20:00Z
6663926,26.04.2022 12:20,5.08.2022 13:08,Samut Prakan,department of highways,large truck with trailer,speeding,rollover/fallen on straight road,1,0,0,clear,13.67236568,100.8402336,straight road,no slope,2022-04-26T05:20:00Z
7562836,26.04.2022 12:30,18.01.2023 11:59,Surat Thani,department of highways,4-wheel pickup truck,speeding,rollover/fallen on straight road,1,0,1,clear,9.205598419,99.67912404,straight road,no slope,2022-04-26T05:30:00Z
7557438,26.04.2022 15:00,12.01.2023 09:20,Yala,department of highways,motorcycle,reversing vehicle,collision with obstruction (on road surface),2,1,1,clear,6.52815297,101.2070015,straight road,no slope,2022-04-26T08:00:00Z
6176855,26.04.2022 15:30,10.05.2022 09:52,Nan,department of highways,4-wheel pickup truck,speeding,rollover/fallen on curved road,1,0,0,clear,18.52612313,100.6155798,wide curve,no slope,2022-04-26T08:30:00Z
7557884,26.04.2022 15:30,12.01.2023 11:24,Songkhla,department of highways,private/passenger car,failure to yield/signal,rear-end collision,2,0,1,clear,6.831188178,101.0344952,straight road,no slope,2022-04-26T08:30:00Z
7554660,26.04.2022 15:40,9.01.2023 13:55,Nakhon Ratchasima,department of highways,4-wheel pickup truck,speeding,rollover/fallen on straight road,1,0,0,rainy,15.28144251,101.796433,straight road,no slope,2022-04-26T08:40:00Z
6149140,26.04.2022 15:50,5.05.2022 12:53,Kamphaeng Phet,department of highways,motorcycle,cutting in closely by people/vehicles/animals,collision at intersection corner,2,1,0,clear,16.49260218,99.68663959,other,other,2022-04-26T08:50:00Z
6724256,26.04.2022 16:00,15.08.2022 13:53,Suphan Buri,department of highways,4-wheel pickup truck,speeding,rollover/fallen on straight road,1,0,0,clear,14.40910079,100.154964,straight road,no slope,2022-04-26T09:00:00Z
6276414,26.04.2022 17:00,30.05.2022 11:32,Phangnga,department of highways,private/passenger car,speeding,rollover/fallen on curved road,1,0,0,rainy,8.463261984,98.26324223,wide curve,no slope,2022-04-26T10:00:00Z
6566579,26.04.2022 18:44,28.04.2022 10:03,Samut Prakan,department of rural roads,motorcycle,abrupt lane change,other,2,0,1,clear,13.665541,100.521029,grade-separated intersection/ramps,other,2022-04-26T11:44:00Z
7567458,26.04.2022 19:30,23.01.2023 15:41,Trat,department of highways,motorized tricycle,speeding,head-on collision (not overtaking),3,4,2,clear,12.45025925,102.4825206,straight road,no slope,2022-04-26T12:30:00Z
7554664,26.04.2022 20:00,9.01.2023 13:55,Nakhon Ratchasima,department of highways,large truck with trailer,vehicle equipment failure,rollover/fallen on straight road,1,0,0,clear,14.89393656,101.8885347,straight road,no slope,2022-04-26T13:00:00Z
7565470,26.04.2022 20:30,20.01.2023 11:21,Chanthaburi,department of highways,4-wheel pickup truck,falling asleep,rollover/fallen on curved road,1,0,1,clear,12.9343567,102.0479464,wide curve,no slope,2022-04-26T13:30:00Z
7567449,26.04.2022 21:26,23.01.2023 15:34,Trat,department of highways,private/passenger car,speeding,collision with obstruction (on road surface),2,0,1,clear,12.33791087,102.4521929,straight road,no slope,2022-04-26T14:26:00Z
7567238,26.04.2022 21:40,23.01.2023 12:38,Chon Buri,department of highways,4-wheel pickup truck,speeding,collision at intersection corner,2,0,0,clear,13.56049134,101.1346596,other,other,2022-04-26T14:40:00Z
6239843,26.04.2022 22:40,20.05.2022 14:07,Tak,department of highways,large truck with trailer,speeding,rollover/fallen on straight road,1,0,0,clear,16.67845754,99.26507948,straight road,no slope,2022-04-26T15:40:00Z
6289035,26.04.2022 23:20,1.06.2022 11:17,Phetchabun,department of highways,private/passenger car,speeding,rollover/fallen on straight road,1,0,0,clear,16.82943556,101.2660932,sharp curve,slope area,2022-04-26T16:20:00Z
7414756,27.04.2022 00:10,29.11.2022 13:48,Phrae,department of highways,private/passenger car,speeding,rollover/fallen on straight road,1,0,1,clear,18.2044137,100.1966777,straight road,no slope,2022-04-26T17:10:00Z
6663928,27.04.2022 00:30,5.08.2022 13:06,Bangkok,department of highways,large truck with trailer,falling asleep,rollover/fallen on straight road,1,0,1,clear,13.91590598,100.7029152,straight road,no slope,2022-04-26T17:30:00Z
7414099,27.04.2022 00:50,28.11.2022 10:16,Chiang Mai,department of highways,private/passenger car,speeding,rear-end collision,2,0,1,clear,18.92293169,98.93986701,other,other,2022-04-26T17:50:00Z
6501278,27.04.2022 01:00,6.07.2022 09:32,Phetchabun,department of highways,6-wheel truck,falling asleep,rollover/fallen on straight road,1,0,1,clear,15.34333887,101.1347213,straight road,no slope,2022-04-26T18:00:00Z
6209704,27.04.2022 01:10,15.05.2022 13:43,Surat Thani,department of highways,4-wheel pickup truck,speeding,rollover/fallen on straight road,1,0,1,clear,8.600158891,99.35881733,straight road,no slope,2022-04-26T18:10:00Z
7414435,27.04.2022 01:20,28.11.2022 14:19,Chiang Mai,department of highways,private/passenger car,speeding,rollover/fallen on straight road,1,0,0,rainy,18.92231513,98.99415223,other,other,2022-04-26T18:20:00Z
7568156,27.04.2022 01:40,24.01.2023 10:23,Prachuap Khiri Khan,department of highways,private/passenger car,speeding,rollover/fallen on straight road,1,0,0,clear,12.46745852,99.97101008,other,other,2022-04-26T18:40:00Z
7555308,27.04.2022 01:48,10.01.2023 11:40,Nakhon Ratchasima,department of highways,7-10-wheel truck,speeding,rear-end collision,2,0,2,clear,14.64598782,102.0108327,straight road,no slope,2022-04-26T18:48:00Z
6147954,27.04.2022 02:00,2.05.2022 09:22,Sing Buri,department of highways,6-wheel truck,falling asleep,rollover/fallen on straight road,1,0,0,clear,15.0584016,100.3247237,straight road,no slope,2022-04-26T19:00:00Z
6149137,27.04.2022 02:30,5.05.2022 12:45,Tak,department of highways,4-wheel pickup truck,speeding,rollover/fallen on straight road,1,0,1,clear,16.72236045,98.57345043,straight road,no slope,2022-04-26T19:30:00Z
7414040,27.04.2022 02:30,28.11.2022 09:44,Chiang Mai,department of highways,private/passenger car,speeding,rollover/fallen on straight road,1,0,1,rainy,18.80989963,99.01091068,other,other,2022-04-26T19:30:00Z
7413472,27.04.2022 03:00,25.11.2022 09:20,Ubon Ratchathani,department of highways,private/passenger car,speeding,rollover/fallen on straight road,1,0,0,clear,14.90041411,105.0346613,other,other,2022-04-26T20:00:00Z
6656626,27.04.2022 03:18,4.08.2022 09:21,Chaiyaphum,department of highways,4-wheel pickup truck,speeding,rollover/fallen on straight road,1,0,0,clear,15.83967331,102.0610249,straight road,no slope,2022-04-26T20:18:00Z
6723299,27.04.2022 03:35,15.08.2022 10:00,Suphan Buri,department of highways,4-wheel pickup truck,speeding,pedestrian collision,1,1,0,foggy,14.85994373,100.0513047,other,other,2022-04-26T20:35:00Z
7008803,27.04.2022 04:00,30.09.2022 14:07,Samut Prakan,department of highways,7-10-wheel truck,falling asleep,rear-end collision,2,0,0,clear,13.61704251,100.7463884,straight road,no slope,2022-04-26T21:00:00Z
7567857,27.04.2022 04:00,24.01.2023 06:39,Chumphon,department of highways,large truck with trailer,speeding,rollover/fallen on straight road,1,0,0,clear,10.65088127,99.18623595,straight road,no slope,2022-04-26T21:00:00Z
6219770,27.04.2022 04:30,17.05.2022 12:41,Chumphon,department of highways,7-10-wheel truck,speeding,rollover/fallen on straight road,1,0,0,clear,10.84161479,99.22509043,straight road,slope area,2022-04-26T21:30:00Z
6318293,27.04.2022 04:30,6.06.2022 11:04,Prachuap Khiri Khan,department of highways,4-wheel pickup truck,speeding,rollover/fallen on straight road,1,0,0,clear,11.53615961,99.62461351,straight road,no slope,2022-04-26T21:30:00Z
6723203,27.04.2022 04:55,15.08.2022 09:42,Suphan Buri,department of highways,4-wheel pickup truck,speeding,head-on collision (not overtaking),3,0,0,foggy,14.85995669,100.0517687,straight road,no slope,2022-04-26T21:55:00Z
6651488,27.04.2022 06:00,3.08.2022 13:50,Chachoengsao,department of highways,large truck with trailer,speeding,rollover/fallen on curved road,1,0,0,clear,13.56512732,100.9486511,other,other,2022-04-26T23:00:00Z
6663983,27.04.2022 06:34,5.08.2022 13:15,Chon Buri,department of highways,private/passenger car,speeding,rear-end collision,2,0,0,clear,13.09223278,100.9902495,straight road,no slope,2022-04-26T23:34:00Z
7566753,27.04.2022 07:10,22.01.2023 08:24,Chachoengsao,department of highways,large truck with trailer,cutting in closely by people/vehicles/animals,head-on collision (not overtaking),4,1,3,clear,13.68789814,101.2608093,straight road,no slope,2022-04-27T00:10:00Z
7561369,27.04.2022 07:20,17.01.2023 09:00,Sakon Nakhon,department of highways,4-wheel pickup truck,speeding,rollover/fallen on straight road,1,0,1,clear,17.3903473,103.7218326,straight road,no slope,2022-04-27T00:20:00Z
6723272,27.04.2022 07:30,15.08.2022 09:58,Suphan Buri,department of highways,4-wheel pickup truck,speeding,rollover/fallen on curved road,1,1,0,clear,14.50356145,99.9808216,other,other,2022-04-27T00:30:00Z
6289123,27.04.2022 08:30,1.06.2022 11:31,Phetchabun,department of highways,private/passenger car,running red lights/traffic signals,head-on collision (not overtaking),2,0,0,clear,16.12389766,100.7397044,other,other,2022-04-27T01:30:00Z
6681088,27.04.2022 09:00,8.08.2022 13:46,Surat Thani,department of highways,private/passenger car,speeding,head-on collision (not overtaking),2,0,0,clear,8.882188426,98.87420653,straight road,no slope,2022-04-27T02:00:00Z
7563926,27.04.2022 09:30,19.01.2023 09:04,Phra Nakhon Si Ayutthaya,department of highways,private/passenger car,cutting in closely by people/vehicles/animals,rear-end collision,2,0,0,clear,14.37979267,100.606184,other,other,2022-04-27T02:30:00Z
6729736,27.04.2022 10:00,16.08.2022 13:42,Ang Thong,department of highways,large truck with trailer,speeding,rollover/fallen on straight road,1,0,1,clear,14.67568361,100.4697132,straight road,no slope,2022-04-27T03:00:00Z
7560776,27.04.2022 10:00,16.01.2023 13:50,Bangkok,department of highways,private/passenger car,failure to yield right of way,rear-end collision,2,0,1,clear,13.83463434,100.5567643,other,other,2022-04-27T03:00:00Z
6145675,27.04.2022 10:16,27.04.2022 23:50,Bangkok,expressway authority of thailand,other,other,rear-end collision,5,0,0,clear,13.71237109,100.5533792,straight road,other,2022-04-27T03:16:00Z
7105846,27.04.2022 10:45,15.10.2022 10:44,Nakhon Si Thammarat,department of highways,large truck with trailer,speeding,rollover/fallen on straight road,1,0,0,clear,8.338179309,99.43010508,straight road,no slope,2022-04-27T03:45:00Z
7554259,27.04.2022 11:30,9.01.2023 09:24,Mukdahan,department of highways,motorcycle,cutting in closely by people/vehicles/animals,rear-end collision,2,0,0,clear,16.81372541,104.5357543,connecting to public/commercial area,other,2022-04-27T04:30:00Z
7331468,27.04.2022 12:30,3.05.2022 09:45,Nakhon Sawan,department of highways,4-wheel pickup truck,speeding,rear-end collision,2,1,0,clear,15.26447642,100.339264,straight road,no slope,2022-04-27T05:30:00Z
6895644,27.04.2022 13:30,13.09.2022 09:27,Nong Bua Lam Phu,department of highways,4-wheel pickup truck,speeding,rear-end collision,2,0,3,clear,17.23877646,102.3938656,straight road,no slope,2022-04-27T06:30:00Z
6149247,27.04.2022 14:00,5.05.2022 13:52,Ubon Ratchathani,department of highways,4-wheel pickup truck,speeding,other,2,0,0,clear,15.15276152,104.8901868,straight road,no slope,2022-04-27T07:00:00Z
7557905,27.04.2022 14:00,12.01.2023 11:34,Songkhla,department of highways,private/passenger car,falling asleep,rollover/fallen on curved road,1,0,1,clear,6.710957764,100.7755467,wide curve,no slope,2022-04-27T07:00:00Z
6148003,27.04.2022 14:30,2.05.2022 10:03,Kanchanaburi,department of highways,4-wheel pickup truck,speeding,rear-end collision,2,0,0,clear,15.16695888,98.4825155,wide curve,slope area,2022-04-27T07:30:00Z
6663905,27.04.2022 15:30,5.08.2022 13:04,Samut Prakan,department of highways,4-wheel pickup truck,speeding,other,1,0,0,clear,13.65364457,100.8692953,straight road,no slope,2022-04-27T08:30:00Z
6239847,27.04.2022 15:35,20.05.2022 14:08,Tak,department of highways,6-wheel truck,speeding,rear-end collision,2,0,0,clear,16.86088021,99.13321404,straight road,no slope,2022-04-27T08:35:00Z
6902497,27.04.2022 15:50,14.09.2022 09:03,Sakon Nakhon,department of highways,private/passenger car,speeding,rollover/fallen on straight road,1,0,0,clear,17.31587832,103.9379275,straight road,no slope,2022-04-27T08:50:00Z
6148165,27.04.2022 16:00,2.05.2022 14:37,Chumphon,department of highways,van,speeding,rollover/fallen on straight road,1,0,0,clear,10.79981026,99.20143871,straight road,no slope,2022-04-27T09:00:00Z
6242196,27.04.2022 16:00,24.05.2022 11:05,Chai Nat,department of highways,private/passenger car,vehicle equipment failure,rollover/fallen on straight road,1,0,1,clear,15.31923029,100.1042864,straight road,no slope,2022-04-27T09:00:00Z
6289059,27.04.2022 16:30,1.06.2022 11:21,Phetchabun,department of highways,6-wheel truck,vehicle equipment failure,rollover/fallen on curved road,1,3,7,clear,16.73053156,101.3406533,wide curve,no slope,2022-04-27T09:30:00Z
6566588,27.04.2022 16:30,3.05.2022 15:07,Suphan Buri,department of rural roads,private/passenger car,speeding,other,1,0,0,clear,14.540414,99.98911,straight road,no slope,2022-04-27T09:30:00Z
7415468,27.04.2022 17:45,29.11.2022 15:36,Phrae,department of highways,private/passenger car,speeding,head-on collision (not overtaking),2,0,1,clear,18.37705399,100.200929,straight road,no slope,2022-04-27T10:45:00Z
6663955,27.04.2022 18:02,5.08.2022 13:13,Samut Prakan,department of highways,4-wheel pickup truck,speeding,rear-end collision,3,0,0,clear,13.66595694,100.8501765,straight road,no slope,2022-04-27T11:02:00Z
7560774,27.04.2022 18:06,16.01.2023 13:45,Bangkok,department of highways,private/passenger car,cutting in closely by people/vehicles/animals,rear-end collision,2,0,1,clear,13.77376943,100.55361,straight road,no slope,2022-04-27T11:06:00Z
6566577,27.04.2022 20:15,10.05.2022 10:06,Samut Prakan,department of rural roads,motorcycle,unfamiliarity with the route/unskilled driving,other,1,0,1,clear,13.664755,100.518959,grade-separated intersection/ramps,other,2022-04-27T13:15:00Z
6944702,27.04.2022 20:30,20.09.2022 14:17,Nakhon Pathom,department of highways,7-10-wheel truck,speeding,rollover/fallen on straight road,1,0,0,clear,13.79519521,100.1703787,straight road,no slope,2022-04-27T13:30:00Z
6566696,27.04.2022 21:30,26.05.2022 13:42,Phra Nakhon Si Ayutthaya,department of rural roads,large truck with trailer,vehicle equipment failure,other,1,0,0,clear,14.378282,100.483315,straight road,no slope,2022-04-27T14:30:00Z
7551786,27.04.2022 23:40,5.01.2023 14:26,Nakhon Phanom,department of highways,private/passenger car,speeding,rollover/fallen on straight road,1,0,1,clear,17.38404288,104.7152799,straight road,no slope,2022-04-27T16:40:00Z
6546470,28.04.2022 00:23,13.07.2022 21:05,Krabi,department of highways,4-wheel pickup truck,speeding,rollover/fallen on straight road,1,0,1,clear,8.264955228,99.05057518,straight road,no slope,2022-04-27T17:23:00Z
6149113,28.04.2022 01:30,5.05.2022 11:30,Sing Buri,department of highways,large truck with trailer,falling asleep,rollover/fallen on straight road,1,0,0,clear,14.90682148,100.4089585,straight road,no slope,2022-04-27T18:30:00Z
6239841,28.04.2022 03:11,20.05.2022 14:05,Kamphaeng Phet,department of highways,4-wheel pickup truck,speeding,rear-end collision,2,0,0,clear,16.02857296,99.77465628,straight road,no slope,2022-04-27T20:11:00Z
6944365,28.04.2022 04:00,20.09.2022 13:02,Maha Sarakham,department of highways,large truck with trailer,speeding,rollover/fallen on straight road,1,0,0,clear,15.80059767,103.3428097,straight road,no slope,2022-04-27T21:00:00Z
7556632,28.04.2022 04:20,11.01.2023 14:12,Narathiwat,department of highways,4-wheel pickup truck,falling asleep,rollover/fallen on straight road,1,0,0,clear,6.41024763,101.7059353,straight road,no slope,2022-04-27T21:20:00Z
7291221,28.04.2022 05:00,11.11.2022 11:44,Lampang,department of highways,large truck with trailer,speeding,rollover/fallen on curved road,1,0,1,clear,17.76410521,99.24326508,wide curve,no slope,2022-04-27T22:00:00Z
7414103,28.04.2022 06:30,28.11.2022 10:17,Chiang Mai,department of highways,motorcycle,speeding,rear-end collision,2,0,1,clear,18.82648585,99.0369737,straight road,no slope,2022-04-27T23:30:00Z
7512388,28.04.2022 07:40,27.12.2022 14:37,Bangkok,department of highways,motorcycle,illegal overtaking,side collision,2,0,0,clear,13.81753005,100.558855,straight road,no slope,2022-04-28T00:40:00Z
6147958,28.04.2022 09:40,2.05.2022 09:20,Nakhon Sawan,department of highways,motorcycle,cutting in closely by people/vehicles/animals,rear-end collision,2,1,0,clear,15.83084569,99.64893042,straight road,no slope,2022-04-28T02:40:00Z
6651572,28.04.2022 10:00,3.08.2022 14:04,Chon Buri,department of highways,7-10-wheel truck,falling asleep,rollover/fallen on curved road,1,0,1,clear,13.10547774,100.9153381,wide curve,no slope,2022-04-28T03:00:00Z
6917308,28.04.2022 10:00,16.09.2022 11:56,Chon Buri,department of highways,other,speeding,rollover/fallen on straight road,1,0,0,clear,13.35256728,101.0041138,straight road,no slope,2022-04-28T03:00:00Z
6146749,28.04.2022 10:06,29.04.2022 16:14,Phra Nakhon Si Ayutthaya,department of highways,private/passenger car,speeding,rear-end collision,2,0,0,clear,14.1883709,100.6376731,straight road,no slope,2022-04-28T03:06:00Z
7565483,28.04.2022 10:08,20.01.2023 11:27,Chanthaburi,department of highways,private/passenger car,cutting in closely by people/vehicles/animals,rear-end collision,2,0,0,clear,12.69394078,102.0881393,straight road,no slope,2022-04-28T03:08:00Z
7562824,28.04.2022 10:30,18.01.2023 11:40,Surat Thani,department of highways,6-wheel truck,cutting in closely by people/vehicles/animals,rear-end collision,2,0,3,clear,8.963742373,99.23460154,straight road,no slope,2022-04-28T03:30:00Z
6146408,28.04.2022 11:00,28.04.2022 13:01,Suphan Buri,department of highways,4-wheel pickup truck,speeding,rollover/fallen on straight road,1,0,3,clear,14.17057314,99.93085472,straight road,no slope,2022-04-28T04:00:00Z
6146613,28.04.2022 11:45,29.04.2022 09:46,Prachuap Khiri Khan,department of highways,large truck with trailer,falling asleep,rollover/fallen on straight road,1,0,1,clear,12.08243222,99.85604255,straight road,no slope,2022-04-28T04:45:00Z
6566635,28.04.2022 12:00,12.05.2022 15:57,Chon Buri,department of rural roads,4-wheel pickup truck,speeding,other,1,0,1,clear,13.260148,101.159104,straight road,no slope,2022-04-28T05:00:00Z
6896860,28.04.2022 12:00,13.09.2022 13:28,Loei,department of highways,private/passenger car,speeding,rollover/fallen on curved road,1,0,0,clear,17.27280576,101.1452865,wide curve,no slope,2022-04-28T05:00:00Z
7560771,28.04.2022 13:30,16.01.2023 13:43,Bangkok,department of highways,private/passenger car,speeding,rear-end collision,3,0,0,clear,13.81753005,100.558855,straight road,no slope,2022-04-28T06:30:00Z
6171759,28.04.2022 13:45,9.05.2022 14:25,Saraburi,department of highways,4-wheel pickup truck,speeding,rollover/fallen on curved road,1,0,2,rainy,14.72174252,101.1647004,wide curve,slope area,2022-04-28T06:45:00Z
6531634,28.04.2022 14:00,11.07.2022 10:00,Chon Buri,department of highways,large truck with trailer,speeding,rollover/fallen on straight road,1,0,0,clear,13.11326765,101.3741675,straight road,no slope,2022-04-28T07:00:00Z
6239842,28.04.2022 14:10,20.05.2022 14:06,Tak,department of highways,private/passenger car,speeding,rollover/fallen on straight road,1,2,0,clear,17.21036994,99.07702445,straight road,no slope,2022-04-28T07:10:00Z
7565456,28.04.2022 14:20,20.01.2023 11:16,Chanthaburi,department of highways,4-wheel pickup truck,cutting in closely by people/vehicles/animals,head-on collision (not overtaking),2,1,0,clear,12.74649076,102.0470345,connecting to public/commercial area,other,2022-04-28T07:20:00Z
7554676,28.04.2022 14:30,9.01.2023 14:00,Nakhon Ratchasima,department of highways,private/passenger car,worn-out/tire blowout,rear-end collision,2,0,1,clear,14.77290104,101.5214825,straight road,no slope,2022-04-28T07:30:00Z
6318291,28.04.2022 15:00,6.06.2022 11:03,Prachuap Khiri Khan,department of highways,private/passenger car,speeding,rollover/fallen on straight road,1,0,0,clear,11.93365256,99.81400161,straight road,no slope,2022-04-28T08:00:00Z
7555918,28.04.2022 15:00,11.01.2023 08:47,Buri Ram,department of highways,4-wheel pickup truck,speeding,rollover/fallen on curved road,1,0,0,clear,14.43912196,102.6898098,sharp curve,no slope,2022-04-28T08:00:00Z
6220864,28.04.2022 15:05,17.05.2022 16:14,Surin,department of highways,motorcycle,speeding,rear-end collision,2,0,0,clear,14.79542482,103.5986709,straight road,no slope,2022-04-28T08:05:00Z
7434288,28.04.2022 15:15,6.12.2022 11:14,Krabi,department of highways,4-wheel pickup truck,speeding,rear-end collision,2,0,0,clear,8.240744147,98.80852728,straight road,no slope,2022-04-28T08:15:00Z
6148014,28.04.2022 15:30,2.05.2022 10:05,Nakhon Pathom,department of highways,4-wheel pickup truck,speeding,head-on collision (not overtaking),2,0,5,clear,14.16141107,100.2689552,straight road,no slope,2022-04-28T08:30:00Z
7418987,28.04.2022 15:30,30.11.2022 11:26,Chiang Mai,department of highways,4-wheel pickup truck,speeding,rollover/fallen on curved road,1,0,0,clear,18.75660855,98.94304006,sharp curve,no slope,2022-04-28T08:30:00Z
7556728,28.04.2022 16:20,11.01.2023 14:55,Yala,department of highways,4-wheel pickup truck,speeding,rollover/fallen on curved road,1,0,1,clear,6.549580312,101.31374,sharp curve,no slope,2022-04-28T09:20:00Z
7556578,28.04.2022 16:40,11.01.2023 14:05,Narathiwat,department of highways,6-wheel truck,speeding,collision with obstruction (on road surface),2,0,0,clear,6.383174041,101.8038493,straight road,no slope,2022-04-28T09:40:00Z
6214910,28.04.2022 17:30,16.05.2022 15:00,Surat Thani,department of highways,6-wheel truck,speeding,rear-end collision,2,0,0,clear,9.414061186,99.15984301,straight road,no slope,2022-04-28T10:30:00Z
6531601,28.04.2022 17:30,11.07.2022 09:59,Chon Buri,department of highways,4-wheel pickup truck,speeding,rollover/fallen on straight road,1,0,0,rainy,13.15568196,101.3141933,straight road,no slope,2022-04-28T10:30:00Z
6687540,28.04.2022 17:51,9.08.2022 14:14,Loburi,department of highways,large truck with trailer,speeding,rollover/fallen on curved road,1,0,1,rainy,15.33815007,101.37851,wide curve,slope area,2022-04-28T10:51:00Z
6183914,28.04.2022 18:00,11.05.2022 10:00,Kalasin,department of highways,private/passenger car,speeding,rollover/fallen on straight road,1,0,0,rainy,16.61703461,103.5223621,wide curve,no slope,2022-04-28T11:00:00Z
6178544,28.04.2022 18:18,10.05.2022 14:41,Kanchanaburi,department of highways,motorized tricycle,debris/obstruction on the road,rollover/fallen on straight road,1,0,6,clear,14.73503197,98.64796756,wide curve,no slope,2022-04-28T11:18:00Z
6219135,28.04.2022 18:20,17.05.2022 10:23,Surat Thani,department of highways,4-wheel pickup truck,speeding,rollover/fallen on straight road,1,0,0,clear,9.659289293,99.11972521,straight road,no slope,2022-04-28T11:20:00Z
6148938,28.04.2022 18:40,4.05.2022 18:01,Bangkok,expressway authority of thailand,other,other,rear-end collision,4,0,0,clear,13.76116193,100.5459946,straight road,other,2022-04-28T11:40:00Z
6146471,28.04.2022 18:53,28.04.2022 20:30,Bangkok,expressway authority of thailand,other,other,rear-end collision,3,0,0,clear,13.765726,100.600939,straight road,other,2022-04-28T11:53:00Z
6239410,28.04.2022 19:05,20.05.2022 12:37,Roi Et,department of highways,4-wheel pickup truck,speeding,rollover/fallen on straight road,1,0,1,clear,16.19748999,103.6154079,straight road,no slope,2022-04-28T12:05:00Z
7567545,28.04.2022 19:10,23.01.2023 17:28,Rayong,department of highways,motorcycle,speeding,rear-end collision,3,1,1,clear,12.94692785,101.2176713,straight road,no slope,2022-04-28T12:10:00Z
6566582,28.04.2022 19:20,29.04.2022 15:49,Roi Et,department of rural roads,4-wheel pickup truck,speeding,other,2,1,0,dark,15.989359,103.564784,straight road,no slope,2022-04-28T12:20:00Z
6531599,28.04.2022 19:45,11.07.2022 09:55,Chon Buri,department of highways,4-wheel pickup truck,speeding,rollover/fallen on straight road,1,0,1,rainy,13.50434921,101.1592743,straight road,no slope,2022-04-28T12:45:00Z
6254197,28.04.2022 19:50,26.05.2022 16:47,Kamphaeng Phet,department of highways,7-10-wheel truck,vehicle equipment failure,rollover/fallen on curved road,1,0,1,clear,16.45641796,99.49532031,wide curve,no slope,2022-04-28T12:50:00Z
7518024,28.04.2022 20:00,29.12.2022 13:28,buogkan,department of highways,large truck with trailer,cutting in closely by people/vehicles/animals,head-on collision (not overtaking),2,0,0,clear,18.37768016,103.6150485,straight road,no slope,2022-04-28T13:00:00Z
7554809,28.04.2022 20:00,9.01.2023 15:27,Nakhon Ratchasima,department of highways,4-wheel pickup truck,speeding,rollover/fallen on straight road,1,0,1,rainy,14.43008772,102.4727788,straight road,no slope,2022-04-28T13:00:00Z
7560629,28.04.2022 20:00,16.01.2023 10:24,Uthai Thani,department of highways,4-wheel pickup truck,speeding,rollover/fallen on straight road,1,0,1,rainy,15.44599159,99.58831249,straight road,no slope,2022-04-28T13:00:00Z
7567323,28.04.2022 20:30,23.01.2023 14:00,Chon Buri,department of highways,4-wheel pickup truck,speeding,rear-end collision,2,0,1,rainy,13.06331082,101.1039966,straight road,no slope,2022-04-28T13:30:00Z
6239381,28.04.2022 21:00,20.05.2022 12:31,Kalasin,department of highways,4-wheel pickup truck,speeding,rollover/fallen on straight road,1,0,0,clear,16.41060444,103.6315441,straight road,no slope,2022-04-28T14:00:00Z
7554504,28.04.2022 21:00,9.01.2023 12:58,Surin,department of highways,motorcycle,debris/obstruction on the road,rollover/fallen on straight road,1,1,0,clear,14.7391512,103.6560488,straight road,no slope,2022-04-28T14:00:00Z
7564259,28.04.2022 21:10,19.01.2023 11:46,Samut Sakhon,department of highways,4-wheel pickup truck,speeding,rollover/fallen on straight road,1,0,0,clear,13.63341535,100.2959946,straight road,no slope,2022-04-28T14:10:00Z
7556522,28.04.2022 21:20,11.01.2023 13:41,Sa Kaeo,department of highways,large truck with trailer,speeding,rollover/fallen on straight road,1,0,0,foggy,13.77168796,102.1512061,straight road,no slope,2022-04-28T14:20:00Z
6943047,28.04.2022 22:00,20.09.2022 08:29,Nakhon Pathom,department of highways,4-wheel pickup truck,speeding,rollover/fallen on straight road,1,0,0,clear,14.02293646,99.89936559,straight road,no slope,2022-04-28T15:00:00Z