acc_code,incident_datetime,report_datetime,province_en,agency,vehicle_type,presumed_cause,accident_type,number_of_vehicles_involved,number_of_fatalities,number_of_injuries,weather_condition,latitude,longitude,road_description,slope_description,incident_time
6171278,28.04.2022 22:12,9.05.2022 12:45,Loburi,department of highways,private/passenger car,cutting in closely by people/vehicles/animals,collision with obstruction (on road surface),1,0,2,rainy,15.23497073,101.0853499,straight road,no slope,2022-04-28T15:12:00Z
6809263,28.04.2022 22:25,30.08.2022 13:26,Phra Nakhon Si Ayutthaya,department of highways,4-wheel pickup truck,speeding,rollover/fallen on straight road,1,0,0,rainy,14.44641039,100.6842309,straight road,no slope,2022-04-28T15:25:00Z
6374405,28.04.2022 22:30,15.06.2022 09:34,Surin,department of highways,4-wheel pickup truck,speeding,rollover/fallen on straight road,1,0,0,clear,14.62231445,103.8789806,straight road,no slope,2022-04-28T15:30:00Z
7560623,28.04.2022 23:15,16.01.2023 10:18,Uthai Thani,department of highways,private/passenger car,speeding,rollover/fallen on straight road,1,0,0,rainy,15.07116785,99.50289755,straight road,no slope,2022-04-28T16:15:00Z
7557935,28.04.2022 23:20,12.01.2023 11:43,Satun,department of highways,4-wheel pickup truck,speeding,rollover/fallen on curved road,1,0,0,clear,7.081664604,99.79570894,wide curve,no slope,2022-04-28T16:20:00Z
7560654,28.04.2022 23:40,16.01.2023 10:53,Loei,department of highways,private/passenger car,speeding,head-on collision (not overtaking),2,0,0,clear,17.53023761,101.7249548,straight road,no slope,2022-04-28T16:40:00Z
6148921,29.04.2022 00:00,4.05.2022 10:40,Chon Buri,department of highways,private/passenger car,speeding,rear-end collision,4,0,1,rainy,13.48233363,101.0463989,straight road,no slope,2022-04-28T17:00:00Z
7565469,29.04.2022 00:00,20.01.2023 11:21,Chanthaburi,department of highways,4-wheel pickup truck,speeding,rollover/fallen on straight road,1,0,0,clear,12.88532866,102.2747621,straight road,no slope,2022-04-28T17:00:00Z
6531316,29.04.2022 00:15,11.07.2022 08:56,Nakhon Pathom,department of highways,4-wheel pickup truck,speeding,rollover/fallen on straight road,1,0,0,rainy,13.79763072,99.97077941,straight road,no slope,2022-04-28T17:15:00Z
6146707,29.04.2022 00:40,29.04.2022 13:30,Ubon Ratchathani,department of highways,4-wheel pickup truck,speeding,rollover/fallen on straight road,1,0,0,clear,15.28990823,104.8873517,straight road,no slope,2022-04-28T17:40:00Z
6147792,29.04.2022 00:48,30.04.2022 09:27,Bangkok,department of highways,private/passenger car,speeding,rear-end collision,2,0,1,clear,13.73284789,100.7019013,straight road,no slope,2022-04-28T17:48:00Z
7563914,29.04.2022 01:00,19.01.2023 08:53,Phra Nakhon Si Ayutthaya,department of highways,large truck with trailer,speeding,rollover/fallen on straight road,1,0,0,clear,14.38697132,100.6022814,wide curve,no slope,2022-04-28T18:00:00Z
6549869,29.04.2022 03:00,14.07.2022 14:48,Udon Thani,department of highways,4-wheel pickup truck,speeding,rollover/fallen on straight road,1,0,1,rainy,17.3631469,102.9774499,straight road,no slope,2022-04-28T20:00:00Z
6904274,29.04.2022 03:00,14.09.2022 15:00,Si Sa Ket,department of highways,private/passenger car,speeding,rollover/fallen on straight road,1,0,1,clear,14.65940384,104.621062,straight road,no slope,2022-04-28T20:00:00Z
7560624,29.04.2022 03:20,16.01.2023 10:21,Uthai Thani,department of highways,4-wheel pickup truck,speeding,rollover/fallen on straight road,1,0,0,rainy,15.29686011,99.6874523,straight road,no slope,2022-04-28T20:20:00Z
6178460,29.04.2022 03:33,10.05.2022 14:32,Kanchanaburi,department of highways,4-wheel pickup truck,speeding,rollover/fallen on straight road,1,2,0,clear,13.96650178,99.73949789,straight road,no slope,2022-04-28T20:33:00Z
6147998,29.04.2022 04:00,2.05.2022 09:56,Phuket,department of highways,private/passenger car,speeding,rollover/fallen on straight road,1,1,1,clear,8.06338846,98.34141789,straight road,no slope,2022-04-28T21:00:00Z
7331478,29.04.2022 04:00,27.05.2022 08:41,Loburi,department of highways,6-wheel truck,speeding,rear-end collision,2,1,0,clear,14.7748825,100.9132433,other,other,2022-04-28T21:00:00Z
6220188,29.04.2022 04:30,17.05.2022 14:19,Nan,department of highways,4-wheel pickup truck,speeding,rollover/fallen on straight road,1,0,0,clear,18.57345595,100.7425931,straight road,no slope,2022-04-28T21:30:00Z
6225170,29.04.2022 05:00,18.05.2022 08:30,Chumphon,department of highways,4-wheel pickup truck,speeding,rollover/fallen on straight road,1,0,0,clear,10.6905531,99.20393853,straight road,slope area,2022-04-28T22:00:00Z
7291927,29.04.2022 05:00,11.11.2022 14:17,Chiang Rai,department of highways,4-wheel pickup truck,falling asleep,rollover/fallen on straight road,1,0,1,clear,19.79187003,99.74812387,straight road,no slope,2022-04-28T22:00:00Z
6149041,29.04.2022 05:05,5.05.2022 09:22,Phra Nakhon Si Ayutthaya,department of highways,large truck with trailer,speeding,rollover/fallen on straight road,1,0,0,clear,14.27202553,100.7979593,straight road,no slope,2022-04-28T22:05:00Z
6566583,29.04.2022 05:20,2.05.2022 10:08,Saraburi,department of rural roads,private/passenger car,running red lights/traffic signals,other,3,0,3,other,14.857183,101.201932,four-way intersection,other,2022-04-28T22:20:00Z
6374581,29.04.2022 05:50,15.06.2022 10:14,Phatthalung,department of highways,large truck with trailer,falling asleep,rollover/fallen on curved road,1,0,1,clear,7.431512219,100.0641444,other,other,2022-04-28T22:50:00Z
7568211,29.04.2022 06:00,24.01.2023 10:50,Phetchaburi,department of highways,7-10-wheel truck,falling asleep,rollover/fallen on straight road,1,0,2,clear,13.1535037,99.85010146,straight road,no slope,2022-04-28T23:00:00Z
6148444,29.04.2022 06:10,3.05.2022 15:30,Prachuap Khiri Khan,department of highways,7-10-wheel truck,speeding,rollover/fallen on straight road,1,0,0,rainy,11.60488191,99.66230659,straight road,no slope,2022-04-28T23:10:00Z
7565008,29.04.2022 06:45,20.01.2023 06:59,Samut Prakan,department of highways,large truck with trailer,speeding,rear-end collision,2,0,27,clear,13.67281655,100.7213259,wide curve,no slope,2022-04-28T23:45:00Z
7331474,29.04.2022 07:28,25.05.2022 09:58,Surin,department of highways,private/passenger car,speeding,rear-end collision,2,1,0,clear,14.8746505,103.6090645,straight road,no slope,2022-04-29T00:28:00Z
7556586,29.04.2022 07:30,11.01.2023 14:03,Narathiwat,department of highways,large truck with trailer,speeding,rollover/fallen on curved road,1,0,0,clear,6.210444858,101.8631422,sharp curve,no slope,2022-04-29T00:30:00Z
7554575,29.04.2022 09:00,9.01.2023 13:30,Nakhon Ratchasima,department of highways,other,speeding,rollover/fallen on straight road,1,0,0,clear,14.65335116,101.3631316,straight road,slope area,2022-04-29T02:00:00Z
7518408,29.04.2022 09:29,29.12.2022 11:39,Samut Prakan,expressway authority of thailand,4-wheel pickup truck,other,rear-end collision,2,0,0,clear,13.622481,100.665308,straight road,other,2022-04-29T02:29:00Z
6549923,29.04.2022 09:30,14.07.2022 15:01,Udon Thani,department of highways,4-wheel pickup truck,speeding,rollover/fallen on straight road,1,0,1,clear,17.36481856,103.0218136,other,other,2022-04-29T02:30:00Z
6572222,29.04.2022 09:30,19.07.2022 10:44,Surat Thani,department of highways,large truck with trailer,speeding,rollover/fallen on straight road,1,0,0,clear,9.343226184,99.16121899,straight road,no slope,2022-04-29T02:30:00Z
7567544,29.04.2022 09:30,23.01.2023 17:24,Rayong,department of highways,7-10-wheel truck,speeding,rear-end collision,3,0,7,clear,12.79140012,101.6744354,straight road,no slope,2022-04-29T02:30:00Z
7568208,29.04.2022 09:40,24.01.2023 10:49,Phetchaburi,department of highways,private/passenger car,speeding,rollover/fallen on curved road,1,0,1,clear,12.80821553,99.94312851,wide curve,no slope,2022-04-29T02:40:00Z
6658036,29.04.2022 10:16,4.08.2022 15:00,Chachoengsao,department of highways,private/passenger car,vehicle equipment failure,rear-end collision,2,0,0,clear,13.50688422,101.0361421,straight road,no slope,2022-04-29T03:16:00Z
7558331,29.04.2022 10:30,12.01.2023 14:41,Si Sa Ket,department of highways,4-wheel pickup truck,failure to yield right of way,rear-end collision,2,0,1,clear,14.63960389,104.1379371,other,other,2022-04-29T03:30:00Z
7518055,29.04.2022 10:32,29.12.2022 14:24,Uttaradit,department of highways,6-wheel truck,speeding,rollover/fallen on straight road,1,0,0,clear,17.54571836,100.1884112,straight road,no slope,2022-04-29T03:32:00Z
7568295,29.04.2022 11:05,24.01.2023 12:05,Samut Songkhram,department of highways,motorcycle,speeding,collision with obstruction (on road surface),2,1,0,clear,13.42255976,99.98541354,wide curve,no slope,2022-04-29T04:05:00Z
6663925,29.04.2022 11:15,5.08.2022 13:09,Bangkok,department of highways,6-wheel truck,speeding,rear-end collision,3,0,1,clear,13.7293799,100.7372045,straight road,no slope,2022-04-29T04:15:00Z
6242160,29.04.2022 11:40,24.05.2022 10:28,Tak,department of highways,other,speeding,rollover/fallen on straight road,1,0,0,clear,16.75882335,98.79829733,straight road,no slope,2022-04-29T04:40:00Z
6361782,29.04.2022 11:40,13.06.2022 08:36,Tak,department of highways,other,speeding,rollover/fallen on straight road,1,0,0,clear,16.74237276,98.8151121,straight road,no slope,2022-04-29T04:40:00Z
6149047,29.04.2022 11:51,5.05.2022 09:32,Phra Nakhon Si Ayutthaya,department of highways,large truck with trailer,speeding,rollover/fallen on straight road,1,0,0,clear,14.26048118,100.7767108,straight road,no slope,2022-04-29T04:51:00Z
7568239,29.04.2022 12:00,24.01.2023 11:14,Ratchaburi,department of highways,4-wheel pickup truck,cutting in closely by people/vehicles/animals,rear-end collision,2,0,1,clear,13.57943101,99.83010827,straight road,no slope,2022-04-29T05:00:00Z
7008833,29.04.2022 12:45,30.09.2022 14:13,Samut Prakan,department of highways,private/passenger car,cutting in closely by people/vehicles/animals,rear-end collision,5,0,1,clear,13.60764997,100.7691389,straight road,no slope,2022-04-29T05:45:00Z
6729702,29.04.2022 13:00,16.08.2022 13:36,Ang Thong,department of highways,4-wheel pickup truck,speeding,rear-end collision,2,0,1,clear,14.61591167,100.4702523,straight road,no slope,2022-04-29T06:00:00Z
6657774,29.04.2022 13:15,4.08.2022 13:59,Bangkok,department of highways,private/passenger car,speeding,rear-end collision,2,0,0,clear,13.73312408,100.6996241,straight road,no slope,2022-04-29T06:15:00Z
6897542,29.04.2022 13:45,13.09.2022 15:10,Phetchaburi,department of highways,private/passenger car,speeding,rear-end collision,4,0,0,clear,13.22215408,99.8253849,straight road,no slope,2022-04-29T06:45:00Z
7047489,29.04.2022 13:55,6.10.2022 10:36,Bangkok,department of highways,4-wheel pickup truck,speeding,rear-end collision,3,0,0,clear,13.67912868,100.4068985,straight road,no slope,2022-04-29T06:55:00Z
7557882,29.04.2022 14:40,12.01.2023 11:23,Songkhla,department of highways,4-wheel pickup truck,speeding,rollover/fallen on curved road,1,0,0,clear,6.854972337,100.9620032,straight road,no slope,2022-04-29T07:40:00Z
6724323,29.04.2022 14:43,15.08.2022 14:09,Suphan Buri,department of highways,4-wheel pickup truck,cutting in closely by people/vehicles/animals,rear-end collision,2,0,3,clear,14.79848746,99.59419189,straight road,no slope,2022-04-29T07:43:00Z
7565453,29.04.2022 14:45,20.01.2023 11:15,Chanthaburi,department of highways,4-wheel pickup truck,running red lights/traffic signals,rear-end collision,2,0,2,clear,12.62411377,102.1516353,other,other,2022-04-29T07:45:00Z
6283960,29.04.2022 14:50,31.05.2022 15:15,Nan,department of highways,private/passenger car,speeding,rollover/fallen on curved road,1,0,1,clear,18.65502044,100.7519084,wide curve,no slope,2022-04-29T07:50:00Z
6896862,29.04.2022 15:40,13.09.2022 13:27,Loei,department of highways,7-10-wheel truck,speeding,rollover/fallen on straight road,1,0,1,clear,17.28261507,101.1459759,other,other,2022-04-29T08:40:00Z
6656519,29.04.2022 16:04,4.08.2022 08:56,Chachoengsao,department of highways,4-wheel pickup truck,vehicle equipment failure,rollover/fallen on straight road,1,0,0,clear,13.51316426,101.0308742,straight road,no slope,2022-04-29T09:04:00Z
6149145,29.04.2022 16:20,5.05.2022 13:28,Nakhon Sawan,department of highways,4-wheel pickup truck,falling asleep,rear-end collision,2,0,1,clear,15.97957844,100.118384,straight road,no slope,2022-04-29T09:20:00Z
6651514,29.04.2022 16:27,3.08.2022 13:53,Bangkok,department of highways,private/passenger car,speeding,rear-end collision,3,0,0,clear,13.72954666,100.7426548,straight road,no slope,2022-04-29T09:27:00Z
6362501,29.04.2022 16:30,13.06.2022 10:43,Ang Thong,department of highways,large truck with trailer,speeding,rollover/fallen on straight road,1,0,0,clear,14.70594094,100.4552963,straight road,no slope,2022-04-29T09:30:00Z
7557439,29.04.2022 16:50,12.01.2023 09:20,Yala,department of highways,4-wheel pickup truck,speeding,rollover/fallen on curved road,1,0,0,rainy,6.215407131,101.1663097,wide curve,no slope,2022-04-29T09:50:00Z
6686954,29.04.2022 19:20,9.08.2022 12:15,Saraburi,department of highways,4-wheel pickup truck,speeding,rollover/fallen on curved road,1,0,0,rainy,14.84110059,101.0862833,other,other,2022-04-29T12:20:00Z
6147813,29.04.2022 19:27,30.04.2022 16:18,Chon Buri,department of highways,4-wheel pickup truck,speeding,rear-end collision,2,0,0,clear,13.41413011,101.0470131,straight road,no slope,2022-04-29T12:27:00Z
6651550,29.04.2022 20:28,3.08.2022 13:55,Samut Prakan,department of highways,private/passenger car,speeding,rear-end collision,3,0,1,clear,13.63103287,100.90451,straight road,no slope,2022-04-29T13:28:00Z
7563915,29.04.2022 20:40,19.01.2023 08:52,Phra Nakhon Si Ayutthaya,department of highways,private/passenger car,speeding,rollover/fallen on straight road,1,0,0,clear,14.19639556,100.5516574,other,other,2022-04-29T13:40:00Z
7565461,29.04.2022 21:30,20.01.2023 11:19,Chanthaburi,department of highways,4-wheel pickup truck,speeding,rollover/fallen on straight road,1,0,1,clear,12.79163553,102.2542727,other,other,2022-04-29T14:30:00Z
6147801,29.04.2022 21:55,30.04.2022 10:57,Bangkok,department of highways,4-wheel pickup truck,speeding,rear-end collision,2,0,2,clear,13.76518814,100.6941578,straight road,no slope,2022-04-29T14:55:00Z
6656472,29.04.2022 22:15,4.08.2022 08:51,Bangkok,department of highways,4-wheel pickup truck,falling asleep,rollover/fallen on straight road,1,0,1,clear,13.73171188,100.7095992,other,other,2022-04-29T15:15:00Z
6656690,29.04.2022 22:50,4.08.2022 09:37,Bangkok,department of highways,motorcycle,speeding,rear-end collision,2,0,1,clear,13.80805755,100.6788263,straight road,no slope,2022-04-29T15:50:00Z
6651399,29.04.2022 23:33,3.08.2022 13:27,Chon Buri,department of highways,7-10-wheel truck,speeding,rear-end collision,2,0,0,clear,12.97596794,100.984008,straight road,no slope,2022-04-29T16:33:00Z
7518291,29.04.2022 23:40,29.12.2022 14:26,Phitsanulok,department of highways,private/passenger car,speeding,rollover/fallen on straight road,1,0,0,clear,16.83150225,100.4331037,straight road,no slope,2022-04-29T16:40:00Z
6243091,29.04.2022 23:54,25.05.2022 10:00,Pathum Thani,department of highways,4-wheel pickup truck,vehicle equipment failure,collision with obstruction (on road surface),1,0,1,clear,13.95062345,100.6341648,other,other,2022-04-29T16:54:00Z
6566600,30.04.2022 00:05,6.05.2022 08:59,Saraburi,department of rural roads,motorcycle,speeding,other,1,1,1,clear,14.383941,100.862171,straight road,no slope,2022-04-29T17:05:00Z
7414203,30.04.2022 00:05,25.11.2022 14:14,Chiang Mai,department of highways,motorcycle,speeding,rear-end collision,2,0,1,clear,18.91754248,98.94380985,straight road,no slope,2022-04-29T17:05:00Z
7414007,30.04.2022 01:00,28.11.2022 09:39,Chiang Mai,department of highways,private/passenger car,speeding,rollover/fallen on straight road,1,0,0,clear,18.75284965,99.05735849,other,other,2022-04-29T18:00:00Z
6289086,30.04.2022 01:20,1.06.2022 11:27,Maha Sarakham,department of highways,4-wheel pickup truck,speeding,rollover/fallen on straight road,1,0,1,clear,16.11702806,103.2047081,straight road,no slope,2022-04-29T18:20:00Z
6531681,30.04.2022 01:25,11.07.2022 10:07,Chon Buri,department of highways,large truck with trailer,speeding,rear-end collision,2,0,0,clear,13.39922423,101.0062972,straight road,no slope,2022-04-29T18:25:00Z
7007875,30.04.2022 01:30,30.09.2022 11:09,Samut Songkhram,department of highways,4-wheel pickup truck,vehicle equipment failure,rollover/fallen on straight road,1,0,1,clear,13.40184124,100.0098646,straight road,no slope,2022-04-29T18:30:00Z
6566645,30.04.2022 02:30,13.05.2022 22:06,Chiang Mai,department of rural roads,private/passenger car,speeding,other,1,0,1,clear,18.780277,99.042333,four-way intersection,other,2022-04-29T19:30:00Z
6651598,30.04.2022 02:58,3.08.2022 14:08,Chon Buri,department of highways,large truck with trailer,speeding,rear-end collision,2,0,0,clear,13.12990461,100.9853169,straight road,no slope,2022-04-29T19:58:00Z
7551822,30.04.2022 04:00,5.01.2023 14:51,Nakhon Phanom,department of highways,7-10-wheel truck,falling asleep,rollover/fallen on curved road,1,0,1,clear,16.84628678,104.6814278,wide curve,no slope,2022-04-29T21:00:00Z
6240155,30.04.2022 04:13,20.05.2022 15:10,Ratchaburi,department of highways,4-wheel pickup truck,speeding,rollover/fallen on straight road,1,0,0,clear,13.36437328,99.79863255,straight road,no slope,2022-04-29T21:13:00Z
6361785,30.04.2022 04:30,13.06.2022 08:36,Sukhothai,department of highways,private/passenger car,speeding,rollover/fallen on straight road,1,0,3,clear,16.98603949,99.94335382,straight road,no slope,2022-04-29T21:30:00Z
7565459,30.04.2022 04:40,20.01.2023 11:18,Chanthaburi,department of highways,motorized tricycle,speeding,rear-end collision,2,0,0,clear,12.72751542,101.9273114,straight road,no slope,2022-04-29T21:40:00Z
6723177,30.04.2022 05:00,15.08.2022 09:36,Suphan Buri,department of highways,4-wheel pickup truck,falling asleep,rollover/fallen on straight road,1,2,13,clear,14.38796638,100.1747104,straight road,no slope,2022-04-29T22:00:00Z
6931895,30.04.2022 06:20,18.09.2022 14:29,Ranong,department of highways,private/passenger car,speeding,rollover/fallen on curved road,1,0,0,clear,9.548503659,98.58431606,wide curve,no slope,2022-04-29T23:20:00Z
7554524,30.04.2022 08:30,9.01.2023 13:10,Si Sa Ket,department of highways,4-wheel pickup truck,speeding,rollover/fallen on straight road,1,0,0,clear,14.52272191,104.0512079,other,other,2022-04-30T01:30:00Z
6149095,30.04.2022 10:00,5.05.2022 11:03,Bangkok,department of highways,4-wheel pickup truck,speeding,rear-end collision,5,0,4,clear,13.88846361,100.6884903,straight road,no slope,2022-04-30T03:00:00Z
6148269,30.04.2022 10:22,3.05.2022 08:34,Chon Buri,department of highways,private/passenger car,speeding,rear-end collision,2,0,0,clear,12.98603054,100.9874868,straight road,no slope,2022-04-30T03:22:00Z
7564957,30.04.2022 11:00,20.01.2023 06:34,Bangkok,department of highways,private/passenger car,speeding,rear-end collision,2,0,2,clear,13.6686062,100.6305613,straight road,no slope,2022-04-30T04:00:00Z
6357235,30.04.2022 12:24,12.06.2022 12:21,Chon Buri,department of highways,4-wheel pickup truck,speeding,rear-end collision,2,0,0,clear,13.10205032,100.9884551,straight road,no slope,2022-04-30T05:24:00Z
6724252,30.04.2022 12:30,15.08.2022 13:50,Suphan Buri,department of highways,4-wheel pickup truck,speeding,rollover/fallen on straight road,1,0,0,clear,14.47474103,100.0965214,straight road,no slope,2022-04-30T05:30:00Z
6651348,30.04.2022 12:31,3.08.2022 13:19,Chachoengsao,department of highways,private/passenger car,speeding,rear-end collision,2,0,0,clear,13.5986064,100.9549999,straight road,no slope,2022-04-30T05:31:00Z
6897575,30.04.2022 12:32,13.09.2022 15:17,Prachuap Khiri Khan,department of highways,private/passenger car,speeding,rollover/fallen on curved road,1,0,3,rainy,11.24849709,99.43980126,wide curve,no slope,2022-04-30T05:32:00Z
6651546,30.04.2022 13:12,3.08.2022 13:57,Samut Prakan,department of highways,private/passenger car,speeding,rear-end collision,2,0,0,clear,13.66700466,100.8485699,straight road,no slope,2022-04-30T06:12:00Z
6651569,30.04.2022 13:25,3.08.2022 14:00,Samut Prakan,department of highways,private/passenger car,speeding,rear-end collision,2,0,0,clear,13.62417465,100.9152174,straight road,no slope,2022-04-30T06:25:00Z
6723153,30.04.2022 13:30,15.08.2022 09:30,Suphan Buri,department of highways,motorcycle,speeding,head-on collision (not overtaking),2,1,0,clear,14.75980065,100.0461441,wide curve,no slope,2022-04-30T06:30:00Z
6155082,30.04.2022 14:00,6.05.2022 13:54,Chumphon,department of highways,large truck with trailer,speeding,rollover/fallen on straight road,1,0,0,rainy,10.94608471,99.29848372,straight road,no slope,2022-04-30T07:00:00Z
6651571,30.04.2022 14:10,3.08.2022 14:01,Chon Buri,department of highways,large truck with trailer,speeding,rollover/fallen on straight road,1,0,1,clear,13.11216527,100.9542274,straight road,no slope,2022-04-30T07:10:00Z
6845498,30.04.2022 15:20,5.09.2022 10:46,Loei,department of highways,4-wheel pickup truck,speeding,rollover/fallen on straight road,1,0,0,clear,17.47487924,100.9769109,straight road,no slope,2022-04-30T08:20:00Z
6149350,30.04.2022 15:47,5.05.2022 14:10,Phetchaburi,department of highways,large truck with trailer,falling asleep,rollover/fallen on straight road,1,0,1,clear,12.64422743,99.86529081,straight road,no slope,2022-04-30T08:47:00Z
7568205,30.04.2022 15:50,24.01.2023 10:47,Phetchaburi,department of highways,private/passenger car,speeding,rollover/fallen on straight road,1,0,0,clear,13.12257236,99.88867967,straight road,no slope,2022-04-30T08:50:00Z
6171432,30.04.2022 16:00,9.05.2022 13:20,Tak,department of highways,motorcycle,speeding,rear-end collision,2,0,1,clear,16.78589374,98.58974485,straight road,no slope,2022-04-30T09:00:00Z
7554677,30.04.2022 16:00,9.01.2023 14:04,Nakhon Si Thammarat,department of highways,4-wheel pickup truck,speeding,rollover/fallen on straight road,1,1,1,clear,8.602490036,99.86215799,straight road,no slope,2022-04-30T09:00:00Z
6386635,30.04.2022 16:10,17.06.2022 10:22,Mukdahan,department of highways,motorcycle,speeding,rear-end collision,3,0,4,clear,16.50205865,104.3503761,connecting to private area,other,2022-04-30T09:10:00Z
7418983,30.04.2022 16:30,30.11.2022 11:23,Phrae,department of highways,4-wheel pickup truck,speeding,rollover/fallen on curved road,1,0,1,clear,18.13308939,100.2489459,wide curve,no slope,2022-04-30T09:30:00Z
6361784,30.04.2022 16:54,13.06.2022 08:35,Sukhothai,department of highways,private/passenger car,speeding,rollover/fallen on straight road,1,0,1,clear,17.02512137,99.87645416,straight road,no slope,2022-04-30T09:54:00Z
6723126,30.04.2022 17:00,15.08.2022 09:25,Suphan Buri,department of highways,motorcycle,speeding,rear-end collision,2,0,1,clear,14.7404378,100.101757,straight road,no slope,2022-04-30T10:00:00Z
6148049,30.04.2022 17:08,2.05.2022 10:39,Pathum Thani,department of highways,large truck with trailer,speeding,rear-end collision,2,0,0,clear,13.9500768,100.7124585,straight road,no slope,2022-04-30T10:08:00Z
6242123,30.04.2022 17:10,24.05.2022 10:00,Amnat Charoen,department of highways,4-wheel pickup truck,speeding,rollover/fallen on straight road,2,0,0,clear,15.87294951,104.6559012,straight road,no slope,2022-04-30T10:10:00Z
7557961,30.04.2022 18:00,12.01.2023 11:45,Songkhla,department of highways,4-wheel pickup truck,speeding,rollover/fallen on straight road,1,0,0,rainy,7.136370912,100.2645832,straight road,no slope,2022-04-30T11:00:00Z
7567237,30.04.2022 18:00,23.01.2023 12:33,Chon Buri,department of highways,4-wheel pickup truck,speeding,rollover/fallen on straight road,1,0,0,clear,13.08352259,101.4004961,straight road,no slope,2022-04-30T11:00:00Z
6918197,30.04.2022 18:30,16.09.2022 13:05,Chiang Rai,department of highways,6-wheel truck,speeding,rear-end collision,2,0,1,rainy,19.45082388,100.0090733,other,other,2022-04-30T11:30:00Z
6218873,30.04.2022 19:20,17.05.2022 09:33,Nakhon Si Thammarat,department of highways,motorcycle,speeding,rear-end collision,2,1,0,clear,8.61822953,99.79950963,straight road,no slope,2022-04-30T12:20:00Z
6220216,30.04.2022 19:50,17.05.2022 14:23,Phrae,department of highways,4-wheel pickup truck,speeding,rollover/fallen on straight road,1,0,1,clear,18.3053982,100.2934518,wide curve,no slope,2022-04-30T12:50:00Z
6404324,30.04.2022 20:00,20.06.2022 09:36,Samut Songkhram,department of highways,7-10-wheel truck,speeding,rollover/fallen on straight road,1,0,0,clear,13.40706735,100.0174498,straight road,no slope,2022-04-30T13:00:00Z
6149066,30.04.2022 20:10,5.05.2022 10:12,Samut Prakan,expressway authority of thailand,other,other,rear-end collision,3,0,0,clear,13.602119,100.651355,straight road,other,2022-04-30T13:10:00Z
6171553,30.04.2022 20:10,9.05.2022 13:44,Sukhothai,department of highways,private/passenger car,speeding,rear-end collision,2,0,0,clear,17.33585284,99.84725563,straight road,no slope,2022-04-30T13:10:00Z
6184440,30.04.2022 20:20,11.05.2022 11:31,Chai Nat,department of highways,4-wheel pickup truck,speeding,rear-end collision,2,0,0,clear,15.16141105,100.1322135,straight road,no slope,2022-04-30T13:20:00Z
6220697,30.04.2022 20:25,17.05.2022 15:40,Ubon Ratchathani,department of highways,private/passenger car,speeding,rear-end collision,1,0,0,clear,15.21773947,104.8156723,straight road,no slope,2022-04-30T13:25:00Z
7331479,30.04.2022 20:30,10.05.2022 14:30,Kanchanaburi,department of highways,private/passenger car,speeding,rollover/fallen on straight road,1,1,1,clear,13.97936242,99.63852881,straight road,no slope,2022-04-30T13:30:00Z
6148178,30.04.2022 20:45,2.05.2022 15:09,Ubon Ratchathani,department of highways,private/passenger car,speeding,rollover/fallen on straight road,1,0,1,clear,15.21012756,104.8136768,straight road,no slope,2022-04-30T13:45:00Z
6566585,30.04.2022 20:50,3.05.2022 15:07,Samut Prakan,department of rural roads,motorcycle,speeding,other,2,0,1,clear,13.656102,100.540635,straight road,slope area,2022-04-30T13:50:00Z
6178409,30.04.2022 23:05,10.05.2022 14:28,Kanchanaburi,department of highways,4-wheel pickup truck,speeding,rollover/fallen on straight road,1,1,1,clear,14.76205456,98.61694782,straight road,no slope,2022-04-30T16:05:00Z
6178643,30.04.2022 23:20,10.05.2022 14:59,Kanchanaburi,department of highways,large truck with trailer,speeding,rear-end collision,2,0,0,clear,13.97981791,99.5830795,straight road,no slope,2022-04-30T16:20:00Z
6170993,30.04.2022 23:30,9.05.2022 11:30,Kamphaeng Phet,department of highways,4-wheel pickup truck,speeding,rollover/fallen on straight road,1,0,3,rainy,16.64952168,99.32474791,straight road,no slope,2022-04-30T16:30:00Z
6572220,30.04.2022 23:30,19.07.2022 10:43,Surat Thani,department of highways,4-wheel pickup truck,speeding,rollover/fallen on straight road,1,0,0,clear,8.94932907,98.99355678,straight road,no slope,2022-04-30T16:30:00Z
7521366,1.05.2022 00:24,30.12.2022 09:54,Chiang Mai,department of highways,private/passenger car,speeding,rear-end collision,2,0,0,clear,18.86415864,99.01498227,straight road,no slope,2022-04-30T17:24:00Z
7331482,1.05.2022 01:10,30.09.2022 09:15,Phayao,department of highways,motorcycle,speeding,rollover/fallen on straight road,1,1,1,clear,19.18181384,99.89662169,other,other,2022-04-30T18:10:00Z
6170874,1.05.2022 01:30,9.05.2022 11:07,Roi Et,department of highways,4-wheel pickup truck,speeding,rollover/fallen on straight road,1,0,1,rainy,16.28024404,104.124459,straight road,no slope,2022-04-30T18:30:00Z
6277458,1.05.2022 01:30,30.05.2022 15:10,Phrae,department of highways,private/passenger car,speeding,rollover/fallen on straight road,1,0,1,rainy,18.15297556,100.1741633,straight road,no slope,2022-04-30T18:30:00Z
6183864,1.05.2022 02:00,11.05.2022 09:51,Nakhon Phanom,department of highways,other,speeding,rollover/fallen on straight road,1,0,0,clear,17.31396551,104.7199952,straight road,no slope,2022-04-30T19:00:00Z
6220291,1.05.2022 02:00,17.05.2022 14:30,Nan,department of highways,private/passenger car,speeding,rollover/fallen on straight road,1,0,0,clear,18.58519686,100.740965,straight road,no slope,2022-04-30T19:00:00Z