acc_code,incident_datetime,report_datetime,province_en,agency,vehicle_type,presumed_cause,accident_type,number_of_vehicles_involved,number_of_fatalities,number_of_injuries,weather_condition,latitude,longitude,road_description,slope_description,incident_time
6281735,1.05.2022 02:00,31.05.2022 07:37,Bangkok,department of highways,private/passenger car,speeding,rollover/fallen on straight road,1,0,0,clear,13.94343099,100.6235808,straight road,no slope,2022-04-30T19:00:00Z
7290350,1.05.2022 02:50,11.11.2022 09:44,Phitsanulok,department of highways,private/passenger car,falling asleep,rollover/fallen on straight road,1,0,1,clear,16.86610635,100.6724506,straight road,no slope,2022-04-30T19:50:00Z
6242310,1.05.2022 03:00,24.05.2022 13:59,Nakhon Ratchasima,department of highways,4-wheel pickup truck,speeding,rollover/fallen on straight road,1,0,1,clear,14.92843718,102.0577633,straight road,no slope,2022-04-30T20:00:00Z
7566739,1.05.2022 03:00,22.01.2023 07:42,Chachoengsao,department of highways,4-wheel pickup truck,speeding,rear-end collision,2,0,0,clear,13.65702506,101.1387098,straight road,no slope,2022-04-30T20:00:00Z
6566591,1.05.2022 03:13,3.05.2022 15:09,Bangkok,department of rural roads,private/passenger car,speeding,other,2,0,0,clear,13.669619,100.538567,straight road,slope area,2022-04-30T20:13:00Z
6243143,1.05.2022 04:00,25.05.2022 11:33,Chon Buri,department of highways,4-wheel pickup truck,speeding,rollover/fallen on straight road,1,0,0,rainy,13.32184913,101.096465,straight road,no slope,2022-04-30T21:00:00Z
6362033,1.05.2022 04:00,13.06.2022 09:10,Kamphaeng Phet,department of highways,large truck with trailer,vehicle equipment failure,collision with obstruction (on road surface),1,0,0,rainy,16.64647392,99.32807921,other,other,2022-04-30T21:00:00Z
6501250,1.05.2022 04:10,6.07.2022 09:29,Phetchabun,department of highways,4-wheel pickup truck,speeding,rollover/fallen on curved road,1,0,0,clear,16.70303968,101.65555,wide curve,no slope,2022-04-30T21:10:00Z
6220103,1.05.2022 04:35,17.05.2022 13:56,Sakon Nakhon,department of highways,4-wheel pickup truck,speeding,rollover/fallen on straight road,1,0,0,rainy,17.40121507,103.6761841,straight road,no slope,2022-04-30T21:35:00Z
6258408,1.05.2022 05:00,27.05.2022 08:33,Phrae,department of highways,6-wheel truck,speeding,rollover/fallen on straight road,1,0,0,rainy,18.03086253,99.70441996,straight road,no slope,2022-04-30T22:00:00Z
6242147,1.05.2022 05:30,24.05.2022 10:22,buogkan,department of highways,motorcycle,speeding,rollover/fallen on straight road,1,1,0,rainy,18.41967945,103.4646356,straight road,no slope,2022-04-30T22:30:00Z
7040997,1.05.2022 05:45,5.10.2022 11:07,Phetchabun,department of highways,6-wheel truck,speeding,rear-end collision,2,1,0,clear,15.60093969,101.0647237,straight road,no slope,2022-04-30T22:45:00Z
6501277,1.05.2022 06:00,6.07.2022 09:31,Phetchabun,department of highways,4-wheel pickup truck,speeding,rollover/fallen on curved road,1,0,0,clear,16.76627637,101.1400643,wide curve,no slope,2022-04-30T23:00:00Z
6252143,1.05.2022 08:30,26.05.2022 08:53,Chumphon,department of highways,private/passenger car,speeding,rollover/fallen on straight road,1,0,1,clear,9.941893454,99.06203358,straight road,no slope,2022-05-01T01:30:00Z
6454937,1.05.2022 09:20,28.06.2022 19:13,Udon Thani,department of highways,4-wheel pickup truck,speeding,rollover/fallen on straight road,1,0,1,clear,17.22172487,103.248133,straight road,no slope,2022-05-01T02:20:00Z
6196107,1.05.2022 09:30,13.05.2022 06:31,Uttaradit,department of highways,private/passenger car,speeding,collision with obstruction (on road surface),1,0,1,clear,17.53998964,100.1984534,straight road,no slope,2022-05-01T02:30:00Z
6171295,1.05.2022 09:40,9.05.2022 12:51,Loburi,department of highways,private/passenger car,speeding,rear-end collision,2,1,0,clear,15.07578569,100.9933957,straight road,no slope,2022-05-01T02:40:00Z
6282665,1.05.2022 10:00,31.05.2022 11:00,Phrae,department of highways,private/passenger car,falling asleep,rollover/fallen on straight road,1,0,0,clear,17.78874507,99.46641682,straight road,no slope,2022-05-01T03:00:00Z
6243222,1.05.2022 10:30,25.05.2022 14:28,Lamphun,department of highways,4-wheel pickup truck,speeding,rollover/fallen on straight road,1,0,2,clear,18.61558266,99.04557555,other,other,2022-05-01T03:30:00Z
7554280,1.05.2022 11:20,9.01.2023 09:30,Surat Thani,department of highways,large truck with trailer,other,rollover/fallen on straight road,1,0,0,clear,8.61738887,99.32696342,straight road,no slope,2022-05-01T04:20:00Z
6566802,1.05.2022 11:55,14.06.2022 11:13,Satun,department of rural roads,private/passenger car,speeding,other,2,0,1,clear,6.76288,100.105261,straight road,no slope,2022-05-01T04:55:00Z
6566590,1.05.2022 12:00,3.05.2022 15:09,Roi Et,department of rural roads,private/passenger car,obstruction in sight,other,2,0,3,rainy,15.600404,103.982226,four-way intersection,other,2022-05-01T05:00:00Z
6686778,1.05.2022 12:00,9.08.2022 11:31,Nakhon Sawan,department of highways,other,cutting in closely by people/vehicles/animals,rollover/fallen on straight road,2,0,0,clear,15.1466981,100.4101065,other,other,2022-05-01T05:00:00Z
6203858,1.05.2022 12:15,14.05.2022 12:59,Chon Buri,department of highways,4-wheel pickup truck,speeding,rear-end collision,2,0,0,clear,13.30589608,101.0007879,straight road,no slope,2022-05-01T05:15:00Z
6204217,1.05.2022 13:09,14.05.2022 14:22,Chon Buri,department of highways,private/passenger car,speeding,rear-end collision,2,0,0,clear,12.99975947,100.9923255,straight road,no slope,2022-05-01T06:09:00Z
6148032,1.05.2022 13:30,2.05.2022 10:21,Prachuap Khiri Khan,department of highways,private/passenger car,speeding,rollover/fallen on straight road,1,0,2,clear,11.9230478,99.80451463,straight road,no slope,2022-05-01T06:30:00Z
6242344,1.05.2022 13:35,24.05.2022 14:13,Prachin Buri,department of highways,4-wheel pickup truck,speeding,rollover/fallen on curved road,1,0,0,clear,14.22175743,101.8928021,wide curve,no slope,2022-05-01T06:35:00Z
6204349,1.05.2022 14:00,14.05.2022 14:54,Chon Buri,department of highways,large truck with trailer,speeding,rollover/fallen on straight road,1,0,0,clear,13.1380777,100.985671,straight road,no slope,2022-05-01T07:00:00Z
6501274,1.05.2022 14:30,6.07.2022 09:30,Phetchabun,department of highways,4-wheel pickup truck,speeding,rollover/fallen on curved road,1,0,0,clear,16.69153004,101.6690683,wide curve,no slope,2022-05-01T07:30:00Z
6203955,1.05.2022 14:37,14.05.2022 13:16,Chon Buri,department of highways,other,speeding,rollover/fallen on straight road,1,0,0,clear,13.35545359,101.0345515,straight road,no slope,2022-05-01T07:37:00Z
6170809,1.05.2022 14:40,9.05.2022 10:54,Kamphaeng Phet,department of highways,4-wheel pickup truck,speeding,rollover/fallen on straight road,1,0,0,clear,16.47123404,99.54986571,straight road,no slope,2022-05-01T07:40:00Z
7518671,1.05.2022 15:00,29.12.2022 14:30,Phitsanulok,department of highways,4-wheel pickup truck,speeding,other,1,0,3,clear,16.8151812,100.9480154,wide curve,no slope,2022-05-01T08:00:00Z
6281714,1.05.2022 15:20,31.05.2022 07:33,Nakhon Pathom,department of highways,4-wheel pickup truck,speeding,rollover/fallen on straight road,1,0,1,clear,13.72613594,100.2523631,straight road,no slope,2022-05-01T08:20:00Z
7443856,1.05.2022 16:15,8.12.2022 10:37,Bangkok,department of highways,private/passenger car,speeding,rear-end collision,2,0,0,clear,13.68013595,100.4717396,straight road,no slope,2022-05-01T09:15:00Z
6242441,1.05.2022 17:00,24.05.2022 15:22,Chachoengsao,department of highways,private/passenger car,illegal overtaking,head-on collision (not overtaking),2,4,4,clear,13.55196748,101.4676666,straight road,no slope,2022-05-01T10:00:00Z
6243164,1.05.2022 17:00,25.05.2022 12:51,Chiang Mai,department of highways,private/passenger car,speeding,rollover/fallen on curved road,2,0,2,clear,19.086440670000002,98.8959968,wide curve,no slope,2022-05-01T10:00:00Z
6416717,1.05.2022 17:00,22.06.2022 11:27,Surin,department of highways,private/passenger car,speeding,rear-end collision,3,0,7,clear,14.60924915,103.5368165,straight road,no slope,2022-05-01T10:00:00Z
6242230,1.05.2022 17:30,24.05.2022 11:42,Yala,department of highways,4-wheel pickup truck,speeding,rollover/fallen on straight road,1,0,1,rainy,6.619609121,101.2366882,straight road,no slope,2022-05-01T10:30:00Z
6283758,1.05.2022 17:30,31.05.2022 14:43,Sakon Nakhon,department of highways,4-wheel pickup truck,speeding,rollover/fallen on straight road,1,0,0,clear,17.19834043,104.0735936,straight road,no slope,2022-05-01T10:30:00Z
6184967,1.05.2022 17:38,11.05.2022 13:53,Chon Buri,department of highways,private/passenger car,speeding,rear-end collision,3,0,0,clear,12.96973937,100.9817201,straight road,no slope,2022-05-01T10:38:00Z
6918633,1.05.2022 18:00,16.09.2022 14:06,Khon Kaen,department of highways,private/passenger car,speeding,rollover/fallen on straight road,1,0,1,clear,16.48539056,102.5610638,straight road,no slope,2022-05-01T11:00:00Z
6243113,1.05.2022 18:32,25.05.2022 10:15,Chon Buri,department of highways,4-wheel pickup truck,speeding,rollover/fallen on straight road,1,0,0,rainy,13.29898416,101.1560422,straight road,no slope,2022-05-01T11:32:00Z
6170853,1.05.2022 18:40,9.05.2022 11:03,Kalasin,department of highways,4-wheel pickup truck,speeding,rollover/fallen on curved road,1,0,0,rainy,16.39936551,103.3611774,wide curve,slope area,2022-05-01T11:40:00Z
6155823,1.05.2022 19:05,6.05.2022 16:18,Chachoengsao,department of highways,private/passenger car,speeding,rear-end collision,4,0,0,clear,13.57037854,100.9495014,straight road,no slope,2022-05-01T12:05:00Z
6809234,1.05.2022 19:50,30.08.2022 13:23,Phra Nakhon Si Ayutthaya,department of highways,4-wheel pickup truck,speeding,collision with obstruction (on road surface),1,0,0,clear,14.33521649,100.6132999,other,other,2022-05-01T12:50:00Z
7444407,1.05.2022 20:15,8.12.2022 10:45,Bangkok,department of highways,private/passenger car,speeding,rear-end collision,2,0,1,clear,13.67912738,100.4681119,straight road,no slope,2022-05-01T13:15:00Z
6495817,1.05.2022 21:30,5.07.2022 14:31,Chon Buri,department of highways,4-wheel pickup truck,speeding,rollover/fallen on curved road,1,0,0,clear,13.413637,100.9905687,wide curve,no slope,2022-05-01T14:30:00Z
6501256,1.05.2022 21:30,6.07.2022 09:28,Phetchabun,department of highways,6-wheel truck,vehicle equipment failure,rollover/fallen on curved road,1,0,1,rainy,17.06914635,101.4715746,wide curve,slope area,2022-05-01T14:30:00Z
6275692,1.05.2022 22:00,30.05.2022 08:50,Nan,department of highways,other,speeding,rollover/fallen on straight road,1,0,0,clear,18.69261975,100.747759,straight road,no slope,2022-05-01T15:00:00Z
6806451,1.05.2022 22:30,29.08.2022 14:30,Trat,department of highways,large truck with trailer,falling asleep,rollover/fallen on straight road,1,0,1,clear,11.75858837,102.8960985,straight road,no slope,2022-05-01T15:30:00Z
6203876,1.05.2022 23:06,14.05.2022 13:00,Chon Buri,department of highways,private/passenger car,speeding,collision with obstruction (on road surface),2,0,1,clear,13.10115688,100.9886268,straight road,no slope,2022-05-01T16:06:00Z
6242366,1.05.2022 23:40,24.05.2022 14:22,Sa Kaeo,department of highways,4-wheel pickup truck,speeding,rollover/fallen on straight road,1,0,2,foggy,13.8844277,102.0030141,straight road,no slope,2022-05-01T16:40:00Z
6203900,1.05.2022 23:43,14.05.2022 13:08,Chon Buri,department of highways,private/passenger car,debris/obstruction on the road,collision with obstruction (on road surface),2,0,0,clear,13.09935694,100.9889862,straight road,no slope,2022-05-01T16:43:00Z
7424916,2.05.2022 00:03,2.12.2022 10:55,Chiang Mai,department of highways,4-wheel pickup truck,speeding,rollover/fallen on curved road,1,0,1,clear,18.87566364,99.0469998,wide curve,no slope,2022-05-01T17:03:00Z
6183704,2.05.2022 00:20,11.05.2022 09:27,Nakhon Phanom,department of highways,other,speeding,rollover/fallen on straight road,1,0,0,clear,17.38271184,104.7487914,straight road,no slope,2022-05-01T17:20:00Z
6275699,2.05.2022 00:30,30.05.2022 08:52,Nan,department of highways,4-wheel pickup truck,speeding,rollover/fallen on straight road,1,0,0,rainy,18.7705208,100.7647911,straight road,no slope,2022-05-01T17:30:00Z
7521349,2.05.2022 01:00,30.12.2022 09:49,Chiang Mai,department of highways,motorcycle,speeding,rollover/fallen on straight road,1,0,1,clear,18.82376687,99.01192187,straight road,no slope,2022-05-01T18:00:00Z
6220007,2.05.2022 01:30,17.05.2022 13:35,Phetchabun,department of highways,4-wheel pickup truck,speeding,rollover/fallen on curved road,1,0,0,clear,16.77524684,101.0614729,wide curve,slope area,2022-05-01T18:30:00Z
6155479,2.05.2022 02:00,6.05.2022 15:11,Chon Buri,department of highways,4-wheel pickup truck,speeding,rear-end collision,2,0,0,clear,13.34854048,101.0301688,straight road,no slope,2022-05-01T19:00:00Z
6458686,2.05.2022 02:00,29.06.2022 09:04,Phetchabun,department of highways,4-wheel pickup truck,falling asleep,rollover/fallen on straight road,1,0,1,clear,16.05752881,101.0751682,straight road,no slope,2022-05-01T19:00:00Z
7563142,2.05.2022 02:20,18.01.2023 14:37,Satun,department of highways,4-wheel pickup truck,speeding,rollover/fallen on straight road,1,0,1,clear,6.854192068,99.89580898,straight road,no slope,2022-05-01T19:20:00Z
7027307,2.05.2022 03:00,3.10.2022 11:14,Lampang,department of highways,private/passenger car,speeding,rollover/fallen on curved road,1,0,0,clear,18.2543771,99.48360442,wide curve,no slope,2022-05-01T20:00:00Z
6202398,2.05.2022 03:50,14.05.2022 06:05,Sing Buri,department of highways,private/passenger car,speeding,rollover/fallen on curved road,1,0,0,clear,14.90071219,100.4153743,wide curve,no slope,2022-05-01T20:50:00Z
6205143,2.05.2022 04:13,14.05.2022 18:04,Chon Buri,department of highways,large truck with trailer,speeding,rollover/fallen on straight road,1,0,0,rainy,13.10745529,100.9240553,straight road,no slope,2022-05-01T21:13:00Z
6318299,2.05.2022 04:28,6.06.2022 11:05,Samut Prakan,expressway authority of thailand,4-wheel pickup truck,other,rear-end collision,2,0,0,clear,13.631415,100.580982,grade-separated intersection/ramps,other,2022-05-01T21:28:00Z
6944281,2.05.2022 04:30,20.09.2022 12:44,Maha Sarakham,department of highways,4-wheel pickup truck,speeding,rollover/fallen on straight road,1,0,0,clear,15.80850527,103.3508482,straight road,no slope,2022-05-01T21:30:00Z
6203793,2.05.2022 05:00,14.05.2022 12:44,Bangkok,department of highways,4-wheel pickup truck,speeding,rollover/fallen on curved road,1,0,0,rainy,13.82999586,100.6743336,wide curve,no slope,2022-05-01T22:00:00Z
7567542,2.05.2022 05:00,23.01.2023 17:22,Rayong,department of highways,private/passenger car,speeding,rollover/fallen on straight road,1,0,0,rainy,12.895724360000001,101.5454855,straight road,no slope,2022-05-01T22:00:00Z
7557869,2.05.2022 05:20,12.01.2023 11:19,Si Sa Ket,department of highways,4-wheel pickup truck,speeding,rollover/fallen on straight road,1,0,1,rainy,15.13219646,104.1477111,straight road,no slope,2022-05-01T22:20:00Z
6284048,2.05.2022 05:30,31.05.2022 15:39,Si Sa Ket,department of highways,4-wheel pickup truck,speeding,rollover/fallen on straight road,1,0,0,clear,14.65633146,104.3993908,straight road,no slope,2022-05-01T22:30:00Z
7518136,2.05.2022 05:30,29.12.2022 13:54,Phitsanulok,department of highways,4-wheel pickup truck,falling asleep,rollover/fallen on straight road,1,0,0,rainy,16.55728889,100.4591721,straight road,no slope,2022-05-01T22:30:00Z
7520911,2.05.2022 05:40,30.12.2022 08:14,Lampang,department of highways,large truck with trailer,speeding,rollover/fallen on straight road,1,0,0,rainy,17.83348248,99.2901635,straight road,no slope,2022-05-01T22:40:00Z
6212931,2.05.2022 05:50,16.05.2022 06:25,Chai Nat,department of highways,4-wheel pickup truck,vehicle equipment failure,rear-end collision,3,0,1,rainy,15.31410815,100.1031732,straight road,no slope,2022-05-01T22:50:00Z
6252211,2.05.2022 06:00,26.05.2022 09:08,Prachuap Khiri Khan,department of highways,large truck with trailer,speeding,rollover/fallen on straight road,1,0,1,clear,12.52914861,99.87891911,straight road,no slope,2022-05-01T23:00:00Z
6204502,2.05.2022 06:30,14.05.2022 15:22,Chon Buri,department of highways,4-wheel pickup truck,speeding,rear-end collision,2,0,0,rainy,12.95566114,100.9734776,straight road,no slope,2022-05-01T23:30:00Z
6196109,2.05.2022 07:00,13.05.2022 06:33,Uttaradit,department of highways,6-wheel truck,vehicle equipment failure,rollover/fallen on straight road,1,0,0,clear,17.29168886,100.2341214,straight road,no slope,2022-05-02T00:00:00Z
6225522,2.05.2022 07:00,18.05.2022 09:43,Phrae,department of highways,4-wheel pickup truck,speeding,rollover/fallen on curved road,1,0,0,rainy,18.0568628,99.69711362,wide curve,slope area,2022-05-02T00:00:00Z
6243125,2.05.2022 07:00,25.05.2022 10:38,Chon Buri,department of highways,4-wheel pickup truck,speeding,rollover/fallen on curved road,1,0,0,rainy,13.32556057,101.1864799,wide curve,no slope,2022-05-02T00:00:00Z
6294829,2.05.2022 07:00,2.06.2022 10:14,Trat,department of highways,4-wheel pickup truck,speeding,rollover/fallen on straight road,1,0,0,clear,12.30393436,102.4745169,straight road,no slope,2022-05-02T00:00:00Z
6692196,2.05.2022 07:00,10.08.2022 08:41,Trang,department of highways,4-wheel pickup truck,vehicle equipment failure,rollover/fallen on straight road,1,0,2,clear,7.544946101,99.7608885,straight road,no slope,2022-05-02T00:00:00Z
6203753,2.05.2022 07:15,14.05.2022 12:33,Bangkok,department of highways,6-wheel truck,speeding,rollover/fallen on straight road,1,0,0,clear,13.729518,100.7435775,other,other,2022-05-02T00:15:00Z
6277451,2.05.2022 07:15,30.05.2022 15:13,Phrae,department of highways,4-wheel pickup truck,speeding,rollover/fallen on straight road,1,0,0,rainy,18.14999354,100.0895959,straight road,no slope,2022-05-02T00:15:00Z
6243144,2.05.2022 07:30,25.05.2022 11:32,Chon Buri,department of highways,large truck with trailer,speeding,rollover/fallen on straight road,1,0,0,rainy,13.34159845,101.191619,straight road,no slope,2022-05-02T00:30:00Z
7007925,2.05.2022 07:30,30.09.2022 11:19,Chachoengsao,department of highways,private/passenger car,speeding,rollover/fallen on straight road,1,0,0,rainy,13.76356251,101.5165901,straight road,no slope,2022-05-02T00:30:00Z
6458144,2.05.2022 08:05,29.06.2022 07:17,Tak,department of highways,large truck with trailer,speeding,rear-end collision,2,0,1,clear,16.7571668,98.73219966,wide curve,slope area,2022-05-02T01:05:00Z
6458143,2.05.2022 08:20,29.06.2022 07:17,Tak,department of highways,4-wheel pickup truck,speeding,rollover/fallen on curved road,1,0,0,clear,16.73666031,98.60662131,wide curve,no slope,2022-05-02T01:20:00Z
6202308,2.05.2022 08:30,14.05.2022 05:40,Nakhon Sawan,department of highways,4-wheel pickup truck,falling asleep,rollover/fallen on straight road,1,2,0,clear,15.93195436,100.1124295,straight road,no slope,2022-05-02T01:30:00Z
6220676,2.05.2022 08:30,17.05.2022 15:38,Phrae,department of highways,4-wheel pickup truck,speeding,rollover/fallen on curved road,1,0,0,rainy,18.16927635,100.0373116,wide curve,slope area,2022-05-02T01:30:00Z
6205172,2.05.2022 08:55,14.05.2022 18:06,Pathum Thani,department of highways,private/passenger car,speeding,rear-end collision,2,0,4,clear,14.00930013,100.7042616,straight road,no slope,2022-05-02T01:55:00Z
6566607,2.05.2022 09:30,12.05.2022 08:44,Bangkok,department of rural roads,private/passenger car,speeding,other,2,0,0,clear,13.670046,100.538561,straight road,slope area,2022-05-02T02:30:00Z
6260287,2.05.2022 10:00,27.05.2022 15:46,Phrae,department of highways,4-wheel pickup truck,speeding,rollover/fallen on curved road,1,0,0,clear,18.35628463,100.2128917,wide curve,no slope,2022-05-02T03:00:00Z
6220656,2.05.2022 10:30,17.05.2022 15:34,Phrae,department of highways,motorcycle,speeding,head-on collision (not overtaking),2,0,2,rainy,18.03763904,99.69937204,wide curve,slope area,2022-05-02T03:30:00Z
6220402,2.05.2022 10:40,17.05.2022 14:49,Narathiwat,department of highways,private/passenger car,speeding,rollover/fallen on straight road,1,0,2,clear,6.40630543,101.7756271,straight road,no slope,2022-05-02T03:40:00Z
6148316,2.05.2022 10:50,3.05.2022 11:32,Bangkok,department of highways,private/passenger car,speeding,collision with obstruction (on road surface),4,0,0,clear,13.74108905,100.7029796,straight road,no slope,2022-05-02T03:50:00Z
6252212,2.05.2022 11:00,26.05.2022 09:06,Prachuap Khiri Khan,department of highways,4-wheel pickup truck,vehicle equipment failure,rollover/fallen on straight road,1,0,0,clear,12.01932831,99.83892469,straight road,no slope,2022-05-02T04:00:00Z
7331485,2.05.2022 11:00,11.05.2022 09:58,Chaiyaphum,department of highways,motorcycle,cutting in closely by people/vehicles/animals,rear-end collision,2,1,1,clear,15.5302201,101.7908245,other,other,2022-05-02T04:00:00Z
6566595,2.05.2022 11:08,10.05.2022 10:06,Phatthalung,department of rural roads,bicycle,cutting in closely by people/vehicles/animals,other,2,0,2,clear,7.384094,100.212649,wide curve,no slope,2022-05-02T04:08:00Z
6171296,2.05.2022 12:00,9.05.2022 12:53,Loburi,department of highways,private/passenger car,speeding,rollover/fallen on straight road,1,1,0,clear,14.98437648,101.272257,straight road,no slope,2022-05-02T05:00:00Z
6258528,2.05.2022 12:00,27.05.2022 09:01,Bangkok,department of highways,private/passenger car,speeding,rear-end collision,5,0,4,clear,13.73184476,100.7679024,straight road,no slope,2022-05-02T05:00:00Z
6362374,2.05.2022 12:00,13.06.2022 10:19,Kalasin,department of highways,private/passenger car,speeding,rollover/fallen on curved road,1,0,0,clear,16.40397386,103.377893,wide curve,slope area,2022-05-02T05:00:00Z
6153994,2.05.2022 12:50,6.05.2022 09:17,Prachuap Khiri Khan,department of highways,van,speeding,rollover/fallen on curved road,1,0,5,rainy,11.22182597,99.42214964,wide curve,no slope,2022-05-02T05:50:00Z
6170965,2.05.2022 13:25,9.05.2022 11:29,Bangkok,department of highways,private/passenger car,speeding,rear-end collision,2,0,0,clear,13.7297082,100.7535821,straight road,no slope,2022-05-02T06:25:00Z
6148163,2.05.2022 13:29,2.05.2022 14:32,Bangkok,expressway authority of thailand,other,other,rear-end collision,3,0,0,clear,13.76594083,100.5272833,straight road,other,2022-05-02T06:29:00Z
6220105,2.05.2022 13:30,17.05.2022 13:57,Maha Sarakham,department of highways,motorcycle,speeding,head-on collision (not overtaking),2,1,0,rainy,16.03924275,103.1328115,straight road,no slope,2022-05-02T06:30:00Z
6241608,2.05.2022 13:30,23.05.2022 15:00,Roi Et,department of highways,4-wheel pickup truck,speeding,rollover/fallen on straight road,1,0,2,rainy,16.04481072,103.6835655,straight road,no slope,2022-05-02T06:30:00Z
6284193,2.05.2022 14:10,31.05.2022 16:08,Krabi,department of highways,4-wheel pickup truck,speeding,head-on collision (not overtaking),2,0,0,clear,8.080737719,98.87157528,wide curve,no slope,2022-05-02T07:10:00Z
6170919,2.05.2022 14:25,9.05.2022 11:16,Bangkok,department of highways,private/passenger car,speeding,rear-end collision,2,0,0,clear,13.73272283,100.7887995,straight road,no slope,2022-05-02T07:25:00Z
6170775,2.05.2022 15:00,9.05.2022 10:48,Kamphaeng Phet,department of highways,4-wheel pickup truck,vehicle equipment failure,rollover/fallen on straight road,1,0,0,clear,15.98926073,99.81512545,straight road,no slope,2022-05-02T08:00:00Z
6149689,2.05.2022 15:30,5.05.2022 15:17,Phetchaburi,department of highways,4-wheel pickup truck,speeding,rollover/fallen on straight road,1,0,1,rainy,13.20015975,99.8297274,straight road,no slope,2022-05-02T08:30:00Z
6936709,2.05.2022 15:30,19.09.2022 09:39,Ranong,department of highways,4-wheel pickup truck,speeding,rollover/fallen on curved road,1,0,0,clear,10.50798205,98.90907793,wide curve,no slope,2022-05-02T08:30:00Z
6208008,2.05.2022 15:50,15.05.2022 06:38,Surat Thani,department of highways,4-wheel pickup truck,speeding,rollover/fallen on curved road,1,0,0,rainy,8.564585275,99.25624161,wide curve,no slope,2022-05-02T08:50:00Z
6242267,2.05.2022 15:50,24.05.2022 12:42,Chanthaburi,department of highways,4-wheel pickup truck,speeding,rollover/fallen on curved road,1,0,0,rainy,12.91437854,102.3869321,wide curve,no slope,2022-05-02T08:50:00Z
6285401,2.05.2022 16:10,31.05.2022 20:51,Udon Thani,department of highways,private/passenger car,speeding,rollover/fallen on straight road,1,0,0,clear,17.28247421,102.8705209,straight road,no slope,2022-05-02T09:10:00Z
6238935,2.05.2022 17:00,20.05.2022 10:46,Songkhla,department of highways,4-wheel pickup truck,speeding,rollover/fallen on straight road,1,0,0,rainy,6.981415007,100.6767878,straight road,no slope,2022-05-02T10:00:00Z
6218671,2.05.2022 17:10,17.05.2022 08:50,Tak,department of highways,4-wheel pickup truck,speeding,rear-end collision,2,0,2,clear,17.00221238,99.11092757,straight road,no slope,2022-05-02T10:10:00Z
6191745,2.05.2022 18:24,12.05.2022 14:19,Chachoengsao,department of highways,private/passenger car,speeding,rear-end collision,5,0,1,clear,13.53263968,101.0144725,straight road,no slope,2022-05-02T11:24:00Z
6219993,2.05.2022 18:50,17.05.2022 13:33,Phetchabun,department of highways,motorcycle,speeding,rear-end collision,2,0,2,clear,16.72950152,101.7332777,straight road,no slope,2022-05-02T11:50:00Z
6149093,2.05.2022 19:00,5.05.2022 10:57,Samut Prakan,department of highways,private/passenger car,speeding,rollover/fallen on straight road,1,0,0,clear,13.64889825,100.5229202,straight road,no slope,2022-05-02T12:00:00Z
7331487,2.05.2022 20:00,13.05.2022 17:58,Phayao,department of highways,large truck with trailer,cutting in closely by people/vehicles/animals,rear-end collision,3,0,2,clear,19.27508609,99.85626517,straight road,no slope,2022-05-02T13:00:00Z
6242258,2.05.2022 20:35,24.05.2022 12:25,Chanthaburi,department of highways,7-10-wheel truck,cutting in closely by people/vehicles/animals,rear-end collision,3,0,1,clear,12.64201331,102.1734524,straight road,no slope,2022-05-02T13:35:00Z
6252198,2.05.2022 21:20,26.05.2022 09:04,Prachuap Khiri Khan,department of highways,4-wheel pickup truck,speeding,rollover/fallen on straight road,1,0,0,rainy,12.40849644,99.92374419,other,other,2022-05-02T14:20:00Z
6277767,2.05.2022 21:30,30.05.2022 16:04,Surin,department of highways,motorcycle,speeding,rear-end collision,2,0,0,clear,14.95328995,103.5280377,straight road,no slope,2022-05-02T14:30:00Z
6241530,2.05.2022 21:40,23.05.2022 13:05,Phra Nakhon Si Ayutthaya,department of highways,4-wheel pickup truck,speeding,rear-end collision,2,0,2,clear,14.22905032,100.7377195,straight road,no slope,2022-05-02T14:40:00Z
6239216,2.05.2022 21:50,20.05.2022 11:54,Ang Thong,department of highways,private/passenger car,speeding,rollover/fallen on curved road,1,0,0,clear,14.49150709,100.4640591,wide curve,no slope,2022-05-02T14:50:00Z
7558424,2.05.2022 21:50,12.01.2023 16:00,Sakon Nakhon,department of highways,4-wheel pickup truck,speeding,rollover/fallen on straight road,1,0,0,clear,17.37563921,103.802374,straight road,no slope,2022-05-02T14:50:00Z
6203750,2.05.2022 23:00,14.05.2022 12:31,Pathum Thani,department of highways,4-wheel pickup truck,speeding,rollover/fallen on curved road,1,0,0,clear,14.00757211,100.7028374,other,other,2022-05-02T16:00:00Z
6243160,2.05.2022 23:50,25.05.2022 12:37,Chiang Mai,department of highways,private/passenger car,speeding,rollover/fallen on straight road,1,0,0,clear,18.67264846,98.91481249,straight road,no slope,2022-05-02T16:50:00Z
6148379,3.05.2022 00:30,3.05.2022 13:45,Bangkok,department of highways,private/passenger car,speeding,rear-end collision,2,0,0,clear,13.89254633,100.6905931,straight road,no slope,2022-05-02T17:30:00Z
6288927,3.05.2022 00:30,1.06.2022 11:04,Nong Bua Lam Phu,department of highways,private/passenger car,speeding,rollover/fallen on straight road,1,0,1,clear,16.91929138,102.2445175,straight road,slope area,2022-05-02T17:30:00Z
7007802,3.05.2022 01:30,30.09.2022 10:53,Songkhla,department of highways,4-wheel pickup truck,speeding,rollover/fallen on straight road,1,0,0,clear,7.042878651,100.6559497,other,other,2022-05-02T18:30:00Z