acc_code,incident_datetime,report_datetime,province_en,agency,vehicle_type,presumed_cause,accident_type,number_of_vehicles_involved,number_of_fatalities,number_of_injuries,weather_condition,latitude,longitude,road_description,slope_description,incident_time
6374442,3.05.2022 02:26,15.06.2022 09:43,Samut Sakhon,department of highways,motorcycle,speeding,rollover/fallen on curved road,1,1,0,clear,13.65609459,100.2743062,wide curve,no slope,2022-05-02T19:26:00Z
6258638,3.05.2022 07:30,27.05.2022 09:33,Saraburi,department of highways,7-10-wheel truck,speeding,rollover/fallen on straight road,1,0,0,clear,14.70653505,100.8986091,other,other,2022-05-03T00:30:00Z
6148458,3.05.2022 07:42,3.05.2022 15:59,Bangkok,expressway authority of thailand,other,other,rear-end collision,3,0,1,clear,13.78035677,100.5337848,straight road,other,2022-05-03T00:42:00Z
6318231,3.05.2022 08:02,6.06.2022 10:59,Bangkok,expressway authority of thailand,other,other,rear-end collision,2,0,0,clear,13.801227,100.61554,straight road,other,2022-05-03T01:02:00Z
6242081,3.05.2022 08:25,24.05.2022 09:15,Samut Sakhon,department of highways,4-wheel pickup truck,speeding,rear-end collision,2,0,1,clear,13.53757869,100.2233308,straight road,no slope,2022-05-03T01:25:00Z
6240126,3.05.2022 08:40,20.05.2022 15:08,Nakhon Ratchasima,department of highways,4-wheel pickup truck,speeding,rear-end collision,2,0,2,clear,14.64393512,101.2904557,straight road,no slope,2022-05-03T01:40:00Z
6185440,3.05.2022 09:00,11.05.2022 15:16,Kanchanaburi,department of highways,6-wheel truck,speeding,rear-end collision,2,0,0,clear,14.02879932,99.55278663,other,other,2022-05-03T02:00:00Z
6592902,3.05.2022 09:00,25.07.2022 08:42,Yasothon,department of highways,6-wheel truck,speeding,rollover/fallen on straight road,1,0,0,rainy,16.1616556,104.5797425,straight road,no slope,2022-05-03T02:00:00Z
6202474,3.05.2022 09:30,14.05.2022 06:48,Phatthalung,department of highways,4-wheel pickup truck,speeding,rollover/fallen on straight road,1,0,1,clear,7.625104443,100.1021165,straight road,no slope,2022-05-03T02:30:00Z
6252147,3.05.2022 09:30,26.05.2022 08:54,Chumphon,department of highways,large truck with trailer,speeding,rollover/fallen on curved road,1,0,0,rainy,10.60955392,99.16947751,other,other,2022-05-03T02:30:00Z
7419009,3.05.2022 09:30,30.11.2022 11:34,Roi Et,department of highways,7-10-wheel truck,speeding,rollover/fallen on curved road,1,1,0,clear,15.63779879,103.7268483,wide curve,slope area,2022-05-03T02:30:00Z
7521373,3.05.2022 10:00,30.12.2022 09:52,Chiang Mai,department of highways,private/passenger car,speeding,rear-end collision,2,0,0,clear,18.84833004,99.01378869,straight road,no slope,2022-05-03T03:00:00Z
6220088,3.05.2022 10:15,17.05.2022 13:50,Kalasin,department of highways,private/passenger car,speeding,rollover/fallen on straight road,1,0,1,clear,16.63896996,103.2523897,straight road,no slope,2022-05-03T03:15:00Z
6241609,3.05.2022 10:30,23.05.2022 15:00,Chiang Mai,department of highways,private/passenger car,speeding,rollover/fallen on curved road,1,0,0,clear,19.20030839,98.68085949,wide curve,no slope,2022-05-03T03:30:00Z
7331490,3.05.2022 10:30,31.05.2022 20:54,Chaiyaphum,department of highways,7-10-wheel truck,cutting in closely by people/vehicles/animals,pedestrian collision,1,1,0,clear,16.00549137,101.7276558,connecting to private area,other,2022-05-03T03:30:00Z
6243163,3.05.2022 11:00,25.05.2022 12:47,Ratchaburi,department of highways,van,speeding,rollover/fallen on straight road,1,0,0,clear,13.52545263,99.59295271,straight road,no slope,2022-05-03T04:00:00Z
6205173,3.05.2022 12:29,14.05.2022 18:09,Bangkok,department of highways,private/passenger car,speeding,rear-end collision,3,0,0,clear,13.72961961,100.7481211,straight road,no slope,2022-05-03T05:29:00Z
7331492,3.05.2022 14:10,30.05.2022 15:02,Phayao,department of highways,private/passenger car,falling asleep,rollover/fallen on straight road,1,0,1,clear,19.18989232,100.2740273,straight road,no slope,2022-05-03T07:10:00Z
6203903,3.05.2022 14:12,14.05.2022 13:09,Chon Buri,department of highways,private/passenger car,debris/obstruction on the road,collision with obstruction (on road surface),1,0,0,clear,13.11514325,100.9855986,straight road,no slope,2022-05-03T07:12:00Z
6283511,3.05.2022 14:40,31.05.2022 14:04,Chiang Mai,department of highways,4-wheel pickup truck,speeding,rollover/fallen on curved road,1,0,0,clear,18.84632725,98.76697181,sharp curve,slope area,2022-05-03T07:40:00Z
6242318,3.05.2022 15:40,24.05.2022 14:00,Nakhon Ratchasima,department of highways,private/passenger car,speeding,rollover/fallen on curved road,1,0,0,rainy,14.43730371,101.8860724,wide curve,slope area,2022-05-03T08:40:00Z
6170870,3.05.2022 16:00,9.05.2022 11:06,Kalasin,department of highways,4-wheel pickup truck,speeding,rollover/fallen on straight road,1,0,0,rainy,16.26427021,103.6308253,straight road,no slope,2022-05-03T09:00:00Z
6277501,3.05.2022 17:00,30.05.2022 15:17,Tak,department of highways,motorcycle,cutting in closely by people/vehicles/animals,rear-end collision,2,0,0,clear,16.90115323,99.24878775,straight road,no slope,2022-05-03T10:00:00Z
6178607,3.05.2022 18:00,10.05.2022 14:54,Chaiyaphum,department of highways,private/passenger car,speeding,rear-end collision,3,0,5,clear,15.85568383,101.9927332,other,other,2022-05-03T11:00:00Z
7521325,3.05.2022 18:20,30.12.2022 09:42,Chiang Mai,department of highways,motorcycle,speeding,rollover/fallen on straight road,1,0,1,clear,18.84522303,99.01667474,straight road,no slope,2022-05-03T11:20:00Z
6289064,3.05.2022 19:05,1.06.2022 11:24,Maha Sarakham,department of highways,4-wheel pickup truck,speeding,rollover/fallen on straight road,1,0,0,rainy,16.02671942,103.1599688,straight road,no slope,2022-05-03T12:05:00Z
7561673,3.05.2022 19:15,17.01.2023 12:03,Bangkok,department of highways,private/passenger car,reversing vehicle,collision with obstruction (on road surface),2,0,1,clear,13.67915083,100.4681656,straight road,no slope,2022-05-03T12:15:00Z
6198764,3.05.2022 21:30,13.05.2022 17:52,Nan,department of highways,4-wheel pickup truck,cutting in closely by people/vehicles/animals,other,2,0,0,clear,18.75319253,100.7582813,connecting to public/commercial area,other,2022-05-03T14:30:00Z
7562987,3.05.2022 23:00,18.01.2023 13:38,Pattani,department of highways,4-wheel pickup truck,speeding,rollover/fallen on straight road,1,0,1,clear,6.693887634,101.5455446,straight road,no slope,2022-05-03T16:00:00Z
6220335,4.05.2022 02:00,17.05.2022 14:39,Sakon Nakhon,department of highways,private/passenger car,speeding,rollover/fallen on straight road,1,0,1,clear,17.57555081,103.4199205,wide curve,no slope,2022-05-03T19:00:00Z
6242141,4.05.2022 02:45,24.05.2022 10:12,Bangkok,department of highways,private/passenger car,speeding,rollover/fallen on straight road,1,0,2,clear,13.83534534,100.6659248,other,other,2022-05-03T19:45:00Z
6277446,4.05.2022 02:50,30.05.2022 15:12,Phrae,department of highways,4-wheel pickup truck,speeding,rear-end collision,2,0,0,clear,18.16146511,100.1768321,straight road,no slope,2022-05-03T19:50:00Z
6701804,4.05.2022 03:00,11.08.2022 12:27,Pathum Thani,department of highways,4-wheel pickup truck,speeding,rollover/fallen on straight road,1,0,0,clear,13.97453944,100.5763364,straight road,no slope,2022-05-03T20:00:00Z
7331496,4.05.2022 03:52,23.05.2022 13:06,Phra Nakhon Si Ayutthaya,department of highways,7-10-wheel truck,speeding,rear-end collision,2,1,2,clear,14.185201,100.6283524,straight road,no slope,2022-05-03T20:52:00Z
7557929,4.05.2022 05:00,12.01.2023 11:39,Si Sa Ket,department of highways,4-wheel pickup truck,speeding,rollover/fallen on straight road,1,0,0,clear,15.10144999,104.6127096,straight road,no slope,2022-05-03T22:00:00Z
6258512,4.05.2022 06:00,27.05.2022 08:57,Phrae,department of highways,6-wheel truck,speeding,rollover/fallen on curved road,1,0,0,clear,18.04081169,99.69972609,wide curve,slope area,2022-05-03T23:00:00Z
6592907,4.05.2022 06:50,25.07.2022 08:43,Mukdahan,department of highways,private/passenger car,speeding,rollover/fallen on straight road,1,0,1,clear,16.41365592,104.5813197,straight road,no slope,2022-05-03T23:50:00Z
7007652,4.05.2022 07:50,30.09.2022 10:26,Chaiyaphum,department of highways,large truck with trailer,vehicle equipment failure,rollover/fallen on straight road,1,0,0,clear,15.49386383,101.8212408,other,other,2022-05-04T00:50:00Z
7521418,4.05.2022 08:40,30.12.2022 10:01,Chiang Mai,department of highways,motorcycle,speeding,rear-end collision,2,0,1,clear,19.25702536,99.18577193,other,other,2022-05-04T01:40:00Z
6260409,4.05.2022 10:00,27.05.2022 16:19,Udon Thani,department of highways,4-wheel pickup truck,speeding,head-on collision (not overtaking),2,0,1,clear,17.28270983,103.2230329,connecting to private area,other,2022-05-04T03:00:00Z
6495385,4.05.2022 10:50,5.07.2022 13:44,Chanthaburi,department of highways,4-wheel pickup truck,vehicle equipment failure,rollover/fallen on straight road,1,0,0,clear,12.45626223,102.2729382,straight road,no slope,2022-05-04T03:50:00Z
6202471,4.05.2022 11:40,14.05.2022 06:47,Phatthalung,department of highways,4-wheel pickup truck,vehicle equipment failure,rollover/fallen on curved road,1,0,1,clear,7.567065647,99.89903836,wide curve,slope area,2022-05-04T04:40:00Z
6185181,4.05.2022 11:45,11.05.2022 14:33,Surin,department of highways,motorcycle,speeding,rear-end collision,2,1,0,clear,14.68057457,103.7679264,straight road,no slope,2022-05-04T04:45:00Z
6218813,4.05.2022 12:00,17.05.2022 09:21,Sakon Nakhon,department of highways,large truck with trailer,speeding,rollover/fallen on curved road,1,0,0,clear,17.11811349,104.0217009,wide curve,no slope,2022-05-04T05:00:00Z
6178341,4.05.2022 12:51,10.05.2022 14:16,Bangkok,department of highways,4-wheel pickup truck,speeding,rear-end collision,3,0,0,clear,13.73577649,100.6741619,straight road,no slope,2022-05-04T05:51:00Z
6318235,4.05.2022 13:43,6.06.2022 10:59,Bangkok,expressway authority of thailand,other,other,collision with obstruction (on road surface),1,0,0,clear,13.757678,100.595626,straight road,other,2022-05-04T06:43:00Z
6161872,4.05.2022 14:40,7.05.2022 15:38,Chon Buri,department of highways,private/passenger car,speeding,rear-end collision,3,0,1,clear,13.05005837,100.9960753,straight road,no slope,2022-05-04T07:40:00Z
7553841,4.05.2022 14:40,7.01.2023 16:12,Surat Thani,department of highways,4-wheel pickup truck,speeding,rollover/fallen on straight road,1,0,0,clear,8.704950709,99.33512807,other,other,2022-05-04T07:40:00Z
6502303,4.05.2022 16:00,6.07.2022 13:29,Samut Songkhram,department of highways,private/passenger car,speeding,rear-end collision,5,0,0,clear,13.345474,99.88087176,straight road,no slope,2022-05-04T09:00:00Z
7521386,4.05.2022 17:00,30.12.2022 09:55,Chiang Mai,department of highways,motorcycle,speeding,rollover/fallen on straight road,1,0,1,clear,18.9284425,98.99075924,straight road,no slope,2022-05-04T10:00:00Z
7521421,4.05.2022 18:00,30.12.2022 10:02,Chiang Mai,department of highways,private/passenger car,speeding,rollover/fallen on straight road,1,0,0,clear,18.54524957,98.53495537,straight road,no slope,2022-05-04T11:00:00Z
6252530,4.05.2022 18:05,26.05.2022 10:14,Surat Thani,department of highways,4-wheel pickup truck,speeding,rollover/fallen on straight road,1,0,0,rainy,9.66891927,99.1147819,other,other,2022-05-04T11:05:00Z
6692195,4.05.2022 18:05,10.08.2022 08:40,Trang,department of highways,4-wheel pickup truck,speeding,rollover/fallen on straight road,3,0,5,rainy,7.396262082,99.65444772,straight road,no slope,2022-05-04T11:05:00Z
6241215,4.05.2022 18:46,21.05.2022 10:29,Chon Buri,department of highways,private/passenger car,cutting in closely by people/vehicles/animals,rear-end collision,2,0,0,clear,13.30300657,100.9939107,straight road,no slope,2022-05-04T11:46:00Z
6185243,4.05.2022 19:00,11.05.2022 14:41,buogkan,department of highways,4-wheel pickup truck,speeding,rollover/fallen on curved road,1,0,0,clear,18.34471136,103.6395934,wide curve,no slope,2022-05-04T12:00:00Z
6566612,4.05.2022 19:12,12.05.2022 08:44,Samut Prakan,department of rural roads,passenger pickup truck,unfamiliarity with the route/unskilled driving,other,2,0,2,clear,13.662518,100.539012,straight road,no slope,2022-05-04T12:12:00Z
6243182,4.05.2022 19:30,25.05.2022 13:31,Lampang,department of highways,4-wheel pickup truck,speeding,rollover/fallen on straight road,1,0,1,clear,18.7762728,99.96980845,other,other,2022-05-04T12:30:00Z
6220208,4.05.2022 19:45,17.05.2022 14:22,Sakon Nakhon,department of highways,pedestrian,speeding,pedestrian collision,1,1,0,clear,17.68711158,103.9471543,straight road,no slope,2022-05-04T12:45:00Z
6501257,4.05.2022 20:00,6.07.2022 09:25,Phetchabun,department of highways,6-wheel truck,speeding,rollover/fallen on curved road,1,0,1,clear,16.93859268,101.571621,wide curve,slope area,2022-05-04T13:00:00Z
6809287,4.05.2022 20:05,30.08.2022 13:31,Phra Nakhon Si Ayutthaya,department of highways,large truck with trailer,speeding,rollover/fallen on straight road,1,0,0,clear,14.33623258,100.6131738,straight road,no slope,2022-05-04T13:05:00Z
6566609,4.05.2022 20:30,10.05.2022 10:12,Mae Hong Son,department of rural roads,passenger pickup truck,driving under the influence of alcohol,other,1,0,1,clear,19.4977,97.952951,wide curve,slope area,2022-05-04T13:30:00Z
6566598,4.05.2022 21:20,10.05.2022 10:09,Nonthaburi,department of rural roads,motorcycle,cutting in closely by people/vehicles/animals,other,2,1,0,clear,13.834453,100.447129,y-intersection,other,2022-05-04T14:20:00Z
6533152,4.05.2022 21:40,11.07.2022 14:35,Phetchabun,department of highways,private/passenger car,speeding,rollover/fallen on straight road,1,0,0,clear,16.77130225,101.1906481,straight road,no slope,2022-05-04T14:40:00Z
7008033,4.05.2022 22:30,30.09.2022 11:44,Chon Buri,department of highways,private/passenger car,speeding,rollover/fallen on straight road,1,0,0,clear,13.4812877,101.1680987,other,other,2022-05-04T15:30:00Z
6566648,4.05.2022 23:30,13.05.2022 22:07,Chiang Mai,department of rural roads,4-wheel pickup truck,speeding,other,1,0,1,clear,18.842954,98.982548,straight road,no slope,2022-05-04T16:30:00Z
7569113,4.05.2022 23:30,25.01.2023 09:16,Bangkok,department of highways,6-wheel truck,speeding,rear-end collision,2,0,0,clear,13.69367148,100.4074701,straight road,no slope,2022-05-04T16:30:00Z
7558335,5.05.2022 00:30,12.01.2023 14:43,Nakhon Ratchasima,department of highways,private/passenger car,speeding,rollover/fallen on straight road,1,0,0,clear,14.94894109,102.0180663,straight road,no slope,2022-05-04T17:30:00Z
7008050,5.05.2022 02:00,30.09.2022 11:45,Chon Buri,department of highways,private/passenger car,speeding,rollover/fallen on straight road,1,0,0,clear,13.42505389,101.111016,straight road,no slope,2022-05-04T19:00:00Z
7444699,5.05.2022 02:00,8.12.2022 14:13,Samut Prakan,department of highways,large truck with trailer,speeding,rear-end collision,2,0,1,clear,13.59536455,100.8036791,straight road,no slope,2022-05-04T19:00:00Z
6203958,5.05.2022 02:40,14.05.2022 13:19,Chon Buri,department of highways,large truck with trailer,falling asleep,rollover/fallen on straight road,1,0,0,clear,13.06994462,100.9947771,straight road,no slope,2022-05-04T19:40:00Z
6242137,5.05.2022 02:50,24.05.2022 10:11,Bangkok,department of highways,private/passenger car,speeding,rollover/fallen on straight road,1,1,0,clear,13.78686218,100.7462221,straight road,no slope,2022-05-04T19:50:00Z
7140274,5.05.2022 03:00,20.10.2022 13:51,Phetchabun,department of highways,4-wheel pickup truck,falling asleep,rear-end collision,2,1,0,clear,15.45065547,101.0662338,other,other,2022-05-04T20:00:00Z
6567140,5.05.2022 03:51,6.07.2022 11:02,Mae Hong Son,department of rural roads,motorcycle,driving under the influence of alcohol,other,1,0,1,clear,19.389096,97.948292,t-intersection,other,2022-05-04T20:51:00Z
6283428,5.05.2022 04:00,31.05.2022 13:52,Sa Kaeo,department of highways,4-wheel pickup truck,falling asleep,rollover/fallen on straight road,1,0,0,clear,13.56203233,102.1499804,straight road,no slope,2022-05-04T21:00:00Z
6259927,5.05.2022 07:35,27.05.2022 14:32,Saraburi,department of highways,private/passenger car,falling asleep,rollover/fallen on straight road,1,1,0,clear,14.40163188,100.889782,straight road,no slope,2022-05-05T00:35:00Z
6218875,5.05.2022 08:40,17.05.2022 09:34,Tak,department of highways,4-wheel pickup truck,falling asleep,rollover/fallen on straight road,1,0,1,clear,17.03725441,99.08655165,straight road,no slope,2022-05-05T01:40:00Z
6212951,5.05.2022 09:00,16.05.2022 06:30,Chai Nat,department of highways,other,speeding,rollover/fallen on straight road,1,0,0,clear,15.04999913,99.79002266,straight road,no slope,2022-05-05T02:00:00Z
6240308,5.05.2022 09:30,20.05.2022 15:43,Kanchanaburi,department of highways,4-wheel pickup truck,speeding,rollover/fallen on straight road,1,0,0,clear,14.64797303,98.58230709,other,other,2022-05-05T02:30:00Z
7418902,5.05.2022 11:00,30.11.2022 11:08,Chiang Mai,department of highways,motorcycle,speeding,rollover/fallen on straight road,1,0,1,clear,18.84714461,99.01370554,other,other,2022-05-05T04:00:00Z
6242091,5.05.2022 11:10,24.05.2022 09:27,Samut Prakan,department of highways,private/passenger car,speeding,rollover/fallen on straight road,1,0,0,clear,13.64171994,100.6969902,straight road,no slope,2022-05-05T04:10:00Z
6658348,5.05.2022 11:10,21.07.2022 16:33,Loei,department of rural roads,6-wheel truck,unfamiliarity with the route/unskilled driving,other,1,0,2,clear,17.401884,101.552512,wide curve,slope area,2022-05-05T04:10:00Z
6241599,5.05.2022 11:30,23.05.2022 14:53,Chiang Mai,department of highways,4-wheel pickup truck,speeding,rollover/fallen on curved road,1,0,0,clear,18.52903254,98.62736552,wide curve,no slope,2022-05-05T04:30:00Z
6202350,5.05.2022 11:55,14.05.2022 05:57,Saraburi,department of highways,6-wheel truck,speeding,rollover/fallen on straight road,1,0,0,clear,14.33036987,100.8471966,straight road,no slope,2022-05-05T04:55:00Z
6501161,5.05.2022 12:30,6.07.2022 09:14,Phetchabun,department of highways,large truck with trailer,overloaded vehicle,rollover/fallen on curved road,1,0,0,clear,16.76130687,101.5353119,wide curve,slope area,2022-05-05T05:30:00Z
6252197,5.05.2022 12:39,26.05.2022 09:01,Prachuap Khiri Khan,department of highways,private/passenger car,speeding,rollover/fallen on curved road,1,0,0,rainy,11.24970457,99.43963228,wide curve,no slope,2022-05-05T05:39:00Z
6207928,5.05.2022 13:10,15.05.2022 06:16,Surat Thani,department of highways,4-wheel pickup truck,speeding,rollover/fallen on straight road,1,0,1,rainy,8.617964338,99.40792589,straight road,no slope,2022-05-05T06:10:00Z
6494351,5.05.2022 13:30,5.07.2022 09:23,Nakhon Nayok,department of highways,7-10-wheel truck,vehicle equipment failure,rear-end collision,2,1,0,clear,14.20120085,101.0605261,straight road,no slope,2022-05-05T06:30:00Z
7561765,5.05.2022 13:30,17.01.2023 14:24,Nakhon Nayok,department of highways,4-wheel pickup truck,speeding,rear-end collision,2,0,1,rainy,14.16205344,101.0075015,straight road,no slope,2022-05-05T06:30:00Z
6242077,5.05.2022 13:50,24.05.2022 09:12,Samut Sakhon,department of highways,private/passenger car,speeding,rear-end collision,2,0,1,clear,13.58070073,100.3087297,other,other,2022-05-05T06:50:00Z
6252963,5.05.2022 14:00,26.05.2022 11:39,Surat Thani,department of highways,private/passenger car,speeding,rear-end collision,3,0,3,rainy,8.566508186,99.26898478,straight road,no slope,2022-05-05T07:00:00Z
7331498,5.05.2022 14:00,30.09.2022 13:19,Phetchaburi,department of highways,large truck with trailer,speeding,rollover/fallen on curved road,1,0,0,clear,13.33667628,99.83010291,other,other,2022-05-05T07:00:00Z
7331502,5.05.2022 14:20,24.05.2022 12:21,Chanthaburi,department of highways,4-wheel pickup truck,speeding,rear-end collision,2,0,1,clear,12.73323459,102.2273165,other,other,2022-05-05T07:20:00Z
6458170,5.05.2022 14:40,29.06.2022 07:20,Phetchabun,department of highways,4-wheel pickup truck,speeding,rollover/fallen on straight road,1,0,0,clear,15.84100219,101.0952043,straight road,no slope,2022-05-05T07:40:00Z
6283386,5.05.2022 15:20,31.05.2022 13:43,Chiang Mai,department of highways,4-wheel pickup truck,speeding,rollover/fallen on curved road,1,0,1,clear,19.05317624,99.35428439,wide curve,no slope,2022-05-05T08:20:00Z
6317874,5.05.2022 15:21,6.06.2022 10:23,Bangkok,expressway authority of thailand,other,other,rear-end collision,3,0,0,clear,13.68857581,100.5223175,grade-separated intersection/ramps,other,2022-05-05T08:21:00Z
6212910,5.05.2022 15:40,16.05.2022 06:19,Chai Nat,department of highways,4-wheel pickup truck,cutting in closely by people/vehicles/animals,rear-end collision,5,0,1,clear,15.33606261,100.1706683,straight road,no slope,2022-05-05T08:40:00Z
6502234,5.05.2022 15:40,6.07.2022 13:13,Nakhon Si Thammarat,department of highways,4-wheel pickup truck,speeding,rollover/fallen on straight road,1,0,1,rainy,8.016414525,99.64286058,other,other,2022-05-05T08:40:00Z
6724447,5.05.2022 15:52,15.08.2022 14:28,Suphan Buri,department of highways,private/passenger car,cutting in closely by people/vehicles/animals,pedestrian collision,2,1,0,clear,14.40331013,100.1615301,other,other,2022-05-05T08:52:00Z
6185207,5.05.2022 16:10,11.05.2022 14:39,Krabi,department of highways,7-10-wheel truck,speeding,rollover/fallen on straight road,1,0,0,rainy,8.06354249,99.0053585,straight road,no slope,2022-05-05T09:10:00Z
6202307,5.05.2022 16:30,14.05.2022 05:43,Nakhon Sawan,department of highways,4-wheel pickup truck,debris/obstruction on the road,collision with obstruction (on road surface),2,0,0,clear,15.54949017,100.1278147,straight road,no slope,2022-05-05T09:30:00Z
7562295,5.05.2022 16:40,18.01.2023 06:53,Nakhon Si Thammarat,department of highways,4-wheel pickup truck,speeding,rollover/fallen on curved road,1,0,1,rainy,8.225695421,99.45598571,other,other,2022-05-05T09:40:00Z
6288067,5.05.2022 17:30,1.06.2022 07:14,Saraburi,department of highways,large truck with trailer,speeding,rollover/fallen on straight road,1,0,0,clear,14.58823506,100.8633327,other,other,2022-05-05T10:30:00Z
6903117,5.05.2022 17:30,14.09.2022 10:56,Chaiyaphum,department of highways,4-wheel pickup truck,speeding,rollover/fallen on straight road,1,0,0,clear,15.82906257,102.0991015,straight road,no slope,2022-05-05T10:30:00Z
6202448,5.05.2022 18:20,14.05.2022 06:42,Nakhon Si Thammarat,department of highways,large truck with trailer,speeding,head-on collision (not overtaking),2,1,2,rainy,8.156324281,99.7280985,straight road,no slope,2022-05-05T11:20:00Z
6170657,5.05.2022 18:22,9.05.2022 10:29,Samut Prakan,department of highways,private/passenger car,speeding,rear-end collision,2,0,0,clear,13.66349399,100.8539986,straight road,no slope,2022-05-05T11:22:00Z
6260297,5.05.2022 18:35,27.05.2022 15:47,Phrae,department of highways,large truck with trailer,speeding,rollover/fallen on curved road,1,0,0,clear,18.54550386,100.1165333,wide curve,slope area,2022-05-05T11:35:00Z
6289554,5.05.2022 19:30,1.06.2022 13:25,Phetchabun,department of highways,4-wheel pickup truck,cutting in closely by people/vehicles/animals,rear-end collision,2,0,1,clear,17.03077124,101.2777233,straight road,no slope,2022-05-05T12:30:00Z
6252196,5.05.2022 20:25,26.05.2022 09:00,Prachuap Khiri Khan,department of highways,private/passenger car,speeding,rear-end collision,2,0,2,clear,11.89402364,99.79161321,other,other,2022-05-05T13:25:00Z
6943249,5.05.2022 21:00,20.09.2022 09:16,Chanthaburi,department of highways,large truck with trailer,cutting in closely by people/vehicles/animals,collision at intersection corner,3,0,0,clear,13.08855175,102.2561234,other,other,2022-05-05T14:00:00Z
6566622,5.05.2022 21:30,12.05.2022 08:48,Bangkok,department of rural roads,private/passenger car,failure to yield right of way,other,2,0,0,clear,13.664435,100.517367,y-intersection,other,2022-05-05T14:30:00Z
6241464,5.05.2022 23:50,23.05.2022 10:46,Suphan Buri,department of highways,motorcycle,speeding,rollover/fallen on straight road,1,0,1,clear,14.8244624,100.1148543,straight road,no slope,2022-05-05T16:50:00Z
6423300,6.05.2022 00:16,23.06.2022 11:14,Bangkok,expressway authority of thailand,other,other,rear-end collision,2,0,0,clear,13.80676244,100.5473192,straight road,other,2022-05-05T17:16:00Z
6213054,6.05.2022 00:55,16.05.2022 06:56,Phitsanulok,department of highways,private/passenger car,cutting in closely by people/vehicles/animals,pedestrian collision,1,1,0,clear,16.84519576,100.8804801,straight road,no slope,2022-05-05T17:55:00Z
6242269,6.05.2022 01:00,24.05.2022 12:46,Chanthaburi,department of highways,motorcycle,cutting in closely by people/vehicles/animals,rear-end collision,2,0,1,clear,12.6240431,102.1516943,other,other,2022-05-05T18:00:00Z
7564274,6.05.2022 01:00,19.01.2023 12:01,Samut Sakhon,department of highways,private/passenger car,cutting in closely by people/vehicles/animals,rear-end collision,2,0,0,clear,13.51038417,100.1397371,straight road,no slope,2022-05-05T18:00:00Z
6487932,6.05.2022 04:00,4.07.2022 08:42,Saraburi,department of highways,4-wheel pickup truck,vehicle equipment failure,rollover/fallen on straight road,1,0,0,clear,14.42961755,100.8950874,other,other,2022-05-05T21:00:00Z
6241405,6.05.2022 04:30,23.05.2022 09:01,Phra Nakhon Si Ayutthaya,department of highways,4-wheel pickup truck,speeding,rollover/fallen on straight road,1,0,0,clear,14.50003246,100.5523333,straight road,no slope,2022-05-05T21:30:00Z
6362147,6.05.2022 04:30,13.06.2022 09:38,Tak,department of highways,large truck with trailer,speeding,rollover/fallen on curved road,1,0,1,clear,16.81074446,98.98183821,wide curve,no slope,2022-05-05T21:30:00Z
7290190,6.05.2022 04:30,11.11.2022 09:19,Udon Thani,department of highways,private/passenger car,speeding,rollover/fallen on straight road,1,0,4,clear,17.34781705,102.6756316,straight road,no slope,2022-05-05T21:30:00Z
7558338,6.05.2022 05:10,12.01.2023 14:41,Nakhon Ratchasima,department of highways,4-wheel pickup truck,speeding,rollover/fallen on straight road,1,0,0,rainy,14.66795775,101.4392996,straight road,no slope,2022-05-05T22:10:00Z
6686491,6.05.2022 07:30,9.08.2022 10:39,Nakhon Sawan,department of highways,other,speeding,rollover/fallen on straight road,1,0,0,clear,15.26443243,100.3435287,other,other,2022-05-06T00:30:00Z
6242268,6.05.2022 08:10,24.05.2022 12:44,Chanthaburi,department of highways,motorcycle,cutting in closely by people/vehicles/animals,rear-end collision,2,0,1,clear,12.60341741,102.1348473,other,other,2022-05-06T01:10:00Z
6501193,6.05.2022 08:50,6.07.2022 09:18,Chanthaburi,department of highways,motorcycle,cutting in closely by people/vehicles/animals,collision at intersection corner,2,1,0,clear,12.64838869,102.0216206,other,other,2022-05-06T01:50:00Z
6283406,6.05.2022 09:00,31.05.2022 13:47,Si Sa Ket,department of highways,large truck with trailer,speeding,collision at intersection corner,2,1,0,clear,14.68554067,104.3594661,other,other,2022-05-06T02:00:00Z
7557897,6.05.2022 09:30,12.01.2023 11:34,Nakhon Ratchasima,department of highways,other,speeding,rollover/fallen on straight road,1,0,0,clear,14.97879409,102.0522112,straight road,no slope,2022-05-06T02:30:00Z
6609959,6.05.2022 10:00,27.07.2022 16:42,Yasothon,department of highways,other,speeding,rollover/fallen on straight road,1,0,0,clear,15.82262671,104.1227102,straight road,no slope,2022-05-06T03:00:00Z
6687550,6.05.2022 10:00,9.08.2022 14:14,Loburi,department of highways,private/passenger car,cutting in closely by people/vehicles/animals,rollover/fallen on curved road,1,0,0,clear,15.19814103,101.1471587,wide curve,no slope,2022-05-06T03:00:00Z
6318068,6.05.2022 10:25,6.06.2022 10:44,Samut Prakan,expressway authority of thailand,large truck with trailer,other,side collision,3,0,0,clear,13.626587,100.66871,straight road,other,2022-05-06T03:25:00Z
6650892,6.05.2022 10:45,3.08.2022 11:09,Surat Thani,department of highways,large truck with trailer,speeding,rollover/fallen on curved road,1,0,0,clear,9.115359852,99.16113584,wide curve,no slope,2022-05-06T03:45:00Z
6368308,6.05.2022 11:00,14.06.2022 10:36,Phangnga,department of highways,private/passenger car,vehicle equipment failure,rollover/fallen on straight road,1,0,5,clear,8.251027601,98.30844014,straight road,no slope,2022-05-06T04:00:00Z