acc_code,incident_datetime,report_datetime,province_en,agency,vehicle_type,presumed_cause,accident_type,number_of_vehicles_involved,number_of_fatalities,number_of_injuries,weather_condition,latitude,longitude,road_description,slope_description,incident_time
6176780,6.05.2022 12:50,10.05.2022 09:42,Nakhon Sawan,department of highways,4-wheel pickup truck,falling asleep,rollover/fallen on straight road,1,0,2,clear,15.87542624,100.1161015,straight road,no slope,2022-05-06T05:50:00Z
6183761,6.05.2022 13:30,11.05.2022 09:38,Bangkok,department of highways,4-wheel pickup truck,speeding,rollover/fallen on straight road,1,0,3,clear,13.80430415,100.6796229,straight road,no slope,2022-05-06T06:30:00Z
6170770,6.05.2022 13:47,9.05.2022 10:46,Samut Prakan,department of highways,private/passenger car,speeding,rear-end collision,5,0,0,clear,13.66644952,100.8494094,straight road,no slope,2022-05-06T06:47:00Z
6243277,6.05.2022 14:00,25.05.2022 15:22,Prachuap Khiri Khan,department of highways,4-wheel pickup truck,speeding,rollover/fallen on curved road,1,0,0,rainy,11.07051868,99.37334149,other,other,2022-05-06T07:00:00Z
6171150,6.05.2022 14:40,9.05.2022 12:07,Chon Buri,department of highways,private/passenger car,cutting in closely by people/vehicles/animals,rear-end collision,2,0,0,rainy,13.28134586,100.9909657,straight road,no slope,2022-05-06T07:40:00Z
6325414,6.05.2022 15:30,7.06.2022 14:25,Kanchanaburi,department of highways,4-wheel pickup truck,speeding,rollover/fallen on curved road,1,0,1,clear,13.99654787,99.53045456,other,other,2022-05-06T08:30:00Z
6501076,6.05.2022 15:30,6.07.2022 08:57,Chanthaburi,department of highways,private/passenger car,cutting in closely by people/vehicles/animals,rear-end collision,2,0,1,clear,13.20589679,102.1735248,connecting to public/commercial area,other,2022-05-06T08:30:00Z
7434284,6.05.2022 15:45,6.12.2022 10:13,Phetchaburi,department of highways,4-wheel pickup truck,speeding,rollover/fallen on straight road,1,0,0,rainy,12.83478991,99.9329388,other,other,2022-05-06T08:45:00Z
6155877,6.05.2022 15:59,6.05.2022 16:30,Chon Buri,department of highways,4-wheel pickup truck,speeding,rear-end collision,2,0,0,rainy,13.3825822,101.0447493,straight road,no slope,2022-05-06T08:59:00Z
6208010,6.05.2022 16:00,15.05.2022 06:39,Surat Thani,department of highways,private/passenger car,speeding,rollover/fallen on straight road,1,0,0,rainy,8.682032064,99.12739097,straight road,no slope,2022-05-06T09:00:00Z
6183919,6.05.2022 16:30,11.05.2022 10:01,buogkan,department of highways,4-wheel pickup truck,other,collision at intersection corner,2,0,1,clear,18.36100944,103.6466664,other,other,2022-05-06T09:30:00Z
6185048,6.05.2022 16:40,11.05.2022 14:05,Suphan Buri,department of highways,4-wheel pickup truck,falling asleep,rollover/fallen on straight road,1,0,1,clear,14.47963906,100.0807339,straight road,no slope,2022-05-06T09:40:00Z
6219535,6.05.2022 16:50,17.05.2022 11:45,Phrae,department of highways,4-wheel pickup truck,speeding,rollover/fallen on curved road,1,0,0,rainy,18.03752682,99.69958662,wide curve,slope area,2022-05-06T09:50:00Z
6243180,6.05.2022 17:00,25.05.2022 13:32,Phetchaburi,department of highways,4-wheel pickup truck,speeding,rollover/fallen on straight road,1,0,1,clear,12.71963237,99.92081253,straight road,no slope,2022-05-06T10:00:00Z
6242261,6.05.2022 17:35,24.05.2022 12:30,Chanthaburi,department of highways,motorcycle,speeding,rear-end collision,2,1,1,clear,12.67205418,102.0060289,other,other,2022-05-06T10:35:00Z
6566776,6.05.2022 17:45,14.06.2022 11:13,Phrae,department of rural roads,motorcycle,cutting in closely by people/vehicles/animals,other,2,0,2,clear,17.998527,100.09477,straight road,other,2022-05-06T10:45:00Z
7557881,6.05.2022 18:00,12.01.2023 11:23,Si Sa Ket,department of highways,4-wheel pickup truck,falling asleep,rollover/fallen on straight road,1,0,0,clear,15.09993249,104.4975436,straight road,no slope,2022-05-06T11:00:00Z
6282496,6.05.2022 18:30,31.05.2022 10:24,Phrae,department of highways,motorcycle,cutting in closely by people/vehicles/animals,head-on collision (not overtaking),2,1,0,rainy,18.07981738,99.82401697,other,other,2022-05-06T11:30:00Z
6428459,6.05.2022 18:30,24.06.2022 10:18,Phetchabun,department of highways,6-wheel truck,speeding,rollover/fallen on straight road,1,0,1,clear,16.38913207,101.2676892,other,other,2022-05-06T11:30:00Z
6160864,6.05.2022 18:46,7.05.2022 11:41,Chachoengsao,department of highways,4-wheel pickup truck,speeding,rear-end collision,2,0,0,clear,13.56189414,100.9898954,straight road,no slope,2022-05-06T11:46:00Z
6275655,6.05.2022 19:30,30.05.2022 08:49,Nan,department of highways,private/passenger car,speeding,rollover/fallen on straight road,1,0,1,clear,18.59751402,100.7446101,other,other,2022-05-06T12:30:00Z
6275650,6.05.2022 19:45,30.05.2022 08:45,Nan,department of highways,private/passenger car,speeding,rollover/fallen on curved road,1,0,1,rainy,18.56463576,100.7276183,wide curve,no slope,2022-05-06T12:45:00Z
6275637,6.05.2022 20:00,30.05.2022 08:44,Nan,department of highways,4-wheel pickup truck,speeding,rollover/fallen on curved road,1,0,0,rainy,18.56469679,100.7278222,wide curve,no slope,2022-05-06T13:00:00Z
6171521,6.05.2022 21:23,9.05.2022 13:38,Chon Buri,department of highways,private/passenger car,speeding,rear-end collision,2,0,0,clear,13.17683153,100.9941468,straight road,no slope,2022-05-06T14:23:00Z
6212933,6.05.2022 21:30,16.05.2022 06:28,Chai Nat,department of highways,private/passenger car,speeding,rollover/fallen on straight road,1,0,0,clear,15.03749583,100.1183116,straight road,no slope,2022-05-06T14:30:00Z
6288664,6.05.2022 21:50,1.06.2022 10:06,Samut Prakan,expressway authority of thailand,4-wheel pickup truck,other,rear-end collision,2,0,1,clear,13.597115,100.79815,straight road,other,2022-05-06T14:50:00Z
6220289,6.05.2022 22:00,17.05.2022 14:30,Sakon Nakhon,department of highways,4-wheel pickup truck,speeding,rollover/fallen on straight road,1,0,2,rainy,17.57841463,103.4216425,straight road,no slope,2022-05-06T15:00:00Z
6243186,6.05.2022 22:20,25.05.2022 13:34,Lampang,department of highways,4-wheel pickup truck,speeding,rollover/fallen on curved road,1,0,0,rainy,19.17162715,99.55684213,wide curve,no slope,2022-05-06T15:20:00Z
6282769,6.05.2022 22:30,31.05.2022 11:21,Phitsanulok,department of highways,4-wheel pickup truck,unfamiliarity with the route/unskilled driving,rollover/fallen on straight road,1,0,0,clear,16.85136701,100.2547261,straight road,no slope,2022-05-06T15:30:00Z
6701805,6.05.2022 23:00,11.08.2022 12:26,Pathum Thani,department of highways,4-wheel pickup truck,speeding,rear-end collision,2,0,1,clear,14.0312688,100.4953819,other,other,2022-05-06T16:00:00Z
7290256,6.05.2022 23:10,11.11.2022 09:25,Udon Thani,department of highways,4-wheel pickup truck,speeding,rollover/fallen on straight road,1,0,1,clear,17.47157885,102.7955478,straight road,no slope,2022-05-06T16:10:00Z
6285398,7.05.2022 01:20,31.05.2022 20:50,Udon Thani,department of highways,4-wheel pickup truck,speeding,rollover/fallen on straight road,1,0,0,clear,17.24504488,102.8971258,straight road,no slope,2022-05-06T18:20:00Z
7557933,7.05.2022 01:30,12.01.2023 11:40,Si Sa Ket,department of highways,4-wheel pickup truck,speeding,rollover/fallen on curved road,1,0,0,clear,15.10529807,104.3391484,wide curve,no slope,2022-05-06T18:30:00Z
7521036,7.05.2022 01:40,30.12.2022 08:36,Chiang Mai,department of highways,private/passenger car,speeding,collision with obstruction (on road surface),1,0,0,clear,18.81144585,98.99375795,other,other,2022-05-06T18:40:00Z
6283227,7.05.2022 01:45,31.05.2022 13:11,Uttaradit,department of highways,private/passenger car,speeding,rollover/fallen on straight road,1,0,1,rainy,17.63865683,100.0861841,straight road,no slope,2022-05-06T18:45:00Z
6243217,7.05.2022 01:46,25.05.2022 14:23,Lamphun,department of highways,motorcycle,speeding,rear-end collision,2,1,0,clear,18.57964685,99.04282092,straight road,no slope,2022-05-06T18:46:00Z
6241604,7.05.2022 02:00,23.05.2022 14:56,Chiang Mai,department of highways,4-wheel pickup truck,speeding,rollover/fallen on straight road,1,0,0,rainy,18.74779787,99.05270217,straight road,no slope,2022-05-06T19:00:00Z
6242364,7.05.2022 02:00,24.05.2022 14:23,Sa Kaeo,department of highways,7-10-wheel truck,speeding,rear-end collision,2,1,0,rainy,14.13766546,102.6695189,straight road,slope area,2022-05-06T19:00:00Z
7515026,7.05.2022 02:00,28.12.2022 14:10,Lamphun,department of highways,4-wheel pickup truck,speeding,rollover/fallen on straight road,1,0,0,clear,18.66121854,99.05211209,straight road,no slope,2022-05-06T19:00:00Z
7521478,7.05.2022 02:00,30.12.2022 10:17,Chiang Mai,department of highways,motorcycle,speeding,rollover/fallen on straight road,1,0,0,clear,18.87613316,99.04450803,straight road,no slope,2022-05-06T19:00:00Z
6241603,7.05.2022 02:20,23.05.2022 14:59,Chiang Mai,department of highways,passenger pickup truck,speeding,rear-end collision,2,0,0,rainy,18.86817647,98.96372526,other,other,2022-05-06T19:20:00Z
6692198,7.05.2022 02:20,10.08.2022 08:42,Trang,department of highways,4-wheel pickup truck,speeding,rollover/fallen on curved road,1,0,0,rainy,7.797565651,99.609282,wide curve,no slope,2022-05-06T19:20:00Z
6204378,7.05.2022 03:00,14.05.2022 14:58,Pathum Thani,department of highways,private/passenger car,falling asleep,rollover/fallen on straight road,1,0,1,clear,14.00332748,100.7065362,straight road,no slope,2022-05-06T20:00:00Z
6362392,7.05.2022 03:40,13.06.2022 10:20,Kalasin,department of highways,private/passenger car,speeding,rollover/fallen on straight road,1,0,0,clear,16.7023409,103.5173115,straight road,no slope,2022-05-06T20:40:00Z
6232646,7.05.2022 04:00,19.05.2022 10:53,Suphan Buri,department of highways,private/passenger car,speeding,collision with obstruction (on road surface),2,0,2,clear,14.48414742,100.1318219,straight road,no slope,2022-05-06T21:00:00Z
6218898,7.05.2022 04:20,17.05.2022 09:35,Kamphaeng Phet,department of highways,large truck with trailer,speeding,rear-end collision,2,0,7,clear,16.43337363,99.51366393,straight road,no slope,2022-05-06T21:20:00Z
6345861,7.05.2022 04:30,10.06.2022 14:33,Sakon Nakhon,department of highways,4-wheel pickup truck,speeding,rollover/fallen on straight road,1,0,2,rainy,17.2617434,104.1521233,straight road,no slope,2022-05-06T21:30:00Z
6566602,7.05.2022 04:45,10.05.2022 10:13,Phrae,department of rural roads,motorcycle,cutting in closely by people/vehicles/animals,other,1,0,1,dark,18.138916,100.182872,four-way intersection,other,2022-05-06T21:45:00Z
6170629,7.05.2022 06:19,9.05.2022 10:20,Pathum Thani,department of highways,large truck with trailer,speeding,rear-end collision,2,0,0,clear,14.06092655,100.6974703,straight road,no slope,2022-05-06T23:19:00Z
7521401,7.05.2022 06:30,30.12.2022 09:59,Chiang Mai,department of highways,4-wheel pickup truck,speeding,rollover/fallen on curved road,1,0,0,rainy,19.09309174,99.15700792,wide curve,no slope,2022-05-06T23:30:00Z
6203857,7.05.2022 06:40,14.05.2022 12:56,Chachoengsao,department of highways,6-wheel truck,falling asleep,rollover/fallen on straight road,3,0,2,clear,13.57094954,100.9822887,straight road,no slope,2022-05-06T23:40:00Z
6238938,7.05.2022 07:30,20.05.2022 10:47,Songkhla,department of highways,4-wheel pickup truck,speeding,rollover/fallen on straight road,1,0,0,rainy,6.985829117,100.6319681,straight road,no slope,2022-05-07T00:30:00Z
6243296,7.05.2022 07:45,25.05.2022 15:41,Lamphun,department of highways,4-wheel pickup truck,speeding,rear-end collision,2,1,0,clear,18.56226855,98.99086385,other,other,2022-05-07T00:45:00Z
6283286,7.05.2022 08:00,31.05.2022 13:24,Songkhla,department of highways,4-wheel pickup truck,cutting in closely by people/vehicles/animals,rollover/fallen on straight road,1,0,0,clear,6.868886493,100.9587201,straight road,no slope,2022-05-07T01:00:00Z
6380561,7.05.2022 08:30,16.06.2022 10:57,Surin,department of highways,4-wheel pickup truck,cutting in closely by people/vehicles/animals,head-on collision (not overtaking),2,0,0,clear,14.64284259,104.0365738,straight road,no slope,2022-05-07T01:30:00Z
6170682,7.05.2022 08:46,9.05.2022 10:34,Pathum Thani,department of highways,4-wheel pickup truck,speeding,rear-end collision,3,0,0,clear,14.04993869,100.6984573,straight road,no slope,2022-05-07T01:46:00Z
6243278,7.05.2022 09:00,25.05.2022 15:24,Prachuap Khiri Khan,department of highways,motorcycle,cutting in closely by people/vehicles/animals,rear-end collision,2,0,1,clear,11.06856814,99.37283991,straight road,no slope,2022-05-07T02:00:00Z
6190245,7.05.2022 09:10,12.05.2022 07:55,Phetchaburi,department of highways,4-wheel pickup truck,speeding,rear-end collision,2,0,3,rainy,13.11538096,99.92023586,straight road,no slope,2022-05-07T02:10:00Z
6203933,7.05.2022 09:30,14.05.2022 13:14,Bangkok,department of highways,other,speeding,rear-end collision,4,0,0,clear,13.7295649,100.745388,straight road,no slope,2022-05-07T02:30:00Z
6241546,7.05.2022 09:30,23.05.2022 13:36,Suphan Buri,department of highways,motorcycle,illegal overtaking,head-on collision (not overtaking),2,0,1,clear,14.79332167,99.73125278,straight road,no slope,2022-05-07T02:30:00Z
6319191,7.05.2022 09:30,6.06.2022 13:32,Ratchaburi,department of highways,4-wheel pickup truck,speeding,rear-end collision,2,0,0,rainy,13.35226977,99.82752799,straight road,no slope,2022-05-07T02:30:00Z
6204734,7.05.2022 10:00,14.05.2022 16:22,Chachoengsao,department of highways,other,speeding,rollover/fallen on straight road,1,0,0,clear,13.57721746,100.9770155,straight road,no slope,2022-05-07T03:00:00Z
6283454,7.05.2022 10:00,31.05.2022 13:58,Sa Kaeo,department of highways,4-wheel pickup truck,speeding,rollover/fallen on straight road,1,0,0,clear,13.45345809,102.2024712,straight road,no slope,2022-05-07T03:00:00Z
6282219,7.05.2022 10:15,31.05.2022 09:30,Rayong,department of highways,4-wheel pickup truck,speeding,rollover/fallen on straight road,1,0,0,clear,12.86117844,101.0833597,other,other,2022-05-07T03:15:00Z
6204731,7.05.2022 10:40,14.05.2022 16:24,Chon Buri,department of highways,other,speeding,rollover/fallen on straight road,1,0,0,clear,13.4624211,101.0459939,straight road,no slope,2022-05-07T03:40:00Z
6283773,7.05.2022 10:49,31.05.2022 14:47,Lampang,department of highways,other,speeding,rollover/fallen on straight road,1,0,0,clear,17.44755836,99.1594675,straight road,no slope,2022-05-07T03:49:00Z
6205217,7.05.2022 11:38,14.05.2022 18:15,Chon Buri,department of highways,van,speeding,rear-end collision,2,0,2,clear,13.28134586,100.9909603,straight road,no slope,2022-05-07T04:38:00Z
6422572,7.05.2022 12:00,23.06.2022 08:49,Loei,department of highways,4-wheel pickup truck,speeding,rollover/fallen on straight road,1,0,0,clear,17.31000154,101.5832376,straight road,no slope,2022-05-07T05:00:00Z
7007800,7.05.2022 12:00,30.09.2022 10:52,Samut Sakhon,department of highways,4-wheel pickup truck,speeding,rollover/fallen on straight road,1,0,1,rainy,13.64247584,100.0918436,other,other,2022-05-07T05:00:00Z
6204520,7.05.2022 13:28,14.05.2022 15:27,Pathum Thani,department of highways,4-wheel pickup truck,speeding,rollover/fallen on straight road,1,0,0,rainy,14.11888308,100.6765222,straight road,no slope,2022-05-07T06:28:00Z
6190355,7.05.2022 13:30,12.05.2022 08:23,Surin,department of highways,4-wheel pickup truck,falling asleep,rollover/fallen on straight road,1,0,12,clear,14.63096194,103.9681399,straight road,no slope,2022-05-07T06:30:00Z
7438270,7.05.2022 13:50,7.12.2022 09:35,Chanthaburi,department of highways,4-wheel pickup truck,cutting in closely by people/vehicles/animals,head-on collision (not overtaking),2,0,2,clear,12.7651717,102.2437343,other,other,2022-05-07T06:50:00Z
6170561,7.05.2022 13:51,9.05.2022 10:12,Pathum Thani,department of highways,4-wheel pickup truck,speeding,rear-end collision,2,0,0,rainy,13.99268562,100.711745,straight road,no slope,2022-05-07T06:51:00Z
7569112,7.05.2022 13:57,25.01.2023 09:15,Bangkok,department of highways,private/passenger car,cutting in closely by people/vehicles/animals,rear-end collision,2,0,1,clear,13.67622278,100.4065459,straight road,no slope,2022-05-07T06:57:00Z
6243183,7.05.2022 14:00,25.05.2022 13:32,Lampang,department of highways,large truck with trailer,speeding,rollover/fallen on straight road,1,0,0,rainy,18.87625752,99.9464169,straight road,no slope,2022-05-07T07:00:00Z
7008229,7.05.2022 14:00,30.09.2022 12:22,Chachoengsao,department of highways,4-wheel pickup truck,speeding,rollover/fallen on straight road,1,0,0,rainy,13.61308012,101.1126333,straight road,no slope,2022-05-07T07:00:00Z
6202376,7.05.2022 14:10,14.05.2022 06:02,Sing Buri,department of highways,4-wheel pickup truck,speeding,rollover/fallen on straight road,1,0,0,rainy,14.8800684,100.4333103,straight road,no slope,2022-05-07T07:10:00Z
7569099,7.05.2022 14:32,25.01.2023 09:14,Bangkok,department of highways,motorcycle,speeding,rollover/fallen on straight road,1,0,1,clear,13.67815989,100.4066618,straight road,no slope,2022-05-07T07:32:00Z
6242330,7.05.2022 14:45,24.05.2022 14:07,Nakhon Ratchasima,department of highways,6-wheel truck,speeding,rollover/fallen on straight road,1,0,0,clear,14.74100587,102.1603605,straight road,no slope,2022-05-07T07:45:00Z
7521393,7.05.2022 14:45,30.12.2022 09:57,Chiang Mai,department of highways,motorcycle,speeding,rear-end collision,2,0,1,clear,18.94318279,98.98462503,straight road,no slope,2022-05-07T07:45:00Z
7422311,7.05.2022 14:50,1.12.2022 11:16,Chiang Mai,department of highways,motorcycle,speeding,rear-end collision,2,0,1,clear,18.90102363,99.00594054,straight road,no slope,2022-05-07T07:50:00Z
6207872,7.05.2022 15:00,15.05.2022 06:04,Surat Thani,department of highways,motorcycle,speeding,rear-end collision,4,0,4,rainy,8.74167753,99.33242171,straight road,no slope,2022-05-07T08:00:00Z
6459133,7.05.2022 15:00,29.06.2022 10:21,Phra Nakhon Si Ayutthaya,department of highways,large truck with trailer,falling asleep,rollover/fallen on straight road,1,0,1,rainy,14.42160902,100.5640223,straight road,no slope,2022-05-07T08:00:00Z
6242263,7.05.2022 15:10,24.05.2022 12:36,Chanthaburi,department of highways,4-wheel pickup truck,speeding,rollover/fallen on straight road,1,0,0,rainy,12.6490796,102.0288625,other,other,2022-05-07T08:10:00Z
6566631,7.05.2022 15:10,12.05.2022 10:42,Roi Et,department of rural roads,4-wheel pickup truck,speeding,other,1,0,1,clear,16.140321,103.61312,straight road,no slope,2022-05-07T08:10:00Z
6203957,7.05.2022 15:35,14.05.2022 13:18,Chachoengsao,department of highways,private/passenger car,speeding,rollover/fallen on curved road,1,0,2,rainy,13.59841348,100.9538063,other,other,2022-05-07T08:35:00Z
6319189,7.05.2022 15:40,6.06.2022 13:32,Phetchaburi,department of highways,4-wheel pickup truck,speeding,rollover/fallen on straight road,1,0,0,rainy,13.31886324,99.82728122,straight road,no slope,2022-05-07T08:40:00Z
6220357,7.05.2022 16:00,17.05.2022 14:42,Yala,department of highways,motorcycle,unfamiliarity with the route/unskilled driving,rear-end collision,2,0,0,rainy,6.530047652,101.2154746,straight road,no slope,2022-05-07T09:00:00Z
6205194,7.05.2022 16:02,14.05.2022 18:13,Chon Buri,department of highways,7-10-wheel truck,vehicle equipment failure,rear-end collision,2,0,0,clear,13.11610716,100.9761277,straight road,no slope,2022-05-07T09:02:00Z
6284224,7.05.2022 16:30,31.05.2022 16:10,Krabi,department of highways,4-wheel pickup truck,speeding,rollover/fallen on curved road,1,0,0,rainy,8.086356882,98.8775432,wide curve,no slope,2022-05-07T09:30:00Z
6896869,7.05.2022 16:30,13.09.2022 13:25,Loei,department of highways,private/passenger car,speeding,rollover/fallen on curved road,1,0,1,rainy,17.45646023,101.3768577,wide curve,no slope,2022-05-07T09:30:00Z
7521399,7.05.2022 16:30,30.12.2022 09:59,Chiang Mai,department of highways,4-wheel pickup truck,speeding,rollover/fallen on curved road,1,0,1,rainy,19.09310695,99.15677725,wide curve,no slope,2022-05-07T09:30:00Z
6213052,7.05.2022 17:00,16.05.2022 06:59,Phitsanulok,department of highways,4-wheel pickup truck,speeding,rollover/fallen on curved road,2,0,1,rainy,16.81521458,100.9497455,wide curve,slope area,2022-05-07T10:00:00Z
6219630,7.05.2022 17:30,17.05.2022 12:05,Phrae,department of highways,4-wheel pickup truck,speeding,rollover/fallen on straight road,1,0,0,rainy,18.10632794,99.863196,straight road,no slope,2022-05-07T10:30:00Z
6367541,7.05.2022 17:45,14.06.2022 07:35,Phetchabun,department of highways,4-wheel pickup truck,speeding,rollover/fallen on curved road,1,0,0,clear,16.7638674,101.140987,wide curve,slope area,2022-05-07T10:45:00Z
6243274,7.05.2022 19:00,25.05.2022 15:22,Lamphun,department of highways,private/passenger car,speeding,rollover/fallen on curved road,1,0,0,clear,18.64236689,99.05313401,wide curve,no slope,2022-05-07T12:00:00Z
7173352,7.05.2022 19:00,25.10.2022 14:57,Nong Bua Lam Phu,department of highways,private/passenger car,speeding,rollover/fallen on straight road,1,0,2,clear,17.23330199,102.3993078,straight road,no slope,2022-05-07T12:00:00Z
7562655,7.05.2022 19:20,18.01.2023 10:10,Phatthalung,department of highways,large truck with trailer,speeding,rollover/fallen on straight road,1,0,0,clear,7.464865985,100.0742081,straight road,no slope,2022-05-07T12:20:00Z
6198789,7.05.2022 19:45,13.05.2022 17:59,Phayao,department of highways,private/passenger car,speeding,rollover/fallen on straight road,1,0,1,clear,19.45753858,100.3418094,straight road,no slope,2022-05-07T12:45:00Z
6213010,7.05.2022 20:00,16.05.2022 06:49,Uttaradit,department of highways,4-wheel pickup truck,speeding,rear-end collision,2,0,0,clear,17.81757196,100.1011267,wide curve,no slope,2022-05-07T13:00:00Z
6276365,7.05.2022 20:00,30.05.2022 11:24,Suphan Buri,department of highways,4-wheel pickup truck,speeding,rollover/fallen on curved road,1,0,0,rainy,14.73296714,99.55115317,wide curve,slope area,2022-05-07T13:00:00Z
7425278,7.05.2022 20:43,2.12.2022 14:17,Chanthaburi,department of highways,4-wheel pickup truck,speeding,head-on collision (not overtaking),2,0,1,clear,12.7797367,102.0933214,wide curve,no slope,2022-05-07T13:43:00Z
6243165,7.05.2022 21:30,25.05.2022 12:59,Lampang,department of highways,large truck with trailer,speeding,rollover/fallen on straight road,1,0,0,rainy,18.41527182,99.64827864,straight road,no slope,2022-05-07T14:30:00Z
6178727,7.05.2022 21:52,10.05.2022 15:13,Ubon Ratchathani,department of highways,4-wheel pickup truck,speeding,rollover/fallen on curved road,1,0,1,clear,15.52493259,104.8237324,wide curve,no slope,2022-05-07T14:52:00Z
6241357,7.05.2022 22:00,23.05.2022 07:33,Uthai Thani,department of highways,4-wheel pickup truck,speeding,rollover/fallen on straight road,1,0,0,rainy,15.17600906,99.6967998,other,other,2022-05-07T15:00:00Z
6318301,7.05.2022 22:15,6.06.2022 11:05,Samut Prakan,expressway authority of thailand,other,other,rear-end collision,4,0,0,clear,13.635503,100.565804,straight road,other,2022-05-07T15:15:00Z
6241375,7.05.2022 23:20,23.05.2022 07:49,Uthai Thani,department of highways,4-wheel pickup truck,speeding,rollover/fallen on straight road,1,0,0,rainy,15.04130622,99.59388344,straight road,no slope,2022-05-07T16:20:00Z
6895617,7.05.2022 23:20,13.09.2022 09:22,Udon Thani,department of highways,other,speeding,rollover/fallen on straight road,1,0,0,rainy,17.26600552,102.5998351,straight road,no slope,2022-05-07T16:20:00Z
6415863,7.05.2022 23:30,22.06.2022 08:33,Yasothon,department of highways,4-wheel pickup truck,speeding,rollover/fallen on straight road,1,0,1,clear,16.19619439,104.5142725,straight road,no slope,2022-05-07T16:30:00Z
6471709,7.05.2022 23:30,1.07.2022 10:15,Kalasin,department of highways,4-wheel pickup truck,speeding,rollover/fallen on straight road,1,0,0,clear,16.48389111,104.0885147,straight road,no slope,2022-05-07T16:30:00Z
6566801,7.05.2022 23:30,6.06.2022 14:06,Satun,department of rural roads,motorcycle,speeding,other,1,0,1,other,6.741173,100.092351,straight road,no slope,2022-05-07T16:30:00Z
6191205,7.05.2022 23:31,12.05.2022 12:23,Chon Buri,department of highways,motorcycle,speeding,collision with obstruction (on road surface),2,0,0,clear,13.11646765,100.9769055,straight road,no slope,2022-05-07T16:31:00Z
6282200,7.05.2022 23:40,31.05.2022 09:27,Rayong,department of highways,4-wheel pickup truck,speeding,rollover/fallen on straight road,1,0,1,rainy,12.78584182,101.1590597,straight road,no slope,2022-05-07T16:40:00Z
6282768,7.05.2022 23:50,31.05.2022 11:20,Kamphaeng Phet,department of highways,4-wheel pickup truck,speeding,rollover/fallen on curved road,1,0,1,clear,16.62232657,99.88108097,wide curve,no slope,2022-05-07T16:50:00Z
6243167,8.05.2022 00:20,25.05.2022 12:59,Lampang,department of highways,4-wheel pickup truck,speeding,rollover/fallen on straight road,1,0,0,rainy,18.38554531,99.61438625,straight road,no slope,2022-05-07T17:20:00Z
6241605,8.05.2022 01:00,23.05.2022 14:55,Chiang Mai,department of highways,4-wheel pickup truck,speeding,rollover/fallen on straight road,1,0,1,rainy,17.88072048,98.40380339,straight road,no slope,2022-05-07T18:00:00Z
6171729,8.05.2022 01:15,9.05.2022 14:15,Pathum Thani,department of highways,private/passenger car,speeding,rollover/fallen on straight road,1,0,0,clear,13.93371313,100.7131719,straight road,no slope,2022-05-07T18:15:00Z
6219460,8.05.2022 01:30,17.05.2022 11:31,Phrae,department of highways,4-wheel pickup truck,speeding,rollover/fallen on straight road,1,0,0,rainy,18.29888419,100.2815536,straight road,no slope,2022-05-07T18:30:00Z
6643813,8.05.2022 01:30,2.08.2022 08:34,Samut Sakhon,department of highways,4-wheel pickup truck,speeding,rollover/fallen on straight road,1,0,0,clear,13.65136395,100.2780881,straight road,no slope,2022-05-07T18:30:00Z
6950246,8.05.2022 01:30,21.09.2022 11:02,Samut Prakan,department of highways,private/passenger car,speeding,rollover/fallen on straight road,1,0,1,clear,13.65165587,100.6881147,other,other,2022-05-07T18:30:00Z
6950321,8.05.2022 02:30,21.09.2022 11:21,Phuket,department of highways,private/passenger car,speeding,rollover/fallen on straight road,1,0,0,clear,8.182351158,98.29682349,straight road,no slope,2022-05-07T19:30:00Z
6459135,8.05.2022 02:40,29.06.2022 10:21,Ang Thong,department of highways,private/passenger car,speeding,rollover/fallen on straight road,1,0,0,rainy,14.59296964,100.475893,straight road,no slope,2022-05-07T19:40:00Z
6204354,8.05.2022 03:00,14.05.2022 14:52,Chon Buri,department of highways,large truck with trailer,falling asleep,rollover/fallen on straight road,1,0,0,clear,13.17858651,100.9945062,straight road,no slope,2022-05-07T20:00:00Z
6282667,8.05.2022 03:00,31.05.2022 11:01,Phichit,department of highways,4-wheel pickup truck,falling asleep,rollover/fallen on straight road,1,3,0,clear,16.15189411,100.1250574,straight road,no slope,2022-05-07T20:00:00Z
6183896,8.05.2022 03:19,11.05.2022 09:57,Bangkok,department of highways,7-10-wheel truck,speeding,rear-end collision,2,0,0,clear,13.71381891,100.7003188,straight road,no slope,2022-05-07T20:19:00Z
6488892,8.05.2022 03:30,4.07.2022 11:27,Bangkok,department of highways,private/passenger car,speeding,rollover/fallen on straight road,1,0,0,clear,13.81270167,100.7163477,straight road,no slope,2022-05-07T20:30:00Z
6319983,8.05.2022 04:20,6.06.2022 15:51,Samut Prakan,department of highways,private/passenger car,speeding,rear-end collision,3,0,1,clear,13.68243062,100.7253304,straight road,no slope,2022-05-07T21:20:00Z
6176806,8.05.2022 04:30,10.05.2022 09:45,Bangkok,department of highways,4-wheel pickup truck,speeding,rollover/fallen on straight road,1,0,0,clear,13.8210442,100.6751087,straight road,no slope,2022-05-07T21:30:00Z
6368424,8.05.2022 05:00,14.06.2022 10:56,Samut Sakhon,department of highways,4-wheel pickup truck,speeding,rollover/fallen on straight road,1,0,4,rainy,13.52748151,100.1931909,straight road,no slope,2022-05-07T22:00:00Z
6218792,8.05.2022 06:00,17.05.2022 09:19,Sakon Nakhon,department of highways,4-wheel pickup truck,speeding,rollover/fallen on curved road,1,0,0,rainy,17.06749253,104.2586928,wide curve,no slope,2022-05-07T23:00:00Z
6243188,8.05.2022 06:20,25.05.2022 13:35,Lampang,department of highways,4-wheel pickup truck,unfamiliarity with the route/unskilled driving,rollover/fallen on straight road,1,0,1,clear,18.41195074,99.45129453,other,other,2022-05-07T23:20:00Z