acc_code,incident_datetime,report_datetime,province_en,agency,vehicle_type,presumed_cause,accident_type,number_of_vehicles_involved,number_of_fatalities,number_of_injuries,weather_condition,latitude,longitude,road_description,slope_description,incident_time
6276967,8.05.2022 07:20,30.05.2022 13:46,Prachuap Khiri Khan,department of highways,4-wheel pickup truck,speeding,rollover/fallen on curved road,1,0,3,rainy,11.21975805,99.41274314,wide curve,no slope,2022-05-08T00:20:00Z
6451668,8.05.2022 07:45,28.06.2022 07:33,Surin,department of highways,private/passenger car,speeding,rollover/fallen on straight road,1,0,0,rainy,14.97407699,103.536779,straight road,no slope,2022-05-08T00:45:00Z
6283489,8.05.2022 07:54,31.05.2022 14:00,Chiang Mai,department of highways,4-wheel pickup truck,speeding,rollover/fallen on curved road,1,0,2,clear,19.06258941,99.36865835,wide curve,no slope,2022-05-08T00:54:00Z
6227180,8.05.2022 08:15,18.05.2022 15:06,Narathiwat,department of highways,4-wheel pickup truck,speeding,rollover/fallen on straight road,1,0,0,clear,6.367660125,101.7867529,straight road,no slope,2022-05-08T01:15:00Z
6198758,8.05.2022 08:30,13.05.2022 17:50,Chiang Rai,department of highways,motorcycle,speeding,rear-end collision,2,1,0,clear,19.7966853,99.75142031,straight road,no slope,2022-05-08T01:30:00Z
6204351,8.05.2022 10:00,14.05.2022 14:50,Chon Buri,department of highways,other,speeding,rollover/fallen on straight road,1,0,0,clear,12.95135073,100.9609195,straight road,no slope,2022-05-08T03:00:00Z
6213033,8.05.2022 10:00,16.05.2022 06:50,Uttaradit,department of highways,4-wheel pickup truck,speeding,rollover/fallen on curved road,1,0,0,clear,17.82257687,100.0868654,wide curve,slope area,2022-05-08T03:00:00Z
6242092,8.05.2022 10:00,24.05.2022 09:25,Bangkok,department of highways,4-wheel pickup truck,speeding,rollover/fallen on straight road,1,0,0,clear,13.66328028,100.6438368,other,other,2022-05-08T03:00:00Z
6283775,8.05.2022 10:00,31.05.2022 14:45,Ubon Ratchathani,department of highways,4-wheel pickup truck,unfamiliarity with the route/unskilled driving,rollover/fallen on straight road,1,0,0,clear,16.02990317,105.2262837,other,other,2022-05-08T03:00:00Z
6566614,8.05.2022 10:00,12.05.2022 08:46,Roi Et,department of rural roads,4-wheel pickup truck,speeding,other,1,0,2,clear,15.830644,103.713083,straight road,no slope,2022-05-08T03:00:00Z
7561802,8.05.2022 10:00,17.01.2023 14:47,Nonthaburi,department of highways,other,speeding,rollover/fallen on straight road,1,0,0,clear,13.85997375,100.5149326,straight road,no slope,2022-05-08T03:00:00Z
6198739,8.05.2022 10:30,13.05.2022 17:49,Chiang Rai,department of highways,4-wheel pickup truck,speeding,head-on collision (not overtaking),2,0,6,rainy,19.69159193,99.5749685,wide curve,no slope,2022-05-08T03:30:00Z
6566794,8.05.2022 10:30,6.06.2022 14:06,Satun,department of rural roads,private/passenger car,slippery road,other,1,0,1,rainy,6.730911,100.067249,straight road,no slope,2022-05-08T03:30:00Z
6572034,8.05.2022 11:45,19.07.2022 09:47,Maha Sarakham,department of highways,private/passenger car,speeding,rollover/fallen on curved road,1,0,1,clear,16.20675729,103.2627055,wide curve,no slope,2022-05-08T04:45:00Z
7331505,8.05.2022 12:27,16.06.2022 10:58,Surin,department of highways,private/passenger car,falling asleep,head-on collision (not overtaking),2,1,0,clear,14.90296723,103.6851239,wide curve,no slope,2022-05-08T05:27:00Z
6283632,8.05.2022 13:00,31.05.2022 14:22,Chiang Mai,department of highways,4-wheel pickup truck,speeding,rollover/fallen on curved road,1,0,4,rainy,19.06163114,99.3663436,straight road,no slope,2022-05-08T06:00:00Z
6205221,8.05.2022 13:27,14.05.2022 18:17,Chon Buri,department of highways,private/passenger car,speeding,rear-end collision,2,0,0,rainy,12.94335184,100.9159577,straight road,no slope,2022-05-08T06:27:00Z
6205223,8.05.2022 13:44,14.05.2022 18:19,Chon Buri,department of highways,private/passenger car,speeding,rollover/fallen on curved road,1,0,0,rainy,12.95493185,100.9729332,wide curve,no slope,2022-05-08T06:44:00Z
6202377,8.05.2022 13:50,14.05.2022 06:03,Sing Buri,department of highways,large truck with trailer,speeding,rollover/fallen on straight road,1,0,1,rainy,14.74905467,100.4537862,other,other,2022-05-08T06:50:00Z
6258413,8.05.2022 13:50,27.05.2022 08:34,Phrae,department of highways,4-wheel pickup truck,vehicle equipment failure,other,1,0,0,rainy,18.03350736,99.70301716,straight road,slope area,2022-05-08T06:50:00Z
6410550,8.05.2022 14:10,21.06.2022 10:58,Surin,department of highways,4-wheel pickup truck,speeding,rollover/fallen on straight road,1,0,2,clear,14.62264146,103.3776784,straight road,no slope,2022-05-08T07:10:00Z
6242257,8.05.2022 14:20,24.05.2022 12:24,Chanthaburi,department of highways,4-wheel pickup truck,cutting in closely by people/vehicles/animals,rear-end collision,2,0,0,rainy,12.65701979,102.124317,straight road,no slope,2022-05-08T07:20:00Z
7521285,8.05.2022 14:40,30.12.2022 09:30,Chiang Mai,department of highways,private/passenger car,speeding,rollover/fallen on straight road,1,0,0,clear,19.70555148,99.14494334,straight road,no slope,2022-05-08T07:40:00Z
6191424,8.05.2022 15:00,12.05.2022 13:27,Pathum Thani,department of highways,4-wheel pickup truck,speeding,rollover/fallen on straight road,1,0,0,clear,14.01289406,100.7029635,straight road,no slope,2022-05-08T08:00:00Z
6277193,8.05.2022 15:00,30.05.2022 14:28,Phetchaburi,department of highways,4-wheel pickup truck,speeding,rear-end collision,4,0,2,rainy,12.82818646,99.93584631,straight road,no slope,2022-05-08T08:00:00Z
6289515,8.05.2022 15:20,1.06.2022 13:18,Yasothon,department of highways,motorcycle,cutting in closely by people/vehicles/animals,rear-end collision,2,1,0,clear,15.80910143,104.1213369,straight road,no slope,2022-05-08T08:20:00Z
6531405,8.05.2022 15:30,11.07.2022 09:14,Chiang Mai,department of highways,private/passenger car,speeding,rollover/fallen on curved road,1,0,4,clear,19.05481655,99.35456602,wide curve,no slope,2022-05-08T08:30:00Z
7008157,8.05.2022 15:30,30.09.2022 12:11,Chon Buri,department of highways,4-wheel pickup truck,speeding,rear-end collision,2,0,0,rainy,13.21411696,101.2404567,straight road,no slope,2022-05-08T08:30:00Z
6219651,8.05.2022 15:40,17.05.2022 12:12,Phrae,department of highways,4-wheel pickup truck,speeding,head-on collision (not overtaking),2,0,0,rainy,18.05649559,99.69861029,wide curve,slope area,2022-05-08T08:40:00Z
6220431,8.05.2022 15:45,17.05.2022 14:51,Songkhla,department of highways,private/passenger car,speeding,collision with obstruction (on road surface),1,0,0,clear,6.844868675,100.4698688,wide curve,no slope,2022-05-08T08:45:00Z
6242271,8.05.2022 16:00,24.05.2022 12:51,Chon Buri,department of highways,large truck with trailer,speeding,head-on collision (not overtaking),2,2,3,clear,12.72654215,100.9641543,straight road,no slope,2022-05-08T09:00:00Z
6241509,8.05.2022 17:00,23.05.2022 11:33,Kanchanaburi,department of highways,4-wheel pickup truck,speeding,rollover/fallen on straight road,1,0,0,rainy,14.55793294,99.74243222,straight road,no slope,2022-05-08T10:00:00Z
6243094,8.05.2022 17:00,25.05.2022 10:00,Chon Buri,department of highways,4-wheel pickup truck,speeding,rollover/fallen on straight road,1,0,2,rainy,13.42731581,101.1091089,straight road,no slope,2022-05-08T10:00:00Z
7518798,8.05.2022 19:15,29.12.2022 14:58,Phichit,department of highways,private/passenger car,speeding,rollover/fallen on straight road,1,0,2,rainy,16.19328891,100.1283511,straight road,no slope,2022-05-08T12:15:00Z
6241719,8.05.2022 19:18,23.05.2022 16:19,Suphan Buri,department of highways,4-wheel pickup truck,speeding,rollover/fallen on curved road,1,0,1,rainy,14.81064942,99.61054801,wide curve,no slope,2022-05-08T12:18:00Z
6566616,8.05.2022 19:25,12.05.2022 08:47,Nakhon Phanom,department of rural roads,bicycle,speeding,other,2,1,1,dark,17.624483,104.347147,straight road,no slope,2022-05-08T12:25:00Z
6172474,8.05.2022 19:30,9.05.2022 16:35,Nakhon Si Thammarat,department of highways,motorized tricycle,speeding,rear-end collision,3,2,6,clear,8.351161759,99.598985,straight road,no slope,2022-05-08T12:30:00Z
6488310,8.05.2022 20:20,4.07.2022 09:52,Kanchanaburi,department of highways,4-wheel pickup truck,speeding,rollover/fallen on straight road,1,0,1,rainy,14.1072581,99.49294655,straight road,no slope,2022-05-08T13:20:00Z
6241616,8.05.2022 20:47,23.05.2022 15:19,Lampang,department of highways,7-10-wheel truck,speeding,collision with obstruction (on road surface),1,0,1,clear,17.64519268,99.2423719,other,other,2022-05-08T13:47:00Z
6937099,8.05.2022 21:10,19.09.2022 10:55,Tak,department of highways,private/passenger car,debris/obstruction on the road,collision with obstruction (on road surface),4,0,0,natural disaster,16.77850312,99.17748122,straight road,no slope,2022-05-08T14:10:00Z
6494795,8.05.2022 21:40,5.07.2022 11:11,Rayong,department of highways,private/passenger car,speeding,rear-end collision,5,0,0,clear,12.77851513,101.7255664,other,other,2022-05-08T14:40:00Z
6218905,8.05.2022 22:00,17.05.2022 09:38,Tak,department of highways,4-wheel pickup truck,falling asleep,rollover/fallen on straight road,1,0,1,clear,17.11701379,99.05201016,straight road,no slope,2022-05-08T15:00:00Z
6283118,8.05.2022 22:15,31.05.2022 12:50,Loburi,department of highways,4-wheel pickup truck,speeding,rollover/fallen on curved road,1,0,0,clear,14.81505764,100.7929864,wide curve,slope area,2022-05-08T15:15:00Z
6724478,8.05.2022 22:15,15.08.2022 14:32,Suphan Buri,department of highways,4-wheel pickup truck,speeding,rollover/fallen on curved road,1,0,1,foggy,14.87188707,99.97308074,wide curve,no slope,2022-05-08T15:15:00Z
6242343,8.05.2022 22:30,24.05.2022 14:12,Prachin Buri,department of highways,private/passenger car,speeding,rollover/fallen on straight road,1,1,0,clear,13.9326614,101.5627724,straight road,no slope,2022-05-08T15:30:00Z
6242264,8.05.2022 23:10,24.05.2022 12:37,Chanthaburi,department of highways,4-wheel pickup truck,speeding,rollover/fallen on straight road,1,0,1,clear,12.69592158,101.9902065,straight road,no slope,2022-05-08T16:10:00Z
6282811,8.05.2022 23:14,31.05.2022 11:31,Uthai Thani,department of highways,4-wheel pickup truck,speeding,rollover/fallen on curved road,1,0,0,clear,15.51889547,99.92690919,wide curve,slope area,2022-05-08T16:14:00Z
6197979,8.05.2022 23:20,13.05.2022 14:52,Chanthaburi,department of highways,4-wheel pickup truck,speeding,rollover/fallen on straight road,1,0,0,clear,12.77006341,101.8454584,straight road,no slope,2022-05-08T16:20:00Z
6637789,8.05.2022 23:30,1.08.2022 09:26,Yasothon,department of highways,4-wheel pickup truck,speeding,rollover/fallen on straight road,1,0,0,clear,15.85994879,104.0905559,straight road,no slope,2022-05-08T16:30:00Z
6191909,8.05.2022 23:40,12.05.2022 14:54,Phatthalung,department of highways,6-wheel truck,speeding,rear-end collision,2,0,0,rainy,7.576496487,100.0501728,straight road,no slope,2022-05-08T16:40:00Z
6283691,8.05.2022 23:45,31.05.2022 14:34,Chiang Mai,department of highways,private/passenger car,speeding,rear-end collision,3,0,2,clear,18.81135699,98.99420856,straight road,no slope,2022-05-08T16:45:00Z
7558339,9.05.2022 00:10,12.01.2023 14:40,Nakhon Ratchasima,department of highways,4-wheel pickup truck,speeding,rollover/fallen on straight road,1,0,1,clear,14.94929728,102.0189075,straight road,no slope,2022-05-08T17:10:00Z
6325357,9.05.2022 01:00,7.06.2022 14:14,Ubon Ratchathani,department of highways,private/passenger car,speeding,collision with obstruction (on road surface),1,0,0,clear,15.23640962,104.8221767,straight road,no slope,2022-05-08T18:00:00Z
6405034,9.05.2022 01:00,20.06.2022 11:47,Ubon Ratchathani,department of highways,private/passenger car,speeding,other,1,0,1,clear,15.23763629,104.821997,other,other,2022-05-08T18:00:00Z
6242125,9.05.2022 02:20,24.05.2022 10:03,Pathum Thani,department of highways,large truck with trailer,speeding,rollover/fallen on curved road,1,0,0,clear,14.056277,100.4461822,other,other,2022-05-08T19:20:00Z
6170407,9.05.2022 02:23,9.05.2022 09:48,Bangkok,department of highways,large truck with trailer,speeding,rear-end collision,2,0,0,clear,13.72972644,100.7290506,straight road,no slope,2022-05-08T19:23:00Z
7521296,9.05.2022 03:15,30.12.2022 09:37,Chiang Mai,department of highways,private/passenger car,speeding,rear-end collision,2,0,3,clear,18.84756852,99.08058642,straight road,no slope,2022-05-08T20:15:00Z
6367503,9.05.2022 03:17,14.06.2022 07:33,Phetchabun,department of highways,large truck with trailer,vehicle equipment failure,rollover/fallen on curved road,1,0,1,clear,17.06043091,101.467959,wide curve,slope area,2022-05-08T20:17:00Z
7007924,9.05.2022 03:30,30.09.2022 11:17,Chachoengsao,department of highways,private/passenger car,speeding,rollover/fallen on straight road,1,0,1,clear,13.76038676,101.3792932,other,other,2022-05-08T20:30:00Z
6502301,9.05.2022 03:45,6.07.2022 13:27,Samut Songkhram,department of highways,4-wheel pickup truck,speeding,rollover/fallen on straight road,1,0,0,rainy,13.39697249,100.0045886,straight road,no slope,2022-05-08T20:45:00Z
6283409,9.05.2022 04:10,31.05.2022 13:48,Nakhon Ratchasima,department of highways,private/passenger car,falling asleep,rollover/fallen on straight road,1,0,0,clear,15.67842161,102.5766662,straight road,no slope,2022-05-08T21:10:00Z
6572126,9.05.2022 04:30,19.07.2022 10:16,Maha Sarakham,department of highways,4-wheel pickup truck,speeding,rollover/fallen on straight road,1,0,1,clear,16.05362892,102.9971024,straight road,no slope,2022-05-08T21:30:00Z
7557862,9.05.2022 04:30,12.01.2023 11:17,Si Sa Ket,department of highways,4-wheel pickup truck,speeding,rollover/fallen on straight road,1,0,1,clear,15.01459064,104.2414194,straight road,no slope,2022-05-08T21:30:00Z
6204353,9.05.2022 06:00,14.05.2022 14:52,Chon Buri,department of highways,large truck with trailer,falling asleep,rollover/fallen on straight road,1,0,0,clear,13.12732907,100.9852794,straight road,no slope,2022-05-08T23:00:00Z
7476809,9.05.2022 06:00,21.12.2022 10:04,Samut Sakhon,department of highways,bicycle,speeding,rear-end collision,2,0,0,clear,13.61646641,100.2897745,straight road,no slope,2022-05-08T23:00:00Z
6242101,9.05.2022 06:30,24.05.2022 09:37,Nonthaburi,department of highways,7-10-wheel truck,speeding,rollover/fallen on straight road,1,0,0,clear,13.97524481,100.4364431,straight road,no slope,2022-05-08T23:30:00Z
6260343,9.05.2022 07:00,27.05.2022 15:56,Chaiyaphum,department of highways,private/passenger car,speeding,pedestrian collision,1,1,0,clear,15.63079635,101.9291112,straight road,no slope,2022-05-09T00:00:00Z
6227195,9.05.2022 07:30,18.05.2022 15:12,Songkhla,department of highways,motorcycle,cutting in closely by people/vehicles/animals,collision with obstruction (on road surface),1,0,1,clear,6.866851989,100.4703194,straight road,no slope,2022-05-09T00:30:00Z
6227197,9.05.2022 07:30,18.05.2022 15:13,Songkhla,department of highways,large truck with trailer,debris/obstruction on the road,rollover/fallen on straight road,1,0,0,clear,6.866806718,100.4703033,straight road,no slope,2022-05-09T00:30:00Z
6242265,9.05.2022 08:30,24.05.2022 12:38,Chanthaburi,department of highways,motorcycle,cutting in closely by people/vehicles/animals,rear-end collision,2,1,1,clear,12.64854833,102.0215937,straight road,no slope,2022-05-09T01:30:00Z
6218843,9.05.2022 08:42,17.05.2022 09:29,Sukhothai,department of highways,private/passenger car,cutting in closely by people/vehicles/animals,rear-end collision,2,0,0,clear,17.29754318,99.83593939,straight road,no slope,2022-05-09T01:42:00Z
6198417,9.05.2022 09:05,13.05.2022 16:37,Chanthaburi,department of highways,4-wheel pickup truck,speeding,pedestrian collision,1,1,0,clear,12.75683726,101.8605995,straight road,no slope,2022-05-09T02:05:00Z
6213036,9.05.2022 09:30,16.05.2022 06:54,Uttaradit,department of highways,private/passenger car,speeding,head-on collision (not overtaking),2,0,0,clear,17.36321858,100.2325603,other,other,2022-05-09T02:30:00Z
6191894,9.05.2022 09:45,12.05.2022 14:51,Phetchaburi,department of highways,4-wheel pickup truck,speeding,rollover/fallen on straight road,1,0,2,rainy,12.79951895,99.94166671,straight road,no slope,2022-05-09T02:45:00Z
6283670,9.05.2022 10:00,31.05.2022 14:25,Ubon Ratchathani,department of highways,other,speeding,rollover/fallen on straight road,1,0,0,clear,15.34334921,104.6365088,straight road,no slope,2022-05-09T03:00:00Z
6458169,9.05.2022 10:20,29.06.2022 07:21,Phetchabun,department of highways,private/passenger car,speeding,rollover/fallen on straight road,1,0,1,clear,16.25563649,101.0605475,straight road,no slope,2022-05-09T03:20:00Z
7140264,9.05.2022 10:20,20.10.2022 13:54,Phetchabun,department of highways,private/passenger car,speeding,rollover/fallen on curved road,1,0,1,clear,16.11652043,101.0366437,wide curve,no slope,2022-05-09T03:20:00Z
6207780,9.05.2022 10:44,15.05.2022 05:44,Chon Buri,department of highways,7-10-wheel truck,speeding,rollover/fallen on straight road,1,0,0,clear,12.97659262,100.9841663,straight road,no slope,2022-05-09T03:44:00Z
6220053,9.05.2022 11:00,17.05.2022 13:47,Loei,department of highways,4-wheel pickup truck,speeding,head-on collision (not overtaking),2,0,0,clear,17.11945157,101.6238972,wide curve,slope area,2022-05-09T04:00:00Z
6566626,9.05.2022 11:25,12.05.2022 08:49,Kalasin,department of rural roads,motorcycle,abrupt lane change,other,2,1,0,clear,16.418277,103.542111,t-intersection,other,2022-05-09T04:25:00Z
7561671,9.05.2022 11:28,17.01.2023 12:01,Bangkok,department of highways,private/passenger car,cutting in closely by people/vehicles/animals,rear-end collision,2,0,0,clear,13.62410036,100.3910413,straight road,no slope,2022-05-09T04:28:00Z
6284243,9.05.2022 12:02,31.05.2022 16:15,Trang,department of highways,motorcycle,speeding,rear-end collision,2,1,2,clear,7.566156319,99.78570698,wide curve,slope area,2022-05-09T05:02:00Z
6345492,9.05.2022 12:50,10.06.2022 13:21,Phatthalung,department of highways,private/passenger car,speeding,rollover/fallen on curved road,1,0,2,rainy,7.587219264,99.85403626,wide curve,no slope,2022-05-09T05:50:00Z
6283006,9.05.2022 12:53,31.05.2022 12:24,Nakhon Sawan,department of highways,4-wheel pickup truck,speeding,rear-end collision,2,0,0,clear,15.57680423,100.0749296,other,other,2022-05-09T05:53:00Z
6241374,9.05.2022 13:00,23.05.2022 07:47,Uthai Thani,department of highways,large truck with trailer,speeding,rollover/fallen on straight road,1,0,0,rainy,15.12529093,99.64181452,connecting to public/commercial area,other,2022-05-09T06:00:00Z
6205245,9.05.2022 13:30,14.05.2022 18:20,Chachoengsao,department of highways,other,speeding,rollover/fallen on straight road,1,0,0,clear,13.54294004,101.0057929,straight road,no slope,2022-05-09T06:30:00Z
6258436,9.05.2022 13:40,27.05.2022 08:35,Chon Buri,department of highways,4-wheel pickup truck,falling asleep,rollover/fallen on straight road,1,0,0,clear,13.11717557,100.9797647,straight road,no slope,2022-05-09T06:40:00Z
6289329,9.05.2022 14:00,1.06.2022 12:22,Roi Et,department of highways,4-wheel pickup truck,speeding,rollover/fallen on straight road,1,0,2,rainy,16.04493703,103.6837077,straight road,no slope,2022-05-09T07:00:00Z
6251928,9.05.2022 14:20,26.05.2022 07:52,Samut Sakhon,department of highways,4-wheel pickup truck,speeding,rollover/fallen on straight road,1,0,0,rainy,13.63386108,100.0933644,straight road,no slope,2022-05-09T07:20:00Z
6242428,9.05.2022 15:00,24.05.2022 15:10,Chachoengsao,department of highways,6-wheel truck,speeding,rollover/fallen on curved road,1,0,0,rainy,13.59365823,101.1956262,wide curve,no slope,2022-05-09T08:00:00Z
6488247,9.05.2022 15:00,4.07.2022 09:42,Kanchanaburi,department of highways,4-wheel pickup truck,speeding,rollover/fallen on curved road,1,0,1,rainy,14.29328523,99.00369017,wide curve,slope area,2022-05-09T08:00:00Z
6495991,9.05.2022 15:00,5.07.2022 15:00,Chachoengsao,department of highways,4-wheel pickup truck,speeding,rollover/fallen on straight road,1,0,0,rainy,13.69272186,101.0516614,straight road,no slope,2022-05-09T08:00:00Z
6218874,9.05.2022 15:29,17.05.2022 09:33,Kamphaeng Phet,department of highways,other,speeding,rollover/fallen on straight road,1,0,0,clear,16.62073051,99.36065196,straight road,no slope,2022-05-09T08:29:00Z
7026719,9.05.2022 15:30,3.10.2022 09:23,Phetchabun,department of highways,4-wheel pickup truck,speeding,rollover/fallen on curved road,1,0,0,rainy,16.77936597,101.0927313,sharp curve,slope area,2022-05-09T08:30:00Z
7007903,9.05.2022 16:10,30.09.2022 11:12,Nakhon Phanom,department of highways,4-wheel pickup truck,speeding,collision with obstruction (on road surface),1,0,0,clear,17.96747156,104.2028975,straight road,no slope,2022-05-09T09:10:00Z
6252494,9.05.2022 16:16,26.05.2022 10:05,Bangkok,department of highways,private/passenger car,speeding,rear-end collision,3,0,0,rainy,13.72972905,100.7290506,straight road,no slope,2022-05-09T09:16:00Z
6225745,9.05.2022 17:00,18.05.2022 10:23,Phrae,department of highways,6-wheel truck,speeding,rollover/fallen on curved road,1,0,2,rainy,18.34482084,100.3191876,wide curve,no slope,2022-05-09T10:00:00Z
6241387,9.05.2022 17:00,23.05.2022 08:32,Phra Nakhon Si Ayutthaya,department of highways,private/passenger car,speeding,rollover/fallen on straight road,1,0,1,rainy,14.55006664,100.4996466,other,other,2022-05-09T10:00:00Z
7558420,9.05.2022 17:20,12.01.2023 16:02,Prachin Buri,department of highways,4-wheel pickup truck,speeding,rollover/fallen on straight road,1,0,1,clear,13.76803819,101.7300832,straight road,no slope,2022-05-09T10:20:00Z
6242266,9.05.2022 17:30,24.05.2022 12:40,Chanthaburi,department of highways,private/passenger car,speeding,rollover/fallen on straight road,1,0,1,clear,12.70121758,101.9859204,straight road,no slope,2022-05-09T10:30:00Z
6259932,9.05.2022 18:15,27.05.2022 14:30,Chai Nat,department of highways,4-wheel pickup truck,speeding,rollover/fallen on straight road,1,0,0,rainy,15.31410815,100.1031732,straight road,no slope,2022-05-09T11:15:00Z
7331507,9.05.2022 18:30,30.05.2022 13:59,Chumphon,department of highways,private/passenger car,cutting in closely by people/vehicles/animals,rear-end collision,2,2,0,clear,9.959453898,99.06585573,straight road,no slope,2022-05-09T11:30:00Z
6241368,9.05.2022 18:53,23.05.2022 07:44,Tak,department of highways,4-wheel pickup truck,falling asleep,rollover/fallen on curved road,1,0,0,clear,17.13383664,99.10566507,wide curve,slope area,2022-05-09T11:53:00Z
7521365,9.05.2022 19:50,30.12.2022 09:53,Chiang Mai,department of highways,motorcycle,speeding,pedestrian collision,1,0,1,clear,18.85921427,99.01461481,straight road,no slope,2022-05-09T12:50:00Z
6260321,9.05.2022 20:00,27.05.2022 15:52,Chaiyaphum,department of highways,large truck with trailer,speeding,rear-end collision,2,0,0,clear,15.67666814,101.9852418,connecting to public/commercial area,other,2022-05-09T13:00:00Z
7558329,9.05.2022 20:27,12.01.2023 14:36,Nakhon Ratchasima,department of highways,4-wheel pickup truck,speeding,rollover/fallen on straight road,1,0,0,rainy,14.65306961,101.3623604,straight road,slope area,2022-05-09T13:27:00Z
6283289,9.05.2022 20:35,31.05.2022 13:23,Saraburi,department of highways,large passenger vehicle,speeding,rollover/fallen on straight road,1,0,0,clear,14.3449354,100.8574292,other,other,2022-05-09T13:35:00Z
7561716,9.05.2022 21:02,17.01.2023 13:59,Prachin Buri,department of highways,4-wheel pickup truck,speeding,rollover/fallen on straight road,1,0,0,clear,13.97599442,101.7421156,straight road,no slope,2022-05-09T14:02:00Z
6609933,9.05.2022 21:28,27.07.2022 16:39,Yasothon,department of highways,private/passenger car,speeding,rollover/fallen on straight road,1,0,1,clear,15.63635234,104.3401944,straight road,no slope,2022-05-09T14:28:00Z
6258458,9.05.2022 22:23,27.05.2022 08:42,Chon Buri,department of highways,4-wheel pickup truck,speeding,rollover/fallen on curved road,1,0,0,clear,13.36095211,101.0377622,wide curve,no slope,2022-05-09T15:23:00Z
6202495,9.05.2022 22:45,14.05.2022 06:50,Surat Thani,department of highways,4-wheel pickup truck,speeding,rear-end collision,2,0,0,clear,9.115182414,99.3460366,straight road,no slope,2022-05-09T15:45:00Z
6204400,10.05.2022 00:05,14.05.2022 15:01,Bangkok,department of highways,private/passenger car,speeding,rollover/fallen on straight road,1,0,0,clear,13.82740182,100.6739446,straight road,no slope,2022-05-09T17:05:00Z
6281812,10.05.2022 00:21,31.05.2022 07:54,Chanthaburi,department of highways,4-wheel pickup truck,speeding,rollover/fallen on curved road,1,0,0,clear,12.69216669,102.0892417,wide curve,slope area,2022-05-09T17:21:00Z
6207801,10.05.2022 00:30,15.05.2022 05:49,Chon Buri,department of highways,private/passenger car,cutting in closely by people/vehicles/animals,rear-end collision,2,0,2,clear,13.33478151,101.0216287,straight road,no slope,2022-05-09T17:30:00Z
6241396,10.05.2022 00:45,23.05.2022 08:42,Loei,department of highways,4-wheel pickup truck,speeding,collision with obstruction (on road surface),1,0,0,clear,17.42270811,101.7249226,other,other,2022-05-09T17:45:00Z
7559130,10.05.2022 01:00,13.01.2023 10:19,Nakhon Ratchasima,department of highways,4-wheel pickup truck,speeding,rear-end collision,2,1,6,clear,14.97932008,102.080943,other,other,2022-05-09T18:00:00Z
7331513,10.05.2022 01:30,17.05.2022 09:31,Kamphaeng Phet,department of highways,4-wheel pickup truck,falling asleep,rollover/fallen on straight road,1,1,2,clear,16.46335028,99.54189687,straight road,no slope,2022-05-09T18:30:00Z
6318304,10.05.2022 02:13,6.06.2022 11:06,Samut Prakan,expressway authority of thailand,large truck with trailer,other,rear-end collision,2,0,0,clear,13.602761,100.634562,straight road,other,2022-05-09T19:13:00Z
6367505,10.05.2022 02:30,14.06.2022 07:34,Phetchabun,department of highways,large truck with trailer,overloaded vehicle,rollover/fallen on curved road,1,0,0,clear,17.0230568,101.4111149,wide curve,slope area,2022-05-09T19:30:00Z
7437797,10.05.2022 03:00,7.12.2022 09:07,Amnat Charoen,department of highways,4-wheel pickup truck,speeding,rollover/fallen on straight road,1,0,0,rainy,15.68608607,104.6513682,other,other,2022-05-09T20:00:00Z
6226139,10.05.2022 03:20,18.05.2022 11:29,Bangkok,department of highways,4-wheel pickup truck,speeding,rollover/fallen on straight road,1,0,0,rainy,13.76150961,100.6961506,straight road,no slope,2022-05-09T20:20:00Z
7338629,10.05.2022 04:30,18.11.2022 11:54,Khon Kaen,department of highways,large truck with trailer,speeding,rollover/fallen on straight road,1,0,0,clear,16.61191987,101.9909546,straight road,no slope,2022-05-09T21:30:00Z
6488124,10.05.2022 06:30,4.07.2022 09:16,Nakhon Sawan,department of highways,6-wheel truck,speeding,collision with obstruction (on road surface),2,0,3,clear,15.25610542,100.3087967,other,other,2022-05-09T23:30:00Z
6282201,10.05.2022 06:35,31.05.2022 09:26,Rayong,department of highways,private/passenger car,speeding,rollover/fallen on straight road,1,0,0,rainy,12.68548363,101.298607,other,other,2022-05-09T23:35:00Z
7562679,10.05.2022 07:30,18.01.2023 10:25,Prachin Buri,department of highways,private/passenger car,speeding,rollover/fallen on straight road,1,0,0,clear,14.19966671,101.9017875,straight road,no slope,2022-05-10T00:30:00Z
6178779,10.05.2022 07:50,10.05.2022 15:21,Kalasin,department of highways,6-wheel truck,overloaded vehicle,rollover/fallen on straight road,1,0,0,clear,16.41041147,103.4622699,straight road,no slope,2022-05-10T00:50:00Z
6318200,10.05.2022 08:12,6.06.2022 10:56,Bangkok,expressway authority of thailand,van,other,rear-end collision,4,0,0,clear,13.774803,100.607032,grade-separated intersection/ramps,other,2022-05-10T01:12:00Z
6502298,10.05.2022 08:20,6.07.2022 13:25,Samut Songkhram,department of highways,4-wheel pickup truck,speeding,rollover/fallen on straight road,1,0,2,clear,13.44640953,99.96572612,straight road,no slope,2022-05-10T01:20:00Z
7558332,10.05.2022 08:50,12.01.2023 14:42,Nakhon Ratchasima,department of highways,other,speeding,rollover/fallen on straight road,1,0,0,clear,14.95226117,102.0256814,straight road,no slope,2022-05-10T01:50:00Z