acc_code,incident_datetime,report_datetime,province_en,agency,vehicle_type,presumed_cause,accident_type,number_of_vehicles_involved,number_of_fatalities,number_of_injuries,weather_condition,latitude,longitude,road_description,slope_description,incident_time
6243288,10.05.2022 09:06,25.05.2022 15:28,Prachuap Khiri Khan,department of highways,4-wheel pickup truck,speeding,rollover/fallen on straight road,1,0,0,clear,12.58003091,99.95288639,other,other,2022-05-10T02:06:00Z
6243178,10.05.2022 09:35,25.05.2022 13:29,Phetchaburi,department of highways,4-wheel pickup truck,speeding,rear-end collision,2,0,1,rainy,12.79236006,99.94015931,other,other,2022-05-10T02:35:00Z
6242262,10.05.2022 09:50,24.05.2022 12:33,Chanthaburi,department of highways,motorized tricycle,speeding,other,2,1,0,clear,12.77006341,101.8454558,straight road,no slope,2022-05-10T02:50:00Z
6241371,10.05.2022 10:20,23.05.2022 07:45,Uthai Thani,department of highways,4-wheel pickup truck,speeding,rear-end collision,2,0,0,clear,15.36930163,100.0325319,straight road,no slope,2022-05-10T03:20:00Z
6282331,10.05.2022 10:50,31.05.2022 09:53,Prachuap Khiri Khan,department of highways,4-wheel pickup truck,speeding,rollover/fallen on straight road,1,0,0,clear,11.10688161,99.36723946,straight road,no slope,2022-05-10T03:50:00Z
6241504,10.05.2022 11:20,23.05.2022 11:26,Chanthaburi,department of highways,private/passenger car,cutting in closely by people/vehicles/animals,rear-end collision,2,0,2,rainy,12.6457637,102.1302742,connecting to private area,other,2022-05-10T04:20:00Z
6207803,10.05.2022 11:30,15.05.2022 05:46,Bangkok,department of highways,private/passenger car,speeding,rear-end collision,2,0,0,clear,13.83638449,100.6733733,straight road,no slope,2022-05-10T04:30:00Z
7521320,10.05.2022 12:00,30.12.2022 09:40,Chiang Mai,department of highways,4-wheel pickup truck,speeding,head-on collision (not overtaking),2,0,1,clear,18.85453119,99.095816,straight road,no slope,2022-05-10T05:00:00Z
6549601,10.05.2022 12:30,14.07.2022 13:31,Khon Kaen,department of highways,large truck with trailer,speeding,rollover/fallen on curved road,1,0,0,clear,16.64431527,101.9483802,wide curve,no slope,2022-05-10T05:30:00Z
6566629,10.05.2022 13:15,12.05.2022 08:58,Prachuap Khiri Khan,department of rural roads,7-10-wheel truck,unfamiliarity with the route/unskilled driving,other,1,1,0,rainy,12.560123,99.636836,sharp curve,slope area,2022-05-10T06:15:00Z
6260211,10.05.2022 13:30,27.05.2022 15:28,Khon Kaen,department of highways,large truck with trailer,speeding,rollover/fallen on straight road,1,0,1,clear,16.5532781,102.8268063,straight road,no slope,2022-05-10T06:30:00Z
6258412,10.05.2022 14:00,27.05.2022 08:32,Phrae,department of highways,4-wheel pickup truck,speeding,rollover/fallen on straight road,1,0,0,rainy,17.99781278,99.81094121,straight road,no slope,2022-05-10T07:00:00Z
6243056,10.05.2022 14:20,25.05.2022 09:33,Chon Buri,department of highways,4-wheel pickup truck,speeding,rollover/fallen on straight road,1,0,1,rainy,13.38855499,101.0175705,straight road,no slope,2022-05-10T07:20:00Z
6242362,10.05.2022 14:30,24.05.2022 14:23,Sa Kaeo,department of highways,large passenger vehicle,speeding,head-on collision (not overtaking),6,0,1,clear,14.14452411,102.6649242,wide curve,slope area,2022-05-10T07:30:00Z
6735600,10.05.2022 14:30,17.08.2022 14:21,Chachoengsao,department of highways,6-wheel truck,speeding,rollover/fallen on straight road,1,0,0,rainy,13.69314142,101.2713906,straight road,no slope,2022-05-10T07:30:00Z
6218841,10.05.2022 15:50,17.05.2022 09:26,Sukhothai,department of highways,motorcycle,speeding,rear-end collision,2,1,1,clear,17.05235356,99.81885909,straight road,no slope,2022-05-10T08:50:00Z
6242064,10.05.2022 15:50,24.05.2022 08:58,Samut Sakhon,department of highways,4-wheel pickup truck,vehicle equipment failure,rollover/fallen on straight road,1,0,1,clear,13.58070073,100.3087297,other,other,2022-05-10T08:50:00Z
6284173,10.05.2022 15:55,31.05.2022 16:02,Krabi,department of highways,private/passenger car,speeding,rear-end collision,2,0,1,rainy,8.266680552,99.05091314,straight road,no slope,2022-05-10T08:55:00Z
6288039,10.05.2022 16:20,1.06.2022 06:54,Ubon Ratchathani,department of highways,4-wheel pickup truck,speeding,rollover/fallen on straight road,1,0,0,rainy,15.83263653,105.3095341,other,other,2022-05-10T09:20:00Z
6185249,10.05.2022 17:20,11.05.2022 14:45,Nong Khai,department of highways,4-wheel pickup truck,speeding,rollover/fallen on straight road,1,0,1,rainy,18.2923572,103.2941893,straight road,no slope,2022-05-10T10:20:00Z
6285368,10.05.2022 17:30,31.05.2022 20:49,Udon Thani,department of highways,large truck with trailer,speeding,rollover/fallen on straight road,1,0,0,rainy,17.3315949,102.8384471,straight road,no slope,2022-05-10T10:30:00Z
6241462,10.05.2022 18:15,23.05.2022 10:36,Suphan Buri,department of highways,4-wheel pickup truck,cutting in closely by people/vehicles/animals,other,2,0,2,foggy,14.87596999,99.8802173,connecting to public/commercial area,other,2022-05-10T11:15:00Z
7566742,10.05.2022 18:30,22.01.2023 07:47,Chachoengsao,department of highways,4-wheel pickup truck,speeding,rollover/fallen on straight road,1,0,0,rainy,13.66658765,101.3877153,straight road,no slope,2022-05-10T11:30:00Z
7521256,10.05.2022 19:30,30.12.2022 09:28,Chiang Mai,department of highways,4-wheel pickup truck,speeding,rear-end collision,3,0,0,clear,19.00885132,98.94445627,straight road,no slope,2022-05-10T12:30:00Z
6242354,10.05.2022 20:00,24.05.2022 14:17,Prachin Buri,department of highways,large truck with trailer,speeding,rollover/fallen on straight road,1,0,0,clear,14.00527674,101.7090064,straight road,no slope,2022-05-10T13:00:00Z
6242363,10.05.2022 20:00,24.05.2022 14:24,Sa Kaeo,department of highways,4-wheel pickup truck,speeding,rollover/fallen on straight road,1,0,1,rainy,13.43672068,102.2008002,other,other,2022-05-10T13:00:00Z
6277115,10.05.2022 20:10,30.05.2022 14:15,Nan,department of highways,motorcycle,cutting in closely by people/vehicles/animals,rear-end collision,2,0,1,clear,19.13371983,100.7970553,other,other,2022-05-10T13:10:00Z
6207849,10.05.2022 20:13,15.05.2022 05:55,Chon Buri,department of highways,motorcycle,speeding,rollover/fallen on curved road,1,0,1,clear,12.95128016,100.9592298,wide curve,no slope,2022-05-10T13:13:00Z
6283958,10.05.2022 20:15,31.05.2022 15:15,Ubon Ratchathani,department of highways,4-wheel pickup truck,speeding,rollover/fallen on straight road,1,0,0,clear,15.19305994,104.8795384,straight road,no slope,2022-05-10T13:15:00Z
6258461,10.05.2022 20:22,27.05.2022 08:43,Chon Buri,department of highways,private/passenger car,speeding,rollover/fallen on curved road,1,0,0,clear,13.34517388,101.0287204,wide curve,slope area,2022-05-10T13:22:00Z
6494262,10.05.2022 21:50,5.07.2022 08:58,Bangkok,department of highways,private/passenger car,speeding,rollover/fallen on straight road,1,0,0,clear,13.81965597,100.656757,straight road,no slope,2022-05-10T14:50:00Z
7331516,10.05.2022 22:00,25.05.2022 14:00,Lamphun,department of highways,private/passenger car,speeding,rollover/fallen on straight road,1,0,2,clear,18.50790003,99.10480677,straight road,no slope,2022-05-10T15:00:00Z
6458111,10.05.2022 22:30,29.06.2022 07:10,Sukhothai,department of highways,private/passenger car,speeding,rollover/fallen on straight road,1,0,1,clear,16.99509443,99.79507326,straight road,no slope,2022-05-10T15:30:00Z
6275694,10.05.2022 22:50,30.05.2022 08:51,Nan,department of highways,4-wheel pickup truck,speeding,rollover/fallen on straight road,1,0,0,rainy,18.74448581,100.7559022,straight road,no slope,2022-05-10T15:50:00Z
7419026,10.05.2022 23:00,30.11.2022 11:42,Ubon Ratchathani,department of highways,4-wheel pickup truck,speeding,rollover/fallen on straight road,1,0,0,clear,14.90792046,105.0694227,other,other,2022-05-10T16:00:00Z
6566628,11.05.2022 00:51,12.05.2022 08:57,Samut Prakan,department of rural roads,7-10-wheel truck,dangerous curve,other,2,0,2,clear,13.664173,100.536771,grade-separated intersection/ramps,other,2022-05-10T17:51:00Z
6330799,11.05.2022 02:30,8.06.2022 11:01,Trat,department of highways,4-wheel pickup truck,speeding,rollover/fallen on straight road,1,0,1,clear,12.19030156,102.3816454,straight road,no slope,2022-05-10T19:30:00Z
6344595,11.05.2022 02:45,10.06.2022 10:36,Chanthaburi,department of highways,4-wheel pickup truck,speeding,rollover/fallen on straight road,1,0,0,clear,12.46862134,102.1976486,straight road,no slope,2022-05-10T19:45:00Z
7562329,11.05.2022 03:20,18.01.2023 07:42,Nakhon Si Thammarat,department of highways,private/passenger car,falling asleep,rollover/fallen on straight road,1,0,1,clear,8.366404705,99.58620964,straight road,no slope,2022-05-10T20:20:00Z
7558421,11.05.2022 03:30,12.01.2023 16:04,Nakhon Ratchasima,department of highways,motorcycle,speeding,rollover/fallen on straight road,1,1,0,clear,14.98717216,102.1148997,straight road,no slope,2022-05-10T20:30:00Z
6213035,11.05.2022 03:50,16.05.2022 06:52,Uttaradit,department of highways,4-wheel pickup truck,falling asleep,rollover/fallen on straight road,1,0,0,clear,17.36403521,100.2322975,straight road,no slope,2022-05-10T20:50:00Z
6692348,11.05.2022 04:00,10.08.2022 09:12,Trang,department of highways,private/passenger car,speeding,rollover/fallen on straight road,1,0,0,clear,7.80446954,99.62747811,straight road,no slope,2022-05-10T21:00:00Z
6242329,11.05.2022 04:30,24.05.2022 14:06,Nakhon Ratchasima,department of highways,7-10-wheel truck,falling asleep,rollover/fallen on straight road,1,0,0,clear,15.04096171,102.3492336,straight road,no slope,2022-05-10T21:30:00Z
6233728,11.05.2022 05:00,19.05.2022 14:54,Songkhla,department of highways,passenger pickup truck,speeding,rollover/fallen on straight road,1,0,1,clear,7.240841373,100.5468401,straight road,no slope,2022-05-10T22:00:00Z
7332978,11.05.2022 05:00,17.11.2022 15:37,Khon Kaen,department of highways,4-wheel pickup truck,speeding,rollover/fallen on straight road,1,0,0,rainy,16.46136321,102.6263756,wide curve,slope area,2022-05-10T22:00:00Z
6241384,11.05.2022 06:00,23.05.2022 08:27,Ang Thong,department of highways,4-wheel pickup truck,falling asleep,rollover/fallen on straight road,1,0,0,clear,14.69630274,100.4460481,straight road,no slope,2022-05-10T23:00:00Z
6584920,11.05.2022 06:00,21.07.2022 10:07,Khon Kaen,department of highways,private/passenger car,speeding,rollover/fallen on straight road,1,0,0,clear,16.00518714,102.7033147,straight road,no slope,2022-05-10T23:00:00Z
6909712,11.05.2022 06:10,15.09.2022 09:48,Surat Thani,department of highways,private/passenger car,falling asleep,rollover/fallen on straight road,1,0,1,clear,8.811809778,99.31304006,straight road,no slope,2022-05-10T23:10:00Z
6289005,11.05.2022 06:25,1.06.2022 11:11,Prachin Buri,department of highways,4-wheel pickup truck,speeding,rear-end collision,2,0,1,clear,13.87312936,101.4142504,straight road,no slope,2022-05-10T23:25:00Z
6241461,11.05.2022 06:30,23.05.2022 10:33,Suphan Buri,department of highways,4-wheel pickup truck,speeding,rollover/fallen on curved road,1,0,0,clear,14.8822096,100.0857657,wide curve,no slope,2022-05-10T23:30:00Z
6277061,11.05.2022 06:40,30.05.2022 14:05,Nan,department of highways,4-wheel pickup truck,speeding,rollover/fallen on straight road,1,0,1,clear,19.02094987,100.7908916,straight road,no slope,2022-05-10T23:40:00Z
6260292,11.05.2022 07:00,27.05.2022 15:45,Phrae,department of highways,4-wheel pickup truck,speeding,rollover/fallen on curved road,1,0,0,rainy,18.3543906,100.2142703,wide curve,no slope,2022-05-11T00:00:00Z
6566788,11.05.2022 07:50,31.05.2022 13:38,buogkan,department of rural roads,private/passenger car,speeding,other,1,0,1,rainy,18.128602,103.881498,wide curve,no slope,2022-05-11T00:50:00Z
7521498,11.05.2022 08:30,30.12.2022 10:20,Chiang Mai,department of highways,motorcycle,speeding,rear-end collision,2,0,1,clear,18.88357937,99.03373359,straight road,no slope,2022-05-11T01:30:00Z
6196693,11.05.2022 08:59,13.05.2022 09:19,Samut Prakan,department of highways,private/passenger car,speeding,rear-end collision,2,0,0,rainy,13.65208333,100.6888604,other,other,2022-05-11T01:59:00Z
6260003,11.05.2022 09:30,27.05.2022 14:46,Phrae,department of highways,private/passenger car,speeding,rollover/fallen on curved road,1,0,1,rainy,17.85372924,99.87418501,wide curve,slope area,2022-05-11T02:30:00Z
6260290,11.05.2022 09:30,27.05.2022 15:47,Chaiyaphum,department of highways,4-wheel pickup truck,cutting in closely by people/vehicles/animals,head-on collision (not overtaking),2,1,0,clear,15.63003178,101.9281268,straight road,no slope,2022-05-11T02:30:00Z
6242331,11.05.2022 09:45,24.05.2022 14:08,Nakhon Ratchasima,department of highways,private/passenger car,speeding,rear-end collision,2,0,0,clear,14.73813697,102.3777026,straight road,no slope,2022-05-11T02:45:00Z
6252176,11.05.2022 10:00,26.05.2022 08:57,Prachuap Khiri Khan,department of highways,4-wheel pickup truck,vehicle equipment failure,rollover/fallen on straight road,1,0,0,clear,12.25868578,99.86936508,straight road,no slope,2022-05-11T03:00:00Z
6488081,11.05.2022 10:30,4.07.2022 09:05,Loburi,department of highways,other,speeding,rollover/fallen on straight road,1,0,0,rainy,15.07441563,100.7909614,other,other,2022-05-11T03:30:00Z
7331522,11.05.2022 11:00,4.07.2022 08:49,Saraburi,department of highways,4-wheel pickup truck,speeding,rear-end collision,2,0,1,clear,14.57128425,100.9027344,straight road,no slope,2022-05-11T04:00:00Z
7558390,11.05.2022 11:00,12.01.2023 15:26,Mukdahan,department of highways,other,speeding,rollover/fallen on straight road,1,0,0,clear,16.6062652,104.4305661,straight road,no slope,2022-05-11T04:00:00Z
6242066,11.05.2022 11:50,24.05.2022 09:00,Samut Sakhon,department of highways,4-wheel pickup truck,speeding,rollover/fallen on straight road,1,0,0,clear,13.54278097,100.2399713,straight road,no slope,2022-05-11T04:50:00Z
7561462,11.05.2022 13:20,17.01.2023 09:49,Nakhon Ratchasima,department of highways,4-wheel pickup truck,speeding,rollover/fallen on straight road,1,0,1,clear,14.86787665,102.1827811,straight road,no slope,2022-05-11T06:20:00Z
7415099,11.05.2022 13:25,29.11.2022 14:32,Ubon Ratchathani,department of highways,van,falling asleep,rollover/fallen on straight road,1,0,8,clear,15.241161,105.2343839,straight road,no slope,2022-05-11T06:25:00Z
6207851,11.05.2022 13:30,15.05.2022 05:57,Pathum Thani,department of highways,4-wheel pickup truck,speeding,rollover/fallen on straight road,1,0,0,clear,14.05631343,100.6976205,straight road,no slope,2022-05-11T06:30:00Z
6362271,11.05.2022 13:40,13.06.2022 09:55,Phetchabun,department of highways,4-wheel pickup truck,unfamiliarity with the route/unskilled driving,rollover/fallen on curved road,1,0,0,clear,16.88451223,101.1170027,wide curve,slope area,2022-05-11T06:40:00Z
7559141,11.05.2022 14:00,13.01.2023 10:21,Nakhon Ratchasima,department of highways,4-wheel pickup truck,speeding,rollover/fallen on straight road,1,0,0,rainy,14.65468108,101.3655549,straight road,no slope,2022-05-11T07:00:00Z
6202413,11.05.2022 14:11,14.05.2022 06:20,Bangkok,department of highways,4-wheel pickup truck,speeding,rear-end collision,3,0,1,clear,13.68918812,100.699482,straight road,no slope,2022-05-11T07:11:00Z
6218791,11.05.2022 14:33,17.05.2022 09:17,buogkan,department of highways,4-wheel pickup truck,speeding,rollover/fallen on curved road,1,0,1,clear,18.23495595,103.710857,wide curve,no slope,2022-05-11T07:33:00Z
6258437,11.05.2022 14:45,27.05.2022 08:39,Chon Buri,department of highways,private/passenger car,speeding,rear-end collision,2,0,1,clear,12.83949722,100.9625852,straight road,no slope,2022-05-11T07:45:00Z
7518653,11.05.2022 15:00,29.12.2022 14:29,Phitsanulok,department of highways,4-wheel pickup truck,speeding,rollover/fallen on curved road,1,0,2,clear,16.86435833,100.6762487,wide curve,no slope,2022-05-11T08:00:00Z
6243177,11.05.2022 15:30,25.05.2022 13:27,Phetchaburi,department of highways,6-wheel truck,speeding,rollover/fallen on straight road,1,0,0,rainy,13.21769427,99.82596158,straight road,no slope,2022-05-11T08:30:00Z
7521159,11.05.2022 15:45,30.12.2022 09:06,Chiang Mai,department of highways,4-wheel pickup truck,speeding,rear-end collision,2,0,1,clear,18.86145803,98.96587102,straight road,no slope,2022-05-11T08:45:00Z
6566633,11.05.2022 15:50,12.05.2022 10:42,Samut Prakan,department of rural roads,motorcycle,tailgating,other,2,0,2,clear,13.665376,100.538869,grade-separated intersection/ramps,other,2022-05-11T08:50:00Z
6465421,11.05.2022 16:25,30.06.2022 09:59,Phuket,department of highways,van,speeding,rollover/fallen on straight road,1,0,0,clear,7.941821948,98.38122724,straight road,no slope,2022-05-11T09:25:00Z
6277200,11.05.2022 16:30,30.05.2022 14:29,Phayao,department of highways,large truck with trailer,speeding,rear-end collision,2,0,1,clear,19.04358758,99.9342209,straight road,no slope,2022-05-11T09:30:00Z
6191847,11.05.2022 16:50,12.05.2022 14:43,Pathum Thani,department of highways,large truck with trailer,speeding,rollover/fallen on straight road,1,0,0,rainy,14.05177568,100.6980255,straight road,no slope,2022-05-11T09:50:00Z
6282552,11.05.2022 17:00,31.05.2022 10:39,Phrae,department of highways,4-wheel pickup truck,vehicle equipment failure,rollover/fallen on straight road,1,0,0,clear,18.08022025,99.81927215,straight road,no slope,2022-05-11T10:00:00Z
6362146,11.05.2022 17:00,13.06.2022 09:38,Tak,department of highways,motorcycle,cutting in closely by people/vehicles/animals,head-on collision (not overtaking),2,1,0,clear,17.20606042,99.09283339,connecting to public/commercial area,other,2022-05-11T10:00:00Z
6277801,11.05.2022 18:20,30.05.2022 16:09,Surin,department of highways,private/passenger car,speeding,head-on collision (not overtaking),2,0,1,clear,14.7469796,103.4267118,straight road,no slope,2022-05-11T11:20:00Z
6243174,11.05.2022 18:35,25.05.2022 13:25,Phetchaburi,department of highways,large truck with trailer,speeding,rollover/fallen on straight road,1,0,0,clear,12.78250939,99.93810473,connecting to public/commercial area,other,2022-05-11T11:35:00Z
6242253,11.05.2022 19:20,24.05.2022 12:17,Chanthaburi,department of highways,motorcycle,speeding,rear-end collision,2,1,0,clear,12.77479547,101.8372241,straight road,no slope,2022-05-11T12:20:00Z
6362247,11.05.2022 19:30,13.06.2022 09:51,Tak,department of highways,motorcycle,speeding,collision with obstruction (on road surface),2,1,0,clear,17.0042823,98.52529137,straight road,no slope,2022-05-11T12:30:00Z
6546282,11.05.2022 19:30,13.07.2022 20:12,Krabi,department of highways,private/passenger car,falling asleep,rollover/fallen on straight road,1,0,1,clear,8.262948533,99.05667721,straight road,no slope,2022-05-11T12:30:00Z
6549627,11.05.2022 19:30,14.07.2022 13:39,Khon Kaen,department of highways,4-wheel pickup truck,speeding,rollover/fallen on straight road,1,0,0,clear,16.61287599,101.9906732,other,other,2022-05-11T12:30:00Z
7518575,11.05.2022 20:16,29.12.2022 11:39,Nonthaburi,expressway authority of thailand,other,other,rear-end collision,7,0,0,clear,13.850065,100.5333966,straight road,other,2022-05-11T13:16:00Z
6938091,11.05.2022 21:30,19.09.2022 14:40,Nakhon Ratchasima,department of highways,private/passenger car,cutting in closely by people/vehicles/animals,rear-end collision,2,0,0,clear,15.54699656,102.5507051,straight road,no slope,2022-05-11T14:30:00Z
6242156,11.05.2022 23:00,24.05.2022 10:26,Samut Prakan,department of highways,large truck with trailer,running red lights/traffic signals,other,1,0,0,clear,13.65545081,100.6719652,other,other,2022-05-11T16:00:00Z
7521407,11.05.2022 23:00,30.12.2022 09:56,Chiang Mai,department of highways,motorcycle,speeding,rollover/fallen on straight road,1,0,1,clear,18.9339227,98.98842304,straight road,no slope,2022-05-11T16:00:00Z
6943739,11.05.2022 23:10,20.09.2022 10:53,Samut Prakan,department of highways,private/passenger car,driving under the influence of alcohol,rollover/fallen on straight road,1,0,1,clear,13.63046723,100.7382774,straight road,no slope,2022-05-11T16:10:00Z
6277198,11.05.2022 23:20,30.05.2022 14:29,Phayao,department of highways,private/passenger car,speeding,rollover/fallen on straight road,1,0,1,clear,19.03967793,99.93056773,straight road,no slope,2022-05-11T16:20:00Z
6242274,12.05.2022 00:01,24.05.2022 12:57,Songkhla,department of highways,motorcycle,speeding,rollover/fallen on straight road,1,2,0,clear,6.861800311,100.4704696,straight road,no slope,2022-05-11T17:01:00Z
6242399,12.05.2022 00:30,24.05.2022 14:49,Chachoengsao,department of highways,motorcycle,speeding,rear-end collision,2,1,0,clear,13.74687045,101.4753377,straight road,no slope,2022-05-11T17:30:00Z
7007766,12.05.2022 00:30,30.09.2022 10:49,Sing Buri,department of highways,private/passenger car,speeding,rollover/fallen on straight road,1,0,0,clear,14.89766655,100.4070407,other,other,2022-05-11T17:30:00Z
6918500,12.05.2022 01:00,16.09.2022 13:44,Chiang Mai,department of highways,motorcycle,speeding,rear-end collision,2,0,1,clear,18.945250390000002,98.943233179999993,straight road,no slope,2022-05-11T18:00:00Z
6241388,12.05.2022 02:20,23.05.2022 08:30,Ang Thong,department of highways,4-wheel pickup truck,speeding,rollover/fallen on straight road,1,0,1,clear,14.58448679,100.3005597,straight road,no slope,2022-05-11T19:20:00Z
7562645,12.05.2022 02:30,18.01.2023 10:09,Phatthalung,department of highways,4-wheel pickup truck,falling asleep,rollover/fallen on straight road,1,0,0,clear,7.575605791,99.8823738,other,other,2022-05-11T19:30:00Z
7518810,12.05.2022 04:38,29.12.2022 15:00,Phitsanulok,department of highways,4-wheel pickup truck,speeding,rollover/fallen on straight road,1,0,1,clear,16.81302446,100.3312388,straight road,no slope,2022-05-11T21:38:00Z
6277853,12.05.2022 04:39,30.05.2022 16:23,Surin,department of highways,motorcycle,speeding,head-on collision (not overtaking),2,1,1,clear,14.89998124,103.7242332,straight road,no slope,2022-05-11T21:39:00Z
6937991,12.05.2022 05:20,19.09.2022 14:20,Phrae,department of highways,4-wheel pickup truck,speeding,rollover/fallen on straight road,1,0,1,rainy,18.37693944,100.2010041,straight road,no slope,2022-05-11T22:20:00Z
6189879,12.05.2022 05:36,12.05.2022 06:18,Bangkok,expressway authority of thailand,other,other,other,2,0,1,clear,13.67855859,100.51447,grade-separated intersection/ramps,other,2022-05-11T22:36:00Z
6896863,12.05.2022 06:00,13.09.2022 13:25,Loei,department of highways,4-wheel pickup truck,speeding,rollover/fallen on straight road,1,0,1,rainy,17.45719457,101.3711929,straight road,no slope,2022-05-11T23:00:00Z
6220080,12.05.2022 06:17,17.05.2022 13:50,Sakon Nakhon,department of highways,private/passenger car,vehicle equipment failure,other,1,0,0,rainy,17.38894208,103.7210923,other,other,2022-05-11T23:17:00Z
6197112,12.05.2022 07:36,13.05.2022 11:03,Pathum Thani,department of highways,private/passenger car,speeding,rear-end collision,4,0,0,clear,13.93235161,100.7081884,straight road,no slope,2022-05-12T00:36:00Z
6451672,12.05.2022 07:40,28.06.2022 07:33,Surin,department of highways,4-wheel pickup truck,falling asleep,rollover/fallen on straight road,1,0,3,clear,14.61881332,103.7682268,straight road,no slope,2022-05-12T00:40:00Z
6566790,12.05.2022 07:40,1.06.2022 11:56,Krabi,department of rural roads,motorcycle,using mobile phone while driving,other,2,2,1,clear,8.447313,98.79078,straight road,no slope,2022-05-12T00:40:00Z
6191049,12.05.2022 08:22,12.05.2022 11:31,Samut Prakan,expressway authority of thailand,other,other,rear-end collision,3,0,0,clear,13.592015,100.818643,straight road,other,2022-05-12T01:22:00Z
6219883,12.05.2022 08:30,17.05.2022 13:09,Tak,department of highways,4-wheel pickup truck,speeding,rollover/fallen on curved road,1,0,0,rainy,16.76765292,98.71294139,wide curve,slope area,2022-05-12T01:30:00Z
6241404,12.05.2022 08:30,23.05.2022 09:00,Phrae,department of highways,4-wheel pickup truck,speeding,rollover/fallen on straight road,1,0,0,clear,18.29188606,100.2587896,straight road,no slope,2022-05-12T01:30:00Z
6243293,12.05.2022 08:30,25.05.2022 15:31,Prachuap Khiri Khan,department of highways,other,speeding,rollover/fallen on straight road,1,0,0,clear,12.100104,99.85377608,straight road,no slope,2022-05-12T01:30:00Z
6410405,12.05.2022 08:50,21.06.2022 10:28,Ratchaburi,department of highways,other,speeding,rollover/fallen on straight road,1,0,0,clear,13.35184439,99.82765405,straight road,no slope,2022-05-12T01:50:00Z
7438597,12.05.2022 09:00,7.12.2022 09:52,Kanchanaburi,department of highways,4-wheel pickup truck,cutting in closely by people/vehicles/animals,collision at intersection corner,2,0,1,clear,13.96712908,99.74671035,other,other,2022-05-12T02:00:00Z
6207853,12.05.2022 09:34,15.05.2022 05:59,Chachoengsao,department of highways,4-wheel pickup truck,speeding,rear-end collision,2,0,1,clear,13.54515912,101.003918,straight road,no slope,2022-05-12T02:34:00Z
6198737,12.05.2022 09:45,13.05.2022 17:48,Chiang Rai,department of highways,4-wheel pickup truck,speeding,rollover/fallen on straight road,1,0,0,clear,19.27354165,99.51207875,straight road,no slope,2022-05-12T02:45:00Z
7007906,12.05.2022 11:00,30.09.2022 11:14,Chachoengsao,department of highways,6-wheel truck,speeding,rollover/fallen on curved road,1,0,0,clear,13.65691299,101.1380392,wide curve,no slope,2022-05-12T04:00:00Z
6241534,12.05.2022 11:10,23.05.2022 13:08,Suphan Buri,department of highways,motorcycle,speeding,rear-end collision,2,0,1,clear,14.55232531,100.1960903,other,other,2022-05-12T04:10:00Z
6227438,12.05.2022 11:55,18.05.2022 16:01,Bangkok,department of highways,4-wheel pickup truck,speeding,rear-end collision,2,0,0,clear,13.73091718,100.7182011,straight road,no slope,2022-05-12T04:55:00Z
6192190,12.05.2022 12:00,12.05.2022 15:47,Nakhon Sawan,department of highways,motorcycle,cutting in closely by people/vehicles/animals,head-on collision (not overtaking),2,1,0,clear,15.59384557,100.3838342,straight road,no slope,2022-05-12T05:00:00Z
6212906,12.05.2022 12:00,16.05.2022 06:10,Kanchanaburi,department of highways,4-wheel pickup truck,falling asleep,rollover/fallen on straight road,1,0,0,clear,14.01473134,99.55945461,straight road,no slope,2022-05-12T05:00:00Z
7564272,12.05.2022 12:00,19.01.2023 11:56,Samut Sakhon,department of highways,7-10-wheel truck,speeding,rollover/fallen on straight road,2,0,0,clear,13.44841821,100.0779149,straight road,no slope,2022-05-12T05:00:00Z
6258548,12.05.2022 13:30,27.05.2022 09:07,Phrae,department of highways,4-wheel pickup truck,speeding,rollover/fallen on curved road,1,0,0,clear,18.05045171,99.69924598,wide curve,slope area,2022-05-12T06:30:00Z
6238703,12.05.2022 15:00,20.05.2022 10:05,Narathiwat,department of highways,private/passenger car,speeding,rollover/fallen on straight road,1,0,0,clear,6.04861094,101.9996559,straight road,no slope,2022-05-12T08:00:00Z
6252913,12.05.2022 15:12,26.05.2022 11:28,Surat Thani,department of highways,4-wheel pickup truck,illegal overtaking,collision with obstruction (on road surface),3,1,1,rainy,8.626492833,99.00635629,wide curve,slope area,2022-05-12T08:12:00Z
7331529,12.05.2022 15:33,17.05.2022 09:25,Sukhothai,department of highways,4-wheel pickup truck,speeding,head-on collision (not overtaking),2,0,7,clear,17.11327119,99.88956212,wide curve,no slope,2022-05-12T08:33:00Z
6242252,12.05.2022 15:40,24.05.2022 12:16,Chanthaburi,department of highways,private/passenger car,falling asleep,rear-end collision,2,0,1,clear,12.75206039,101.8689036,straight road,no slope,2022-05-12T08:40:00Z
7371889,12.05.2022 15:45,23.11.2022 11:51,Udon Thani,department of highways,4-wheel pickup truck,speeding,rear-end collision,5,1,0,rainy,17.36496192,103.0072626,straight road,no slope,2022-05-12T08:45:00Z
7554775,12.05.2022 16:25,9.01.2023 14:49,Yasothon,department of highways,7-10-wheel truck,speeding,other,1,0,1,clear,16.20362789,104.5053702,wide curve,no slope,2022-05-12T09:25:00Z
7414106,12.05.2022 16:30,28.11.2022 10:19,Maha Sarakham,department of highways,private/passenger car,speeding,rollover/fallen on straight road,1,0,2,clear,16.1475349,103.3064738,other,other,2022-05-12T09:30:00Z
6260254,12.05.2022 16:45,27.05.2022 15:38,Phrae,department of highways,4-wheel pickup truck,speeding,rollover/fallen on curved road,1,0,0,rainy,18.3591791,100.3433221,wide curve,no slope,2022-05-12T09:45:00Z