acc_code,incident_datetime,report_datetime,province_en,agency,vehicle_type,presumed_cause,accident_type,number_of_vehicles_involved,number_of_fatalities,number_of_injuries,weather_condition,latitude,longitude,road_description,slope_description,incident_time
7378461,12.05.2022 16:50,24.11.2022 09:44,Ubon Ratchathani,department of highways,4-wheel pickup truck,speeding,collision with obstruction (on road surface),1,1,0,clear,15.27109535,104.8130894,straight road,no slope,2022-05-12T09:50:00Z
6238850,12.05.2022 17:30,20.05.2022 10:31,Songkhla,department of highways,4-wheel pickup truck,speeding,head-on collision (not overtaking),2,0,4,clear,6.818170437,100.4581851,straight road,no slope,2022-05-12T10:30:00Z
6241425,12.05.2022 17:30,23.05.2022 09:48,Suphan Buri,department of highways,motorcycle,speeding,collision with obstruction (on road surface),2,0,1,clear,14.2298875,100.0333848,straight road,no slope,2022-05-12T10:30:00Z
7424668,12.05.2022 17:30,2.12.2022 10:02,Chiang Mai,department of highways,private/passenger car,speeding,collision at intersection corner,3,0,1,clear,18.92138903,98.93827914,other,other,2022-05-12T10:30:00Z
6239810,12.05.2022 17:45,20.05.2022 14:03,Phrae,department of highways,private/passenger car,illegal overtaking,side collision,2,0,1,rainy,18.1037097,99.86128627,straight road,no slope,2022-05-12T10:45:00Z
6240188,12.05.2022 17:45,20.05.2022 15:17,Phrae,department of highways,motorcycle,cutting in closely by people/vehicles/animals,rear-end collision,2,0,1,clear,18.31494469,100.3019571,straight road,no slope,2022-05-12T10:45:00Z
6220064,12.05.2022 18:30,17.05.2022 13:49,Kalasin,department of highways,private/passenger car,speeding,rollover/fallen on curved road,1,0,2,rainy,16.56430243,103.2622576,wide curve,no slope,2022-05-12T11:30:00Z
6220158,12.05.2022 18:30,17.05.2022 14:11,Nakhon Sawan,department of highways,4-wheel pickup truck,falling asleep,rollover/fallen on straight road,1,0,2,clear,15.89334547,100.1140898,straight road,no slope,2022-05-12T11:30:00Z
6241422,12.05.2022 18:30,23.05.2022 09:46,Suphan Buri,department of highways,4-wheel pickup truck,speeding,rear-end collision,2,0,1,rainy,14.2997467,99.85776721,straight road,no slope,2022-05-12T11:30:00Z
6362054,12.05.2022 19:00,13.06.2022 09:16,Tak,department of highways,large truck with trailer,speeding,rollover/fallen on curved road,1,0,0,rainy,16.76295568,98.87821107,wide curve,slope area,2022-05-12T12:00:00Z
7331526,12.05.2022 19:00,16.05.2022 06:34,Chai Nat,department of highways,4-wheel pickup truck,speeding,head-on collision (not overtaking),2,1,1,clear,15.13804798,100.2447966,connecting to public/commercial area,other,2022-05-12T12:00:00Z
6243300,12.05.2022 19:10,25.05.2022 15:45,Chiang Rai,department of highways,4-wheel pickup truck,speeding,rollover/fallen on straight road,1,0,0,rainy,19.70165515,99.71944837,straight road,no slope,2022-05-12T12:10:00Z
6202497,12.05.2022 19:45,14.05.2022 06:52,Phichit,department of highways,private/passenger car,speeding,rollover/fallen on straight road,1,3,0,rainy,16.21580781,100.1267606,straight road,no slope,2022-05-12T12:45:00Z
6197041,12.05.2022 20:06,13.05.2022 10:40,Phra Nakhon Si Ayutthaya,department of highways,4-wheel pickup truck,speeding,rollover/fallen on straight road,1,0,0,clear,14.17371984,100.6456581,straight road,no slope,2022-05-12T13:06:00Z
6566643,12.05.2022 21:40,13.05.2022 14:11,Khon Kaen,department of rural roads,motorcycle,speeding,other,1,1,0,clear,16.519247,102.688439,straight road,no slope,2022-05-12T14:40:00Z
7558389,12.05.2022 23:00,12.01.2023 15:25,Mukdahan,department of highways,4-wheel pickup truck,speeding,rollover/fallen on straight road,1,0,0,clear,16.60630118,104.4306841,straight road,no slope,2022-05-12T16:00:00Z
6220061,12.05.2022 23:20,17.05.2022 13:47,Sakon Nakhon,department of highways,private/passenger car,speeding,rollover/fallen on straight road,1,0,0,clear,17.45389386,103.537825,straight road,no slope,2022-05-12T16:20:00Z
6218839,12.05.2022 23:30,17.05.2022 09:26,Kamphaeng Phet,department of highways,motorcycle,speeding,rear-end collision,2,1,0,clear,16.36494483,99.62410925,straight road,no slope,2022-05-12T16:30:00Z
7558360,12.05.2022 23:30,12.01.2023 14:59,Nakhon Phanom,department of highways,4-wheel pickup truck,speeding,rollover/fallen on straight road,1,0,1,clear,17.30896444,104.5408988,straight road,no slope,2022-05-12T16:30:00Z
6566642,12.05.2022 23:40,13.05.2022 14:10,Rayong,department of rural roads,private/passenger car,speeding,other,3,1,2,dark,12.983306,101.149561,straight road,no slope,2022-05-12T16:40:00Z
7565097,12.05.2022 23:40,20.01.2023 08:48,Pathum Thani,department of highways,4-wheel pickup truck,speeding,rollover/fallen on straight road,1,0,1,clear,14.05598559,100.6170094,other,other,2022-05-12T16:40:00Z
6686766,12.05.2022 23:50,9.08.2022 11:29,Nakhon Sawan,department of highways,large truck with trailer,speeding,rollover/fallen on straight road,1,0,0,clear,15.67145156,100.1268276,other,other,2022-05-12T16:50:00Z
6724475,13.05.2022 00:10,15.08.2022 14:30,Suphan Buri,department of highways,4-wheel pickup truck,speeding,rollover/fallen on curved road,1,0,0,clear,14.63689715,100.1508415,wide curve,no slope,2022-05-12T17:10:00Z
7510338,13.05.2022 00:15,27.12.2022 09:04,Trat,department of highways,private/passenger car,debris/obstruction on the road,pedestrian collision,1,1,0,clear,12.20109238,102.4783283,straight road,no slope,2022-05-12T17:15:00Z
7331535,13.05.2022 00:30,16.05.2022 06:24,Phichit,department of highways,private/passenger car,speeding,rollover/fallen on straight road,1,1,0,clear,16.1870863,100.523006,straight road,no slope,2022-05-12T17:30:00Z
6724448,13.05.2022 01:30,15.08.2022 14:29,Suphan Buri,department of highways,7-10-wheel truck,falling asleep,rollover/fallen on straight road,1,0,0,clear,14.46694969,100.1312211,straight road,no slope,2022-05-12T18:30:00Z
6495474,13.05.2022 03:45,5.07.2022 13:59,Chon Buri,department of highways,private/passenger car,speeding,rollover/fallen on curved road,1,0,0,clear,13.00116289,100.931544,other,other,2022-05-12T20:45:00Z
7521362,13.05.2022 04:30,30.12.2022 09:51,Chiang Mai,department of highways,4-wheel pickup truck,speeding,rollover/fallen on straight road,1,0,0,clear,18.84628409,99.0136358,straight road,no slope,2022-05-12T21:30:00Z
6318125,13.05.2022 04:48,6.06.2022 10:49,Samut Prakan,expressway authority of thailand,other,other,rollover/fallen on straight road,1,0,0,clear,13.633184,100.537902,grade-separated intersection/ramps,other,2022-05-12T21:48:00Z
6281914,13.05.2022 05:00,31.05.2022 08:16,Chanthaburi,department of highways,private/passenger car,speeding,rollover/fallen on straight road,1,0,0,rainy,12.89937949,102.2671312,straight road,no slope,2022-05-12T22:00:00Z
7331532,13.05.2022 05:30,14.05.2022 06:32,Maha Sarakham,department of highways,private/passenger car,cutting in closely by people/vehicles/animals,rollover/fallen on straight road,1,1,2,clear,16.1476766,103.4025666,straight road,no slope,2022-05-12T22:30:00Z
7554491,13.05.2022 05:45,9.01.2023 12:53,Chiang Mai,department of highways,motorcycle,speeding,rear-end collision,2,0,1,clear,18.87883353,99.03643458,straight road,no slope,2022-05-12T22:45:00Z
6701436,13.05.2022 06:15,11.08.2022 10:45,Kanchanaburi,department of highways,4-wheel pickup truck,speeding,rollover/fallen on straight road,1,0,0,clear,13.91313846,99.7701314,other,other,2022-05-12T23:15:00Z
6196392,13.05.2022 06:30,13.05.2022 07:52,Suphan Buri,department of highways,large truck with trailer,falling asleep,rollover/fallen on straight road,1,0,0,clear,14.87537376,99.86799447,straight road,no slope,2022-05-12T23:30:00Z
6533165,13.05.2022 06:30,11.07.2022 14:36,Phetchabun,department of highways,6-wheel truck,speeding,head-on collision (not overtaking),2,0,2,clear,16.74925367,101.2008324,straight road,no slope,2022-05-12T23:30:00Z
6284124,13.05.2022 06:40,31.05.2022 15:52,Krabi,department of highways,4-wheel pickup truck,speeding,head-on collision (not overtaking),2,1,3,clear,8.184360915,99.02828066,straight road,no slope,2022-05-12T23:40:00Z
6202469,13.05.2022 06:50,14.05.2022 06:46,Bangkok,department of highways,private/passenger car,speeding,rear-end collision,3,0,1,clear,13.78577071,100.4629058,other,other,2022-05-12T23:50:00Z
6331104,13.05.2022 07:00,8.06.2022 12:15,Si Sa Ket,department of highways,private/passenger car,speeding,rollover/fallen on straight road,1,0,2,clear,14.96786856,104.6242162,other,other,2022-05-13T00:00:00Z
7562673,13.05.2022 07:08,18.01.2023 10:23,Prachin Buri,department of highways,7-10-wheel truck,speeding,other,1,0,0,clear,14.30830279,101.8634802,wide curve,slope area,2022-05-13T00:08:00Z
6258328,13.05.2022 07:17,27.05.2022 08:12,Chon Buri,department of highways,6-wheel truck,cutting in closely by people/vehicles/animals,rear-end collision,2,0,0,clear,13.11415059,100.9649777,straight road,no slope,2022-05-13T00:17:00Z
6241527,13.05.2022 08:14,23.05.2022 12:58,Phra Nakhon Si Ayutthaya,department of highways,7-10-wheel truck,vehicle equipment failure,rollover/fallen on straight road,1,0,0,clear,14.21149237,100.6774771,straight road,no slope,2022-05-13T01:14:00Z
6226276,13.05.2022 09:00,18.05.2022 11:59,Kamphaeng Phet,department of highways,large truck with trailer,falling asleep,rear-end collision,2,0,0,clear,16.47426399,99.49639855,other,other,2022-05-13T02:00:00Z
6488833,13.05.2022 09:00,4.07.2022 11:16,Bangkok,department of highways,other,speeding,rollover/fallen on straight road,1,0,0,clear,13.93737593,100.6111729,other,other,2022-05-13T02:00:00Z
6199573,13.05.2022 09:30,13.05.2022 20:44,Chai Nat,department of highways,4-wheel pickup truck,speeding,rollover/fallen on curved road,1,0,1,clear,15.29382532,100.1208356,wide curve,no slope,2022-05-13T02:30:00Z
6199722,13.05.2022 10:00,13.05.2022 21:06,Chachoengsao,department of highways,4-wheel pickup truck,vehicle equipment failure,rollover/fallen on straight road,1,0,0,clear,13.7453932,101.46532500000001,straight road,no slope,2022-05-13T03:00:00Z
6219199,13.05.2022 10:00,17.05.2022 10:37,Kanchanaburi,department of highways,4-wheel pickup truck,speeding,rollover/fallen on curved road,1,0,0,clear,14.81367813,98.66777031,wide curve,no slope,2022-05-13T03:00:00Z
6572128,13.05.2022 10:00,19.07.2022 10:17,Maha Sarakham,department of highways,private/passenger car,falling asleep,rollover/fallen on straight road,1,0,3,clear,16.04729821,102.9111725,straight road,no slope,2022-05-13T03:00:00Z
6243175,13.05.2022 10:20,25.05.2022 13:22,Phetchaburi,department of highways,7-10-wheel truck,speeding,rollover/fallen on straight road,1,0,0,clear,13.24791388,99.8251891,straight road,no slope,2022-05-13T03:20:00Z
6258357,13.05.2022 10:20,27.05.2022 08:15,Rayong,department of highways,large passenger vehicle,speeding,rollover/fallen on straight road,1,0,0,clear,12.71945707,101.0200006,straight road,no slope,2022-05-13T03:20:00Z
6531399,13.05.2022 10:20,11.07.2022 09:11,Chiang Mai,department of highways,private/passenger car,speeding,rear-end collision,3,0,0,clear,18.84753299,99.0806052,straight road,no slope,2022-05-13T03:20:00Z
6283488,13.05.2022 11:00,31.05.2022 14:04,Chiang Mai,department of highways,6-wheel truck,speeding,rollover/fallen on curved road,1,0,2,clear,18.84640594,98.76722394,sharp curve,slope area,2022-05-13T04:00:00Z
6318004,13.05.2022 11:04,6.06.2022 10:38,Bangkok,expressway authority of thailand,other,other,rollover/fallen on straight road,1,0,0,clear,13.89523,100.66466,straight road,other,2022-05-13T04:04:00Z
6199504,13.05.2022 11:30,13.05.2022 20:28,Phra Nakhon Si Ayutthaya,department of highways,large passenger vehicle,speeding,rear-end collision,2,0,0,clear,14.454072590000001,100.5399307,straight road,no slope,2022-05-13T04:30:00Z
6258329,13.05.2022 11:38,27.05.2022 08:14,Chon Buri,department of highways,4-wheel pickup truck,speeding,rear-end collision,2,0,0,clear,13.27771205,100.9907216,straight road,no slope,2022-05-13T04:38:00Z
6202473,13.05.2022 12:30,14.05.2022 06:48,Suphan Buri,department of highways,motorcycle,cutting in closely by people/vehicles/animals,collision at intersection corner,2,0,2,clear,14.86756296,99.99175428,other,other,2022-05-13T05:30:00Z
6495620,13.05.2022 12:30,5.07.2022 14:15,Chon Buri,department of highways,4-wheel pickup truck,speeding,rollover/fallen on straight road,1,0,0,clear,13.39494511,101.0094461,straight road,no slope,2022-05-13T05:30:00Z
6227400,13.05.2022 13:23,18.05.2022 15:52,Bangkok,department of highways,private/passenger car,speeding,rear-end collision,2,0,0,clear,13.73111,100.7163906,straight road,no slope,2022-05-13T06:23:00Z
6199695,13.05.2022 13:26,13.05.2022 21:01,Chanthaburi,department of highways,4-wheel pickup truck,speeding,rear-end collision,3,0,2,clear,12.87603335,102.0969289,straight road,no slope,2022-05-13T06:26:00Z
6362092,13.05.2022 14:00,13.06.2022 09:25,Tak,department of highways,4-wheel pickup truck,falling asleep,rollover/fallen on straight road,1,0,0,clear,17.25161023,99.12987201,straight road,no slope,2022-05-13T07:00:00Z
6918814,13.05.2022 14:00,16.09.2022 14:42,Phra Nakhon Si Ayutthaya,department of highways,private/passenger car,speeding,rear-end collision,2,0,0,clear,14.16422241,100.5811348,other,other,2022-05-13T07:00:00Z
6724481,13.05.2022 14:10,15.08.2022 14:33,Suphan Buri,department of highways,4-wheel pickup truck,speeding,rollover/fallen on curved road,1,0,5,clear,14.53400085,100.1066896,other,other,2022-05-13T07:10:00Z
6508899,13.05.2022 14:30,7.07.2022 14:40,Krabi,department of highways,4-wheel pickup truck,speeding,rollover/fallen on straight road,1,0,1,rainy,8.025800717,99.10546123,straight road,no slope,2022-05-13T07:30:00Z
6243161,13.05.2022 14:50,25.05.2022 12:42,Chiang Mai,department of highways,private/passenger car,speeding,rollover/fallen on straight road,1,0,0,clear,19.05248918,99.35179262,straight road,no slope,2022-05-13T07:50:00Z
6209533,13.05.2022 15:20,15.05.2022 13:04,Nakhon Si Thammarat,department of highways,7-10-wheel truck,falling asleep,rollover/fallen on straight road,1,0,0,clear,8.229000403,99.56444083,straight road,no slope,2022-05-13T08:20:00Z
6241370,13.05.2022 15:30,23.05.2022 07:45,Kamphaeng Phet,department of highways,4-wheel pickup truck,cutting in closely by people/vehicles/animals,rear-end collision,2,2,1,clear,16.58290198,99.43860231,wide curve,no slope,2022-05-13T08:30:00Z
6259795,13.05.2022 15:30,27.05.2022 14:05,Phrae,department of highways,large truck with trailer,speeding,rollover/fallen on curved road,1,0,0,rainy,18.05933894,99.69715922,wide curve,slope area,2022-05-13T08:30:00Z
6199696,13.05.2022 16:00,13.05.2022 21:04,Chanthaburi,department of highways,private/passenger car,speeding,rollover/fallen on straight road,1,0,2,clear,12.93542066,102.2701943,straight road,no slope,2022-05-13T09:00:00Z
6200075,13.05.2022 16:30,13.05.2022 22:25,Kanchanaburi,department of highways,private/passenger car,ignoring stop sign while leaving intersection,collision at intersection corner,2,0,1,clear,13.86892913,99.707247,other,other,2022-05-13T09:30:00Z
6501371,13.05.2022 16:54,6.07.2022 09:48,Chachoengsao,department of highways,large truck with trailer,speeding,collision with obstruction (on road surface),1,0,0,clear,13.60161227,100.9534335,wide curve,slope area,2022-05-13T09:54:00Z
6566686,13.05.2022 17:14,19.05.2022 10:05,Samut Prakan,department of rural roads,large truck with trailer,brake/anti-lock brake system failure,other,1,0,0,clear,13.664222,100.532602,straight road,slope area,2022-05-13T10:14:00Z
6258326,13.05.2022 17:30,27.05.2022 08:10,Chon Buri,department of highways,motorcycle,speeding,rear-end collision,2,0,1,clear,13.11593737,100.9741133,straight road,no slope,2022-05-13T10:30:00Z
6338488,13.05.2022 18:30,9.06.2022 14:31,Ubon Ratchathani,department of highways,4-wheel pickup truck,speeding,rollover/fallen on straight road,1,0,1,clear,14.59121235,104.9304119,straight road,no slope,2022-05-13T11:30:00Z
6218816,13.05.2022 18:58,17.05.2022 09:24,Sukhothai,department of highways,motorcycle,speeding,rollover/fallen on straight road,1,0,1,clear,17.01329019,99.76109503,straight road,no slope,2022-05-13T11:58:00Z
6218974,13.05.2022 19:00,17.05.2022 09:50,Phrae,department of highways,4-wheel pickup truck,cutting in closely by people/vehicles/animals,head-on collision (not overtaking),2,0,1,rainy,18.03786092,99.69920038,wide curve,slope area,2022-05-13T12:00:00Z
6226063,13.05.2022 19:20,18.05.2022 11:13,Phrae,department of highways,motorcycle,speeding,collision with obstruction (on road surface),2,0,1,clear,18.31490904,100.3022414,straight road,no slope,2022-05-13T12:20:00Z
6227324,13.05.2022 19:21,18.05.2022 15:35,Samut Prakan,department of highways,private/passenger car,speeding,rear-end collision,5,0,0,clear,13.66644952,100.8494121,straight road,no slope,2022-05-13T12:21:00Z
7331537,13.05.2022 19:25,23.05.2022 08:26,Ang Thong,department of highways,private/passenger car,cutting in closely by people/vehicles/animals,rear-end collision,2,1,0,clear,14.5639532,100.3566581,straight road,no slope,2022-05-13T12:25:00Z
6260275,13.05.2022 19:30,27.05.2022 15:40,Phrae,department of highways,private/passenger car,speeding,rollover/fallen on straight road,1,0,0,clear,18.3936468,100.4496905,straight road,no slope,2022-05-13T12:30:00Z
6241364,13.05.2022 19:45,23.05.2022 07:41,Uthai Thani,department of highways,4-wheel pickup truck,speeding,rollover/fallen on straight road,1,0,0,clear,15.17731375,99.69726919,straight road,no slope,2022-05-13T12:45:00Z
6238441,13.05.2022 21:30,20.05.2022 09:29,Roi Et,department of highways,private/passenger car,speeding,head-on collision (not overtaking),2,2,3,clear,15.85978624,103.8502192,straight road,no slope,2022-05-13T14:30:00Z
6204448,13.05.2022 22:00,14.05.2022 15:12,Bangkok,department of highways,motorcycle,speeding,rear-end collision,2,1,0,clear,13.62563181,100.4709363,connecting to public/commercial area,other,2022-05-13T15:00:00Z
6202656,13.05.2022 22:09,14.05.2022 07:33,Bangkok,department of highways,6-wheel truck,speeding,rear-end collision,2,0,0,clear,13.70755462,100.4062173,straight road,no slope,2022-05-13T15:09:00Z
6202279,13.05.2022 22:25,14.05.2022 05:33,Nakhon Sawan,department of highways,private/passenger car,speeding,rollover/fallen on straight road,1,3,0,clear,15.64869845,100.134201,straight road,no slope,2022-05-13T15:25:00Z
6566796,13.05.2022 23:30,23.05.2022 15:47,Nakhon Nayok,department of rural roads,4-wheel pickup truck,speeding,other,2,1,0,other,13.974806,101.030209,straight road,no slope,2022-05-13T16:30:00Z
6724440,14.05.2022 00:10,15.08.2022 14:26,Suphan Buri,department of highways,private/passenger car,falling asleep,rollover/fallen on straight road,1,0,1,clear,14.91729007,99.66894774,straight road,no slope,2022-05-13T17:10:00Z
6242221,14.05.2022 00:50,24.05.2022 11:39,Chanthaburi,department of highways,private/passenger car,speeding,rollover/fallen on straight road,1,0,0,clear,12.69319504,101.9933849,other,other,2022-05-13T17:50:00Z
6445081,14.05.2022 02:15,27.06.2022 09:15,Phetchabun,department of highways,4-wheel pickup truck,speeding,rollover/fallen on curved road,1,0,0,clear,16.77521859,101.1694988,wide curve,no slope,2022-05-13T19:15:00Z
6242231,14.05.2022 02:50,24.05.2022 11:42,Chanthaburi,department of highways,4-wheel pickup truck,speeding,rollover/fallen on straight road,1,0,1,clear,12.70835288,101.9827875,straight road,no slope,2022-05-13T19:50:00Z
6501017,14.05.2022 03:00,6.07.2022 08:45,Chanthaburi,department of highways,4-wheel pickup truck,speeding,rollover/fallen on straight road,1,0,0,clear,12.66142683,102.0714989,straight road,no slope,2022-05-13T20:00:00Z
6232355,14.05.2022 03:20,19.05.2022 09:50,Prachuap Khiri Khan,department of highways,4-wheel pickup truck,speeding,rollover/fallen on straight road,1,0,2,clear,11.85013115,99.78257148,other,other,2022-05-13T20:20:00Z
6220751,14.05.2022 03:30,17.05.2022 15:54,Yasothon,department of highways,4-wheel pickup truck,falling asleep,rollover/fallen on straight road,1,1,4,clear,15.79329886,104.289895,straight road,no slope,2022-05-13T20:30:00Z
7521279,14.05.2022 03:30,30.12.2022 09:32,Chiang Mai,department of highways,private/passenger car,speeding,rollover/fallen on straight road,1,0,0,clear,18.65632158,98.90662639,straight road,no slope,2022-05-13T20:30:00Z
6242411,14.05.2022 04:30,24.05.2022 14:56,Chachoengsao,department of highways,4-wheel pickup truck,speeding,rollover/fallen on straight road,1,0,3,clear,13.74525511,101.4498755,straight road,no slope,2022-05-13T21:30:00Z
6902683,14.05.2022 04:30,14.09.2022 09:37,Chon Buri,department of highways,large truck with trailer,speeding,rollover/fallen on straight road,1,0,0,clear,13.45697447,100.9972367,straight road,no slope,2022-05-13T21:30:00Z
6465445,14.05.2022 04:45,30.06.2022 10:00,Phangnga,department of highways,4-wheel pickup truck,speeding,rollover/fallen on straight road,1,0,1,rainy,8.28672827,98.30571233,straight road,no slope,2022-05-13T21:45:00Z
6203732,14.05.2022 05:00,14.05.2022 12:26,Phetchaburi,department of highways,4-wheel pickup truck,speeding,rollover/fallen on straight road,1,0,0,clear,12.69553694,99.9041882,straight road,no slope,2022-05-13T22:00:00Z
6204471,14.05.2022 05:00,14.05.2022 15:16,Pathum Thani,department of highways,4-wheel pickup truck,cutting in closely by people/vehicles/animals,rear-end collision,2,1,3,clear,14.09179795,100.7471904,straight road,no slope,2022-05-13T22:00:00Z
6241610,14.05.2022 05:00,23.05.2022 15:02,Chiang Mai,department of highways,large truck with trailer,falling asleep,collision with obstruction (on road surface),2,0,7,clear,19.85801179,99.17744099,straight road,no slope,2022-05-13T22:00:00Z
6241526,14.05.2022 05:20,23.05.2022 12:59,Phra Nakhon Si Ayutthaya,department of highways,7-10-wheel truck,speeding,rollover/fallen on straight road,1,0,0,clear,14.24057548,100.7402274,straight road,no slope,2022-05-13T22:20:00Z
6446771,14.05.2022 05:30,27.06.2022 14:43,Si Sa Ket,department of highways,4-wheel pickup truck,speeding,rollover/fallen on straight road,1,0,3,clear,14.66623869,104.2747485,straight road,no slope,2022-05-13T22:30:00Z
6260256,14.05.2022 06:00,27.05.2022 15:39,Phrae,department of highways,private/passenger car,speeding,rollover/fallen on straight road,1,0,0,rainy,18.39366971,100.4495457,straight road,no slope,2022-05-13T23:00:00Z
7331541,14.05.2022 07:10,14.07.2022 12:29,Udon Thani,department of highways,large passenger vehicle,falling asleep,rollover/fallen on straight road,1,0,49,clear,16.89140082,102.8772828,straight road,no slope,2022-05-14T00:10:00Z
6204567,14.05.2022 07:35,14.05.2022 15:38,Bangkok,department of highways,private/passenger car,speeding,rear-end collision,3,0,0,clear,13.73170406,100.7119837,straight road,no slope,2022-05-14T00:35:00Z
6208063,14.05.2022 07:40,15.05.2022 06:56,Lamphun,department of highways,motorcycle,speeding,rear-end collision,2,0,1,clear,18.54507411,99.05982344,straight road,no slope,2022-05-14T00:40:00Z
6209535,14.05.2022 08:11,15.05.2022 13:01,Nakhon Si Thammarat,department of highways,motorcycle,cutting in closely by people/vehicles/animals,head-on collision (not overtaking),2,0,2,clear,8.221997525,99.39694493,straight road,no slope,2022-05-14T01:11:00Z
6203653,14.05.2022 08:30,14.05.2022 12:01,Samut Prakan,department of highways,large truck with trailer,speeding,rear-end collision,3,0,0,clear,13.59530329,100.8034739,straight road,no slope,2022-05-14T01:30:00Z
6943702,14.05.2022 08:30,20.09.2022 10:45,Rayong,department of highways,private/passenger car,cutting in closely by people/vehicles/animals,rear-end collision,2,0,1,clear,13.02453912,101.4419845,straight road,no slope,2022-05-14T01:30:00Z
6227160,14.05.2022 09:00,18.05.2022 15:08,Narathiwat,department of highways,4-wheel pickup truck,vehicle equipment failure,collision with obstruction (on road surface),1,2,3,clear,6.475378808,101.6728395,straight road,no slope,2022-05-14T02:00:00Z
6203616,14.05.2022 10:35,14.05.2022 11:45,Ang Thong,department of highways,private/passenger car,speeding,rollover/fallen on straight road,1,0,0,clear,14.6753463,100.4696461,straight road,no slope,2022-05-14T03:35:00Z
6227162,14.05.2022 10:41,18.05.2022 15:09,Bangkok,department of highways,private/passenger car,speeding,rear-end collision,2,0,0,clear,13.73350709,100.7960361,straight road,no slope,2022-05-14T03:41:00Z
6207823,14.05.2022 11:45,15.05.2022 05:50,Phetchabun,department of highways,4-wheel pickup truck,speeding,rollover/fallen on curved road,1,0,0,clear,16.76271427,101.14254,wide curve,no slope,2022-05-14T04:45:00Z
7331544,14.05.2022 12:00,27.05.2022 10:31,Sing Buri,department of highways,4-wheel pickup truck,speeding,rear-end collision,2,1,0,clear,14.74313806,100.4541564,straight road,no slope,2022-05-14T05:00:00Z
6205121,14.05.2022 12:29,14.05.2022 17:57,Bangkok,department of highways,4-wheel pickup truck,vehicle equipment failure,other,1,0,0,clear,13.73694897,100.7029071,straight road,no slope,2022-05-14T05:29:00Z
6205021,14.05.2022 12:45,14.05.2022 17:32,Phetchaburi,department of highways,private/passenger car,speeding,rear-end collision,2,0,1,clear,12.84180376,99.92985962,straight road,no slope,2022-05-14T05:45:00Z
6241381,14.05.2022 13:18,23.05.2022 08:23,Ang Thong,department of highways,motorcycle,speeding,rear-end collision,2,0,1,clear,14.75279494,100.4010433,wide curve,no slope,2022-05-14T06:18:00Z
6209824,14.05.2022 14:00,15.05.2022 14:09,Nakhon Si Thammarat,department of highways,4-wheel pickup truck,speeding,rear-end collision,2,1,0,clear,8.11810527,99.61851417,straight road,no slope,2022-05-14T07:00:00Z
6214860,14.05.2022 14:00,16.05.2022 14:48,Bangkok,department of highways,4-wheel pickup truck,speeding,rollover/fallen on straight road,1,0,2,clear,13.87145501,100.6796953,straight road,no slope,2022-05-14T07:00:00Z
6283138,14.05.2022 14:40,31.05.2022 12:51,Loburi,department of highways,6-wheel truck,speeding,rollover/fallen on straight road,1,0,0,rainy,14.81065979,100.5630728,straight road,no slope,2022-05-14T07:40:00Z
6258396,14.05.2022 14:49,27.05.2022 08:28,Samut Prakan,department of highways,private/passenger car,speeding,rear-end collision,2,0,0,clear,13.66743469,100.8478778,straight road,no slope,2022-05-14T07:49:00Z
6210048,14.05.2022 15:50,15.05.2022 14:53,Chachoengsao,department of highways,private/passenger car,speeding,rear-end collision,4,0,0,clear,13.57234445,100.9811085,straight road,no slope,2022-05-14T08:50:00Z
6241385,14.05.2022 15:52,23.05.2022 08:29,Chon Buri,department of highways,7-10-wheel truck,cutting in closely by people/vehicles/animals,rear-end collision,4,0,0,clear,13.114323,100.9659272,straight road,no slope,2022-05-14T08:52:00Z
6205122,14.05.2022 16:00,14.05.2022 17:56,Suphan Buri,department of highways,motorcycle,speeding,rear-end collision,2,0,1,clear,14.75958796,100.0470292,wide curve,no slope,2022-05-14T09:00:00Z
6209605,14.05.2022 16:30,15.05.2022 13:17,Bangkok,department of highways,large truck with trailer,speeding,rear-end collision,2,0,0,clear,13.86559336,100.6773001,straight road,no slope,2022-05-14T09:30:00Z
6637757,14.05.2022 16:30,1.08.2022 09:20,Maha Sarakham,department of highways,private/passenger car,speeding,rollover/fallen on straight road,1,0,4,clear,15.84222011,103.0548209,straight road,no slope,2022-05-14T09:30:00Z
6566662,14.05.2022 16:40,16.05.2022 15:28,Rayong,department of rural roads,motorcycle,speeding,other,1,1,0,clear,12.884508,101.145901,straight road,no slope,2022-05-14T09:40:00Z
6205864,14.05.2022 16:45,14.05.2022 20:55,Phetchaburi,department of highways,motorcycle,cutting in closely by people/vehicles/animals,rear-end collision,2,0,2,clear,12.73787839,99.95832323,other,other,2022-05-14T09:45:00Z
6549396,14.05.2022 17:00,14.07.2022 12:32,Maha Sarakham,department of highways,4-wheel pickup truck,speeding,rollover/fallen on straight road,1,0,0,rainy,16.40976309,103.0983129,straight road,no slope,2022-05-14T10:00:00Z
6566977,14.05.2022 17:00,28.06.2022 09:26,Ranong,department of rural roads,private/passenger car,cutting in closely by people/vehicles/animals,collision during overtaking,1,1,0,clear,9.57887,98.67139,straight road,no slope,2022-05-14T10:00:00Z