acc_code,incident_datetime,report_datetime,province_en,agency,vehicle_type,presumed_cause,accident_type,number_of_vehicles_involved,number_of_fatalities,number_of_injuries,weather_condition,latitude,longitude,road_description,slope_description,incident_time
6242057,14.05.2022 17:20,24.05.2022 08:57,Samut Sakhon,department of highways,4-wheel pickup truck,cutting in closely by people/vehicles/animals,rear-end collision,2,0,0,clear,13.52499626,100.1858872,other,other,2022-05-14T10:20:00Z
6637760,14.05.2022 17:30,1.08.2022 09:22,Yasothon,department of highways,7-10-wheel truck,speeding,rollover/fallen on straight road,1,0,0,clear,15.63543798,104.3417501,straight road,no slope,2022-05-14T10:30:00Z
6252052,14.05.2022 17:45,26.05.2022 08:30,Chumphon,department of highways,4-wheel pickup truck,cutting in closely by people/vehicles/animals,rear-end collision,2,1,0,clear,10.35823847,99.11996393,straight road,no slope,2022-05-14T10:45:00Z
6207699,14.05.2022 18:00,15.05.2022 05:20,Bangkok,department of highways,4-wheel pickup truck,speeding,rollover/fallen on straight road,1,0,0,clear,13.67366356,100.4062494,other,other,2022-05-14T11:00:00Z
6566650,14.05.2022 18:40,15.05.2022 09:23,Rayong,department of rural roads,motorcycle,speeding,other,2,0,1,dark,12.752835,101.222279,straight road,no slope,2022-05-14T11:40:00Z
6242190,14.05.2022 18:45,24.05.2022 11:04,Chai Nat,department of highways,4-wheel pickup truck,driving under the influence of alcohol,rollover/fallen on straight road,1,0,0,clear,15.21176851,100.1589632,wide curve,no slope,2022-05-14T11:45:00Z
6233690,14.05.2022 19:40,19.05.2022 14:48,Mukdahan,department of highways,motorcycle,speeding,collision with obstruction (on road surface),2,1,0,rainy,16.52994702,104.6939161,straight road,no slope,2022-05-14T12:40:00Z
6243191,14.05.2022 20:00,25.05.2022 13:35,Lampang,department of highways,4-wheel pickup truck,speeding,rollover/fallen on straight road,1,0,2,clear,18.34627454,99.53699111,other,other,2022-05-14T13:00:00Z
6416181,14.05.2022 20:09,22.06.2022 09:42,Surin,department of highways,4-wheel pickup truck,speeding,rollover/fallen on straight road,1,0,0,clear,15.15834324,103.6392125,straight road,no slope,2022-05-14T13:09:00Z
6207709,14.05.2022 20:30,15.05.2022 05:25,Bangkok,department of highways,private/passenger car,speeding,rear-end collision,7,0,0,clear,13.78691949,100.3702837,straight road,no slope,2022-05-14T13:30:00Z
6566753,14.05.2022 21:00,24.05.2022 09:05,Phrae,department of rural roads,passenger pickup truck,falling asleep,other,1,0,0,rainy,18.285747,100.201443,wide curve,no slope,2022-05-14T14:00:00Z
6208741,14.05.2022 21:20,15.05.2022 09:57,Bangkok,department of highways,private/passenger car,speeding,rear-end collision,3,0,0,clear,13.68328281,100.6992942,straight road,no slope,2022-05-14T14:20:00Z
6294802,14.05.2022 22:30,2.06.2022 10:08,Trat,department of highways,4-wheel pickup truck,speeding,rollover/fallen on straight road,1,0,0,clear,12.26204071,102.5034258,straight road,no slope,2022-05-14T15:30:00Z
6950178,14.05.2022 22:30,21.09.2022 10:45,Bangkok,department of highways,private/passenger car,speeding,rollover/fallen on curved road,1,0,2,clear,13.6275712,100.4235738,wide curve,no slope,2022-05-14T15:30:00Z
7446340,14.05.2022 22:40,9.12.2022 12:04,Ang Thong,department of highways,motorcycle,speeding,rollover/fallen on straight road,1,0,1,clear,14.59288398,100.4459488,straight road,no slope,2022-05-14T15:40:00Z
6533132,14.05.2022 22:48,11.07.2022 14:34,Phetchabun,department of highways,motorcycle,speeding,rollover/fallen on straight road,1,0,1,rainy,16.74472036,101.2174943,straight road,no slope,2022-05-14T15:48:00Z
6345710,14.05.2022 22:50,10.06.2022 14:10,Surat Thani,department of highways,4-wheel pickup truck,speeding,rollover/fallen on straight road,1,0,1,clear,9.144961728,99.16700719,straight road,no slope,2022-05-14T15:50:00Z
6950210,14.05.2022 23:00,21.09.2022 10:56,Bangkok,department of highways,private/passenger car,speeding,pedestrian collision,1,1,0,clear,13.64648987,100.4082343,straight road,no slope,2022-05-14T16:00:00Z
6283464,14.05.2022 23:05,31.05.2022 13:55,Ubon Ratchathani,department of highways,4-wheel pickup truck,speeding,rollover/fallen on straight road,1,0,1,clear,15.96387176,105.2091014,straight road,no slope,2022-05-14T16:05:00Z
6950167,14.05.2022 23:30,21.09.2022 10:42,Bangkok,department of highways,private/passenger car,speeding,rollover/fallen on straight road,1,0,2,clear,13.62680223,100.4326317,straight road,no slope,2022-05-14T16:30:00Z
6283747,15.05.2022 00:15,31.05.2022 14:44,Lamphun,department of highways,private/passenger car,unfamiliarity with the route/unskilled driving,rollover/fallen on curved road,1,0,1,clear,18.30046561,98.81532668,wide curve,no slope,2022-05-14T17:15:00Z
6458167,15.05.2022 00:30,29.06.2022 07:23,Phetchabun,department of highways,4-wheel pickup truck,vehicle equipment failure,rollover/fallen on straight road,1,0,0,clear,15.52226812,101.0502961,straight road,no slope,2022-05-14T17:30:00Z
6241525,15.05.2022 00:40,23.05.2022 12:56,Phra Nakhon Si Ayutthaya,department of highways,7-10-wheel truck,speeding,rear-end collision,2,0,1,clear,14.25797259,100.7721081,straight road,no slope,2022-05-14T17:40:00Z
6218265,15.05.2022 00:50,17.05.2022 06:44,Bangkok,department of highways,private/passenger car,speeding,rollover/fallen on straight road,1,0,1,clear,13.65102251,100.3875491,straight road,no slope,2022-05-14T17:50:00Z
6276416,15.05.2022 00:50,30.05.2022 11:32,Suphan Buri,department of highways,4-wheel pickup truck,speeding,rollover/fallen on curved road,1,0,3,clear,14.81322694,99.70350264,other,other,2022-05-14T17:50:00Z
6209589,15.05.2022 01:00,15.05.2022 13:11,Pathum Thani,department of highways,motorcycle,speeding,rollover/fallen on straight road,1,1,0,clear,14.03253606,100.7651263,straight road,no slope,2022-05-14T18:00:00Z
6259717,15.05.2022 01:30,27.05.2022 13:48,Chumphon,department of highways,private/passenger car,speeding,rollover/fallen on straight road,1,0,0,clear,10.24314996,99.09198044,straight road,no slope,2022-05-14T18:30:00Z
6260430,15.05.2022 01:45,27.05.2022 16:20,Udon Thani,department of highways,large truck with trailer,speeding,rollover/fallen on curved road,1,0,1,clear,16.98724,103.2296473,wide curve,no slope,2022-05-14T18:45:00Z
6367510,15.05.2022 03:30,14.06.2022 07:33,Phetchabun,department of highways,4-wheel pickup truck,speeding,rollover/fallen on curved road,1,0,1,clear,16.39316942,101.1746272,wide curve,no slope,2022-05-14T20:30:00Z
6495577,15.05.2022 03:30,5.07.2022 14:14,Chon Buri,department of highways,4-wheel pickup truck,speeding,rollover/fallen on straight road,1,0,0,clear,13.31923909,101.1004293,straight road,no slope,2022-05-14T20:30:00Z
6566652,15.05.2022 03:35,15.05.2022 11:29,Nan,department of rural roads,passenger pickup truck,falling asleep,other,1,0,1,dark,19.318848,100.872427,straight road,no slope,2022-05-14T20:35:00Z
6487930,15.05.2022 04:00,4.07.2022 08:45,Saraburi,department of highways,4-wheel pickup truck,falling asleep,rollover/fallen on straight road,1,0,0,clear,14.43737904,100.8966565,straight road,no slope,2022-05-14T21:00:00Z
6233403,15.05.2022 06:00,19.05.2022 13:50,Loburi,department of highways,private/passenger car,speeding,rollover/fallen on straight road,1,0,1,clear,14.85567124,100.4621091,straight road,no slope,2022-05-14T23:00:00Z
6243299,15.05.2022 06:00,25.05.2022 15:47,Chiang Rai,department of highways,motorcycle,speeding,rollover/fallen on straight road,1,1,0,clear,19.99712644,100.3404119,straight road,no slope,2022-05-14T23:00:00Z
6258277,15.05.2022 06:40,27.05.2022 08:03,Chon Buri,department of highways,large truck with trailer,speeding,rollover/fallen on straight road,1,0,0,clear,13.11462602,100.9674346,straight road,no slope,2022-05-14T23:40:00Z
6209561,15.05.2022 07:04,15.05.2022 13:08,Bangkok,department of highways,4-wheel pickup truck,speeding,rollover/fallen on straight road,1,0,0,clear,13.69360789,100.4075718,straight road,slope area,2022-05-15T00:04:00Z
6404693,15.05.2022 08:50,20.06.2022 10:40,Phetchaburi,department of highways,other,speeding,rollover/fallen on straight road,1,0,0,clear,13.263983,99.82216089,straight road,no slope,2022-05-15T01:50:00Z
6566689,15.05.2022 08:50,19.05.2022 10:05,Samut Prakan,department of rural roads,private/passenger car,speeding,other,2,0,0,clear,13.652137,100.541307,straight road,slope area,2022-05-15T01:50:00Z
7422359,15.05.2022 09:00,1.12.2022 11:14,Chiang Mai,department of highways,motorcycle,speeding,rollover/fallen on straight road,1,0,1,clear,18.86737951,99.01523708,straight road,no slope,2022-05-15T02:00:00Z
6211340,15.05.2022 11:10,15.05.2022 20:41,Kanchanaburi,department of highways,private/passenger car,debris/obstruction on the road,collision with obstruction (on road surface),1,0,0,clear,14.18084785,99.26934688,straight road,no slope,2022-05-15T04:10:00Z
7331547,15.05.2022 11:10,15.05.2022 13:24,Suphan Buri,department of highways,large truck with trailer,speeding,rear-end collision,2,1,1,clear,14.22182763,100.0192228,other,other,2022-05-15T04:10:00Z
6566656,15.05.2022 11:35,16.05.2022 15:28,Phetchaburi,department of rural roads,motorcycle,cutting in closely by people/vehicles/animals,other,1,0,1,clear,13.182658,100.002161,straight road,no slope,2022-05-15T04:35:00Z
6241421,15.05.2022 11:55,23.05.2022 09:41,Kanchanaburi,department of highways,motorcycle,cutting in closely by people/vehicles/animals,rear-end collision,2,0,1,clear,14.03064688,99.83884691,straight road,no slope,2022-05-15T04:55:00Z
6566664,15.05.2022 12:00,16.05.2022 19:12,Uthai Thani,department of rural roads,motorcycle,driving under the influence of alcohol,other,2,0,1,clear,15.436674,99.772236,straight road,no slope,2022-05-15T05:00:00Z
6209754,15.05.2022 12:30,15.05.2022 13:52,Suphan Buri,department of highways,motorcycle,cutting in closely by people/vehicles/animals,rear-end collision,2,0,1,clear,14.62110762,100.008789,straight road,no slope,2022-05-15T05:30:00Z
7554385,15.05.2022 12:30,9.01.2023 10:54,Chiang Mai,department of highways,motorcycle,speeding,rear-end collision,2,0,1,clear,18.84540326,99.01356875,straight road,no slope,2022-05-15T05:30:00Z
6566659,15.05.2022 13:00,16.05.2022 15:29,Satun,department of rural roads,motorcycle,dangerous curve,head-on collision (not overtaking),1,1,1,clear,6.865138,99.791711,wide curve,no slope,2022-05-15T06:00:00Z
7561514,15.05.2022 13:00,17.01.2023 10:07,Prachin Buri,department of highways,other,speeding,rollover/fallen on straight road,1,0,0,rainy,13.77295404,101.782625,other,other,2022-05-15T06:00:00Z
6212370,15.05.2022 14:00,16.05.2022 00:37,Loei,department of highways,private/passenger car,speeding,head-on collision (not overtaking),2,1,3,clear,17.31650568,101.928285,wide curve,slope area,2022-05-15T07:00:00Z
6212905,15.05.2022 14:08,16.05.2022 06:09,Prachin Buri,department of highways,4-wheel pickup truck,speeding,rear-end collision,2,0,1,clear,14.20301841,101.9044268,other,other,2022-05-15T07:08:00Z
6234087,15.05.2022 15:00,19.05.2022 16:01,Prachuap Khiri Khan,department of highways,4-wheel pickup truck,vehicle equipment failure,rollover/fallen on curved road,1,0,0,clear,11.18778765,99.40082072,wide curve,no slope,2022-05-15T08:00:00Z
6213906,15.05.2022 15:26,16.05.2022 10:54,Bangkok,department of highways,private/passenger car,speeding,rear-end collision,3,0,0,clear,13.7316285,100.712657,straight road,no slope,2022-05-15T08:26:00Z
6243045,15.05.2022 16:00,25.05.2022 08:54,Chon Buri,department of highways,private/passenger car,speeding,rollover/fallen on straight road,1,0,0,clear,13.09346326,101.3913444,straight road,no slope,2022-05-15T09:00:00Z
6453047,15.05.2022 16:00,28.06.2022 12:33,Udon Thani,department of highways,4-wheel pickup truck,speeding,rollover/fallen on straight road,1,0,1,rainy,17.34982424,102.9151234,straight road,no slope,2022-05-15T09:00:00Z
6566657,15.05.2022 16:50,16.05.2022 14:11,Rayong,department of rural roads,4-wheel pickup truck,speeding,other,2,0,2,clear,12.873638,101.164974,four-way intersection,other,2022-05-15T09:50:00Z
6258411,15.05.2022 17:01,27.05.2022 08:30,Bangkok,department of highways,private/passenger car,speeding,rollover/fallen on straight road,1,0,0,clear,13.72949455,100.7426682,straight road,no slope,2022-05-15T10:01:00Z
6212901,15.05.2022 17:15,16.05.2022 05:32,Kanchanaburi,department of highways,4-wheel pickup truck,illegal overtaking,rear-end collision,2,0,2,clear,13.86991344,99.60737227,straight road,no slope,2022-05-15T10:15:00Z
6294168,15.05.2022 17:20,2.06.2022 07:32,Chumphon,department of highways,4-wheel pickup truck,speeding,rollover/fallen on straight road,1,0,0,clear,10.77801258,99.19125705,straight road,no slope,2022-05-15T10:20:00Z
6212899,15.05.2022 18:15,16.05.2022 05:28,Phetchaburi,department of highways,4-wheel pickup truck,speeding,rollover/fallen on straight road,1,0,0,rainy,12.78206472,99.93801354,straight road,no slope,2022-05-15T11:15:00Z
6494823,15.05.2022 18:30,5.07.2022 11:18,Rayong,department of highways,motorcycle,speeding,rollover/fallen on curved road,1,2,0,clear,12.8118327,101.0592735,wide curve,slope area,2022-05-15T11:30:00Z
6277349,15.05.2022 18:40,30.05.2022 14:58,Phayao,department of highways,pedestrian,debris/obstruction on the road,pedestrian collision,1,0,3,natural disaster,19.25883076,100.0464392,straight road,no slope,2022-05-15T11:40:00Z
6213318,15.05.2022 19:18,16.05.2022 08:13,Pathum Thani,department of highways,4-wheel pickup truck,speeding,rear-end collision,3,0,0,clear,13.9993274,100.7089099,straight road,no slope,2022-05-15T12:18:00Z
6241601,15.05.2022 19:30,23.05.2022 14:56,Roi Et,department of highways,4-wheel pickup truck,speeding,rollover/fallen on straight road,1,0,4,clear,16.10131418,103.9445606,straight road,no slope,2022-05-15T12:30:00Z
7521500,15.05.2022 19:30,30.12.2022 10:22,Nan,department of highways,private/passenger car,speeding,rollover/fallen on straight road,1,0,1,rainy,18.79610489,100.7792723,other,other,2022-05-15T12:30:00Z
6241379,15.05.2022 19:35,23.05.2022 08:20,Ang Thong,department of highways,motorcycle,speeding,rollover/fallen on straight road,1,0,1,clear,14.55286011,100.4495269,straight road,no slope,2022-05-15T12:35:00Z
6277344,15.05.2022 19:45,30.05.2022 14:56,Phayao,department of highways,motorcycle,speeding,collision with obstruction (on road surface),2,0,1,natural disaster,19.25692407,100.04664030000001,straight road,no slope,2022-05-15T12:45:00Z
6212921,15.05.2022 20:00,16.05.2022 06:22,Kalasin,department of highways,private/passenger car,speeding,rollover/fallen on straight road,1,0,0,rainy,16.64002361,103.7111226,straight road,no slope,2022-05-15T13:00:00Z
6252742,15.05.2022 20:20,26.05.2022 10:52,Surat Thani,department of highways,4-wheel pickup truck,driving under the influence of alcohol,rollover/fallen on straight road,1,0,2,clear,9.632526452,99.15980815,straight road,no slope,2022-05-15T13:20:00Z
6284095,15.05.2022 20:20,31.05.2022 15:45,Krabi,department of highways,motorcycle,speeding,rear-end collision,2,1,0,clear,8.189638804,98.83020489,straight road,no slope,2022-05-15T13:20:00Z
6566654,15.05.2022 20:37,16.05.2022 14:10,Phetchaburi,department of rural roads,motorcycle,cutting in closely by people/vehicles/animals,other,1,0,1,dark,12.991902,99.630494,straight road,no slope,2022-05-15T13:37:00Z
6658331,15.05.2022 21:00,21.07.2022 16:34,Roi Et,department of rural roads,private/passenger car,speeding,other,1,0,0,rainy,15.737926,103.83084,sharp curve,no slope,2022-05-15T14:00:00Z
6283119,15.05.2022 21:30,31.05.2022 12:46,Loburi,department of highways,large truck with trailer,illegal overtaking,rear-end collision,2,0,0,clear,14.8174147,100.9112182,straight road,no slope,2022-05-15T14:30:00Z
6214863,15.05.2022 21:40,16.05.2022 14:52,Bangkok,department of highways,private/passenger car,speeding,rollover/fallen on straight road,1,0,3,clear,13.66849283,100.630525,straight road,no slope,2022-05-15T14:40:00Z
6214817,15.05.2022 23:00,16.05.2022 14:37,Suphan Buri,department of highways,4-wheel pickup truck,driving under the influence of alcohol,rollover/fallen on straight road,1,0,1,clear,14.43461527,100.1297003,straight road,no slope,2022-05-15T16:00:00Z
6501886,16.05.2022 00:03,6.07.2022 11:32,Chanthaburi,department of highways,4-wheel pickup truck,speeding,rollover/fallen on straight road,1,0,1,clear,12.45682533,102.2621986,other,other,2022-05-15T17:03:00Z
6241493,16.05.2022 00:15,23.05.2022 11:21,Nan,department of highways,4-wheel pickup truck,speeding,rollover/fallen on curved road,1,0,0,rainy,18.59829192,100.7446262,wide curve,no slope,2022-05-15T17:15:00Z
6253770,16.05.2022 00:15,26.05.2022 15:03,Chachoengsao,department of highways,4-wheel pickup truck,vehicle equipment failure,rollover/fallen on straight road,1,0,0,clear,13.52220848,101.0232702,straight road,no slope,2022-05-15T17:15:00Z
7557877,16.05.2022 02:20,12.01.2023 11:20,Si Sa Ket,department of highways,4-wheel pickup truck,speeding,rollover/fallen on curved road,1,0,1,clear,15.12795788,104.2801639,wide curve,no slope,2022-05-15T19:20:00Z
6284297,16.05.2022 03:20,31.05.2022 16:26,Trang,department of highways,large truck with trailer,speeding,rollover/fallen on curved road,1,0,0,clear,7.984254421,99.61669831,wide curve,no slope,2022-05-15T20:20:00Z
6241372,16.05.2022 03:30,23.05.2022 07:45,Kamphaeng Phet,department of highways,4-wheel pickup truck,speeding,rollover/fallen on straight road,1,0,0,clear,16.64961162,99.32480691,straight road,no slope,2022-05-15T20:30:00Z
6241367,16.05.2022 04:00,23.05.2022 07:44,Uthai Thani,department of highways,large truck with trailer,speeding,rollover/fallen on straight road,1,0,0,clear,15.11798124,99.63603167,straight road,no slope,2022-05-15T21:00:00Z
6495579,16.05.2022 04:04,5.07.2022 14:13,Chon Buri,department of highways,motorcycle,speeding,rollover/fallen on straight road,1,0,0,clear,13.4175401,100.9979662,straight road,no slope,2022-05-15T21:04:00Z
7567541,16.05.2022 04:30,23.01.2023 17:21,Rayong,department of highways,4-wheel pickup truck,falling asleep,rollover/fallen on straight road,1,0,0,clear,12.98615861,101.489068,straight road,no slope,2022-05-15T21:30:00Z
6213569,16.05.2022 05:30,16.05.2022 09:13,Nakhon Sawan,department of highways,4-wheel pickup truck,speeding,head-on collision (not overtaking),2,0,2,clear,15.62145337,100.5768004,other,other,2022-05-15T22:30:00Z
6233362,16.05.2022 05:40,19.05.2022 13:46,Nakhon Sawan,department of highways,large truck with trailer,speeding,rear-end collision,2,0,0,clear,15.49049331,100.1307195,straight road,no slope,2022-05-15T22:40:00Z
6566679,16.05.2022 07:00,17.05.2022 09:21,Samut Songkhram,department of rural roads,motorcycle,speeding,other,1,1,0,clear,13.382469,100.03535,straight road,no slope,2022-05-16T00:00:00Z
6214845,16.05.2022 07:30,16.05.2022 14:41,Bangkok,department of highways,private/passenger car,speeding,rear-end collision,3,0,0,clear,13.77970372,100.4401767,straight road,no slope,2022-05-16T00:30:00Z
6701519,16.05.2022 07:40,11.08.2022 11:07,Kanchanaburi,department of highways,large passenger vehicle,vehicle equipment failure,other,1,0,0,clear,13.85950501,99.65077309,other,other,2022-05-16T00:40:00Z
7521211,16.05.2022 07:40,30.12.2022 09:19,Chiang Mai,department of highways,4-wheel pickup truck,speeding,pedestrian collision,1,0,1,clear,18.91754248,98.94380985,straight road,no slope,2022-05-16T00:40:00Z
6288057,16.05.2022 08:40,1.06.2022 07:09,Saraburi,department of highways,private/passenger car,speeding,head-on collision (not overtaking),2,0,1,clear,14.62849386,101.1780068,straight road,no slope,2022-05-16T01:40:00Z
7557904,16.05.2022 09:30,12.01.2023 11:33,Nakhon Ratchasima,department of highways,other,speeding,rollover/fallen on straight road,1,0,0,clear,14.97842098,102.0521843,straight road,no slope,2022-05-16T02:30:00Z
6218268,16.05.2022 10:00,17.05.2022 06:43,Phetchabun,department of highways,motorcycle,cutting in closely by people/vehicles/animals,rear-end collision,2,0,1,clear,16.26640734,101.0520074,straight road,no slope,2022-05-16T03:00:00Z
6281890,16.05.2022 10:00,31.05.2022 08:12,Chanthaburi,department of highways,private/passenger car,speeding,rollover/fallen on curved road,1,0,0,clear,12.91718896,102.3605016,wide curve,no slope,2022-05-16T03:00:00Z
7521232,16.05.2022 10:40,30.12.2022 09:20,Chiang Mai,department of highways,4-wheel pickup truck,speeding,rear-end collision,2,0,0,clear,18.91830621,98.94332437,straight road,no slope,2022-05-16T03:40:00Z
6566666,16.05.2022 10:50,16.05.2022 19:13,Loburi,department of rural roads,4-wheel pickup truck,speeding,other,2,0,4,clear,14.798679,100.970219,four-way intersection,other,2022-05-16T03:50:00Z
6282758,16.05.2022 11:00,31.05.2022 11:18,Phitsanulok,department of highways,4-wheel pickup truck,speeding,head-on collision (not overtaking),2,1,1,clear,17.01378264,100.1707649,wide curve,no slope,2022-05-16T04:00:00Z
6253441,16.05.2022 11:04,26.05.2022 13:42,Bangkok,department of highways,private/passenger car,speeding,rear-end collision,2,0,0,clear,13.72941117,100.7390311,straight road,no slope,2022-05-16T04:04:00Z
7331551,16.05.2022 11:10,4.07.2022 09:18,Nakhon Sawan,department of highways,motorcycle,speeding,rollover/fallen on straight road,1,1,0,clear,15.26299114,100.3341007,straight road,no slope,2022-05-16T04:10:00Z
7554452,16.05.2022 11:13,9.01.2023 11:36,Phayao,department of highways,private/passenger car,cutting in closely by people/vehicles/animals,head-on collision (not overtaking),2,0,1,clear,19.1072548,100.2644679,other,other,2022-05-16T04:13:00Z
6252261,16.05.2022 11:42,26.05.2022 09:17,Nakhon Si Thammarat,department of highways,7-10-wheel truck,vehicle equipment failure,rear-end collision,2,0,2,clear,8.676986275,99.9247822,other,other,2022-05-16T04:42:00Z
6494800,16.05.2022 12:00,5.07.2022 11:12,Rayong,department of highways,private/passenger car,speeding,rear-end collision,2,0,0,rainy,12.74879816,101.1956772,other,other,2022-05-16T05:00:00Z
6283291,16.05.2022 12:30,31.05.2022 13:20,Yala,department of highways,4-wheel pickup truck,speeding,rollover/fallen on curved road,1,0,0,clear,6.402363199,101.2818083,wide curve,no slope,2022-05-16T05:30:00Z
6253613,16.05.2022 12:44,26.05.2022 14:27,Chon Buri,department of highways,4-wheel pickup truck,speeding,rear-end collision,2,0,0,clear,13.0815344,100.9926608,straight road,no slope,2022-05-16T05:44:00Z
7559409,16.05.2022 13:00,13.01.2023 14:21,Nakhon Ratchasima,department of highways,6-wheel truck,speeding,rollover/fallen on straight road,1,0,0,clear,14.86935302,101.8298051,straight road,no slope,2022-05-16T06:00:00Z
6566678,16.05.2022 13:10,16.05.2022 19:13,Prachuap Khiri Khan,department of rural roads,private/passenger car,speeding,other,2,2,0,clear,12.510617,99.919602,straight road,no slope,2022-05-16T06:10:00Z
6566708,16.05.2022 13:20,19.05.2022 10:06,Lamphun,department of rural roads,bicycle,abrupt lane change,other,1,1,0,clear,18.579807,98.972768,straight road,no slope,2022-05-16T06:20:00Z
6215400,16.05.2022 14:00,16.05.2022 17:20,Suphan Buri,department of highways,4-wheel pickup truck,failure to yield right of way,collision at intersection corner,2,0,4,clear,14.81912608,99.88716959,other,other,2022-05-16T07:00:00Z
6243041,16.05.2022 14:00,25.05.2022 08:31,Chon Buri,department of highways,7-10-wheel truck,speeding,rollover/fallen on straight road,1,0,0,rainy,13.21115847,101.242632,straight road,no slope,2022-05-16T07:00:00Z
6243173,16.05.2022 14:15,25.05.2022 13:19,Lampang,department of highways,4-wheel pickup truck,speeding,rollover/fallen on curved road,1,0,0,rainy,18.56023185,99.86468731,wide curve,slope area,2022-05-16T07:15:00Z
6241600,16.05.2022 14:30,23.05.2022 14:55,Roi Et,department of highways,4-wheel pickup truck,speeding,rollover/fallen on straight road,1,0,0,rainy,16.20240702,103.6194607,straight road,no slope,2022-05-16T07:30:00Z
7559410,16.05.2022 14:40,13.01.2023 14:22,Nakhon Ratchasima,department of highways,4-wheel pickup truck,speeding,rear-end collision,2,0,0,rainy,14.97526891,102.0516881,straight road,no slope,2022-05-16T07:40:00Z
7559358,16.05.2022 14:50,13.01.2023 13:46,Nakhon Ratchasima,department of highways,private/passenger car,speeding,rollover/fallen on straight road,1,0,0,rainy,14.92939091,102.0571491,straight road,no slope,2022-05-16T07:50:00Z
6227133,16.05.2022 15:30,18.05.2022 15:03,Sakon Nakhon,department of highways,large truck with trailer,speeding,collision with obstruction (on road surface),1,0,0,rainy,16.8611523,103.9336333,straight road,no slope,2022-05-16T08:30:00Z
6226201,16.05.2022 15:33,18.05.2022 11:40,Bangkok,department of highways,private/passenger car,speeding,rear-end collision,3,0,0,clear,13.72949455,100.7426682,straight road,no slope,2022-05-16T08:33:00Z
6243181,16.05.2022 15:40,25.05.2022 13:30,Lampang,department of highways,private/passenger car,speeding,rollover/fallen on curved road,1,0,0,rainy,18.5621465,99.86684381,wide curve,slope area,2022-05-16T08:40:00Z
6253654,16.05.2022 15:47,26.05.2022 14:39,Chachoengsao,department of highways,private/passenger car,speeding,rear-end collision,2,0,0,clear,13.53681203,101.0109535,straight road,no slope,2022-05-16T08:47:00Z
7561522,16.05.2022 16:45,17.01.2023 10:13,Prachin Buri,department of highways,large truck with trailer,speeding,head-on collision (not overtaking),2,0,1,rainy,14.10043734,101.389263,straight road,no slope,2022-05-16T09:45:00Z
6216406,16.05.2022 17:00,16.05.2022 21:36,Phetchabun,department of highways,6-wheel truck,speeding,head-on collision (not overtaking),2,0,2,clear,16.73703018,101.3876295,wide curve,slope area,2022-05-16T10:00:00Z
6218247,16.05.2022 17:40,17.05.2022 06:39,Ratchaburi,department of highways,6-wheel truck,speeding,rear-end collision,2,0,0,rainy,13.63376985,99.84972863,straight road,no slope,2022-05-16T10:40:00Z
6687581,16.05.2022 18:00,9.08.2022 14:16,Loburi,department of highways,4-wheel pickup truck,speeding,rollover/fallen on straight road,1,0,0,rainy,15.06967345,101.0960492,straight road,no slope,2022-05-16T11:00:00Z
6487927,16.05.2022 18:25,4.07.2022 08:44,Saraburi,department of highways,4-wheel pickup truck,speeding,rollover/fallen on straight road,1,0,0,rainy,14.35233604,100.9858534,straight road,no slope,2022-05-16T11:25:00Z
6362245,16.05.2022 18:40,13.06.2022 09:50,Tak,department of highways,large truck with trailer,speeding,rollover/fallen on curved road,1,0,0,clear,16.75687658,98.72342883,wide curve,slope area,2022-05-16T11:40:00Z
6220794,16.05.2022 19:05,17.05.2022 16:03,Bangkok,department of highways,private/passenger car,speeding,rear-end collision,2,0,0,clear,13.73101359,100.7172945,straight road,no slope,2022-05-16T12:05:00Z
7559357,16.05.2022 19:17,13.01.2023 13:45,Prachin Buri,department of highways,6-wheel truck,speeding,rollover/fallen on curved road,1,0,0,rainy,14.31081082,101.8553477,wide curve,slope area,2022-05-16T12:17:00Z
6950421,16.05.2022 19:42,21.09.2022 11:46,Prachin Buri,department of highways,4-wheel pickup truck,speeding,rollover/fallen on straight road,1,0,0,rainy,14.29674731,101.8805739,straight road,slope area,2022-05-16T12:42:00Z
6502276,16.05.2022 20:00,6.07.2022 13:24,Samut Songkhram,department of highways,large truck with trailer,speeding,rear-end collision,2,0,0,clear,13.3837512,99.98092352,straight road,no slope,2022-05-16T13:00:00Z
6288608,16.05.2022 20:40,1.06.2022 09:53,Amnat Charoen,department of highways,4-wheel pickup truck,speeding,other,1,0,1,clear,15.89081737,104.9216142,other,other,2022-05-16T13:40:00Z
6701522,16.05.2022 22:00,11.08.2022 11:08,Kanchanaburi,department of highways,private/passenger car,speeding,rollover/fallen on straight road,1,0,1,clear,13.89149701,99.46601717,straight road,no slope,2022-05-16T15:00:00Z
6242259,16.05.2022 22:20,24.05.2022 12:27,Chanthaburi,department of highways,4-wheel pickup truck,disabled vehicle without proper signals,collision with obstruction (on road surface),2,1,2,clear,12.86087249,102.1050748,wide curve,slope area,2022-05-16T15:20:00Z
6218214,16.05.2022 23:15,17.05.2022 06:26,Suphan Buri,department of highways,motorcycle,speeding,rear-end collision,2,0,2,clear,14.88374938,100.0861627,other,other,2022-05-16T16:15:00Z