acc_code,incident_datetime,report_datetime,province_en,agency,vehicle_type,presumed_cause,accident_type,number_of_vehicles_involved,number_of_fatalities,number_of_injuries,weather_condition,latitude,longitude,road_description,slope_description,incident_time
6233758,16.05.2022 23:30,19.05.2022 14:56,Songkhla,department of highways,motorcycle,speeding,collision with obstruction (on road surface),2,2,1,clear,7.167279722,100.6103816,straight road,no slope,2022-05-16T16:30:00Z
6283423,16.05.2022 23:30,31.05.2022 13:52,Sa Kaeo,department of highways,4-wheel pickup truck,speeding,rollover/fallen on straight road,1,0,0,rainy,13.55796994,102.1521771,straight road,no slope,2022-05-16T16:30:00Z
6251927,17.05.2022 00:40,26.05.2022 07:50,Nakhon Pathom,department of highways,4-wheel pickup truck,cutting in closely by people/vehicles/animals,rollover/fallen on straight road,1,0,2,clear,14.13116554,100.0179165,other,other,2022-05-16T17:40:00Z
6362100,17.05.2022 01:00,13.06.2022 09:25,Tak,department of highways,7-10-wheel truck,speeding,rollover/fallen on curved road,1,0,0,clear,16.81053135,98.98227809,wide curve,slope area,2022-05-16T18:00:00Z
7140343,17.05.2022 01:00,20.10.2022 13:57,Phetchabun,department of highways,private/passenger car,falling asleep,rollover/fallen on curved road,1,0,1,clear,16.08779223,101.0511008,wide curve,slope area,2022-05-16T18:00:00Z
6404808,17.05.2022 01:10,20.06.2022 11:05,Surin,department of highways,large truck with trailer,speeding,rollover/fallen on straight road,1,0,0,clear,14.62725851,103.4504118,straight road,no slope,2022-05-16T18:10:00Z
6241418,17.05.2022 03:00,23.05.2022 09:40,Kanchanaburi,department of highways,4-wheel pickup truck,speeding,rollover/fallen on straight road,1,0,2,clear,14.12419984,99.68905895,straight road,no slope,2022-05-16T20:00:00Z
6220030,17.05.2022 03:18,17.05.2022 13:43,Sakon Nakhon,department of highways,large truck with trailer,speeding,collision with obstruction (on road surface),1,0,0,clear,17.44861515,103.5504261,other,other,2022-05-16T20:18:00Z
6283355,17.05.2022 03:50,31.05.2022 13:36,Uttaradit,department of highways,4-wheel pickup truck,speeding,rollover/fallen on straight road,1,0,1,clear,17.91415197,100.9849226,straight road,no slope,2022-05-16T20:50:00Z
6416324,17.05.2022 04:00,22.06.2022 10:10,Chumphon,department of highways,large truck with trailer,speeding,rollover/fallen on straight road,1,0,0,clear,10.85544472,99.24102543,straight road,no slope,2022-05-16T21:00:00Z
7521405,17.05.2022 04:35,30.12.2022 09:58,Chiang Mai,department of highways,4-wheel pickup truck,speeding,rollover/fallen on curved road,1,0,0,rainy,19.095948280000002,99.14371489,wide curve,no slope,2022-05-16T21:35:00Z
6243042,17.05.2022 05:30,25.05.2022 08:30,Chon Buri,department of highways,large truck with trailer,speeding,rollover/fallen on straight road,1,0,0,clear,13.17940654,101.264449,straight road,no slope,2022-05-16T22:30:00Z
7442544,17.05.2022 06:30,8.12.2022 13:18,Bangkok,department of highways,private/passenger car,speeding,rear-end collision,2,0,0,clear,13.62389964,100.3911352,straight road,no slope,2022-05-16T23:30:00Z
6243216,17.05.2022 08:10,25.05.2022 14:22,Lamphun,department of highways,motorcycle,speeding,rear-end collision,2,0,1,clear,18.59841394,99.04279141,straight road,no slope,2022-05-17T01:10:00Z
6283645,17.05.2022 08:30,31.05.2022 14:23,Ubon Ratchathani,department of highways,van,speeding,rear-end collision,2,0,3,clear,15.21470872,104.8133281,straight road,no slope,2022-05-17T01:30:00Z
7331556,17.05.2022 09:00,30.05.2022 16:21,Surin,department of highways,private/passenger car,falling asleep,rear-end collision,2,3,1,clear,14.64280366,104.0374213,straight road,no slope,2022-05-17T02:00:00Z
6222401,17.05.2022 09:10,17.05.2022 22:05,Suphan Buri,department of highways,private/passenger car,cutting in closely by people/vehicles/animals,rear-end collision,2,0,1,clear,14.88213442,100.0855699,straight road,no slope,2022-05-17T02:10:00Z
6241398,17.05.2022 09:35,23.05.2022 08:50,Loei,department of highways,4-wheel pickup truck,cutting in closely by people/vehicles/animals,head-on collision (not overtaking),2,1,0,clear,17.46885662,101.7920691,connecting to public/commercial area,other,2022-05-17T02:35:00Z
6283408,17.05.2022 10:00,31.05.2022 13:47,Nakhon Ratchasima,department of highways,other,speeding,rollover/fallen on curved road,1,0,0,rainy,15.29301293,102.4163049,wide curve,no slope,2022-05-17T03:00:00Z
6227163,17.05.2022 10:30,18.05.2022 15:05,Narathiwat,department of highways,4-wheel pickup truck,speeding,collision at intersection corner,2,0,0,clear,6.38209448,101.8053406,other,other,2022-05-17T03:30:00Z
6283206,17.05.2022 10:30,31.05.2022 13:08,Uttaradit,department of highways,large truck with trailer,speeding,rollover/fallen on curved road,1,0,1,rainy,17.4078465,100.2297199,wide curve,slope area,2022-05-17T03:30:00Z
6238566,17.05.2022 10:33,20.05.2022 09:49,Bangkok,department of highways,private/passenger car,speeding,rear-end collision,2,0,0,clear,13.73172751,100.7028025,straight road,no slope,2022-05-17T03:33:00Z
7520918,17.05.2022 10:45,30.12.2022 08:14,Lampang,department of highways,4-wheel pickup truck,speeding,rollover/fallen on curved road,1,0,0,rainy,17.85449004,99.3034914,wide curve,no slope,2022-05-17T03:45:00Z
6220060,17.05.2022 11:03,17.05.2022 13:47,Bangkok,department of highways,private/passenger car,speeding,rear-end collision,6,0,0,clear,13.729518,100.7435775,straight road,no slope,2022-05-17T04:03:00Z
6219631,17.05.2022 11:05,17.05.2022 12:03,Bangkok,expressway authority of thailand,4-wheel pickup truck,other,side collision,3,0,0,clear,13.743634,100.60531,straight road,other,2022-05-17T04:05:00Z
6220606,17.05.2022 11:30,17.05.2022 15:24,Phra Nakhon Si Ayutthaya,department of highways,van,speeding,rear-end collision,10,0,0,clear,14.24593878,100.7491538,straight road,no slope,2022-05-17T04:30:00Z
7444786,17.05.2022 11:30,8.12.2022 14:21,Chachoengsao,department of highways,large truck with trailer,speeding,rollover/fallen on straight road,1,0,0,clear,13.57066274,100.919179,straight road,no slope,2022-05-17T04:30:00Z
6566693,17.05.2022 11:45,17.05.2022 14:10,Chanthaburi,department of rural roads,motorcycle,running red lights/traffic signals,other,2,0,2,clear,12.529425,102.010615,t-intersection,other,2022-05-17T04:45:00Z
6238744,17.05.2022 12:35,20.05.2022 10:12,Bangkok,department of highways,private/passenger car,speeding,rear-end collision,2,0,0,clear,13.7590112,100.6974944,straight road,no slope,2022-05-17T05:35:00Z
6275684,17.05.2022 13:00,30.05.2022 08:50,Nan,department of highways,4-wheel pickup truck,speeding,rollover/fallen on curved road,1,0,1,rainy,18.65912204,100.7525441,wide curve,no slope,2022-05-17T06:00:00Z
6220016,17.05.2022 13:05,17.05.2022 13:35,Samut Prakan,expressway authority of thailand,7-10-wheel truck,other,rear-end collision,2,0,1,clear,13.614008,100.753291,straight road,other,2022-05-17T06:05:00Z
6283228,17.05.2022 13:15,31.05.2022 13:12,Uttaradit,department of highways,4-wheel pickup truck,speeding,rollover/fallen on straight road,1,0,0,clear,17.73643975,100.7041222,straight road,no slope,2022-05-17T06:15:00Z
6284273,17.05.2022 13:20,31.05.2022 16:21,Trang,department of highways,three-wheeled vehicle,speeding,rollover/fallen on curved road,1,0,1,clear,7.989019631,99.62337433,wide curve,no slope,2022-05-17T06:20:00Z
6241365,17.05.2022 14:00,23.05.2022 07:42,Tak,department of highways,4-wheel pickup truck,speeding,rollover/fallen on curved road,1,0,2,clear,16.43361546,98.94827841,sharp curve,slope area,2022-05-17T07:00:00Z
6275652,17.05.2022 14:15,30.05.2022 08:46,Nan,department of highways,4-wheel pickup truck,speeding,rear-end collision,2,0,1,clear,18.57253048,100.7425555,straight road,no slope,2022-05-17T07:15:00Z
6458860,17.05.2022 14:45,29.06.2022 09:34,Phetchabun,department of highways,4-wheel pickup truck,speeding,rollover/fallen on curved road,1,0,1,clear,16.99874193,101.2114754,wide curve,no slope,2022-05-17T07:45:00Z
6805191,17.05.2022 14:50,29.08.2022 09:48,Khon Kaen,department of highways,4-wheel pickup truck,speeding,rollover/fallen on straight road,1,0,0,clear,16.67649453,102.7645925,straight road,no slope,2022-05-17T07:50:00Z
6566799,17.05.2022 15:00,6.06.2022 14:06,Satun,department of rural roads,motorcycle,speeding,other,2,0,2,clear,6.757656,100.02165,wide curve,no slope,2022-05-17T08:00:00Z
6253466,17.05.2022 15:49,26.05.2022 13:47,Chon Buri,department of highways,private/passenger car,vehicle equipment failure,rear-end collision,2,0,1,clear,13.30743871,101.0017374,straight road,no slope,2022-05-17T08:49:00Z
6283338,17.05.2022 17:00,31.05.2022 13:30,Ubon Ratchathani,department of highways,motorcycle,running red lights/traffic signals,head-on collision (not overtaking),2,0,1,clear,15.88286397,105.1838216,straight road,no slope,2022-05-17T10:00:00Z
6243176,17.05.2022 17:30,25.05.2022 13:20,Phetchaburi,department of highways,6-wheel truck,speeding,rollover/fallen on straight road,1,0,0,clear,13.2452717,99.8246312,straight road,no slope,2022-05-17T10:30:00Z
6253820,17.05.2022 17:52,26.05.2022 15:14,Pathum Thani,department of highways,4-wheel pickup truck,speeding,rear-end collision,4,0,0,rainy,14.01114785,100.7034382,straight road,no slope,2022-05-17T10:52:00Z
6277492,17.05.2022 19:00,30.05.2022 15:15,Si Sa Ket,department of highways,4-wheel pickup truck,speeding,rollover/fallen on straight road,1,0,1,clear,14.98744421,104.2172581,straight road,no slope,2022-05-17T12:00:00Z
6724477,17.05.2022 19:50,15.08.2022 14:31,Suphan Buri,department of highways,4-wheel pickup truck,cutting in closely by people/vehicles/animals,rear-end collision,2,0,0,foggy,14.87159154,100.0869325,other,other,2022-05-17T12:50:00Z
6252265,17.05.2022 20:05,26.05.2022 09:18,Nakhon Si Thammarat,department of highways,4-wheel pickup truck,speeding,rollover/fallen on straight road,1,0,0,clear,8.29161463,99.99475835,straight road,no slope,2022-05-17T13:05:00Z
7419507,17.05.2022 20:30,30.11.2022 13:46,Ang Thong,department of highways,motorcycle,cutting in closely by people/vehicles/animals,rear-end collision,2,0,2,clear,14.5727795,100.4539901,straight road,no slope,2022-05-17T13:30:00Z
7331561,17.05.2022 20:40,31.05.2022 12:48,Saraburi,department of highways,7-10-wheel truck,speeding,rollover/fallen on straight road,1,1,0,clear,14.7225026,100.9045583,straight road,no slope,2022-05-17T13:40:00Z
6241390,17.05.2022 21:00,23.05.2022 08:33,Phetchabun,department of highways,6-wheel truck,other,rollover/fallen on curved road,1,0,0,clear,17.00935058,101.3859558,wide curve,slope area,2022-05-17T14:00:00Z
6227038,17.05.2022 21:10,18.05.2022 14:49,Kanchanaburi,department of highways,4-wheel pickup truck,cutting in closely by people/vehicles/animals,collision at intersection corner,2,0,3,clear,13.79415067,99.58017199,other,other,2022-05-17T14:10:00Z
6243050,17.05.2022 21:30,25.05.2022 09:06,Chon Buri,department of highways,4-wheel pickup truck,speeding,rollover/fallen on straight road,1,0,0,clear,13.47585715,101.1694479,straight road,no slope,2022-05-17T14:30:00Z
6232213,17.05.2022 21:40,19.05.2022 09:21,Bangkok,department of highways,4-wheel pickup truck,speeding,rollover/fallen on straight road,1,0,0,rainy,13.90780639,100.6987819,straight road,no slope,2022-05-17T14:40:00Z
6495959,17.05.2022 21:40,5.07.2022 14:59,Chachoengsao,department of highways,4-wheel pickup truck,speeding,rollover/fallen on straight road,1,0,0,clear,13.72833767,101.0334545,straight road,no slope,2022-05-17T14:40:00Z
7509720,17.05.2022 22:00,27.12.2022 08:42,Ubon Ratchathani,department of highways,private/passenger car,speeding,pedestrian collision,1,1,0,rainy,14.81169703,104.9327293,straight road,no slope,2022-05-17T15:00:00Z
6294831,17.05.2022 22:40,2.06.2022 10:10,Trat,department of highways,4-wheel pickup truck,speeding,rollover/fallen on straight road,1,0,0,clear,12.25204396,102.5094178,other,other,2022-05-17T15:40:00Z
6243273,17.05.2022 23:00,25.05.2022 15:20,Prachuap Khiri Khan,department of highways,large truck with trailer,speeding,rear-end collision,2,0,1,clear,11.55028226,99.63232754,other,other,2022-05-17T16:00:00Z
6253847,17.05.2022 23:13,26.05.2022 15:16,Pathum Thani,department of highways,private/passenger car,speeding,rear-end collision,2,0,0,rainy,14.134859,100.667628,straight road,no slope,2022-05-17T16:13:00Z
6495957,17.05.2022 23:30,5.07.2022 14:59,Chachoengsao,department of highways,4-wheel pickup truck,speeding,rollover/fallen on straight road,1,0,3,clear,13.72743874,101.0350048,straight road,no slope,2022-05-17T16:30:00Z
7521140,17.05.2022 23:30,30.12.2022 09:04,Chiang Mai,department of highways,4-wheel pickup truck,speeding,rear-end collision,2,0,0,clear,18.85282799,98.96873026,straight road,no slope,2022-05-17T16:30:00Z
6495617,17.05.2022 23:41,5.07.2022 14:18,Chon Buri,department of highways,motorcycle,speeding,rear-end collision,3,1,0,rainy,13.37329525,101.0193917,straight road,no slope,2022-05-17T16:41:00Z
6224122,17.05.2022 23:45,18.05.2022 03:17,Bangkok,expressway authority of thailand,other,other,rear-end collision,1,0,0,rainy,13.715684,100.601009,wide curve,other,2022-05-17T16:45:00Z
6362391,18.05.2022 00:10,13.06.2022 10:20,Kalasin,department of highways,private/passenger car,speeding,rollover/fallen on straight road,1,0,0,clear,16.74861413,103.6459985,straight road,no slope,2022-05-17T17:10:00Z
6282705,18.05.2022 00:20,31.05.2022 11:07,Phitsanulok,department of highways,private/passenger car,falling asleep,rollover/fallen on straight road,1,0,1,rainy,16.8170067,100.3171733,straight road,no slope,2022-05-17T17:20:00Z
7560783,18.05.2022 00:50,16.01.2023 13:56,Bangkok,department of highways,4-wheel pickup truck,speeding,rear-end collision,3,0,1,clear,13.79258287,100.5614382,straight road,slope area,2022-05-17T17:50:00Z
6501888,18.05.2022 00:55,6.07.2022 11:32,Chanthaburi,department of highways,4-wheel pickup truck,speeding,rollover/fallen on straight road,1,0,1,clear,12.45582485,102.2602138,other,other,2022-05-17T17:55:00Z
6276965,18.05.2022 01:20,30.05.2022 13:45,Prachuap Khiri Khan,department of highways,4-wheel pickup truck,speeding,rollover/fallen on straight road,1,0,0,clear,11.15533478,99.38650845,straight road,no slope,2022-05-17T18:20:00Z
6362341,18.05.2022 02:10,13.06.2022 10:14,Loei,department of highways,private/passenger car,speeding,rollover/fallen on straight road,1,0,1,clear,17.79627657,101.6767153,straight road,no slope,2022-05-17T19:10:00Z
6260438,18.05.2022 03:05,27.05.2022 16:29,Chon Buri,department of highways,private/passenger car,falling asleep,rear-end collision,2,0,2,clear,13.13265512,100.9851721,straight road,no slope,2022-05-17T20:05:00Z
6735617,18.05.2022 04:30,17.08.2022 14:29,Chachoengsao,department of highways,4-wheel pickup truck,speeding,rollover/fallen on curved road,1,0,0,rainy,13.65775485,101.1421108,wide curve,no slope,2022-05-17T21:30:00Z
6735625,18.05.2022 05:30,17.08.2022 14:29,Chachoengsao,department of highways,6-wheel truck,running red lights/traffic signals,collision at intersection corner,2,0,0,rainy,13.60518903,101.1157527,other,other,2022-05-17T22:30:00Z
7380464,18.05.2022 05:40,24.11.2022 14:38,Chaiyaphum,department of highways,private/passenger car,speeding,rollover/fallen on straight road,1,0,0,clear,16.20469411,102.2054755,straight road,no slope,2022-05-17T22:40:00Z
7419029,18.05.2022 05:50,30.11.2022 11:41,Loburi,department of highways,motorcycle,speeding,rear-end collision,2,0,0,rainy,15.07857239,100.9912553,straight road,no slope,2022-05-17T22:50:00Z
6281891,18.05.2022 07:15,31.05.2022 08:10,Chanthaburi,department of highways,motorcycle,cutting in closely by people/vehicles/animals,head-on collision (not overtaking),2,1,0,clear,12.80534635,102.1167934,straight road,no slope,2022-05-18T00:15:00Z
7521250,18.05.2022 07:30,30.12.2022 09:26,Chiang Mai,department of highways,private/passenger car,speeding,rear-end collision,4,0,0,clear,18.9244794,98.93943249,straight road,no slope,2022-05-18T00:30:00Z
7565350,18.05.2022 07:30,20.01.2023 10:29,Chanthaburi,department of highways,motorcycle,speeding,rear-end collision,3,2,0,clear,13.22442834,102.3167038,straight road,no slope,2022-05-18T00:30:00Z
6453691,18.05.2022 07:40,28.06.2022 14:57,Nakhon Ratchasima,department of highways,4-wheel pickup truck,speeding,rollover/fallen on curved road,1,0,0,rainy,14.44989867,101.8970722,wide curve,slope area,2022-05-18T00:40:00Z
6282910,18.05.2022 08:30,31.05.2022 11:59,Nakhon Phanom,department of highways,4-wheel pickup truck,vehicle equipment failure,rollover/fallen on straight road,1,0,0,clear,17.22000579,104.6850166,straight road,no slope,2022-05-18T01:30:00Z
6233725,18.05.2022 08:40,19.05.2022 14:52,Narathiwat,department of highways,motorized tricycle,speeding,rear-end collision,2,1,1,clear,6.287854704,102.0039502,straight road,no slope,2022-05-18T01:40:00Z
6777766,18.05.2022 09:30,24.08.2022 12:30,Si Sa Ket,department of highways,private/passenger car,falling asleep,rollover/fallen on straight road,1,0,0,clear,14.73809546,104.3581518,straight road,no slope,2022-05-18T02:30:00Z
6226105,18.05.2022 09:49,18.05.2022 11:23,Bangkok,department of highways,private/passenger car,speeding,rear-end collision,4,0,0,clear,13.73101359,100.7172918,straight road,no slope,2022-05-18T02:49:00Z
6258857,18.05.2022 11:10,27.05.2022 10:20,Sing Buri,department of highways,motorcycle,speeding,rear-end collision,2,0,1,clear,14.73378944,100.4545426,straight road,no slope,2022-05-18T04:10:00Z
6241358,18.05.2022 11:30,23.05.2022 07:40,Kamphaeng Phet,department of highways,other,speeding,rollover/fallen on straight road,1,0,0,clear,16.56380881,99.4463539,straight road,no slope,2022-05-18T04:30:00Z
6241366,18.05.2022 11:30,23.05.2022 07:43,Kamphaeng Phet,department of highways,4-wheel pickup truck,speeding,rollover/fallen on curved road,1,0,1,rainy,16.06453708,99.39678668,wide curve,slope area,2022-05-18T04:30:00Z
6259822,18.05.2022 12:00,27.05.2022 14:13,Kanchanaburi,department of highways,4-wheel pickup truck,speeding,rollover/fallen on curved road,1,0,0,clear,14.39897679,99.1677904,wide curve,no slope,2022-05-18T05:00:00Z
7380527,18.05.2022 12:00,24.11.2022 14:36,Chaiyaphum,department of highways,private/passenger car,speeding,rollover/fallen on straight road,1,0,0,clear,16.13021177,102.2498645,straight road,no slope,2022-05-18T05:00:00Z
6242084,18.05.2022 12:10,24.05.2022 09:20,Samut Prakan,department of highways,7-10-wheel truck,vehicle equipment failure,collision with obstruction (on road surface),1,0,0,clear,13.60325727,100.7811338,straight road,no slope,2022-05-18T05:10:00Z
6942928,18.05.2022 12:30,20.09.2022 07:55,Chachoengsao,department of highways,private/passenger car,vehicle equipment failure,rollover/fallen on straight road,1,0,3,clear,13.74638064,101.472618,straight road,no slope,2022-05-18T05:30:00Z
6502275,18.05.2022 12:40,6.07.2022 13:22,Samut Songkhram,department of highways,private/passenger car,speeding,rollover/fallen on straight road,1,0,0,clear,13.41825757,99.9752426,other,other,2022-05-18T05:40:00Z
6896843,18.05.2022 13:05,13.09.2022 13:25,Loei,department of highways,private/passenger car,speeding,rollover/fallen on straight road,1,0,1,rainy,17.45621204,101.4155835,straight road,no slope,2022-05-18T06:05:00Z
6241359,18.05.2022 14:20,23.05.2022 07:36,Uthai Thani,department of highways,large truck with trailer,speeding,rollover/fallen on curved road,1,0,0,clear,15.33716196,100.0738728,wide curve,no slope,2022-05-18T07:20:00Z
6252738,18.05.2022 14:40,26.05.2022 10:51,Surat Thani,department of highways,motorized tricycle,speeding,rear-end collision,2,0,1,clear,9.112041471,99.19876187,straight road,no slope,2022-05-18T07:40:00Z
6362522,18.05.2022 15:00,13.06.2022 10:48,Chon Buri,department of highways,large truck with trailer,speeding,rollover/fallen on straight road,1,0,0,rainy,13.30345814,101.1377656,straight road,no slope,2022-05-18T08:00:00Z
6242328,18.05.2022 15:28,24.05.2022 14:05,Nakhon Ratchasima,department of highways,motorcycle,speeding,rear-end collision,2,0,1,rainy,14.36706903,101.8475962,straight road,slope area,2022-05-18T08:28:00Z
6253653,18.05.2022 15:37,26.05.2022 14:37,Chon Buri,department of highways,van,speeding,rear-end collision,2,0,0,clear,12.84992096,100.9819937,straight road,no slope,2022-05-18T08:37:00Z
6258623,18.05.2022 15:52,27.05.2022 09:26,Chon Buri,department of highways,other,speeding,rollover/fallen on straight road,1,0,0,clear,13.33730787,101.023246,straight road,no slope,2022-05-18T08:52:00Z
7562720,18.05.2022 16:50,18.01.2023 10:41,Prachin Buri,department of highways,private/passenger car,speeding,other,1,0,0,clear,14.30823522,101.8639228,wide curve,slope area,2022-05-18T09:50:00Z
6241442,18.05.2022 17:00,23.05.2022 10:14,Suphan Buri,department of highways,private/passenger car,cutting in closely by people/vehicles/animals,rear-end collision,2,0,1,clear,14.86673339,100.0876701,wide curve,no slope,2022-05-18T10:00:00Z
6284049,18.05.2022 17:30,31.05.2022 15:38,Si Sa Ket,department of highways,private/passenger car,speeding,rollover/fallen on straight road,1,0,0,clear,14.68645915,104.4389212,straight road,no slope,2022-05-18T10:30:00Z
6233334,18.05.2022 17:40,19.05.2022 13:42,Nakhon Sawan,department of highways,private/passenger car,speeding,rear-end collision,2,0,3,clear,15.50529063,100.1252666,straight road,no slope,2022-05-18T10:40:00Z
6318323,18.05.2022 17:49,6.06.2022 11:08,Samut Prakan,expressway authority of thailand,4-wheel pickup truck,other,rear-end collision,2,0,0,clear,13.634583,100.567552,straight road,other,2022-05-18T10:49:00Z
6241449,18.05.2022 18:50,23.05.2022 10:19,Suphan Buri,department of highways,private/passenger car,speeding,rollover/fallen on straight road,1,0,0,rainy,14.49989483,100.1317441,straight road,no slope,2022-05-18T11:50:00Z
7521455,18.05.2022 20:00,30.12.2022 10:12,Chiang Mai,department of highways,private/passenger car,speeding,rollover/fallen on straight road,1,0,1,clear,18.18801171,98.61271797,straight road,no slope,2022-05-18T13:00:00Z
7331563,18.05.2022 21:45,13.06.2022 09:24,Tak,department of highways,7-10-wheel truck,falling asleep,rear-end collision,6,0,9,clear,16.86367298,99.13837998,other,other,2022-05-18T14:45:00Z
7521223,18.05.2022 22:30,30.12.2022 09:21,Chiang Mai,department of highways,4-wheel pickup truck,speeding,pedestrian collision,1,0,1,clear,18.92138903,98.94136904,straight road,no slope,2022-05-18T15:30:00Z
6258881,18.05.2022 22:57,27.05.2022 10:26,Sukhothai,department of highways,motorcycle,speeding,rear-end collision,2,0,1,rainy,17.00907613,99.80509667,other,other,2022-05-18T15:57:00Z
6566718,18.05.2022 22:57,19.05.2022 16:49,Bangkok,department of rural roads,motorcycle,unfamiliarity with the route/unskilled driving,other,1,0,1,clear,13.674204,100.53905,straight road,no slope,2022-05-18T15:57:00Z
6282612,18.05.2022 23:59,31.05.2022 10:54,Amnat Charoen,department of highways,other,speeding,rollover/fallen on straight road,1,0,0,clear,15.82953481,104.4604808,connecting to public/commercial area,other,2022-05-18T16:59:00Z
6241378,19.05.2022 00:20,23.05.2022 08:17,Phra Nakhon Si Ayutthaya,department of highways,6-wheel truck,speeding,rollover/fallen on straight road,1,0,2,clear,14.55224483,100.4990136,straight road,no slope,2022-05-18T17:20:00Z
6281832,19.05.2022 00:35,31.05.2022 07:59,Chanthaburi,department of highways,4-wheel pickup truck,speeding,rear-end collision,3,0,4,rainy,12.5972608,102.1413892,wide curve,no slope,2022-05-18T17:35:00Z
6276941,19.05.2022 01:15,30.05.2022 13:43,Prachuap Khiri Khan,department of highways,4-wheel pickup truck,speeding,rollover/fallen on straight road,1,0,0,clear,11.22519091,99.42418544,straight road,no slope,2022-05-18T18:15:00Z
6242256,19.05.2022 01:30,24.05.2022 12:22,Chanthaburi,department of highways,motorized tricycle,speeding,rear-end collision,2,1,0,rainy,12.65364642,102.0934152,other,other,2022-05-18T18:30:00Z
6362368,19.05.2022 01:30,13.06.2022 10:15,Loei,department of highways,4-wheel pickup truck,speeding,rollover/fallen on straight road,1,0,0,clear,17.29160179,101.8214339,straight road,no slope,2022-05-18T18:30:00Z
6294188,19.05.2022 02:00,2.06.2022 07:35,Chumphon,department of highways,private/passenger car,speeding,rollover/fallen on curved road,1,0,1,clear,10.59064803,99.27278815,wide curve,no slope,2022-05-18T19:00:00Z
6318328,19.05.2022 02:50,6.06.2022 11:08,Samut Prakan,expressway authority of thailand,7-10-wheel truck,other,rear-end collision,2,0,2,clear,13.636721,100.546388,grade-separated intersection/ramps,other,2022-05-18T19:50:00Z
6294478,19.05.2022 03:00,2.06.2022 09:01,Suphan Buri,department of highways,4-wheel pickup truck,falling asleep,rollover/fallen on curved road,1,1,1,clear,14.75810695,100.0551563,other,other,2022-05-18T20:00:00Z
6319960,19.05.2022 03:40,6.06.2022 15:48,Surat Thani,department of highways,4-wheel pickup truck,speeding,rear-end collision,2,1,2,foggy,8.846755631,98.7431082,wide curve,no slope,2022-05-18T20:40:00Z
6294833,19.05.2022 04:10,2.06.2022 10:12,Trat,department of highways,4-wheel pickup truck,speeding,rollover/fallen on curved road,1,1,0,clear,12.3636956,102.4238607,wide curve,slope area,2022-05-18T21:10:00Z
6362087,19.05.2022 04:30,13.06.2022 09:22,Tak,department of highways,4-wheel pickup truck,falling asleep,rollover/fallen on straight road,1,0,1,clear,16.85202674,99.11526202,straight road,no slope,2022-05-18T21:30:00Z
6275975,19.05.2022 04:57,30.05.2022 09:56,Bangkok,department of highways,4-wheel pickup truck,speeding,rollover/fallen on straight road,1,0,0,clear,13.72961961,100.7481238,straight road,no slope,2022-05-18T21:57:00Z
6243171,19.05.2022 05:00,25.05.2022 13:18,Phetchaburi,department of highways,large truck with trailer,falling asleep,rollover/fallen on straight road,1,0,0,clear,12.88463055,99.91214632,other,other,2022-05-18T22:00:00Z
6566719,19.05.2022 06:02,19.05.2022 16:49,Samut Prakan,department of rural roads,motorcycle,unfamiliarity with the route/unskilled driving,other,2,0,1,clear,13.660763,100.539444,straight road,slope area,2022-05-18T23:02:00Z
7007717,19.05.2022 07:00,30.09.2022 10:36,Roi Et,department of highways,private/passenger car,speeding,rollover/fallen on straight road,1,0,0,rainy,16.06628717,103.6508158,straight road,no slope,2022-05-19T00:00:00Z
6283723,19.05.2022 07:30,31.05.2022 14:36,Sakon Nakhon,department of highways,private/passenger car,speeding,rollover/fallen on straight road,1,0,0,clear,17.20752597,104.0597105,straight road,no slope,2022-05-19T00:30:00Z
6346113,19.05.2022 07:40,10.06.2022 15:28,Surat Thani,department of highways,motorcycle,cutting in closely by people/vehicles/animals,rear-end collision,2,0,1,clear,9.586963134,99.08627807,straight road,no slope,2022-05-19T00:40:00Z
6233590,19.05.2022 08:00,19.05.2022 14:25,Kalasin,department of highways,4-wheel pickup truck,speeding,rollover/fallen on straight road,1,0,5,rainy,16.41677683,103.473967,straight road,no slope,2022-05-19T01:00:00Z
6242309,19.05.2022 08:00,24.05.2022 13:58,Nakhon Ratchasima,department of highways,4-wheel pickup truck,cutting in closely by people/vehicles/animals,rear-end collision,2,1,4,clear,14.7579617,102.1634155,straight road,no slope,2022-05-19T01:00:00Z
6260004,19.05.2022 08:15,27.05.2022 14:48,Phrae,department of highways,4-wheel pickup truck,speeding,rollover/fallen on straight road,1,0,1,clear,18.17224275,100.1739567,connecting to public/commercial area,other,2022-05-19T01:15:00Z
6281853,19.05.2022 08:20,31.05.2022 08:01,Chanthaburi,department of highways,4-wheel pickup truck,speeding,rollover/fallen on curved road,1,0,8,rainy,12.57613819,102.1609586,wide curve,no slope,2022-05-19T01:20:00Z
7333053,19.05.2022 08:30,17.11.2022 15:53,Khon Kaen,department of highways,private/passenger car,speeding,rollover/fallen on curved road,1,0,0,rainy,16.44999603,102.6405041,wide curve,no slope,2022-05-19T01:30:00Z
6238963,19.05.2022 08:40,20.05.2022 10:52,Nakhon Ratchasima,department of highways,4-wheel pickup truck,vehicle equipment failure,rollover/fallen on straight road,1,0,0,clear,14.94831963,102.0163071,straight road,no slope,2022-05-19T01:40:00Z
7567533,19.05.2022 09:00,23.01.2023 17:14,Rayong,department of highways,other,speeding,rollover/fallen on straight road,1,0,0,clear,12.70348091,101.224637,other,other,2022-05-19T02:00:00Z