acc_code,incident_datetime,report_datetime,province_en,agency,vehicle_type,presumed_cause,accident_type,number_of_vehicles_involved,number_of_fatalities,number_of_injuries,weather_condition,latitude,longitude,road_description,slope_description,incident_time
6241448,19.05.2022 10:50,23.05.2022 10:18,Suphan Buri,department of highways,4-wheel pickup truck,falling asleep,rollover/fallen on straight road,1,0,2,clear,14.52663221,100.1308724,straight road,no slope,2022-05-19T03:50:00Z
6687545,19.05.2022 11:00,9.08.2022 14:12,Loburi,department of highways,other,speeding,rollover/fallen on straight road,1,0,0,clear,15.07927942,101.0400742,straight road,no slope,2022-05-19T04:00:00Z
6282180,19.05.2022 11:15,31.05.2022 09:20,Chachoengsao,department of highways,6-wheel truck,speeding,rollover/fallen on straight road,1,0,0,clear,13.66917827,101.1963558,straight road,no slope,2022-05-19T04:15:00Z
6243083,19.05.2022 12:04,25.05.2022 09:58,Songkhla,department of highways,4-wheel pickup truck,falling asleep,rollover/fallen on straight road,1,0,7,clear,7.038805818,100.4599902,straight road,no slope,2022-05-19T05:04:00Z
6318332,19.05.2022 12:04,6.06.2022 11:08,Samut Prakan,expressway authority of thailand,large truck with trailer,other,rear-end collision,2,0,0,clear,13.600973,100.648165,wide curve,other,2022-05-19T05:04:00Z
6260273,19.05.2022 12:20,27.05.2022 15:42,Chaiyaphum,department of highways,4-wheel pickup truck,speeding,rollover/fallen on straight road,1,1,0,clear,16.02151961,102.2400972,straight road,no slope,2022-05-19T05:20:00Z
6494822,19.05.2022 12:30,5.07.2022 11:16,Rayong,department of highways,4-wheel pickup truck,speeding,rollover/fallen on straight road,1,0,0,rainy,12.63929666,101.3670623,straight road,no slope,2022-05-19T05:30:00Z
6495962,19.05.2022 12:40,5.07.2022 14:57,Chachoengsao,department of highways,private/passenger car,speeding,rollover/fallen on straight road,1,0,1,clear,13.72421039,101.0393876,straight road,no slope,2022-05-19T05:40:00Z
6243051,19.05.2022 13:10,25.05.2022 09:08,Chon Buri,department of highways,other,speeding,rollover/fallen on straight road,1,0,0,clear,13.2409507,101.2414008,straight road,no slope,2022-05-19T06:10:00Z
6243132,19.05.2022 13:10,25.05.2022 10:52,Sakon Nakhon,department of highways,6-wheel truck,speeding,head-on collision (not overtaking),2,0,0,clear,17.11493999,104.0110901,straight road,no slope,2022-05-19T06:10:00Z
6362240,19.05.2022 13:10,13.06.2022 09:50,Tak,department of highways,motorcycle,speeding,rear-end collision,2,0,3,clear,17.21361611,98.29116939,wide curve,no slope,2022-05-19T06:10:00Z
6592919,19.05.2022 13:30,25.07.2022 08:43,Mukdahan,department of highways,other,speeding,rollover/fallen on straight road,1,0,0,clear,16.57312555,104.4119623,straight road,no slope,2022-05-19T06:30:00Z
6944759,19.05.2022 13:30,20.09.2022 14:29,Samut Prakan,department of highways,private/passenger car,speeding,rollover/fallen on straight road,1,0,0,clear,13.56602687,100.8379805,straight road,no slope,2022-05-19T06:30:00Z
7515091,19.05.2022 13:30,28.12.2022 14:38,Lamphun,department of highways,private/passenger car,speeding,collision with obstruction (on road surface),1,0,0,clear,18.5655562,99.04487012,straight road,no slope,2022-05-19T06:30:00Z
6233518,19.05.2022 13:33,19.05.2022 14:09,Bangkok,expressway authority of thailand,other,other,collision with obstruction (on road surface),1,0,0,clear,13.81822191,100.5500651,straight road,other,2022-05-19T06:33:00Z
6260083,19.05.2022 15:30,27.05.2022 15:01,Phrae,department of highways,4-wheel pickup truck,falling asleep,rollover/fallen on straight road,1,0,1,rainy,18.31737133,100.3038722,straight road,no slope,2022-05-19T08:30:00Z
6895622,19.05.2022 15:38,13.09.2022 09:23,Nong Bua Lam Phu,department of highways,4-wheel pickup truck,speeding,rollover/fallen on curved road,1,0,1,rainy,17.24678934,102.3859906,wide curve,no slope,2022-05-19T08:38:00Z
6537457,19.05.2022 15:50,12.07.2022 08:24,Roi Et,department of highways,4-wheel pickup truck,speeding,rear-end collision,2,1,1,clear,15.73461752,103.4492799,straight road,no slope,2022-05-19T08:50:00Z
7041022,19.05.2022 16:10,5.10.2022 11:12,Phetchabun,department of highways,4-wheel pickup truck,speeding,rollover/fallen on straight road,1,0,2,rainy,15.6638227,101.0365632,straight road,no slope,2022-05-19T09:10:00Z
7559408,19.05.2022 16:10,13.01.2023 14:21,Nakhon Ratchasima,department of highways,4-wheel pickup truck,vehicle equipment failure,head-on collision (not overtaking),2,0,1,clear,14.63807535,101.2619948,straight road,no slope,2022-05-19T09:10:00Z
6283424,19.05.2022 16:40,31.05.2022 13:53,Sa Kaeo,department of highways,4-wheel pickup truck,speeding,rollover/fallen on curved road,1,0,0,rainy,13.94215023,102.5319484,wide curve,slope area,2022-05-19T09:40:00Z
6242174,19.05.2022 17:00,24.05.2022 10:51,buogkan,department of highways,4-wheel pickup truck,cutting in closely by people/vehicles/animals,head-on collision (not overtaking),2,0,3,clear,18.27410935,103.8486314,connecting to public/commercial area,other,2022-05-19T10:00:00Z
6258433,19.05.2022 17:20,27.05.2022 08:35,Phrae,department of highways,4-wheel pickup truck,speeding,head-on collision (not overtaking),2,0,0,rainy,18.03748601,99.6998146,wide curve,slope area,2022-05-19T10:20:00Z
6495495,19.05.2022 17:50,5.07.2022 14:00,Chon Buri,department of highways,private/passenger car,speeding,rollover/fallen on straight road,1,0,1,clear,13.23334502,100.9823719,straight road,no slope,2022-05-19T10:50:00Z
6241314,19.05.2022 17:52,22.05.2022 10:15,Chon Buri,department of highways,private/passenger car,speeding,rear-end collision,3,0,0,clear,13.3531388,101.0331058,straight road,no slope,2022-05-19T10:52:00Z
7553850,19.05.2022 18:00,7.01.2023 16:24,Buri Ram,department of highways,4-wheel pickup truck,speeding,rollover/fallen on straight road,1,0,0,rainy,14.76978617,102.9372396,straight road,no slope,2022-05-19T11:00:00Z
6501103,19.05.2022 18:30,6.07.2022 09:00,Chanthaburi,department of highways,4-wheel pickup truck,speeding,rollover/fallen on straight road,1,0,0,clear,12.96739741,102.2839379,straight road,no slope,2022-05-19T11:30:00Z
6488302,19.05.2022 19:15,4.07.2022 09:50,Suphan Buri,department of highways,4-wheel pickup truck,speeding,rear-end collision,2,0,0,clear,14.75166405,100.0976264,other,other,2022-05-19T12:15:00Z
6566741,19.05.2022 19:36,20.05.2022 11:11,Samut Prakan,department of rural roads,motorcycle,unfamiliarity with the route/unskilled driving,other,2,0,1,clear,13.668781,100.538501,straight road,slope area,2022-05-19T12:36:00Z
7521284,19.05.2022 20:00,30.12.2022 09:33,Kanchanaburi,department of highways,large truck with trailer,speeding,rollover/fallen on curved road,1,0,1,rainy,15.16803063,98.4827113,wide curve,no slope,2022-05-19T13:00:00Z
7521846,19.05.2022 20:00,30.12.2022 11:48,Nan,department of highways,6-wheel truck,speeding,rollover/fallen on straight road,1,0,0,clear,18.84979468,100.4321167,straight road,no slope,2022-05-19T13:00:00Z
6282632,19.05.2022 20:30,31.05.2022 10:58,Suphan Buri,department of highways,motorcycle,speeding,collision with obstruction (on road surface),2,0,1,clear,14.75966837,100.0498,straight road,no slope,2022-05-19T13:30:00Z
6283339,19.05.2022 20:30,31.05.2022 13:33,Ubon Ratchathani,department of highways,4-wheel pickup truck,speeding,rollover/fallen on curved road,1,2,6,clear,15.97479514,105.2147287,wide curve,no slope,2022-05-19T13:30:00Z
6324415,19.05.2022 20:55,7.06.2022 10:29,Mukdahan,department of highways,4-wheel pickup truck,speeding,rollover/fallen on straight road,1,0,1,clear,16.59837153,104.7195688,straight road,no slope,2022-05-19T13:55:00Z
6241727,19.05.2022 21:00,23.05.2022 16:33,Kanchanaburi,department of highways,motorcycle,speeding,rollover/fallen on curved road,1,0,1,clear,14.57419687,99.7091621,wide curve,no slope,2022-05-19T14:00:00Z
6253515,19.05.2022 22:41,26.05.2022 14:04,Bangkok,department of highways,4-wheel pickup truck,speeding,rear-end collision,2,0,0,clear,13.72998439,100.758115,other,other,2022-05-19T15:41:00Z
6258904,19.05.2022 22:44,27.05.2022 10:31,Sukhothai,department of highways,private/passenger car,speeding,rear-end collision,2,0,1,rainy,17.37879031,99.79596375,straight road,no slope,2022-05-19T15:44:00Z
6253540,19.05.2022 22:45,26.05.2022 14:08,Pathum Thani,department of highways,large truck with trailer,speeding,rear-end collision,2,0,0,clear,14.01349782,100.7026094,straight road,no slope,2022-05-19T15:45:00Z
7414320,20.05.2022 00:15,29.11.2022 13:14,Nakhon Sawan,department of highways,4-wheel pickup truck,speeding,rollover/fallen on straight road,1,0,1,rainy,15.34067206,100.5339414,straight road,no slope,2022-05-19T17:15:00Z
6239979,20.05.2022 00:55,20.05.2022 14:40,Suphan Buri,department of highways,4-wheel pickup truck,falling asleep,rollover/fallen on straight road,1,0,0,clear,14.5027227,100.132125,straight road,no slope,2022-05-19T17:55:00Z
7561489,20.05.2022 01:20,17.01.2023 09:58,Sa Kaeo,department of highways,4-wheel pickup truck,speeding,rollover/fallen on straight road,1,0,0,foggy,13.8880444,101.9989586,straight road,no slope,2022-05-19T18:20:00Z
6494353,20.05.2022 01:30,5.07.2022 09:22,Nakhon Nayok,department of highways,motorcycle,speeding,rear-end collision,2,0,1,clear,14.11318382,100.983383,straight road,no slope,2022-05-19T18:30:00Z
6253634,20.05.2022 01:50,26.05.2022 14:34,Bangkok,department of highways,4-wheel pickup truck,speeding,pedestrian collision,1,0,1,clear,13.81294911,100.6775254,straight road,no slope,2022-05-19T18:50:00Z
7565183,20.05.2022 01:50,20.01.2023 09:13,Trang,department of highways,4-wheel pickup truck,falling asleep,rollover/fallen on straight road,1,0,0,clear,7.752575972,99.48474704,straight road,no slope,2022-05-19T18:50:00Z
6829408,20.05.2022 02:30,2.09.2022 14:51,Lampang,department of highways,large truck with trailer,speeding,rollover/fallen on curved road,1,0,0,rainy,18.42371036,99.7501704,wide curve,slope area,2022-05-19T19:30:00Z
6258432,20.05.2022 02:45,27.05.2022 08:40,Nakhon Si Thammarat,department of highways,6-wheel truck,speeding,rollover/fallen on straight road,1,0,0,clear,9.034679791,99.85637514,straight road,no slope,2022-05-19T19:45:00Z
6459582,20.05.2022 03:30,29.06.2022 12:11,Phangnga,department of highways,4-wheel pickup truck,speeding,rollover/fallen on curved road,1,0,1,clear,8.317478681,98.29019575,wide curve,no slope,2022-05-19T20:30:00Z
6362086,20.05.2022 05:00,13.06.2022 09:22,Tak,department of highways,4-wheel pickup truck,speeding,rear-end collision,2,0,2,rainy,17.19095067,99.13142501,straight road,no slope,2022-05-19T22:00:00Z
7561386,20.05.2022 05:30,17.01.2023 09:08,Nakhon Ratchasima,department of highways,4-wheel pickup truck,speeding,rollover/fallen on straight road,1,0,0,clear,15.13534232,102.31005999999999,straight road,no slope,2022-05-19T22:30:00Z
6283358,20.05.2022 06:00,31.05.2022 13:35,Uttaradit,department of highways,4-wheel pickup truck,speeding,rollover/fallen on curved road,1,0,4,clear,17.7937942,100.7405224,wide curve,no slope,2022-05-19T23:00:00Z
6282640,20.05.2022 06:30,31.05.2022 10:59,Phrae,department of highways,van,speeding,rollover/fallen on straight road,1,0,0,rainy,18.03793488,99.73470746,straight road,no slope,2022-05-19T23:30:00Z
7521567,20.05.2022 06:30,30.12.2022 10:39,Chiang Rai,department of highways,van,speeding,rollover/fallen on curved road,1,0,1,clear,19.06904878,99.38580839,wide curve,no slope,2022-05-19T23:30:00Z
6241574,20.05.2022 07:30,23.05.2022 14:29,Suphan Buri,department of highways,private/passenger car,speeding,pedestrian collision,1,1,0,clear,14.31020785,100.0601238,other,other,2022-05-20T00:30:00Z
7007922,20.05.2022 07:30,30.09.2022 11:15,Chachoengsao,department of highways,4-wheel pickup truck,speeding,rollover/fallen on straight road,1,0,1,clear,13.68843498,101.262145,straight road,no slope,2022-05-20T00:30:00Z
6471706,20.05.2022 08:00,1.07.2022 10:19,Kalasin,department of highways,4-wheel pickup truck,speeding,rollover/fallen on straight road,1,0,0,clear,16.46822204,103.5525691,other,other,2022-05-20T01:00:00Z
6362057,20.05.2022 08:10,13.06.2022 09:18,Tak,department of highways,large truck with trailer,speeding,rollover/fallen on curved road,1,0,0,clear,16.76290175,98.87752979,wide curve,slope area,2022-05-20T01:10:00Z
6682077,20.05.2022 09:00,8.08.2022 16:34,Khon Kaen,department of highways,other,speeding,rollover/fallen on curved road,1,0,0,clear,16.39491402,102.7154651,wide curve,no slope,2022-05-20T02:00:00Z
6253534,20.05.2022 09:04,26.05.2022 14:05,Bangkok,department of highways,private/passenger car,speeding,rear-end collision,2,0,0,clear,13.72986975,100.7572138,other,other,2022-05-20T02:04:00Z
6241213,20.05.2022 09:27,21.05.2022 09:16,Bangkok,department of highways,4-wheel pickup truck,speeding,rear-end collision,5,0,0,clear,13.91429962,100.7021588,straight road,no slope,2022-05-20T02:27:00Z
6566987,20.05.2022 09:30,18.07.2022 10:33,Nakhon Sawan,department of highways,private/passenger car,speeding,rollover/fallen on straight road,1,0,0,clear,15.79878848,100.571621,other,other,2022-05-20T02:30:00Z
6258591,20.05.2022 10:18,27.05.2022 09:19,Chon Buri,department of highways,other,speeding,rollover/fallen on straight road,1,0,0,clear,13.44595562,101.0460985,straight road,no slope,2022-05-20T03:18:00Z
6495815,20.05.2022 11:00,5.07.2022 14:33,Chon Buri,department of highways,4-wheel pickup truck,speeding,head-on collision (not overtaking),2,0,0,clear,13.2969403,101.4393344,straight road,no slope,2022-05-20T04:00:00Z
6243047,20.05.2022 12:00,25.05.2022 08:56,Chon Buri,department of highways,4-wheel pickup truck,speeding,rollover/fallen on straight road,1,0,0,clear,13.21411696,101.2404781,straight road,no slope,2022-05-20T05:00:00Z
6318340,20.05.2022 12:12,6.06.2022 11:10,Samut Prakan,expressway authority of thailand,6-wheel truck,other,rear-end collision,2,0,0,clear,13.635054,100.542104,straight road,other,2022-05-20T05:12:00Z
6451670,20.05.2022 13:23,28.06.2022 07:34,Surin,department of highways,other,speeding,rollover/fallen on straight road,1,0,0,clear,14.62082472,103.8312614,straight road,no slope,2022-05-20T06:23:00Z
6240510,20.05.2022 14:25,20.05.2022 21:02,Chachoengsao,expressway authority of thailand,other,other,other,1,0,0,clear,13.568722,100.927054,straight road,other,2022-05-20T07:25:00Z
6918664,20.05.2022 14:30,16.09.2022 14:11,Pattani,department of highways,4-wheel pickup truck,speeding,rollover/fallen on straight road,1,0,1,clear,6.857456943,101.268644,straight road,no slope,2022-05-20T07:30:00Z
6494517,20.05.2022 14:50,5.07.2022 10:09,Phra Nakhon Si Ayutthaya,department of highways,large truck with trailer,speeding,rollover/fallen on straight road,1,0,0,clear,14.14296617,100.2902198,straight road,no slope,2022-05-20T07:50:00Z
7443679,20.05.2022 15:00,8.12.2022 13:26,Bangkok,department of highways,private/passenger car,speeding,rear-end collision,2,0,0,clear,13.67631405,100.4625383,straight road,no slope,2022-05-20T08:00:00Z
6902628,20.05.2022 15:15,14.09.2022 09:29,Sa Kaeo,department of highways,4-wheel pickup truck,speeding,rollover/fallen on straight road,1,0,0,rainy,13.81498593,102.0733282,straight road,no slope,2022-05-20T08:15:00Z
7563101,20.05.2022 15:20,18.01.2023 14:14,Pattani,department of highways,other,speeding,rollover/fallen on straight road,1,0,0,clear,6.643406322,101.2343654,straight road,no slope,2022-05-20T08:20:00Z
6258636,20.05.2022 15:30,27.05.2022 09:32,Phrae,department of highways,private/passenger car,speeding,rollover/fallen on curved road,1,0,0,rainy,18.05641909,99.69881414,wide curve,slope area,2022-05-20T08:30:00Z
7567101,20.05.2022 16:05,23.01.2023 10:26,Phangnga,department of highways,4-wheel pickup truck,speeding,rollover/fallen on straight road,1,0,1,rainy,8.303637844,98.38138549,wide curve,slope area,2022-05-20T09:05:00Z
7565266,20.05.2022 16:20,20.01.2023 09:44,Trang,department of highways,4-wheel pickup truck,speeding,rollover/fallen on straight road,1,0,0,rainy,7.931735156,99.59727375,straight road,no slope,2022-05-20T09:20:00Z
6243218,20.05.2022 16:30,25.05.2022 14:23,Prachuap Khiri Khan,department of highways,4-wheel pickup truck,speeding,rollover/fallen on straight road,1,0,1,clear,12.09818686,99.85385119,straight road,no slope,2022-05-20T09:30:00Z
6546283,20.05.2022 17:00,13.07.2022 20:10,Krabi,department of highways,4-wheel pickup truck,speeding,rollover/fallen on straight road,1,0,1,clear,7.91951485,99.14799301,straight road,no slope,2022-05-20T10:00:00Z
6241447,20.05.2022 17:30,23.05.2022 10:17,Uttaradit,department of highways,4-wheel pickup truck,speeding,rollover/fallen on curved road,1,0,0,clear,17.70940624,100.5980971,wide curve,no slope,2022-05-20T10:30:00Z
6283340,20.05.2022 17:30,31.05.2022 13:33,Uttaradit,department of highways,private/passenger car,speeding,rollover/fallen on curved road,1,0,0,clear,17.71802951,100.5846941,wide curve,no slope,2022-05-20T10:30:00Z
7331568,20.05.2022 17:30,30.09.2022 14:02,Sakon Nakhon,department of highways,4-wheel pickup truck,speeding,rollover/fallen on straight road,1,0,1,rainy,17.19914755,104.098691,straight road,no slope,2022-05-20T10:30:00Z
6294737,20.05.2022 17:35,2.06.2022 09:54,Narathiwat,department of highways,motorcycle,vehicle equipment failure,rear-end collision,5,1,2,clear,6.552506148,101.642544,straight road,no slope,2022-05-20T10:35:00Z
7560659,20.05.2022 17:50,16.01.2023 10:52,Loei,department of highways,4-wheel pickup truck,speeding,rear-end collision,2,0,2,clear,17.86203919,101.6566416,wide curve,slope area,2022-05-20T10:50:00Z
6258935,20.05.2022 17:56,27.05.2022 10:36,Sukhothai,department of highways,motorcycle,speeding,rear-end collision,2,0,1,rainy,17.01136143,99.77808951,straight road,no slope,2022-05-20T10:56:00Z
6241376,20.05.2022 18:30,23.05.2022 08:12,Ang Thong,department of highways,motorcycle,speeding,rear-end collision,3,0,3,clear,14.60520015,100.4585659,straight road,no slope,2022-05-20T11:30:00Z
6281456,20.05.2022 19:00,31.05.2022 06:25,Phetchabun,department of highways,4-wheel pickup truck,speeding,rollover/fallen on curved road,1,0,2,clear,17.02322351,101.4113885,wide curve,slope area,2022-05-20T12:00:00Z
6937171,20.05.2022 19:30,19.09.2022 11:14,Songkhla,department of highways,private/passenger car,speeding,rear-end collision,2,0,1,clear,6.794333845,100.4531881,straight road,no slope,2022-05-20T12:30:00Z
6276796,20.05.2022 20:00,30.05.2022 13:06,Surat Thani,department of highways,7-10-wheel truck,cutting in closely by people/vehicles/animals,rear-end collision,2,0,0,clear,9.550331383,99.13185416,straight road,no slope,2022-05-20T13:00:00Z
7561477,20.05.2022 20:10,17.01.2023 09:52,Nakhon Ratchasima,department of highways,private/passenger car,speeding,rollover/fallen on straight road,1,0,0,clear,14.93648938,102.0541316,straight road,no slope,2022-05-20T13:10:00Z
6243196,20.05.2022 20:35,25.05.2022 13:59,Nakhon Sawan,department of highways,4-wheel pickup truck,speeding,rollover/fallen on straight road,1,0,0,rainy,15.74016552,100.0688785,other,other,2022-05-20T13:35:00Z
6254038,20.05.2022 21:45,26.05.2022 16:01,Phra Nakhon Si Ayutthaya,department of highways,4-wheel pickup truck,speeding,rollover/fallen on straight road,1,0,1,clear,14.2772867,100.8076581,straight road,no slope,2022-05-20T14:45:00Z
6253463,20.05.2022 22:10,26.05.2022 13:46,Chon Buri,department of highways,motorcycle,speeding,rear-end collision,2,0,1,clear,12.95134028,100.9607801,straight road,no slope,2022-05-20T15:10:00Z
7317198,20.05.2022 22:45,15.11.2022 11:40,Khon Kaen,department of highways,4-wheel pickup truck,speeding,rear-end collision,3,0,5,clear,16.38649964,102.8233784,other,other,2022-05-20T15:45:00Z
6283676,20.05.2022 23:00,31.05.2022 14:29,Chiang Mai,department of highways,private/passenger car,speeding,collision with obstruction (on road surface),1,0,0,rainy,18.7198516,98.98425757,other,other,2022-05-20T16:00:00Z
7521496,21.05.2022 00:20,30.12.2022 10:22,Nan,department of highways,private/passenger car,falling asleep,rollover/fallen on straight road,1,0,0,clear,19.17533355,100.9122562,straight road,no slope,2022-05-20T17:20:00Z
6241415,21.05.2022 00:50,23.05.2022 09:36,Kanchanaburi,department of highways,4-wheel pickup truck,debris/obstruction on the road,other,1,0,0,clear,14.40372839,99.51107292,straight road,no slope,2022-05-20T17:50:00Z
6918608,21.05.2022 01:30,16.09.2022 14:00,Phrae,department of highways,4-wheel pickup truck,speeding,rollover/fallen on curved road,1,0,0,rainy,18.05639613,99.69788073,wide curve,slope area,2022-05-20T18:30:00Z
7425123,21.05.2022 01:30,2.12.2022 13:44,Sing Buri,department of highways,4-wheel pickup truck,speeding,rollover/fallen on straight road,1,0,0,clear,14.7902797,100.2977139,straight road,no slope,2022-05-20T18:30:00Z
6281780,21.05.2022 01:35,31.05.2022 07:45,Phra Nakhon Si Ayutthaya,department of highways,4-wheel pickup truck,speeding,rollover/fallen on straight road,1,0,0,clear,14.28361867,100.8149806,straight road,no slope,2022-05-20T18:35:00Z
6243118,21.05.2022 01:58,25.05.2022 10:23,Chon Buri,department of highways,private/passenger car,speeding,rear-end collision,2,0,0,clear,13.23402909,100.9995326,straight road,no slope,2022-05-20T18:58:00Z
7518658,21.05.2022 02:00,29.12.2022 15:01,Phrae,department of highways,4-wheel pickup truck,speeding,other,1,0,0,rainy,17.96935704,100.0658798,other,other,2022-05-20T19:00:00Z
6318218,21.05.2022 02:19,6.06.2022 10:58,Bangkok,expressway authority of thailand,other,other,rear-end collision,2,0,0,clear,13.812503,100.620838,y-intersection,other,2022-05-20T19:19:00Z
6488078,21.05.2022 02:30,4.07.2022 09:08,Loburi,department of highways,4-wheel pickup truck,speeding,rollover/fallen on curved road,1,0,0,clear,14.81496169,100.7930079,wide curve,no slope,2022-05-20T19:30:00Z
7520943,21.05.2022 02:45,30.12.2022 08:18,Lampang,department of highways,4-wheel pickup truck,speeding,rollover/fallen on curved road,1,0,0,clear,18.13492976,99.6168351,wide curve,no slope,2022-05-20T19:45:00Z
6282638,21.05.2022 02:50,31.05.2022 10:58,Phrae,department of highways,4-wheel pickup truck,speeding,rollover/fallen on straight road,1,0,0,rainy,18.04676919,99.74094896,straight road,no slope,2022-05-20T19:50:00Z
6566764,21.05.2022 03:28,24.05.2022 15:23,Tak,department of rural roads,private/passenger car,driving under the influence of alcohol,other,1,0,1,rainy,16.708143,98.52992,wide curve,no slope,2022-05-20T20:28:00Z
7562712,21.05.2022 04:10,18.01.2023 10:40,Prachin Buri,department of highways,4-wheel pickup truck,speeding,rollover/fallen on straight road,1,0,0,clear,14.12324523,101.8592772,straight road,no slope,2022-05-20T21:10:00Z
6428226,21.05.2022 04:50,24.06.2022 09:29,Phetchabun,department of highways,private/passenger car,vehicle equipment failure,rollover/fallen on straight road,1,0,0,clear,16.62613031,101.1602506,straight road,no slope,2022-05-20T21:50:00Z
6282968,21.05.2022 05:00,31.05.2022 12:12,Ang Thong,department of highways,4-wheel pickup truck,speeding,rollover/fallen on curved road,1,0,3,clear,14.49186026,100.4528046,wide curve,no slope,2022-05-20T22:00:00Z
6283745,21.05.2022 05:30,31.05.2022 14:41,Lamphun,department of highways,4-wheel pickup truck,speeding,rollover/fallen on straight road,1,0,0,rainy,18.55323164,99.04796808,wide curve,no slope,2022-05-20T22:30:00Z
6501105,21.05.2022 05:30,6.07.2022 09:04,Phetchabun,department of highways,private/passenger car,speeding,rollover/fallen on straight road,1,0,1,rainy,16.57350345,101.1510023,other,other,2022-05-20T22:30:00Z
7564273,21.05.2022 07:20,19.01.2023 11:59,Samut Sakhon,department of highways,private/passenger car,reversing vehicle,collision with obstruction (on road surface),2,0,0,clear,13.51193591,100.1447394,straight road,no slope,2022-05-21T00:20:00Z
6362056,21.05.2022 07:30,13.06.2022 09:17,Tak,department of highways,6-wheel truck,speeding,rollover/fallen on curved road,1,0,0,clear,16.76291716,98.877739,wide curve,slope area,2022-05-21T00:30:00Z
7378805,21.05.2022 08:00,24.11.2022 10:30,Phangnga,department of highways,van,speeding,rollover/fallen on curved road,1,0,1,rainy,8.419469065,98.49821179,wide curve,slope area,2022-05-21T01:00:00Z
6242111,21.05.2022 08:30,24.05.2022 09:54,Prachuap Khiri Khan,department of highways,4-wheel pickup truck,speeding,rear-end collision,2,0,0,rainy,11.67098156,99.68738256,wide curve,no slope,2022-05-21T01:30:00Z
6281781,21.05.2022 09:50,31.05.2022 07:47,Phra Nakhon Si Ayutthaya,department of highways,private/passenger car,speeding,rear-end collision,4,0,0,clear,14.18806925,100.6337008,other,other,2022-05-21T02:50:00Z
6318343,21.05.2022 11:29,6.06.2022 11:10,Samut Prakan,expressway authority of thailand,large truck with trailer,other,rear-end collision,4,0,0,clear,13.63362,100.674563,straight road,other,2022-05-21T04:29:00Z
6283139,21.05.2022 11:30,31.05.2022 12:54,Uttaradit,department of highways,4-wheel pickup truck,speeding,rollover/fallen on curved road,1,0,0,rainy,17.37954544,100.2311843,wide curve,slope area,2022-05-21T04:30:00Z
6282660,21.05.2022 12:30,31.05.2022 11:02,Sukhothai,department of highways,large truck with trailer,speeding,head-on collision (not overtaking),2,1,1,rainy,16.96949065,100.0331783,straight road,no slope,2022-05-21T05:30:00Z
6282478,21.05.2022 13:20,31.05.2022 10:24,Chachoengsao,department of highways,4-wheel pickup truck,falling asleep,rear-end collision,2,0,1,clear,13.50144904,101.0407045,straight road,no slope,2022-05-21T06:20:00Z
6288117,21.05.2022 13:20,1.06.2022 07:26,Uthai Thani,department of highways,private/passenger car,speeding,rollover/fallen on straight road,1,0,0,clear,15.3165968,99.72384451,straight road,no slope,2022-05-21T06:20:00Z
6282334,21.05.2022 14:40,31.05.2022 09:51,Prachuap Khiri Khan,department of highways,4-wheel pickup truck,speeding,rollover/fallen on curved road,1,0,0,rainy,11.10915562,99.36689614,wide curve,no slope,2022-05-21T07:40:00Z
6252287,21.05.2022 15:30,26.05.2022 09:21,Nakhon Si Thammarat,department of highways,4-wheel pickup truck,falling asleep,rear-end collision,3,0,4,rainy,7.967379181,99.91211681,straight road,no slope,2022-05-21T08:30:00Z
6362031,21.05.2022 15:30,13.06.2022 09:12,Tak,department of highways,private/passenger car,falling asleep,head-on collision (not overtaking),2,0,1,rainy,16.7102457,99.23948048,straight road,no slope,2022-05-21T08:30:00Z
6428485,21.05.2022 15:30,24.06.2022 10:21,Phetchabun,department of highways,private/passenger car,speeding,rollover/fallen on straight road,1,0,0,rainy,16.48192355,101.1594701,straight road,no slope,2022-05-21T08:30:00Z
6243090,21.05.2022 15:45,25.05.2022 10:04,Songkhla,department of highways,large truck with trailer,speeding,rollover/fallen on straight road,1,0,1,clear,6.637494429,100.3704956,straight road,no slope,2022-05-21T08:45:00Z
6937069,21.05.2022 15:50,19.09.2022 10:52,Kamphaeng Phet,department of highways,4-wheel pickup truck,speeding,rollover/fallen on straight road,1,0,0,rainy,16.35658321,99.57429795,straight road,no slope,2022-05-21T08:50:00Z
6283207,21.05.2022 16:00,31.05.2022 13:08,Uttaradit,department of highways,4-wheel pickup truck,speeding,rollover/fallen on curved road,1,0,0,rainy,17.397457760000002,100.2322948,wide curve,slope area,2022-05-21T09:00:00Z
7444716,21.05.2022 16:40,8.12.2022 14:14,Samut Prakan,department of highways,6-wheel truck,speeding,rear-end collision,2,0,2,clear,13.59141223,100.8217263,straight road,no slope,2022-05-21T09:40:00Z
6241234,21.05.2022 16:49,21.05.2022 23:58,Samut Prakan,expressway authority of thailand,4-wheel pickup truck,other,rear-end collision,2,0,2,clear,13.574161,100.902639,straight road,other,2022-05-21T09:49:00Z
6283225,21.05.2022 17:00,31.05.2022 13:10,Uttaradit,department of highways,7-10-wheel truck,speeding,rollover/fallen on straight road,1,0,0,clear,17.63092188,100.12571990000001,straight road,no slope,2022-05-21T10:00:00Z
6345860,21.05.2022 17:00,10.06.2022 14:32,Sakon Nakhon,department of highways,private/passenger car,speeding,rollover/fallen on straight road,1,0,1,clear,17.25915125,104.1585123,straight road,no slope,2022-05-21T10:00:00Z
6243233,21.05.2022 17:05,25.05.2022 14:41,Chumphon,department of highways,7-10-wheel truck,speeding,rollover/fallen on straight road,1,0,2,rainy,10.94285086,99.29642646,straight road,no slope,2022-05-21T10:05:00Z