acc_code,incident_datetime,report_datetime,province_en,agency,vehicle_type,presumed_cause,accident_type,number_of_vehicles_involved,number_of_fatalities,number_of_injuries,weather_condition,latitude,longitude,road_description,slope_description,incident_time
6260427,21.05.2022 18:00,27.05.2022 16:23,Udon Thani,department of highways,4-wheel pickup truck,speeding,rollover/fallen on straight road,1,0,1,rainy,17.36447809,103.0300855,straight road,no slope,2022-05-21T11:00:00Z
6241596,21.05.2022 18:30,23.05.2022 14:54,Kalasin,department of highways,4-wheel pickup truck,speeding,head-on collision (not overtaking),2,0,1,rainy,16.39586608,103.3141637,straight road,no slope,2022-05-21T11:30:00Z
6289747,21.05.2022 18:40,1.06.2022 14:01,Nakhon Phanom,department of highways,private/passenger car,speeding,rollover/fallen on straight road,1,0,1,clear,17.38279375,104.7465277,straight road,no slope,2022-05-21T11:40:00Z
6317403,21.05.2022 20:00,6.06.2022 08:53,Chanthaburi,department of highways,motorcycle,cutting in closely by people/vehicles/animals,head-on collision (not overtaking),2,1,0,clear,12.69691066,102.2094342,straight road,no slope,2022-05-21T13:00:00Z
6458081,21.05.2022 20:00,29.06.2022 07:08,Kamphaeng Phet,department of highways,4-wheel pickup truck,speeding,rollover/fallen on straight road,1,0,0,clear,16.37573283,99.54068183,other,other,2022-05-21T13:00:00Z
6735627,21.05.2022 20:00,17.08.2022 14:28,Chachoengsao,department of highways,4-wheel pickup truck,speeding,rollover/fallen on straight road,1,0,0,rainy,13.66318124,101.1060324,straight road,no slope,2022-05-21T13:00:00Z
6241454,21.05.2022 20:20,23.05.2022 10:27,Kalasin,department of highways,4-wheel pickup truck,speeding,rollover/fallen on straight road,1,0,0,rainy,16.63799339,103.7099478,straight road,no slope,2022-05-21T13:20:00Z
6902882,21.05.2022 20:30,14.09.2022 10:11,Chiang Mai,department of highways,motorcycle,speeding,rear-end collision,2,0,1,clear,18.86526273,99.11954551,straight road,no slope,2022-05-21T13:30:00Z
7424841,21.05.2022 21:15,2.12.2022 10:37,Lampang,department of highways,4-wheel pickup truck,speeding,rollover/fallen on straight road,1,0,0,clear,18.28448781,99.66841667,straight road,no slope,2022-05-21T14:15:00Z
6281810,21.05.2022 21:40,31.05.2022 07:51,Chanthaburi,department of highways,4-wheel pickup truck,speeding,rollover/fallen on curved road,1,0,1,rainy,12.79426685,102.0847893,wide curve,no slope,2022-05-21T14:40:00Z
6253350,21.05.2022 21:42,26.05.2022 13:24,Chon Buri,department of highways,4-wheel pickup truck,speeding,rear-end collision,4,0,2,clear,12.95221596,100.9673783,straight road,no slope,2022-05-21T14:42:00Z
6243126,21.05.2022 21:45,25.05.2022 10:41,Phrae,department of highways,4-wheel pickup truck,speeding,rollover/fallen on straight road,1,0,0,rainy,18.02992139,99.72643553,straight road,no slope,2022-05-21T14:45:00Z
6501898,21.05.2022 21:50,6.07.2022 11:33,Chanthaburi,department of highways,4-wheel pickup truck,speeding,rollover/fallen on straight road,1,0,1,clear,12.50831892,102.1693432,straight road,no slope,2022-05-21T14:50:00Z
6283607,21.05.2022 22:00,31.05.2022 14:16,Prachin Buri,department of highways,large truck with trailer,speeding,rollover/fallen on straight road,1,0,0,clear,13.92381003,101.4754021,straight road,no slope,2022-05-21T15:00:00Z
6294935,21.05.2022 22:30,2.06.2022 10:34,Nan,department of highways,motorcycle,speeding,rollover/fallen on straight road,1,1,0,clear,18.68663877,100.7476061,straight road,no slope,2022-05-21T15:30:00Z
6277409,21.05.2022 23:10,30.05.2022 15:09,Phayao,department of highways,motorcycle,speeding,collision with obstruction (on road surface),2,1,0,rainy,19.18747312,99.9293661,straight road,no slope,2022-05-21T16:10:00Z
7559162,22.05.2022 01:30,13.01.2023 10:31,Bangkok,department of highways,motorcycle,speeding,rear-end collision,4,0,5,clear,13.66398919,100.6521128,straight road,no slope,2022-05-21T18:30:00Z
7557920,22.05.2022 02:50,12.01.2023 11:36,Si Sa Ket,department of highways,private/passenger car,speeding,rollover/fallen on straight road,1,0,1,clear,15.10003348,104.5714411,straight road,no slope,2022-05-21T19:50:00Z
6494520,22.05.2022 04:20,5.07.2022 10:07,Pathum Thani,department of highways,4-wheel pickup truck,falling asleep,rollover/fallen on straight road,1,0,1,clear,14.03094093,100.387238,other,other,2022-05-21T21:20:00Z
6387528,22.05.2022 04:40,17.06.2022 14:02,Phatthalung,department of highways,large truck with trailer,speeding,rollover/fallen on straight road,1,0,0,clear,7.595647344,100.0561917,straight road,no slope,2022-05-21T21:40:00Z
6387530,22.05.2022 04:40,17.06.2022 14:04,Phatthalung,department of highways,large truck with trailer,speeding,rollover/fallen on straight road,1,0,0,clear,7.595647344,100.0561836,straight road,no slope,2022-05-21T21:40:00Z
6283388,22.05.2022 04:45,31.05.2022 13:45,Songkhla,department of highways,4-wheel pickup truck,speeding,rollover/fallen on straight road,1,0,2,clear,7.166829971,100.6100571,straight road,no slope,2022-05-21T21:45:00Z
6902455,22.05.2022 04:54,14.09.2022 08:54,Khon Kaen,department of highways,4-wheel pickup truck,speeding,rollover/fallen on straight road,1,0,0,clear,16.48948506,102.3867175,straight road,no slope,2022-05-21T21:54:00Z
6288186,22.05.2022 05:00,1.06.2022 07:49,Surat Thani,department of highways,private/passenger car,speeding,rollover/fallen on straight road,1,0,1,clear,8.965305546,99.23239409,straight road,no slope,2022-05-21T22:00:00Z
6501168,22.05.2022 05:00,6.07.2022 09:13,Chanthaburi,department of highways,4-wheel pickup truck,falling asleep,rollover/fallen on straight road,1,0,1,clear,12.80355472,102.1167639,straight road,no slope,2022-05-21T22:00:00Z
6495584,22.05.2022 05:10,5.07.2022 14:10,Chon Buri,department of highways,4-wheel pickup truck,speeding,rollover/fallen on straight road,1,0,0,clear,13.4167,100.9980976,straight road,no slope,2022-05-21T22:10:00Z
6243265,22.05.2022 05:30,25.05.2022 15:18,Prachuap Khiri Khan,department of highways,4-wheel pickup truck,speeding,rollover/fallen on straight road,1,0,0,rainy,11.38176556,99.50502722,straight road,no slope,2022-05-21T22:30:00Z
6283461,22.05.2022 05:30,31.05.2022 13:55,Sa Kaeo,department of highways,4-wheel pickup truck,speeding,rollover/fallen on curved road,1,0,0,rainy,14.13456508,102.6686364,wide curve,slope area,2022-05-21T22:30:00Z
6258903,22.05.2022 06:10,27.05.2022 10:30,Nakhon Sawan,department of highways,4-wheel pickup truck,falling asleep,rollover/fallen on straight road,1,1,0,clear,15.92805976,100.1120674,straight road,no slope,2022-05-21T23:10:00Z
6283314,22.05.2022 06:45,31.05.2022 13:28,Uttaradit,department of highways,motorcycle,cutting in closely by people/vehicles/animals,rear-end collision,2,1,0,clear,18.04061276,100.8982631,straight road,no slope,2022-05-21T23:45:00Z
6283466,22.05.2022 07:30,31.05.2022 13:58,Sa Kaeo,department of highways,4-wheel pickup truck,speeding,rollover/fallen on straight road,1,0,0,clear,13.51425178,102.1757322,straight road,no slope,2022-05-22T00:30:00Z
6319186,22.05.2022 07:40,6.06.2022 13:32,Ratchaburi,department of highways,4-wheel pickup truck,speeding,rollover/fallen on curved road,1,0,1,rainy,13.36567807,99.80851112,straight road,no slope,2022-05-22T00:40:00Z
6277317,22.05.2022 07:50,30.05.2022 14:53,Udon Thani,department of highways,private/passenger car,speeding,head-on collision (not overtaking),2,0,1,clear,17.37135915,102.7225461,other,other,2022-05-22T00:50:00Z
6253593,22.05.2022 09:30,26.05.2022 14:22,Bangkok,department of highways,4-wheel pickup truck,speeding,rollover/fallen on straight road,1,0,0,rainy,13.72946328,100.7408309,straight road,no slope,2022-05-22T02:30:00Z
6288066,22.05.2022 09:30,1.06.2022 07:12,Saraburi,department of highways,private/passenger car,falling asleep,rollover/fallen on straight road,1,0,0,clear,14.58698911,100.7190943,straight road,no slope,2022-05-22T02:30:00Z
6284068,22.05.2022 11:20,31.05.2022 15:43,Krabi,department of highways,motorcycle,speeding,pedestrian collision,1,1,1,clear,8.203257981,98.8182637,straight road,no slope,2022-05-22T04:20:00Z
6243052,22.05.2022 12:00,25.05.2022 09:16,Chon Buri,department of highways,4-wheel pickup truck,speeding,rollover/fallen on straight road,1,0,0,rainy,13.09339795,101.3914034,straight road,no slope,2022-05-22T05:00:00Z
6918373,22.05.2022 12:10,16.09.2022 13:22,Ratchaburi,department of highways,4-wheel pickup truck,speeding,rollover/fallen on straight road,1,0,0,clear,13.54495573,99.36306594,straight road,no slope,2022-05-22T05:10:00Z
7554351,22.05.2022 15:00,9.01.2023 10:37,Songkhla,department of highways,private/passenger car,speeding,rear-end collision,2,0,2,clear,7.016412584,100.4310679,other,other,2022-05-22T08:00:00Z
6253284,22.05.2022 15:03,26.05.2022 13:08,Samut Prakan,department of highways,4-wheel pickup truck,speeding,rear-end collision,2,0,0,clear,13.65858106,100.8616161,straight road,no slope,2022-05-22T08:03:00Z
7561449,22.05.2022 15:30,17.01.2023 09:44,Nakhon Ratchasima,department of highways,4-wheel pickup truck,speeding,rollover/fallen on straight road,1,0,3,rainy,15.00247388,102.556107,straight road,no slope,2022-05-22T08:30:00Z
6253309,22.05.2022 15:52,26.05.2022 13:10,Bangkok,department of highways,private/passenger car,speeding,rear-end collision,3,0,0,clear,13.72967694,100.7517636,straight road,no slope,2022-05-22T08:52:00Z
7418677,22.05.2022 16:30,30.11.2022 10:17,Phrae,department of highways,private/passenger car,cutting in closely by people/vehicles/animals,rear-end collision,2,0,1,clear,18.16920245,100.1716554,other,other,2022-05-22T09:30:00Z
6243162,22.05.2022 16:55,25.05.2022 12:40,Chiang Mai,department of highways,motorcycle,running red lights/traffic signals,collision with obstruction (on road surface),2,1,0,clear,18.34477246,98.68006288,straight road,no slope,2022-05-22T09:55:00Z
7443794,22.05.2022 16:56,8.12.2022 13:33,Bangkok,department of highways,private/passenger car,speeding,rear-end collision,2,0,0,clear,13.66955618,100.4516552,straight road,no slope,2022-05-22T09:56:00Z
6488284,22.05.2022 17:00,4.07.2022 09:49,Suphan Buri,department of highways,private/passenger car,speeding,rear-end collision,2,0,0,clear,14.61991635,100.1478025,straight road,no slope,2022-05-22T10:00:00Z
7521560,22.05.2022 18:00,30.12.2022 10:37,Nan,department of highways,4-wheel pickup truck,speeding,rollover/fallen on straight road,1,0,2,clear,19.27585071,100.8901226,straight road,no slope,2022-05-22T11:00:00Z
6241460,22.05.2022 18:56,23.05.2022 10:34,Samut Prakan,expressway authority of thailand,other,other,side collision,1,0,1,clear,13.616633,100.615461,straight road,other,2022-05-22T11:56:00Z
7521322,22.05.2022 19:30,30.12.2022 09:41,Chiang Mai,department of highways,4-wheel pickup truck,speeding,rear-end collision,2,0,0,clear,18.87087443,99.1312909,straight road,no slope,2022-05-22T12:30:00Z
6241352,22.05.2022 19:56,22.05.2022 21:16,Nonthaburi,expressway authority of thailand,4-wheel pickup truck,other,rear-end collision,2,0,0,clear,13.87734218,100.5362555,straight road,other,2022-05-22T12:56:00Z
6252640,22.05.2022 20:00,26.05.2022 10:35,Surat Thani,department of highways,6-wheel truck,speeding,rear-end collision,2,0,1,clear,9.155697031,99.17027949,straight road,no slope,2022-05-22T13:00:00Z
6943831,22.05.2022 22:45,20.09.2022 11:00,Phangnga,department of highways,private/passenger car,speeding,rollover/fallen on straight road,1,0,1,clear,8.20609857,98.29965322,straight road,no slope,2022-05-22T15:45:00Z
6243189,22.05.2022 23:30,25.05.2022 13:36,Lampang,department of highways,private/passenger car,speeding,rollover/fallen on curved road,1,0,1,rainy,19.12546121,99.65364574,wide curve,no slope,2022-05-22T16:30:00Z
6591737,23.05.2022 00:20,22.07.2022 12:49,Nakhon Sawan,department of highways,4-wheel pickup truck,falling asleep,rollover/fallen on straight road,1,0,0,clear,15.44707225,100.1454958,straight road,no slope,2022-05-22T17:20:00Z
6344844,23.05.2022 01:00,10.06.2022 11:09,Trat,department of highways,4-wheel pickup truck,speeding,rollover/fallen on curved road,1,0,2,rainy,12.26401695,102.5018138,wide curve,slope area,2022-05-22T18:00:00Z
6241518,23.05.2022 01:50,23.05.2022 12:21,Ang Thong,department of highways,motorcycle,speeding,rollover/fallen on straight road,1,0,1,clear,14.63108132,100.4731357,straight road,no slope,2022-05-22T18:50:00Z
6566761,23.05.2022 01:50,24.05.2022 14:29,Samut Prakan,department of rural roads,7-10-wheel truck,sudden stop,other,1,0,0,clear,13.666184,100.538659,grade-separated intersection/ramps,other,2022-05-22T18:50:00Z
6805152,23.05.2022 02:00,29.08.2022 09:44,Maha Sarakham,department of highways,private/passenger car,speeding,rollover/fallen on straight road,1,0,3,clear,16.41143807,103.0939919,straight road,no slope,2022-05-22T19:00:00Z
6502393,23.05.2022 02:30,6.07.2022 13:47,Nakhon Pathom,department of highways,4-wheel pickup truck,speeding,rollover/fallen on straight road,1,0,1,clear,13.80734126,100.1476872,straight road,no slope,2022-05-22T19:30:00Z
7558384,23.05.2022 02:30,12.01.2023 15:28,Mukdahan,department of highways,7-10-wheel truck,speeding,collision with obstruction (on road surface),1,0,1,clear,16.7894965,104.6572369,other,other,2022-05-22T19:30:00Z
6277400,23.05.2022 02:51,30.05.2022 15:08,Chachoengsao,department of highways,4-wheel pickup truck,vehicle equipment failure,rollover/fallen on straight road,1,0,1,clear,13.60831995,100.9399125,straight road,no slope,2022-05-22T19:51:00Z
6282429,23.05.2022 03:00,31.05.2022 10:17,Chon Buri,department of highways,van,speeding,rollover/fallen on straight road,1,0,0,clear,13.32036924,101.0117715,straight road,no slope,2022-05-22T20:00:00Z
6243231,23.05.2022 03:30,25.05.2022 14:36,Prachuap Khiri Khan,department of highways,large truck with trailer,speeding,rollover/fallen on straight road,1,0,0,rainy,11.27717801,99.44068639,straight road,no slope,2022-05-22T20:30:00Z
6572133,23.05.2022 03:30,19.07.2022 10:18,Maha Sarakham,department of highways,4-wheel pickup truck,speeding,rollover/fallen on straight road,1,0,1,clear,15.87962628,103.3480024,straight road,no slope,2022-05-22T20:30:00Z
7371693,23.05.2022 04:25,23.11.2022 11:12,Krabi,department of highways,4-wheel pickup truck,vehicle equipment failure,rollover/fallen on straight road,1,0,0,clear,8.327425735,98.77131699,straight road,no slope,2022-05-22T21:25:00Z
6243073,23.05.2022 05:30,25.05.2022 09:51,Nakhon Sawan,department of highways,4-wheel pickup truck,falling asleep,rear-end collision,2,0,1,clear,15.54598619,100.1279783,wide curve,no slope,2022-05-22T22:30:00Z
6345050,23.05.2022 05:30,10.06.2022 11:34,Saraburi,department of highways,4-wheel pickup truck,speeding,rollover/fallen on straight road,1,0,0,clear,14.35894132,100.8764729,straight road,no slope,2022-05-22T22:30:00Z
6533068,23.05.2022 06:00,11.07.2022 14:22,Mukdahan,department of highways,van,speeding,rollover/fallen on straight road,1,0,2,rainy,16.46775648,104.6507969,straight road,no slope,2022-05-22T23:00:00Z
6895624,23.05.2022 06:00,13.09.2022 09:24,Khon Kaen,department of highways,large truck with trailer,speeding,rollover/fallen on curved road,1,0,0,clear,16.81612605,102.3296589,wide curve,no slope,2022-05-22T23:00:00Z
7444084,23.05.2022 06:00,8.12.2022 14:02,Buri Ram,department of highways,4-wheel pickup truck,speeding,rear-end collision,2,0,0,clear,14.62267065,102.8846913,other,other,2022-05-22T23:00:00Z
7558226,23.05.2022 06:00,12.01.2023 14:13,Buri Ram,department of highways,4-wheel pickup truck,cutting in closely by people/vehicles/animals,rear-end collision,2,0,0,clear,14.62247926,102.8853844,other,other,2022-05-22T23:00:00Z
7567086,23.05.2022 06:10,23.01.2023 10:17,Phangnga,department of highways,4-wheel pickup truck,speeding,rollover/fallen on straight road,1,0,1,clear,8.303186648,98.38132648,wide curve,slope area,2022-05-22T23:10:00Z
7562928,23.05.2022 07:20,18.01.2023 13:19,Prachin Buri,department of highways,6-wheel truck,speeding,rollover/fallen on curved road,1,0,0,clear,14.36117075,101.8293303,wide curve,slope area,2022-05-23T00:20:00Z
7521134,23.05.2022 08:00,30.12.2022 09:04,Chiang Mai,department of highways,motorcycle,speeding,rear-end collision,2,0,0,clear,18.84689331,98.97097795,straight road,no slope,2022-05-23T01:00:00Z
7521318,23.05.2022 08:05,30.12.2022 09:41,Chiang Mai,department of highways,4-wheel pickup truck,speeding,rear-end collision,2,0,1,clear,18.86565614,99.12038772,straight road,no slope,2022-05-23T01:05:00Z
6277840,23.05.2022 08:15,30.05.2022 16:17,Surin,department of highways,4-wheel pickup truck,cutting in closely by people/vehicles/animals,head-on collision (not overtaking),2,0,2,clear,14.95144747,103.8382244,connecting to private area,other,2022-05-23T01:15:00Z
6253380,23.05.2022 09:02,26.05.2022 13:30,Pathum Thani,department of highways,private/passenger car,speeding,rear-end collision,2,0,0,clear,13.97464616,100.7130352,straight road,no slope,2022-05-23T02:02:00Z
7558383,23.05.2022 09:28,12.01.2023 15:26,Mukdahan,department of highways,6-wheel truck,unfamiliarity with the route/unskilled driving,rollover/fallen on straight road,1,0,0,clear,16.58195598,104.7200569,other,other,2022-05-23T02:28:00Z
7422134,23.05.2022 10:34,1.12.2022 09:53,Chiang Mai,department of highways,motorcycle,speeding,rear-end collision,2,0,1,clear,18.84066395,99.01316641,straight road,no slope,2022-05-23T03:34:00Z
6282491,23.05.2022 10:40,31.05.2022 10:22,Chon Buri,department of highways,private/passenger car,speeding,rollover/fallen on straight road,1,0,0,clear,13.38785831,101.0461226,straight road,no slope,2022-05-23T03:40:00Z
6487995,23.05.2022 11:00,4.07.2022 08:52,Saraburi,department of highways,4-wheel pickup truck,speeding,rollover/fallen on straight road,1,0,0,clear,14.34081661,100.8604145,straight road,no slope,2022-05-23T04:00:00Z
6720900,23.05.2022 11:00,14.08.2022 22:15,Khon Kaen,department of highways,private/passenger car,speeding,rollover/fallen on straight road,1,0,2,clear,16.23431192,102.7678755,straight road,no slope,2022-05-23T04:00:00Z
6253359,23.05.2022 12:36,26.05.2022 13:29,Pathum Thani,department of highways,private/passenger car,vehicle equipment failure,other,1,0,0,clear,14.06633572,100.69684,straight road,no slope,2022-05-23T05:36:00Z
6241549,23.05.2022 12:50,23.05.2022 13:41,Samut Prakan,expressway authority of thailand,other,other,other,2,0,1,clear,13.6421,100.696373,straight road,other,2022-05-23T05:50:00Z
7521300,23.05.2022 13:30,30.12.2022 09:38,Chiang Mai,department of highways,4-wheel pickup truck,speeding,rear-end collision,2,0,0,clear,18.85460734,99.09598498,straight road,no slope,2022-05-23T06:30:00Z
6566770,23.05.2022 15:00,26.05.2022 13:30,Uttaradit,department of rural roads,private/passenger car,speeding,other,1,0,1,rainy,17.962754,100.378216,wide curve,no slope,2022-05-23T08:00:00Z
6253595,23.05.2022 15:10,26.05.2022 14:23,Phra Nakhon Si Ayutthaya,department of highways,4-wheel pickup truck,speeding,rollover/fallen on curved road,1,0,0,clear,14.18923683,100.6340521,other,other,2022-05-23T08:10:00Z
6288073,23.05.2022 15:10,1.06.2022 07:17,Nakhon Sawan,department of highways,large truck with trailer,vehicle equipment failure,rollover/fallen on curved road,1,0,0,clear,15.61430314,100.1229009,other,other,2022-05-23T08:10:00Z
7563090,23.05.2022 15:30,18.01.2023 14:10,Pattani,department of highways,other,speeding,rollover/fallen on straight road,1,0,0,clear,6.854050926,101.2661201,straight road,no slope,2022-05-23T08:30:00Z
6501075,23.05.2022 15:40,6.07.2022 08:57,Phetchabun,department of highways,4-wheel pickup truck,speeding,rollover/fallen on straight road,1,0,0,rainy,17.00398733,101.3632321,straight road,slope area,2022-05-23T08:40:00Z
6243172,23.05.2022 17:10,25.05.2022 13:18,Lampang,department of highways,4-wheel pickup truck,speeding,rollover/fallen on curved road,1,0,0,rainy,18.42065411,99.7385162,wide curve,slope area,2022-05-23T10:10:00Z
6488280,23.05.2022 17:15,4.07.2022 09:47,Suphan Buri,department of highways,motorcycle,speeding,rear-end collision,2,0,2,clear,14.64786663,100.1457882,other,other,2022-05-23T10:15:00Z
6609962,23.05.2022 18:15,27.07.2022 16:44,Yasothon,department of highways,private/passenger car,speeding,rollover/fallen on straight road,1,0,0,clear,15.71527965,104.2486024,straight road,no slope,2022-05-23T11:15:00Z
7512424,23.05.2022 18:20,27.12.2022 14:41,Maha Sarakham,department of highways,4-wheel pickup truck,speeding,rollover/fallen on straight road,1,0,1,clear,15.51767821,103.3024746,straight road,no slope,2022-05-23T11:20:00Z
6566769,23.05.2022 19:20,26.05.2022 13:30,Lamphun,department of rural roads,motorcycle,speeding,other,2,1,0,clear,18.544114,99.242507,wide curve,other,2022-05-23T12:20:00Z
6501130,23.05.2022 20:09,6.07.2022 09:07,Chanthaburi,department of highways,motorcycle,cutting in closely by people/vehicles/animals,head-on collision (not overtaking),4,0,2,clear,12.81601213,102.1175015,straight road,no slope,2022-05-23T13:09:00Z
6283815,23.05.2022 20:10,31.05.2022 14:53,Chiang Rai,department of highways,motorcycle,speeding,head-on collision (not overtaking),2,1,1,clear,19.81575569,99.68126176,straight road,no slope,2022-05-23T13:10:00Z
6289712,23.05.2022 22:40,1.06.2022 13:59,Nakhon Phanom,department of highways,private/passenger car,speeding,rollover/fallen on straight road,1,0,2,clear,17.18864707,104.7816297,straight road,no slope,2022-05-23T15:40:00Z
7561495,23.05.2022 23:20,17.01.2023 10:00,Sa Kaeo,department of highways,large truck with trailer,speeding,rollover/fallen on straight road,1,0,0,rainy,13.66389797,102.0794275,straight road,no slope,2022-05-23T16:20:00Z
6572826,23.05.2022 23:45,19.07.2022 13:38,Phatthalung,department of highways,4-wheel pickup truck,speeding,rollover/fallen on straight road,4,0,1,clear,7.582736628,99.9674186,straight road,no slope,2022-05-23T16:45:00Z
6242136,24.05.2022 00:05,24.05.2022 10:12,Ang Thong,department of highways,motorcycle,speeding,rear-end collision,2,0,1,clear,14.61210936,100.4557282,straight road,no slope,2022-05-23T17:05:00Z
6294592,24.05.2022 01:00,2.06.2022 09:28,Saraburi,department of highways,4-wheel pickup truck,speeding,rollover/fallen on straight road,1,0,0,clear,14.33512813,100.8526495,straight road,no slope,2022-05-23T18:00:00Z
6253349,24.05.2022 03:00,26.05.2022 13:23,Chon Buri,department of highways,private/passenger car,speeding,rollover/fallen on straight road,1,0,0,clear,12.9486531,100.9326491,straight road,no slope,2022-05-23T20:00:00Z
6242177,24.05.2022 03:30,24.05.2022 10:52,Loei,department of highways,motorcycle,speeding,rear-end collision,2,1,0,clear,17.5911274,101.7224416,straight road,no slope,2022-05-23T20:30:00Z
6488752,24.05.2022 04:00,4.07.2022 11:07,Bangkok,department of highways,4-wheel pickup truck,speeding,rollover/fallen on straight road,1,0,0,clear,13.89965966,100.5902195,straight road,no slope,2022-05-23T21:00:00Z
6260112,24.05.2022 05:00,27.05.2022 15:05,Nakhon Sawan,department of highways,private/passenger car,speeding,rear-end collision,2,0,1,clear,15.26003867,100.323903,straight road,no slope,2022-05-23T22:00:00Z
6686410,24.05.2022 06:14,9.08.2022 10:29,Nakhon Sawan,department of highways,4-wheel pickup truck,speeding,rollover/fallen on curved road,1,0,0,clear,15.71063726,100.1703358,wide curve,no slope,2022-05-23T23:14:00Z
7563114,24.05.2022 06:40,18.01.2023 14:18,Yala,department of highways,motorcycle,illegal overtaking,head-on collision (not overtaking),2,1,0,clear,5.87612825,101.1340347,wide curve,slope area,2022-05-23T23:40:00Z
6566766,24.05.2022 07:00,25.05.2022 13:30,Samut Prakan,department of rural roads,passenger pickup truck,speeding,other,2,0,0,clear,13.664337,100.526482,straight road,slope area,2022-05-24T00:00:00Z
6566844,24.05.2022 07:35,20.06.2022 11:05,Phra Nakhon Si Ayutthaya,department of rural roads,private/passenger car,cutting in closely by people/vehicles/animals,other,3,0,3,clear,14.159485,100.359075,t-intersection,other,2022-05-24T00:35:00Z
7557898,24.05.2022 07:45,12.01.2023 11:30,Nakhon Ratchasima,department of highways,private/passenger car,speeding,rollover/fallen on straight road,1,0,0,clear,14.97134722,102.0523185,straight road,no slope,2022-05-24T00:45:00Z
7443652,24.05.2022 07:51,8.12.2022 13:49,Bangkok,department of highways,private/passenger car,speeding,rear-end collision,2,0,2,clear,13.67491714,100.4595932,straight road,no slope,2022-05-24T00:51:00Z
6494820,24.05.2022 08:30,5.07.2022 11:15,Rayong,department of highways,motorcycle,speeding,rear-end collision,3,1,0,clear,12.70246569,101.2469798,straight road,no slope,2022-05-24T01:30:00Z
7424735,24.05.2022 10:00,2.12.2022 10:27,Nakhon Sawan,department of highways,4-wheel pickup truck,falling asleep,rollover/fallen on straight road,1,0,0,clear,15.37189566,100.4793289,straight road,no slope,2022-05-24T03:00:00Z
7567049,24.05.2022 10:00,23.01.2023 09:37,Roi Et,department of highways,private/passenger car,falling asleep,rollover/fallen on straight road,1,0,1,clear,16.376703,104.0000367,straight road,no slope,2022-05-24T03:00:00Z
6253310,24.05.2022 10:57,26.05.2022 13:12,Samut Prakan,department of highways,4-wheel pickup truck,speeding,rear-end collision,2,0,0,clear,13.67088535,100.8425242,straight road,no slope,2022-05-24T03:57:00Z
6282938,24.05.2022 12:30,31.05.2022 12:01,Yasothon,department of highways,other,speeding,rear-end collision,2,0,1,clear,16.21957573,104.5450213,straight road,no slope,2022-05-24T05:30:00Z
6243184,24.05.2022 13:15,25.05.2022 13:32,Bangkok,department of highways,large truck with trailer,speeding,rear-end collision,2,0,0,clear,13.7589122,100.6975883,straight road,no slope,2022-05-24T06:15:00Z
6501107,24.05.2022 14:30,6.07.2022 09:00,Phetchabun,department of highways,private/passenger car,speeding,rollover/fallen on straight road,1,0,0,clear,16.57014856,101.150659,straight road,no slope,2022-05-24T07:30:00Z
6276210,24.05.2022 15:33,30.05.2022 10:53,Chon Buri,department of highways,private/passenger car,cutting in closely by people/vehicles/animals,rear-end collision,3,0,2,clear,13.06187378,100.9962094,straight road,no slope,2022-05-24T08:33:00Z
7557833,24.05.2022 15:45,12.01.2023 11:07,Nakhon Ratchasima,department of highways,4-wheel pickup truck,speeding,rollover/fallen on straight road,1,0,0,clear,14.65412514,101.3645906,straight road,slope area,2022-05-24T08:45:00Z
7557867,24.05.2022 15:45,12.01.2023 11:16,Nakhon Ratchasima,department of highways,4-wheel pickup truck,speeding,rear-end collision,2,0,0,clear,14.66989346,101.4502282,straight road,no slope,2022-05-24T08:45:00Z
7562339,24.05.2022 15:50,18.01.2023 07:59,Nakhon Si Thammarat,department of highways,4-wheel pickup truck,vehicle equipment failure,rollover/fallen on straight road,1,0,0,clear,8.372186997,99.5706877,straight road,no slope,2022-05-24T08:50:00Z
6253338,24.05.2022 15:52,26.05.2022 13:16,Bangkok,department of highways,4-wheel pickup truck,speeding,rear-end collision,2,0,0,clear,13.73063057,100.7208967,straight road,no slope,2022-05-24T08:52:00Z
6258958,24.05.2022 16:24,27.05.2022 10:41,Sukhothai,department of highways,motorcycle,speeding,rear-end collision,2,0,2,clear,17.01208985,99.77189897,straight road,no slope,2022-05-24T09:24:00Z
6253339,24.05.2022 16:27,26.05.2022 13:18,Phra Nakhon Si Ayutthaya,department of highways,private/passenger car,speeding,rear-end collision,2,0,0,clear,14.16110159,100.6527284,straight road,no slope,2022-05-24T09:27:00Z
7433716,24.05.2022 16:30,6.12.2022 09:57,Chanthaburi,department of highways,4-wheel pickup truck,speeding,collision with obstruction (on road surface),4,1,3,rainy,12.55376501,102.1566108,straight road,no slope,2022-05-24T09:30:00Z
7424642,24.05.2022 16:50,2.12.2022 10:05,Chiang Mai,department of highways,motorcycle,speeding,rear-end collision,2,0,1,clear,18.89624275,98.84322433,straight road,no slope,2022-05-24T09:50:00Z
6386272,24.05.2022 17:00,17.06.2022 09:10,Mukdahan,department of highways,motorcycle,speeding,rear-end collision,3,0,1,clear,16.54718977,104.3722388,straight road,slope area,2022-05-24T10:00:00Z
6902761,24.05.2022 17:45,14.09.2022 09:48,Chiang Mai,department of highways,motorcycle,speeding,rear-end collision,2,0,0,clear,18.84753299,99.0806052,straight road,no slope,2022-05-24T10:45:00Z
6288518,24.05.2022 19:25,1.06.2022 09:33,Chanthaburi,department of highways,motorcycle,speeding,head-on collision (not overtaking),2,0,3,clear,12.89381573,102.0266899,straight road,no slope,2022-05-24T12:25:00Z