acc_code,incident_datetime,report_datetime,province_en,agency,vehicle_type,presumed_cause,accident_type,number_of_vehicles_involved,number_of_fatalities,number_of_injuries,weather_condition,latitude,longitude,road_description,slope_description,incident_time
7562731,24.05.2022 20:20,18.01.2023 10:48,Prachin Buri,department of highways,7-10-wheel truck,speeding,rear-end collision,3,0,0,clear,13.89364511,101.5796247,other,other,2022-05-24T13:20:00Z
6281871,24.05.2022 20:45,31.05.2022 08:07,Chanthaburi,department of highways,4-wheel pickup truck,speeding,rollover/fallen on curved road,1,0,0,clear,12.63463536,102.1631232,other,other,2022-05-24T13:45:00Z
6283472,24.05.2022 21:15,31.05.2022 14:00,Nakhon Ratchasima,department of highways,private/passenger car,speeding,rollover/fallen on straight road,1,0,0,clear,14.89624092,102.0704502,straight road,no slope,2022-05-24T14:15:00Z
7561496,24.05.2022 23:00,17.01.2023 10:01,Sa Kaeo,department of highways,private/passenger car,speeding,rollover/fallen on straight road,1,0,0,foggy,13.49670228,102.1853024,straight road,no slope,2022-05-24T16:00:00Z
7521472,24.05.2022 23:45,30.12.2022 10:16,Lampang,department of highways,private/passenger car,speeding,rollover/fallen on straight road,1,0,1,clear,18.263878,99.63185279,straight road,no slope,2022-05-24T16:45:00Z
6637741,25.05.2022 00:15,1.08.2022 09:18,Maha Sarakham,department of highways,4-wheel pickup truck,falling asleep,rollover/fallen on straight road,1,0,1,clear,16.04940675,102.9392391,straight road,no slope,2022-05-24T17:15:00Z
6362491,25.05.2022 00:30,13.06.2022 10:41,Kamphaeng Phet,department of highways,private/passenger car,speeding,rollover/fallen on straight road,1,0,1,rainy,16.57227719,99.5093268,straight road,no slope,2022-05-24T17:30:00Z
6281990,25.05.2022 01:30,31.05.2022 08:39,Chachoengsao,department of highways,van,speeding,rollover/fallen on straight road,1,1,0,clear,13.75733081,101.4001554,straight road,no slope,2022-05-24T18:30:00Z
7567352,25.05.2022 01:45,23.01.2023 14:25,Phuket,department of highways,private/passenger car,speeding,rollover/fallen on straight road,1,0,2,clear,7.79661164,98.33347051,straight road,no slope,2022-05-24T18:45:00Z
6283137,25.05.2022 02:30,31.05.2022 12:51,Uttaradit,department of highways,4-wheel pickup truck,speeding,rollover/fallen on straight road,1,0,1,rainy,17.2512388,100.2438336,straight road,no slope,2022-05-24T19:30:00Z
6243120,25.05.2022 04:45,25.05.2022 10:22,Suphan Buri,department of highways,large truck with trailer,speeding,rollover/fallen on straight road,1,0,1,rainy,14.42849799,100.1452222,other,other,2022-05-24T21:45:00Z
7521835,25.05.2022 05:00,30.12.2022 11:46,Phayao,department of highways,private/passenger car,speeding,rollover/fallen on curved road,1,0,1,clear,19.19592116,99.9343711,wide curve,no slope,2022-05-24T22:00:00Z
7559412,25.05.2022 05:00,13.01.2023 14:23,Nakhon Ratchasima,department of highways,4-wheel pickup truck,speeding,rollover/fallen on straight road,1,0,0,clear,14.8690873,101.8209162,straight road,no slope,2022-05-24T22:00:00Z
6488080,25.05.2022 06:00,4.07.2022 09:06,Loburi,department of highways,large passenger vehicle,speeding,rollover/fallen on straight road,1,0,0,clear,14.91766329,100.6060096,straight road,no slope,2022-05-24T23:00:00Z
6471737,25.05.2022 07:00,1.07.2022 10:23,Kalasin,department of highways,6-wheel truck,speeding,rollover/fallen on straight road,1,0,0,clear,16.40780506,103.4483814,straight road,no slope,2022-05-25T00:00:00Z
6494547,25.05.2022 07:00,5.07.2022 10:17,Pathum Thani,department of highways,private/passenger car,vehicle equipment failure,other,2,0,0,clear,14.01308404,100.7176941,straight road,no slope,2022-05-25T00:00:00Z
6720901,25.05.2022 07:40,14.08.2022 22:16,Khon Kaen,department of highways,private/passenger car,falling asleep,rollover/fallen on straight road,1,0,1,clear,16.1199965,102.7408683,straight road,no slope,2022-05-25T00:40:00Z
6283335,25.05.2022 08:30,31.05.2022 13:33,Songkhla,department of highways,4-wheel pickup truck,speeding,rollover/fallen on straight road,1,0,1,clear,7.045431475,100.4685813,straight road,no slope,2022-05-25T01:30:00Z
6546447,25.05.2022 08:50,13.07.2022 21:03,Krabi,department of highways,private/passenger car,speeding,rollover/fallen on curved road,1,0,5,clear,8.086378126,98.8766527,wide curve,no slope,2022-05-25T01:50:00Z
6566798,25.05.2022 09:00,6.06.2022 14:06,Satun,department of rural roads,motorcycle,speeding,other,2,0,1,clear,6.736403,100.080446,straight road,no slope,2022-05-25T02:00:00Z
6869912,25.05.2022 09:00,9.09.2022 11:41,Maha Sarakham,department of highways,other,speeding,rollover/fallen on straight road,1,0,0,clear,16.24258091,103.0596542,straight road,no slope,2022-05-25T02:00:00Z
6282150,25.05.2022 09:30,31.05.2022 09:14,Chon Buri,department of highways,other,speeding,rollover/fallen on straight road,1,0,0,clear,13.41889938,101.0815143,straight road,no slope,2022-05-25T02:30:00Z
6362215,25.05.2022 09:50,13.06.2022 09:49,Tak,department of highways,motorcycle,cutting in closely by people/vehicles/animals,rear-end collision,2,0,1,clear,17.23640942,98.2259783,straight road,no slope,2022-05-25T02:50:00Z
6488887,25.05.2022 10:40,4.07.2022 11:25,Bangkok,department of highways,private/passenger car,speeding,rollover/fallen on straight road,1,0,0,clear,13.80917756,100.6609601,straight road,no slope,2022-05-25T03:40:00Z
6253028,25.05.2022 10:48,26.05.2022 11:51,Bangkok,department of highways,4-wheel pickup truck,speeding,rear-end collision,2,0,0,clear,13.73184476,100.7679051,straight road,no slope,2022-05-25T03:48:00Z
6253590,25.05.2022 10:58,26.05.2022 14:20,Pathum Thani,department of highways,4-wheel pickup truck,speeding,rear-end collision,3,0,0,clear,14.06625246,100.6965583,straight road,no slope,2022-05-25T03:58:00Z
7566750,25.05.2022 11:05,22.01.2023 08:11,Chachoengsao,department of highways,private/passenger car,speeding,rear-end collision,3,0,0,clear,13.58863435,101.0120317,straight road,no slope,2022-05-25T04:05:00Z
6276237,25.05.2022 11:12,30.05.2022 11:00,Samut Prakan,expressway authority of thailand,6-wheel truck,other,side collision,2,0,0,clear,13.587573,100.838582,straight road,other,2022-05-25T04:12:00Z
6253631,25.05.2022 11:15,26.05.2022 14:32,Bangkok,department of highways,private/passenger car,speeding,rear-end collision,2,0,0,clear,13.8819931,100.6851777,straight road,no slope,2022-05-25T04:15:00Z
7419006,25.05.2022 11:30,30.11.2022 11:34,Roi Et,department of highways,other,speeding,rollover/fallen on curved road,1,0,0,clear,15.63795635,103.7272882,wide curve,slope area,2022-05-25T04:30:00Z
7521425,25.05.2022 12:25,30.12.2022 10:02,Chiang Mai,department of highways,motorcycle,speeding,head-on collision (not overtaking),2,2,0,clear,19.35004985,99.19903277,straight road,no slope,2022-05-25T05:25:00Z
6283814,25.05.2022 13:00,31.05.2022 14:50,Lamphun,department of highways,private/passenger car,falling asleep,rollover/fallen on straight road,1,0,1,clear,18.35385345,98.80907981,straight road,no slope,2022-05-25T06:00:00Z
6289330,25.05.2022 13:00,1.06.2022 12:23,Yasothon,department of highways,4-wheel pickup truck,speeding,rollover/fallen on straight road,1,0,1,clear,15.78323804,104.1753888,straight road,no slope,2022-05-25T06:00:00Z
7518516,25.05.2022 13:30,29.12.2022 15:14,Nan,department of highways,4-wheel pickup truck,speeding,rollover/fallen on straight road,1,0,0,clear,18.76050704,100.7611754,straight road,no slope,2022-05-25T06:30:00Z
6276855,25.05.2022 13:45,30.05.2022 13:22,Surat Thani,department of highways,private/passenger car,speeding,rollover/fallen on straight road,1,0,0,clear,8.57138836,99.20247404,straight road,no slope,2022-05-25T06:45:00Z
7521562,25.05.2022 15:45,30.12.2022 10:39,Phrae,department of highways,large truck with trailer,speeding,other,1,0,1,clear,18.54607348,100.1159567,wide curve,slope area,2022-05-25T08:45:00Z
6283045,25.05.2022 16:05,31.05.2022 12:32,Nakhon Sawan,department of highways,motorcycle,unfamiliarity with the route/unskilled driving,rollover/fallen on straight road,1,0,1,clear,15.19060348,100.3841641,straight road,no slope,2022-05-25T09:05:00Z
6283293,25.05.2022 16:20,31.05.2022 13:23,Songkhla,department of highways,4-wheel pickup truck,falling asleep,rollover/fallen on straight road,1,0,0,rainy,6.73163132,100.4497924,straight road,no slope,2022-05-25T09:20:00Z
6281751,25.05.2022 16:30,31.05.2022 07:42,Samut Prakan,department of highways,motorcycle,speeding,rear-end collision,2,1,0,clear,13.51296345,100.6939432,straight road,no slope,2022-05-25T09:30:00Z
7565263,25.05.2022 17:10,20.01.2023 09:41,Trang,department of highways,4-wheel pickup truck,speeding,rollover/fallen on straight road,2,0,0,clear,7.416535312,99.53372149,straight road,no slope,2022-05-25T10:10:00Z
6687588,25.05.2022 17:51,9.08.2022 14:15,Loburi,department of highways,4-wheel pickup truck,driving under the influence of alcohol,rollover/fallen on straight road,1,0,0,clear,15.4201082,100.8624986,other,other,2022-05-25T10:51:00Z
6252960,25.05.2022 18:29,26.05.2022 11:37,Pathum Thani,department of highways,6-wheel truck,speeding,rear-end collision,2,0,0,clear,13.98013024,100.7133329,straight road,no slope,2022-05-25T11:29:00Z
7563125,25.05.2022 19:00,18.01.2023 14:26,Satun,department of highways,7-10-wheel truck,speeding,rollover/fallen on curved road,1,0,0,clear,6.893580786,99.7893092,other,other,2022-05-25T12:00:00Z
6259785,25.05.2022 19:39,27.05.2022 14:03,Kanchanaburi,department of highways,motorcycle,speeding,head-on collision (not overtaking),2,4,0,clear,14.70465414,98.66727679,wide curve,no slope,2022-05-25T12:39:00Z
6362285,25.05.2022 19:47,13.06.2022 09:59,Phetchabun,department of highways,motorcycle,speeding,rear-end collision,2,1,3,clear,17.02810405,101.297121,wide curve,no slope,2022-05-25T12:47:00Z
6277531,25.05.2022 22:40,30.05.2022 15:20,Pathum Thani,department of highways,4-wheel pickup truck,speeding,rollover/fallen on straight road,1,0,0,clear,14.0499517,100.6981328,straight road,no slope,2022-05-25T15:40:00Z
6282132,25.05.2022 23:00,31.05.2022 09:09,Chon Buri,department of highways,private/passenger car,speeding,rollover/fallen on straight road,1,0,2,clear,13.45804659,101.0424936,straight road,no slope,2022-05-25T16:00:00Z
7173498,25.05.2022 23:00,25.10.2022 15:20,Chachoengsao,department of highways,4-wheel pickup truck,speeding,rollover/fallen on straight road,1,0,0,clear,13.66301965,101.1069336,straight road,no slope,2022-05-25T16:00:00Z
7567885,25.05.2022 23:10,24.01.2023 07:13,Nakhon Pathom,department of highways,4-wheel pickup truck,speeding,rollover/fallen on straight road,1,0,0,rainy,13.95848987,100.0773221,straight road,no slope,2022-05-25T16:10:00Z
6918612,25.05.2022 23:17,16.09.2022 14:04,Phetchabun,department of highways,motorcycle,speeding,rollover/fallen on straight road,1,0,0,clear,16.74644123,101.2145519,straight road,no slope,2022-05-25T16:17:00Z
7074030,25.05.2022 23:20,10.10.2022 13:37,Ang Thong,department of highways,other,speeding,rollover/fallen on straight road,1,0,0,clear,14.62538731,100.4149988,straight road,no slope,2022-05-25T16:20:00Z
7008501,25.05.2022 23:50,30.09.2022 13:12,Nakhon Ratchasima,department of highways,7-10-wheel truck,speeding,rear-end collision,4,0,1,clear,15.34983633,102.4463564,straight road,no slope,2022-05-25T16:50:00Z
6288211,26.05.2022 00:05,1.06.2022 07:56,Chachoengsao,department of highways,4-wheel pickup truck,speeding,collision with obstruction (on road surface),7,0,0,clear,13.65949068,101.1511659,straight road,no slope,2022-05-25T17:05:00Z
6283179,26.05.2022 00:30,31.05.2022 13:01,Chumphon,department of highways,4-wheel pickup truck,falling asleep,rollover/fallen on straight road,1,0,0,clear,9.949087353,99.06342296,other,other,2022-05-25T17:30:00Z
6259783,26.05.2022 01:13,27.05.2022 14:00,Kanchanaburi,department of highways,4-wheel pickup truck,speeding,rollover/fallen on straight road,1,1,0,clear,13.87368401,99.65808211,straight road,no slope,2022-05-25T18:13:00Z
6250597,26.05.2022 01:59,26.05.2022 04:02,Samut Prakan,expressway authority of thailand,4-wheel pickup truck,other,rear-end collision,3,0,2,clear,13.63693,100.54628,straight road,other,2022-05-25T18:59:00Z
6253753,26.05.2022 02:00,26.05.2022 14:56,Bangkok,department of highways,4-wheel pickup truck,speeding,rollover/fallen on straight road,1,0,3,clear,13.89665761,100.6926101,straight road,no slope,2022-05-25T19:00:00Z
6487963,26.05.2022 02:40,4.07.2022 08:47,Saraburi,department of highways,motorcycle,speeding,rear-end collision,2,1,0,clear,14.43069555,100.8952913,straight road,no slope,2022-05-25T19:40:00Z
6283610,26.05.2022 04:00,31.05.2022 14:17,Prachin Buri,department of highways,4-wheel pickup truck,speeding,rollover/fallen on straight road,1,1,0,clear,14.00683302,101.5303793,straight road,no slope,2022-05-25T21:00:00Z
7331576,26.05.2022 04:42,31.05.2022 14:21,Prachin Buri,department of highways,private/passenger car,speeding,rear-end collision,2,0,1,clear,13.93152376,101.6922802,straight road,no slope,2022-05-25T21:42:00Z
6494660,26.05.2022 04:45,5.07.2022 10:44,Phra Nakhon Si Ayutthaya,department of highways,private/passenger car,speeding,rollover/fallen on straight road,1,0,1,clear,14.30143351,100.6525111,straight road,no slope,2022-05-25T21:45:00Z
6488715,26.05.2022 05:20,4.07.2022 11:04,Bangkok,department of highways,4-wheel pickup truck,speeding,rollover/fallen on curved road,1,0,0,clear,13.84508035,100.6723165,other,other,2022-05-25T22:20:00Z
6501432,26.05.2022 05:30,6.07.2022 09:55,Chon Buri,department of highways,private/passenger car,speeding,rear-end collision,2,0,0,clear,13.41161499,101.0471257,other,other,2022-05-25T22:30:00Z
7331578,26.05.2022 05:40,30.05.2022 13:29,Surat Thani,department of highways,large passenger vehicle,speeding,rollover/fallen on straight road,1,0,3,clear,8.595692813,99.29719089,straight road,no slope,2022-05-25T22:40:00Z
7521144,26.05.2022 06:35,30.12.2022 09:05,Chiang Mai,department of highways,motorcycle,speeding,rear-end collision,2,0,0,clear,18.84437012,98.97199451,straight road,no slope,2022-05-25T23:35:00Z
6282439,26.05.2022 07:03,31.05.2022 10:18,Bangkok,department of highways,private/passenger car,speeding,rear-end collision,5,0,2,clear,13.73529969,100.6774664,straight road,no slope,2022-05-26T00:03:00Z
7563106,26.05.2022 07:20,18.01.2023 14:16,Pattani,department of highways,other,cutting in closely by people/vehicles/animals,rear-end collision,2,0,0,clear,6.803325307,101.1430818,straight road,no slope,2022-05-26T00:20:00Z
7561444,26.05.2022 07:35,17.01.2023 09:41,Nakhon Ratchasima,department of highways,motorcycle,speeding,rollover/fallen on curved road,1,1,1,clear,15.47507971,102.2901016,sharp curve,slope area,2022-05-26T00:35:00Z
7566962,26.05.2022 08:00,23.01.2023 07:48,Chon Buri,department of highways,large truck with trailer,speeding,rear-end collision,2,0,0,clear,13.39513037,101.00932,straight road,no slope,2022-05-26T01:00:00Z
6362062,26.05.2022 08:10,13.06.2022 09:19,Tak,department of highways,4-wheel pickup truck,speeding,rollover/fallen on straight road,1,1,4,clear,17.18199237,99.13682698,straight road,no slope,2022-05-26T01:10:00Z
6295133,26.05.2022 08:30,2.06.2022 11:09,Phra Nakhon Si Ayutthaya,department of highways,large passenger vehicle,speeding,rear-end collision,3,0,1,clear,14.34128696,100.6121787,other,other,2022-05-26T01:30:00Z
6277297,26.05.2022 09:55,30.05.2022 14:45,Bangkok,department of highways,private/passenger car,speeding,rear-end collision,5,0,0,clear,13.7295649,100.7453933,straight road,no slope,2022-05-26T02:55:00Z
6252851,26.05.2022 10:02,26.05.2022 11:14,Chachoengsao,expressway authority of thailand,van,other,rear-end collision,4,0,0,clear,13.57147,100.91527,straight road,other,2022-05-26T03:02:00Z
6282760,26.05.2022 11:00,31.05.2022 11:20,Kanchanaburi,department of highways,large passenger vehicle,falling asleep,rollover/fallen on straight road,1,0,2,clear,14.43629588,99.49562876,straight road,no slope,2022-05-26T04:00:00Z
7557818,26.05.2022 11:09,12.01.2023 11:04,Nakhon Ratchasima,department of highways,other,speeding,rollover/fallen on straight road,1,0,0,clear,14.95693729,102.037062,straight road,no slope,2022-05-26T04:09:00Z
6288779,26.05.2022 11:10,1.06.2022 10:26,Songkhla,department of highways,6-wheel truck,running red lights/traffic signals,rear-end collision,2,0,1,clear,7.601669199,100.4008984,other,other,2022-05-26T04:10:00Z
6282149,26.05.2022 11:40,31.05.2022 09:12,Chon Buri,department of highways,other,speeding,rollover/fallen on straight road,1,0,0,clear,13.35525787,101.0072708,straight road,no slope,2022-05-26T04:40:00Z
6283159,26.05.2022 12:15,31.05.2022 12:58,Loburi,department of highways,motorized tricycle,cutting in closely by people/vehicles/animals,rear-end collision,2,1,0,clear,15.07338225,100.9901288,straight road,no slope,2022-05-26T05:15:00Z
6361787,26.05.2022 12:30,13.06.2022 08:39,Kamphaeng Phet,department of highways,4-wheel pickup truck,vehicle equipment failure,rollover/fallen on straight road,1,0,0,clear,16.58963953,99.42798613,straight road,no slope,2022-05-26T05:30:00Z
6495860,26.05.2022 13:00,5.07.2022 14:37,Chon Buri,department of highways,4-wheel pickup truck,speeding,rollover/fallen on straight road,1,0,0,clear,13.20836444,101.456286,wide curve,slope area,2022-05-26T06:00:00Z
7556330,26.05.2022 13:10,11.01.2023 12:12,Yasothon,department of highways,4-wheel pickup truck,falling asleep,rollover/fallen on straight road,1,0,0,clear,15.87016058,104.0829921,straight road,no slope,2022-05-26T06:10:00Z
6259982,26.05.2022 13:30,27.05.2022 14:40,Suphan Buri,department of highways,motorcycle,speeding,rear-end collision,2,0,1,clear,14.82204577,100.1153156,straight road,no slope,2022-05-26T06:30:00Z
6502322,26.05.2022 13:45,6.07.2022 13:32,Ratchaburi,department of highways,4-wheel pickup truck,speeding,rollover/fallen on straight road,1,0,1,clear,13.75427742,99.92402314,straight road,no slope,2022-05-26T06:45:00Z
6937252,26.05.2022 14:58,19.09.2022 11:25,Sukhothai,department of highways,motorcycle,speeding,rear-end collision,2,0,2,clear,17.009478820000002,99.80165808,straight road,no slope,2022-05-26T07:58:00Z
6282955,26.05.2022 15:25,31.05.2022 12:07,Phra Nakhon Si Ayutthaya,department of highways,private/passenger car,speeding,rear-end collision,2,0,2,clear,14.58277097,100.491997,straight road,no slope,2022-05-26T08:25:00Z
7518346,26.05.2022 15:30,29.12.2022 14:28,Phitsanulok,department of highways,4-wheel pickup truck,worn-out/tire blowout,rollover/fallen on straight road,1,0,0,clear,16.85466306,100.4777679,straight road,no slope,2022-05-26T08:30:00Z
7521837,26.05.2022 15:30,30.12.2022 11:47,Nan,department of highways,4-wheel pickup truck,speeding,rollover/fallen on curved road,1,0,0,clear,19.038897,100.9307822,sharp curve,no slope,2022-05-26T08:30:00Z
6489853,26.05.2022 16:30,4.07.2022 14:56,Uttaradit,department of highways,4-wheel pickup truck,speeding,rollover/fallen on curved road,1,0,1,rainy,17.70352685,100.7120481,wide curve,no slope,2022-05-26T09:30:00Z
7521226,26.05.2022 16:50,30.12.2022 09:22,Nan,department of highways,4-wheel pickup truck,speeding,rollover/fallen on straight road,1,0,0,clear,19.2714503,100.8984375,straight road,no slope,2022-05-26T09:50:00Z
6276857,26.05.2022 17:30,30.05.2022 13:23,Surat Thani,department of highways,motorcycle,speeding,rear-end collision,2,0,1,clear,8.859866429,99.14869307,straight road,no slope,2022-05-26T10:30:00Z
6702145,26.05.2022 18:00,11.08.2022 13:40,Surat Thani,department of highways,6-wheel truck,speeding,rollover/fallen on straight road,1,0,0,clear,9.021824294,99.17899667,straight road,no slope,2022-05-26T11:00:00Z
6495859,26.05.2022 18:20,5.07.2022 14:35,Chon Buri,department of highways,large truck with trailer,driving under the influence of alcohol,rollover/fallen on curved road,1,0,0,clear,13.28555912,101.1795089,other,other,2022-05-26T11:20:00Z
7565246,26.05.2022 18:40,20.01.2023 09:36,Trang,department of highways,large passenger vehicle,speeding,rear-end collision,2,0,0,clear,7.797682577,99.61952268,wide curve,no slope,2022-05-26T11:40:00Z
6488141,26.05.2022 20:05,4.07.2022 09:23,Nakhon Sawan,department of highways,motorcycle,cutting in closely by people/vehicles/animals,rear-end collision,2,0,1,clear,15.37447414,100.2516496,connecting to public/commercial area,other,2022-05-26T13:05:00Z
6337521,26.05.2022 20:15,9.06.2022 10:51,Nakhon Sawan,department of highways,motorcycle,cutting in closely by people/vehicles/animals,collision with obstruction (on road surface),1,0,1,clear,15.37188531,100.2513116,straight road,no slope,2022-05-26T13:15:00Z
6282812,26.05.2022 21:00,31.05.2022 11:33,Uthai Thani,department of highways,private/passenger car,speeding,rollover/fallen on curved road,1,0,1,clear,15.08339984,99.59781019,wide curve,no slope,2022-05-26T14:00:00Z
6822473,26.05.2022 22:00,1.09.2022 13:22,Saraburi,department of highways,large truck with trailer,driving under the influence of alcohol,rollover/fallen on straight road,1,0,0,clear,14.59581968,101.0391167,straight road,no slope,2022-05-26T15:00:00Z
7438345,26.05.2022 22:30,7.12.2022 09:38,Chanthaburi,department of highways,private/passenger car,cutting in closely by people/vehicles/animals,rear-end collision,3,0,4,clear,12.66646709,102.1883225,other,other,2022-05-26T15:30:00Z
6257158,26.05.2022 23:15,27.05.2022 03:20,Nonthaburi,expressway authority of thailand,other,other,rear-end collision,7,0,0,clear,13.850065,100.5333966,straight road,other,2022-05-26T16:15:00Z
7521270,26.05.2022 23:30,30.12.2022 09:29,Chiang Mai,department of highways,4-wheel pickup truck,speeding,rollover/fallen on curved road,1,0,1,clear,19.55948684,99.07694934,wide curve,no slope,2022-05-26T16:30:00Z
7438258,27.05.2022 00:01,7.12.2022 09:34,Chanthaburi,department of highways,4-wheel pickup truck,running red lights/traffic signals,rear-end collision,2,0,2,rainy,12.66743536,102.1889528,other,other,2022-05-26T17:01:00Z
6488795,27.05.2022 00:10,4.07.2022 11:13,Bangkok,department of highways,private/passenger car,speeding,rollover/fallen on straight road,1,0,2,clear,13.81276158,100.695346,straight road,no slope,2022-05-26T17:10:00Z
6943075,27.05.2022 00:25,20.09.2022 08:38,Suphan Buri,department of highways,4-wheel pickup truck,speeding,rear-end collision,2,0,1,clear,14.44718441,100.115565,straight road,no slope,2022-05-26T17:25:00Z
6277505,27.05.2022 01:30,30.05.2022 15:19,Bangkok,department of highways,private/passenger car,speeding,rear-end collision,2,0,0,clear,13.68365809,100.6995061,straight road,no slope,2022-05-26T18:30:00Z
6361967,27.05.2022 01:30,13.06.2022 09:07,Kamphaeng Phet,department of highways,4-wheel pickup truck,speeding,rollover/fallen on straight road,1,0,2,clear,16.48283917,99.73877905,other,other,2022-05-26T18:30:00Z
6277499,27.05.2022 02:07,30.05.2022 15:17,Chon Buri,department of highways,private/passenger car,speeding,rear-end collision,2,0,1,clear,13.43049603,101.0464793,straight road,no slope,2022-05-26T19:07:00Z
6609991,27.05.2022 03:10,27.07.2022 16:47,Roi Et,department of highways,private/passenger car,speeding,rollover/fallen on straight road,1,0,0,clear,15.84704527,103.8732433,straight road,no slope,2022-05-26T20:10:00Z
6724454,27.05.2022 03:18,15.08.2022 14:27,Suphan Buri,department of highways,van,falling asleep,rollover/fallen on straight road,1,0,1,clear,14.33059596,100.2097401,straight road,no slope,2022-05-26T20:18:00Z
7521620,27.05.2022 05:00,30.12.2022 10:53,Nan,department of highways,4-wheel pickup truck,falling asleep,rollover/fallen on curved road,1,0,0,clear,19.14095687,100.9474039,wide curve,no slope,2022-05-26T22:00:00Z
6257942,27.05.2022 05:12,27.05.2022 06:37,Bangkok,expressway authority of thailand,other,other,side collision,2,0,0,clear,13.771321,100.606198,wide curve,other,2022-05-26T22:12:00Z
6494531,27.05.2022 05:30,5.07.2022 10:14,Pathum Thani,department of highways,7-10-wheel truck,falling asleep,rollover/fallen on straight road,1,0,0,clear,13.98562721,100.5881595,straight road,no slope,2022-05-26T22:30:00Z
6488244,27.05.2022 07:35,4.07.2022 09:44,Suphan Buri,department of highways,motorcycle,speeding,rollover/fallen on straight road,1,0,1,clear,14.58458023,100.1487064,straight road,no slope,2022-05-27T00:35:00Z
6290153,27.05.2022 08:15,1.06.2022 15:27,Surin,department of highways,private/passenger car,speeding,rear-end collision,2,0,1,clear,14.68627493,103.7499341,straight road,no slope,2022-05-27T01:15:00Z
6264473,27.05.2022 08:26,28.05.2022 08:14,Pathum Thani,department of highways,large truck with trailer,speeding,rear-end collision,2,0,0,clear,14.050864990000001,100.6981006,straight road,no slope,2022-05-27T01:26:00Z
6283046,27.05.2022 08:30,31.05.2022 12:34,Nakhon Sawan,department of highways,7-10-wheel truck,cutting in closely by people/vehicles/animals,rear-end collision,2,1,0,clear,15.97634747,100.6277275,straight road,no slope,2022-05-27T01:30:00Z
6362299,27.05.2022 08:30,13.06.2022 10:00,Phetchabun,department of highways,4-wheel pickup truck,vehicle equipment failure,rollover/fallen on curved road,1,0,0,clear,17.02782963,101.4254567,sharp curve,slope area,2022-05-27T01:30:00Z
7560773,27.05.2022 08:40,16.01.2023 13:47,Bangkok,department of highways,4-wheel pickup truck,speeding,rear-end collision,3,0,0,clear,13.80338043,100.5603484,straight road,no slope,2022-05-27T01:40:00Z
6288068,27.05.2022 09:00,1.06.2022 07:14,Sing Buri,department of highways,other,speeding,rollover/fallen on straight road,1,0,0,clear,14.83334559,100.244877,other,other,2022-05-27T02:00:00Z
6318220,27.05.2022 09:03,6.06.2022 10:58,Bangkok,expressway authority of thailand,other,other,rear-end collision,2,0,0,clear,13.779299,100.607556,straight road,other,2022-05-27T02:03:00Z
7557822,27.05.2022 09:28,12.01.2023 11:03,Nakhon Ratchasima,department of highways,other,speeding,rollover/fallen on straight road,1,0,0,clear,14.91432843,101.9363592,straight road,no slope,2022-05-27T02:28:00Z
6260082,27.05.2022 09:30,27.05.2022 15:00,Suphan Buri,department of highways,4-wheel pickup truck,cutting in closely by people/vehicles/animals,head-on collision (not overtaking),2,0,3,clear,14.86760704,99.99226122,connecting to private area,other,2022-05-27T02:30:00Z
7521557,27.05.2022 09:50,30.12.2022 10:36,Nan,department of highways,4-wheel pickup truck,speeding,rollover/fallen on straight road,1,0,0,clear,19.25394625,100.9177065,straight road,no slope,2022-05-27T02:50:00Z
6566889,27.05.2022 10:30,20.06.2022 11:05,Phra Nakhon Si Ayutthaya,department of rural roads,other,failure to yield/signal,other,2,0,2,clear,14.152821,100.450888,straight road,no slope,2022-05-27T03:30:00Z
6282494,27.05.2022 12:15,31.05.2022 10:23,Bangkok,department of highways,4-wheel pickup truck,speeding,rear-end collision,2,0,0,clear,13.72954666,100.745227,other,other,2022-05-27T05:15:00Z
6531860,27.05.2022 12:15,11.07.2022 10:44,Surin,department of highways,4-wheel pickup truck,speeding,rollover/fallen on curved road,1,0,2,clear,14.85109015,103.4589949,wide curve,no slope,2022-05-27T05:15:00Z
6531188,27.05.2022 12:30,11.07.2022 08:33,Chiang Mai,department of highways,4-wheel pickup truck,speeding,rear-end collision,2,0,1,clear,18.9454711,98.94327609,straight road,no slope,2022-05-27T05:30:00Z
7434620,27.05.2022 13:30,6.12.2022 11:59,Chiang Mai,department of highways,private/passenger car,speeding,rollover/fallen on straight road,1,0,0,clear,18.72265101,98.94553451,other,other,2022-05-27T06:30:00Z
6502430,27.05.2022 14:30,6.07.2022 13:52,Chumphon,department of highways,4-wheel pickup truck,speeding,rollover/fallen on curved road,1,0,1,clear,10.72723657,99.27392005,other,other,2022-05-27T07:30:00Z
6572148,27.05.2022 15:00,19.07.2022 10:20,Maha Sarakham,department of highways,private/passenger car,speeding,rollover/fallen on straight road,1,0,2,clear,16.10480597,103.1858039,straight road,no slope,2022-05-27T08:00:00Z
6283927,27.05.2022 15:07,31.05.2022 15:12,Chachoengsao,department of highways,private/passenger car,speeding,rear-end collision,2,0,0,rainy,13.56955723,100.9834528,straight road,no slope,2022-05-27T08:07:00Z
7008384,27.05.2022 15:37,30.09.2022 12:51,Nakhon Ratchasima,department of highways,private/passenger car,speeding,rollover/fallen on straight road,1,0,1,rainy,14.63686861,101.2553349,straight road,no slope,2022-05-27T08:37:00Z