acc_code,incident_datetime,report_datetime,province_en,agency,vehicle_type,presumed_cause,accident_type,number_of_vehicles_involved,number_of_fatalities,number_of_injuries,weather_condition,latitude,longitude,road_description,slope_description,incident_time
6283540,27.05.2022 15:40,31.05.2022 14:09,Nakhon Ratchasima,department of highways,6-wheel truck,speeding,collision with obstruction (on road surface),2,0,1,rainy,14.63181577,101.2187576,straight road,slope area,2022-05-27T08:40:00Z
6283537,27.05.2022 15:42,31.05.2022 14:07,Nakhon Ratchasima,department of highways,large truck with trailer,speeding,rollover/fallen on straight road,1,0,1,rainy,14.69473828,101.4734334,straight road,no slope,2022-05-27T08:42:00Z
6572130,27.05.2022 16:00,19.07.2022 10:19,Maha Sarakham,department of highways,4-wheel pickup truck,falling asleep,rollover/fallen on straight road,1,0,1,clear,15.98304658,103.3241495,straight road,no slope,2022-05-27T09:00:00Z
7562958,27.05.2022 17:00,18.01.2023 13:30,Prachin Buri,department of highways,7-10-wheel truck,speeding,rollover/fallen on curved road,1,0,0,clear,14.16595704,101.8928879,wide curve,no slope,2022-05-27T10:00:00Z
7561380,27.05.2022 17:24,17.01.2023 09:07,Nakhon Ratchasima,department of highways,motorcycle,speeding,rear-end collision,2,1,0,clear,15.11062727,102.10125,connecting to private area,other,2022-05-27T10:24:00Z
6283506,27.05.2022 17:30,31.05.2022 14:03,Nakhon Ratchasima,department of highways,4-wheel pickup truck,speeding,rollover/fallen on straight road,1,0,1,rainy,14.9252442,101.6840806,straight road,no slope,2022-05-27T10:30:00Z
6318180,27.05.2022 17:34,6.06.2022 10:54,Samut Prakan,expressway authority of thailand,4-wheel pickup truck,other,rear-end collision,3,0,0,clear,13.604051,100.631099,straight road,other,2022-05-27T10:34:00Z
6284323,27.05.2022 17:40,31.05.2022 16:32,Chachoengsao,department of highways,private/passenger car,speeding,rear-end collision,3,0,0,rainy,13.57582518,100.9781903,straight road,no slope,2022-05-27T10:40:00Z
6944279,27.05.2022 18:18,20.09.2022 12:43,Nakhon Phanom,department of highways,4-wheel pickup truck,speeding,rollover/fallen on straight road,1,0,1,clear,17.45127371,104.4592899,straight road,no slope,2022-05-27T11:18:00Z
6276170,27.05.2022 18:27,30.05.2022 10:48,Bangkok,department of highways,private/passenger car,speeding,rear-end collision,2,0,0,clear,13.72935385,100.7372099,straight road,no slope,2022-05-27T11:27:00Z
6502395,27.05.2022 18:30,6.07.2022 13:46,Nakhon Pathom,department of highways,private/passenger car,speeding,rollover/fallen on curved road,1,0,1,clear,13.75147411,100.0878095,wide curve,no slope,2022-05-27T11:30:00Z
6362238,27.05.2022 18:35,13.06.2022 09:53,Mukdahan,department of highways,4-wheel pickup truck,cutting in closely by people/vehicles/animals,rollover/fallen on curved road,1,0,1,clear,16.52175194,104.6841287,wide curve,slope area,2022-05-27T11:35:00Z
6288795,27.05.2022 18:39,1.06.2022 10:33,Nonthaburi,expressway authority of thailand,other,other,collision with obstruction (on road surface),1,0,1,clear,13.927309,100.553388,straight road,other,2022-05-27T11:39:00Z
6501162,27.05.2022 19:23,6.07.2022 09:10,Chanthaburi,department of highways,motorized tricycle,vehicle equipment failure,rear-end collision,2,1,0,rainy,12.89211363,102.0237797,straight road,no slope,2022-05-27T12:23:00Z
7521236,27.05.2022 20:30,30.12.2022 09:22,Chiang Mai,department of highways,motorcycle,speeding,rear-end collision,2,0,2,clear,18.92213753,98.94090234,straight road,no slope,2022-05-27T13:30:00Z
6276105,27.05.2022 20:50,30.05.2022 10:34,Bangkok,department of highways,private/passenger car,speeding,rear-end collision,3,0,0,clear,13.72951018,100.7308584,straight road,no slope,2022-05-27T13:50:00Z
6275906,27.05.2022 21:00,30.05.2022 09:36,Chiang Mai,department of highways,motorcycle,speeding,rollover/fallen on curved road,1,0,1,clear,18.52887486,98.62804948,wide curve,no slope,2022-05-27T14:00:00Z
7554480,27.05.2022 21:00,9.01.2023 12:41,Chiang Mai,department of highways,motorcycle,disabled vehicle without proper signals,collision with obstruction (on road surface),2,0,0,clear,18.71137435,99.133801450000007,straight road,no slope,2022-05-27T14:00:00Z
6289715,27.05.2022 22:30,1.06.2022 13:55,Songkhla,department of highways,4-wheel pickup truck,speeding,rollover/fallen on straight road,1,0,1,clear,7.521713909,100.4243973,straight road,no slope,2022-05-27T15:30:00Z
6488054,27.05.2022 22:37,4.07.2022 09:01,Loburi,department of highways,4-wheel pickup truck,cutting in closely by people/vehicles/animals,rear-end collision,2,1,0,clear,15.24538695,101.2961554,straight road,no slope,2022-05-27T15:37:00Z
6263272,27.05.2022 23:27,28.05.2022 01:57,Bangkok,expressway authority of thailand,other,other,side collision,2,0,1,clear,13.76144957,100.5453835,straight road,other,2022-05-27T16:27:00Z
6903120,27.05.2022 23:30,14.09.2022 10:56,Chaiyaphum,department of highways,4-wheel pickup truck,speeding,rollover/fallen on straight road,1,0,0,clear,15.82166931,102.126283,straight road,no slope,2022-05-27T16:30:00Z
6501509,27.05.2022 23:50,6.07.2022 10:13,Chachoengsao,department of highways,4-wheel pickup truck,speeding,rear-end collision,2,0,0,clear,13.51922768,101.0257861,straight road,no slope,2022-05-27T16:50:00Z
6724452,28.05.2022 00:10,15.08.2022 14:28,Suphan Buri,department of highways,4-wheel pickup truck,debris/obstruction on the road,collision with obstruction (on road surface),1,0,1,clear,14.36139941,100.1844737,straight road,no slope,2022-05-27T17:10:00Z
6453046,28.05.2022 00:20,28.06.2022 12:34,Udon Thani,department of highways,4-wheel pickup truck,falling asleep,rollover/fallen on straight road,1,0,1,clear,17.43194131,102.825956,straight road,no slope,2022-05-27T17:20:00Z
6263381,28.05.2022 00:23,28.05.2022 02:10,Bangkok,expressway authority of thailand,other,other,side collision,2,0,3,clear,13.75763161,100.5239214,straight road,other,2022-05-27T17:23:00Z
6701810,28.05.2022 00:30,11.08.2022 12:26,Pathum Thani,department of highways,private/passenger car,speeding,rear-end collision,2,0,1,clear,13.99348722,100.6561375,straight road,no slope,2022-05-27T17:30:00Z
6275771,28.05.2022 01:00,30.05.2022 09:07,Phra Nakhon Si Ayutthaya,department of highways,4-wheel pickup truck,speeding,rear-end collision,2,0,2,clear,14.50029733,100.5217802,straight road,no slope,2022-05-27T18:00:00Z
6277489,28.05.2022 01:00,30.05.2022 15:15,Bangkok,department of highways,private/passenger car,speeding,rollover/fallen on straight road,1,0,0,clear,13.77740088,100.6873503,straight road,no slope,2022-05-27T18:00:00Z
6805180,28.05.2022 01:05,29.08.2022 09:46,Khon Kaen,department of highways,private/passenger car,falling asleep,rollover/fallen on straight road,1,0,0,clear,16.49140626,102.7824157,straight road,no slope,2022-05-27T18:05:00Z
6275773,28.05.2022 01:40,30.05.2022 09:08,Ang Thong,department of highways,4-wheel pickup truck,speeding,rear-end collision,2,0,1,clear,14.5728418,100.4895669,straight road,no slope,2022-05-27T18:40:00Z
6488278,28.05.2022 02:00,4.07.2022 09:45,Chai Nat,department of highways,4-wheel pickup truck,falling asleep,rollover/fallen on straight road,1,0,0,clear,15.04494817,100.1618492,straight road,no slope,2022-05-27T19:00:00Z
7562874,28.05.2022 02:00,18.01.2023 12:27,Surat Thani,department of highways,6-wheel truck,speeding,rollover/fallen on curved road,1,0,1,rainy,8.55801017,99.34319078,wide curve,no slope,2022-05-27T19:00:00Z
6549928,28.05.2022 02:06,14.07.2022 15:02,Udon Thani,department of highways,4-wheel pickup truck,speeding,rollover/fallen on straight road,1,0,0,clear,17.43146277,102.8241268,straight road,no slope,2022-05-27T19:06:00Z
7521328,28.05.2022 03:20,30.12.2022 09:43,Chiang Mai,department of highways,4-wheel pickup truck,speeding,rollover/fallen on straight road,1,0,0,clear,18.86608508,98.98388742,straight road,no slope,2022-05-27T20:20:00Z
7415341,28.05.2022 03:30,29.11.2022 15:15,Phrae,department of highways,private/passenger car,falling asleep,rollover/fallen on curved road,1,0,0,rainy,18.02664652,99.70847546,wide curve,no slope,2022-05-27T20:30:00Z
6452123,28.05.2022 04:00,28.06.2022 09:07,Sukhothai,department of highways,4-wheel pickup truck,speeding,head-on collision (not overtaking),2,0,0,clear,16.98000604,99.94709014,straight road,no slope,2022-05-27T21:00:00Z
6487803,28.05.2022 04:00,4.07.2022 08:03,Loburi,department of highways,4-wheel pickup truck,falling asleep,rollover/fallen on straight road,1,0,8,clear,14.81940613,100.5033454,straight road,no slope,2022-05-27T21:00:00Z
7563135,28.05.2022 04:00,18.01.2023 14:34,Songkhla,department of highways,other,speeding,rollover/fallen on curved road,1,0,0,clear,7.047297502,100.1606959,wide curve,no slope,2022-05-27T21:00:00Z
6502194,28.05.2022 04:50,6.07.2022 13:03,Phatthalung,department of highways,private/passenger car,speeding,rollover/fallen on straight road,1,0,0,clear,7.595490482,100.0562775,straight road,no slope,2022-05-27T21:50:00Z
6288092,28.05.2022 05:00,1.06.2022 07:21,Suphan Buri,department of highways,4-wheel pickup truck,falling asleep,rollover/fallen on straight road,1,0,0,clear,14.15748918,100.1291934,other,other,2022-05-27T22:00:00Z
6584864,28.05.2022 05:00,21.07.2022 09:56,Surin,department of highways,4-wheel pickup truck,falling asleep,rollover/fallen on straight road,1,0,0,clear,14.68051749,103.7989354,straight road,no slope,2022-05-27T22:00:00Z
6283456,28.05.2022 05:30,31.05.2022 13:56,Sa Kaeo,department of highways,large truck with trailer,speeding,rollover/fallen on curved road,1,0,0,clear,14.13934048,102.6697227,wide curve,slope area,2022-05-27T22:30:00Z
7331584,28.05.2022 05:30,20.09.2022 08:35,Phra Nakhon Si Ayutthaya,department of highways,4-wheel pickup truck,speeding,rear-end collision,2,1,3,clear,14.24000872,100.7154518,straight road,no slope,2022-05-27T22:30:00Z
7565541,28.05.2022 06:00,20.01.2023 11:53,Chachoengsao,department of highways,4-wheel pickup truck,speeding,rollover/fallen on straight road,1,0,0,clear,13.65899548,101.0951078,straight road,no slope,2022-05-27T23:00:00Z
6453663,28.05.2022 07:00,28.06.2022 14:53,Phatthalung,department of highways,4-wheel pickup truck,speeding,rollover/fallen on straight road,1,0,1,clear,7.575079348,99.88411455,straight road,no slope,2022-05-28T00:00:00Z
7562949,28.05.2022 07:00,18.01.2023 13:29,Prachin Buri,department of highways,private/passenger car,speeding,rear-end collision,2,0,0,clear,14.15139036,101.8864721,straight road,no slope,2022-05-28T00:00:00Z
6424213,28.05.2022 07:30,23.06.2022 14:45,Phatthalung,department of highways,4-wheel pickup truck,vehicle equipment failure,rollover/fallen on curved road,1,0,0,clear,7.589694531,100.0551,other,other,2022-05-28T00:30:00Z
6374632,28.05.2022 08:30,15.06.2022 10:20,Phatthalung,department of highways,private/passenger car,speeding,rollover/fallen on curved road,1,0,0,clear,7.418926438,100.0779873,wide curve,no slope,2022-05-28T01:30:00Z
6495820,28.05.2022 08:32,5.07.2022 14:30,Chon Buri,department of highways,large truck with trailer,speeding,rollover/fallen on curved road,1,0,0,clear,13.47276883,101.2845039,wide curve,no slope,2022-05-28T01:32:00Z
6283629,28.05.2022 09:00,31.05.2022 14:24,Prachin Buri,department of highways,large truck with trailer,speeding,rollover/fallen on straight road,1,0,0,clear,13.98463037,101.7898965,straight road,no slope,2022-05-28T02:00:00Z
6501434,28.05.2022 09:00,6.07.2022 09:57,Chon Buri,department of highways,other,speeding,rollover/fallen on straight road,1,0,0,clear,13.01202677,100.9963032,straight road,no slope,2022-05-28T02:00:00Z
7561471,28.05.2022 09:35,17.01.2023 09:54,Sa Kaeo,department of highways,4-wheel pickup truck,speeding,rollover/fallen on straight road,1,0,2,clear,13.78297559,102.2152009,straight road,no slope,2022-05-28T02:35:00Z
7521206,28.05.2022 10:35,30.12.2022 09:18,Chiang Mai,department of highways,private/passenger car,speeding,rear-end collision,2,0,1,clear,18.90157682,98.95021497,straight road,no slope,2022-05-28T03:35:00Z
6318184,28.05.2022 10:48,6.06.2022 10:54,Samut Prakan,expressway authority of thailand,other,other,rear-end collision,2,0,0,clear,13.629835,100.589142,grade-separated intersection/ramps,other,2022-05-28T03:48:00Z
6277448,28.05.2022 11:00,30.05.2022 15:12,Bangkok,department of highways,4-wheel pickup truck,speeding,rollover/fallen on straight road,1,0,0,clear,13.77848457,100.6873798,straight road,no slope,2022-05-28T04:00:00Z
6546446,28.05.2022 11:00,13.07.2022 21:02,Krabi,department of highways,4-wheel pickup truck,speeding,rollover/fallen on straight road,1,0,1,clear,7.901313892,99.15041773,wide curve,no slope,2022-05-28T04:00:00Z
7425355,28.05.2022 11:50,2.12.2022 14:31,Phuket,department of highways,motorcycle,speeding,rollover/fallen on curved road,1,0,0,clear,7.856648941,98.35912316,other,other,2022-05-28T04:50:00Z
7422385,28.05.2022 12:30,1.12.2022 11:10,Chiang Mai,department of highways,private/passenger car,speeding,pedestrian collision,1,0,1,clear,18.8501399,99.01392816,straight road,no slope,2022-05-28T05:30:00Z
6277225,28.05.2022 13:05,30.05.2022 14:34,Chon Buri,department of highways,4-wheel pickup truck,cutting in closely by people/vehicles/animals,rear-end collision,2,0,0,clear,13.19931367,101.0014826,straight road,no slope,2022-05-28T06:05:00Z
6566782,28.05.2022 15:00,31.05.2022 10:10,Phrae,department of rural roads,motorcycle,cutting in closely by people/vehicles/animals,other,2,0,2,clear,18.047005,100.132999,t-intersection,other,2022-05-28T08:00:00Z
6276010,28.05.2022 15:10,30.05.2022 10:05,Nan,department of highways,motorcycle,cutting in closely by people/vehicles/animals,collision with obstruction (on road surface),1,0,1,clear,18.67365978,100.9920144,straight road,no slope,2022-05-28T08:10:00Z
6283204,28.05.2022 15:30,31.05.2022 13:05,Uttaradit,department of highways,large truck with trailer,speeding,rear-end collision,2,0,0,clear,17.39409197,100.231694,wide curve,slope area,2022-05-28T08:30:00Z
7414946,28.05.2022 15:30,29.11.2022 14:04,Ubon Ratchathani,department of highways,4-wheel pickup truck,speeding,rollover/fallen on straight road,1,0,2,rainy,14.88079942,104.9943638,straight road,no slope,2022-05-28T08:30:00Z
7554329,28.05.2022 15:50,9.01.2023 10:21,Trang,department of highways,4-wheel pickup truck,vehicle equipment failure,rollover/fallen on straight road,1,0,0,clear,7.926631894,99.59652005,straight road,no slope,2022-05-28T08:50:00Z
7027404,28.05.2022 15:55,3.10.2022 11:42,Chachoengsao,department of highways,4-wheel pickup truck,speeding,rear-end collision,2,0,0,clear,13.73233981,101.0279828,straight road,no slope,2022-05-28T08:55:00Z
6289684,28.05.2022 16:15,1.06.2022 13:54,Nakhon Ratchasima,department of highways,4-wheel pickup truck,speeding,rollover/fallen on straight road,1,0,0,clear,14.77992166,102.0424184,straight road,no slope,2022-05-28T09:15:00Z
6918594,28.05.2022 16:30,16.09.2022 13:58,Phrae,department of highways,4-wheel pickup truck,speeding,rollover/fallen on curved road,1,0,0,clear,18.05634768,99.69903676,wide curve,slope area,2022-05-28T09:30:00Z
7565367,28.05.2022 16:38,20.01.2023 10:39,Chanthaburi,department of highways,4-wheel pickup truck,cutting in closely by people/vehicles/animals,rear-end collision,2,0,0,rainy,12.82343449,102.1147844,wide curve,no slope,2022-05-28T09:38:00Z
6282486,28.05.2022 17:00,31.05.2022 10:20,Phrae,department of highways,4-wheel pickup truck,speeding,rollover/fallen on curved road,1,0,0,clear,18.04450964,99.69948201,wide curve,slope area,2022-05-28T10:00:00Z
7560571,28.05.2022 17:10,16.01.2023 09:03,Phetchabun,department of highways,large truck with trailer,speeding,rollover/fallen on curved road,1,0,0,clear,16.73437682,101.3719627,other,other,2022-05-28T10:10:00Z
7562960,28.05.2022 18:25,18.01.2023 13:30,Prachin Buri,department of highways,6-wheel truck,speeding,other,2,0,1,clear,14.09996649,101.3892951,connecting to private area,other,2022-05-28T11:25:00Z
7561476,28.05.2022 19:30,17.01.2023 09:51,Nakhon Ratchasima,department of highways,4-wheel pickup truck,speeding,rollover/fallen on straight road,1,0,0,clear,14.75916519,102.1633082,straight road,no slope,2022-05-28T12:30:00Z
6277444,28.05.2022 19:52,30.05.2022 15:10,Bangkok,department of highways,4-wheel pickup truck,speeding,rear-end collision,3,0,2,rainy,13.73560453,100.7029259,straight road,no slope,2022-05-28T12:52:00Z
6495888,28.05.2022 20:30,5.07.2022 14:41,Chon Buri,department of highways,4-wheel pickup truck,speeding,rollover/fallen on straight road,1,0,0,rainy,13.13149014,101.3532168,straight road,no slope,2022-05-28T13:30:00Z
6362370,28.05.2022 21:30,13.06.2022 10:18,Nong Bua Lam Phu,department of highways,large truck with trailer,speeding,rollover/fallen on straight road,1,0,0,rainy,17.17424575,102.4297294,other,other,2022-05-28T14:30:00Z
6487823,28.05.2022 21:32,4.07.2022 08:05,Sing Buri,department of highways,motorcycle,speeding,rollover/fallen on straight road,1,0,1,clear,14.84303994,100.4284286,straight road,no slope,2022-05-28T14:32:00Z
6361799,28.05.2022 22:30,13.06.2022 08:40,Kamphaeng Phet,department of highways,6-wheel truck,falling asleep,rollover/fallen on straight road,1,0,0,clear,16.6446622,99.32970999,straight road,no slope,2022-05-28T15:30:00Z
6276253,28.05.2022 22:47,30.05.2022 11:04,Samut Prakan,expressway authority of thailand,other,other,rollover/fallen on straight road,2,0,1,clear,13.606998,100.771344,straight road,other,2022-05-28T15:47:00Z
6290150,28.05.2022 23:22,1.06.2022 15:26,Surat Thani,department of highways,4-wheel pickup truck,speeding,rear-end collision,2,0,3,rainy,8.515846171,99.3483889,straight road,no slope,2022-05-28T16:22:00Z
7567073,28.05.2022 23:40,23.01.2023 09:55,Krabi,department of highways,4-wheel pickup truck,speeding,rollover/fallen on straight road,1,0,1,rainy,8.53741681,98.8482347,straight road,no slope,2022-05-28T16:40:00Z
7562980,29.05.2022 00:02,18.01.2023 13:35,Prachin Buri,department of highways,4-wheel pickup truck,speeding,other,1,0,0,clear,14.29995203,101.8778676,wide curve,slope area,2022-05-28T17:02:00Z
6501108,29.05.2022 00:20,6.07.2022 09:03,Chanthaburi,department of highways,4-wheel pickup truck,speeding,rollover/fallen on straight road,1,0,1,clear,12.63043463,102.1013144,straight road,no slope,2022-05-28T17:20:00Z
7567080,29.05.2022 00:30,23.01.2023 10:07,Phangnga,department of highways,4-wheel pickup truck,speeding,rollover/fallen on straight road,1,0,1,rainy,8.42182519,98.53223293,straight road,no slope,2022-05-28T17:30:00Z
6283495,29.05.2022 01:25,31.05.2022 14:02,Nakhon Ratchasima,department of highways,4-wheel pickup truck,speeding,rollover/fallen on straight road,1,0,1,clear,14.69041843,101.4700243,straight road,no slope,2022-05-28T18:25:00Z
6362212,29.05.2022 02:00,13.06.2022 09:49,Tak,department of highways,large truck with trailer,speeding,rollover/fallen on curved road,1,0,0,clear,16.75546914,98.62897484,wide curve,slope area,2022-05-28T19:00:00Z
6282412,29.05.2022 02:36,31.05.2022 10:08,Nakhon Si Thammarat,department of highways,4-wheel pickup truck,falling asleep,rollover/fallen on straight road,1,6,0,clear,8.775572329,99.91128533,straight road,no slope,2022-05-28T19:36:00Z
6471735,29.05.2022 03:00,1.07.2022 10:22,Kalasin,department of highways,4-wheel pickup truck,speeding,rear-end collision,2,0,3,clear,16.65288546,103.7184477,straight road,no slope,2022-05-28T20:00:00Z
7557816,29.05.2022 04:00,12.01.2023 11:02,Nakhon Ratchasima,department of highways,4-wheel pickup truck,speeding,rollover/fallen on straight road,1,0,0,clear,14.63676109,101.255704,straight road,no slope,2022-05-28T21:00:00Z
6650894,29.05.2022 05:00,3.08.2022 11:07,Surat Thani,department of highways,4-wheel pickup truck,speeding,rollover/fallen on straight road,1,0,0,clear,9.102252995,99.31068777,straight road,no slope,2022-05-28T22:00:00Z
6495884,29.05.2022 06:20,5.07.2022 14:43,Chon Buri,department of highways,4-wheel pickup truck,speeding,rollover/fallen on straight road,1,0,0,clear,13.44417127,101.0465625,straight road,no slope,2022-05-28T23:20:00Z
6428736,29.05.2022 06:30,24.06.2022 11:08,Kalasin,department of highways,6-wheel truck,speeding,rollover/fallen on straight road,1,0,0,rainy,16.53044586,103.611272,wide curve,no slope,2022-05-28T23:30:00Z
7563128,29.05.2022 06:30,18.01.2023 14:28,Songkhla,department of highways,private/passenger car,speeding,rollover/fallen on curved road,1,0,1,rainy,7.005684106,100.1422289,wide curve,no slope,2022-05-28T23:30:00Z
6702109,29.05.2022 07:49,11.08.2022 13:39,Surat Thani,department of highways,4-wheel pickup truck,speeding,head-on collision (not overtaking),3,0,5,clear,9.15083785,99.37153636,straight road,no slope,2022-05-29T00:49:00Z
6502703,29.05.2022 08:10,6.07.2022 14:47,Ang Thong,department of highways,large truck with trailer,speeding,rollover/fallen on straight road,1,0,0,clear,14.63023267,100.4727897,other,other,2022-05-29T01:10:00Z
7324865,29.05.2022 08:30,16.11.2022 14:36,Chaiyaphum,department of highways,4-wheel pickup truck,speeding,rollover/fallen on straight road,1,0,0,clear,16.27044398,101.9257772,straight road,no slope,2022-05-29T01:30:00Z
7026704,29.05.2022 09:30,3.10.2022 09:18,Phetchabun,department of highways,4-wheel pickup truck,vehicle equipment failure,rollover/fallen on straight road,1,0,2,clear,16.76319709,101.6809505,straight road,no slope,2022-05-29T02:30:00Z
6276101,29.05.2022 10:00,30.05.2022 10:33,Phetchaburi,department of highways,4-wheel pickup truck,vehicle equipment failure,collision with obstruction (on road surface),2,0,0,clear,13.12415011,99.88304167,straight road,no slope,2022-05-29T03:00:00Z
6288785,29.05.2022 12:00,1.06.2022 10:25,Sakon Nakhon,department of highways,motorcycle,speeding,rollover/fallen on straight road,1,1,1,clear,16.84558083,103.9462584,straight road,no slope,2022-05-29T05:00:00Z
6501081,29.05.2022 12:00,6.07.2022 08:59,Chanthaburi,department of highways,4-wheel pickup truck,speeding,rollover/fallen on straight road,1,0,0,clear,12.70288172,101.9851962,straight road,no slope,2022-05-29T05:00:00Z
7561446,29.05.2022 12:36,17.01.2023 09:42,Nakhon Ratchasima,department of highways,4-wheel pickup truck,speeding,rollover/fallen on curved road,1,0,0,clear,15.29584593,102.4170157,wide curve,no slope,2022-05-29T05:36:00Z
6487825,29.05.2022 13:00,4.07.2022 08:09,Sing Buri,department of highways,4-wheel pickup truck,speeding,rear-end collision,2,0,1,clear,14.87847415,100.4042512,other,other,2022-05-29T06:00:00Z
6276439,29.05.2022 13:08,30.05.2022 11:36,Bangkok,department of highways,private/passenger car,speeding,rear-end collision,2,0,0,clear,13.73989315,100.6500327,straight road,no slope,2022-05-29T06:08:00Z
6566777,29.05.2022 13:30,31.05.2022 10:12,Phrae,department of rural roads,passenger pickup truck,speeding,other,1,1,0,clear,18.357938,100.199081,wide curve,no slope,2022-05-29T06:30:00Z
6277363,29.05.2022 13:34,30.05.2022 15:03,Pathum Thani,department of highways,private/passenger car,speeding,rollover/fallen on straight road,1,0,0,clear,13.99176168,100.7121527,straight road,no slope,2022-05-29T06:34:00Z
6494516,29.05.2022 14:00,5.07.2022 10:05,Nonthaburi,department of highways,private/passenger car,speeding,rollover/fallen on straight road,1,0,1,clear,14.10088478,100.2999133,straight road,no slope,2022-05-29T07:00:00Z
7562338,29.05.2022 14:00,18.01.2023 07:59,Nakhon Si Thammarat,department of highways,4-wheel pickup truck,speeding,rollover/fallen on straight road,1,0,0,rainy,8.015856765,99.64282839,other,other,2022-05-29T07:00:00Z
6487908,29.05.2022 14:40,4.07.2022 08:37,Saraburi,department of highways,4-wheel pickup truck,speeding,rear-end collision,3,0,1,clear,14.43069296,100.8952913,straight road,no slope,2022-05-29T07:40:00Z
6495886,29.05.2022 15:00,5.07.2022 14:40,Chon Buri,department of highways,private/passenger car,speeding,rollover/fallen on straight road,1,0,0,clear,13.09226413,101.3924628,straight road,no slope,2022-05-29T08:00:00Z
6277320,29.05.2022 15:26,30.05.2022 14:54,Samut Prakan,department of highways,private/passenger car,speeding,rear-end collision,3,0,0,clear,13.65787213,100.862174,straight road,no slope,2022-05-29T08:26:00Z
6276150,29.05.2022 16:45,30.05.2022 10:45,Bangkok,expressway authority of thailand,other,other,rear-end collision,3,0,2,clear,13.6863976,100.5209943,grade-separated intersection/ramps,other,2022-05-29T09:45:00Z
6275653,29.05.2022 17:35,30.05.2022 08:49,Pathum Thani,department of highways,private/passenger car,speeding,rear-end collision,2,0,0,clear,14.00001968,100.708352,straight road,no slope,2022-05-29T10:35:00Z
7378785,29.05.2022 17:40,24.11.2022 10:26,Phetchabun,department of highways,4-wheel pickup truck,speeding,other,1,0,0,clear,16.88679648,101.1177966,wide curve,slope area,2022-05-29T10:40:00Z
7565210,29.05.2022 17:50,20.01.2023 09:24,Trang,department of highways,4-wheel pickup truck,speeding,rollover/fallen on straight road,2,1,2,rainy,7.556036593,99.77392672,wide curve,no slope,2022-05-29T10:50:00Z
7026705,29.05.2022 18:20,3.10.2022 09:17,Phetchabun,department of highways,4-wheel pickup truck,speeding,rollover/fallen on straight road,1,0,0,clear,16.39612854,101.1342063,straight road,no slope,2022-05-29T11:20:00Z
7558393,29.05.2022 19:00,12.01.2023 15:31,Mukdahan,department of highways,motorcycle,speeding,rear-end collision,2,1,0,clear,16.32980251,104.9037319,straight road,no slope,2022-05-29T12:00:00Z
6289546,29.05.2022 19:20,1.06.2022 13:21,Loei,department of highways,motorcycle,speeding,head-on collision (not overtaking),2,1,2,clear,17.29989663,101.1268678,wide curve,slope area,2022-05-29T12:20:00Z
6282936,29.05.2022 19:30,31.05.2022 12:00,Phra Nakhon Si Ayutthaya,department of highways,motorcycle,speeding,rollover/fallen on straight road,1,0,1,clear,14.42137263,100.5649692,straight road,no slope,2022-05-29T12:30:00Z
6531641,29.05.2022 19:30,11.07.2022 10:03,Nakhon Pathom,department of highways,4-wheel pickup truck,speeding,rollover/fallen on straight road,1,0,2,clear,14.00839709,99.97150897,other,other,2022-05-29T12:30:00Z
6282753,29.05.2022 20:11,31.05.2022 11:16,Suphan Buri,department of highways,motorcycle,speeding,rear-end collision,2,1,0,clear,14.40698094,99.86474364,connecting to private area,other,2022-05-29T13:11:00Z
6501165,29.05.2022 20:12,6.07.2022 09:12,Chanthaburi,department of highways,4-wheel pickup truck,falling asleep,rollover/fallen on straight road,1,0,0,clear,12.80884586,102.1167102,straight road,no slope,2022-05-29T13:12:00Z
6502233,29.05.2022 21:10,6.07.2022 13:12,Nakhon Si Thammarat,department of highways,4-wheel pickup truck,speeding,rollover/fallen on curved road,1,0,0,clear,8.152442538,99.88037823,wide curve,slope area,2022-05-29T14:10:00Z
6694564,29.05.2022 21:10,10.08.2022 14:24,Krabi,department of highways,4-wheel pickup truck,speeding,rollover/fallen on curved road,1,0,1,rainy,7.93925312,99.14429157,wide curve,no slope,2022-05-29T14:10:00Z
7422354,29.05.2022 21:30,1.12.2022 11:12,Chiang Mai,department of highways,motorcycle,speeding,rollover/fallen on straight road,1,0,0,clear,18.85880561,99.0145853,straight road,no slope,2022-05-29T14:30:00Z
7521377,29.05.2022 21:50,30.12.2022 09:54,Chiang Mai,department of highways,motorcycle,speeding,rollover/fallen on straight road,1,0,0,clear,18.90456859,99.00389402,straight road,no slope,2022-05-29T14:50:00Z
6466674,29.05.2022 22:30,30.06.2022 14:35,Chiang Mai,department of highways,4-wheel pickup truck,speeding,rollover/fallen on straight road,1,0,0,clear,18.45396203,98.76861064,straight road,no slope,2022-05-29T15:30:00Z
6273737,29.05.2022 22:55,29.05.2022 23:53,Bangkok,expressway authority of thailand,other,other,rollover/fallen on straight road,1,0,0,clear,13.815618,100.622689,y-intersection,other,2022-05-29T15:55:00Z
6277149,29.05.2022 23:45,30.05.2022 14:24,Phetchaburi,department of highways,7-10-wheel truck,speeding,rear-end collision,2,0,0,clear,12.76102282,99.93362008,straight road,no slope,2022-05-29T16:45:00Z
7567093,30.05.2022 00:07,23.01.2023 10:19,Phangnga,department of highways,4-wheel pickup truck,speeding,rollover/fallen on curved road,1,0,1,rainy,8.30398553,98.38148473,wide curve,slope area,2022-05-29T17:07:00Z