acc_code,incident_datetime,report_datetime,province_en,agency,vehicle_type,presumed_cause,accident_type,number_of_vehicles_involved,number_of_fatalities,number_of_injuries,weather_condition,latitude,longitude,road_description,slope_description,incident_time
6805184,30.05.2022 00:30,29.08.2022 09:46,Khon Kaen,department of highways,private/passenger car,falling asleep,rollover/fallen on straight road,1,0,0,rainy,16.42124583,102.7733686,straight road,no slope,2022-05-29T17:30:00Z
6501890,30.05.2022 01:10,6.07.2022 11:33,Chanthaburi,department of highways,4-wheel pickup truck,speeding,rollover/fallen on straight road,1,0,0,clear,12.41442704,102.3291573,straight road,no slope,2022-05-29T18:10:00Z
6702232,30.05.2022 01:30,11.08.2022 13:57,Kanchanaburi,department of highways,private/passenger car,speeding,rollover/fallen on straight road,1,0,0,clear,13.89216097,99.79740141,straight road,no slope,2022-05-29T18:30:00Z
7331586,30.05.2022 02:00,3.10.2022 10:44,Samut Sakhon,department of highways,6-wheel truck,speeding,rear-end collision,2,0,0,clear,13.53328379,100.2104831,straight road,no slope,2022-05-29T19:00:00Z
7562967,30.05.2022 02:35,18.01.2023 13:34,Prachin Buri,department of highways,private/passenger car,speeding,rollover/fallen on straight road,1,0,1,clear,14.06944483,101.5199777,straight road,no slope,2022-05-29T19:35:00Z
7520939,30.05.2022 02:50,30.12.2022 08:16,Lampang,department of highways,private/passenger car,speeding,collision with obstruction (on road surface),2,0,0,clear,18.35761095,99.56771045,straight road,no slope,2022-05-29T19:50:00Z
6650898,30.05.2022 03:00,3.08.2022 11:08,Surat Thani,department of highways,private/passenger car,speeding,rollover/fallen on straight road,1,0,0,clear,9.129718843,99.36221568,straight road,no slope,2022-05-29T20:00:00Z
6495883,30.05.2022 04:00,5.07.2022 14:42,Chon Buri,department of highways,4-wheel pickup truck,speeding,rollover/fallen on straight road,1,0,0,clear,13.10874316,101.3780191,straight road,no slope,2022-05-29T21:00:00Z
7419386,30.05.2022 04:20,30.11.2022 13:27,Sakon Nakhon,department of highways,4-wheel pickup truck,speeding,rollover/fallen on straight road,1,0,1,clear,17.0399625,104.2863196,straight road,no slope,2022-05-29T21:20:00Z
6361798,30.05.2022 05:30,13.06.2022 08:40,Kamphaeng Phet,department of highways,private/passenger car,speeding,rollover/fallen on straight road,1,0,0,clear,16.11039787,99.510051,straight road,no slope,2022-05-29T22:30:00Z
7418615,30.05.2022 05:30,30.11.2022 09:47,Khon Kaen,department of highways,4-wheel pickup truck,speeding,rollover/fallen on straight road,1,0,0,clear,16.49080059,102.3623215,straight road,no slope,2022-05-29T22:30:00Z
7434335,30.05.2022 07:00,6.12.2022 10:16,Phetchaburi,department of highways,motorcycle,speeding,rear-end collision,2,1,1,clear,12.66989264,99.95242773,other,other,2022-05-30T00:00:00Z
7565308,30.05.2022 07:45,20.01.2023 10:00,Trang,department of highways,private/passenger car,speeding,rollover/fallen on straight road,1,0,1,rainy,7.558881627,99.78040157,wide curve,no slope,2022-05-30T00:45:00Z
7565309,30.05.2022 08:00,20.01.2023 10:01,Trang,department of highways,private/passenger car,speeding,rollover/fallen on curved road,1,0,0,rainy,7.58086752,99.79876398,wide curve,slope area,2022-05-30T01:00:00Z
6362059,30.05.2022 09:30,13.06.2022 09:18,Tak,department of highways,private/passenger car,cutting in closely by people/vehicles/animals,rear-end collision,2,0,1,clear,16.91608884,99.28160189,straight road,slope area,2022-05-30T02:30:00Z
6417946,30.05.2022 10:00,22.06.2022 15:42,Tak,department of highways,large truck with trailer,vehicle equipment failure,collision with obstruction (on road surface),1,0,0,clear,16.81341987,98.97635578,straight road,slope area,2022-05-30T03:00:00Z
6458110,30.05.2022 10:00,29.06.2022 07:13,Tak,department of highways,other,speeding,rollover/fallen on curved road,1,0,0,clear,16.76509757,98.90536307,wide curve,no slope,2022-05-30T03:00:00Z
6288515,30.05.2022 10:55,1.06.2022 09:34,Samut Prakan,expressway authority of thailand,other,other,collision with obstruction (on road surface),1,0,0,clear,13.576409,100.890929,straight road,other,2022-05-30T03:55:00Z
6501436,30.05.2022 11:30,6.07.2022 09:58,Chon Buri,department of highways,private/passenger car,speeding,rear-end collision,2,0,0,clear,13.3361517,101.0225245,straight road,no slope,2022-05-30T04:30:00Z
6500995,30.05.2022 11:45,6.07.2022 08:44,Chanthaburi,department of highways,4-wheel pickup truck,speeding,rollover/fallen on straight road,1,0,1,clear,12.57282919,102.1621066,straight road,no slope,2022-05-30T04:45:00Z
6501604,30.05.2022 11:53,6.07.2022 10:35,Chon Buri,department of highways,private/passenger car,speeding,rollover/fallen on straight road,1,0,0,clear,12.94460659,100.9076536,straight road,no slope,2022-05-30T04:53:00Z
7558427,30.05.2022 12:00,12.01.2023 16:05,Nakhon Ratchasima,department of highways,private/passenger car,speeding,rollover/fallen on straight road,1,0,2,clear,15.1769358,102.3371905,straight road,no slope,2022-05-30T05:00:00Z
7562332,30.05.2022 12:10,18.01.2023 07:48,Nakhon Si Thammarat,department of highways,private/passenger car,speeding,rollover/fallen on straight road,1,0,0,rainy,8.327571701,99.36013965,wide curve,slope area,2022-05-30T05:10:00Z
6318187,30.05.2022 12:12,6.06.2022 10:54,Samut Prakan,expressway authority of thailand,other,other,rear-end collision,4,0,0,clear,13.630798,100.672229,straight road,other,2022-05-30T05:12:00Z
7557821,30.05.2022 12:30,12.01.2023 11:02,Nakhon Ratchasima,department of highways,7-10-wheel truck,speeding,rollover/fallen on straight road,1,0,0,clear,14.8715227,101.8353082,other,other,2022-05-30T05:30:00Z
7476141,30.05.2022 13:40,21.12.2022 09:37,Phitsanulok,department of highways,van,cutting in closely by people/vehicles/animals,rear-end collision,3,0,0,clear,16.87290321,100.2461377,straight road,no slope,2022-05-30T06:40:00Z
6282670,30.05.2022 13:49,31.05.2022 11:03,Bangkok,department of highways,4-wheel pickup truck,speeding,rear-end collision,2,0,0,clear,13.73013812,100.7254377,straight road,no slope,2022-05-30T06:49:00Z
6502451,30.05.2022 14:00,6.07.2022 13:55,Chumphon,department of highways,4-wheel pickup truck,speeding,rollover/fallen on curved road,1,0,1,rainy,10.53119669,99.20321433,other,other,2022-05-30T07:00:00Z
7521263,30.05.2022 14:30,30.12.2022 09:26,Chiang Mai,department of highways,private/passenger car,speeding,rollover/fallen on straight road,1,0,1,clear,18.96314481,98.94417463,straight road,no slope,2022-05-30T07:30:00Z
6288905,30.05.2022 16:37,1.06.2022 10:54,Buri Ram,department of highways,4-wheel pickup truck,speeding,head-on collision (not overtaking),2,1,21,clear,15.32107474,103.0137589,straight road,no slope,2022-05-30T09:37:00Z
6282563,30.05.2022 17:20,31.05.2022 10:40,Samut Prakan,department of highways,private/passenger car,speeding,rear-end collision,6,0,2,clear,13.66595694,100.8501765,straight road,no slope,2022-05-30T10:20:00Z
6283564,30.05.2022 17:50,31.05.2022 14:12,Prachin Buri,department of highways,motorcycle,speeding,rollover/fallen on straight road,1,0,1,clear,13.98004175,101.8177137,straight road,no slope,2022-05-30T10:50:00Z
6288896,30.05.2022 18:10,1.06.2022 10:58,Sa Kaeo,department of highways,private/passenger car,running red lights/traffic signals,rear-end collision,2,0,2,clear,13.77652298,102.2077069,other,other,2022-05-30T11:10:00Z
7561763,30.05.2022 20:30,17.01.2023 14:22,Nakhon Nayok,department of highways,large truck with trailer,speeding,rollover/fallen on curved road,1,0,0,clear,14.26513695,101.0649329,other,other,2022-05-30T13:30:00Z
7565208,30.05.2022 20:40,20.01.2023 09:22,Trang,department of highways,large truck with trailer,speeding,rollover/fallen on straight road,1,0,0,clear,7.525957859,99.62354599,straight road,no slope,2022-05-30T13:40:00Z
6502431,30.05.2022 20:45,6.07.2022 13:54,Chumphon,department of highways,4-wheel pickup truck,speeding,rollover/fallen on straight road,1,0,0,rainy,10.54443956,99.11727904,straight road,no slope,2022-05-30T13:45:00Z
6458108,30.05.2022 21:00,29.06.2022 07:11,Tak,department of highways,4-wheel pickup truck,speeding,head-on collision (not overtaking),2,0,1,clear,16.7593858,98.79751681,straight road,no slope,2022-05-30T14:00:00Z
6282724,30.05.2022 22:00,31.05.2022 11:14,Suphan Buri,department of highways,7-10-wheel truck,speeding,rear-end collision,2,0,1,clear,14.39125293,99.93902741,straight road,no slope,2022-05-30T15:00:00Z
6416790,30.05.2022 23:00,22.06.2022 11:47,Prachuap Khiri Khan,department of highways,4-wheel pickup truck,speeding,rollover/fallen on straight road,1,0,0,clear,11.61542801,99.66599999,straight road,no slope,2022-05-30T16:00:00Z
6897327,31.05.2022 00:30,13.09.2022 14:38,Phayao,department of highways,4-wheel pickup truck,speeding,rollover/fallen on straight road,1,0,1,clear,19.42070168,99.76675986,straight road,no slope,2022-05-30T17:30:00Z
6282566,31.05.2022 00:50,31.05.2022 10:43,Suphan Buri,department of highways,7-10-wheel truck,falling asleep,rear-end collision,2,0,1,foggy,14.84783639,100.1003784,other,other,2022-05-30T17:50:00Z
7518094,31.05.2022 00:50,29.12.2022 13:41,Uttaradit,department of highways,4-wheel pickup truck,speeding,rollover/fallen on straight road,1,0,1,clear,17.79881509,100.379473,straight road,no slope,2022-05-30T17:50:00Z
7518416,31.05.2022 00:50,29.12.2022 15:12,Phrae,department of highways,large truck with trailer,cutting in closely by people/vehicles/animals,rear-end collision,2,0,0,clear,18.30203173,100.2858451,straight road,no slope,2022-05-30T17:50:00Z
6724482,31.05.2022 01:00,15.08.2022 14:34,Suphan Buri,department of highways,7-10-wheel truck,failure to yield right of way,collision at intersection corner,2,0,1,foggy,14.76344996,100.0210574,other,other,2022-05-30T18:00:00Z
7562961,31.05.2022 01:40,18.01.2023 13:32,Prachin Buri,department of highways,4-wheel pickup truck,speeding,rollover/fallen on straight road,1,0,0,clear,14.12210853,101.3692805,straight road,no slope,2022-05-30T18:40:00Z
6495996,31.05.2022 02:00,5.07.2022 15:01,Chachoengsao,department of highways,private/passenger car,speeding,rollover/fallen on straight road,2,0,0,rainy,13.78806826,100.9524599,straight road,no slope,2022-05-30T19:00:00Z
7558387,31.05.2022 02:00,12.01.2023 15:29,Mukdahan,department of highways,4-wheel pickup truck,speeding,rollover/fallen on straight road,1,0,1,clear,16.37309765,104.5511663,other,other,2022-05-30T19:00:00Z
7331588,31.05.2022 02:15,1.06.2022 07:02,Nakhon Sawan,department of highways,large truck with trailer,falling asleep,rear-end collision,2,1,1,clear,15.76248249,99.99253212,other,other,2022-05-30T19:15:00Z
6822563,31.05.2022 04:00,1.09.2022 13:42,Kanchanaburi,department of highways,private/passenger car,speeding,rollover/fallen on straight road,1,0,0,clear,14.12778156,99.6938145,other,other,2022-05-30T21:00:00Z
7358859,31.05.2022 04:00,21.11.2022 14:42,Udon Thani,department of highways,other,speeding,rollover/fallen on straight road,1,0,0,clear,17.56380611,102.8960582,straight road,no slope,2022-05-30T21:00:00Z
6368375,31.05.2022 04:30,14.06.2022 10:48,Chon Buri,department of highways,large truck with trailer,falling asleep,rollover/fallen on straight road,1,0,0,clear,13.37422422,101.2761515,straight road,no slope,2022-05-30T21:30:00Z
6289061,31.05.2022 07:20,1.06.2022 11:21,Prachuap Khiri Khan,department of highways,motorcycle,cutting in closely by people/vehicles/animals,rear-end collision,2,1,0,clear,11.06388785,99.37218545,straight road,no slope,2022-05-31T00:20:00Z
6362254,31.05.2022 07:24,13.06.2022 09:52,Sukhothai,department of highways,4-wheel pickup truck,speeding,rollover/fallen on curved road,1,0,1,clear,17.09538255,99.83668773,wide curve,no slope,2022-05-31T00:24:00Z
6282789,31.05.2022 07:30,31.05.2022 11:26,Nakhon Phanom,department of highways,motorcycle,cutting in closely by people/vehicles/animals,other,2,1,0,clear,17.15248789,104.6437213,connecting to private area,other,2022-05-31T00:30:00Z
6283605,31.05.2022 07:45,31.05.2022 14:15,Prachin Buri,department of highways,private/passenger car,speeding,head-on collision (not overtaking),2,0,1,clear,13.98482297,101.7873698,straight road,no slope,2022-05-31T00:45:00Z
6289867,31.05.2022 07:50,1.06.2022 14:27,buogkan,department of highways,7-10-wheel truck,speeding,rollover/fallen on curved road,1,0,1,clear,17.9653845,103.7613308,wide curve,no slope,2022-05-31T00:50:00Z
6288091,31.05.2022 09:00,1.06.2022 07:20,Kanchanaburi,department of highways,4-wheel pickup truck,vehicle equipment failure,other,1,0,0,clear,14.02364428,99.55465613,straight road,no slope,2022-05-31T02:00:00Z
6288783,31.05.2022 09:00,1.06.2022 10:29,Bangkok,department of highways,4-wheel pickup truck,speeding,rear-end collision,2,0,0,clear,13.65958972,100.6938842,straight road,no slope,2022-05-31T02:00:00Z
6531395,31.05.2022 10:00,11.07.2022 09:10,Phrae,department of highways,7-10-wheel truck,speeding,rear-end collision,2,0,0,clear,18.24720905,100.2245191,straight road,no slope,2022-05-31T03:00:00Z
7563112,31.05.2022 10:40,18.01.2023 14:19,Songkhla,department of highways,7-10-wheel truck,speeding,rollover/fallen on straight road,1,0,0,clear,6.579248239,100.411402,straight road,no slope,2022-05-31T03:40:00Z
6288877,31.05.2022 10:50,1.06.2022 10:52,Bangkok,department of highways,private/passenger car,speeding,rear-end collision,3,0,6,clear,13.72785564,100.7017377,other,other,2022-05-31T03:50:00Z
7558367,31.05.2022 11:00,12.01.2023 15:08,buogkan,department of highways,other,speeding,rollover/fallen on straight road,1,0,0,clear,18.28455403,103.8264924,straight road,no slope,2022-05-31T04:00:00Z
6289681,31.05.2022 11:30,1.06.2022 13:52,Nakhon Ratchasima,department of highways,large truck with trailer,speeding,rollover/fallen on curved road,1,0,0,clear,14.43765437,101.885241,wide curve,slope area,2022-05-31T04:30:00Z
6809259,31.05.2022 12:15,30.08.2022 13:26,Saraburi,department of highways,other,speeding,rollover/fallen on straight road,1,0,0,clear,14.37493402,100.7891804,straight road,no slope,2022-05-31T05:15:00Z
7562983,31.05.2022 12:15,18.01.2023 13:36,Pattani,department of highways,private/passenger car,speeding,rollover/fallen on straight road,1,0,0,clear,6.869666739,101.2784529,straight road,no slope,2022-05-31T05:15:00Z
7008709,31.05.2022 12:27,30.09.2022 13:52,Chiang Mai,department of highways,4-wheel pickup truck,speeding,other,1,0,0,clear,18.8103998,99.00205134,other,other,2022-05-31T05:27:00Z
7521197,31.05.2022 12:30,30.12.2022 09:16,Chiang Mai,department of highways,4-wheel pickup truck,speeding,rear-end collision,2,0,1,clear,18.90157936,98.95021497,straight road,no slope,2022-05-31T05:30:00Z
7040941,31.05.2022 12:40,5.10.2022 10:59,Yasothon,department of highways,private/passenger car,speeding,rollover/fallen on straight road,1,0,0,clear,15.89447278,104.0701872,straight road,no slope,2022-05-31T05:40:00Z
6650896,31.05.2022 12:45,3.08.2022 11:06,Surat Thani,department of highways,large truck with trailer,speeding,rollover/fallen on straight road,1,0,0,clear,9.112682374,99.34020816,other,other,2022-05-31T05:45:00Z
6594548,31.05.2022 13:15,25.07.2022 13:38,Chaiyaphum,department of highways,4-wheel pickup truck,speeding,rollover/fallen on straight road,1,0,0,clear,15.93470375,102.1525231,straight road,no slope,2022-05-31T06:15:00Z
7567047,31.05.2022 13:15,23.01.2023 09:36,Roi Et,department of highways,4-wheel pickup truck,speeding,rollover/fallen on straight road,1,0,1,rainy,16.02811409,103.6423668,straight road,no slope,2022-05-31T06:15:00Z
6317978,31.05.2022 13:25,6.06.2022 10:35,Amnat Charoen,department of highways,private/passenger car,speeding,rollover/fallen on straight road,1,0,1,clear,15.88895481,104.625206,straight road,no slope,2022-05-31T06:25:00Z
7517410,31.05.2022 13:30,29.12.2022 11:14,Buri Ram,department of highways,6-wheel truck,illegal overtaking,side collision,2,0,0,clear,14.63149655,102.8307532,straight road,no slope,2022-05-31T06:30:00Z
7561448,31.05.2022 13:30,17.01.2023 09:43,Nakhon Ratchasima,department of highways,7-10-wheel truck,speeding,rollover/fallen on straight road,1,0,0,clear,14.65688418,101.369015,straight road,no slope,2022-05-31T06:30:00Z
6331013,31.05.2022 13:55,8.06.2022 11:51,Surat Thani,department of highways,7-10-wheel truck,speeding,rollover/fallen on straight road,1,0,0,clear,8.769769661,99.16275589,straight road,no slope,2022-05-31T06:55:00Z
7559440,31.05.2022 14:00,13.01.2023 14:41,Nakhon Ratchasima,department of highways,4-wheel pickup truck,speeding,rollover/fallen on straight road,1,0,0,clear,14.73241851,101.4315815,straight road,no slope,2022-05-31T07:00:00Z
6488309,31.05.2022 14:20,4.07.2022 09:53,Kanchanaburi,department of highways,motorcycle,speeding,rollover/fallen on curved road,1,0,1,clear,14.63903556,98.68142276,wide curve,no slope,2022-05-31T07:20:00Z
6495862,31.05.2022 15:00,5.07.2022 14:39,Chon Buri,department of highways,4-wheel pickup truck,speeding,rollover/fallen on straight road,1,0,1,rainy,13.15830944,101.3016808,straight road,no slope,2022-05-31T08:00:00Z
6777201,31.05.2022 15:00,24.08.2022 10:41,Si Sa Ket,department of highways,4-wheel pickup truck,speeding,rollover/fallen on straight road,1,0,0,clear,14.87117676,104.4423196,wide curve,no slope,2022-05-31T08:00:00Z
6897354,31.05.2022 15:10,13.09.2022 14:43,Nakhon Ratchasima,department of highways,private/passenger car,falling asleep,rollover/fallen on straight road,1,0,1,clear,15.5261524,102.5428274,straight road,no slope,2022-05-31T08:10:00Z
6502611,31.05.2022 15:40,6.07.2022 14:30,Surin,department of highways,4-wheel pickup truck,speeding,rollover/fallen on straight road,1,0,0,clear,14.83244588,103.4878313,straight road,no slope,2022-05-31T08:40:00Z
6501649,31.05.2022 15:50,6.07.2022 10:46,Bangkok,department of highways,4-wheel pickup truck,speeding,rollover/fallen on straight road,1,0,1,clear,13.78252232,100.6856364,straight road,no slope,2022-05-31T08:50:00Z
7437826,31.05.2022 16:30,7.12.2022 09:05,buogkan,department of highways,4-wheel pickup truck,running red lights/traffic signals,collision at intersection corner,2,1,2,clear,18.36080324,103.646484,other,other,2022-05-31T09:30:00Z
6289270,31.05.2022 16:47,1.06.2022 12:07,Chon Buri,department of highways,private/passenger car,speeding,rear-end collision,2,0,1,clear,13.18378348,100.9962469,straight road,no slope,2022-05-31T09:47:00Z
6501412,31.05.2022 16:58,6.07.2022 09:53,Chachoengsao,department of highways,private/passenger car,speeding,rear-end collision,2,0,0,clear,13.54585535,101.0033306,straight road,no slope,2022-05-31T09:58:00Z
7559445,31.05.2022 17:00,13.01.2023 14:40,Nakhon Ratchasima,department of highways,large truck with trailer,cutting in closely by people/vehicles/animals,rear-end collision,2,0,1,clear,14.88893041,101.8762064,straight road,no slope,2022-05-31T10:00:00Z
6302311,31.05.2022 17:22,3.06.2022 14:40,Pathum Thani,department of highways,4-wheel pickup truck,speeding,rear-end collision,2,0,0,rainy,13.94563327,100.7116753,straight road,no slope,2022-05-31T10:22:00Z
6937916,31.05.2022 17:25,19.09.2022 14:08,Nakhon Si Thammarat,department of highways,4-wheel pickup truck,speeding,rollover/fallen on straight road,1,0,0,clear,8.156223388,99.67415659,straight road,no slope,2022-05-31T10:25:00Z
6931893,31.05.2022 17:47,18.09.2022 14:27,Ranong,department of highways,motorcycle,speeding,rollover/fallen on curved road,4,0,5,clear,9.528138823,98.53613286,wide curve,no slope,2022-05-31T10:47:00Z
6501410,31.05.2022 18:00,6.07.2022 09:52,Chon Buri,department of highways,private/passenger car,speeding,rear-end collision,2,0,0,clear,13.33310856,101.0205343,straight road,no slope,2022-05-31T11:00:00Z
6362250,31.05.2022 18:20,13.06.2022 09:52,Sukhothai,department of highways,motorcycle,cutting in closely by people/vehicles/animals,rear-end collision,2,0,1,clear,17.39661056,99.7961971,other,other,2022-05-31T11:20:00Z
6488307,31.05.2022 18:20,4.07.2022 09:54,Suphan Buri,department of highways,4-wheel pickup truck,speeding,rear-end collision,3,0,1,foggy,14.81544141,100.1170859,straight road,no slope,2022-05-31T11:20:00Z
6572150,31.05.2022 19:00,19.07.2022 10:21,Maha Sarakham,department of highways,4-wheel pickup truck,vehicle equipment failure,rollover/fallen on straight road,1,0,1,clear,16.04533915,102.8785917,straight road,no slope,2022-05-31T12:00:00Z
7521268,31.05.2022 19:10,30.12.2022 09:29,Chiang Mai,department of highways,4-wheel pickup truck,speeding,rollover/fallen on straight road,1,0,2,rainy,19.32582423,98.95402907,wide curve,slope area,2022-05-31T12:10:00Z
6918592,31.05.2022 20:00,16.09.2022 13:57,Phrae,department of highways,4-wheel pickup truck,speeding,rollover/fallen on curved road,1,0,0,rainy,18.05634768,99.69903676,wide curve,slope area,2022-05-31T13:00:00Z
6380033,31.05.2022 20:04,16.06.2022 09:20,Surin,department of highways,motorcycle,speeding,rear-end collision,2,1,0,clear,14.93925717,103.7898803,straight road,no slope,2022-05-31T13:04:00Z
6501374,31.05.2022 20:20,6.07.2022 09:50,Chachoengsao,department of highways,private/passenger car,speeding,rear-end collision,2,0,0,clear,13.52290478,101.0226828,straight road,no slope,2022-05-31T13:20:00Z
6488022,31.05.2022 20:30,4.07.2022 08:58,Loburi,department of highways,4-wheel pickup truck,speeding,rollover/fallen on straight road,1,1,0,clear,15.05645643,101.120806,straight road,no slope,2022-05-31T13:30:00Z
6285634,31.05.2022 20:33,31.05.2022 21:38,Bangkok,expressway authority of thailand,other,other,rear-end collision,2,0,1,clear,13.72328819,100.5178845,straight road,other,2022-05-31T13:33:00Z
7561470,31.05.2022 20:50,17.01.2023 09:52,Buri Ram,department of highways,private/passenger car,speeding,rollover/fallen on straight road,1,0,1,clear,14.6914303,102.5152543,straight road,no slope,2022-05-31T13:50:00Z
6537478,31.05.2022 21:30,12.07.2022 08:31,Roi Et,department of highways,4-wheel pickup truck,speeding,rollover/fallen on straight road,1,0,0,clear,16.075607,103.5889962,straight road,no slope,2022-05-31T14:30:00Z
6537460,31.05.2022 21:40,12.07.2022 08:29,Roi Et,department of highways,4-wheel pickup truck,speeding,rollover/fallen on straight road,1,0,0,clear,16.07563536,103.5889372,straight road,no slope,2022-05-31T14:40:00Z
6502335,31.05.2022 22:10,6.07.2022 13:35,Phetchaburi,department of highways,6-wheel truck,speeding,rear-end collision,2,1,0,clear,12.76818522,99.93511944,straight road,no slope,2022-05-31T15:10:00Z
6318282,31.05.2022 22:34,6.06.2022 11:04,Samut Prakan,expressway authority of thailand,4-wheel pickup truck,other,rear-end collision,2,0,2,rainy,13.641247,100.680943,straight road,other,2022-05-31T15:34:00Z
6918370,31.05.2022 23:00,16.09.2022 13:21,Ratchaburi,department of highways,4-wheel pickup truck,speeding,rollover/fallen on straight road,1,0,0,clear,13.54339637,99.40155564,straight road,no slope,2022-05-31T16:00:00Z
6572201,31.05.2022 23:40,19.07.2022 10:35,Maha Sarakham,department of highways,4-wheel pickup truck,speeding,rollover/fallen on straight road,1,0,1,clear,16.09901033,103.1794712,straight road,no slope,2022-05-31T16:40:00Z
6444981,1.06.2022 00:30,27.06.2022 09:04,Chiang Mai,department of highways,4-wheel pickup truck,speeding,rollover/fallen on curved road,1,0,1,clear,19.37168333,99.26091133,wide curve,no slope,2022-05-31T17:30:00Z
7510054,1.06.2022 00:30,27.12.2022 08:57,Phra Nakhon Si Ayutthaya,department of highways,4-wheel pickup truck,speeding,other,1,1,0,clear,14.2322482,100.7164255,other,other,2022-05-31T17:30:00Z
7338470,1.06.2022 01:00,18.11.2022 11:26,Phetchabun,department of highways,4-wheel pickup truck,speeding,rollover/fallen on curved road,1,0,1,rainy,16.6532376,101.7272414,wide curve,no slope,2022-05-31T18:00:00Z
6471028,1.06.2022 01:25,1.07.2022 07:44,Nakhon Sawan,department of highways,4-wheel pickup truck,speeding,rollover/fallen on straight road,1,0,0,clear,15.64535371,100.2131653,straight road,no slope,2022-05-31T18:25:00Z
6446705,1.06.2022 01:30,27.06.2022 14:33,Nan,department of highways,4-wheel pickup truck,falling asleep,rollover/fallen on straight road,1,0,1,clear,19.17516634,100.9065485,straight road,no slope,2022-05-31T18:30:00Z
6381303,1.06.2022 03:00,16.06.2022 13:58,Chumphon,department of highways,large truck with trailer,speeding,rollover/fallen on straight road,1,0,0,clear,10.84151205,99.22475784,straight road,slope area,2022-05-31T20:00:00Z
6778352,1.06.2022 03:00,24.08.2022 14:25,Phuket,department of highways,4-wheel pickup truck,speeding,rollover/fallen on straight road,1,0,0,clear,7.926987876,98.37260394,straight road,no slope,2022-05-31T20:00:00Z
6686014,1.06.2022 03:30,9.08.2022 09:33,Nakhon Sawan,department of highways,6-wheel truck,falling asleep,rollover/fallen on straight road,1,0,0,clear,15.42381341,100.145182,straight road,no slope,2022-05-31T20:30:00Z
6331920,1.06.2022 04:00,8.06.2022 15:35,Tak,department of highways,7-10-wheel truck,falling asleep,rear-end collision,3,0,0,clear,16.69720531,99.25035952,straight road,no slope,2022-05-31T21:00:00Z
6459138,1.06.2022 04:00,29.06.2022 10:22,Ang Thong,department of highways,private/passenger car,speeding,rollover/fallen on curved road,1,0,0,clear,14.58405589,100.4866057,wide curve,no slope,2022-05-31T21:00:00Z
6417657,1.06.2022 04:30,22.06.2022 14:39,Bangkok,department of highways,large truck with trailer,speeding,rollover/fallen on straight road,1,0,0,clear,13.72998439,100.758115,straight road,no slope,2022-05-31T21:30:00Z
7568243,1.06.2022 05:00,24.01.2023 11:12,Ratchaburi,department of highways,private/passenger car,speeding,rollover/fallen on curved road,1,0,0,clear,13.54561024,99.32246268,wide curve,no slope,2022-05-31T22:00:00Z
6446277,1.06.2022 05:30,27.06.2022 13:23,Songkhla,department of highways,4-wheel pickup truck,speeding,rollover/fallen on straight road,1,0,0,clear,6.985456395,100.5903965,straight road,no slope,2022-05-31T22:30:00Z
6805156,1.06.2022 06:30,29.08.2022 09:44,Khon Kaen,department of highways,6-wheel truck,speeding,rollover/fallen on straight road,1,0,0,rainy,16.44542864,102.947731,other,other,2022-05-31T23:30:00Z
6422571,1.06.2022 07:15,23.06.2022 08:46,Chon Buri,department of highways,4-wheel pickup truck,vehicle equipment failure,rollover/fallen on straight road,1,0,0,clear,13.07085124,100.994828,straight road,no slope,2022-06-01T00:15:00Z
7521991,1.06.2022 08:00,30.12.2022 12:27,Phrae,department of highways,4-wheel pickup truck,running red lights/traffic signals,rollover/fallen on straight road,1,0,1,clear,18.21008791,100.1992875,connecting to public/commercial area,other,2022-06-01T01:00:00Z
6445948,1.06.2022 09:30,27.06.2022 11:36,Lampang,department of highways,4-wheel pickup truck,speeding,rollover/fallen on curved road,1,0,0,clear,18.64774966,99.91974233,wide curve,slope area,2022-06-01T02:30:00Z
6566793,1.06.2022 10:00,1.06.2022 11:56,Chon Buri,department of rural roads,private/passenger car,falling asleep,other,1,0,1,clear,13.073924,101.011628,straight road,no slope,2022-06-01T03:00:00Z
6687516,1.06.2022 10:00,9.08.2022 14:06,Loburi,department of highways,other,speeding,rollover/fallen on straight road,1,0,0,clear,15.20986615,101.1149829,straight road,no slope,2022-06-01T03:00:00Z
6394034,1.06.2022 10:48,18.06.2022 15:05,Chon Buri,department of highways,4-wheel pickup truck,speeding,rear-end collision,2,0,2,clear,13.41686176,101.0469165,straight road,no slope,2022-06-01T03:48:00Z
6417251,1.06.2022 11:04,22.06.2022 13:41,Chon Buri,department of highways,4-wheel pickup truck,speeding,rollover/fallen on straight road,1,0,0,rainy,12.85465675,100.9821224,straight road,no slope,2022-06-01T04:04:00Z
6650870,1.06.2022 11:27,3.08.2022 11:02,Bangkok,department of highways,4-wheel pickup truck,overloaded vehicle,other,1,0,0,clear,13.73272283,100.7887888,straight road,no slope,2022-06-01T04:27:00Z
6379899,1.06.2022 11:30,16.06.2022 08:55,Chon Buri,department of highways,4-wheel pickup truck,speeding,rollover/fallen on straight road,1,0,0,rainy,13.3207477,101.1853132,straight road,no slope,2022-06-01T04:30:00Z
7338550,1.06.2022 11:30,18.11.2022 11:41,Khon Kaen,department of highways,4-wheel pickup truck,speeding,rollover/fallen on straight road,1,0,0,rainy,16.81044179,101.9888741,straight road,no slope,2022-06-01T04:30:00Z