acc_code,incident_datetime,report_datetime,province_en,agency,vehicle_type,presumed_cause,accident_type,number_of_vehicles_involved,number_of_fatalities,number_of_injuries,weather_condition,latitude,longitude,road_description,slope_description,incident_time
7414979,1.06.2022 11:30,28.11.2022 10:33,Phichit,department of highways,private/passenger car,speeding,rollover/fallen on straight road,1,1,0,clear,16.28349323,100.1273748,straight road,no slope,2022-06-01T04:30:00Z
6415864,1.06.2022 11:40,22.06.2022 08:34,Surat Thani,department of highways,4-wheel pickup truck,speeding,rear-end collision,2,0,2,clear,9.620909434,99.1265273,straight road,no slope,2022-06-01T04:40:00Z
7434604,1.06.2022 11:40,6.12.2022 11:30,Prachin Buri,department of highways,4-wheel pickup truck,speeding,rear-end collision,3,0,2,clear,14.01384653,101.6966575,other,other,2022-06-01T04:40:00Z
6496232,1.06.2022 12:10,5.07.2022 15:25,Samut Sakhon,department of highways,other,speeding,rollover/fallen on straight road,1,0,0,clear,13.64890868,100.2859148,straight road,no slope,2022-06-01T05:10:00Z
6545102,1.06.2022 12:30,13.07.2022 14:07,Ratchaburi,department of highways,4-wheel pickup truck,speeding,rollover/fallen on straight road,1,0,2,clear,13.34104517,99.83456878,straight road,no slope,2022-06-01T05:30:00Z
6415991,1.06.2022 12:40,22.06.2022 08:57,Nakhon Si Thammarat,department of highways,4-wheel pickup truck,speeding,rollover/fallen on straight road,1,0,2,clear,8.473255709,99.92360203,straight road,no slope,2022-06-01T05:40:00Z
6301968,1.06.2022 12:57,3.06.2022 13:18,Chon Buri,department of highways,4-wheel pickup truck,speeding,rear-end collision,2,0,0,clear,13.2975224,100.994077,straight road,no slope,2022-06-01T05:57:00Z
6331831,1.06.2022 13:00,8.06.2022 15:15,Sukhothai,department of highways,4-wheel pickup truck,vehicle equipment failure,rollover/fallen on straight road,1,0,0,clear,17.12777721,99.88644271,straight road,no slope,2022-06-01T06:00:00Z
6464929,1.06.2022 13:50,30.06.2022 08:28,Loburi,department of highways,4-wheel pickup truck,overloaded vehicle,collision with obstruction (on road surface),1,0,0,clear,15.07665071,100.8695125,straight road,no slope,2022-06-01T06:50:00Z
7008505,1.06.2022 14:00,30.09.2022 13:14,Nakhon Ratchasima,department of highways,4-wheel pickup truck,vehicle equipment failure,rollover/fallen on straight road,1,0,4,clear,15.52513676,102.5425941,straight road,no slope,2022-06-01T07:00:00Z
6444993,1.06.2022 14:10,27.06.2022 09:03,Nong Khai,department of highways,private/passenger car,speeding,rollover/fallen on straight road,1,0,0,rainy,17.78493706,102.7647829,straight road,no slope,2022-06-01T07:10:00Z
7040846,1.06.2022 14:10,5.10.2022 10:43,Maha Sarakham,department of highways,4-wheel pickup truck,speeding,head-on collision (not overtaking),2,1,1,clear,15.96406517,103.0565482,straight road,no slope,2022-06-01T07:10:00Z
6331836,1.06.2022 14:13,8.06.2022 15:17,Sukhothai,department of highways,motorcycle,speeding,rear-end collision,2,0,2,clear,17.01046117,99.78894977,straight road,no slope,2022-06-01T07:13:00Z
6417286,1.06.2022 14:30,22.06.2022 13:50,Chon Buri,department of highways,other,speeding,rollover/fallen on straight road,1,0,0,clear,12.75811386,100.999589,straight road,no slope,2022-06-01T07:30:00Z
6458698,1.06.2022 14:30,29.06.2022 09:03,Phetchabun,department of highways,4-wheel pickup truck,vehicle equipment failure,rollover/fallen on straight road,1,0,2,clear,16.13457007,100.762074,straight road,no slope,2022-06-01T07:30:00Z
6452312,1.06.2022 14:46,28.06.2022 09:43,Nakhon Ratchasima,department of highways,large truck with trailer,speeding,rollover/fallen on straight road,1,0,0,rainy,14.75673487,102.0481771,straight road,no slope,2022-06-01T07:46:00Z
7527018,1.06.2022 14:50,31.12.2022 09:25,Suphan Buri,department of highways,private/passenger car,speeding,rollover/fallen on straight road,1,0,1,clear,14.14274249,99.91271763,straight road,no slope,2022-06-01T07:50:00Z
7557814,1.06.2022 15:18,12.01.2023 11:00,Nakhon Ratchasima,department of highways,private/passenger car,speeding,rollover/fallen on straight road,1,0,1,clear,14.74107591,101.4336723,straight road,no slope,2022-06-01T08:18:00Z
6444930,1.06.2022 15:40,27.06.2022 08:50,Nakhon Phanom,department of highways,4-wheel pickup truck,speeding,rollover/fallen on straight road,1,0,1,clear,17.38364613,104.7261509,straight road,no slope,2022-06-01T08:40:00Z
6294731,1.06.2022 15:58,2.06.2022 09:53,Bangkok,department of highways,large truck with trailer,speeding,rear-end collision,3,0,1,clear,13.8427469,100.6721207,straight road,no slope,2022-06-01T08:58:00Z
6784647,1.06.2022 16:00,25.08.2022 16:50,Chumphon,department of rural roads,private/passenger car,speeding,other,1,0,0,clear,10.537311,99.19125,wide curve,other,2022-06-01T09:00:00Z
6375120,1.06.2022 16:10,15.06.2022 11:50,Ang Thong,department of highways,4-wheel pickup truck,speeding,rollover/fallen on straight road,1,0,0,clear,14.71957639,100.4552051,straight road,no slope,2022-06-01T09:10:00Z
7331590,1.06.2022 16:45,27.06.2022 11:39,Yala,department of highways,large truck with trailer,speeding,head-on collision (not overtaking),2,1,2,clear,5.771304191,101.0999787,straight road,no slope,2022-06-01T09:45:00Z
6362544,1.06.2022 16:55,13.06.2022 10:51,Phetchabun,department of highways,4-wheel pickup truck,speeding,rear-end collision,2,0,1,clear,16.76094731,101.2172422,straight road,no slope,2022-06-01T09:55:00Z
6381612,1.06.2022 17:15,16.06.2022 14:46,Chumphon,department of highways,private/passenger car,speeding,rollover/fallen on straight road,1,1,4,rainy,10.59514326,99.13354932,straight road,no slope,2022-06-01T10:15:00Z
7331593,1.06.2022 17:15,25.06.2022 13:37,Chiang Mai,department of highways,4-wheel pickup truck,speeding,head-on collision (not overtaking),2,1,1,clear,18.33527346,98.6757177,straight road,no slope,2022-06-01T10:15:00Z
7564967,1.06.2022 18:10,20.01.2023 06:39,Bangkok,department of highways,motorcycle,speeding,rear-end collision,2,0,1,clear,13.67026637,100.6233756,straight road,no slope,2022-06-01T11:10:00Z
6422556,1.06.2022 19:06,23.06.2022 08:43,Chon Buri,department of highways,4-wheel pickup truck,debris/obstruction on the road,collision with obstruction (on road surface),3,0,0,clear,13.18291385,100.9959304,straight road,no slope,2022-06-01T12:06:00Z
6331806,1.06.2022 19:31,8.06.2022 15:14,Sukhothai,department of highways,motorcycle,speeding,rear-end collision,2,0,1,clear,17.34552822,99.88557367,wide curve,no slope,2022-06-01T12:31:00Z
6445347,1.06.2022 19:40,27.06.2022 09:55,buogkan,department of highways,4-wheel pickup truck,speeding,rollover/fallen on straight road,1,0,0,rainy,17.85952965,103.9414438,straight road,no slope,2022-06-01T12:40:00Z
6417494,1.06.2022 20:10,22.06.2022 14:13,Bangkok,department of highways,4-wheel pickup truck,speeding,rollover/fallen on straight road,1,0,0,clear,13.84983051,100.6729227,other,other,2022-06-01T13:10:00Z
6488421,1.06.2022 21:43,4.07.2022 10:15,Bangkok,expressway authority of thailand,7-10-wheel truck,other,rear-end collision,2,0,1,clear,13.74849714,100.603302,grade-separated intersection/ramps,other,2022-06-01T14:43:00Z
6508902,1.06.2022 22:00,7.07.2022 14:41,Krabi,department of highways,4-wheel pickup truck,speeding,rollover/fallen on straight road,1,0,1,clear,8.106450854,98.94534408,straight road,no slope,2022-06-01T15:00:00Z
6363524,1.06.2022 22:30,13.06.2022 14:54,Saraburi,department of highways,large truck with trailer,vehicle equipment failure,rollover/fallen on straight road,1,0,1,clear,14.6353686,101.1117697,connecting to public/commercial area,other,2022-06-01T15:30:00Z
6513393,1.06.2022 22:40,8.07.2022 09:23,Suphan Buri,department of highways,other,speeding,rollover/fallen on curved road,1,0,0,clear,14.38635817,100.1755473,wide curve,no slope,2022-06-01T15:40:00Z
7477668,1.06.2022 23:55,22.12.2022 08:58,Suphan Buri,department of highways,bicycle,speeding,rear-end collision,2,0,0,clear,14.40469741,100.1323932,other,other,2022-06-01T16:55:00Z
6692353,2.06.2022 00:40,10.08.2022 09:13,Trang,department of highways,4-wheel pickup truck,speeding,rollover/fallen on straight road,1,0,0,rainy,7.572768844,99.60540085,wide curve,no slope,2022-06-01T17:40:00Z
6296029,2.06.2022 00:50,2.06.2022 14:34,Uthai Thani,department of highways,4-wheel pickup truck,speeding,rollover/fallen on straight road,1,0,0,clear,15.41870419,99.96052264,straight road,no slope,2022-06-01T17:50:00Z
6869461,2.06.2022 01:00,9.09.2022 10:24,Tak,department of highways,6-wheel truck,vehicle equipment failure,rollover/fallen on curved road,1,0,0,clear,16.43279221,98.94295691,wide curve,slope area,2022-06-01T18:00:00Z
7476045,2.06.2022 01:10,21.12.2022 09:04,Surin,department of highways,van,speeding,collision with obstruction (on road surface),2,0,0,rainy,15.41611074,103.2470387,straight road,no slope,2022-06-01T18:10:00Z
7414711,2.06.2022 02:00,29.11.2022 10:57,Bangkok,department of highways,private/passenger car,speeding,rollover/fallen on straight road,1,0,1,clear,13.83988475,100.6724962,other,other,2022-06-01T19:00:00Z
6458492,2.06.2022 02:30,29.06.2022 08:34,Chiang Mai,department of highways,4-wheel pickup truck,speeding,collision with obstruction (on road surface),1,0,0,clear,18.90659353,99.20962481,straight road,no slope,2022-06-01T19:30:00Z
6363369,2.06.2022 03:10,13.06.2022 14:27,Nakhon Sawan,department of highways,4-wheel pickup truck,falling asleep,rollover/fallen on straight road,1,0,1,clear,15.76581757,100.1214257,straight road,no slope,2022-06-01T20:10:00Z
6407165,2.06.2022 04:20,20.06.2022 20:07,Udon Thani,department of highways,4-wheel pickup truck,falling asleep,rollover/fallen on curved road,1,0,0,clear,17.16939722,102.9498982,wide curve,no slope,2022-06-01T21:20:00Z
6417159,2.06.2022 04:40,22.06.2022 13:23,Chachoengsao,department of highways,private/passenger car,falling asleep,rollover/fallen on straight road,1,0,0,clear,13.50148294,101.040675,straight road,no slope,2022-06-01T21:40:00Z
6412864,2.06.2022 05:00,21.06.2022 19:54,Krabi,department of highways,4-wheel pickup truck,speeding,collision with obstruction (on road surface),1,0,1,clear,8.21295041,99.03362899,other,other,2022-06-01T22:00:00Z
6445680,2.06.2022 07:00,27.06.2022 10:41,Mukdahan,department of highways,private/passenger car,speeding,rollover/fallen on straight road,1,0,1,clear,16.4625143,104.8004535,straight road,no slope,2022-06-02T00:00:00Z
7008615,2.06.2022 07:15,30.09.2022 13:31,Phangnga,department of highways,private/passenger car,speeding,rollover/fallen on straight road,1,0,1,clear,8.322590246,98.41582774,straight road,no slope,2022-06-02T00:15:00Z
6306817,2.06.2022 07:21,4.06.2022 09:55,Bangkok,department of highways,4-wheel pickup truck,speeding,rear-end collision,2,0,0,clear,13.73624288,100.6711846,straight road,no slope,2022-06-02T00:21:00Z
6869079,2.06.2022 07:50,9.09.2022 09:06,Chaiyaphum,department of highways,4-wheel pickup truck,speeding,rollover/fallen on curved road,1,0,1,clear,15.64476999,101.9476881,wide curve,no slope,2022-06-02T00:50:00Z
6422502,2.06.2022 08:20,23.06.2022 08:28,Bangkok,department of highways,4-wheel pickup truck,speeding,rear-end collision,3,0,0,clear,13.65812234,100.6928193,straight road,no slope,2022-06-02T01:20:00Z
6446673,2.06.2022 08:30,27.06.2022 14:26,Nan,department of highways,6-wheel truck,speeding,rollover/fallen on straight road,1,0,0,clear,18.87184142,100.4829231,straight road,slope area,2022-06-02T01:30:00Z
6423344,2.06.2022 08:45,23.06.2022 11:25,Samut Prakan,expressway authority of thailand,4-wheel pickup truck,other,side collision,3,0,0,clear,13.576642,100.890937,straight road,other,2022-06-02T01:45:00Z
6330313,2.06.2022 09:09,8.06.2022 09:22,Phra Nakhon Si Ayutthaya,department of highways,large truck with trailer,speeding,rear-end collision,2,0,1,clear,14.27004736,100.7943249,straight road,no slope,2022-06-02T02:09:00Z
6513400,2.06.2022 09:20,8.07.2022 09:22,Suphan Buri,department of highways,other,speeding,rollover/fallen on straight road,1,0,0,clear,14.50109454,100.1319265,straight road,no slope,2022-06-02T02:20:00Z
6415993,2.06.2022 10:30,22.06.2022 08:55,Nakhon Si Thammarat,department of highways,4-wheel pickup truck,speeding,rollover/fallen on straight road,1,0,0,clear,8.299908829,99.50324892,straight road,no slope,2022-06-02T03:30:00Z
6445946,2.06.2022 10:30,27.06.2022 11:38,Yala,department of highways,6-wheel truck,speeding,rollover/fallen on curved road,1,0,2,clear,6.520616809,101.1763787,wide curve,no slope,2022-06-02T03:30:00Z
6386671,2.06.2022 10:46,17.06.2022 10:25,Surat Thani,department of highways,motorcycle,speeding,rear-end collision,2,0,1,clear,9.568449385,99.12336765,straight road,no slope,2022-06-02T03:46:00Z
6417799,2.06.2022 11:00,22.06.2022 15:14,Ubon Ratchathani,department of highways,4-wheel pickup truck,speeding,rollover/fallen on straight road,1,0,0,clear,15.36908438,104.8209831,straight road,no slope,2022-06-02T04:00:00Z
6379843,2.06.2022 11:40,16.06.2022 08:44,Chon Buri,department of highways,large truck with trailer,speeding,rollover/fallen on straight road,1,0,0,clear,13.28420169,101.2563702,straight road,no slope,2022-06-02T04:40:00Z
6445834,2.06.2022 12:00,27.06.2022 11:11,Narathiwat,department of highways,4-wheel pickup truck,vehicle equipment failure,collision with obstruction (on road surface),1,0,0,clear,6.398722139,101.7867663,wide curve,no slope,2022-06-02T05:00:00Z
6386646,2.06.2022 12:08,17.06.2022 10:24,Surat Thani,department of highways,private/passenger car,cutting in closely by people/vehicles/animals,rollover/fallen on straight road,1,0,0,clear,9.550331383,99.13185148,straight road,no slope,2022-06-02T05:08:00Z
6566808,2.06.2022 12:10,10.06.2022 09:10,Bangkok,department of rural roads,large truck with trailer,failure to yield right of way,other,2,0,0,clear,13.66446,100.51749,u-turn area,other,2022-06-02T05:10:00Z
6330996,2.06.2022 12:30,8.06.2022 11:49,Surat Thani,department of highways,large truck with trailer,speeding,rollover/fallen on straight road,1,0,0,rainy,8.595761767,99.02842282,straight road,no slope,2022-06-02T05:30:00Z
7562873,2.06.2022 12:30,18.01.2023 12:26,Surat Thani,department of highways,private/passenger car,cutting in closely by people/vehicles/animals,rear-end collision,2,0,1,clear,8.77600176,99.16131018,straight road,no slope,2022-06-02T05:30:00Z
7027308,2.06.2022 13:00,3.10.2022 11:23,Nakhon Ratchasima,department of highways,large truck with trailer,falling asleep,rollover/fallen on straight road,1,0,0,clear,15.55060906,102.5270721,straight road,no slope,2022-06-02T06:00:00Z
6470360,2.06.2022 13:15,1.07.2022 05:43,Chanthaburi,department of highways,motorized tricycle,cutting in closely by people/vehicles/animals,rear-end collision,3,0,1,clear,12.64240065,102.1736964,straight road,no slope,2022-06-02T06:15:00Z
6423313,2.06.2022 13:30,23.06.2022 11:18,Bangkok,expressway authority of thailand,other,other,rear-end collision,2,0,2,clear,13.682886,100.60288,straight road,other,2022-06-02T06:30:00Z
7542712,2.06.2022 13:50,3.01.2023 14:22,Si Sa Ket,department of highways,private/passenger car,speeding,rollover/fallen on straight road,1,0,0,clear,14.69504962,104.2013794,other,other,2022-06-02T06:50:00Z
6422467,2.06.2022 14:00,23.06.2022 08:19,Phra Nakhon Si Ayutthaya,department of highways,6-wheel truck,speeding,collision with obstruction (on road surface),2,0,2,clear,14.17104385,100.6472245,straight road,no slope,2022-06-02T07:00:00Z
7331595,2.06.2022 14:29,1.07.2022 09:48,Maha Sarakham,department of highways,4-wheel pickup truck,speeding,rollover/fallen on straight road,1,0,1,clear,16.04606091,102.8927135,straight road,no slope,2022-06-02T07:29:00Z
6331902,2.06.2022 14:40,8.06.2022 15:34,Tak,department of highways,4-wheel pickup truck,falling asleep,rollover/fallen on straight road,1,0,1,clear,17.18753498,99.13350104,straight road,no slope,2022-06-02T07:40:00Z
6724409,2.06.2022 15:20,15.08.2022 14:24,Suphan Buri,department of highways,4-wheel pickup truck,speeding,rollover/fallen on curved road,1,0,1,clear,14.45330119,100.0078583,other,other,2022-06-02T08:20:00Z
6374048,2.06.2022 15:30,15.06.2022 08:07,Kanchanaburi,department of highways,4-wheel pickup truck,debris/obstruction on the road,collision with obstruction (on road surface),1,0,0,rainy,14.63176127,98.71966837,wide curve,no slope,2022-06-02T08:30:00Z
7040975,2.06.2022 15:50,5.10.2022 11:04,Phetchabun,department of highways,4-wheel pickup truck,speeding,rollover/fallen on curved road,1,0,1,clear,17.02363386,101.4121985,wide curve,no slope,2022-06-02T08:50:00Z
6306891,2.06.2022 15:54,4.06.2022 10:16,Chon Buri,department of highways,4-wheel pickup truck,speeding,rear-end collision,3,0,0,clear,13.16652337,100.9907806,straight road,no slope,2022-06-02T08:54:00Z
6452618,2.06.2022 15:58,28.06.2022 10:41,Prachin Buri,department of highways,4-wheel pickup truck,speeding,rear-end collision,2,0,2,clear,14.34487563,101.820994,wide curve,no slope,2022-06-02T08:58:00Z
6375050,2.06.2022 16:00,15.06.2022 11:44,Suphan Buri,department of highways,other,speeding,rollover/fallen on straight road,1,0,0,clear,14.22930771,99.91695015,straight road,no slope,2022-06-02T09:00:00Z
6381583,2.06.2022 16:00,16.06.2022 14:43,Nakhon Pathom,department of highways,large truck with trailer,speeding,rollover/fallen on straight road,1,0,0,clear,13.78643758,100.2947849,straight road,no slope,2022-06-02T09:00:00Z
6416030,2.06.2022 16:00,22.06.2022 09:00,Roi Et,department of highways,4-wheel pickup truck,falling asleep,collision with obstruction (on road surface),2,0,1,clear,15.68466837,103.5797936,straight road,slope area,2022-06-02T09:00:00Z
7434245,2.06.2022 16:00,6.12.2022 10:14,Phetchaburi,department of highways,motorized tricycle,running red lights/traffic signals,collision with obstruction (on road surface),2,0,0,clear,12.83478991,99.93293612,other,other,2022-06-02T09:00:00Z
6936737,2.06.2022 16:20,19.09.2022 09:42,Ranong,department of highways,private/passenger car,speeding,rollover/fallen on straight road,1,0,0,clear,9.755645354,98.59221785,straight road,no slope,2022-06-02T09:20:00Z
7414418,2.06.2022 16:55,28.11.2022 14:03,Kalasin,department of highways,6-wheel truck,overloaded vehicle,head-on collision (not overtaking),2,1,0,clear,16.31549823,103.4496716,straight road,no slope,2022-06-02T09:55:00Z
6701527,2.06.2022 17:00,11.08.2022 11:07,Kanchanaburi,department of highways,4-wheel pickup truck,speeding,rollover/fallen on curved road,1,0,0,clear,14.07978394,99.47233378,wide curve,slope area,2022-06-02T10:00:00Z
7433942,2.06.2022 17:50,6.12.2022 09:51,Chanthaburi,department of highways,4-wheel pickup truck,speeding,head-on collision (not overtaking),2,1,0,clear,12.7330907,101.9058296,other,other,2022-06-02T10:50:00Z
6572204,2.06.2022 18:50,19.07.2022 10:36,Maha Sarakham,department of highways,private/passenger car,speeding,rollover/fallen on straight road,1,0,1,clear,15.86269916,103.366515,other,other,2022-06-02T11:50:00Z
6345708,2.06.2022 19:12,10.06.2022 14:07,Samut Prakan,department of highways,4-wheel pickup truck,speeding,rear-end collision,4,0,0,clear,13.65955323,100.8601168,straight road,no slope,2022-06-02T12:12:00Z
7527661,2.06.2022 20:14,31.12.2022 11:39,Chiang Mai,department of highways,motorcycle,speeding,collision at intersection corner,2,1,0,clear,19.29684595,99.18871163,other,other,2022-06-02T13:14:00Z
6362506,2.06.2022 20:15,13.06.2022 10:44,Roi Et,department of highways,private/passenger car,falling asleep,rollover/fallen on straight road,1,0,1,clear,16.30290487,103.9847079,straight road,no slope,2022-06-02T13:15:00Z
6375000,2.06.2022 20:30,15.06.2022 11:32,Phra Nakhon Si Ayutthaya,department of highways,7-10-wheel truck,speeding,rollover/fallen on straight road,1,0,0,clear,14.25589811,100.2591705,straight road,no slope,2022-06-02T13:30:00Z
7445392,2.06.2022 22:00,9.12.2022 08:35,Bangkok,department of highways,private/passenger car,speeding,rear-end collision,2,0,0,clear,13.66953533,100.4516418,straight road,no slope,2022-06-02T15:00:00Z
7567862,2.06.2022 22:35,24.01.2023 06:49,Nakhon Pathom,department of highways,private/passenger car,speeding,rollover/fallen on straight road,1,0,0,clear,13.80660152,100.0469139,other,other,2022-06-02T15:35:00Z
6488394,2.06.2022 23:05,4.07.2022 10:11,Bangkok,expressway authority of thailand,other,other,rear-end collision,2,0,0,clear,13.7543791,100.5793772,wide curve,other,2022-06-02T16:05:00Z
6362546,2.06.2022 23:30,13.06.2022 10:50,Phetchabun,department of highways,4-wheel pickup truck,speeding,rollover/fallen on straight road,1,0,1,clear,16.78909335,101.240446,straight road,no slope,2022-06-02T16:30:00Z
6307075,3.06.2022 00:27,4.06.2022 11:25,Chon Buri,department of highways,4-wheel pickup truck,speeding,rear-end collision,3,0,0,clear,13.25354276,100.9918159,straight road,no slope,2022-06-02T17:27:00Z
7331601,3.06.2022 00:30,9.09.2022 10:48,Phetchabun,department of highways,4-wheel pickup truck,speeding,rollover/fallen on straight road,1,0,1,clear,16.78910105,101.2404674,straight road,no slope,2022-06-02T17:30:00Z
6434869,3.06.2022 01:00,25.06.2022 13:43,Chiang Mai,department of highways,4-wheel pickup truck,speeding,rollover/fallen on straight road,1,0,1,clear,18.92838669,98.94001453,straight road,no slope,2022-06-02T18:00:00Z
7027123,3.06.2022 01:00,3.10.2022 10:49,Chumphon,department of highways,4-wheel pickup truck,speeding,rollover/fallen on straight road,1,0,0,clear,9.956999667,99.06493841,other,other,2022-06-02T18:00:00Z
6434868,3.06.2022 01:30,25.06.2022 13:43,Chiang Mai,department of highways,4-wheel pickup truck,speeding,rollover/fallen on straight road,1,0,0,clear,18.9586346,98.94439726,straight road,no slope,2022-06-02T18:30:00Z
6537463,3.06.2022 01:30,12.07.2022 08:28,Roi Et,department of highways,4-wheel pickup truck,cutting in closely by people/vehicles/animals,rear-end collision,2,1,13,clear,15.9561353,103.5290006,other,other,2022-06-02T18:30:00Z
6446797,3.06.2022 01:39,27.06.2022 14:47,Nakhon Ratchasima,department of highways,private/passenger car,speeding,rear-end collision,2,0,3,clear,15.16521144,101.73736,straight road,no slope,2022-06-02T18:39:00Z
7414412,3.06.2022 02:00,28.11.2022 13:56,Phitsanulok,department of highways,private/passenger car,falling asleep,rollover/fallen on straight road,1,0,0,rainy,17.107793,100.8290729,straight road,no slope,2022-06-02T19:00:00Z
7331599,3.06.2022 02:30,21.07.2022 09:26,Surin,department of highways,private/passenger car,speeding,rollover/fallen on straight road,1,0,1,clear,14.65981902,103.4088349,straight road,no slope,2022-06-02T19:30:00Z
6331803,3.06.2022 02:49,8.06.2022 15:13,Sukhothai,department of highways,motorcycle,speeding,rollover/fallen on straight road,1,0,1,clear,17.26230179,99.84516619,straight road,no slope,2022-06-02T19:49:00Z
6459130,3.06.2022 03:00,29.06.2022 10:21,Ang Thong,department of highways,private/passenger car,speeding,rollover/fallen on straight road,1,0,0,clear,14.461082620000001,100.4667279,other,other,2022-06-02T20:00:00Z
7451156,3.06.2022 03:00,10.12.2022 12:32,Bangkok,department of highways,7-10-wheel truck,speeding,collision with obstruction (on road surface),2,0,1,clear,13.68396821,100.4866031,straight road,no slope,2022-06-02T20:00:00Z
6380073,3.06.2022 03:30,16.06.2022 09:26,Trat,department of highways,4-wheel pickup truck,speeding,rollover/fallen on straight road,1,0,1,clear,12.25857308,102.5058746,wide curve,no slope,2022-06-02T20:30:00Z
6306861,3.06.2022 04:00,4.06.2022 10:10,Pathum Thani,department of highways,4-wheel pickup truck,speeding,rear-end collision,2,0,1,rainy,13.92439579,100.7057449,straight road,no slope,2022-06-02T21:00:00Z
7558259,3.06.2022 05:00,12.01.2023 14:17,Buri Ram,department of highways,4-wheel pickup truck,worn-out/tire blowout,rollover/fallen on straight road,3,0,0,clear,14.74340892,102.9223276,straight road,no slope,2022-06-02T22:00:00Z
6488844,3.06.2022 05:30,4.07.2022 11:18,Pathum Thani,department of highways,6-wheel truck,speeding,rollover/fallen on straight road,1,0,2,rainy,13.99521014,100.6647527,other,other,2022-06-02T22:30:00Z
6373952,3.06.2022 05:50,15.06.2022 07:47,Suphan Buri,department of highways,4-wheel pickup truck,running red lights/traffic signals,head-on collision (not overtaking),2,0,1,clear,14.44555844,100.1266399,other,other,2022-06-02T22:50:00Z
6470817,3.06.2022 06:00,1.07.2022 07:01,Nakhon Si Thammarat,department of highways,private/passenger car,speeding,rollover/fallen on straight road,1,0,4,clear,7.895373367,99.92906033,straight road,no slope,2022-06-02T23:00:00Z
6584891,3.06.2022 06:35,21.07.2022 10:02,Khon Kaen,department of highways,private/passenger car,speeding,rollover/fallen on straight road,1,0,3,clear,16.02485039,102.7092504,straight road,no slope,2022-06-02T23:35:00Z
7567535,3.06.2022 07:00,23.01.2023 17:16,Rayong,department of highways,4-wheel pickup truck,speeding,rollover/fallen on curved road,1,0,0,rainy,12.64234831,101.422576,other,other,2022-06-03T00:00:00Z
6423171,3.06.2022 07:36,23.06.2022 10:42,Bangkok,expressway authority of thailand,other,other,rear-end collision,2,0,3,clear,13.67382999,100.4855543,straight road,other,2022-06-03T00:36:00Z
6416028,3.06.2022 07:50,22.06.2022 09:01,Kalasin,department of highways,private/passenger car,cutting in closely by people/vehicles/animals,rear-end collision,2,2,0,clear,16.4008862,103.5671604,straight road,no slope,2022-06-03T00:50:00Z
6379901,3.06.2022 08:30,16.06.2022 08:56,Chanthaburi,department of highways,6-wheel truck,speeding,rear-end collision,2,0,2,rainy,12.64922355,102.0299944,other,other,2022-06-03T01:30:00Z
7557794,3.06.2022 09:13,12.01.2023 10:53,Nakhon Ratchasima,department of highways,7-10-wheel truck,speeding,rollover/fallen on curved road,1,0,0,clear,14.65585919,101.34813,wide curve,slope area,2022-06-03T02:13:00Z
7564266,3.06.2022 09:27,19.01.2023 11:51,Nakhon Ratchasima,department of highways,4-wheel pickup truck,speeding,rear-end collision,2,0,2,clear,15.16422252,101.7371294,other,other,2022-06-03T02:27:00Z
6375051,3.06.2022 10:00,15.06.2022 11:41,Kanchanaburi,department of highways,private/passenger car,speeding,collision at intersection corner,3,0,1,clear,13.86893173,99.70724969,other,other,2022-06-03T03:00:00Z
6407592,3.06.2022 11:00,20.06.2022 21:32,Si Sa Ket,department of highways,6-wheel truck,falling asleep,rollover/fallen on straight road,2,0,0,clear,14.86171699,104.695158,straight road,no slope,2022-06-03T04:00:00Z
6362552,3.06.2022 11:10,13.06.2022 10:52,Kamphaeng Phet,department of highways,4-wheel pickup truck,speeding,rear-end collision,2,0,2,clear,16.48300892,99.7378671,straight road,no slope,2022-06-03T04:10:00Z
6369714,3.06.2022 11:50,14.06.2022 15:37,Chon Buri,department of highways,private/passenger car,speeding,rear-end collision,4,0,0,clear,12.98002178,100.9853786,straight road,no slope,2022-06-03T04:50:00Z
6345606,3.06.2022 12:00,10.06.2022 13:47,Phrae,department of highways,private/passenger car,speeding,rear-end collision,4,0,0,clear,18.14958064,100.1730797,straight road,no slope,2022-06-03T05:00:00Z
6318824,3.06.2022 12:25,6.06.2022 12:28,Chumphon,department of highways,private/passenger car,speeding,rollover/fallen on curved road,1,0,1,clear,10.83981817,99.22088473,wide curve,slope area,2022-06-03T05:25:00Z
6369010,3.06.2022 12:30,14.06.2022 13:12,Suphan Buri,department of highways,private/passenger car,speeding,rear-end collision,3,0,0,clear,14.64475257,100.1472044,straight road,no slope,2022-06-03T05:30:00Z
6417652,3.06.2022 12:30,22.06.2022 14:36,Pathum Thani,department of highways,4-wheel pickup truck,speeding,rear-end collision,2,0,1,clear,14.06245122,100.6972879,straight road,no slope,2022-06-03T05:30:00Z
7414088,3.06.2022 12:30,28.11.2022 10:05,Sukhothai,department of highways,private/passenger car,speeding,rear-end collision,2,0,2,clear,17.54844967,99.85229819,straight road,no slope,2022-06-03T05:30:00Z
6466151,3.06.2022 13:00,30.06.2022 12:54,Suphan Buri,department of highways,private/passenger car,speeding,rear-end collision,3,0,0,clear,14.44721298,100.0792613,wide curve,no slope,2022-06-03T06:00:00Z
6381538,3.06.2022 13:30,16.06.2022 14:32,Phetchaburi,department of highways,private/passenger car,speeding,rollover/fallen on straight road,1,0,0,clear,13.18509968,99.8343408,straight road,no slope,2022-06-03T06:30:00Z