acc_code,incident_datetime,report_datetime,province_en,agency,vehicle_type,presumed_cause,accident_type,number_of_vehicles_involved,number_of_fatalities,number_of_injuries,weather_condition,latitude,longitude,road_description,slope_description,incident_time
7424814,3.06.2022 13:30,2.12.2022 11:05,Chiang Mai,department of highways,motorcycle,speeding,rear-end collision,2,0,0,clear,18.89231949,99.01325224,straight road,no slope,2022-06-03T06:30:00Z
7561761,3.06.2022 13:33,17.01.2023 14:17,Nakhon Nayok,department of highways,private/passenger car,speeding,rollover/fallen on curved road,1,0,0,clear,14.14720041,101.2790483,wide curve,no slope,2022-06-03T06:33:00Z
6423350,3.06.2022 13:50,23.06.2022 11:27,Chachoengsao,expressway authority of thailand,4-wheel pickup truck,other,side collision,4,0,2,clear,13.567609,100.93336,straight road,other,2022-06-03T06:50:00Z
6572205,3.06.2022 13:50,19.07.2022 10:37,Maha Sarakham,department of highways,private/passenger car,speeding,rollover/fallen on straight road,1,0,2,clear,16.05802113,103.062787,straight road,no slope,2022-06-03T06:50:00Z
6445316,3.06.2022 14:00,27.06.2022 09:53,buogkan,department of highways,4-wheel pickup truck,driving under the influence of alcohol,rollover/fallen on straight road,1,0,0,clear,18.35037844,103.6367503,wide curve,no slope,2022-06-03T07:00:00Z
6422432,3.06.2022 14:30,23.06.2022 08:08,Bangkok,department of highways,private/passenger car,speeding,rear-end collision,3,0,0,clear,13.73426269,100.6885198,straight road,no slope,2022-06-03T07:30:00Z
6330513,3.06.2022 14:43,8.06.2022 10:03,Chon Buri,department of highways,private/passenger car,speeding,rear-end collision,3,0,0,clear,13.19240133,100.9992537,straight road,no slope,2022-06-03T07:43:00Z
6380946,3.06.2022 15:30,16.06.2022 12:31,Chachoengsao,department of highways,large truck with trailer,cutting in closely by people/vehicles/animals,side collision,3,0,0,clear,13.73002869,101.4779475,straight road,no slope,2022-06-03T08:30:00Z
6466498,3.06.2022 15:54,30.06.2022 14:09,Uthai Thani,department of highways,large truck with trailer,speeding,rollover/fallen on straight road,1,0,0,clear,15.41020749,100.0550812,other,other,2022-06-03T08:54:00Z
6422465,3.06.2022 16:39,23.06.2022 08:17,Bangkok,department of highways,private/passenger car,speeding,rear-end collision,2,0,0,clear,13.76088957,100.6963277,straight road,no slope,2022-06-03T09:39:00Z
7424813,3.06.2022 16:45,2.12.2022 10:40,Chiang Mai,department of highways,4-wheel pickup truck,speeding,rear-end collision,3,0,0,clear,18.81276102,99.02867763,straight road,no slope,2022-06-03T09:45:00Z
6415861,3.06.2022 16:50,22.06.2022 08:34,Kamphaeng Phet,department of highways,4-wheel pickup truck,speeding,rollover/fallen on curved road,1,0,0,rainy,16.47436173,99.51476096,wide curve,no slope,2022-06-03T09:50:00Z
6362517,3.06.2022 18:30,13.06.2022 10:45,Roi Et,department of highways,6-wheel truck,speeding,rollover/fallen on curved road,1,0,1,rainy,16.20142826,103.6191013,wide curve,no slope,2022-06-03T11:30:00Z
6445352,3.06.2022 19:00,27.06.2022 09:59,Lampang,department of highways,6-wheel truck,cutting in closely by people/vehicles/animals,rear-end collision,2,0,3,clear,18.34886113,99.55300389,straight road,no slope,2022-06-03T12:00:00Z
6380222,3.06.2022 19:10,16.06.2022 09:48,Chanthaburi,department of highways,motorcycle,cutting in closely by people/vehicles/animals,rear-end collision,2,1,0,rainy,12.7531042,101.8667659,straight road,no slope,2022-06-03T12:10:00Z
6416155,3.06.2022 19:20,22.06.2022 09:36,Nakhon Si Thammarat,department of highways,motorcycle,speeding,rear-end collision,2,2,0,clear,8.676782108,99.85676675,straight road,no slope,2022-06-03T12:20:00Z
7557934,3.06.2022 19:20,12.01.2023 11:41,Si Sa Ket,department of highways,private/passenger car,speeding,rollover/fallen on straight road,1,0,3,clear,14.64577243,104.1847229,straight road,no slope,2022-06-03T12:20:00Z
7567032,3.06.2022 19:20,23.01.2023 09:24,Phangnga,department of highways,4-wheel pickup truck,speeding,rollover/fallen on curved road,1,0,1,rainy,8.547872774,98.64748208,wide curve,slope area,2022-06-03T12:20:00Z
6593235,3.06.2022 19:30,25.07.2022 09:39,Chanthaburi,department of highways,private/passenger car,cutting in closely by people/vehicles/animals,rear-end collision,2,0,4,clear,12.4653293,102.2216463,other,other,2022-06-03T12:30:00Z
6362536,3.06.2022 20:00,13.06.2022 10:48,Loei,department of highways,motorcycle,speeding,rear-end collision,2,1,0,clear,17.3591712,101.7494166,straight road,no slope,2022-06-03T13:00:00Z
7040820,3.06.2022 20:20,5.10.2022 10:39,Maha Sarakham,department of highways,4-wheel pickup truck,speeding,rollover/fallen on straight road,1,0,1,rainy,16.05839229,103.0680147,straight road,no slope,2022-06-03T13:20:00Z
6417169,3.06.2022 22:33,22.06.2022 13:28,Chon Buri,department of highways,private/passenger car,speeding,rear-end collision,2,0,0,clear,13.03913344,100.9961879,straight road,no slope,2022-06-03T15:33:00Z
7567443,3.06.2022 22:40,23.01.2023 15:28,Chanthaburi,department of highways,4-wheel pickup truck,speeding,rollover/fallen on straight road,1,0,0,clear,12.5082875,102.169311,straight road,no slope,2022-06-03T15:40:00Z
6407273,3.06.2022 23:00,20.06.2022 20:33,Amnat Charoen,department of highways,4-wheel pickup truck,speeding,rollover/fallen on straight road,1,0,1,rainy,15.90461834,104.6261367,straight road,no slope,2022-06-03T16:00:00Z
6465542,3.06.2022 23:00,30.06.2022 10:26,Saraburi,department of highways,4-wheel pickup truck,speeding,rollover/fallen on straight road,1,0,0,rainy,14.40352576,100.8984884,straight road,no slope,2022-06-03T16:00:00Z
6508524,3.06.2022 23:00,7.07.2022 13:42,Surin,department of highways,4-wheel pickup truck,speeding,rollover/fallen on straight road,1,0,0,clear,14.97428169,103.5369587,straight road,no slope,2022-06-03T16:00:00Z
6584899,3.06.2022 23:00,21.07.2022 10:04,Khon Kaen,department of highways,4-wheel pickup truck,speeding,rollover/fallen on straight road,1,0,0,clear,16.40619694,102.7692836,straight road,no slope,2022-06-03T16:00:00Z
6724453,3.06.2022 23:45,15.08.2022 14:25,Suphan Buri,department of highways,motorcycle,speeding,rear-end collision,2,0,2,clear,14.83481053,99.69064681,straight road,no slope,2022-06-03T16:45:00Z
7008503,4.06.2022 00:10,30.09.2022 13:13,Nakhon Ratchasima,department of highways,7-10-wheel truck,speeding,rollover/fallen on straight road,1,0,0,rainy,15.36819728,102.4560419,straight road,no slope,2022-06-03T17:10:00Z
7447279,4.06.2022 00:55,9.12.2022 15:09,Mae Hong Son,department of highways,4-wheel pickup truck,speeding,rollover/fallen on curved road,1,0,0,clear,19.45071512,98.0131772,wide curve,slope area,2022-06-03T17:55:00Z
6500579,4.06.2022 01:00,6.07.2022 07:19,Tak,department of highways,large truck with trailer,speeding,rollover/fallen on straight road,1,0,0,clear,16.86346506,99.13797496,other,other,2022-06-03T18:00:00Z
6445225,4.06.2022 01:20,27.06.2022 09:35,Sakon Nakhon,department of highways,4-wheel pickup truck,speeding,rollover/fallen on straight road,1,0,2,rainy,17.4018575,103.6751327,straight road,no slope,2022-06-03T18:20:00Z
6444983,4.06.2022 01:30,27.06.2022 09:04,Chiang Mai,department of highways,private/passenger car,speeding,rollover/fallen on straight road,1,0,1,clear,19.75465525,99.14917587,straight road,no slope,2022-06-03T18:30:00Z
6513398,4.06.2022 01:55,8.07.2022 09:21,Suphan Buri,department of highways,other,speeding,rollover/fallen on straight road,1,0,0,clear,14.47232575,100.1311567,straight road,no slope,2022-06-03T18:55:00Z
7557941,4.06.2022 02:00,12.01.2023 11:44,Si Sa Ket,department of highways,4-wheel pickup truck,speeding,rollover/fallen on straight road,1,0,0,clear,15.34338543,104.1482395,straight road,no slope,2022-06-03T19:00:00Z
7557770,4.06.2022 02:10,12.01.2023 10:47,Nakhon Ratchasima,department of highways,private/passenger car,speeding,rollover/fallen on straight road,1,0,0,clear,14.72410189,101.4309204,straight road,no slope,2022-06-03T19:10:00Z
6566807,4.06.2022 02:58,10.06.2022 09:11,Samut Prakan,department of rural roads,private/passenger car,speeding,other,2,0,1,clear,13.665149,100.521374,straight road,no slope,2022-06-03T19:58:00Z
6331992,4.06.2022 06:30,8.06.2022 15:55,Nakhon Sawan,department of highways,large truck with trailer,falling asleep,rollover/fallen on straight road,1,0,1,clear,15.53944577,100.1264897,straight road,no slope,2022-06-03T23:30:00Z
6444906,4.06.2022 06:30,27.06.2022 08:48,Nakhon Phanom,department of highways,private/passenger car,speeding,rollover/fallen on straight road,1,0,0,clear,17.16563517,104.7769949,straight road,no slope,2022-06-03T23:30:00Z
7557771,4.06.2022 08:30,12.01.2023 10:48,Nakhon Ratchasima,department of highways,other,speeding,rollover/fallen on straight road,1,0,0,clear,14.63300048,101.2376699,straight road,no slope,2022-06-04T01:30:00Z
7443748,4.06.2022 09:30,8.12.2022 13:32,Khon Kaen,department of highways,4-wheel pickup truck,speeding,rollover/fallen on straight road,1,0,0,clear,16.44993429,102.640783,straight road,no slope,2022-06-04T02:30:00Z
6376009,4.06.2022 09:49,15.06.2022 15:11,Phra Nakhon Si Ayutthaya,department of highways,4-wheel pickup truck,falling asleep,rollover/fallen on straight road,1,0,2,clear,14.19349621,100.6438288,straight road,no slope,2022-06-04T02:49:00Z
6687636,4.06.2022 10:00,9.08.2022 14:28,Saraburi,department of highways,4-wheel pickup truck,speeding,rollover/fallen on straight road,2,0,0,clear,14.46649778,100.9071493,other,other,2022-06-04T03:00:00Z
7561503,4.06.2022 10:15,17.01.2023 10:05,Bangkok,department of highways,motorcycle,cutting in closely by people/vehicles/animals,rear-end collision,2,0,1,clear,13.6166176,100.3838718,straight road,no slope,2022-06-04T03:15:00Z
6374719,4.06.2022 11:15,15.06.2022 10:41,Suphan Buri,department of highways,4-wheel pickup truck,falling asleep,rollover/fallen on straight road,1,0,1,clear,14.37549004,100.1792621,straight road,no slope,2022-06-04T04:15:00Z
7561498,4.06.2022 11:40,17.01.2023 10:05,Bangkok,department of highways,4-wheel pickup truck,cutting in closely by people/vehicles/animals,rear-end collision,2,0,0,clear,13.66884076,100.4504026,straight road,no slope,2022-06-04T04:40:00Z
7558301,4.06.2022 12:00,12.01.2023 14:27,Pathum Thani,department of highways,4-wheel pickup truck,falling asleep,rollover/fallen on straight road,1,0,1,clear,14.01475476,100.7021159,straight road,no slope,2022-06-04T05:00:00Z
6362529,4.06.2022 12:20,13.06.2022 10:47,Kalasin,department of highways,4-wheel pickup truck,speeding,head-on collision (not overtaking),2,2,7,clear,16.58551888,103.5100266,wide curve,no slope,2022-06-04T05:20:00Z
7358961,4.06.2022 13:30,21.11.2022 14:56,Udon Thani,department of highways,private/passenger car,speeding,rollover/fallen on straight road,1,0,0,clear,17.56334327,102.8014353,straight road,no slope,2022-06-04T06:30:00Z
6319719,4.06.2022 13:56,6.06.2022 15:00,Samut Prakan,department of highways,private/passenger car,speeding,rear-end collision,2,0,0,clear,13.66595694,100.8501765,straight road,no slope,2022-06-04T06:56:00Z
6337752,4.06.2022 14:18,9.06.2022 11:32,Chon Buri,department of highways,4-wheel pickup truck,speeding,rear-end collision,2,0,0,clear,13.26319719,100.9896085,straight road,no slope,2022-06-04T07:18:00Z
7527326,4.06.2022 15:20,31.12.2022 10:37,Chiang Mai,department of highways,motorcycle,speeding,rear-end collision,2,0,0,clear,18.83675716,99.01292233,straight road,no slope,2022-06-04T08:20:00Z
7415412,4.06.2022 15:30,29.11.2022 15:26,Phrae,department of highways,4-wheel pickup truck,speeding,rollover/fallen on curved road,1,0,1,clear,18.03763904,99.69937204,wide curve,slope area,2022-06-04T08:30:00Z
6374576,4.06.2022 16:00,15.06.2022 10:12,Suphan Buri,department of highways,private/passenger car,speeding,rollover/fallen on straight road,1,0,2,clear,14.47636679,100.0868252,straight road,no slope,2022-06-04T09:00:00Z
6381533,4.06.2022 16:00,16.06.2022 14:33,Phetchaburi,department of highways,4-wheel pickup truck,speeding,rear-end collision,2,0,1,clear,13.13179053,99.86363588,straight road,no slope,2022-06-04T09:00:00Z
6471436,4.06.2022 16:00,1.07.2022 09:28,Maha Sarakham,department of highways,7-10-wheel truck,speeding,rollover/fallen on straight road,1,0,1,clear,16.14328896,103.2596397,straight road,no slope,2022-06-04T09:00:00Z
6415996,4.06.2022 16:30,22.06.2022 08:58,Kalasin,department of highways,private/passenger car,cutting in closely by people/vehicles/animals,rear-end collision,2,0,2,clear,16.41022365,103.6222824,straight road,no slope,2022-06-04T09:30:00Z
7558809,4.06.2022 17:20,13.01.2023 07:01,Nakhon Ratchasima,department of highways,4-wheel pickup truck,speeding,rollover/fallen on straight road,1,0,1,clear,14.60227236,101.3972814,straight road,no slope,2022-06-04T10:20:00Z
6363469,4.06.2022 17:45,13.06.2022 14:41,Nakhon Sawan,department of highways,motorcycle,cutting in closely by people/vehicles/animals,rear-end collision,2,0,1,clear,15.26141011,100.3285593,straight road,no slope,2022-06-04T10:45:00Z
6374935,4.06.2022 18:15,15.06.2022 11:18,Kanchanaburi,department of highways,7-10-wheel truck,illegal overtaking,rear-end collision,2,0,2,clear,13.93364024,99.45121943,wide curve,no slope,2022-06-04T11:15:00Z
7568323,4.06.2022 19:00,24.01.2023 13:23,Nakhon Ratchasima,department of highways,large truck with trailer,speeding,rollover/fallen on straight road,1,0,0,rainy,14.73806693,102.3778152,other,other,2022-06-04T12:00:00Z
6446614,4.06.2022 19:30,27.06.2022 14:17,Sa Kaeo,department of highways,large truck with trailer,speeding,head-on collision (not overtaking),2,0,1,rainy,14.149848070000001,102.6626953,straight road,slope area,2022-06-04T12:30:00Z
6376041,4.06.2022 20:00,15.06.2022 15:15,Tak,department of highways,4-wheel pickup truck,speeding,rollover/fallen on straight road,1,0,2,rainy,16.92662775,99.4089639,straight road,no slope,2022-06-04T13:00:00Z
7317270,4.06.2022 20:50,15.11.2022 11:54,Khon Kaen,department of highways,4-wheel pickup truck,running red lights/traffic signals,rollover/fallen on straight road,1,0,1,clear,16.41231544,102.7797925,straight road,no slope,2022-06-04T13:50:00Z
7564363,4.06.2022 21:04,19.01.2023 14:09,Prachin Buri,department of highways,4-wheel pickup truck,speeding,other,1,0,0,clear,14.30352836,101.869998,wide curve,slope area,2022-06-04T14:04:00Z
7451441,4.06.2022 21:06,10.12.2022 13:18,Bangkok,department of highways,private/passenger car,speeding,rear-end collision,2,0,0,clear,13.62030492,100.3879689,straight road,no slope,2022-06-04T14:06:00Z
7414912,4.06.2022 22:00,28.11.2022 10:42,Phrae,department of highways,private/passenger car,speeding,rollover/fallen on straight road,1,0,1,rainy,18.11899795,100.1584294,straight road,no slope,2022-06-04T15:00:00Z
6375032,4.06.2022 22:10,15.06.2022 11:38,Uthai Thani,department of highways,4-wheel pickup truck,speeding,rollover/fallen on straight road,1,0,1,rainy,15.17013011,99.69473182,straight road,no slope,2022-06-04T15:10:00Z
6423176,4.06.2022 22:13,23.06.2022 10:43,Bangkok,expressway authority of thailand,other,other,rollover/fallen on straight road,2,0,0,clear,13.72792661,100.552049,straight road,other,2022-06-04T15:13:00Z
7554258,4.06.2022 22:30,9.01.2023 09:23,Surat Thani,department of highways,4-wheel pickup truck,speeding,rollover/fallen on curved road,1,0,0,rainy,8.936878592,98.92931119,sharp curve,slope area,2022-06-04T15:30:00Z
7562293,5.06.2022 00:20,18.01.2023 06:51,Nakhon Si Thammarat,department of highways,private/passenger car,speeding,rollover/fallen on curved road,1,0,0,clear,8.110797733,99.8846644,other,other,2022-06-04T17:20:00Z
6718246,5.06.2022 01:00,14.08.2022 11:02,Bangkok,department of highways,private/passenger car,speeding,rollover/fallen on straight road,1,0,1,clear,13.83953577,100.5993417,straight road,no slope,2022-06-04T18:00:00Z
7556174,5.06.2022 01:00,11.01.2023 10:50,Phatthalung,department of highways,large truck with trailer,falling asleep,rollover/fallen on straight road,1,0,0,rainy,7.382752285,100.1143876,straight road,no slope,2022-06-04T18:00:00Z
6500629,5.06.2022 01:10,6.07.2022 07:26,Tak,department of highways,4-wheel pickup truck,other,rollover/fallen on straight road,1,0,0,clear,17.32399795,99.15222286,straight road,no slope,2022-06-04T18:10:00Z
6445685,5.06.2022 02:00,27.06.2022 10:44,Satun,department of highways,6-wheel truck,speeding,rollover/fallen on straight road,1,0,0,rainy,6.905346304,100.1293114,straight road,no slope,2022-06-04T19:00:00Z
6458146,5.06.2022 02:00,29.06.2022 07:15,Tak,department of highways,4-wheel pickup truck,speeding,rollover/fallen on curved road,1,0,1,clear,16.88505378,99.11943017,other,other,2022-06-04T19:00:00Z
7566751,5.06.2022 02:00,22.01.2023 08:12,Chachoengsao,department of highways,4-wheel pickup truck,speeding,rollover/fallen on straight road,1,0,1,clear,13.67149781,101.0507709,straight road,no slope,2022-06-04T19:00:00Z
6407296,5.06.2022 02:30,20.06.2022 20:36,Ubon Ratchathani,department of highways,4-wheel pickup truck,speeding,rollover/fallen on straight road,1,0,1,clear,16.03888186,105.2053383,straight road,no slope,2022-06-04T19:30:00Z
6470563,5.06.2022 02:30,1.07.2022 06:14,Nakhon Pathom,department of highways,large truck with trailer,speeding,rollover/fallen on straight road,1,0,0,clear,13.80511943,100.1601621,wide curve,no slope,2022-06-04T19:30:00Z
6778340,5.06.2022 03:00,24.08.2022 14:26,Phuket,department of highways,4-wheel pickup truck,speeding,rollover/fallen on straight road,1,0,0,clear,7.986461724,98.36949526,straight road,no slope,2022-06-04T20:00:00Z
6417794,5.06.2022 04:00,22.06.2022 15:14,Ubon Ratchathani,department of highways,4-wheel pickup truck,speeding,rollover/fallen on straight road,1,0,0,clear,14.95382118,104.7403398,straight road,no slope,2022-06-04T21:00:00Z
6362390,5.06.2022 05:00,13.06.2022 10:21,Saraburi,department of highways,private/passenger car,speeding,rollover/fallen on straight road,1,0,0,clear,14.36836299,100.8791309,straight road,no slope,2022-06-04T22:00:00Z
6381566,5.06.2022 05:10,16.06.2022 14:35,Ratchaburi,department of highways,private/passenger car,speeding,collision with obstruction (on road surface),1,0,1,clear,13.55102355,99.81960206,other,other,2022-06-04T22:10:00Z
6388133,5.06.2022 05:53,17.06.2022 16:24,Chachoengsao,department of highways,large truck with trailer,speeding,rear-end collision,2,0,0,clear,13.60597893,100.9435522,straight road,no slope,2022-06-04T22:53:00Z
7564302,5.06.2022 07:00,19.01.2023 13:31,Nakhon Ratchasima,department of highways,private/passenger car,speeding,rollover/fallen on straight road,1,0,0,clear,14.64090664,101.2757277,straight road,no slope,2022-06-05T00:00:00Z
7415441,5.06.2022 08:00,29.11.2022 15:30,Phrae,department of highways,private/passenger car,speeding,rollover/fallen on curved road,1,0,0,rainy,18.04404804,99.69952493,wide curve,slope area,2022-06-05T01:00:00Z
6445312,5.06.2022 08:20,27.06.2022 09:52,Lampang,department of highways,6-wheel truck,speeding,rollover/fallen on curved road,1,0,0,clear,17.86358625,99.3309143,wide curve,no slope,2022-06-05T01:20:00Z
7415421,5.06.2022 08:30,29.11.2022 15:29,Phrae,department of highways,4-wheel pickup truck,speeding,rollover/fallen on curved road,1,0,0,rainy,18.04367825,99.69980119,wide curve,slope area,2022-06-05T01:30:00Z
7419028,5.06.2022 10:20,30.11.2022 11:40,Roi Et,department of highways,7-10-wheel truck,cutting in closely by people/vehicles/animals,rear-end collision,2,1,1,clear,15.60682199,103.8063893,other,other,2022-06-05T03:20:00Z
6376006,5.06.2022 10:53,15.06.2022 15:10,Phra Nakhon Si Ayutthaya,department of highways,large truck with trailer,speeding,rollover/fallen on straight road,1,0,0,clear,14.27904907,100.8108875,wide curve,no slope,2022-06-05T03:53:00Z
7415439,5.06.2022 11:00,29.11.2022 15:31,Phrae,department of highways,4-wheel pickup truck,speeding,rollover/fallen on curved road,1,0,0,rainy,18.04450964,99.69948737,wide curve,slope area,2022-06-05T04:00:00Z
6375983,5.06.2022 11:18,15.06.2022 15:09,Phra Nakhon Si Ayutthaya,department of highways,private/passenger car,vehicle equipment failure,other,1,0,0,clear,14.2361142,100.7242548,straight road,no slope,2022-06-05T04:18:00Z
7438384,5.06.2022 11:30,7.12.2022 09:40,Chanthaburi,department of highways,large truck with trailer,cutting in closely by people/vehicles/animals,head-on collision (not overtaking),2,0,4,clear,13.08860923,102.2560993,straight road,no slope,2022-06-05T04:30:00Z
6488487,5.06.2022 12:13,4.07.2022 10:29,Pathum Thani,expressway authority of thailand,other,other,side collision,1,0,2,clear,14.030718,100.578962,straight road,other,2022-06-05T05:13:00Z
6609990,5.06.2022 12:30,27.07.2022 16:45,Roi Et,department of highways,private/passenger car,speeding,rollover/fallen on straight road,1,0,0,clear,15.48340314,103.7771639,other,other,2022-06-05T05:30:00Z
6345114,5.06.2022 12:45,10.06.2022 11:41,Phrae,department of highways,4-wheel pickup truck,running red lights/traffic signals,rear-end collision,2,0,0,clear,18.02011955,99.71382646,other,other,2022-06-05T05:45:00Z
6337637,5.06.2022 12:57,9.06.2022 11:08,Chon Buri,department of highways,private/passenger car,speeding,rear-end collision,3,0,0,clear,13.07976305,100.9928164,straight road,no slope,2022-06-05T05:57:00Z
6416763,5.06.2022 13:38,22.06.2022 11:44,Chon Buri,department of highways,private/passenger car,speeding,rear-end collision,4,0,0,clear,13.33284235,100.9891659,straight road,no slope,2022-06-05T06:38:00Z
6850864,5.06.2022 14:10,6.09.2022 09:21,Chaiyaphum,department of highways,4-wheel pickup truck,speeding,rollover/fallen on straight road,1,0,2,clear,15.628257230000001,101.9252354,straight road,no slope,2022-06-05T07:10:00Z
6417207,5.06.2022 14:45,22.06.2022 13:31,Chon Buri,department of highways,4-wheel pickup truck,speeding,rear-end collision,2,0,0,clear,12.83945014,100.9499654,straight road,no slope,2022-06-05T07:45:00Z
6446543,5.06.2022 15:20,27.06.2022 14:08,Nakhon Ratchasima,department of highways,6-wheel truck,speeding,head-on collision (not overtaking),2,0,1,clear,15.06519534,102.1221632,straight road,no slope,2022-06-05T08:20:00Z
6417533,5.06.2022 16:02,22.06.2022 14:15,Pathum Thani,department of highways,4-wheel pickup truck,speeding,rollover/fallen on straight road,1,0,0,clear,14.01175681,100.7033846,straight road,no slope,2022-06-05T09:02:00Z
7331603,5.06.2022 16:20,29.06.2022 08:28,Saraburi,department of highways,large truck with trailer,speeding,rear-end collision,2,1,0,clear,14.45622835,100.9034532,straight road,no slope,2022-06-05T09:20:00Z
6415883,5.06.2022 16:30,22.06.2022 08:38,Surat Thani,department of highways,4-wheel pickup truck,speeding,rollover/fallen on straight road,1,0,5,rainy,8.600954506,99.02156173,straight road,no slope,2022-06-05T09:30:00Z
7564301,5.06.2022 17:00,19.01.2023 13:30,Nakhon Ratchasima,department of highways,4-wheel pickup truck,speeding,rollover/fallen on straight road,1,2,4,clear,14.83979903,101.606597,straight road,no slope,2022-06-05T10:00:00Z
6445311,5.06.2022 17:59,27.06.2022 09:50,buogkan,department of highways,4-wheel pickup truck,speeding,rollover/fallen on straight road,1,0,0,clear,17.92960469,103.9659861,straight road,no slope,2022-06-05T10:59:00Z
6446764,5.06.2022 18:10,27.06.2022 14:43,Phrae,department of highways,private/passenger car,speeding,head-on collision (not overtaking),3,0,2,clear,18.15441048,99.97845052,wide curve,slope area,2022-06-05T11:10:00Z
7564407,5.06.2022 18:12,19.01.2023 14:44,Prachin Buri,department of highways,6-wheel truck,speeding,rollover/fallen on straight road,1,0,1,clear,14.31245337,101.8486181,straight road,slope area,2022-06-05T11:12:00Z
6412753,5.06.2022 18:50,21.06.2022 19:26,Ubon Ratchathani,department of highways,4-wheel pickup truck,debris/obstruction on the road,collision with obstruction (on road surface),1,0,0,clear,14.87686175,104.9862099,straight road,no slope,2022-06-05T11:50:00Z
6466264,5.06.2022 19:25,30.06.2022 13:19,Suphan Buri,department of highways,pedestrian,speeding,pedestrian collision,1,1,0,clear,14.75633803,100.0963953,straight road,no slope,2022-06-05T12:25:00Z
6386569,5.06.2022 20:40,17.06.2022 10:11,Surat Thani,department of highways,4-wheel pickup truck,vehicle equipment failure,other,1,0,0,clear,8.57280466,99.27419631,straight road,no slope,2022-06-05T13:40:00Z
6416739,5.06.2022 20:51,22.06.2022 11:34,Chon Buri,department of highways,4-wheel pickup truck,speeding,rollover/fallen on straight road,1,0,0,rainy,13.11463647,100.9686926,straight road,no slope,2022-06-05T13:51:00Z
6381587,5.06.2022 21:30,16.06.2022 14:41,Chumphon,department of highways,private/passenger car,speeding,other,2,2,0,clear,10.7195123,99.25889431,connecting to private area,other,2022-06-05T14:30:00Z
6488424,5.06.2022 21:45,4.07.2022 10:15,Samut Prakan,expressway authority of thailand,other,other,side collision,2,0,3,clear,13.582053,100.865577,straight road,other,2022-06-05T14:45:00Z
6368682,5.06.2022 22:30,14.06.2022 12:07,Sing Buri,department of highways,4-wheel pickup truck,speeding,rollover/fallen on straight road,1,0,1,rainy,14.83033012,100.4472685,straight road,no slope,2022-06-05T15:30:00Z
6488402,5.06.2022 22:34,4.07.2022 10:13,Bangkok,expressway authority of thailand,other,other,other,1,0,0,rainy,13.71883897,100.5187884,straight road,other,2022-06-05T15:34:00Z
6466641,5.06.2022 23:00,30.06.2022 14:34,Bangkok,department of highways,private/passenger car,speeding,rollover/fallen on straight road,1,0,0,rainy,13.81907775,100.6802559,wide curve,no slope,2022-06-05T16:00:00Z
7565080,5.06.2022 23:20,20.01.2023 08:40,Pathum Thani,department of highways,van,speeding,rollover/fallen on straight road,1,0,0,clear,13.9946662,100.577192,straight road,no slope,2022-06-05T16:20:00Z
7565114,6.06.2022 00:10,20.01.2023 08:50,Phra Nakhon Si Ayutthaya,department of highways,van,speeding,rollover/fallen on straight road,1,0,0,rainy,14.13764205,100.6183854,straight road,no slope,2022-06-05T17:10:00Z
6724414,6.06.2022 02:20,15.08.2022 14:24,Suphan Buri,department of highways,large truck with trailer,falling asleep,rollover/fallen on straight road,1,0,1,clear,14.46300976,100.2027207,straight road,no slope,2022-06-05T19:20:00Z
6579477,6.06.2022 02:30,20.07.2022 11:55,Phra Nakhon Si Ayutthaya,department of highways,4-wheel pickup truck,speeding,rollover/fallen on straight road,1,0,0,clear,14.50067386,100.3907597,straight road,no slope,2022-06-05T19:30:00Z
6445819,6.06.2022 03:30,27.06.2022 11:07,Nakhon Phanom,department of highways,private/passenger car,speeding,rollover/fallen on straight road,1,0,0,rainy,17.95423694,104.2160216,other,other,2022-06-05T20:30:00Z
6470593,6.06.2022 06:30,1.07.2022 06:19,Prachuap Khiri Khan,department of highways,4-wheel pickup truck,speeding,rollover/fallen on straight road,1,0,0,clear,12.21309389,99.8617342,straight road,no slope,2022-06-05T23:30:00Z
7331605,6.06.2022 06:30,30.06.2022 11:07,Chai Nat,department of highways,motorcycle,cutting in closely by people/vehicles/animals,rear-end collision,2,0,2,clear,15.21167792,100.1179978,straight road,no slope,2022-06-05T23:30:00Z
6407539,6.06.2022 07:00,20.06.2022 21:22,Ubon Ratchathani,department of highways,private/passenger car,falling asleep,rollover/fallen on straight road,1,0,0,clear,15.51576313,104.7228867,straight road,no slope,2022-06-06T00:00:00Z
6444832,6.06.2022 07:00,27.06.2022 08:21,Chanthaburi,department of highways,private/passenger car,speeding,rear-end collision,2,0,3,clear,12.62807381,102.1557283,other,other,2022-06-06T00:00:00Z
6464810,6.06.2022 07:20,30.06.2022 08:00,Nakhon Sawan,department of highways,4-wheel pickup truck,speeding,rollover/fallen on straight road,1,0,3,clear,15.44835974,100.5675092,straight road,no slope,2022-06-06T00:20:00Z
6337234,6.06.2022 07:25,9.06.2022 09:52,Phra Nakhon Si Ayutthaya,department of highways,7-10-wheel truck,speeding,rollover/fallen on straight road,1,0,0,clear,14.24057288,100.7402301,straight road,no slope,2022-06-06T00:25:00Z
6415805,6.06.2022 08:15,22.06.2022 08:13,Surat Thani,department of highways,motorcycle,failure to yield/signal,rear-end collision,2,0,3,clear,8.940521837,99.39962445,straight road,no slope,2022-06-06T01:15:00Z
6501891,6.06.2022 08:30,6.07.2022 11:33,Trat,department of highways,7-10-wheel truck,speeding,rollover/fallen on straight road,1,0,0,clear,12.30295687,102.3451379,straight road,no slope,2022-06-06T01:30:00Z