acc_code,incident_datetime,report_datetime,province_en,agency,vehicle_type,presumed_cause,accident_type,number_of_vehicles_involved,number_of_fatalities,number_of_injuries,weather_condition,latitude,longitude,road_description,slope_description,incident_time
6331875,6.06.2022 10:00,8.06.2022 15:26,Tak,department of highways,motorcycle,speeding,collision with obstruction (on road surface),2,0,1,clear,16.89217333,99.22796844,straight road,no slope,2022-06-06T03:00:00Z
6374993,6.06.2022 10:00,15.06.2022 11:34,Suphan Buri,department of highways,other,speeding,rollover/fallen on straight road,1,0,0,clear,14.34149485,99.84790473,straight road,no slope,2022-06-06T03:00:00Z
6471556,6.06.2022 10:00,1.07.2022 09:50,Maha Sarakham,department of highways,large truck with trailer,speeding,head-on collision (not overtaking),2,1,1,clear,15.51747404,103.3656326,straight road,no slope,2022-06-06T03:00:00Z
6319333,6.06.2022 10:49,6.06.2022 13:52,Samut Prakan,department of highways,private/passenger car,speeding,rear-end collision,2,0,0,clear,13.65807282,100.8624127,straight road,no slope,2022-06-06T03:49:00Z
6324558,6.06.2022 11:00,7.06.2022 10:51,Surat Thani,department of highways,4-wheel pickup truck,speeding,rollover/fallen on straight road,1,0,0,clear,9.472817793,99.14835779,straight road,no slope,2022-06-06T04:00:00Z
6416250,6.06.2022 11:00,22.06.2022 09:57,Chachoengsao,department of highways,6-wheel truck,speeding,rollover/fallen on curved road,1,0,0,clear,13.55971432,100.9942943,other,other,2022-06-06T04:00:00Z
6446803,6.06.2022 11:15,27.06.2022 14:49,Nakhon Ratchasima,department of highways,4-wheel pickup truck,speeding,rear-end collision,2,0,2,clear,14.86919618,101.8204522,straight road,no slope,2022-06-06T04:15:00Z
6416885,6.06.2022 11:59,22.06.2022 12:12,Bangkok,department of highways,other,speeding,rollover/fallen on straight road,1,0,0,clear,13.76442222,100.694654,straight road,no slope,2022-06-06T04:59:00Z
7564377,6.06.2022 12:00,19.01.2023 14:15,Prachin Buri,department of highways,7-10-wheel truck,speeding,rollover/fallen on straight road,1,0,0,clear,14.03208068,101.7909935,straight road,no slope,2022-06-06T05:00:00Z
6584930,6.06.2022 12:20,21.07.2022 10:08,Surin,department of highways,other,speeding,rollover/fallen on straight road,1,0,0,clear,14.72085013,103.6728662,straight road,no slope,2022-06-06T05:20:00Z
7557769,6.06.2022 12:59,12.01.2023 10:46,Nakhon Ratchasima,department of highways,other,speeding,rollover/fallen on straight road,1,0,0,clear,14.8872644,101.8718621,straight road,no slope,2022-06-06T05:59:00Z
6374741,6.06.2022 14:30,15.06.2022 10:45,Kanchanaburi,department of highways,7-10-wheel truck,speeding,other,1,0,0,clear,13.90341672,99.74597542,straight road,no slope,2022-06-06T07:30:00Z
6566804,6.06.2022 14:30,7.06.2022 15:47,Phrae,department of rural roads,motorcycle,cutting in closely by people/vehicles/animals,other,1,0,1,dark,18.049915,100.135384,straight road,other,2022-06-06T07:30:00Z
6386573,6.06.2022 14:50,17.06.2022 10:14,Surat Thani,department of highways,4-wheel pickup truck,speeding,rollover/fallen on straight road,1,0,1,rainy,9.618939287,99.12659703,straight road,no slope,2022-06-06T07:50:00Z
7558082,6.06.2022 15:07,12.01.2023 13:24,Chon Buri,department of highways,4-wheel pickup truck,speeding,rear-end collision,2,0,1,clear,13.30177192,100.9971642,straight road,no slope,2022-06-06T08:07:00Z
6470894,6.06.2022 15:30,1.07.2022 07:16,Surat Thani,department of highways,4-wheel pickup truck,speeding,rollover/fallen on curved road,1,0,0,rainy,8.873125164,98.82762729,wide curve,no slope,2022-06-06T08:30:00Z
6386566,6.06.2022 16:00,17.06.2022 10:13,Surat Thani,department of highways,4-wheel pickup truck,speeding,rollover/fallen on straight road,1,0,2,rainy,9.676338554,99.11110459,straight road,no slope,2022-06-06T09:00:00Z
6464927,6.06.2022 16:00,30.06.2022 08:26,Loburi,department of highways,large truck with trailer,falling asleep,rollover/fallen on straight road,1,0,0,clear,15.17413227,100.6786761,straight road,no slope,2022-06-06T09:00:00Z
7027204,6.06.2022 16:10,3.10.2022 11:04,Nakhon Si Thammarat,department of highways,motorcycle,speeding,rear-end collision,2,0,1,clear,8.16386463,99.65973972,other,other,2022-06-06T09:10:00Z
6470896,6.06.2022 16:17,1.07.2022 07:17,Surat Thani,department of highways,large truck with trailer,speeding,rear-end collision,2,0,0,clear,8.498012073,99.23119246,straight road,no slope,2022-06-06T09:17:00Z
6445214,6.06.2022 17:00,27.06.2022 09:38,Mae Hong Son,department of highways,private/passenger car,speeding,head-on collision (not overtaking),2,0,0,rainy,19.38775033,97.96614467,wide curve,slope area,2022-06-06T10:00:00Z
6417128,6.06.2022 17:48,22.06.2022 13:19,Bangkok,department of highways,4-wheel pickup truck,speeding,rollover/fallen on curved road,1,0,1,clear,13.72983327,100.7563045,other,other,2022-06-06T10:48:00Z
6445689,6.06.2022 19:00,27.06.2022 10:40,Mukdahan,department of highways,motorcycle,speeding,pedestrian collision,1,1,1,clear,16.22640829,104.8611572,straight road,no slope,2022-06-06T12:00:00Z
7424834,6.06.2022 19:00,2.12.2022 11:08,Phrae,department of highways,4-wheel pickup truck,speeding,rollover/fallen on straight road,1,0,0,clear,18.13100175,100.1585555,straight road,no slope,2022-06-06T12:00:00Z
6381233,6.06.2022 19:20,16.06.2022 13:42,Ratchaburi,department of highways,private/passenger car,cutting in closely by people/vehicles/animals,rear-end collision,3,0,3,clear,13.54591272,99.84082638,straight road,no slope,2022-06-06T12:20:00Z
6345539,6.06.2022 19:30,10.06.2022 13:32,Phrae,department of highways,motorcycle,speeding,rear-end collision,2,0,1,clear,18.17332583,100.1807991,straight road,no slope,2022-06-06T12:30:00Z
6445270,6.06.2022 21:09,27.06.2022 09:48,Samut Prakan,expressway authority of thailand,6-wheel truck,other,rear-end collision,2,0,1,rainy,13.634679,100.541267,grade-separated intersection/ramps,other,2022-06-06T14:09:00Z
7558047,6.06.2022 21:30,12.01.2023 12:59,Rayong,department of highways,4-wheel pickup truck,speeding,rollover/fallen on curved road,1,0,0,rainy,12.71517924,101.0256171,wide curve,no slope,2022-06-06T14:30:00Z
6532342,6.06.2022 22:20,11.07.2022 11:52,Suphan Buri,department of highways,4-wheel pickup truck,cutting in closely by people/vehicles/animals,rear-end collision,2,0,4,clear,14.75114788,100.0979832,other,other,2022-06-06T15:20:00Z
6446264,6.06.2022 23:30,27.06.2022 13:17,Yala,department of highways,private/passenger car,speeding,rollover/fallen on straight road,1,0,1,clear,6.587239145,101.2609327,straight road,no slope,2022-06-06T16:30:00Z
6458052,6.06.2022 23:30,29.06.2022 07:03,Kamphaeng Phet,department of highways,large truck with trailer,other,rollover/fallen on straight road,1,1,0,clear,16.2611546,99.68650548,straight road,no slope,2022-06-06T16:30:00Z
6338293,7.06.2022 00:21,9.06.2022 13:54,Bangkok,department of highways,4-wheel pickup truck,speeding,rollover/fallen on straight road,1,0,0,clear,13.73238411,100.7072845,straight road,no slope,2022-06-06T17:21:00Z
6331779,7.06.2022 00:48,8.06.2022 15:05,Sukhothai,department of highways,4-wheel pickup truck,speeding,rollover/fallen on straight road,1,0,0,clear,17.30844205,99.75019454,straight road,no slope,2022-06-06T17:48:00Z
6445837,7.06.2022 01:00,27.06.2022 11:10,Narathiwat,department of highways,4-wheel pickup truck,falling asleep,rollover/fallen on straight road,1,0,1,clear,6.441466969,101.6887718,straight road,no slope,2022-06-06T18:00:00Z
6369625,7.06.2022 02:00,14.06.2022 15:17,Phra Nakhon Si Ayutthaya,department of highways,large truck with trailer,speeding,rollover/fallen on straight road,1,0,0,clear,14.16431083,100.2911988,straight road,no slope,2022-06-06T19:00:00Z
6423288,7.06.2022 03:27,23.06.2022 11:12,Bangkok,expressway authority of thailand,4-wheel pickup truck,other,rear-end collision,2,0,0,clear,13.817965,100.624077,straight road,other,2022-06-06T20:27:00Z
6549603,7.06.2022 03:30,14.07.2022 13:32,Khon Kaen,department of highways,4-wheel pickup truck,speeding,rollover/fallen on straight road,1,0,1,clear,16.61250845,101.9908047,straight road,no slope,2022-06-06T20:30:00Z
6452617,7.06.2022 04:04,28.06.2022 10:43,Nakhon Ratchasima,department of highways,large truck with trailer,speeding,rear-end collision,2,0,2,clear,14.36831882,101.8489265,straight road,slope area,2022-06-06T21:04:00Z
6452388,7.06.2022 04:55,28.06.2022 09:55,Nakhon Ratchasima,department of highways,private/passenger car,falling asleep,rollover/fallen on straight road,1,0,1,clear,15.05009497,102.3587045,straight road,no slope,2022-06-06T21:55:00Z
6500609,7.06.2022 05:00,6.07.2022 07:20,Tak,department of highways,7-10-wheel truck,falling asleep,rollover/fallen on straight road,1,0,0,clear,16.71191808,99.23778533,straight road,no slope,2022-06-06T22:00:00Z
6379872,7.06.2022 07:30,16.06.2022 08:51,Chon Buri,department of highways,4-wheel pickup truck,speeding,rollover/fallen on straight road,1,0,0,clear,13.16445751,101.1624125,straight road,no slope,2022-06-07T00:30:00Z
6386544,7.06.2022 08:20,17.06.2022 10:06,Nakhon Si Thammarat,department of highways,4-wheel pickup truck,speeding,rear-end collision,2,0,1,clear,8.949649666,99.89617644,straight road,no slope,2022-06-07T01:20:00Z
7564380,7.06.2022 09:10,19.01.2023 14:18,Prachin Buri,department of highways,van,speeding,collision at intersection corner,2,0,0,clear,14.09844727,101.4407587,other,other,2022-06-07T02:10:00Z
6445318,7.06.2022 09:16,27.06.2022 09:55,Samut Prakan,expressway authority of thailand,4-wheel pickup truck,other,rear-end collision,8,0,1,clear,13.627311,100.594099,straight road,other,2022-06-07T02:16:00Z
6412729,7.06.2022 10:00,21.06.2022 19:22,Si Sa Ket,department of highways,4-wheel pickup truck,speeding,rear-end collision,4,0,1,clear,14.72454938,104.6278909,straight road,no slope,2022-06-07T03:00:00Z
6692352,7.06.2022 10:00,10.08.2022 09:13,Trang,department of highways,other,speeding,rollover/fallen on straight road,1,0,0,clear,7.660014328,99.47767405,straight road,no slope,2022-06-07T03:00:00Z
6805189,7.06.2022 10:00,29.08.2022 09:48,Maha Sarakham,department of highways,4-wheel pickup truck,falling asleep,collision with obstruction (on road surface),2,0,1,clear,16.4175281,103.0803823,wide curve,no slope,2022-06-07T03:00:00Z
6417104,7.06.2022 10:07,22.06.2022 13:11,Bangkok,department of highways,4-wheel pickup truck,overloaded vehicle,other,1,0,0,clear,13.73272283,100.7887968,straight road,no slope,2022-06-07T03:07:00Z
6566814,7.06.2022 10:30,30.06.2022 15:29,Chiang Mai,department of rural roads,large truck with trailer,speeding,other,1,0,1,clear,18.742299,99.002204,wide curve,no slope,2022-06-07T03:30:00Z
6579482,7.06.2022 10:30,20.07.2022 11:57,Ang Thong,department of highways,private/passenger car,speeding,rollover/fallen on curved road,1,0,0,clear,14.59820247,100.4427999,wide curve,no slope,2022-06-07T03:30:00Z
7564373,7.06.2022 10:30,19.01.2023 14:14,Prachin Buri,department of highways,large truck with trailer,speeding,rollover/fallen on straight road,1,0,0,clear,13.99369283,101.7637798,straight road,no slope,2022-06-07T03:30:00Z
6325970,7.06.2022 11:30,7.06.2022 16:26,Samut Prakan,department of highways,4-wheel pickup truck,speeding,collision with obstruction (on road surface),1,0,0,clear,13.53054565,100.6869641,straight road,no slope,2022-06-07T04:30:00Z
6374066,7.06.2022 11:50,15.06.2022 08:10,Suphan Buri,department of highways,motorcycle,cutting in closely by people/vehicles/animals,collision at intersection corner,2,1,0,clear,14.46109821,100.088979,other,other,2022-06-07T04:50:00Z
6410750,7.06.2022 12:00,21.06.2022 11:40,Nakhon Pathom,department of highways,6-wheel truck,speeding,rear-end collision,3,0,0,clear,13.7960001,100.0945821,straight road,no slope,2022-06-07T05:00:00Z
6777771,7.06.2022 13:00,24.08.2022 12:31,Si Sa Ket,department of highways,4-wheel pickup truck,falling asleep,rollover/fallen on straight road,1,0,0,clear,14.76051132,104.5019638,straight road,no slope,2022-06-07T06:00:00Z
7522085,7.06.2022 13:20,30.12.2022 12:46,Phrae,department of highways,6-wheel truck,worn-out/tire blowout,rollover/fallen on straight road,1,0,0,clear,18.21030703,100.1992473,straight road,no slope,2022-06-07T06:20:00Z
6363368,7.06.2022 13:30,13.06.2022 14:26,Nakhon Sawan,department of highways,4-wheel pickup truck,speeding,rollover/fallen on straight road,1,0,2,clear,15.52588105,100.1268384,straight road,no slope,2022-06-07T06:30:00Z
6374250,7.06.2022 14:05,15.06.2022 08:57,Chachoengsao,department of highways,private/passenger car,speeding,rear-end collision,3,0,0,clear,13.51595215,101.028538,straight road,no slope,2022-06-07T07:05:00Z
6325865,7.06.2022 14:45,7.06.2022 15:56,Phetchaburi,department of highways,4-wheel pickup truck,speeding,rollover/fallen on straight road,1,0,2,rainy,12.74132128,99.92952435,straight road,no slope,2022-06-07T07:45:00Z
6386741,7.06.2022 15:30,17.06.2022 10:43,Surat Thani,department of highways,large truck with trailer,speeding,collision with obstruction (on road surface),2,0,0,rainy,8.544302607,99.34471159,straight road,no slope,2022-06-07T08:30:00Z
6470895,7.06.2022 15:40,1.07.2022 07:19,Surat Thani,department of highways,private/passenger car,speeding,rollover/fallen on straight road,1,0,0,clear,8.544302607,99.34471159,straight road,no slope,2022-06-07T08:40:00Z
6344673,7.06.2022 16:00,10.06.2022 10:49,Phrae,department of highways,4-wheel pickup truck,speeding,rollover/fallen on curved road,1,0,1,clear,18.155616,99.9765542,wide curve,slope area,2022-06-07T09:00:00Z
6344926,7.06.2022 16:13,10.06.2022 11:17,Samut Prakan,department of highways,4-wheel pickup truck,speeding,rear-end collision,2,0,0,clear,13.66546435,100.8509409,straight road,no slope,2022-06-07T09:13:00Z
6466911,7.06.2022 16:20,30.06.2022 15:23,Rayong,department of highways,private/passenger car,speeding,rollover/fallen on straight road,1,1,0,clear,12.83838055,101.1227292,other,other,2022-06-07T09:20:00Z
6445644,7.06.2022 16:30,27.06.2022 10:37,Lampang,department of highways,large truck with trailer,speeding,rollover/fallen on curved road,1,0,0,clear,18.5520238,99.85126285,wide curve,slope area,2022-06-07T09:30:00Z
7536850,7.06.2022 18:00,2.01.2023 09:33,Phrae,department of highways,4-wheel pickup truck,speeding,rollover/fallen on straight road,1,0,0,clear,18.36216771,100.3523102,wide curve,no slope,2022-06-07T11:00:00Z
6416027,7.06.2022 18:20,22.06.2022 09:03,Maha Sarakham,department of highways,4-wheel pickup truck,speeding,rollover/fallen on straight road,1,0,1,clear,16.02575784,103.1623292,straight road,no slope,2022-06-07T11:20:00Z
6495903,7.06.2022 19:30,5.07.2022 14:48,Surat Thani,department of highways,4-wheel pickup truck,speeding,rollover/fallen on straight road,1,0,0,rainy,9.495879008,99.20129924,straight road,no slope,2022-06-07T12:30:00Z
7451484,7.06.2022 19:50,10.12.2022 13:41,Bangkok,department of highways,motorcycle,speeding,rear-end collision,2,0,1,clear,13.6695223,100.451674,straight road,no slope,2022-06-07T12:50:00Z
6417203,7.06.2022 20:14,22.06.2022 13:33,Chon Buri,department of highways,private/passenger car,speeding,rear-end collision,2,1,1,clear,12.95131414,100.9472591,straight road,no slope,2022-06-07T13:14:00Z
7564415,8.06.2022 00:53,19.01.2023 14:45,Prachin Buri,department of highways,large truck with trailer,speeding,rear-end collision,4,0,3,clear,14.19596651,101.8955245,straight road,no slope,2022-06-07T17:53:00Z
6337400,8.06.2022 01:30,9.06.2022 10:24,Phetchabun,department of highways,large truck with trailer,speeding,rear-end collision,2,1,0,clear,16.56406333,101.1517909,straight road,no slope,2022-06-07T18:30:00Z
6363370,8.06.2022 03:00,13.06.2022 14:25,Nakhon Sawan,department of highways,large truck with trailer,falling asleep,collision with obstruction (on road surface),1,1,0,clear,15.41305442,100.1470756,other,other,2022-06-07T20:00:00Z
6584897,8.06.2022 03:00,21.07.2022 10:04,Khon Kaen,department of highways,private/passenger car,speeding,rollover/fallen on straight road,1,0,1,clear,15.97698438,102.6946726,straight road,no slope,2022-06-07T20:00:00Z
7331607,8.06.2022 05:50,30.06.2022 13:14,Phra Nakhon Si Ayutthaya,department of highways,large truck with trailer,speeding,head-on collision (not overtaking),6,0,9,clear,14.5785242,100.531404,other,other,2022-06-07T22:50:00Z
6446916,8.06.2022 06:00,27.06.2022 15:07,Nakhon Ratchasima,department of highways,large truck with trailer,speeding,rollover/fallen on straight road,1,0,0,clear,14.82890923,101.5468776,straight road,no slope,2022-06-07T23:00:00Z
7522148,8.06.2022 06:30,30.12.2022 13:02,Phrae,department of highways,4-wheel pickup truck,speeding,rollover/fallen on straight road,1,0,0,clear,18.23240842,100.2119824,wide curve,no slope,2022-06-07T23:30:00Z
6896842,8.06.2022 07:00,13.09.2022 13:24,Loei,department of highways,large truck with trailer,speeding,rollover/fallen on straight road,1,0,0,clear,17.45946666,101.4065122,straight road,no slope,2022-06-08T00:00:00Z
6566813,8.06.2022 07:30,13.06.2022 13:32,Nakhon Si Thammarat,department of rural roads,motorcycle,cutting in closely by people/vehicles/animals,other,2,1,1,clear,8.630144,99.927038,t-intersection,other,2022-06-08T00:30:00Z
6331522,8.06.2022 08:00,8.06.2022 14:01,Sukhothai,department of highways,private/passenger car,speeding,rear-end collision,2,0,1,clear,17.01590117,99.73544239,other,other,2022-06-08T01:00:00Z
6362554,8.06.2022 08:05,13.06.2022 10:52,Kamphaeng Phet,department of highways,4-wheel pickup truck,vehicle equipment failure,rollover/fallen on curved road,1,0,1,clear,16.49322971,99.48171882,wide curve,no slope,2022-06-08T01:05:00Z
6465534,8.06.2022 08:05,30.06.2022 10:29,Saraburi,department of highways,6-wheel truck,speeding,rear-end collision,2,0,0,clear,14.37256182,100.8813223,other,other,2022-06-08T01:05:00Z
7565082,8.06.2022 08:10,20.01.2023 08:44,Pathum Thani,department of highways,4-wheel pickup truck,speeding,rollover/fallen on straight road,1,0,0,clear,13.9613037,100.5187547,straight road,no slope,2022-06-08T01:10:00Z
6465796,8.06.2022 08:40,30.06.2022 11:16,Si Sa Ket,department of highways,6-wheel truck,speeding,rollover/fallen on straight road,1,0,0,clear,15.10453416,104.635047,straight road,no slope,2022-06-08T01:40:00Z
6566805,8.06.2022 08:49,10.06.2022 09:10,Phra Nakhon Si Ayutthaya,department of rural roads,motorcycle,speeding,other,2,2,1,clear,14.348644,100.620838,straight road,no slope,2022-06-08T01:49:00Z
6415907,8.06.2022 10:00,22.06.2022 08:41,Tak,department of highways,4-wheel pickup truck,speeding,head-on collision (not overtaking),2,0,1,rainy,16.94652611,98.57346116,wide curve,slope area,2022-06-08T03:00:00Z
6702112,8.06.2022 10:30,11.08.2022 13:37,Surat Thani,department of highways,4-wheel pickup truck,cutting in closely by people/vehicles/animals,rollover/fallen on straight road,1,0,1,clear,9.205174793,99.67897384,straight road,no slope,2022-06-08T03:30:00Z
6374351,8.06.2022 10:47,15.06.2022 09:20,Chachoengsao,department of highways,private/passenger car,speeding,rear-end collision,2,0,0,clear,13.51594954,101.0285434,straight road,no slope,2022-06-08T03:47:00Z
6637721,8.06.2022 12:00,1.08.2022 09:14,Yasothon,department of highways,4-wheel pickup truck,speeding,rollover/fallen on straight road,1,0,1,clear,15.60316139,104.3838984,straight road,no slope,2022-06-08T05:00:00Z
6331489,8.06.2022 12:05,8.06.2022 13:54,Suphan Buri,department of highways,4-wheel pickup truck,cutting in closely by people/vehicles/animals,collision at intersection corner,2,0,0,clear,14.6393833,99.91499482,other,other,2022-06-08T05:05:00Z
6411230,8.06.2022 12:50,21.06.2022 13:53,Chumphon,department of highways,4-wheel pickup truck,ignoring stop sign while leaving intersection,collision at intersection corner,2,0,1,clear,10.58215305,99.11448149,other,other,2022-06-08T05:50:00Z
6465669,8.06.2022 13:05,30.06.2022 10:52,Kanchanaburi,department of highways,private/passenger car,cutting in closely by people/vehicles/animals,rear-end collision,2,1,2,clear,14.10807751,99.41233544,straight road,no slope,2022-06-08T06:05:00Z
6412825,8.06.2022 13:30,21.06.2022 19:41,Trang,department of highways,private/passenger car,speeding,rollover/fallen on straight road,1,0,3,clear,7.992140628,99.63565885,other,other,2022-06-08T06:30:00Z
6445839,8.06.2022 13:30,27.06.2022 11:11,Narathiwat,department of highways,6-wheel truck,falling asleep,collision with obstruction (on road surface),2,0,1,clear,6.40053201,101.78650879999999,straight road,no slope,2022-06-08T06:30:00Z
6501893,8.06.2022 13:30,6.07.2022 11:34,Trat,department of highways,large truck with trailer,speeding,rollover/fallen on straight road,1,0,1,clear,12.45722867,102.4923161,other,other,2022-06-08T06:30:00Z
6730178,8.06.2022 13:30,16.08.2022 15:29,Bangkok,department of highways,large truck with trailer,speeding,rollover/fallen on curved road,1,0,0,clear,13.72998439,100.758107,wide curve,no slope,2022-06-08T06:30:00Z
6453380,8.06.2022 14:30,28.06.2022 13:55,Uttaradit,department of highways,4-wheel pickup truck,falling asleep,rollover/fallen on straight road,1,0,3,clear,17.2529704,100.2433106,straight road,no slope,2022-06-08T07:30:00Z
6470595,8.06.2022 14:40,1.07.2022 06:16,Samut Sakhon,department of highways,large truck with trailer,speeding,rollover/fallen on straight road,1,0,0,rainy,13.64841605,100.0909075,straight road,no slope,2022-06-08T07:40:00Z
6590632,8.06.2022 14:50,22.07.2022 08:16,Ratchaburi,department of highways,7-10-wheel truck,speeding,other,1,0,0,clear,13.4560119,99.80085342,straight road,no slope,2022-06-08T07:50:00Z
6458695,8.06.2022 15:50,29.06.2022 09:03,Phetchabun,department of highways,4-wheel pickup truck,vehicle equipment failure,rollover/fallen on straight road,1,0,0,clear,15.39483447,101.1029211,straight road,no slope,2022-06-08T08:50:00Z
6466245,8.06.2022 17:10,30.06.2022 13:10,Kanchanaburi,department of highways,van,speeding,rear-end collision,2,0,1,clear,14.08588728,99.7353646,straight road,no slope,2022-06-08T10:10:00Z
6343706,8.06.2022 17:15,10.06.2022 09:04,Phetchaburi,department of highways,6-wheel truck,speeding,rear-end collision,2,0,1,clear,12.75654165,99.93269204,straight road,no slope,2022-06-08T10:15:00Z
7439394,8.06.2022 17:15,7.12.2022 10:13,Kanchanaburi,department of highways,passenger pickup truck,cutting in closely by people/vehicles/animals,head-on collision (not overtaking),2,0,1,clear,14.00133396,99.56961213,other,other,2022-06-08T10:15:00Z
6416380,8.06.2022 17:31,22.06.2022 10:21,Chachoengsao,department of highways,private/passenger car,speeding,rear-end collision,4,0,0,clear,13.51525062,101.0290718,straight road,no slope,2022-06-08T10:31:00Z
6470436,8.06.2022 18:00,1.07.2022 05:53,Chachoengsao,department of highways,large truck with trailer,running red lights/traffic signals,rear-end collision,2,0,0,clear,13.68579767,101.4138883,other,other,2022-06-08T11:00:00Z
6566856,8.06.2022 20:07,20.06.2022 10:54,buogkan,department of rural roads,private/passenger car,speeding,other,1,0,0,clear,18.266811,103.777527,wide curve,no slope,2022-06-08T13:07:00Z
6444986,8.06.2022 20:14,27.06.2022 09:03,Chiang Mai,department of highways,private/passenger car,speeding,rollover/fallen on curved road,1,0,0,rainy,19.20016907,98.96408199,wide curve,no slope,2022-06-08T13:14:00Z
7557713,8.06.2022 21:20,12.01.2023 10:37,Nakhon Ratchasima,department of highways,private/passenger car,speeding,rear-end collision,2,1,0,clear,15.10577585,101.4435536,straight road,no slope,2022-06-08T14:20:00Z
6470566,8.06.2022 22:00,1.07.2022 06:13,Nakhon Pathom,department of highways,4-wheel pickup truck,speeding,rear-end collision,2,0,0,rainy,13.80193123,100.0955102,straight road,no slope,2022-06-08T15:00:00Z
6584931,8.06.2022 22:00,21.07.2022 10:05,unknown,department of highways,private/passenger car,speeding,rollover/fallen on straight road,1,0,0,clear,16.36773196,102.6918805,straight road,no slope,2022-06-08T15:00:00Z
6741863,8.06.2022 22:17,18.08.2022 15:31,Phetchabun,department of highways,4-wheel pickup truck,speeding,rollover/fallen on straight road,1,0,0,clear,16.87510803,101.2412909,straight road,no slope,2022-06-08T15:17:00Z
6896986,8.06.2022 22:20,13.09.2022 13:49,Phetchabun,department of highways,4-wheel pickup truck,speeding,rollover/fallen on straight road,1,0,0,clear,17.00401555,101.3647771,straight road,no slope,2022-06-08T15:20:00Z
7567869,8.06.2022 22:30,24.01.2023 06:56,Nakhon Pathom,department of highways,private/passenger car,speeding,rollover/fallen on straight road,1,0,0,clear,13.81282489,100.0795981,straight road,no slope,2022-06-08T15:30:00Z
6680191,8.06.2022 23:07,8.08.2022 10:24,Surin,department of highways,private/passenger car,speeding,rollover/fallen on curved road,1,0,0,clear,14.43468021,103.3202362,wide curve,no slope,2022-06-08T16:07:00Z
6465797,9.06.2022 00:30,30.06.2022 11:17,Si Sa Ket,department of highways,private/passenger car,speeding,rollover/fallen on straight road,1,0,0,clear,15.1002795,104.5075348,straight road,no slope,2022-06-08T17:30:00Z
6416296,9.06.2022 01:00,22.06.2022 10:08,Chon Buri,department of highways,private/passenger car,cutting in closely by people/vehicles/animals,rollover/fallen on straight road,1,0,0,clear,13.07086169,100.9948307,straight road,no slope,2022-06-08T18:00:00Z
6445306,9.06.2022 02:00,27.06.2022 09:54,Lampang,department of highways,4-wheel pickup truck,speeding,rollover/fallen on straight road,1,0,0,clear,18.32121366,99.33660595,straight road,no slope,2022-06-08T19:00:00Z
6445965,9.06.2022 02:00,27.06.2022 11:42,Yala,department of highways,4-wheel pickup truck,speeding,rollover/fallen on straight road,1,0,1,clear,6.584007093,101.2613484,other,other,2022-06-08T19:00:00Z
6444909,9.06.2022 03:00,27.06.2022 08:47,Nakhon Phanom,department of highways,private/passenger car,speeding,rollover/fallen on straight road,1,0,0,clear,17.45500945,104.7426224,straight road,no slope,2022-06-08T20:00:00Z
6375145,9.06.2022 04:20,15.06.2022 11:56,Phra Nakhon Si Ayutthaya,department of highways,4-wheel pickup truck,speeding,rollover/fallen on straight road,1,0,0,clear,14.23992813,100.7389641,straight road,no slope,2022-06-08T21:20:00Z
6386244,9.06.2022 04:30,17.06.2022 09:08,Nakhon Si Thammarat,department of highways,motorcycle,speeding,rollover/fallen on straight road,1,2,2,clear,8.023476765,100.3188121,other,other,2022-06-08T21:30:00Z
6417206,9.06.2022 05:50,22.06.2022 13:30,Bangkok,department of highways,large truck with trailer,speeding,rear-end collision,2,0,0,clear,13.89818337,100.693801,straight road,no slope,2022-06-08T22:50:00Z
6446555,9.06.2022 06:00,27.06.2022 14:08,Nakhon Ratchasima,department of highways,7-10-wheel truck,speeding,rollover/fallen on straight road,1,0,0,clear,15.02600987,102.0796153,straight road,no slope,2022-06-08T23:00:00Z
6362550,9.06.2022 06:30,13.06.2022 10:52,Tak,department of highways,4-wheel pickup truck,speeding,rollover/fallen on straight road,1,0,0,clear,17.13095049,99.10328327,straight road,no slope,2022-06-08T23:30:00Z
6375949,9.06.2022 06:50,15.06.2022 15:03,Phra Nakhon Si Ayutthaya,department of highways,7-10-wheel truck,speeding,rollover/fallen on straight road,1,0,2,clear,14.23951736,100.7130647,straight road,no slope,2022-06-08T23:50:00Z
6446915,9.06.2022 07:50,27.06.2022 15:06,Nakhon Ratchasima,department of highways,4-wheel pickup truck,speeding,rear-end collision,3,1,0,clear,14.98887701,102.0531607,straight road,no slope,2022-06-09T00:50:00Z
7414456,9.06.2022 08:19,28.11.2022 14:32,Saraburi,department of highways,private/passenger car,running red lights/traffic signals,collision at intersection corner,2,0,3,clear,14.77276877,101.2204313,other,other,2022-06-09T01:19:00Z
6373994,9.06.2022 08:30,15.06.2022 07:57,Kanchanaburi,department of highways,motorcycle,speeding,rollover/fallen on straight road,1,1,0,clear,14.09191241,99.65740888,straight road,no slope,2022-06-09T01:30:00Z
6380256,9.06.2022 08:30,16.06.2022 09:50,Chachoengsao,department of highways,pedestrian,speeding,pedestrian collision,1,1,0,clear,13.65788516,101.143012,straight road,no slope,2022-06-09T01:30:00Z
6351954,9.06.2022 09:00,11.06.2022 13:07,Bangkok,department of highways,other,speeding,rollover/fallen on straight road,1,0,0,clear,13.86891871,100.67866,straight road,no slope,2022-06-09T02:00:00Z