acc_code,incident_datetime,report_datetime,province_en,agency,vehicle_type,presumed_cause,accident_type,number_of_vehicles_involved,number_of_fatalities,number_of_injuries,weather_condition,latitude,longitude,road_description,slope_description,incident_time
6429356,9.06.2022 09:00,24.06.2022 13:56,Chiang Mai,department of highways,4-wheel pickup truck,speeding,rollover/fallen on curved road,1,0,0,clear,18.54382298,98.54650764,wide curve,no slope,2022-06-09T02:00:00Z
7560841,9.06.2022 09:00,16.01.2023 14:42,Bangkok,department of highways,private/passenger car,speeding,rollover/fallen on straight road,1,0,0,clear,13.81896055,100.6797919,straight road,no slope,2022-06-09T02:00:00Z
7331609,9.06.2022 09:08,1.08.2022 09:04,Phetchabun,department of highways,4-wheel pickup truck,speeding,rear-end collision,2,0,1,clear,16.7543853,101.2108156,wide curve,slope area,2022-06-09T02:08:00Z
6351787,9.06.2022 10:00,11.06.2022 12:19,Bangkok,department of highways,other,speeding,rollover/fallen on straight road,1,0,0,clear,13.86467934,100.6773913,straight road,no slope,2022-06-09T03:00:00Z
6379860,9.06.2022 10:00,16.06.2022 08:45,Chon Buri,department of highways,other,speeding,rollover/fallen on straight road,1,0,0,clear,13.495779,101.2729329,straight road,no slope,2022-06-09T03:00:00Z
6687512,9.06.2022 10:00,9.08.2022 14:09,Loburi,department of highways,other,speeding,rollover/fallen on straight road,1,0,0,clear,15.22885014,101.127136,straight road,no slope,2022-06-09T03:00:00Z
6687555,9.06.2022 10:00,9.08.2022 14:10,Loburi,department of highways,4-wheel pickup truck,vehicle equipment failure,rollover/fallen on straight road,1,0,0,clear,15.24708714,101.1258083,straight road,no slope,2022-06-09T03:00:00Z
6351570,9.06.2022 10:15,11.06.2022 11:14,Bangkok,department of highways,other,speeding,rollover/fallen on straight road,1,0,0,clear,13.84445792,100.6725821,straight road,no slope,2022-06-09T03:15:00Z
6380104,9.06.2022 10:30,16.06.2022 09:33,Chachoengsao,department of highways,motorcycle,cutting in closely by people/vehicles/animals,other,2,1,0,clear,13.60828345,101.2450218,connecting to public/commercial area,other,2022-06-09T03:30:00Z
6692350,9.06.2022 11:00,10.08.2022 09:14,Trang,department of highways,private/passenger car,speeding,rollover/fallen on straight road,1,0,0,clear,7.999264379,99.63861196,straight road,no slope,2022-06-09T04:00:00Z
6416883,9.06.2022 11:05,22.06.2022 12:13,Pathum Thani,department of highways,other,speeding,rollover/fallen on straight road,1,0,0,clear,14.0922402,100.6912771,straight road,no slope,2022-06-09T04:05:00Z
6340398,9.06.2022 11:10,9.06.2022 21:38,Nakhon Si Thammarat,department of highways,4-wheel pickup truck,speeding,rear-end collision,2,2,2,clear,8.374370924,99.54187004,straight road,no slope,2022-06-09T04:10:00Z
6363374,9.06.2022 11:30,13.06.2022 14:26,Tak,department of highways,4-wheel pickup truck,speeding,rollover/fallen on curved road,1,0,3,clear,16.76091393,98.74055474,wide curve,slope area,2022-06-09T04:30:00Z
6446107,9.06.2022 12:00,27.06.2022 12:31,Lamphun,department of highways,motorcycle,speeding,rear-end collision,2,1,0,clear,18.55765099,99.04603689,straight road,no slope,2022-06-09T05:00:00Z
6344760,9.06.2022 12:30,10.06.2022 10:58,Uttaradit,department of highways,4-wheel pickup truck,speeding,rear-end collision,2,0,0,clear,18.09894985,101.0030275,wide curve,no slope,2022-06-09T05:30:00Z
6351229,9.06.2022 12:30,11.06.2022 09:47,Bangkok,department of highways,7-10-wheel truck,speeding,rollover/fallen on straight road,1,0,0,clear,13.76780893,100.6924975,straight road,no slope,2022-06-09T05:30:00Z
6381122,9.06.2022 14:00,16.06.2022 13:19,Prachuap Khiri Khan,department of highways,4-wheel pickup truck,speeding,rollover/fallen on curved road,1,0,0,clear,11.18909537,99.40197943,wide curve,no slope,2022-06-09T07:00:00Z
6444910,9.06.2022 15:30,27.06.2022 08:49,Nakhon Phanom,department of highways,private/passenger car,speeding,rollover/fallen on straight road,1,0,0,clear,17.08686574,104.59288,straight road,no slope,2022-06-09T08:30:00Z
7564417,9.06.2022 15:35,19.01.2023 14:45,Prachin Buri,department of highways,private/passenger car,speeding,rollover/fallen on straight road,1,0,1,clear,13.93266401,101.6937366,straight road,no slope,2022-06-09T08:35:00Z
6386130,9.06.2022 16:30,17.06.2022 08:32,Nakhon Si Thammarat,department of highways,4-wheel pickup truck,vehicle equipment failure,rear-end collision,2,0,2,clear,8.51808499,99.95288371,other,other,2022-06-09T09:30:00Z
6373969,9.06.2022 18:20,15.06.2022 07:50,Uthai Thani,department of highways,private/passenger car,speeding,rollover/fallen on straight road,1,0,1,clear,15.21464143,99.46805029,straight road,no slope,2022-06-09T11:20:00Z
6488846,9.06.2022 19:30,4.07.2022 11:19,Pathum Thani,department of highways,large truck with trailer,speeding,collision with obstruction (on road surface),1,0,0,rainy,14.09900137,100.5267128,other,other,2022-06-09T12:30:00Z
6380067,9.06.2022 20:20,16.06.2022 09:28,Chanthaburi,department of highways,large truck with trailer,speeding,rollover/fallen on straight road,1,0,1,clear,12.9076177,102.0377835,straight road,no slope,2022-06-09T13:20:00Z
7027256,9.06.2022 21:45,3.10.2022 11:11,Uttaradit,department of highways,4-wheel pickup truck,speeding,rollover/fallen on curved road,1,0,0,rainy,18.03301512,100.8997357,wide curve,no slope,2022-06-09T14:45:00Z
6546286,9.06.2022 23:30,13.07.2022 20:13,Krabi,department of highways,large truck with trailer,speeding,rollover/fallen on straight road,1,0,0,clear,8.07351714,98.83726715,other,other,2022-06-09T16:30:00Z
7563173,10.06.2022 00:30,18.01.2023 14:56,buogkan,department of highways,4-wheel pickup truck,speeding,rollover/fallen on straight road,1,0,1,clear,18.39868363,103.5727447,straight road,no slope,2022-06-09T17:30:00Z
6374019,10.06.2022 01:00,15.06.2022 08:03,Uthai Thani,department of highways,4-wheel pickup truck,speeding,rollover/fallen on straight road,1,1,1,rainy,15.54399127,99.47730391,straight road,no slope,2022-06-09T18:00:00Z
6424029,10.06.2022 01:00,23.06.2022 14:06,Sing Buri,department of highways,4-wheel pickup truck,cutting in closely by people/vehicles/animals,rollover/fallen on straight road,1,0,0,clear,14.86985464,100.2857753,straight road,no slope,2022-06-09T18:00:00Z
6938327,10.06.2022 01:00,19.09.2022 15:26,Nakhon Nayok,department of highways,4-wheel pickup truck,speeding,rollover/fallen on straight road,1,0,0,clear,14.25359484,101.0926804,straight road,no slope,2022-06-09T18:00:00Z
6344499,10.06.2022 01:40,10.06.2022 10:25,Bangkok,department of highways,7-10-wheel truck,speeding,rear-end collision,3,0,2,clear,13.67546443,100.6993773,straight road,no slope,2022-06-09T18:40:00Z
6407508,10.06.2022 01:43,20.06.2022 21:17,Ubon Ratchathani,department of highways,passenger pickup truck,speeding,rollover/fallen on straight road,1,0,0,clear,15.3437967,104.6356988,straight road,no slope,2022-06-09T18:43:00Z
7565418,10.06.2022 02:20,20.01.2023 11:06,Chanthaburi,department of highways,4-wheel pickup truck,speeding,rollover/fallen on straight road,1,0,0,clear,12.66175657,102.0735293,other,other,2022-06-09T19:20:00Z
7439060,10.06.2022 02:50,7.12.2022 10:15,Kanchanaburi,department of highways,private/passenger car,speeding,rollover/fallen on straight road,1,0,0,clear,14.00223703,99.56944583,straight road,no slope,2022-06-09T19:50:00Z
6351671,10.06.2022 03:30,11.06.2022 11:44,Bangkok,department of highways,private/passenger car,falling asleep,rollover/fallen on straight road,7,0,0,clear,13.73312668,100.6968024,straight road,no slope,2022-06-09T20:30:00Z
7565394,10.06.2022 03:35,20.01.2023 10:56,Chanthaburi,department of highways,4-wheel pickup truck,speeding,rollover/fallen on straight road,1,0,1,clear,12.73669325,102.2290948,straight road,no slope,2022-06-09T20:35:00Z
6464903,10.06.2022 04:00,30.06.2022 08:24,Loburi,department of highways,4-wheel pickup truck,speeding,rollover/fallen on straight road,1,0,0,clear,14.81060793,100.9115401,other,other,2022-06-09T21:00:00Z
7027441,10.06.2022 05:00,3.10.2022 11:46,Chachoengsao,department of highways,6-wheel truck,speeding,rear-end collision,2,0,1,clear,13.71877759,101.0459724,straight road,no slope,2022-06-09T22:00:00Z
6566859,10.06.2022 05:20,20.06.2022 11:08,Tak,department of rural roads,4-wheel pickup truck,falling asleep,other,1,0,1,clear,17.017529,99.39348,straight road,no slope,2022-06-09T22:20:00Z
6343554,10.06.2022 05:22,10.06.2022 08:40,Pathum Thani,department of highways,4-wheel pickup truck,speeding,rear-end collision,2,0,0,clear,14.08168312,100.6950295,straight road,no slope,2022-06-09T22:22:00Z
6446161,10.06.2022 07:20,27.06.2022 12:49,Lamphun,department of highways,4-wheel pickup truck,speeding,rollover/fallen on straight road,1,0,0,clear,18.50633578,99.11788254,wide curve,no slope,2022-06-10T00:20:00Z
6453187,10.06.2022 08:15,28.06.2022 13:13,Prachin Buri,department of highways,private/passenger car,speeding,rollover/fallen on straight road,1,0,2,clear,13.77468641,101.9396496,straight road,no slope,2022-06-10T01:15:00Z
6445255,10.06.2022 08:30,27.06.2022 09:42,Sakon Nakhon,department of highways,private/passenger car,speeding,rollover/fallen on straight road,1,0,1,clear,17.21823033,104.0446713,straight road,no slope,2022-06-10T01:30:00Z
6470470,10.06.2022 08:30,1.07.2022 05:59,Chanthaburi,department of highways,4-wheel pickup truck,speeding,rollover/fallen on straight road,1,0,0,clear,12.67558171,102.0956012,other,other,2022-06-10T01:30:00Z
6609292,10.06.2022 08:59,27.07.2022 14:12,Tak,department of highways,4-wheel pickup truck,speeding,rollover/fallen on curved road,1,0,0,clear,16.41876049,98.68753551,wide curve,no slope,2022-06-10T01:59:00Z
6452336,10.06.2022 09:03,28.06.2022 09:49,Nakhon Ratchasima,department of highways,motorcycle,cutting in closely by people/vehicles/animals,rear-end collision,2,0,1,clear,14.67300067,102.0153361,other,other,2022-06-10T02:03:00Z
6416708,10.06.2022 09:20,22.06.2022 11:20,Bangkok,department of highways,6-wheel truck,speeding,rear-end collision,2,0,0,clear,13.86818438,100.6783435,straight road,no slope,2022-06-10T02:20:00Z
6777743,10.06.2022 09:30,24.08.2022 12:29,Si Sa Ket,department of highways,4-wheel pickup truck,speeding,collision at intersection corner,2,0,1,clear,14.68939359,104.5801073,other,other,2022-06-10T02:30:00Z
6566831,10.06.2022 10:50,14.06.2022 11:11,Bangkok,department of rural roads,large truck with trailer,speeding,other,2,0,0,clear,13.684536,100.543357,straight road,slope area,2022-06-10T03:50:00Z
6545078,10.06.2022 11:00,13.07.2022 14:02,Ratchaburi,department of highways,7-10-wheel truck,speeding,rollover/fallen on curved road,1,0,0,clear,13.36606167,99.81296359,wide curve,no slope,2022-06-10T04:00:00Z
6346024,10.06.2022 11:31,10.06.2022 15:08,Bangkok,department of highways,4-wheel pickup truck,speeding,rear-end collision,2,0,0,clear,13.7299401,100.7272455,straight road,no slope,2022-06-10T04:31:00Z
6345958,10.06.2022 11:42,10.06.2022 14:50,Bangkok,department of highways,4-wheel pickup truck,speeding,rear-end collision,3,0,0,clear,13.729518,100.7435775,straight road,no slope,2022-06-10T04:42:00Z
7331611,10.06.2022 13:00,16.06.2022 09:29,Chachoengsao,department of highways,4-wheel pickup truck,speeding,head-on collision (not overtaking),2,1,2,clear,13.58495305,101.2189749,other,other,2022-06-10T06:00:00Z
7564422,10.06.2022 13:20,19.01.2023 14:47,Prachin Buri,department of highways,large truck with trailer,speeding,rollover/fallen on curved road,1,0,0,clear,13.9979949,101.763246,other,other,2022-06-10T06:20:00Z
6663662,10.06.2022 13:30,5.08.2022 12:02,Trat,department of highways,large truck with trailer,speeding,rollover/fallen on curved road,1,0,1,clear,12.36644397,102.3954213,wide curve,no slope,2022-06-10T06:30:00Z
7526914,10.06.2022 13:30,31.12.2022 09:07,Chiang Mai,department of highways,motorcycle,speeding,rear-end collision,2,0,0,clear,19.73858691,99.142929,straight road,no slope,2022-06-10T06:30:00Z
6380220,10.06.2022 14:00,16.06.2022 09:47,Tak,department of highways,7-10-wheel truck,speeding,rollover/fallen on straight road,1,0,0,clear,16.76637653,98.56022982,straight road,no slope,2022-06-10T07:00:00Z
6509477,10.06.2022 14:00,7.07.2022 16:17,Nakhon Sawan,department of highways,large truck with trailer,speeding,rollover/fallen on curved road,1,0,0,clear,15.14160542,100.4122764,wide curve,no slope,2022-06-10T07:00:00Z
6936731,10.06.2022 14:15,19.09.2022 09:41,Ranong,department of highways,4-wheel pickup truck,falling asleep,rollover/fallen on straight road,1,0,1,clear,9.925077129,98.63132714,straight road,no slope,2022-06-10T07:15:00Z
7569599,10.06.2022 14:55,25.01.2023 14:41,Sa Kaeo,department of highways,private/passenger car,speeding,rollover/fallen on straight road,1,0,1,clear,13.90947528,102.4467829,straight road,no slope,2022-06-10T07:55:00Z
6445646,10.06.2022 15:00,27.06.2022 10:39,Mukdahan,department of highways,large truck with trailer,speeding,rollover/fallen on straight road,1,0,1,clear,16.47226546,104.6538412,straight road,no slope,2022-06-10T08:00:00Z
6369313,10.06.2022 15:13,14.06.2022 14:18,Samut Prakan,department of highways,private/passenger car,speeding,rear-end collision,3,0,0,clear,13.66694211,100.848645,straight road,no slope,2022-06-10T08:13:00Z
6434891,10.06.2022 15:15,25.06.2022 13:47,Chiang Mai,department of highways,private/passenger car,cutting in closely by people/vehicles/animals,head-on collision (not overtaking),2,0,1,clear,18.71091961,99.13033871,wide curve,no slope,2022-06-10T08:15:00Z
6466559,10.06.2022 15:20,30.06.2022 14:19,Loburi,department of highways,large truck with trailer,vehicle equipment failure,collision with obstruction (on road surface),4,0,0,clear,14.77411223,100.9132406,other,other,2022-06-10T08:20:00Z
7565300,10.06.2022 15:22,20.01.2023 09:58,Trang,department of highways,4-wheel pickup truck,speeding,rollover/fallen on straight road,1,0,1,clear,7.992002508,99.63572322,other,other,2022-06-10T08:22:00Z
6446480,10.06.2022 15:29,27.06.2022 13:55,Nakhon Ratchasima,department of highways,private/passenger car,speeding,head-on collision (not overtaking),3,1,2,clear,15.43590854,102.0463613,straight road,no slope,2022-06-10T08:29:00Z
7517123,10.06.2022 15:30,29.12.2022 09:45,Kamphaeng Phet,department of highways,private/passenger car,falling asleep,rollover/fallen on curved road,1,0,1,clear,16.21500941,99.33659792,wide curve,no slope,2022-06-10T08:30:00Z
7561803,10.06.2022 16:00,17.01.2023 14:50,Nonthaburi,department of highways,large truck with trailer,speeding,rear-end collision,3,0,0,clear,13.85541911,100.4116782,straight road,no slope,2022-06-10T09:00:00Z
6369217,10.06.2022 16:06,14.06.2022 13:58,Samut Prakan,department of highways,private/passenger car,speeding,rear-end collision,3,0,0,clear,13.66595694,100.8501765,straight road,no slope,2022-06-10T09:06:00Z
6369037,10.06.2022 16:08,14.06.2022 13:18,Kanchanaburi,department of highways,4-wheel pickup truck,speeding,rollover/fallen on curved road,1,0,1,clear,13.85008051,99.648571,wide curve,no slope,2022-06-10T09:08:00Z
6362537,10.06.2022 16:30,13.06.2022 10:49,Phetchabun,department of highways,4-wheel pickup truck,speeding,rollover/fallen on curved road,1,0,1,clear,16.75864871,101.5116951,wide curve,no slope,2022-06-10T09:30:00Z
6407205,10.06.2022 16:30,20.06.2022 20:18,Si Sa Ket,department of highways,van,falling asleep,rollover/fallen on straight road,1,0,12,clear,15.05704179,104.3468115,straight road,no slope,2022-06-10T09:30:00Z
6466333,10.06.2022 16:30,30.06.2022 13:39,Phangnga,department of highways,4-wheel pickup truck,speeding,rollover/fallen on straight road,1,0,1,rainy,8.299744274,98.3792585,straight road,no slope,2022-06-10T09:30:00Z
6369118,10.06.2022 16:51,14.06.2022 13:39,Bangkok,department of highways,6-wheel truck,speeding,rear-end collision,2,0,0,clear,13.73101359,100.7172945,straight road,no slope,2022-06-10T09:51:00Z
6637665,10.06.2022 17:20,1.08.2022 09:01,Phetchabun,department of highways,motorcycle,speeding,rear-end collision,2,0,3,clear,16.76419356,101.1847901,straight road,no slope,2022-06-10T10:20:00Z
6566837,10.06.2022 17:40,14.06.2022 11:11,Bangkok,department of rural roads,motorcycle,speeding,other,2,0,2,clear,13.684646,100.543561,straight road,slope area,2022-06-10T10:40:00Z
6416715,10.06.2022 18:00,22.06.2022 11:26,Pathum Thani,department of highways,private/passenger car,speeding,rear-end collision,2,0,0,rainy,14.06537826,100.6966281,straight road,no slope,2022-06-10T11:00:00Z
7372629,10.06.2022 18:00,23.11.2022 14:30,Tak,department of highways,4-wheel pickup truck,speeding,rollover/fallen on curved road,1,0,0,clear,16.80645911,98.59955637,wide curve,no slope,2022-06-10T11:00:00Z
6369203,10.06.2022 18:09,14.06.2022 13:50,Uthai Thani,department of highways,6-wheel truck,speeding,rollover/fallen on straight road,1,0,0,clear,15.30919285,100.0704235,straight road,no slope,2022-06-10T11:09:00Z
6445437,10.06.2022 18:35,27.06.2022 10:14,buogkan,department of highways,4-wheel pickup truck,speeding,rollover/fallen on curved road,1,0,0,clear,17.94640082,103.771019,wide curve,no slope,2022-06-10T11:35:00Z
6415642,10.06.2022 19:13,22.06.2022 07:26,Sukhothai,department of highways,motorcycle,cutting in closely by people/vehicles/animals,collision with obstruction (on road surface),1,0,1,rainy,17.01396731,99.75714682,straight road,no slope,2022-06-10T12:13:00Z
6453185,10.06.2022 20:40,28.06.2022 13:13,Prachin Buri,department of highways,motorcycle,speeding,rear-end collision,3,0,1,clear,14.00527674,101.7090064,straight road,no slope,2022-06-10T13:40:00Z
6357321,10.06.2022 20:54,12.06.2022 12:50,Chon Buri,department of highways,van,speeding,rear-end collision,2,0,0,clear,13.27590297,100.9906438,straight road,no slope,2022-06-10T13:54:00Z
7331614,10.06.2022 21:30,20.06.2022 20:14,Udon Thani,department of highways,7-10-wheel truck,speeding,pedestrian collision,1,1,0,clear,16.95402562,103.3414337,straight road,no slope,2022-06-10T14:30:00Z
6351251,10.06.2022 22:18,11.06.2022 09:52,Pathum Thani,department of highways,4-wheel pickup truck,speeding,rear-end collision,2,0,0,rainy,14.0499465,100.6981864,straight road,no slope,2022-06-10T15:18:00Z
6351302,10.06.2022 22:57,11.06.2022 10:04,Pathum Thani,department of highways,4-wheel pickup truck,speeding,rear-end collision,2,0,0,rainy,14.050864990000001,100.6981543,straight road,no slope,2022-06-10T15:57:00Z
7440852,10.06.2022 23:30,8.12.2022 07:03,Suphan Buri,department of highways,private/passenger car,speeding,collision with obstruction (on road surface),1,0,0,clear,14.32763077,100.2148819,other,other,2022-06-10T16:30:00Z
7527454,10.06.2022 23:30,31.12.2022 11:07,Chiang Mai,department of highways,private/passenger car,speeding,rear-end collision,2,0,0,clear,18.88030044,99.0145397,straight road,no slope,2022-06-10T16:30:00Z
6896947,10.06.2022 23:40,13.09.2022 13:39,Loei,department of highways,private/passenger car,falling asleep,rollover/fallen on straight road,1,0,1,clear,17.12871792,101.855962,straight road,no slope,2022-06-10T16:40:00Z
6407271,10.06.2022 23:50,20.06.2022 20:34,Ubon Ratchathani,department of highways,private/passenger car,speeding,rollover/fallen on straight road,1,0,1,clear,15.62642843,105.0322714,straight road,no slope,2022-06-10T16:50:00Z
7564424,10.06.2022 23:50,19.01.2023 14:46,Prachin Buri,department of highways,large truck with trailer,speeding,rollover/fallen on curved road,1,0,0,clear,14.29984286,101.8760651,wide curve,slope area,2022-06-10T16:50:00Z
6472948,10.06.2022 23:52,1.07.2022 15:15,Samut Prakan,department of highways,private/passenger car,speeding,rear-end collision,3,0,0,rainy,13.64282772,100.8861369,straight road,no slope,2022-06-10T16:52:00Z
6466667,11.06.2022 00:10,30.06.2022 14:36,Bangkok,department of highways,private/passenger car,speeding,rollover/fallen on straight road,1,0,1,clear,13.78894091,100.7461685,straight road,no slope,2022-06-10T17:10:00Z
6950059,11.06.2022 00:10,21.09.2022 10:26,Udon Thani,department of highways,4-wheel pickup truck,speeding,rollover/fallen on straight road,1,0,1,clear,17.36332866,102.9783672,straight road,no slope,2022-06-10T17:10:00Z
7564445,11.06.2022 01:30,19.01.2023 14:59,Prachin Buri,department of highways,large truck with trailer,speeding,rear-end collision,2,0,1,clear,14.31512248,101.8403783,wide curve,slope area,2022-06-10T18:30:00Z
7358858,11.06.2022 02:30,21.11.2022 14:41,Udon Thani,department of highways,other,speeding,rollover/fallen on straight road,1,0,0,clear,17.25081871,103.2097024,wide curve,no slope,2022-06-10T19:30:00Z
6702110,11.06.2022 03:00,11.08.2022 13:39,Surat Thani,department of highways,private/passenger car,speeding,rollover/fallen on straight road,1,0,0,clear,8.928574502,99.27246092,straight road,no slope,2022-06-10T20:00:00Z
6386129,11.06.2022 05:12,17.06.2022 08:34,Nakhon Si Thammarat,department of highways,4-wheel pickup truck,cutting in closely by people/vehicles/animals,rear-end collision,2,0,4,clear,8.178830739,99.62588219,straight road,no slope,2022-06-10T22:12:00Z
6445656,11.06.2022 06:00,27.06.2022 10:38,Mukdahan,department of highways,6-wheel truck,speeding,rear-end collision,2,0,2,clear,16.43703703,104.6204799,straight road,no slope,2022-06-10T23:00:00Z
7564437,11.06.2022 06:05,19.01.2023 14:55,Prachin Buri,department of highways,van,cutting in closely by people/vehicles/animals,pedestrian collision,2,1,0,clear,13.89769648,101.6007122,straight road,no slope,2022-06-10T23:05:00Z
6369628,11.06.2022 07:50,14.06.2022 15:19,Suphan Buri,department of highways,motorcycle,running red lights/traffic signals,pedestrian collision,1,0,1,clear,14.84012572,99.6917197,other,other,2022-06-11T00:50:00Z
7564439,11.06.2022 08:07,19.01.2023 14:56,Prachin Buri,department of highways,6-wheel truck,speeding,rear-end collision,5,1,0,clear,14.29984286,101.8760651,wide curve,slope area,2022-06-11T01:07:00Z
7536871,11.06.2022 08:45,2.01.2023 09:37,Nan,department of highways,large truck with trailer,vehicle equipment failure,rollover/fallen on straight road,1,0,0,clear,18.70728927,100.7503071,straight road,no slope,2022-06-11T01:45:00Z
6410309,11.06.2022 09:00,21.06.2022 10:03,Bangkok,department of highways,4-wheel pickup truck,speeding,rear-end collision,2,0,0,clear,13.77224806,100.6901318,straight road,no slope,2022-06-11T02:00:00Z
6472708,11.06.2022 09:20,1.07.2022 14:11,Prachuap Khiri Khan,department of highways,motorcycle,cutting in closely by people/vehicles/animals,rear-end collision,2,3,1,clear,11.27531567,99.43901269,straight road,no slope,2022-06-11T02:20:00Z
6453383,11.06.2022 10:00,28.06.2022 13:56,Uttaradit,department of highways,private/passenger car,failure to yield/signal,rear-end collision,2,0,1,clear,17.37120812,100.2298996,other,other,2022-06-11T03:00:00Z
6566829,11.06.2022 10:00,13.06.2022 15:48,Khon Kaen,department of rural roads,private/passenger car,speeding,other,1,0,1,clear,16.645189,102.809407,straight road,no slope,2022-06-11T03:00:00Z
6416188,11.06.2022 10:20,22.06.2022 09:44,Pathum Thani,department of highways,other,speeding,rollover/fallen on straight road,1,0,0,clear,14.06000549,100.6975856,straight road,no slope,2022-06-11T03:20:00Z
6369649,11.06.2022 12:00,14.06.2022 15:21,Nakhon Pathom,department of highways,4-wheel pickup truck,cutting in closely by people/vehicles/animals,rear-end collision,2,1,3,clear,14.15817838,100.1785782,straight road,no slope,2022-06-11T05:00:00Z
6567018,11.06.2022 12:30,30.06.2022 15:20,Phetchabun,department of rural roads,4-wheel pickup truck,falling asleep,other,1,0,2,clear,15.662056,101.131035,straight road,no slope,2022-06-11T05:30:00Z
6465538,11.06.2022 12:40,30.06.2022 10:28,Saraburi,department of highways,large truck with trailer,vehicle equipment failure,rollover/fallen on straight road,1,0,2,clear,14.63618089,101.2031606,other,other,2022-06-11T05:40:00Z
6658336,11.06.2022 12:48,21.07.2022 16:31,Saraburi,department of rural roads,motorcycle,speeding,other,1,1,0,clear,14.385322,100.857667,straight road,no slope,2022-06-11T05:48:00Z
6381434,11.06.2022 13:10,16.06.2022 14:16,Phetchaburi,department of highways,4-wheel pickup truck,cutting in closely by people/vehicles/animals,head-on collision (not overtaking),2,0,1,clear,12.88819432,99.91160183,straight road,no slope,2022-06-11T06:10:00Z
6470400,11.06.2022 14:30,1.07.2022 05:48,Chanthaburi,department of highways,large truck with trailer,speeding,rear-end collision,2,2,1,rainy,12.84464115,102.2652563,wide curve,slope area,2022-06-11T07:30:00Z
7331620,11.06.2022 14:50,30.08.2022 10:19,Maha Sarakham,department of highways,4-wheel pickup truck,speeding,rollover/fallen on straight road,1,0,1,clear,15.51257647,103.1472847,straight road,no slope,2022-06-11T07:50:00Z
6723002,11.06.2022 14:55,15.08.2022 08:57,Suphan Buri,department of highways,private/passenger car,speeding,rollover/fallen on straight road,1,1,3,clear,14.69591357,100.1037365,straight road,no slope,2022-06-11T07:55:00Z
6362518,11.06.2022 15:00,13.06.2022 10:49,Phetchabun,department of highways,4-wheel pickup truck,speeding,rollover/fallen on straight road,1,0,0,clear,16.79979853,100.9802744,straight road,no slope,2022-06-11T08:00:00Z
7418903,11.06.2022 15:35,30.11.2022 11:08,Udon Thani,department of highways,4-wheel pickup truck,speeding,rollover/fallen on straight road,1,0,0,clear,17.11069746,102.9416692,straight road,no slope,2022-06-11T08:35:00Z
6363354,11.06.2022 15:40,13.06.2022 14:18,Phetchaburi,department of highways,4-wheel pickup truck,speeding,rollover/fallen on straight road,1,0,1,rainy,13.19585883,99.83104973,straight road,no slope,2022-06-11T08:40:00Z
7001648,11.06.2022 15:40,29.09.2022 10:43,Phatthalung,department of highways,private/passenger car,speeding,rollover/fallen on curved road,1,0,0,rainy,7.431677119,100.064013,wide curve,no slope,2022-06-11T08:40:00Z
6445013,11.06.2022 15:59,27.06.2022 09:08,Mae Hong Son,department of highways,6-wheel truck,speeding,rollover/fallen on curved road,1,0,1,clear,19.09123636,97.99191801,wide curve,no slope,2022-06-11T08:59:00Z
7419655,11.06.2022 16:00,30.11.2022 14:20,Nakhon Pathom,department of highways,large truck with trailer,speeding,rear-end collision,2,0,4,clear,14.01203527,99.93838368,straight road,no slope,2022-06-11T09:00:00Z
6537729,11.06.2022 16:20,12.07.2022 09:34,Trat,department of highways,4-wheel pickup truck,speeding,rollover/fallen on straight road,1,0,0,clear,12.25295348,102.5090933,other,other,2022-06-11T09:20:00Z
6746019,11.06.2022 16:30,19.08.2022 09:33,Phatthalung,department of highways,4-wheel pickup truck,speeding,rollover/fallen on curved road,1,0,3,rainy,7.59156626,99.84511791,wide curve,slope area,2022-06-11T09:30:00Z
6446913,11.06.2022 17:00,27.06.2022 15:05,Nakhon Ratchasima,department of highways,private/passenger car,speeding,rear-end collision,2,0,2,clear,14.86631601,101.713188,straight road,no slope,2022-06-11T10:00:00Z
6566927,11.06.2022 17:00,27.06.2022 09:06,Satun,department of rural roads,private/passenger car,medical condition,other,1,0,2,clear,6.790512,99.959206,straight road,no slope,2022-06-11T10:00:00Z
6637667,11.06.2022 17:00,1.08.2022 09:02,Phetchabun,department of highways,4-wheel pickup truck,vehicle equipment failure,rollover/fallen on straight road,1,0,1,rainy,16.81394878,101.2285316,straight road,no slope,2022-06-11T10:00:00Z
7331622,11.06.2022 17:00,1.07.2022 09:27,Maha Sarakham,department of highways,7-10-wheel truck,cutting in closely by people/vehicles/animals,head-on collision (not overtaking),2,0,8,clear,16.1827459,103.2767066,straight road,no slope,2022-06-11T10:00:00Z
6445249,11.06.2022 17:30,27.06.2022 09:41,Mae Hong Son,department of highways,motorcycle,speeding,head-on collision (not overtaking),2,0,0,clear,18.84262366,97.99615054,wide curve,no slope,2022-06-11T10:30:00Z
6452338,11.06.2022 17:40,28.06.2022 09:47,Nakhon Ratchasima,department of highways,4-wheel pickup truck,speeding,rollover/fallen on curved road,1,0,0,rainy,14.49989483,101.9376701,wide curve,slope area,2022-06-11T10:40:00Z
6369121,11.06.2022 19:20,14.06.2022 13:35,Uthai Thani,department of highways,private/passenger car,speeding,rear-end collision,2,0,2,clear,15.41023335,100.0551671,straight road,no slope,2022-06-11T12:20:00Z