acc_code,incident_datetime,report_datetime,province_en,agency,vehicle_type,presumed_cause,accident_type,number_of_vehicles_involved,number_of_fatalities,number_of_injuries,weather_condition,latitude,longitude,road_description,slope_description,incident_time
6488841,11.06.2022 20:00,4.07.2022 11:18,Pathum Thani,department of highways,4-wheel pickup truck,speeding,rollover/fallen on straight road,1,0,0,clear,14.06710064,100.70214,straight road,no slope,2022-06-11T13:00:00Z
7331617,11.06.2022 20:05,20.06.2022 20:25,Si Sa Ket,department of highways,4-wheel pickup truck,speeding,head-on collision (not overtaking),2,0,1,clear,14.94257433,104.3935275,straight road,no slope,2022-06-11T13:05:00Z
6407206,11.06.2022 20:15,20.06.2022 20:17,Si Sa Ket,department of highways,motorcycle,speeding,rear-end collision,2,1,0,clear,14.88931221,104.4243595,straight road,no slope,2022-06-11T13:15:00Z
6566845,11.06.2022 20:17,14.06.2022 11:12,Samut Prakan,department of rural roads,motorcycle,falling asleep,other,2,0,1,clear,13.666616,100.538206,grade-separated intersection/ramps,other,2022-06-11T13:17:00Z
6446547,11.06.2022 20:30,27.06.2022 14:09,Nakhon Ratchasima,department of highways,private/passenger car,speeding,rollover/fallen on straight road,1,0,1,clear,15.04636504,102.1151867,straight road,no slope,2022-06-11T13:30:00Z
7527322,11.06.2022 21:30,31.12.2022 10:38,Chiang Mai,department of highways,motorcycle,speeding,rear-end collision,2,0,0,clear,18.84265412,99.01333808,straight road,no slope,2022-06-11T14:30:00Z
6579478,11.06.2022 22:00,20.07.2022 11:57,Ang Thong,department of highways,4-wheel pickup truck,speeding,rollover/fallen on straight road,1,0,0,clear,14.59857883,100.4414776,straight road,no slope,2022-06-11T15:00:00Z
6434846,11.06.2022 22:40,25.06.2022 13:36,Chiang Mai,department of highways,4-wheel pickup truck,speeding,rear-end collision,2,1,0,clear,18.51847043,98.84560077,connecting to public/commercial area,other,2022-06-11T15:40:00Z
7378789,11.06.2022 23:02,24.11.2022 10:25,Phetchabun,department of highways,6-wheel truck,speeding,rollover/fallen on curved road,1,0,3,clear,16.73283821,101.380763,sharp curve,slope area,2022-06-11T16:02:00Z
6466525,11.06.2022 23:30,30.06.2022 14:11,Narathiwat,department of highways,4-wheel pickup truck,speeding,rollover/fallen on straight road,1,0,0,clear,6.048386889,101.9994253,straight road,no slope,2022-06-11T16:30:00Z
6412724,11.06.2022 23:40,21.06.2022 19:24,Si Sa Ket,department of highways,motorcycle,speeding,rollover/fallen on straight road,1,1,0,clear,14.64133743,104.413864,straight road,no slope,2022-06-11T16:40:00Z
6896944,12.06.2022 00:20,13.09.2022 13:38,Loei,department of highways,4-wheel pickup truck,falling asleep,rollover/fallen on straight road,1,0,1,clear,17.13255249,101.8552485,straight road,no slope,2022-06-11T17:20:00Z
6445391,12.06.2022 01:15,27.06.2022 10:07,Samut Prakan,expressway authority of thailand,other,other,rear-end collision,1,0,1,clear,13.602119,100.651355,wide curve,other,2022-06-11T18:15:00Z
6584446,12.06.2022 01:30,21.07.2022 08:15,Samut Songkhram,department of highways,4-wheel pickup truck,speeding,rear-end collision,2,0,0,clear,13.43140913,100.0488558,straight road,no slope,2022-06-11T18:30:00Z
7413746,12.06.2022 01:50,25.11.2022 13:43,Tak,department of highways,4-wheel pickup truck,speeding,rear-end collision,2,0,2,clear,16.68001971,99.26404683,straight road,no slope,2022-06-11T18:50:00Z
6465540,12.06.2022 02:00,30.06.2022 10:27,Saraburi,department of highways,motorcycle,speeding,rollover/fallen on straight road,1,1,0,clear,14.42398329,100.8940145,straight road,no slope,2022-06-11T19:00:00Z
6470465,12.06.2022 02:20,1.07.2022 05:55,Chanthaburi,department of highways,motorcycle,speeding,rear-end collision,2,2,0,clear,12.63040845,102.10132780000001,straight road,no slope,2022-06-11T19:20:00Z
6381209,12.06.2022 03:00,16.06.2022 13:39,Ratchaburi,department of highways,6-wheel truck,falling asleep,rollover/fallen on straight road,1,1,0,clear,13.65397819,99.86206143,straight road,no slope,2022-06-11T20:00:00Z
6470467,12.06.2022 03:00,1.07.2022 05:56,Chanthaburi,department of highways,private/passenger car,speeding,rollover/fallen on straight road,1,0,0,clear,12.64388459,102.0913687,straight road,no slope,2022-06-11T20:00:00Z
7565280,12.06.2022 03:50,20.01.2023 09:49,Trang,department of highways,4-wheel pickup truck,speeding,rollover/fallen on straight road,1,0,1,rainy,7.819406319,99.59076403,straight road,no slope,2022-06-11T20:50:00Z
7544200,12.06.2022 04:10,1.08.2022 08:48,Sukhothai,department of highways,4-wheel pickup truck,speeding,rollover/fallen on straight road,1,0,1,clear,17.00785012,99.92834686,straight road,no slope,2022-06-11T21:10:00Z
6416706,12.06.2022 04:30,22.06.2022 11:23,Pathum Thani,department of highways,large truck with trailer,vehicle equipment failure,rollover/fallen on straight road,1,0,0,clear,13.99849198,100.7092666,straight road,no slope,2022-06-11T21:30:00Z
6416736,12.06.2022 05:04,22.06.2022 11:33,Chon Buri,department of highways,private/passenger car,speeding,rollover/fallen on straight road,1,0,3,clear,13.21325266,101.0054335,straight road,no slope,2022-06-11T22:04:00Z
7558057,12.06.2022 05:40,12.01.2023 13:07,Chon Buri,department of highways,4-wheel pickup truck,speeding,rollover/fallen on straight road,1,0,1,clear,12.94145141,100.9034157,straight road,no slope,2022-06-11T22:40:00Z
6702230,12.06.2022 05:45,11.08.2022 13:58,Kanchanaburi,department of highways,private/passenger car,speeding,rollover/fallen on straight road,1,0,1,clear,13.9244036,99.762125,straight road,no slope,2022-06-11T22:45:00Z
6592376,12.06.2022 06:00,22.07.2022 15:14,Songkhla,department of highways,4-wheel pickup truck,falling asleep,rollover/fallen on straight road,1,0,0,clear,6.797583149,100.453231,straight road,no slope,2022-06-11T23:00:00Z
6423209,12.06.2022 06:12,23.06.2022 10:55,Bangkok,expressway authority of thailand,other,other,side collision,3,0,3,clear,13.75312387,100.5472333,straight road,other,2022-06-11T23:12:00Z
6416207,12.06.2022 07:00,22.06.2022 09:47,Samut Prakan,department of highways,6-wheel truck,speeding,rear-end collision,2,0,0,clear,13.62505051,100.9135437,straight road,no slope,2022-06-12T00:00:00Z
6687495,12.06.2022 07:15,9.08.2022 14:03,Loburi,department of highways,other,speeding,rollover/fallen on straight road,1,0,0,clear,15.07804665,100.9969523,other,other,2022-06-12T00:15:00Z
6631247,12.06.2022 08:20,31.07.2022 06:08,Mukdahan,department of highways,7-10-wheel truck,speeding,rollover/fallen on straight road,1,0,1,clear,16.62457541,104.7121578,straight road,no slope,2022-06-12T01:20:00Z
6470725,12.06.2022 09:00,1.07.2022 06:43,Samut Songkhram,department of highways,motorcycle,speeding,rear-end collision,2,1,0,clear,13.41959859,99.99170064,other,other,2022-06-12T02:00:00Z
6386075,12.06.2022 09:10,17.06.2022 08:15,Surat Thani,department of highways,4-wheel pickup truck,speeding,rollover/fallen on straight road,1,1,0,clear,8.80939777,99.16539519,straight road,slope area,2022-06-12T02:10:00Z
6369063,12.06.2022 10:05,14.06.2022 13:20,Kanchanaburi,department of highways,large truck with trailer,vehicle equipment failure,other,1,0,0,clear,13.83382958,99.64056192,other,other,2022-06-12T03:05:00Z
7451470,12.06.2022 10:30,10.12.2022 13:54,Bangkok,department of highways,private/passenger car,speeding,rear-end collision,2,0,1,clear,13.61705555,100.3847931,straight road,no slope,2022-06-12T03:30:00Z
6423742,12.06.2022 11:20,23.06.2022 12:59,Chachoengsao,department of highways,other,speeding,rollover/fallen on straight road,1,0,0,clear,13.60176609,100.9505233,other,other,2022-06-12T04:20:00Z
6446675,12.06.2022 11:20,27.06.2022 14:27,Buri Ram,department of highways,motorcycle,speeding,head-on collision (not overtaking),2,2,0,clear,15.08121922,102.8395736,wide curve,no slope,2022-06-12T04:20:00Z
6423736,12.06.2022 11:30,23.06.2022 12:58,Bangkok,department of highways,private/passenger car,vehicle equipment failure,other,1,0,0,clear,13.71096039,100.7001874,straight road,no slope,2022-06-12T04:30:00Z
6537730,12.06.2022 12:00,12.07.2022 09:34,Trat,department of highways,4-wheel pickup truck,speeding,rollover/fallen on straight road,1,0,0,clear,12.25876966,102.5056949,straight road,no slope,2022-06-12T05:00:00Z
6445349,12.06.2022 12:15,27.06.2022 09:58,Lampang,department of highways,private/passenger car,speeding,rollover/fallen on curved road,1,0,0,clear,18.31763105,99.36014234,other,other,2022-06-12T05:15:00Z
6386132,12.06.2022 12:50,17.06.2022 08:31,Nakhon Si Thammarat,department of highways,private/passenger car,falling asleep,rear-end collision,2,0,9,clear,8.53292347,99.95116977,straight road,no slope,2022-06-12T05:50:00Z
7438303,12.06.2022 13:00,7.12.2022 09:38,Chanthaburi,department of highways,large truck with trailer,speeding,rear-end collision,3,0,4,rainy,12.76550131,102.2437557,other,other,2022-06-12T06:00:00Z
6566816,12.06.2022 13:30,13.06.2022 13:35,Chiang Mai,department of rural roads,4-wheel pickup truck,speeding,other,2,0,2,clear,18.748392,98.947344,straight road,no slope,2022-06-12T06:30:00Z
6471682,12.06.2022 14:00,1.07.2022 10:14,Roi Et,department of highways,motorcycle,speeding,rear-end collision,2,0,0,clear,15.82903161,103.9073101,straight road,no slope,2022-06-12T07:00:00Z
7338404,12.06.2022 14:10,18.11.2022 11:06,Khon Kaen,department of highways,4-wheel pickup truck,speeding,rollover/fallen on straight road,2,0,0,clear,16.6062999,101.9928512,straight road,no slope,2022-06-12T07:10:00Z
6458115,12.06.2022 15:00,29.06.2022 07:11,Tak,department of highways,large truck with trailer,vehicle equipment failure,rollover/fallen on curved road,1,0,0,clear,16.77144093,98.70270877,wide curve,no slope,2022-06-12T08:00:00Z
6369084,12.06.2022 15:20,14.06.2022 13:27,Phra Nakhon Si Ayutthaya,department of highways,4-wheel pickup truck,speeding,rollover/fallen on straight road,1,0,1,clear,14.55996308,100.4963046,straight road,no slope,2022-06-12T08:20:00Z
6368348,12.06.2022 15:23,14.06.2022 10:42,Samut Prakan,department of highways,private/passenger car,speeding,rear-end collision,2,0,0,clear,13.66349399,100.8539986,straight road,no slope,2022-06-12T08:23:00Z
7565752,12.06.2022 15:30,20.01.2023 14:49,Yala,department of highways,private/passenger car,speeding,rollover/fallen on curved road,1,0,1,clear,6.475775908,101.4071077,wide curve,no slope,2022-06-12T08:30:00Z
7567230,12.06.2022 16:00,23.01.2023 12:18,Chon Buri,department of highways,4-wheel pickup truck,speeding,rollover/fallen on straight road,1,0,0,rainy,13.28077155,101.2401348,wide curve,no slope,2022-06-12T09:00:00Z
6452427,12.06.2022 16:09,28.06.2022 10:04,Nakhon Ratchasima,department of highways,7-10-wheel truck,speeding,rollover/fallen on straight road,1,0,0,rainy,14.73918233,102.3742774,straight road,no slope,2022-06-12T09:09:00Z
6386106,12.06.2022 17:52,17.06.2022 08:28,Surat Thani,department of highways,motorcycle,cutting in closely by people/vehicles/animals,rear-end collision,2,1,0,clear,9.69659136,99.10657702,other,other,2022-06-12T10:52:00Z
6367470,12.06.2022 23:00,14.06.2022 07:27,Tak,department of highways,motorcycle,speeding,rear-end collision,3,1,2,rainy,16.71079803,98.55172186,straight road,no slope,2022-06-12T16:00:00Z
6375117,13.06.2022 00:20,15.06.2022 11:54,Phra Nakhon Si Ayutthaya,department of highways,private/passenger car,vehicle equipment failure,other,1,0,1,clear,14.18698489,100.631673,straight road,no slope,2022-06-12T17:20:00Z
6465536,13.06.2022 02:00,30.06.2022 10:25,Saraburi,department of highways,4-wheel pickup truck,speeding,rollover/fallen on straight road,1,0,0,clear,14.29895657,100.8253741,other,other,2022-06-12T19:00:00Z
6446643,13.06.2022 02:30,27.06.2022 14:22,Buri Ram,department of highways,7-10-wheel truck,falling asleep,rollover/fallen on straight road,1,0,0,clear,14.32867808,102.7545261,straight road,no slope,2022-06-12T19:30:00Z
7527654,13.06.2022 02:40,31.12.2022 11:36,Chiang Mai,department of highways,motorcycle,speeding,rear-end collision,2,0,1,clear,18.90401287,99.00419711,straight road,no slope,2022-06-12T19:40:00Z
6369150,13.06.2022 02:45,14.06.2022 13:43,Kanchanaburi,department of highways,4-wheel pickup truck,speeding,rollover/fallen on straight road,1,0,1,clear,14.15102364,99.14250521,straight road,no slope,2022-06-12T19:45:00Z
6369626,13.06.2022 03:00,14.06.2022 15:18,Ang Thong,department of highways,7-10-wheel truck,speeding,rollover/fallen on straight road,1,0,2,clear,14.5773301,100.4587349,straight road,no slope,2022-06-12T20:00:00Z
6470533,13.06.2022 03:30,1.07.2022 06:09,Chumphon,department of highways,4-wheel pickup truck,speeding,rollover/fallen on straight road,1,0,1,clear,10.02328648,99.06749724,other,other,2022-06-12T20:30:00Z
6416738,13.06.2022 05:00,22.06.2022 11:31,Bangkok,department of highways,large truck with trailer,speeding,rollover/fallen on straight road,1,0,0,rainy,13.70551947,100.7000023,straight road,no slope,2022-06-12T22:00:00Z
7438253,13.06.2022 05:00,7.12.2022 10:09,Nakhon Pathom,department of highways,4-wheel pickup truck,vehicle equipment failure,rollover/fallen on straight road,1,0,0,clear,14.02449783,100.1431087,other,other,2022-06-12T22:00:00Z
6415998,13.06.2022 06:00,22.06.2022 08:59,Roi Et,department of highways,4-wheel pickup truck,speeding,rollover/fallen on straight road,1,0,1,clear,16.07837761,103.6169717,straight road,no slope,2022-06-12T23:00:00Z
6416032,13.06.2022 06:10,22.06.2022 09:01,Roi Et,department of highways,4-wheel pickup truck,falling asleep,rollover/fallen on straight road,1,0,1,clear,16.33891428,103.9870173,straight road,no slope,2022-06-12T23:10:00Z
6466945,13.06.2022 06:30,30.06.2022 15:26,Rayong,department of highways,large truck with trailer,speeding,collision with obstruction (on road surface),4,0,1,clear,12.94357403,101.3129756,straight road,no slope,2022-06-12T23:30:00Z
6650902,13.06.2022 06:35,3.08.2022 11:07,Surat Thani,department of highways,motorized tricycle,speeding,rear-end collision,2,2,0,clear,9.394011217,99.19036655,straight road,no slope,2022-06-12T23:35:00Z
7527460,13.06.2022 07:00,31.12.2022 11:06,Chiang Mai,department of highways,motorcycle,speeding,rear-end collision,2,0,1,clear,18.87891982,99.01484011,straight road,no slope,2022-06-13T00:00:00Z
6386104,13.06.2022 07:05,17.06.2022 08:27,Nakhon Si Thammarat,department of highways,4-wheel pickup truck,speeding,rollover/fallen on straight road,1,0,1,clear,9.007741795,99.87862139,straight road,no slope,2022-06-13T00:05:00Z
6466532,13.06.2022 07:25,30.06.2022 14:12,Nakhon Phanom,department of highways,4-wheel pickup truck,speeding,rear-end collision,2,0,0,clear,17.95439259,104.2158687,straight road,no slope,2022-06-13T00:25:00Z
6788487,13.06.2022 07:30,26.08.2022 09:28,Suphan Buri,department of highways,other,speeding,rollover/fallen on straight road,1,0,0,clear,14.4825373,100.1312747,other,other,2022-06-13T00:30:00Z
6363300,13.06.2022 07:50,13.06.2022 14:05,Kamphaeng Phet,department of highways,large truck with trailer,falling asleep,rollover/fallen on curved road,1,0,1,clear,16.67285109,99.30027811,wide curve,no slope,2022-06-13T00:50:00Z
7026581,13.06.2022 08:00,3.10.2022 08:52,Sukhothai,department of highways,private/passenger car,speeding,rear-end collision,2,0,0,clear,17.01161022,99.83698009,other,other,2022-06-13T01:00:00Z
6415878,13.06.2022 08:20,22.06.2022 08:39,Tak,department of highways,4-wheel pickup truck,falling asleep,rollover/fallen on straight road,1,0,0,clear,16.69522965,99.25194739,straight road,no slope,2022-06-13T01:20:00Z
7568356,13.06.2022 08:33,24.01.2023 13:42,Prachin Buri,department of highways,7-10-wheel truck,speeding,rollover/fallen on curved road,1,0,0,clear,14.31443376,101.8416658,wide curve,slope area,2022-06-13T01:33:00Z
7331628,13.06.2022 09:20,30.06.2022 08:25,Loburi,department of highways,4-wheel pickup truck,falling asleep,rollover/fallen on curved road,1,0,0,clear,15.08106642,100.7126918,wide curve,no slope,2022-06-13T02:20:00Z
6466528,13.06.2022 11:00,30.06.2022 14:13,buogkan,department of highways,other,speeding,rollover/fallen on straight road,1,0,0,clear,17.95280549,104.0476352,straight road,no slope,2022-06-13T04:00:00Z
7561177,13.06.2022 11:00,17.01.2023 06:34,Bangkok,department of highways,other,speeding,rollover/fallen on straight road,1,0,0,clear,13.81247247,100.7811364,straight road,no slope,2022-06-13T04:00:00Z
7567448,13.06.2022 11:00,23.01.2023 15:30,Chanthaburi,department of highways,4-wheel pickup truck,speeding,rollover/fallen on curved road,1,0,0,clear,12.45680438,102.2622818,other,other,2022-06-13T04:00:00Z
6566827,13.06.2022 11:15,13.06.2022 13:34,Nakhon Nayok,department of rural roads,4-wheel pickup truck,speeding,other,1,0,1,clear,14.199931,101.237795,wide curve,no slope,2022-06-13T04:15:00Z
6452450,13.06.2022 11:32,28.06.2022 10:05,Nakhon Ratchasima,department of highways,large truck with trailer,speeding,rear-end collision,2,0,1,clear,14.65183959,102.0118171,connecting to private area,other,2022-06-13T04:32:00Z
6398788,13.06.2022 12:37,19.06.2022 10:16,Chon Buri,department of highways,4-wheel pickup truck,speeding,rear-end collision,4,0,1,clear,13.08420708,100.9921378,straight road,no slope,2022-06-13T05:37:00Z
6363361,13.06.2022 13:00,13.06.2022 14:22,Suphan Buri,department of highways,van,falling asleep,rollover/fallen on straight road,1,0,0,clear,14.49987665,100.0454494,straight road,no slope,2022-06-13T06:00:00Z
7526891,13.06.2022 13:00,31.12.2022 09:00,Lamphun,department of highways,other,speeding,rollover/fallen on straight road,1,0,0,clear,18.46652525,99.14771943,wide curve,no slope,2022-06-13T06:00:00Z
6415999,13.06.2022 13:10,22.06.2022 08:57,Roi Et,department of highways,4-wheel pickup truck,speeding,rollover/fallen on straight road,1,0,1,clear,16.10177804,103.6571511,straight road,no slope,2022-06-13T06:10:00Z
6609285,13.06.2022 14:00,27.07.2022 14:10,Tak,department of highways,private/passenger car,speeding,rollover/fallen on straight road,1,0,1,clear,16.67040753,98.59774588,straight road,no slope,2022-06-13T07:00:00Z
6638015,13.06.2022 14:00,1.08.2022 10:17,Satun,department of highways,other,speeding,rollover/fallen on straight road,1,0,0,clear,6.553633309,100.0614595,straight road,no slope,2022-06-13T07:00:00Z
6369061,13.06.2022 14:05,14.06.2022 13:22,Suphan Buri,department of highways,private/passenger car,speeding,rollover/fallen on curved road,1,0,1,clear,14.21036912,100.0273177,wide curve,no slope,2022-06-13T07:05:00Z
6808563,13.06.2022 14:30,30.08.2022 10:19,Maha Sarakham,department of highways,4-wheel pickup truck,speeding,head-on collision (not overtaking),2,0,4,clear,16.18530893,103.1579143,straight road,no slope,2022-06-13T07:30:00Z
6416025,13.06.2022 15:00,22.06.2022 09:02,Roi Et,department of highways,4-wheel pickup truck,speeding,rollover/fallen on straight road,1,0,1,rainy,16.10119821,103.5262379,straight road,no slope,2022-06-13T08:00:00Z
7040843,13.06.2022 15:00,5.10.2022 10:42,Maha Sarakham,department of highways,private/passenger car,speeding,rollover/fallen on straight road,1,0,1,clear,16.08416612,103.1637293,straight road,no slope,2022-06-13T08:00:00Z
6694555,13.06.2022 15:30,10.08.2022 14:22,Nonthaburi,department of highways,4-wheel pickup truck,speeding,rollover/fallen on straight road,1,0,0,clear,13.86387729,100.4109031,straight road,no slope,2022-06-13T08:30:00Z
6566869,13.06.2022 16:25,20.06.2022 10:55,Chiang Mai,department of rural roads,motorcycle,driving under the influence of alcohol,other,1,0,1,clear,19.91442,99.180575,y-intersection,other,2022-06-13T09:25:00Z
6365466,13.06.2022 16:30,13.06.2022 22:04,Pathum Thani,expressway authority of thailand,other,other,other,1,0,0,rainy,14.022863,100.576812,straight road,other,2022-06-13T09:30:00Z
6446263,13.06.2022 17:00,27.06.2022 13:18,Yala,department of highways,4-wheel pickup truck,unfamiliarity with the route/unskilled driving,rollover/fallen on straight road,1,0,1,rainy,6.577612206,101.2613618,straight road,no slope,2022-06-13T10:00:00Z
7418725,13.06.2022 17:20,30.11.2022 10:33,Chiang Mai,department of highways,private/passenger car,speeding,rollover/fallen on curved road,1,0,0,rainy,19.20349742,98.96672128,wide curve,no slope,2022-06-13T10:20:00Z
7565001,13.06.2022 18:00,20.01.2023 06:52,Samut Prakan,department of highways,private/passenger car,speeding,rear-end collision,2,0,1,clear,13.61572477,100.7486375,straight road,no slope,2022-06-13T11:00:00Z
7331626,13.06.2022 18:20,30.06.2022 14:09,Yala,department of highways,motorcycle,speeding,rollover/fallen on curved road,1,1,0,rainy,6.519161794,101.1756143,wide curve,no slope,2022-06-13T11:20:00Z
6567123,13.06.2022 19:25,30.06.2022 15:22,Mae Hong Son,department of rural roads,motorcycle,driving under the influence of alcohol,other,1,1,0,clear,18.82187803,97.92736832,t-intersection,other,2022-06-13T12:25:00Z
6896836,13.06.2022 19:50,13.09.2022 13:24,Loei,department of highways,4-wheel pickup truck,vehicle equipment failure,rollover/fallen on curved road,1,0,1,clear,17.29963798,101.1269456,wide curve,slope area,2022-06-13T12:50:00Z
6470846,13.06.2022 20:00,1.07.2022 07:07,Phatthalung,department of highways,motorcycle,speeding,head-on collision (not overtaking),2,1,1,clear,7.625683994,100.0471312,straight road,no slope,2022-06-13T13:00:00Z
6386055,13.06.2022 20:30,17.06.2022 08:12,Surat Thani,department of highways,7-10-wheel truck,speeding,collision with obstruction (on road surface),2,0,1,clear,8.668840748,99.11739437,wide curve,no slope,2022-06-13T13:30:00Z
6546285,13.06.2022 20:30,13.07.2022 20:14,Krabi,department of highways,4-wheel pickup truck,speeding,rollover/fallen on straight road,1,0,0,clear,8.106671253,98.94494711,straight road,no slope,2022-06-13T13:30:00Z
6452093,13.06.2022 21:30,28.06.2022 09:02,Nakhon Ratchasima,department of highways,private/passenger car,speeding,head-on collision (not overtaking),2,2,0,clear,14.74911433,101.4787415,straight road,no slope,2022-06-13T14:30:00Z
6458692,13.06.2022 21:30,29.06.2022 09:04,Uthai Thani,department of highways,4-wheel pickup truck,speeding,rollover/fallen on straight road,1,0,1,clear,15.55051603,99.86442982,straight road,no slope,2022-06-13T14:30:00Z
6897012,13.06.2022 22:30,13.09.2022 13:53,Phetchabun,department of highways,4-wheel pickup truck,vehicle equipment failure,rollover/fallen on curved road,1,0,2,clear,16.26523063,101.0485527,wide curve,no slope,2022-06-13T15:30:00Z
6386542,13.06.2022 23:00,17.06.2022 10:05,Nakhon Si Thammarat,department of highways,large truck with trailer,speeding,rear-end collision,2,1,0,clear,8.297148539,99.50894056,straight road,no slope,2022-06-13T16:00:00Z
6809324,13.06.2022 23:20,30.08.2022 13:35,Phra Nakhon Si Ayutthaya,department of highways,4-wheel pickup truck,speeding,rear-end collision,2,0,0,clear,14.20195752,100.6596351,straight road,no slope,2022-06-13T16:20:00Z
6416248,14.06.2022 00:15,22.06.2022 09:55,Bangkok,department of highways,private/passenger car,speeding,rear-end collision,2,0,1,clear,13.90226331,100.6956249,straight road,no slope,2022-06-13T17:15:00Z
7438097,14.06.2022 00:15,7.12.2022 09:27,Chachoengsao,department of highways,6-wheel truck,falling asleep,rollover/fallen on straight road,1,0,0,clear,13.54103124,100.9891954,straight road,no slope,2022-06-13T17:15:00Z
6415965,14.06.2022 00:30,22.06.2022 08:51,Phetchabun,department of highways,4-wheel pickup truck,speeding,rollover/fallen on curved road,1,0,0,clear,16.26518429,101.0484561,other,other,2022-06-13T17:30:00Z
6637668,14.06.2022 00:59,1.08.2022 09:03,Phetchabun,department of highways,tractor/agricultural vehicle,vehicle equipment failure,rear-end collision,2,0,1,clear,16.75620882,101.2125671,straight road,no slope,2022-06-13T17:59:00Z
6896940,14.06.2022 01:30,13.09.2022 13:37,Loei,department of highways,private/passenger car,speeding,rollover/fallen on curved road,1,0,6,clear,17.54437059,101.7256951,wide curve,no slope,2022-06-13T18:30:00Z
6545081,14.06.2022 01:47,13.07.2022 14:01,Samut Songkhram,department of highways,large truck with trailer,speeding,rollover/fallen on straight road,1,0,1,clear,13.40925639,100.0206283,straight road,no slope,2022-06-13T18:47:00Z
6470690,14.06.2022 03:30,1.07.2022 06:34,Samut Songkhram,department of highways,private/passenger car,speeding,rollover/fallen on straight road,1,0,0,clear,13.37545589,99.96394782,straight road,no slope,2022-06-13T20:30:00Z
7041021,14.06.2022 03:30,5.10.2022 11:14,Phetchabun,department of highways,large truck with trailer,speeding,rollover/fallen on straight road,1,0,0,clear,15.43492607,101.0697636,straight road,no slope,2022-06-13T20:30:00Z
6637597,14.06.2022 03:45,1.08.2022 08:48,Sukhothai,department of highways,private/passenger car,speeding,rollover/fallen on curved road,1,0,0,clear,17.61023066,99.71993117,wide curve,no slope,2022-06-13T20:45:00Z
6374489,14.06.2022 04:30,15.06.2022 09:52,Prachuap Khiri Khan,department of highways,4-wheel pickup truck,falling asleep,rollover/fallen on curved road,1,0,0,clear,11.93709029,99.81931774,wide curve,no slope,2022-06-13T21:30:00Z
6423788,14.06.2022 04:30,23.06.2022 13:06,Pathum Thani,department of highways,large truck with trailer,speeding,rollover/fallen on straight road,1,0,0,clear,13.9664289,100.7128286,straight road,no slope,2022-06-13T21:30:00Z
6416183,14.06.2022 05:45,22.06.2022 09:40,Pathum Thani,department of highways,other,speeding,rollover/fallen on curved road,1,0,0,clear,14.00866774,100.7073435,wide curve,no slope,2022-06-13T22:45:00Z
6416269,14.06.2022 06:08,22.06.2022 10:03,Phra Nakhon Si Ayutthaya,department of highways,4-wheel pickup truck,speeding,rear-end collision,2,0,1,clear,14.16729377,100.6489947,straight road,no slope,2022-06-13T23:08:00Z
6445418,14.06.2022 07:13,27.06.2022 10:12,Samut Prakan,expressway authority of thailand,other,other,rear-end collision,2,0,1,clear,13.633906,100.539561,straight road,other,2022-06-14T00:13:00Z
6466947,14.06.2022 08:00,30.06.2022 15:25,Rayong,department of highways,4-wheel pickup truck,speeding,rear-end collision,2,0,6,clear,12.96805609,101.2980115,straight road,no slope,2022-06-14T01:00:00Z
7414845,14.06.2022 08:00,25.11.2022 13:44,Tak,department of highways,7-10-wheel truck,overloaded vehicle,other,1,0,0,clear,16.85461172,99.12025093,other,other,2022-06-14T01:00:00Z
6416222,14.06.2022 08:05,22.06.2022 09:53,Pathum Thani,department of highways,4-wheel pickup truck,speeding,rear-end collision,2,0,0,clear,13.93501217,100.7088992,straight road,no slope,2022-06-14T01:05:00Z
6412811,14.06.2022 08:10,21.06.2022 19:39,Krabi,department of highways,motorcycle,cutting in closely by people/vehicles/animals,rear-end collision,2,0,1,clear,8.108596418,98.93334924,straight road,no slope,2022-06-14T01:10:00Z
6566860,14.06.2022 08:30,20.06.2022 10:54,Samut Prakan,department of rural roads,motorcycle,speeding,other,2,0,1,clear,13.664994,100.523486,straight road,no slope,2022-06-14T01:30:00Z
6579483,14.06.2022 09:30,20.07.2022 11:56,Ang Thong,department of highways,other,speeding,rollover/fallen on straight road,1,0,0,clear,14.64799898,100.4102915,straight road,no slope,2022-06-14T02:30:00Z
6410072,14.06.2022 11:00,21.06.2022 09:14,Yasothon,department of highways,motorcycle,speeding,rear-end collision,4,0,3,clear,15.79175028,104.2314336,straight road,no slope,2022-06-14T04:00:00Z
6579485,14.06.2022 11:00,20.07.2022 11:56,Ang Thong,department of highways,other,speeding,rollover/fallen on straight road,1,0,0,clear,14.69355779,100.3729015,straight road,no slope,2022-06-14T04:00:00Z
6423741,14.06.2022 11:45,23.06.2022 12:57,Bangkok,department of highways,large truck with trailer,speeding,other,1,0,0,clear,13.77737483,100.6873718,straight road,no slope,2022-06-14T04:45:00Z
7557737,14.06.2022 12:00,12.01.2023 10:43,Nakhon Ratchasima,department of highways,4-wheel pickup truck,speeding,rollover/fallen on straight road,1,0,2,rainy,14.65397785,101.3643533,straight road,no slope,2022-06-14T05:00:00Z
6466665,14.06.2022 12:40,30.06.2022 14:35,Nakhon Ratchasima,department of highways,large truck with trailer,speeding,rollover/fallen on straight road,1,0,0,rainy,14.69474347,101.4735246,straight road,no slope,2022-06-14T05:40:00Z
6466727,14.06.2022 12:41,30.06.2022 14:45,Nakhon Ratchasima,department of highways,large passenger vehicle,speeding,rollover/fallen on straight road,1,0,0,rainy,14.694868,101.4733395,straight road,no slope,2022-06-14T05:41:00Z