acc_code,incident_datetime,report_datetime,province_en,agency,vehicle_type,presumed_cause,accident_type,number_of_vehicles_involved,number_of_fatalities,number_of_injuries,weather_condition,latitude,longitude,road_description,slope_description,incident_time
6466696,14.06.2022 12:42,30.06.2022 14:40,Nakhon Ratchasima,department of highways,6-wheel truck,speeding,rollover/fallen on straight road,1,0,0,rainy,14.694868,101.4733234,straight road,no slope,2022-06-14T05:42:00Z
6805195,14.06.2022 13:00,29.08.2022 09:47,Maha Sarakham,department of highways,other,speeding,rollover/fallen on curved road,1,0,0,clear,16.44161876,102.9726595,wide curve,no slope,2022-06-14T06:00:00Z
6445250,14.06.2022 13:30,27.06.2022 09:40,Sakon Nakhon,department of highways,4-wheel pickup truck,cutting in closely by people/vehicles/animals,rollover/fallen on straight road,1,0,0,rainy,17.1942228,104.0911379,straight road,no slope,2022-06-14T06:30:00Z
6398912,14.06.2022 13:42,19.06.2022 10:57,Chon Buri,department of highways,4-wheel pickup truck,speeding,rear-end collision,2,0,0,clear,13.273188,100.9902388,straight road,no slope,2022-06-14T06:42:00Z
6445216,14.06.2022 14:00,27.06.2022 09:39,Sakon Nakhon,department of highways,4-wheel pickup truck,falling asleep,rollover/fallen on straight road,1,0,2,clear,17.32031843,104.396266,straight road,no slope,2022-06-14T07:00:00Z
6374966,14.06.2022 14:19,15.06.2022 11:24,Bangkok,department of highways,private/passenger car,speeding,rear-end collision,4,0,0,clear,13.73382236,100.7987451,straight road,no slope,2022-06-14T07:19:00Z
6533256,14.06.2022 14:30,11.07.2022 14:55,Udon Thani,department of highways,4-wheel pickup truck,speeding,rollover/fallen on straight road,1,0,5,clear,17.60557264,103.2456735,straight road,no slope,2022-06-14T07:30:00Z
6772088,14.06.2022 14:38,23.08.2022 14:54,Maha Sarakham,department of highways,4-wheel pickup truck,speeding,rear-end collision,2,0,2,clear,15.86401757,103.3652061,straight road,no slope,2022-06-14T07:38:00Z
6423789,14.06.2022 14:50,23.06.2022 13:07,Bangkok,department of highways,4-wheel pickup truck,vehicle equipment failure,rollover/fallen on straight road,1,0,0,clear,13.84622102,100.6726974,straight road,no slope,2022-06-14T07:50:00Z
7561176,14.06.2022 14:50,17.01.2023 06:34,Bangkok,department of highways,other,speeding,rollover/fallen on straight road,1,0,0,clear,13.81517086,100.7537645,straight road,no slope,2022-06-14T07:50:00Z
7564342,14.06.2022 14:50,19.01.2023 14:01,Nakhon Ratchasima,department of highways,4-wheel pickup truck,speeding,rollover/fallen on straight road,1,0,0,rainy,14.85788009,101.6789415,straight road,no slope,2022-06-14T07:50:00Z
7566740,14.06.2022 15:00,22.01.2023 07:44,Chachoengsao,department of highways,6-wheel truck,speeding,rollover/fallen on straight road,1,0,0,clear,13.72733191,101.0351175,straight road,no slope,2022-06-14T08:00:00Z
7418664,14.06.2022 16:20,30.11.2022 10:06,Phrae,department of highways,private/passenger car,speeding,rear-end collision,3,0,0,clear,18.16738537,100.1701587,straight road,no slope,2022-06-14T09:20:00Z
6376463,14.06.2022 16:30,15.06.2022 16:54,Surat Thani,department of highways,motorcycle,speeding,rear-end collision,2,1,0,rainy,8.602015322,99.01568769,straight road,no slope,2022-06-14T09:30:00Z
6415860,14.06.2022 17:00,22.06.2022 08:33,Tak,department of highways,private/passenger car,falling asleep,rollover/fallen on straight road,1,1,0,clear,17.13514898,99.1075158,straight road,no slope,2022-06-14T10:00:00Z
7569597,14.06.2022 17:30,25.01.2023 14:42,Nan,department of highways,private/passenger car,unfamiliarity with the route/unskilled driving,rollover/fallen on curved road,1,0,2,clear,19.14918938,101.1508226,wide curve,slope area,2022-06-14T10:30:00Z
7419024,14.06.2022 18:00,30.11.2022 11:42,Ubon Ratchathani,department of highways,4-wheel pickup truck,speeding,rollover/fallen on straight road,1,0,1,clear,14.98262755,104.9765968,straight road,no slope,2022-06-14T11:00:00Z
6423214,14.06.2022 19:42,23.06.2022 10:56,Bangkok,expressway authority of thailand,other,other,side collision,2,0,0,clear,13.71989444,100.5528577,wide curve,other,2022-06-14T12:42:00Z
6399139,14.06.2022 23:53,19.06.2022 11:57,Chon Buri,department of highways,large truck with trailer,speeding,rear-end collision,2,0,1,clear,13.17683414,100.9940046,straight road,no slope,2022-06-14T16:53:00Z
6446476,15.06.2022 00:00,27.06.2022 13:59,Nakhon Ratchasima,department of highways,other,speeding,rollover/fallen on straight road,1,0,0,clear,15.31101928,101.9657957,other,other,2022-06-14T17:00:00Z
6723232,15.06.2022 01:39,15.08.2022 09:48,Krabi,department of highways,4-wheel pickup truck,speeding,rollover/fallen on straight road,1,0,0,rainy,7.735087988,99.30639623,straight road,no slope,2022-06-14T18:39:00Z
6386883,15.06.2022 04:00,17.06.2022 11:18,Pathum Thani,department of highways,4-wheel pickup truck,speeding,rollover/fallen on straight road,1,0,0,clear,14.01960813,100.6999808,straight road,no slope,2022-06-14T21:00:00Z
6453476,15.06.2022 05:00,28.06.2022 14:18,Phitsanulok,department of highways,4-wheel pickup truck,speeding,rollover/fallen on straight road,1,0,0,rainy,16.90455363,100.1913535,straight road,no slope,2022-06-14T22:00:00Z
6381123,15.06.2022 05:45,16.06.2022 13:17,Phetchaburi,department of highways,4-wheel pickup truck,vehicle equipment failure,rollover/fallen on straight road,1,0,0,clear,12.82711682,99.9363613,straight road,no slope,2022-06-14T22:45:00Z
6444954,15.06.2022 07:40,27.06.2022 08:55,Nakhon Phanom,department of highways,motorcycle,speeding,collision with obstruction (on road surface),1,1,0,rainy,17.38384579,104.7588739,other,other,2022-06-15T00:40:00Z
7214549,15.06.2022 09:00,31.10.2022 16:19,Narathiwat,department of highways,4-wheel pickup truck,speeding,rear-end collision,2,0,1,rainy,6.01184395,101.847682,straight road,no slope,2022-06-15T02:00:00Z
6444991,15.06.2022 09:30,27.06.2022 09:01,Nakhon Phanom,department of highways,private/passenger car,speeding,head-on collision (not overtaking),2,1,0,rainy,17.76984724,104.2785492,straight road,no slope,2022-06-15T02:30:00Z
6808558,15.06.2022 09:38,30.08.2022 10:16,Maha Sarakham,department of highways,4-wheel pickup truck,speeding,rollover/fallen on straight road,1,0,0,clear,16.18249861,103.2024711,straight road,no slope,2022-06-15T02:38:00Z
7008712,15.06.2022 09:40,30.09.2022 13:50,Phra Nakhon Si Ayutthaya,department of highways,7-10-wheel truck,speeding,rollover/fallen on straight road,1,0,0,clear,14.1483864,100.553087,straight road,no slope,2022-06-15T02:40:00Z
7414974,15.06.2022 10:00,29.11.2022 11:02,Bangkok,department of highways,other,speeding,rollover/fallen on straight road,1,0,0,clear,13.81380864,100.6773323,straight road,no slope,2022-06-15T03:00:00Z
7567444,15.06.2022 10:00,23.01.2023 15:29,Chanthaburi,department of highways,4-wheel pickup truck,speeding,rollover/fallen on curved road,1,0,0,rainy,12.39771675,102.3504755,wide curve,no slope,2022-06-15T03:00:00Z
6446585,15.06.2022 10:30,27.06.2022 14:14,Nakhon Phanom,department of highways,private/passenger car,speeding,rollover/fallen on straight road,1,0,2,clear,17.18779635,104.7813213,straight road,no slope,2022-06-15T03:30:00Z
6488516,15.06.2022 10:46,4.07.2022 10:32,Samut Prakan,expressway authority of thailand,other,other,rear-end collision,2,0,0,clear,13.632945,100.573726,straight road,other,2022-06-15T03:46:00Z
6415970,15.06.2022 11:00,22.06.2022 08:51,Phetchabun,department of highways,4-wheel pickup truck,speeding,rollover/fallen on curved road,1,0,1,clear,16.77360584,101.0608908,wide curve,slope area,2022-06-15T04:00:00Z
7473787,15.06.2022 12:30,20.12.2022 12:29,Chachoengsao,department of highways,large truck with trailer,illegal overtaking,head-on collision (not overtaking),4,0,3,clear,13.77404817,101.065008,straight road,no slope,2022-06-15T05:30:00Z
7567231,15.06.2022 13:00,23.01.2023 12:17,Chon Buri,department of highways,6-wheel truck,speeding,rear-end collision,3,0,0,rainy,13.29907552,101.1555058,straight road,no slope,2022-06-15T06:00:00Z
6566882,15.06.2022 13:01,20.06.2022 10:58,Phrae,department of rural roads,motorcycle,failure to yield/signal,other,2,0,1,clear,18.494268,100.165791,sharp curve,other,2022-06-15T06:01:00Z
6466109,15.06.2022 13:05,30.06.2022 12:35,Suphan Buri,department of highways,private/passenger car,speeding,rear-end collision,2,1,0,clear,14.70743787,100.1023471,other,other,2022-06-15T06:05:00Z
6415822,15.06.2022 13:10,22.06.2022 08:23,Tak,department of highways,4-wheel pickup truck,vehicle equipment failure,rollover/fallen on straight road,1,0,1,clear,17.01153841,98.52074771,other,other,2022-06-15T06:10:00Z
7558221,15.06.2022 13:18,12.01.2023 14:12,Chon Buri,department of highways,private/passenger car,speeding,rollover/fallen on curved road,1,0,2,rainy,12.95425746,100.972327,wide curve,no slope,2022-06-15T06:18:00Z
6446175,15.06.2022 14:00,27.06.2022 12:54,Chiang Rai,department of highways,4-wheel pickup truck,speeding,rollover/fallen on curved road,1,0,0,rainy,19.72342842,99.60833518,wide curve,no slope,2022-06-15T07:00:00Z
6465664,15.06.2022 14:00,30.06.2022 10:53,Kanchanaburi,department of highways,7-10-wheel truck,speeding,rollover/fallen on curved road,1,0,0,clear,14.07019153,99.39067124,other,other,2022-06-15T07:00:00Z
6609786,15.06.2022 14:00,27.07.2022 16:06,Pattani,department of highways,4-wheel pickup truck,speeding,rollover/fallen on straight road,1,0,3,clear,6.804744855,101.134606,straight road,no slope,2022-06-15T07:00:00Z
6466761,15.06.2022 14:15,30.06.2022 14:51,Nonthaburi,department of highways,private/passenger car,speeding,rollover/fallen on straight road,1,0,0,clear,13.98106203,100.3250804,straight road,no slope,2022-06-15T07:15:00Z
6452421,15.06.2022 15:00,28.06.2022 10:02,Nakhon Ratchasima,department of highways,4-wheel pickup truck,speeding,rollover/fallen on straight road,1,0,0,clear,14.85164496,101.7080864,straight road,no slope,2022-06-15T08:00:00Z
7564542,15.06.2022 16:25,19.01.2023 21:53,Trang,department of highways,4-wheel pickup truck,speeding,rollover/fallen on curved road,1,0,1,clear,7.541133097,99.75445388,wide curve,no slope,2022-06-15T09:25:00Z
6470795,15.06.2022 17:00,1.07.2022 06:57,Nakhon Si Thammarat,department of highways,4-wheel pickup truck,cutting in closely by people/vehicles/animals,head-on collision (not overtaking),2,1,0,clear,8.348728246,99.48818831,straight road,no slope,2022-06-15T10:00:00Z
6637594,15.06.2022 17:10,1.08.2022 08:46,Kamphaeng Phet,department of highways,4-wheel pickup truck,speeding,rollover/fallen on straight road,1,0,1,clear,16.21596749,99.70197646,straight road,no slope,2022-06-15T10:10:00Z
6936711,15.06.2022 17:20,19.09.2022 09:39,Ranong,department of highways,private/passenger car,speeding,rollover/fallen on curved road,1,0,1,clear,9.791477662,98.59443872,wide curve,no slope,2022-06-15T10:20:00Z
7415418,15.06.2022 17:45,29.11.2022 15:29,Phrae,department of highways,4-wheel pickup truck,speeding,head-on collision (not overtaking),3,0,0,rainy,18.04375476,99.69981729,wide curve,slope area,2022-06-15T10:45:00Z
6445745,15.06.2022 17:50,27.06.2022 10:50,Lampang,department of highways,4-wheel pickup truck,speeding,rollover/fallen on curved road,1,0,0,rainy,18.56023185,99.86468731,wide curve,slope area,2022-06-15T10:50:00Z
6446887,15.06.2022 18:00,27.06.2022 15:01,Phrae,department of highways,private/passenger car,debris/obstruction on the road,other,1,0,0,rainy,18.16114653,100.0264594,wide curve,slope area,2022-06-15T11:00:00Z
6387038,15.06.2022 19:15,17.06.2022 12:00,Bangkok,department of highways,private/passenger car,speeding,rear-end collision,2,0,0,clear,13.90066728,100.6947479,straight road,no slope,2022-06-15T12:15:00Z
6415780,15.06.2022 20:00,22.06.2022 08:10,Tak,department of highways,4-wheel pickup truck,speeding,rollover/fallen on straight road,2,0,0,clear,16.74703455,98.57888995,connecting to public/commercial area,other,2022-06-15T13:00:00Z
7567540,15.06.2022 20:00,23.01.2023 17:21,Rayong,department of highways,private/passenger car,speeding,rollover/fallen on straight road,1,0,0,clear,12.87308388,101.5786055,straight road,no slope,2022-06-15T13:00:00Z
7527246,15.06.2022 20:30,31.12.2022 10:20,Chiang Mai,department of highways,motorcycle,speeding,rollover/fallen on straight road,1,0,1,clear,18.84852803,99.01166974,straight road,no slope,2022-06-15T13:30:00Z
6460008,15.06.2022 21:00,29.06.2022 13:56,Lampang,department of highways,large truck with trailer,speeding,rollover/fallen on curved road,1,0,0,rainy,18.55270019,99.85189585,wide curve,slope area,2022-06-15T14:00:00Z
6453204,15.06.2022 21:40,28.06.2022 13:15,Prachin Buri,department of highways,6-wheel truck,speeding,rear-end collision,3,1,0,clear,13.81335804,101.5458315,other,other,2022-06-15T14:40:00Z
6445966,15.06.2022 22:00,27.06.2022 11:40,Lampang,department of highways,private/passenger car,speeding,rollover/fallen on straight road,1,0,0,clear,19.03722864,99.60992305,straight road,no slope,2022-06-15T15:00:00Z
7331631,15.06.2022 22:02,22.06.2022 08:56,Maha Sarakham,department of highways,private/passenger car,speeding,head-on collision (not overtaking),2,1,1,rainy,16.07858895,103.3060956,wide curve,no slope,2022-06-15T15:02:00Z
6566885,15.06.2022 22:15,20.06.2022 10:57,Samut Prakan,department of rural roads,private/passenger car,abrupt lane change,other,2,0,1,clear,13.663688,100.530367,straight road,slope area,2022-06-15T15:15:00Z
7569593,15.06.2022 22:30,25.01.2023 14:42,Sa Kaeo,department of highways,private/passenger car,cutting in closely by people/vehicles/animals,rollover/fallen on straight road,1,0,2,clear,13.56987532,102.1456271,straight road,no slope,2022-06-15T15:30:00Z
7536794,15.06.2022 23:47,2.01.2023 09:18,Uttaradit,department of highways,4-wheel pickup truck,speeding,rollover/fallen on straight road,1,0,0,clear,17.59655281,100.0657484,straight road,no slope,2022-06-15T16:47:00Z
6429358,16.06.2022 00:11,24.06.2022 13:58,Prachuap Khiri Khan,department of highways,4-wheel pickup truck,speeding,rollover/fallen on straight road,1,0,2,clear,11.5141832,99.61223512,straight road,no slope,2022-06-15T17:11:00Z
7434589,16.06.2022 00:30,6.12.2022 11:59,Chiang Mai,department of highways,4-wheel pickup truck,speeding,rollover/fallen on straight road,1,0,0,clear,18.72255702,98.94540309,other,other,2022-06-15T17:30:00Z
6415647,16.06.2022 00:47,22.06.2022 07:25,Kamphaeng Phet,department of highways,private/passenger car,speeding,rollover/fallen on straight road,1,0,1,clear,16.47436173,99.55038069,other,other,2022-06-15T17:47:00Z
6531735,16.06.2022 01:30,11.07.2022 10:15,Chiang Mai,department of highways,private/passenger car,speeding,rollover/fallen on curved road,1,0,0,clear,18.72487882,99.10609691,wide curve,no slope,2022-06-15T18:30:00Z
6584869,16.06.2022 02:10,21.07.2022 09:59,Surin,department of highways,4-wheel pickup truck,speeding,rollover/fallen on straight road,1,0,0,clear,14.75761155,103.4289488,straight road,no slope,2022-06-15T19:10:00Z
6778339,16.06.2022 02:10,24.08.2022 14:26,Phuket,department of highways,private/passenger car,speeding,rollover/fallen on straight road,1,0,0,rainy,7.918470794,98.36958645,straight road,no slope,2022-06-15T19:10:00Z
6466743,16.06.2022 02:30,30.06.2022 14:49,Nonthaburi,department of highways,4-wheel pickup truck,speeding,rollover/fallen on straight road,1,0,1,clear,13.8977772,100.407722,straight road,no slope,2022-06-15T19:30:00Z
7027105,16.06.2022 02:50,3.10.2022 10:42,Chon Buri,department of highways,large truck with trailer,speeding,rollover/fallen on straight road,1,0,0,clear,13.43970773,101.000635,straight road,no slope,2022-06-15T19:50:00Z
6532870,16.06.2022 03:00,11.07.2022 13:44,Surin,department of highways,4-wheel pickup truck,speeding,rollover/fallen on straight road,1,0,1,clear,14.6223975,103.3767262,straight road,no slope,2022-06-15T20:00:00Z
7526812,16.06.2022 04:45,31.12.2022 08:45,Lampang,department of highways,7-10-wheel truck,speeding,rollover/fallen on curved road,1,0,1,clear,18.05551889,99.38894391,wide curve,no slope,2022-06-15T21:45:00Z
7447959,16.06.2022 05:00,9.12.2022 15:23,Chiang Rai,department of highways,private/passenger car,speeding,rollover/fallen on straight road,1,0,0,clear,20.32574652,100.3104892,straight road,no slope,2022-06-15T22:00:00Z
6488373,16.06.2022 07:28,4.07.2022 10:08,Nonthaburi,expressway authority of thailand,other,other,rear-end collision,7,0,1,rainy,13.793528,100.481222,straight road,other,2022-06-16T00:28:00Z
7451743,16.06.2022 07:30,10.12.2022 14:59,Bangkok,department of highways,4-wheel pickup truck,speeding,rear-end collision,2,0,0,clear,13.67206075,100.4549383,straight road,no slope,2022-06-16T00:30:00Z
6459529,16.06.2022 08:30,29.06.2022 11:56,Prachuap Khiri Khan,department of highways,4-wheel pickup truck,speeding,rollover/fallen on straight road,1,0,0,clear,11.08607778,99.36995117,straight road,no slope,2022-06-16T01:30:00Z
7331640,16.06.2022 09:21,1.08.2022 09:05,Phetchabun,department of highways,4-wheel pickup truck,speeding,rear-end collision,2,0,1,clear,16.75392043,101.2024498,sharp curve,slope area,2022-06-16T02:21:00Z
6381660,16.06.2022 09:40,16.06.2022 14:59,Sa Kaeo,department of highways,large truck with trailer,speeding,rollover/fallen on straight road,1,0,0,clear,13.85552328,102.0284521,straight road,no slope,2022-06-16T02:40:00Z
6387085,16.06.2022 09:40,17.06.2022 12:15,Bangkok,department of highways,4-wheel pickup truck,speeding,rear-end collision,2,0,0,rainy,13.82366957,100.674524,straight road,no slope,2022-06-16T02:40:00Z
7140345,16.06.2022 09:50,20.10.2022 13:56,Phetchabun,department of highways,4-wheel pickup truck,vehicle equipment failure,rollover/fallen on curved road,1,0,1,rainy,15.5869734,101.0694229,wide curve,slope area,2022-06-16T02:50:00Z
6387215,16.06.2022 10:05,17.06.2022 12:46,Bangkok,department of highways,4-wheel pickup truck,speeding,rear-end collision,2,0,0,rainy,13.81929654,100.6756344,straight road,no slope,2022-06-16T03:05:00Z
7565292,16.06.2022 11:30,20.01.2023 09:53,Trang,department of highways,private/passenger car,speeding,rollover/fallen on curved road,1,0,1,clear,7.918138714,99.59499924,wide curve,no slope,2022-06-16T04:30:00Z
6471406,16.06.2022 11:50,1.07.2022 09:24,Maha Sarakham,department of highways,4-wheel pickup truck,speeding,collision with obstruction (on road surface),2,0,1,clear,16.0507626,102.9588461,straight road,no slope,2022-06-16T04:50:00Z
6415645,16.06.2022 12:16,22.06.2022 07:25,Sukhothai,department of highways,motorcycle,cutting in closely by people/vehicles/animals,rear-end collision,2,0,2,clear,17.03537718,99.66791509,connecting to school area,other,2022-06-16T05:16:00Z
6381467,16.06.2022 13:20,16.06.2022 14:22,Phra Nakhon Si Ayutthaya,department of highways,7-10-wheel truck,speeding,rollover/fallen on straight road,1,0,0,rainy,14.46338376,100.5382892,straight road,no slope,2022-06-16T06:20:00Z
6466425,16.06.2022 13:30,30.06.2022 13:51,Phra Nakhon Si Ayutthaya,department of highways,6-wheel truck,speeding,rollover/fallen on straight road,1,0,0,clear,14.45493489,100.5399683,straight road,no slope,2022-06-16T06:30:00Z
7557715,16.06.2022 13:34,12.01.2023 10:38,Nakhon Ratchasima,department of highways,4-wheel pickup truck,speeding,rollover/fallen on straight road,1,0,3,rainy,14.65277767,101.3613801,straight road,no slope,2022-06-16T06:34:00Z
6434866,16.06.2022 14:20,25.06.2022 13:44,Chiang Mai,department of highways,4-wheel pickup truck,speeding,rollover/fallen on straight road,1,0,0,clear,18.72123607,98.95905285,straight road,no slope,2022-06-16T07:20:00Z
7526815,16.06.2022 14:30,31.12.2022 08:46,Lampang,department of highways,private/passenger car,speeding,rollover/fallen on straight road,1,0,0,clear,18.31700721,99.36606465,straight road,no slope,2022-06-16T07:30:00Z
7027322,16.06.2022 15:00,3.10.2022 11:28,Nakhon Ratchasima,department of highways,private/passenger car,speeding,rollover/fallen on straight road,1,0,0,clear,15.06736836,102.1209186,straight road,no slope,2022-06-16T08:00:00Z
7041028,16.06.2022 15:00,5.10.2022 11:14,Phetchabun,department of highways,4-wheel pickup truck,speeding,rollover/fallen on curved road,1,0,0,rainy,16.27101882,100.831621,wide curve,slope area,2022-06-16T08:00:00Z
6869600,16.06.2022 15:06,9.09.2022 10:49,Phetchabun,department of highways,4-wheel pickup truck,speeding,rollover/fallen on straight road,1,0,2,clear,16.51159695,101.1561951,straight road,no slope,2022-06-16T08:06:00Z
6445435,16.06.2022 15:30,27.06.2022 10:14,Samut Prakan,expressway authority of thailand,4-wheel pickup truck,other,rear-end collision,2,0,3,clear,13.601312,100.639084,straight road,other,2022-06-16T08:30:00Z
6446276,16.06.2022 16:25,27.06.2022 13:21,Songkhla,department of highways,private/passenger car,speeding,rollover/fallen on straight road,1,0,1,clear,7.264487448,100.5218017,straight road,no slope,2022-06-16T09:25:00Z
6452423,16.06.2022 16:30,28.06.2022 10:03,Nakhon Ratchasima,department of highways,4-wheel pickup truck,speeding,rollover/fallen on straight road,1,0,7,rainy,14.83352709,101.7827269,straight road,no slope,2022-06-16T09:30:00Z
7527216,16.06.2022 17:00,31.12.2022 10:18,Chiang Mai,department of highways,motorcycle,speeding,rear-end collision,2,0,5,clear,18.81910565,99.05201285,other,other,2022-06-16T10:00:00Z
6694002,16.06.2022 17:30,10.08.2022 12:32,Prachin Buri,department of highways,private/passenger car,speeding,rollover/fallen on straight road,1,0,1,clear,13.89789697,101.5974212,straight road,no slope,2022-06-16T10:30:00Z
6458638,16.06.2022 18:20,29.06.2022 08:59,Suphan Buri,department of highways,motorcycle,running red lights/traffic signals,collision with obstruction (on road surface),2,1,0,foggy,14.87321435,100.0867393,straight road,no slope,2022-06-16T11:20:00Z
6453475,16.06.2022 18:40,28.06.2022 14:17,Uttaradit,department of highways,4-wheel pickup truck,speeding,rollover/fallen on curved road,1,0,0,clear,17.77390588,100.1315322,wide curve,no slope,2022-06-16T11:40:00Z
6399276,16.06.2022 19:00,19.06.2022 12:31,Chon Buri,department of highways,private/passenger car,speeding,rear-end collision,2,0,0,clear,13.14079155,100.9855503,straight road,no slope,2022-06-16T12:00:00Z
7415448,16.06.2022 19:10,29.11.2022 15:33,Phrae,department of highways,4-wheel pickup truck,speeding,head-on collision (not overtaking),2,0,0,rainy,18.05647264,99.69858347,wide curve,slope area,2022-06-16T12:10:00Z
7331638,16.06.2022 19:40,20.06.2022 21:13,Ubon Ratchathani,department of highways,4-wheel pickup truck,speeding,rollover/fallen on straight road,1,1,2,clear,15.28027043,104.8816091,straight road,no slope,2022-06-16T12:40:00Z
7567062,16.06.2022 19:40,23.01.2023 09:47,Phangnga,department of highways,large truck with trailer,speeding,rollover/fallen on straight road,1,0,0,rainy,8.464636236,98.59192549,straight road,no slope,2022-06-16T12:40:00Z
7527316,16.06.2022 20:33,31.12.2022 10:35,Chiang Mai,department of highways,motorcycle,speeding,rear-end collision,2,0,0,clear,18.82473413,99.01202647,straight road,no slope,2022-06-16T13:33:00Z
6445336,16.06.2022 20:35,27.06.2022 09:58,buogkan,department of highways,4-wheel pickup truck,falling asleep,rollover/fallen on straight road,1,0,1,clear,18.29583337,103.6595383,straight road,no slope,2022-06-16T13:35:00Z
7527373,16.06.2022 22:40,31.12.2022 10:45,Chiang Mai,department of highways,motorcycle,speeding,rear-end collision,2,0,0,clear,18.85882084,99.01457994,straight road,no slope,2022-06-16T15:40:00Z
6501816,16.06.2022 23:00,6.07.2022 11:16,Surin,department of highways,motorcycle,speeding,rear-end collision,2,1,0,clear,14.746977,103.4267118,straight road,no slope,2022-06-16T16:00:00Z
6895618,16.06.2022 23:04,13.09.2022 09:21,Nong Bua Lam Phu,department of highways,4-wheel pickup truck,speeding,rollover/fallen on straight road,1,0,0,clear,17.20545318,102.4442589,straight road,no slope,2022-06-16T16:04:00Z
7415344,16.06.2022 23:30,29.11.2022 15:17,Phrae,department of highways,4-wheel pickup truck,speeding,head-on collision (not overtaking),2,0,0,rainy,18.03737124,99.70052539,wide curve,slope area,2022-06-16T16:30:00Z
7536899,16.06.2022 23:30,2.01.2023 09:42,Phrae,department of highways,7-10-wheel truck,speeding,collision with obstruction (on road surface),1,0,0,rainy,18.4162414,100.1821026,straight road,no slope,2022-06-16T16:30:00Z
6566877,16.06.2022 23:47,20.06.2022 10:58,Samut Prakan,department of rural roads,motorcycle,speeding,other,2,0,1,clear,13.666665,100.538469,y-intersection,other,2022-06-16T16:47:00Z
7331650,17.06.2022 00:45,30.06.2022 09:17,Loburi,department of highways,motorcycle,illegal overtaking,head-on collision (not overtaking),2,1,0,clear,15.17326505,101.1520967,straight road,no slope,2022-06-16T17:45:00Z
6465745,17.06.2022 02:30,30.06.2022 11:09,Chai Nat,department of highways,private/passenger car,driving under the influence of alcohol,rear-end collision,2,0,3,clear,15.19042228,100.132294,straight road,no slope,2022-06-16T19:30:00Z
6451990,17.06.2022 03:50,28.06.2022 08:33,Sakon Nakhon,department of highways,large truck with trailer,falling asleep,rollover/fallen on straight road,1,0,0,clear,17.38539184,103.2962036,straight road,no slope,2022-06-16T20:50:00Z
7008702,17.06.2022 04:00,30.09.2022 13:53,Khon Kaen,department of highways,large truck with trailer,speeding,rollover/fallen on straight road,1,0,0,clear,16.50781666,102.3144078,straight road,no slope,2022-06-16T21:00:00Z
6702148,17.06.2022 04:30,11.08.2022 13:40,Surat Thani,department of highways,4-wheel pickup truck,speeding,rollover/fallen on straight road,1,0,0,clear,9.141577419,99.6682611,straight road,no slope,2022-06-16T21:30:00Z
7536845,17.06.2022 04:50,2.01.2023 09:34,Nan,department of highways,6-wheel truck,speeding,rollover/fallen on curved road,1,0,0,rainy,18.516245,100.5990574,wide curve,no slope,2022-06-16T21:50:00Z
7536873,17.06.2022 04:50,2.01.2023 09:36,Nan,department of highways,6-wheel truck,speeding,collision with obstruction (on road surface),2,0,0,rainy,18.51972682,100.6048617,wide curve,no slope,2022-06-16T21:50:00Z
6584830,17.06.2022 05:40,21.07.2022 09:52,Surin,department of highways,private/passenger car,speeding,rollover/fallen on straight road,1,0,1,clear,15.00796109,103.5518047,straight road,no slope,2022-06-16T22:40:00Z
7414856,17.06.2022 05:40,25.11.2022 14:33,Phetchabun,department of highways,4-wheel pickup truck,speeding,rollover/fallen on straight road,1,0,0,clear,16.96026258,101.2125778,straight road,no slope,2022-06-16T22:40:00Z
6416649,17.06.2022 06:30,22.06.2022 11:14,Prachuap Khiri Khan,department of highways,4-wheel pickup truck,speeding,rollover/fallen on curved road,1,0,1,clear,11.96183281,99.83231841,wide curve,no slope,2022-06-16T23:30:00Z
6387297,17.06.2022 06:59,17.06.2022 13:12,Bangkok,department of highways,private/passenger car,speeding,rollover/fallen on straight road,1,0,1,rainy,13.7294737,100.8105495,straight road,no slope,2022-06-16T23:59:00Z
6902590,17.06.2022 07:00,14.09.2022 09:23,Khon Kaen,department of highways,4-wheel pickup truck,speeding,rollover/fallen on straight road,1,0,0,clear,15.88672591,102.6428416,straight road,no slope,2022-06-17T00:00:00Z
6466558,17.06.2022 07:10,30.06.2022 14:16,Sakon Nakhon,department of highways,motorcycle,speeding,rear-end collision,2,1,2,clear,17.02578818,104.313595,straight road,no slope,2022-06-17T00:10:00Z
6897011,17.06.2022 07:20,13.09.2022 13:51,Phetchabun,department of highways,motorcycle,speeding,rear-end collision,2,0,2,clear,16.17975779,101.1482316,other,other,2022-06-17T00:20:00Z
6470362,17.06.2022 07:30,1.07.2022 05:40,Trat,department of highways,4-wheel pickup truck,speeding,rollover/fallen on straight road,1,0,1,clear,12.28144864,102.4880808,straight road,no slope,2022-06-17T00:30:00Z
6658338,17.06.2022 08:10,21.07.2022 16:32,Saraburi,department of rural roads,motorcycle,speeding,other,1,1,0,clear,14.633442,101.016326,wide curve,no slope,2022-06-17T01:10:00Z
6466418,17.06.2022 08:40,30.06.2022 13:50,Phra Nakhon Si Ayutthaya,department of highways,private/passenger car,speeding,rollover/fallen on straight road,1,0,1,clear,14.52027858,100.5094233,other,other,2022-06-17T01:40:00Z
6466111,17.06.2022 09:05,30.06.2022 12:39,Suphan Buri,department of highways,motorcycle,cutting in closely by people/vehicles/animals,other,2,0,1,clear,14.80954217,99.70984607,connecting to public/commercial area,other,2022-06-17T02:05:00Z