acc_code,incident_datetime,report_datetime,province_en,agency,vehicle_type,presumed_cause,accident_type,number_of_vehicles_involved,number_of_fatalities,number_of_injuries,weather_condition,latitude,longitude,road_description,slope_description,incident_time
6392958,17.06.2022 09:20,18.06.2022 10:27,Bangkok,department of highways,private/passenger car,speeding,rear-end collision,4,0,0,clear,13.77225066,100.6901237,straight road,no slope,2022-06-17T02:20:00Z
6687514,17.06.2022 09:30,9.08.2022 14:05,Loburi,department of highways,other,speeding,rollover/fallen on straight road,1,0,0,clear,15.20278715,101.0913661,straight road,no slope,2022-06-17T02:30:00Z
7055399,17.06.2022 09:35,7.10.2022 14:32,Suphan Buri,department of highways,4-wheel pickup truck,speeding,rollover/fallen on straight road,1,0,0,clear,14.57992595,100.1504525,straight road,no slope,2022-06-17T02:35:00Z
7564303,17.06.2022 09:57,19.01.2023 13:32,Nakhon Ratchasima,department of highways,other,speeding,rollover/fallen on straight road,1,0,0,clear,14.87609858,101.8460912,straight road,no slope,2022-06-17T02:57:00Z
6407317,17.06.2022 10:00,20.06.2022 20:40,Ubon Ratchathani,department of highways,other,speeding,rollover/fallen on straight road,1,0,0,clear,15.30610908,104.6737647,straight road,no slope,2022-06-17T03:00:00Z
7564547,17.06.2022 10:00,19.01.2023 21:57,Trang,department of highways,large truck with trailer,speeding,rollover/fallen on straight road,1,0,0,clear,7.568371141,99.65852736,other,other,2022-06-17T03:00:00Z
6410820,17.06.2022 10:30,21.06.2022 11:59,Surat Thani,department of highways,6-wheel truck,speeding,collision with obstruction (on road surface),2,0,1,clear,8.600164196,99.35878514,straight road,no slope,2022-06-17T03:30:00Z
6466764,17.06.2022 10:45,30.06.2022 14:52,Nonthaburi,department of highways,private/passenger car,speeding,rollover/fallen on straight road,1,0,0,clear,13.9700287,100.4336133,straight road,no slope,2022-06-17T03:45:00Z
6470365,17.06.2022 11:50,1.07.2022 05:40,Trat,department of highways,6-wheel truck,speeding,rollover/fallen on straight road,1,0,0,clear,12.28925072,102.318643,other,other,2022-06-17T04:50:00Z
6537732,17.06.2022 12:08,12.07.2022 09:33,Trat,department of highways,4-wheel pickup truck,speeding,rollover/fallen on straight road,1,0,1,rainy,12.3329035,102.4576646,straight road,no slope,2022-06-17T05:08:00Z
6404444,17.06.2022 12:10,20.06.2022 09:58,Nakhon Si Thammarat,department of highways,private/passenger car,speeding,rear-end collision,6,0,1,clear,8.602049799,99.95186715,straight road,no slope,2022-06-17T05:10:00Z
6453415,17.06.2022 12:10,28.06.2022 14:01,Uttaradit,department of highways,4-wheel pickup truck,speeding,rear-end collision,2,0,0,clear,17.37991149,100.2313909,straight road,no slope,2022-06-17T05:10:00Z
6445816,17.06.2022 12:15,27.06.2022 11:09,Narathiwat,department of highways,4-wheel pickup truck,speeding,rollover/fallen on straight road,1,1,2,clear,6.500915127,101.766918,straight road,no slope,2022-06-17T05:15:00Z
6445016,17.06.2022 13:11,27.06.2022 09:07,Sakon Nakhon,department of highways,4-wheel pickup truck,speeding,rear-end collision,3,0,1,clear,17.4218252,103.7288627,straight road,no slope,2022-06-17T06:11:00Z
6663243,17.06.2022 13:40,5.08.2022 10:45,Pattani,department of highways,motorcycle,speeding,rear-end collision,2,0,1,clear,6.860253107,101.3703856,straight road,no slope,2022-06-17T06:40:00Z
6470918,17.06.2022 14:30,1.07.2022 07:22,Surat Thani,department of highways,6-wheel truck,speeding,rear-end collision,2,0,0,clear,8.895003813,99.22686337,straight road,no slope,2022-06-17T07:30:00Z
6406936,17.06.2022 15:00,20.06.2022 19:18,Khon Kaen,department of highways,7-10-wheel truck,speeding,head-on collision (not overtaking),2,0,2,clear,16.73871003,103.084639,wide curve,no slope,2022-06-17T08:00:00Z
6445951,17.06.2022 15:15,27.06.2022 11:38,Yala,department of highways,private/passenger car,unfamiliarity with the route/unskilled driving,rollover/fallen on straight road,1,0,0,clear,6.536539082,101.238555,straight road,no slope,2022-06-17T08:15:00Z
6466555,17.06.2022 15:23,30.06.2022 14:16,Uthai Thani,department of highways,private/passenger car,falling asleep,rollover/fallen on straight road,1,0,0,clear,15.33498654,99.75162952,straight road,no slope,2022-06-17T08:23:00Z
7418982,17.06.2022 15:30,30.11.2022 11:21,Chiang Mai,department of highways,private/passenger car,speeding,rollover/fallen on straight road,1,0,0,clear,18.8084321,98.962934,straight road,no slope,2022-06-17T08:30:00Z
6393370,17.06.2022 16:16,18.06.2022 12:11,Chon Buri,department of highways,large truck with trailer,speeding,rear-end collision,2,0,0,clear,13.48960283,101.0467449,straight road,no slope,2022-06-17T09:16:00Z
6388295,17.06.2022 16:18,17.06.2022 17:02,Bangkok,expressway authority of thailand,other,other,rear-end collision,4,0,0,clear,13.76677765,100.5276217,straight road,other,2022-06-17T09:18:00Z
6423093,17.06.2022 16:30,23.06.2022 10:22,Phra Nakhon Si Ayutthaya,department of highways,4-wheel pickup truck,speeding,rollover/fallen on curved road,1,0,0,clear,14.1897543,100.634079,other,other,2022-06-17T09:30:00Z
6465840,17.06.2022 16:30,30.06.2022 11:26,Suphan Buri,department of highways,4-wheel pickup truck,cutting in closely by people/vehicles/animals,rear-end collision,2,0,0,clear,14.45417388,100.0840062,other,other,2022-06-17T09:30:00Z
7565759,17.06.2022 17:00,20.01.2023 14:52,Songkhla,department of highways,private/passenger car,speeding,rear-end collision,3,0,1,clear,6.788437103,100.4571953,straight road,no slope,2022-06-17T10:00:00Z
7331644,17.06.2022 17:40,27.06.2022 10:34,Mukdahan,department of highways,4-wheel pickup truck,cutting in closely by people/vehicles/animals,rear-end collision,2,1,1,clear,16.56691187,104.6899813,connecting to school area,other,2022-06-17T10:40:00Z
7558225,17.06.2022 17:49,12.01.2023 14:13,Chon Buri,department of highways,motorcycle,speeding,rollover/fallen on curved road,1,0,1,clear,12.83917294,100.9463096,straight road,no slope,2022-06-17T10:49:00Z
6637697,17.06.2022 18:00,1.08.2022 09:06,Phetchabun,department of highways,private/passenger car,driving under the influence of alcohol,rollover/fallen on straight road,1,0,1,clear,16.73789066,101.229811,straight road,no slope,2022-06-17T11:00:00Z
7557937,17.06.2022 18:45,12.01.2023 11:43,Si Sa Ket,department of highways,motorcycle,speeding,rear-end collision,2,0,0,clear,15.10005679,104.5003304,straight road,no slope,2022-06-17T11:45:00Z
6566902,17.06.2022 19:10,27.06.2022 09:05,Nong Khai,department of rural roads,private/passenger car,driving under the influence of alcohol,other,2,1,1,clear,17.772158,102.779618,wide curve,no slope,2022-06-17T12:10:00Z
6470536,17.06.2022 19:20,1.07.2022 06:06,Chumphon,department of highways,4-wheel pickup truck,speeding,rollover/fallen on straight road,1,0,0,clear,10.29456774,99.09281729,straight road,no slope,2022-06-17T12:20:00Z
6407114,17.06.2022 20:00,20.06.2022 19:56,Chaiyaphum,department of highways,motorcycle,driving under the influence of alcohol,rear-end collision,2,1,0,clear,15.67551896,101.9698459,other,other,2022-06-17T13:00:00Z
6453859,17.06.2022 20:30,28.06.2022 15:25,Phitsanulok,department of highways,motorcycle,cutting in closely by people/vehicles/animals,head-on collision (not overtaking),2,1,0,rainy,16.64034999,100.617173,connecting to public/commercial area,other,2022-06-17T13:30:00Z
6423137,17.06.2022 20:38,23.06.2022 10:31,Chon Buri,department of highways,large truck with trailer,vehicle equipment failure,rollover/fallen on straight road,1,0,0,clear,13.24844388,100.9937981,straight road,no slope,2022-06-17T13:38:00Z
6446588,17.06.2022 21:30,27.06.2022 14:13,Nakhon Phanom,department of highways,private/passenger car,falling asleep,rollover/fallen on straight road,1,0,1,clear,17.37817853,104.6755484,straight road,no slope,2022-06-17T14:30:00Z
6637662,17.06.2022 21:40,1.08.2022 09:01,Phetchabun,department of highways,motorcycle,speeding,rear-end collision,2,0,1,clear,16.73992238,101.2260344,other,other,2022-06-17T14:40:00Z
6445442,17.06.2022 21:50,27.06.2022 10:16,Samut Prakan,expressway authority of thailand,other,other,rear-end collision,3,0,4,clear,13.634536,100.56841,straight road,other,2022-06-17T14:50:00Z
7522150,17.06.2022 22:00,30.12.2022 13:02,Phrae,department of highways,4-wheel pickup truck,speeding,rollover/fallen on straight road,1,0,0,rainy,18.20939489,100.1992527,wide curve,no slope,2022-06-17T15:00:00Z
7371856,17.06.2022 22:25,23.11.2022 11:45,Udon Thani,department of highways,4-wheel pickup truck,speeding,rollover/fallen on straight road,2,0,0,clear,17.45168567,102.7934933,straight road,no slope,2022-06-17T15:25:00Z
6399070,17.06.2022 22:30,19.06.2022 11:39,Pathum Thani,department of highways,4-wheel pickup truck,speeding,rear-end collision,2,0,0,clear,14.06720211,100.6964752,straight road,no slope,2022-06-17T15:30:00Z
7331656,18.06.2022 00:45,27.06.2022 12:51,Lamphun,department of highways,private/passenger car,speeding,rollover/fallen on straight road,1,0,2,clear,18.51126757,98.88382225,straight road,no slope,2022-06-17T17:45:00Z
7317263,18.06.2022 01:30,15.11.2022 11:50,Khon Kaen,department of highways,private/passenger car,falling asleep,rollover/fallen on straight road,1,0,2,clear,16.45072531,102.7468148,straight road,no slope,2022-06-17T18:30:00Z
7528148,18.06.2022 01:30,31.12.2022 13:41,Bangkok,department of highways,private/passenger car,speeding,rear-end collision,2,0,0,clear,13.83935171,100.5577311,straight road,no slope,2022-06-17T18:30:00Z
6466863,18.06.2022 02:30,30.06.2022 15:14,Samut Prakan,department of highways,large truck with trailer,falling asleep,rear-end collision,4,0,2,clear,13.65027185,100.5224213,straight road,no slope,2022-06-17T19:30:00Z
6772107,18.06.2022 02:40,23.08.2022 14:56,Maha Sarakham,department of highways,private/passenger car,speeding,rollover/fallen on straight road,1,0,2,clear,16.0802281,103.159309,straight road,no slope,2022-06-17T19:40:00Z
7008293,18.06.2022 02:50,30.09.2022 12:33,Phayao,department of highways,4-wheel pickup truck,speeding,rollover/fallen on curved road,1,0,1,clear,19.06333474,99.92932318,wide curve,no slope,2022-06-17T19:50:00Z
6399961,18.06.2022 02:51,19.06.2022 15:19,Chon Buri,department of highways,private/passenger car,speeding,rollover/fallen on straight road,1,0,0,clear,13.35653921,101.0352033,straight road,no slope,2022-06-17T19:51:00Z
6471652,18.06.2022 03:30,1.07.2022 10:07,Roi Et,department of highways,4-wheel pickup truck,speeding,rollover/fallen on straight road,1,0,1,clear,16.03348645,103.6614615,straight road,no slope,2022-06-17T20:30:00Z
6445851,18.06.2022 06:00,27.06.2022 11:15,Narathiwat,department of highways,large truck with trailer,speeding,rollover/fallen on straight road,1,0,0,clear,6.602890182,101.6315067,straight road,no slope,2022-06-17T23:00:00Z
6423237,18.06.2022 06:10,23.06.2022 11:02,Bangkok,expressway authority of thailand,other,other,rear-end collision,2,0,2,clear,13.67032097,100.505409,wide curve,other,2022-06-17T23:10:00Z
7569489,18.06.2022 06:30,25.01.2023 13:43,Prachin Buri,department of highways,private/passenger car,speeding,rollover/fallen on curved road,1,0,1,clear,13.9338407,101.5121591,wide curve,no slope,2022-06-17T23:30:00Z
7419035,18.06.2022 07:00,30.11.2022 11:47,Ubon Ratchathani,department of highways,7-10-wheel truck,speeding,rollover/fallen on straight road,1,0,0,clear,14.82469835,105.2990359,straight road,no slope,2022-06-18T00:00:00Z
6398723,18.06.2022 07:30,19.06.2022 09:53,Nan,department of highways,private/passenger car,speeding,head-on collision (not overtaking),2,0,1,clear,18.81200949,100.7053909,straight road,no slope,2022-06-18T00:30:00Z
7476345,18.06.2022 07:30,21.12.2022 09:18,Kanchanaburi,department of highways,4-wheel pickup truck,cutting in closely by people/vehicles/animals,rear-end collision,2,0,0,clear,14.05335245,99.5167753,straight road,no slope,2022-06-18T00:30:00Z
7569195,18.06.2022 08:09,25.01.2023 09:57,Prachin Buri,department of highways,private/passenger car,speeding,other,1,0,0,clear,14.28593463,101.8882638,straight road,no slope,2022-06-18T01:09:00Z
6452418,18.06.2022 08:10,28.06.2022 10:01,Nakhon Ratchasima,department of highways,4-wheel pickup truck,cutting in closely by people/vehicles/animals,collision with obstruction (on road surface),1,0,1,clear,14.68288639,102.1834946,other,other,2022-06-18T01:10:00Z
7565771,18.06.2022 09:45,20.01.2023 15:01,Yala,department of highways,private/passenger car,speeding,rollover/fallen on curved road,1,0,1,clear,6.040889119,101.1799621,wide curve,slope area,2022-06-18T02:45:00Z
7569246,18.06.2022 10:54,25.01.2023 10:35,Prachin Buri,department of highways,4-wheel pickup truck,speeding,rear-end collision,3,0,0,clear,14.3172328,101.8374359,straight road,slope area,2022-06-18T03:54:00Z
6465012,18.06.2022 11:20,30.06.2022 08:43,Loburi,department of highways,4-wheel pickup truck,speeding,rollover/fallen on straight road,1,0,0,clear,14.90366966,100.9048077,straight road,no slope,2022-06-18T04:20:00Z
6404599,18.06.2022 11:36,20.06.2022 10:26,Chon Buri,department of highways,private/passenger car,speeding,rear-end collision,2,0,0,clear,13.11427598,100.9668231,straight road,no slope,2022-06-18T04:36:00Z
6464748,18.06.2022 12:00,30.06.2022 07:54,Nakhon Sawan,department of highways,large truck with trailer,speeding,rollover/fallen on straight road,1,0,0,clear,15.70481475,100.0558457,straight road,no slope,2022-06-18T05:00:00Z
6572065,18.06.2022 12:00,19.07.2022 09:58,Satun,department of highways,4-wheel pickup truck,falling asleep,rollover/fallen on straight road,1,0,1,clear,6.842178945,99.91804718,straight road,no slope,2022-06-18T05:00:00Z
6398967,18.06.2022 12:30,19.06.2022 11:07,Bangkok,department of highways,4-wheel pickup truck,speeding,rollover/fallen on straight road,1,0,0,clear,13.80693753,100.6788853,straight road,no slope,2022-06-18T05:30:00Z
6464746,18.06.2022 12:30,30.06.2022 07:52,Nakhon Sawan,department of highways,large truck with trailer,speeding,rollover/fallen on straight road,1,0,0,clear,15.7111485,100.0565457,straight road,no slope,2022-06-18T05:30:00Z
6822835,18.06.2022 13:15,1.09.2022 14:30,Uthai Thani,department of highways,4-wheel pickup truck,speeding,rollover/fallen on straight road,1,0,3,clear,15.36370224,99.98272328,straight road,no slope,2022-06-18T06:15:00Z
7331654,18.06.2022 14:00,27.06.2022 09:58,Sakon Nakhon,department of highways,private/passenger car,speeding,collision at intersection corner,2,1,7,clear,17.75256696,103.6249137,other,other,2022-06-18T07:00:00Z
7419409,18.06.2022 14:00,30.11.2022 13:30,Sakon Nakhon,department of highways,private/passenger car,running red lights/traffic signals,collision at intersection corner,2,0,0,clear,17.12814375,104.1243571,other,other,2022-06-18T07:00:00Z
7569341,18.06.2022 14:30,25.01.2023 11:35,Buri Ram,department of highways,private/passenger car,speeding,rollover/fallen on curved road,1,0,1,clear,15.05164391,103.156364,wide curve,no slope,2022-06-18T07:30:00Z
6394375,18.06.2022 14:50,18.06.2022 16:40,Bangkok,expressway authority of thailand,van,other,rear-end collision,2,0,0,clear,13.76807397,100.5380748,wide curve,other,2022-06-18T07:50:00Z
7564983,18.06.2022 14:52,20.01.2023 06:47,Bangkok,department of highways,private/passenger car,speeding,rear-end collision,2,0,1,clear,13.66685871,100.640059,straight road,no slope,2022-06-18T07:52:00Z
7446741,18.06.2022 15:02,9.12.2022 09:58,Nakhon Ratchasima,department of highways,6-wheel truck,speeding,rollover/fallen on straight road,1,0,0,clear,15.03729371,101.7000326,straight road,no slope,2022-06-18T08:02:00Z
6465645,18.06.2022 16:15,30.06.2022 10:49,Loburi,department of highways,4-wheel pickup truck,speeding,rollover/fallen on straight road,1,0,1,clear,14.72329382,100.476172,straight road,no slope,2022-06-18T09:15:00Z
7192644,18.06.2022 17:30,28.10.2022 09:16,Phrae,department of rural roads,passenger pickup truck,falling asleep,other,1,0,1,clear,18.123646,100.112062,straight road,no slope,2022-06-18T10:30:00Z
6453480,18.06.2022 17:35,28.06.2022 14:19,Phichit,department of highways,large truck with trailer,speeding,rollover/fallen on straight road,1,0,0,rainy,16.38538285,100.1370871,straight road,no slope,2022-06-18T10:35:00Z
7569265,18.06.2022 17:40,25.01.2023 10:49,Prachin Buri,department of highways,large passenger vehicle,speeding,rollover/fallen on curved road,1,0,0,clear,14.04936366,101.789175,wide curve,no slope,2022-06-18T10:40:00Z
6470776,18.06.2022 18:50,1.07.2022 06:53,Nakhon Si Thammarat,department of highways,motorcycle,speeding,rear-end collision,2,1,0,clear,8.101633915,100.1082373,straight road,no slope,2022-06-18T11:50:00Z
6445619,18.06.2022 19:30,27.06.2022 10:33,Yasothon,department of highways,motorcycle,speeding,rear-end collision,2,1,0,clear,16.2883077,104.5137495,straight road,no slope,2022-06-18T12:30:00Z
6566934,18.06.2022 19:50,27.06.2022 09:07,Samut Prakan,department of rural roads,7-10-wheel truck,speeding,other,2,0,0,clear,13.652792,100.541216,straight road,slope area,2022-06-18T12:50:00Z
6423097,18.06.2022 20:45,23.06.2022 10:23,Chachoengsao,department of highways,4-wheel pickup truck,vehicle equipment failure,other,1,0,0,clear,13.50827951,101.0349753,straight road,no slope,2022-06-18T13:45:00Z
7008700,18.06.2022 21:12,30.09.2022 13:51,Lamphun,department of highways,4-wheel pickup truck,speeding,rollover/fallen on straight road,1,0,0,clear,18.46273959,99.1587138,wide curve,no slope,2022-06-18T14:12:00Z
6584922,18.06.2022 21:20,21.07.2022 10:08,Surin,department of highways,4-wheel pickup truck,speeding,rollover/fallen on curved road,1,0,0,clear,14.99889598,103.7640345,sharp curve,no slope,2022-06-18T14:20:00Z
6890372,18.06.2022 21:30,12.09.2022 13:53,Ang Thong,department of highways,6-wheel truck,speeding,rollover/fallen on straight road,1,0,1,clear,14.58037503,100.484401,straight road,no slope,2022-06-18T14:30:00Z
6446616,18.06.2022 22:00,27.06.2022 14:16,Sa Kaeo,department of highways,van,running red lights/traffic signals,collision at intersection corner,2,0,4,clear,13.84061136,102.6261932,other,other,2022-06-18T15:00:00Z
6470847,18.06.2022 22:00,1.07.2022 07:06,Phatthalung,department of highways,motorcycle,speeding,collision with obstruction (on road surface),2,1,1,clear,7.624466404,100.0479251,straight road,no slope,2022-06-18T15:00:00Z
7567023,18.06.2022 23:50,23.01.2023 09:18,Loei,department of highways,4-wheel pickup truck,speeding,other,1,0,0,clear,17.31296172,101.911945,wide curve,slope area,2022-06-18T16:50:00Z
6446676,19.06.2022 00:30,27.06.2022 14:27,Nan,department of highways,motorcycle,running red lights/traffic signals,collision with obstruction (on road surface),2,1,0,clear,18.77963502,100.7554677,straight road,no slope,2022-06-18T17:30:00Z
7564262,19.06.2022 00:30,19.01.2023 11:47,Samut Sakhon,department of highways,4-wheel pickup truck,speeding,rollover/fallen on curved road,1,0,0,clear,13.57658911,100.2734613,wide curve,no slope,2022-06-18T17:30:00Z
6446088,19.06.2022 00:45,27.06.2022 12:28,Lamphun,department of highways,private/passenger car,speeding,rollover/fallen on straight road,1,0,1,clear,18.55919188,99.04579549,straight road,no slope,2022-06-18T17:45:00Z
7565291,19.06.2022 00:46,20.01.2023 09:51,Trang,department of highways,4-wheel pickup truck,speeding,rollover/fallen on curved road,1,0,1,rainy,7.882849102,99.59627061,wide curve,no slope,2022-06-18T17:46:00Z
6465747,19.06.2022 01:20,30.06.2022 11:08,Chai Nat,department of highways,private/passenger car,speeding,rollover/fallen on straight road,1,0,2,clear,15.20796895,100.1198834,straight road,no slope,2022-06-18T18:20:00Z
6404474,19.06.2022 02:50,20.06.2022 10:01,Chachoengsao,department of highways,4-wheel pickup truck,speeding,rear-end collision,2,0,1,clear,13.56468406,100.9875512,straight road,no slope,2022-06-18T19:50:00Z
6566936,19.06.2022 03:46,27.06.2022 09:13,Bangkok,department of rural roads,passenger pickup truck,speeding,other,1,0,1,clear,13.699632,100.494714,straight road,slope area,2022-06-18T20:46:00Z
6458862,19.06.2022 04:50,29.06.2022 09:31,Loei,department of highways,private/passenger car,speeding,rollover/fallen on straight road,1,0,0,clear,17.31114106,101.935071,straight road,no slope,2022-06-18T21:50:00Z
6416751,19.06.2022 05:30,22.06.2022 11:37,Bangkok,department of highways,large truck with trailer,speeding,rollover/fallen on straight road,1,0,0,clear,13.76440138,100.6943107,straight road,no slope,2022-06-18T22:30:00Z
7558215,19.06.2022 05:40,12.01.2023 14:11,Chon Buri,department of highways,4-wheel pickup truck,speeding,rollover/fallen on curved road,1,0,0,rainy,12.95425746,100.972327,wide curve,no slope,2022-06-18T22:40:00Z
6445219,19.06.2022 05:45,27.06.2022 09:37,Sakon Nakhon,department of highways,private/passenger car,speeding,collision with obstruction (on road surface),1,0,1,clear,17.17435338,104.1310304,other,other,2022-06-18T22:45:00Z
6458803,19.06.2022 06:00,29.06.2022 09:23,Sing Buri,department of highways,4-wheel pickup truck,speeding,rear-end collision,2,0,1,clear,14.87975474,100.4331466,straight road,no slope,2022-06-18T23:00:00Z
6458786,19.06.2022 06:05,29.06.2022 09:19,Kanchanaburi,department of highways,4-wheel pickup truck,running red lights/traffic signals,collision at intersection corner,2,1,0,clear,14.06020583,99.47780816,other,other,2022-06-18T23:05:00Z
6398927,19.06.2022 06:08,19.06.2022 11:03,Nonthaburi,expressway authority of thailand,other,other,rear-end collision,2,0,0,clear,13.850065,100.5333966,straight road,other,2022-06-18T23:08:00Z
6496188,19.06.2022 07:00,5.07.2022 15:24,Nakhon Pathom,department of highways,4-wheel pickup truck,speeding,rollover/fallen on straight road,1,0,0,clear,13.77282899,100.2099761,straight road,no slope,2022-06-19T00:00:00Z
7418642,19.06.2022 07:00,30.11.2022 09:56,Bangkok,department of highways,private/passenger car,speeding,rollover/fallen on straight road,1,0,0,clear,13.8299568,100.5576119,straight road,no slope,2022-06-19T00:00:00Z
6466526,19.06.2022 07:50,30.06.2022 14:14,Sakon Nakhon,department of highways,private/passenger car,speeding,rollover/fallen on curved road,1,0,1,clear,17.1701609,104.1425666,sharp curve,no slope,2022-06-19T00:50:00Z
6424356,19.06.2022 08:30,23.06.2022 15:25,Suphan Buri,department of highways,motorcycle,cutting in closely by people/vehicles/animals,rear-end collision,2,0,1,clear,14.45101553,100.0975647,straight road,no slope,2022-06-19T01:30:00Z
7419647,19.06.2022 10:00,30.11.2022 14:19,Nakhon Pathom,department of highways,private/passenger car,speeding,rollover/fallen on straight road,1,0,2,clear,14.03667867,100.1043266,straight road,no slope,2022-06-19T03:00:00Z
7569289,19.06.2022 10:32,25.01.2023 11:00,Prachin Buri,department of highways,6-wheel truck,speeding,rear-end collision,2,0,1,clear,14.29674731,101.880582,straight road,slope area,2022-06-19T03:32:00Z
6566925,19.06.2022 11:52,27.06.2022 09:05,Samut Prakan,department of rural roads,motorcycle,speeding,other,2,0,2,clear,13.655323,100.540833,straight road,slope area,2022-06-19T04:52:00Z
6416572,19.06.2022 13:11,22.06.2022 11:00,Chon Buri,department of highways,private/passenger car,speeding,rear-end collision,2,0,0,clear,13.13353538,100.9852633,straight road,no slope,2022-06-19T06:11:00Z
7527442,19.06.2022 13:57,31.12.2022 11:04,Chiang Mai,department of highways,motorcycle,speeding,rear-end collision,2,0,0,clear,18.87889444,99.01484548,straight road,no slope,2022-06-19T06:57:00Z
6466223,19.06.2022 14:30,30.06.2022 13:07,Suphan Buri,department of highways,7-10-wheel truck,falling asleep,rollover/fallen on straight road,1,0,0,clear,14.27779878,100.0617626,straight road,no slope,2022-06-19T07:30:00Z
7414334,19.06.2022 14:30,28.11.2022 12:01,Rayong,department of highways,4-wheel pickup truck,speeding,rollover/fallen on straight road,1,0,0,rainy,12.84209666,101.6226017,other,other,2022-06-19T07:30:00Z
6404751,19.06.2022 15:20,20.06.2022 10:51,Nakhon Si Thammarat,department of highways,private/passenger car,speeding,head-on collision (not overtaking),2,1,1,clear,8.011660259,100.3206119,straight road,no slope,2022-06-19T08:20:00Z
6416760,19.06.2022 15:31,22.06.2022 11:42,Chon Buri,department of highways,4-wheel pickup truck,speeding,rear-end collision,2,0,0,clear,13.12898776,100.9850809,straight road,no slope,2022-06-19T08:31:00Z
6471526,19.06.2022 15:37,1.07.2022 09:42,Samut Prakan,department of highways,private/passenger car,speeding,rear-end collision,3,0,0,clear,13.66595694,100.8501765,straight road,no slope,2022-06-19T08:37:00Z
6845127,19.06.2022 16:05,5.09.2022 09:25,Trat,department of highways,private/passenger car,speeding,rollover/fallen on straight road,1,0,1,clear,12.3791453,102.3769113,straight road,no slope,2022-06-19T09:05:00Z
7554394,19.06.2022 16:20,9.01.2023 11:04,Chiang Mai,department of highways,motorcycle,speeding,rollover/fallen on straight road,1,0,0,clear,18.84676639,99.01386648,other,other,2022-06-19T09:20:00Z
7536828,19.06.2022 16:30,2.01.2023 09:26,Uttaradit,department of highways,4-wheel pickup truck,brake/anti-lock brake system failure,rollover/fallen on curved road,1,0,2,clear,17.70271174,100.7133597,sharp curve,slope area,2022-06-19T09:30:00Z
7371806,19.06.2022 16:40,23.11.2022 11:36,Udon Thani,department of highways,7-10-wheel truck,speeding,rollover/fallen on straight road,1,0,1,clear,17.37142571,102.7225032,straight road,no slope,2022-06-19T09:40:00Z
7331660,19.06.2022 16:45,30.06.2022 10:46,Sing Buri,department of highways,private/passenger car,speeding,rollover/fallen on curved road,1,0,1,clear,14.81032269,100.4349759,wide curve,no slope,2022-06-19T09:45:00Z
7040815,19.06.2022 18:00,5.10.2022 10:38,Maha Sarakham,department of highways,4-wheel pickup truck,speeding,rollover/fallen on straight road,1,0,0,clear,16.05580957,103.0319068,straight road,no slope,2022-06-19T11:00:00Z
7558120,19.06.2022 18:20,12.01.2023 13:42,Pathum Thani,department of highways,private/passenger car,speeding,rear-end collision,2,0,6,clear,14.14429003,100.6621697,straight road,no slope,2022-06-19T11:20:00Z
7569336,19.06.2022 18:46,25.01.2023 11:32,Prachin Buri,department of highways,large truck with trailer,speeding,rear-end collision,2,0,0,clear,14.31268467,101.8477061,straight road,slope area,2022-06-19T11:46:00Z
6404113,19.06.2022 19:00,20.06.2022 09:04,Phetchaburi,department of highways,private/passenger car,speeding,rear-end collision,3,0,1,rainy,12.66888513,99.8789808,straight road,no slope,2022-06-19T12:00:00Z
6434099,19.06.2022 19:03,25.06.2022 09:55,Chon Buri,department of highways,private/passenger car,speeding,rear-end collision,4,0,0,clear,13.14989411,100.9859258,straight road,no slope,2022-06-19T12:03:00Z
6458494,19.06.2022 20:15,29.06.2022 08:32,Chumphon,department of highways,4-wheel pickup truck,other,other,1,0,0,clear,10.02366154,99.06756698,straight road,no slope,2022-06-19T13:15:00Z
7562627,19.06.2022 20:16,18.01.2023 10:01,Phatthalung,department of highways,private/passenger car,speeding,rollover/fallen on curved road,1,0,0,clear,7.293612956,100.062468,wide curve,no slope,2022-06-19T13:16:00Z
6404088,19.06.2022 20:20,20.06.2022 08:57,Phetchaburi,department of highways,4-wheel pickup truck,speeding,rollover/fallen on straight road,1,0,1,rainy,12.69027221,99.90054844,straight road,no slope,2022-06-19T13:20:00Z
7033519,19.06.2022 21:20,4.10.2022 09:42,Nakhon Pathom,department of highways,4-wheel pickup truck,speeding,rollover/fallen on straight road,1,0,1,clear,13.83447547,100.0684333,straight road,no slope,2022-06-19T14:20:00Z
6406012,19.06.2022 22:00,20.06.2022 15:48,Bangkok,department of highways,private/passenger car,speeding,rear-end collision,2,0,2,clear,13.71537714,100.7000801,other,other,2022-06-19T15:00:00Z
7414921,19.06.2022 22:10,28.11.2022 10:47,Phrae,department of highways,4-wheel pickup truck,speeding,rollover/fallen on straight road,1,0,1,clear,18.16146511,100.176942,other,other,2022-06-19T15:10:00Z
7561557,19.06.2022 22:45,17.01.2023 10:39,Bangkok,department of highways,private/passenger car,cutting in closely by people/vehicles/animals,pedestrian collision,1,1,0,clear,13.7838196,100.4025078,straight road,no slope,2022-06-19T15:45:00Z