acc_code,incident_datetime,report_datetime,province_en,agency,vehicle_type,presumed_cause,accident_type,number_of_vehicles_involved,number_of_fatalities,number_of_injuries,weather_condition,latitude,longitude,road_description,slope_description,incident_time
7564545,19.06.2022 23:30,19.01.2023 21:55,Trang,department of highways,4-wheel pickup truck,speeding,rollover/fallen on straight road,1,0,0,clear,7.631256148,99.58991914,straight road,no slope,2022-06-19T16:30:00Z
7567183,20.06.2022 00:30,23.01.2023 11:25,Nakhon Pathom,department of highways,4-wheel pickup truck,speeding,rollover/fallen on straight road,3,0,1,clear,13.95338142,100.0508541,straight road,no slope,2022-06-19T17:30:00Z
6566904,20.06.2022 00:56,27.06.2022 09:05,Chiang Mai,department of rural roads,motorcycle,driving under the influence of alcohol,other,1,0,1,clear,19.91428,99.186768,y-intersection,other,2022-06-19T17:56:00Z
6601497,20.06.2022 01:20,26.07.2022 11:40,Kalasin,department of highways,private/passenger car,speeding,rollover/fallen on straight road,1,0,0,clear,16.4556334,103.5403731,straight road,no slope,2022-06-19T18:20:00Z
6823200,20.06.2022 01:30,1.09.2022 15:36,Chiang Mai,department of highways,4-wheel pickup truck,speeding,rollover/fallen on straight road,1,0,0,clear,18.57449329,98.87994377,straight road,no slope,2022-06-19T18:30:00Z
6500632,20.06.2022 03:00,6.07.2022 07:26,Tak,department of highways,6-wheel truck,falling asleep,rollover/fallen on straight road,1,0,0,clear,17.2436949,99.12586211,straight road,no slope,2022-06-19T20:00:00Z
7561577,20.06.2022 03:00,17.01.2023 10:53,Bangkok,department of highways,private/passenger car,speeding,rollover/fallen on straight road,1,1,0,clear,13.78114689,100.4249525,straight road,no slope,2022-06-19T20:00:00Z
6895621,20.06.2022 03:13,13.09.2022 09:21,Nong Bua Lam Phu,department of highways,4-wheel pickup truck,speeding,rollover/fallen on curved road,1,0,0,clear,17.20712371,102.4504629,wide curve,slope area,2022-06-19T20:13:00Z
6406075,20.06.2022 04:05,20.06.2022 16:01,Chon Buri,department of highways,4-wheel pickup truck,speeding,rear-end collision,2,0,0,clear,13.36694109,101.0399079,straight road,no slope,2022-06-19T21:05:00Z
6470953,20.06.2022 05:30,1.07.2022 07:25,Surat Thani,department of highways,private/passenger car,speeding,rear-end collision,2,0,2,clear,8.693950252,99.22824471,other,other,2022-06-19T22:30:00Z
6911574,20.06.2022 06:00,15.09.2022 16:18,Chaiyaphum,department of highways,large truck with trailer,vehicle equipment failure,rollover/fallen on curved road,1,0,1,clear,15.8532533,101.429944,wide curve,slope area,2022-06-19T23:00:00Z
7565083,20.06.2022 06:00,20.01.2023 08:42,Pathum Thani,department of highways,private/passenger car,speeding,rollover/fallen on straight road,1,0,0,clear,13.9847553,100.5937573,straight road,no slope,2022-06-19T23:00:00Z
7358962,20.06.2022 08:55,21.11.2022 14:55,Udon Thani,department of highways,4-wheel pickup truck,falling asleep,rollover/fallen on straight road,1,0,0,clear,17.68618907,102.486383,straight road,no slope,2022-06-20T01:55:00Z
6729203,20.06.2022 09:00,16.08.2022 11:27,Pattani,department of highways,other,speeding,rollover/fallen on straight road,1,0,0,clear,6.702497362,101.5345287,straight road,no slope,2022-06-20T02:00:00Z
7568343,20.06.2022 09:00,24.01.2023 13:32,Nakhon Ratchasima,department of highways,private/passenger car,falling asleep,rollover/fallen on straight road,1,0,1,clear,14.86970429,101.7773893,straight road,no slope,2022-06-20T02:00:00Z
6466113,20.06.2022 10:00,30.06.2022 12:38,Suphan Buri,department of highways,motorcycle,cutting in closely by people/vehicles/animals,other,2,0,1,clear,14.75429155,100.0747767,connecting to public/commercial area,other,2022-06-20T03:00:00Z
7542742,20.06.2022 10:01,3.01.2023 14:29,Si Sa Ket,department of highways,private/passenger car,speeding,rollover/fallen on straight road,1,0,0,clear,14.85564791,104.0460929,straight road,no slope,2022-06-20T03:01:00Z
6470774,20.06.2022 10:30,1.07.2022 06:50,Nakhon Si Thammarat,department of highways,4-wheel pickup truck,speeding,pedestrian collision,1,0,1,clear,8.389976493,99.9870631,straight road,no slope,2022-06-20T03:30:00Z
6537458,20.06.2022 11:01,12.07.2022 08:23,Roi Et,department of highways,large truck with trailer,speeding,rollover/fallen on straight road,1,0,0,clear,15.57294415,103.4294423,straight road,no slope,2022-06-20T04:01:00Z
6434357,20.06.2022 11:34,25.06.2022 11:16,Chon Buri,department of highways,private/passenger car,speeding,rear-end collision,2,0,0,clear,13.11382406,100.963178,straight road,no slope,2022-06-20T04:34:00Z
7526776,20.06.2022 11:40,31.12.2022 08:43,Lampang,department of highways,large truck with trailer,speeding,rollover/fallen on curved road,1,0,1,clear,17.94310909,99.35090749,wide curve,no slope,2022-06-20T04:40:00Z
6446731,20.06.2022 13:30,27.06.2022 14:35,Phayao,department of highways,4-wheel pickup truck,speeding,rear-end collision,2,0,0,clear,19.31070037,100.0405651,straight road,no slope,2022-06-20T06:30:00Z
7527753,20.06.2022 13:30,31.12.2022 12:03,Chiang Mai,department of highways,4-wheel pickup truck,speeding,rollover/fallen on straight road,1,0,1,clear,17.94875603,98.69212209,straight road,no slope,2022-06-20T06:30:00Z
7564546,20.06.2022 13:30,19.01.2023 21:59,Trang,department of highways,motorcycle,speeding,other,1,0,0,clear,7.574356154,99.7834432,wide curve,slope area,2022-06-20T06:30:00Z
6501367,20.06.2022 14:30,6.07.2022 09:45,Roi Et,department of highways,4-wheel pickup truck,cutting in closely by people/vehicles/animals,rear-end collision,2,0,0,clear,15.7762277,103.9805129,straight road,no slope,2022-06-20T07:30:00Z
6466888,20.06.2022 14:55,30.06.2022 15:18,Phra Nakhon Si Ayutthaya,department of highways,private/passenger car,falling asleep,rear-end collision,2,0,1,clear,14.24344043,100.7454738,straight road,no slope,2022-06-20T07:55:00Z
6808409,20.06.2022 15:20,30.08.2022 09:53,Maha Sarakham,department of highways,4-wheel pickup truck,speeding,other,3,0,2,clear,16.13648702,103.3096361,connecting to public/commercial area,other,2022-06-20T08:20:00Z
6567170,20.06.2022 15:30,30.06.2022 15:21,buogkan,department of rural roads,4-wheel pickup truck,speeding,other,2,1,0,clear,18.304825,103.348536,wide curve,no slope,2022-06-20T08:30:00Z
6446704,20.06.2022 15:45,27.06.2022 14:32,Nan,department of highways,4-wheel pickup truck,speeding,head-on collision (not overtaking),3,0,0,rainy,18.99128137,100.7662529,wide curve,no slope,2022-06-20T08:45:00Z
7527342,20.06.2022 16:15,31.12.2022 10:42,Krabi,department of highways,private/passenger car,speeding,rear-end collision,2,0,0,clear,8.032814987,98.8616672,other,other,2022-06-20T09:15:00Z
6415808,20.06.2022 16:30,22.06.2022 08:16,Kanchanaburi,department of highways,motorcycle,cutting in closely by people/vehicles/animals,rear-end collision,2,1,0,clear,14.66041585,98.67132156,other,other,2022-06-20T09:30:00Z
6788585,20.06.2022 17:00,26.08.2022 09:49,Chumphon,department of highways,private/passenger car,speeding,rear-end collision,2,0,0,clear,10.41751196,99.13038968,wide curve,no slope,2022-06-20T10:00:00Z
6445836,20.06.2022 17:50,27.06.2022 11:12,Narathiwat,department of highways,4-wheel pickup truck,speeding,rollover/fallen on straight road,1,0,0,clear,6.397346739,101.6968587,straight road,no slope,2022-06-20T10:50:00Z
6471557,20.06.2022 17:50,1.07.2022 09:45,Maha Sarakham,department of highways,motorcycle,speeding,rear-end collision,3,1,0,clear,16.14884628,103.3965397,straight road,no slope,2022-06-20T10:50:00Z
6470369,20.06.2022 18:00,1.07.2022 05:44,Chon Buri,department of highways,private/passenger car,falling asleep,rear-end collision,2,1,0,clear,13.46359753,101.0924658,other,other,2022-06-20T11:00:00Z
6470751,20.06.2022 18:50,1.07.2022 06:49,Nakhon Si Thammarat,department of highways,motorcycle,speeding,rear-end collision,2,0,2,clear,8.406045778,99.83979373,straight road,no slope,2022-06-20T11:50:00Z
7558201,20.06.2022 19:29,12.01.2023 14:06,Chon Buri,department of highways,private/passenger car,vehicle equipment failure,rollover/fallen on straight road,1,0,0,clear,13.2061997,101.0037571,straight road,no slope,2022-06-20T12:29:00Z
6663124,20.06.2022 19:30,5.08.2022 10:22,Trat,department of highways,4-wheel pickup truck,speeding,rollover/fallen on straight road,1,0,1,rainy,12.19691348,102.5338554,straight road,no slope,2022-06-20T12:30:00Z
6566938,20.06.2022 19:50,27.06.2022 09:14,Samut Prakan,department of rural roads,private/passenger car,tailgating,other,2,0,0,clear,13.664341,100.534456,straight road,slope area,2022-06-20T12:50:00Z
7568238,20.06.2022 21:30,24.01.2023 11:13,Ratchaburi,department of highways,motorcycle,speeding,rear-end collision,2,0,2,clear,13.57124417,99.77829872,straight road,no slope,2022-06-20T14:30:00Z
7562618,20.06.2022 22:00,18.01.2023 10:00,Phatthalung,department of highways,4-wheel pickup truck,falling asleep,rollover/fallen on straight road,1,0,1,clear,7.347450374,100.1322269,straight road,no slope,2022-06-20T15:00:00Z
6687631,20.06.2022 22:30,9.08.2022 14:26,Saraburi,department of highways,7-10-wheel truck,falling asleep,rollover/fallen on straight road,1,0,0,clear,14.42577308,100.8943552,other,other,2022-06-20T15:30:00Z
7565116,21.06.2022 00:01,20.01.2023 08:53,Pathum Thani,department of highways,4-wheel pickup truck,speeding,rollover/fallen on straight road,1,0,0,rainy,14.10009396,100.6186589,straight road,no slope,2022-06-20T17:01:00Z
6466765,21.06.2022 00:10,30.06.2022 14:50,Sa Kaeo,department of highways,private/passenger car,speeding,rollover/fallen on straight road,1,0,1,foggy,13.66275902,102.4280289,straight road,no slope,2022-06-20T17:10:00Z
6416112,21.06.2022 00:32,22.06.2022 09:25,Bangkok,department of highways,4-wheel pickup truck,speeding,rollover/fallen on straight road,1,0,0,rainy,13.70737742,100.7000425,straight road,no slope,2022-06-20T17:32:00Z
7439491,21.06.2022 03:30,7.12.2022 14:10,Phitsanulok,department of highways,4-wheel pickup truck,speeding,rollover/fallen on curved road,1,0,0,clear,17.27116399,100.6077531,other,other,2022-06-20T20:30:00Z
6566928,21.06.2022 04:00,27.06.2022 09:07,Roi Et,department of rural roads,private/passenger car,speeding,other,1,0,1,clear,15.614188,103.994832,t-intersection,other,2022-06-20T21:00:00Z
6466757,21.06.2022 04:30,30.06.2022 14:53,Sa Kaeo,department of highways,6-wheel truck,speeding,rollover/fallen on straight road,1,0,3,foggy,13.72898386,102.50301,straight road,no slope,2022-06-20T21:30:00Z
6429293,21.06.2022 04:36,24.06.2022 13:43,Bangkok,department of highways,7-10-wheel truck,speeding,rear-end collision,2,0,0,clear,13.87055663,100.6794727,straight road,no slope,2022-06-20T21:36:00Z
6897045,21.06.2022 06:35,13.09.2022 14:01,Phetchabun,department of highways,private/passenger car,speeding,rollover/fallen on straight road,1,0,1,clear,16.66458244,101.1588344,straight road,no slope,2022-06-20T23:35:00Z
6416652,21.06.2022 07:00,22.06.2022 11:13,Prachuap Khiri Khan,department of highways,4-wheel pickup truck,speeding,rollover/fallen on straight road,1,0,0,clear,11.95131837,99.82727049,straight road,no slope,2022-06-21T00:00:00Z
6686454,21.06.2022 07:00,9.08.2022 10:32,Nakhon Sawan,department of highways,motorcycle,falling asleep,head-on collision (not overtaking),2,2,1,clear,15.35858637,100.4444146,straight road,no slope,2022-06-21T00:00:00Z
6444907,21.06.2022 07:30,27.06.2022 08:46,Nakhon Phanom,department of highways,large truck with trailer,falling asleep,rollover/fallen on curved road,1,0,0,clear,17.31589112,104.7861814,wide curve,no slope,2022-06-21T00:30:00Z
7536748,21.06.2022 07:45,2.01.2023 09:01,Phitsanulok,department of highways,private/passenger car,cutting in closely by people/vehicles/animals,rear-end collision,2,0,2,clear,16.839299,100.2370477,other,other,2022-06-21T00:45:00Z
6452594,21.06.2022 07:50,28.06.2022 10:37,Nakhon Ratchasima,department of highways,7-10-wheel truck,speeding,rollover/fallen on straight road,1,0,0,clear,14.69404815,102.0188954,straight road,no slope,2022-06-21T00:50:00Z
7536952,21.06.2022 08:44,2.01.2023 09:56,Phrae,department of highways,motorcycle,cutting in closely by people/vehicles/animals,rear-end collision,2,0,0,clear,18.09296353,99.84881131,other,other,2022-06-21T01:44:00Z
6658339,21.06.2022 09:00,18.07.2022 14:53,Saraburi,department of rural roads,motorcycle,speeding,other,1,1,0,clear,14.594062,100.966198,straight road,no slope,2022-06-21T02:00:00Z
7558133,21.06.2022 09:30,12.01.2023 13:46,Samut Prakan,department of highways,6-wheel truck,speeding,rear-end collision,2,0,1,clear,13.62586902,100.9125352,straight road,no slope,2022-06-21T02:30:00Z
7568304,21.06.2022 09:45,24.01.2023 12:27,Chon Buri,department of highways,other,vehicle equipment failure,collision with obstruction (on road surface),2,0,0,clear,13.1031867,100.911937,straight road,no slope,2022-06-21T02:45:00Z
6411632,21.06.2022 10:00,21.06.2022 15:00,Phetchaburi,department of highways,private/passenger car,falling asleep,rollover/fallen on straight road,1,0,2,clear,12.78161219,99.93792234,straight road,no slope,2022-06-21T03:00:00Z
7565762,21.06.2022 10:00,20.01.2023 14:51,Songkhla,department of highways,4-wheel pickup truck,falling asleep,rollover/fallen on straight road,1,0,0,clear,6.607965872,100.8945107,straight road,no slope,2022-06-21T03:00:00Z
6686913,21.06.2022 10:50,9.08.2022 12:03,Loburi,department of highways,other,speeding,rollover/fallen on straight road,1,0,0,clear,15.07643316,100.855262,straight road,no slope,2022-06-21T03:50:00Z
6702266,21.06.2022 10:50,11.08.2022 14:05,Chai Nat,department of highways,4-wheel pickup truck,speeding,rollover/fallen on straight road,1,0,0,clear,15.17950632,100.1381492,straight road,no slope,2022-06-21T03:50:00Z
7317211,21.06.2022 11:30,15.11.2022 11:44,Khon Kaen,department of highways,private/passenger car,falling asleep,rollover/fallen on straight road,1,0,0,clear,16.4107794,102.7807072,straight road,no slope,2022-06-21T04:30:00Z
6495715,21.06.2022 12:00,5.07.2022 14:26,Loburi,department of highways,other,driving under the influence of alcohol,rollover/fallen on curved road,1,0,0,clear,15.24139909,100.9436247,wide curve,no slope,2022-06-21T05:00:00Z
6411629,21.06.2022 12:46,21.06.2022 15:02,Chachoengsao,department of highways,6-wheel truck,speeding,rear-end collision,2,0,2,clear,13.60302265,100.9481495,straight road,no slope,2022-06-21T05:46:00Z
7526809,21.06.2022 12:50,31.12.2022 08:48,Lampang,department of highways,private/passenger car,speeding,rollover/fallen on straight road,1,0,1,clear,18.32015696,99.34583812,straight road,no slope,2022-06-21T05:50:00Z
6845167,21.06.2022 13:00,5.09.2022 09:35,Trat,department of highways,4-wheel pickup truck,speeding,rollover/fallen on straight road,4,0,1,clear,12.25311861,102.5091952,straight road,no slope,2022-06-21T06:00:00Z
6445432,21.06.2022 14:00,27.06.2022 10:14,Nakhon Si Thammarat,department of highways,private/passenger car,speeding,rollover/fallen on straight road,1,0,0,clear,8.706814575,99.92451398,straight road,no slope,2022-06-21T07:00:00Z
7331662,21.06.2022 14:00,27.06.2022 13:23,Songkhla,department of highways,6-wheel truck,falling asleep,rollover/fallen on straight road,1,0,5,clear,6.898681387,100.916191,straight road,no slope,2022-06-21T07:00:00Z
6452125,21.06.2022 14:30,28.06.2022 09:06,Nakhon Ratchasima,department of highways,private/passenger car,cutting in closely by people/vehicles/animals,rollover/fallen on straight road,1,0,0,clear,14.915022220000001,101.9380966,straight road,no slope,2022-06-21T07:30:00Z
6466562,21.06.2022 15:40,30.06.2022 14:15,Sakon Nakhon,department of highways,private/passenger car,speeding,rollover/fallen on straight road,1,0,1,clear,17.10297607,104.1533786,straight road,no slope,2022-06-21T08:40:00Z
7562298,21.06.2022 15:50,18.01.2023 06:56,Nakhon Si Thammarat,department of highways,private/passenger car,speeding,rollover/fallen on straight road,1,0,0,clear,8.346382293,99.60328458,other,other,2022-06-21T08:50:00Z
7567882,21.06.2022 16:00,24.01.2023 07:10,Nakhon Pathom,department of highways,private/passenger car,falling asleep,rollover/fallen on straight road,1,0,0,clear,13.9008235,100.062924,straight road,no slope,2022-06-21T09:00:00Z
6458053,21.06.2022 16:10,29.06.2022 07:02,Tak,department of highways,4-wheel pickup truck,cutting in closely by people/vehicles/animals,rear-end collision,2,0,2,clear,16.89030236,98.57607363,straight road,no slope,2022-06-21T09:10:00Z
6466866,21.06.2022 16:35,30.06.2022 15:11,Samut Prakan,department of highways,motorcycle,cutting in closely by people/vehicles/animals,rear-end collision,2,0,1,clear,13.5891297,100.833013,straight road,no slope,2022-06-21T09:35:00Z
6452011,21.06.2022 16:40,28.06.2022 08:39,Chanthaburi,department of highways,4-wheel pickup truck,speeding,rollover/fallen on straight road,1,0,1,clear,12.70570497,102.0876807,straight road,no slope,2022-06-21T09:40:00Z
6429414,21.06.2022 17:40,24.06.2022 14:07,Chiang Mai,department of highways,motorcycle,speeding,rear-end collision,2,2,0,clear,18.6297861,98.89677464,other,other,2022-06-21T10:40:00Z
6637694,21.06.2022 17:49,1.08.2022 09:05,Phetchabun,department of highways,motorcycle,running red lights/traffic signals,collision with obstruction (on road surface),2,0,1,clear,16.75440584,101.2108531,straight road,slope area,2022-06-21T10:49:00Z
6566941,21.06.2022 19:45,27.06.2022 09:14,Samut Prakan,department of rural roads,passenger pickup truck,abrupt lane change,other,2,0,0,rainy,13.662518,100.539012,straight road,slope area,2022-06-21T12:45:00Z
7451735,21.06.2022 20:20,10.12.2022 15:07,Bangkok,department of highways,4-wheel pickup truck,speeding,rear-end collision,2,0,0,clear,13.64001005,100.407946,straight road,no slope,2022-06-21T13:20:00Z
6452490,21.06.2022 21:00,28.06.2022 10:18,Nakhon Ratchasima,department of highways,4-wheel pickup truck,speeding,rollover/fallen on straight road,1,0,0,clear,14.68348055,102.0170984,straight road,no slope,2022-06-21T14:00:00Z
6424524,21.06.2022 21:11,23.06.2022 16:03,Chon Buri,department of highways,4-wheel pickup truck,speeding,rear-end collision,2,0,2,rainy,13.3189311,101.0106638,straight road,no slope,2022-06-21T14:11:00Z
6423256,21.06.2022 21:16,23.06.2022 11:06,Bangkok,expressway authority of thailand,other,other,other,1,0,0,rainy,13.75764618,100.5448227,wide curve,other,2022-06-21T14:16:00Z
6864569,21.06.2022 21:20,8.09.2022 14:26,Chaiyaphum,department of highways,4-wheel pickup truck,speeding,rollover/fallen on curved road,1,0,0,clear,16.01210959,101.6151318,wide curve,slope area,2022-06-21T14:20:00Z
7008782,21.06.2022 22:00,30.09.2022 14:04,Phra Nakhon Si Ayutthaya,department of highways,large truck with trailer,speeding,rear-end collision,2,0,1,clear,14.45495567,100.6158614,straight road,no slope,2022-06-21T15:00:00Z
6465722,21.06.2022 22:55,30.06.2022 11:00,Kanchanaburi,department of highways,4-wheel pickup truck,speeding,rollover/fallen on curved road,1,1,4,clear,14.92547487,98.66804926,wide curve,no slope,2022-06-21T15:55:00Z
6415880,21.06.2022 23:08,22.06.2022 08:38,Bangkok,department of highways,6-wheel truck,speeding,rear-end collision,2,1,0,clear,13.70827903,100.7000828,straight road,no slope,2022-06-21T16:08:00Z
6441060,21.06.2022 23:26,26.06.2022 15:07,Chon Buri,department of highways,4-wheel pickup truck,speeding,rear-end collision,2,0,0,clear,13.10995266,100.9300715,straight road,no slope,2022-06-21T16:26:00Z
6471677,21.06.2022 23:46,1.07.2022 10:10,Samut Prakan,department of highways,4-wheel pickup truck,speeding,rollover/fallen on straight road,1,0,0,clear,13.62611406,100.9121623,straight road,no slope,2022-06-21T16:46:00Z
7558205,22.06.2022 00:02,12.01.2023 14:09,Chon Buri,department of highways,private/passenger car,speeding,rear-end collision,2,0,0,clear,13.02639187,100.996381,straight road,no slope,2022-06-21T17:02:00Z
6740641,22.06.2022 00:10,18.08.2022 10:34,Ang Thong,department of highways,4-wheel pickup truck,speeding,rollover/fallen on curved road,1,0,0,rainy,14.59332005,100.4448652,wide curve,no slope,2022-06-21T17:10:00Z
7040992,22.06.2022 02:00,5.10.2022 11:09,Phetchabun,department of highways,private/passenger car,speeding,rollover/fallen on straight road,1,0,0,clear,15.90632856,101.0272345,straight road,no slope,2022-06-21T19:00:00Z
6440881,22.06.2022 02:55,26.06.2022 14:34,Bangkok,department of highways,large truck with trailer,speeding,rollover/fallen on straight road,1,0,0,clear,13.8965821,100.6926155,straight road,no slope,2022-06-21T19:55:00Z
6472083,22.06.2022 03:45,1.07.2022 11:33,Ubon Ratchathani,department of highways,6-wheel truck,speeding,rollover/fallen on straight road,1,0,1,clear,15.34902933,104.6276012,straight road,no slope,2022-06-21T20:45:00Z
6445112,22.06.2022 04:00,27.06.2022 09:23,Samut Prakan,expressway authority of thailand,other,other,collision with obstruction (on road surface),1,0,2,clear,13.586058,100.846649,straight road,other,2022-06-21T21:00:00Z
6686934,22.06.2022 04:00,9.08.2022 12:05,Saraburi,department of highways,large truck with trailer,speeding,rollover/fallen on straight road,1,0,0,clear,14.77571502,100.8184433,other,other,2022-06-21T21:00:00Z
6592390,22.06.2022 05:00,22.07.2022 15:16,Songkhla,department of highways,private/passenger car,speeding,rollover/fallen on straight road,1,0,0,clear,6.80088037,100.4533517,straight road,no slope,2022-06-21T22:00:00Z
7440841,22.06.2022 05:55,8.12.2022 07:28,Suphan Buri,department of highways,4-wheel pickup truck,speeding,rollover/fallen on curved road,1,0,0,clear,14.55848331,100.1397666,other,other,2022-06-21T22:55:00Z
6472450,22.06.2022 06:00,1.07.2022 13:12,Bangkok,department of highways,large truck with trailer,speeding,rear-end collision,2,0,2,clear,13.73042995,100.7227233,straight road,no slope,2022-06-21T23:00:00Z
6440930,22.06.2022 06:47,26.06.2022 14:41,Pathum Thani,department of highways,private/passenger car,speeding,rollover/fallen on straight road,1,0,1,clear,13.94495384,100.7114848,straight road,no slope,2022-06-21T23:47:00Z
6471558,22.06.2022 07:00,1.07.2022 09:47,Roi Et,department of highways,4-wheel pickup truck,speeding,rollover/fallen on straight road,1,0,1,clear,16.1014018,103.6585808,straight road,no slope,2022-06-22T00:00:00Z
7446287,22.06.2022 07:00,9.12.2022 12:00,Phra Nakhon Si Ayutthaya,department of highways,private/passenger car,speeding,rollover/fallen on straight road,1,0,0,clear,14.23982934,100.7145211,straight road,no slope,2022-06-22T00:00:00Z
7566737,22.06.2022 07:00,22.01.2023 07:39,Chachoengsao,department of highways,large truck with trailer,speeding,collision with obstruction (on road surface),1,0,0,clear,13.55531031,100.9565556,straight road,no slope,2022-06-22T00:00:00Z
6445276,22.06.2022 07:30,27.06.2022 09:49,buogkan,department of highways,motorcycle,cutting in closely by people/vehicles/animals,other,2,1,0,clear,18.3854944,103.5993549,connecting to private area,other,2022-06-22T00:30:00Z
6453477,22.06.2022 07:30,28.06.2022 14:16,Uttaradit,department of highways,4-wheel pickup truck,cutting in closely by people/vehicles/animals,rear-end collision,2,0,0,clear,17.46766179,100.2367714,straight road,no slope,2022-06-22T00:30:00Z
6470538,22.06.2022 08:00,1.07.2022 06:08,Chumphon,department of highways,4-wheel pickup truck,speeding,rollover/fallen on straight road,1,0,0,clear,10.78701061,99.190616,straight road,slope area,2022-06-22T01:00:00Z
6502678,22.06.2022 08:00,6.07.2022 14:41,Kalasin,department of highways,4-wheel pickup truck,falling asleep,rollover/fallen on straight road,1,0,0,clear,16.25929293,103.6787081,straight road,no slope,2022-06-22T01:00:00Z
7567218,22.06.2022 08:00,23.01.2023 11:55,Chon Buri,department of highways,4-wheel pickup truck,speeding,rear-end collision,4,0,0,clear,13.397343,101.0076892,straight road,no slope,2022-06-22T01:00:00Z
7331666,22.06.2022 08:10,30.06.2022 08:07,Nakhon Sawan,department of highways,6-wheel truck,cutting in closely by people/vehicles/animals,other,3,0,1,clear,15.26067005,100.3260353,connecting to public/commercial area,other,2022-06-22T01:10:00Z
7569500,22.06.2022 08:20,25.01.2023 13:46,Nakhon Ratchasima,department of highways,large truck with trailer,cutting in closely by people/vehicles/animals,head-on collision (not overtaking),2,0,0,clear,14.74111481,102.3680761,straight road,no slope,2022-06-22T01:20:00Z
6416224,22.06.2022 08:50,22.06.2022 09:52,Bangkok,department of highways,7-10-wheel truck,speeding,rear-end collision,2,0,0,clear,13.74204524,100.7028159,other,other,2022-06-22T01:50:00Z
6466837,22.06.2022 09:00,30.06.2022 15:09,Samut Prakan,department of highways,large passenger vehicle,speeding,rollover/fallen on straight road,1,0,0,clear,13.58324014,100.798544,other,other,2022-06-22T02:00:00Z
6694024,22.06.2022 09:20,10.08.2022 12:37,Prachin Buri,department of highways,private/passenger car,speeding,rollover/fallen on straight road,1,0,0,rainy,13.94301448,101.5271902,straight road,no slope,2022-06-22T02:20:00Z
6439921,22.06.2022 09:40,26.06.2022 10:05,Chon Buri,department of highways,large truck with trailer,speeding,collision with obstruction (on road surface),3,0,0,clear,13.20625715,101.0035854,straight road,no slope,2022-06-22T02:40:00Z
6452013,22.06.2022 10:00,28.06.2022 08:35,Narathiwat,department of highways,private/passenger car,speeding,rollover/fallen on straight road,1,0,0,clear,6.362680645,101.5916464,straight road,no slope,2022-06-22T03:00:00Z
7536997,22.06.2022 10:00,2.01.2023 10:10,Phrae,department of highways,large truck with trailer,cutting in closely by people/vehicles/animals,rear-end collision,2,0,0,clear,18.5659681,100.2011517,straight road,no slope,2022-06-22T03:00:00Z
6917185,22.06.2022 12:00,16.09.2022 11:47,Phetchabun,department of highways,motorcycle,speeding,rear-end collision,2,1,0,clear,17.00700113,101.2453061,straight road,no slope,2022-06-22T05:00:00Z
6440022,22.06.2022 12:50,26.06.2022 10:34,Chon Buri,department of highways,4-wheel pickup truck,speeding,rear-end collision,2,0,0,clear,13.20195112,101.0021478,straight road,no slope,2022-06-22T05:50:00Z
6579488,22.06.2022 13:00,20.07.2022 11:56,Ang Thong,department of highways,4-wheel pickup truck,speeding,rollover/fallen on straight road,1,0,0,clear,14.56111573,100.2166065,straight road,no slope,2022-06-22T06:00:00Z
6465832,22.06.2022 13:30,30.06.2022 11:21,Ubon Ratchathani,department of highways,4-wheel pickup truck,falling asleep,rollover/fallen on straight road,1,0,1,clear,15.95219991,105.2026909,straight road,no slope,2022-06-22T06:30:00Z
6590630,22.06.2022 13:30,22.07.2022 08:16,Ratchaburi,department of highways,7-10-wheel truck,speeding,rollover/fallen on curved road,1,0,0,clear,13.49323604,99.83628272,sharp curve,no slope,2022-06-22T06:30:00Z
6466881,22.06.2022 13:50,30.06.2022 15:17,Si Sa Ket,department of highways,4-wheel pickup truck,falling asleep,collision at intersection corner,2,1,0,clear,14.91099965,104.3941203,straight road,no slope,2022-06-22T06:50:00Z
7558145,22.06.2022 14:12,12.01.2023 13:53,Chon Buri,department of highways,large truck with trailer,speeding,rear-end collision,2,0,0,clear,13.11026091,100.9319034,straight road,no slope,2022-06-22T07:12:00Z
7513955,22.06.2022 15:30,28.12.2022 09:09,Chiang Rai,department of highways,private/passenger car,speeding,rear-end collision,2,0,3,clear,20.22156731,100.1437712,other,other,2022-06-22T08:30:00Z
7562300,22.06.2022 16:00,18.01.2023 07:02,Nakhon Si Thammarat,department of highways,4-wheel pickup truck,speeding,rollover/fallen on curved road,1,0,0,clear,8.375541165,99.55273835,other,other,2022-06-22T09:00:00Z
7558256,22.06.2022 16:40,12.01.2023 14:15,Chon Buri,department of highways,private/passenger car,vehicle equipment failure,rear-end collision,2,0,1,clear,13.40958774,101.0471526,straight road,no slope,2022-06-22T09:40:00Z
6458762,22.06.2022 16:45,29.06.2022 09:11,Loei,department of highways,4-wheel pickup truck,speeding,rollover/fallen on curved road,1,0,0,clear,17.3077865,101.9377023,wide curve,slope area,2022-06-22T09:45:00Z
6464751,22.06.2022 17:35,30.06.2022 07:50,Nakhon Sawan,department of highways,large truck with trailer,cutting in closely by people/vehicles/animals,rear-end collision,3,0,0,clear,15.61414039,100.122689,sharp curve,slope area,2022-06-22T10:35:00Z
7027252,22.06.2022 17:50,3.10.2022 11:06,Pattani,department of highways,motorcycle,speeding,rear-end collision,2,0,2,clear,6.868250045,101.3426059,straight road,no slope,2022-06-22T10:50:00Z