acc_code,incident_datetime,report_datetime,province_en,agency,vehicle_type,presumed_cause,accident_type,number_of_vehicles_involved,number_of_fatalities,number_of_injuries,weather_condition,latitude,longitude,road_description,slope_description,incident_time
7560653,22.06.2022 18:15,16.01.2023 10:49,Loei,department of highways,4-wheel pickup truck,speeding,rollover/fallen on straight road,1,0,1,clear,17.46643369,101.8402549,straight road,no slope,2022-06-22T11:15:00Z
6567153,22.06.2022 20:00,30.06.2022 15:23,Prachin Buri,department of rural roads,motorcycle,speeding,other,2,0,3,other,14.004411,101.671295,straight road,no slope,2022-06-22T13:00:00Z
7055377,22.06.2022 21:20,7.10.2022 14:28,Suphan Buri,department of highways,private/passenger car,speeding,rollover/fallen on straight road,1,0,1,clear,14.42409499,100.1322806,straight road,no slope,2022-06-22T14:20:00Z
6458683,22.06.2022 21:30,29.06.2022 09:03,Uthai Thani,department of highways,private/passenger car,speeding,rollover/fallen on straight road,1,0,1,clear,15.48511432,99.88073228,straight road,no slope,2022-06-22T14:30:00Z
7526865,22.06.2022 22:00,31.12.2022 08:57,Lampang,department of highways,large truck with trailer,speeding,rollover/fallen on curved road,1,0,1,clear,18.37361763,99.23460154,wide curve,no slope,2022-06-22T15:00:00Z
7565769,22.06.2022 22:00,20.01.2023 14:58,Pattani,department of highways,motorcycle,speeding,rollover/fallen on straight road,1,0,0,clear,6.740171125,101.2873739,straight road,no slope,2022-06-22T15:00:00Z
7565084,22.06.2022 22:15,20.01.2023 08:43,Pathum Thani,department of highways,private/passenger car,speeding,rollover/fallen on straight road,1,1,1,clear,14.00641142,100.7018343,straight road,no slope,2022-06-22T15:15:00Z
6650900,22.06.2022 22:30,3.08.2022 11:09,Surat Thani,department of highways,large truck with trailer,speeding,rear-end collision,2,0,0,clear,9.126996453,99.1599208,straight road,no slope,2022-06-22T15:30:00Z
7558069,22.06.2022 22:41,12.01.2023 13:17,Samut Prakan,department of highways,4-wheel pickup truck,vehicle equipment failure,rollover/fallen on straight road,1,0,0,clear,13.69683927,100.8266455,straight road,no slope,2022-06-22T15:41:00Z
6466530,22.06.2022 23:00,30.06.2022 14:10,Yala,department of highways,private/passenger car,unfamiliarity with the route/unskilled driving,rollover/fallen on straight road,1,0,1,rainy,6.552492824,101.1988395,straight road,no slope,2022-06-22T16:00:00Z
6465666,23.06.2022 01:00,30.06.2022 10:55,Phatthalung,department of highways,6-wheel truck,speeding,rollover/fallen on straight road,1,0,1,clear,7.522027687,100.0564679,straight road,no slope,2022-06-22T18:00:00Z
7567897,23.06.2022 01:00,24.01.2023 07:17,Nakhon Pathom,department of highways,private/passenger car,speeding,rollover/fallen on straight road,1,0,1,clear,14.01596486,100.1815742,other,other,2022-06-22T18:00:00Z
6470709,23.06.2022 01:30,1.07.2022 06:37,Phetchaburi,department of highways,large truck with trailer,falling asleep,rear-end collision,2,0,1,clear,13.30410809,99.82451855,straight road,no slope,2022-06-22T18:30:00Z
7558311,23.06.2022 01:30,12.01.2023 14:32,Nakhon Ratchasima,department of highways,private/passenger car,speeding,rollover/fallen on straight road,1,0,0,clear,14.53856264,101.3999234,straight road,no slope,2022-06-22T18:30:00Z
6446278,23.06.2022 01:58,27.06.2022 13:22,Songkhla,department of highways,private/passenger car,speeding,rollover/fallen on straight road,1,0,1,clear,6.713027557,100.6962579,straight road,no slope,2022-06-22T18:58:00Z
6539749,23.06.2022 02:50,12.07.2022 14:42,Prachuap Khiri Khan,department of highways,private/passenger car,speeding,rollover/fallen on straight road,1,0,1,clear,12.42168817,99.9257317,straight road,no slope,2022-06-22T19:50:00Z
6650903,23.06.2022 05:00,3.08.2022 11:08,Surat Thani,department of highways,7-10-wheel truck,speeding,rollover/fallen on straight road,1,0,0,clear,9.461679494,99.15341108,straight road,no slope,2022-06-22T22:00:00Z
6465646,23.06.2022 05:30,30.06.2022 10:45,Loburi,department of highways,4-wheel pickup truck,falling asleep,rollover/fallen on straight road,1,0,0,clear,14.81053532,100.5452335,straight road,no slope,2022-06-22T22:30:00Z
6440547,23.06.2022 06:15,26.06.2022 13:05,Prachuap Khiri Khan,department of highways,4-wheel pickup truck,falling asleep,rollover/fallen on straight road,1,0,0,clear,12.12379044,99.8527327,straight road,no slope,2022-06-22T23:15:00Z
6453894,23.06.2022 06:50,28.06.2022 15:33,Phitsanulok,department of highways,motorcycle,speeding,rear-end collision,2,1,0,clear,17.01011491,100.3332907,connecting to private area,other,2022-06-22T23:50:00Z
7357777,23.06.2022 07:00,21.11.2022 10:57,Phitsanulok,department of highways,private/passenger car,speeding,rollover/fallen on curved road,1,0,1,clear,17.1812723,100.9966385,wide curve,no slope,2022-06-23T00:00:00Z
6452386,23.06.2022 07:49,28.06.2022 09:55,Sukhothai,department of highways,motorcycle,speeding,rollover/fallen on straight road,1,0,1,clear,17.01000719,99.79482649,straight road,no slope,2022-06-23T00:49:00Z
6440548,23.06.2022 08:30,26.06.2022 13:06,Prachuap Khiri Khan,department of highways,4-wheel pickup truck,speeding,rollover/fallen on straight road,1,0,0,clear,12.24012546,99.87053184,straight road,no slope,2022-06-23T01:30:00Z
6458725,23.06.2022 09:30,29.06.2022 09:07,Chai Nat,department of highways,other,speeding,rollover/fallen on curved road,1,0,0,clear,15.25745619,99.95863168,wide curve,no slope,2022-06-23T02:30:00Z
7558124,23.06.2022 09:30,12.01.2023 13:44,Bangkok,department of highways,4-wheel pickup truck,speeding,rollover/fallen on straight road,1,0,0,clear,13.73356181,100.7952851,straight road,no slope,2022-06-23T02:30:00Z
6464722,23.06.2022 10:20,30.06.2022 07:48,Nakhon Sawan,department of highways,4-wheel pickup truck,speeding,rollover/fallen on straight road,1,0,2,clear,15.67649512,100.0568193,straight road,no slope,2022-06-23T03:20:00Z
6822839,23.06.2022 10:30,1.09.2022 14:31,Uthai Thani,department of highways,motorcycle,speeding,rear-end collision,2,0,0,clear,15.64069681,99.73408787,wide curve,slope area,2022-06-23T03:30:00Z
7027297,23.06.2022 12:00,3.10.2022 11:12,Chiang Mai,department of highways,4-wheel pickup truck,speeding,rollover/fallen on curved road,1,0,0,clear,18.88972339,99.16622935,wide curve,no slope,2022-06-23T05:00:00Z
7554475,23.06.2022 12:56,9.01.2023 12:35,Phayao,department of highways,4-wheel pickup truck,falling asleep,rollover/fallen on curved road,1,0,0,clear,19.43423953,100.3560036,wide curve,no slope,2022-06-23T05:56:00Z
7563140,23.06.2022 13:00,18.01.2023 14:38,Nakhon Phanom,department of highways,6-wheel truck,falling asleep,rollover/fallen on straight road,1,0,0,clear,17.04595298,104.5562517,straight road,no slope,2022-06-23T06:00:00Z
7040807,23.06.2022 14:00,5.10.2022 10:36,Maha Sarakham,department of highways,private/passenger car,vehicle equipment failure,head-on collision (not overtaking),2,0,1,clear,16.05479916,102.9093271,straight road,no slope,2022-06-23T07:00:00Z
6896835,23.06.2022 15:10,13.09.2022 13:23,Loei,department of highways,4-wheel pickup truck,speeding,rollover/fallen on curved road,1,0,0,rainy,17.47310624,101.537404,sharp curve,slope area,2022-06-23T08:10:00Z
6566931,23.06.2022 15:11,27.06.2022 09:13,Chiang Mai,department of rural roads,motorcycle,failure to signal enter/exit parking,other,2,0,1,clear,19.914412,99.180583,y-intersection,other,2022-06-23T08:11:00Z
7040809,23.06.2022 15:20,5.10.2022 10:39,Maha Sarakham,department of highways,4-wheel pickup truck,falling asleep,rollover/fallen on straight road,1,0,3,clear,16.05679421,103.045578,straight road,no slope,2022-06-23T08:20:00Z
6778351,23.06.2022 15:30,24.08.2022 14:25,Phuket,department of highways,4-wheel pickup truck,speeding,rollover/fallen on straight road,1,0,0,rainy,8.099097962,98.33591937,straight road,no slope,2022-06-23T08:30:00Z
7563164,23.06.2022 15:30,18.01.2023 14:47,buogkan,department of highways,7-10-wheel truck,speeding,rollover/fallen on straight road,1,0,0,clear,18.34331111,103.6712703,straight road,no slope,2022-06-23T08:30:00Z
6694638,23.06.2022 16:30,10.08.2022 14:31,Krabi,department of highways,private/passenger car,speeding,rollover/fallen on curved road,1,0,0,clear,8.080302204,99.00043665,wide curve,slope area,2022-06-23T09:30:00Z
7560717,23.06.2022 16:30,16.01.2023 11:26,Bangkok,department of highways,private/passenger car,speeding,rear-end collision,2,0,0,clear,13.81147557,100.5595148,straight road,no slope,2022-06-23T09:30:00Z
6566967,23.06.2022 19:00,27.06.2022 14:43,Samut Prakan,department of rural roads,large truck with trailer,brake/anti-lock brake system failure,other,1,0,0,clear,13.649193,100.541099,wide curve,slope area,2022-06-23T12:00:00Z
6687633,23.06.2022 20:00,9.08.2022 14:29,Saraburi,department of highways,large truck with trailer,speeding,rollover/fallen on straight road,1,0,0,clear,14.46552124,100.9401083,other,other,2022-06-23T13:00:00Z
6430083,23.06.2022 20:20,24.06.2022 16:14,Kanchanaburi,department of highways,4-wheel pickup truck,speeding,rollover/fallen on curved road,1,0,0,rainy,13.86856717,99.65365647,wide curve,no slope,2022-06-23T13:20:00Z
7414351,23.06.2022 20:40,28.11.2022 12:13,Lampang,department of highways,private/passenger car,speeding,rollover/fallen on curved road,1,0,0,clear,18.22965959,99.39109771,wide curve,no slope,2022-06-23T13:40:00Z
7419442,23.06.2022 21:00,30.11.2022 13:39,Bangkok,department of highways,private/passenger car,speeding,rollover/fallen on straight road,1,0,0,clear,13.84179112,100.6565827,straight road,no slope,2022-06-23T14:00:00Z
6904273,23.06.2022 21:45,14.09.2022 15:02,Phatthalung,department of highways,6-wheel truck,speeding,rollover/fallen on straight road,1,0,2,clear,7.367760422,100.1215839,straight road,no slope,2022-06-23T14:45:00Z
7558181,23.06.2022 22:11,12.01.2023 14:02,Pathum Thani,department of highways,4-wheel pickup truck,speeding,rollover/fallen on straight road,1,0,0,clear,13.95752676,100.7128796,straight road,no slope,2022-06-23T15:11:00Z
7558112,24.06.2022 00:01,12.01.2023 13:38,Bangkok,department of highways,6-wheel truck,speeding,other,1,0,0,clear,13.74065133,100.6444108,straight road,no slope,2022-06-23T17:01:00Z
7536889,24.06.2022 00:40,2.01.2023 09:41,Nan,department of highways,4-wheel pickup truck,falling asleep,rollover/fallen on straight road,1,0,0,clear,19.14395701,100.8256209,straight road,no slope,2022-06-23T17:40:00Z
6471789,24.06.2022 01:22,1.07.2022 10:34,Chon Buri,department of highways,private/passenger car,speeding,rear-end collision,2,0,0,clear,13.4586909,101.0460019,straight road,no slope,2022-06-23T18:22:00Z
7567555,24.06.2022 01:30,23.01.2023 18:16,Chumphon,department of highways,4-wheel pickup truck,vehicle equipment failure,rollover/fallen on straight road,1,0,1,clear,10.28930283,99.09050255,straight road,no slope,2022-06-23T18:30:00Z
6446478,24.06.2022 01:45,27.06.2022 13:58,Bangkok,department of highways,4-wheel pickup truck,speeding,rollover/fallen on curved road,1,0,0,rainy,13.73298077,100.7055062,other,other,2022-06-23T18:45:00Z
6501286,24.06.2022 01:50,6.07.2022 09:35,Chanthaburi,department of highways,private/passenger car,speeding,rollover/fallen on straight road,1,0,0,clear,12.71695579,102.0870691,straight road,no slope,2022-06-23T18:50:00Z
6650550,24.06.2022 02:00,3.08.2022 10:12,Surin,department of highways,private/passenger car,speeding,rollover/fallen on straight road,1,0,1,clear,14.50818358,103.5551414,straight road,no slope,2022-06-23T19:00:00Z
7536896,24.06.2022 02:00,2.01.2023 09:42,Chiang Rai,department of highways,7-10-wheel truck,falling asleep,rollover/fallen on curved road,1,0,1,rainy,19.73255297,99.6251124,wide curve,no slope,2022-06-23T19:00:00Z
6720903,24.06.2022 02:20,14.08.2022 22:16,Khon Kaen,department of highways,motorcycle,speeding,rear-end collision,2,1,0,clear,16.30706756,102.7901968,straight road,no slope,2022-06-23T19:20:00Z
6471470,24.06.2022 03:00,1.07.2022 09:33,Kalasin,department of highways,private/passenger car,falling asleep,rollover/fallen on straight road,1,0,2,clear,16.38404474,103.2266861,straight road,no slope,2022-06-23T20:00:00Z
6428151,24.06.2022 04:21,24.06.2022 09:13,Phetchaburi,department of highways,large truck with trailer,speeding,rollover/fallen on straight road,1,0,1,rainy,13.2549343,99.82465266,straight road,no slope,2022-06-23T21:21:00Z
7564242,24.06.2022 05:30,19.01.2023 11:39,Nakhon Ratchasima,department of highways,large truck with trailer,speeding,rollover/fallen on straight road,1,0,0,clear,15.19368894,102.3484585,connecting to school area,other,2022-06-23T22:30:00Z
6566968,24.06.2022 06:00,27.06.2022 14:44,Bangkok,department of rural roads,passenger pickup truck,speeding,other,1,0,1,clear,13.672573,100.538705,straight road,slope area,2022-06-23T23:00:00Z
6805194,24.06.2022 06:20,29.08.2022 09:49,Khon Kaen,department of highways,6-wheel truck,speeding,rollover/fallen on straight road,1,0,1,clear,16.72050065,102.8043964,other,other,2022-06-23T23:20:00Z
6467054,24.06.2022 07:04,30.06.2022 15:53,Chon Buri,department of highways,private/passenger car,speeding,rear-end collision,2,0,1,clear,13.1162848,100.9855476,straight road,no slope,2022-06-24T00:04:00Z
7119308,24.06.2022 07:30,17.10.2022 14:46,Suphan Buri,department of highways,large truck with trailer,falling asleep,rollover/fallen on straight road,1,0,0,clear,14.46349024,100.0484669,straight road,no slope,2022-06-24T00:30:00Z
6483178,24.06.2022 09:22,3.07.2022 10:09,Bangkok,department of highways,4-wheel pickup truck,speeding,rear-end collision,2,0,0,clear,13.73052635,100.7218194,straight road,no slope,2022-06-24T02:22:00Z
6458806,24.06.2022 09:30,29.06.2022 09:22,Kanchanaburi,department of highways,4-wheel pickup truck,speeding,rear-end collision,2,0,3,clear,14.18674565,99.12156521,straight road,no slope,2022-06-24T02:30:00Z
7414988,24.06.2022 09:50,29.11.2022 14:05,Trang,department of highways,4-wheel pickup truck,speeding,rollover/fallen on straight road,1,0,1,rainy,7.639837549,99.58738713,other,other,2022-06-24T02:50:00Z
6472337,24.06.2022 09:54,1.07.2022 12:37,Bangkok,department of highways,4-wheel pickup truck,speeding,other,1,0,0,clear,13.73262903,100.7878956,straight road,no slope,2022-06-24T02:54:00Z
6566998,24.06.2022 11:00,29.06.2022 08:55,Chanthaburi,department of rural roads,passenger pickup truck,speeding,other,2,1,1,clear,13.001433,101.852053,straight road,no slope,2022-06-24T04:00:00Z
6470539,24.06.2022 11:20,1.07.2022 06:05,Chumphon,department of highways,large truck with trailer,speeding,rear-end collision,2,0,0,clear,10.68326016,99.20329748,other,other,2022-06-24T04:20:00Z
6466534,24.06.2022 11:30,30.06.2022 14:13,Uthai Thani,department of highways,6-wheel truck,vehicle equipment failure,rollover/fallen on straight road,1,0,1,clear,15.45717285,99.55945461,straight road,no slope,2022-06-24T04:30:00Z
6897029,24.06.2022 11:30,13.09.2022 13:58,Phetchabun,department of highways,4-wheel pickup truck,speeding,rollover/fallen on curved road,1,0,0,clear,16.885354070000002,101.1205646,sharp curve,slope area,2022-06-24T04:30:00Z
6470504,24.06.2022 13:00,1.07.2022 06:04,Chumphon,department of highways,4-wheel pickup truck,speeding,head-on collision (not overtaking),2,0,0,clear,10.63614305,99.18252109,straight road,slope area,2022-06-24T06:00:00Z
6686631,24.06.2022 13:10,9.08.2022 11:02,Kalasin,department of highways,other,speeding,rollover/fallen on straight road,1,0,0,clear,16.6805901,103.7345329,straight road,no slope,2022-06-24T06:10:00Z
7331668,24.06.2022 13:15,29.06.2022 09:09,Uthai Thani,department of highways,4-wheel pickup truck,cutting in closely by people/vehicles/animals,other,2,1,0,clear,15.54904055,99.91327821,connecting to public/commercial area,other,2022-06-24T06:15:00Z
6452451,24.06.2022 14:30,28.06.2022 10:08,Nakhon Ratchasima,department of highways,large truck with trailer,speeding,rollover/fallen on curved road,1,0,0,rainy,14.60415674,102.0082873,wide curve,no slope,2022-06-24T07:30:00Z
6466368,24.06.2022 14:30,30.06.2022 13:44,Phra Nakhon Si Ayutthaya,department of highways,motorcycle,cutting in closely by people/vehicles/animals,rear-end collision,3,1,1,clear,14.53342445,100.5041742,other,other,2022-06-24T07:30:00Z
7560827,24.06.2022 15:00,16.01.2023 14:30,Bangkok,department of highways,motorcycle,using mobile phone while driving,rear-end collision,2,0,2,clear,13.84674064,100.5611008,straight road,no slope,2022-06-24T08:00:00Z
6546312,24.06.2022 16:30,13.07.2022 20:20,Krabi,department of highways,large truck with trailer,falling asleep,head-on collision (not overtaking),2,0,3,clear,8.250995747,99.04244541,straight road,no slope,2022-06-24T09:30:00Z
7558111,24.06.2022 16:30,12.01.2023 13:37,Chachoengsao,department of highways,large truck with trailer,vehicle equipment failure,rollover/fallen on curved road,1,0,2,clear,13.56239476,100.9490105,other,other,2022-06-24T09:30:00Z
7527653,24.06.2022 18:36,31.12.2022 11:39,Chiang Mai,department of highways,motorcycle,vehicle equipment failure,head-on collision (not overtaking),2,1,0,clear,19.31353794,99.19026463,straight road,no slope,2022-06-24T11:36:00Z
6441031,24.06.2022 19:09,26.06.2022 15:00,Bangkok,department of highways,private/passenger car,speeding,rear-end collision,2,0,0,clear,13.80872174,100.6784373,straight road,no slope,2022-06-24T12:09:00Z
7568289,24.06.2022 20:50,24.01.2023 12:02,Samut Songkhram,department of highways,private/passenger car,speeding,rollover/fallen on straight road,1,0,0,clear,13.40973648,100.0022518,other,other,2022-06-24T13:50:00Z
6500631,24.06.2022 21:15,6.07.2022 07:27,Sukhothai,department of highways,4-wheel pickup truck,speeding,rollover/fallen on straight road,1,0,0,clear,17.00278437,99.55055235,straight road,no slope,2022-06-24T14:15:00Z
6431564,24.06.2022 21:40,24.06.2022 22:11,Bangkok,expressway authority of thailand,other,other,collision with obstruction (on road surface),1,0,0,rainy,13.71723408,100.5195726,straight road,other,2022-06-24T14:40:00Z
6808057,24.06.2022 21:50,30.08.2022 08:44,Samut Sakhon,department of highways,large truck with trailer,speeding,rollover/fallen on straight road,1,0,0,rainy,13.44866864,100.0783092,straight road,no slope,2022-06-24T14:50:00Z
6845636,24.06.2022 22:00,5.09.2022 11:10,Ubon Ratchathani,department of highways,4-wheel pickup truck,falling asleep,rollover/fallen on straight road,1,0,1,clear,14.59383919,105.033237,straight road,no slope,2022-06-24T15:00:00Z
6495009,24.06.2022 23:00,5.07.2022 12:13,Amnat Charoen,department of highways,private/passenger car,speeding,rollover/fallen on straight road,1,0,1,clear,15.9237266,104.627215,straight road,no slope,2022-06-24T16:00:00Z
7331672,24.06.2022 23:00,5.07.2022 15:18,Amnat Charoen,department of highways,4-wheel pickup truck,speeding,rollover/fallen on straight road,1,0,2,clear,15.91420365,104.6266141,straight road,no slope,2022-06-24T16:00:00Z
6566962,24.06.2022 23:23,27.06.2022 14:45,Samut Prakan,department of rural roads,4-wheel pickup truck,speeding,other,2,0,0,clear,13.659156,100.539794,straight road,slope area,2022-06-24T16:23:00Z
7563143,24.06.2022 23:30,18.01.2023 14:39,Nakhon Phanom,department of highways,other,speeding,rollover/fallen on straight road,1,0,0,clear,17.05289976,104.6751004,straight road,no slope,2022-06-24T16:30:00Z
7558177,24.06.2022 23:32,12.01.2023 14:01,Pathum Thani,department of highways,4-wheel pickup truck,speeding,rollover/fallen on straight road,1,0,0,rainy,14.00576861,100.7058173,straight road,no slope,2022-06-24T16:32:00Z
6808616,24.06.2022 23:35,30.08.2022 10:26,Maha Sarakham,department of highways,large truck with trailer,speeding,rollover/fallen on straight road,1,0,0,clear,16.18250633,103.2024899,straight road,no slope,2022-06-24T16:35:00Z
6467007,24.06.2022 23:40,30.06.2022 15:41,Surat Thani,department of highways,private/passenger car,speeding,rollover/fallen on straight road,1,0,1,clear,8.401166157,99.06492232,straight road,no slope,2022-06-24T16:40:00Z
6446736,25.06.2022 01:10,27.06.2022 14:38,Samut Prakan,department of highways,4-wheel pickup truck,speeding,rear-end collision,2,0,0,rainy,13.61139348,100.9351462,straight road,no slope,2022-06-24T18:10:00Z
7526997,25.06.2022 01:30,31.12.2022 09:21,Chiang Mai,department of highways,4-wheel pickup truck,speeding,rollover/fallen on straight road,1,0,1,clear,18.74731021,99.05221133,straight road,no slope,2022-06-24T18:30:00Z
7558128,25.06.2022 01:35,12.01.2023 13:47,Chon Buri,department of highways,4-wheel pickup truck,speeding,rollover/fallen on straight road,1,0,0,clear,13.20453109,101.0030302,straight road,no slope,2022-06-24T18:35:00Z
6445739,25.06.2022 01:40,27.06.2022 10:53,Bangkok,expressway authority of thailand,4-wheel pickup truck,other,rear-end collision,2,0,2,other,13.70482578,100.544371,wide curve,other,2022-06-24T18:40:00Z
6441150,25.06.2022 01:55,26.06.2022 15:20,Bangkok,department of highways,4-wheel pickup truck,speeding,rear-end collision,2,0,0,clear,13.73156076,100.7135528,straight road,no slope,2022-06-24T18:55:00Z
6735596,25.06.2022 02:10,17.08.2022 14:22,Chachoengsao,department of highways,4-wheel pickup truck,speeding,rollover/fallen on straight road,1,0,0,clear,13.65178359,101.2868267,wide curve,slope area,2022-06-24T19:10:00Z
6852679,25.06.2022 02:30,6.09.2022 15:59,Chachoengsao,department of highways,6-wheel truck,speeding,rollover/fallen on straight road,1,0,0,clear,13.52654531,100.9922477,straight road,no slope,2022-06-24T19:30:00Z
7527784,25.06.2022 02:30,31.12.2022 12:06,Chiang Mai,department of highways,private/passenger car,speeding,rollover/fallen on straight road,1,0,0,clear,18.75879527,98.99905264,straight road,no slope,2022-06-24T19:30:00Z
7565764,25.06.2022 02:30,20.01.2023 14:55,Songkhla,department of highways,private/passenger car,speeding,other,1,0,1,clear,7.16572821,100.5489537,wide curve,no slope,2022-06-24T19:30:00Z
6809291,25.06.2022 03:00,30.08.2022 13:34,Phra Nakhon Si Ayutthaya,department of highways,4-wheel pickup truck,speeding,rear-end collision,2,0,0,clear,14.20204593,100.659796,straight road,no slope,2022-06-24T20:00:00Z
7379369,25.06.2022 03:00,24.11.2022 13:33,Khon Kaen,department of highways,4-wheel pickup truck,speeding,rollover/fallen on curved road,1,0,1,clear,16.64034999,101.9679174,wide curve,no slope,2022-06-24T20:00:00Z
6445731,25.06.2022 03:50,27.06.2022 10:52,Bangkok,expressway authority of thailand,other,other,other,2,0,0,other,13.71188515,100.5681358,straight road,other,2022-06-24T20:50:00Z
7561178,25.06.2022 03:50,17.01.2023 06:31,Bangkok,department of highways,4-wheel pickup truck,speeding,rollover/fallen on straight road,1,0,0,clear,13.80687501,100.84066,straight road,no slope,2022-06-24T20:50:00Z
7564382,25.06.2022 04:00,19.01.2023 14:20,Nakhon Pathom,department of highways,4-wheel pickup truck,speeding,rollover/fallen on straight road,1,0,0,clear,13.71522207,100.2614734,other,other,2022-06-24T21:00:00Z
7567056,25.06.2022 04:00,23.01.2023 09:40,Phangnga,department of highways,4-wheel pickup truck,speeding,rollover/fallen on straight road,1,0,0,rainy,8.407306138,98.45642834,straight road,no slope,2022-06-24T21:00:00Z
6433233,25.06.2022 04:09,25.06.2022 05:54,Bangkok,expressway authority of thailand,other,other,collision with obstruction (on road surface),1,0,0,clear,13.7524528,100.5686029,straight road,other,2022-06-24T21:09:00Z
7567046,25.06.2022 04:18,23.01.2023 09:35,Phangnga,department of highways,4-wheel pickup truck,speeding,rollover/fallen on straight road,1,0,1,clear,8.854303607,98.3776599,straight road,no slope,2022-06-24T21:18:00Z
6452391,25.06.2022 05:40,28.06.2022 09:56,Kamphaeng Phet,department of highways,4-wheel pickup truck,falling asleep,rollover/fallen on straight road,1,0,0,clear,16.44308253,99.50553416,straight road,no slope,2022-06-24T22:40:00Z
6465799,25.06.2022 05:45,30.06.2022 11:18,Ubon Ratchathani,department of highways,private/passenger car,speeding,rollover/fallen on straight road,1,0,0,clear,15.66479376,104.6593693,straight road,no slope,2022-06-24T22:45:00Z
6465769,25.06.2022 06:00,30.06.2022 11:12,Ubon Ratchathani,department of highways,private/passenger car,falling asleep,head-on collision (not overtaking),2,0,2,clear,15.13583685,104.7324407,other,other,2022-06-24T23:00:00Z
6533162,25.06.2022 07:30,11.07.2022 14:38,Phetchabun,department of highways,large truck with trailer,falling asleep,rollover/fallen on straight road,1,0,2,clear,16.33329541,101.2102604,straight road,no slope,2022-06-25T00:30:00Z
7565427,25.06.2022 08:30,20.01.2023 11:05,Chanthaburi,department of highways,4-wheel pickup truck,speeding,rollover/fallen on straight road,1,0,0,clear,12.64951928,102.0169777,other,other,2022-06-25T01:30:00Z
6488375,25.06.2022 09:30,4.07.2022 10:09,Bangkok,department of highways,4-wheel pickup truck,speeding,rear-end collision,2,0,1,clear,13.90779858,100.6987712,straight road,no slope,2022-06-25T02:30:00Z
7564268,25.06.2022 10:30,19.01.2023 11:54,Samut Sakhon,department of highways,4-wheel pickup truck,cutting in closely by people/vehicles/animals,rear-end collision,2,0,0,clear,13.58913231,100.327945,straight road,no slope,2022-06-25T03:30:00Z
6483104,25.06.2022 11:10,3.07.2022 09:41,Chon Buri,department of highways,4-wheel pickup truck,speeding,rollover/fallen on straight road,1,0,0,clear,12.77635449,100.9920359,straight road,no slope,2022-06-25T04:10:00Z
7554324,25.06.2022 11:30,9.01.2023 10:13,Nakhon Si Thammarat,department of highways,4-wheel pickup truck,speeding,rollover/fallen on straight road,1,0,0,clear,8.016674813,99.64287399,other,other,2022-06-25T04:30:00Z
7567215,25.06.2022 11:30,23.01.2023 11:51,Chon Buri,department of highways,4-wheel pickup truck,speeding,rollover/fallen on straight road,1,0,0,clear,13.41187068,100.9899223,straight road,no slope,2022-06-25T04:30:00Z
6592019,25.06.2022 13:30,22.07.2022 13:46,Phatthalung,department of highways,4-wheel pickup truck,speeding,rollover/fallen on curved road,1,0,0,rainy,7.593182746,99.830752,wide curve,slope area,2022-06-25T06:30:00Z
7027305,25.06.2022 13:35,3.10.2022 11:13,Chiang Mai,department of highways,4-wheel pickup truck,speeding,rollover/fallen on straight road,2,0,1,rainy,19.05462894,99.35449629,wide curve,no slope,2022-06-25T06:35:00Z
6471440,25.06.2022 14:00,1.07.2022 09:26,Maha Sarakham,department of highways,private/passenger car,speeding,head-on collision (not overtaking),2,1,2,clear,15.75682152,103.3166018,straight road,no slope,2022-06-25T07:00:00Z
7565278,25.06.2022 14:46,20.01.2023 09:46,Trang,department of highways,other,speeding,rollover/fallen on straight road,1,0,0,clear,7.526226429,99.62546913,other,other,2022-06-25T07:46:00Z
7292031,25.06.2022 15:30,11.11.2022 14:37,Nakhon Ratchasima,department of highways,large truck with trailer,speeding,rollover/fallen on straight road,1,0,0,rainy,14.86836143,101.7217952,straight road,no slope,2022-06-25T08:30:00Z
7419513,25.06.2022 15:38,30.11.2022 13:49,Chon Buri,department of highways,4-wheel pickup truck,speeding,rollover/fallen on straight road,1,0,0,clear,13.54186048,101.1461449,straight road,no slope,2022-06-25T08:38:00Z
7558803,25.06.2022 15:38,13.01.2023 06:59,Nakhon Ratchasima,department of highways,6-wheel truck,speeding,rollover/fallen on straight road,1,0,0,rainy,14.85927746,101.6851857,straight road,no slope,2022-06-25T08:38:00Z
6440504,25.06.2022 15:40,26.06.2022 12:57,Suphan Buri,department of highways,motorcycle,cutting in closely by people/vehicles/animals,rear-end collision,2,0,1,clear,14.47464754,100.0974414,straight road,no slope,2022-06-25T08:40:00Z
6687493,25.06.2022 16:15,9.08.2022 14:02,Loburi,department of highways,4-wheel pickup truck,speeding,rollover/fallen on straight road,1,0,0,rainy,15.01898691,100.9463525,straight road,no slope,2022-06-25T09:15:00Z
7536830,25.06.2022 16:45,2.01.2023 09:27,Phitsanulok,department of highways,private/passenger car,speeding,rollover/fallen on curved road,1,0,0,rainy,17.13358032,100.9287277,wide curve,no slope,2022-06-25T09:45:00Z
6446582,25.06.2022 17:30,27.06.2022 14:12,buogkan,department of highways,private/passenger car,driving under the influence of alcohol,rollover/fallen on straight road,1,0,0,clear,18.37584491,103.6214939,other,other,2022-06-25T10:30:00Z