acc_code,incident_datetime,report_datetime,province_en,agency,vehicle_type,presumed_cause,accident_type,number_of_vehicles_involved,number_of_fatalities,number_of_injuries,weather_condition,latitude,longitude,road_description,slope_description,incident_time
6470949,25.06.2022 19:10,1.07.2022 07:27,Surat Thani,department of highways,4-wheel pickup truck,cutting in closely by people/vehicles/animals,other,2,0,0,rainy,8.864204788,99.19396876,connecting to private area,other,2022-06-25T12:10:00Z
6466636,25.06.2022 20:20,30.06.2022 14:34,Mukdahan,department of highways,motorcycle,speeding,rear-end collision,2,1,0,clear,16.6692821,104.6695965,straight road,no slope,2022-06-25T13:20:00Z
6459320,25.06.2022 23:00,29.06.2022 10:59,Chachoengsao,department of highways,large truck with trailer,falling asleep,rollover/fallen on straight road,1,0,0,clear,13.56608423,100.9863844,other,other,2022-06-25T16:00:00Z
7027122,25.06.2022 23:00,3.10.2022 10:46,Rayong,department of highways,private/passenger car,speeding,rollover/fallen on straight road,1,0,0,clear,12.7145199,101.2298888,straight road,no slope,2022-06-25T16:00:00Z
6441217,26.06.2022 00:01,26.06.2022 15:35,Bangkok,department of highways,private/passenger car,speeding,rollover/fallen on straight road,1,0,1,clear,13.73673271,100.6693902,straight road,no slope,2022-06-25T17:01:00Z
7527204,26.06.2022 00:30,31.12.2022 10:17,Chiang Mai,department of highways,4-wheel pickup truck,speeding,rollover/fallen on straight road,1,0,0,clear,18.76668095,99.06638144,straight road,no slope,2022-06-25T17:30:00Z
7568338,26.06.2022 01:10,24.01.2023 13:33,Sa Kaeo,department of highways,private/passenger car,speeding,rollover/fallen on straight road,1,0,1,clear,13.5336567,102.1653226,straight road,no slope,2022-06-25T18:10:00Z
6466554,26.06.2022 01:20,30.06.2022 14:15,Uthai Thani,department of highways,4-wheel pickup truck,speeding,rollover/fallen on straight road,1,0,0,rainy,15.39385697,100.0180936,straight road,no slope,2022-06-25T18:20:00Z
7566752,26.06.2022 01:30,22.01.2023 08:13,Chachoengsao,department of highways,large truck with trailer,speeding,rollover/fallen on straight road,1,0,0,clear,13.76869468,101.5201172,straight road,no slope,2022-06-25T18:30:00Z
6460872,26.06.2022 01:41,29.06.2022 17:11,Phra Nakhon Si Ayutthaya,department of highways,private/passenger car,speeding,rollover/fallen on straight road,1,0,1,clear,14.16092734,100.6525808,straight road,no slope,2022-06-25T18:41:00Z
6460822,26.06.2022 01:54,29.06.2022 16:54,Pathum Thani,department of highways,private/passenger car,speeding,rear-end collision,2,0,0,clear,14.06993395,100.6961882,straight road,no slope,2022-06-25T18:54:00Z
6453886,26.06.2022 01:58,28.06.2022 15:30,Chon Buri,department of highways,private/passenger car,speeding,rear-end collision,2,0,2,clear,13.21326571,101.0054389,straight road,no slope,2022-06-25T18:58:00Z
7414780,26.06.2022 02:20,29.11.2022 11:36,Pathum Thani,department of highways,other,speeding,rear-end collision,2,0,0,clear,13.98866714,100.6154537,straight road,no slope,2022-06-25T19:20:00Z
7558049,26.06.2022 02:30,12.01.2023 12:55,Chon Buri,department of highways,4-wheel pickup truck,speeding,rollover/fallen on straight road,1,0,0,clear,12.98173488,100.9859907,straight road,no slope,2022-06-25T19:30:00Z
7214176,26.06.2022 03:09,31.10.2022 15:08,Nakhon Si Thammarat,department of highways,private/passenger car,speeding,rollover/fallen on straight road,1,0,0,rainy,8.231721351,99.87560926,straight road,no slope,2022-06-25T20:09:00Z
6687632,26.06.2022 03:20,9.08.2022 14:25,Saraburi,department of highways,private/passenger car,falling asleep,rollover/fallen on straight road,1,0,1,clear,14.47198033,100.9091636,other,other,2022-06-25T20:20:00Z
7446594,26.06.2022 03:40,9.12.2022 10:50,Surin,department of highways,4-wheel pickup truck,speeding,rollover/fallen on straight road,1,0,0,clear,14.83308012,103.495408,other,other,2022-06-25T20:40:00Z
7027128,26.06.2022 04:00,3.10.2022 10:47,Chumphon,department of highways,7-10-wheel truck,speeding,rear-end collision,2,0,1,clear,9.958621734,99.06550972,straight road,no slope,2022-06-25T21:00:00Z
7040817,26.06.2022 04:00,5.10.2022 10:38,Maha Sarakham,department of highways,6-wheel truck,speeding,rear-end collision,2,0,4,clear,16.12659287,103.307367,straight road,no slope,2022-06-25T21:00:00Z
7560575,26.06.2022 04:30,16.01.2023 09:11,Nakhon Pathom,department of highways,private/passenger car,falling asleep,rollover/fallen on straight road,1,0,0,clear,14.07161327,99.98909937,straight road,no slope,2022-06-25T21:30:00Z
7041000,26.06.2022 05:00,5.10.2022 11:08,Phetchabun,department of highways,4-wheel pickup truck,speeding,rollover/fallen on straight road,1,0,1,clear,15.83119406,101.0351041,straight road,no slope,2022-06-25T22:00:00Z
6531676,26.06.2022 05:30,11.07.2022 10:08,Mukdahan,department of highways,4-wheel pickup truck,speeding,rollover/fallen on straight road,1,0,1,clear,16.47543429,104.6556678,straight road,no slope,2022-06-25T22:30:00Z
6808587,26.06.2022 05:45,30.08.2022 10:21,Maha Sarakham,department of highways,6-wheel truck,speeding,rollover/fallen on straight road,1,0,1,clear,16.34789694,103.3226448,straight road,no slope,2022-06-25T22:45:00Z
7008549,26.06.2022 07:00,30.09.2022 13:20,Phetchaburi,department of highways,7-10-wheel truck,speeding,rollover/fallen on curved road,1,0,0,clear,13.13202823,99.86325501,wide curve,no slope,2022-06-26T00:00:00Z
6489618,26.06.2022 08:00,4.07.2022 14:13,Uttaradit,department of highways,4-wheel pickup truck,speeding,rear-end collision,2,0,0,clear,17.3724343,100.2295697,straight road,no slope,2022-06-26T01:00:00Z
7558318,26.06.2022 08:10,12.01.2023 14:35,Nakhon Ratchasima,department of highways,4-wheel pickup truck,speeding,rollover/fallen on straight road,1,0,0,clear,14.58135755,101.3998295,straight road,no slope,2022-06-26T01:10:00Z
7560830,26.06.2022 09:10,16.01.2023 14:40,Bangkok,department of highways,large truck with trailer,speeding,rollover/fallen on curved road,1,0,0,clear,13.8197289,100.7426199,wide curve,no slope,2022-06-26T02:10:00Z
6567164,26.06.2022 10:00,30.06.2022 15:24,Mae Hong Son,department of rural roads,motorcycle,speeding,other,1,0,1,clear,19.29258788,97.96463249,four-way intersection,other,2022-06-26T03:00:00Z
6466357,26.06.2022 10:20,30.06.2022 13:41,Pathum Thani,department of highways,other,speeding,rollover/fallen on straight road,1,0,0,clear,14.08244539,100.6952092,straight road,no slope,2022-06-26T03:20:00Z
7558081,26.06.2022 11:39,12.01.2023 13:22,Chon Buri,department of highways,large truck with trailer,speeding,rollover/fallen on straight road,1,0,0,clear,13.11427598,100.9659138,straight road,no slope,2022-06-26T04:39:00Z
6489619,26.06.2022 12:00,4.07.2022 14:12,Uttaradit,department of highways,4-wheel pickup truck,speeding,rollover/fallen on straight road,1,1,2,clear,17.48022115,100.1026556,straight road,no slope,2022-06-26T05:00:00Z
6567143,26.06.2022 12:00,30.06.2022 15:23,Samut Prakan,department of rural roads,motorcycle,speeding,other,1,0,3,clear,13.666258,100.537161,grade-separated intersection/ramps,other,2022-06-26T05:00:00Z
7526784,26.06.2022 13:30,31.12.2022 08:42,Lampang,department of highways,private/passenger car,speeding,rollover/fallen on straight road,1,0,0,rainy,17.50079676,99.17623399,straight road,no slope,2022-06-26T06:30:00Z
6566985,26.06.2022 13:57,27.06.2022 16:06,Mae Hong Son,department of rural roads,passenger pickup truck,brake/anti-lock brake system failure,other,1,0,4,clear,19.476343,97.966112,wide curve,slope area,2022-06-26T06:57:00Z
7567055,26.06.2022 14:10,23.01.2023 09:39,Phangnga,department of highways,4-wheel pickup truck,speeding,rollover/fallen on curved road,1,0,1,rainy,8.375286419,98.44814299,wide curve,slope area,2022-06-26T07:10:00Z
6452444,26.06.2022 15:00,28.06.2022 10:07,Nakhon Ratchasima,department of highways,private/passenger car,speeding,rear-end collision,2,0,0,clear,14.46498623,101.904923,wide curve,slope area,2022-06-26T08:00:00Z
6584894,26.06.2022 15:20,21.07.2022 10:03,Khon Kaen,department of highways,large truck with trailer,falling asleep,rollover/fallen on straight road,1,0,0,clear,16.1622945,102.7538824,straight road,no slope,2022-06-26T08:20:00Z
6500634,26.06.2022 16:00,6.07.2022 07:29,Tak,department of highways,other,speeding,rollover/fallen on curved road,1,0,0,clear,16.79086004,99.01571988,wide curve,no slope,2022-06-26T09:00:00Z
7565408,26.06.2022 16:00,20.01.2023 11:03,Chanthaburi,department of highways,4-wheel pickup truck,speeding,rollover/fallen on curved road,1,0,0,rainy,12.84476668,102.2649801,wide curve,slope area,2022-06-26T09:00:00Z
7527778,26.06.2022 16:05,31.12.2022 12:07,Lamphun,department of highways,private/passenger car,falling asleep,rollover/fallen on straight road,1,0,1,clear,18.4792758,98.83100955,straight road,no slope,2022-06-26T09:05:00Z
7565426,26.06.2022 16:30,20.01.2023 11:06,Chanthaburi,department of highways,4-wheel pickup truck,speeding,rollover/fallen on curved road,1,0,0,rainy,12.8464351,102.2657472,wide curve,slope area,2022-06-26T09:30:00Z
6467267,26.06.2022 17:00,30.06.2022 16:47,Prachuap Khiri Khan,department of highways,4-wheel pickup truck,speeding,rollover/fallen on curved road,1,0,0,rainy,11.10836603,99.36706244,wide curve,no slope,2022-06-26T10:00:00Z
6538217,26.06.2022 17:00,12.07.2022 11:21,Ubon Ratchathani,department of highways,private/passenger car,speeding,rollover/fallen on straight road,1,0,1,rainy,15.34074707,104.6408218,straight road,no slope,2022-06-26T10:00:00Z
6445855,26.06.2022 17:26,27.06.2022 11:18,Chachoengsao,department of highways,4-wheel pickup truck,speeding,rear-end collision,3,0,0,clear,13.59661463,100.9580898,straight road,no slope,2022-06-26T10:26:00Z
6501900,26.06.2022 17:26,6.07.2022 11:33,Chon Buri,department of highways,private/passenger car,speeding,rear-end collision,2,0,0,clear,13.23230845,100.9999752,straight road,no slope,2022-06-26T10:26:00Z
6567005,26.06.2022 18:30,29.06.2022 08:57,Chiang Mai,department of rural roads,4-wheel pickup truck,speeding,other,3,2,1,clear,18.686245,98.897151,straight road,no slope,2022-06-26T11:30:00Z
6482269,26.06.2022 18:39,3.07.2022 06:01,Pathum Thani,expressway authority of thailand,other,other,side collision,2,0,0,clear,14.043163,100.581121,straight road,other,2022-06-26T11:39:00Z
6822492,26.06.2022 18:40,1.09.2022 13:27,Kanchanaburi,department of highways,7-10-wheel truck,speeding,rear-end collision,2,0,1,clear,13.97789706,99.75215791,straight road,no slope,2022-06-26T11:40:00Z
6488508,26.06.2022 18:57,4.07.2022 10:31,Samut Prakan,expressway authority of thailand,large truck with trailer,other,rear-end collision,2,0,0,clear,13.630378,100.587368,straight road,other,2022-06-26T11:57:00Z
7536815,26.06.2022 19:19,2.01.2023 09:21,Phitsanulok,department of highways,motorcycle,cutting in closely by people/vehicles/animals,rear-end collision,2,0,0,clear,17.10978229,100.8109385,straight road,no slope,2022-06-26T12:19:00Z
6452122,26.06.2022 20:30,28.06.2022 09:06,Nakhon Ratchasima,department of highways,private/passenger car,speeding,rear-end collision,6,0,2,clear,14.90200042,101.9073799,straight road,no slope,2022-06-26T13:30:00Z
6460671,26.06.2022 20:57,29.06.2022 16:14,Pathum Thani,department of highways,private/passenger car,speeding,rear-end collision,2,0,1,clear,13.93686569,100.7091191,straight road,no slope,2022-06-26T13:57:00Z
7565412,26.06.2022 21:00,20.01.2023 11:01,Chanthaburi,department of highways,4-wheel pickup truck,reversing vehicle,collision with obstruction (on road surface),2,0,0,clear,12.7944604,102.2601735,wide curve,no slope,2022-06-26T14:00:00Z
7565758,26.06.2022 21:00,20.01.2023 14:53,Songkhla,department of highways,private/passenger car,speeding,rear-end collision,2,1,0,clear,6.796848062,100.4342249,straight road,no slope,2022-06-26T14:00:00Z
7518754,26.06.2022 22:00,29.12.2022 14:44,Chon Buri,department of highways,4-wheel pickup truck,speeding,rollover/fallen on straight road,1,0,0,clear,13.41184198,100.9895629,straight road,no slope,2022-06-26T15:00:00Z
7537008,26.06.2022 22:00,2.01.2023 10:10,Lampang,department of highways,private/passenger car,speeding,rollover/fallen on curved road,1,0,1,clear,17.71459047,99.3767613,wide curve,slope area,2022-06-26T15:00:00Z
7311525,26.06.2022 23:20,14.11.2022 14:49,Nakhon Si Thammarat,department of highways,private/passenger car,speeding,rollover/fallen on straight road,1,0,0,clear,8.156390657,99.67931984,straight road,no slope,2022-06-26T16:20:00Z
6650895,27.06.2022 00:10,3.08.2022 11:08,Samut Prakan,department of highways,4-wheel pickup truck,speeding,rear-end collision,2,0,0,clear,13.66891243,100.8455872,straight road,no slope,2022-06-26T17:10:00Z
7568290,27.06.2022 00:30,24.01.2023 12:00,Samut Songkhram,department of highways,private/passenger car,speeding,rear-end collision,2,0,1,clear,13.43280747,99.9650958,straight road,no slope,2022-06-26T17:30:00Z
7331686,27.06.2022 01:00,13.09.2022 13:35,Loei,department of highways,private/passenger car,speeding,rollover/fallen on straight road,1,0,1,clear,17.51717782,101.7249521,straight road,no slope,2022-06-26T18:00:00Z
6465743,27.06.2022 01:15,30.06.2022 11:06,Chai Nat,department of highways,motorcycle,speeding,rollover/fallen on straight road,1,1,0,clear,15.1664463,100.1687023,straight road,no slope,2022-06-26T18:15:00Z
7008772,27.06.2022 01:20,30.09.2022 14:00,Sakon Nakhon,department of highways,private/passenger car,speeding,rollover/fallen on straight road,1,0,0,clear,17.30188641,103.9597553,straight road,no slope,2022-06-26T18:20:00Z
7526893,27.06.2022 01:30,31.12.2022 09:03,Chiang Mai,department of highways,4-wheel pickup truck,speeding,rollover/fallen on straight road,1,0,0,clear,18.69496736,99.04938965,straight road,no slope,2022-06-26T18:30:00Z
7557962,27.06.2022 02:40,12.01.2023 11:46,Si Sa Ket,department of highways,4-wheel pickup truck,speeding,rollover/fallen on straight road,1,0,0,clear,15.11606509,104.1375133,straight road,no slope,2022-06-26T19:40:00Z
6466732,27.06.2022 04:00,30.06.2022 14:47,Nonthaburi,department of highways,large truck with trailer,vehicle equipment failure,rollover/fallen on straight road,1,0,0,clear,14.06120494,100.329034,straight road,no slope,2022-06-26T21:00:00Z
7566745,27.06.2022 04:00,22.01.2023 07:55,Chachoengsao,department of highways,private/passenger car,speeding,rollover/fallen on straight road,3,0,0,clear,13.48722934,100.8727741,straight road,no slope,2022-06-26T21:00:00Z
6609993,27.06.2022 04:20,27.07.2022 16:48,Yasothon,department of highways,4-wheel pickup truck,falling asleep,rollover/fallen on straight road,1,0,1,clear,15.62311949,104.361105,straight road,no slope,2022-06-26T21:20:00Z
6445928,27.06.2022 05:00,27.06.2022 11:34,Ang Thong,department of highways,large truck with trailer,falling asleep,rollover/fallen on straight road,1,0,0,clear,14.61324097,100.4698098,straight road,no slope,2022-06-26T22:00:00Z
7558114,27.06.2022 05:30,12.01.2023 13:36,Pathum Thani,department of highways,7-10-wheel truck,speeding,rollover/fallen on straight road,1,0,0,clear,13.96698072,100.7130942,straight road,no slope,2022-06-26T22:30:00Z
7565099,27.06.2022 05:50,20.01.2023 08:45,Pathum Thani,department of highways,7-10-wheel truck,speeding,rear-end collision,5,0,0,clear,13.97105684,100.5624908,other,other,2022-06-26T22:50:00Z
7558064,27.06.2022 05:52,12.01.2023 13:14,Chon Buri,department of highways,4-wheel pickup truck,speeding,rear-end collision,2,0,0,clear,13.24167914,100.9966037,straight road,no slope,2022-06-26T22:52:00Z
6466839,27.06.2022 07:10,30.06.2022 15:07,Samut Prakan,department of highways,4-wheel pickup truck,speeding,rollover/fallen on straight road,1,0,0,clear,13.64282511,100.6948981,straight road,no slope,2022-06-27T00:10:00Z
6567178,27.06.2022 07:30,4.07.2022 08:48,Satun,department of rural roads,motorcycle,abrupt lane change,other,2,0,3,clear,6.793732,100.022448,straight road,no slope,2022-06-27T00:30:00Z
6609998,27.06.2022 07:55,27.07.2022 16:49,Yasothon,department of highways,4-wheel pickup truck,falling asleep,rollover/fallen on straight road,1,0,0,clear,15.60001483,104.3857786,straight road,no slope,2022-06-27T00:55:00Z
6822475,27.06.2022 08:20,1.09.2022 13:20,Loburi,department of highways,private/passenger car,speeding,rollover/fallen on curved road,1,0,0,clear,14.89852452,101.0512805,other,other,2022-06-27T01:20:00Z
6470818,27.06.2022 08:30,1.07.2022 07:03,Phatthalung,department of highways,other,speeding,rollover/fallen on curved road,1,0,0,clear,7.591132891,99.84374999,wide curve,slope area,2022-06-27T01:30:00Z
6566980,27.06.2022 09:00,27.06.2022 16:05,Sukhothai,department of rural roads,private/passenger car,unfamiliarity with the route/unskilled driving,other,2,2,2,clear,16.905145,99.760518,four-way intersection,other,2022-06-27T02:00:00Z
7526838,27.06.2022 09:00,31.12.2022 08:51,Lampang,department of highways,other,speeding,rollover/fallen on curved road,1,0,0,clear,18.32650213,99.28365646,wide curve,slope area,2022-06-27T02:00:00Z
7331677,27.06.2022 09:10,28.06.2022 09:10,Sukhothai,department of highways,private/passenger car,speeding,collision at intersection corner,2,2,2,clear,16.90525423,99.7596976,other,other,2022-06-27T02:10:00Z
6459884,27.06.2022 09:42,29.06.2022 13:27,Bangkok,department of highways,4-wheel pickup truck,speeding,rollover/fallen on straight road,1,0,2,clear,13.72742572,100.7019147,straight road,no slope,2022-06-27T02:42:00Z
6458046,27.06.2022 09:54,29.06.2022 07:00,Kamphaeng Phet,department of highways,private/passenger car,cutting in closely by people/vehicles/animals,rear-end collision,2,1,0,clear,16.63735348,99.33876781,straight road,no slope,2022-06-27T02:54:00Z
6464709,27.06.2022 10:10,30.06.2022 07:41,Nakhon Sawan,department of highways,4-wheel pickup truck,speeding,collision with obstruction (on road surface),2,0,1,clear,15.66511917,100.1480037,straight road,no slope,2022-06-27T03:10:00Z
7558106,27.06.2022 10:15,12.01.2023 13:35,Pathum Thani,department of highways,large truck with trailer,speeding,rear-end collision,2,0,0,clear,13.97553632,100.7132524,straight road,no slope,2022-06-27T03:15:00Z
7414416,27.06.2022 10:20,28.11.2022 14:02,Mukdahan,department of highways,4-wheel pickup truck,cutting in closely by people/vehicles/animals,rear-end collision,2,0,0,clear,16.32540606,104.9086833,connecting to public/commercial area,other,2022-06-27T03:20:00Z
6572856,27.06.2022 12:00,19.07.2022 13:40,Phatthalung,department of highways,4-wheel pickup truck,speeding,rollover/fallen on straight road,1,0,1,clear,7.522785537,100.0554111,straight road,no slope,2022-06-27T05:00:00Z
6533041,27.06.2022 12:10,11.07.2022 14:17,Tak,department of highways,4-wheel pickup truck,cutting in closely by people/vehicles/animals,head-on collision (not overtaking),2,1,2,clear,16.91222418,99.27288203,other,other,2022-06-27T05:10:00Z
6466326,27.06.2022 12:30,30.06.2022 13:38,Phra Nakhon Si Ayutthaya,department of highways,4-wheel pickup truck,vehicle equipment failure,rollover/fallen on straight road,1,0,0,clear,14.4862925,100.5023289,straight road,no slope,2022-06-27T05:30:00Z
6458680,27.06.2022 12:35,29.06.2022 09:00,Suphan Buri,department of highways,4-wheel pickup truck,speeding,rear-end collision,2,0,2,clear,14.55389857,100.0911113,straight road,no slope,2022-06-27T05:35:00Z
7424947,27.06.2022 12:55,2.12.2022 10:59,Chiang Mai,department of highways,motorcycle,speeding,head-on collision (not overtaking),2,0,0,clear,18.89213424,99.01421248,straight road,no slope,2022-06-27T05:55:00Z
7558306,27.06.2022 13:20,12.01.2023 14:30,Nakhon Ratchasima,department of highways,4-wheel pickup truck,speeding,rollover/fallen on straight road,1,0,1,rainy,14.65406983,101.3645171,straight road,no slope,2022-06-27T06:20:00Z
6446552,27.06.2022 13:30,27.06.2022 14:09,Phra Nakhon Si Ayutthaya,department of highways,4-wheel pickup truck,vehicle equipment failure,rollover/fallen on straight road,1,0,1,rainy,14.43308792,100.5484038,straight road,no slope,2022-06-27T06:30:00Z
7473546,27.06.2022 14:00,20.12.2022 10:14,Uttaradit,department of highways,4-wheel pickup truck,speeding,rollover/fallen on straight road,1,0,1,clear,17.70277818,100.7142904,wide curve,slope area,2022-06-27T07:00:00Z
7564001,27.06.2022 14:00,19.01.2023 09:35,Mukdahan,department of highways,large truck with trailer,cutting in closely by people/vehicles/animals,rear-end collision,2,0,0,clear,16.5756449,104.4120321,straight road,no slope,2022-06-27T07:00:00Z
6477473,27.06.2022 14:20,2.07.2022 09:20,Chon Buri,department of highways,private/passenger car,speeding,rear-end collision,2,0,0,clear,13.23059824,101.0008362,straight road,no slope,2022-06-27T07:20:00Z
6533155,27.06.2022 14:25,11.07.2022 14:38,Phetchabun,department of highways,7-10-wheel truck,speeding,rear-end collision,2,0,1,clear,16.78081432,101.2039116,straight road,no slope,2022-06-27T07:25:00Z
6746230,27.06.2022 15:00,19.08.2022 10:05,Suphan Buri,department of highways,4-wheel pickup truck,speeding,rollover/fallen on straight road,1,0,0,clear,14.52497047,100.0571787,straight road,no slope,2022-06-27T08:00:00Z
7317262,27.06.2022 15:30,15.11.2022 11:47,Khon Kaen,department of highways,private/passenger car,speeding,rollover/fallen on straight road,2,0,1,clear,16.38599014,102.8252372,straight road,no slope,2022-06-27T08:30:00Z
6609999,27.06.2022 15:40,27.07.2022 16:49,Yasothon,department of highways,4-wheel pickup truck,falling asleep,rollover/fallen on straight road,1,0,0,clear,15.70493611,104.2575905,straight road,no slope,2022-06-27T08:40:00Z
7527659,27.06.2022 16:00,31.12.2022 11:38,Chiang Mai,department of highways,private/passenger car,speeding,rollover/fallen on curved road,1,0,0,rainy,19.0952766,99.14390265,wide curve,no slope,2022-06-27T09:00:00Z
7564247,27.06.2022 16:00,19.01.2023 11:40,Nakhon Ratchasima,department of highways,private/passenger car,falling asleep,rear-end collision,2,0,0,clear,15.67984452,102.5769237,straight road,no slope,2022-06-27T09:00:00Z
7566736,27.06.2022 16:10,22.01.2023 07:33,Chachoengsao,department of highways,large truck with trailer,speeding,rollover/fallen on straight road,1,0,0,clear,13.72971342,101.0318372,other,other,2022-06-27T09:10:00Z
6466328,27.06.2022 16:50,30.06.2022 13:37,Ang Thong,department of highways,motorcycle,speeding,rear-end collision,2,0,0,clear,14.57690438,100.4536307,other,other,2022-06-27T09:50:00Z
6533160,27.06.2022 16:50,11.07.2022 14:39,Phetchabun,department of highways,4-wheel pickup truck,cutting in closely by people/vehicles/animals,rear-end collision,2,0,4,clear,16.74259108,101.2213325,straight road,no slope,2022-06-27T09:50:00Z
6482952,27.06.2022 17:07,3.07.2022 09:06,Chon Buri,department of highways,private/passenger car,speeding,rear-end collision,2,0,2,clear,12.95111025,100.9448075,straight road,no slope,2022-06-27T10:07:00Z
6572787,27.06.2022 17:40,19.07.2022 13:29,Surat Thani,department of highways,large truck with trailer,speeding,rear-end collision,2,0,1,rainy,9.617765127,99.12658362,straight road,no slope,2022-06-27T10:40:00Z
6500658,27.06.2022 18:30,6.07.2022 07:31,Tak,department of highways,private/passenger car,speeding,rollover/fallen on curved road,1,0,0,clear,16.76325873,98.87829958,wide curve,slope area,2022-06-27T11:30:00Z
7451773,27.06.2022 18:40,10.12.2022 15:16,Bangkok,department of highways,4-wheel pickup truck,speeding,rear-end collision,2,0,0,clear,13.62981296,100.3973566,straight road,no slope,2022-06-27T11:40:00Z
6460471,27.06.2022 19:15,29.06.2022 15:37,Bangkok,department of highways,6-wheel truck,speeding,rear-end collision,5,0,0,clear,13.91234959,100.7007587,straight road,no slope,2022-06-27T12:15:00Z
7562640,27.06.2022 19:30,18.01.2023 10:05,Phatthalung,department of highways,motorcycle,failure to yield right of way,rear-end collision,2,2,1,clear,7.736701272,99.98086451,other,other,2022-06-27T12:30:00Z
6460998,27.06.2022 20:00,29.06.2022 17:45,Pathum Thani,department of highways,4-wheel pickup truck,speeding,rollover/fallen on straight road,1,0,4,clear,14.05996906,100.6975883,straight road,no slope,2022-06-27T13:00:00Z
7331684,27.06.2022 20:45,30.06.2022 11:15,Amnat Charoen,department of highways,4-wheel pickup truck,speeding,rollover/fallen on straight road,1,0,1,clear,15.83494087,104.6309969,straight road,no slope,2022-06-27T13:45:00Z
6465616,27.06.2022 21:00,30.06.2022 10:41,Sing Buri,department of highways,7-10-wheel truck,other,other,3,0,0,clear,14.78593841,100.4567098,other,other,2022-06-27T14:00:00Z
7564002,27.06.2022 21:55,19.01.2023 09:37,Yasothon,department of highways,4-wheel pickup truck,speeding,rollover/fallen on straight road,1,0,1,clear,16.20335744,104.5466763,straight road,no slope,2022-06-27T14:55:00Z
7567538,27.06.2022 23:55,23.01.2023 17:19,Rayong,department of highways,4-wheel pickup truck,speeding,rollover/fallen on straight road,1,0,0,clear,12.6965548,101.2802151,straight road,no slope,2022-06-27T16:55:00Z
7444801,28.06.2022 01:30,8.12.2022 14:23,Chon Buri,department of highways,large truck with trailer,speeding,rollover/fallen on straight road,1,0,0,clear,13.44691561,100.9992966,straight road,no slope,2022-06-27T18:30:00Z
7567368,28.06.2022 03:00,23.01.2023 14:32,Phuket,department of highways,van,speeding,rollover/fallen on straight road,1,0,0,clear,7.944550148,98.39338301,straight road,no slope,2022-06-27T20:00:00Z
7418663,28.06.2022 04:00,30.11.2022 10:05,Pattani,department of highways,large truck with trailer,speeding,rollover/fallen on straight road,1,0,0,clear,6.808175193,101.4221924,straight road,no slope,2022-06-27T21:00:00Z
7138818,28.06.2022 04:10,20.10.2022 09:04,Krabi,department of highways,4-wheel pickup truck,speeding,rollover/fallen on curved road,1,0,2,clear,8.085254831,98.87396513,wide curve,no slope,2022-06-27T21:10:00Z
7331689,28.06.2022 04:30,6.07.2022 07:31,Kamphaeng Phet,department of highways,7-10-wheel truck,falling asleep,rollover/fallen on straight road,1,1,1,clear,16.4072776,99.84763114,straight road,no slope,2022-06-27T21:30:00Z
6477572,28.06.2022 05:26,2.07.2022 10:01,Chon Buri,department of highways,4-wheel pickup truck,speeding,rear-end collision,2,0,3,clear,13.25609086,100.990845,straight road,no slope,2022-06-27T22:26:00Z
7553832,28.06.2022 06:30,7.01.2023 15:55,Bangkok,department of highways,private/passenger car,speeding,rear-end collision,3,0,0,clear,13.77617371,100.5547708,straight road,no slope,2022-06-27T23:30:00Z
6467204,28.06.2022 07:35,30.06.2022 16:26,Samut Prakan,department of highways,large truck with trailer,speeding,rear-end collision,2,0,0,clear,13.61285854,100.9328422,straight road,no slope,2022-06-28T00:35:00Z
6466557,28.06.2022 07:40,30.06.2022 14:16,Uthai Thani,department of highways,private/passenger car,speeding,rollover/fallen on straight road,1,0,0,clear,15.11875546,99.53196465,straight road,no slope,2022-06-28T00:40:00Z
6458852,28.06.2022 08:24,29.06.2022 09:30,Bangkok,department of highways,4-wheel pickup truck,speeding,rear-end collision,2,0,0,clear,13.6765486,100.6993827,straight road,no slope,2022-06-28T01:24:00Z
6567160,28.06.2022 08:30,30.06.2022 15:27,Chiang Mai,department of rural roads,6-wheel truck,speeding,other,1,0,0,clear,18.751501,99.028314,straight road,no slope,2022-06-28T01:30:00Z
7008314,28.06.2022 08:50,30.09.2022 12:37,Phayao,department of highways,4-wheel pickup truck,vehicle equipment failure,rollover/fallen on straight road,1,0,2,clear,19.07624556,99.92639421,straight road,no slope,2022-06-28T01:50:00Z
6567162,28.06.2022 10:00,30.06.2022 15:24,Chiang Mai,department of rural roads,private/passenger car,speeding,other,1,0,2,clear,18.780396,99.042172,four-way intersection,other,2022-06-28T03:00:00Z
7562333,28.06.2022 10:45,18.01.2023 07:45,Nakhon Si Thammarat,department of highways,private/passenger car,speeding,rollover/fallen on straight road,1,1,1,clear,8.223478811,99.5664364,straight road,no slope,2022-06-28T03:45:00Z
6466278,28.06.2022 11:30,30.06.2022 13:24,Phra Nakhon Si Ayutthaya,department of highways,private/passenger car,speeding,rear-end collision,3,0,3,clear,14.5161085,100.5129155,straight road,no slope,2022-06-28T04:30:00Z
7560700,28.06.2022 12:50,16.01.2023 11:17,Bangkok,department of highways,private/passenger car,speeding,rear-end collision,3,0,0,clear,13.77459739,100.5538801,straight road,no slope,2022-06-28T05:50:00Z