acc_code,incident_datetime,report_datetime,province_en,agency,vehicle_type,presumed_cause,accident_type,number_of_vehicles_involved,number_of_fatalities,number_of_injuries,weather_condition,latitude,longitude,road_description,slope_description,incident_time
6478754,28.06.2022 13:40,2.07.2022 15:13,Chon Buri,department of highways,private/passenger car,speeding,rear-end collision,3,0,0,clear,13.23402909,100.9995326,straight road,no slope,2022-06-28T06:40:00Z
6729225,28.06.2022 14:30,16.08.2022 11:32,Pattani,department of highways,other,speeding,rollover/fallen on straight road,1,0,0,clear,6.853108209,101.2649882,straight road,no slope,2022-06-28T07:30:00Z
7570962,28.06.2022 14:30,26.01.2023 09:53,Sa Kaeo,department of highways,4-wheel pickup truck,speeding,rollover/fallen on straight road,1,0,0,clear,13.93177108,102.7135903,straight road,no slope,2022-06-28T07:30:00Z
6466295,28.06.2022 14:45,30.06.2022 13:26,Ang Thong,department of highways,motorcycle,speeding,rear-end collision,2,0,1,clear,14.5792692,100.4694477,straight road,no slope,2022-06-28T07:45:00Z
6501532,28.06.2022 15:40,6.07.2022 10:16,Chanthaburi,department of highways,motorcycle,cutting in closely by people/vehicles/animals,rear-end collision,2,1,1,clear,12.7795222,101.8227267,other,other,2022-06-28T08:40:00Z
6702412,28.06.2022 15:45,11.08.2022 14:43,Suphan Buri,department of highways,4-wheel pickup truck,vehicle equipment failure,rollover/fallen on straight road,1,0,1,clear,14.33348056,100.2053279,straight road,no slope,2022-06-28T08:45:00Z
6459422,28.06.2022 15:50,29.06.2022 11:23,Phra Nakhon Si Ayutthaya,department of highways,large passenger vehicle,speeding,head-on collision (not overtaking),2,0,3,clear,14.63307185,100.563392,straight road,no slope,2022-06-28T08:50:00Z
6724289,28.06.2022 16:00,15.08.2022 14:04,Kanchanaburi,department of highways,motorcycle,speeding,rear-end collision,2,1,2,clear,14.63705805,99.75672571,other,other,2022-06-28T09:00:00Z
6533163,28.06.2022 16:50,11.07.2022 14:37,Phetchabun,department of highways,7-10-wheel truck,speeding,rear-end collision,2,0,0,clear,16.72400189,101.1853695,straight road,no slope,2022-06-28T09:50:00Z
7569566,28.06.2022 17:15,25.01.2023 14:13,Prachin Buri,department of highways,large truck with trailer,speeding,other,1,0,0,clear,14.30296957,101.8717119,wide curve,slope area,2022-06-28T10:15:00Z
6488381,28.06.2022 17:45,4.07.2022 10:09,Bangkok,department of highways,4-wheel pickup truck,speeding,rollover/fallen on straight road,1,0,2,rainy,13.82461761,100.6746822,straight road,no slope,2022-06-28T10:45:00Z
6470749,28.06.2022 18:30,1.07.2022 06:47,Nakhon Si Thammarat,department of highways,4-wheel pickup truck,speeding,rear-end collision,2,0,1,rainy,8.308343518,99.91791307,straight road,no slope,2022-06-28T11:30:00Z
6471051,28.06.2022 19:10,1.07.2022 07:45,Pathum Thani,department of highways,4-wheel pickup truck,speeding,rollover/fallen on curved road,1,0,4,clear,13.93433792,100.6415194,wide curve,no slope,2022-06-28T12:10:00Z
6488383,28.06.2022 19:38,4.07.2022 10:09,Bangkok,expressway authority of thailand,other,other,rollover/fallen on straight road,2,0,0,clear,13.791002,100.474394,straight road,other,2022-06-28T12:38:00Z
6513605,28.06.2022 20:10,8.07.2022 10:02,Suphan Buri,department of highways,private/passenger car,speeding,rollover/fallen on straight road,1,0,0,clear,14.61004856,100.1553583,straight road,no slope,2022-06-28T13:10:00Z
6461185,28.06.2022 20:30,29.06.2022 18:33,Bangkok,department of highways,4-wheel pickup truck,speeding,rollover/fallen on straight road,1,0,1,clear,13.81842921,100.676136,straight road,no slope,2022-06-28T13:30:00Z
7569684,28.06.2022 21:00,25.01.2023 15:20,Nakhon Ratchasima,department of highways,4-wheel pickup truck,speeding,rollover/fallen on curved road,1,0,1,clear,14.45235316,101.8989256,wide curve,slope area,2022-06-28T14:00:00Z
7510811,28.06.2022 21:30,27.12.2022 08:58,Nakhon Sawan,department of highways,other,cutting in closely by people/vehicles/animals,pedestrian collision,1,1,0,clear,15.42167252,100.1459035,straight road,no slope,2022-06-28T14:30:00Z
6567181,29.06.2022 00:30,5.07.2022 10:15,Nakhon Nayok,department of rural roads,4-wheel pickup truck,speeding,other,2,1,2,clear,14.243021,101.182204,straight road,no slope,2022-06-28T17:30:00Z
7526886,29.06.2022 01:00,31.12.2022 09:02,Lamphun,department of highways,4-wheel pickup truck,speeding,rear-end collision,2,2,0,clear,18.62330472,99.04779373,straight road,no slope,2022-06-28T18:00:00Z
7558313,29.06.2022 01:05,12.01.2023 14:33,Nakhon Ratchasima,department of highways,private/passenger car,speeding,rollover/fallen on straight road,1,0,1,clear,14.94929728,102.0189075,straight road,no slope,2022-06-28T18:05:00Z
6580569,29.06.2022 03:45,20.07.2022 16:17,Sa Kaeo,department of highways,4-wheel pickup truck,speeding,rollover/fallen on straight road,1,0,0,foggy,13.84201769,102.0433169,straight road,no slope,2022-06-28T20:45:00Z
6470401,29.06.2022 04:00,1.07.2022 05:49,Chon Buri,department of highways,4-wheel pickup truck,speeding,rollover/fallen on straight road,1,0,1,clear,13.47927147,101.1685976,straight road,no slope,2022-06-28T21:00:00Z
7526840,29.06.2022 04:00,31.12.2022 08:52,Lampang,department of highways,private/passenger car,speeding,rollover/fallen on curved road,1,0,0,clear,18.35121601,99.24337505,wide curve,slope area,2022-06-28T21:00:00Z
7055403,29.06.2022 04:30,7.10.2022 14:32,Suphan Buri,department of highways,private/passenger car,speeding,rollover/fallen on straight road,1,0,0,clear,14.46476806,100.2242347,straight road,no slope,2022-06-28T21:30:00Z
6459937,29.06.2022 05:30,29.06.2022 13:42,Nakhon Sawan,department of highways,motorcycle,speeding,rollover/fallen on curved road,1,1,0,clear,15.92360538,99.99093889,wide curve,slope area,2022-06-28T22:30:00Z
6644235,29.06.2022 05:30,2.08.2022 10:25,Surin,department of highways,large truck with trailer,speeding,rollover/fallen on straight road,1,0,0,clear,14.6128854,103.3407283,straight road,no slope,2022-06-28T22:30:00Z
6805434,29.06.2022 06:00,29.08.2022 10:33,Phuket,department of highways,private/passenger car,speeding,rollover/fallen on straight road,1,0,0,clear,8.003113065,98.39314698,straight road,no slope,2022-06-28T23:00:00Z
7569592,29.06.2022 06:37,25.01.2023 14:40,Prachin Buri,department of highways,large truck with trailer,speeding,rollover/fallen on straight road,1,0,0,clear,14.28476755,101.8896532,straight road,slope area,2022-06-28T23:37:00Z
7419410,29.06.2022 08:00,30.11.2022 13:32,Kalasin,department of highways,large truck with trailer,falling asleep,rollover/fallen on straight road,1,0,0,clear,16.4136302,103.4711775,straight road,no slope,2022-06-29T01:00:00Z
6466585,29.06.2022 09:00,30.06.2022 14:23,Mukdahan,department of highways,4-wheel pickup truck,vehicle equipment failure,rollover/fallen on straight road,1,0,1,clear,16.47072733,104.6528005,straight road,no slope,2022-06-29T02:00:00Z
6724327,29.06.2022 09:00,15.08.2022 14:06,Phra Nakhon Si Ayutthaya,department of highways,4-wheel pickup truck,vehicle equipment failure,rollover/fallen on straight road,1,0,1,clear,14.22620339,100.2769375,straight road,no slope,2022-06-29T02:00:00Z
7567524,29.06.2022 09:00,23.01.2023 16:42,Rayong,department of highways,other,speeding,rollover/fallen on straight road,1,0,0,clear,12.72763053,101.2145787,straight road,no slope,2022-06-29T02:00:00Z
6662893,29.06.2022 10:00,5.08.2022 09:25,Pattani,department of highways,other,speeding,rollover/fallen on straight road,1,0,0,clear,6.673513513,101.6111299,straight road,no slope,2022-06-29T03:00:00Z
6822476,29.06.2022 10:23,1.09.2022 13:24,Kanchanaburi,department of highways,private/passenger car,speeding,rollover/fallen on curved road,1,0,1,clear,13.97378722,99.31180088,other,other,2022-06-29T03:23:00Z
7565349,29.06.2022 10:30,20.01.2023 10:27,Chanthaburi,department of highways,other,speeding,rollover/fallen on straight road,1,0,0,clear,12.77441879,102.2461268,straight road,no slope,2022-06-29T03:30:00Z
7569573,29.06.2022 11:00,25.01.2023 14:18,Nan,department of highways,other,speeding,collision with obstruction (on road surface),1,0,0,clear,18.92104904,100.8913457,wide curve,no slope,2022-06-29T04:00:00Z
6471025,29.06.2022 11:05,1.07.2022 07:42,Ubon Ratchathani,department of highways,4-wheel pickup truck,cutting in closely by people/vehicles/animals,head-on collision (not overtaking),2,0,8,clear,14.95760715,104.999181,connecting to public/commercial area,other,2022-06-29T04:05:00Z
6479176,29.06.2022 11:13,2.07.2022 16:46,Chon Buri,department of highways,motorcycle,speeding,rear-end collision,2,0,1,clear,13.1040096,100.9154856,straight road,no slope,2022-06-29T04:13:00Z
6591993,29.06.2022 12:50,22.07.2022 13:44,Phatthalung,department of highways,4-wheel pickup truck,falling asleep,rollover/fallen on straight road,1,0,2,clear,7.404978462,100.0916692,straight road,no slope,2022-06-29T05:50:00Z
6460037,29.06.2022 13:22,29.06.2022 14:10,Nonthaburi,expressway authority of thailand,other,other,other,1,0,0,clear,13.900258,100.54271,straight road,other,2022-06-29T06:22:00Z
6567176,29.06.2022 13:45,4.07.2022 08:48,Phitsanulok,department of rural roads,motorcycle,failure to yield right of way,other,1,0,1,clear,17.102176,100.13891,four-way intersection,other,2022-06-29T06:45:00Z
6567184,29.06.2022 14:10,5.07.2022 13:20,Samut Prakan,department of rural roads,motorcycle,unfamiliarity with the route/unskilled driving,other,2,0,1,clear,13.665857,100.538883,grade-separated intersection/ramps,other,2022-06-29T07:10:00Z
7558061,29.06.2022 14:30,12.01.2023 13:12,Chon Buri,department of highways,private/passenger car,speeding,rollover/fallen on straight road,1,0,0,clear,13.13716611,100.9855342,straight road,no slope,2022-06-29T07:30:00Z
7565372,29.06.2022 14:45,20.01.2023 10:40,Chanthaburi,department of highways,4-wheel pickup truck,speeding,rollover/fallen on straight road,1,0,0,clear,12.78928929,102.2513062,straight road,no slope,2022-06-29T07:45:00Z
7526978,29.06.2022 16:00,31.12.2022 09:17,Mae Hong Son,department of highways,private/passenger car,speeding,rollover/fallen on curved road,1,0,0,clear,18.90541105,97.93930917,wide curve,no slope,2022-06-29T09:00:00Z
7424978,29.06.2022 16:17,2.12.2022 13:39,Nakhon Ratchasima,department of highways,4-wheel pickup truck,speeding,head-on collision (not overtaking),6,0,10,clear,14.74616817,101.4678685,straight road,no slope,2022-06-29T09:17:00Z
6466672,29.06.2022 16:40,30.06.2022 14:37,Nakhon Ratchasima,department of highways,4-wheel pickup truck,speeding,rear-end collision,2,0,2,clear,15.18234085,101.752595,straight road,no slope,2022-06-29T09:40:00Z
7568288,29.06.2022 16:40,24.01.2023 11:59,Samut Songkhram,department of highways,large truck with trailer,speeding,rollover/fallen on straight road,1,0,0,clear,13.41758967,99.99477713,straight road,no slope,2022-06-29T09:40:00Z
7554477,29.06.2022 16:57,9.01.2023 12:37,Phayao,department of highways,4-wheel pickup truck,speeding,rear-end collision,2,0,2,rainy,19.21213459,99.94676022,wide curve,no slope,2022-06-29T09:57:00Z
6509132,29.06.2022 17:00,7.07.2022 15:16,Phatthalung,department of highways,4-wheel pickup truck,falling asleep,rollover/fallen on straight road,1,1,0,clear,7.339517631,100.1365962,straight road,no slope,2022-06-29T10:00:00Z
6466986,29.06.2022 17:43,30.06.2022 15:35,Bangkok,department of highways,private/passenger car,speeding,rear-end collision,4,0,0,clear,13.72930955,100.7326662,straight road,no slope,2022-06-29T10:43:00Z
7536778,29.06.2022 17:50,2.01.2023 09:10,Phitsanulok,department of highways,motorcycle,cutting in closely by people/vehicles/animals,rear-end collision,2,1,1,clear,16.83484486,100.4013303,straight road,no slope,2022-06-29T10:50:00Z
7527700,29.06.2022 18:00,31.12.2022 11:49,Chiang Mai,department of highways,motorcycle,speeding,rollover/fallen on straight road,1,1,0,clear,18.46639041,98.67813437,straight road,no slope,2022-06-29T11:00:00Z
7564240,29.06.2022 19:10,19.01.2023 11:35,Sakon Nakhon,department of highways,private/passenger car,speeding,rear-end collision,2,1,0,clear,17.17807169,104.1226137,straight road,no slope,2022-06-29T12:10:00Z
6771076,29.06.2022 19:30,23.08.2022 10:41,Pattani,department of highways,private/passenger car,speeding,rollover/fallen on straight road,1,0,0,clear,6.62843596,101.6296345,straight road,no slope,2022-06-29T12:30:00Z
7565770,29.06.2022 19:30,20.01.2023 15:00,Songkhla,department of highways,other,speeding,rollover/fallen on straight road,1,0,0,clear,6.99579665,100.4175845,straight road,no slope,2022-06-29T12:30:00Z
6464883,29.06.2022 19:41,30.06.2022 08:15,Pathum Thani,department of highways,4-wheel pickup truck,speeding,rear-end collision,2,0,0,rainy,13.94826764,100.7123324,straight road,no slope,2022-06-29T12:41:00Z
6567186,29.06.2022 20:55,6.07.2022 10:17,Samut Prakan,department of rural roads,large truck with trailer,abrupt lane change,other,2,0,1,clear,13.660794,100.539225,straight road,slope area,2022-06-29T13:55:00Z
6664325,29.06.2022 21:00,5.08.2022 14:44,Pattani,department of highways,other,cutting in closely by people/vehicles/animals,collision with obstruction (on road surface),1,0,0,clear,6.869040944,101.347096,straight road,no slope,2022-06-29T14:00:00Z
6501792,29.06.2022 21:39,6.07.2022 11:08,Surin,department of highways,4-wheel pickup truck,speeding,rear-end collision,2,1,1,clear,15.03973907,103.9383674,straight road,no slope,2022-06-29T14:39:00Z
7563187,29.06.2022 22:00,18.01.2023 15:10,Mukdahan,department of highways,4-wheel pickup truck,speeding,rollover/fallen on straight road,1,0,1,clear,16.53346718,104.698669,straight road,no slope,2022-06-29T15:00:00Z
6686892,29.06.2022 22:20,9.08.2022 11:55,Loburi,department of highways,4-wheel pickup truck,speeding,rollover/fallen on curved road,1,0,0,rainy,14.89090119,100.6225669,wide curve,no slope,2022-06-29T15:20:00Z
7527638,29.06.2022 22:23,31.12.2022 11:38,Chiang Mai,department of highways,private/passenger car,cutting in closely by people/vehicles/animals,head-on collision (not overtaking),2,0,1,clear,19.13039261,99.16504113,straight road,no slope,2022-06-29T15:23:00Z
7554521,29.06.2022 23:00,9.01.2023 13:07,Buri Ram,department of highways,private/passenger car,speeding,rollover/fallen on straight road,1,0,0,clear,14.38984739,102.8460914,other,other,2022-06-29T16:00:00Z
6608823,29.06.2022 23:30,27.07.2022 12:22,Chumphon,department of highways,4-wheel pickup truck,speeding,rollover/fallen on straight road,1,0,0,clear,9.922244821,99.05959277,straight road,no slope,2022-06-29T16:30:00Z
7562622,29.06.2022 23:50,18.01.2023 10:04,Phatthalung,department of highways,large truck with trailer,vehicle equipment failure,collision with obstruction (on road surface),1,0,0,clear,7.568668931,100.0483221,other,other,2022-06-29T16:50:00Z
6463978,29.06.2022 23:54,30.06.2022 04:35,Samut Prakan,expressway authority of thailand,other,other,rollover/fallen on straight road,1,0,0,clear,13.61275,100.620614,straight road,other,2022-06-29T16:54:00Z
7564267,30.06.2022 01:00,19.01.2023 11:54,Samut Sakhon,department of highways,4-wheel pickup truck,falling asleep,rear-end collision,2,0,0,clear,13.59003437,100.330351,straight road,no slope,2022-06-29T18:00:00Z
7565761,30.06.2022 01:00,20.01.2023 14:54,Narathiwat,department of highways,4-wheel pickup truck,speeding,rear-end collision,2,0,0,clear,6.215913755,101.4311752,straight road,no slope,2022-06-29T18:00:00Z
6465639,30.06.2022 01:13,30.06.2022 10:48,Chachoengsao,department of highways,4-wheel pickup truck,vehicle equipment failure,rollover/fallen on straight road,1,0,0,clear,13.51803587,101.0267892,straight road,no slope,2022-06-29T18:13:00Z
7033689,30.06.2022 01:30,4.10.2022 10:15,Pattani,department of highways,private/passenger car,speeding,rollover/fallen on straight road,1,0,0,clear,6.760907362,101.4751312,straight road,no slope,2022-06-29T18:30:00Z
6538170,30.06.2022 02:10,12.07.2022 11:12,Pathum Thani,department of highways,motorcycle,speeding,rollover/fallen on straight road,1,0,1,clear,14.11146699,100.6186133,other,other,2022-06-29T19:10:00Z
7536893,30.06.2022 02:10,2.01.2023 09:40,Nan,department of highways,4-wheel pickup truck,driving under the influence of alcohol,other,1,0,1,rainy,19.1066516,100.8098575,wide curve,no slope,2022-06-29T19:10:00Z
6488460,30.06.2022 02:58,4.07.2022 10:24,Samut Prakan,expressway authority of thailand,other,other,rollover/fallen on straight road,1,0,0,clear,13.595176,100.804267,straight road,other,2022-06-29T19:58:00Z
7526860,30.06.2022 03:30,31.12.2022 08:59,Lamphun,department of highways,7-10-wheel truck,speeding,rollover/fallen on straight road,1,0,0,clear,18.45879865,99.1847366,straight road,no slope,2022-06-29T20:30:00Z
7414386,30.06.2022 03:40,28.11.2022 13:40,Uttaradit,department of highways,motorcycle,speeding,rollover/fallen on straight road,1,1,0,clear,17.67343445,100.2104696,straight road,no slope,2022-06-29T20:40:00Z
6465167,30.06.2022 04:20,30.06.2022 09:06,Phetchaburi,department of highways,4-wheel pickup truck,speeding,rollover/fallen on straight road,1,0,0,clear,13.24350676,99.82426374,straight road,no slope,2022-06-29T21:20:00Z
7567539,30.06.2022 04:30,23.01.2023 17:20,Rayong,department of highways,private/passenger car,speeding,rollover/fallen on curved road,1,0,1,clear,12.64009229,101.3620654,wide curve,no slope,2022-06-29T21:30:00Z
7558065,30.06.2022 04:38,12.01.2023 13:11,Chon Buri,department of highways,4-wheel pickup truck,speeding,rollover/fallen on straight road,1,0,1,clear,13.06728747,100.9955254,straight road,no slope,2022-06-29T21:38:00Z
6465517,30.06.2022 06:00,30.06.2022 10:21,Phetchaburi,department of highways,4-wheel pickup truck,speeding,rollover/fallen on straight road,1,0,0,clear,13.24570772,99.82473044,straight road,no slope,2022-06-29T23:00:00Z
7414060,30.06.2022 06:20,28.11.2022 09:50,Phrae,department of highways,motorcycle,speeding,rear-end collision,2,0,1,clear,18.08526617,100.1264012,straight road,no slope,2022-06-29T23:20:00Z
7008548,30.06.2022 06:30,30.09.2022 13:24,Phetchaburi,department of highways,large truck with trailer,falling asleep,rollover/fallen on straight road,1,0,1,clear,13.0309832,99.9282047,straight road,no slope,2022-06-29T23:30:00Z
7558062,30.06.2022 07:00,12.01.2023 13:10,Chon Buri,department of highways,7-10-wheel truck,vehicle equipment failure,rollover/fallen on curved road,1,0,0,clear,13.30292043,100.9947234,wide curve,no slope,2022-06-30T00:00:00Z
7553826,30.06.2022 07:25,7.01.2023 15:50,Bangkok,department of highways,private/passenger car,cutting in closely by people/vehicles/animals,rear-end collision,2,0,0,clear,13.76511669,100.5485927,straight road,no slope,2022-06-30T00:25:00Z
7565399,30.06.2022 07:30,20.01.2023 10:59,Chanthaburi,department of highways,motorcycle,speeding,rollover/fallen on curved road,1,1,0,rainy,12.60330748,102.0935038,other,other,2022-06-30T00:30:00Z
6470950,30.06.2022 07:36,1.07.2022 07:28,Surat Thani,department of highways,4-wheel pickup truck,cutting in closely by people/vehicles/animals,head-on collision (not overtaking),2,1,0,clear,8.778893779,99.19040947,other,other,2022-06-30T00:36:00Z
6500659,30.06.2022 07:50,6.07.2022 07:32,Tak,department of highways,4-wheel pickup truck,speeding,rollover/fallen on curved road,1,0,0,clear,17.11462468,99.09075736,wide curve,slope area,2022-06-30T00:50:00Z
6657727,30.06.2022 08:20,4.08.2022 13:45,Chon Buri,department of highways,private/passenger car,speeding,rollover/fallen on straight road,1,0,1,clear,13.39557133,101.2131062,straight road,no slope,2022-06-30T01:20:00Z
7568145,30.06.2022 08:35,24.01.2023 10:12,Prachuap Khiri Khan,department of highways,4-wheel pickup truck,cutting in closely by people/vehicles/animals,rear-end collision,2,0,0,clear,11.03362998,99.37085508,straight road,no slope,2022-06-30T01:35:00Z
6531528,30.06.2022 08:58,11.07.2022 09:43,Surin,department of highways,motorcycle,speeding,rear-end collision,2,1,0,clear,14.93706212,103.7830514,straight road,no slope,2022-06-30T01:58:00Z
7527717,30.06.2022 09:00,31.12.2022 11:50,Chiang Mai,department of highways,4-wheel pickup truck,speeding,rollover/fallen on curved road,1,0,1,clear,18.50592882,98.66279481,wide curve,no slope,2022-06-30T02:00:00Z
6549625,30.06.2022 09:30,14.07.2022 13:37,Chaiyaphum,department of highways,4-wheel pickup truck,speeding,rear-end collision,2,1,0,clear,16.56146413,101.9105959,straight road,no slope,2022-06-30T02:30:00Z
6584862,30.06.2022 09:30,21.07.2022 09:56,Surin,department of highways,other,speeding,rollover/fallen on straight road,1,0,0,clear,14.92085897,103.7694418,other,other,2022-06-30T02:30:00Z
7325136,30.06.2022 09:30,16.11.2022 15:35,Khon Kaen,department of highways,7-10-wheel truck,speeding,rollover/fallen on straight road,1,0,0,clear,16.49030421,102.4451776,straight road,no slope,2022-06-30T02:30:00Z
7569660,30.06.2022 09:30,25.01.2023 15:11,Nakhon Ratchasima,department of highways,6-wheel truck,speeding,rollover/fallen on straight road,1,0,0,clear,15.21617622,101.7698738,straight road,no slope,2022-06-30T02:30:00Z
6533038,30.06.2022 10:00,11.07.2022 14:16,Sukhothai,department of highways,4-wheel pickup truck,speeding,rollover/fallen on straight road,1,0,1,clear,17.06244634,99.88310336,straight road,no slope,2022-06-30T03:00:00Z
7527645,30.06.2022 10:15,31.12.2022 11:38,Chiang Mai,department of highways,passenger pickup truck,speeding,rollover/fallen on curved road,1,0,1,rainy,19.09486853,99.15065645,wide curve,no slope,2022-06-30T03:15:00Z
7331693,30.06.2022 10:50,1.08.2022 08:56,Tak,department of highways,large truck with trailer,vehicle equipment failure,rollover/fallen on straight road,1,0,2,clear,16.7567533,98.632856,straight road,no slope,2022-06-30T03:50:00Z
6466449,30.06.2022 11:00,30.06.2022 13:55,Suphan Buri,department of highways,motorcycle,cutting in closely by people/vehicles/animals,collision at intersection corner,2,1,0,clear,14.63936254,99.91500555,other,other,2022-06-30T04:00:00Z
6567173,30.06.2022 11:00,4.07.2022 08:47,Phitsanulok,department of rural roads,large truck with trailer,speeding,other,1,2,0,clear,16.778923,100.559852,sharp curve,slope area,2022-06-30T04:00:00Z
7562291,30.06.2022 11:00,18.01.2023 06:49,Nakhon Si Thammarat,department of highways,large truck with trailer,speeding,collision with obstruction (on road surface),1,0,0,clear,8.159345747,99.72005724,other,other,2022-06-30T04:00:00Z
6644042,30.06.2022 11:10,2.08.2022 09:36,Songkhla,department of highways,private/passenger car,speeding,rollover/fallen on straight road,1,0,2,rainy,7.104310196,100.5686411,straight road,no slope,2022-06-30T04:10:00Z
7563903,30.06.2022 11:30,19.01.2023 08:48,Phra Nakhon Si Ayutthaya,department of highways,pedestrian,cutting in closely by people/vehicles/animals,pedestrian collision,1,0,1,clear,14.21733217,100.6884286,straight road,no slope,2022-06-30T04:30:00Z
7527781,30.06.2022 12:00,31.12.2022 12:08,Chiang Mai,department of highways,4-wheel pickup truck,speeding,rollover/fallen on curved road,1,0,0,rainy,18.85223149,98.753158440000007,wide curve,slope area,2022-06-30T05:00:00Z
6501696,30.06.2022 13:05,6.07.2022 10:52,Surin,department of highways,van,falling asleep,rear-end collision,2,0,1,clear,14.94062809,103.80559,straight road,no slope,2022-06-30T06:05:00Z
7040925,30.06.2022 14:00,5.10.2022 10:57,Yasothon,department of highways,4-wheel pickup truck,speeding,rollover/fallen on straight road,1,0,0,clear,15.76696366,104.1909751,straight road,no slope,2022-06-30T07:00:00Z
7569701,30.06.2022 14:00,25.01.2023 15:28,Nakhon Ratchasima,department of highways,large truck with trailer,speeding,rollover/fallen on curved road,1,0,0,clear,14.47486829,101.9135785,wide curve,slope area,2022-06-30T07:00:00Z
6637635,30.06.2022 14:10,1.08.2022 08:55,Tak,department of highways,4-wheel pickup truck,speeding,rollover/fallen on curved road,1,0,0,clear,16.50066477,98.73775183,wide curve,no slope,2022-06-30T07:10:00Z
7562825,30.06.2022 14:20,18.01.2023 11:41,Surat Thani,department of highways,6-wheel truck,speeding,rollover/fallen on straight road,1,0,2,clear,8.808708621,99.31346654,straight road,no slope,2022-06-30T07:20:00Z
7008612,30.06.2022 14:30,30.09.2022 13:32,Songkhla,department of highways,other,speeding,rollover/fallen on straight road,1,0,0,clear,6.979543391,100.4644561,straight road,no slope,2022-06-30T07:30:00Z
7558048,30.06.2022 15:00,12.01.2023 12:56,Rayong,department of highways,private/passenger car,speeding,rollover/fallen on straight road,1,0,0,clear,12.71315935,101.0312417,straight road,no slope,2022-06-30T08:00:00Z
6471763,30.06.2022 15:20,1.07.2022 10:29,Bangkok,department of highways,large truck with trailer,speeding,rollover/fallen on straight road,1,0,0,clear,13.75418624,100.6998145,straight road,no slope,2022-06-30T08:20:00Z
7526917,30.06.2022 15:50,31.12.2022 09:05,Lamphun,department of highways,4-wheel pickup truck,speeding,rollover/fallen on straight road,1,0,1,clear,17.93444567,98.90642254,straight road,no slope,2022-06-30T08:50:00Z
7414783,30.06.2022 16:00,29.11.2022 11:39,Nakhon Sawan,department of highways,private/passenger car,speeding,head-on collision (not overtaking),2,1,1,clear,15.30506132,100.591228,wide curve,no slope,2022-06-30T09:00:00Z
7526956,30.06.2022 16:00,31.12.2022 09:12,Mae Hong Son,department of highways,private/passenger car,speeding,rollover/fallen on curved road,1,0,0,rainy,18.90149054,97.93588935,wide curve,no slope,2022-06-30T09:00:00Z
6554251,30.06.2022 17:00,15.07.2022 13:30,Bangkok,department of highways,4-wheel pickup truck,speeding,rollover/fallen on straight road,1,0,1,clear,13.73553679,100.7022607,straight road,no slope,2022-06-30T10:00:00Z
7527759,30.06.2022 17:00,31.12.2022 12:03,Chiang Mai,department of highways,4-wheel pickup truck,speeding,rollover/fallen on straight road,1,0,1,clear,17.92650405,98.72187047,straight road,no slope,2022-06-30T10:00:00Z
7567536,30.06.2022 17:00,23.01.2023 17:17,Rayong,department of highways,4-wheel pickup truck,speeding,rollover/fallen on straight road,1,0,0,clear,12.69241266,101.1651912,other,other,2022-06-30T10:00:00Z
7536853,30.06.2022 17:30,2.01.2023 09:31,Phrae,department of highways,motorcycle,speeding,rear-end collision,2,0,2,clear,18.34076263,100.3177339,straight road,no slope,2022-06-30T10:30:00Z
7415443,30.06.2022 18:30,29.11.2022 15:32,Phrae,department of highways,4-wheel pickup truck,speeding,rollover/fallen on curved road,1,0,0,clear,18.04925312,99.69962417,wide curve,slope area,2022-06-30T11:30:00Z
7521946,30.06.2022 19:00,30.12.2022 12:16,Phrae,department of highways,4-wheel pickup truck,speeding,rollover/fallen on curved road,1,0,0,clear,18.00023108,99.80909585,wide curve,slope area,2022-06-30T12:00:00Z
6473230,30.06.2022 19:30,1.07.2022 16:16,Surat Thani,department of highways,motorcycle,cutting in closely by people/vehicles/animals,rear-end collision,2,1,0,clear,8.830816386,99.16404604,straight road,no slope,2022-06-30T12:30:00Z
7561808,30.06.2022 20:15,17.01.2023 14:54,Nonthaburi,department of highways,private/passenger car,worn-out/tire blowout,rear-end collision,7,0,0,clear,13.90178685,100.536004,straight road,no slope,2022-06-30T13:15:00Z
7035373,30.06.2022 20:41,4.10.2022 15:37,Yasothon,department of highways,4-wheel pickup truck,speeding,rollover/fallen on straight road,1,0,1,clear,15.83099536,104.1134378,straight road,no slope,2022-06-30T13:41:00Z
6531356,30.06.2022 23:00,11.07.2022 09:05,Sing Buri,department of highways,motorcycle,speeding,collision with obstruction (on road surface),2,1,0,clear,14.86266066,100.440976,straight road,no slope,2022-06-30T16:00:00Z
6853551,30.06.2022 23:45,6.09.2022 19:25,Chachoengsao,department of highways,4-wheel pickup truck,speeding,rollover/fallen on straight road,1,0,0,rainy,13.73980717,101.4859351,straight road,no slope,2022-06-30T16:45:00Z
7414976,30.06.2022 23:50,28.11.2022 10:27,Chiang Mai,department of highways,private/passenger car,speeding,rollover/fallen on straight road,1,0,1,rainy,19.88724235,99.19592945,straight road,no slope,2022-06-30T16:50:00Z
6537503,1.07.2022 00:59,12.07.2022 08:37,Kalasin,department of highways,4-wheel pickup truck,falling asleep,collision with obstruction (on road surface),2,1,1,clear,16.48244823,104.0377888,straight road,no slope,2022-06-30T17:59:00Z