acc_code,incident_datetime,report_datetime,province_en,agency,vehicle_type,presumed_cause,accident_type,number_of_vehicles_involved,number_of_fatalities,number_of_injuries,weather_condition,latitude,longitude,road_description,slope_description,incident_time
6625437,1.07.2022 01:00,30.07.2022 06:29,Ubon Ratchathani,department of highways,private/passenger car,speeding,rollover/fallen on straight road,1,1,0,rainy,15.34116352,104.828158,straight road,no slope,2022-06-30T18:00:00Z
6593298,1.07.2022 02:00,25.07.2022 09:49,Chiang Mai,department of highways,private/passenger car,speeding,rollover/fallen on straight road,1,0,1,rainy,18.72527002,99.16481851,other,other,2022-06-30T19:00:00Z
6500581,1.07.2022 02:40,6.07.2022 07:15,Kamphaeng Phet,department of highways,large truck with trailer,speeding,rear-end collision,2,2,10,clear,16.02792074,99.7752866,straight road,no slope,2022-06-30T19:40:00Z
7133428,1.07.2022 02:45,19.10.2022 15:23,Khon Kaen,department of highways,4-wheel pickup truck,falling asleep,rollover/fallen on straight road,1,0,1,clear,16.08799583,102.6288646,other,other,2022-06-30T19:45:00Z
6591486,1.07.2022 03:00,22.07.2022 11:39,buogkan,department of highways,other,speeding,rollover/fallen on curved road,1,0,0,clear,17.89082359,103.8700166,connecting to public/commercial area,other,2022-06-30T20:00:00Z
6625476,1.07.2022 03:50,30.07.2022 06:45,Si Sa Ket,department of highways,motorcycle,speeding,rollover/fallen on straight road,1,1,0,clear,15.0438214,104.2659348,straight road,no slope,2022-06-30T20:50:00Z
7088158,1.07.2022 04:30,11.10.2022 14:39,Kanchanaburi,department of highways,passenger pickup truck,falling asleep,rollover/fallen on straight road,1,0,1,clear,14.21389227,99.08275364,straight road,no slope,2022-06-30T21:30:00Z
6509393,1.07.2022 04:36,7.07.2022 15:58,Bangkok,department of highways,4-wheel pickup truck,speeding,rollover/fallen on straight road,1,0,0,clear,13.70989463,100.8202055,straight road,no slope,2022-06-30T21:36:00Z
6851510,1.07.2022 05:00,6.09.2022 11:32,Chon Buri,department of highways,large truck with trailer,speeding,rear-end collision,2,0,1,clear,13.1803676,100.9952545,straight road,no slope,2022-06-30T22:00:00Z
6625473,1.07.2022 05:05,30.07.2022 06:48,Si Sa Ket,department of highways,private/passenger car,speeding,rollover/fallen on straight road,1,0,0,clear,15.10054622,104.5254332,straight road,no slope,2022-06-30T22:05:00Z
6488965,1.07.2022 05:50,4.07.2022 11:40,Chachoengsao,department of highways,large passenger vehicle,speeding,rear-end collision,2,0,1,clear,13.56816491,100.9846276,straight road,no slope,2022-06-30T22:50:00Z
6594879,1.07.2022 06:00,25.07.2022 14:43,Songkhla,department of highways,4-wheel pickup truck,speeding,rollover/fallen on straight road,1,0,1,rainy,6.813672203,100.4566911,straight road,no slope,2022-06-30T23:00:00Z
6657732,1.07.2022 06:01,4.08.2022 13:48,Phayao,department of highways,private/passenger car,cutting in closely by people/vehicles/animals,rear-end collision,2,0,4,rainy,19.08344709,99.92168693,straight road,no slope,2022-06-30T23:01:00Z
6602781,1.07.2022 07:00,26.07.2022 15:04,Prachin Buri,department of highways,4-wheel pickup truck,speeding,head-on collision (not overtaking),2,1,1,clear,14.05282426,101.5222013,straight road,no slope,2022-07-01T00:00:00Z
7414933,1.07.2022 08:04,28.11.2022 10:54,Loburi,department of highways,large truck with trailer,vehicle equipment failure,rollover/fallen on straight road,1,0,1,clear,15.25686102,101.2323189,straight road,no slope,2022-07-01T01:04:00Z
7444376,1.07.2022 09:00,8.12.2022 14:08,Phra Nakhon Si Ayutthaya,department of highways,7-10-wheel truck,speeding,rollover/fallen on straight road,1,0,0,clear,14.49804332,100.3628728,straight road,no slope,2022-07-01T02:00:00Z
7536917,1.07.2022 09:00,2.01.2023 09:46,Phrae,department of highways,4-wheel pickup truck,speeding,head-on collision (not overtaking),2,0,0,clear,18.16810915,100.0686344,wide curve,slope area,2022-07-01T02:00:00Z
6600549,1.07.2022 09:10,26.07.2022 09:41,Phrae,department of highways,4-wheel pickup truck,speeding,head-on collision (not overtaking),2,0,0,rainy,18.05648284,99.69881414,wide curve,slope area,2022-07-01T02:10:00Z
6650535,1.07.2022 09:10,3.08.2022 10:12,Bangkok,expressway authority of thailand,4-wheel pickup truck,other,rear-end collision,3,0,0,clear,13.68931278,100.5228741,grade-separated intersection/ramps,other,2022-07-01T02:10:00Z
7536831,1.07.2022 09:15,2.01.2023 09:29,Phitsanulok,department of highways,6-wheel truck,speeding,rollover/fallen on curved road,1,0,2,clear,17.22716639,101.0743341,wide curve,no slope,2022-07-01T02:15:00Z
6472639,1.07.2022 09:25,1.07.2022 13:58,Uttaradit,department of highways,4-wheel pickup truck,falling asleep,rollover/fallen on straight road,1,1,0,clear,17.53590782,100.205352,straight road,no slope,2022-07-01T02:25:00Z
6593195,1.07.2022 09:30,25.07.2022 09:30,Saraburi,department of highways,other,speeding,rollover/fallen on straight road,1,0,0,clear,14.53486804,100.9466851,straight road,no slope,2022-07-01T02:30:00Z
6501896,1.07.2022 10:58,6.07.2022 11:31,Chon Buri,department of highways,4-wheel pickup truck,speeding,rear-end collision,2,0,0,clear,13.23913611,100.9975666,straight road,no slope,2022-07-01T03:58:00Z
6592961,1.07.2022 11:10,25.07.2022 09:01,Saraburi,department of highways,other,speeding,rollover/fallen on curved road,1,0,0,clear,14.56391686,100.9117037,other,other,2022-07-01T04:10:00Z
6525780,1.07.2022 11:30,10.07.2022 10:55,Surat Thani,department of highways,6-wheel truck,speeding,collision with obstruction (on road surface),1,0,0,rainy,8.595207481,98.95006745,straight road,no slope,2022-07-01T04:30:00Z
6869463,1.07.2022 12:15,9.09.2022 10:23,Tak,department of highways,7-10-wheel truck,speeding,rollover/fallen on curved road,1,0,0,clear,16.22769597,98.89416216,wide curve,no slope,2022-07-01T05:15:00Z
6600401,1.07.2022 12:30,26.07.2022 09:09,Phrae,department of highways,4-wheel pickup truck,falling asleep,rollover/fallen on straight road,1,0,0,clear,17.9321949,100.0622803,straight road,no slope,2022-07-01T05:30:00Z
6595049,1.07.2022 12:45,25.07.2022 15:08,Songkhla,department of highways,4-wheel pickup truck,speeding,rollover/fallen on straight road,1,0,0,rainy,6.966423232,100.5049789,wide curve,slope area,2022-07-01T05:45:00Z
6488865,1.07.2022 13:10,4.07.2022 11:23,Chachoengsao,department of highways,4-wheel pickup truck,speeding,rear-end collision,2,0,1,clear,13.52290478,101.0226801,straight road,no slope,2022-07-01T06:10:00Z
6525615,1.07.2022 14:06,10.07.2022 10:01,Bangkok,department of highways,private/passenger car,speeding,rollover/fallen on straight road,1,0,0,clear,13.73363216,100.7968998,straight road,no slope,2022-07-01T07:06:00Z
6650718,1.07.2022 14:26,3.08.2022 10:41,Samut Prakan,expressway authority of thailand,other,other,rear-end collision,2,0,0,clear,13.628688,100.59168,straight road,other,2022-07-01T07:26:00Z
7564549,1.07.2022 14:35,19.01.2023 22:03,Trang,department of highways,4-wheel pickup truck,speeding,rollover/fallen on straight road,1,0,0,clear,7.98782435,99.63467716,straight road,no slope,2022-07-01T07:35:00Z
7034943,1.07.2022 15:00,4.10.2022 14:28,Pattani,department of highways,private/passenger car,speeding,rollover/fallen on straight road,1,0,1,clear,6.811994343,101.4183435,straight road,no slope,2022-07-01T08:00:00Z
7567437,1.07.2022 15:00,23.01.2023 15:19,Trat,department of highways,7-10-wheel truck,speeding,rollover/fallen on straight road,1,0,1,clear,12.30994333,102.4689379,straight road,no slope,2022-07-01T08:00:00Z
7422358,1.07.2022 16:20,1.12.2022 13:22,Chiang Mai,department of highways,motorcycle,speeding,rear-end collision,2,0,0,clear,18.91481229,98.9983177,straight road,no slope,2022-07-01T09:20:00Z
7414493,1.07.2022 16:30,28.11.2022 14:49,Chumphon,department of highways,large truck with trailer,speeding,rollover/fallen on straight road,1,0,0,rainy,10.66221586,99.19767289,other,other,2022-07-01T09:30:00Z
6543844,1.07.2022 16:40,13.07.2022 08:33,Loburi,department of highways,motorcycle,cutting in closely by people/vehicles/animals,other,2,0,1,clear,15.07171692,101.1047235,connecting to public/commercial area,other,2022-07-01T09:40:00Z
6592419,1.07.2022 16:55,22.07.2022 15:23,Lampang,department of highways,private/passenger car,speeding,rollover/fallen on curved road,1,0,0,clear,18.56395942,99.87350105,wide curve,slope area,2022-07-01T09:55:00Z
6543773,1.07.2022 17:20,13.07.2022 08:16,Nakhon Sawan,department of highways,motorcycle,speeding,rollover/fallen on straight road,1,1,0,clear,15.86137042,100.5961418,straight road,no slope,2022-07-01T10:20:00Z
7510825,1.07.2022 17:30,27.12.2022 09:02,Chanthaburi,department of highways,4-wheel pickup truck,cutting in closely by people/vehicles/animals,head-on collision (not overtaking),2,0,0,clear,12.94669259,102.274695,straight road,no slope,2022-07-01T10:30:00Z
6579284,1.07.2022 17:40,20.07.2022 11:21,Nakhon Phanom,department of highways,large truck with trailer,falling asleep,rollover/fallen on curved road,1,0,0,clear,17.52464908,104.6871489,wide curve,no slope,2022-07-01T10:40:00Z
6600426,1.07.2022 18:30,26.07.2022 09:13,Phrae,department of highways,4-wheel pickup truck,speeding,head-on collision (not overtaking),2,0,0,rainy,18.03738145,99.70050125,wide curve,slope area,2022-07-01T11:30:00Z
6602201,1.07.2022 18:30,26.07.2022 13:35,Songkhla,department of highways,motorcycle,speeding,rear-end collision,2,0,1,clear,7.529369476,100.4218277,straight road,no slope,2022-07-01T11:30:00Z
7557950,1.07.2022 19:00,12.01.2023 11:47,Si Sa Ket,department of highways,4-wheel pickup truck,speeding,rollover/fallen on straight road,1,0,0,clear,15.10337404,104.4124773,straight road,no slope,2022-07-01T12:00:00Z
7553833,1.07.2022 19:15,7.01.2023 15:59,Bangkok,department of highways,large passenger vehicle,speeding,rear-end collision,2,0,0,clear,13.81147557,100.5595148,straight road,no slope,2022-07-01T12:15:00Z
7568169,1.07.2022 19:30,24.01.2023 10:28,Nong Khai,department of highways,4-wheel pickup truck,falling asleep,head-on collision (not overtaking),2,0,3,clear,17.84046314,102.6859474,straight road,no slope,2022-07-01T12:30:00Z
6525594,1.07.2022 20:23,10.07.2022 09:57,Bangkok,department of highways,private/passenger car,speeding,rear-end collision,2,0,0,clear,13.73096408,100.718193,straight road,no slope,2022-07-01T13:23:00Z
6608145,1.07.2022 20:47,27.07.2022 09:57,Bangkok,expressway authority of thailand,other,other,rear-end collision,2,0,0,clear,13.818868,100.62482,straight road,other,2022-07-01T13:47:00Z
6475588,1.07.2022 21:04,2.07.2022 01:15,Bangkok,expressway authority of thailand,other,other,other,1,0,0,clear,13.74172934,100.6397472,y-intersection,other,2022-07-01T14:04:00Z
6567179,1.07.2022 21:15,4.07.2022 15:33,Chiang Mai,department of rural roads,motorcycle,failure to yield/signal,other,2,0,1,rainy,19.91444,99.18064,y-intersection,other,2022-07-01T14:15:00Z
7553825,1.07.2022 22:30,7.01.2023 15:53,Bangkok,department of highways,private/passenger car,speeding,rear-end collision,2,0,0,clear,13.77381672,100.5534218,straight road,no slope,2022-07-01T15:30:00Z
6607956,1.07.2022 22:53,27.07.2022 09:28,Bangkok,expressway authority of thailand,other,other,side collision,3,0,1,clear,13.6857228,100.5201032,grade-separated intersection/ramps,other,2022-07-01T15:53:00Z
6483974,1.07.2022 22:56,3.07.2022 13:39,Bangkok,department of highways,private/passenger car,speeding,rear-end collision,2,0,0,rainy,13.73377286,100.6928864,straight road,no slope,2022-07-01T15:56:00Z
7567554,1.07.2022 23:45,23.01.2023 18:13,Chumphon,department of highways,large truck with trailer,speeding,rollover/fallen on straight road,1,0,0,rainy,10.53748594,99.11675601,straight road,no slope,2022-07-01T16:45:00Z
6608131,1.07.2022 23:56,27.07.2022 09:54,Bangkok,expressway authority of thailand,other,other,side collision,4,0,0,clear,13.807847,100.618518,straight road,other,2022-07-01T16:56:00Z
6508759,1.07.2022 23:59,7.07.2022 14:20,Samut Prakan,department of highways,private/passenger car,speeding,rear-end collision,4,0,2,clear,13.62414858,100.9152254,straight road,no slope,2022-07-01T16:59:00Z
7419058,2.07.2022 00:30,30.11.2022 11:50,Ubon Ratchathani,department of highways,4-wheel pickup truck,speeding,rollover/fallen on straight road,1,0,0,rainy,14.89058495,105.083456,straight road,no slope,2022-07-01T17:30:00Z
6593835,2.07.2022 01:30,25.07.2022 11:08,Chiang Rai,department of highways,private/passenger car,speeding,rollover/fallen on straight road,1,0,2,clear,19.79750298,99.7517985,straight road,no slope,2022-07-01T18:30:00Z
6805438,2.07.2022 01:30,29.08.2022 10:34,Phuket,department of highways,4-wheel pickup truck,speeding,rollover/fallen on straight road,1,0,0,rainy,7.90480484,98.38904588,straight road,no slope,2022-07-01T18:30:00Z
7564548,2.07.2022 01:30,19.01.2023 22:01,Trang,department of highways,private/passenger car,speeding,rollover/fallen on straight road,1,0,1,clear,7.618232187,99.59413825,straight road,no slope,2022-07-01T18:30:00Z
6607992,2.07.2022 01:40,27.07.2022 09:32,Kalasin,department of highways,private/passenger car,speeding,rollover/fallen on curved road,1,0,0,rainy,16.44542864,103.5438251,wide curve,no slope,2022-07-01T18:40:00Z
6587304,2.07.2022 01:50,21.07.2022 19:42,Surin,department of highways,motorcycle,cutting in closely by people/vehicles/animals,rear-end collision,2,1,0,clear,14.62028748,103.8150608,straight road,no slope,2022-07-01T18:50:00Z
6537506,2.07.2022 02:10,12.07.2022 08:37,Kalasin,department of highways,4-wheel pickup truck,speeding,rollover/fallen on straight road,1,0,0,rainy,16.65587144,103.7201938,straight road,no slope,2022-07-01T19:10:00Z
6950163,2.07.2022 02:20,21.09.2022 10:40,Surin,department of highways,motorcycle,speeding,rollover/fallen on straight road,1,1,0,clear,14.77483323,103.4352305,straight road,no slope,2022-07-01T19:20:00Z
7567349,2.07.2022 03:00,23.01.2023 14:24,Phuket,department of highways,7-10-wheel truck,speeding,rollover/fallen on straight road,1,1,0,rainy,8.096649624,98.33722292,straight road,no slope,2022-07-01T20:00:00Z
7567537,2.07.2022 03:40,23.01.2023 17:18,Rayong,department of highways,private/passenger car,speeding,rollover/fallen on straight road,1,0,0,clear,12.70483628,101.1865631,other,other,2022-07-01T20:40:00Z
6602567,2.07.2022 04:00,26.07.2022 14:29,Nakhon Ratchasima,department of highways,6-wheel truck,falling asleep,rollover/fallen on straight road,1,0,2,clear,14.74690438,102.3494884,straight road,no slope,2022-07-01T21:00:00Z
6543683,2.07.2022 04:30,13.07.2022 07:57,Sing Buri,department of highways,private/passenger car,speeding,rear-end collision,2,0,2,clear,14.73595543,100.4545212,straight road,no slope,2022-07-01T21:30:00Z
6602231,2.07.2022 04:30,26.07.2022 13:41,Chanthaburi,department of highways,motorcycle,speeding,rollover/fallen on straight road,1,1,0,rainy,12.70513457,102.0872596,straight road,no slope,2022-07-01T21:30:00Z
6494108,2.07.2022 05:00,5.07.2022 08:20,Chumphon,department of highways,large truck with trailer,speeding,rollover/fallen on straight road,1,0,0,rainy,10.72067714,99.20573025,straight road,slope area,2022-07-01T22:00:00Z
6602775,2.07.2022 05:14,26.07.2022 15:04,Prachin Buri,department of highways,4-wheel pickup truck,speeding,rear-end collision,2,0,0,clear,14.30823522,101.8639201,wide curve,slope area,2022-07-01T22:14:00Z
6501407,2.07.2022 05:30,6.07.2022 09:51,Kalasin,department of highways,6-wheel truck,speeding,rollover/fallen on straight road,1,0,0,rainy,16.67726021,103.7325936,straight road,no slope,2022-07-01T22:30:00Z
7040929,2.07.2022 05:30,5.10.2022 10:57,Roi Et,department of highways,private/passenger car,speeding,rollover/fallen on straight road,1,0,1,rainy,16.01982326,103.9498579,straight road,no slope,2022-07-01T22:30:00Z
7473229,2.07.2022 05:30,20.12.2022 11:09,Chaiyaphum,department of highways,4-wheel pickup truck,speeding,rollover/fallen on straight road,1,0,1,clear,16.0097815,101.6847485,straight road,no slope,2022-07-01T22:30:00Z
6549926,2.07.2022 06:05,14.07.2022 15:03,Udon Thani,department of highways,6-wheel truck,speeding,rollover/fallen on straight road,1,0,7,rainy,17.36353346,103.0710107,straight road,no slope,2022-07-01T23:05:00Z
6578560,2.07.2022 06:20,20.07.2022 09:24,Kamphaeng Phet,department of highways,4-wheel pickup truck,speeding,rollover/fallen on straight road,1,0,2,clear,16.12420171,99.92056845,straight road,no slope,2022-07-01T23:20:00Z
6537885,2.07.2022 08:40,12.07.2022 10:01,Bangkok,department of highways,7-10-wheel truck,speeding,rear-end collision,3,0,1,clear,13.75783623,100.6982428,straight road,no slope,2022-07-02T01:40:00Z
6514006,2.07.2022 09:45,8.07.2022 11:32,Phra Nakhon Si Ayutthaya,department of highways,6-wheel truck,speeding,rollover/fallen on straight road,1,0,0,clear,14.51822731,100.5115771,straight road,no slope,2022-07-02T02:45:00Z
6602387,2.07.2022 09:45,26.07.2022 14:09,Nakhon Ratchasima,department of highways,7-10-wheel truck,speeding,rollover/fallen on straight road,1,0,0,clear,15.64556292,102.5707948,straight road,no slope,2022-07-02T02:45:00Z
6490216,2.07.2022 10:50,4.07.2022 16:12,Chachoengsao,department of highways,4-wheel pickup truck,speeding,rear-end collision,3,0,0,clear,13.51524801,101.0291228,straight road,no slope,2022-07-02T03:50:00Z
7459631,2.07.2022 10:50,16.12.2022 11:25,Suphan Buri,department of highways,private/passenger car,cutting in closely by people/vehicles/animals,rollover/fallen on straight road,1,0,1,clear,14.38268182,100.1768589,straight road,no slope,2022-07-02T03:50:00Z
6494597,2.07.2022 11:36,5.07.2022 10:25,Chachoengsao,department of highways,6-wheel truck,speeding,rear-end collision,2,0,6,clear,13.54585535,101.0033306,straight road,no slope,2022-07-02T04:36:00Z
7541910,2.07.2022 11:50,3.01.2023 11:05,Chiang Mai,department of highways,motorcycle,speeding,pedestrian collision,1,0,1,clear,18.87467383,99.0515676,other,other,2022-07-02T04:50:00Z
6484015,2.07.2022 11:52,3.07.2022 13:53,Bangkok,department of highways,private/passenger car,speeding,rear-end collision,2,0,0,clear,13.7328036,100.7019281,straight road,no slope,2022-07-02T04:52:00Z
6544143,2.07.2022 12:10,13.07.2022 09:37,Prachuap Khiri Khan,department of highways,4-wheel pickup truck,speeding,rollover/fallen on straight road,1,0,1,rainy,11.82303146,99.7809246,straight road,no slope,2022-07-02T05:10:00Z
6502797,2.07.2022 12:15,6.07.2022 15:06,Chon Buri,department of highways,private/passenger car,speeding,rear-end collision,2,0,0,clear,13.17682108,100.9941521,straight road,no slope,2022-07-02T05:15:00Z
6509082,2.07.2022 12:40,7.07.2022 15:11,Chon Buri,department of highways,private/passenger car,speeding,rear-end collision,3,0,0,clear,13.17768291,100.9944096,straight road,no slope,2022-07-02T05:40:00Z
6578720,2.07.2022 13:14,20.07.2022 09:46,Sukhothai,department of highways,motorcycle,speeding,rear-end collision,2,0,1,clear,17.01144094,99.77740286,straight road,no slope,2022-07-02T06:14:00Z
6508476,2.07.2022 13:39,7.07.2022 13:31,Samut Prakan,department of highways,private/passenger car,speeding,rear-end collision,2,0,1,clear,13.6551198,100.867002,straight road,no slope,2022-07-02T06:39:00Z
6567183,2.07.2022 14:20,13.07.2022 08:16,Phra Nakhon Si Ayutthaya,department of rural roads,motorcycle,speeding,other,1,1,0,clear,14.298147,100.415019,y-intersection,other,2022-07-02T07:20:00Z
6533157,2.07.2022 14:30,11.07.2022 14:39,Lampang,department of highways,van,speeding,rollover/fallen on curved road,1,0,5,rainy,18.58560871,100.0859964,wide curve,no slope,2022-07-02T07:30:00Z
6608493,2.07.2022 14:30,27.07.2022 11:02,Sa Kaeo,department of highways,4-wheel pickup truck,speeding,rollover/fallen on curved road,1,0,0,rainy,14.00405097,102.6781556,wide curve,no slope,2022-07-02T07:30:00Z
6602136,2.07.2022 15:00,26.07.2022 13:16,Uttaradit,department of highways,4-wheel pickup truck,speeding,rollover/fallen on straight road,1,0,2,clear,17.26407682,100.2396789,straight road,no slope,2022-07-02T08:00:00Z
6502056,2.07.2022 15:09,6.07.2022 12:27,Chon Buri,department of highways,private/passenger car,speeding,rear-end collision,3,0,1,clear,13.17691771,100.9941628,straight road,no slope,2022-07-02T08:09:00Z
7542627,2.07.2022 15:30,3.01.2023 14:00,Loei,department of highways,private/passenger car,speeding,rollover/fallen on curved road,1,0,0,clear,17.45784959,101.3786387,wide curve,slope area,2022-07-02T08:30:00Z
6490299,2.07.2022 15:45,4.07.2022 16:34,Chachoengsao,department of highways,4-wheel pickup truck,speeding,rear-end collision,2,1,1,clear,13.50897585,101.0343906,straight road,no slope,2022-07-02T08:45:00Z
6508148,2.07.2022 16:39,7.07.2022 11:57,Samut Prakan,department of highways,4-wheel pickup truck,speeding,rear-end collision,3,0,1,clear,13.66595694,100.8501765,straight road,no slope,2022-07-02T09:39:00Z
6608596,2.07.2022 18:18,27.07.2022 11:22,Nakhon Ratchasima,department of highways,4-wheel pickup truck,speeding,rear-end collision,2,0,0,rainy,14.63525181,101.2483129,straight road,no slope,2022-07-02T11:18:00Z
6608548,2.07.2022 18:22,27.07.2022 11:14,Nakhon Ratchasima,department of highways,4-wheel pickup truck,speeding,rollover/fallen on straight road,1,0,0,rainy,14.63312116,101.2374687,straight road,no slope,2022-07-02T11:22:00Z
6600423,2.07.2022 18:30,26.07.2022 09:12,Phrae,department of highways,7-10-wheel truck,vehicle equipment failure,other,1,0,0,clear,17.99998109,99.82497184,wide curve,slope area,2022-07-02T11:30:00Z
6587439,2.07.2022 18:38,21.07.2022 20:16,Surin,department of highways,motorcycle,speeding,rear-end collision,2,1,0,clear,14.88321538,103.4084567,straight road,no slope,2022-07-02T11:38:00Z
6508056,2.07.2022 19:20,7.07.2022 11:31,Nan,department of highways,private/passenger car,speeding,rollover/fallen on straight road,1,0,2,clear,18.52602649,100.6153679,wide curve,no slope,2022-07-02T12:20:00Z
6636993,2.07.2022 19:50,1.08.2022 06:10,Nakhon Ratchasima,department of highways,4-wheel pickup truck,speeding,head-on collision (not overtaking),3,0,1,clear,15.05506293,102.1268973,straight road,no slope,2022-07-02T12:50:00Z
7418904,2.07.2022 20:00,30.11.2022 11:08,Udon Thani,department of highways,6-wheel truck,speeding,rollover/fallen on straight road,1,0,2,clear,16.96837725,102.8926197,straight road,no slope,2022-07-02T13:00:00Z
7371813,2.07.2022 20:15,23.11.2022 11:38,Udon Thani,department of highways,private/passenger car,speeding,rollover/fallen on straight road,1,0,2,clear,17.24810088,102.8952348,straight road,no slope,2022-07-02T13:15:00Z
6579955,2.07.2022 20:30,20.07.2022 14:03,Nong Khai,department of highways,private/passenger car,speeding,rollover/fallen on straight road,1,0,1,clear,17.89473654,102.7810612,straight road,no slope,2022-07-02T13:30:00Z
6617299,2.07.2022 20:30,28.07.2022 20:22,Chaiyaphum,department of highways,4-wheel pickup truck,speeding,rollover/fallen on curved road,1,0,0,clear,15.67846293,102.0073727,wide curve,slope area,2022-07-02T13:30:00Z
6525705,2.07.2022 21:01,10.07.2022 10:44,Pathum Thani,department of highways,4-wheel pickup truck,speeding,rollover/fallen on straight road,1,0,0,rainy,14.00506594,100.7061633,straight road,no slope,2022-07-02T14:01:00Z
6592938,2.07.2022 21:30,25.07.2022 08:57,Chiang Mai,department of highways,4-wheel pickup truck,speeding,rollover/fallen on curved road,1,0,0,clear,18.83943786,98.57295422,wide curve,no slope,2022-07-02T14:30:00Z
7558278,2.07.2022 21:30,12.01.2023 14:24,Nakhon Ratchasima,department of highways,4-wheel pickup truck,speeding,rear-end collision,2,0,0,rainy,14.84748362,101.5838333,straight road,no slope,2022-07-02T14:30:00Z
7562744,2.07.2022 22:00,18.01.2023 10:51,Surat Thani,department of highways,4-wheel pickup truck,speeding,rollover/fallen on straight road,1,0,0,clear,8.937567498,98.98052661,straight road,no slope,2022-07-02T15:00:00Z
6585857,2.07.2022 22:30,21.07.2022 13:50,Phrae,department of highways,large truck with trailer,falling asleep,rollover/fallen on straight road,1,0,0,clear,18.32567972,100.2785924,straight road,no slope,2022-07-02T15:30:00Z
7567374,2.07.2022 22:55,23.01.2023 14:35,Phuket,department of highways,4-wheel pickup truck,speeding,rollover/fallen on straight road,1,0,0,clear,8.100300882,98.33524345,straight road,no slope,2022-07-02T15:55:00Z
6601263,2.07.2022 23:30,26.07.2022 10:52,Phitsanulok,department of highways,4-wheel pickup truck,speeding,rollover/fallen on straight road,1,0,0,clear,16.91641731,100.1828509,straight road,no slope,2022-07-02T16:30:00Z
6543824,3.07.2022 00:12,13.07.2022 08:27,Saraburi,department of highways,4-wheel pickup truck,speeding,rollover/fallen on straight road,1,0,0,clear,14.39723095,100.9371042,straight road,no slope,2022-07-02T17:12:00Z
6852230,3.07.2022 00:25,6.09.2022 14:28,Samut Songkhram,department of highways,private/passenger car,speeding,rollover/fallen on straight road,1,0,0,clear,13.42042824,100.008671,straight road,no slope,2022-07-02T17:25:00Z
6484560,3.07.2022 00:30,3.07.2022 16:09,Bangkok,department of highways,large truck with trailer,falling asleep,rollover/fallen on straight road,1,0,1,clear,13.88445113,100.686374,straight road,no slope,2022-07-02T17:30:00Z
6544206,3.07.2022 00:30,13.07.2022 09:55,Pathum Thani,department of highways,private/passenger car,speeding,rear-end collision,4,1,0,clear,14.09161324,100.6183746,straight road,no slope,2022-07-02T17:30:00Z
6567189,3.07.2022 00:30,11.07.2022 08:58,Phetchabun,department of rural roads,private/passenger car,speeding,other,1,0,1,dark,16.420299,101.145081,straight road,other,2022-07-02T17:30:00Z
6608494,3.07.2022 01:40,27.07.2022 11:01,Sa Kaeo,department of highways,4-wheel pickup truck,speeding,rollover/fallen on straight road,1,0,1,clear,13.4910869,102.18816700000001,straight road,no slope,2022-07-02T18:40:00Z
6608364,3.07.2022 01:50,27.07.2022 10:37,Samut Prakan,expressway authority of thailand,other,other,rear-end collision,2,0,6,clear,13.601157,100.7869,straight road,other,2022-07-02T18:50:00Z
6869280,3.07.2022 02:06,9.09.2022 09:44,Sakon Nakhon,department of highways,4-wheel pickup truck,speeding,collision with obstruction (on road surface),1,0,1,clear,17.39743472,103.6884177,other,other,2022-07-02T19:06:00Z
7212236,3.07.2022 02:30,31.10.2022 09:17,Chachoengsao,department of highways,private/passenger car,speeding,rear-end collision,3,0,0,clear,13.52944517,101.0171708,straight road,no slope,2022-07-02T19:30:00Z
6701063,3.07.2022 02:35,11.08.2022 09:27,Pathum Thani,department of highways,private/passenger car,speeding,rear-end collision,2,0,0,clear,14.01472093,100.6153947,straight road,no slope,2022-07-02T19:35:00Z
6657771,3.07.2022 03:00,4.08.2022 13:56,Narathiwat,department of highways,4-wheel pickup truck,speeding,rollover/fallen on straight road,1,0,1,clear,6.23826338,102.0270574,straight road,no slope,2022-07-02T20:00:00Z
7446932,3.07.2022 03:00,9.12.2022 10:09,Nakhon Ratchasima,department of highways,4-wheel pickup truck,speeding,rollover/fallen on straight road,1,0,0,rainy,15.05590214,102.1536201,straight road,no slope,2022-07-02T20:00:00Z
6578654,3.07.2022 03:10,20.07.2022 09:35,Tak,department of highways,4-wheel pickup truck,falling asleep,rollover/fallen on straight road,1,0,3,clear,16.71630831,99.23461495,straight road,no slope,2022-07-02T20:10:00Z
7437895,3.07.2022 03:25,7.12.2022 09:07,Ubon Ratchathani,department of highways,4-wheel pickup truck,falling asleep,rollover/fallen on straight road,1,0,0,clear,15.50949313,104.7284523,other,other,2022-07-02T20:25:00Z
6593198,3.07.2022 03:40,25.07.2022 09:31,Lamphun,department of highways,private/passenger car,speeding,rollover/fallen on curved road,1,0,0,clear,18.69126807,99.15857969,sharp curve,no slope,2022-07-02T20:40:00Z
6602656,3.07.2022 03:40,26.07.2022 14:47,Nakhon Ratchasima,department of highways,private/passenger car,speeding,rollover/fallen on straight road,1,0,1,clear,14.90167123,102.0700371,straight road,no slope,2022-07-02T20:40:00Z
7356956,3.07.2022 04:20,21.11.2022 08:44,Loburi,department of highways,large truck with trailer,falling asleep,rollover/fallen on straight road,1,0,0,clear,15.27350948,101.1242312,straight road,no slope,2022-07-02T21:20:00Z
6578719,3.07.2022 04:30,20.07.2022 09:46,Tak,department of highways,large truck with trailer,speeding,rollover/fallen on straight road,1,0,0,clear,16.79106547,99.01926039,straight road,no slope,2022-07-02T21:30:00Z