acc_code,incident_datetime,report_datetime,province_en,agency,vehicle_type,presumed_cause,accident_type,number_of_vehicles_involved,number_of_fatalities,number_of_injuries,weather_condition,latitude,longitude,road_description,slope_description,incident_time
6625454,3.07.2022 04:35,30.07.2022 06:43,Amnat Charoen,department of highways,4-wheel pickup truck,speeding,rollover/fallen on straight road,1,0,1,rainy,16.10286037,104.6125057,straight road,no slope,2022-07-02T21:35:00Z
6777768,3.07.2022 05:20,24.08.2022 12:31,Si Sa Ket,department of highways,4-wheel pickup truck,falling asleep,rollover/fallen on straight road,1,0,1,clear,14.68646174,104.3819538,straight road,no slope,2022-07-02T22:20:00Z
6543664,3.07.2022 06:00,13.07.2022 07:54,Nakhon Sawan,department of highways,4-wheel pickup truck,speeding,rollover/fallen on straight road,1,0,1,clear,15.3765638,100.4764938,straight road,no slope,2022-07-02T23:00:00Z
7443986,3.07.2022 06:00,8.12.2022 13:38,Nakhon Ratchasima,department of highways,4-wheel pickup truck,speeding,rollover/fallen on straight road,1,0,0,clear,14.86358358,101.6980912,straight road,no slope,2022-07-02T23:00:00Z
6607896,3.07.2022 06:20,27.07.2022 09:16,Tak,department of highways,motorcycle,speeding,rollover/fallen on straight road,1,1,0,rainy,16.72462353,98.59779953,other,other,2022-07-02T23:20:00Z
7356957,3.07.2022 08:00,21.11.2022 08:44,Loburi,department of highways,4-wheel pickup truck,falling asleep,rollover/fallen on straight road,1,0,1,clear,15.23889143,101.1262321,straight road,no slope,2022-07-03T01:00:00Z
6680976,3.07.2022 08:27,8.08.2022 13:28,Surin,department of highways,private/passenger car,speeding,rollover/fallen on straight road,1,0,0,clear,14.70306899,103.4208137,straight road,no slope,2022-07-03T01:27:00Z
6539804,3.07.2022 08:50,12.07.2022 14:46,Prachuap Khiri Khan,department of highways,private/passenger car,vehicle equipment failure,rollover/fallen on curved road,1,0,0,clear,11.4840095,99.6016538,wide curve,no slope,2022-07-03T01:50:00Z
6544007,3.07.2022 09:13,13.07.2022 09:02,Ang Thong,department of highways,4-wheel pickup truck,speeding,rear-end collision,3,1,1,clear,14.60274995,100.4270875,straight road,no slope,2022-07-03T02:13:00Z
6578441,3.07.2022 11:15,20.07.2022 08:59,Chanthaburi,department of highways,4-wheel pickup truck,speeding,rollover/fallen on straight road,1,0,1,rainy,12.73513921,102.0833918,straight road,no slope,2022-07-03T04:15:00Z
6539800,3.07.2022 11:20,12.07.2022 14:45,Prachuap Khiri Khan,department of highways,4-wheel pickup truck,speeding,rollover/fallen on straight road,1,0,1,rainy,11.48976325,99.601283660000007,straight road,no slope,2022-07-03T04:20:00Z
6489645,3.07.2022 11:30,4.07.2022 14:17,Nan,department of highways,motorcycle,cutting in closely by people/vehicles/animals,collision at intersection corner,2,0,2,clear,18.85003075,100.4364779,other,other,2022-07-03T04:30:00Z
7570870,3.07.2022 11:30,26.01.2023 09:10,Prachin Buri,department of highways,large truck with trailer,speeding,collision with obstruction (on road surface),2,0,0,clear,13.89390548,101.5796596,other,other,2022-07-03T04:30:00Z
7568347,3.07.2022 12:50,24.01.2023 13:36,Bangkok,department of highways,large truck with trailer,vehicle equipment failure,collision with obstruction (on road surface),2,0,1,clear,13.73272283,100.7887834,straight road,no slope,2022-07-03T05:50:00Z
6526018,3.07.2022 13:30,10.07.2022 11:37,Chanthaburi,department of highways,4-wheel pickup truck,speeding,rollover/fallen on curved road,1,0,0,rainy,12.91422168,102.2971773,wide curve,no slope,2022-07-03T06:30:00Z
7331695,3.07.2022 13:40,13.07.2022 08:52,Suphan Buri,department of highways,4-wheel pickup truck,cutting in closely by people/vehicles/animals,head-on collision (not overtaking),2,0,1,clear,14.44693246,100.1167559,other,other,2022-07-03T06:40:00Z
6544149,3.07.2022 14:00,13.07.2022 09:43,Samut Prakan,department of highways,6-wheel truck,speeding,rollover/fallen on straight road,1,0,0,clear,13.50377283,100.8349147,other,other,2022-07-03T07:00:00Z
6656940,3.07.2022 14:00,4.08.2022 10:34,Nakhon Sawan,department of highways,large truck with trailer,speeding,rollover/fallen on curved road,1,0,2,clear,15.61427214,100.1228204,other,other,2022-07-03T07:00:00Z
6602230,3.07.2022 14:50,26.07.2022 13:40,Nakhon Ratchasima,department of highways,4-wheel pickup truck,speeding,rollover/fallen on curved road,1,0,2,clear,15.04109899,102.0999303,wide curve,no slope,2022-07-03T07:50:00Z
6609189,3.07.2022 14:55,27.07.2022 13:56,Nakhon Ratchasima,department of highways,private/passenger car,speeding,rear-end collision,2,0,1,clear,14.65334986,101.3126403,straight road,no slope,2022-07-03T07:55:00Z
7041024,3.07.2022 15:50,5.10.2022 11:11,Phetchabun,department of highways,private/passenger car,speeding,rollover/fallen on straight road,1,0,1,clear,15.96928711,101.1637911,straight road,no slope,2022-07-03T08:50:00Z
6525756,3.07.2022 16:05,10.07.2022 10:52,Surat Thani,department of highways,motorcycle,speeding,rollover/fallen on curved road,1,0,1,clear,8.608857516,99.32378768,wide curve,no slope,2022-07-03T09:05:00Z
6608434,3.07.2022 16:07,27.07.2022 10:52,Samut Prakan,expressway authority of thailand,other,other,side collision,2,0,1,clear,13.625653,100.668251,straight road,other,2022-07-03T09:07:00Z
6788489,3.07.2022 16:10,26.08.2022 09:29,Suphan Buri,department of highways,private/passenger car,speeding,rear-end collision,3,0,2,clear,14.45934247,100.1312587,straight road,no slope,2022-07-03T09:10:00Z
7473084,3.07.2022 16:30,20.12.2022 09:23,Chiang Rai,department of highways,private/passenger car,speeding,rollover/fallen on straight road,1,0,0,clear,20.26273056,100.081155,straight road,no slope,2022-07-03T09:30:00Z
7088074,3.07.2022 16:45,11.10.2022 11:13,Ubon Ratchathani,department of highways,4-wheel pickup truck,speeding,rollover/fallen on straight road,1,0,1,rainy,14.8197095,104.8648533,straight road,no slope,2022-07-03T09:45:00Z
6578752,3.07.2022 17:00,20.07.2022 09:54,Phetchabun,department of highways,private/passenger car,speeding,rollover/fallen on curved road,1,0,1,clear,16.76378265,101.1409521,wide curve,slope area,2022-07-03T10:00:00Z
7553828,3.07.2022 19:15,7.01.2023 15:51,Bangkok,department of highways,motorcycle,speeding,rear-end collision,2,0,1,clear,13.76589521,100.5490546,straight road,no slope,2022-07-03T12:15:00Z
6543964,3.07.2022 19:30,13.07.2022 08:50,Suphan Buri,department of highways,4-wheel pickup truck,cutting in closely by people/vehicles/animals,rear-end collision,3,0,0,clear,14.47532278,100.1084518,wide curve,no slope,2022-07-03T12:30:00Z
6501048,3.07.2022 19:45,6.07.2022 08:51,Loei,department of highways,private/passenger car,speeding,rear-end collision,2,2,3,clear,17.7275951,101.7161465,other,other,2022-07-03T12:45:00Z
6579758,3.07.2022 19:55,20.07.2022 13:17,Maha Sarakham,department of highways,private/passenger car,speeding,rear-end collision,3,0,2,clear,16.04662801,102.903665,straight road,no slope,2022-07-03T12:55:00Z
6507994,3.07.2022 21:29,7.07.2022 11:16,Bangkok,department of highways,private/passenger car,speeding,rear-end collision,3,0,2,clear,13.73111,100.7163906,straight road,no slope,2022-07-03T14:29:00Z
6650620,3.07.2022 21:44,3.08.2022 10:26,Samut Prakan,expressway authority of thailand,other,other,collision with obstruction (on road surface),1,0,0,clear,13.588384,100.835813,straight road,other,2022-07-03T14:44:00Z
6650611,3.07.2022 21:45,3.08.2022 10:25,Bangkok,expressway authority of thailand,other,other,rollover/fallen on straight road,3,0,3,clear,13.666138,100.642297,straight road,other,2022-07-03T14:45:00Z
6539805,3.07.2022 22:00,12.07.2022 14:47,Prachuap Khiri Khan,department of highways,private/passenger car,speeding,rollover/fallen on curved road,1,0,0,clear,11.48389647,99.60164307,wide curve,no slope,2022-07-03T15:00:00Z
7414329,4.07.2022 00:55,28.11.2022 11:51,Chachoengsao,department of highways,motorcycle,speeding,rollover/fallen on curved road,1,0,0,clear,13.76154348,101.3789338,wide curve,slope area,2022-07-03T17:55:00Z
7331702,4.07.2022 01:00,5.07.2022 16:25,Kanchanaburi,department of highways,private/passenger car,speeding,rear-end collision,2,2,1,clear,13.98814921,99.57074134,straight road,no slope,2022-07-03T18:00:00Z
7536938,4.07.2022 01:00,2.01.2023 09:52,Phrae,department of highways,private/passenger car,speeding,rollover/fallen on curved road,1,0,1,clear,18.15446145,99.97891186,wide curve,slope area,2022-07-03T18:00:00Z
7331699,4.07.2022 02:00,20.07.2022 09:47,Tak,department of highways,large truck with trailer,vehicle equipment failure,rollover/fallen on curved road,1,2,0,clear,16.81075473,98.98022084,wide curve,no slope,2022-07-03T19:00:00Z
7567530,4.07.2022 02:14,23.01.2023 17:07,Rayong,department of highways,private/passenger car,speeding,rollover/fallen on straight road,1,0,1,clear,12.73664877,101.206406,straight road,no slope,2022-07-03T19:14:00Z
6525870,4.07.2022 02:40,10.07.2022 11:19,Phatthalung,department of highways,4-wheel pickup truck,falling asleep,rollover/fallen on straight road,1,2,0,clear,7.438475204,100.0666523,straight road,no slope,2022-07-03T19:40:00Z
6607993,4.07.2022 03:14,27.07.2022 09:34,Bangkok,expressway authority of thailand,other,other,rear-end collision,2,0,1,clear,13.71177214,100.5662173,straight road,other,2022-07-03T20:14:00Z
6543870,4.07.2022 04:00,13.07.2022 08:35,Loburi,department of highways,4-wheel pickup truck,falling asleep,rollover/fallen on straight road,1,0,0,clear,15.062841,100.9769726,straight road,slope area,2022-07-03T21:00:00Z
7536811,4.07.2022 04:25,2.01.2023 09:22,Phitsanulok,department of highways,4-wheel pickup truck,speeding,rollover/fallen on straight road,1,0,0,clear,17.27289796,100.5889615,straight road,no slope,2022-07-03T21:25:00Z
7569334,4.07.2022 05:00,25.01.2023 11:30,Nakhon Ratchasima,department of highways,private/passenger car,speeding,rollover/fallen on straight road,1,0,1,clear,15.35881139,102.93055150000001,straight road,no slope,2022-07-03T22:00:00Z
6507938,4.07.2022 06:01,7.07.2022 11:04,Bangkok,department of highways,private/passenger car,speeding,rear-end collision,2,0,0,clear,13.73052635,100.7218194,straight road,no slope,2022-07-03T23:01:00Z
6579801,4.07.2022 07:00,20.07.2022 13:28,buogkan,department of highways,4-wheel pickup truck,falling asleep,rollover/fallen on straight road,1,0,0,rainy,18.30648045,103.8091841,straight road,no slope,2022-07-04T00:00:00Z
7553829,4.07.2022 07:45,7.01.2023 15:58,Bangkok,department of highways,motorcycle,speeding,rear-end collision,2,0,1,clear,13.79528505,100.5611762,straight road,no slope,2022-07-04T00:45:00Z
6489599,4.07.2022 07:50,4.07.2022 14:09,Surat Thani,department of highways,private/passenger car,speeding,rollover/fallen on curved road,1,0,1,rainy,8.940182686,98.96466671,wide curve,no slope,2022-07-04T00:50:00Z
6549489,4.07.2022 08:00,14.07.2022 12:56,Khon Kaen,department of highways,7-10-wheel truck,speeding,rollover/fallen on straight road,2,0,1,clear,16.72967619,103.0829975,straight road,no slope,2022-07-04T01:00:00Z
6580133,4.07.2022 08:20,20.07.2022 14:42,Kalasin,department of highways,4-wheel pickup truck,speeding,rollover/fallen on straight road,1,0,2,clear,16.78470736,103.8428807,straight road,no slope,2022-07-04T01:20:00Z
6509394,4.07.2022 08:24,7.07.2022 15:57,Chon Buri,department of highways,private/passenger car,speeding,rear-end collision,2,0,0,clear,13.15438911,100.9866822,straight road,no slope,2022-07-04T01:24:00Z
6600311,4.07.2022 08:30,26.07.2022 08:51,Nan,department of highways,4-wheel pickup truck,cutting in closely by people/vehicles/animals,rear-end collision,2,0,2,clear,18.7747034,100.8230701,straight road,no slope,2022-07-04T01:30:00Z
6650576,4.07.2022 08:39,3.08.2022 10:18,Bangkok,expressway authority of thailand,other,other,rear-end collision,2,0,0,clear,13.804535,100.61704,straight road,other,2022-07-04T01:39:00Z
7561561,4.07.2022 08:40,17.01.2023 10:37,Bangkok,department of highways,motorcycle,cutting in closely by people/vehicles/animals,rear-end collision,2,0,2,clear,13.66659808,100.4468232,straight road,no slope,2022-07-04T01:40:00Z
6602183,4.07.2022 09:00,26.07.2022 13:34,Songkhla,department of highways,other,speeding,rollover/fallen on straight road,1,0,0,clear,7.062076388,100.5240199,other,other,2022-07-04T02:00:00Z
6525978,4.07.2022 10:00,10.07.2022 11:33,Chon Buri,department of highways,4-wheel pickup truck,speeding,rollover/fallen on straight road,1,0,1,clear,13.55473144,101.128571,straight road,no slope,2022-07-04T03:00:00Z
6543871,4.07.2022 11:00,13.07.2022 08:37,Loburi,department of highways,other,speeding,rollover/fallen on straight road,1,0,0,clear,14.95316297,100.8984911,straight road,no slope,2022-07-04T04:00:00Z
6602420,4.07.2022 11:00,26.07.2022 14:10,Nakhon Ratchasima,department of highways,large truck with trailer,speeding,rear-end collision,2,0,2,clear,15.1060827,102.1024141,straight road,no slope,2022-07-04T04:00:00Z
7521113,4.07.2022 11:00,30.12.2022 08:56,Kalasin,department of highways,other,speeding,collision with obstruction (on road surface),1,0,0,clear,16.41018248,103.6221349,other,other,2022-07-04T04:00:00Z
6544138,4.07.2022 13:05,13.07.2022 09:35,Kanchanaburi,department of highways,4-wheel pickup truck,speeding,rollover/fallen on curved road,1,0,1,rainy,14.66304445,98.53161065,wide curve,no slope,2022-07-04T06:05:00Z
6600897,4.07.2022 13:30,26.07.2022 10:18,Prachuap Khiri Khan,department of highways,4-wheel pickup truck,speeding,rear-end collision,2,0,0,clear,12.33247377,99.88045065,other,other,2022-07-04T06:30:00Z
7554689,4.07.2022 13:30,9.01.2023 14:05,Trang,department of highways,motorcycle,debris/obstruction on the road,collision with obstruction (on road surface),1,0,0,clear,7.304393197,99.64392273,straight road,no slope,2022-07-04T06:30:00Z
6602314,4.07.2022 14:30,26.07.2022 13:56,Nan,department of highways,private/passenger car,speeding,rollover/fallen on curved road,1,0,1,clear,18.52126298,100.5501285,wide curve,no slope,2022-07-04T07:30:00Z
7569154,4.07.2022 15:00,25.01.2023 09:38,Phuket,department of highways,4-wheel pickup truck,speeding,rollover/fallen on straight road,1,0,0,rainy,8.184838796,98.29822897,straight road,no slope,2022-07-04T08:00:00Z
6902595,4.07.2022 15:49,14.09.2022 09:24,Khon Kaen,department of highways,other,speeding,rollover/fallen on curved road,1,0,0,clear,16.41202213,102.7472922,straight road,no slope,2022-07-04T08:49:00Z
6650544,4.07.2022 16:18,3.08.2022 10:14,Bangkok,expressway authority of thailand,4-wheel pickup truck,other,rear-end collision,2,0,0,clear,13.73961675,100.5507647,grade-separated intersection/ramps,other,2022-07-04T09:18:00Z
7553827,4.07.2022 16:30,7.01.2023 15:52,Bangkok,department of highways,private/passenger car,speeding,rear-end collision,2,0,0,clear,13.77144829,100.5520932,straight road,no slope,2022-07-04T09:30:00Z
6494624,4.07.2022 17:00,5.07.2022 10:31,Samut Prakan,department of highways,motorcycle,speeding,collision with obstruction (on road surface),3,1,0,clear,13.51654415,100.6772706,straight road,no slope,2022-07-04T10:00:00Z
6567182,4.07.2022 17:10,5.07.2022 10:15,Chiang Mai,department of rural roads,motorcycle,speeding,other,2,0,1,clear,19.913183,99.178926,straight road,no slope,2022-07-04T10:10:00Z
7567433,4.07.2022 17:10,23.01.2023 15:18,Trat,department of highways,motorcycle,speeding,rollover/fallen on straight road,1,1,0,rainy,11.74860968,102.8984642,wide curve,no slope,2022-07-04T10:10:00Z
7568065,4.07.2022 17:15,24.01.2023 09:20,Sakon Nakhon,department of highways,4-wheel pickup truck,speeding,rollover/fallen on curved road,1,0,0,clear,17.31627778,103.9364174,wide curve,no slope,2022-07-04T10:15:00Z
6544162,4.07.2022 17:30,13.07.2022 09:46,Samut Prakan,department of highways,4-wheel pickup truck,speeding,rear-end collision,3,0,1,clear,13.6076213,100.7691255,straight road,no slope,2022-07-04T10:30:00Z
7474795,4.07.2022 17:30,20.12.2022 14:25,Chachoengsao,department of highways,large truck with trailer,worn-out/tire blowout,head-on collision (not overtaking),3,0,0,clear,13.49311085,100.9586584,straight road,no slope,2022-07-04T10:30:00Z
6723588,4.07.2022 17:35,15.08.2022 11:02,Phangnga,department of highways,4-wheel pickup truck,speeding,rollover/fallen on curved road,1,0,1,rainy,8.367739496,98.44521402,wide curve,slope area,2022-07-04T10:35:00Z
6587480,4.07.2022 17:50,21.07.2022 20:26,Krabi,department of highways,4-wheel pickup truck,speeding,head-on collision (not overtaking),3,0,2,rainy,8.086285182,98.87710868,wide curve,no slope,2022-07-04T10:50:00Z
6544379,4.07.2022 18:30,13.07.2022 10:39,Samut Sakhon,department of highways,4-wheel pickup truck,speeding,rollover/fallen on straight road,1,0,0,rainy,13.6327272,100.0936192,other,other,2022-07-04T11:30:00Z
6845527,4.07.2022 18:30,5.09.2022 10:52,Chanthaburi,department of highways,4-wheel pickup truck,speeding,rollover/fallen on straight road,1,1,1,clear,12.43057572,102.31249,other,other,2022-07-04T11:30:00Z
6587284,4.07.2022 19:30,21.07.2022 19:35,Udon Thani,department of highways,4-wheel pickup truck,illegal overtaking,rear-end collision,3,1,0,clear,17.57764498,102.4061528,straight road,no slope,2022-07-04T12:30:00Z
6593163,4.07.2022 20:00,25.07.2022 09:25,Lamphun,department of highways,motorcycle,cutting in closely by people/vehicles/animals,head-on collision (not overtaking),2,1,1,clear,18.43771091,98.77069472,connecting to public/commercial area,other,2022-07-04T13:00:00Z
6500561,4.07.2022 20:30,6.07.2022 07:12,Kamphaeng Phet,department of highways,4-wheel pickup truck,speeding,rollover/fallen on curved road,1,0,0,rainy,16.58552659,99.43691252,wide curve,no slope,2022-07-04T13:30:00Z
6600398,4.07.2022 21:59,26.07.2022 09:06,Chon Buri,department of highways,van,debris/obstruction on the road,collision with obstruction (on road surface),1,0,0,clear,13.33342436,100.989072,straight road,no slope,2022-07-04T14:59:00Z
6543714,4.07.2022 23:00,13.07.2022 08:07,Sing Buri,department of highways,motorcycle,speeding,rear-end collision,2,0,1,clear,14.9208175,100.400362,straight road,no slope,2022-07-04T16:00:00Z
6595016,5.07.2022 02:45,25.07.2022 15:01,Chiang Rai,department of highways,4-wheel pickup truck,falling asleep,rollover/fallen on straight road,1,0,2,clear,19.67904043,100.1238692,straight road,no slope,2022-07-04T19:45:00Z
6591227,5.07.2022 02:50,22.07.2022 10:36,Saraburi,department of highways,private/passenger car,speeding,rollover/fallen on straight road,1,0,0,clear,14.36532295,100.8779025,straight road,no slope,2022-07-04T19:50:00Z
6525940,5.07.2022 03:00,10.07.2022 11:29,Chon Buri,department of highways,large truck with trailer,speeding,rollover/fallen on straight road,1,0,0,rainy,13.55121651,101.14048,straight road,no slope,2022-07-04T20:00:00Z
7567529,5.07.2022 03:10,23.01.2023 17:06,Rayong,department of highways,private/passenger car,speeding,rollover/fallen on straight road,1,0,1,clear,12.92433645,101.5268925,straight road,no slope,2022-07-04T20:10:00Z
6592519,5.07.2022 03:30,22.07.2022 15:45,Lamphun,department of highways,private/passenger car,speeding,rollover/fallen on straight road,1,0,0,clear,18.59098311,99.04240786,straight road,no slope,2022-07-04T20:30:00Z
7035411,5.07.2022 03:30,4.10.2022 15:43,Yasothon,department of highways,4-wheel pickup truck,falling asleep,rollover/fallen on straight road,1,0,5,clear,15.68716289,104.274947,straight road,no slope,2022-07-04T20:30:00Z
7088136,5.07.2022 04:00,11.10.2022 14:00,Loburi,department of highways,4-wheel pickup truck,speeding,rollover/fallen on straight road,1,0,0,clear,14.98433244,100.6546891,straight road,no slope,2022-07-04T21:00:00Z
7564999,5.07.2022 04:40,20.01.2023 06:50,Samut Prakan,department of highways,van,speeding,rear-end collision,2,0,1,clear,13.61450086,100.7524744,straight road,no slope,2022-07-04T21:40:00Z
6580151,5.07.2022 05:00,20.07.2022 14:47,Sakon Nakhon,department of highways,private/passenger car,speeding,head-on collision (not overtaking),2,2,1,clear,17.59095098,103.9909145,straight road,no slope,2022-07-04T22:00:00Z
6578750,5.07.2022 06:00,20.07.2022 09:54,Phetchabun,department of highways,4-wheel pickup truck,speeding,rollover/fallen on curved road,1,0,0,clear,16.76974853,101.0500601,wide curve,no slope,2022-07-04T23:00:00Z
6604354,5.07.2022 07:30,26.07.2022 20:42,Ubon Ratchathani,department of highways,6-wheel truck,speeding,rear-end collision,2,0,1,clear,15.23022438,104.8212674,straight road,no slope,2022-07-05T00:30:00Z
6579182,5.07.2022 07:40,20.07.2022 11:09,Nakhon Phanom,department of highways,private/passenger car,cutting in closely by people/vehicles/animals,rear-end collision,2,0,0,clear,17.35461426,104.6360287,other,other,2022-07-05T00:40:00Z
6544508,5.07.2022 09:20,13.07.2022 11:18,Suphan Buri,department of highways,motorized tricycle,other,rollover/fallen on straight road,1,1,0,clear,14.79853414,99.7243595,straight road,no slope,2022-07-05T02:20:00Z
6602180,5.07.2022 09:20,26.07.2022 13:32,Songkhla,department of highways,private/passenger car,speeding,rear-end collision,2,0,2,clear,7.074563007,100.548031,straight road,no slope,2022-07-05T02:20:00Z
6658373,5.07.2022 09:30,27.07.2022 09:01,Satun,department of rural roads,motorcycle,failure to yield right of way,other,2,1,1,clear,6.681962,100.096491,t-intersection,other,2022-07-05T02:30:00Z
6607829,5.07.2022 09:40,27.07.2022 09:07,Prachin Buri,department of highways,motorcycle,speeding,rollover/fallen on curved road,1,0,0,clear,14.17720976,101.8956479,wide curve,no slope,2022-07-05T02:40:00Z
6650679,5.07.2022 10:27,3.08.2022 10:35,Samut Prakan,expressway authority of thailand,other,other,rear-end collision,3,0,0,clear,13.628232,100.592495,grade-separated intersection/ramps,other,2022-07-05T03:27:00Z
7434471,5.07.2022 11:30,6.12.2022 11:18,Surin,department of highways,4-wheel pickup truck,running red lights/traffic signals,head-on collision (not overtaking),2,0,0,clear,14.61854599,103.2854533,other,other,2022-07-05T04:30:00Z
7542582,5.07.2022 12:20,3.01.2023 13:59,Loei,department of highways,large truck with trailer,speeding,rollover/fallen on straight road,1,0,1,clear,17.36767802,101.2609863,straight road,no slope,2022-07-05T05:20:00Z
6650559,5.07.2022 13:07,3.08.2022 10:15,Bangkok,expressway authority of thailand,van,other,rear-end collision,2,0,0,clear,13.73247639,100.551802,straight road,other,2022-07-05T06:07:00Z
6594802,5.07.2022 14:30,25.07.2022 14:25,Songkhla,department of highways,4-wheel pickup truck,falling asleep,rollover/fallen on straight road,1,0,0,clear,6.60246654,100.8642259,straight road,no slope,2022-07-05T07:30:00Z
6543735,5.07.2022 15:10,13.07.2022 08:12,Nakhon Sawan,department of highways,4-wheel pickup truck,speeding,rear-end collision,3,0,2,clear,15.26238564,100.3313461,other,other,2022-07-05T08:10:00Z
7541696,5.07.2022 16:05,3.01.2023 10:06,Chiang Mai,department of highways,large truck with trailer,cutting in closely by people/vehicles/animals,rear-end collision,2,0,1,clear,19.33968379,99.19471978,other,other,2022-07-05T09:05:00Z
6651466,5.07.2022 16:40,3.08.2022 13:40,Songkhla,department of highways,4-wheel pickup truck,speeding,rollover/fallen on straight road,3,0,1,clear,7.099657667,100.633741,straight road,no slope,2022-07-05T09:40:00Z
6502953,5.07.2022 17:30,6.07.2022 15:45,Chachoengsao,department of highways,4-wheel pickup truck,speeding,rear-end collision,2,0,0,clear,13.51385537,101.0302976,straight road,no slope,2022-07-05T10:30:00Z
6593372,5.07.2022 18:00,25.07.2022 09:57,Kanchanaburi,department of highways,4-wheel pickup truck,speeding,rollover/fallen on straight road,1,0,0,clear,14.077661,99.47730391,straight road,no slope,2022-07-05T11:00:00Z
6567190,5.07.2022 18:10,11.07.2022 08:58,Khon Kaen,department of rural roads,private/passenger car,speeding,other,1,0,1,clear,16.332917,102.662395,straight road,no slope,2022-07-05T11:10:00Z
7040926,5.07.2022 18:10,5.10.2022 10:56,Yasothon,department of highways,4-wheel pickup truck,speeding,rollover/fallen on straight road,1,0,4,clear,15.66857721,104.2912871,straight road,no slope,2022-07-05T11:10:00Z
7536813,5.07.2022 19:00,2.01.2023 09:24,Phitsanulok,department of highways,4-wheel pickup truck,speeding,rollover/fallen on curved road,1,0,0,clear,17.6094816,100.8751371,wide curve,slope area,2022-07-05T12:00:00Z
7331704,5.07.2022 19:25,20.07.2022 09:44,Sukhothai,department of highways,motorcycle,speeding,pedestrian collision,1,0,2,clear,17.27937012,99.84415232,straight road,no slope,2022-07-05T12:25:00Z
6544522,5.07.2022 20:05,13.07.2022 11:22,Prachuap Khiri Khan,department of highways,motorcycle,disabled vehicle without proper signals,collision with obstruction (on road surface),2,1,0,clear,11.48780505,99.60119782,wide curve,no slope,2022-07-05T13:05:00Z
6520098,5.07.2022 22:55,9.07.2022 10:15,Bangkok,department of highways,4-wheel pickup truck,speeding,rollover/fallen on curved road,1,0,0,rainy,13.73297035,100.7055116,other,other,2022-07-05T15:55:00Z
6600375,5.07.2022 23:43,26.07.2022 09:02,Chon Buri,department of highways,private/passenger car,speeding,rollover/fallen on straight road,1,0,0,clear,13.25781916,100.9904507,straight road,no slope,2022-07-05T16:43:00Z
6602262,6.07.2022 01:50,26.07.2022 13:49,Chanthaburi,department of highways,4-wheel pickup truck,speeding,rear-end collision,2,1,0,clear,12.6194836,102.1047449,other,other,2022-07-05T18:50:00Z
6777792,6.07.2022 03:00,24.08.2022 12:37,Si Sa Ket,department of highways,4-wheel pickup truck,speeding,rollover/fallen on curved road,1,0,1,rainy,14.77619742,104.6667427,wide curve,slope area,2022-07-05T20:00:00Z
6592351,6.07.2022 06:00,22.07.2022 15:09,Lampang,department of highways,private/passenger car,speeding,rollover/fallen on straight road,1,0,1,clear,18.32358165,99.53202097,straight road,no slope,2022-07-05T23:00:00Z
6745991,6.07.2022 07:40,19.08.2022 09:29,Phatthalung,department of highways,4-wheel pickup truck,speeding,rollover/fallen on curved road,1,0,2,rainy,7.572433833,99.93944047,wide curve,no slope,2022-07-06T00:40:00Z
7055409,6.07.2022 07:45,7.10.2022 14:30,Suphan Buri,department of highways,large truck with trailer,vehicle equipment failure,rollover/fallen on straight road,1,0,0,clear,14.49136166,100.1313338,other,other,2022-07-06T00:45:00Z
6544033,6.07.2022 08:00,13.07.2022 09:05,Uthai Thani,department of highways,other,speeding,rollover/fallen on straight road,1,0,0,clear,15.07104613,99.48025702,other,other,2022-07-06T01:00:00Z
6701562,6.07.2022 08:00,11.08.2022 11:11,Trat,department of highways,4-wheel pickup truck,speeding,rollover/fallen on curved road,1,0,0,clear,12.2071168,102.3150086,wide curve,slope area,2022-07-06T01:00:00Z
6594547,6.07.2022 08:30,25.07.2022 13:38,Chon Buri,department of highways,private/passenger car,speeding,rear-end collision,2,0,1,clear,13.01729521,100.99644,straight road,no slope,2022-07-06T01:30:00Z
7186261,6.07.2022 08:30,27.10.2022 11:23,Khon Kaen,department of highways,4-wheel pickup truck,speeding,rollover/fallen on straight road,1,0,6,clear,16.29122465,102.6139623,straight road,no slope,2022-07-06T01:30:00Z
7331707,6.07.2022 08:30,26.07.2022 15:06,Prachin Buri,department of highways,van,speeding,rear-end collision,2,0,2,clear,13.77311555,101.7824212,other,other,2022-07-06T01:30:00Z
6525729,6.07.2022 08:39,10.07.2022 10:49,Surat Thani,department of highways,4-wheel pickup truck,speeding,rollover/fallen on curved road,1,0,4,rainy,8.920347067,98.90270232,other,other,2022-07-06T01:39:00Z
7542590,6.07.2022 09:45,3.01.2023 13:59,Loei,department of highways,4-wheel pickup truck,unfamiliarity with the route/unskilled driving,rollover/fallen on curved road,1,0,2,clear,17.17115778,101.1628014,wide curve,slope area,2022-07-06T02:45:00Z
6788509,6.07.2022 10:00,26.08.2022 09:30,Suphan Buri,department of highways,other,speeding,rollover/fallen on straight road,1,0,0,clear,14.46842747,100.041748,straight road,no slope,2022-07-06T03:00:00Z
6525707,6.07.2022 10:23,10.07.2022 10:44,Bangkok,department of highways,private/passenger car,speeding,rear-end collision,2,0,0,clear,13.72979419,100.7554006,straight road,no slope,2022-07-06T03:23:00Z
6600799,6.07.2022 10:40,26.07.2022 10:09,Prachuap Khiri Khan,department of highways,private/passenger car,speeding,rear-end collision,2,0,2,clear,12.3327358,99.88049357,straight road,no slope,2022-07-06T03:40:00Z