acc_code,incident_datetime,report_datetime,province_en,agency,vehicle_type,presumed_cause,accident_type,number_of_vehicles_involved,number_of_fatalities,number_of_injuries,weather_condition,latitude,longitude,road_description,slope_description,incident_time
6567191,6.07.2022 12:42,11.07.2022 08:59,Samut Prakan,department of rural roads,motorcycle,abrupt lane change,other,1,0,1,clear,13.662033,100.538906,y-intersection,other,2022-07-06T05:42:00Z
6788512,6.07.2022 14:00,26.08.2022 09:30,Suphan Buri,department of highways,private/passenger car,speeding,collision at intersection corner,2,1,0,clear,14.67400743,100.1127112,other,other,2022-07-06T07:00:00Z
6544036,6.07.2022 14:20,13.07.2022 09:09,Ang Thong,department of highways,private/passenger car,speeding,rear-end collision,3,0,0,clear,14.61150462,100.4564336,straight road,no slope,2022-07-06T07:20:00Z
6507515,6.07.2022 14:50,7.07.2022 09:23,Nakhon Sawan,department of highways,4-wheel pickup truck,speeding,rollover/fallen on straight road,1,0,0,clear,15.73902185,100.0674516,straight road,no slope,2022-07-06T07:50:00Z
7571004,6.07.2022 15:10,26.01.2023 10:20,Trang,department of highways,private/passenger car,speeding,rollover/fallen on straight road,1,0,2,rainy,7.766148594,99.63161945,straight road,no slope,2022-07-06T08:10:00Z
7568287,6.07.2022 15:50,24.01.2023 11:56,Samut Songkhram,department of highways,motorcycle,speeding,rear-end collision,2,1,0,clear,13.38367292,99.984515,other,other,2022-07-06T08:50:00Z
7560814,6.07.2022 16:30,16.01.2023 14:28,Bangkok,department of highways,motorcycle,cutting in closely by people/vehicles/animals,rear-end collision,2,0,1,clear,13.81671976,100.5589404,straight road,no slope,2022-07-06T09:30:00Z
7571009,6.07.2022 16:30,26.01.2023 10:24,Trang,department of highways,4-wheel pickup truck,speeding,rollover/fallen on straight road,1,0,0,rainy,7.696162664,99.59511191,straight road,no slope,2022-07-06T09:30:00Z
6537507,6.07.2022 17:00,12.07.2022 08:36,Kalasin,department of highways,4-wheel pickup truck,speeding,rollover/fallen on curved road,1,0,1,clear,16.5095448,103.5197496,wide curve,no slope,2022-07-06T10:00:00Z
6507506,6.07.2022 17:30,7.07.2022 09:18,Nan,department of highways,4-wheel pickup truck,cutting in closely by people/vehicles/animals,other,2,1,1,rainy,18.76546701,100.7852805,connecting to private area,other,2022-07-06T10:30:00Z
6539831,6.07.2022 17:30,12.07.2022 14:52,Prachuap Khiri Khan,department of highways,4-wheel pickup truck,speeding,rollover/fallen on curved road,1,0,2,rainy,11.48327089,99.60166453,wide curve,no slope,2022-07-06T10:30:00Z
6539834,6.07.2022 17:40,12.07.2022 14:53,Prachuap Khiri Khan,department of highways,large truck with trailer,speeding,rear-end collision,2,0,0,rainy,11.48620956,99.60159479,wide curve,no slope,2022-07-06T10:40:00Z
6805206,6.07.2022 18:00,29.08.2022 09:50,Khon Kaen,department of highways,4-wheel pickup truck,falling asleep,rollover/fallen on straight road,1,0,1,clear,16.49535147,102.784819,straight road,no slope,2022-07-06T11:00:00Z
7422402,6.07.2022 18:00,1.12.2022 13:32,Chiang Mai,department of highways,motorcycle,speeding,rollover/fallen on straight road,1,0,1,clear,18.94383225,98.98441313,straight road,no slope,2022-07-06T11:00:00Z
7542109,6.07.2022 18:00,3.01.2023 12:01,Chiang Mai,department of highways,4-wheel pickup truck,speeding,rollover/fallen on curved road,1,1,2,clear,18.32898972,98.66794197,wide curve,no slope,2022-07-06T11:00:00Z
6544555,6.07.2022 18:20,13.07.2022 11:30,Ratchaburi,department of highways,private/passenger car,speeding,rollover/fallen on straight road,1,0,1,clear,13.68631106,99.88258837,straight road,no slope,2022-07-06T11:20:00Z
6579799,6.07.2022 18:40,20.07.2022 13:27,buogkan,department of highways,motorcycle,cutting in closely by people/vehicles/animals,rear-end collision,2,1,0,clear,18.29271883,103.9831978,other,other,2022-07-06T11:40:00Z
6509205,6.07.2022 18:50,7.07.2022 15:26,Nan,department of highways,4-wheel pickup truck,speeding,rollover/fallen on curved road,1,0,0,rainy,18.99119514,100.7662475,wide curve,no slope,2022-07-06T11:50:00Z
7568185,6.07.2022 19:00,24.01.2023 10:39,Amnat Charoen,department of highways,4-wheel pickup truck,speeding,rollover/fallen on straight road,1,0,0,clear,16.1612331,105.01109,straight road,no slope,2022-07-06T12:00:00Z
7414078,6.07.2022 19:50,28.11.2022 09:57,Nan,department of highways,pedestrian,speeding,pedestrian collision,1,0,0,rainy,19.02197938,100.7926297,straight road,no slope,2022-07-06T12:50:00Z
6513221,6.07.2022 20:20,8.07.2022 08:55,Bangkok,department of highways,4-wheel pickup truck,speeding,rollover/fallen on straight road,1,0,1,clear,13.7951926,100.6819537,straight road,no slope,2022-07-06T13:20:00Z
7088069,6.07.2022 21:00,11.10.2022 11:01,Loburi,department of highways,4-wheel pickup truck,speeding,rollover/fallen on straight road,1,0,0,clear,14.89626943,100.6085873,straight road,no slope,2022-07-06T14:00:00Z
6602715,6.07.2022 21:49,26.07.2022 14:55,Nakhon Ratchasima,department of highways,private/passenger car,speeding,rear-end collision,2,0,1,clear,14.37165243,101.8542588,wide curve,slope area,2022-07-06T14:49:00Z
6895615,6.07.2022 22:00,13.09.2022 09:20,Nong Bua Lam Phu,department of highways,large truck with trailer,speeding,rollover/fallen on curved road,1,0,0,rainy,17.23055828,102.4690103,wide curve,slope area,2022-07-06T15:00:00Z
6701807,6.07.2022 22:10,11.08.2022 12:27,Pathum Thani,department of highways,private/passenger car,speeding,rollover/fallen on straight road,1,0,0,clear,13.96663193,100.5137524,straight road,no slope,2022-07-06T15:10:00Z
7568085,7.07.2022 00:10,24.01.2023 09:30,Nong Khai,department of highways,4-wheel pickup truck,speeding,rollover/fallen on straight road,1,0,0,clear,18.24206846,103.1829071,straight road,no slope,2022-07-06T17:10:00Z
6593166,7.07.2022 02:10,25.07.2022 09:28,Lamphun,department of highways,6-wheel truck,speeding,rollover/fallen on curved road,1,0,1,clear,18.27006986,98.8207957,wide curve,no slope,2022-07-06T19:10:00Z
6543904,7.07.2022 02:30,13.07.2022 08:40,Loburi,department of highways,4-wheel pickup truck,falling asleep,rollover/fallen on straight road,1,0,0,clear,15.09591857,101.0782608,other,other,2022-07-06T19:30:00Z
7414526,7.07.2022 03:00,29.11.2022 13:29,Khon Kaen,department of highways,other,speeding,rollover/fallen on straight road,1,0,0,clear,16.76556755,102.8149402,straight road,no slope,2022-07-06T20:00:00Z
6658366,7.07.2022 03:30,25.07.2022 09:43,Satun,department of rural roads,large truck with trailer,using mobile phone while driving,other,1,0,0,other,6.794801,99.959933,straight road,no slope,2022-07-06T20:30:00Z
7558283,7.07.2022 04:00,12.01.2023 14:22,Nakhon Ratchasima,department of highways,6-wheel truck,speeding,rollover/fallen on straight road,1,0,2,clear,14.93790778,101.9920824,straight road,no slope,2022-07-06T21:00:00Z
7564550,7.07.2022 04:00,19.01.2023 22:04,Trang,department of highways,private/passenger car,speeding,rollover/fallen on straight road,1,0,0,clear,7.508285098,99.63030247,straight road,no slope,2022-07-06T21:00:00Z
7567870,7.07.2022 04:00,24.01.2023 06:58,Nakhon Pathom,department of highways,private/passenger car,speeding,rollover/fallen on straight road,1,0,0,clear,13.87782915,100.059681,straight road,no slope,2022-07-06T21:00:00Z
6602162,7.07.2022 04:20,26.07.2022 13:30,Songkhla,department of highways,private/passenger car,falling asleep,rollover/fallen on straight road,1,0,1,clear,7.030428447,100.4491058,other,other,2022-07-06T21:20:00Z
7532552,7.07.2022 07:30,1.01.2023 12:08,Nan,department of highways,4-wheel pickup truck,speeding,rollover/fallen on straight road,1,0,2,rainy,18.55334861,100.715138,wide curve,no slope,2022-07-07T00:30:00Z
6607892,7.07.2022 08:00,27.07.2022 09:15,Tak,department of highways,4-wheel pickup truck,speeding,rollover/fallen on curved road,1,0,0,rainy,16.77204187,98.68772863,wide curve,no slope,2022-07-07T01:00:00Z
7564551,7.07.2022 09:00,19.01.2023 22:05,Trang,department of highways,other,speeding,rollover/fallen on straight road,1,0,0,clear,7.542880063,99.49206142,straight road,no slope,2022-07-07T02:00:00Z
6600371,7.07.2022 09:30,26.07.2022 09:02,Narathiwat,department of highways,motorcycle,speeding,collision with obstruction (on road surface),24,0,0,clear,6.504512813,101.6591361,straight road,no slope,2022-07-07T02:30:00Z
6602178,7.07.2022 09:40,26.07.2022 13:30,Uttaradit,department of highways,4-wheel pickup truck,speeding,rollover/fallen on curved road,1,0,0,rainy,17.7180244,100.5848148,wide curve,no slope,2022-07-07T02:40:00Z
6593167,7.07.2022 10:00,25.07.2022 09:25,Loburi,department of highways,4-wheel pickup truck,speeding,rear-end collision,2,0,1,clear,15.15695041,101.0568514,straight road,no slope,2022-07-07T03:00:00Z
6650568,7.07.2022 10:34,3.08.2022 10:16,Bangkok,expressway authority of thailand,other,other,rear-end collision,4,0,0,clear,13.68931278,100.5228741,straight road,other,2022-07-07T03:34:00Z
6625475,7.07.2022 10:39,30.07.2022 06:49,Ubon Ratchathani,department of highways,4-wheel pickup truck,speeding,rollover/fallen on straight road,1,0,0,clear,15.53351761,104.7102186,wide curve,no slope,2022-07-07T03:39:00Z
7088062,7.07.2022 10:50,11.10.2022 10:53,Loburi,department of highways,4-wheel pickup truck,speeding,rollover/fallen on straight road,1,0,1,clear,15.01677454,100.6815219,straight road,no slope,2022-07-07T03:50:00Z
6586431,7.07.2022 11:00,21.07.2022 15:53,Kalasin,department of highways,other,speeding,collision with obstruction (on road surface),1,0,0,clear,16.41026481,103.6231246,straight road,no slope,2022-07-07T04:00:00Z
6600544,7.07.2022 11:00,26.07.2022 09:40,Phrae,department of highways,4-wheel pickup truck,speeding,rollover/fallen on curved road,1,0,0,rainy,18.05634768,99.69903676,wide curve,slope area,2022-07-07T04:00:00Z
7537158,7.07.2022 11:00,2.01.2023 10:57,Phrae,department of highways,6-wheel truck,falling asleep,rollover/fallen on straight road,1,0,0,clear,17.79456547,99.47767942,straight road,no slope,2022-07-07T04:00:00Z
7532554,7.07.2022 11:10,1.01.2023 12:09,Nan,department of highways,4-wheel pickup truck,speeding,rollover/fallen on straight road,1,0,0,rainy,18.56627067,100.7350936,straight road,no slope,2022-07-07T04:10:00Z
6544787,7.07.2022 11:26,13.07.2022 12:28,Phra Nakhon Si Ayutthaya,department of highways,4-wheel pickup truck,speeding,rear-end collision,4,0,0,clear,14.18872195,100.6349131,other,other,2022-07-07T04:26:00Z
6579509,7.07.2022 12:40,20.07.2022 12:01,buogkan,department of highways,private/passenger car,speeding,rollover/fallen on curved road,1,0,1,rainy,18.34497359,103.6669707,wide curve,no slope,2022-07-07T05:40:00Z
6600551,7.07.2022 14:00,26.07.2022 09:42,Phrae,department of highways,4-wheel pickup truck,speeding,rollover/fallen on curved road,1,0,0,rainy,18.05645479,99.69811408,wide curve,slope area,2022-07-07T07:00:00Z
6544184,7.07.2022 14:20,13.07.2022 09:50,Samut Prakan,department of highways,large truck with trailer,speeding,rollover/fallen on straight road,1,0,0,clear,13.61965974,100.6451672,straight road,no slope,2022-07-07T07:20:00Z
6805188,7.07.2022 15:00,29.08.2022 09:49,Maha Sarakham,department of highways,van,speeding,rollover/fallen on straight road,2,0,0,clear,16.41345267,103.0887991,straight road,no slope,2022-07-07T08:00:00Z
6525898,7.07.2022 16:00,10.07.2022 11:22,Phetchaburi,department of highways,large truck with trailer,speeding,rollover/fallen on straight road,1,0,0,rainy,12.81477243,99.94172572,straight road,no slope,2022-07-07T09:00:00Z
6601316,7.07.2022 16:00,26.07.2022 11:02,Phitsanulok,department of highways,4-wheel pickup truck,falling asleep,rollover/fallen on straight road,1,0,5,clear,16.64245728,100.443162,straight road,no slope,2022-07-07T09:00:00Z
6594460,7.07.2022 16:28,25.07.2022 13:17,Chon Buri,department of highways,motorcycle,speeding,rear-end collision,2,0,1,clear,12.94971438,100.9362244,straight road,no slope,2022-07-07T09:28:00Z
7379396,7.07.2022 16:30,24.11.2022 13:35,Chaiyaphum,department of highways,6-wheel truck,speeding,rollover/fallen on straight road,1,0,1,clear,16.24502214,101.9303155,straight road,no slope,2022-07-07T09:30:00Z
7568133,7.07.2022 17:20,24.01.2023 09:58,Sakon Nakhon,department of highways,4-wheel pickup truck,speeding,rollover/fallen on curved road,1,0,1,rainy,16.81495782,103.894068,wide curve,no slope,2022-07-07T10:20:00Z
7532464,7.07.2022 17:30,1.01.2023 11:44,Phrae,department of highways,4-wheel pickup truck,speeding,rollover/fallen on curved road,1,0,0,rainy,18.36766621,100.3758761,wide curve,no slope,2022-07-07T10:30:00Z
7532462,7.07.2022 17:40,1.01.2023 11:43,Phrae,department of highways,other,speeding,rollover/fallen on straight road,1,0,0,rainy,18.35923256,100.3442636,wide curve,no slope,2022-07-07T10:40:00Z
6637824,7.07.2022 17:45,1.08.2022 09:38,Sakon Nakhon,department of highways,4-wheel pickup truck,speeding,rollover/fallen on curved road,1,0,2,clear,16.8149758,103.8940519,wide curve,no slope,2022-07-07T10:45:00Z
6608180,7.07.2022 18:05,27.07.2022 10:04,Bangkok,expressway authority of thailand,other,other,rear-end collision,2,0,0,clear,13.753147,100.598417,wide curve,other,2022-07-07T11:05:00Z
6587300,7.07.2022 18:45,21.07.2022 19:41,Ubon Ratchathani,department of highways,motorcycle,speeding,rollover/fallen on straight road,1,1,0,rainy,15.37244136,104.5958787,straight road,no slope,2022-07-07T11:45:00Z
6567194,7.07.2022 20:30,11.07.2022 08:59,Bangkok,department of rural roads,motorcycle,tailgating,other,2,0,1,clear,13.670523,100.538645,straight road,slope area,2022-07-07T13:30:00Z
6543771,7.07.2022 21:30,13.07.2022 08:19,Loburi,department of highways,4-wheel pickup truck,driving under the influence of alcohol,collision with obstruction (on road surface),1,0,0,clear,14.79231546,100.4928633,other,other,2022-07-07T14:30:00Z
7087970,7.07.2022 21:56,11.10.2022 13:31,Saraburi,department of highways,4-wheel pickup truck,speeding,rear-end collision,3,0,2,clear,14.41503157,100.8923167,straight road,no slope,2022-07-07T14:56:00Z
6539813,7.07.2022 22:20,12.07.2022 14:49,Prachuap Khiri Khan,department of highways,4-wheel pickup truck,speeding,rollover/fallen on straight road,1,0,0,clear,11.2571256,99.43861841,straight road,no slope,2022-07-07T15:20:00Z
6601187,7.07.2022 22:20,26.07.2022 10:41,Phrae,department of highways,private/passenger car,speeding,rollover/fallen on straight road,1,1,0,clear,18.42652227,100.1835269,straight road,no slope,2022-07-07T15:20:00Z
6567196,7.07.2022 22:30,11.07.2022 09:00,Bangkok,department of rural roads,motorcycle,speeding,other,2,1,0,clear,13.675105,100.539173,straight road,slope area,2022-07-07T15:30:00Z
6539830,8.07.2022 00:50,12.07.2022 14:50,Prachuap Khiri Khan,department of highways,6-wheel truck,speeding,rollover/fallen on straight road,1,0,0,clear,11.17600736,99.39780055,straight road,no slope,2022-07-07T17:50:00Z
6600368,8.07.2022 01:40,26.07.2022 09:03,Phrae,department of highways,4-wheel pickup truck,falling asleep,rollover/fallen on curved road,1,0,0,clear,17.8647376,100.039849,wide curve,no slope,2022-07-07T18:40:00Z
6607876,8.07.2022 04:20,27.07.2022 09:13,Tak,department of highways,large truck with trailer,speeding,rollover/fallen on curved road,1,0,0,rainy,16.80985094,98.96122812,wide curve,slope area,2022-07-07T21:20:00Z
7568286,8.07.2022 06:00,24.01.2023 11:55,Samut Songkhram,department of highways,4-wheel pickup truck,speeding,rear-end collision,2,0,0,clear,13.44171385,100.0669312,straight road,no slope,2022-07-07T23:00:00Z
6609143,8.07.2022 06:25,27.07.2022 13:50,Nakhon Ratchasima,department of highways,4-wheel pickup truck,speeding,rollover/fallen on straight road,1,0,0,clear,14.6442621,101.2920329,straight road,no slope,2022-07-07T23:25:00Z
6544185,8.07.2022 07:30,13.07.2022 09:51,Samut Prakan,department of highways,large truck with trailer,falling asleep,rollover/fallen on straight road,1,0,0,clear,13.5753298,100.896222,straight road,no slope,2022-07-08T00:30:00Z
6578564,8.07.2022 07:30,20.07.2022 09:22,Sukhothai,department of highways,private/passenger car,vehicle equipment failure,other,1,0,0,clear,17.01173077,99.83733414,other,other,2022-07-08T00:30:00Z
7570860,8.07.2022 08:00,26.01.2023 09:07,Nakhon Ratchasima,department of highways,large truck with trailer,speeding,rollover/fallen on straight road,1,0,0,clear,14.94380788,102.0057258,straight road,no slope,2022-07-08T01:00:00Z
6525631,8.07.2022 08:15,10.07.2022 10:06,Bangkok,department of highways,private/passenger car,speeding,rollover/fallen on straight road,1,0,0,clear,13.85166388,100.6734323,straight road,no slope,2022-07-08T01:15:00Z
6515214,8.07.2022 08:20,8.07.2022 16:10,Chiang Mai,department of highways,motorcycle,speeding,rear-end collision,3,1,0,clear,18.47463565,98.79321723,straight road,no slope,2022-07-08T01:20:00Z
6633322,8.07.2022 08:30,31.07.2022 14:38,Bangkok,department of highways,other,speeding,collision with obstruction (on road surface),1,0,0,clear,13.73299901,100.7014078,other,other,2022-07-08T01:30:00Z
6607996,8.07.2022 08:52,27.07.2022 09:30,Kalasin,department of highways,4-wheel pickup truck,falling asleep,rollover/fallen on straight road,1,0,0,clear,16.41144322,103.6482462,straight road,no slope,2022-07-08T01:52:00Z
7557965,8.07.2022 09:41,12.01.2023 11:52,Nakhon Ratchasima,department of highways,4-wheel pickup truck,speeding,rollover/fallen on straight road,1,0,0,clear,14.63317955,101.2377396,straight road,no slope,2022-07-08T02:41:00Z
6635203,8.07.2022 09:45,31.07.2022 22:07,Nakhon Phanom,department of highways,van,speeding,rollover/fallen on straight road,1,0,0,rainy,17.27905766,104.778623,straight road,no slope,2022-07-08T02:45:00Z
6741643,8.07.2022 10:00,18.08.2022 14:40,Chanthaburi,department of highways,4-wheel pickup truck,speeding,rollover/fallen on straight road,1,1,1,rainy,12.43410131,102.3079893,straight road,no slope,2022-07-08T03:00:00Z
7140709,8.07.2022 10:00,20.10.2022 15:08,Ang Thong,department of highways,other,speeding,rollover/fallen on straight road,1,0,0,clear,14.66951851,100.4710114,straight road,no slope,2022-07-08T03:00:00Z
7331710,8.07.2022 10:15,13.07.2022 12:22,Nonthaburi,department of highways,private/passenger car,speeding,rear-end collision,9,0,6,clear,13.90740024,100.5052793,other,other,2022-07-08T03:15:00Z
7566743,8.07.2022 11:30,22.01.2023 07:53,Chachoengsao,department of highways,4-wheel pickup truck,speeding,rear-end collision,2,0,0,clear,13.48619126,100.8769315,straight road,no slope,2022-07-08T04:30:00Z
6592485,8.07.2022 11:40,22.07.2022 15:35,Lampang,department of highways,6-wheel truck,speeding,rollover/fallen on straight road,1,0,0,clear,18.91683202,99.93876992,straight road,no slope,2022-07-08T04:40:00Z
7517791,8.07.2022 11:40,29.12.2022 13:31,buogkan,department of highways,4-wheel pickup truck,speeding,head-on collision (not overtaking),2,0,3,rainy,18.33469296,103.6946726,straight road,no slope,2022-07-08T04:40:00Z
6520124,8.07.2022 11:45,9.07.2022 10:20,Bangkok,department of highways,private/passenger car,speeding,rear-end collision,2,0,0,clear,13.83457704,100.6737864,straight road,no slope,2022-07-08T04:45:00Z
6579328,8.07.2022 13:00,20.07.2022 11:27,buogkan,department of highways,4-wheel pickup truck,vehicle equipment failure,rollover/fallen on straight road,1,0,0,clear,17.91132414,103.7850737,straight road,no slope,2022-07-08T06:00:00Z
6594474,8.07.2022 13:00,25.07.2022 13:24,Chon Buri,department of highways,motorcycle,speeding,rollover/fallen on straight road,1,0,1,clear,12.94948173,100.9353018,straight road,no slope,2022-07-08T06:00:00Z
6607880,8.07.2022 13:00,27.07.2022 09:14,Tak,department of highways,4-wheel pickup truck,speeding,rollover/fallen on curved road,1,0,2,clear,16.76291459,98.87772022,wide curve,no slope,2022-07-08T06:00:00Z
6594563,8.07.2022 13:15,25.07.2022 13:43,Chon Buri,department of highways,private/passenger car,speeding,rollover/fallen on straight road,1,0,0,clear,12.84102446,100.9827527,straight road,no slope,2022-07-08T06:15:00Z
7378549,8.07.2022 13:30,24.11.2022 09:53,Phetchabun,department of highways,private/passenger car,speeding,rollover/fallen on straight road,1,1,0,clear,15.34242979,101.1347869,wide curve,slope area,2022-07-08T06:30:00Z
7438842,8.07.2022 14:24,7.12.2022 14:40,Nakhon Ratchasima,department of highways,other,speeding,rollover/fallen on straight road,1,0,0,clear,15.65550657,102.5724202,straight road,no slope,2022-07-08T07:24:00Z
6600546,8.07.2022 15:00,26.07.2022 09:43,Phrae,department of highways,van,speeding,rollover/fallen on curved road,1,0,1,rainy,18.05687046,99.69711898,wide curve,slope area,2022-07-08T08:00:00Z
6544234,8.07.2022 15:20,13.07.2022 10:00,Samut Prakan,department of highways,4-wheel pickup truck,speeding,rear-end collision,2,0,4,clear,13.64448025,100.7445994,straight road,no slope,2022-07-08T08:20:00Z
6544209,8.07.2022 15:30,13.07.2022 09:56,Samut Prakan,department of highways,large truck with trailer,falling asleep,rear-end collision,2,0,0,clear,13.57540281,100.8962354,straight road,no slope,2022-07-08T08:30:00Z
6538024,8.07.2022 15:50,12.07.2022 10:39,Sukhothai,department of highways,4-wheel pickup truck,speeding,rear-end collision,2,0,0,clear,17.0100277,99.79455291,straight road,no slope,2022-07-08T08:50:00Z
6579979,8.07.2022 16:00,20.07.2022 14:06,Sakon Nakhon,department of highways,4-wheel pickup truck,falling asleep,rear-end collision,2,0,3,clear,17.23189812,104.0272423,straight road,no slope,2022-07-08T09:00:00Z
6746102,8.07.2022 16:15,19.08.2022 09:42,Phetchabun,department of highways,4-wheel pickup truck,other,rear-end collision,2,0,0,clear,16.77478972,101.0615346,sharp curve,slope area,2022-07-08T09:15:00Z
7414108,8.07.2022 17:30,28.11.2022 10:19,Maha Sarakham,department of highways,private/passenger car,speeding,rollover/fallen on curved road,1,0,1,clear,16.16050661,103.3029815,wide curve,no slope,2022-07-08T10:30:00Z
6525551,8.07.2022 18:07,10.07.2022 09:42,Bangkok,department of highways,private/passenger car,speeding,rear-end collision,3,0,0,clear,13.73188124,100.7103824,straight road,no slope,2022-07-08T11:07:00Z
6600589,8.07.2022 18:10,26.07.2022 09:47,Surat Thani,department of highways,4-wheel pickup truck,speeding,rollover/fallen on straight road,1,0,0,clear,9.113707287,99.26216124,straight road,no slope,2022-07-08T11:10:00Z
7414028,8.07.2022 18:15,28.11.2022 09:42,Chumphon,department of highways,large truck with trailer,speeding,rear-end collision,3,0,0,clear,9.950688324,99.06373142,straight road,slope area,2022-07-08T11:15:00Z
6543802,8.07.2022 18:30,13.07.2022 08:22,Nakhon Sawan,department of highways,4-wheel pickup truck,speeding,rollover/fallen on straight road,1,0,1,rainy,15.70373286,100.1148301,straight road,no slope,2022-07-08T11:30:00Z
6890723,8.07.2022 19:00,12.09.2022 14:50,Tak,department of highways,large truck with trailer,speeding,rollover/fallen on curved road,1,0,0,clear,16.75117997,98.8633114,wide curve,slope area,2022-07-08T12:00:00Z
7567382,8.07.2022 19:00,23.01.2023 14:43,Trat,department of highways,large truck with trailer,worn-out/tire blowout,rear-end collision,2,0,0,clear,12.26315202,102.5281611,straight road,no slope,2022-07-08T12:00:00Z
6746106,8.07.2022 19:10,19.08.2022 09:43,Phetchabun,department of highways,4-wheel pickup truck,vehicle equipment failure,rollover/fallen on straight road,1,0,0,rainy,16.74245495,101.2217268,other,other,2022-07-08T12:10:00Z
6525692,8.07.2022 19:22,10.07.2022 10:35,Chachoengsao,department of highways,private/passenger car,speeding,rear-end collision,2,1,0,rainy,13.59513122,100.9603697,straight road,no slope,2022-07-08T12:22:00Z
6520157,8.07.2022 19:24,9.07.2022 10:34,Pathum Thani,department of highways,private/passenger car,speeding,rear-end collision,2,0,0,rainy,14.14907302,100.6594956,straight road,no slope,2022-07-08T12:24:00Z
6586367,8.07.2022 19:35,21.07.2022 15:35,Chanthaburi,department of highways,4-wheel pickup truck,speeding,rollover/fallen on curved road,1,0,0,rainy,12.73265902,102.0829037,wide curve,no slope,2022-07-08T12:35:00Z
6579757,8.07.2022 19:40,20.07.2022 13:19,Roi Et,department of highways,4-wheel pickup truck,speeding,rollover/fallen on straight road,1,0,0,clear,16.02597439,103.6595464,straight road,no slope,2022-07-08T12:40:00Z
6525528,8.07.2022 19:48,10.07.2022 09:35,Pathum Thani,department of highways,6-wheel truck,speeding,rear-end collision,2,0,1,rainy,14.05184333,100.6981033,straight road,no slope,2022-07-08T12:48:00Z
6594949,8.07.2022 20:05,25.07.2022 14:50,Narathiwat,department of highways,4-wheel pickup truck,illegal overtaking,rear-end collision,2,0,0,clear,6.505173719,101.6586131,straight road,no slope,2022-07-08T13:05:00Z
6777794,8.07.2022 20:05,24.08.2022 12:35,Si Sa Ket,department of highways,4-wheel pickup truck,cutting in closely by people/vehicles/animals,rear-end collision,3,0,3,rainy,15.08402139,104.34325750000001,straight road,no slope,2022-07-08T13:05:00Z
7087973,8.07.2022 20:20,11.10.2022 13:20,Saraburi,department of highways,6-wheel truck,speeding,rollover/fallen on straight road,1,0,0,rainy,14.37074563,100.9668231,other,other,2022-07-08T13:20:00Z
6525552,8.07.2022 20:50,10.07.2022 09:43,Bangkok,department of highways,4-wheel pickup truck,speeding,rollover/fallen on straight road,1,0,0,rainy,13.74753743,100.7024726,straight road,no slope,2022-07-08T13:50:00Z
6544210,8.07.2022 21:50,13.07.2022 09:58,Samut Prakan,department of highways,4-wheel pickup truck,speeding,rollover/fallen on straight road,1,0,1,rainy,13.59709433,100.6046578,straight road,no slope,2022-07-08T14:50:00Z
6531179,8.07.2022 22:10,11.07.2022 08:32,Ang Thong,department of highways,motorcycle,speeding,rear-end collision,2,0,1,rainy,14.57661105,100.4870885,straight road,no slope,2022-07-08T15:10:00Z
6607907,8.07.2022 22:20,27.07.2022 09:19,Phetchabun,department of highways,4-wheel pickup truck,speeding,rollover/fallen on curved road,1,0,0,clear,17.00253813,101.3547751,wide curve,no slope,2022-07-08T15:20:00Z
7563909,8.07.2022 22:50,19.01.2023 08:47,Phra Nakhon Si Ayutthaya,department of highways,4-wheel pickup truck,speeding,rear-end collision,3,0,0,clear,14.26961065,100.7935175,straight road,no slope,2022-07-08T15:50:00Z
7560844,8.07.2022 23:21,16.01.2023 14:42,Bangkok,department of highways,large truck with trailer,speeding,rollover/fallen on curved road,1,0,0,rainy,13.80321797,100.8856112,wide curve,no slope,2022-07-08T16:21:00Z
6650593,8.07.2022 23:47,3.08.2022 10:22,Bangkok,expressway authority of thailand,other,other,side collision,2,0,0,rainy,13.699776,100.591198,straight road,other,2022-07-08T16:47:00Z
6579288,8.07.2022 23:50,20.07.2022 11:22,Kanchanaburi,department of highways,private/passenger car,running red lights/traffic signals,head-on collision (not overtaking),2,0,1,clear,14.02881753,99.55283223,other,other,2022-07-08T16:50:00Z
6650583,9.07.2022 00:06,3.08.2022 10:19,Bangkok,expressway authority of thailand,other,other,rear-end collision,2,0,0,rainy,13.828595,100.629079,straight road,other,2022-07-08T17:06:00Z
6600338,9.07.2022 00:10,26.07.2022 08:59,Samut Prakan,department of highways,7-10-wheel truck,speeding,rollover/fallen on curved road,1,0,0,rainy,13.64980269,100.6873315,wide curve,no slope,2022-07-08T17:10:00Z
6602203,9.07.2022 00:10,26.07.2022 13:36,Chanthaburi,department of highways,4-wheel pickup truck,speeding,rollover/fallen on curved road,1,0,1,rainy,12.56412194,102.1609238,other,other,2022-07-08T17:10:00Z
6531898,9.07.2022 00:20,11.07.2022 10:48,Samut Prakan,department of highways,4-wheel pickup truck,speeding,rollover/fallen on curved road,1,0,0,rainy,13.64992519,100.6873315,wide curve,no slope,2022-07-08T17:20:00Z
6520468,9.07.2022 00:55,9.07.2022 11:47,Bangkok,department of highways,4-wheel pickup truck,speeding,rollover/fallen on curved road,1,0,0,rainy,13.73299641,100.705525,other,other,2022-07-08T17:55:00Z
7419037,9.07.2022 01:26,30.11.2022 11:48,Ubon Ratchathani,department of highways,4-wheel pickup truck,speeding,rollover/fallen on straight road,1,0,0,rainy,14.89294378,105.0820586,straight road,no slope,2022-07-08T18:26:00Z
7446682,9.07.2022 01:30,9.12.2022 09:57,Nakhon Ratchasima,department of highways,4-wheel pickup truck,speeding,rollover/fallen on straight road,1,0,3,clear,14.95669111,101.678165,straight road,no slope,2022-07-08T18:30:00Z