acc_code,incident_datetime,report_datetime,province_en,agency,vehicle_type,presumed_cause,accident_type,number_of_vehicles_involved,number_of_fatalities,number_of_injuries,weather_condition,latitude,longitude,road_description,slope_description,incident_time
6525573,9.07.2022 01:55,10.07.2022 09:50,Bangkok,department of highways,4-wheel pickup truck,speeding,rear-end collision,2,0,1,clear,13.79167084,100.6839144,straight road,no slope,2022-07-08T18:55:00Z
7564981,9.07.2022 02:00,20.01.2023 06:49,Samut Prakan,department of highways,motorcycle,speeding,rear-end collision,2,0,1,clear,13.61689262,100.7461765,straight road,no slope,2022-07-08T19:00:00Z
6544187,9.07.2022 02:30,13.07.2022 09:53,Pathum Thani,department of highways,private/passenger car,speeding,rollover/fallen on curved road,1,0,4,clear,13.96671522,100.54555,wide curve,no slope,2022-07-08T19:30:00Z
6814171,9.07.2022 03:30,31.08.2022 10:59,Surin,department of highways,4-wheel pickup truck,speeding,rollover/fallen on straight road,1,0,2,rainy,14.60860027,103.5437393,straight road,no slope,2022-07-08T20:30:00Z
6525616,9.07.2022 03:50,10.07.2022 10:01,Samut Prakan,department of highways,4-wheel pickup truck,speeding,rollover/fallen on straight road,1,0,0,clear,13.65383484,100.6901023,straight road,no slope,2022-07-08T20:50:00Z
6889609,9.07.2022 04:00,12.09.2022 11:19,Nakhon Ratchasima,department of highways,4-wheel pickup truck,speeding,rollover/fallen on straight road,1,0,1,rainy,15.00291431,102.5209835,straight road,no slope,2022-07-08T21:00:00Z
6608666,9.07.2022 04:20,27.07.2022 11:47,Amnat Charoen,department of highways,private/passenger car,speeding,rollover/fallen on straight road,1,0,1,clear,15.92331908,104.6271881,straight road,no slope,2022-07-08T21:20:00Z
6525554,9.07.2022 04:38,10.07.2022 09:44,Bangkok,department of highways,4-wheel pickup truck,speeding,rollover/fallen on straight road,1,0,0,rainy,13.88608894,100.6872028,straight road,no slope,2022-07-08T21:38:00Z
6544111,9.07.2022 05:00,13.07.2022 09:26,Ang Thong,department of highways,7-10-wheel truck,failure to yield right of way,rear-end collision,2,0,1,rainy,14.58094871,100.4624927,other,other,2022-07-08T22:00:00Z
6600372,9.07.2022 06:00,26.07.2022 09:01,Bangkok,department of highways,large truck with trailer,speeding,rear-end collision,2,0,10,rainy,13.83548077,100.6736442,straight road,no slope,2022-07-08T23:00:00Z
7562328,9.07.2022 06:10,18.01.2023 07:41,Nakhon Si Thammarat,department of highways,4-wheel pickup truck,falling asleep,rollover/fallen on straight road,1,0,0,clear,8.386192578,99.40234153,straight road,no slope,2022-07-08T23:10:00Z
6602714,9.07.2022 06:30,26.07.2022 14:57,Nakhon Ratchasima,department of highways,4-wheel pickup truck,speeding,rollover/fallen on straight road,1,0,2,rainy,14.50998567,101.9549194,straight road,no slope,2022-07-08T23:30:00Z
7414312,9.07.2022 07:00,28.11.2022 11:48,Nakhon Ratchasima,department of highways,motorcycle,speeding,rear-end collision,2,0,0,rainy,14.92595433,102.0593539,straight road,no slope,2022-07-09T00:00:00Z
7571316,9.07.2022 07:00,26.01.2023 13:20,Prachin Buri,department of highways,large truck with trailer,speeding,collision with obstruction (on road surface),2,0,2,clear,14.2997285,101.8787366,wide curve,slope area,2022-07-09T00:00:00Z
6520374,9.07.2022 07:10,9.07.2022 11:23,Pathum Thani,department of highways,private/passenger car,speeding,rear-end collision,2,0,0,clear,14.01423949,100.7020891,straight road,no slope,2022-07-09T00:10:00Z
7433730,9.07.2022 07:50,6.12.2022 09:35,Nakhon Ratchasima,department of highways,large truck with trailer,speeding,collision with obstruction (on road surface),2,0,1,clear,15.08210763,101.9037849,straight road,no slope,2022-07-09T00:50:00Z
6723643,9.07.2022 08:30,15.08.2022 11:13,Chon Buri,department of highways,7-10-wheel truck,speeding,rollover/fallen on straight road,1,0,0,clear,13.5340635,101.2629738,straight road,no slope,2022-07-09T01:30:00Z
6602428,9.07.2022 09:00,26.07.2022 14:14,Bangkok,department of highways,other,speeding,rollover/fallen on straight road,1,0,0,clear,13.89746215,100.5890795,straight road,no slope,2022-07-09T02:00:00Z
6621214,9.07.2022 09:57,29.07.2022 12:26,Samut Prakan,department of highways,private/passenger car,speeding,rear-end collision,2,0,1,clear,13.64823621,100.8777174,straight road,no slope,2022-07-09T02:57:00Z
7558180,9.07.2022 10:00,12.01.2023 14:01,Nakhon Ratchasima,department of highways,large truck with trailer,vehicle equipment failure,other,2,0,0,clear,14.63282012,101.2161358,straight road,slope area,2022-07-09T03:00:00Z
7422377,9.07.2022 10:40,1.12.2022 11:09,Chiang Mai,department of highways,motorcycle,speeding,rear-end collision,3,0,1,clear,18.84809905,99.01376991,straight road,no slope,2022-07-09T03:40:00Z
6544322,9.07.2022 11:50,13.07.2022 10:20,Surat Thani,department of highways,private/passenger car,speeding,rollover/fallen on straight road,1,0,1,clear,8.609432997,99.41999315,straight road,no slope,2022-07-09T04:50:00Z
7562304,9.07.2022 12:00,18.01.2023 07:07,Nakhon Si Thammarat,department of highways,4-wheel pickup truck,cutting in closely by people/vehicles/animals,rear-end collision,2,0,0,clear,8.102350883,99.88568901,wide curve,slope area,2022-07-09T05:00:00Z
6538066,9.07.2022 12:16,12.07.2022 10:48,Sukhothai,department of highways,motorcycle,speeding,rear-end collision,2,0,1,clear,17.32323235,99.836926450000007,straight road,no slope,2022-07-09T05:16:00Z
6527281,9.07.2022 12:59,10.07.2022 16:28,Chon Buri,department of highways,private/passenger car,speeding,rear-end collision,2,0,0,clear,13.15956309,100.9883237,straight road,no slope,2022-07-09T05:59:00Z
6723589,9.07.2022 14:00,15.08.2022 11:03,Phangnga,department of highways,4-wheel pickup truck,speeding,rollover/fallen on straight road,1,0,2,rainy,8.32148885,98.41062693,wide curve,slope area,2022-07-09T07:00:00Z
6540252,9.07.2022 14:30,12.07.2022 16:28,Nakhon Si Thammarat,department of highways,motorcycle,speeding,rear-end collision,2,1,0,clear,8.115707499,99.87842827,straight road,no slope,2022-07-09T07:30:00Z
6632606,9.07.2022 14:53,31.07.2022 11:37,Samut Prakan,department of highways,large truck with trailer,speeding,rear-end collision,2,0,1,clear,13.62267317,100.9175214,straight road,no slope,2022-07-09T07:53:00Z
6544125,9.07.2022 15:00,13.07.2022 09:32,Kanchanaburi,department of highways,4-wheel pickup truck,speeding,rollover/fallen on straight road,1,0,2,clear,14.56890636,99.71699147,straight road,no slope,2022-07-09T08:00:00Z
6539836,9.07.2022 15:30,12.07.2022 14:54,Prachuap Khiri Khan,department of highways,4-wheel pickup truck,speeding,rollover/fallen on curved road,1,0,0,rainy,11.43261216,99.55967991,wide curve,no slope,2022-07-09T08:30:00Z
6600795,9.07.2022 15:30,26.07.2022 10:06,Chumphon,department of highways,4-wheel pickup truck,speeding,rollover/fallen on straight road,1,0,0,rainy,9.817921202,99.06350611,straight road,no slope,2022-07-09T08:30:00Z
6595054,9.07.2022 15:45,25.07.2022 15:06,Yala,department of highways,4-wheel pickup truck,speeding,rollover/fallen on straight road,1,0,1,clear,6.490217854,101.3075924,straight road,no slope,2022-07-09T08:45:00Z
7568308,9.07.2022 16:00,24.01.2023 12:31,Bangkok,department of highways,4-wheel pickup truck,speeding,rollover/fallen on straight road,1,0,0,clear,13.74132614,100.6430885,other,other,2022-07-09T09:00:00Z
7567553,9.07.2022 16:20,23.01.2023 18:05,Chumphon,department of highways,4-wheel pickup truck,speeding,rollover/fallen on curved road,1,1,2,rainy,10.65318776,99.18770312,wide curve,slope area,2022-07-09T09:20:00Z
6525871,9.07.2022 16:39,10.07.2022 11:18,Chon Buri,department of highways,large truck with trailer,speeding,rear-end collision,2,0,0,clear,13.42958554,101.0465035,straight road,no slope,2022-07-09T09:39:00Z
7562832,9.07.2022 17:00,18.01.2023 11:52,Surat Thani,department of highways,large truck with trailer,speeding,rollover/fallen on straight road,1,0,0,clear,8.785528637,99.31619702,straight road,no slope,2022-07-09T10:00:00Z
6869796,9.07.2022 17:15,9.09.2022 11:24,Kalasin,department of highways,private/passenger car,speeding,rollover/fallen on straight road,1,0,0,clear,16.42216175,103.5120731,straight road,no slope,2022-07-09T10:15:00Z
6595051,9.07.2022 17:30,25.07.2022 15:07,Yala,department of highways,4-wheel pickup truck,speeding,rollover/fallen on curved road,1,0,1,clear,6.479642946,101.4465147,wide curve,no slope,2022-07-09T10:30:00Z
6746016,9.07.2022 18:30,19.08.2022 09:32,Phatthalung,department of highways,4-wheel pickup truck,speeding,rollover/fallen on curved road,1,0,0,rainy,7.575980681,99.9487236,other,other,2022-07-09T11:30:00Z
7558179,9.07.2022 18:30,12.01.2023 14:02,Nakhon Ratchasima,department of highways,4-wheel pickup truck,speeding,rollover/fallen on straight road,1,0,0,clear,14.6576432,101.372703,straight road,no slope,2022-07-09T11:30:00Z
7557957,9.07.2022 19:19,12.01.2023 11:49,Si Sa Ket,department of highways,6-wheel truck,cutting in closely by people/vehicles/animals,rear-end collision,2,0,1,clear,15.10016814,104.5026558,straight road,no slope,2022-07-09T12:19:00Z
6585369,9.07.2022 19:20,21.07.2022 11:35,Bangkok,department of highways,large truck with trailer,speeding,rear-end collision,2,0,0,rainy,13.7330407,100.701912,wide curve,no slope,2022-07-09T12:20:00Z
6525364,9.07.2022 19:25,10.07.2022 08:57,Bangkok,department of highways,private/passenger car,speeding,rear-end collision,8,0,4,rainy,13.8318372,100.6739822,straight road,no slope,2022-07-09T12:25:00Z
6595057,9.07.2022 19:30,25.07.2022 15:05,Yala,department of highways,4-wheel pickup truck,speeding,rollover/fallen on curved road,1,1,1,clear,6.037458941,101.1993036,sharp curve,slope area,2022-07-09T12:30:00Z
6658350,9.07.2022 19:30,21.07.2022 15:04,Loei,department of rural roads,private/passenger car,speeding,other,1,0,0,clear,17.514977,101.589814,wide curve,slope area,2022-07-09T12:30:00Z
7371831,9.07.2022 19:30,23.11.2022 11:41,Udon Thani,department of highways,4-wheel pickup truck,speeding,rollover/fallen on straight road,1,0,0,rainy,17.39909071,102.7659389,straight road,no slope,2022-07-09T12:30:00Z
6592507,9.07.2022 20:00,22.07.2022 15:40,Lamphun,department of highways,private/passenger car,speeding,rollover/fallen on straight road,1,0,0,clear,18.46254369,99.13463025,straight road,no slope,2022-07-09T13:00:00Z
6540009,9.07.2022 20:20,12.07.2022 15:31,Nakhon Si Thammarat,department of highways,4-wheel pickup truck,speeding,head-on collision (not overtaking),2,1,1,clear,8.42034996,99.84974472,straight road,no slope,2022-07-09T13:20:00Z
6594562,9.07.2022 20:35,25.07.2022 13:42,Chon Buri,department of highways,large truck with trailer,speeding,rollover/fallen on straight road,1,0,1,clear,13.1092395,100.9284353,straight road,no slope,2022-07-09T13:35:00Z
6525632,9.07.2022 20:40,10.07.2022 10:08,Bangkok,department of highways,4-wheel pickup truck,speeding,rollover/fallen on straight road,1,0,0,rainy,13.83382958,100.6739902,straight road,no slope,2022-07-09T13:40:00Z
6601258,9.07.2022 21:00,26.07.2022 10:55,Phitsanulok,department of highways,private/passenger car,speeding,rollover/fallen on curved road,1,0,1,rainy,16.84951104,100.2219763,wide curve,no slope,2022-07-09T14:00:00Z
6567227,9.07.2022 22:00,16.07.2022 06:42,Chiang Mai,department of rural roads,4-wheel pickup truck,speeding,other,1,0,0,clear,18.597528,98.833833,wide curve,no slope,2022-07-09T15:00:00Z
6608463,9.07.2022 22:21,27.07.2022 10:58,Samut Prakan,expressway authority of thailand,4-wheel pickup truck,other,rear-end collision,2,0,1,rainy,13.634861,100.54222,grade-separated intersection/ramps,other,2022-07-09T15:21:00Z
7088100,9.07.2022 23:30,11.10.2022 13:29,Saraburi,department of highways,4-wheel pickup truck,speeding,rear-end collision,2,0,0,clear,14.47164011,100.9090295,other,other,2022-07-09T16:30:00Z
7567526,9.07.2022 23:35,23.01.2023 16:45,Rayong,department of highways,6-wheel truck,speeding,rear-end collision,2,5,0,clear,12.74758952,101.1968466,straight road,no slope,2022-07-09T16:35:00Z
6591974,9.07.2022 23:43,22.07.2022 13:39,Chon Buri,department of highways,large truck with trailer,speeding,rollover/fallen on straight road,1,0,0,clear,13.11446145,100.9668285,straight road,no slope,2022-07-09T16:43:00Z
7055413,9.07.2022 23:50,7.10.2022 14:31,Suphan Buri,department of highways,7-10-wheel truck,overloaded vehicle,rollover/fallen on curved road,1,0,2,clear,14.4536778,100.008451,other,other,2022-07-09T16:50:00Z
7518762,9.07.2022 23:50,29.12.2022 14:55,Kamphaeng Phet,department of highways,4-wheel pickup truck,speeding,rear-end collision,2,0,0,rainy,16.37985023,99.5339012,straight road,no slope,2022-07-09T16:50:00Z
6592983,10.07.2022 00:59,25.07.2022 09:13,Chon Buri,department of highways,4-wheel pickup truck,speeding,rollover/fallen on straight road,1,0,1,rainy,13.49697353,101.1633968,straight road,no slope,2022-07-09T17:59:00Z
7521977,10.07.2022 01:00,30.12.2022 12:24,Phrae,department of highways,4-wheel pickup truck,speeding,rear-end collision,2,1,0,rainy,18.17113673,100.1729938,straight road,no slope,2022-07-09T18:00:00Z
6544108,10.07.2022 01:30,13.07.2022 09:29,Kanchanaburi,department of highways,private/passenger car,speeding,rollover/fallen on straight road,1,0,0,clear,14.06027088,99.42320912,straight road,no slope,2022-07-09T18:30:00Z
6602071,10.07.2022 01:30,26.07.2022 12:59,Rayong,department of highways,van,speeding,rollover/fallen on straight road,1,0,3,clear,12.64717957,101.4428267,other,other,2022-07-09T18:30:00Z
7438870,10.07.2022 01:30,7.12.2022 14:41,Nakhon Ratchasima,department of highways,private/passenger car,speeding,rollover/fallen on straight road,1,0,1,rainy,15.70688299,102.5863114,straight road,no slope,2022-07-09T18:30:00Z
6578537,10.07.2022 01:37,20.07.2022 09:17,Sukhothai,department of highways,motorcycle,speeding,rollover/fallen on straight road,1,0,2,clear,17.01558826,99.73893462,straight road,no slope,2022-07-09T18:37:00Z
6594494,10.07.2022 02:00,25.07.2022 13:26,Chon Buri,department of highways,motorcycle,speeding,rollover/fallen on straight road,1,0,1,clear,12.95128277,100.9590554,straight road,no slope,2022-07-09T19:00:00Z
7541505,10.07.2022 02:00,3.01.2023 09:24,Chiang Mai,department of highways,4-wheel pickup truck,speeding,rollover/fallen on straight road,1,1,0,clear,18.46963411,98.78786086,straight road,no slope,2022-07-09T19:00:00Z
7567354,10.07.2022 03:00,23.01.2023 14:26,Phuket,department of highways,4-wheel pickup truck,falling asleep,rollover/fallen on straight road,1,0,0,clear,7.868074019,98.35625319,straight road,no slope,2022-07-09T20:00:00Z
6544537,10.07.2022 03:40,13.07.2022 11:28,Phetchaburi,department of highways,4-wheel pickup truck,speeding,rollover/fallen on straight road,1,0,1,rainy,13.14982882,99.85269784,straight road,no slope,2022-07-09T20:40:00Z
6608035,10.07.2022 04:30,27.07.2022 09:38,Chon Buri,department of highways,private/passenger car,speeding,rollover/fallen on straight road,1,0,0,rainy,13.46851971,101.0459724,straight road,no slope,2022-07-09T21:30:00Z
7378756,10.07.2022 05:20,24.11.2022 10:24,Phetchabun,department of highways,4-wheel pickup truck,speeding,head-on collision (not overtaking),2,0,5,rainy,16.87922242,101.2383833,straight road,slope area,2022-07-09T22:20:00Z
7479886,10.07.2022 05:30,23.12.2022 11:35,Kamphaeng Phet,department of highways,large truck with trailer,speeding,rear-end collision,2,0,0,clear,16.38435314,99.52661297,straight road,no slope,2022-07-09T22:30:00Z
7560812,10.07.2022 05:30,16.01.2023 14:27,Bangkok,department of highways,private/passenger car,cutting in closely by people/vehicles/animals,rear-end collision,2,0,0,clear,13.77617371,100.5547708,straight road,no slope,2022-07-09T22:30:00Z
6600256,10.07.2022 05:40,26.07.2022 08:43,Chiang Rai,department of highways,private/passenger car,cutting in closely by people/vehicles/animals,rear-end collision,2,2,4,clear,19.49077919,99.74924772,straight road,no slope,2022-07-09T22:40:00Z
6764582,10.07.2022 06:50,22.08.2022 09:02,Ratchaburi,department of highways,private/passenger car,speeding,rollover/fallen on curved road,1,0,1,clear,13.34046057,99.83169614,other,other,2022-07-09T23:50:00Z
7542607,10.07.2022 07:00,3.01.2023 14:00,Phitsanulok,department of highways,large truck with trailer,speeding,head-on collision (not overtaking),2,0,1,rainy,17.23166243,101.0957354,wide curve,slope area,2022-07-10T00:00:00Z
7564543,10.07.2022 07:30,19.01.2023 21:51,Trang,department of highways,private/passenger car,speeding,rollover/fallen on straight road,1,0,1,clear,7.761216044,99.5213726,straight road,no slope,2022-07-10T00:30:00Z
7567550,10.07.2022 07:30,23.01.2023 18:04,Chumphon,department of highways,4-wheel pickup truck,speeding,rollover/fallen on curved road,1,0,0,rainy,10.61601029,99.17291878,other,other,2022-07-10T00:30:00Z
6943483,10.07.2022 09:00,20.09.2022 10:09,Surat Thani,department of highways,4-wheel pickup truck,speeding,rollover/fallen on straight road,1,0,0,clear,9.10239601,99.318839,other,other,2022-07-10T02:00:00Z
6526508,10.07.2022 09:34,10.07.2022 13:26,Chon Buri,department of highways,4-wheel pickup truck,speeding,rear-end collision,2,0,1,clear,13.36348863,101.0387492,straight road,no slope,2022-07-10T02:34:00Z
7425537,10.07.2022 09:50,2.12.2022 14:37,Phuket,department of highways,private/passenger car,speeding,rear-end collision,3,0,4,clear,8.020887203,98.32616685,straight road,no slope,2022-07-10T02:50:00Z
7446865,10.07.2022 09:50,9.12.2022 10:08,Nakhon Ratchasima,department of highways,private/passenger car,speeding,rear-end collision,2,0,2,clear,15.04051617,102.0992195,straight road,no slope,2022-07-10T02:50:00Z
6600547,10.07.2022 10:00,26.07.2022 09:40,Phrae,department of highways,4-wheel pickup truck,speeding,rollover/fallen on curved road,1,0,0,rainy,18.05641909,99.69881414,wide curve,slope area,2022-07-10T03:00:00Z
6591161,10.07.2022 10:25,22.07.2022 10:22,Bangkok,department of highways,other,speeding,rollover/fallen on straight road,1,0,0,clear,13.83690797,100.6732231,straight road,no slope,2022-07-10T03:25:00Z
6545373,10.07.2022 10:30,13.07.2022 15:20,Prachuap Khiri Khan,department of highways,4-wheel pickup truck,speeding,rollover/fallen on curved road,1,0,0,clear,11.11087428,99.36729579,wide curve,no slope,2022-07-10T03:30:00Z
6544380,10.07.2022 11:00,13.07.2022 10:37,Chumphon,department of highways,4-wheel pickup truck,speeding,rollover/fallen on curved road,1,0,0,rainy,10.59808028,99.15406822,other,other,2022-07-10T04:00:00Z
7561756,10.07.2022 11:20,17.01.2023 14:19,Nakhon Nayok,department of highways,private/passenger car,falling asleep,rear-end collision,2,0,1,clear,14.18910161,101.0440868,straight road,no slope,2022-07-10T04:20:00Z
6544295,10.07.2022 11:28,13.07.2022 10:16,Surat Thani,department of highways,motorcycle,speeding,rear-end collision,2,1,2,rainy,9.241109749,99.13948237,straight road,no slope,2022-07-10T04:28:00Z
6537500,10.07.2022 11:30,12.07.2022 08:36,Kalasin,department of highways,motorcycle,cutting in closely by people/vehicles/animals,rear-end collision,2,1,0,clear,16.39630866,103.5501176,straight road,no slope,2022-07-10T04:30:00Z
6609188,10.07.2022 11:40,27.07.2022 13:56,Nakhon Ratchasima,department of highways,large truck with trailer,speeding,rollover/fallen on straight road,1,0,1,clear,14.73626671,101.5099543,straight road,no slope,2022-07-10T04:40:00Z
7145926,10.07.2022 12:00,21.10.2022 10:09,Suphan Buri,department of highways,4-wheel pickup truck,other,rollover/fallen on curved road,1,0,1,clear,14.19568047,100.0467557,wide curve,no slope,2022-07-10T05:00:00Z
6608026,10.07.2022 13:06,27.07.2022 09:38,Bangkok,expressway authority of thailand,other,other,rear-end collision,3,0,2,clear,13.71177214,100.5662173,straight road,other,2022-07-10T06:06:00Z
6600339,10.07.2022 13:30,26.07.2022 08:57,Bangkok,department of highways,private/passenger car,speeding,rear-end collision,3,0,0,clear,13.82552658,100.6746045,straight road,no slope,2022-07-10T06:30:00Z
6651007,10.07.2022 14:00,3.08.2022 11:36,Bangkok,department of highways,large truck with trailer,speeding,rollover/fallen on curved road,1,0,0,clear,13.72945546,100.7408497,wide curve,no slope,2022-07-10T07:00:00Z
6593450,10.07.2022 14:16,25.07.2022 10:11,Samut Prakan,department of highways,private/passenger car,speeding,rear-end collision,3,0,0,clear,13.66519069,100.8506727,straight road,no slope,2022-07-10T07:16:00Z
6544229,10.07.2022 15:00,13.07.2022 10:01,Bangkok,department of highways,4-wheel pickup truck,speeding,rear-end collision,2,0,2,clear,13.67183141,100.6135762,straight road,no slope,2022-07-10T08:00:00Z
6602167,10.07.2022 15:00,26.07.2022 13:28,Chanthaburi,department of highways,4-wheel pickup truck,speeding,rollover/fallen on curved road,1,0,1,rainy,12.8904429,102.2735551,wide curve,no slope,2022-07-10T08:00:00Z
6869797,10.07.2022 15:00,9.09.2022 11:24,Kalasin,department of highways,4-wheel pickup truck,falling asleep,rollover/fallen on straight road,1,0,1,clear,16.48404029,104.0802401,straight road,no slope,2022-07-10T08:00:00Z
6686486,10.07.2022 15:50,9.08.2022 10:38,Satun,department of highways,4-wheel pickup truck,other,rollover/fallen on straight road,1,1,11,clear,6.882896104,99.82948332,straight road,no slope,2022-07-10T08:50:00Z
6531475,10.07.2022 16:00,11.07.2022 09:34,Surat Thani,department of highways,private/passenger car,speeding,rollover/fallen on straight road,1,0,1,rainy,9.583022435,99.12857919,straight road,no slope,2022-07-10T09:00:00Z
6593422,10.07.2022 16:10,25.07.2022 10:06,Lampang,department of highways,4-wheel pickup truck,speeding,rear-end collision,3,0,12,rainy,19.08032419,99.71494763,wide curve,no slope,2022-07-10T09:10:00Z
7438734,10.07.2022 16:20,7.12.2022 10:59,Chanthaburi,department of highways,4-wheel pickup truck,cutting in closely by people/vehicles/animals,head-on collision (not overtaking),2,0,1,clear,12.91651969,102.370002,other,other,2022-07-10T09:20:00Z
6543808,10.07.2022 16:30,13.07.2022 08:24,Nakhon Sawan,department of highways,private/passenger car,speeding,rollover/fallen on straight road,1,0,0,rainy,16.01332131,100.1148462,straight road,no slope,2022-07-10T09:30:00Z
6544556,10.07.2022 16:30,13.07.2022 11:31,Ratchaburi,department of highways,4-wheel pickup truck,speeding,rollover/fallen on straight road,1,0,1,clear,13.5691583,99.82970862,straight road,no slope,2022-07-10T09:30:00Z
6594714,10.07.2022 16:30,25.07.2022 14:10,Satun,department of highways,4-wheel pickup truck,speeding,rollover/fallen on curved road,1,2,0,rainy,6.88323429,99.82867597,wide curve,no slope,2022-07-10T09:30:00Z
6593838,10.07.2022 16:44,25.07.2022 11:08,Chon Buri,department of highways,private/passenger car,speeding,rollover/fallen on curved road,1,0,0,clear,13.2947894,100.9930175,wide curve,no slope,2022-07-10T09:44:00Z
6681990,10.07.2022 17:00,8.08.2022 16:01,Sa Kaeo,department of highways,4-wheel pickup truck,cutting in closely by people/vehicles/animals,rollover/fallen on straight road,2,0,1,rainy,13.70328886,102.0835152,straight road,no slope,2022-07-10T10:00:00Z
6591931,10.07.2022 17:20,22.07.2022 13:25,Chon Buri,department of highways,private/passenger car,speeding,rear-end collision,2,0,2,clear,13.02002868,100.9964266,straight road,no slope,2022-07-10T10:20:00Z
6594425,10.07.2022 18:44,25.07.2022 13:12,Chon Buri,department of highways,private/passenger car,speeding,rollover/fallen on straight road,1,0,1,clear,13.00490271,100.9941468,straight road,no slope,2022-07-10T11:44:00Z
6617287,10.07.2022 19:15,28.07.2022 20:15,Surin,department of highways,motorcycle,speeding,head-on collision (not overtaking),2,1,0,clear,15.08676138,103.8062337,straight road,no slope,2022-07-10T12:15:00Z
7561554,10.07.2022 19:30,17.01.2023 10:36,Bangkok,department of highways,private/passenger car,cutting in closely by people/vehicles/animals,rear-end collision,2,0,1,clear,13.6640361,100.4414481,straight road,no slope,2022-07-10T12:30:00Z
7565763,10.07.2022 20:14,20.01.2023 14:55,Narathiwat,department of highways,4-wheel pickup truck,speeding,rollover/fallen on straight road,1,0,1,clear,6.562304109,101.7214706,straight road,no slope,2022-07-10T13:14:00Z
6746232,10.07.2022 21:20,19.08.2022 10:06,Kalasin,department of highways,4-wheel pickup truck,speeding,rollover/fallen on straight road,1,0,0,clear,16.45691185,103.5428032,other,other,2022-07-10T14:20:00Z
6608325,10.07.2022 22:06,27.07.2022 10:30,Bangkok,expressway authority of thailand,other,other,collision with obstruction (on road surface),1,0,0,clear,13.708805,100.596698,straight road,other,2022-07-10T15:06:00Z
6544647,10.07.2022 22:30,13.07.2022 11:52,Surat Thani,department of highways,4-wheel pickup truck,vehicle equipment failure,rollover/fallen on straight road,1,0,2,rainy,9.667309005,99.1155812,straight road,no slope,2022-07-10T15:30:00Z
7563907,10.07.2022 23:20,19.01.2023 08:45,Phra Nakhon Si Ayutthaya,department of highways,4-wheel pickup truck,speeding,rollover/fallen on straight road,1,0,1,clear,14.23273698,100.7174662,straight road,no slope,2022-07-10T16:20:00Z
7476331,10.07.2022 23:45,21.12.2022 09:17,Suphan Buri,department of highways,motorcycle,cutting in closely by people/vehicles/animals,rear-end collision,2,0,0,foggy,14.88448816,100.086565,straight road,no slope,2022-07-10T16:45:00Z
7425607,11.07.2022 01:00,2.12.2022 14:14,Chanthaburi,department of highways,4-wheel pickup truck,speeding,rollover/fallen on straight road,1,0,0,clear,12.77236798,102.0924067,straight road,no slope,2022-07-10T18:00:00Z
6679681,11.07.2022 01:30,8.08.2022 09:03,Suphan Buri,department of highways,large truck with trailer,speeding,rollover/fallen on straight road,1,0,1,clear,14.3190988,99.86493676,other,other,2022-07-10T18:30:00Z
6567198,11.07.2022 03:45,13.07.2022 07:10,Pathum Thani,department of rural roads,motorcycle,driving under the influence of alcohol,other,1,1,0,clear,14.144535,100.622743,straight road,no slope,2022-07-10T20:45:00Z
6567211,11.07.2022 03:45,13.07.2022 07:11,Pathum Thani,department of rural roads,motorcycle,driving under the influence of alcohol,other,1,1,0,other,14.147277,100.628095,straight road,no slope,2022-07-10T20:45:00Z
6821509,11.07.2022 04:30,1.09.2022 10:14,Phatthalung,department of highways,4-wheel pickup truck,speeding,rear-end collision,2,0,2,clear,7.366212263,100.1224503,straight road,no slope,2022-07-10T21:30:00Z
7567362,11.07.2022 04:30,23.01.2023 14:30,Phuket,department of highways,4-wheel pickup truck,speeding,rollover/fallen on straight road,1,0,0,clear,7.85027733,98.33472847,wide curve,no slope,2022-07-10T21:30:00Z
6607859,11.07.2022 05:10,27.07.2022 09:12,Sukhothai,department of highways,motorcycle,speeding,rear-end collision,2,1,0,clear,17.00582127,99.56806181,straight road,no slope,2022-07-10T22:10:00Z
7455588,11.07.2022 05:50,13.12.2022 10:10,Nakhon Ratchasima,department of highways,large truck with trailer,falling asleep,rollover/fallen on straight road,1,0,1,clear,14.86957726,101.7838454,straight road,no slope,2022-07-10T22:50:00Z
7441189,11.07.2022 06:30,8.12.2022 09:47,Pathum Thani,department of highways,6-wheel truck,speeding,rollover/fallen on straight road,1,0,0,clear,14.03286914,100.4518604,straight road,no slope,2022-07-10T23:30:00Z
6540105,11.07.2022 06:48,12.07.2022 15:53,Nakhon Si Thammarat,department of highways,motorcycle,speeding,rollover/fallen on straight road,1,1,0,clear,8.429588626,99.86309944,straight road,no slope,2022-07-10T23:48:00Z
6579776,11.07.2022 07:00,20.07.2022 13:20,Kalasin,department of highways,4-wheel pickup truck,falling asleep,rollover/fallen on straight road,1,0,1,clear,16.48402228,104.0802428,straight road,no slope,2022-07-11T00:00:00Z
6723034,11.07.2022 07:30,15.08.2022 09:07,Tak,department of highways,large truck with trailer,speeding,rollover/fallen on curved road,1,0,0,clear,16.76274509,98.87689678,wide curve,slope area,2022-07-11T00:30:00Z
7331716,11.07.2022 08:00,20.07.2022 11:07,Nakhon Phanom,department of highways,motorcycle,falling asleep,other,2,1,1,clear,17.29647272,104.7828823,straight road,no slope,2022-07-11T01:00:00Z
6609211,11.07.2022 08:10,27.07.2022 14:01,Nakhon Ratchasima,department of highways,4-wheel pickup truck,cutting in closely by people/vehicles/animals,rollover/fallen on straight road,1,0,0,clear,14.9028791,101.9089973,straight road,no slope,2022-07-11T01:10:00Z