acc_code,incident_datetime,report_datetime,province_en,agency,vehicle_type,presumed_cause,accident_type,number_of_vehicles_involved,number_of_fatalities,number_of_injuries,weather_condition,latitude,longitude,road_description,slope_description,incident_time
6600258,11.07.2022 09:35,26.07.2022 08:42,Chachoengsao,department of highways,4-wheel pickup truck,vehicle equipment failure,collision with obstruction (on road surface),2,0,0,clear,13.49782638,101.0437354,straight road,no slope,2022-07-11T02:35:00Z
6567201,11.07.2022 09:40,13.07.2022 07:09,Kanchanaburi,department of rural roads,bicycle,medical condition,other,1,1,0,clear,14.300712,99.634138,t-intersection,other,2022-07-11T02:40:00Z
6658347,11.07.2022 12:00,20.07.2022 13:16,Tak,department of rural roads,4-wheel pickup truck,speeding,other,2,0,1,clear,16.722986,98.552586,four-way intersection,other,2022-07-11T05:00:00Z
6852464,11.07.2022 12:00,6.09.2022 15:13,Chon Buri,department of highways,private/passenger car,speeding,rollover/fallen on straight road,1,0,2,clear,13.01006415,100.9959116,straight road,no slope,2022-07-11T05:00:00Z
7567528,11.07.2022 12:20,23.01.2023 16:51,Rayong,department of highways,large truck with trailer,speeding,rear-end collision,2,0,1,clear,13.04555624,101.4311457,straight road,no slope,2022-07-11T05:20:00Z
6533605,11.07.2022 12:29,11.07.2022 16:02,Pathum Thani,department of highways,4-wheel pickup truck,speeding,rear-end collision,3,0,0,clear,13.96006729,100.7127321,straight road,no slope,2022-07-11T05:29:00Z
6741665,11.07.2022 12:30,18.08.2022 14:47,Bangkok,department of highways,large truck with trailer,speeding,rollover/fallen on straight road,1,0,0,clear,13.72976032,100.7544914,straight road,no slope,2022-07-11T05:30:00Z
7568060,11.07.2022 13:20,24.01.2023 09:14,Mukdahan,department of highways,4-wheel pickup truck,speeding,collision with obstruction (on road surface),1,0,1,clear,16.50945222,104.3376517,other,other,2022-07-11T06:20:00Z
7557948,11.07.2022 13:30,12.01.2023 11:47,Si Sa Ket,department of highways,private/passenger car,speeding,rollover/fallen on straight road,1,0,1,clear,14.64122584,104.067623,straight road,no slope,2022-07-11T06:30:00Z
6593376,11.07.2022 13:52,25.07.2022 09:59,Bangkok,department of highways,private/passenger car,speeding,rollover/fallen on straight road,1,0,1,clear,13.73046382,100.7211113,straight road,no slope,2022-07-11T06:52:00Z
6600419,11.07.2022 14:00,26.07.2022 09:14,Phrae,department of highways,4-wheel pickup truck,speeding,rollover/fallen on curved road,1,0,0,clear,18.04761842,99.69939081,wide curve,slope area,2022-07-11T07:00:00Z
6777798,11.07.2022 14:00,24.08.2022 12:36,Si Sa Ket,department of highways,4-wheel pickup truck,speeding,rollover/fallen on straight road,1,1,1,clear,14.839648650000001,104.676125,straight road,no slope,2022-07-11T07:00:00Z
7565765,11.07.2022 14:00,20.01.2023 14:57,Yala,department of highways,4-wheel pickup truck,slippery road,rollover/fallen on curved road,1,0,1,rainy,6.479645612,101.4463511,wide curve,no slope,2022-07-11T07:00:00Z
6637830,11.07.2022 14:25,1.08.2022 09:38,Kalasin,department of highways,4-wheel pickup truck,speeding,rollover/fallen on curved road,1,0,0,rainy,16.79588526,103.8633862,wide curve,no slope,2022-07-11T07:25:00Z
7569699,11.07.2022 15:00,25.01.2023 15:28,Sa Kaeo,department of highways,4-wheel pickup truck,speeding,head-on collision (not overtaking),2,1,0,clear,14.00341336,102.6786196,wide curve,slope area,2022-07-11T08:00:00Z
6609194,11.07.2022 15:10,27.07.2022 13:58,Nakhon Ratchasima,department of highways,4-wheel pickup truck,speeding,rollover/fallen on straight road,1,0,0,clear,14.94922663,102.0189276,straight road,no slope,2022-07-11T08:10:00Z
6637827,11.07.2022 15:15,1.08.2022 09:39,Sakon Nakhon,department of highways,private/passenger car,falling asleep,rear-end collision,2,0,0,clear,17.12811043,104.1244778,other,other,2022-07-11T08:15:00Z
6592977,11.07.2022 15:30,25.07.2022 09:14,Lamphun,department of highways,motorcycle,speeding,rear-end collision,2,1,0,rainy,18.43259379,98.86931418,straight road,no slope,2022-07-11T08:30:00Z
6608522,11.07.2022 15:30,27.07.2022 11:06,Buri Ram,department of highways,motorcycle,speeding,rear-end collision,2,1,0,clear,14.37643839,103.013142,wide curve,slope area,2022-07-11T08:30:00Z
7434603,11.07.2022 16:30,6.12.2022 11:58,Surat Thani,department of highways,private/passenger car,speeding,rollover/fallen on curved road,1,0,0,rainy,8.834357323,99.17535959,wide curve,no slope,2022-07-11T09:30:00Z
6594647,11.07.2022 16:45,25.07.2022 14:04,Sakon Nakhon,department of highways,4-wheel pickup truck,speeding,side collision,1,0,30,clear,17.26563157,103.5770953,straight road,no slope,2022-07-11T09:45:00Z
6544483,11.07.2022 16:49,13.07.2022 11:10,Bangkok,department of highways,4-wheel pickup truck,speeding,rear-end collision,2,0,0,clear,13.7316754,100.7121312,straight road,no slope,2022-07-11T09:49:00Z
6544570,11.07.2022 17:00,13.07.2022 11:36,Phatthalung,department of highways,4-wheel pickup truck,speeding,rollover/fallen on curved road,1,0,2,rainy,7.588984655,99.85193609,wide curve,no slope,2022-07-11T10:00:00Z
6578538,11.07.2022 17:00,20.07.2022 09:18,Kamphaeng Phet,department of highways,private/passenger car,vehicle equipment failure,rollover/fallen on straight road,1,0,1,clear,16.17412406,99.79542731,straight road,no slope,2022-07-11T10:00:00Z
6765612,11.07.2022 17:15,22.08.2022 11:59,Yala,department of highways,private/passenger car,speeding,rollover/fallen on curved road,1,0,1,clear,5.861520126,101.1258539,wide curve,slope area,2022-07-11T10:15:00Z
6771213,11.07.2022 17:30,23.08.2022 11:14,Phatthalung,department of highways,4-wheel pickup truck,speeding,rollover/fallen on curved road,1,0,1,rainy,7.4189290980000004,100.077526,wide curve,no slope,2022-07-11T10:30:00Z
6777806,11.07.2022 17:30,24.08.2022 12:35,Si Sa Ket,department of highways,4-wheel pickup truck,running red lights/traffic signals,collision with obstruction (on road surface),1,0,0,rainy,15.05859845,104.3465754,other,other,2022-07-11T10:30:00Z
6805209,11.07.2022 18:30,29.08.2022 09:50,Khon Kaen,department of highways,motorcycle,cutting in closely by people/vehicles/animals,rollover/fallen on straight road,2,0,0,rainy,16.45002304,102.7158621,straight road,no slope,2022-07-11T11:30:00Z
7371814,11.07.2022 18:30,23.11.2022 11:38,Udon Thani,department of highways,private/passenger car,speeding,rollover/fallen on straight road,1,0,0,clear,17.36923957,102.8200605,straight road,no slope,2022-07-11T11:30:00Z
6988388,11.07.2022 19:14,27.09.2022 09:48,Pattani,department of highways,other,speeding,rollover/fallen on straight road,2,0,1,clear,6.843063096,101.177406,straight road,no slope,2022-07-11T12:14:00Z
7380770,11.07.2022 19:30,24.11.2022 15:30,Si Sa Ket,department of highways,private/passenger car,speeding,rollover/fallen on straight road,1,0,1,clear,14.5440434,104.6765408,other,other,2022-07-11T12:30:00Z
7558307,11.07.2022 19:33,12.01.2023 14:30,Bangkok,department of highways,4-wheel pickup truck,vehicle equipment failure,rollover/fallen on straight road,1,0,0,clear,13.7322851,100.7842719,straight road,no slope,2022-07-11T12:33:00Z
7541944,11.07.2022 20:00,3.01.2023 11:15,Chiang Mai,department of highways,motorcycle,speeding,rollover/fallen on straight road,1,0,1,clear,18.88692169,99.032175230000007,straight road,no slope,2022-07-11T13:00:00Z
6537727,11.07.2022 21:00,12.07.2022 09:32,Uttaradit,department of highways,private/passenger car,speeding,rollover/fallen on straight road,1,0,1,clear,17.51936731,100.0950381,straight road,no slope,2022-07-11T14:00:00Z
6543843,11.07.2022 21:00,13.07.2022 08:30,Sing Buri,department of highways,4-wheel pickup truck,speeding,collision with obstruction (on road surface),2,0,0,clear,14.84342366,100.4465389,straight road,no slope,2022-07-11T14:00:00Z
7034864,11.07.2022 21:15,4.10.2022 14:07,Samut Sakhon,department of highways,private/passenger car,speeding,rear-end collision,2,0,2,clear,13.46274716,100.0992894,straight road,no slope,2022-07-11T14:15:00Z
7055366,11.07.2022 21:30,7.10.2022 14:28,Suphan Buri,department of highways,large truck with trailer,vehicle equipment failure,other,1,0,0,clear,14.89718961,99.68265383,straight road,no slope,2022-07-11T14:30:00Z
6544568,11.07.2022 22:00,13.07.2022 11:36,Phatthalung,department of highways,motorcycle,speeding,rollover/fallen on straight road,1,1,0,clear,7.579564723,100.0516963,straight road,no slope,2022-07-11T15:00:00Z
6595022,11.07.2022 22:00,25.07.2022 15:01,Bangkok,department of highways,4-wheel pickup truck,speeding,rollover/fallen on straight road,1,0,3,clear,13.73281402,100.8075508,straight road,no slope,2022-07-11T15:00:00Z
6815511,11.07.2022 22:20,31.08.2022 15:30,Krabi,department of highways,4-wheel pickup truck,speeding,rollover/fallen on curved road,1,0,2,rainy,7.939245151,99.14413332,wide curve,no slope,2022-07-11T15:20:00Z
7558142,11.07.2022 22:45,12.01.2023 13:55,Nakhon Ratchasima,department of highways,4-wheel pickup truck,speeding,rollover/fallen on curved road,1,0,0,clear,14.7192586,101.4949983,wide curve,no slope,2022-07-11T15:45:00Z
6539599,11.07.2022 23:10,12.07.2022 14:32,Phetchaburi,department of highways,private/passenger car,speeding,rollover/fallen on curved road,1,0,1,rainy,13.13293461,99.86225723,other,other,2022-07-11T16:10:00Z
6592440,12.07.2022 02:00,22.07.2022 15:26,Lampang,department of highways,private/passenger car,speeding,rollover/fallen on curved road,1,0,1,clear,18.84810412,99.94767486,wide curve,no slope,2022-07-11T19:00:00Z
6544139,12.07.2022 03:45,13.07.2022 09:37,Kanchanaburi,department of highways,4-wheel pickup truck,speeding,rollover/fallen on straight road,1,0,1,clear,13.87558229,99.81284557,straight road,no slope,2022-07-11T20:45:00Z
6545283,12.07.2022 05:45,13.07.2022 14:41,Phitsanulok,department of highways,motorcycle,cutting in closely by people/vehicles/animals,rear-end collision,2,1,0,rainy,16.67210081,100.6142118,straight road,no slope,2022-07-11T22:45:00Z
6578521,12.07.2022 06:00,20.07.2022 09:13,Sukhothai,department of highways,large truck with trailer,speeding,rollover/fallen on curved road,1,0,0,clear,17.80046485,99.8485565,wide curve,no slope,2022-07-11T23:00:00Z
6593833,12.07.2022 07:35,25.07.2022 11:07,Chon Buri,department of highways,4-wheel pickup truck,speeding,rollover/fallen on straight road,1,0,0,clear,13.0904406,100.990574,straight road,no slope,2022-07-12T00:35:00Z
6600212,12.07.2022 09:30,26.07.2022 08:33,Phra Nakhon Si Ayutthaya,department of highways,private/passenger car,speeding,rollover/fallen on curved road,1,0,0,clear,14.18765579,100.6373513,wide curve,no slope,2022-07-12T02:30:00Z
7564125,12.07.2022 09:30,19.01.2023 10:35,Satun,department of highways,4-wheel pickup truck,speeding,rollover/fallen on straight road,1,0,0,rainy,6.821531434,100.0947296,straight road,no slope,2022-07-12T02:30:00Z
7528100,12.07.2022 09:45,31.12.2022 13:29,Bangkok,department of highways,motorcycle,speeding,rear-end collision,3,0,0,clear,13.82317501,100.5583746,straight road,no slope,2022-07-12T02:45:00Z
6539280,12.07.2022 10:16,12.07.2022 14:10,Pathum Thani,department of highways,private/passenger car,speeding,rear-end collision,3,0,0,clear,13.95915884,100.7127213,straight road,no slope,2022-07-12T03:16:00Z
7419003,12.07.2022 10:17,30.11.2022 11:31,Roi Et,department of highways,4-wheel pickup truck,speeding,rollover/fallen on curved road,1,0,0,rainy,15.63769289,103.7263629,wide curve,slope area,2022-07-12T03:17:00Z
6869438,12.07.2022 10:50,9.09.2022 10:19,Tak,department of highways,4-wheel pickup truck,speeding,rear-end collision,2,0,0,rainy,17.44957981,98.04542272,straight road,no slope,2022-07-12T03:50:00Z
7418989,12.07.2022 11:30,30.11.2022 11:27,Loei,department of highways,large truck with trailer,speeding,collision with obstruction (on road surface),2,0,1,rainy,17.84533975,101.6600105,straight road,no slope,2022-07-12T04:30:00Z
7532572,12.07.2022 12:00,1.01.2023 12:11,Nan,department of highways,4-wheel pickup truck,speeding,rear-end collision,2,1,0,clear,18.73355352,100.7546899,straight road,no slope,2022-07-12T05:00:00Z
6578524,12.07.2022 12:06,20.07.2022 09:14,Sukhothai,department of highways,4-wheel pickup truck,cutting in closely by people/vehicles/animals,rear-end collision,2,0,1,clear,17.33986746,99.85321818,straight road,no slope,2022-07-12T05:06:00Z
6567438,12.07.2022 12:50,18.07.2022 11:48,Prachuap Khiri Khan,department of highways,4-wheel pickup truck,speeding,rollover/fallen on curved road,1,0,1,rainy,11.4074963,99.52123581,wide curve,no slope,2022-07-12T05:50:00Z
6601188,12.07.2022 12:50,26.07.2022 10:42,Prachuap Khiri Khan,department of highways,private/passenger car,speeding,rollover/fallen on curved road,1,0,0,rainy,11.43396871,99.56016539,other,other,2022-07-12T05:50:00Z
6579760,12.07.2022 13:20,20.07.2022 13:16,Kalasin,department of highways,6-wheel truck,speeding,rollover/fallen on straight road,1,0,1,clear,16.40203893,103.502562,straight road,no slope,2022-07-12T06:20:00Z
6593756,12.07.2022 13:52,25.07.2022 10:59,Chon Buri,department of highways,private/passenger car,cutting in closely by people/vehicles/animals,rear-end collision,3,0,0,clear,13.2001728,101.0016918,straight road,no slope,2022-07-12T06:52:00Z
6545362,12.07.2022 13:55,13.07.2022 15:18,Prachuap Khiri Khan,department of highways,4-wheel pickup truck,speeding,rollover/fallen on curved road,1,0,0,rainy,11.09054978,99.37038301,wide curve,no slope,2022-07-12T06:55:00Z
6657730,12.07.2022 14:15,4.08.2022 13:46,Narathiwat,department of highways,4-wheel pickup truck,speeding,rollover/fallen on straight road,1,0,2,clear,6.359223237,101.9191441,straight road,no slope,2022-07-12T07:15:00Z
6607873,12.07.2022 14:21,27.07.2022 09:12,Prachin Buri,department of highways,private/passenger car,speeding,rollover/fallen on curved road,1,0,0,clear,14.30823522,101.8639254,wide curve,slope area,2022-07-12T07:21:00Z
7088097,12.07.2022 14:30,11.10.2022 13:28,Saraburi,department of highways,large truck with trailer,speeding,rollover/fallen on straight road,1,0,0,rainy,14.46563552,100.9406045,straight road,no slope,2022-07-12T07:30:00Z
7563075,12.07.2022 14:42,18.01.2023 14:08,Prachin Buri,department of highways,4-wheel pickup truck,speeding,rollover/fallen on curved road,1,0,0,clear,14.17720976,101.8956479,wide curve,no slope,2022-07-12T07:42:00Z
6608499,12.07.2022 15:00,27.07.2022 11:04,Buri Ram,department of highways,4-wheel pickup truck,speeding,rollover/fallen on straight road,1,1,0,clear,14.41326248,103.2232797,straight road,no slope,2022-07-12T08:00:00Z
6600179,12.07.2022 15:10,26.07.2022 08:24,Bangkok,department of highways,4-wheel pickup truck,vehicle equipment failure,rollover/fallen on straight road,1,0,4,clear,13.84622883,100.6724372,straight road,no slope,2022-07-12T08:10:00Z
6609214,12.07.2022 15:25,27.07.2022 14:04,Nakhon Ratchasima,department of highways,4-wheel pickup truck,speeding,rear-end collision,2,0,0,clear,14.95458564,102.031526,straight road,no slope,2022-07-12T08:25:00Z
6607711,12.07.2022 15:40,27.07.2022 08:51,Sukhothai,department of highways,large truck with trailer,speeding,rollover/fallen on curved road,1,0,0,clear,17.80040356,99.84868257,wide curve,slope area,2022-07-12T08:40:00Z
6578493,12.07.2022 15:45,20.07.2022 09:05,Sukhothai,department of highways,private/passenger car,speeding,rear-end collision,2,0,1,clear,17.17843301,99.86331938,straight road,no slope,2022-07-12T08:45:00Z
6578466,12.07.2022 16:00,20.07.2022 09:04,Sukhothai,department of highways,large truck with trailer,speeding,rollover/fallen on curved road,1,0,0,clear,17.80050572,99.8485565,wide curve,no slope,2022-07-12T09:00:00Z
6637613,12.07.2022 16:00,1.08.2022 08:54,Tak,department of highways,private/passenger car,cutting in closely by people/vehicles/animals,rear-end collision,2,0,0,clear,16.88523857,99.20200734,connecting to private area,other,2022-07-12T09:00:00Z
7040993,12.07.2022 17:00,5.10.2022 11:09,Phetchabun,department of highways,motorcycle,speeding,rear-end collision,2,0,1,clear,15.90632856,101.0272345,straight road,no slope,2022-07-12T10:00:00Z
6602093,12.07.2022 17:30,26.07.2022 13:00,Chanthaburi,department of highways,4-wheel pickup truck,speeding,rollover/fallen on curved road,1,0,0,rainy,12.63433438,102.1629247,other,other,2022-07-12T10:30:00Z
7554485,12.07.2022 17:40,9.01.2023 12:48,Chiang Mai,department of highways,motorcycle,speeding,rear-end collision,2,0,1,clear,18.87120945,99.0509668,straight road,no slope,2022-07-12T10:40:00Z
7560702,12.07.2022 18:00,16.01.2023 11:19,Bangkok,department of highways,private/passenger car,speeding,rear-end collision,2,0,2,clear,13.78942711,100.5615087,other,other,2022-07-12T11:00:00Z
6600210,12.07.2022 18:14,26.07.2022 08:30,Bangkok,department of highways,4-wheel pickup truck,speeding,rollover/fallen on straight road,1,0,0,rainy,13.83276177,100.673899,straight road,no slope,2022-07-12T11:14:00Z
6594775,12.07.2022 18:20,25.07.2022 14:23,Songkhla,department of highways,large truck with trailer,cutting in closely by people/vehicles/animals,rear-end collision,2,1,9,rainy,6.581401186,100.4119143,straight road,no slope,2022-07-12T11:20:00Z
6632708,12.07.2022 18:48,31.07.2022 12:02,Samut Prakan,department of highways,private/passenger car,speeding,rear-end collision,5,0,0,rainy,13.66447917,100.8524698,straight road,no slope,2022-07-12T11:48:00Z
7048400,12.07.2022 19:40,6.10.2022 13:58,Chon Buri,department of highways,large truck with trailer,speeding,rollover/fallen on straight road,1,0,0,clear,13.11945342,100.9971267,straight road,no slope,2022-07-12T12:40:00Z
6607931,12.07.2022 20:20,27.07.2022 09:22,Phetchabun,department of highways,private/passenger car,speeding,rear-end collision,2,0,1,clear,16.58663967,101.1510828,straight road,no slope,2022-07-12T13:20:00Z
6777773,12.07.2022 20:30,24.08.2022 12:34,Si Sa Ket,department of highways,large truck with trailer,falling asleep,rollover/fallen on straight road,1,0,0,rainy,14.74048189,104.3589136,straight road,no slope,2022-07-12T13:30:00Z
6567229,12.07.2022 20:33,16.07.2022 06:44,Chiang Mai,department of rural roads,motorcycle,speeding,other,1,1,0,rainy,18.80946,99.026218,straight road,no slope,2022-07-12T13:33:00Z
6593749,12.07.2022 20:35,25.07.2022 10:57,Chon Buri,department of highways,4-wheel pickup truck,debris/obstruction on the road,collision with obstruction (on road surface),1,0,0,rainy,13.04094689,100.9962067,straight road,no slope,2022-07-12T13:35:00Z
6544597,12.07.2022 20:50,13.07.2022 11:40,Phatthalung,department of highways,private/passenger car,cutting in closely by people/vehicles/animals,other,2,0,0,rainy,7.581548163,100.0523373,connecting to public/commercial area,other,2022-07-12T13:50:00Z
6594428,12.07.2022 21:00,25.07.2022 13:13,Chon Buri,department of highways,private/passenger car,speeding,rollover/fallen on curved road,1,0,0,rainy,12.95493185,100.9729332,wide curve,no slope,2022-07-12T14:00:00Z
6869917,12.07.2022 21:00,9.09.2022 11:42,Maha Sarakham,department of highways,private/passenger car,speeding,rollover/fallen on straight road,1,0,1,clear,15.71305658,103.2365271,straight road,no slope,2022-07-12T14:00:00Z
6609257,12.07.2022 21:10,27.07.2022 14:05,Chai Nat,department of highways,4-wheel pickup truck,speeding,rollover/fallen on straight road,1,0,0,rainy,15.19363976,100.1369744,straight road,no slope,2022-07-12T14:10:00Z
6788491,12.07.2022 21:30,26.08.2022 09:29,Suphan Buri,department of highways,4-wheel pickup truck,falling asleep,rollover/fallen on straight road,1,0,0,clear,14.90642232,100.0853634,wide curve,no slope,2022-07-12T14:30:00Z
6579762,12.07.2022 21:50,20.07.2022 13:15,Kalasin,department of highways,4-wheel pickup truck,speeding,rollover/fallen on straight road,1,0,1,rainy,16.40478951,103.4417698,straight road,no slope,2022-07-12T14:50:00Z
6587342,12.07.2022 22:00,21.07.2022 19:53,Ubon Ratchathani,department of highways,4-wheel pickup truck,speeding,rollover/fallen on straight road,1,0,0,rainy,15.44204892,104.7724163,straight road,no slope,2022-07-12T15:00:00Z
6602205,12.07.2022 22:30,26.07.2022 13:37,Chon Buri,department of highways,4-wheel pickup truck,speeding,rollover/fallen on curved road,1,0,0,rainy,13.30417856,101.179136,wide curve,no slope,2022-07-12T15:30:00Z
6607865,12.07.2022 23:30,27.07.2022 09:10,Tak,department of highways,van,falling asleep,rollover/fallen on straight road,1,0,0,clear,17.29997602,99.14548515,straight road,no slope,2022-07-12T16:30:00Z
6579777,12.07.2022 23:45,20.07.2022 13:24,Samut Sakhon,department of highways,4-wheel pickup truck,speeding,rollover/fallen on straight road,1,0,2,clear,13.54871326,100.1498222,straight road,no slope,2022-07-12T16:45:00Z
6567202,13.07.2022 00:10,14.07.2022 07:49,Phetchaburi,department of rural roads,motorcycle,cutting in closely by people/vehicles/animals,other,1,0,1,dark,13.144011,100.055902,straight road,no slope,2022-07-12T17:10:00Z
6546823,13.07.2022 00:30,13.07.2022 22:31,Prachin Buri,department of highways,private/passenger car,speeding,rollover/fallen on straight road,1,0,1,clear,14.12302153,101.3695246,straight road,no slope,2022-07-12T17:30:00Z
7192641,13.07.2022 00:30,28.10.2022 09:15,Phrae,department of rural roads,motorcycle,speeding,other,1,1,0,clear,18.126232,100.140426,straight road,no slope,2022-07-12T17:30:00Z
7567224,13.07.2022 00:30,23.01.2023 12:08,Chon Buri,department of highways,large truck with trailer,speeding,rollover/fallen on straight road,1,0,0,clear,13.50797959,101.1576542,straight road,no slope,2022-07-12T17:30:00Z
6567207,13.07.2022 00:42,14.07.2022 08:39,Phetchaburi,department of rural roads,motorcycle,cutting in closely by people/vehicles/animals,other,1,0,1,dark,12.906227,99.901034,y-intersection,other,2022-07-12T17:42:00Z
7040730,13.07.2022 01:20,5.10.2022 10:21,Chaiyaphum,department of highways,motorcycle,speeding,rollover/fallen on straight road,1,1,0,rainy,16.59434617,101.9397461,straight road,no slope,2022-07-12T18:20:00Z
7378753,13.07.2022 01:25,24.11.2022 10:23,Phetchabun,department of highways,4-wheel pickup truck,cutting in closely by people/vehicles/animals,head-on collision (not overtaking),2,0,2,rainy,16.57369112,101.1510158,other,other,2022-07-12T18:25:00Z
6545281,13.07.2022 01:30,13.07.2022 14:40,Uttaradit,department of highways,4-wheel pickup truck,speeding,rollover/fallen on curved road,1,0,0,rainy,17.39653377,100.2322787,wide curve,slope area,2022-07-12T18:30:00Z
6567209,13.07.2022 01:42,14.07.2022 08:40,Phetchaburi,department of rural roads,motorcycle,cutting in closely by people/vehicles/animals,other,1,0,1,dark,12.94949,99.961668,straight road,no slope,2022-07-12T18:42:00Z
6544622,13.07.2022 02:00,13.07.2022 11:46,Ang Thong,department of highways,large truck with trailer,speeding,rear-end collision,2,1,0,clear,14.66124621,100.4727656,straight road,no slope,2022-07-12T19:00:00Z
6547727,13.07.2022 02:53,14.07.2022 03:02,Chon Buri,department of highways,private/passenger car,speeding,collision with obstruction (on road surface),1,0,2,rainy,12.95493185,100.9729332,straight road,no slope,2022-07-12T19:53:00Z
7119310,13.07.2022 03:20,17.10.2022 14:46,Suphan Buri,department of highways,private/passenger car,speeding,rollover/fallen on straight road,1,0,0,clear,14.6211154,100.1466197,other,other,2022-07-12T20:20:00Z
7041105,13.07.2022 03:40,5.10.2022 11:25,Loei,department of highways,private/passenger car,speeding,rollover/fallen on straight road,1,0,0,rainy,17.32187014,101.7622724,straight road,no slope,2022-07-12T20:40:00Z
7147192,13.07.2022 04:20,21.10.2022 14:23,Suphan Buri,department of highways,4-wheel pickup truck,speeding,rollover/fallen on straight road,1,0,0,clear,14.47481635,100.0996461,straight road,no slope,2022-07-12T21:20:00Z
6600635,13.07.2022 05:00,26.07.2022 09:50,Surat Thani,department of highways,4-wheel pickup truck,speeding,rollover/fallen on straight road,1,0,0,rainy,9.11431111,99.27936225,other,other,2022-07-12T22:00:00Z
7331722,13.07.2022 06:00,27.07.2022 09:11,Tak,department of highways,4-wheel pickup truck,speeding,rear-end collision,2,0,5,clear,17.01249766,99.10552828,straight road,no slope,2022-07-12T23:00:00Z
7443826,13.07.2022 06:00,8.12.2022 10:53,Khon Kaen,department of highways,large truck with trailer,vehicle equipment failure,collision with obstruction (on road surface),1,0,0,rainy,16.51825655,102.288529,straight road,no slope,2022-07-12T23:00:00Z
6544668,13.07.2022 06:20,13.07.2022 11:55,Suphan Buri,department of highways,private/passenger car,falling asleep,rollover/fallen on straight road,1,0,1,clear,14.45516346,100.0742993,straight road,no slope,2022-07-12T23:20:00Z
6544595,13.07.2022 06:30,13.07.2022 11:43,Phra Nakhon Si Ayutthaya,department of highways,private/passenger car,speeding,rear-end collision,2,0,0,clear,14.1586101,100.5711678,straight road,no slope,2022-07-12T23:30:00Z
6545169,13.07.2022 06:30,13.07.2022 14:26,Chai Nat,department of highways,4-wheel pickup truck,vehicle equipment failure,rollover/fallen on straight road,1,0,0,clear,15.03911221,100.1235393,straight road,no slope,2022-07-12T23:30:00Z
6544621,13.07.2022 06:50,13.07.2022 11:48,Ang Thong,department of highways,large truck with trailer,speeding,rear-end collision,2,0,1,rainy,14.50058557,100.4391575,straight road,no slope,2022-07-12T23:50:00Z
6806297,13.07.2022 07:00,29.08.2022 13:53,Surin,department of highways,4-wheel pickup truck,speeding,rollover/fallen on straight road,1,0,1,rainy,14.61632434,103.2934999,straight road,no slope,2022-07-13T00:00:00Z
6869845,13.07.2022 07:00,9.09.2022 11:34,Maha Sarakham,department of highways,4-wheel pickup truck,speeding,rollover/fallen on straight road,1,0,0,clear,16.15756712,103.3036467,straight road,no slope,2022-07-13T00:00:00Z
7215510,13.07.2022 07:00,31.10.2022 19:33,Nakhon Si Thammarat,department of highways,4-wheel pickup truck,speeding,rollover/fallen on straight road,1,0,0,clear,8.223478811,99.5664364,straight road,no slope,2022-07-13T00:00:00Z
6548055,13.07.2022 07:20,14.07.2022 05:54,Phrae,department of highways,large truck with trailer,speeding,rollover/fallen on straight road,1,0,0,clear,17.97331928,100.0772765,straight road,no slope,2022-07-13T00:20:00Z
6545253,13.07.2022 08:10,13.07.2022 14:39,Uttaradit,department of highways,4-wheel pickup truck,speeding,rollover/fallen on straight road,1,0,2,rainy,17.37605902,100.2298593,straight road,no slope,2022-07-13T01:10:00Z
6548281,13.07.2022 08:25,14.07.2022 06:51,Chon Buri,department of highways,private/passenger car,speeding,rear-end collision,2,0,1,rainy,13.11017993,100.9439519,straight road,no slope,2022-07-13T01:25:00Z
6552956,13.07.2022 08:30,15.07.2022 06:22,Phatthalung,department of highways,motorized tricycle,cutting in closely by people/vehicles/animals,rear-end collision,2,0,1,clear,7.352863817,100.1290887,straight road,no slope,2022-07-13T01:30:00Z
7509702,13.07.2022 08:30,27.12.2022 08:48,Phra Nakhon Si Ayutthaya,department of highways,other,speeding,pedestrian collision,1,0,0,rainy,14.19524622,100.6470609,other,other,2022-07-13T01:30:00Z
6595013,13.07.2022 08:49,25.07.2022 15:03,Pathum Thani,department of highways,4-wheel pickup truck,speeding,rollover/fallen on curved road,1,0,0,clear,14.00709326,100.7044494,other,other,2022-07-13T01:49:00Z
6546825,13.07.2022 08:50,13.07.2022 22:32,Nakhon Ratchasima,department of highways,7-10-wheel truck,speeding,rollover/fallen on curved road,1,1,0,rainy,14.60228534,102.0078823,wide curve,no slope,2022-07-13T01:50:00Z
6548032,13.07.2022 09:00,14.07.2022 05:49,Phrae,department of highways,4-wheel pickup truck,speeding,rollover/fallen on curved road,1,0,0,rainy,18.04801626,99.69916819,wide curve,slope area,2022-07-13T02:00:00Z
6565580,13.07.2022 09:00,18.07.2022 06:21,Maha Sarakham,department of highways,4-wheel pickup truck,speeding,rollover/fallen on straight road,1,0,1,clear,16.18789254,103.1415287,straight road,no slope,2022-07-13T02:00:00Z
7458779,13.07.2022 09:00,15.12.2022 16:00,Nakhon Ratchasima,department of highways,private/passenger car,falling asleep,rollover/fallen on straight road,1,0,1,clear,14.86960837,101.7829013,straight road,no slope,2022-07-13T02:00:00Z