acc_code,incident_datetime,report_datetime,province_en,agency,vehicle_type,presumed_cause,accident_type,number_of_vehicles_involved,number_of_fatalities,number_of_injuries,weather_condition,latitude,longitude,road_description,slope_description,incident_time
6563440,17.07.2022 14:30,17.07.2022 18:01,Phitsanulok,department of highways,private/passenger car,speeding,rear-end collision,4,0,0,clear,16.61325382,100.1494038,straight road,no slope,2022-07-17T07:30:00Z
6808358,17.07.2022 14:30,30.08.2022 09:43,Prachin Buri,department of highways,private/passenger car,speeding,collision with obstruction (on road surface),1,0,3,clear,13.90609063,101.6267779,other,other,2022-07-17T07:30:00Z
7088067,17.07.2022 15:00,11.10.2022 11:00,Loburi,department of highways,private/passenger car,speeding,rollover/fallen on straight road,1,0,2,clear,15.0580364,100.7157656,straight road,no slope,2022-07-17T08:00:00Z
6564706,17.07.2022 15:25,17.07.2022 23:53,Samut Prakan,department of highways,private/passenger car,speeding,rear-end collision,3,0,0,clear,13.66644952,100.8493987,straight road,no slope,2022-07-17T08:25:00Z
6565600,17.07.2022 15:30,18.07.2022 06:29,Nakhon Si Thammarat,department of highways,private/passenger car,vehicle equipment failure,other,1,0,0,clear,8.615068424,99.95401023,straight road,no slope,2022-07-17T08:30:00Z
6594984,17.07.2022 15:30,25.07.2022 14:55,Narathiwat,department of highways,private/passenger car,speeding,rollover/fallen on straight road,1,0,3,clear,6.572149841,101.6390356,straight road,no slope,2022-07-17T08:30:00Z
6600518,17.07.2022 15:50,26.07.2022 09:37,Nakhon Si Thammarat,department of highways,4-wheel pickup truck,speeding,rear-end collision,3,0,2,clear,7.941906955,100.3333095,straight road,no slope,2022-07-17T08:50:00Z
7564285,17.07.2022 16:00,19.01.2023 13:06,Samut Sakhon,department of highways,4-wheel pickup truck,debris/obstruction on the road,other,3,0,3,clear,13.59286828,100.3592062,straight road,no slope,2022-07-17T09:00:00Z
6565498,17.07.2022 16:10,18.07.2022 05:55,Suphan Buri,department of highways,private/passenger car,speeding,rear-end collision,3,0,0,clear,14.47490725,100.1010704,other,other,2022-07-17T09:10:00Z
6601260,17.07.2022 16:25,26.07.2022 10:52,Phitsanulok,department of highways,motorcycle,speeding,rear-end collision,2,1,0,clear,16.87433031,100.2080074,straight road,no slope,2022-07-17T09:25:00Z
6586048,17.07.2022 16:40,21.07.2022 14:30,Nakhon Si Thammarat,department of highways,private/passenger car,speeding,rollover/fallen on straight road,1,0,1,clear,8.006876721,100.2999025,straight road,no slope,2022-07-17T09:40:00Z
6658356,17.07.2022 17:40,18.07.2022 10:10,Rayong,department of rural roads,private/passenger car,speeding,other,3,0,1,clear,12.900539,101.11799,four-way intersection,other,2022-07-17T10:40:00Z
6565383,17.07.2022 18:00,18.07.2022 05:19,Uttaradit,department of highways,4-wheel pickup truck,cutting in closely by people/vehicles/animals,rollover/fallen on straight road,1,0,0,clear,17.38309835,100.2326515,straight road,no slope,2022-07-17T11:00:00Z
7331739,17.07.2022 18:30,22.07.2022 14:01,Phatthalung,department of highways,7-10-wheel truck,speeding,rear-end collision,2,0,0,clear,7.438257113,100.0664082,straight road,no slope,2022-07-17T11:30:00Z
7542625,17.07.2022 18:30,3.01.2023 14:01,Loei,department of highways,4-wheel pickup truck,speeding,rollover/fallen on curved road,1,0,0,rainy,17.26023473,101.1280694,wide curve,slope area,2022-07-17T11:30:00Z
7561764,17.07.2022 19:00,17.01.2023 14:23,Nakhon Nayok,department of highways,4-wheel pickup truck,speeding,rollover/fallen on straight road,1,0,0,clear,14.2403467,101.1398792,straight road,no slope,2022-07-17T12:00:00Z
6608478,17.07.2022 19:53,27.07.2022 11:01,Samut Prakan,expressway authority of thailand,4-wheel pickup truck,other,collision with obstruction (on road surface),2,0,0,rainy,13.616083,100.616194,straight road,other,2022-07-17T12:53:00Z
6565385,17.07.2022 20:00,18.07.2022 05:15,Phrae,department of highways,private/passenger car,speeding,rollover/fallen on curved road,1,0,1,clear,18.29601672,100.303038,wide curve,no slope,2022-07-17T13:00:00Z
7541624,17.07.2022 20:00,3.01.2023 09:54,Chiang Mai,department of highways,4-wheel pickup truck,speeding,head-on collision (not overtaking),2,0,1,clear,19.13493109,99.16451274,straight road,no slope,2022-07-17T13:00:00Z
7558337,17.07.2022 21:12,12.01.2023 14:44,Nakhon Ratchasima,department of highways,private/passenger car,speeding,rollover/fallen on straight road,1,0,1,clear,14.8701761,101.7443794,straight road,no slope,2022-07-17T14:12:00Z
6565370,17.07.2022 21:30,18.07.2022 05:14,Lamphun,department of highways,motorcycle,speeding,rollover/fallen on straight road,1,0,1,clear,18.49504477,98.99131714,straight road,no slope,2022-07-17T14:30:00Z
7514337,17.07.2022 21:30,28.12.2022 09:21,Chiang Rai,department of highways,4-wheel pickup truck,speeding,rollover/fallen on straight road,1,0,0,clear,19.65057242,100.0880751,straight road,no slope,2022-07-17T14:30:00Z
6594950,17.07.2022 21:40,25.07.2022 14:54,Chachoengsao,department of highways,4-wheel pickup truck,speeding,rear-end collision,2,0,0,clear,13.6020346,100.9496623,straight road,no slope,2022-07-17T14:40:00Z
7508944,17.07.2022 21:40,26.12.2022 13:36,Chachoengsao,department of highways,large truck with trailer,speeding,rollover/fallen on straight road,1,0,0,rainy,13.66294928,101.1064267,straight road,no slope,2022-07-17T14:40:00Z
6564708,17.07.2022 22:10,17.07.2022 23:50,Samut Prakan,department of highways,van,speeding,rollover/fallen on straight road,1,0,0,clear,13.61824686,100.9244013,straight road,no slope,2022-07-17T15:10:00Z
6565256,17.07.2022 22:22,18.07.2022 04:05,Bangkok,expressway authority of thailand,other,other,side collision,2,0,4,clear,13.74825258,100.6024044,straight road,other,2022-07-17T15:22:00Z
7472584,17.07.2022 22:35,20.12.2022 09:04,Nakhon Ratchasima,department of highways,van,speeding,rollover/fallen on straight road,1,0,1,clear,14.93402477,101.9829243,straight road,no slope,2022-07-17T15:35:00Z
6565551,17.07.2022 23:07,18.07.2022 06:12,Chon Buri,department of highways,4-wheel pickup truck,speeding,rear-end collision,2,0,0,clear,13.28586715,100.991258,straight road,no slope,2022-07-17T16:07:00Z
7438010,17.07.2022 23:15,7.12.2022 09:02,Buri Ram,department of highways,private/passenger car,speeding,rollover/fallen on straight road,1,0,1,clear,15.54530657,103.028149,straight road,no slope,2022-07-17T16:15:00Z
6565625,17.07.2022 23:30,18.07.2022 06:32,Bangkok,department of highways,large truck with trailer,speeding,rear-end collision,3,0,0,rainy,13.85249722,100.6737327,straight road,no slope,2022-07-17T16:30:00Z
7357603,17.07.2022 23:50,21.11.2022 10:29,Maha Sarakham,department of highways,private/passenger car,falling asleep,rollover/fallen on straight road,1,0,0,clear,16.39063483,103.1209105,straight road,no slope,2022-07-17T16:50:00Z
6566137,18.07.2022 00:20,18.07.2022 09:03,Phetchaburi,department of highways,7-10-wheel truck,speeding,rollover/fallen on curved road,1,0,0,clear,13.24967357,99.82555656,wide curve,no slope,2022-07-17T17:20:00Z
7088091,18.07.2022 02:00,11.10.2022 13:17,Saraburi,department of highways,private/passenger car,speeding,rollover/fallen on straight road,1,0,0,rainy,14.51872325,100.8925152,other,other,2022-07-17T19:00:00Z
6594946,18.07.2022 02:34,25.07.2022 14:54,Chon Buri,department of highways,private/passenger car,speeding,rollover/fallen on straight road,1,0,0,clear,13.41413011,101.0470077,straight road,no slope,2022-07-17T19:34:00Z
6594622,18.07.2022 02:48,25.07.2022 13:59,Bangkok,department of highways,large truck with trailer,speeding,rear-end collision,2,0,1,clear,13.73033354,100.7236272,straight road,no slope,2022-07-17T19:48:00Z
6600505,18.07.2022 03:10,26.07.2022 09:32,Surat Thani,department of highways,4-wheel pickup truck,speeding,rollover/fallen on curved road,1,0,0,clear,8.939242068,98.96317004,wide curve,no slope,2022-07-17T20:10:00Z
6609317,18.07.2022 03:30,27.07.2022 14:15,Chai Nat,department of highways,private/passenger car,falling asleep,rollover/fallen on straight road,1,0,1,clear,15.20077859,100.2206728,straight road,no slope,2022-07-17T20:30:00Z
7040812,18.07.2022 04:45,5.10.2022 10:35,Maha Sarakham,department of highways,4-wheel pickup truck,speeding,rollover/fallen on straight road,1,0,1,clear,16.19932133,103.2581994,straight road,no slope,2022-07-17T21:45:00Z
7567552,18.07.2022 05:44,23.01.2023 18:07,Chumphon,department of highways,4-wheel pickup truck,speeding,rollover/fallen on curved road,1,0,1,rainy,9.954452953,99.06443147,other,other,2022-07-17T22:44:00Z
7055370,18.07.2022 06:10,7.10.2022 14:29,Suphan Buri,department of highways,large truck with trailer,falling asleep,rollover/fallen on straight road,1,0,0,clear,14.48209841,100.1318166,straight road,no slope,2022-07-17T23:10:00Z
6723027,18.07.2022 06:50,15.08.2022 09:06,Tak,department of highways,4-wheel pickup truck,speeding,rear-end collision,2,0,2,clear,16.79796516,99.15283708,straight road,no slope,2022-07-17T23:50:00Z
7568212,18.07.2022 07:20,24.01.2023 10:50,Mukdahan,department of highways,private/passenger car,speeding,rollover/fallen on straight road,1,0,1,clear,16.57910766,104.7199228,straight road,no slope,2022-07-18T00:20:00Z
6702332,18.07.2022 07:40,11.08.2022 14:21,Chumphon,department of rural roads,private/passenger car,repair/construction on the road,other,1,0,1,clear,10.564449,99.118635,wide curve,no slope,2022-07-18T00:40:00Z
6571610,18.07.2022 08:08,19.07.2022 07:36,Bangkok,expressway authority of thailand,other,other,rear-end collision,3,0,0,clear,13.75462477,100.5567878,straight road,other,2022-07-18T01:08:00Z
7560706,18.07.2022 08:30,16.01.2023 11:20,Bangkok,department of highways,motorcycle,speeding,collision at intersection corner,2,0,1,clear,13.78987642,100.5615629,other,other,2022-07-18T01:30:00Z
6602166,18.07.2022 09:00,26.07.2022 13:28,Uttaradit,department of highways,6-wheel truck,speeding,rollover/fallen on curved road,1,0,0,clear,17.7084353,100.7029286,wide curve,no slope,2022-07-18T02:00:00Z
7444892,18.07.2022 09:20,8.12.2022 15:08,Samut Sakhon,department of highways,passenger pickup truck,speeding,rear-end collision,2,0,0,clear,13.53388878,100.212264,straight road,no slope,2022-07-18T02:20:00Z
6593042,18.07.2022 09:50,25.07.2022 09:17,Chachoengsao,department of highways,large truck with trailer,speeding,rear-end collision,2,0,3,clear,13.77338127,101.5226626,other,other,2022-07-18T02:50:00Z
6587365,18.07.2022 10:20,21.07.2022 20:00,Ubon Ratchathani,department of highways,4-wheel pickup truck,speeding,head-on collision (not overtaking),2,0,3,clear,15.23929773,105.0952363,straight road,no slope,2022-07-18T03:20:00Z
7088093,18.07.2022 10:20,11.10.2022 13:18,Saraburi,department of highways,large truck with trailer,speeding,rear-end collision,2,0,1,clear,14.53691916,100.9491259,straight road,no slope,2022-07-18T03:20:00Z
6650696,18.07.2022 11:01,3.08.2022 10:37,Samut Prakan,expressway authority of thailand,4-wheel pickup truck,other,rear-end collision,2,0,0,clear,13.626587,100.66871,straight road,other,2022-07-18T04:01:00Z
7331741,18.07.2022 11:30,20.07.2022 09:56,Maha Sarakham,department of highways,4-wheel pickup truck,cutting in closely by people/vehicles/animals,rear-end collision,3,1,1,clear,16.09056782,103.2976225,straight road,no slope,2022-07-18T04:30:00Z
6594456,18.07.2022 12:30,25.07.2022 13:15,Chon Buri,department of highways,4-wheel pickup truck,speeding,rear-end collision,2,0,0,clear,13.02366631,100.9964025,straight road,no slope,2022-07-18T05:30:00Z
6595695,18.07.2022 13:50,25.07.2022 16:20,Prachuap Khiri Khan,department of highways,4-wheel pickup truck,speeding,rollover/fallen on straight road,1,0,0,clear,11.06416688,99.37213986,straight road,no slope,2022-07-18T06:50:00Z
6595864,18.07.2022 14:12,25.07.2022 16:29,Chon Buri,department of highways,4-wheel pickup truck,speeding,rear-end collision,2,0,1,clear,13.2280786,101.0018045,straight road,no slope,2022-07-18T07:12:00Z
6579869,18.07.2022 14:23,20.07.2022 13:41,Mukdahan,department of highways,4-wheel pickup truck,cutting in closely by people/vehicles/animals,rollover/fallen on straight road,1,0,1,clear,16.53227151,104.3531307,straight road,no slope,2022-07-18T07:23:00Z
6601183,18.07.2022 14:30,26.07.2022 10:40,Phrae,department of highways,large truck with trailer,speeding,rollover/fallen on curved road,1,0,0,clear,18.04109478,99.70009892,wide curve,slope area,2022-07-18T07:30:00Z
7439094,18.07.2022 15:30,7.12.2022 14:38,Nakhon Ratchasima,department of highways,private/passenger car,falling asleep,rollover/fallen on straight road,1,0,0,clear,15.55945398,102.5510189,straight road,no slope,2022-07-18T08:30:00Z
6602605,18.07.2022 15:40,26.07.2022 14:37,Nakhon Ratchasima,department of highways,motorcycle,running red lights/traffic signals,collision with obstruction (on road surface),2,0,1,clear,14.9840267,102.1717465,straight road,no slope,2022-07-18T08:40:00Z
6607928,18.07.2022 16:42,27.07.2022 09:24,Prachin Buri,department of highways,4-wheel pickup truck,speeding,rollover/fallen on straight road,1,0,0,clear,14.26400356,101.8930891,other,other,2022-07-18T09:42:00Z
7365309,18.07.2022 17:00,22.11.2022 13:45,Phetchabun,department of highways,private/passenger car,falling asleep,rollover/fallen on curved road,1,0,0,clear,16.71059765,101.5984323,wide curve,no slope,2022-07-18T10:00:00Z
7331743,18.07.2022 17:05,20.07.2022 11:25,Samut Prakan,department of highways,large truck with trailer,speeding,rear-end collision,3,1,0,clear,13.6719122,100.7210871,straight road,no slope,2022-07-18T10:05:00Z
6593027,18.07.2022 19:35,23.07.2022 11:25,Bangkok,department of highways,4-wheel pickup truck,speeding,rear-end collision,2,0,0,clear,13.66120044,100.6948095,straight road,no slope,2022-07-18T12:35:00Z
7554334,18.07.2022 19:40,9.01.2023 10:27,Trang,department of highways,7-10-wheel truck,overloaded vehicle,collision with obstruction (on road surface),1,0,0,clear,7.884220042,99.59721208,wide curve,no slope,2022-07-18T12:40:00Z
7541947,18.07.2022 19:55,3.01.2023 11:19,Phayao,department of highways,4-wheel pickup truck,speeding,rollover/fallen on straight road,1,0,0,clear,19.19719529,99.93778823,straight road,no slope,2022-07-18T12:55:00Z
7213661,18.07.2022 21:00,31.10.2022 13:38,Pattani,department of highways,private/passenger car,speeding,rollover/fallen on straight road,1,0,0,clear,6.840333409,101.2249401,straight road,no slope,2022-07-18T14:00:00Z
7564538,18.07.2022 21:20,19.01.2023 21:37,Trang,department of highways,motorcycle,reversing vehicle,collision with obstruction (on road surface),1,0,0,clear,7.795235097,99.62670295,straight road,no slope,2022-07-18T14:20:00Z
6571566,18.07.2022 21:49,19.07.2022 07:25,Bangkok,expressway authority of thailand,other,other,side collision,2,0,1,clear,13.73574527,100.5184883,grade-separated intersection/ramps,other,2022-07-18T14:49:00Z
6572110,18.07.2022 22:30,19.07.2022 10:10,Nakhon Sawan,department of highways,motorcycle,speeding,rollover/fallen on straight road,1,1,0,clear,15.59231615,99.55640493,straight road,no slope,2022-07-18T15:30:00Z
7140348,18.07.2022 23:00,20.10.2022 13:56,Phetchabun,department of highways,private/passenger car,speeding,rollover/fallen on straight road,1,0,1,clear,16.23590085,101.080656,wide curve,slope area,2022-07-18T16:00:00Z
6637008,18.07.2022 23:20,1.08.2022 06:19,Phrae,department of highways,4-wheel pickup truck,speeding,rear-end collision,3,0,0,clear,18.16829009,100.1709232,straight road,no slope,2022-07-18T16:20:00Z
7568157,18.07.2022 23:30,24.01.2023 10:23,Nong Khai,department of highways,4-wheel pickup truck,speeding,rollover/fallen on straight road,1,0,0,clear,17.859402,102.7495399,straight road,no slope,2022-07-18T16:30:00Z
7338176,19.07.2022 00:40,18.11.2022 10:27,Chaiyaphum,department of highways,4-wheel pickup truck,running red lights/traffic signals,head-on collision (not overtaking),2,0,0,clear,16.59519315,101.928037,other,other,2022-07-18T17:40:00Z
7564282,19.07.2022 01:00,19.01.2023 13:01,Samut Sakhon,department of highways,4-wheel pickup truck,falling asleep,rollover/fallen on straight road,1,0,0,clear,13.54445767,100.2545759,straight road,no slope,2022-07-18T18:00:00Z
6604580,19.07.2022 02:00,26.07.2022 21:21,Krabi,department of highways,4-wheel pickup truck,speeding,rollover/fallen on straight road,1,0,1,clear,8.021301534,99.11285876,straight road,no slope,2022-07-18T19:00:00Z
6723051,19.07.2022 02:00,15.08.2022 09:12,Phetchabun,department of highways,large truck with trailer,vehicle equipment failure,rollover/fallen on curved road,1,0,0,clear,17.0265627,101.1941054,straight road,no slope,2022-07-18T19:00:00Z
6850773,19.07.2022 02:20,6.09.2022 09:02,Chaiyaphum,department of highways,4-wheel pickup truck,speeding,rollover/fallen on curved road,1,0,1,clear,15.64596326,101.9493565,wide curve,no slope,2022-07-18T19:20:00Z
6602134,19.07.2022 03:00,26.07.2022 13:18,Uttaradit,department of highways,private/passenger car,falling asleep,rollover/fallen on straight road,1,0,2,clear,17.59457391,100.0031805,straight road,no slope,2022-07-18T20:00:00Z
6658361,19.07.2022 03:40,25.07.2022 09:39,Chiang Mai,department of rural roads,4-wheel pickup truck,speeding,other,1,0,0,clear,18.743159,98.960077,four-way intersection,other,2022-07-18T20:40:00Z
7088164,19.07.2022 04:00,11.10.2022 14:40,Kanchanaburi,department of highways,private/passenger car,speeding,rollover/fallen on straight road,1,0,1,clear,14.07706782,99.45990978,straight road,no slope,2022-07-18T21:00:00Z
7476503,19.07.2022 05:20,21.12.2022 09:28,Nakhon Si Thammarat,department of highways,bicycle,speeding,rear-end collision,2,0,0,clear,8.295067693,99.99354331,straight road,no slope,2022-07-18T22:20:00Z
7568081,19.07.2022 05:30,24.01.2023 09:29,Nong Khai,department of highways,4-wheel pickup truck,speeding,rollover/fallen on straight road,1,0,1,rainy,18.21712245,103.1794309,straight road,no slope,2022-07-18T22:30:00Z
7425581,19.07.2022 05:50,2.12.2022 14:55,Bangkok,department of highways,4-wheel pickup truck,speeding,rollover/fallen on straight road,1,0,0,clear,13.90561678,100.5934033,straight road,no slope,2022-07-18T22:50:00Z
7561553,19.07.2022 07:10,17.01.2023 10:35,Bangkok,department of highways,motorcycle,cutting in closely by people/vehicles/animals,rear-end collision,2,0,2,clear,13.62619226,100.3931013,straight road,no slope,2022-07-19T00:10:00Z
6594980,19.07.2022 07:30,25.07.2022 14:59,Narathiwat,department of highways,4-wheel pickup truck,speeding,rollover/fallen on straight road,1,0,1,clear,6.403901179,101.7213982,straight road,no slope,2022-07-19T00:30:00Z
6593045,19.07.2022 08:30,25.07.2022 09:19,Chachoengsao,department of highways,motorcycle,speeding,rear-end collision,2,1,0,clear,13.73572699,101.3373273,straight road,no slope,2022-07-19T01:30:00Z
6607767,19.07.2022 08:30,27.07.2022 08:59,Tak,department of highways,7-10-wheel truck,speeding,rollover/fallen on curved road,1,0,2,foggy,17.04418612,98.58718334,wide curve,no slope,2022-07-19T01:30:00Z
6644545,19.07.2022 09:30,2.08.2022 11:30,Yala,department of highways,private/passenger car,falling asleep,rollover/fallen on straight road,1,0,1,clear,6.56240803,101.2609139,straight road,no slope,2022-07-19T02:30:00Z
6608409,19.07.2022 09:47,27.07.2022 10:45,Chachoengsao,expressway authority of thailand,other,other,collision with obstruction (on road surface),2,0,0,clear,13.506277,100.994957,straight road,other,2022-07-19T02:47:00Z
6592941,19.07.2022 10:00,25.07.2022 09:09,Lamphun,department of highways,large truck with trailer,speeding,rear-end collision,2,0,0,clear,18.65078406,99.0529999,straight road,no slope,2022-07-19T03:00:00Z
7568467,19.07.2022 10:20,24.01.2023 15:09,Prachin Buri,department of highways,7-10-wheel truck,speeding,rear-end collision,3,0,1,clear,13.89375446,101.5797883,other,other,2022-07-19T03:20:00Z
6723231,19.07.2022 10:30,15.08.2022 09:49,Krabi,department of highways,4-wheel pickup truck,speeding,rollover/fallen on straight road,1,0,0,clear,8.053931433,99.24054532,straight road,no slope,2022-07-19T03:30:00Z
7331745,19.07.2022 10:30,27.07.2022 13:28,Sing Buri,department of highways,private/passenger car,speeding,head-on collision (not overtaking),2,0,2,clear,14.94539387,100.3632912,straight road,no slope,2022-07-19T03:30:00Z
6608403,19.07.2022 11:55,27.07.2022 10:44,Chachoengsao,expressway authority of thailand,other,other,rollover/fallen on straight road,1,0,1,clear,13.494977,101.006155,straight road,other,2022-07-19T04:55:00Z
6723050,19.07.2022 12:10,15.08.2022 09:14,Phetchabun,department of highways,motorcycle,cutting in closely by people/vehicles/animals,other,2,1,0,clear,16.72800911,101.2770983,straight road,no slope,2022-07-19T05:10:00Z
6609513,19.07.2022 12:30,27.07.2022 15:00,Sukhothai,department of highways,motorcycle,speeding,rear-end collision,2,0,0,clear,17.01050734,99.7890517,straight road,no slope,2022-07-19T05:30:00Z
7564537,19.07.2022 12:50,19.01.2023 21:33,Trang,department of highways,motorcycle,cutting in closely by people/vehicles/animals,rear-end collision,2,0,3,clear,7.754524057,99.48873012,straight road,no slope,2022-07-19T05:50:00Z
6602097,19.07.2022 13:30,26.07.2022 13:04,Chon Buri,department of highways,4-wheel pickup truck,cutting in closely by people/vehicles/animals,rear-end collision,2,0,3,clear,13.30301962,100.9940287,straight road,no slope,2022-07-19T06:30:00Z
7568096,19.07.2022 13:30,24.01.2023 09:33,Nakhon Phanom,department of highways,private/passenger car,speeding,rollover/fallen on straight road,1,0,0,clear,17.95977636,104.2105445,straight road,no slope,2022-07-19T06:30:00Z
7568342,19.07.2022 14:08,24.01.2023 13:30,Chon Buri,department of highways,4-wheel pickup truck,speeding,other,1,0,0,clear,13.17855517,100.9946993,straight road,no slope,2022-07-19T07:08:00Z
6600947,19.07.2022 14:35,26.07.2022 10:24,Prachuap Khiri Khan,department of highways,6-wheel truck,speeding,rollover/fallen on curved road,1,0,4,rainy,11.43395294,99.5601493,other,other,2022-07-19T07:35:00Z
6608242,19.07.2022 14:38,27.07.2022 10:18,Bangkok,expressway authority of thailand,other,other,rear-end collision,5,0,0,clear,13.767149,100.602073,grade-separated intersection/ramps,other,2022-07-19T07:38:00Z
6765582,19.07.2022 15:20,22.08.2022 11:51,Yala,department of highways,4-wheel pickup truck,speeding,rollover/fallen on curved road,1,0,3,rainy,5.916639438,101.1720174,other,other,2022-07-19T08:20:00Z
6593379,19.07.2022 15:30,25.07.2022 09:59,Lampang,department of highways,large truck with trailer,speeding,rollover/fallen on curved road,1,0,1,clear,17.77706282,99.25085573,wide curve,no slope,2022-07-19T08:30:00Z
6594619,19.07.2022 15:30,25.07.2022 13:57,Samut Prakan,department of highways,4-wheel pickup truck,speeding,rollover/fallen on straight road,1,0,0,clear,13.65167933,100.8723584,straight road,no slope,2022-07-19T08:30:00Z
6594901,19.07.2022 15:40,25.07.2022 14:48,Narathiwat,department of highways,4-wheel pickup truck,speeding,rollover/fallen on straight road,1,0,1,rainy,6.354443605,101.8985179,straight road,no slope,2022-07-19T08:40:00Z
6635207,19.07.2022 16:30,31.07.2022 22:08,Nakhon Phanom,department of highways,4-wheel pickup truck,speeding,rollover/fallen on straight road,1,0,0,rainy,17.35764796,104.6400788,straight road,no slope,2022-07-19T09:30:00Z
6579867,19.07.2022 16:55,20.07.2022 13:43,Bangkok,expressway authority of thailand,other,other,rear-end collision,6,0,0,clear,13.75325287,100.5748847,straight road,other,2022-07-19T09:55:00Z
7414895,19.07.2022 17:40,25.11.2022 15:06,Maha Sarakham,department of highways,4-wheel pickup truck,speeding,rollover/fallen on straight road,1,0,1,rainy,16.20813524,103.2849651,other,other,2022-07-19T10:40:00Z
7565118,19.07.2022 18:10,20.01.2023 08:52,Pathum Thani,department of highways,private/passenger car,speeding,other,2,0,0,clear,14.06651004,100.6808326,straight road,no slope,2022-07-19T11:10:00Z
7447131,19.07.2022 19:00,9.12.2022 15:16,Phayao,department of highways,4-wheel pickup truck,speeding,rollover/fallen on straight road,1,1,0,rainy,19.45079859,100.1519841,straight road,no slope,2022-07-19T12:00:00Z
6682009,19.07.2022 23:00,8.08.2022 16:08,Sa Kaeo,department of highways,private/passenger car,speeding,rollover/fallen on straight road,1,0,0,clear,13.5336567,102.1653226,straight road,no slope,2022-07-19T16:00:00Z
7040934,19.07.2022 23:00,5.10.2022 10:55,Yasothon,department of highways,4-wheel pickup truck,speeding,rollover/fallen on straight road,1,0,1,clear,15.57752766,104.3992781,straight road,no slope,2022-07-19T16:00:00Z
7568339,19.07.2022 23:00,24.01.2023 13:31,Bangkok,department of highways,large truck with trailer,vehicle equipment failure,rollover/fallen on straight road,1,0,0,clear,13.73184476,100.7751363,straight road,no slope,2022-07-19T16:00:00Z
6594957,20.07.2022 00:23,25.07.2022 14:52,Pathum Thani,department of highways,private/passenger car,speeding,rollover/fallen on straight road,1,0,0,clear,14.006604,100.7054874,straight road,no slope,2022-07-19T17:23:00Z
7566538,20.07.2022 00:30,21.01.2023 15:11,Phangnga,department of highways,4-wheel pickup truck,speeding,rollover/fallen on straight road,1,0,1,clear,8.864650017,98.33490549,wide curve,no slope,2022-07-19T17:30:00Z
6594905,20.07.2022 01:20,25.07.2022 14:46,Bangkok,department of highways,private/passenger car,speeding,rollover/fallen on straight road,1,0,1,clear,13.89275984,100.690408,straight road,no slope,2022-07-19T18:20:00Z
7514037,20.07.2022 01:20,28.12.2022 09:21,Chiang Rai,department of highways,4-wheel pickup truck,speeding,rollover/fallen on straight road,1,0,1,clear,20.22172839,100.1379132,straight road,no slope,2022-07-19T18:20:00Z
7568199,20.07.2022 02:20,24.01.2023 10:41,Yasothon,department of highways,4-wheel pickup truck,driving under the influence of alcohol,rollover/fallen on straight road,1,0,1,rainy,16.19843786,104.5340484,straight road,no slope,2022-07-19T19:20:00Z
7567364,20.07.2022 02:30,23.01.2023 14:31,Phuket,department of highways,4-wheel pickup truck,speeding,rollover/fallen on straight road,1,0,0,clear,8.035593041,98.33367704,straight road,no slope,2022-07-19T19:30:00Z
6580629,20.07.2022 03:25,20.07.2022 16:29,Chanthaburi,department of highways,4-wheel pickup truck,speeding,rollover/fallen on straight road,1,0,1,rainy,12.63022263,102.1014511,straight road,no slope,2022-07-19T20:25:00Z
6604553,20.07.2022 06:00,26.07.2022 21:18,Si Sa Ket,department of highways,motorcycle,speeding,rollover/fallen on straight road,1,2,0,clear,15.10303481,104.4171148,straight road,no slope,2022-07-19T23:00:00Z
7521895,20.07.2022 06:30,30.12.2022 12:03,Chiang Rai,department of highways,private/passenger car,speeding,rollover/fallen on straight road,1,0,1,rainy,19.80981048,99.75619196,straight road,no slope,2022-07-19T23:30:00Z
7527014,20.07.2022 07:29,31.12.2022 09:27,Rayong,department of highways,6-wheel truck,running red lights/traffic signals,collision at intersection corner,2,0,0,clear,12.8723988,101.0899633,other,other,2022-07-20T00:29:00Z
7568327,20.07.2022 07:32,24.01.2023 13:26,Prachin Buri,department of highways,large truck with trailer,speeding,rear-end collision,2,0,0,clear,14.31803846,101.8370068,straight road,slope area,2022-07-20T00:32:00Z
7568335,20.07.2022 08:10,24.01.2023 13:29,Chon Buri,department of highways,4-wheel pickup truck,cutting in closely by people/vehicles/animals,rear-end collision,2,0,0,clear,13.11095578,100.9866097,straight road,no slope,2022-07-20T01:10:00Z
6594458,20.07.2022 09:00,25.07.2022 13:16,Chon Buri,department of highways,private/passenger car,debris/obstruction on the road,collision with obstruction (on road surface),1,0,0,clear,12.84647694,100.9825247,straight road,no slope,2022-07-20T02:00:00Z
7444869,20.07.2022 09:00,8.12.2022 14:30,Samut Sakhon,department of highways,7-10-wheel truck,speeding,rollover/fallen on straight road,1,0,0,clear,13.58487223,100.3168622,straight road,no slope,2022-07-20T02:00:00Z
7567896,20.07.2022 09:00,24.01.2023 07:15,Nakhon Pathom,department of highways,other,speeding,rollover/fallen on straight road,1,0,0,clear,13.84405947,100.0251102,straight road,no slope,2022-07-20T02:00:00Z
7331749,20.07.2022 09:20,25.07.2022 09:06,Lamphun,department of highways,6-wheel truck,speeding,rollover/fallen on straight road,1,0,1,clear,18.61419225,99.04518394,other,other,2022-07-20T02:20:00Z