acc_code,incident_datetime,report_datetime,province_en,agency,vehicle_type,presumed_cause,accident_type,number_of_vehicles_involved,number_of_fatalities,number_of_injuries,weather_condition,latitude,longitude,road_description,slope_description,incident_time
6746109,20.07.2022 09:45,19.08.2022 09:43,Phetchabun,department of highways,7-10-wheel truck,speeding,rear-end collision,2,0,2,clear,16.64126743,101.1635604,straight road,no slope,2022-07-20T02:45:00Z
6586392,20.07.2022 11:35,21.07.2022 15:41,Nakhon Si Thammarat,department of highways,4-wheel pickup truck,speeding,rollover/fallen on straight road,1,0,2,clear,8.402349583,99.92033242,straight road,no slope,2022-07-20T04:35:00Z
7331751,20.07.2022 11:45,19.08.2022 09:42,Phetchabun,department of highways,6-wheel truck,vehicle equipment failure,rollover/fallen on straight road,1,1,6,clear,16.66992961,101.1592448,straight road,no slope,2022-07-20T04:45:00Z
6609048,20.07.2022 12:00,27.07.2022 13:27,Sing Buri,department of highways,4-wheel pickup truck,vehicle equipment failure,rear-end collision,2,0,5,clear,14.83828746,100.3702032,straight road,no slope,2022-07-20T05:00:00Z
6723026,20.07.2022 12:20,15.08.2022 09:06,Tak,department of highways,private/passenger car,falling asleep,rollover/fallen on straight road,1,0,4,clear,16.73423555,99.2187175,straight road,no slope,2022-07-20T05:20:00Z
7192614,20.07.2022 12:50,28.10.2022 09:13,Saraburi,department of rural roads,motorcycle,speeding,other,1,1,0,clear,14.856618,101.200474,straight road,no slope,2022-07-20T05:50:00Z
7446384,20.07.2022 13:23,9.12.2022 12:01,Rayong,department of highways,4-wheel pickup truck,speeding,rollover/fallen on straight road,1,0,1,rainy,12.71894949,101.1998266,straight road,no slope,2022-07-20T06:23:00Z
6895568,20.07.2022 13:36,13.09.2022 09:09,Nong Bua Lam Phu,department of highways,4-wheel pickup truck,speeding,rollover/fallen on curved road,1,0,1,clear,17.29569676,102.2147047,wide curve,no slope,2022-07-20T06:36:00Z
6764365,20.07.2022 14:15,22.08.2022 08:09,Khon Kaen,department of highways,private/passenger car,speeding,rollover/fallen on straight road,1,0,5,clear,16.13840911,102.7480674,straight road,no slope,2022-07-20T07:15:00Z
6594650,20.07.2022 14:20,25.07.2022 14:00,buogkan,department of highways,other,speeding,rollover/fallen on curved road,1,0,0,clear,18.08256347,103.6198121,other,other,2022-07-20T07:20:00Z
7561544,20.07.2022 15:00,17.01.2023 10:34,Bangkok,department of highways,private/passenger car,speeding,rear-end collision,2,0,1,clear,13.66363734,100.4411664,straight road,no slope,2022-07-20T08:00:00Z
6723554,20.07.2022 15:30,15.08.2022 10:56,Maha Sarakham,department of highways,4-wheel pickup truck,speeding,head-on collision (not overtaking),2,0,1,clear,15.54611281,103.2012239,straight road,no slope,2022-07-20T08:30:00Z
6587384,20.07.2022 15:39,21.07.2022 20:01,Si Sa Ket,department of highways,4-wheel pickup truck,falling asleep,rollover/fallen on straight road,1,0,0,clear,14.59869823,104.6420342,straight road,no slope,2022-07-20T08:39:00Z
6602094,20.07.2022 15:40,26.07.2022 13:02,Chanthaburi,department of highways,4-wheel pickup truck,speeding,rollover/fallen on curved road,1,0,0,rainy,12.67556862,102.0048836,wide curve,no slope,2022-07-20T08:40:00Z
6594652,20.07.2022 15:50,25.07.2022 14:01,Yasothon,department of highways,private/passenger car,speeding,rear-end collision,2,0,2,clear,16.26434231,104.5155063,straight road,no slope,2022-07-20T08:50:00Z
6658370,20.07.2022 16:08,25.07.2022 15:29,Loburi,department of rural roads,motorcycle,speeding,other,2,1,0,clear,14.812703,100.931462,four-way intersection,other,2022-07-20T09:08:00Z
6591464,20.07.2022 16:30,22.07.2022 11:34,Nakhon Phanom,department of highways,4-wheel pickup truck,falling asleep,rollover/fallen on straight road,1,0,2,clear,16.89966217,104.6807813,straight road,no slope,2022-07-20T09:30:00Z
6692551,20.07.2022 16:50,10.08.2022 09:53,Suphan Buri,department of highways,motorcycle,speeding,rear-end collision,2,0,2,clear,14.61501884,100.1523542,straight road,no slope,2022-07-20T09:50:00Z
7055368,20.07.2022 17:00,7.10.2022 14:28,Suphan Buri,department of highways,private/passenger car,falling asleep,rollover/fallen on curved road,1,0,0,clear,14.86029631,100.07074,wide curve,no slope,2022-07-20T10:00:00Z
6604448,20.07.2022 17:29,26.07.2022 20:57,Surin,department of highways,4-wheel pickup truck,speeding,rollover/fallen on curved road,1,0,2,clear,14.72124963,103.6717611,wide curve,no slope,2022-07-20T10:29:00Z
6594033,20.07.2022 17:40,25.07.2022 11:31,Chiang Rai,department of highways,large truck with trailer,speeding,rollover/fallen on straight road,1,0,0,clear,19.61438339,100.0706005,straight road,no slope,2022-07-20T10:40:00Z
6600520,20.07.2022 17:45,26.07.2022 09:35,Surat Thani,department of highways,4-wheel pickup truck,cutting in closely by people/vehicles/animals,head-on collision (not overtaking),2,1,0,clear,9.075020766,99.35714363,straight road,no slope,2022-07-20T10:45:00Z
7560710,20.07.2022 17:50,16.01.2023 11:21,Bangkok,department of highways,private/passenger car,failure to yield/signal,rear-end collision,2,0,0,clear,13.78987642,100.5615629,other,other,2022-07-20T10:50:00Z
6594585,20.07.2022 17:54,25.07.2022 13:53,Nonthaburi,expressway authority of thailand,4-wheel pickup truck,other,rear-end collision,4,0,0,clear,13.941493,100.561046,straight road,other,2022-07-20T10:54:00Z
6608004,20.07.2022 17:58,27.07.2022 09:33,Roi Et,department of highways,4-wheel pickup truck,speeding,rollover/fallen on straight road,1,1,2,rainy,16.41602555,103.8211119,straight road,no slope,2022-07-20T10:58:00Z
6609262,20.07.2022 18:40,27.07.2022 14:09,Nakhon Ratchasima,department of highways,7-10-wheel truck,speeding,rear-end collision,2,0,1,rainy,14.66775146,101.4391628,straight road,no slope,2022-07-20T11:40:00Z
7564536,20.07.2022 18:50,19.01.2023 21:31,Trang,department of highways,4-wheel pickup truck,speeding,rollover/fallen on straight road,2,0,2,rainy,7.55354252,99.73759084,wide curve,no slope,2022-07-20T11:50:00Z
7514555,20.07.2022 19:30,28.12.2022 09:52,Kamphaeng Phet,department of highways,motorcycle,speeding,rollover/fallen on straight road,1,0,1,clear,16.10111326,99.35690678,straight road,no slope,2022-07-20T12:30:00Z
6592979,20.07.2022 20:00,25.07.2022 09:11,Kanchanaburi,department of highways,motorcycle,speeding,rear-end collision,2,1,0,clear,14.03178663,99.56120877,straight road,no slope,2022-07-20T13:00:00Z
6604475,20.07.2022 20:00,26.07.2022 21:00,Ubon Ratchathani,department of highways,4-wheel pickup truck,speeding,rollover/fallen on straight road,1,0,0,rainy,15.51020388,104.9649748,straight road,no slope,2022-07-20T13:00:00Z
7563905,20.07.2022 20:24,19.01.2023 08:49,Phra Nakhon Si Ayutthaya,department of highways,7-10-wheel truck,speeding,rear-end collision,4,0,2,rainy,14.27903867,100.6779384,straight road,no slope,2022-07-20T13:24:00Z
7568361,20.07.2022 20:25,24.01.2023 13:50,Prachin Buri,department of highways,4-wheel pickup truck,speeding,rollover/fallen on curved road,1,0,0,rainy,14.00084989,101.7628464,wide curve,no slope,2022-07-20T13:25:00Z
7567527,20.07.2022 20:30,23.01.2023 16:49,Rayong,department of highways,4-wheel pickup truck,speeding,head-on collision (not overtaking),3,1,1,clear,12.74693811,101.1974099,straight road,no slope,2022-07-20T13:30:00Z
6601261,20.07.2022 20:35,26.07.2022 10:50,Phrae,department of highways,motorcycle,speeding,head-on collision (not overtaking),2,1,0,clear,18.20473729,100.2457139,straight road,no slope,2022-07-20T13:35:00Z
6594583,20.07.2022 22:04,25.07.2022 13:53,Nonthaburi,expressway authority of thailand,other,other,side collision,3,0,0,clear,13.86680185,100.5336202,wide curve,other,2022-07-20T15:04:00Z
6608368,20.07.2022 22:20,27.07.2022 10:35,Sa Kaeo,department of highways,6-wheel truck,vehicle equipment failure,rollover/fallen on straight road,1,0,0,rainy,13.72993228,102.5138354,other,other,2022-07-20T15:20:00Z
6631576,20.07.2022 23:00,31.07.2022 07:19,Ang Thong,department of highways,4-wheel pickup truck,speeding,rollover/fallen on straight road,1,0,1,clear,14.60572704,100.2485409,straight road,no slope,2022-07-20T16:00:00Z
6658353,20.07.2022 23:42,21.07.2022 16:32,Samut Prakan,department of rural roads,passenger pickup truck,speeding,other,3,0,0,rainy,13.665225,100.523154,straight road,no slope,2022-07-20T16:42:00Z
6764600,21.07.2022 00:14,22.08.2022 09:08,Samut Sakhon,department of highways,4-wheel pickup truck,speeding,rollover/fallen on straight road,2,0,1,clear,13.63139259,100.0938365,straight road,no slope,2022-07-20T17:14:00Z
7560650,21.07.2022 01:30,16.01.2023 10:46,Loei,department of highways,private/passenger car,speeding,rollover/fallen on straight road,1,0,1,rainy,18.01493657,101.883409,straight road,no slope,2022-07-20T18:30:00Z
7088090,21.07.2022 02:00,11.10.2022 13:16,Saraburi,department of highways,4-wheel pickup truck,speeding,rollover/fallen on straight road,1,0,0,clear,14.51872325,100.8925152,other,other,2022-07-20T19:00:00Z
6869788,21.07.2022 02:40,9.09.2022 11:23,Kalasin,department of highways,private/passenger car,falling asleep,rollover/fallen on straight road,1,0,1,clear,16.39278087,103.3306968,wide curve,no slope,2022-07-20T19:40:00Z
6609343,21.07.2022 02:50,27.07.2022 14:20,Chanthaburi,department of highways,4-wheel pickup truck,speeding,rear-end collision,2,1,1,rainy,12.66538107,102.1877405,straight road,no slope,2022-07-20T19:50:00Z
6846342,21.07.2022 03:00,5.09.2022 14:08,Chaiyaphum,department of highways,7-10-wheel truck,speeding,rollover/fallen on curved road,1,0,1,clear,15.85264696,101.4289999,wide curve,slope area,2022-07-20T20:00:00Z
7559204,21.07.2022 03:00,13.01.2023 10:45,Nakhon Ratchasima,department of highways,4-wheel pickup truck,speeding,rollover/fallen on straight road,2,0,0,rainy,15.28552535,102.417646,straight road,no slope,2022-07-20T20:00:00Z
6608255,21.07.2022 03:42,27.07.2022 10:20,Bangkok,expressway authority of thailand,4-wheel pickup truck,other,rear-end collision,2,0,2,rainy,13.779181,100.607356,straight road,other,2022-07-20T20:42:00Z
7568144,21.07.2022 04:00,24.01.2023 10:10,Prachuap Khiri Khan,department of highways,4-wheel pickup truck,speeding,rollover/fallen on straight road,1,0,0,rainy,12.39066714,99.91353838,straight road,no slope,2022-07-20T21:00:00Z
7568336,21.07.2022 04:19,24.01.2023 13:29,Chon Buri,department of highways,4-wheel pickup truck,speeding,rollover/fallen on straight road,1,0,0,rainy,13.30297525,100.9985,straight road,no slope,2022-07-20T21:19:00Z
6846601,21.07.2022 04:30,5.09.2022 14:58,Pattani,department of highways,6-wheel truck,speeding,collision with obstruction (on road surface),1,0,0,clear,6.854255981,101.2187201,straight road,no slope,2022-07-20T21:30:00Z
7567525,21.07.2022 04:30,23.01.2023 16:48,Rayong,department of highways,7-10-wheel truck,speeding,rollover/fallen on straight road,1,0,0,clear,12.9404476,101.5204659,straight road,no slope,2022-07-20T21:30:00Z
7569229,21.07.2022 05:00,25.01.2023 10:20,Nakhon Ratchasima,department of highways,4-wheel pickup truck,speeding,rear-end collision,2,0,0,clear,14.86946319,101.7926672,straight road,no slope,2022-07-20T22:00:00Z
6607971,21.07.2022 06:00,27.07.2022 09:30,Roi Et,department of highways,4-wheel pickup truck,speeding,rollover/fallen on straight road,1,0,1,clear,16.11334837,103.5004216,straight road,no slope,2022-07-20T23:00:00Z
6593621,21.07.2022 07:05,25.07.2022 10:38,Phra Nakhon Si Ayutthaya,department of highways,4-wheel pickup truck,speeding,rollover/fallen on curved road,1,0,0,rainy,14.18939805,100.6339797,wide curve,slope area,2022-07-21T00:05:00Z
7541325,21.07.2022 07:20,3.01.2023 08:30,Lampang,department of highways,large truck with trailer,speeding,rollover/fallen on curved road,1,0,0,clear,18.07613037,99.65742229,wide curve,no slope,2022-07-21T00:20:00Z
6607962,21.07.2022 08:00,27.07.2022 09:26,Roi Et,department of highways,private/passenger car,speeding,rollover/fallen on straight road,1,0,1,clear,16.06371228,103.6186695,other,other,2022-07-21T01:00:00Z
6609386,21.07.2022 08:30,27.07.2022 14:38,Nakhon Ratchasima,department of highways,large truck with trailer,falling asleep,rollover/fallen on straight road,1,0,0,rainy,14.90444725,101.9133934,straight road,no slope,2022-07-21T01:30:00Z
7567346,21.07.2022 08:30,23.01.2023 14:21,Phuket,department of highways,4-wheel pickup truck,speeding,rollover/fallen on curved road,1,0,0,rainy,7.944241997,98.27814727,sharp curve,slope area,2022-07-21T01:30:00Z
7542426,21.07.2022 08:35,3.01.2023 13:24,Phayao,department of highways,4-wheel pickup truck,speeding,rollover/fallen on curved road,1,0,0,clear,19.13413034,99.88429158,wide curve,no slope,2022-07-21T01:35:00Z
6609390,21.07.2022 08:50,27.07.2022 14:39,Nakhon Ratchasima,department of highways,4-wheel pickup truck,speeding,rollover/fallen on straight road,1,0,0,clear,14.99068549,101.9363236,straight road,no slope,2022-07-21T01:50:00Z
7145954,21.07.2022 08:50,21.10.2022 10:12,Suphan Buri,department of highways,private/passenger car,speeding,rollover/fallen on straight road,1,0,0,clear,14.21687456,99.91923539,straight road,no slope,2022-07-21T01:50:00Z
6592972,21.07.2022 09:08,23.07.2022 11:40,Bangkok,department of highways,4-wheel pickup truck,speeding,rollover/fallen on curved road,1,0,0,rainy,13.73299641,100.705533,other,other,2022-07-21T02:08:00Z
7541628,21.07.2022 09:20,3.01.2023 09:53,Chiang Mai,department of highways,4-wheel pickup truck,speeding,rollover/fallen on curved road,1,0,2,rainy,19.0957303,99.14365052,wide curve,no slope,2022-07-21T02:20:00Z
6591503,21.07.2022 09:35,22.07.2022 11:40,buogkan,department of highways,4-wheel pickup truck,driving under the influence of alcohol,rollover/fallen on curved road,1,0,1,clear,18.08256092,103.6198175,other,other,2022-07-21T02:35:00Z
6592953,21.07.2022 10:00,25.07.2022 09:03,Chon Buri,department of highways,other,speeding,rollover/fallen on straight road,1,0,0,clear,13.3815254,101.0191235,straight road,no slope,2022-07-21T03:00:00Z
7566536,21.07.2022 10:20,21.01.2023 15:08,Phangnga,department of highways,private/passenger car,speeding,rollover/fallen on straight road,1,0,1,rainy,8.332630056,98.42516451,straight road,no slope,2022-07-21T03:20:00Z
6607990,21.07.2022 10:30,27.07.2022 09:32,Kalasin,department of highways,4-wheel pickup truck,speeding,rollover/fallen on straight road,1,0,1,rainy,16.86296709,103.6119479,straight road,no slope,2022-07-21T03:30:00Z
7567010,21.07.2022 10:30,23.01.2023 09:07,Loei,department of highways,4-wheel pickup truck,speeding,rollover/fallen on straight road,1,0,1,clear,17.49235242,101.6943642,straight road,no slope,2022-07-21T03:30:00Z
7569232,21.07.2022 10:30,25.01.2023 10:23,Narathiwat,department of highways,6-wheel truck,speeding,collision with obstruction (on road surface),2,0,0,clear,6.602954128,101.6314906,straight road,no slope,2022-07-21T03:30:00Z
7554478,21.07.2022 10:50,9.01.2023 12:38,Phayao,department of highways,other,speeding,rollover/fallen on straight road,1,0,0,clear,19.39721014,99.98488514,straight road,no slope,2022-07-21T03:50:00Z
6607964,21.07.2022 11:00,27.07.2022 09:28,Roi Et,department of highways,6-wheel truck,speeding,rollover/fallen on straight road,1,0,0,clear,16.06805529,103.607879,other,other,2022-07-21T04:00:00Z
7566939,21.07.2022 12:00,23.01.2023 07:27,Chon Buri,department of highways,van,speeding,rollover/fallen on curved road,1,0,1,rainy,13.30456182,101.1793766,wide curve,no slope,2022-07-21T05:00:00Z
6602564,21.07.2022 12:13,26.07.2022 14:25,Nakhon Ratchasima,department of highways,motorcycle,cutting in closely by people/vehicles/animals,rear-end collision,2,2,1,clear,14.79722714,101.9048372,straight road,no slope,2022-07-21T05:13:00Z
6586092,21.07.2022 12:54,21.07.2022 14:44,Samut Prakan,department of highways,private/passenger car,speeding,rear-end collision,2,0,0,rainy,13.64184506,100.8876684,straight road,no slope,2022-07-21T05:54:00Z
7118840,21.07.2022 13:00,17.10.2022 13:18,Phuket,department of highways,4-wheel pickup truck,speeding,rollover/fallen on straight road,1,0,0,rainy,8.098643879,98.33597301,straight road,no slope,2022-07-21T06:00:00Z
7568152,21.07.2022 13:30,24.01.2023 10:20,Sakon Nakhon,department of highways,4-wheel pickup truck,speeding,rollover/fallen on curved road,1,0,0,clear,17.1754963,103.561112,sharp curve,slope area,2022-07-21T06:30:00Z
7425633,21.07.2022 13:50,2.12.2022 14:46,Yala,department of highways,private/passenger car,speeding,rollover/fallen on straight road,1,0,0,clear,6.487201043,101.1314759,wide curve,no slope,2022-07-21T06:50:00Z
7568325,21.07.2022 14:00,24.01.2023 13:23,Chon Buri,department of highways,4-wheel pickup truck,speeding,rear-end collision,2,0,0,clear,13.47733609,101.0461682,straight road,no slope,2022-07-21T07:00:00Z
6594568,21.07.2022 14:05,25.07.2022 13:47,Chon Buri,department of highways,private/passenger car,speeding,rear-end collision,2,0,3,clear,13.47688224,101.0461414,straight road,no slope,2022-07-21T07:05:00Z
7565533,21.07.2022 14:10,20.01.2023 11:47,Chachoengsao,department of highways,large truck with trailer,speeding,rollover/fallen on straight road,1,0,0,clear,13.7272091,101.0352855,straight road,no slope,2022-07-21T07:10:00Z
7564157,21.07.2022 14:25,19.01.2023 10:51,Samut Sakhon,department of highways,large truck with trailer,speeding,rear-end collision,2,0,0,clear,13.56223172,100.2762921,straight road,no slope,2022-07-21T07:25:00Z
6593373,21.07.2022 14:30,25.07.2022 09:58,Mae Hong Son,department of highways,private/passenger car,speeding,head-on collision (not overtaking),2,0,2,clear,17.99828471,97.91968344,wide curve,no slope,2022-07-21T07:30:00Z
6600847,21.07.2022 15:15,26.07.2022 10:12,Prachuap Khiri Khan,department of highways,4-wheel pickup truck,speeding,rollover/fallen on curved road,1,1,1,rainy,11.0703897,99.37331198,other,other,2022-07-21T08:15:00Z
7541606,21.07.2022 15:30,3.01.2023 09:46,Chiang Mai,department of highways,motorcycle,speeding,rollover/fallen on straight road,1,0,1,clear,18.85219849,99.01402472,straight road,no slope,2022-07-21T08:30:00Z
6658358,21.07.2022 15:35,22.07.2022 14:41,Khon Kaen,department of rural roads,private/passenger car,speeding,other,2,1,2,clear,16.561681,102.746242,straight road,no slope,2022-07-21T08:35:00Z
7331754,21.07.2022 15:40,27.07.2022 09:29,Maha Sarakham,department of highways,6-wheel truck,speeding,head-on collision (not overtaking),2,1,3,rainy,15.66663514,103.2562253,straight road,no slope,2022-07-21T08:40:00Z
6723025,21.07.2022 16:00,15.08.2022 09:05,Tak,department of highways,4-wheel pickup truck,speeding,head-on collision (not overtaking),2,1,5,rainy,16.57111776,98.67419152,straight road,no slope,2022-07-21T09:00:00Z
7562604,21.07.2022 16:00,18.01.2023 09:57,Phatthalung,department of highways,large truck with trailer,overloaded vehicle,rollover/fallen on curved road,1,0,0,clear,7.566275967,99.93227898,wide curve,no slope,2022-07-21T09:00:00Z
6636988,21.07.2022 16:23,1.08.2022 06:07,Phetchabun,department of highways,motorcycle,speeding,rear-end collision,2,1,0,clear,16.63508423,101.1616346,straight road,no slope,2022-07-21T09:23:00Z
7568126,21.07.2022 16:30,24.01.2023 09:52,Yasothon,department of highways,private/passenger car,speeding,rollover/fallen on straight road,1,0,0,clear,16.28999145,104.5142162,straight road,no slope,2022-07-21T09:30:00Z
6608934,21.07.2022 18:20,27.07.2022 12:51,Nakhon Sawan,department of highways,private/passenger car,debris/obstruction on the road,collision with obstruction (on road surface),1,0,0,rainy,15.84319805,100.0549123,straight road,no slope,2022-07-21T11:20:00Z
6777797,21.07.2022 19:05,24.08.2022 12:36,Si Sa Ket,department of highways,6-wheel truck,speeding,collision at intersection corner,2,0,2,clear,14.53176796,104.4894916,other,other,2022-07-21T12:05:00Z
7413470,21.07.2022 19:20,25.11.2022 13:28,Khon Kaen,department of highways,4-wheel pickup truck,speeding,rollover/fallen on straight road,1,0,0,clear,16.5904544,101.9862261,straight road,no slope,2022-07-21T12:20:00Z
6635169,21.07.2022 20:20,31.07.2022 22:04,Yala,department of highways,private/passenger car,speeding,collision with obstruction (on road surface),2,0,1,clear,6.479120591,101.320357,straight road,no slope,2022-07-21T13:20:00Z
6680432,21.07.2022 20:30,8.08.2022 11:19,Tak,department of highways,large truck with trailer,other,other,1,0,0,rainy,16.76850555,98.7129253,wide curve,no slope,2022-07-21T13:30:00Z
6593485,21.07.2022 20:57,25.07.2022 10:15,Samut Prakan,department of highways,large truck with trailer,speeding,rollover/fallen on curved road,1,0,0,clear,13.67351501,100.8388254,wide curve,no slope,2022-07-21T13:57:00Z
6607953,21.07.2022 21:35,27.07.2022 09:24,Roi Et,department of highways,4-wheel pickup truck,speeding,rollover/fallen on curved road,1,0,0,clear,16.04552475,103.6249781,wide curve,slope area,2022-07-21T14:35:00Z
6593053,21.07.2022 21:45,25.07.2022 08:55,Suphan Buri,department of highways,7-10-wheel truck,speeding,rear-end collision,2,0,1,foggy,14.74390326,100.0275725,straight road,no slope,2022-07-21T14:45:00Z
6600503,21.07.2022 22:00,26.07.2022 09:30,Surat Thani,department of highways,4-wheel pickup truck,speeding,collision with obstruction (on road surface),2,0,0,clear,8.613363219,98.99042933,straight road,no slope,2022-07-21T15:00:00Z
6609237,21.07.2022 23:30,27.07.2022 14:03,Uthai Thani,department of highways,4-wheel pickup truck,vehicle equipment failure,rollover/fallen on straight road,1,0,0,clear,15.38501273,100.0185522,other,other,2022-07-21T16:30:00Z
6658360,21.07.2022 23:30,22.07.2022 14:42,Nakhon Phanom,department of rural roads,private/passenger car,speeding,other,1,0,1,rainy,17.246979,104.762823,y-intersection,other,2022-07-21T16:30:00Z
6592522,22.07.2022 00:35,22.07.2022 15:49,Samut Sakhon,department of highways,private/passenger car,speeding,rear-end collision,2,1,0,clear,13.51017292,100.1390317,straight road,no slope,2022-07-21T17:35:00Z
6602322,22.07.2022 01:30,26.07.2022 13:56,Nonthaburi,department of highways,motorcycle,speeding,rear-end collision,2,2,1,clear,13.84016602,100.4131776,straight road,no slope,2022-07-21T18:30:00Z
7473805,22.07.2022 01:50,20.12.2022 10:38,Nakhon Ratchasima,department of highways,4-wheel pickup truck,speeding,rollover/fallen on straight road,1,0,1,clear,15.26443761,102.6174116,straight road,no slope,2022-07-21T18:50:00Z
6722853,22.07.2022 02:00,15.08.2022 08:26,Kamphaeng Phet,department of highways,4-wheel pickup truck,speeding,rollover/fallen on curved road,1,0,0,clear,16.31039096,100.0135177,sharp curve,no slope,2022-07-21T19:00:00Z
6603536,22.07.2022 02:31,26.07.2022 17:20,Pathum Thani,department of highways,4-wheel pickup truck,speeding,rear-end collision,2,0,1,clear,14.05540276,100.6979853,straight road,no slope,2022-07-21T19:31:00Z
7568324,22.07.2022 04:00,24.01.2023 13:24,Bangkok,department of highways,private/passenger car,speeding,rollover/fallen on straight road,1,0,0,clear,13.89864423,100.6936481,straight road,no slope,2022-07-21T21:00:00Z
6963317,22.07.2022 05:30,23.09.2022 11:16,Khon Kaen,department of highways,4-wheel pickup truck,speeding,rollover/fallen on straight road,1,0,0,clear,16.60913367,101.9919205,straight road,no slope,2022-07-21T22:30:00Z
7569245,22.07.2022 05:30,25.01.2023 10:36,Nakhon Ratchasima,department of highways,large truck with trailer,speeding,rollover/fallen on straight road,1,0,0,clear,15.16041434,101.6943683,straight road,no slope,2022-07-21T22:30:00Z
7088070,22.07.2022 05:50,11.10.2022 11:03,Loburi,department of highways,large truck with trailer,speeding,rollover/fallen on straight road,1,0,0,clear,14.88856567,100.908013,straight road,no slope,2022-07-21T22:50:00Z
6600262,22.07.2022 07:00,26.07.2022 08:44,Sakon Nakhon,department of highways,4-wheel pickup truck,speeding,rollover/fallen on straight road,1,0,0,clear,17.83341609,103.7543759,connecting to school area,other,2022-07-22T00:00:00Z
6608969,22.07.2022 07:50,27.07.2022 13:03,Nakhon Sawan,department of highways,4-wheel pickup truck,vehicle equipment failure,rollover/fallen on curved road,1,0,0,clear,15.61420756,100.1228741,other,other,2022-07-22T00:50:00Z
6722996,22.07.2022 08:30,15.08.2022 08:56,Tak,department of highways,4-wheel pickup truck,speeding,rollover/fallen on curved road,1,0,0,clear,16.77654884,98.6689478,wide curve,slope area,2022-07-22T01:30:00Z
6723419,22.07.2022 09:00,15.08.2022 10:29,Phetchabun,department of highways,4-wheel pickup truck,speeding,rollover/fallen on curved road,1,0,1,rainy,16.77705989,101.1186361,wide curve,no slope,2022-07-22T02:00:00Z
6746048,22.07.2022 09:00,19.08.2022 09:38,Tak,department of highways,4-wheel pickup truck,speeding,rollover/fallen on straight road,1,0,1,clear,16.7905673,99.16433303,straight road,no slope,2022-07-22T02:00:00Z
7566535,22.07.2022 09:20,21.01.2023 15:07,Phangnga,department of highways,4-wheel pickup truck,speeding,rollover/fallen on straight road,1,0,0,clear,8.374081681,98.44767361,straight road,no slope,2022-07-22T02:20:00Z
7414642,22.07.2022 09:45,29.11.2022 09:10,Nakhon Pathom,department of highways,private/passenger car,speeding,rollover/fallen on straight road,1,0,1,clear,14.00497225,100.1733827,straight road,no slope,2022-07-22T02:45:00Z
6852459,22.07.2022 10:00,6.09.2022 15:11,Chon Buri,department of highways,motorcycle,speeding,rollover/fallen on straight road,1,0,1,clear,12.95134028,100.9607828,straight road,no slope,2022-07-22T03:00:00Z
7565355,22.07.2022 11:15,20.01.2023 10:32,Chanthaburi,department of highways,4-wheel pickup truck,cutting in closely by people/vehicles/animals,rear-end collision,2,0,0,clear,12.7169401,101.9777691,connecting to public/commercial area,other,2022-07-22T04:15:00Z
6601115,22.07.2022 12:00,26.07.2022 10:39,Phrae,department of highways,4-wheel pickup truck,speeding,rollover/fallen on curved road,1,0,0,rainy,18.05730142,99.69693928,wide curve,slope area,2022-07-22T05:00:00Z
6658364,22.07.2022 12:10,25.07.2022 09:42,Chiang Mai,department of rural roads,private/passenger car,speeding,other,1,0,0,rainy,18.823609,99.008973,wide curve,no slope,2022-07-22T05:10:00Z
7562865,22.07.2022 13:11,18.01.2023 12:16,Surat Thani,department of highways,6-wheel truck,cutting in closely by people/vehicles/animals,rear-end collision,2,0,0,clear,8.61941759,98.97641747,wide curve,no slope,2022-07-22T06:11:00Z
7446876,22.07.2022 13:43,9.12.2022 10:07,Nakhon Ratchasima,department of highways,large truck with trailer,speeding,rollover/fallen on straight road,1,0,0,clear,15.03718499,102.0943513,straight road,no slope,2022-07-22T06:43:00Z
7415414,22.07.2022 15:30,29.11.2022 15:27,Phrae,department of highways,4-wheel pickup truck,speeding,rear-end collision,2,0,2,rainy,18.04208941,99.7010672,wide curve,slope area,2022-07-22T08:30:00Z
7424586,22.07.2022 16:30,2.12.2022 09:57,Uttaradit,department of highways,private/passenger car,speeding,rollover/fallen on straight road,1,0,1,clear,17.64245261,100.074884,straight road,no slope,2022-07-22T09:30:00Z
7560709,22.07.2022 17:15,16.01.2023 11:23,Bangkok,department of highways,private/passenger car,cutting in closely by people/vehicles/animals,rear-end collision,2,0,0,clear,13.81237815,100.5594445,straight road,slope area,2022-07-22T10:15:00Z
6592982,22.07.2022 17:20,23.07.2022 12:04,Surat Thani,department of highways,private/passenger car,speeding,rollover/fallen on straight road,1,0,0,clear,8.738207288,99.16061281,straight road,no slope,2022-07-22T10:20:00Z
6636996,22.07.2022 17:30,1.08.2022 06:14,Ratchaburi,department of highways,4-wheel pickup truck,cutting in closely by people/vehicles/animals,rear-end collision,2,0,0,rainy,13.35226977,99.82752799,straight road,no slope,2022-07-22T10:30:00Z
7560708,22.07.2022 17:45,16.01.2023 11:24,Bangkok,department of highways,motorcycle,failure to yield/signal,rear-end collision,2,0,0,clear,13.80787839,100.5598766,straight road,no slope,2022-07-22T10:45:00Z
7568341,22.07.2022 18:20,24.01.2023 13:32,Bangkok,department of highways,4-wheel pickup truck,speeding,rear-end collision,2,0,0,clear,13.69279482,100.6994229,straight road,no slope,2022-07-22T11:20:00Z
7536746,22.07.2022 18:30,2.01.2023 09:00,Phitsanulok,department of highways,large truck with trailer,speeding,rollover/fallen on straight road,1,0,0,clear,16.87457672,100.2078867,straight road,no slope,2022-07-22T11:30:00Z