acc_code,incident_datetime,report_datetime,province_en,agency,vehicle_type,presumed_cause,accident_type,number_of_vehicles_involved,number_of_fatalities,number_of_injuries,weather_condition,latitude,longitude,road_description,slope_description,incident_time
6593000,22.07.2022 19:53,23.07.2022 13:39,Bangkok,department of highways,private/passenger car,speeding,rollover/fallen on straight road,1,0,0,clear,13.73383799,100.6928542,straight road,no slope,2022-07-22T12:53:00Z
7331756,22.07.2022 20:00,27.07.2022 08:56,Kamphaeng Phet,department of highways,other,speeding,rear-end collision,2,1,0,rainy,16.01395811,99.81361269,straight road,no slope,2022-07-22T13:00:00Z
7561552,22.07.2022 20:30,17.01.2023 10:33,Bangkok,department of highways,private/passenger car,speeding,rear-end collision,2,0,1,clear,13.66970212,100.4519516,straight road,no slope,2022-07-22T13:30:00Z
6658369,22.07.2022 21:00,25.07.2022 15:26,Bangkok,department of rural roads,motorcycle,speeding,other,2,0,1,clear,13.67018,100.538418,straight road,slope area,2022-07-22T14:00:00Z
6722993,22.07.2022 21:00,15.08.2022 08:56,Tak,department of highways,large truck with trailer,speeding,rollover/fallen on straight road,1,0,0,clear,16.7515113,98.53120296,straight road,no slope,2022-07-22T14:00:00Z
6608936,22.07.2022 21:40,27.07.2022 12:53,Nakhon Sawan,department of highways,private/passenger car,running red lights/traffic signals,head-on collision (not overtaking),3,0,2,clear,15.35162878,100.5026588,other,other,2022-07-22T14:40:00Z
7565133,22.07.2022 22:00,20.01.2023 08:58,Pathum Thani,department of highways,private/passenger car,speeding,rear-end collision,2,0,2,clear,14.06513629,100.6140241,wide curve,no slope,2022-07-22T15:00:00Z
6608413,22.07.2022 22:50,27.07.2022 10:46,Samut Prakan,expressway authority of thailand,other,other,rear-end collision,2,0,2,clear,13.606466,100.772144,straight road,other,2022-07-22T15:50:00Z
6603535,22.07.2022 23:00,26.07.2022 17:18,Bangkok,department of highways,4-wheel pickup truck,speeding,rollover/fallen on straight road,1,0,1,rainy,13.82820139,100.6741807,straight road,no slope,2022-07-22T16:00:00Z
7088270,22.07.2022 23:00,12.10.2022 09:47,Chai Nat,department of highways,4-wheel pickup truck,speeding,rollover/fallen on straight road,1,0,1,rainy,15.20742282,100.1202535,straight road,no slope,2022-07-22T16:00:00Z
6650586,22.07.2022 23:05,3.08.2022 10:20,Bangkok,expressway authority of thailand,other,other,rear-end collision,2,0,0,rainy,13.875542,100.6466,grade-separated intersection/ramps,other,2022-07-22T16:05:00Z
7562870,22.07.2022 23:10,18.01.2023 12:20,Surat Thani,department of highways,4-wheel pickup truck,speeding,rollover/fallen on straight road,1,0,0,clear,8.63363424,99.35964613,straight road,no slope,2022-07-22T16:10:00Z
7562866,23.07.2022 00:20,18.01.2023 12:18,Surat Thani,department of highways,4-wheel pickup truck,speeding,rollover/fallen on straight road,1,0,1,clear,8.620128302,99.40272509,other,other,2022-07-22T17:20:00Z
7568204,23.07.2022 00:22,24.01.2023 10:47,Nakhon Phanom,department of highways,private/passenger car,falling asleep,rollover/fallen on straight road,1,0,1,clear,16.9520552,104.4794386,other,other,2022-07-22T17:22:00Z
7541507,23.07.2022 00:30,3.01.2023 09:20,Chiang Mai,department of highways,private/passenger car,failure to yield/signal,rear-end collision,2,0,0,clear,19.6956577,99.14841949,straight road,no slope,2022-07-22T17:30:00Z
6603100,23.07.2022 01:00,26.07.2022 15:35,Phatthalung,department of highways,motorcycle,speeding,rollover/fallen on straight road,1,1,1,clear,7.692444038,100.0034621,straight road,no slope,2022-07-22T18:00:00Z
6609233,23.07.2022 01:00,27.07.2022 14:02,Uthai Thani,department of highways,private/passenger car,speeding,rollover/fallen on straight road,1,0,0,clear,15.41061863,100.0563016,other,other,2022-07-22T18:00:00Z
7560829,23.07.2022 01:00,16.01.2023 14:37,Bangkok,department of highways,private/passenger car,speeding,rollover/fallen on straight road,1,0,0,clear,13.81016995,100.804638,straight road,no slope,2022-07-22T18:00:00Z
7558319,23.07.2022 01:22,12.01.2023 14:36,Chon Buri,department of highways,4-wheel pickup truck,speeding,rollover/fallen on straight road,1,1,0,clear,13.02093548,100.9964239,straight road,no slope,2022-07-22T18:22:00Z
7568332,23.07.2022 01:23,24.01.2023 13:27,Chon Buri,department of highways,private/passenger car,speeding,rear-end collision,2,0,0,rainy,13.19065951,100.9986421,straight road,no slope,2022-07-22T18:23:00Z
7088181,23.07.2022 01:30,12.10.2022 09:46,Chai Nat,department of highways,private/passenger car,falling asleep,rollover/fallen on straight road,1,0,0,clear,15.07135692,100.1468584,straight road,no slope,2022-07-22T18:30:00Z
7566528,23.07.2022 01:30,21.01.2023 14:47,Phangnga,department of highways,private/passenger car,speeding,rollover/fallen on straight road,1,0,0,rainy,8.770079811,98.26532899,straight road,no slope,2022-07-22T18:30:00Z
7567357,23.07.2022 01:55,23.01.2023 14:29,Phuket,department of highways,private/passenger car,speeding,rollover/fallen on curved road,1,0,1,rainy,7.858120934,98.36422472,other,other,2022-07-22T18:55:00Z
7088130,23.07.2022 02:00,11.10.2022 13:58,Nakhon Sawan,department of highways,4-wheel pickup truck,speeding,rollover/fallen on straight road,1,0,0,clear,15.84137892,100.6584978,straight road,no slope,2022-07-22T19:00:00Z
6904253,23.07.2022 02:30,14.09.2022 14:56,Songkhla,department of highways,4-wheel pickup truck,speeding,collision with obstruction (on road surface),1,0,0,clear,6.95811911,100.5440587,straight road,no slope,2022-07-22T19:30:00Z
7371832,23.07.2022 03:30,23.11.2022 11:43,Udon Thani,department of highways,4-wheel pickup truck,speeding,rollover/fallen on curved road,1,0,1,clear,17.77311919,102.1962002,wide curve,slope area,2022-07-22T20:30:00Z
7562270,23.07.2022 05:40,18.01.2023 06:21,Nakhon Si Thammarat,department of highways,4-wheel pickup truck,speeding,head-on collision (not overtaking),2,0,0,clear,8.556063344,99.81616078,straight road,no slope,2022-07-22T22:40:00Z
6595320,23.07.2022 06:07,25.07.2022 15:53,Bangkok,expressway authority of thailand,large truck with trailer,other,rear-end collision,2,0,0,clear,13.79365109,100.5384937,y-intersection,other,2022-07-22T23:07:00Z
6846289,23.07.2022 06:30,5.09.2022 13:55,Chaiyaphum,department of highways,4-wheel pickup truck,falling asleep,rollover/fallen on curved road,1,0,2,clear,15.62231097,101.9171056,wide curve,no slope,2022-07-22T23:30:00Z
7560828,23.07.2022 06:40,16.01.2023 14:37,Bangkok,department of highways,private/passenger car,speeding,rollover/fallen on curved road,1,0,1,clear,13.80276475,100.8820572,wide curve,no slope,2022-07-22T23:40:00Z
6608944,23.07.2022 08:20,27.07.2022 12:58,Sing Buri,department of highways,motorcycle,speeding,rollover/fallen on straight road,1,1,0,clear,14.94602878,100.3630257,straight road,no slope,2022-07-23T01:20:00Z
7415447,23.07.2022 08:20,29.11.2022 15:33,Phrae,department of highways,4-wheel pickup truck,speeding,rollover/fallen on curved road,1,0,0,rainy,18.05208384,99.69920038,wide curve,slope area,2022-07-23T01:20:00Z
7558340,23.07.2022 08:25,12.01.2023 14:45,Chachoengsao,department of highways,private/passenger car,speeding,rear-end collision,2,0,1,clear,13.52081849,101.024445,straight road,no slope,2022-07-23T01:25:00Z
7414675,23.07.2022 08:40,29.11.2022 09:40,Pathum Thani,department of highways,6-wheel truck,speeding,rollover/fallen on straight road,1,0,0,clear,13.95207858,100.7128635,straight road,no slope,2022-07-23T01:40:00Z
6609488,23.07.2022 09:00,27.07.2022 14:56,Nakhon Ratchasima,department of highways,other,speeding,rollover/fallen on straight road,1,0,0,clear,14.74347008,102.2314927,straight road,no slope,2022-07-23T02:00:00Z
7562603,23.07.2022 09:50,18.01.2023 09:56,Phatthalung,department of highways,private/passenger car,speeding,rear-end collision,2,1,5,clear,7.795192578,99.95802282,straight road,no slope,2022-07-23T02:50:00Z
6829470,23.07.2022 10:50,2.09.2022 15:03,Bangkok,department of highways,private/passenger car,speeding,rear-end collision,2,0,0,clear,13.67472168,100.4591802,straight road,no slope,2022-07-23T03:50:00Z
6608966,23.07.2022 11:00,27.07.2022 13:02,Nakhon Sawan,department of highways,4-wheel pickup truck,vehicle equipment failure,rollover/fallen on curved road,1,0,1,clear,15.88480914,100.0563124,wide curve,slope area,2022-07-23T04:00:00Z
7439555,23.07.2022 11:50,7.12.2022 14:32,Chiang Rai,department of highways,private/passenger car,speeding,rollover/fallen on straight road,1,0,0,clear,19.47202165,99.75350438,wide curve,no slope,2022-07-23T04:50:00Z
6595756,23.07.2022 13:30,25.07.2022 16:24,Prachuap Khiri Khan,department of highways,large truck with trailer,speeding,rollover/fallen on straight road,1,0,1,clear,12.37226811,99.88677262,straight road,no slope,2022-07-23T06:30:00Z
7438296,23.07.2022 13:40,7.12.2022 09:12,Nakhon Ratchasima,department of highways,private/passenger car,falling asleep,head-on collision (not overtaking),2,0,1,clear,14.94926161,102.1252142,straight road,no slope,2022-07-23T06:40:00Z
6609238,23.07.2022 14:40,27.07.2022 14:04,Suphan Buri,department of highways,large truck with trailer,vehicle equipment failure,rollover/fallen on straight road,1,0,0,clear,14.32401324,100.2179664,straight road,no slope,2022-07-23T07:40:00Z
6658371,23.07.2022 15:39,26.07.2022 16:01,buogkan,department of rural roads,private/passenger car,speeding,other,1,0,1,rainy,17.966653,103.763073,straight road,no slope,2022-07-23T08:39:00Z
7569339,23.07.2022 16:15,25.01.2023 11:36,Sa Kaeo,department of highways,4-wheel pickup truck,speeding,rear-end collision,2,0,10,clear,13.67770312,102.0793819,straight road,no slope,2022-07-23T09:15:00Z
7567229,23.07.2022 17:00,23.01.2023 12:15,Chon Buri,department of highways,4-wheel pickup truck,speeding,rollover/fallen on straight road,1,1,3,rainy,13.56148999,101.1341715,straight road,no slope,2022-07-23T10:00:00Z
6722992,23.07.2022 17:20,15.08.2022 08:55,Tak,department of highways,4-wheel pickup truck,speeding,rollover/fallen on straight road,1,0,0,clear,16.72791921,98.60095917,straight road,no slope,2022-07-23T10:20:00Z
7536957,23.07.2022 18:00,2.01.2023 09:59,Nan,department of highways,4-wheel pickup truck,speeding,rollover/fallen on curved road,1,0,0,clear,19.03172649,101.0828447,wide curve,no slope,2022-07-23T11:00:00Z
7040806,23.07.2022 18:50,5.10.2022 10:35,Maha Sarakham,department of highways,4-wheel pickup truck,speeding,rollover/fallen on straight road,1,0,1,clear,16.3036643,102.8989363,straight road,no slope,2022-07-23T11:50:00Z
7378834,23.07.2022 19:25,24.11.2022 10:52,Si Sa Ket,department of highways,private/passenger car,speeding,rollover/fallen on straight road,2,0,0,clear,15.11165788,104.3508696,straight road,no slope,2022-07-23T12:25:00Z
7565132,23.07.2022 19:55,20.01.2023 08:56,Pathum Thani,department of highways,private/passenger car,cutting in closely by people/vehicles/animals,rear-end collision,2,0,3,clear,14.00645566,100.70209439999999,straight road,no slope,2022-07-23T12:55:00Z
7562271,23.07.2022 20:10,18.01.2023 06:22,Nakhon Si Thammarat,department of highways,motorcycle,speeding,rollover/fallen on straight road,1,0,0,clear,8.412368764,99.84476386,straight road,no slope,2022-07-23T13:10:00Z
6593488,23.07.2022 20:42,25.07.2022 10:16,Bangkok,department of highways,private/passenger car,speeding,rear-end collision,2,0,0,clear,13.8646559,100.6773671,straight road,no slope,2022-07-23T13:42:00Z
7561550,23.07.2022 21:00,17.01.2023 10:32,Bangkok,department of highways,private/passenger car,cutting in closely by people/vehicles/animals,rear-end collision,2,0,0,clear,13.66214393,100.4394096,straight road,no slope,2022-07-23T14:00:00Z
7414884,23.07.2022 21:10,25.11.2022 14:49,Chon Buri,department of highways,private/passenger car,speeding,rollover/fallen on straight road,1,0,0,clear,13.45471544,100.9977355,straight road,no slope,2022-07-23T14:10:00Z
6637842,23.07.2022 21:50,1.08.2022 09:43,Songkhla,department of highways,private/passenger car,speeding,rollover/fallen on straight road,1,0,1,clear,7.396474874,100.4660198,straight road,no slope,2022-07-23T14:50:00Z
6600692,23.07.2022 23:00,26.07.2022 09:56,Prachuap Khiri Khan,department of highways,4-wheel pickup truck,speeding,rear-end collision,2,0,1,clear,11.70603602,99.71321224,straight road,no slope,2022-07-23T16:00:00Z
7560845,23.07.2022 23:00,16.01.2023 14:41,Bangkok,department of highways,private/passenger car,speeding,rollover/fallen on curved road,1,0,0,clear,13.81004753,100.9076911,wide curve,no slope,2022-07-23T16:00:00Z
7444929,23.07.2022 23:15,8.12.2022 14:39,Samut Sakhon,department of highways,private/passenger car,speeding,rear-end collision,2,0,0,clear,13.54643423,100.2591598,straight road,no slope,2022-07-23T16:15:00Z
6723417,24.07.2022 00:30,15.08.2022 10:28,Phetchabun,department of highways,6-wheel truck,speeding,rollover/fallen on curved road,1,0,2,clear,16.73306168,101.3784483,wide curve,slope area,2022-07-23T17:30:00Z
7521914,24.07.2022 00:30,30.12.2022 12:06,Phrae,department of highways,4-wheel pickup truck,speeding,rollover/fallen on curved road,1,0,0,rainy,17.84812012,100.0480512,wide curve,no slope,2022-07-23T17:30:00Z
6593620,24.07.2022 00:35,25.07.2022 10:36,Pathum Thani,department of highways,private/passenger car,speeding,rollover/fallen on straight road,1,0,1,clear,13.97554153,100.7132202,straight road,no slope,2022-07-23T17:35:00Z
7568191,24.07.2022 01:00,24.01.2023 10:40,Yasothon,department of highways,4-wheel pickup truck,speeding,rollover/fallen on curved road,1,0,2,clear,16.2649474,104.409728,wide curve,slope area,2022-07-23T18:00:00Z
6593070,24.07.2022 01:02,25.07.2022 09:00,Lamphun,department of highways,private/passenger car,speeding,rear-end collision,2,0,1,clear,18.53658559,99.02515321,straight road,no slope,2022-07-23T18:02:00Z
7088172,24.07.2022 01:25,11.10.2022 14:42,Kanchanaburi,department of highways,private/passenger car,speeding,rollover/fallen on straight road,1,0,0,clear,13.97699129,99.65457647,straight road,no slope,2022-07-23T18:25:00Z
6722955,24.07.2022 02:00,15.08.2022 08:50,Kamphaeng Phet,department of highways,4-wheel pickup truck,speeding,rollover/fallen on straight road,1,0,0,clear,16.33231215,99.62516604,straight road,no slope,2022-07-23T19:00:00Z
6593062,24.07.2022 02:30,25.07.2022 08:56,Lamphun,department of highways,4-wheel pickup truck,speeding,other,1,1,0,rainy,18.53226997,99.02167706,straight road,no slope,2022-07-23T19:30:00Z
6593746,24.07.2022 02:45,25.07.2022 10:55,Pathum Thani,department of highways,motorcycle,speeding,rear-end collision,2,1,0,clear,14.05914167,100.6171355,straight road,no slope,2022-07-23T19:45:00Z
6822658,24.07.2022 05:00,1.09.2022 14:01,Pattani,department of highways,private/passenger car,falling asleep,rollover/fallen on straight road,1,0,1,clear,6.632395064,101.233558,straight road,no slope,2022-07-23T22:00:00Z
7088065,24.07.2022 05:00,11.10.2022 10:57,Loburi,department of highways,4-wheel pickup truck,vehicle equipment failure,rollover/fallen on straight road,1,0,0,clear,15.0758582,100.8209592,straight road,no slope,2022-07-23T22:00:00Z
7356953,24.07.2022 06:15,21.11.2022 08:42,Loburi,department of highways,private/passenger car,falling asleep,rollover/fallen on straight road,1,0,0,clear,15.26937466,101.3383385,straight road,no slope,2022-07-23T23:15:00Z
7521878,24.07.2022 08:04,30.12.2022 11:55,Phayao,department of highways,private/passenger car,falling asleep,rollover/fallen on curved road,1,0,1,clear,19.11092716,99.90689187,wide curve,no slope,2022-07-24T01:04:00Z
6658367,24.07.2022 08:15,25.07.2022 15:25,Rayong,department of rural roads,4-wheel pickup truck,speeding,other,3,1,1,clear,12.621415,101.365761,straight road,no slope,2022-07-24T01:15:00Z
6722957,24.07.2022 09:30,15.08.2022 08:51,Kamphaeng Phet,department of highways,van,speeding,rollover/fallen on straight road,1,0,1,clear,16.65957431,99.58255111,straight road,no slope,2022-07-24T02:30:00Z
7568282,24.07.2022 09:30,24.01.2023 11:53,Samut Songkhram,department of highways,4-wheel pickup truck,reversing vehicle,collision with obstruction (on road surface),2,0,1,clear,13.34746004,99.89169715,straight road,no slope,2022-07-24T02:30:00Z
7568305,24.07.2022 09:30,24.01.2023 12:29,Chon Buri,department of highways,private/passenger car,speeding,rollover/fallen on straight road,1,0,4,clear,12.99031683,100.989005,straight road,no slope,2022-07-24T02:30:00Z
7026586,24.07.2022 09:45,3.10.2022 08:50,Sukhothai,department of highways,motorcycle,speeding,rear-end collision,3,1,3,clear,17.32917272,99.5151016,straight road,no slope,2022-07-24T02:45:00Z
7554360,24.07.2022 09:50,9.01.2023 10:43,Surat Thani,department of highways,4-wheel pickup truck,speeding,rear-end collision,2,0,2,clear,9.163754915,99.37193601,straight road,no slope,2022-07-24T02:50:00Z
7541434,24.07.2022 11:30,3.01.2023 09:04,Lamphun,department of highways,4-wheel pickup truck,speeding,rollover/fallen on straight road,1,0,1,clear,18.19954448,98.8445708,straight road,no slope,2022-07-24T04:30:00Z
7139539,24.07.2022 12:43,20.10.2022 11:13,Chon Buri,department of highways,6-wheel truck,speeding,rollover/fallen on curved road,1,0,0,clear,13.11800886,100.982919,wide curve,no slope,2022-07-24T05:43:00Z
7140340,24.07.2022 12:50,20.10.2022 13:57,Phetchabun,department of highways,4-wheel pickup truck,vehicle equipment failure,rollover/fallen on straight road,1,0,4,clear,15.96077464,101.0463774,straight road,no slope,2022-07-24T05:50:00Z
7088229,24.07.2022 13:30,11.10.2022 11:03,Si Sa Ket,department of highways,private/passenger car,speeding,rollover/fallen on straight road,1,0,2,clear,14.73783607,104.5369801,straight road,no slope,2022-07-24T06:30:00Z
7444926,24.07.2022 15:20,8.12.2022 15:09,Samut Sakhon,department of highways,passenger pickup truck,speeding,rear-end collision,3,0,0,clear,13.53276485,100.2089596,straight road,no slope,2022-07-24T08:20:00Z
6632754,24.07.2022 16:10,31.07.2022 12:17,Bangkok,department of highways,private/passenger car,speeding,rear-end collision,2,0,0,clear,13.72963785,100.7490331,straight road,no slope,2022-07-24T09:10:00Z
7541306,24.07.2022 17:40,3.01.2023 08:25,Lampang,department of highways,4-wheel pickup truck,speeding,rollover/fallen on straight road,1,0,0,rainy,18.41503514,99.64787899,straight road,no slope,2022-07-24T10:40:00Z
7541252,24.07.2022 17:52,3.01.2023 08:11,Lampang,department of highways,private/passenger car,speeding,rollover/fallen on straight road,1,0,0,clear,17.61006705,99.22836541,straight road,no slope,2022-07-24T10:52:00Z
6592985,24.07.2022 18:00,25.07.2022 09:10,Lamphun,department of highways,4-wheel pickup truck,speeding,rear-end collision,2,0,1,clear,18.50828664,99.00212108,straight road,no slope,2022-07-24T11:00:00Z
7562872,24.07.2022 18:00,18.01.2023 12:24,Surat Thani,department of highways,motorcycle,speeding,rollover/fallen on straight road,1,0,0,clear,8.642788195,99.09014581,straight road,no slope,2022-07-24T11:00:00Z
7557968,24.07.2022 18:30,12.01.2023 11:52,Nakhon Ratchasima,department of highways,large truck with trailer,speeding,rollover/fallen on curved road,1,0,0,rainy,14.65241049,101.3518167,wide curve,no slope,2022-07-24T11:30:00Z
6852462,24.07.2022 19:00,6.09.2022 15:12,Chon Buri,department of highways,motorcycle,speeding,rollover/fallen on straight road,1,0,1,clear,12.95113639,100.9537902,straight road,no slope,2022-07-24T12:00:00Z
7331763,24.07.2022 19:30,26.07.2022 14:17,Pathum Thani,department of highways,motorcycle,speeding,rear-end collision,2,2,0,clear,14.06526898,100.6313592,other,other,2022-07-24T12:30:00Z
6608293,24.07.2022 19:34,27.07.2022 10:24,Bangkok,expressway authority of thailand,other,other,rear-end collision,3,0,5,rainy,13.875542,100.6466,grade-separated intersection/ramps,other,2022-07-24T12:34:00Z
6693883,24.07.2022 20:00,10.08.2022 11:56,Chon Buri,department of highways,private/passenger car,speeding,rollover/fallen on straight road,1,0,0,rainy,13.30005437,101.1496344,straight road,no slope,2022-07-24T13:00:00Z
7447898,24.07.2022 20:00,9.12.2022 15:21,Uttaradit,department of highways,private/passenger car,speeding,rollover/fallen on straight road,1,0,2,clear,17.39336762,100.1180273,straight road,no slope,2022-07-24T13:00:00Z
7562833,24.07.2022 20:30,18.01.2023 11:53,Surat Thani,department of highways,4-wheel pickup truck,falling asleep,rollover/fallen on straight road,1,0,1,clear,8.780881863,99.31872098,straight road,no slope,2022-07-24T13:30:00Z
6595324,24.07.2022 20:34,25.07.2022 15:54,Bangkok,expressway authority of thailand,other,other,side collision,2,0,0,clear,13.80746272,100.5478562,straight road,other,2022-07-24T13:34:00Z
7414956,24.07.2022 20:54,28.11.2022 11:04,Si Sa Ket,department of highways,4-wheel pickup truck,driving under the influence of alcohol,rollover/fallen on straight road,1,0,0,clear,14.84805936,104.449988,straight road,no slope,2022-07-24T13:54:00Z
7434397,24.07.2022 21:00,6.12.2022 11:15,Mukdahan,department of highways,private/passenger car,running red lights/traffic signals,collision at intersection corner,2,1,0,clear,16.55482329,104.6363103,other,other,2022-07-24T14:00:00Z
6658377,24.07.2022 21:18,27.07.2022 11:06,Bangkok,department of rural roads,motorcycle,unfamiliarity with the route/unskilled driving,other,1,0,1,clear,13.670592,100.538677,straight road,slope area,2022-07-24T14:18:00Z
7566746,24.07.2022 21:40,22.01.2023 08:03,Chachoengsao,department of highways,4-wheel pickup truck,speeding,rollover/fallen on curved road,1,1,3,rainy,13.69569787,101.0528228,wide curve,no slope,2022-07-24T14:40:00Z
6603237,24.07.2022 21:56,26.07.2022 16:07,Pathum Thani,department of highways,4-wheel pickup truck,speeding,rear-end collision,2,0,0,rainy,13.96735554,100.7128554,straight road,no slope,2022-07-24T14:56:00Z
6595326,24.07.2022 22:18,25.07.2022 15:54,Bangkok,expressway authority of thailand,other,other,side collision,3,0,0,clear,13.76587122,100.5275072,straight road,other,2022-07-24T15:18:00Z
6600233,24.07.2022 22:25,26.07.2022 08:37,buogkan,department of highways,private/passenger car,cutting in closely by people/vehicles/animals,pedestrian collision,1,0,1,clear,18.20166952,103.7400099,wide curve,no slope,2022-07-24T15:25:00Z
7521916,24.07.2022 23:00,30.12.2022 12:05,Chiang Rai,department of highways,large truck with trailer,speeding,rollover/fallen on straight road,1,0,0,clear,20.34203155,99.88663583,connecting to public/commercial area,other,2022-07-24T16:00:00Z
7147131,24.07.2022 23:30,21.10.2022 14:13,Suphan Buri,department of highways,private/passenger car,falling asleep,rollover/fallen on straight road,1,0,0,clear,14.46593679,100.0448459,straight road,no slope,2022-07-24T16:30:00Z
6658412,25.07.2022 01:30,4.08.2022 09:46,Loei,department of rural roads,4-wheel pickup truck,driving in the wrong lane,pedestrian collision,1,0,1,clear,17.401884,101.552512,wide curve,slope area,2022-07-24T18:30:00Z
7562871,25.07.2022 02:05,18.01.2023 12:23,Surat Thani,department of highways,large truck with trailer,falling asleep,rollover/fallen on straight road,1,0,0,clear,8.598411188,98.95505905,straight road,no slope,2022-07-24T19:05:00Z
7087975,25.07.2022 03:20,11.10.2022 10:38,Saraburi,department of highways,4-wheel pickup truck,speeding,rollover/fallen on straight road,1,0,0,clear,14.52640372,100.9350496,wide curve,no slope,2022-07-24T20:20:00Z
6723468,25.07.2022 03:30,15.08.2022 10:39,Maha Sarakham,department of highways,6-wheel truck,speeding,rear-end collision,2,0,0,clear,16.05368821,102.9994279,other,other,2022-07-24T20:30:00Z
6603166,25.07.2022 04:40,26.07.2022 15:51,Bangkok,department of highways,6-wheel truck,speeding,rear-end collision,2,0,0,clear,13.87223099,100.6803605,straight road,no slope,2022-07-24T21:40:00Z
7380452,25.07.2022 06:00,24.11.2022 14:16,Si Sa Ket,department of highways,other,speeding,rollover/fallen on straight road,1,0,0,clear,14.63995942,104.6446815,straight road,no slope,2022-07-24T23:00:00Z
7446297,25.07.2022 07:30,9.12.2022 09:51,Phitsanulok,department of highways,other,speeding,rollover/fallen on straight road,1,0,0,clear,16.8643686,100.2176499,straight road,no slope,2022-07-25T00:30:00Z
7541530,25.07.2022 07:30,3.01.2023 09:28,Chiang Mai,department of highways,motorcycle,speeding,rear-end collision,2,0,2,clear,18.84516846,99.07661945,straight road,no slope,2022-07-25T00:30:00Z
6609462,25.07.2022 08:10,27.07.2022 14:50,Nakhon Ratchasima,department of highways,large truck with trailer,speeding,rollover/fallen on straight road,1,0,0,clear,14.95996006,102.0531419,other,other,2022-07-25T01:10:00Z
7566747,25.07.2022 08:15,22.01.2023 08:08,Chachoengsao,department of highways,motorcycle,cutting in closely by people/vehicles/animals,collision at intersection corner,2,0,0,clear,13.65346473,101.0471231,other,other,2022-07-25T01:15:00Z
7041026,25.07.2022 09:00,5.10.2022 11:10,Phetchabun,department of highways,private/passenger car,speeding,rollover/fallen on straight road,1,0,1,clear,16.18829696,101.088818,straight road,no slope,2022-07-25T02:00:00Z
7541759,25.07.2022 09:05,3.01.2023 10:24,Chiang Mai,department of highways,4-wheel pickup truck,speeding,rollover/fallen on straight road,1,0,1,clear,18.04955914,98.63931744,straight road,no slope,2022-07-25T02:05:00Z
7568328,25.07.2022 09:25,24.01.2023 13:26,Bangkok,department of highways,4-wheel pickup truck,speeding,rollover/fallen on straight road,1,0,2,clear,13.86903329,100.6786868,straight road,no slope,2022-07-25T02:25:00Z
6607952,25.07.2022 09:50,27.07.2022 09:23,Maha Sarakham,department of highways,motorcycle,speeding,head-on collision (not overtaking),2,1,0,clear,16.22398743,102.9150081,wide curve,no slope,2022-07-25T02:50:00Z
7569284,25.07.2022 09:50,25.01.2023 11:02,Nakhon Ratchasima,department of highways,4-wheel pickup truck,speeding,rollover/fallen on straight road,1,0,1,clear,14.87010611,101.749953,straight road,no slope,2022-07-25T02:50:00Z
7558328,25.07.2022 10:30,12.01.2023 14:35,Bangkok,department of highways,private/passenger car,speeding,rear-end collision,2,0,2,clear,13.73205841,100.7724488,straight road,no slope,2022-07-25T03:30:00Z
7568032,25.07.2022 10:50,24.01.2023 08:58,Nong Khai,department of highways,large truck with trailer,speeding,rollover/fallen on straight road,1,0,0,clear,17.86865368,102.7186006,straight road,no slope,2022-07-25T03:50:00Z
7559182,25.07.2022 11:00,13.01.2023 10:39,Nakhon Ratchasima,department of highways,large truck with trailer,speeding,rollover/fallen on straight road,1,0,0,clear,15.24435441,102.387785,straight road,no slope,2022-07-25T04:00:00Z
6637599,25.07.2022 12:48,1.08.2022 08:49,Tak,department of highways,4-wheel pickup truck,falling asleep,rollover/fallen on straight road,1,0,0,clear,16.91541651,99.32068436,straight road,no slope,2022-07-25T05:48:00Z
7536972,25.07.2022 13:20,2.01.2023 10:00,Phayao,department of highways,4-wheel pickup truck,falling asleep,rollover/fallen on straight road,1,0,3,clear,19.20997914,100.3087216,straight road,no slope,2022-07-25T06:20:00Z
6694478,25.07.2022 13:30,10.08.2022 14:10,Chon Buri,department of highways,4-wheel pickup truck,speeding,rear-end collision,2,0,0,clear,13.2846794,101.1786827,other,other,2022-07-25T06:30:00Z
7565361,25.07.2022 13:50,20.01.2023 10:34,Chanthaburi,department of highways,4-wheel pickup truck,speeding,rollover/fallen on straight road,1,0,0,rainy,12.9094112,102.2633707,straight road,no slope,2022-07-25T06:50:00Z
6764559,25.07.2022 14:40,22.08.2022 08:58,Phetchaburi,department of highways,private/passenger car,speeding,collision with obstruction (on road surface),1,0,0,clear,13.33763149,99.83076005,straight road,no slope,2022-07-25T07:40:00Z
7562838,25.07.2022 14:50,18.01.2023 11:57,Surat Thani,department of highways,7-10-wheel truck,speeding,rear-end collision,8,0,0,clear,9.102827705,99.34259801,straight road,no slope,2022-07-25T07:50:00Z
7088108,25.07.2022 15:00,11.10.2022 13:38,Saraburi,department of highways,large truck with trailer,speeding,rollover/fallen on curved road,1,0,1,rainy,14.63834525,101.1416173,wide curve,slope area,2022-07-25T08:00:00Z
6604508,25.07.2022 15:10,26.07.2022 21:10,Ubon Ratchathani,department of highways,4-wheel pickup truck,speeding,rollover/fallen on straight road,1,0,0,clear,15.38626439,104.5589259,straight road,no slope,2022-07-25T08:10:00Z