acc_code,incident_datetime,report_datetime,province_en,agency,vehicle_type,presumed_cause,accident_type,number_of_vehicles_involved,number_of_fatalities,number_of_injuries,weather_condition,latitude,longitude,road_description,slope_description,incident_time
6657772,25.07.2022 15:50,4.08.2022 13:59,Pattani,department of highways,motorcycle,speeding,rear-end collision,2,1,0,clear,6.759905863,101.3028341,straight road,no slope,2022-07-25T08:50:00Z
7317875,25.07.2022 16:00,15.11.2022 14:33,Khon Kaen,department of highways,private/passenger car,speeding,rollover/fallen on straight road,1,0,1,clear,16.39269595,102.7999949,straight road,no slope,2022-07-25T09:00:00Z
6637579,25.07.2022 16:10,1.08.2022 08:43,Sukhothai,department of highways,motorcycle,speeding,rear-end collision,2,0,3,clear,17.43338459,99.8050618,wide curve,no slope,2022-07-25T09:10:00Z
6607899,25.07.2022 16:15,27.07.2022 09:16,Phetchabun,department of highways,private/passenger car,speeding,head-on collision (not overtaking),2,0,4,clear,16.31667978,101.0740042,straight road,no slope,2022-07-25T09:15:00Z
6637581,25.07.2022 16:40,1.08.2022 08:45,Sukhothai,department of highways,motorcycle,cutting in closely by people/vehicles/animals,collision at intersection corner,2,0,1,clear,17.51678903,99.75965469,other,other,2022-07-25T09:40:00Z
6956894,25.07.2022 17:10,22.09.2022 11:17,Nakhon Sawan,department of highways,4-wheel pickup truck,falling asleep,rear-end collision,2,0,1,clear,15.59058261,100.12355,straight road,no slope,2022-07-25T10:10:00Z
6609230,25.07.2022 17:30,27.07.2022 14:00,Kanchanaburi,department of highways,private/passenger car,debris/obstruction on the road,rollover/fallen on curved road,1,0,0,natural disaster,14.30703967,99.2175722,wide curve,no slope,2022-07-25T10:30:00Z
7532575,25.07.2022 18:21,1.01.2023 12:12,Nan,department of highways,motorcycle,cutting in closely by people/vehicles/animals,head-on collision (not overtaking),2,1,0,clear,19.18055732,100.8913511,connecting to private area,other,2022-07-25T11:21:00Z
7565364,25.07.2022 18:36,20.01.2023 10:36,Chanthaburi,department of highways,4-wheel pickup truck,speeding,rollover/fallen on curved road,1,0,0,rainy,12.72147692,102.0822546,other,other,2022-07-25T11:36:00Z
6608943,25.07.2022 18:57,27.07.2022 12:55,Nakhon Sawan,department of highways,large truck with trailer,speeding,head-on collision (not overtaking),2,1,0,clear,15.82330282,100.7693347,straight road,no slope,2022-07-25T11:57:00Z
7555473,25.07.2022 19:00,10.01.2023 16:46,Si Sa Ket,department of highways,4-wheel pickup truck,speeding,rollover/fallen on straight road,1,0,0,clear,14.97558243,104.2096245,straight road,no slope,2022-07-25T12:00:00Z
7560683,25.07.2022 19:00,16.01.2023 11:09,Bangkok,department of highways,motorcycle,speeding,rear-end collision,2,0,0,clear,13.81328065,100.5593742,straight road,no slope,2022-07-25T12:00:00Z
6608195,25.07.2022 19:30,27.07.2022 10:08,Chiang Mai,department of highways,4-wheel pickup truck,speeding,head-on collision (not overtaking),2,0,2,clear,18.47378596,98.67671012,straight road,no slope,2022-07-25T12:30:00Z
7563886,25.07.2022 19:56,19.01.2023 08:42,Phra Nakhon Si Ayutthaya,department of highways,motorcycle,speeding,rear-end collision,2,0,1,clear,14.27309389,100.6837723,straight road,no slope,2022-07-25T12:56:00Z
7541326,25.07.2022 21:20,3.01.2023 08:33,Lamphun,department of highways,4-wheel pickup truck,speeding,rollover/fallen on straight road,1,0,0,clear,18.64182047,99.05303209,straight road,no slope,2022-07-25T14:20:00Z
6609195,25.07.2022 22:00,27.07.2022 13:59,Kanchanaburi,department of highways,4-wheel pickup truck,vehicle equipment failure,rollover/fallen on straight road,1,0,0,clear,14.04290026,99.58817302,straight road,no slope,2022-07-25T15:00:00Z
6626069,25.07.2022 22:37,30.07.2022 09:26,Pathum Thani,department of highways,large truck with trailer,speeding,rollover/fallen on straight road,1,0,0,clear,13.97830309,100.7132846,straight road,no slope,2022-07-25T15:37:00Z
7040904,25.07.2022 23:00,5.10.2022 10:54,Yasothon,department of highways,private/passenger car,speeding,rollover/fallen on straight road,1,0,2,clear,15.61843109,104.3667912,straight road,no slope,2022-07-25T16:00:00Z
7074033,25.07.2022 23:00,10.10.2022 13:38,Ang Thong,department of highways,private/passenger car,speeding,collision at intersection corner,2,1,0,clear,14.66421991,100.4058364,other,other,2022-07-25T16:00:00Z
7518728,25.07.2022 23:00,29.12.2022 14:45,Chon Buri,department of highways,private/passenger car,speeding,rollover/fallen on straight road,1,0,0,clear,13.41006259,100.9893939,straight road,no slope,2022-07-25T16:00:00Z
6615140,25.07.2022 23:21,28.07.2022 11:54,Bangkok,department of highways,6-wheel truck,speeding,rollover/fallen on straight road,1,0,0,clear,13.73752478,100.6604531,straight road,no slope,2022-07-25T16:21:00Z
7565353,26.07.2022 00:30,20.01.2023 10:31,Chanthaburi,department of highways,4-wheel pickup truck,falling asleep,rollover/fallen on straight road,1,0,2,clear,12.90919943,102.3120957,straight road,no slope,2022-07-25T17:30:00Z
7565358,26.07.2022 01:15,20.01.2023 10:33,Chanthaburi,department of highways,motorcycle,speeding,rollover/fallen on straight road,1,1,0,clear,12.65745422,102.0104304,other,other,2022-07-25T18:15:00Z
7380597,26.07.2022 01:30,24.11.2022 14:30,Ubon Ratchathani,department of highways,4-wheel pickup truck,speeding,rollover/fallen on straight road,1,0,1,clear,15.02047649,104.9637464,other,other,2022-07-25T18:30:00Z
7521858,26.07.2022 01:40,30.12.2022 11:51,Phrae,department of highways,motorcycle,speeding,rear-end collision,2,2,1,clear,17.98185068,100.0617707,straight road,no slope,2022-07-25T18:40:00Z
7568181,26.07.2022 02:35,24.01.2023 10:36,Mukdahan,department of highways,4-wheel pickup truck,speeding,rollover/fallen on straight road,1,0,1,clear,16.51174353,104.7394842,other,other,2022-07-25T19:35:00Z
7563894,26.07.2022 05:13,19.01.2023 08:41,Phra Nakhon Si Ayutthaya,department of highways,7-10-wheel truck,speeding,rear-end collision,2,0,0,clear,14.20243336,100.6605282,straight road,no slope,2022-07-25T22:13:00Z
7560695,26.07.2022 05:15,16.01.2023 11:10,Bangkok,department of highways,private/passenger car,speeding,rear-end collision,2,0,0,clear,13.83478008,100.5571979,straight road,no slope,2022-07-25T22:15:00Z
6658382,26.07.2022 05:30,27.07.2022 13:44,Uthai Thani,department of rural roads,motorcycle,speeding,other,1,1,0,dark,14.998566,99.562091,straight road,no slope,2022-07-25T22:30:00Z
7563888,26.07.2022 06:05,19.01.2023 08:43,Phra Nakhon Si Ayutthaya,department of highways,4-wheel pickup truck,vehicle equipment failure,rollover/fallen on straight road,1,0,1,clear,14.27136527,100.7967469,straight road,no slope,2022-07-25T23:05:00Z
7414504,26.07.2022 06:15,29.11.2022 13:20,Nakhon Sawan,department of highways,4-wheel pickup truck,speeding,head-on collision (not overtaking),3,0,0,clear,15.29280336,100.4138884,straight road,no slope,2022-07-25T23:15:00Z
7563889,26.07.2022 07:46,19.01.2023 08:44,Phra Nakhon Si Ayutthaya,department of highways,4-wheel pickup truck,speeding,rollover/fallen on straight road,1,0,0,clear,14.24167779,100.7422444,straight road,no slope,2022-07-26T00:46:00Z
7371602,26.07.2022 08:10,23.11.2022 10:54,Loburi,department of highways,4-wheel pickup truck,falling asleep,rollover/fallen on straight road,1,0,1,clear,15.29094572,101.2212521,straight road,no slope,2022-07-26T01:10:00Z
7541308,26.07.2022 08:10,3.01.2023 08:26,Lampang,department of highways,large truck with trailer,speeding,other,1,0,0,clear,18.74537225,99.97372179,wide curve,no slope,2022-07-26T01:10:00Z
6635209,26.07.2022 08:20,31.07.2022 22:09,Mukdahan,department of highways,motorcycle,running red lights/traffic signals,collision with obstruction (on road surface),2,0,1,clear,16.43682351,104.6195492,straight road,no slope,2022-07-26T01:20:00Z
7558310,26.07.2022 08:23,12.01.2023 14:33,Bangkok,department of highways,private/passenger car,speeding,rear-end collision,2,0,0,clear,13.73013812,100.7254377,straight road,no slope,2022-07-26T01:23:00Z
6625870,26.07.2022 08:30,30.07.2022 08:31,Pathum Thani,department of highways,7-10-wheel truck,speeding,rollover/fallen on straight road,1,0,0,clear,14.01431756,100.702309,straight road,no slope,2022-07-26T01:30:00Z
7414516,26.07.2022 08:30,29.11.2022 13:26,Nakhon Ratchasima,department of highways,large truck with trailer,speeding,rollover/fallen on curved road,1,0,0,clear,14.86249474,101.695885,other,other,2022-07-26T01:30:00Z
7446808,26.07.2022 09:00,9.12.2022 09:36,Mae Hong Son,department of highways,other,speeding,rollover/fallen on curved road,1,0,0,clear,19.1412584,97.99354075,wide curve,no slope,2022-07-26T02:00:00Z
7567523,26.07.2022 10:05,23.01.2023 16:43,Rayong,department of highways,private/passenger car,speeding,rollover/fallen on straight road,1,0,1,clear,12.71959574,101.2237358,straight road,no slope,2022-07-26T03:05:00Z
7564277,26.07.2022 10:30,19.01.2023 12:08,Samut Sakhon,department of highways,4-wheel pickup truck,speeding,rear-end collision,3,0,0,clear,13.54464803,100.2554744,other,other,2022-07-26T03:30:00Z
7147127,26.07.2022 10:40,21.10.2022 14:10,Ang Thong,department of highways,7-10-wheel truck,falling asleep,rollover/fallen on curved road,1,0,0,clear,14.78923458,100.2286067,wide curve,no slope,2022-07-26T03:40:00Z
6602719,26.07.2022 12:00,26.07.2022 14:59,Nakhon Ratchasima,department of highways,4-wheel pickup truck,speeding,rollover/fallen on curved road,1,0,0,clear,14.37277488,101.8643707,wide curve,slope area,2022-07-26T05:00:00Z
6638055,26.07.2022 12:16,1.08.2022 10:25,Samut Prakan,department of highways,4-wheel pickup truck,speeding,rear-end collision,5,0,0,clear,13.66546435,100.8509409,straight road,no slope,2022-07-26T05:16:00Z
7444821,26.07.2022 12:30,8.12.2022 14:27,Samut Sakhon,department of highways,large truck with trailer,worn-out/tire blowout,rollover/fallen on straight road,1,0,0,clear,13.58651474,100.3211242,straight road,no slope,2022-07-26T05:30:00Z
7541328,26.07.2022 13:00,3.01.2023 08:31,Lamphun,department of highways,private/passenger car,speeding,rear-end collision,2,0,1,clear,18.53348557,99.07645314,straight road,no slope,2022-07-26T06:00:00Z
6638121,26.07.2022 13:31,1.08.2022 10:42,Samut Prakan,department of highways,6-wheel truck,speeding,rear-end collision,3,0,1,clear,13.67236307,100.8402336,straight road,no slope,2022-07-26T06:31:00Z
6723225,26.07.2022 14:25,15.08.2022 09:47,Krabi,department of highways,large truck with trailer,speeding,rear-end collision,2,1,2,rainy,8.20872145,98.81389438,straight road,no slope,2022-07-26T07:25:00Z
7562864,26.07.2022 14:40,18.01.2023 12:15,Surat Thani,department of highways,private/passenger car,speeding,collision with obstruction (on road surface),2,0,1,clear,8.911478188,99.24353866,straight road,no slope,2022-07-26T07:40:00Z
6631604,26.07.2022 15:50,31.07.2022 07:22,Kanchanaburi,department of highways,6-wheel truck,speeding,rollover/fallen on curved road,1,0,1,clear,15.16678025,98.48236798,wide curve,slope area,2022-07-26T08:50:00Z
7331770,26.07.2022 16:00,1.08.2022 08:43,Sukhothai,department of highways,motorcycle,cutting in closely by people/vehicles/animals,rear-end collision,2,0,1,clear,17.16703698,99.87267493,straight road,no slope,2022-07-26T09:00:00Z
7444831,26.07.2022 16:15,8.12.2022 14:59,Samut Sakhon,department of highways,4-wheel pickup truck,speeding,rear-end collision,4,0,0,clear,13.53864523,100.226461,straight road,no slope,2022-07-26T09:15:00Z
7564283,26.07.2022 16:45,19.01.2023 13:01,Samut Sakhon,department of highways,private/passenger car,driving under the influence of alcohol,rollover/fallen on straight road,1,0,0,clear,13.54492965,100.2563783,wide curve,no slope,2022-07-26T09:45:00Z
7439550,26.07.2022 17:20,7.12.2022 14:26,Phayao,department of highways,private/passenger car,speeding,rollover/fallen on straight road,1,0,1,clear,19.26405442,99.8571664,straight road,no slope,2022-07-26T10:20:00Z
7117769,26.07.2022 17:40,17.10.2022 09:43,Songkhla,department of highways,4-wheel pickup truck,speeding,rollover/fallen on straight road,2,0,2,rainy,6.977227156,100.6831151,straight road,no slope,2022-07-26T10:40:00Z
6657942,26.07.2022 18:10,4.08.2022 14:36,Chon Buri,department of highways,6-wheel truck,speeding,rollover/fallen on straight road,1,0,0,clear,13.30949031,101.2651706,straight road,no slope,2022-07-26T11:10:00Z
6658379,26.07.2022 19:52,27.07.2022 11:06,Samut Prakan,department of rural roads,motorcycle,speeding,other,2,0,1,clear,13.646731,100.540302,wide curve,slope area,2022-07-26T12:52:00Z
7414043,26.07.2022 20:00,28.11.2022 09:44,Chumphon,department of highways,7-10-wheel truck,speeding,rear-end collision,2,0,1,clear,9.764722744,99.080168,other,other,2022-07-26T13:00:00Z
7536730,26.07.2022 21:30,2.01.2023 08:58,Uttaradit,department of highways,4-wheel pickup truck,speeding,rollover/fallen on straight road,1,0,1,clear,17.65568994,100.144203,straight road,no slope,2022-07-26T14:30:00Z
7565153,26.07.2022 23:30,20.01.2023 09:01,Pathum Thani,department of highways,large truck with trailer,speeding,rear-end collision,3,1,2,clear,14.12094581,100.6185275,straight road,no slope,2022-07-26T16:30:00Z
7562811,27.07.2022 00:15,18.01.2023 11:31,Surat Thani,department of highways,4-wheel pickup truck,worn-out/tire blowout,rollover/fallen on straight road,1,0,0,clear,9.123378925,99.68926011,straight road,no slope,2022-07-26T17:15:00Z
7541548,27.07.2022 02:05,3.01.2023 09:33,Chiang Mai,department of highways,van,speeding,rollover/fallen on straight road,1,0,0,clear,18.72243001,98.94978045,straight road,no slope,2022-07-26T19:05:00Z
6658381,27.07.2022 03:47,27.07.2022 13:43,Samut Prakan,department of rural roads,motorcycle,speeding,other,1,0,1,clear,13.664103,100.532796,sharp curve,slope area,2022-07-26T20:47:00Z
7569236,27.07.2022 05:30,25.01.2023 10:29,Nakhon Ratchasima,department of highways,4-wheel pickup truck,speeding,rollover/fallen on straight road,1,0,2,clear,14.66885555,101.4450207,straight road,no slope,2022-07-26T22:30:00Z
7415257,27.07.2022 05:40,29.11.2022 15:03,Uttaradit,department of highways,private/passenger car,worn-out/tire blowout,rollover/fallen on straight road,1,0,0,clear,17.54803026,100.1848036,straight road,no slope,2022-07-26T22:40:00Z
6656744,27.07.2022 06:30,4.08.2022 09:47,Prachuap Khiri Khan,department of highways,7-10-wheel truck,speeding,rollover/fallen on straight road,1,0,2,clear,11.2584751,99.43843602,straight road,no slope,2022-07-26T23:30:00Z
7541379,27.07.2022 06:30,3.01.2023 08:48,Lampang,department of highways,4-wheel pickup truck,speeding,rollover/fallen on curved road,1,0,1,clear,17.61777733,99.32041614,wide curve,no slope,2022-07-26T23:30:00Z
7541647,27.07.2022 06:30,3.01.2023 09:55,Chiang Mai,department of highways,4-wheel pickup truck,speeding,head-on collision (not overtaking),2,0,2,clear,19.28431445,99.1875395,straight road,no slope,2022-07-26T23:30:00Z
6609414,27.07.2022 07:00,27.07.2022 14:44,Nakhon Ratchasima,department of highways,motorized tricycle,speeding,rear-end collision,2,1,0,clear,14.65935454,101.3864064,straight road,no slope,2022-07-27T00:00:00Z
7541712,27.07.2022 07:35,3.01.2023 10:10,Chiang Mai,department of highways,large truck with trailer,speeding,rollover/fallen on straight road,1,0,0,clear,19.36510174,99.20203418,other,other,2022-07-27T00:35:00Z
7542166,27.07.2022 08:20,3.01.2023 12:11,Chiang Mai,department of highways,van,speeding,rollover/fallen on straight road,1,0,0,clear,18.69152723,98.92320781,straight road,no slope,2022-07-27T01:20:00Z
7331772,27.07.2022 08:30,15.08.2022 08:52,Tak,department of highways,large truck with trailer,speeding,rollover/fallen on straight road,1,1,0,clear,16.74255512,98.84043215,straight road,no slope,2022-07-27T01:30:00Z
7559329,27.07.2022 09:20,13.01.2023 13:04,Prachin Buri,department of highways,large truck with trailer,speeding,rear-end collision,2,0,0,clear,13.89793082,101.6007525,straight road,no slope,2022-07-27T02:20:00Z
7543551,27.07.2022 09:25,3.01.2023 22:27,Si Sa Ket,department of highways,4-wheel pickup truck,speeding,rollover/fallen on straight road,3,2,3,clear,14.8324744,104.1867828,straight road,no slope,2022-07-27T02:25:00Z
6815101,27.07.2022 09:30,31.08.2022 14:10,Pattani,department of highways,other,speeding,rollover/fallen on straight road,1,0,0,clear,6.572208461,101.5421623,straight road,no slope,2022-07-27T02:30:00Z
7568201,27.07.2022 09:50,24.01.2023 10:45,Phetchaburi,department of highways,4-wheel pickup truck,speeding,rollover/fallen on straight road,1,0,5,clear,13.15939071,99.84595208,straight road,no slope,2022-07-27T02:50:00Z
6643989,27.07.2022 10:45,2.08.2022 09:24,Chon Buri,department of highways,4-wheel pickup truck,speeding,rear-end collision,2,0,0,rainy,12.83973258,100.9586263,straight road,no slope,2022-07-27T03:45:00Z
7568322,27.07.2022 10:59,24.01.2023 13:22,Bangkok,department of highways,private/passenger car,speeding,rollover/fallen on straight road,1,0,0,clear,13.72945025,100.7408497,straight road,no slope,2022-07-27T03:59:00Z
6615398,27.07.2022 11:30,28.07.2022 13:08,Bangkok,department of highways,4-wheel pickup truck,speeding,rear-end collision,4,0,0,clear,13.80416089,100.6796658,straight road,no slope,2022-07-27T04:30:00Z
6852432,27.07.2022 11:52,6.09.2022 15:07,Chon Buri,department of highways,private/passenger car,speeding,rollover/fallen on straight road,1,0,0,rainy,12.93162489,100.954906,straight road,no slope,2022-07-27T04:52:00Z
7147160,27.07.2022 11:55,21.10.2022 14:19,Suphan Buri,department of highways,private/passenger car,vehicle equipment failure,rollover/fallen on curved road,1,0,0,clear,14.90976072,100.0829843,wide curve,no slope,2022-07-27T04:55:00Z
6765378,27.07.2022 12:40,22.08.2022 11:27,Rayong,department of highways,4-wheel pickup truck,speeding,rear-end collision,4,0,0,rainy,12.78352953,101.16153,straight road,no slope,2022-07-27T05:40:00Z
7532602,27.07.2022 13:00,1.01.2023 12:16,Phrae,department of highways,private/passenger car,speeding,rollover/fallen on straight road,1,0,0,clear,18.32917049,100.2764681,straight road,no slope,2022-07-27T06:00:00Z
7568307,27.07.2022 13:00,24.01.2023 12:33,Pathum Thani,department of highways,7-10-wheel truck,speeding,collision with obstruction (on road surface),2,0,0,clear,14.11323584,100.6794217,straight road,no slope,2022-07-27T06:00:00Z
6771959,27.07.2022 13:09,23.08.2022 14:26,Samut Sakhon,department of highways,private/passenger car,speeding,rollover/fallen on straight road,1,0,0,clear,13.60379692,100.3713351,straight road,no slope,2022-07-27T06:09:00Z
6615433,27.07.2022 14:00,28.07.2022 13:18,Bangkok,department of highways,4-wheel pickup truck,speeding,rollover/fallen on curved road,1,0,0,rainy,13.7328036,100.7055598,other,other,2022-07-27T07:00:00Z
7565351,27.07.2022 14:00,20.01.2023 10:28,Chanthaburi,department of highways,6-wheel truck,falling asleep,collision with obstruction (on road surface),2,0,4,rainy,12.52286977,102.1625385,straight road,no slope,2022-07-27T07:00:00Z
6635200,27.07.2022 14:10,31.07.2022 22:05,Pattani,department of highways,other,speeding,rollover/fallen on straight road,1,0,0,clear,6.850815322,101.3782069,straight road,no slope,2022-07-27T07:10:00Z
7568190,27.07.2022 14:10,24.01.2023 10:44,Phetchaburi,department of highways,4-wheel pickup truck,worn-out/tire blowout,rollover/fallen on straight road,1,0,0,clear,13.18509968,99.8343408,straight road,no slope,2022-07-27T07:10:00Z
7088043,27.07.2022 14:40,11.10.2022 10:23,Pattani,department of highways,4-wheel pickup truck,speeding,rollover/fallen on straight road,1,0,0,rainy,6.855475651,101.3762033,other,other,2022-07-27T07:40:00Z
6724228,27.07.2022 15:00,15.08.2022 13:46,Songkhla,department of highways,motorized tricycle,speeding,rear-end collision,2,0,1,clear,6.780651907,100.4853532,straight road,no slope,2022-07-27T08:00:00Z
6650703,27.07.2022 16:00,3.08.2022 10:37,Ubon Ratchathani,department of highways,private/passenger car,unfamiliarity with the route/unskilled driving,rollover/fallen on straight road,1,0,0,clear,16.04935778,105.1595878,other,other,2022-07-27T09:00:00Z
7559335,27.07.2022 16:20,13.01.2023 13:05,Nakhon Ratchasima,department of highways,4-wheel pickup truck,speeding,rollover/fallen on straight road,1,0,1,clear,15.03999811,102.3482385,straight road,no slope,2022-07-27T09:20:00Z
7447846,27.07.2022 19:00,9.12.2022 10:52,Chachoengsao,department of highways,4-wheel pickup truck,speeding,rollover/fallen on straight road,1,0,0,rainy,13.66309784,101.1064857,straight road,no slope,2022-07-27T12:00:00Z
6722935,27.07.2022 19:38,15.08.2022 08:47,Sukhothai,department of highways,private/passenger car,speeding,rollover/fallen on curved road,1,0,1,clear,17.05370751,99.67075823,wide curve,no slope,2022-07-27T12:38:00Z
7438241,27.07.2022 20:00,7.12.2022 11:05,Songkhla,department of highways,motorcycle,cutting in closely by people/vehicles/animals,rear-end collision,2,0,1,clear,7.105515907,100.6331858,other,other,2022-07-27T13:00:00Z
7027000,27.07.2022 20:30,3.10.2022 10:22,Yala,department of highways,4-wheel pickup truck,unfamiliarity with the route/unskilled driving,rollover/fallen on straight road,1,0,1,clear,6.581622343,101.1827409,wide curve,slope area,2022-07-27T13:30:00Z
6771954,27.07.2022 21:30,23.08.2022 14:25,Samut Sakhon,department of highways,7-10-wheel truck,speeding,collision with obstruction (on road surface),2,0,0,clear,13.60056948,100.3680977,straight road,no slope,2022-07-27T14:30:00Z
7564288,27.07.2022 22:11,19.01.2023 13:13,Samut Sakhon,department of highways,private/passenger car,speeding,rear-end collision,2,0,1,clear,13.602493430000001,100.3700504,straight road,no slope,2022-07-27T15:11:00Z
7147096,27.07.2022 22:30,21.10.2022 14:08,Suphan Buri,department of highways,4-wheel pickup truck,speeding,rear-end collision,2,0,0,clear,14.64403633,100.1475611,other,other,2022-07-27T15:30:00Z
7087971,27.07.2022 23:05,11.10.2022 13:26,Saraburi,department of highways,6-wheel truck,speeding,rollover/fallen on straight road,1,0,0,clear,14.37717369,100.9595543,straight road,no slope,2022-07-27T16:05:00Z
7035453,27.07.2022 23:45,4.10.2022 15:49,Yasothon,department of highways,private/passenger car,cutting in closely by people/vehicles/animals,rear-end collision,2,0,2,clear,15.68284782,104.2783883,straight road,no slope,2022-07-27T16:45:00Z
6619408,28.07.2022 00:23,29.07.2022 04:44,Bangkok,department of highways,6-wheel truck,speeding,rear-end collision,2,0,1,clear,13.67935541,100.4067671,straight road,no slope,2022-07-27T17:23:00Z
7414205,28.07.2022 01:10,25.11.2022 14:14,Trat,department of highways,4-wheel pickup truck,speeding,rollover/fallen on straight road,1,0,0,rainy,12.37116774,102.3885253,other,other,2022-07-27T18:10:00Z
7444816,28.07.2022 01:30,8.12.2022 14:25,Chon Buri,department of highways,large truck with trailer,speeding,rollover/fallen on straight road,1,0,0,clear,13.44693127,100.9992885,straight road,no slope,2022-07-27T18:30:00Z
6619422,28.07.2022 01:35,29.07.2022 04:47,Samut Sakhon,department of highways,motorcycle,speeding,rear-end collision,2,1,0,clear,13.59946932,100.2837181,other,other,2022-07-27T18:35:00Z
6637645,28.07.2022 01:42,1.08.2022 09:00,Samut Prakan,expressway authority of thailand,other,other,rear-end collision,2,0,1,clear,13.625488,100.597293,wide curve,other,2022-07-27T18:42:00Z
7088127,28.07.2022 02:40,11.10.2022 13:56,Sing Buri,department of highways,large truck with trailer,speeding,collision with obstruction (on road surface),2,0,1,clear,14.84595153,100.445871,straight road,no slope,2022-07-27T19:40:00Z
7562834,28.07.2022 03:03,18.01.2023 11:54,Surat Thani,department of highways,4-wheel pickup truck,worn-out/tire blowout,rollover/fallen on straight road,1,0,0,clear,9.182557698,99.67258482,straight road,no slope,2022-07-27T20:03:00Z
7566741,28.07.2022 03:20,22.01.2023 07:49,Chachoengsao,department of highways,motorcycle,speeding,rollover/fallen on straight road,1,0,0,clear,13.68830729,101.0768688,other,other,2022-07-27T20:20:00Z
6615482,28.07.2022 03:25,28.07.2022 13:34,Bangkok,department of highways,van,speeding,rear-end collision,2,0,0,clear,13.73509125,100.6811491,straight road,no slope,2022-07-27T20:25:00Z
7447690,28.07.2022 03:28,9.12.2022 14:50,Chiang Mai,department of highways,4-wheel pickup truck,worn-out/tire blowout,rollover/fallen on straight road,1,0,0,clear,18.76358514,99.08243714,straight road,no slope,2022-07-27T20:28:00Z
7088053,28.07.2022 04:00,11.10.2022 10:37,Loburi,department of highways,other,speeding,rollover/fallen on straight road,1,0,0,clear,14.81675089,100.8129904,straight road,no slope,2022-07-27T21:00:00Z
6619867,28.07.2022 04:30,29.07.2022 06:21,Maha Sarakham,department of highways,4-wheel pickup truck,vehicle equipment failure,rollover/fallen on straight road,1,0,3,clear,16.04944284,102.9387188,straight road,no slope,2022-07-27T21:30:00Z
6746044,28.07.2022 05:00,19.08.2022 09:37,Sukhothai,department of highways,4-wheel pickup truck,speeding,rollover/fallen on straight road,1,0,1,clear,17.1942638,99.85006391,straight road,no slope,2022-07-27T22:00:00Z
7512433,28.07.2022 05:00,27.12.2022 14:38,Roi Et,department of highways,private/passenger car,speeding,rollover/fallen on curved road,1,0,1,clear,16.00558419,103.473511,wide curve,no slope,2022-07-27T22:00:00Z
6625276,28.07.2022 05:30,30.07.2022 05:06,Pathum Thani,department of highways,4-wheel pickup truck,speeding,rear-end collision,3,0,1,clear,13.99941068,100.6837025,straight road,no slope,2022-07-27T22:30:00Z
6617265,28.07.2022 06:20,28.07.2022 20:14,Phuket,department of highways,4-wheel pickup truck,vehicle equipment failure,rollover/fallen on straight road,1,1,0,clear,8.065040297,98.34187387,straight road,no slope,2022-07-27T23:20:00Z
7438240,28.07.2022 06:40,7.12.2022 10:06,Bangkok,department of highways,motorcycle,driving under the influence of alcohol,rollover/fallen on straight road,1,0,0,clear,13.78632556,100.464955,other,other,2022-07-27T23:40:00Z
6617467,28.07.2022 07:30,28.07.2022 20:55,Nakhon Phanom,department of highways,private/passenger car,speeding,rollover/fallen on straight road,1,0,3,clear,16.93242941,104.7048783,straight road,no slope,2022-07-28T00:30:00Z
6658442,28.07.2022 07:30,4.08.2022 16:00,Surat Thani,department of highways,7-10-wheel truck,speeding,rollover/fallen on straight road,1,0,0,clear,8.584524733,99.0869218,straight road,no slope,2022-07-28T00:30:00Z
6619869,28.07.2022 08:00,29.07.2022 06:22,Maha Sarakham,department of highways,4-wheel pickup truck,speeding,rollover/fallen on straight road,1,0,1,clear,15.4645095,103.2228237,straight road,no slope,2022-07-28T01:00:00Z
6631296,28.07.2022 08:35,31.07.2022 06:15,Maha Sarakham,department of highways,motorcycle,cutting in closely by people/vehicles/animals,head-on collision (not overtaking),2,0,4,clear,16.09558802,102.9099011,other,other,2022-07-28T01:35:00Z
6619870,28.07.2022 09:00,29.07.2022 06:23,Kalasin,department of highways,4-wheel pickup truck,falling asleep,rollover/fallen on straight road,1,0,3,clear,16.41167221,103.468321,straight road,no slope,2022-07-28T02:00:00Z
7541254,28.07.2022 09:00,3.01.2023 08:13,Lampang,department of highways,6-wheel truck,speeding,rollover/fallen on curved road,1,0,0,clear,17.80835338,99.26732986,wide curve,no slope,2022-07-28T02:00:00Z
6627829,28.07.2022 09:15,30.07.2022 16:27,Chiang Mai,department of highways,4-wheel pickup truck,speeding,rear-end collision,2,0,1,clear,18.81291843,98.93922596,straight road,no slope,2022-07-28T02:15:00Z
6617438,28.07.2022 09:20,28.07.2022 20:54,Mukdahan,department of highways,private/passenger car,speeding,head-on collision (not overtaking),2,1,1,clear,16.43625496,104.6183234,straight road,no slope,2022-07-28T02:20:00Z
6619856,28.07.2022 09:20,29.07.2022 06:19,Kamphaeng Phet,department of highways,private/passenger car,speeding,rear-end collision,3,0,0,clear,16.44242396,99.50604914,straight road,no slope,2022-07-28T02:20:00Z
7568316,28.07.2022 09:29,24.01.2023 13:07,Chon Buri,department of highways,large truck with trailer,speeding,rear-end collision,2,1,2,clear,13.20625454,101.0038054,straight road,no slope,2022-07-28T02:29:00Z
6615180,28.07.2022 09:30,28.07.2022 12:00,Pathum Thani,department of highways,private/passenger car,speeding,rear-end collision,2,0,0,clear,13.99566299,100.6147832,straight road,no slope,2022-07-28T02:30:00Z