acc_code,incident_datetime,report_datetime,province_en,agency,vehicle_type,presumed_cause,accident_type,number_of_vehicles_involved,number_of_fatalities,number_of_injuries,weather_condition,latitude,longitude,road_description,slope_description,incident_time
6619391,28.07.2022 09:30,29.07.2022 04:38,Bangkok,department of highways,4-wheel pickup truck,speeding,rear-end collision,2,0,1,rainy,13.64435514,100.4136738,other,other,2022-07-28T02:30:00Z
6619853,28.07.2022 09:30,29.07.2022 06:18,Kamphaeng Phet,department of highways,private/passenger car,speeding,rollover/fallen on curved road,1,0,1,clear,16.42726866,99.33404444,wide curve,no slope,2022-07-28T02:30:00Z
6618330,28.07.2022 09:39,28.07.2022 23:43,Chachoengsao,department of highways,private/passenger car,speeding,rear-end collision,2,0,0,clear,13.57234185,100.98111659999999,straight road,no slope,2022-07-28T02:39:00Z
6619839,28.07.2022 10:00,29.07.2022 06:09,Uttaradit,department of highways,4-wheel pickup truck,falling asleep,collision with obstruction (on road surface),2,0,1,clear,17.30962768,100.2305782,straight road,no slope,2022-07-28T03:00:00Z
6631334,28.07.2022 10:00,31.07.2022 06:25,Sa Kaeo,department of highways,motorcycle,running red lights/traffic signals,head-on collision (not overtaking),2,1,1,clear,13.77656726,102.2078705,other,other,2022-07-28T03:00:00Z
7444280,28.07.2022 10:00,8.12.2022 14:06,Bangkok,department of highways,private/passenger car,speeding,rollover/fallen on straight road,1,0,1,clear,13.89377009,100.5869713,straight road,no slope,2022-07-28T03:00:00Z
6658386,28.07.2022 10:10,29.07.2022 09:34,Satun,department of rural roads,motorcycle,tailgating,other,1,0,1,clear,6.868768,99.788218,straight road,no slope,2022-07-28T03:10:00Z
7026706,28.07.2022 10:55,3.10.2022 09:15,Phetchabun,department of highways,large truck with trailer,speeding,rollover/fallen on curved road,1,0,1,clear,16.78054725,101.0977766,wide curve,slope area,2022-07-28T03:55:00Z
6619868,28.07.2022 10:57,29.07.2022 06:21,Chon Buri,department of highways,private/passenger car,speeding,rear-end collision,2,0,0,rainy,12.92981326,100.9547022,straight road,no slope,2022-07-28T03:57:00Z
7543552,28.07.2022 11:30,3.01.2023 22:28,Si Sa Ket,department of highways,private/passenger car,speeding,rollover/fallen on straight road,1,0,0,clear,14.63938849,104.1338602,straight road,no slope,2022-07-28T04:30:00Z
6658389,28.07.2022 11:50,29.07.2022 17:50,Nonthaburi,department of rural roads,motorcycle,speeding,other,2,0,1,clear,13.902889,100.324337,straight road,no slope,2022-07-28T04:50:00Z
7541819,28.07.2022 12:00,3.01.2023 10:41,Chiang Mai,department of highways,6-wheel truck,dangerous curve,rollover/fallen on curved road,1,0,4,clear,18.73080002,99.26377861,wide curve,slope area,2022-07-28T05:00:00Z
6617470,28.07.2022 12:20,28.07.2022 20:55,Prachin Buri,department of highways,motorcycle,speeding,rear-end collision,2,0,1,clear,13.99413787,101.763871,straight road,no slope,2022-07-28T05:20:00Z
6619376,28.07.2022 12:33,29.07.2022 04:34,Pathum Thani,department of highways,private/passenger car,speeding,rear-end collision,2,0,1,rainy,14.02401901,100.7437706,straight road,no slope,2022-07-28T05:33:00Z
6658388,28.07.2022 12:45,29.07.2022 12:05,Satun,department of rural roads,motorcycle,speeding,other,1,0,1,clear,6.739833,100.09091600000001,straight road,no slope,2022-07-28T05:45:00Z
6619353,28.07.2022 12:50,29.07.2022 04:29,Pathum Thani,department of highways,motorcycle,speeding,rear-end collision,2,1,0,rainy,14.06598447,100.6640339,other,other,2022-07-28T05:50:00Z
6616784,28.07.2022 13:00,28.07.2022 18:26,Chiang Mai,department of highways,6-wheel truck,speeding,rollover/fallen on curved road,1,0,4,clear,18.73082542,99.26389395,wide curve,slope area,2022-07-28T06:00:00Z
6617384,28.07.2022 13:03,28.07.2022 20:40,Chon Buri,department of highways,private/passenger car,speeding,rear-end collision,2,0,0,clear,13.20190934,101.0023087,straight road,no slope,2022-07-28T06:03:00Z
6617498,28.07.2022 13:34,28.07.2022 21:03,Chon Buri,department of highways,private/passenger car,cutting in closely by people/vehicles/animals,rear-end collision,2,0,0,clear,13.1525556,100.9864247,straight road,no slope,2022-07-28T06:34:00Z
6618403,28.07.2022 14:06,29.07.2022 00:00,Chachoengsao,department of highways,other,speeding,rear-end collision,2,0,0,clear,13.56607901,100.9863844,straight road,no slope,2022-07-28T07:06:00Z
6619844,28.07.2022 14:10,29.07.2022 06:11,Phichit,department of highways,private/passenger car,speeding,rollover/fallen on straight road,1,0,0,clear,16.07600907,100.1240837,straight road,no slope,2022-07-28T07:10:00Z
6618529,28.07.2022 14:20,29.07.2022 00:39,Chachoengsao,department of highways,private/passenger car,speeding,rear-end collision,3,0,0,clear,13.55980037,100.9916362,straight road,no slope,2022-07-28T07:20:00Z
6617695,28.07.2022 14:29,28.07.2022 21:41,Chon Buri,department of highways,private/passenger car,cutting in closely by people/vehicles/animals,rear-end collision,4,0,1,clear,13.17593575,100.9938302,straight road,no slope,2022-07-28T07:29:00Z
6619522,28.07.2022 14:29,29.07.2022 05:06,Chon Buri,department of highways,private/passenger car,cutting in closely by people/vehicles/animals,rear-end collision,4,0,0,clear,13.153394,100.9866124,straight road,no slope,2022-07-28T07:29:00Z
6722917,28.07.2022 14:30,15.08.2022 08:42,Kamphaeng Phet,department of highways,4-wheel pickup truck,falling asleep,rollover/fallen on curved road,1,0,1,clear,16.49634933,99.66461866,wide curve,no slope,2022-07-28T07:30:00Z
6616761,28.07.2022 14:40,28.07.2022 18:24,Lamphun,department of highways,motorcycle,speeding,rear-end collision,2,0,1,clear,18.54239129,99.06436978,straight road,no slope,2022-07-28T07:40:00Z
6619855,28.07.2022 15:26,29.07.2022 06:19,Chon Buri,department of highways,private/passenger car,speeding,rear-end collision,4,0,1,clear,13.00748475,100.9950399,other,other,2022-07-28T08:26:00Z
6619375,28.07.2022 15:48,29.07.2022 04:31,Bangkok,department of highways,private/passenger car,speeding,rear-end collision,2,0,3,clear,13.68503149,100.4872817,other,other,2022-07-28T08:48:00Z
6619444,28.07.2022 16:20,29.07.2022 04:53,Phetchaburi,department of highways,private/passenger car,speeding,rear-end collision,3,0,1,clear,13.12306084,99.88694696,straight road,no slope,2022-07-28T09:20:00Z
7562273,28.07.2022 16:20,18.01.2023 06:20,Nakhon Si Thammarat,department of highways,private/passenger car,speeding,rear-end collision,4,1,3,clear,8.336279143,99.98356013,straight road,no slope,2022-07-28T09:20:00Z
6805063,28.07.2022 16:30,29.08.2022 09:25,Surat Thani,department of highways,4-wheel pickup truck,speeding,rear-end collision,3,0,0,clear,9.570115663,99.12998198,straight road,no slope,2022-07-28T09:30:00Z
7434006,28.07.2022 16:30,6.12.2022 10:54,Prachuap Khiri Khan,department of highways,7-10-wheel truck,vehicle equipment failure,rollover/fallen on straight road,1,0,0,clear,12.21218685,99.86151694,other,other,2022-07-28T09:30:00Z
7568202,28.07.2022 17:15,24.01.2023 10:45,Mukdahan,department of highways,private/passenger car,vehicle equipment failure,rear-end collision,2,1,0,clear,16.40978367,104.5068508,connecting to private area,other,2022-07-28T10:15:00Z
7372630,28.07.2022 18:00,23.11.2022 14:30,Tak,department of highways,4-wheel pickup truck,speeding,rollover/fallen on curved road,1,0,0,rainy,16.8343083,98.5924968,wide curve,no slope,2022-07-28T11:00:00Z
6619843,28.07.2022 18:20,29.07.2022 06:10,Phitsanulok,department of highways,4-wheel pickup truck,speeding,rollover/fallen on straight road,1,0,0,clear,16.88416574,100.6391135,straight road,no slope,2022-07-28T11:20:00Z
6619838,28.07.2022 20:15,29.07.2022 06:07,Phrae,department of highways,4-wheel pickup truck,speeding,rollover/fallen on curved road,1,0,0,clear,18.34415126,100.3186887,wide curve,no slope,2022-07-28T13:15:00Z
6722966,28.07.2022 20:18,15.08.2022 08:54,Tak,department of highways,private/passenger car,running red lights/traffic signals,head-on collision (not overtaking),2,0,0,clear,16.69781162,98.53102593,other,other,2022-07-28T13:18:00Z
7331775,28.07.2022 20:40,29.07.2022 04:26,Bangkok,department of highways,private/passenger car,speeding,rear-end collision,2,0,1,clear,13.78823758,100.470314,straight road,no slope,2022-07-28T13:40:00Z
7424925,28.07.2022 21:00,2.12.2022 10:57,Chiang Mai,department of highways,motorcycle,speeding,rear-end collision,2,0,0,clear,18.87981824,99.03549044,wide curve,no slope,2022-07-28T14:00:00Z
7026682,28.07.2022 21:20,3.10.2022 09:14,Phetchabun,department of highways,large truck with trailer,vehicle equipment failure,rollover/fallen on straight road,1,0,0,clear,17.04843272,101.4621922,straight road,no slope,2022-07-28T14:20:00Z
6620242,28.07.2022 21:30,29.07.2022 08:05,Chaiyaphum,department of highways,4-wheel pickup truck,speeding,rollover/fallen on curved road,1,0,1,clear,15.67098929,101.9600612,wide curve,no slope,2022-07-28T14:30:00Z
6619469,28.07.2022 22:10,29.07.2022 04:56,Nakhon Si Thammarat,department of highways,4-wheel pickup truck,speeding,rollover/fallen on straight road,1,0,0,clear,8.288503929,99.52578752,wide curve,no slope,2022-07-28T15:10:00Z
7439560,28.07.2022 22:15,7.12.2022 14:25,Phayao,department of highways,large truck with trailer,speeding,collision with obstruction (on road surface),2,1,1,clear,19.18402539,99.89403336,straight road,no slope,2022-07-28T15:15:00Z
6619330,28.07.2022 22:30,29.07.2022 04:22,Suphan Buri,department of highways,motorcycle,cutting in closely by people/vehicles/animals,rear-end collision,2,0,1,clear,14.79674999,100.1072502,wide curve,no slope,2022-07-28T15:30:00Z
6627860,28.07.2022 22:45,30.07.2022 16:33,Si Sa Ket,department of highways,large truck with trailer,speeding,rear-end collision,3,0,11,clear,14.68541353,104.3597531,other,other,2022-07-28T15:45:00Z
7564286,28.07.2022 22:50,19.01.2023 13:07,Samut Sakhon,department of highways,4-wheel pickup truck,speeding,rollover/fallen on straight road,1,0,0,clear,13.59410925,100.3616389,straight road,no slope,2022-07-28T15:50:00Z
6619423,28.07.2022 23:30,29.07.2022 04:49,Chachoengsao,department of highways,4-wheel pickup truck,vehicle equipment failure,rollover/fallen on straight road,1,0,0,clear,13.74606278,101.4457556,straight road,no slope,2022-07-28T16:30:00Z
6658384,28.07.2022 23:30,29.07.2022 07:05,Samut Songkhram,department of rural roads,motorcycle,speeding,other,2,2,0,clear,13.447834,100.045142,straight road,no slope,2022-07-28T16:30:00Z
6625435,29.07.2022 00:12,30.07.2022 06:23,Phuket,department of highways,4-wheel pickup truck,speeding,rear-end collision,2,1,1,clear,8.049732665,98.40898006,straight road,no slope,2022-07-28T17:12:00Z
7568151,29.07.2022 00:30,24.01.2023 10:20,Sakon Nakhon,department of highways,private/passenger car,speeding,rollover/fallen on straight road,1,0,1,clear,17.02230534,104.3308979,straight road,no slope,2022-07-28T17:30:00Z
6945200,29.07.2022 01:30,20.09.2022 16:02,Ang Thong,department of highways,private/passenger car,speeding,rollover/fallen on straight road,1,0,1,clear,14.60384787,100.4033097,straight road,no slope,2022-07-28T18:30:00Z
6621683,29.07.2022 02:00,29.07.2022 14:33,Uttaradit,department of highways,large truck with trailer,falling asleep,rollover/fallen on straight road,1,0,1,clear,17.24354632,100.2471837,straight road,no slope,2022-07-28T19:00:00Z
7567220,29.07.2022 02:00,23.01.2023 12:04,Chon Buri,department of highways,private/passenger car,speeding,rollover/fallen on straight road,1,0,0,clear,13.33203327,100.9791559,other,other,2022-07-28T19:00:00Z
6621681,29.07.2022 03:00,29.07.2022 14:31,Uttaradit,department of highways,4-wheel pickup truck,falling asleep,rollover/fallen on straight road,1,0,1,clear,17.34691586,100.2343842,straight road,no slope,2022-07-28T20:00:00Z
7035446,29.07.2022 03:00,4.10.2022 15:46,Roi Et,department of highways,private/passenger car,speeding,rollover/fallen on straight road,1,0,0,clear,15.57869032,103.8169947,straight road,no slope,2022-07-28T20:00:00Z
7569501,29.07.2022 03:00,25.01.2023 13:48,Nakhon Ratchasima,department of highways,4-wheel pickup truck,speeding,rollover/fallen on straight road,1,0,0,clear,14.56834303,101.9799632,straight road,no slope,2022-07-28T20:00:00Z
6621678,29.07.2022 03:30,29.07.2022 14:30,Chiang Rai,department of highways,private/passenger car,speeding,rollover/fallen on straight road,1,0,1,clear,19.7673144,99.73632215,straight road,no slope,2022-07-28T20:30:00Z
7357607,29.07.2022 03:30,21.11.2022 10:26,Khon Kaen,department of highways,van,falling asleep,rollover/fallen on straight road,1,0,4,clear,16.46157285,102.7696913,straight road,no slope,2022-07-28T20:30:00Z
7439010,29.07.2022 03:30,7.12.2022 14:34,Chiang Rai,department of highways,4-wheel pickup truck,speeding,rollover/fallen on straight road,1,0,1,rainy,19.79765566,99.75208417,straight road,no slope,2022-07-28T20:30:00Z
6845712,29.07.2022 04:00,5.09.2022 11:25,Saraburi,department of highways,4-wheel pickup truck,speeding,rollover/fallen on straight road,1,0,0,clear,14.45220252,100.9019914,straight road,no slope,2022-07-28T21:00:00Z
6722939,29.07.2022 04:49,15.08.2022 08:47,Sukhothai,department of highways,4-wheel pickup truck,cutting in closely by people/vehicles/animals,other,2,0,2,clear,17.33054768,99.73955153,connecting to public/commercial area,other,2022-07-28T21:49:00Z
6722963,29.07.2022 05:00,15.08.2022 08:53,Tak,department of highways,4-wheel pickup truck,falling asleep,rollover/fallen on straight road,1,0,0,clear,17.29755854,99.14404748,straight road,no slope,2022-07-28T22:00:00Z
7521892,29.07.2022 05:10,30.12.2022 12:02,Chiang Rai,department of highways,private/passenger car,speeding,rollover/fallen on straight road,1,0,1,clear,19.76505274,99.73559527,straight road,no slope,2022-07-28T22:10:00Z
7560639,29.07.2022 06:00,16.01.2023 10:30,Sing Buri,department of highways,6-wheel truck,speeding,rollover/fallen on straight road,1,0,0,clear,14.85204163,100.4440793,straight road,no slope,2022-07-28T23:00:00Z
6657925,29.07.2022 06:40,4.08.2022 14:33,Chon Buri,department of highways,4-wheel pickup truck,falling asleep,rollover/fallen on straight road,1,0,0,clear,13.28662678,101.3964861,straight road,no slope,2022-07-28T23:40:00Z
6623707,29.07.2022 07:00,29.07.2022 22:32,Phrae,department of highways,7-10-wheel truck,speeding,rollover/fallen on straight road,1,0,0,clear,17.96946675,100.0661909,straight road,no slope,2022-07-29T00:00:00Z
6746236,29.07.2022 07:10,19.08.2022 10:08,Roi Et,department of highways,6-wheel truck,speeding,rollover/fallen on straight road,1,0,0,clear,15.83090246,103.7194347,straight road,no slope,2022-07-29T00:10:00Z
6625432,29.07.2022 07:20,30.07.2022 06:15,Maha Sarakham,department of highways,motorcycle,speeding,rear-end collision,2,1,0,clear,15.96061733,103.0536032,straight road,no slope,2022-07-29T00:20:00Z
6621285,29.07.2022 07:25,29.07.2022 12:45,Prachuap Khiri Khan,department of highways,6-wheel truck,vehicle equipment failure,rollover/fallen on straight road,1,0,1,clear,12.50704892,99.88523303,straight road,no slope,2022-07-29T00:25:00Z
7147167,29.07.2022 08:20,21.10.2022 14:16,Ang Thong,department of highways,6-wheel truck,speeding,rollover/fallen on straight road,1,0,1,clear,14.61845515,100.2845979,straight road,no slope,2022-07-29T01:20:00Z
6625306,29.07.2022 08:30,30.07.2022 05:19,Phra Nakhon Si Ayutthaya,department of highways,4-wheel pickup truck,speeding,rollover/fallen on straight road,1,0,0,clear,14.144792,100.5467221,straight road,no slope,2022-07-29T01:30:00Z
7173461,29.07.2022 08:50,25.10.2022 15:16,Songkhla,department of highways,private/passenger car,speeding,rollover/fallen on straight road,2,0,0,clear,6.955722894,100.5545193,straight road,no slope,2022-07-29T01:50:00Z
6650705,29.07.2022 09:03,3.08.2022 10:39,Samut Prakan,expressway authority of thailand,4-wheel pickup truck,other,rear-end collision,2,0,0,clear,13.632354,100.577381,straight road,other,2022-07-29T02:03:00Z
6701872,29.07.2022 09:30,11.08.2022 12:40,Chumphon,department of highways,7-10-wheel truck,speeding,rollover/fallen on straight road,1,0,0,clear,10.77478746,99.19278322,straight road,no slope,2022-07-29T02:30:00Z
6621652,29.07.2022 10:00,29.07.2022 14:29,Prachuap Khiri Khan,department of highways,4-wheel pickup truck,cutting in closely by people/vehicles/animals,head-on collision (not overtaking),2,0,2,clear,12.30183787,99.8755744,straight road,no slope,2022-07-29T03:00:00Z
6658397,29.07.2022 10:00,30.07.2022 18:06,Kanchanaburi,department of rural roads,4-wheel pickup truck,speeding,other,2,1,0,clear,14.881192,98.791774,wide curve,slope area,2022-07-29T03:00:00Z
7541805,29.07.2022 10:00,3.01.2023 10:39,Chiang Mai,department of highways,private/passenger car,cutting in closely by people/vehicles/animals,head-on collision (not overtaking),2,0,2,clear,19.36932249,99.20106052,other,other,2022-07-29T03:00:00Z
6621279,29.07.2022 10:48,29.07.2022 12:44,Pathum Thani,department of highways,private/passenger car,speeding,rear-end collision,2,0,0,clear,13.92800406,100.7067695,straight road,no slope,2022-07-29T03:48:00Z
6625302,29.07.2022 11:30,30.07.2022 05:16,Bangkok,department of highways,private/passenger car,speeding,rear-end collision,6,0,0,clear,13.78548677,100.3836679,other,other,2022-07-29T04:30:00Z
6625305,29.07.2022 11:30,30.07.2022 05:17,Bangkok,department of highways,private/passenger car,speeding,rear-end collision,2,0,0,clear,13.78543207,100.3839549,other,other,2022-07-29T04:30:00Z
7541745,29.07.2022 11:30,3.01.2023 10:22,Lampang,department of highways,private/passenger car,falling asleep,rollover/fallen on straight road,1,0,2,clear,18.81556142,99.59288029,straight road,no slope,2022-07-29T04:30:00Z
7542629,29.07.2022 11:30,3.01.2023 14:01,Phitsanulok,department of highways,large truck with trailer,unfamiliarity with the route/unskilled driving,rollover/fallen on curved road,1,0,1,clear,17.2331739,101.0972214,wide curve,slope area,2022-07-29T04:30:00Z
6625362,29.07.2022 12:00,30.07.2022 05:31,Chon Buri,department of highways,6-wheel truck,speeding,rollover/fallen on straight road,1,0,0,clear,12.94767023,100.9300339,straight road,no slope,2022-07-29T05:00:00Z
7414662,29.07.2022 12:10,29.11.2022 09:30,Nonthaburi,department of highways,4-wheel pickup truck,speeding,rollover/fallen on straight road,1,0,0,clear,13.81182651,100.4114342,straight road,no slope,2022-07-29T05:10:00Z
6625327,29.07.2022 13:30,30.07.2022 05:24,Prachuap Khiri Khan,department of highways,4-wheel pickup truck,speeding,rear-end collision,2,0,1,clear,12.38628167,99.89850997,straight road,no slope,2022-07-29T06:30:00Z
6625431,29.07.2022 13:30,30.07.2022 06:19,Chaiyaphum,department of highways,4-wheel pickup truck,other,rollover/fallen on straight road,2,0,0,clear,15.62712844,101.923728,straight road,no slope,2022-07-29T06:30:00Z
6658392,29.07.2022 14:00,30.07.2022 12:14,Chachoengsao,department of rural roads,motorcycle,speeding,other,1,0,1,clear,13.890553,101.044256,straight road,no slope,2022-07-29T07:00:00Z
7554479,29.07.2022 14:10,9.01.2023 12:38,Chiang Rai,department of highways,6-wheel truck,speeding,rollover/fallen on straight road,1,0,0,rainy,19.80985338,99.67759787,straight road,no slope,2022-07-29T07:10:00Z
6729062,29.07.2022 14:25,16.08.2022 10:47,Nonthaburi,department of rural roads,bicycle,tailgating,other,2,0,2,clear,13.935866,100.369062,straight road,no slope,2022-07-29T07:25:00Z
6625255,29.07.2022 14:30,30.07.2022 05:01,Kanchanaburi,department of highways,private/passenger car,speeding,rear-end collision,2,0,0,clear,13.9789642,99.64174746,other,other,2022-07-29T07:30:00Z
6658396,29.07.2022 14:30,30.07.2022 16:25,Mae Hong Son,department of rural roads,motorcycle,driving under the influence of alcohol,other,1,0,1,clear,19.564487,98.116181,straight road,no slope,2022-07-29T07:30:00Z
6625348,29.07.2022 14:51,30.07.2022 05:28,Phatthalung,department of highways,private/passenger car,speeding,rollover/fallen on straight road,1,1,4,clear,7.658084417,100.0299167,straight road,no slope,2022-07-29T07:51:00Z
6631298,29.07.2022 15:30,31.07.2022 06:15,Sakon Nakhon,department of highways,4-wheel pickup truck,speeding,rollover/fallen on straight road,1,0,0,clear,17.12517805,104.056988,straight road,no slope,2022-07-29T08:30:00Z
6624023,29.07.2022 16:30,29.07.2022 23:48,Chanthaburi,department of highways,motorcycle,cutting in closely by people/vehicles/animals,rear-end collision,3,0,2,clear,12.61069941,102.1356895,straight road,no slope,2022-07-29T09:30:00Z
6625422,29.07.2022 16:30,30.07.2022 06:13,Kamphaeng Phet,department of highways,4-wheel pickup truck,vehicle equipment failure,rollover/fallen on straight road,1,0,2,clear,16.57890201,99.44004534,straight road,no slope,2022-07-29T09:30:00Z
7117791,29.07.2022 16:30,17.10.2022 09:48,Songkhla,department of highways,private/passenger car,speeding,rollover/fallen on straight road,2,0,1,clear,6.962834293,100.5680591,straight road,no slope,2022-07-29T09:30:00Z
7331781,29.07.2022 16:32,30.07.2022 16:26,Chiang Mai,department of highways,motorcycle,speeding,rollover/fallen on straight road,1,2,0,clear,18.77108459,98.97580324,straight road,no slope,2022-07-29T09:32:00Z
6625253,29.07.2022 17:00,30.07.2022 05:04,Nakhon Nayok,department of highways,4-wheel pickup truck,falling asleep,rollover/fallen on straight road,1,0,1,clear,14.21255322,101.099453,straight road,no slope,2022-07-29T10:00:00Z
6623609,29.07.2022 17:16,29.07.2022 22:04,Samut Prakan,department of highways,private/passenger car,speeding,rear-end collision,2,0,0,clear,13.66644952,100.849404,straight road,no slope,2022-07-29T10:16:00Z
7557709,29.07.2022 17:20,12.01.2023 10:35,Chiang Mai,department of highways,4-wheel pickup truck,speeding,rollover/fallen on curved road,1,0,9,clear,18.29710922,98.64278285,wide curve,no slope,2022-07-29T10:20:00Z
6845665,29.07.2022 18:00,5.09.2022 11:17,Loburi,department of highways,motorcycle,vehicle equipment failure,rear-end collision,2,0,1,clear,15.06487677,100.6227037,wide curve,no slope,2022-07-29T11:00:00Z
6625364,29.07.2022 19:01,30.07.2022 05:33,Samut Prakan,department of highways,private/passenger car,speeding,rear-end collision,4,0,0,clear,13.66644952,100.849404,straight road,no slope,2022-07-29T12:01:00Z
6625220,29.07.2022 19:30,30.07.2022 04:51,Uthai Thani,department of highways,motorcycle,speeding,rollover/fallen on straight road,1,0,1,clear,15.55904831,99.86443518,other,other,2022-07-29T12:30:00Z
7446674,29.07.2022 19:30,9.12.2022 09:42,Chiang Mai,department of highways,private/passenger car,speeding,rollover/fallen on curved road,1,0,0,clear,18.89707257,99.18964236,wide curve,no slope,2022-07-29T12:30:00Z
6845707,29.07.2022 20:10,5.09.2022 11:26,Saraburi,department of highways,private/passenger car,speeding,rollover/fallen on straight road,1,0,0,clear,14.45168824,100.9018037,straight road,no slope,2022-07-29T13:10:00Z
6631300,29.07.2022 21:00,31.07.2022 06:16,Prachuap Khiri Khan,department of highways,private/passenger car,speeding,rollover/fallen on straight road,1,0,0,clear,12.38695233,99.9637842,straight road,no slope,2022-07-29T14:00:00Z
6722936,29.07.2022 21:05,15.08.2022 08:45,Sukhothai,department of highways,motorcycle,speeding,rear-end collision,2,0,2,clear,17.28690232,99.8437473,straight road,no slope,2022-07-29T14:05:00Z
6630292,29.07.2022 21:25,31.07.2022 01:59,Chon Buri,department of highways,private/passenger car,speeding,collision with obstruction (on road surface),1,0,1,clear,12.9783072,100.9847724,straight road,no slope,2022-07-29T14:25:00Z
6658391,29.07.2022 21:42,30.07.2022 07:36,Phetchaburi,department of rural roads,motorcycle,cutting in closely by people/vehicles/animals,other,1,0,1,dark,12.715904,99.731911,wide curve,no slope,2022-07-29T14:42:00Z
6631355,29.07.2022 22:19,31.07.2022 06:27,Bangkok,department of highways,4-wheel pickup truck,overloaded vehicle,other,1,0,0,clear,13.73329604,100.7904839,straight road,no slope,2022-07-29T15:19:00Z
7414681,29.07.2022 22:30,29.11.2022 09:42,Bangkok,department of highways,motorcycle,speeding,head-on collision (not overtaking),2,0,0,clear,13.62687,100.4328704,straight road,no slope,2022-07-29T15:30:00Z
6631378,29.07.2022 22:40,31.07.2022 06:30,Udon Thani,department of highways,large truck with trailer,speeding,rollover/fallen on straight road,1,0,0,clear,17.60008614,102.7956229,straight road,no slope,2022-07-29T15:40:00Z
6658406,29.07.2022 23:15,3.08.2022 09:21,Yasothon,department of rural roads,motorcycle,vehicle electrical system failure,other,2,1,0,other,15.907559,104.226752,straight road,no slope,2022-07-29T16:15:00Z
7414489,30.07.2022 00:30,28.11.2022 14:47,Chon Buri,department of highways,private/passenger car,speeding,rollover/fallen on straight road,1,0,0,clear,13.46331581,101.0924309,other,other,2022-07-29T17:30:00Z
7476186,30.07.2022 00:30,21.12.2022 09:05,Nakhon Ratchasima,department of highways,motorcycle,speeding,rollover/fallen on straight road,1,0,1,other,14.70597727,102.1695404,straight road,no slope,2022-07-29T17:30:00Z
7560526,30.07.2022 01:00,16.01.2023 07:01,Loburi,department of highways,4-wheel pickup truck,speeding,rollover/fallen on straight road,1,0,0,clear,14.85948226,100.45605,straight road,no slope,2022-07-29T18:00:00Z
7568330,30.07.2022 01:00,24.01.2023 13:27,Prachin Buri,department of highways,4-wheel pickup truck,falling asleep,rollover/fallen on straight road,1,0,0,clear,13.93760241,101.5501124,straight road,no slope,2022-07-29T18:00:00Z
6631310,30.07.2022 01:20,31.07.2022 06:19,Nakhon Si Thammarat,department of highways,private/passenger car,speeding,rollover/fallen on straight road,1,0,2,clear,8.17017558,99.64558034,straight road,no slope,2022-07-29T18:20:00Z
6658394,30.07.2022 01:20,30.07.2022 12:14,Rayong,department of rural roads,motorcycle,speeding,other,2,0,2,clear,12.72517,101.087388,straight road,no slope,2022-07-29T18:20:00Z
6629451,30.07.2022 01:40,30.07.2022 22:24,Pathum Thani,department of highways,motorcycle,speeding,rollover/fallen on straight road,1,1,1,clear,14.05824143,100.6171059,straight road,no slope,2022-07-29T18:40:00Z
7439088,30.07.2022 02:45,7.12.2022 10:47,Mukdahan,department of highways,4-wheel pickup truck,speeding,rollover/fallen on straight road,1,0,2,clear,16.511288360000002,104.7398302,other,other,2022-07-29T19:45:00Z
7378539,30.07.2022 03:30,24.11.2022 09:51,Phetchabun,department of highways,4-wheel pickup truck,falling asleep,rollover/fallen on straight road,1,0,0,clear,15.64252498,101.0437504,straight road,no slope,2022-07-29T20:30:00Z
6631359,30.07.2022 03:40,31.07.2022 06:28,Udon Thani,department of highways,private/passenger car,speeding,rollover/fallen on straight road,1,0,1,clear,17.60008614,102.7956229,straight road,no slope,2022-07-29T20:40:00Z
7331789,30.07.2022 03:40,31.07.2022 17:38,Nonthaburi,department of highways,large truck with trailer,speeding,collision with obstruction (on road surface),2,1,0,clear,13.94262401,100.4162112,other,other,2022-07-29T20:40:00Z
6685899,30.07.2022 04:00,9.08.2022 09:10,Chiang Mai,department of highways,private/passenger car,other,rear-end collision,2,1,0,clear,18.75851844,99.00913237,straight road,no slope,2022-07-29T21:00:00Z
6735476,30.07.2022 04:20,17.08.2022 13:51,Sa Kaeo,department of highways,4-wheel pickup truck,speeding,rollover/fallen on curved road,1,0,1,clear,13.94708322,102.5121885,wide curve,no slope,2022-07-29T21:20:00Z
6627831,30.07.2022 04:25,30.07.2022 16:28,Uttaradit,department of highways,motorcycle,speeding,rollover/fallen on straight road,1,0,1,clear,17.6605818,100.1071751,straight road,no slope,2022-07-29T21:25:00Z
7438859,30.07.2022 04:30,7.12.2022 14:34,Chiang Rai,department of highways,4-wheel pickup truck,speeding,rollover/fallen on straight road,1,0,0,clear,19.54999859,99.74722534,other,other,2022-07-29T21:30:00Z
6631651,30.07.2022 05:00,31.07.2022 07:34,Khon Kaen,department of highways,van,falling asleep,rollover/fallen on straight road,1,8,3,clear,16.4051626,102.8843397,straight road,no slope,2022-07-29T22:00:00Z
7569521,30.07.2022 05:00,25.01.2023 13:55,Nakhon Ratchasima,department of highways,private/passenger car,speeding,rollover/fallen on straight road,1,0,1,rainy,14.65865132,101.3389608,straight road,slope area,2022-07-29T22:00:00Z