acc_code,incident_datetime,report_datetime,province_en,agency,vehicle_type,presumed_cause,accident_type,number_of_vehicles_involved,number_of_fatalities,number_of_injuries,weather_condition,latitude,longitude,road_description,slope_description,incident_time
6631204,30.07.2022 05:06,31.07.2022 05:58,Kanchanaburi,department of highways,4-wheel pickup truck,failure to yield right of way,collision at intersection corner,2,0,0,clear,13.79327804,99.5786324,other,other,2022-07-29T22:06:00Z
6631269,30.07.2022 05:30,31.07.2022 06:10,Kamphaeng Phet,department of highways,motorcycle,speeding,collision with obstruction (on road surface),2,1,0,clear,16.66517086,99.30905967,straight road,no slope,2022-07-29T22:30:00Z
6631271,30.07.2022 05:40,31.07.2022 06:11,Kamphaeng Phet,department of highways,large truck with trailer,falling asleep,rollover/fallen on straight road,1,0,0,clear,16.49573467,99.48162495,straight road,no slope,2022-07-29T22:40:00Z
7569518,30.07.2022 05:58,25.01.2023 13:51,Prachin Buri,department of highways,large truck with trailer,speeding,other,1,0,1,clear,14.3039806,101.8682411,wide curve,slope area,2022-07-29T22:58:00Z
6631301,30.07.2022 06:00,31.07.2022 06:16,Maha Sarakham,department of highways,motorized tricycle,cutting in closely by people/vehicles/animals,rear-end collision,2,0,3,clear,16.04799161,102.9208794,other,other,2022-07-29T23:00:00Z
6626306,30.07.2022 06:41,30.07.2022 10:34,Bangkok,department of highways,private/passenger car,speeding,rear-end collision,2,0,0,clear,13.73918186,100.6532487,straight road,no slope,2022-07-29T23:41:00Z
7088119,30.07.2022 07:00,11.10.2022 13:50,Sing Buri,department of highways,large truck with trailer,speeding,rollover/fallen on straight road,1,0,0,clear,14.95469707,100.3783813,straight road,no slope,2022-07-30T00:00:00Z
7563893,30.07.2022 07:45,19.01.2023 08:40,Phra Nakhon Si Ayutthaya,department of highways,large truck with trailer,vehicle equipment failure,rollover/fallen on straight road,1,0,0,clear,14.22693658,100.7064423,straight road,no slope,2022-07-30T00:45:00Z
6631274,30.07.2022 08:15,31.07.2022 06:12,Phetchabun,department of highways,4-wheel pickup truck,speeding,rear-end collision,2,0,0,clear,17.02449559,101.3155156,other,other,2022-07-30T01:15:00Z
6658399,30.07.2022 08:15,31.07.2022 09:30,Phetchaburi,department of rural roads,motorcycle,cutting in closely by people/vehicles/animals,other,1,0,1,clear,13.288523,99.804197,straight road,no slope,2022-07-30T01:15:00Z
7331787,30.07.2022 08:20,31.07.2022 06:17,Maha Sarakham,department of highways,6-wheel truck,cutting in closely by people/vehicles/animals,pedestrian collision,1,1,0,clear,16.15379801,103.3737382,straight road,no slope,2022-07-30T01:20:00Z
6723465,30.07.2022 08:30,15.08.2022 10:37,Yasothon,department of highways,motorcycle,speeding,rear-end collision,2,1,0,clear,15.83501828,104.3998629,straight road,no slope,2022-07-30T01:30:00Z
6631243,30.07.2022 08:50,31.07.2022 06:06,Bangkok,department of highways,4-wheel pickup truck,driving under the influence of alcohol,rear-end collision,2,0,0,clear,13.65258115,100.405029,other,other,2022-07-30T01:50:00Z
7444798,30.07.2022 09:00,8.12.2022 14:55,Samut Sakhon,department of highways,7-10-wheel truck,speeding,rear-end collision,2,0,0,clear,13.53980304,100.22985130000001,straight road,no slope,2022-07-30T02:00:00Z
7474773,30.07.2022 10:00,20.12.2022 14:11,Yala,department of highways,private/passenger car,speeding,rollover/fallen on curved road,1,0,0,clear,6.424568837,101.1331951,wide curve,slope area,2022-07-30T03:00:00Z
6631307,30.07.2022 10:25,31.07.2022 06:18,Nakhon Si Thammarat,department of highways,4-wheel pickup truck,vehicle equipment failure,collision with obstruction (on road surface),2,0,1,clear,8.26760957,99.5430529,straight road,no slope,2022-07-30T03:25:00Z
7536935,30.07.2022 10:30,2.01.2023 09:51,Phrae,department of highways,4-wheel pickup truck,speeding,rollover/fallen on curved road,1,0,0,clear,18.16512994,100.0328833,wide curve,no slope,2022-07-30T03:30:00Z
6631221,30.07.2022 11:30,31.07.2022 06:02,Nonthaburi,department of highways,private/passenger car,speeding,rear-end collision,3,0,0,clear,14.02591865,100.3124499,other,other,2022-07-30T04:30:00Z
6662779,30.07.2022 11:30,5.08.2022 09:01,Nakhon Sawan,department of highways,motorcycle,cutting in closely by people/vehicles/animals,rear-end collision,2,0,1,clear,15.26129108,100.3280282,straight road,no slope,2022-07-30T04:30:00Z
6631354,30.07.2022 11:45,31.07.2022 06:26,Bangkok,department of highways,4-wheel pickup truck,speeding,rollover/fallen on straight road,1,0,0,clear,13.81313925,100.6772652,straight road,no slope,2022-07-30T04:45:00Z
6627362,30.07.2022 13:00,30.07.2022 14:50,Phetchaburi,department of highways,4-wheel pickup truck,speeding,rollover/fallen on straight road,1,0,1,clear,12.76102282,99.93362008,straight road,no slope,2022-07-30T06:00:00Z
6629337,30.07.2022 13:10,30.07.2022 21:56,Phrae,department of highways,4-wheel pickup truck,speeding,rollover/fallen on curved road,1,0,0,rainy,17.88330374,100.0461334,wide curve,no slope,2022-07-30T06:10:00Z
6896932,30.07.2022 13:30,13.09.2022 13:35,Loei,department of highways,4-wheel pickup truck,speeding,rollover/fallen on straight road,1,0,0,clear,17.30240114,101.7972109,straight road,no slope,2022-07-30T06:30:00Z
6631268,30.07.2022 13:55,31.07.2022 06:10,Mukdahan,department of highways,4-wheel pickup truck,speeding,rollover/fallen on curved road,1,0,2,clear,16.60404698,104.4255933,wide curve,no slope,2022-07-30T06:55:00Z
7559136,30.07.2022 14:13,13.01.2023 10:19,Buri Ram,department of highways,4-wheel pickup truck,speeding,rear-end collision,2,0,0,clear,14.92796808,103.0247909,straight road,no slope,2022-07-30T07:13:00Z
6631329,30.07.2022 14:21,31.07.2022 06:23,Chon Buri,department of highways,motorcycle,speeding,rear-end collision,2,0,1,clear,12.83955475,100.9587121,straight road,no slope,2022-07-30T07:21:00Z
6729331,30.07.2022 14:23,16.08.2022 11:56,Yala,department of highways,4-wheel pickup truck,unfamiliarity with the route/unskilled driving,rollover/fallen on straight road,1,0,1,clear,6.56981566,101.2610695,straight road,no slope,2022-07-30T07:23:00Z
7035447,30.07.2022 14:30,4.10.2022 15:47,Roi Et,department of highways,private/passenger car,speeding,rollover/fallen on curved road,1,0,0,clear,15.60570082,103.8124752,wide curve,slope area,2022-07-30T07:30:00Z
7437774,30.07.2022 14:40,7.12.2022 08:56,Kamphaeng Phet,department of highways,4-wheel pickup truck,speeding,rear-end collision,2,0,0,clear,16.48949021,99.84423547,other,other,2022-07-30T07:40:00Z
6628157,30.07.2022 15:00,30.07.2022 17:39,Suphan Buri,department of highways,van,falling asleep,rollover/fallen on straight road,1,0,10,clear,14.53347638,100.062527,straight road,no slope,2022-07-30T08:00:00Z
6777801,30.07.2022 15:37,24.08.2022 12:38,Si Sa Ket,department of highways,private/passenger car,falling asleep,rollover/fallen on straight road,1,0,2,clear,14.68348315,104.505727,straight road,no slope,2022-07-30T08:37:00Z
6629313,30.07.2022 15:59,30.07.2022 21:50,Samut Prakan,department of highways,private/passenger car,speeding,rear-end collision,4,0,0,clear,13.65118671,100.8731255,straight road,no slope,2022-07-30T08:59:00Z
6631304,30.07.2022 16:00,31.07.2022 06:16,Phrae,department of highways,4-wheel pickup truck,cutting in closely by people/vehicles/animals,rear-end collision,2,0,1,clear,18.50826883,100.1317522,straight road,no slope,2022-07-30T09:00:00Z
6637669,30.07.2022 16:05,1.08.2022 09:05,Samut Prakan,expressway authority of thailand,other,other,collision with obstruction (on road surface),1,0,0,clear,13.631122,100.584736,straight road,other,2022-07-30T09:05:00Z
6631273,30.07.2022 16:20,31.07.2022 06:11,Chanthaburi,department of highways,motorized tricycle,cutting in closely by people/vehicles/animals,rear-end collision,2,0,2,clear,12.62462153,102.1512759,other,other,2022-07-30T09:20:00Z
6629367,30.07.2022 16:30,30.07.2022 22:00,Phrae,department of highways,4-wheel pickup truck,running red lights/traffic signals,collision at intersection corner,2,0,1,clear,18.16124848,100.176714,other,other,2022-07-30T09:30:00Z
6740236,30.07.2022 16:40,18.08.2022 09:23,Sa Kaeo,department of highways,private/passenger car,speeding,rear-end collision,3,0,1,clear,13.86493193,102.4231875,wide curve,slope area,2022-07-30T09:40:00Z
6636764,30.07.2022 17:44,1.08.2022 05:12,Phitsanulok,department of highways,private/passenger car,speeding,head-on collision (not overtaking),2,4,12,clear,16.74452773,100.0759569,wide curve,no slope,2022-07-30T10:44:00Z
7541452,30.07.2022 18:00,3.01.2023 09:08,Lamphun,department of highways,large truck with trailer,driving under the influence of alcohol,rollover/fallen on curved road,1,0,0,clear,18.24117177,98.82495849,wide curve,no slope,2022-07-30T11:00:00Z
7564985,30.07.2022 18:12,20.01.2023 06:46,Bangkok,department of highways,motorcycle,speeding,rear-end collision,2,0,2,clear,13.67054133,100.6204735,straight road,no slope,2022-07-30T11:12:00Z
7541399,30.07.2022 19:30,3.01.2023 08:50,Lampang,department of highways,large truck with trailer,speeding,rollover/fallen on curved road,1,0,0,clear,17.67073825,99.09628002,wide curve,slope area,2022-07-30T12:30:00Z
7562837,30.07.2022 20:00,18.01.2023 11:56,Surat Thani,department of highways,4-wheel pickup truck,driving under the influence of alcohol,rollover/fallen on curved road,1,0,0,clear,9.317947347,99.6890804,sharp curve,no slope,2022-07-30T13:00:00Z
7569641,30.07.2022 20:14,25.01.2023 15:02,Nakhon Ratchasima,department of highways,4-wheel pickup truck,speeding,collision with obstruction (on road surface),2,0,1,clear,14.5765799,102.1870324,straight road,no slope,2022-07-30T13:14:00Z
7146893,30.07.2022 20:30,21.10.2022 13:39,Phra Nakhon Si Ayutthaya,department of highways,4-wheel pickup truck,speeding,rollover/fallen on straight road,1,0,0,clear,14.46338116,100.2980813,straight road,no slope,2022-07-30T13:30:00Z
7425550,30.07.2022 20:30,2.12.2022 15:03,Ubon Ratchathani,department of highways,private/passenger car,unfamiliarity with the route/unskilled driving,rollover/fallen on curved road,1,0,0,rainy,15.24764869,104.8252451,other,other,2022-07-30T13:30:00Z
7414383,30.07.2022 20:45,28.11.2022 13:38,Lampang,department of highways,4-wheel pickup truck,speeding,rollover/fallen on straight road,1,0,0,clear,18.2236217,99.49052452,other,other,2022-07-30T13:45:00Z
7567551,30.07.2022 21:00,23.01.2023 18:00,Chumphon,department of highways,4-wheel pickup truck,speeding,rear-end collision,3,0,0,clear,10.77453978,99.19290392,straight road,no slope,2022-07-30T14:00:00Z
6633994,30.07.2022 21:09,31.07.2022 17:19,Lamphun,department of highways,4-wheel pickup truck,speeding,rear-end collision,2,0,1,clear,18.48707016,98.95657717,straight road,no slope,2022-07-30T14:09:00Z
7532595,30.07.2022 21:40,1.01.2023 12:18,Chiang Rai,department of highways,private/passenger car,speeding,rollover/fallen on straight road,1,0,1,rainy,19.65810982,99.52269493,straight road,no slope,2022-07-30T14:40:00Z
7414678,30.07.2022 21:50,29.11.2022 09:41,Bangkok,department of highways,private/passenger car,speeding,rollover/fallen on straight road,1,0,0,clear,13.62500099,100.4742166,straight road,no slope,2022-07-30T14:50:00Z
6637658,30.07.2022 22:40,1.08.2022 09:04,Samut Prakan,expressway authority of thailand,large truck with trailer,other,rear-end collision,2,0,1,clear,13.629677,100.529392,straight road,other,2022-07-30T15:40:00Z
6630095,30.07.2022 23:31,31.07.2022 01:13,Bangkok,expressway authority of thailand,4-wheel pickup truck,other,side collision,2,0,0,clear,13.7632982,100.5434249,wide curve,other,2022-07-30T16:31:00Z
6634213,31.07.2022 00:00,31.07.2022 18:17,Chon Buri,department of highways,private/passenger car,speeding,rear-end collision,2,0,0,clear,13.17683153,100.9941387,straight road,no slope,2022-07-30T17:00:00Z
6636793,31.07.2022 00:20,1.08.2022 05:16,Phrae,department of highways,4-wheel pickup truck,speeding,rollover/fallen on straight road,1,0,1,clear,18.14517888,100.1485428,straight road,no slope,2022-07-30T17:20:00Z
6636790,31.07.2022 00:40,1.08.2022 05:15,Phrae,department of highways,motorcycle,speeding,collision with obstruction (on road surface),2,0,0,clear,18.11995645,100.1693272,straight road,no slope,2022-07-30T17:40:00Z
7088167,31.07.2022 01:10,11.10.2022 14:41,Kanchanaburi,department of highways,private/passenger car,speeding,rollover/fallen on straight road,1,0,1,clear,13.98026298,99.61927591,straight road,no slope,2022-07-30T18:10:00Z
6650707,31.07.2022 01:30,3.08.2022 10:37,Ubon Ratchathani,department of highways,4-wheel pickup truck,speeding,rollover/fallen on curved road,1,0,1,clear,15.85198643,105.1765179,wide curve,no slope,2022-07-30T18:30:00Z
7446602,31.07.2022 03:00,9.12.2022 09:33,Mae Hong Son,department of highways,4-wheel pickup truck,speeding,rollover/fallen on curved road,1,0,1,rainy,18.16239534,98.05099367,wide curve,no slope,2022-07-30T20:00:00Z
6645198,31.07.2022 03:10,2.08.2022 14:28,Suphan Buri,department of highways,4-wheel pickup truck,speeding,pedestrian collision,1,1,0,clear,14.84583486,99.76700662,straight road,no slope,2022-07-30T20:10:00Z
7566744,31.07.2022 03:20,22.01.2023 07:59,Chachoengsao,department of highways,motorcycle,speeding,rollover/fallen on straight road,1,0,0,clear,13.76193947,101.5134626,other,other,2022-07-30T20:20:00Z
6637056,31.07.2022 03:30,1.08.2022 06:30,Maha Sarakham,department of highways,private/passenger car,speeding,rollover/fallen on straight road,1,0,1,rainy,16.06709649,103.1451523,straight road,no slope,2022-07-30T20:30:00Z
6631993,31.07.2022 03:55,31.07.2022 09:04,Bangkok,department of highways,4-wheel pickup truck,speeding,collision with obstruction (on road surface),1,0,0,clear,13.73329604,100.7032344,other,other,2022-07-30T20:55:00Z
7554421,31.07.2022 04:00,9.01.2023 11:23,Phayao,department of highways,motorcycle,speeding,other,1,0,0,clear,19.16067721,99.97083841,wide curve,no slope,2022-07-30T21:00:00Z
6634089,31.07.2022 04:20,31.07.2022 17:42,Chachoengsao,department of highways,4-wheel pickup truck,speeding,rear-end collision,2,1,0,clear,13.69841846,101.4283079,straight road,no slope,2022-07-30T21:20:00Z
6658402,31.07.2022 04:45,31.07.2022 10:07,Chiang Mai,department of rural roads,4-wheel pickup truck,speeding,other,1,0,1,rainy,18.71053,98.924129,wide curve,no slope,2022-07-30T21:45:00Z
7446751,31.07.2022 05:00,9.12.2022 09:49,Chiang Mai,department of highways,private/passenger car,speeding,rollover/fallen on straight road,1,0,0,clear,18.73757193,99.04117404,wide curve,no slope,2022-07-30T22:00:00Z
6632154,31.07.2022 05:03,31.07.2022 09:49,Bangkok,department of highways,private/passenger car,speeding,rear-end collision,2,0,1,clear,13.7726284,100.6901559,straight road,no slope,2022-07-30T22:03:00Z
6639202,31.07.2022 06:00,1.08.2022 14:19,Nakhon Si Thammarat,department of highways,private/passenger car,speeding,rollover/fallen on curved road,1,0,1,clear,9.052654996,99.90276931,wide curve,no slope,2022-07-30T23:00:00Z
6634087,31.07.2022 06:30,31.07.2022 17:40,Trat,department of highways,private/passenger car,speeding,rollover/fallen on straight road,1,0,0,clear,12.29499271,102.480171,straight road,no slope,2022-07-30T23:30:00Z
6636950,31.07.2022 07:30,1.08.2022 05:54,Nakhon Si Thammarat,department of highways,large truck with trailer,vehicle equipment failure,rollover/fallen on straight road,1,0,0,clear,8.365773133,99.49638783,straight road,no slope,2022-07-31T00:30:00Z
6637696,31.07.2022 07:54,1.08.2022 09:06,Chon Buri,department of highways,private/passenger car,cutting in closely by people/vehicles/animals,rear-end collision,2,0,2,clear,13.10413238,100.9164083,straight road,no slope,2022-07-31T00:54:00Z
6636769,31.07.2022 08:00,1.08.2022 05:14,Uttaradit,department of highways,6-wheel truck,vehicle equipment failure,rollover/fallen on straight road,1,0,1,clear,17.27891167,100.2366614,straight road,no slope,2022-07-31T01:00:00Z
6636766,31.07.2022 08:20,1.08.2022 05:13,Uttaradit,department of highways,large truck with trailer,falling asleep,rollover/fallen on straight road,1,0,1,clear,17.24558026,100.2462986,straight road,no slope,2022-07-31T01:20:00Z
7419007,31.07.2022 08:30,30.11.2022 11:32,Roi Et,department of highways,4-wheel pickup truck,speeding,rollover/fallen on curved road,1,0,0,rainy,15.63779104,103.7264299,wide curve,slope area,2022-07-31T01:30:00Z
7557946,31.07.2022 08:30,12.01.2023 11:45,Nakhon Ratchasima,department of highways,other,speeding,rollover/fallen on straight road,1,0,0,clear,14.64094816,101.2756003,straight road,no slope,2022-07-31T01:30:00Z
6869468,31.07.2022 09:30,9.09.2022 10:22,Tak,department of highways,4-wheel pickup truck,speeding,rear-end collision,2,0,6,clear,16.49021034,98.76859991,wide curve,no slope,2022-07-31T02:30:00Z
6637035,31.07.2022 10:30,1.08.2022 06:28,Loei,department of highways,private/passenger car,speeding,rollover/fallen on straight road,1,0,1,clear,17.2964215,101.7776844,straight road,no slope,2022-07-31T03:30:00Z
6633051,31.07.2022 11:22,31.07.2022 13:32,Samut Prakan,department of highways,private/passenger car,speeding,rear-end collision,3,0,0,clear,13.66546435,100.8509409,straight road,no slope,2022-07-31T04:22:00Z
6637846,31.07.2022 11:55,1.08.2022 09:41,Kalasin,department of highways,4-wheel pickup truck,speeding,rollover/fallen on curved road,1,0,0,rainy,16.81011797,103.8869521,sharp curve,no slope,2022-07-31T04:55:00Z
6637033,31.07.2022 12:10,1.08.2022 06:27,Kamphaeng Phet,department of highways,private/passenger car,speeding,rear-end collision,4,0,0,clear,16.4480577,99.50147866,straight road,no slope,2022-07-31T05:10:00Z
7444813,31.07.2022 12:30,8.12.2022 15:28,Samut Sakhon,department of highways,6-wheel truck,speeding,rear-end collision,2,1,0,clear,13.52359064,100.1817566,straight road,no slope,2022-07-31T05:30:00Z
6633087,31.07.2022 12:56,31.07.2022 13:44,Samut Prakan,department of highways,private/passenger car,speeding,rear-end collision,2,0,0,rainy,13.65266456,100.8708268,straight road,no slope,2022-07-31T05:56:00Z
7414869,31.07.2022 13:45,25.11.2022 14:40,Nakhon Nayok,department of highways,4-wheel pickup truck,speeding,rear-end collision,2,0,1,clear,14.13366253,101.281929,other,other,2022-07-31T06:45:00Z
6633631,31.07.2022 14:00,31.07.2022 15:42,Samut Prakan,department of highways,4-wheel pickup truck,speeding,rollover/fallen on straight road,1,0,0,clear,13.51994224,100.6626552,straight road,no slope,2022-07-31T07:00:00Z
6634071,31.07.2022 14:00,31.07.2022 17:35,Pathum Thani,department of highways,motorcycle,speeding,rear-end collision,2,0,0,clear,13.95580095,100.489347,straight road,no slope,2022-07-31T07:00:00Z
6723559,31.07.2022 14:15,15.08.2022 10:57,Roi Et,department of highways,private/passenger car,vehicle equipment failure,rollover/fallen on straight road,1,0,0,clear,15.64636618,103.9123338,straight road,no slope,2022-07-31T07:15:00Z
6637054,31.07.2022 14:45,1.08.2022 06:30,Maha Sarakham,department of highways,private/passenger car,speeding,rear-end collision,3,0,0,clear,16.04524893,103.1243786,straight road,no slope,2022-07-31T07:45:00Z
6637036,31.07.2022 14:50,1.08.2022 06:29,Kalasin,department of highways,private/passenger car,speeding,rollover/fallen on straight road,1,0,1,clear,16.58783242,103.2366988,straight road,no slope,2022-07-31T07:50:00Z
6634045,31.07.2022 15:20,31.07.2022 17:31,Phra Nakhon Si Ayutthaya,department of highways,4-wheel pickup truck,speeding,rollover/fallen on straight road,1,0,0,clear,14.1388723,100.569368,straight road,no slope,2022-07-31T08:20:00Z
6634011,31.07.2022 15:30,31.07.2022 17:20,Kanchanaburi,department of highways,private/passenger car,debris/obstruction on the road,collision with obstruction (on road surface),1,0,0,rainy,14.52842376,98.81841122,straight road,no slope,2022-07-31T08:30:00Z
7568203,31.07.2022 15:30,24.01.2023 10:46,Mukdahan,department of highways,motorcycle,speeding,rollover/fallen on straight road,1,1,0,clear,16.41033943,104.3424636,straight road,no slope,2022-07-31T08:30:00Z
6857527,31.07.2022 15:40,7.09.2022 10:51,Songkhla,department of highways,van,falling asleep,rollover/fallen on straight road,4,0,2,clear,6.842863363,100.9991598,straight road,no slope,2022-07-31T08:40:00Z
6658404,31.07.2022 16:30,1.08.2022 16:39,Uthai Thani,department of rural roads,motorcycle,slippery road,other,1,0,2,rainy,15.251316,99.616946,wide curve,no slope,2022-07-31T09:30:00Z
6636957,31.07.2022 16:48,1.08.2022 05:57,Samut Prakan,department of highways,private/passenger car,speeding,rear-end collision,5,0,0,clear,13.65856803,100.8616483,straight road,no slope,2022-07-31T09:48:00Z
7568130,31.07.2022 17:00,24.01.2023 09:55,Yasothon,department of highways,motorcycle,cutting in closely by people/vehicles/animals,rear-end collision,2,0,1,clear,16.25487172,104.517416,straight road,no slope,2022-07-31T10:00:00Z
7569562,31.07.2022 17:53,25.01.2023 14:14,Prachin Buri,department of highways,4-wheel pickup truck,speeding,rear-end collision,3,0,0,clear,14.32064773,101.8357462,straight road,slope area,2022-07-31T10:53:00Z
7554381,31.07.2022 18:20,9.01.2023 10:53,Chiang Mai,department of highways,motorcycle,speeding,rear-end collision,2,0,0,clear,18.84107011,99.01316641,straight road,no slope,2022-07-31T11:20:00Z
7422094,31.07.2022 18:45,1.12.2022 09:50,Chiang Mai,department of highways,private/passenger car,speeding,rear-end collision,2,0,0,clear,18.83404342,99.01269435,straight road,no slope,2022-07-31T11:45:00Z
6636955,31.07.2022 18:54,1.08.2022 05:55,Pathum Thani,department of highways,4-wheel pickup truck,speeding,rear-end collision,2,0,0,rainy,13.95672503,100.7128715,straight road,no slope,2022-07-31T11:54:00Z
7414673,31.07.2022 19:00,29.11.2022 09:39,Nonthaburi,department of highways,large passenger vehicle,speeding,rollover/fallen on curved road,1,0,11,rainy,13.86521057,100.4106134,wide curve,no slope,2022-07-31T12:00:00Z
6869467,31.07.2022 19:30,9.09.2022 10:20,Tak,department of highways,4-wheel pickup truck,speeding,rollover/fallen on straight road,1,0,1,clear,16.5007805,98.72220038,straight road,no slope,2022-07-31T12:30:00Z
7568182,31.07.2022 19:40,24.01.2023 10:38,Mukdahan,department of highways,4-wheel pickup truck,speeding,head-on collision (not overtaking),2,1,1,rainy,16.49909857,104.749808,straight road,slope area,2022-07-31T12:40:00Z
6636949,31.07.2022 19:45,1.08.2022 05:53,Nakhon Si Thammarat,department of highways,4-wheel pickup truck,falling asleep,rollover/fallen on straight road,1,0,2,clear,7.900522181,99.92785333,straight road,no slope,2022-07-31T12:45:00Z
7568178,31.07.2022 19:45,24.01.2023 10:31,Nakhon Phanom,department of highways,motorcycle,speeding,rear-end collision,2,1,1,clear,17.10275047,104.6016347,straight road,no slope,2022-07-31T12:45:00Z
6638147,31.07.2022 20:00,1.08.2022 10:49,Samut Sakhon,department of highways,4-wheel pickup truck,other,other,3,2,2,clear,13.53702325,100.221582,straight road,no slope,2022-07-31T13:00:00Z
7414868,31.07.2022 20:00,25.11.2022 14:38,Saraburi,department of highways,4-wheel pickup truck,speeding,rollover/fallen on straight road,1,0,0,rainy,14.4071498,100.8736458,straight road,no slope,2022-07-31T13:00:00Z
6636948,31.07.2022 20:15,1.08.2022 05:52,Nakhon Si Thammarat,department of highways,4-wheel pickup truck,falling asleep,rollover/fallen on straight road,1,0,1,clear,8.042230014,99.89397703,straight road,no slope,2022-07-31T13:15:00Z
7569612,31.07.2022 20:30,25.01.2023 14:50,Nakhon Ratchasima,department of highways,private/passenger car,speeding,rear-end collision,5,0,3,clear,14.64065491,101.2746119,straight road,no slope,2022-07-31T13:30:00Z
6638202,31.07.2022 20:32,1.08.2022 10:59,Bangkok,expressway authority of thailand,other,other,rear-end collision,6,0,0,rainy,13.81731452,100.5502151,wide curve,other,2022-07-31T13:32:00Z
6637076,31.07.2022 20:35,1.08.2022 06:39,Nakhon Ratchasima,department of highways,private/passenger car,speeding,rear-end collision,2,0,0,rainy,14.64105456,101.2764439,straight road,no slope,2022-07-31T13:35:00Z
7380628,31.07.2022 21:05,24.11.2022 15:19,Maha Sarakham,department of highways,4-wheel pickup truck,speeding,rollover/fallen on straight road,1,0,0,rainy,16.30364628,102.8989443,straight road,no slope,2022-07-31T14:05:00Z
7509666,31.07.2022 21:30,27.12.2022 08:35,Pathum Thani,department of highways,4-wheel pickup truck,speeding,pedestrian collision,1,1,0,clear,13.98669431,100.6159231,straight road,no slope,2022-07-31T14:30:00Z
7567226,31.07.2022 21:30,23.01.2023 12:14,Chon Buri,department of highways,4-wheel pickup truck,speeding,rollover/fallen on straight road,1,0,0,rainy,13.45088599,101.0011178,straight road,no slope,2022-07-31T14:30:00Z
7569633,31.07.2022 21:30,25.01.2023 14:57,Nakhon Ratchasima,department of highways,4-wheel pickup truck,speeding,rear-end collision,4,0,0,clear,14.65760817,101.3727003,straight road,no slope,2022-07-31T14:30:00Z
7088122,31.07.2022 22:00,11.10.2022 13:53,Sing Buri,department of highways,4-wheel pickup truck,vehicle equipment failure,rollover/fallen on straight road,1,0,0,rainy,14.89374474,100.4084462,straight road,no slope,2022-07-31T15:00:00Z
7139538,31.07.2022 22:30,20.10.2022 11:11,Pathum Thani,department of highways,private/passenger car,speeding,rollover/fallen on curved road,1,0,1,clear,13.93397867,100.7105729,other,other,2022-07-31T15:30:00Z
7415174,31.07.2022 23:00,29.11.2022 14:49,Bangkok,department of highways,4-wheel pickup truck,speeding,rear-end collision,4,0,0,rainy,13.69360789,100.4075798,straight road,no slope,2022-07-31T16:00:00Z
6637664,31.07.2022 23:13,1.08.2022 09:01,Chon Buri,department of highways,private/passenger car,debris/obstruction on the road,collision with obstruction (on road surface),2,0,0,clear,13.08598624,100.9915262,straight road,no slope,2022-07-31T16:13:00Z
7088124,31.07.2022 23:30,11.10.2022 13:54,Sing Buri,department of highways,4-wheel pickup truck,speeding,rollover/fallen on straight road,1,0,0,rainy,14.82802765,100.4471263,straight road,no slope,2022-07-31T16:30:00Z
7554530,31.07.2022 23:30,9.01.2023 13:15,Mukdahan,department of highways,private/passenger car,speeding,rollover/fallen on curved road,1,0,1,rainy,16.48150945,104.3540481,wide curve,no slope,2022-07-31T16:30:00Z
6735010,1.08.2022 00:25,17.08.2022 11:39,Saraburi,department of highways,other,speeding,rollover/fallen on straight road,1,0,0,clear,14.61017833,100.7399323,straight road,no slope,2022-07-31T17:25:00Z
7074035,1.08.2022 00:25,10.10.2022 13:38,Phra Nakhon Si Ayutthaya,department of highways,4-wheel pickup truck,speeding,rollover/fallen on straight road,1,0,0,rainy,14.51367809,100.5153322,straight road,no slope,2022-07-31T17:25:00Z
7569663,1.08.2022 01:02,25.01.2023 15:14,Prachin Buri,department of highways,private/passenger car,speeding,rollover/fallen on curved road,1,0,0,clear,14.30414694,101.8682894,wide curve,slope area,2022-07-31T18:02:00Z
7561615,1.08.2022 01:10,17.01.2023 11:11,Bangkok,department of highways,7-10-wheel truck,speeding,collision with obstruction (on road surface),1,0,0,rainy,13.68264563,100.4065834,straight road,no slope,2022-07-31T18:10:00Z
6805150,1.08.2022 01:20,29.08.2022 09:42,Lampang,department of highways,4-wheel pickup truck,speeding,rollover/fallen on straight road,1,0,0,clear,18.25118794,99.52030508,straight road,no slope,2022-07-31T18:20:00Z
7565526,1.08.2022 02:00,20.01.2023 11:44,Chachoengsao,department of highways,4-wheel pickup truck,speeding,rollover/fallen on straight road,1,0,0,clear,13.60967945,101.0244919,straight road,no slope,2022-07-31T19:00:00Z
6747317,1.08.2022 02:09,19.08.2022 14:32,Trat,department of highways,motorcycle,speeding,rollover/fallen on straight road,1,1,0,clear,12.19045886,102.4607706,straight road,no slope,2022-07-31T19:09:00Z
6956062,1.08.2022 02:20,22.09.2022 08:28,Pattani,department of highways,4-wheel pickup truck,speeding,rollover/fallen on straight road,1,0,3,clear,6.706895404,101.5291723,straight road,no slope,2022-07-31T19:20:00Z
7139403,1.08.2022 02:45,20.10.2022 10:40,Surat Thani,department of highways,private/passenger car,speeding,rollover/fallen on straight road,1,0,2,clear,9.080686151,99.34797315,straight road,no slope,2022-07-31T19:45:00Z