acc_code,incident_datetime,report_datetime,province_en,agency,vehicle_type,presumed_cause,accident_type,number_of_vehicles_involved,number_of_fatalities,number_of_injuries,weather_condition,latitude,longitude,road_description,slope_description,incident_time
6911254,1.08.2022 04:15,15.09.2022 15:13,Ubon Ratchathani,department of highways,private/passenger car,falling asleep,rollover/fallen on curved road,1,0,2,foggy,15.81932096,105.2669594,wide curve,no slope,2022-07-31T21:15:00Z
6805390,1.08.2022 05:00,29.08.2022 10:27,Lamphun,department of highways,motorcycle,speeding,rear-end collision,2,0,1,clear,18.58373755,99.04223351,straight road,no slope,2022-07-31T22:00:00Z
6804917,1.08.2022 05:10,29.08.2022 08:56,Chiang Mai,department of highways,private/passenger car,falling asleep,rollover/fallen on straight road,1,0,0,clear,18.75318745,99.05784129,other,other,2022-07-31T22:10:00Z
6765068,1.08.2022 05:20,22.08.2022 10:39,Chumphon,department of highways,4-wheel pickup truck,running red lights/traffic signals,collision with obstruction (on road surface),2,0,0,clear,10.33100273,99.09480213,straight road,no slope,2022-07-31T22:20:00Z
7561325,1.08.2022 06:00,17.01.2023 08:42,Bangkok,department of highways,motorcycle,using mobile phone while driving,collision with obstruction (on road surface),2,0,1,clear,13.78256971,100.4151599,straight road,no slope,2022-07-31T23:00:00Z
7570855,1.08.2022 06:45,26.01.2023 09:07,Ranong,department of highways,4-wheel pickup truck,speeding,rollover/fallen on straight road,1,0,1,rainy,10.02030975,98.65596591,straight road,no slope,2022-07-31T23:45:00Z
6765176,1.08.2022 07:00,22.08.2022 10:57,Prachuap Khiri Khan,department of highways,4-wheel pickup truck,speeding,rollover/fallen on straight road,1,0,1,rainy,11.95292954,99.82787131,straight road,no slope,2022-08-01T00:00:00Z
7433998,1.08.2022 07:15,6.12.2022 10:56,Prachuap Khiri Khan,department of highways,4-wheel pickup truck,cutting in closely by people/vehicles/animals,other,2,0,3,clear,12.1834404,99.84893738,connecting to school area,other,2022-08-01T00:15:00Z
6734917,1.08.2022 07:35,17.08.2022 11:15,Nakhon Sawan,department of highways,4-wheel pickup truck,speeding,rear-end collision,2,0,0,clear,15.4579846,100.1456165,straight road,no slope,2022-08-01T00:35:00Z
6806522,1.08.2022 09:00,29.08.2022 14:45,Narathiwat,department of highways,4-wheel pickup truck,speeding,rollover/fallen on straight road,1,1,6,clear,6.346187773,101.8548864,straight road,no slope,2022-08-01T02:00:00Z
6734746,1.08.2022 10:00,17.08.2022 10:35,Sing Buri,department of highways,other,speeding,rollover/fallen on straight road,1,0,0,clear,14.80716687,100.2634621,other,other,2022-08-01T03:00:00Z
6735744,1.08.2022 10:00,17.08.2022 14:49,Suphan Buri,department of highways,motorcycle,cutting in closely by people/vehicles/animals,rear-end collision,2,0,1,clear,14.61697319,100.0042534,straight road,no slope,2022-08-01T03:00:00Z
6845560,1.08.2022 10:00,5.09.2022 10:55,Loburi,department of highways,other,speeding,rollover/fallen on straight road,1,0,0,clear,14.85877191,100.909338,straight road,no slope,2022-08-01T03:00:00Z
6771771,1.08.2022 10:05,23.08.2022 13:35,Pathum Thani,department of highways,4-wheel pickup truck,speeding,rollover/fallen on straight road,1,0,0,clear,14.12117732,100.6749344,straight road,no slope,2022-08-01T03:05:00Z
6765206,1.08.2022 10:50,22.08.2022 11:02,Prachuap Khiri Khan,department of highways,7-10-wheel truck,speeding,rollover/fallen on curved road,1,0,0,clear,11.16112146,99.39483939,wide curve,no slope,2022-08-01T03:50:00Z
6909524,1.08.2022 11:00,15.09.2022 09:07,Rayong,department of highways,4-wheel pickup truck,speeding,rollover/fallen on straight road,1,0,0,clear,12.78250678,101.1625385,straight road,no slope,2022-08-01T04:00:00Z
6771748,1.08.2022 11:06,23.08.2022 13:33,Bangkok,department of highways,private/passenger car,speeding,rear-end collision,3,0,0,clear,13.73175096,100.7115143,straight road,no slope,2022-08-01T04:06:00Z
7561197,1.08.2022 12:06,17.01.2023 07:04,Bangkok,department of highways,motorcycle,illegal overtaking,rear-end collision,2,0,1,clear,13.78691428,100.3730303,straight road,no slope,2022-08-01T05:06:00Z
6740624,1.08.2022 12:30,18.08.2022 10:26,Sa Kaeo,department of highways,large truck with trailer,falling asleep,rollover/fallen on straight road,1,0,0,clear,14.09216476,102.6962632,straight road,no slope,2022-08-01T05:30:00Z
7446308,1.08.2022 12:30,9.12.2022 09:43,Chiang Mai,department of highways,4-wheel pickup truck,speeding,rollover/fallen on curved road,1,0,2,rainy,19.06639206,99.37543361,wide curve,no slope,2022-08-01T05:30:00Z
6788492,1.08.2022 12:38,26.08.2022 09:28,Bangkok,expressway authority of thailand,other,other,collision with obstruction (on road surface),1,0,0,rainy,13.72534606,100.5525954,straight road,other,2022-08-01T05:38:00Z
6722878,1.08.2022 12:45,15.08.2022 08:33,Tak,department of highways,private/passenger car,falling asleep,rollover/fallen on straight road,1,0,0,clear,16.8255948,99.12589161,straight road,no slope,2022-08-01T05:45:00Z
6741527,1.08.2022 12:50,18.08.2022 14:17,Samut Prakan,department of highways,large truck with trailer,speeding,rollover/fallen on straight road,1,0,0,rainy,13.60539758,100.7750854,straight road,no slope,2022-08-01T05:50:00Z
6765204,1.08.2022 13:00,22.08.2022 11:01,Prachuap Khiri Khan,department of highways,4-wheel pickup truck,speeding,rollover/fallen on straight road,1,0,0,clear,11.24942835,99.4394794,other,other,2022-08-01T06:00:00Z
7413430,1.08.2022 13:00,28.11.2022 14:04,Chaiyaphum,department of highways,private/passenger car,speeding,rollover/fallen on straight road,1,0,0,clear,16.32011629,102.2002275,straight road,no slope,2022-08-01T06:00:00Z
6782923,1.08.2022 13:12,25.08.2022 10:06,Pathum Thani,department of highways,4-wheel pickup truck,speeding,rollover/fallen on straight road,1,0,1,rainy,14.00511539,100.7060909,straight road,no slope,2022-08-01T06:12:00Z
6723049,1.08.2022 13:30,15.08.2022 09:13,Phetchabun,department of highways,4-wheel pickup truck,overloaded vehicle,rollover/fallen on curved road,1,1,0,clear,16.67173595,101.7401549,wide curve,slope area,2022-08-01T06:30:00Z
6747218,1.08.2022 13:30,19.08.2022 14:14,Chachoengsao,department of highways,6-wheel truck,speeding,rollover/fallen on straight road,1,0,0,rainy,13.5599151,100.9950399,other,other,2022-08-01T06:30:00Z
7380467,1.08.2022 13:30,24.11.2022 14:39,Chaiyaphum,department of highways,4-wheel pickup truck,speeding,rollover/fallen on straight road,1,0,0,clear,16.25005128,102.1977974,straight road,no slope,2022-08-01T06:30:00Z
7438887,1.08.2022 14:20,7.12.2022 13:25,Phra Nakhon Si Ayutthaya,department of highways,4-wheel pickup truck,speeding,rear-end collision,2,0,0,clear,14.51604099,100.6493568,wide curve,no slope,2022-08-01T07:20:00Z
6722919,1.08.2022 14:40,15.08.2022 08:44,Sukhothai,department of highways,motorcycle,cutting in closely by people/vehicles/animals,collision at intersection corner,2,0,1,clear,17.49796241,99.75266753,other,other,2022-08-01T07:40:00Z
7140958,1.08.2022 15:00,20.10.2022 15:51,Yala,department of highways,other,other,rollover/fallen on straight road,1,0,0,clear,6.616108182,101.2380481,straight road,slope area,2022-08-01T08:00:00Z
7140980,1.08.2022 15:00,20.10.2022 15:55,Yala,department of highways,other,other,rollover/fallen on straight road,1,0,0,clear,6.581803531,101.2611419,wide curve,no slope,2022-08-01T08:00:00Z
7421455,1.08.2022 15:00,1.12.2022 14:52,Nakhon Ratchasima,department of rural roads,large truck with trailer,speeding,other,1,0,1,clear,15.082584,101.520462,wide curve,slope area,2022-08-01T08:00:00Z
6771774,1.08.2022 15:25,23.08.2022 13:36,Samut Prakan,department of highways,4-wheel pickup truck,speeding,rollover/fallen on curved road,1,0,0,rainy,13.6494013,100.6873584,wide curve,no slope,2022-08-01T08:25:00Z
6771713,1.08.2022 15:53,23.08.2022 13:22,Phra Nakhon Si Ayutthaya,department of highways,4-wheel pickup truck,speeding,rollover/fallen on curved road,1,0,0,clear,14.18943706,100.6339851,wide curve,slope area,2022-08-01T08:53:00Z
7532405,1.08.2022 16:30,1.01.2023 11:25,Bangkok,department of highways,motorcycle,speeding,rear-end collision,2,0,0,clear,13.76746126,100.5499632,straight road,no slope,2022-08-01T09:30:00Z
7088111,1.08.2022 16:40,11.10.2022 13:40,Nakhon Sawan,department of highways,private/passenger car,speeding,rollover/fallen on straight road,3,0,0,rainy,15.45428775,100.1463327,other,other,2022-08-01T09:40:00Z
6722918,1.08.2022 18:14,15.08.2022 08:43,Sukhothai,department of highways,4-wheel pickup truck,speeding,rear-end collision,2,0,1,clear,17.31638277,99.81536685,straight road,no slope,2022-08-01T11:14:00Z
7559129,1.08.2022 18:30,13.01.2023 10:17,Prachin Buri,department of highways,4-wheel pickup truck,speeding,rollover/fallen on straight road,1,0,1,clear,13.76544866,101.6415033,straight road,no slope,2022-08-01T11:30:00Z
6729064,1.08.2022 20:17,16.08.2022 10:47,Samut Prakan,department of rural roads,private/passenger car,debris/obstruction on the road,other,2,0,0,clear,13.646581,100.542102,y-intersection,other,2022-08-01T13:17:00Z
6764903,1.08.2022 21:50,22.08.2022 10:05,Chumphon,department of highways,7-10-wheel truck,speeding,rollover/fallen on straight road,1,0,0,clear,10.6823482,99.20322238,other,other,2022-08-01T14:50:00Z
6771731,1.08.2022 22:52,23.08.2022 13:25,Bangkok,department of highways,private/passenger car,speeding,rollover/fallen on curved road,1,0,0,rainy,13.84733564,100.6725043,wide curve,no slope,2022-08-01T15:52:00Z
7331797,1.08.2022 23:00,18.08.2022 14:19,Pathum Thani,department of highways,4-wheel pickup truck,speeding,rollover/fallen on straight road,1,1,0,clear,14.02771159,100.5564558,straight road,no slope,2022-08-01T16:00:00Z
7561358,1.08.2022 23:45,17.01.2023 08:57,Bangkok,department of highways,private/passenger car,speeding,rear-end collision,4,0,0,clear,13.7812029,100.4287907,straight road,no slope,2022-08-01T16:45:00Z
6770737,1.08.2022 23:50,23.08.2022 09:20,Surat Thani,department of highways,large truck with trailer,speeding,rollover/fallen on straight road,1,0,1,clear,8.756106923,99.33139442,straight road,no slope,2022-08-01T16:50:00Z
6808223,2.08.2022 00:30,30.08.2022 09:14,Songkhla,department of highways,4-wheel pickup truck,speeding,rollover/fallen on straight road,1,0,1,clear,7.045157293,100.4682246,straight road,no slope,2022-08-01T17:30:00Z
6735742,2.08.2022 00:50,17.08.2022 14:46,Chai Nat,department of highways,7-10-wheel truck,falling asleep,rollover/fallen on straight road,1,0,0,clear,15.22731803,100.1100102,straight road,no slope,2022-08-01T17:50:00Z
6658407,2.08.2022 01:00,3.08.2022 16:36,buogkan,department of rural roads,4-wheel pickup truck,speeding,other,1,0,0,rainy,18.219843,103.761537,straight road,no slope,2022-08-01T18:00:00Z
6808126,2.08.2022 01:00,30.08.2022 08:52,Songkhla,department of highways,other,speeding,rollover/fallen on straight road,1,0,0,clear,6.962602661,100.5252913,straight road,no slope,2022-08-01T18:00:00Z
7561759,2.08.2022 01:35,17.01.2023 14:17,Nakhon Nayok,department of highways,private/passenger car,falling asleep,rollover/fallen on straight road,1,0,0,rainy,14.205421,101.2110624,other,other,2022-08-01T18:35:00Z
7526919,2.08.2022 01:40,31.12.2022 09:05,Phuket,department of highways,private/passenger car,speeding,rollover/fallen on straight road,1,0,0,rainy,7.904411645,98.38882057,straight road,no slope,2022-08-01T18:40:00Z
7561338,2.08.2022 01:45,17.01.2023 08:47,Bangkok,department of highways,private/passenger car,speeding,rear-end collision,2,0,0,clear,13.78216154,100.4184321,straight road,no slope,2022-08-01T18:45:00Z
7434492,2.08.2022 02:00,6.12.2022 11:28,Nakhon Sawan,department of highways,large truck with trailer,falling asleep,rear-end collision,2,0,0,clear,15.39443365,100.1474056,other,other,2022-08-01T19:00:00Z
7554693,2.08.2022 02:00,9.01.2023 14:08,Phrae,department of highways,large truck with trailer,speeding,rollover/fallen on curved road,1,0,0,rainy,18.54534112,100.116595,wide curve,slope area,2022-08-01T19:00:00Z
7559324,2.08.2022 02:00,13.01.2023 12:59,Buri Ram,department of highways,4-wheel pickup truck,worn-out/tire blowout,rollover/fallen on straight road,1,0,0,clear,15.08911287,103.1706413,other,other,2022-08-01T19:00:00Z
6682127,2.08.2022 02:10,8.08.2022 16:52,Chiang Mai,department of highways,4-wheel pickup truck,speeding,collision with obstruction (on road surface),1,0,0,clear,18.83355093,99.03728216,straight road,no slope,2022-08-01T19:10:00Z
6734329,2.08.2022 02:50,17.08.2022 09:10,Loburi,department of highways,private/passenger car,speeding,rollover/fallen on straight road,1,0,0,clear,14.84997791,100.944829,other,other,2022-08-01T19:50:00Z
6788763,2.08.2022 02:50,26.08.2022 10:33,Bangkok,expressway authority of thailand,other,other,collision with obstruction (on road surface),1,0,1,rainy,13.832861,100.630516,straight road,other,2022-08-01T19:50:00Z
6771732,2.08.2022 03:03,23.08.2022 13:27,Pathum Thani,department of highways,4-wheel pickup truck,speeding,rollover/fallen on straight road,1,0,1,rainy,14.00507375,100.7061338,straight road,no slope,2022-08-01T20:03:00Z
7331800,2.08.2022 03:15,15.08.2022 08:39,Tak,department of highways,large truck with trailer,falling asleep,rear-end collision,2,0,0,clear,16.91698443,99.37590031,other,other,2022-08-01T20:15:00Z
6746234,2.08.2022 04:20,19.08.2022 10:08,Chanthaburi,department of highways,4-wheel pickup truck,speeding,rollover/fallen on curved road,1,0,0,rainy,12.78067052,102.0938766,wide curve,slope area,2022-08-01T21:20:00Z
6746327,2.08.2022 04:30,19.08.2022 10:24,Chanthaburi,department of highways,van,cutting in closely by people/vehicles/animals,rear-end collision,2,0,0,rainy,12.6490482,102.1294212,other,other,2022-08-01T21:30:00Z
6771694,2.08.2022 06:00,23.08.2022 13:19,Bangkok,department of highways,private/passenger car,speeding,rear-end collision,3,0,0,clear,13.8566639,100.6754494,straight road,no slope,2022-08-01T23:00:00Z
6805454,2.08.2022 06:00,29.08.2022 10:36,Lamphun,department of highways,private/passenger car,speeding,rollover/fallen on straight road,1,0,0,clear,18.48470442,99.12961452,straight road,no slope,2022-08-01T23:00:00Z
6765208,2.08.2022 06:30,22.08.2022 11:04,Prachuap Khiri Khan,department of highways,4-wheel pickup truck,vehicle equipment failure,rollover/fallen on straight road,1,0,0,clear,11.25566824,99.43888126,straight road,no slope,2022-08-01T23:30:00Z
6808330,2.08.2022 06:30,30.08.2022 09:39,Songkhla,department of highways,private/passenger car,speeding,rollover/fallen on curved road,1,0,1,clear,6.628470596,100.6950027,wide curve,no slope,2022-08-01T23:30:00Z
6815350,2.08.2022 06:45,31.08.2022 15:02,Phrae,department of highways,4-wheel pickup truck,speeding,rollover/fallen on straight road,1,0,0,clear,18.36237137,100.3668505,wide curve,no slope,2022-08-01T23:45:00Z
6909500,2.08.2022 07:30,15.09.2022 09:02,Rayong,department of highways,4-wheel pickup truck,speeding,rear-end collision,2,0,0,rainy,12.78485831,101.160213,straight road,no slope,2022-08-02T00:30:00Z
7569575,2.08.2022 07:50,25.01.2023 14:21,Nakhon Ratchasima,department of highways,6-wheel truck,speeding,rollover/fallen on straight road,1,0,0,clear,14.61418442,101.4049445,straight road,no slope,2022-08-02T00:50:00Z
6765037,2.08.2022 07:54,22.08.2022 10:31,Rayong,department of highways,4-wheel pickup truck,speeding,rollover/fallen on straight road,1,0,0,rainy,12.7779135,101.1671331,straight road,no slope,2022-08-02T00:54:00Z
6701371,2.08.2022 08:00,11.08.2022 10:29,Chiang Mai,department of highways,other,speeding,rollover/fallen on straight road,1,0,0,clear,17.98003167,98.81729005,straight road,no slope,2022-08-02T01:00:00Z
6747337,2.08.2022 08:00,19.08.2022 14:36,Rayong,department of highways,van,speeding,rollover/fallen on straight road,1,0,1,rainy,12.69415797,101.2895062,straight road,no slope,2022-08-02T01:00:00Z
6909553,2.08.2022 08:00,15.09.2022 09:13,Rayong,department of highways,private/passenger car,speeding,rollover/fallen on straight road,1,0,0,rainy,12.77798674,101.1670875,straight road,no slope,2022-08-02T01:00:00Z
7532351,2.08.2022 08:00,1.01.2023 11:12,Bangkok,department of highways,private/passenger car,speeding,rear-end collision,2,0,0,clear,13.77144811,100.5520933,straight road,no slope,2022-08-02T01:00:00Z
7331802,2.08.2022 08:15,9.09.2022 09:13,Samut Songkhram,department of highways,motorcycle,running red lights/traffic signals,collision with obstruction (on road surface),2,1,1,clear,13.39880415,100.0063133,other,other,2022-08-02T01:15:00Z
6869604,2.08.2022 08:30,9.09.2022 10:47,Phetchabun,department of highways,6-wheel truck,speeding,rollover/fallen on curved road,1,0,0,clear,16.69183064,101.6689932,wide curve,slope area,2022-08-02T01:30:00Z
6805553,2.08.2022 08:40,29.08.2022 10:52,Lamphun,department of highways,4-wheel pickup truck,speeding,rollover/fallen on curved road,1,0,0,clear,18.45464899,99.19546811,wide curve,slope area,2022-08-02T01:40:00Z
6771775,2.08.2022 09:16,23.08.2022 13:38,Bangkok,department of highways,6-wheel truck,speeding,rollover/fallen on curved road,1,0,0,rainy,13.74260802,100.6424233,wide curve,no slope,2022-08-02T02:16:00Z
6736031,2.08.2022 10:45,17.08.2022 15:35,Bangkok,department of highways,large truck with trailer,speeding,rear-end collision,2,0,0,clear,13.72983588,100.7281494,straight road,no slope,2022-08-02T03:45:00Z
6735920,2.08.2022 11:00,17.08.2022 15:20,Uthai Thani,department of highways,other,speeding,rollover/fallen on curved road,1,0,0,clear,15.05870724,99.45382117,sharp curve,slope area,2022-08-02T04:00:00Z
7542585,2.08.2022 11:00,3.01.2023 13:59,Chiang Mai,department of highways,other,speeding,rollover/fallen on straight road,1,0,0,clear,18.52478031,98.85223387,straight road,no slope,2022-08-02T04:00:00Z
6808356,2.08.2022 11:30,30.08.2022 09:40,Songkhla,department of highways,4-wheel pickup truck,speeding,rear-end collision,2,0,0,clear,6.617248521,100.4204061,straight road,no slope,2022-08-02T04:30:00Z
7562323,2.08.2022 14:10,18.01.2023 07:30,Nakhon Si Thammarat,department of highways,4-wheel pickup truck,speeding,rollover/fallen on straight road,1,0,0,clear,8.186999868,99.61169331,other,other,2022-08-02T07:10:00Z
6896067,2.08.2022 14:40,13.09.2022 10:41,Chon Buri,department of highways,private/passenger car,falling asleep,rollover/fallen on straight road,1,0,0,clear,13.08886264,101.3955152,straight road,no slope,2022-08-02T07:40:00Z
6707298,2.08.2022 14:45,12.08.2022 10:03,Chon Buri,department of highways,private/passenger car,vehicle equipment failure,rollover/fallen on straight road,1,0,0,clear,13.0427551,100.9961879,straight road,no slope,2022-08-02T07:45:00Z
6777804,2.08.2022 14:45,24.08.2022 12:39,Si Sa Ket,department of highways,4-wheel pickup truck,speeding,head-on collision (not overtaking),2,0,2,rainy,15.06926423,104.3454301,straight road,no slope,2022-08-02T07:45:00Z
6770648,2.08.2022 15:00,23.08.2022 09:07,Surat Thani,department of highways,4-wheel pickup truck,speeding,rollover/fallen on straight road,1,0,2,clear,9.565574373,99.13040845,straight road,no slope,2022-08-02T08:00:00Z
6869798,2.08.2022 15:20,9.09.2022 11:21,Kalasin,department of highways,private/passenger car,speeding,rollover/fallen on straight road,1,0,1,clear,16.31531289,103.4501141,straight road,no slope,2022-08-02T08:20:00Z
7026609,2.08.2022 15:21,3.10.2022 08:57,Phetchabun,department of highways,motorcycle,cutting in closely by people/vehicles/animals,rear-end collision,2,0,1,clear,16.75983782,101.216011,straight road,no slope,2022-08-02T08:21:00Z
6770628,2.08.2022 15:30,23.08.2022 09:05,Phatthalung,department of highways,4-wheel pickup truck,speeding,rollover/fallen on curved road,1,0,0,rainy,7.588875647,99.85189854,wide curve,no slope,2022-08-02T08:30:00Z
6723078,2.08.2022 16:40,15.08.2022 09:17,Phetchabun,department of highways,motorcycle,speeding,rear-end collision,2,0,2,rainy,16.76394445,101.0235974,straight road,no slope,2022-08-02T09:40:00Z
6806473,2.08.2022 16:43,29.08.2022 14:34,Sakon Nakhon,department of highways,motorcycle,speeding,rear-end collision,2,0,2,clear,17.41474897,103.7274626,straight road,no slope,2022-08-02T09:43:00Z
6723077,2.08.2022 16:50,15.08.2022 09:16,Phetchabun,department of highways,6-wheel truck,speeding,rear-end collision,2,0,4,clear,16.65705863,101.1720979,straight road,no slope,2022-08-02T09:50:00Z
6740340,2.08.2022 17:30,18.08.2022 09:35,Phra Nakhon Si Ayutthaya,department of highways,private/passenger car,speeding,rollover/fallen on straight road,1,0,0,clear,14.55005365,100.4993918,straight road,no slope,2022-08-02T10:30:00Z
7088077,2.08.2022 17:50,11.10.2022 11:15,Trang,department of highways,4-wheel pickup truck,speeding,rollover/fallen on curved road,1,0,0,rainy,7.992159221,99.63565885,wide curve,no slope,2022-08-02T10:50:00Z
6815513,2.08.2022 18:00,31.08.2022 15:31,Krabi,department of highways,4-wheel pickup truck,speeding,rollover/fallen on straight road,1,0,0,rainy,8.057155505,99.01980756,straight road,no slope,2022-08-02T11:00:00Z
7555188,2.08.2022 18:30,10.01.2023 09:33,Uttaradit,department of highways,4-wheel pickup truck,cutting in closely by people/vehicles/animals,collision with obstruction (on road surface),1,0,0,clear,17.24561612,100.2464434,straight road,no slope,2022-08-02T11:30:00Z
6869522,2.08.2022 19:14,9.09.2022 10:31,Sukhothai,department of highways,bicycle,speeding,rear-end collision,2,0,1,clear,17.33658767,99.9026513,straight road,no slope,2022-08-02T12:14:00Z
6741324,2.08.2022 19:55,18.08.2022 13:30,Bangkok,department of highways,private/passenger car,speeding,rollover/fallen on straight road,1,0,1,clear,13.73717825,100.6658122,straight road,no slope,2022-08-02T12:55:00Z
6809622,2.08.2022 21:00,30.08.2022 14:47,Nakhon Ratchasima,department of highways,private/passenger car,speeding,rollover/fallen on straight road,1,0,0,clear,14.86584678,101.6970491,straight road,no slope,2022-08-02T14:00:00Z
6770742,2.08.2022 21:10,23.08.2022 09:23,Surat Thani,department of highways,4-wheel pickup truck,speeding,rollover/fallen on straight road,1,0,1,rainy,8.531949994,99.34612243,straight road,no slope,2022-08-02T14:10:00Z
7562856,2.08.2022 21:10,18.01.2023 12:11,Surat Thani,department of highways,4-wheel pickup truck,speeding,rollover/fallen on straight road,1,0,1,rainy,8.684802845,99.33505295,straight road,no slope,2022-08-02T14:10:00Z
6770739,2.08.2022 21:30,23.08.2022 09:21,Surat Thani,department of highways,4-wheel pickup truck,speeding,rollover/fallen on straight road,1,0,1,rainy,8.501272303,99.35005187,straight road,no slope,2022-08-02T14:30:00Z
6782925,2.08.2022 22:00,25.08.2022 10:07,Bangkok,department of highways,private/passenger car,speeding,rollover/fallen on straight road,1,0,1,rainy,13.85334879,100.6738615,straight road,no slope,2022-08-02T15:00:00Z
7035450,2.08.2022 22:30,4.10.2022 15:48,Yasothon,department of highways,private/passenger car,speeding,rollover/fallen on straight road,1,0,1,clear,15.79351566,104.1820782,straight road,no slope,2022-08-02T15:30:00Z
7458601,2.08.2022 22:30,15.12.2022 13:58,Maha Sarakham,department of highways,4-wheel pickup truck,speeding,rollover/fallen on straight road,1,0,1,rainy,15.51459495,103.2239154,straight road,no slope,2022-08-02T15:30:00Z
6735764,3.08.2022 00:45,17.08.2022 14:50,Suphan Buri,department of highways,4-wheel pickup truck,falling asleep,rollover/fallen on straight road,1,1,2,clear,14.37520164,100.1792943,straight road,no slope,2022-08-02T17:45:00Z
6746267,3.08.2022 01:25,19.08.2022 10:10,Chanthaburi,department of highways,7-10-wheel truck,speeding,rear-end collision,3,1,1,rainy,12.62090747,102.1049166,other,other,2022-08-02T18:25:00Z
6658410,3.08.2022 01:30,3.08.2022 16:38,Rayong,department of rural roads,motorcycle,slippery road,other,1,1,1,rainy,12.72298,101.716699,straight road,other,2022-08-02T18:30:00Z
7290343,3.08.2022 02:00,11.11.2022 09:42,Khon Kaen,department of highways,private/passenger car,falling asleep,rollover/fallen on straight road,1,0,1,clear,16.44977094,102.7064475,straight road,no slope,2022-08-02T19:00:00Z
6869279,3.08.2022 03:00,9.09.2022 09:43,Tak,department of highways,7-10-wheel truck,falling asleep,rollover/fallen on curved road,1,0,1,clear,17.11436321,99.09026651,wide curve,no slope,2022-08-02T20:00:00Z
7542608,3.08.2022 03:00,3.01.2023 14:02,Loei,department of highways,6-wheel truck,speeding,rollover/fallen on curved road,1,0,1,clear,17.22037216,101.1799326,wide curve,slope area,2022-08-02T20:00:00Z
6804831,3.08.2022 03:30,29.08.2022 08:37,Chiang Mai,department of highways,4-wheel pickup truck,speeding,rollover/fallen on straight road,1,0,1,rainy,18.6967001,99.04909997,straight road,no slope,2022-08-02T20:30:00Z
7139406,3.08.2022 05:30,20.10.2022 10:42,Surat Thani,department of highways,motorcycle,speeding,rear-end collision,2,0,2,clear,8.942638878,99.27255748,straight road,no slope,2022-08-02T22:30:00Z
6805222,3.08.2022 06:30,29.08.2022 09:59,Lampang,department of highways,4-wheel pickup truck,speeding,collision with obstruction (on road surface),2,2,1,clear,18.89388272,99.94667976,straight road,no slope,2022-08-02T23:30:00Z
6735739,3.08.2022 07:15,17.08.2022 14:45,Chai Nat,department of highways,4-wheel pickup truck,speeding,rollover/fallen on straight road,1,0,1,clear,15.24995958,100.0984418,straight road,no slope,2022-08-03T00:15:00Z
7331808,3.08.2022 08:00,29.08.2022 14:59,Pattani,department of highways,private/passenger car,speeding,rear-end collision,2,0,1,clear,6.80324008,101.1423763,straight road,no slope,2022-08-03T01:00:00Z
7040775,3.08.2022 08:10,5.10.2022 10:30,Roi Et,department of highways,other,speeding,rollover/fallen on straight road,1,0,0,clear,15.55380547,103.4086364,other,other,2022-08-03T01:10:00Z
6809321,3.08.2022 08:50,30.08.2022 13:38,Rayong,department of highways,4-wheel pickup truck,speeding,rollover/fallen on straight road,1,0,1,clear,12.71476061,101.0266283,straight road,no slope,2022-08-03T01:50:00Z
7564289,3.08.2022 09:00,19.01.2023 13:16,Samut Sakhon,department of highways,other,speeding,collision with obstruction (on road surface),1,0,0,clear,13.58713524,100.3237393,other,other,2022-08-03T02:00:00Z
6734922,3.08.2022 10:00,17.08.2022 11:16,Nakhon Sawan,department of highways,other,speeding,rollover/fallen on straight road,1,0,0,clear,15.69969701,100.4625222,other,other,2022-08-03T03:00:00Z
6808254,3.08.2022 10:00,30.08.2022 09:22,Songkhla,department of highways,motorcycle,running red lights/traffic signals,collision with obstruction (on road surface),2,0,1,clear,7.029044183,100.663028,other,other,2022-08-03T03:00:00Z
7564292,3.08.2022 10:00,19.01.2023 13:15,Samut Sakhon,department of highways,7-10-wheel truck,speeding,rollover/fallen on straight road,1,0,0,clear,13.58752371,100.3239137,straight road,no slope,2022-08-03T03:00:00Z
7214038,3.08.2022 10:20,31.10.2022 14:46,Prachin Buri,department of highways,private/passenger car,speeding,rollover/fallen on straight road,1,0,0,clear,13.94175194,101.5308353,straight road,no slope,2022-08-03T03:20:00Z
6734830,3.08.2022 10:45,17.08.2022 10:56,Nakhon Sawan,department of highways,motorcycle,speeding,rear-end collision,2,0,1,clear,15.2643548,100.3430271,other,other,2022-08-03T03:45:00Z
7569625,3.08.2022 11:47,25.01.2023 14:55,Nakhon Ratchasima,department of highways,4-wheel pickup truck,speeding,rollover/fallen on straight road,1,0,0,clear,14.66298736,101.4073397,straight road,no slope,2022-08-03T04:47:00Z
6808385,3.08.2022 13:20,30.08.2022 09:46,buogkan,department of highways,4-wheel pickup truck,speeding,rollover/fallen on curved road,1,0,0,clear,18.33694365,103.6313912,wide curve,no slope,2022-08-03T06:20:00Z
6805665,3.08.2022 13:30,29.08.2022 11:10,Sakon Nakhon,department of highways,4-wheel pickup truck,speeding,rollover/fallen on curved road,1,0,0,clear,17.83279818,103.7542927,wide curve,no slope,2022-08-03T06:30:00Z
6805618,3.08.2022 13:45,29.08.2022 11:02,buogkan,department of highways,4-wheel pickup truck,speeding,rollover/fallen on curved road,1,0,0,clear,18.32603363,103.6316943,wide curve,no slope,2022-08-03T06:45:00Z
6805671,3.08.2022 13:50,29.08.2022 11:13,buogkan,department of highways,motorcycle,speeding,rollover/fallen on curved road,2,0,2,clear,18.305579,103.9716992,wide curve,no slope,2022-08-03T06:50:00Z