acc_code,incident_datetime,report_datetime,province_en,agency,vehicle_type,presumed_cause,accident_type,number_of_vehicles_involved,number_of_fatalities,number_of_injuries,weather_condition,latitude,longitude,road_description,slope_description,incident_time
6783661,3.08.2022 13:58,25.08.2022 13:06,Samut Prakan,department of highways,4-wheel pickup truck,speeding,rollover/fallen on straight road,1,0,0,clear,13.67415874,100.8381843,straight road,no slope,2022-08-03T06:58:00Z
7570858,3.08.2022 14:00,26.01.2023 09:07,Chumphon,department of highways,large truck with trailer,speeding,rollover/fallen on curved road,1,0,1,clear,10.50196648,99.06486867,other,other,2022-08-03T07:00:00Z
7140336,3.08.2022 14:30,20.10.2022 13:59,Phetchabun,department of highways,motorcycle,cutting in closely by people/vehicles/animals,rear-end collision,2,1,0,clear,16.70159588,101.1733022,straight road,no slope,2022-08-03T07:30:00Z
6765949,3.08.2022 16:00,22.08.2022 13:49,Ratchaburi,department of highways,6-wheel truck,speeding,rollover/fallen on straight road,1,0,0,rainy,13.40256137,99.81379508,straight road,no slope,2022-08-03T09:00:00Z
6734564,3.08.2022 16:15,17.08.2022 10:03,Ang Thong,department of highways,6-wheel truck,speeding,rollover/fallen on straight road,1,0,0,clear,14.58248283,100.4421776,straight road,no slope,2022-08-03T09:15:00Z
6701194,3.08.2022 16:51,11.08.2022 09:59,Samut Prakan,department of highways,private/passenger car,speeding,rear-end collision,2,0,1,clear,13.67290777,100.8395067,straight road,no slope,2022-08-03T09:51:00Z
7555195,3.08.2022 17:20,10.01.2023 09:37,Uttaradit,department of highways,large truck with trailer,brake/anti-lock brake system failure,rollover/fallen on straight road,1,0,0,clear,17.46535399,100.2372837,straight road,no slope,2022-08-03T10:20:00Z
7561224,3.08.2022 17:40,17.01.2023 07:16,Bangkok,department of highways,4-wheel pickup truck,speeding,rear-end collision,2,0,2,clear,13.78582933,100.3803125,straight road,no slope,2022-08-03T10:40:00Z
6806556,3.08.2022 18:00,29.08.2022 15:09,Yala,department of highways,4-wheel pickup truck,cutting in closely by people/vehicles/animals,rear-end collision,2,0,3,clear,6.517829359,101.1695123,straight road,no slope,2022-08-03T11:00:00Z
7561637,3.08.2022 18:10,17.01.2023 11:35,Bangkok,department of highways,private/passenger car,speeding,rear-end collision,2,0,0,clear,13.6695249,100.4516579,other,other,2022-08-03T11:10:00Z
6806418,3.08.2022 18:30,29.08.2022 14:17,Mukdahan,department of highways,4-wheel pickup truck,speeding,rear-end collision,2,0,0,clear,16.57533641,104.7199657,other,other,2022-08-03T11:30:00Z
6817664,3.08.2022 19:15,31.08.2022 22:09,Trang,department of highways,4-wheel pickup truck,speeding,head-on collision (not overtaking),2,1,0,clear,7.513188657,99.71235661,straight road,no slope,2022-08-03T12:15:00Z
6896936,3.08.2022 20:05,13.09.2022 13:35,Rayong,department of highways,4-wheel pickup truck,speeding,rollover/fallen on straight road,1,0,1,rainy,12.64883883,101.3438505,straight road,no slope,2022-08-03T13:05:00Z
6734916,3.08.2022 20:40,17.08.2022 11:15,Nakhon Sawan,department of highways,motorcycle,cutting in closely by people/vehicles/animals,rear-end collision,2,2,0,rainy,15.71209092,99.55090909,straight road,no slope,2022-08-03T13:40:00Z
6735022,3.08.2022 21:00,17.08.2022 11:37,Saraburi,department of highways,large passenger vehicle,speeding,rear-end collision,2,0,0,clear,14.63256838,101.1874643,other,other,2022-08-03T14:00:00Z
6681900,3.08.2022 21:20,8.08.2022 15:44,Suphan Buri,department of highways,private/passenger car,illegal overtaking,head-on collision (not overtaking),2,0,2,rainy,14.71954007,99.82811807,wide curve,no slope,2022-08-03T14:20:00Z
6815516,3.08.2022 21:20,31.08.2022 15:32,Krabi,department of highways,4-wheel pickup truck,speeding,rollover/fallen on curved road,1,0,4,rainy,8.08711371,98.98966758,wide curve,no slope,2022-08-03T14:20:00Z
7146975,3.08.2022 22:05,21.10.2022 13:49,Suphan Buri,department of highways,private/passenger car,speeding,rollover/fallen on straight road,1,0,3,clear,14.68615299,100.1102301,straight road,no slope,2022-08-03T15:05:00Z
6806415,3.08.2022 23:30,29.08.2022 14:15,Mukdahan,department of highways,private/passenger car,running red lights/traffic signals,collision at intersection corner,2,0,3,clear,16.52637023,104.6896058,other,other,2022-08-03T16:30:00Z
6909974,3.08.2022 23:30,15.09.2022 10:28,Nakhon Nayok,department of highways,6-wheel truck,speeding,rollover/fallen on straight road,1,0,0,rainy,14.26188754,101.0687256,straight road,no slope,2022-08-03T16:30:00Z
7554535,3.08.2022 23:50,9.01.2023 13:18,Chiang Mai,department of highways,6-wheel truck,driving under the influence of alcohol,rear-end collision,2,1,0,clear,18.75611583,99.05222742,straight road,no slope,2022-08-03T16:50:00Z
6892169,4.08.2022 00:10,12.09.2022 19:49,Krabi,department of highways,4-wheel pickup truck,speeding,rollover/fallen on straight road,1,0,0,rainy,8.068742298,98.99945764,straight road,no slope,2022-08-03T17:10:00Z
7564968,4.08.2022 00:10,20.01.2023 06:40,Bangkok,department of highways,6-wheel truck,cutting in closely by people/vehicles/animals,rear-end collision,2,0,1,clear,13.66601037,100.6429115,other,other,2022-08-03T17:10:00Z
6845595,4.08.2022 01:12,5.09.2022 11:02,Samut Prakan,expressway authority of thailand,other,other,collision with obstruction (on road surface),1,0,0,rainy,13.580709,100.871912,straight road,other,2022-08-03T18:12:00Z
6806527,4.08.2022 02:00,29.08.2022 14:57,Narathiwat,department of highways,private/passenger car,speeding,rollover/fallen on curved road,1,0,0,clear,6.366887083,101.5934729,other,other,2022-08-03T19:00:00Z
7026681,4.08.2022 02:00,3.10.2022 09:13,Loei,department of highways,private/passenger car,speeding,rollover/fallen on straight road,1,0,0,clear,17.28274825,101.758579,straight road,no slope,2022-08-03T19:00:00Z
6897013,4.08.2022 02:20,13.09.2022 13:53,Surin,department of highways,van,speeding,rollover/fallen on straight road,2,0,9,clear,14.61404296,103.4977555,straight road,no slope,2022-08-03T19:20:00Z
6735889,4.08.2022 02:30,17.08.2022 15:15,Nakhon Pathom,department of highways,4-wheel pickup truck,speeding,collision with obstruction (on road surface),1,0,1,clear,14.07197891,99.98897551,other,other,2022-08-03T19:30:00Z
6740530,4.08.2022 05:00,18.08.2022 10:10,Phra Nakhon Si Ayutthaya,department of highways,private/passenger car,speeding,rollover/fallen on straight road,1,0,3,clear,14.27819128,100.8092594,straight road,no slope,2022-08-03T22:00:00Z
7002777,4.08.2022 05:30,29.09.2022 14:45,Kamphaeng Phet,department of highways,private/passenger car,falling asleep,rear-end collision,4,0,4,clear,16.15660359,99.7212991,straight road,no slope,2022-08-03T22:30:00Z
6845733,4.08.2022 06:10,5.09.2022 11:30,Saraburi,department of highways,private/passenger car,speeding,rollover/fallen on curved road,1,0,1,clear,14.35228147,100.8715752,wide curve,no slope,2022-08-03T23:10:00Z
6805669,4.08.2022 06:30,29.08.2022 11:12,Chiang Rai,department of highways,4-wheel pickup truck,speeding,rollover/fallen on curved road,1,0,0,clear,19.71138695,99.38305377,wide curve,no slope,2022-08-03T23:30:00Z
7554417,4.08.2022 06:30,9.01.2023 11:19,Chiang Mai,department of highways,motorcycle,speeding,rear-end collision,2,0,1,clear,18.86737951,99.01523708,straight road,no slope,2022-08-03T23:30:00Z
7561576,4.08.2022 06:40,17.01.2023 10:51,Bangkok,department of highways,private/passenger car,cutting in closely by people/vehicles/animals,rear-end collision,3,0,1,clear,13.78661211,100.4645097,other,other,2022-08-03T23:40:00Z
7444810,4.08.2022 07:20,8.12.2022 14:56,Samut Sakhon,department of highways,private/passenger car,speeding,rollover/fallen on straight road,1,0,1,clear,13.53946143,100.2288428,straight road,no slope,2022-08-04T00:20:00Z
6719579,4.08.2022 07:46,14.08.2022 16:34,Chon Buri,department of highways,large truck with trailer,speeding,rear-end collision,2,0,0,clear,13.10302474,100.911304,straight road,no slope,2022-08-04T00:46:00Z
6663297,4.08.2022 07:55,5.08.2022 10:58,Samut Prakan,department of highways,4-wheel pickup truck,speeding,rear-end collision,4,0,0,clear,13.65161938,100.6885037,straight road,no slope,2022-08-04T00:55:00Z
7139280,4.08.2022 08:00,20.10.2022 10:21,Chachoengsao,department of highways,4-wheel pickup truck,speeding,rollover/fallen on straight road,1,0,0,clear,13.60052516,101.1176035,straight road,no slope,2022-08-04T01:00:00Z
7441209,4.08.2022 09:00,8.12.2022 09:49,unknown,department of highways,large truck with trailer,speeding,rollover/fallen on straight road,1,0,0,clear,14.06913262,100.4874506,straight road,no slope,2022-08-04T02:00:00Z
7562322,4.08.2022 09:30,18.01.2023 07:27,Nakhon Si Thammarat,department of highways,4-wheel pickup truck,speeding,rollover/fallen on straight road,1,0,0,clear,8.186190131,99.61310415,straight road,no slope,2022-08-04T02:30:00Z
6702569,4.08.2022 10:10,11.08.2022 15:24,Phra Nakhon Si Ayutthaya,department of highways,large truck with trailer,speeding,rear-end collision,2,0,2,clear,14.26193173,100.7793769,straight road,no slope,2022-08-04T03:10:00Z
6805036,4.08.2022 10:41,29.08.2022 09:22,Lampang,department of highways,other,speeding,rollover/fallen on straight road,1,0,0,clear,18.27642959,99.48411672,other,other,2022-08-04T03:41:00Z
7560915,4.08.2022 10:50,16.01.2023 16:41,Tak,department of highways,private/passenger car,speeding,rollover/fallen on curved road,1,0,0,clear,17.70625577,97.95826434,wide curve,no slope,2022-08-04T03:50:00Z
7434557,4.08.2022 11:45,6.12.2022 11:56,Songkhla,department of highways,4-wheel pickup truck,speeding,rear-end collision,2,0,0,clear,6.956305975,100.5521777,straight road,no slope,2022-08-04T04:45:00Z
6771963,4.08.2022 12:00,23.08.2022 14:28,Chai Nat,department of highways,private/passenger car,falling asleep,rollover/fallen on straight road,1,0,1,clear,15.09225678,100.1383826,straight road,no slope,2022-08-04T05:00:00Z
6805241,4.08.2022 12:10,29.08.2022 10:03,Lampang,department of highways,4-wheel pickup truck,speeding,rollover/fallen on straight road,1,0,0,clear,19.13134542,99.61426018,straight road,no slope,2022-08-04T05:10:00Z
6808191,4.08.2022 12:40,30.08.2022 09:05,Songkhla,department of highways,private/passenger car,falling asleep,rollover/fallen on straight road,1,1,0,clear,7.041491763,100.4651266,other,other,2022-08-04T05:40:00Z
6808220,4.08.2022 12:40,30.08.2022 09:11,Songkhla,department of highways,4-wheel pickup truck,running red lights/traffic signals,rear-end collision,2,0,1,clear,7.006778262,100.431371,other,other,2022-08-04T05:40:00Z
6788676,4.08.2022 12:59,26.08.2022 10:07,Bangkok,expressway authority of thailand,4-wheel pickup truck,other,rear-end collision,2,0,1,clear,13.701439,100.591838,wide curve,other,2022-08-04T05:59:00Z
6802869,4.08.2022 13:32,28.08.2022 22:53,Bangkok,expressway authority of thailand,other,other,side collision,3,0,0,clear,13.7090796,100.5836629,straight road,other,2022-08-04T06:32:00Z
7001264,4.08.2022 13:40,29.09.2022 09:02,Mukdahan,department of highways,4-wheel pickup truck,cutting in closely by people/vehicles/animals,rollover/fallen on straight road,1,0,1,clear,16.61576493,104.4571254,straight road,no slope,2022-08-04T06:40:00Z
6722876,4.08.2022 15:00,15.08.2022 08:31,Kamphaeng Phet,department of highways,other,cutting in closely by people/vehicles/animals,side collision,2,0,0,clear,16.58035702,99.43964033,straight road,no slope,2022-08-04T08:00:00Z
6734987,4.08.2022 15:30,17.08.2022 11:33,Nakhon Sawan,department of highways,large truck with trailer,speeding,rollover/fallen on straight road,1,0,0,clear,15.59325654,100.1230833,straight road,no slope,2022-08-04T08:30:00Z
7438705,4.08.2022 15:30,7.12.2022 09:59,Suphan Buri,department of highways,4-wheel pickup truck,cutting in closely by people/vehicles/animals,head-on collision (not overtaking),2,0,6,clear,14.81258386,99.7058603,straight road,no slope,2022-08-04T08:30:00Z
7088110,4.08.2022 15:50,12.10.2022 09:40,Chai Nat,department of highways,4-wheel pickup truck,speeding,rollover/fallen on straight road,1,0,0,clear,15.13122291,100.1460135,straight road,no slope,2022-08-04T08:50:00Z
7561222,4.08.2022 16:20,17.01.2023 07:19,Bangkok,department of highways,private/passenger car,speeding,rear-end collision,2,0,0,clear,13.78548157,100.3866774,straight road,no slope,2022-08-04T09:20:00Z
6809487,4.08.2022 16:24,30.08.2022 14:20,Nakhon Ratchasima,department of highways,motorcycle,speeding,rear-end collision,2,1,0,clear,14.63075951,101.2654683,straight road,no slope,2022-08-04T09:24:00Z
6663218,4.08.2022 16:37,5.08.2022 10:42,Mae Hong Son,department of rural roads,passenger pickup truck,speeding,other,1,0,1,clear,19.378897,97.957276,wide curve,no slope,2022-08-04T09:37:00Z
6741747,4.08.2022 18:00,18.08.2022 15:07,Suphan Buri,department of highways,private/passenger car,vehicle equipment failure,rollover/fallen on curved road,1,0,0,clear,14.44282594,100.13334,wide curve,no slope,2022-08-04T11:00:00Z
6765234,4.08.2022 18:30,22.08.2022 11:05,Prachuap Khiri Khan,department of highways,4-wheel pickup truck,speeding,rollover/fallen on straight road,1,1,0,clear,12.50298751,99.88619863,straight road,no slope,2022-08-04T11:30:00Z
6771808,4.08.2022 18:35,23.08.2022 13:45,Bangkok,department of highways,large truck with trailer,speeding,rollover/fallen on straight road,1,0,0,clear,13.88926558,100.6891528,straight road,no slope,2022-08-04T11:35:00Z
7569636,4.08.2022 19:00,25.01.2023 15:00,Nakhon Ratchasima,department of highways,private/passenger car,speeding,rollover/fallen on straight road,1,0,1,clear,14.92183996,101.9541644,straight road,no slope,2022-08-04T12:00:00Z
7043118,4.08.2022 19:55,5.10.2022 18:19,Nakhon Nayok,department of highways,4-wheel pickup truck,speeding,rollover/fallen on straight road,1,0,1,clear,14.11968685,100.9952545,straight road,no slope,2022-08-04T12:55:00Z
6771822,4.08.2022 20:20,23.08.2022 13:50,Pathum Thani,department of highways,4-wheel pickup truck,speeding,rollover/fallen on straight road,1,0,0,clear,14.01510869,100.7016706,straight road,no slope,2022-08-04T13:20:00Z
7119315,4.08.2022 20:30,17.10.2022 14:47,Suphan Buri,department of highways,4-wheel pickup truck,speeding,rollover/fallen on straight road,1,0,0,clear,14.82326187,99.69534873,other,other,2022-08-04T13:30:00Z
6726353,4.08.2022 20:35,15.08.2022 21:37,Surin,department of highways,private/passenger car,speeding,head-on collision (not overtaking),2,1,2,rainy,14.67988699,103.7855002,straight road,no slope,2022-08-04T13:35:00Z
6815182,4.08.2022 21:00,31.08.2022 14:32,Surat Thani,department of highways,private/passenger car,speeding,rollover/fallen on curved road,1,0,0,clear,9.110028711,99.254731520000007,wide curve,no slope,2022-08-04T14:00:00Z
7554673,4.08.2022 21:00,9.01.2023 13:59,Phrae,department of highways,4-wheel pickup truck,speeding,rollover/fallen on straight road,1,0,3,rainy,18.40577669,100.1844978,straight road,no slope,2022-08-04T14:00:00Z
6735240,4.08.2022 21:40,17.08.2022 12:59,Sing Buri,department of highways,large passenger vehicle,speeding,other,2,1,0,clear,14.76577127,100.3868383,connecting to public/commercial area,other,2022-08-04T14:40:00Z
6909914,4.08.2022 22:30,15.09.2022 10:15,Bangkok,department of highways,private/passenger car,speeding,rollover/fallen on straight road,1,1,0,clear,13.8101439,100.8049169,straight road,no slope,2022-08-04T15:30:00Z
7565168,5.08.2022 00:30,20.01.2023 09:05,Phra Nakhon Si Ayutthaya,department of highways,passenger pickup truck,speeding,rollover/fallen on straight road,1,0,1,clear,14.12307875,100.5697542,other,other,2022-08-04T17:30:00Z
6735686,5.08.2022 00:45,17.08.2022 14:37,Kanchanaburi,department of highways,4-wheel pickup truck,speeding,rollover/fallen on curved road,1,0,0,rainy,14.63308483,98.71902464,wide curve,no slope,2022-08-04T17:45:00Z
7554697,5.08.2022 01:00,9.01.2023 14:10,Phrae,department of highways,private/passenger car,speeding,rollover/fallen on straight road,1,0,0,clear,18.14029527,100.1700997,straight road,no slope,2022-08-04T18:00:00Z
6765117,5.08.2022 02:00,22.08.2022 10:46,Chumphon,department of highways,7-10-wheel truck,vehicle equipment failure,rollover/fallen on straight road,1,0,0,clear,10.91954665,99.28456037,straight road,no slope,2022-08-04T19:00:00Z
7554727,5.08.2022 02:20,9.01.2023 14:27,Phitsanulok,department of highways,private/passenger car,speeding,rear-end collision,2,0,0,clear,16.82042145,100.2779111,straight road,no slope,2022-08-04T19:20:00Z
6805208,5.08.2022 03:00,29.08.2022 09:50,Lampang,department of highways,private/passenger car,speeding,rollover/fallen on straight road,1,1,0,clear,18.22615662,99.49057011,straight road,no slope,2022-08-04T20:00:00Z
6822867,5.08.2022 03:00,1.09.2022 14:36,Trat,department of highways,4-wheel pickup truck,speeding,rollover/fallen on straight road,1,0,1,rainy,12.45276313,102.48607989999999,straight road,no slope,2022-08-04T20:00:00Z
6664925,5.08.2022 03:10,5.08.2022 16:48,Pathum Thani,department of highways,4-wheel pickup truck,speeding,rear-end collision,2,0,0,clear,13.93322632,100.708403,straight road,no slope,2022-08-04T20:10:00Z
6735788,5.08.2022 03:30,17.08.2022 14:59,Suphan Buri,department of highways,van,falling asleep,rollover/fallen on straight road,1,0,1,clear,14.4755643,100.0906393,straight road,no slope,2022-08-04T20:30:00Z
7332356,5.08.2022 05:00,17.11.2022 14:14,Khon Kaen,department of highways,4-wheel pickup truck,speeding,rollover/fallen on straight road,1,0,0,clear,16.49189366,102.3529383,wide curve,slope area,2022-08-04T22:00:00Z
6723463,5.08.2022 05:22,15.08.2022 10:36,Roi Et,department of highways,4-wheel pickup truck,speeding,rollover/fallen on straight road,1,0,1,clear,16.09427628,103.5408828,straight road,no slope,2022-08-04T22:22:00Z
6675093,5.08.2022 05:50,7.08.2022 10:53,Bangkok,department of highways,7-10-wheel truck,speeding,collision with obstruction (on road surface),1,0,0,clear,13.78007363,100.6870419,other,other,2022-08-04T22:50:00Z
6805672,5.08.2022 06:30,29.08.2022 11:14,buogkan,department of highways,4-wheel pickup truck,speeding,rollover/fallen on curved road,1,0,0,rainy,18.43684068,103.4257838,wide curve,no slope,2022-08-04T23:30:00Z
6726322,5.08.2022 07:30,15.08.2022 21:34,Udon Thani,department of highways,6-wheel truck,speeding,rear-end collision,2,0,1,clear,17.36126786,103.0997988,straight road,no slope,2022-08-05T00:30:00Z
7545164,5.08.2022 07:40,5.01.2023 06:12,Nan,department of highways,4-wheel pickup truck,vehicle equipment failure,rollover/fallen on curved road,1,0,2,clear,18.65352362,100.7508516,wide curve,no slope,2022-08-05T00:40:00Z
7542602,5.08.2022 09:00,3.01.2023 14:03,Loei,department of highways,4-wheel pickup truck,speeding,rollover/fallen on straight road,1,0,0,clear,17.57292986,101.5951091,straight road,no slope,2022-08-05T02:00:00Z
6681155,5.08.2022 10:45,8.08.2022 13:58,Yasothon,department of rural roads,7-10-wheel truck,brake/anti-lock brake system failure,other,2,0,2,clear,15.932474,104.245036,four-way intersection,other,2022-08-05T03:45:00Z
7561582,5.08.2022 11:00,17.01.2023 10:50,Bangkok,department of highways,private/passenger car,speeding,rear-end collision,2,0,1,clear,13.78467403,100.4574287,straight road,no slope,2022-08-05T04:00:00Z
7518091,5.08.2022 11:19,29.12.2022 13:33,buogkan,department of highways,4-wheel pickup truck,speeding,head-on collision (not overtaking),2,0,0,clear,18.07945276,103.7439877,wide curve,no slope,2022-08-05T04:19:00Z
6746303,5.08.2022 12:00,19.08.2022 10:19,Chanthaburi,department of highways,4-wheel pickup truck,speeding,rear-end collision,4,0,0,rainy,12.65019972,102.0155936,other,other,2022-08-05T05:00:00Z
6869887,5.08.2022 12:30,9.09.2022 11:38,Maha Sarakham,department of highways,4-wheel pickup truck,speeding,rollover/fallen on straight road,1,0,1,clear,16.182900450000002,103.1687021,straight road,no slope,2022-08-05T05:30:00Z
7561608,5.08.2022 13:00,17.01.2023 11:07,Bangkok,department of highways,private/passenger car,speeding,rear-end collision,2,0,0,clear,13.68056466,100.4068261,straight road,no slope,2022-08-05T06:00:00Z
7554386,5.08.2022 13:30,9.01.2023 10:51,Chiang Mai,department of highways,motorcycle,speeding,rear-end collision,2,0,0,clear,18.83857222,99.01305644,straight road,no slope,2022-08-05T06:30:00Z
7565199,5.08.2022 13:30,20.01.2023 09:15,Phra Nakhon Si Ayutthaya,department of highways,7-10-wheel truck,falling asleep,rollover/fallen on straight road,1,0,0,clear,14.14835259,100.5691132,straight road,no slope,2022-08-05T06:30:00Z
6771828,5.08.2022 13:50,23.08.2022 13:53,Phra Nakhon Si Ayutthaya,department of highways,other,speeding,rollover/fallen on curved road,1,0,0,clear,14.18963728,100.6340816,other,other,2022-08-05T06:50:00Z
6771988,5.08.2022 13:55,23.08.2022 14:33,Bangkok,department of highways,large truck with trailer,speeding,rear-end collision,2,0,0,clear,13.72958314,100.7463026,wide curve,no slope,2022-08-05T06:55:00Z
6741526,5.08.2022 14:30,18.08.2022 14:16,Samut Sakhon,department of highways,4-wheel pickup truck,speeding,rear-end collision,2,0,1,clear,13.59664331,100.3642675,other,other,2022-08-05T07:30:00Z
7554719,5.08.2022 15:20,9.01.2023 14:19,Phrae,department of highways,4-wheel pickup truck,speeding,head-on collision (not overtaking),2,0,4,rainy,18.04709307,99.69983874,wide curve,slope area,2022-08-05T08:20:00Z
6708501,5.08.2022 15:31,12.08.2022 15:08,Chon Buri,department of highways,large truck with trailer,speeding,rear-end collision,2,0,0,clear,13.21419008,101.0056856,straight road,no slope,2022-08-05T08:31:00Z
7422160,5.08.2022 16:40,1.12.2022 09:54,Chiang Mai,department of highways,motorcycle,speeding,rear-end collision,2,0,0,clear,18.8449235,99.01353388,straight road,no slope,2022-08-05T09:40:00Z
7561581,5.08.2022 16:56,17.01.2023 10:52,Bangkok,department of highways,motorcycle,speeding,rear-end collision,2,0,2,rainy,13.78852412,100.4710221,straight road,no slope,2022-08-05T09:56:00Z
6806468,5.08.2022 17:00,29.08.2022 14:31,Phrae,department of highways,private/passenger car,speeding,rollover/fallen on curved road,1,0,0,rainy,18.03749366,99.70005868,wide curve,slope area,2022-08-05T10:00:00Z
6806509,5.08.2022 17:30,29.08.2022 14:40,Phrae,department of highways,4-wheel pickup truck,speeding,rollover/fallen on curved road,1,0,0,rainy,18.05736263,99.6969661,wide curve,slope area,2022-08-05T10:30:00Z
7444872,5.08.2022 17:35,8.12.2022 14:32,Samut Sakhon,department of highways,motorcycle,speeding,rollover/fallen on straight road,1,0,2,clear,13.58406922,100.3152206,straight road,no slope,2022-08-05T10:35:00Z
7560810,5.08.2022 17:38,16.01.2023 14:26,Bangkok,department of highways,motorcycle,cutting in closely by people/vehicles/animals,rear-end collision,2,0,1,clear,13.76826021,100.5503888,straight road,no slope,2022-08-05T10:38:00Z
6805585,5.08.2022 17:40,29.08.2022 10:55,Nakhon Phanom,department of highways,motorcycle,driving without headlights/illumination,rear-end collision,2,0,1,rainy,17.38434749,104.7071287,other,other,2022-08-05T10:40:00Z
7561285,5.08.2022 18:35,17.01.2023 08:18,Bangkok,department of highways,4-wheel pickup truck,speeding,rear-end collision,2,0,0,clear,13.782508,100.412558,straight road,no slope,2022-08-05T11:35:00Z
7444826,5.08.2022 19:00,8.12.2022 14:28,Samut Sakhon,department of highways,private/passenger car,speeding,rollover/fallen on straight road,1,0,0,clear,13.58644435,100.3209069,straight road,no slope,2022-08-05T12:00:00Z
7331818,5.08.2022 19:01,4.10.2022 11:14,Bangkok,department of highways,4-wheel pickup truck,other,pedestrian collision,1,1,0,clear,13.78105832,100.4458898,straight road,no slope,2022-08-05T12:01:00Z
7532232,5.08.2022 19:30,1.01.2023 10:35,Bangkok,department of highways,private/passenger car,speeding,rear-end collision,3,0,0,clear,13.84514239,100.5602506,straight road,no slope,2022-08-05T12:30:00Z
7331814,5.08.2022 19:40,8.08.2022 12:32,Samut Prakan,department of highways,private/passenger car,speeding,rear-end collision,3,0,7,clear,13.61346594,100.6626069,straight road,no slope,2022-08-05T12:40:00Z
6701452,5.08.2022 19:44,11.08.2022 10:45,Samut Prakan,department of highways,4-wheel pickup truck,speeding,rear-end collision,2,0,0,clear,13.65856803,100.8616483,straight road,no slope,2022-08-05T12:44:00Z
7561653,5.08.2022 20:04,17.01.2023 11:46,Bangkok,department of highways,4-wheel pickup truck,speeding,rear-end collision,2,0,0,clear,13.63977415,100.4068664,straight road,no slope,2022-08-05T13:04:00Z
6805698,5.08.2022 21:00,29.08.2022 11:21,Nan,department of highways,4-wheel pickup truck,falling asleep,rollover/fallen on straight road,1,0,0,clear,18.82090821,100.7664379,straight road,no slope,2022-08-05T14:00:00Z
7554555,5.08.2022 21:04,9.01.2023 13:20,Bangkok,department of highways,4-wheel pickup truck,speeding,rollover/fallen on straight road,1,0,2,clear,13.79219442,100.746139,other,other,2022-08-05T14:04:00Z
6771810,5.08.2022 21:27,23.08.2022 13:46,Pathum Thani,department of highways,4-wheel pickup truck,speeding,rear-end collision,2,0,0,clear,14.12678274,100.6718391,straight road,no slope,2022-08-05T14:27:00Z
7088058,5.08.2022 21:40,11.10.2022 10:47,Saraburi,department of highways,4-wheel pickup truck,speeding,rollover/fallen on straight road,1,0,1,clear,14.35141877,100.9865856,other,other,2022-08-05T14:40:00Z
6764898,5.08.2022 22:40,22.08.2022 10:09,Rayong,department of highways,4-wheel pickup truck,speeding,rollover/fallen on straight road,1,0,0,rainy,12.76935451,101.1755982,straight road,no slope,2022-08-05T15:40:00Z
6680290,5.08.2022 22:45,8.08.2022 10:47,Nakhon Sawan,department of highways,6-wheel truck,cutting in closely by people/vehicles/animals,rear-end collision,2,1,0,clear,15.82324089,100.7674438,other,other,2022-08-05T15:45:00Z
6735808,6.08.2022 00:10,17.08.2022 15:00,Suphan Buri,department of highways,motorcycle,cutting in closely by people/vehicles/animals,rear-end collision,2,1,0,clear,14.50236695,100.0377971,straight road,no slope,2022-08-05T17:10:00Z
6804943,6.08.2022 00:30,29.08.2022 09:01,Chiang Mai,department of highways,private/passenger car,speeding,rollover/fallen on straight road,1,0,0,rainy,19.09963356,98.93581419,straight road,no slope,2022-08-05T17:30:00Z
6681471,6.08.2022 00:40,8.08.2022 15:03,Suphan Buri,department of highways,large truck with trailer,falling asleep,collision with obstruction (on road surface),2,0,3,clear,14.3953604,100.1687801,straight road,no slope,2022-08-05T17:40:00Z
6740507,6.08.2022 00:50,18.08.2022 10:09,Chiang Mai,department of rural roads,4-wheel pickup truck,speeding,other,1,0,0,rainy,18.74179,98.961885,wide curve,no slope,2022-08-05T17:50:00Z
6667743,6.08.2022 00:59,6.08.2022 03:40,Bangkok,expressway authority of thailand,other,other,side collision,2,0,0,clear,13.75375996,100.5604173,straight road,other,2022-08-05T17:59:00Z
6814998,6.08.2022 01:00,31.08.2022 13:50,Chon Buri,department of highways,4-wheel pickup truck,falling asleep,rear-end collision,2,0,1,clear,13.36737166,101.0400367,straight road,no slope,2022-08-05T18:00:00Z
7439503,6.08.2022 01:30,7.12.2022 14:16,Buri Ram,department of highways,private/passenger car,falling asleep,rollover/fallen on straight road,1,0,1,clear,14.95397667,103.092632,straight road,no slope,2022-08-05T18:30:00Z
7559148,6.08.2022 01:50,13.01.2023 10:29,Sa Kaeo,department of highways,private/passenger car,speeding,rollover/fallen on straight road,1,0,0,clear,13.49615196,102.1854848,straight road,no slope,2022-08-05T18:50:00Z
7413547,6.08.2022 03:00,25.11.2022 10:21,Sa Kaeo,department of highways,4-wheel pickup truck,speeding,rollover/fallen on straight road,1,0,0,clear,13.55039101,102.1562667,straight road,no slope,2022-08-05T20:00:00Z
6808098,6.08.2022 05:00,30.08.2022 08:49,Songkhla,department of highways,private/passenger car,falling asleep,rollover/fallen on straight road,1,0,0,clear,6.833395939,100.4643139,straight road,no slope,2022-08-05T22:00:00Z
7380670,6.08.2022 05:15,24.11.2022 15:23,Maha Sarakham,department of highways,private/passenger car,speeding,rollover/fallen on straight road,1,0,0,clear,16.04562786,102.8840205,straight road,no slope,2022-08-05T22:15:00Z
6764905,6.08.2022 06:00,22.08.2022 10:07,Chumphon,department of highways,large truck with trailer,speeding,rear-end collision,2,0,0,clear,9.979755416,99.06809805,other,other,2022-08-05T23:00:00Z