acc_code,incident_datetime,report_datetime,province_en,agency,vehicle_type,presumed_cause,accident_type,number_of_vehicles_involved,number_of_fatalities,number_of_injuries,weather_condition,latitude,longitude,road_description,slope_description,incident_time
6674294,6.08.2022 06:52,7.08.2022 07:12,Bangkok,expressway authority of thailand,other,other,rear-end collision,2,0,3,clear,13.75935836,100.5249539,straight road,other,2022-08-05T23:52:00Z
7446015,6.08.2022 07:30,9.12.2022 09:40,Uttaradit,department of highways,private/passenger car,speeding,rollover/fallen on straight road,1,0,1,clear,17.74127321,100.7072469,straight road,no slope,2022-08-06T00:30:00Z
6722824,6.08.2022 07:40,15.08.2022 08:20,Kamphaeng Phet,department of highways,motorcycle,cutting in closely by people/vehicles/animals,rear-end collision,2,2,0,clear,16.42576361,99.37638848,straight road,no slope,2022-08-06T00:40:00Z
6740534,6.08.2022 08:11,18.08.2022 10:11,Phra Nakhon Si Ayutthaya,department of highways,large passenger vehicle,speeding,rollover/fallen on straight road,1,0,0,clear,14.26820954,100.7908916,straight road,no slope,2022-08-06T01:11:00Z
7554318,6.08.2022 09:00,9.01.2023 10:09,Pattani,department of highways,4-wheel pickup truck,other,rollover/fallen on straight road,2,0,1,clear,6.852257366,101.238091,straight road,no slope,2022-08-06T02:00:00Z
7124507,6.08.2022 10:00,18.10.2022 09:37,Udon Thani,department of highways,6-wheel truck,other,rollover/fallen on straight road,1,0,0,clear,17.3630829,103.1335786,straight road,no slope,2022-08-06T03:00:00Z
6815022,6.08.2022 11:20,31.08.2022 13:57,Chon Buri,department of highways,private/passenger car,falling asleep,rear-end collision,2,0,0,clear,13.40339891,101.0473001,straight road,no slope,2022-08-06T04:20:00Z
6722811,6.08.2022 11:54,15.08.2022 08:16,Sukhothai,department of highways,motorcycle,cutting in closely by people/vehicles/animals,rear-end collision,2,0,2,clear,17.29377349,99.83748166,connecting to private area,other,2022-08-06T04:54:00Z
6729237,6.08.2022 12:00,16.08.2022 11:34,Phatthalung,department of highways,4-wheel pickup truck,speeding,rollover/fallen on curved road,1,0,7,rainy,7.589162789,99.81591402,wide curve,slope area,2022-08-06T05:00:00Z
6869419,6.08.2022 12:00,9.09.2022 10:12,Tak,department of highways,4-wheel pickup truck,speeding,rear-end collision,2,0,0,clear,16.52482738,98.70421349,straight road,no slope,2022-08-06T05:00:00Z
6741593,6.08.2022 12:59,18.08.2022 14:31,Samut Sakhon,department of highways,7-10-wheel truck,vehicle equipment failure,rollover/fallen on curved road,1,0,0,clear,13.54666109,100.2594468,wide curve,no slope,2022-08-06T05:59:00Z
6687438,6.08.2022 13:00,9.08.2022 13:54,Suphan Buri,department of highways,motorcycle,illegal overtaking,head-on collision (not overtaking),2,1,0,clear,14.74281642,99.79770987,straight road,no slope,2022-08-06T06:00:00Z
6675091,6.08.2022 14:11,7.08.2022 10:51,Pathum Thani,department of highways,large truck with trailer,speeding,rear-end collision,2,0,0,clear,14.0753325,100.6956303,straight road,no slope,2022-08-06T07:11:00Z
7444898,6.08.2022 14:20,8.12.2022 14:34,Samut Sakhon,department of highways,4-wheel pickup truck,cutting in closely by people/vehicles/animals,rear-end collision,2,0,1,clear,13.55354764,100.2668953,straight road,no slope,2022-08-06T07:20:00Z
6806484,6.08.2022 14:30,29.08.2022 14:35,Phrae,department of highways,4-wheel pickup truck,speeding,rollover/fallen on curved road,1,0,0,rainy,18.05347623,99.69828843,wide curve,slope area,2022-08-06T07:30:00Z
6726317,6.08.2022 15:00,15.08.2022 21:31,Udon Thani,department of highways,private/passenger car,speeding,rollover/fallen on straight road,1,0,4,clear,17.71512702,103.250193,straight road,no slope,2022-08-06T08:00:00Z
6869415,6.08.2022 15:00,9.09.2022 10:11,Tak,department of highways,private/passenger car,falling asleep,rollover/fallen on curved road,1,0,0,clear,16.76797137,98.58924864,wide curve,no slope,2022-08-06T08:00:00Z
7433791,6.08.2022 15:40,6.12.2022 09:38,Nakhon Sawan,department of highways,motorcycle,running red lights/traffic signals,collision at intersection corner,3,0,1,clear,15.46120313,100.144954,other,other,2022-08-06T08:40:00Z
7554710,6.08.2022 16:40,9.01.2023 14:16,Phrae,department of highways,4-wheel pickup truck,speeding,other,1,0,1,rainy,17.89179099,99.5743811,wide curve,no slope,2022-08-06T09:40:00Z
7331823,6.08.2022 17:10,15.08.2022 08:26,Tak,department of highways,motorcycle,cutting in closely by people/vehicles/animals,rear-end collision,2,2,1,clear,16.67771756,99.2603883,connecting to private area,other,2022-08-06T10:10:00Z
7561649,6.08.2022 19:00,17.01.2023 11:47,Bangkok,department of highways,private/passenger car,speeding,rear-end collision,2,0,0,clear,13.68036268,100.4722573,straight road,no slope,2022-08-06T12:00:00Z
7561354,6.08.2022 19:25,17.01.2023 08:54,Bangkok,department of highways,motorcycle,speeding,rear-end collision,2,0,0,clear,13.78149205,100.4260495,other,other,2022-08-06T12:25:00Z
7331828,6.08.2022 19:55,9.09.2022 11:36,Maha Sarakham,department of highways,private/passenger car,speeding,head-on collision (not overtaking),2,0,4,clear,16.26029458,103.2812288,wide curve,no slope,2022-08-06T12:55:00Z
7026686,6.08.2022 20:00,3.10.2022 09:12,Nong Bua Lam Phu,department of highways,passenger pickup truck,speeding,rollover/fallen on straight road,1,0,0,clear,16.97494723,102.5679463,straight road,no slope,2022-08-06T13:00:00Z
7568148,6.08.2022 20:20,24.01.2023 10:18,buogkan,department of highways,private/passenger car,speeding,rollover/fallen on curved road,1,0,1,clear,18.23541705,103.7095669,wide curve,no slope,2022-08-06T13:20:00Z
6764939,6.08.2022 20:30,22.08.2022 10:14,Prachuap Khiri Khan,department of highways,4-wheel pickup truck,speeding,rollover/fallen on straight road,1,0,1,clear,10.99065971,99.35048638,straight road,no slope,2022-08-06T13:30:00Z
6806439,6.08.2022 20:40,29.08.2022 14:27,Kalasin,department of highways,motorcycle,speeding,rollover/fallen on curved road,1,0,1,rainy,16.79616515,103.863641,wide curve,no slope,2022-08-06T13:40:00Z
6916976,6.08.2022 22:40,16.09.2022 10:55,Samut Sakhon,department of highways,private/passenger car,speeding,rear-end collision,2,0,0,clear,13.52455032,100.1845837,other,other,2022-08-06T15:40:00Z
6679373,6.08.2022 23:00,8.08.2022 07:38,Suphan Buri,department of highways,motorcycle,speeding,rollover/fallen on straight road,1,0,1,foggy,14.79219876,100.1431221,other,other,2022-08-06T16:00:00Z
6747297,6.08.2022 23:10,19.08.2022 14:26,Chon Buri,department of highways,4-wheel pickup truck,speeding,rollover/fallen on straight road,1,1,1,clear,13.42020909,101.094448,straight road,no slope,2022-08-06T16:10:00Z
6805095,6.08.2022 23:20,29.08.2022 09:31,Lampang,department of highways,private/passenger car,speeding,rollover/fallen on straight road,1,0,0,clear,18.25594364,99.55271421,straight road,no slope,2022-08-06T16:20:00Z
6734831,6.08.2022 23:30,17.08.2022 10:58,Nakhon Sawan,department of highways,large truck with trailer,running red lights/traffic signals,head-on collision (not overtaking),2,1,0,clear,15.86301651,100.6062242,straight road,no slope,2022-08-06T16:30:00Z
6805613,6.08.2022 23:45,29.08.2022 11:01,buogkan,department of highways,4-wheel pickup truck,speeding,rollover/fallen on straight road,1,1,0,clear,17.98025618,103.7561247,connecting to private area,other,2022-08-06T16:45:00Z
6747298,7.08.2022 00:10,19.08.2022 14:27,Chon Buri,department of highways,4-wheel pickup truck,speeding,rollover/fallen on straight road,1,0,0,clear,13.41286995,101.0589006,straight road,no slope,2022-08-06T17:10:00Z
7571064,7.08.2022 00:20,26.01.2023 10:45,Prachin Buri,department of highways,4-wheel pickup truck,speeding,collision at intersection corner,2,0,0,rainy,14.0985045,101.438393,other,other,2022-08-06T17:20:00Z
6770743,7.08.2022 01:00,23.08.2022 09:24,Surat Thani,department of highways,private/passenger car,speeding,rollover/fallen on straight road,1,0,1,clear,8.933773191,98.92383276,straight road,no slope,2022-08-06T18:00:00Z
6681157,7.08.2022 01:17,8.08.2022 13:59,Nong Bua Lam Phu,department of rural roads,motorcycle,driving under the influence of alcohol,other,2,2,0,clear,17.146692,102.426854,straight road,no slope,2022-08-06T18:17:00Z
7554533,7.08.2022 01:30,9.01.2023 13:19,Chiang Mai,department of highways,motorcycle,speeding,rear-end collision,3,0,1,clear,18.88861946,99.02852742,straight road,no slope,2022-08-06T18:30:00Z
7173340,7.08.2022 01:34,25.10.2022 14:56,Phetchabun,department of highways,private/passenger car,falling asleep,rollover/fallen on straight road,1,0,1,clear,16.70719378,101.1761963,straight road,no slope,2022-08-06T18:34:00Z
6822865,7.08.2022 01:50,1.09.2022 14:35,Trat,department of highways,4-wheel pickup truck,speeding,rollover/fallen on straight road,1,0,0,rainy,12.25227461,102.5095251,other,other,2022-08-06T18:50:00Z
6735239,7.08.2022 02:00,17.08.2022 12:57,Loburi,department of highways,private/passenger car,falling asleep,rollover/fallen on straight road,1,0,1,rainy,14.82351079,100.4924583,straight road,no slope,2022-08-06T19:00:00Z
6804889,7.08.2022 03:40,29.08.2022 08:50,Chiang Mai,department of highways,private/passenger car,speeding,rollover/fallen on straight road,1,0,0,clear,18.76560161,99.08260344,straight road,no slope,2022-08-06T20:40:00Z
6734960,7.08.2022 04:00,17.08.2022 11:28,Nakhon Sawan,department of highways,4-wheel pickup truck,vehicle equipment failure,rollover/fallen on straight road,1,0,1,clear,15.9569657,100.1176679,straight road,no slope,2022-08-06T21:00:00Z
7414133,7.08.2022 04:31,28.11.2022 10:32,Phichit,department of highways,motorcycle,speeding,rollover/fallen on straight road,1,0,0,rainy,16.48035462,100.2470174,straight road,no slope,2022-08-06T21:31:00Z
6889124,7.08.2022 05:00,12.09.2022 09:39,Roi Et,department of highways,private/passenger car,speeding,rollover/fallen on straight road,1,0,0,clear,16.08257855,103.6450893,straight road,no slope,2022-08-06T22:00:00Z
7433935,7.08.2022 05:20,6.12.2022 09:54,Chanthaburi,department of highways,motorcycle,speeding,rollover/fallen on straight road,1,1,0,rainy,12.62023742,102.1475315,other,other,2022-08-06T22:20:00Z
6701492,7.08.2022 05:36,11.08.2022 10:58,Bangkok,department of highways,4-wheel pickup truck,speeding,rear-end collision,2,0,1,clear,13.72924962,100.7335728,straight road,no slope,2022-08-06T22:36:00Z
6674279,7.08.2022 06:20,7.08.2022 07:09,Pathum Thani,expressway authority of thailand,other,other,collision with obstruction (on road surface),1,0,0,clear,13.989373,100.568493,straight road,other,2022-08-06T23:20:00Z
6805555,7.08.2022 08:40,29.08.2022 10:54,Lamphun,department of highways,6-wheel truck,speeding,rear-end collision,2,0,2,clear,18.50199396,98.88420849,straight road,no slope,2022-08-07T01:40:00Z
7554712,7.08.2022 10:00,9.01.2023 14:19,Chiang Rai,department of highways,4-wheel pickup truck,driving under the influence of alcohol,collision with obstruction (on road surface),3,2,3,clear,19.77641625,99.74045007,straight road,no slope,2022-08-07T03:00:00Z
7554781,7.08.2022 10:00,9.01.2023 14:56,Phitsanulok,department of highways,4-wheel pickup truck,cutting in closely by people/vehicles/animals,rear-end collision,2,0,4,clear,16.84951104,100.221979,straight road,no slope,2022-08-07T03:00:00Z
6766165,7.08.2022 10:15,22.08.2022 14:33,Nakhon Si Thammarat,department of highways,4-wheel pickup truck,speeding,rollover/fallen on straight road,1,0,1,clear,8.849183298,99.9001488,other,other,2022-08-07T03:15:00Z
6805632,7.08.2022 10:30,29.08.2022 11:09,Sakon Nakhon,department of highways,4-wheel pickup truck,speeding,rollover/fallen on curved road,1,0,1,clear,17.83277265,103.7543222,wide curve,no slope,2022-08-07T03:30:00Z
6771831,7.08.2022 10:40,23.08.2022 13:54,Pathum Thani,department of highways,other,speeding,rollover/fallen on straight road,1,0,0,clear,14.04264005,100.6981596,straight road,no slope,2022-08-07T03:40:00Z
6829033,7.08.2022 10:50,2.09.2022 13:46,Loburi,department of highways,private/passenger car,running red lights/traffic signals,rear-end collision,2,0,2,clear,14.84598783,100.9101024,other,other,2022-08-07T03:50:00Z
7565547,7.08.2022 11:30,20.01.2023 11:59,Chachoengsao,department of highways,private/passenger car,slippery road,collision with obstruction (on road surface),2,0,0,rainy,13.72963655,101.0318103,straight road,no slope,2022-08-07T04:30:00Z
6741507,7.08.2022 11:55,18.08.2022 14:11,Samut Sakhon,department of highways,4-wheel pickup truck,speeding,rollover/fallen on straight road,1,0,2,clear,13.59138485,100.3339317,other,other,2022-08-07T04:55:00Z
6869283,7.08.2022 12:00,9.09.2022 09:42,Tak,department of highways,private/passenger car,speeding,rollover/fallen on straight road,1,0,1,clear,16.72625725,99.22562419,straight road,no slope,2022-08-07T05:00:00Z
6805457,7.08.2022 13:03,29.08.2022 10:35,Nakhon Phanom,department of highways,private/passenger car,speeding,rollover/fallen on curved road,1,0,2,clear,17.07330522,104.5721653,wide curve,no slope,2022-08-07T06:03:00Z
7561607,7.08.2022 13:04,17.01.2023 11:08,Bangkok,department of highways,motorcycle,speeding,rear-end collision,2,0,2,clear,13.68107415,100.4070823,straight road,no slope,2022-08-07T06:04:00Z
6806558,7.08.2022 13:20,29.08.2022 15:08,Yala,department of highways,motorcycle,speeding,head-on collision (not overtaking),2,1,3,clear,5.783646394,101.1174908,connecting to public/commercial area,other,2022-08-07T06:20:00Z
7026607,7.08.2022 13:30,3.10.2022 08:59,Phetchabun,department of highways,private/passenger car,speeding,rear-end collision,2,0,2,clear,16.75252324,101.2046385,straight road,no slope,2022-08-07T06:30:00Z
6694917,7.08.2022 13:51,10.08.2022 15:26,Samut Prakan,department of highways,private/passenger car,speeding,rear-end collision,4,0,1,clear,13.66595694,100.8501765,straight road,no slope,2022-08-07T06:51:00Z
6708635,7.08.2022 13:54,12.08.2022 15:41,Chon Buri,department of highways,4-wheel pickup truck,speeding,rear-end collision,2,0,0,clear,13.18286684,100.9959197,straight road,no slope,2022-08-07T06:54:00Z
6708165,7.08.2022 14:30,12.08.2022 13:50,Bangkok,department of highways,4-wheel pickup truck,speeding,rollover/fallen on straight road,1,0,1,clear,13.7770492,100.6871733,straight road,no slope,2022-08-07T07:30:00Z
6770767,7.08.2022 14:30,23.08.2022 09:25,Surat Thani,department of highways,large truck with trailer,speeding,rollover/fallen on straight road,1,0,1,clear,8.527459241,99.34663473,straight road,no slope,2022-08-07T07:30:00Z
7559316,7.08.2022 14:40,13.01.2023 12:53,Buri Ram,department of highways,4-wheel pickup truck,speeding,rollover/fallen on straight road,1,0,0,clear,15.21257604,103.2242372,straight road,no slope,2022-08-07T07:40:00Z
7555198,7.08.2022 15:00,10.01.2023 09:38,Uttaradit,department of highways,4-wheel pickup truck,speeding,rollover/fallen on straight road,1,0,0,clear,17.47672897,100.2355564,straight road,no slope,2022-08-07T08:00:00Z
7567009,7.08.2022 15:30,23.01.2023 09:05,Loei,department of highways,4-wheel pickup truck,speeding,rollover/fallen on straight road,1,0,1,clear,17.49284103,101.6917732,straight road,no slope,2022-08-07T08:30:00Z
6804949,7.08.2022 16:30,29.08.2022 09:01,Chiang Mai,department of highways,4-wheel pickup truck,speeding,rollover/fallen on curved road,1,0,0,rainy,19.15084394,98.69445561,wide curve,no slope,2022-08-07T09:30:00Z
6681151,7.08.2022 16:41,8.08.2022 13:57,Tak,department of rural roads,private/passenger car,speeding,other,2,0,0,dark,16.712029,98.577447,straight road,no slope,2022-08-07T09:41:00Z
7561353,7.08.2022 17:30,17.01.2023 08:53,Bangkok,department of highways,large passenger vehicle,cutting in closely by people/vehicles/animals,rear-end collision,2,0,0,clear,13.78168222,100.4242297,straight road,no slope,2022-08-07T10:30:00Z
6676911,7.08.2022 18:39,7.08.2022 20:25,Bangkok,expressway authority of thailand,other,other,rear-end collision,2,0,0,clear,13.78185776,100.5338655,straight road,other,2022-08-07T11:39:00Z
6809535,7.08.2022 18:50,30.08.2022 14:31,Chon Buri,department of highways,private/passenger car,cutting in closely by people/vehicles/animals,rear-end collision,2,0,0,clear,13.18806372,100.997808,straight road,no slope,2022-08-07T11:50:00Z
6702411,7.08.2022 19:10,11.08.2022 14:41,Phrae,department of highways,4-wheel pickup truck,speeding,rollover/fallen on curved road,1,0,0,rainy,17.9990653,99.80988442,wide curve,slope area,2022-08-07T12:10:00Z
6731475,7.08.2022 19:30,16.08.2022 20:53,Surin,department of highways,4-wheel pickup truck,cutting in closely by people/vehicles/animals,rear-end collision,2,0,3,rainy,14.62421163,103.9381608,straight road,no slope,2022-08-07T12:30:00Z
6723461,7.08.2022 19:35,15.08.2022 10:35,Roi Et,department of highways,motorcycle,speeding,rear-end collision,2,1,1,rainy,16.08902154,103.6426994,straight road,no slope,2022-08-07T12:35:00Z
6746541,7.08.2022 19:45,19.08.2022 11:02,Ang Thong,department of highways,private/passenger car,speeding,rollover/fallen on straight road,1,0,0,clear,14.69536355,100.3705761,straight road,no slope,2022-08-07T12:45:00Z
6747320,7.08.2022 20:00,19.08.2022 14:34,Trat,department of highways,4-wheel pickup truck,speeding,rollover/fallen on straight road,1,0,1,clear,12.36854518,102.3868838,straight road,no slope,2022-08-07T13:00:00Z
6809666,7.08.2022 20:00,30.08.2022 14:56,Nakhon Ratchasima,department of highways,private/passenger car,speeding,rollover/fallen on straight road,1,0,0,rainy,14.66893468,101.44512,straight road,no slope,2022-08-07T13:00:00Z
7145420,7.08.2022 20:00,21.10.2022 08:00,Kanchanaburi,department of highways,private/passenger car,speeding,rollover/fallen on straight road,2,0,0,clear,13.87616296,99.81207846,straight road,no slope,2022-08-07T13:00:00Z
6864695,7.08.2022 20:10,8.09.2022 14:47,Kamphaeng Phet,department of highways,large truck with trailer,speeding,rollover/fallen on straight road,1,0,0,rainy,16.06898832,99.73371504,straight road,no slope,2022-08-07T13:10:00Z
7438925,7.08.2022 20:50,7.12.2022 13:26,Phra Nakhon Si Ayutthaya,department of highways,4-wheel pickup truck,speeding,rollover/fallen on straight road,1,0,1,clear,14.32338692,100.6518701,other,other,2022-08-07T13:50:00Z
6746736,7.08.2022 21:00,19.08.2022 11:48,Saraburi,department of highways,large truck with trailer,speeding,rollover/fallen on straight road,1,0,0,clear,14.3887536,100.8873734,straight road,no slope,2022-08-07T14:00:00Z
7446735,7.08.2022 21:00,9.12.2022 11:05,Ratchaburi,department of highways,private/passenger car,speeding,rollover/fallen on straight road,1,0,0,clear,13.68599477,99.93283821,straight road,no slope,2022-08-07T14:00:00Z
7554365,7.08.2022 21:44,9.01.2023 10:41,Surat Thani,department of highways,private/passenger car,speeding,rollover/fallen on curved road,1,2,0,clear,9.107841146,99.33156608,other,other,2022-08-07T14:44:00Z
6813544,7.08.2022 21:50,31.08.2022 09:09,Suphan Buri,department of highways,private/passenger car,running red lights/traffic signals,rollover/fallen on straight road,1,0,3,clear,14.3190988,99.86493676,other,other,2022-08-07T14:50:00Z
7564279,7.08.2022 21:50,19.01.2023 12:06,Samut Sakhon,department of highways,4-wheel pickup truck,vehicle equipment failure,rollover/fallen on straight road,1,0,0,clear,13.59794422,100.3655523,straight road,no slope,2022-08-07T14:50:00Z
6809516,7.08.2022 22:00,30.08.2022 14:28,Phra Nakhon Si Ayutthaya,department of highways,6-wheel truck,speeding,rollover/fallen on curved road,1,0,1,clear,14.18979851,100.6341138,other,other,2022-08-07T15:00:00Z
6686587,7.08.2022 22:25,9.08.2022 10:55,Bangkok,department of highways,4-wheel pickup truck,speeding,rear-end collision,3,0,1,clear,13.692771370000001,100.6996938,straight road,no slope,2022-08-07T15:25:00Z
7555398,7.08.2022 22:50,10.01.2023 14:59,Phitsanulok,department of highways,private/passenger car,speeding,rollover/fallen on straight road,1,0,0,rainy,17.05554095,100.8105978,wide curve,no slope,2022-08-07T15:50:00Z
6813358,7.08.2022 23:30,31.08.2022 08:22,Prachin Buri,department of highways,private/passenger car,speeding,collision at intersection corner,2,0,2,rainy,14.10049978,101.3697633,other,other,2022-08-07T16:30:00Z
6909887,7.08.2022 23:30,15.09.2022 10:11,Bangkok,department of highways,private/passenger car,speeding,rollover/fallen on straight road,1,0,0,clear,13.80949273,100.812006,straight road,no slope,2022-08-07T16:30:00Z
7518732,7.08.2022 23:30,29.12.2022 14:54,Kamphaeng Phet,department of highways,4-wheel pickup truck,speeding,rollover/fallen on curved road,1,0,0,rainy,16.4762445,99.51698183,other,other,2022-08-07T16:30:00Z
7438940,7.08.2022 23:50,7.12.2022 14:42,Khon Kaen,department of highways,private/passenger car,speeding,rollover/fallen on straight road,1,0,1,clear,15.9290476,102.6695269,straight road,no slope,2022-08-07T16:50:00Z
6735839,7.08.2022 23:56,17.08.2022 15:09,Suphan Buri,department of highways,private/passenger car,speeding,rollover/fallen on curved road,1,0,0,clear,14.62098044,100.1417863,wide curve,no slope,2022-08-07T16:56:00Z
6804837,8.08.2022 00:30,29.08.2022 08:41,Chiang Mai,department of highways,4-wheel pickup truck,speeding,rollover/fallen on straight road,1,0,0,clear,18.80428589,98.96950273,wide curve,no slope,2022-08-07T17:30:00Z
6814972,8.08.2022 00:31,31.08.2022 13:48,Chon Buri,department of highways,4-wheel pickup truck,speeding,rollover/fallen on straight road,1,0,0,clear,13.30167795,100.9972662,straight road,no slope,2022-08-07T17:31:00Z
7554519,8.08.2022 00:50,9.01.2023 13:05,Chiang Mai,department of highways,private/passenger car,speeding,rear-end collision,2,0,0,clear,18.88647757,99.01333539,straight road,no slope,2022-08-07T17:50:00Z
7559184,8.08.2022 01:40,13.01.2023 10:35,Nakhon Ratchasima,department of highways,4-wheel pickup truck,speeding,rollover/fallen on straight road,1,0,0,rainy,14.82009586,102.1456754,straight road,no slope,2022-08-07T18:40:00Z
6747299,8.08.2022 01:45,19.08.2022 14:28,Chon Buri,department of highways,4-wheel pickup truck,speeding,rollover/fallen on straight road,1,1,2,rainy,13.45918131,101.0486466,other,other,2022-08-07T18:45:00Z
6735679,8.08.2022 02:40,17.08.2022 14:35,Kanchanaburi,department of highways,private/passenger car,speeding,rollover/fallen on straight road,1,0,1,clear,14.04036585,99.53852533,straight road,no slope,2022-08-07T19:40:00Z
6729770,8.08.2022 03:20,16.08.2022 13:48,Chumphon,department of highways,4-wheel pickup truck,speeding,rollover/fallen on straight road,1,0,0,clear,9.895880988,99.06346588,straight road,no slope,2022-08-07T20:20:00Z
6734946,8.08.2022 05:20,17.08.2022 11:24,Nakhon Sawan,department of highways,large truck with trailer,speeding,rollover/fallen on straight road,1,0,1,rainy,15.5394742,100.1265219,straight road,no slope,2022-08-07T22:20:00Z
6747213,8.08.2022 06:20,19.08.2022 14:11,Chachoengsao,department of highways,motorcycle,speeding,rear-end collision,2,2,0,rainy,13.61310619,101.2434447,straight road,no slope,2022-08-07T23:20:00Z
7414619,8.08.2022 06:20,29.11.2022 09:03,Kanchanaburi,department of highways,private/passenger car,speeding,rollover/fallen on straight road,1,0,0,clear,13.7824546,99.54716204,other,other,2022-08-07T23:20:00Z
7414156,8.08.2022 06:30,25.11.2022 13:49,Nakhon Ratchasima,department of highways,4-wheel pickup truck,speeding,rollover/fallen on straight road,1,0,0,clear,15.62473393,102.56675,straight road,no slope,2022-08-07T23:30:00Z
7026634,8.08.2022 07:25,3.10.2022 09:00,Phetchabun,department of highways,motorcycle,speeding,rear-end collision,2,0,1,rainy,16.76129916,101.2175748,straight road,no slope,2022-08-08T00:25:00Z
6896949,8.08.2022 07:30,13.09.2022 13:39,Rayong,department of highways,4-wheel pickup truck,speeding,rollover/fallen on straight road,1,0,3,clear,12.7852402,101.1598375,straight road,no slope,2022-08-08T00:30:00Z
7357806,8.08.2022 07:30,21.11.2022 11:01,Khon Kaen,department of highways,4-wheel pickup truck,speeding,rollover/fallen on straight road,1,0,0,rainy,16.44898892,102.6737809,straight road,no slope,2022-08-08T00:30:00Z
7055398,8.08.2022 07:56,7.10.2022 14:33,Suphan Buri,department of highways,private/passenger car,falling asleep,rollover/fallen on straight road,1,0,0,clear,14.78363547,99.74398522,other,other,2022-08-08T00:56:00Z
7513959,8.08.2022 08:00,28.12.2022 08:59,Kamphaeng Phet,department of highways,other,speeding,rollover/fallen on straight road,1,0,0,clear,16.22842501,99.3358979,straight road,no slope,2022-08-08T01:00:00Z
6734938,8.08.2022 08:30,17.08.2022 11:22,Nakhon Sawan,department of highways,private/passenger car,illegal overtaking,rear-end collision,2,0,0,rainy,15.49032013,100.1308644,other,other,2022-08-08T01:30:00Z
7380561,8.08.2022 09:00,24.11.2022 14:11,Si Sa Ket,department of highways,other,speeding,rollover/fallen on straight road,1,0,0,clear,14.64566344,104.6411946,other,other,2022-08-08T02:00:00Z
6726320,8.08.2022 09:30,15.08.2022 21:32,Udon Thani,department of highways,private/passenger car,speeding,rollover/fallen on straight road,1,0,1,clear,17.36453697,103.03615,straight road,no slope,2022-08-08T02:30:00Z
6735717,8.08.2022 09:30,17.08.2022 14:44,Chai Nat,department of highways,4-wheel pickup truck,speeding,rollover/fallen on straight road,1,0,0,rainy,15.36580494,100.1568603,straight road,no slope,2022-08-08T02:30:00Z
6806528,8.08.2022 09:45,29.08.2022 14:58,Narathiwat,department of highways,4-wheel pickup truck,speeding,rollover/fallen on curved road,1,0,0,clear,6.325698235,101.7582303,wide curve,slope area,2022-08-08T02:45:00Z
7447251,8.08.2022 10:30,9.12.2022 10:00,Chaiyaphum,department of highways,private/passenger car,speeding,rollover/fallen on straight road,1,0,0,rainy,15.49471162,101.8211147,straight road,no slope,2022-08-08T03:30:00Z
7555304,8.08.2022 11:00,10.01.2023 11:40,Phitsanulok,department of highways,large truck with trailer,vehicle equipment failure,rollover/fallen on straight road,1,0,0,clear,16.70113602,100.4321515,straight road,no slope,2022-08-08T04:00:00Z
6896896,8.08.2022 11:20,13.09.2022 13:32,Chon Buri,department of highways,7-10-wheel truck,speeding,rollover/fallen on curved road,1,0,0,rainy,13.30437433,101.134716,wide curve,no slope,2022-08-08T04:20:00Z
6734963,8.08.2022 11:30,17.08.2022 11:29,Nakhon Sawan,department of highways,4-wheel pickup truck,speeding,rollover/fallen on straight road,2,0,0,rainy,15.41612367,100.1472688,straight road,no slope,2022-08-08T04:30:00Z
6740275,8.08.2022 12:00,18.08.2022 09:28,Phra Nakhon Si Ayutthaya,department of highways,4-wheel pickup truck,speeding,rollover/fallen on straight road,1,0,0,rainy,14.49618141,100.5231857,straight road,no slope,2022-08-08T05:00:00Z
6809671,8.08.2022 12:00,30.08.2022 14:59,Nakhon Ratchasima,department of highways,4-wheel pickup truck,speeding,rollover/fallen on straight road,1,0,0,rainy,14.63579421,101.2511372,other,other,2022-08-08T05:00:00Z
7566735,8.08.2022 12:00,22.01.2023 07:29,Chachoengsao,department of highways,large truck with trailer,speeding,rollover/fallen on straight road,2,0,2,rainy,13.74891045,101.0058063,straight road,no slope,2022-08-08T05:00:00Z
6864439,8.08.2022 12:20,8.09.2022 14:00,Chumphon,department of highways,4-wheel pickup truck,speeding,rollover/fallen on curved road,1,0,1,clear,9.786392226,99.10911976,wide curve,slope area,2022-08-08T05:20:00Z
6722828,8.08.2022 12:30,15.08.2022 08:21,Tak,department of highways,6-wheel truck,speeding,rollover/fallen on curved road,1,0,0,rainy,16.80971743,98.95888387,wide curve,slope area,2022-08-08T05:30:00Z
6889727,8.08.2022 12:30,12.09.2022 11:39,Nakhon Ratchasima,department of highways,4-wheel pickup truck,speeding,rollover/fallen on curved road,1,0,0,rainy,14.47457482,101.91269870000001,wide curve,slope area,2022-08-08T05:30:00Z
6852229,8.08.2022 12:37,6.09.2022 14:28,Ratchaburi,department of highways,4-wheel pickup truck,cutting in closely by people/vehicles/animals,rear-end collision,2,0,1,rainy,13.3671629,99.81939821,straight road,no slope,2022-08-08T05:37:00Z
6808641,8.08.2022 13:29,30.08.2022 10:30,Chon Buri,department of highways,private/passenger car,speeding,rear-end collision,2,0,2,clear,13.33310595,101.0205343,straight road,no slope,2022-08-08T06:29:00Z
7554518,8.08.2022 13:30,9.01.2023 13:06,Chiang Mai,department of highways,4-wheel pickup truck,speeding,rollover/fallen on curved road,1,0,1,rainy,19.09458972,99.14392142,wide curve,no slope,2022-08-08T06:30:00Z