acc_code,incident_datetime,report_datetime,province_en,agency,vehicle_type,presumed_cause,accident_type,number_of_vehicles_involved,number_of_fatalities,number_of_injuries,weather_condition,latitude,longitude,road_description,slope_description,incident_time
6686629,8.08.2022 13:40,9.08.2022 11:02,Nakhon Ratchasima,department of highways,private/passenger car,speeding,rollover/fallen on curved road,1,0,1,rainy,14.43730371,101.8860805,wide curve,slope area,2022-08-08T06:40:00Z
6702620,8.08.2022 14:10,11.08.2022 15:37,Nan,department of highways,4-wheel pickup truck,speeding,rollover/fallen on curved road,1,0,0,clear,18.77858624,100.9694061,wide curve,slope area,2022-08-08T07:10:00Z
7088060,8.08.2022 14:29,11.10.2022 10:52,Saraburi,department of highways,large truck with trailer,speeding,rollover/fallen on straight road,1,0,1,rainy,14.4293474,100.8950338,other,other,2022-08-08T07:29:00Z
6687695,8.08.2022 14:37,9.08.2022 14:40,Bangkok,department of highways,private/passenger car,speeding,rollover/fallen on straight road,1,0,0,clear,13.73737887,100.6592461,straight road,no slope,2022-08-08T07:37:00Z
6694969,8.08.2022 16:00,10.08.2022 15:38,Kanchanaburi,department of highways,private/passenger car,speeding,rollover/fallen on curved road,1,1,0,rainy,14.64530791,99.722836,wide curve,no slope,2022-08-08T09:00:00Z
6722827,8.08.2022 16:00,15.08.2022 08:20,Tak,department of highways,6-wheel truck,speeding,rollover/fallen on curved road,1,0,0,rainy,16.92169324,99.29414122,wide curve,no slope,2022-08-08T09:00:00Z
6729020,8.08.2022 16:20,16.08.2022 10:39,Nakhon Si Thammarat,department of highways,6-wheel truck,speeding,rollover/fallen on straight road,1,0,0,clear,8.283094647,99.99767123,straight road,no slope,2022-08-08T09:20:00Z
6686165,8.08.2022 16:30,9.08.2022 09:58,Surat Thani,department of highways,private/passenger car,speeding,rollover/fallen on straight road,1,0,2,clear,9.156483497,99.27822499,straight road,no slope,2022-08-08T09:30:00Z
7026683,8.08.2022 16:58,3.10.2022 09:10,Phetchabun,department of highways,4-wheel pickup truck,running red lights/traffic signals,collision at intersection corner,2,0,0,clear,16.76534412,101.1853695,other,other,2022-08-08T09:58:00Z
7561613,8.08.2022 17:20,17.01.2023 11:12,Bangkok,department of highways,4-wheel pickup truck,speeding,rear-end collision,3,0,1,clear,13.68781866,100.4071078,straight road,no slope,2022-08-08T10:20:00Z
7563873,8.08.2022 18:30,19.01.2023 08:39,Phra Nakhon Si Ayutthaya,department of highways,large truck with trailer,speeding,rollover/fallen on straight road,1,0,1,rainy,14.20490097,100.5481624,other,other,2022-08-08T11:30:00Z
6771962,8.08.2022 19:55,23.08.2022 14:27,Bangkok,department of highways,4-wheel pickup truck,speeding,rollover/fallen on straight road,1,0,0,clear,13.73272283,100.7887968,straight road,no slope,2022-08-08T12:55:00Z
6806464,8.08.2022 20:00,29.08.2022 14:30,Sakon Nakhon,department of highways,private/passenger car,speeding,rollover/fallen on straight road,1,1,0,clear,17.30398373,103.9775357,straight road,no slope,2022-08-08T13:00:00Z
6695240,8.08.2022 20:30,10.08.2022 16:41,Chumphon,department of highways,large truck with trailer,speeding,rollover/fallen on straight road,1,0,0,clear,9.922421841,99.05956058,straight road,no slope,2022-08-08T13:30:00Z
6827925,8.08.2022 21:11,2.09.2022 10:21,Pathum Thani,expressway authority of thailand,4-wheel pickup truck,other,side collision,2,0,0,clear,14.031585,100.579201,straight road,other,2022-08-08T14:11:00Z
6815282,8.08.2022 21:50,31.08.2022 14:53,Phrae,department of highways,4-wheel pickup truck,speeding,rollover/fallen on curved road,1,0,1,rainy,18.29304989,100.2671957,wide curve,no slope,2022-08-08T14:50:00Z
6808502,8.08.2022 22:00,30.08.2022 10:07,Chon Buri,department of highways,large truck with trailer,speeding,rollover/fallen on straight road,1,0,0,rainy,13.11332512,100.960418,straight road,no slope,2022-08-08T15:00:00Z
7542616,8.08.2022 22:00,3.01.2023 14:03,Loei,department of highways,4-wheel pickup truck,speeding,rollover/fallen on curved road,1,0,0,rainy,17.16989438,101.1646011,wide curve,slope area,2022-08-08T15:00:00Z
7434219,8.08.2022 23:20,6.12.2022 11:11,Lamphun,department of highways,private/passenger car,speeding,rollover/fallen on straight road,1,0,1,rainy,18.61302043,99.0448433,other,other,2022-08-08T16:20:00Z
6692605,9.08.2022 00:50,10.08.2022 10:02,Bangkok,department of highways,4-wheel pickup truck,speeding,rear-end collision,2,0,1,rainy,13.68185468,100.6993291,straight road,no slope,2022-08-08T17:50:00Z
6804830,9.08.2022 00:50,29.08.2022 08:38,Chiang Mai,department of highways,4-wheel pickup truck,speeding,rollover/fallen on straight road,1,0,2,clear,18.81125543,98.99605928,straight road,no slope,2022-08-08T17:50:00Z
7564245,9.08.2022 01:15,19.01.2023 11:39,Sakon Nakhon,department of highways,motorcycle,cutting in closely by people/vehicles/animals,other,2,1,0,rainy,17.47402728,103.4676504,connecting to public/commercial area,other,2022-08-08T18:15:00Z
6813567,9.08.2022 01:30,31.08.2022 09:13,Udon Thani,department of highways,large truck with trailer,speeding,rollover/fallen on straight road,1,0,1,rainy,17.36355394,103.0733469,straight road,no slope,2022-08-08T18:30:00Z
7333038,9.08.2022 01:30,2.11.2022 14:25,Prachin Buri,department of highways,private/passenger car,speeding,rollover/fallen on straight road,1,0,0,rainy,13.8938482,101.579669,other,other,2022-08-08T18:30:00Z
6808124,9.08.2022 02:30,30.08.2022 08:50,Songkhla,department of highways,4-wheel pickup truck,speeding,rollover/fallen on straight road,1,0,0,clear,6.849837978,100.4703596,straight road,no slope,2022-08-08T19:30:00Z
6687437,9.08.2022 02:53,9.08.2022 13:54,Bangkok,department of highways,6-wheel truck,speeding,rear-end collision,2,0,1,clear,13.73262903,100.7878956,straight road,no slope,2022-08-08T19:53:00Z
6805685,9.08.2022 03:30,29.08.2022 11:16,buogkan,department of highways,private/passenger car,speeding,rollover/fallen on straight road,1,0,1,clear,18.42097475,103.4830892,straight road,no slope,2022-08-08T20:30:00Z
7147086,9.08.2022 03:40,21.10.2022 14:05,Suphan Buri,department of highways,private/passenger car,speeding,rollover/fallen on straight road,1,0,1,clear,14.62976034,100.1503023,straight road,no slope,2022-08-08T20:40:00Z
6735062,9.08.2022 04:30,17.08.2022 11:45,Sing Buri,department of highways,large truck with trailer,falling asleep,rollover/fallen on curved road,1,0,0,rainy,14.87340878,100.4384869,wide curve,no slope,2022-08-08T21:30:00Z
6869078,9.08.2022 06:00,9.09.2022 09:09,Samut Songkhram,department of highways,large truck with trailer,speeding,rear-end collision,3,0,2,rainy,13.38577867,99.99335288,straight road,no slope,2022-08-08T23:00:00Z
7555959,9.08.2022 06:00,11.01.2023 09:08,Phitsanulok,department of highways,motorcycle,speeding,rollover/fallen on straight road,1,0,1,clear,17.06180274,100.8098656,straight road,no slope,2022-08-08T23:00:00Z
6735038,9.08.2022 06:30,17.08.2022 11:41,Sing Buri,department of highways,motorcycle,speeding,rear-end collision,2,0,2,rainy,14.77950152,100.4536709,straight road,no slope,2022-08-08T23:30:00Z
7567430,9.08.2022 07:20,23.01.2023 15:16,Chanthaburi,department of highways,6-wheel truck,vehicle equipment failure,rollover/fallen on straight road,1,0,0,clear,12.396365,102.3553008,straight road,no slope,2022-08-09T00:20:00Z
7473918,9.08.2022 07:30,20.12.2022 12:55,Phangnga,department of highways,6-wheel truck,speeding,collision with obstruction (on road surface),1,0,1,clear,8.307772895,98.39001148,wide curve,slope area,2022-08-09T00:30:00Z
6771965,9.08.2022 07:47,23.08.2022 14:29,Chon Buri,department of highways,private/passenger car,speeding,rollover/fallen on straight road,1,1,0,clear,13.06731359,100.995512,straight road,no slope,2022-08-09T00:47:00Z
7564965,9.08.2022 08:00,20.01.2023 06:36,Bangkok,department of highways,private/passenger car,speeding,rear-end collision,3,0,1,clear,13.67156948,100.6158547,straight road,no slope,2022-08-09T01:00:00Z
7562320,9.08.2022 08:20,18.01.2023 07:25,Nakhon Si Thammarat,department of highways,4-wheel pickup truck,speeding,rollover/fallen on straight road,1,0,0,clear,8.199190861,99.59056018,straight road,no slope,2022-08-09T01:20:00Z
6765236,9.08.2022 08:30,22.08.2022 11:07,Prachuap Khiri Khan,department of highways,other,speeding,rollover/fallen on straight road,1,0,0,rainy,11.45735776,99.57404314,straight road,no slope,2022-08-09T01:30:00Z
6741645,9.08.2022 08:40,18.08.2022 14:42,Pathum Thani,department of highways,other,speeding,rollover/fallen on straight road,1,0,0,rainy,14.06163425,100.6970277,straight road,no slope,2022-08-09T01:40:00Z
6747295,9.08.2022 09:00,19.08.2022 14:25,Chon Buri,department of highways,other,speeding,rollover/fallen on straight road,1,0,0,clear,13.45181727,101.0054254,straight road,no slope,2022-08-09T02:00:00Z
7414137,9.08.2022 09:00,28.11.2022 10:34,Uttaradit,department of highways,private/passenger car,cutting in closely by people/vehicles/animals,rear-end collision,2,0,0,clear,17.31077744,100.0538528,straight road,no slope,2022-08-09T02:00:00Z
7561506,9.08.2022 09:25,17.01.2023 10:08,Nakhon Ratchasima,department of highways,private/passenger car,speeding,rollover/fallen on straight road,1,0,0,clear,14.66018061,101.3908341,straight road,no slope,2022-08-09T02:25:00Z
6693471,9.08.2022 10:35,10.08.2022 10:45,Bangkok,department of highways,6-wheel truck,speeding,rear-end collision,2,0,0,clear,13.74006511,100.6478307,straight road,no slope,2022-08-09T03:35:00Z
7516990,9.08.2022 10:54,29.12.2022 08:57,Khon Kaen,department of highways,4-wheel pickup truck,speeding,rollover/fallen on straight road,1,0,0,clear,16.67365789,102.8045547,other,other,2022-08-09T03:54:00Z
6806576,9.08.2022 11:00,29.08.2022 15:10,Yala,department of highways,6-wheel truck,speeding,rear-end collision,2,0,1,clear,6.372628894,101.2983388,straight road,no slope,2022-08-09T04:00:00Z
6963382,9.08.2022 11:20,23.09.2022 11:33,Songkhla,department of highways,4-wheel pickup truck,speeding,rollover/fallen on straight road,1,0,2,clear,6.99002754,100.599111,straight road,no slope,2022-08-09T04:20:00Z
6747216,9.08.2022 11:30,19.08.2022 14:12,Chachoengsao,department of highways,4-wheel pickup truck,speeding,rear-end collision,2,1,2,clear,13.74369187,101.3473025,straight road,no slope,2022-08-09T04:30:00Z
7561219,9.08.2022 12:30,17.01.2023 07:17,Bangkok,department of highways,4-wheel pickup truck,speeding,rear-end collision,4,0,0,clear,13.78574206,100.3811198,straight road,no slope,2022-08-09T05:30:00Z
6852074,9.08.2022 13:30,6.09.2022 13:53,Samut Prakan,department of highways,other,speeding,rollover/fallen on curved road,1,0,0,clear,13.64946125,100.6872511,wide curve,no slope,2022-08-09T06:30:00Z
7569654,9.08.2022 13:40,25.01.2023 15:09,Nakhon Ratchasima,department of highways,private/passenger car,speeding,rollover/fallen on straight road,1,0,0,clear,14.65496133,101.3186847,straight road,no slope,2022-08-09T06:40:00Z
6772020,9.08.2022 14:40,23.08.2022 14:35,Bangkok,department of highways,private/passenger car,speeding,rear-end collision,2,0,0,clear,13.86018729,100.6763559,straight road,no slope,2022-08-09T07:40:00Z
7356950,9.08.2022 14:40,21.11.2022 08:41,Loburi,department of highways,4-wheel pickup truck,illegal overtaking,rollover/fallen on straight road,1,0,0,clear,15.30132295,101.1261463,straight road,no slope,2022-08-09T07:40:00Z
6804838,9.08.2022 14:45,29.08.2022 08:44,Chiang Mai,department of highways,4-wheel pickup truck,speeding,rollover/fallen on curved road,1,0,1,rainy,19.05908837,99.36270385,wide curve,no slope,2022-08-09T07:45:00Z
6789639,9.08.2022 15:00,26.08.2022 13:48,Phrae,department of highways,4-wheel pickup truck,speeding,rollover/fallen on curved road,1,0,0,rainy,17.89549972,100.054813,wide curve,no slope,2022-08-09T08:00:00Z
6770672,9.08.2022 16:00,23.08.2022 09:11,Surat Thani,department of highways,private/passenger car,speeding,rollover/fallen on straight road,1,1,4,clear,9.113243825,99.18285637,straight road,no slope,2022-08-09T09:00:00Z
7561611,9.08.2022 16:00,17.01.2023 11:05,Bangkok,department of highways,large truck with trailer,speeding,rear-end collision,2,0,0,clear,13.6781592,100.4066545,straight road,no slope,2022-08-09T09:00:00Z
6694636,9.08.2022 16:04,10.08.2022 14:32,Bangkok,department of highways,private/passenger car,speeding,rear-end collision,2,0,0,clear,13.89079139,100.6899574,straight road,no slope,2022-08-09T09:04:00Z
6805581,9.08.2022 16:10,29.08.2022 10:55,Nakhon Phanom,department of highways,motorcycle,speeding,rear-end collision,2,0,1,clear,17.0722873,104.5709449,other,other,2022-08-09T09:10:00Z
7554516,9.08.2022 16:10,9.01.2023 13:02,Chiang Mai,department of highways,motorcycle,speeding,rear-end collision,2,0,1,clear,18.84086703,99.02330248,straight road,no slope,2022-08-09T09:10:00Z
6804829,9.08.2022 16:20,29.08.2022 08:35,Chiang Mai,department of highways,motorcycle,speeding,rear-end collision,2,0,1,clear,18.44723481,98.67587863,straight road,no slope,2022-08-09T09:20:00Z
7555231,9.08.2022 16:20,10.01.2023 10:28,Uttaradit,department of highways,large truck with trailer,speeding,rollover/fallen on curved road,1,0,0,clear,17.46967022,100.263344,wide curve,no slope,2022-08-09T09:20:00Z
6746105,9.08.2022 16:40,19.08.2022 09:43,Phra Nakhon Si Ayutthaya,department of highways,4-wheel pickup truck,vehicle equipment failure,rollover/fallen on straight road,1,0,0,clear,14.16738999,100.6492334,straight road,no slope,2022-08-09T09:40:00Z
6806482,9.08.2022 16:40,29.08.2022 14:35,Sakon Nakhon,department of highways,4-wheel pickup truck,speeding,rollover/fallen on straight road,1,1,1,rainy,17.34159822,103.6935273,straight road,no slope,2022-08-09T09:40:00Z
6735856,9.08.2022 17:40,17.08.2022 15:11,Suphan Buri,department of highways,private/passenger car,speeding,rear-end collision,2,0,0,clear,14.43325416,100.0785586,straight road,no slope,2022-08-09T10:40:00Z
7522146,9.08.2022 18:00,30.12.2022 13:00,Phuket,department of highways,4-wheel pickup truck,speeding,rollover/fallen on curved road,1,0,0,rainy,7.841437157,98.30239175,wide curve,no slope,2022-08-09T11:00:00Z
7562315,9.08.2022 21:10,18.01.2023 07:22,Nakhon Si Thammarat,department of highways,private/passenger car,speeding,rear-end collision,2,0,1,clear,8.142828294,99.79851721,straight road,no slope,2022-08-09T14:10:00Z
6864753,9.08.2022 21:15,8.09.2022 14:55,Samut Songkhram,department of highways,private/passenger car,speeding,rear-end collision,2,0,0,clear,13.35855908,99.94154064,straight road,no slope,2022-08-09T14:15:00Z
7568350,9.08.2022 21:34,24.01.2023 13:40,Buri Ram,department of highways,4-wheel pickup truck,speeding,head-on collision (not overtaking),2,0,17,rainy,14.28772291,102.7273044,straight road,no slope,2022-08-09T14:34:00Z
6735565,9.08.2022 23:10,17.08.2022 14:18,Chai Nat,department of highways,4-wheel pickup truck,speeding,rollover/fallen on curved road,1,0,0,clear,15.22771141,100.1795196,wide curve,no slope,2022-08-09T16:10:00Z
7040780,9.08.2022 23:40,5.10.2022 10:31,Yasothon,department of highways,4-wheel pickup truck,speeding,rollover/fallen on straight road,1,0,1,clear,16.02265393,104.3374586,straight road,no slope,2022-08-09T16:40:00Z
7441295,10.08.2022 00:05,8.12.2022 09:59,unknown,department of highways,4-wheel pickup truck,speeding,collision with obstruction (on road surface),2,0,1,clear,13.66660981,100.4468594,straight road,no slope,2022-08-09T17:05:00Z
7555312,10.08.2022 00:05,10.01.2023 11:42,Phitsanulok,department of highways,private/passenger car,speeding,rollover/fallen on straight road,1,0,0,rainy,16.70719378,100.5769694,straight road,no slope,2022-08-09T17:05:00Z
7559126,10.08.2022 00:05,13.01.2023 10:15,Nakhon Ratchasima,department of highways,4-wheel pickup truck,speeding,rollover/fallen on straight road,1,0,1,clear,15.20152145,102.3523369,straight road,no slope,2022-08-09T17:05:00Z
6805096,10.08.2022 00:50,29.08.2022 09:34,Lampang,department of highways,private/passenger car,speeding,rollover/fallen on curved road,1,0,2,rainy,17.47754254,99.35227005,wide curve,no slope,2022-08-09T17:50:00Z
7555191,10.08.2022 01:30,10.01.2023 09:37,Uttaradit,department of highways,4-wheel pickup truck,speeding,rear-end collision,2,0,0,rainy,17.39453733,100.231694,wide curve,no slope,2022-08-09T18:30:00Z
6788695,10.08.2022 01:37,26.08.2022 10:13,Samut Prakan,expressway authority of thailand,other,other,side collision,2,0,3,clear,13.590492,100.825861,straight road,other,2022-08-09T18:37:00Z
6869390,10.08.2022 03:29,9.09.2022 10:08,Tak,department of highways,private/passenger car,speeding,rollover/fallen on straight road,1,0,0,rainy,16.72227568,98.5724902,straight road,no slope,2022-08-09T20:29:00Z
6815507,10.08.2022 04:00,31.08.2022 15:33,Krabi,department of highways,private/passenger car,speeding,rollover/fallen on curved road,1,0,0,clear,7.933910864,99.14511232,wide curve,no slope,2022-08-09T21:00:00Z
6713574,10.08.2022 04:08,13.08.2022 14:30,Chon Buri,department of highways,4-wheel pickup truck,speeding,rear-end collision,2,0,0,clear,13.37822711,101.0434297,straight road,no slope,2022-08-09T21:08:00Z
6740277,10.08.2022 04:25,18.08.2022 09:29,Ang Thong,department of highways,private/passenger car,speeding,rollover/fallen on straight road,1,0,0,clear,14.49115651,100.4695818,straight road,no slope,2022-08-09T21:25:00Z
7414307,10.08.2022 04:40,28.11.2022 11:45,Nakhon Ratchasima,department of highways,6-wheel truck,speeding,rollover/fallen on straight road,1,0,0,clear,14.84364145,102.0633235,straight road,no slope,2022-08-09T21:40:00Z
6765954,10.08.2022 05:35,22.08.2022 13:48,Ratchaburi,department of highways,private/passenger car,speeding,rollover/fallen on straight road,1,0,0,clear,13.63207032,99.55685286,straight road,no slope,2022-08-09T22:35:00Z
6740303,10.08.2022 05:50,18.08.2022 09:31,Ang Thong,department of highways,7-10-wheel truck,speeding,rollover/fallen on straight road,1,0,0,clear,14.70910861,100.4558006,straight road,no slope,2022-08-09T22:50:00Z
6869413,10.08.2022 06:00,9.09.2022 10:10,Tak,department of highways,6-wheel truck,speeding,collision with obstruction (on road surface),1,0,0,clear,16.73611577,98.60338925,other,other,2022-08-09T23:00:00Z
7562319,10.08.2022 06:00,18.01.2023 07:25,Nakhon Si Thammarat,department of highways,4-wheel pickup truck,falling asleep,rollover/fallen on straight road,1,0,0,clear,8.1599511,99.71884219,straight road,no slope,2022-08-09T23:00:00Z
6695079,10.08.2022 06:03,10.08.2022 16:00,Prachuap Khiri Khan,department of highways,7-10-wheel truck,cutting in closely by people/vehicles/animals,rear-end collision,3,1,1,clear,12.55074373,99.8731765,straight road,no slope,2022-08-09T23:03:00Z
6829007,10.08.2022 06:15,2.09.2022 13:41,Saraburi,department of highways,4-wheel pickup truck,speeding,rollover/fallen on straight road,1,0,0,clear,14.70647797,100.8985743,other,other,2022-08-09T23:15:00Z
7526923,10.08.2022 06:30,31.12.2022 09:07,Phuket,department of highways,4-wheel pickup truck,speeding,rollover/fallen on straight road,1,0,0,clear,8.110516263,98.33542048,straight road,no slope,2022-08-09T23:30:00Z
6988572,10.08.2022 07:30,27.09.2022 10:28,Surat Thani,department of highways,private/passenger car,speeding,rollover/fallen on straight road,1,0,0,clear,9.164239494,99.28807406,straight road,no slope,2022-08-10T00:30:00Z
6821772,10.08.2022 08:00,1.09.2022 10:59,Mukdahan,department of highways,private/passenger car,speeding,rollover/fallen on curved road,1,0,1,clear,16.72912136,104.5138889,wide curve,no slope,2022-08-10T01:00:00Z
6845565,10.08.2022 08:21,5.09.2022 10:58,Bangkok,expressway authority of thailand,other,other,other,1,0,0,clear,13.889656,100.654113,wide curve,other,2022-08-10T01:21:00Z
6916955,10.08.2022 08:30,16.09.2022 10:53,Samut Sakhon,department of highways,4-wheel pickup truck,speeding,rollover/fallen on straight road,1,0,1,clear,13.52293346,100.1797959,straight road,no slope,2022-08-10T01:30:00Z
7559338,10.08.2022 08:30,13.01.2023 13:05,Sa Kaeo,department of highways,large truck with trailer,falling asleep,rollover/fallen on straight road,1,0,0,clear,14.14547083,102.664125,straight road,slope area,2022-08-10T01:30:00Z
6731473,10.08.2022 09:00,16.08.2022 20:50,Ubon Ratchathani,department of highways,other,speeding,rollover/fallen on straight road,1,0,0,clear,15.27345255,104.91373659999999,straight road,no slope,2022-08-10T02:00:00Z
6890545,10.08.2022 09:00,12.09.2022 14:24,Phatthalung,department of highways,4-wheel pickup truck,other,rollover/fallen on straight road,1,0,1,clear,7.787871313,99.96156602,straight road,no slope,2022-08-10T02:00:00Z
7414236,10.08.2022 09:00,25.11.2022 14:25,Tak,department of highways,motorcycle,cutting in closely by people/vehicles/animals,rear-end collision,2,0,1,clear,16.88788726,99.16671215,straight road,no slope,2022-08-10T02:00:00Z
7515036,10.08.2022 09:00,28.12.2022 14:41,Lamphun,department of highways,private/passenger car,speeding,rear-end collision,2,0,0,clear,18.44035211,98.97321491,straight road,no slope,2022-08-10T02:00:00Z
6702091,10.08.2022 09:30,11.08.2022 13:34,Prachuap Khiri Khan,department of highways,4-wheel pickup truck,speeding,rollover/fallen on curved road,1,0,0,rainy,11.21961861,99.41247223,wide curve,no slope,2022-08-10T02:30:00Z
6790106,10.08.2022 09:39,26.08.2022 15:22,Sa Kaeo,department of highways,large truck with trailer,speeding,rear-end collision,2,0,0,clear,13.77345161,102.0938927,straight road,no slope,2022-08-10T02:39:00Z
7331836,10.08.2022 10:00,10.08.2022 11:30,Suphan Buri,department of highways,4-wheel pickup truck,speeding,rear-end collision,2,0,2,clear,14.15786109,100.1697725,straight road,no slope,2022-08-10T03:00:00Z
6804990,10.08.2022 11:00,29.08.2022 09:10,Mae Hong Son,department of highways,other,speeding,rollover/fallen on curved road,1,0,0,clear,19.36389976,97.96832799,wide curve,no slope,2022-08-10T04:00:00Z
7562821,10.08.2022 14:00,18.01.2023 11:39,Surat Thani,department of highways,other,speeding,rollover/fallen on straight road,1,0,0,clear,8.854764749,99.30237828,straight road,no slope,2022-08-10T07:00:00Z
6707553,10.08.2022 14:11,12.08.2022 11:18,Samut Prakan,department of highways,private/passenger car,speeding,rear-end collision,2,0,1,clear,13.68377276,100.8330613,straight road,no slope,2022-08-10T07:11:00Z
7561651,10.08.2022 14:40,17.01.2023 11:49,Bangkok,department of highways,private/passenger car,speeding,rear-end collision,3,0,1,clear,13.65301903,100.4247245,straight road,no slope,2022-08-10T07:40:00Z
6770703,10.08.2022 14:50,23.08.2022 09:15,Surat Thani,department of highways,other,speeding,rear-end collision,3,0,1,clear,9.128558917,99.26624088,straight road,no slope,2022-08-10T07:50:00Z
6869916,10.08.2022 15:25,9.09.2022 11:40,Maha Sarakham,department of highways,motorcycle,cutting in closely by people/vehicles/animals,other,2,1,0,clear,16.0076184,103.185482,connecting to private area,other,2022-08-10T08:25:00Z
6724253,10.08.2022 15:30,15.08.2022 13:52,Chumphon,department of highways,4-wheel pickup truck,speeding,rollover/fallen on straight road,1,0,0,clear,9.851423891,99.0563473,straight road,no slope,2022-08-10T08:30:00Z
6770704,10.08.2022 15:40,23.08.2022 09:18,Surat Thani,department of highways,4-wheel pickup truck,speeding,rear-end collision,2,0,0,clear,9.151356872,99.36886756,other,other,2022-08-10T08:40:00Z
7356952,10.08.2022 16:05,21.11.2022 08:42,Loburi,department of highways,4-wheel pickup truck,vehicle equipment failure,rollover/fallen on straight road,1,0,1,clear,15.42083477,100.864706,straight road,no slope,2022-08-10T09:05:00Z
6805391,10.08.2022 16:20,29.08.2022 10:25,Lamphun,department of highways,large truck with trailer,speeding,rollover/fallen on straight road,1,0,0,clear,18.58832644,99.04222815,straight road,no slope,2022-08-10T09:20:00Z
6809408,10.08.2022 16:25,30.08.2022 14:03,Bangkok,department of highways,private/passenger car,speeding,rear-end collision,3,0,1,clear,13.86650738,100.6777614,straight road,no slope,2022-08-10T09:25:00Z
6731461,10.08.2022 16:30,16.08.2022 20:48,Ubon Ratchathani,department of highways,large truck with trailer,cutting in closely by people/vehicles/animals,rear-end collision,2,0,1,clear,15.22319783,104.9609944,straight road,no slope,2022-08-10T09:30:00Z
6804969,10.08.2022 16:30,29.08.2022 09:08,Mae Hong Son,department of highways,private/passenger car,speeding,rollover/fallen on straight road,1,0,1,clear,18.88182571,97.94071733,straight road,no slope,2022-08-10T09:30:00Z
6772238,10.08.2022 16:39,23.08.2022 15:23,Samut Prakan,department of highways,4-wheel pickup truck,speeding,rollover/fallen on straight road,1,0,0,clear,13.67236568,100.8402336,straight road,no slope,2022-08-10T09:39:00Z
7192616,10.08.2022 17:30,28.10.2022 09:13,Saraburi,department of rural roads,motorcycle,speeding,other,1,2,0,clear,14.667587,100.807398,t-intersection,other,2022-08-10T10:30:00Z
6735588,10.08.2022 17:32,17.08.2022 14:20,Chai Nat,department of highways,private/passenger car,speeding,rear-end collision,2,0,1,rainy,15.22423565,100.11159,other,other,2022-08-10T10:32:00Z
7441222,10.08.2022 17:50,8.12.2022 09:50,Bangkok,department of highways,private/passenger car,speeding,rear-end collision,2,0,0,clear,13.64003611,100.4075275,straight road,no slope,2022-08-10T10:50:00Z
7040774,10.08.2022 19:52,5.10.2022 10:33,Yasothon,department of highways,private/passenger car,speeding,rollover/fallen on straight road,1,0,0,rainy,15.77825391,104.176054,straight road,no slope,2022-08-10T12:52:00Z
7554534,10.08.2022 19:55,9.01.2023 13:19,Chiang Mai,department of highways,4-wheel pickup truck,speeding,rear-end collision,4,0,0,rainy,18.81767375,99.03027623,straight road,no slope,2022-08-10T12:55:00Z
7568206,10.08.2022 21:05,24.01.2023 10:49,Nakhon Phanom,department of highways,4-wheel pickup truck,speeding,head-on collision (not overtaking),2,0,2,clear,16.94417075,104.5106488,straight road,no slope,2022-08-10T14:05:00Z
6869521,10.08.2022 21:39,9.09.2022 10:31,Sukhothai,department of highways,4-wheel pickup truck,speeding,collision with obstruction (on road surface),2,0,1,clear,17.28658219,99.84771429,straight road,no slope,2022-08-10T14:39:00Z
6700854,10.08.2022 22:40,11.08.2022 08:52,Bangkok,department of highways,private/passenger car,speeding,rear-end collision,3,0,3,clear,13.73043516,100.701397,other,other,2022-08-10T15:40:00Z
6740538,10.08.2022 23:50,18.08.2022 10:12,Samut Prakan,department of highways,4-wheel pickup truck,falling asleep,rollover/fallen on straight road,1,0,1,clear,13.58315671,100.8615437,straight road,no slope,2022-08-10T16:50:00Z
6722785,11.08.2022 00:00,15.08.2022 08:10,Kamphaeng Phet,department of highways,4-wheel pickup truck,speeding,rollover/fallen on curved road,1,0,0,clear,16.6732288,99.29746179,wide curve,no slope,2022-08-10T17:00:00Z
6809313,11.08.2022 00:11,30.08.2022 13:38,Chon Buri,department of highways,private/passenger car,speeding,rollover/fallen on straight road,1,0,1,clear,12.94211016,100.9037161,straight road,no slope,2022-08-10T17:11:00Z
7564276,11.08.2022 02:20,19.01.2023 12:04,Samut Sakhon,department of highways,large truck with trailer,falling asleep,rollover/fallen on straight road,1,0,0,clear,13.53994907,100.2302885,straight road,no slope,2022-08-10T19:20:00Z
6735892,11.08.2022 04:00,17.08.2022 15:19,Suphan Buri,department of highways,motorcycle,cutting in closely by people/vehicles/animals,rear-end collision,2,1,0,clear,14.38764162,99.89497213,straight road,no slope,2022-08-10T21:00:00Z
7192619,11.08.2022 04:00,28.10.2022 09:12,Saraburi,department of rural roads,motorcycle,speeding,other,1,1,0,clear,14.359835,100.85264,straight road,no slope,2022-08-10T21:00:00Z
6806595,11.08.2022 04:40,29.08.2022 15:16,Yala,department of highways,4-wheel pickup truck,speeding,rollover/fallen on curved road,1,0,1,clear,5.949224459,101.1909002,wide curve,slope area,2022-08-10T21:40:00Z
7414915,11.08.2022 04:50,28.11.2022 10:43,Phrae,department of highways,4-wheel pickup truck,speeding,rollover/fallen on straight road,1,0,0,clear,18.11925032,100.1594111,straight road,no slope,2022-08-10T21:50:00Z
6869516,11.08.2022 05:30,9.09.2022 10:30,Sukhothai,department of highways,private/passenger car,speeding,collision with obstruction (on road surface),1,0,0,clear,17.273715,99.84128772,straight road,no slope,2022-08-10T22:30:00Z