acc_code,incident_datetime,report_datetime,province_en,agency,vehicle_type,presumed_cause,accident_type,number_of_vehicles_involved,number_of_fatalities,number_of_injuries,weather_condition,latitude,longitude,road_description,slope_description,incident_time
6755559,11.08.2022 05:40,20.08.2022 15:16,Pathum Thani,department of highways,private/passenger car,speeding,rear-end collision,2,0,1,clear,13.92621295,100.7063484,straight road,no slope,2022-08-10T22:40:00Z
6735714,11.08.2022 06:30,17.08.2022 14:41,Chai Nat,department of highways,private/passenger car,falling asleep,rollover/fallen on curved road,1,0,1,clear,15.04229054,100.1330611,wide curve,no slope,2022-08-10T23:30:00Z
6869230,11.08.2022 06:30,9.09.2022 09:34,Tak,department of highways,4-wheel pickup truck,speeding,rollover/fallen on straight road,1,0,1,clear,16.82105817,99.1300544,straight road,no slope,2022-08-10T23:30:00Z
6741562,11.08.2022 07:40,18.08.2022 14:25,Phra Nakhon Si Ayutthaya,department of highways,large truck with trailer,speeding,rollover/fallen on straight road,1,0,0,clear,14.28983869,100.8193177,straight road,no slope,2022-08-11T00:40:00Z
7002693,11.08.2022 08:10,29.09.2022 14:33,Sukhothai,department of highways,large truck with trailer,speeding,rollover/fallen on straight road,1,0,0,clear,17.05701539,99.70610707,other,other,2022-08-11T01:10:00Z
6805463,11.08.2022 09:30,29.08.2022 10:36,Chon Buri,department of highways,other,speeding,rollover/fallen on straight road,1,0,0,clear,13.4353328,101.0015604,straight road,no slope,2022-08-11T02:30:00Z
6729040,11.08.2022 09:31,16.08.2022 10:43,Nong Bua Lam Phu,department of rural roads,large truck with trailer,speeding,other,1,0,3,clear,17.213278,102.457139,four-way intersection,other,2022-08-11T02:31:00Z
6805281,11.08.2022 10:00,29.08.2022 10:12,Chon Buri,department of highways,other,speeding,rollover/fallen on straight road,1,0,0,clear,13.38853673,100.9880313,straight road,no slope,2022-08-11T03:00:00Z
6809490,11.08.2022 10:34,30.08.2022 14:25,Bangkok,department of highways,4-wheel pickup truck,speeding,rollover/fallen on straight road,1,0,0,clear,13.70662955,100.8218148,straight road,no slope,2022-08-11T03:34:00Z
6909526,11.08.2022 11:30,15.09.2022 09:09,Chon Buri,department of highways,6-wheel truck,speeding,rollover/fallen on straight road,1,0,0,clear,13.23382805,101.2231994,straight road,no slope,2022-08-11T04:30:00Z
7559139,11.08.2022 11:30,13.01.2023 10:20,Buri Ram,department of highways,4-wheel pickup truck,speeding,rollover/fallen on curved road,1,0,1,clear,14.71720789,102.9083159,wide curve,slope area,2022-08-11T04:30:00Z
6805012,11.08.2022 11:50,29.08.2022 09:18,Lampang,department of highways,private/passenger car,speeding,rollover/fallen on curved road,1,0,0,clear,17.41858015,99.15701328,wide curve,no slope,2022-08-11T04:50:00Z
6809384,11.08.2022 12:22,30.08.2022 13:50,Chon Buri,department of highways,7-10-wheel truck,vehicle equipment failure,rear-end collision,2,0,0,clear,13.42749322,101.0465652,straight road,no slope,2022-08-11T05:22:00Z
6740274,11.08.2022 12:50,18.08.2022 09:26,Phra Nakhon Si Ayutthaya,department of highways,private/passenger car,speeding,rear-end collision,2,0,1,clear,14.4290279,100.5541706,straight road,no slope,2022-08-11T05:50:00Z
6896098,11.08.2022 12:50,13.09.2022 10:48,Chon Buri,department of highways,large truck with trailer,speeding,head-on collision (not overtaking),2,0,0,clear,13.28470551,101.1786988,other,other,2022-08-11T05:50:00Z
6746354,11.08.2022 13:22,19.08.2022 10:27,Chanthaburi,department of highways,motorcycle,cutting in closely by people/vehicles/animals,rear-end collision,2,0,1,rainy,13.0401865,102.3825896,other,other,2022-08-11T06:22:00Z
7554226,11.08.2022 13:45,9.01.2023 09:09,Lampang,department of highways,4-wheel pickup truck,speeding,rollover/fallen on straight road,1,0,2,clear,18.04683294,99.383727,straight road,no slope,2022-08-11T06:45:00Z
6723444,11.08.2022 14:13,15.08.2022 10:34,Roi Et,department of highways,motorcycle,speeding,rear-end collision,2,1,0,clear,16.03230578,103.9479804,other,other,2022-08-11T07:13:00Z
7473663,11.08.2022 14:40,20.12.2022 10:36,Nakhon Ratchasima,department of highways,4-wheel pickup truck,falling asleep,rollover/fallen on straight road,1,0,1,clear,15.19344821,102.5116467,straight road,no slope,2022-08-11T07:40:00Z
6740510,11.08.2022 15:00,18.08.2022 10:05,Samut Prakan,department of highways,6-wheel truck,speeding,rollover/fallen on straight road,1,0,0,clear,13.57900082,100.8801555,straight road,no slope,2022-08-11T08:00:00Z
7331843,11.08.2022 15:05,29.08.2022 13:48,Mukdahan,department of highways,motorcycle,cutting in closely by people/vehicles/animals,head-on collision (not overtaking),2,1,0,clear,16.37325978,104.869405,wide curve,slope area,2022-08-11T08:05:00Z
6890507,11.08.2022 15:10,12.09.2022 14:16,Phatthalung,department of highways,private/passenger car,speeding,rollover/fallen on curved road,1,0,1,clear,7.549405199,100.0421691,wide curve,no slope,2022-08-11T08:10:00Z
7425467,11.08.2022 16:00,2.12.2022 15:02,Sakon Nakhon,department of highways,4-wheel pickup truck,speeding,rollover/fallen on curved road,1,0,0,rainy,17.83215474,103.7541184,wide curve,no slope,2022-08-11T09:00:00Z
6909476,11.08.2022 16:10,15.09.2022 08:58,Chon Buri,department of highways,private/passenger car,speeding,rollover/fallen on curved road,1,0,0,clear,13.28560088,101.1794472,other,other,2022-08-11T09:10:00Z
6852227,11.08.2022 16:45,6.09.2022 14:28,Ratchaburi,department of highways,large truck with trailer,speeding,rear-end collision,2,0,4,clear,13.36010659,99.86221968,straight road,no slope,2022-08-11T09:45:00Z
6815312,11.08.2022 17:00,31.08.2022 14:56,Phrae,department of highways,motorcycle,cutting in closely by people/vehicles/animals,rear-end collision,2,0,1,clear,18.30305034,100.2872988,straight road,no slope,2022-08-11T10:00:00Z
7561326,11.08.2022 17:10,17.01.2023 08:44,Bangkok,department of highways,motorcycle,cutting in closely by people/vehicles/animals,rear-end collision,2,0,1,clear,13.78247833,100.4159788,other,other,2022-08-11T10:10:00Z
6708007,11.08.2022 17:41,12.08.2022 13:05,Pathum Thani,department of highways,4-wheel pickup truck,speeding,rear-end collision,2,0,0,clear,13.95639965,100.7126731,straight road,no slope,2022-08-11T10:41:00Z
6734289,11.08.2022 18:02,17.08.2022 09:07,Nakhon Sawan,department of highways,private/passenger car,speeding,rear-end collision,3,0,0,clear,15.66783344,100.1280212,straight road,no slope,2022-08-11T11:02:00Z
6805702,11.08.2022 18:24,29.08.2022 11:24,Nan,department of highways,4-wheel pickup truck,speeding,rollover/fallen on curved road,1,0,3,rainy,18.83326407,100.7468739,wide curve,no slope,2022-08-11T11:24:00Z
7414062,11.08.2022 18:50,28.11.2022 09:52,Nan,department of highways,large truck with trailer,vehicle equipment failure,other,1,0,0,rainy,18.55057692,100.711348,straight road,no slope,2022-08-11T11:50:00Z
7554780,11.08.2022 19:00,9.01.2023 14:55,Chiang Mai,department of highways,motorcycle,speeding,rear-end collision,2,0,0,clear,18.8676054,99.01525049,straight road,no slope,2022-08-11T12:00:00Z
6804858,11.08.2022 19:13,29.08.2022 08:45,Chiang Mai,department of highways,private/passenger car,speeding,rollover/fallen on straight road,1,0,0,rainy,18.71989733,98.99549334,straight road,no slope,2022-08-11T12:13:00Z
6764640,11.08.2022 19:30,22.08.2022 09:18,Prachuap Khiri Khan,department of highways,large truck with trailer,speeding,other,1,0,0,clear,11.42557952,99.53448056,straight road,no slope,2022-08-11T12:30:00Z
6740589,11.08.2022 19:55,18.08.2022 10:21,Chiang Mai,department of rural roads,motorcycle,speeding,other,2,1,0,clear,18.588593,98.838058,straight road,no slope,2022-08-11T12:55:00Z
6740511,11.08.2022 20:10,18.08.2022 10:06,Samut Prakan,department of highways,4-wheel pickup truck,vehicle equipment failure,other,1,0,0,clear,13.62630174,100.7365608,straight road,no slope,2022-08-11T13:10:00Z
6815649,11.08.2022 21:00,31.08.2022 15:57,Ubon Ratchathani,department of highways,4-wheel pickup truck,speeding,rollover/fallen on straight road,1,0,1,rainy,15.03108978,104.7771773,straight road,no slope,2022-08-11T14:00:00Z
6896032,11.08.2022 21:00,13.09.2022 10:38,Rayong,department of highways,4-wheel pickup truck,speeding,rollover/fallen on straight road,1,0,0,clear,12.76197503,101.1830091,straight road,no slope,2022-08-11T14:00:00Z
7545165,11.08.2022 21:00,5.01.2023 06:13,Nan,department of highways,private/passenger car,speeding,rollover/fallen on straight road,1,0,0,rainy,19.37417572,100.8749199,straight road,no slope,2022-08-11T14:00:00Z
7554699,11.08.2022 21:00,9.01.2023 14:11,Phrae,department of highways,4-wheel pickup truck,speeding,rollover/fallen on straight road,1,0,1,rainy,18.03847046,99.73522244,straight road,no slope,2022-08-11T14:00:00Z
7559147,11.08.2022 21:30,13.01.2023 10:28,Sa Kaeo,department of highways,4-wheel pickup truck,speeding,rollover/fallen on straight road,1,0,8,clear,13.52651662,102.1692306,straight road,no slope,2022-08-11T14:30:00Z
6829150,11.08.2022 22:24,2.09.2022 14:09,Nakhon Ratchasima,department of highways,4-wheel pickup truck,cutting in closely by people/vehicles/animals,rear-end collision,2,1,6,clear,14.66530455,101.8824005,other,other,2022-08-11T15:24:00Z
7562820,11.08.2022 23:30,18.01.2023 11:37,Surat Thani,department of highways,private/passenger car,speeding,rollover/fallen on straight road,1,0,1,clear,9.099053673,99.76670621,straight road,no slope,2022-08-11T16:30:00Z
6806135,11.08.2022 23:45,29.08.2022 13:26,Phayao,department of highways,4-wheel pickup truck,cutting in closely by people/vehicles/animals,rear-end collision,2,0,0,rainy,19.15798648,99.91430013,other,other,2022-08-11T16:45:00Z
6869664,12.08.2022 01:30,9.09.2022 10:57,Loei,department of highways,4-wheel pickup truck,speeding,rollover/fallen on straight road,1,0,1,clear,17.54002033,101.724531,straight road,no slope,2022-08-11T18:30:00Z
7561213,12.08.2022 01:30,17.01.2023 07:11,Bangkok,department of highways,private/passenger car,cutting in closely by people/vehicles/animals,rear-end collision,3,0,1,clear,13.78608852,100.377354,straight road,no slope,2022-08-11T18:30:00Z
7555223,12.08.2022 02:00,10.01.2023 10:15,Uttaradit,department of highways,4-wheel pickup truck,speeding,rollover/fallen on straight road,1,0,2,rainy,17.66964699,100.1425212,straight road,no slope,2022-08-11T19:00:00Z
6731450,12.08.2022 02:30,16.08.2022 20:41,Ubon Ratchathani,department of highways,private/passenger car,speeding,rollover/fallen on curved road,1,0,1,clear,15.79297624,105.1446104,wide curve,slope area,2022-08-11T19:30:00Z
6809423,12.08.2022 03:10,30.08.2022 14:05,Bangkok,department of highways,large truck with trailer,vehicle equipment failure,rollover/fallen on straight road,1,0,0,clear,13.75899296,100.6975454,straight road,no slope,2022-08-11T20:10:00Z
6809513,12.08.2022 03:23,30.08.2022 14:27,Pathum Thani,department of highways,large truck with trailer,speeding,rear-end collision,2,0,0,clear,14.13480177,100.6676629,straight road,no slope,2022-08-11T20:23:00Z
7040905,12.08.2022 03:50,5.10.2022 10:52,Yasothon,department of highways,4-wheel pickup truck,speeding,rollover/fallen on straight road,1,0,1,clear,15.54598877,104.4280663,straight road,no slope,2022-08-11T20:50:00Z
7542577,12.08.2022 04:00,3.01.2023 13:58,Chiang Mai,department of highways,4-wheel pickup truck,speeding,rollover/fallen on straight road,1,0,0,clear,18.46506239,98.67825239,straight road,no slope,2022-08-11T21:00:00Z
7569248,12.08.2022 04:20,25.01.2023 10:38,Prachin Buri,department of highways,4-wheel pickup truck,speeding,rollover/fallen on curved road,1,0,0,clear,14.3618983,101.8298694,wide curve,slope area,2022-08-11T21:20:00Z
7555875,12.08.2022 04:30,11.01.2023 07:28,Kamphaeng Phet,department of highways,private/passenger car,falling asleep,rollover/fallen on straight road,1,0,1,clear,16.41464392,99.52142356,straight road,no slope,2022-08-11T21:30:00Z
6729202,12.08.2022 05:10,16.08.2022 11:25,Nakhon Si Thammarat,department of highways,4-wheel pickup truck,speeding,rollover/fallen on straight road,1,0,0,clear,8.997126576,99.88845705,straight road,no slope,2022-08-11T22:10:00Z
6814072,12.08.2022 05:30,31.08.2022 10:43,Mukdahan,department of highways,4-wheel pickup truck,speeding,rollover/fallen on straight road,1,0,1,clear,16.51522545,104.7367188,straight road,no slope,2022-08-11T22:30:00Z
6869877,12.08.2022 06:30,9.09.2022 11:36,Maha Sarakham,department of highways,private/passenger car,speeding,rollover/fallen on straight road,1,0,0,clear,16.11691211,103.2042146,straight road,no slope,2022-08-11T23:30:00Z
7562302,12.08.2022 07:00,18.01.2023 07:06,Nakhon Si Thammarat,department of highways,4-wheel pickup truck,speeding,rollover/fallen on straight road,1,0,0,clear,8.245551443,99.5584005,straight road,no slope,2022-08-12T00:00:00Z
7446681,12.08.2022 07:24,9.12.2022 10:55,Prachin Buri,department of highways,6-wheel truck,speeding,rollover/fallen on straight road,1,0,0,rainy,14.11285866,101.8470731,other,other,2022-08-12T00:24:00Z
7365337,12.08.2022 08:00,22.11.2022 13:53,Phetchabun,department of highways,6-wheel truck,speeding,rollover/fallen on straight road,1,0,1,rainy,16.76422952,101.1408153,wide curve,slope area,2022-08-12T01:00:00Z
6814605,12.08.2022 08:30,31.08.2022 12:21,Si Sa Ket,department of highways,private/passenger car,speeding,rollover/fallen on straight road,1,0,1,clear,15.19942487,104.1499883,straight road,no slope,2022-08-12T01:30:00Z
6740389,12.08.2022 09:00,18.08.2022 09:43,Suphan Buri,department of highways,private/passenger car,cutting in closely by people/vehicles/animals,rear-end collision,2,1,0,clear,14.48258145,100.1314249,straight road,no slope,2022-08-12T02:00:00Z
6765904,12.08.2022 09:00,22.08.2022 13:36,Phetchaburi,department of highways,4-wheel pickup truck,speeding,rear-end collision,2,0,2,clear,12.80704641,99.94849293,straight road,no slope,2022-08-12T02:00:00Z
7276801,12.08.2022 09:20,9.11.2022 14:23,Chaiyaphum,department of highways,6-wheel truck,speeding,rollover/fallen on curved road,1,1,0,clear,15.97832267,101.8915307,wide curve,no slope,2022-08-12T02:20:00Z
6770588,12.08.2022 09:45,23.08.2022 08:54,Nakhon Si Thammarat,department of highways,4-wheel pickup truck,speeding,rollover/fallen on straight road,1,0,1,clear,8.043677439,100.2992534,straight road,no slope,2022-08-12T02:45:00Z
7561276,12.08.2022 10:30,17.01.2023 08:14,Bangkok,department of highways,private/passenger car,cutting in closely by people/vehicles/animals,rear-end collision,2,0,1,clear,13.78387691,100.3992462,straight road,no slope,2022-08-12T03:30:00Z
6771882,12.08.2022 11:10,23.08.2022 14:05,Bangkok,department of highways,4-wheel pickup truck,speeding,rear-end collision,3,0,0,clear,13.73178223,100.7660866,straight road,no slope,2022-08-12T04:10:00Z
6734770,12.08.2022 11:18,17.08.2022 10:42,Chachoengsao,department of highways,4-wheel pickup truck,speeding,rear-end collision,3,0,0,clear,13.55211872,100.9980574,straight road,no slope,2022-08-12T04:18:00Z
7568136,12.08.2022 12:00,24.01.2023 10:00,Sakon Nakhon,department of highways,4-wheel pickup truck,speeding,rear-end collision,2,0,0,clear,17.83387314,103.7543383,wide curve,no slope,2022-08-12T05:00:00Z
6806240,12.08.2022 12:52,29.08.2022 13:48,Chachoengsao,department of highways,other,speeding,rollover/fallen on straight road,1,0,0,clear,13.58418133,100.9711656,straight road,no slope,2022-08-12T05:52:00Z
6806432,12.08.2022 13:00,29.08.2022 14:20,Phrae,department of highways,private/passenger car,speeding,rollover/fallen on curved road,1,0,1,rainy,17.85056344,100.0453904,wide curve,no slope,2022-08-12T06:00:00Z
6723556,12.08.2022 13:06,15.08.2022 10:56,Samut Prakan,department of highways,private/passenger car,speeding,rear-end collision,2,0,0,clear,13.66644952,100.8494121,straight road,no slope,2022-08-12T06:06:00Z
6806419,12.08.2022 13:40,29.08.2022 14:19,Phrae,department of highways,4-wheel pickup truck,speeding,rollover/fallen on curved road,1,0,0,rainy,17.8950071,100.0513261,wide curve,no slope,2022-08-12T06:40:00Z
6806485,12.08.2022 14:00,29.08.2022 14:36,Phrae,department of highways,4-wheel pickup truck,speeding,rollover/fallen on curved road,1,0,0,rainy,18.05639613,99.69811677,wide curve,slope area,2022-08-12T07:00:00Z
6723491,12.08.2022 14:46,15.08.2022 10:43,Samut Prakan,department of highways,private/passenger car,speeding,rear-end collision,4,0,0,clear,13.66595694,100.8501765,straight road,no slope,2022-08-12T07:46:00Z
7555229,12.08.2022 15:10,10.01.2023 10:26,Uttaradit,department of highways,4-wheel pickup truck,speeding,rollover/fallen on straight road,1,0,0,rainy,17.48132123,100.1137385,other,other,2022-08-12T08:10:00Z
7564278,12.08.2022 15:10,19.01.2023 12:05,Samut Sakhon,department of highways,4-wheel pickup truck,speeding,rear-end collision,4,0,0,clear,13.54413172,100.25184,wide curve,no slope,2022-08-12T08:10:00Z
6771929,12.08.2022 15:30,23.08.2022 14:16,Chon Buri,department of highways,4-wheel pickup truck,speeding,rear-end collision,2,0,0,clear,13.02002607,100.9964293,straight road,no slope,2022-08-12T08:30:00Z
6897015,12.08.2022 15:30,13.09.2022 13:51,Rayong,department of highways,4-wheel pickup truck,speeding,rollover/fallen on straight road,1,0,3,clear,12.80044224,101.1483925,straight road,no slope,2022-08-12T08:30:00Z
6869228,12.08.2022 15:40,9.09.2022 09:33,Tak,department of highways,private/passenger car,falling asleep,rollover/fallen on straight road,1,0,1,clear,16.82481174,99.16261105,straight road,no slope,2022-08-12T08:40:00Z
7480749,12.08.2022 15:50,23.12.2022 15:29,Maha Sarakham,department of highways,4-wheel pickup truck,speeding,rollover/fallen on straight road,1,0,0,clear,16.26752482,102.9828626,straight road,no slope,2022-08-12T08:50:00Z
6783945,12.08.2022 16:00,25.08.2022 14:08,Phatthalung,department of highways,4-wheel pickup truck,speeding,rollover/fallen on curved road,1,0,1,clear,7.584103226,99.80872302,wide curve,slope area,2022-08-12T09:00:00Z
7569237,12.08.2022 17:45,25.01.2023 10:28,Prachin Buri,department of highways,7-10-wheel truck,speeding,rollover/fallen on straight road,1,0,1,rainy,14.0982094,101.4488985,straight road,no slope,2022-08-12T10:45:00Z
6743124,12.08.2022 18:30,18.08.2022 21:05,Amnat Charoen,department of highways,motorized tricycle,speeding,rear-end collision,2,0,2,clear,15.73795047,104.6377963,straight road,no slope,2022-08-12T11:30:00Z
7558163,12.08.2022 18:30,12.01.2023 13:57,Si Sa Ket,department of highways,private/passenger car,speeding,rollover/fallen on straight road,1,0,1,clear,15.19942487,104.1499883,straight road,no slope,2022-08-12T11:30:00Z
6734460,12.08.2022 18:55,17.08.2022 09:43,Pathum Thani,department of highways,large truck with trailer,speeding,rollover/fallen on straight road,1,0,2,rainy,13.9755181,100.7132283,straight road,no slope,2022-08-12T11:55:00Z
6869374,12.08.2022 19:00,9.09.2022 10:01,Tak,department of highways,4-wheel pickup truck,speeding,rollover/fallen on straight road,1,0,0,rainy,16.76608376,98.64555358,straight road,slope area,2022-08-12T12:00:00Z
6722787,12.08.2022 19:20,15.08.2022 08:11,Kamphaeng Phet,department of highways,motorcycle,cutting in closely by people/vehicles/animals,rear-end collision,2,0,2,clear,16.6270067,99.35253291,straight road,no slope,2022-08-12T12:20:00Z
7561336,12.08.2022 19:30,17.01.2023 08:45,Bangkok,department of highways,4-wheel pickup truck,speeding,rear-end collision,2,0,0,clear,13.78216414,100.4163292,straight road,no slope,2022-08-12T12:30:00Z
6806435,12.08.2022 20:15,29.08.2022 14:23,Mukdahan,department of highways,large truck with trailer,unfamiliarity with the route/unskilled driving,rollover/fallen on straight road,1,0,0,clear,16.54461605,104.678252,straight road,no slope,2022-08-12T13:15:00Z
6896168,12.08.2022 20:30,13.09.2022 10:55,Chon Buri,department of highways,van,speeding,rollover/fallen on straight road,1,0,0,clear,13.28750127,101.2570703,straight road,no slope,2022-08-12T13:30:00Z
6815281,12.08.2022 21:00,31.08.2022 14:54,Phrae,department of highways,large truck with trailer,speeding,rollover/fallen on curved road,1,0,0,rainy,18.2916314,100.2574164,wide curve,no slope,2022-08-12T14:00:00Z
6869371,12.08.2022 22:30,9.09.2022 10:00,Tak,department of highways,4-wheel pickup truck,speeding,rollover/fallen on straight road,1,0,0,rainy,16.79463988,98.59495638,straight road,no slope,2022-08-12T15:30:00Z
6815642,12.08.2022 22:50,31.08.2022 15:55,Ubon Ratchathani,department of highways,4-wheel pickup truck,speeding,rollover/fallen on straight road,1,0,2,clear,14.99048339,104.7580826,straight road,no slope,2022-08-12T15:50:00Z
6817660,12.08.2022 23:30,31.08.2022 22:05,Krabi,department of highways,4-wheel pickup truck,speeding,rollover/fallen on straight road,1,0,1,clear,8.102396026,98.90578149,straight road,no slope,2022-08-12T16:30:00Z
7425486,12.08.2022 23:30,2.12.2022 14:34,Phuket,department of highways,large passenger vehicle,speeding,head-on collision (not overtaking),2,1,8,clear,7.82061006,98.31631778,wide curve,slope area,2022-08-12T16:30:00Z
7192613,12.08.2022 23:40,28.10.2022 09:14,Phrae,department of rural roads,motorcycle,driving under the influence of alcohol,other,1,1,0,rainy,18.128146,100.136352,straight road,no slope,2022-08-12T16:40:00Z
7564275,13.08.2022 00:05,19.01.2023 12:03,Samut Sakhon,department of highways,7-10-wheel truck,speeding,rear-end collision,2,0,0,clear,13.59729507,100.3649112,straight road,no slope,2022-08-12T17:05:00Z
7040874,13.08.2022 05:00,5.10.2022 10:48,Roi Et,department of highways,motorcycle,illegal overtaking,rear-end collision,2,0,2,clear,15.52786839,103.848972,straight road,no slope,2022-08-12T22:00:00Z
6852529,13.08.2022 05:10,6.09.2022 15:27,Chon Buri,department of highways,6-wheel truck,falling asleep,rear-end collision,2,0,1,clear,13.13899712,100.9854591,straight road,no slope,2022-08-12T22:10:00Z
6869768,13.08.2022 06:20,9.09.2022 11:18,Kalasin,department of highways,4-wheel pickup truck,speeding,rollover/fallen on straight road,1,0,0,clear,16.50599078,103.5772776,other,other,2022-08-12T23:20:00Z
7414142,13.08.2022 06:30,28.11.2022 10:35,Phitsanulok,department of highways,large truck with trailer,speeding,collision with obstruction (on road surface),1,0,0,clear,16.80087441,100.3317726,other,other,2022-08-12T23:30:00Z
6723422,13.08.2022 07:21,15.08.2022 10:29,Bangkok,department of highways,4-wheel pickup truck,speeding,rear-end collision,2,0,0,clear,13.7297082,100.7535821,straight road,no slope,2022-08-13T00:21:00Z
7559321,13.08.2022 08:10,13.01.2023 12:55,Prachin Buri,department of highways,large truck with trailer,speeding,rear-end collision,2,0,0,clear,14.3039832,101.8682411,wide curve,slope area,2022-08-13T01:10:00Z
6828945,13.08.2022 09:00,2.09.2022 13:32,Songkhla,department of highways,motorcycle,speeding,rear-end collision,2,0,1,clear,6.789289391,100.4757267,straight road,no slope,2022-08-13T02:00:00Z
6766158,13.08.2022 09:37,22.08.2022 14:32,Chon Buri,department of highways,large truck with trailer,speeding,rear-end collision,2,0,0,clear,13.155204,100.9871703,straight road,no slope,2022-08-13T02:37:00Z
6806443,13.08.2022 10:00,29.08.2022 14:29,Phrae,department of highways,4-wheel pickup truck,speeding,head-on collision (not overtaking),2,2,3,clear,17.97538328,100.0396371,straight road,no slope,2022-08-13T03:00:00Z
6765148,13.08.2022 10:05,22.08.2022 10:52,Chumphon,department of highways,6-wheel truck,speeding,rollover/fallen on straight road,1,0,0,clear,10.38895962,99.13054256,other,other,2022-08-13T03:05:00Z
7569691,13.08.2022 10:09,25.01.2023 15:22,Nakhon Ratchasima,department of highways,other,speeding,rollover/fallen on straight road,1,0,0,clear,14.64779008,101.4074309,straight road,no slope,2022-08-13T03:09:00Z
6723044,13.08.2022 10:29,15.08.2022 09:10,Phetchabun,department of highways,motorcycle,speeding,rear-end collision,2,0,2,clear,16.41599982,101.0921547,straight road,no slope,2022-08-13T03:29:00Z
6723252,13.08.2022 10:49,15.08.2022 09:53,Bangkok,department of highways,private/passenger car,speeding,rear-end collision,4,0,1,clear,13.73173012,100.711686,straight road,no slope,2022-08-13T03:49:00Z
6734794,13.08.2022 11:29,17.08.2022 10:46,Nakhon Sawan,department of highways,4-wheel pickup truck,speeding,rollover/fallen on straight road,1,2,0,clear,15.91255282,100.0097465,straight road,no slope,2022-08-13T04:29:00Z
7042453,13.08.2022 11:30,5.10.2022 15:53,Nakhon Ratchasima,department of highways,4-wheel pickup truck,speeding,rollover/fallen on straight road,1,0,1,clear,14.77013112,102.0404175,straight road,no slope,2022-08-13T04:30:00Z
6896895,13.08.2022 11:50,13.09.2022 13:30,Chanthaburi,department of highways,4-wheel pickup truck,speeding,rollover/fallen on curved road,1,0,0,clear,12.71461671,101.9798505,wide curve,no slope,2022-08-13T04:50:00Z
6724274,13.08.2022 12:30,15.08.2022 13:58,Chumphon,department of highways,4-wheel pickup truck,speeding,rollover/fallen on curved road,1,0,0,clear,10.8597885,99.24712478,wide curve,no slope,2022-08-13T05:30:00Z
6909611,13.08.2022 13:40,15.09.2022 09:21,Chanthaburi,department of highways,4-wheel pickup truck,speeding,rollover/fallen on straight road,1,0,1,clear,12.68908424,102.0924201,straight road,no slope,2022-08-13T06:40:00Z
6741563,13.08.2022 14:20,18.08.2022 14:27,Phra Nakhon Si Ayutthaya,department of highways,4-wheel pickup truck,vehicle equipment failure,rollover/fallen on straight road,1,0,0,rainy,14.27685001,100.8068481,straight road,no slope,2022-08-13T07:20:00Z
6988934,13.08.2022 14:50,27.09.2022 11:51,Pattani,department of highways,4-wheel pickup truck,speeding,rollover/fallen on straight road,1,0,1,clear,6.701242674,101.5361622,straight road,no slope,2022-08-13T07:50:00Z
6746379,13.08.2022 15:10,19.08.2022 10:30,Chanthaburi,department of highways,motorcycle,speeding,rear-end collision,2,1,0,clear,12.68911825,101.9979286,straight road,no slope,2022-08-13T08:10:00Z
6809668,13.08.2022 15:20,30.08.2022 14:57,Nakhon Ratchasima,department of highways,large truck with trailer,vehicle equipment failure,rear-end collision,4,1,7,clear,14.63401391,101.2107298,straight road,slope area,2022-08-13T08:20:00Z
7561800,13.08.2022 15:30,17.01.2023 14:46,Nonthaburi,department of highways,private/passenger car,speeding,rollover/fallen on straight road,1,0,0,clear,13.90191963,100.407325,straight road,no slope,2022-08-13T08:30:00Z
7563871,13.08.2022 15:30,19.01.2023 08:38,Phra Nakhon Si Ayutthaya,department of highways,large truck with trailer,speeding,rollover/fallen on straight road,1,0,1,clear,14.37251765,100.6814629,other,other,2022-08-13T08:30:00Z
6806136,13.08.2022 15:35,29.08.2022 13:25,Mukdahan,department of highways,motorcycle,speeding,rear-end collision,2,1,0,clear,16.51670408,104.3449151,connecting to private area,other,2022-08-13T08:35:00Z
7561324,13.08.2022 15:40,17.01.2023 08:40,Bangkok,department of highways,other,speeding,rollover/fallen on straight road,1,0,0,clear,13.78268648,100.4141135,straight road,no slope,2022-08-13T08:40:00Z
6828973,13.08.2022 15:45,2.09.2022 13:37,Nakhon Ratchasima,department of highways,three-wheeled vehicle,speeding,head-on collision (not overtaking),2,0,1,rainy,15.20289069,102.0685726,straight road,no slope,2022-08-13T08:45:00Z
6864437,13.08.2022 16:30,8.09.2022 14:03,Sukhothai,department of highways,4-wheel pickup truck,speeding,rear-end collision,2,0,1,clear,17.80124121,99.82233523,wide curve,no slope,2022-08-13T09:30:00Z
7372631,13.08.2022 18:00,23.11.2022 14:31,Tak,department of highways,4-wheel pickup truck,vehicle equipment failure,rollover/fallen on curved road,1,0,0,clear,16.50354253,98.71057837,wide curve,no slope,2022-08-13T11:00:00Z
6852160,13.08.2022 18:15,6.09.2022 14:12,Chaiyaphum,department of highways,7-10-wheel truck,speeding,rollover/fallen on straight road,1,0,0,clear,15.70465983,101.837849,straight road,no slope,2022-08-13T11:15:00Z
7476296,13.08.2022 18:20,21.12.2022 09:16,Suphan Buri,department of highways,bicycle,cutting in closely by people/vehicles/animals,rear-end collision,2,0,0,clear,14.61698876,100.1509327,straight road,no slope,2022-08-13T11:20:00Z
7561617,13.08.2022 21:50,17.01.2023 11:13,Bangkok,department of highways,private/passenger car,speeding,rear-end collision,2,0,1,clear,13.68883892,100.4070032,straight road,no slope,2022-08-13T14:50:00Z