acc_code,incident_datetime,report_datetime,province_en,agency,vehicle_type,presumed_cause,accident_type,number_of_vehicles_involved,number_of_fatalities,number_of_injuries,weather_condition,latitude,longitude,road_description,slope_description,incident_time
7554716,13.08.2022 22:20,9.01.2023 14:19,Phrae,department of highways,4-wheel pickup truck,speeding,rear-end collision,2,0,4,clear,18.34015414,100.2526957,straight road,no slope,2022-08-13T15:20:00Z
6788799,13.08.2022 22:45,26.08.2022 10:38,Samut Prakan,expressway authority of thailand,6-wheel truck,other,rear-end collision,2,0,5,clear,13.636556,100.545459,grade-separated intersection/ramps,other,2022-08-13T15:45:00Z
6806386,13.08.2022 22:45,29.08.2022 14:13,Mukdahan,department of highways,motorcycle,speeding,rollover/fallen on straight road,1,1,0,clear,16.52909847,104.6930417,straight road,no slope,2022-08-13T15:45:00Z
6808767,13.08.2022 23:30,30.08.2022 11:03,Samut Prakan,department of highways,private/passenger car,speeding,rollover/fallen on straight road,1,0,0,clear,13.65326664,100.6895926,straight road,no slope,2022-08-13T16:30:00Z
6910004,13.08.2022 23:40,15.09.2022 10:30,Pathum Thani,department of highways,4-wheel pickup truck,speeding,rollover/fallen on straight road,1,0,1,clear,14.06348935,100.8550072,straight road,no slope,2022-08-13T16:40:00Z
6805256,13.08.2022 23:45,29.08.2022 10:05,Lamphun,department of highways,private/passenger car,speeding,rollover/fallen on straight road,1,0,1,rainy,18.63730673,99.05178486,straight road,no slope,2022-08-13T16:45:00Z
6864382,14.08.2022 00:35,8.09.2022 13:51,Ratchaburi,department of highways,4-wheel pickup truck,speeding,rollover/fallen on straight road,1,0,0,clear,13.45966389,99.79928969,straight road,no slope,2022-08-13T17:35:00Z
6814908,14.08.2022 01:30,31.08.2022 13:32,Surin,department of highways,other,speeding,rear-end collision,2,1,2,clear,14.90287392,103.7350774,straight road,no slope,2022-08-13T18:30:00Z
6869662,14.08.2022 03:00,9.09.2022 10:55,Loei,department of highways,private/passenger car,speeding,rollover/fallen on straight road,1,0,1,clear,17.57773192,101.7299276,straight road,no slope,2022-08-13T20:00:00Z
7331850,14.08.2022 04:00,15.08.2022 09:10,Phetchaburi,department of highways,large truck with trailer,speeding,rollover/fallen on straight road,1,0,1,clear,12.6575589,99.87406699,straight road,no slope,2022-08-13T21:00:00Z
7555228,14.08.2022 07:00,10.01.2023 10:25,Uttaradit,department of highways,4-wheel pickup truck,speeding,rollover/fallen on curved road,1,0,0,clear,17.39968707,100.3357342,wide curve,no slope,2022-08-14T00:00:00Z
6829009,14.08.2022 07:30,2.09.2022 13:42,Nakhon Ratchasima,department of highways,large truck with trailer,falling asleep,rear-end collision,4,0,0,clear,14.87999063,101.8548435,straight road,no slope,2022-08-14T00:30:00Z
6740593,14.08.2022 07:40,18.08.2022 10:21,Chiang Mai,department of rural roads,private/passenger car,speeding,other,1,0,0,dark,18.799656,99.032865,wide curve,no slope,2022-08-14T00:40:00Z
6746382,14.08.2022 07:40,19.08.2022 10:34,Chanthaburi,department of highways,4-wheel pickup truck,speeding,rollover/fallen on curved road,1,0,0,clear,12.71402801,101.9802904,wide curve,no slope,2022-08-14T00:40:00Z
6809398,14.08.2022 08:00,30.08.2022 13:55,Chachoengsao,department of highways,private/passenger car,speeding,rollover/fallen on straight road,1,0,0,clear,13.59908088,100.9535435,straight road,no slope,2022-08-14T01:00:00Z
6869489,14.08.2022 09:30,9.09.2022 10:25,Sukhothai,department of highways,private/passenger car,speeding,rollover/fallen on straight road,1,0,1,clear,17.01719638,99.85338985,straight road,no slope,2022-08-14T02:30:00Z
6805667,14.08.2022 11:00,29.08.2022 11:11,buogkan,department of highways,other,speeding,rollover/fallen on straight road,1,0,0,rainy,18.3203021,103.7794599,straight road,no slope,2022-08-14T04:00:00Z
7087982,14.08.2022 11:30,11.10.2022 11:15,Trang,department of highways,4-wheel pickup truck,speeding,rollover/fallen on straight road,1,0,0,clear,7.560381244,99.58923517,straight road,no slope,2022-08-14T04:30:00Z
6806138,14.08.2022 13:00,29.08.2022 13:27,Phayao,department of highways,motorcycle,speeding,rear-end collision,2,1,0,rainy,19.08480321,99.88377927,straight road,no slope,2022-08-14T06:00:00Z
6813585,14.08.2022 13:00,31.08.2022 09:18,Chaiyaphum,department of highways,6-wheel truck,speeding,rollover/fallen on curved road,1,0,0,clear,15.71674103,102.0159155,sharp curve,no slope,2022-08-14T06:00:00Z
6723372,14.08.2022 13:11,15.08.2022 10:16,Samut Prakan,department of highways,private/passenger car,speeding,rear-end collision,2,0,0,clear,13.65906063,100.8608812,straight road,no slope,2022-08-14T06:11:00Z
6869496,14.08.2022 14:05,9.09.2022 10:29,Sukhothai,department of highways,7-10-wheel truck,speeding,rear-end collision,2,0,1,clear,17.31685649,99.65691803,straight road,no slope,2022-08-14T07:05:00Z
6729059,14.08.2022 14:10,16.08.2022 10:46,Rayong,department of rural roads,motorcycle,speeding,other,2,0,1,clear,12.9005,101.117967,four-way intersection,other,2022-08-14T07:10:00Z
6909610,14.08.2022 14:10,15.09.2022 09:20,Chanthaburi,department of highways,4-wheel pickup truck,speeding,rollover/fallen on straight road,1,0,0,clear,12.67358505,102.0055675,straight road,no slope,2022-08-14T07:10:00Z
6723835,14.08.2022 15:00,15.08.2022 12:08,Surat Thani,department of highways,6-wheel truck,speeding,rollover/fallen on straight road,1,0,0,clear,8.646694204,99.09827291,straight road,no slope,2022-08-14T08:00:00Z
7559318,14.08.2022 15:30,13.01.2023 12:54,Nakhon Ratchasima,department of highways,4-wheel pickup truck,speeding,rollover/fallen on straight road,1,0,0,rainy,14.51022456,101.9551286,straight road,no slope,2022-08-14T08:30:00Z
6869341,14.08.2022 16:00,9.09.2022 09:53,Phetchaburi,department of highways,large truck with trailer,falling asleep,rollover/fallen on straight road,1,0,0,rainy,13.33326254,99.82997953,straight road,no slope,2022-08-14T09:00:00Z
6869498,14.08.2022 16:02,9.09.2022 10:29,Sukhothai,department of highways,motorcycle,speeding,rear-end collision,2,0,2,clear,17.34236374,99.86114411,straight road,no slope,2022-08-14T09:02:00Z
6805607,14.08.2022 16:30,29.08.2022 11:03,Sakon Nakhon,department of highways,4-wheel pickup truck,speeding,rollover/fallen on straight road,1,0,0,rainy,17.83336758,103.7543195,straight road,no slope,2022-08-14T09:30:00Z
6808325,14.08.2022 16:30,30.08.2022 09:37,Songkhla,department of highways,4-wheel pickup truck,vehicle equipment failure,rollover/fallen on curved road,1,0,0,clear,6.739989995,100.616886,wide curve,no slope,2022-08-14T09:30:00Z
6788712,14.08.2022 17:18,26.08.2022 10:18,Samut Prakan,expressway authority of thailand,other,other,rear-end collision,4,0,0,clear,13.59026,100.825906,straight road,other,2022-08-14T10:18:00Z
6729066,14.08.2022 17:30,16.08.2022 10:47,Bangkok,department of rural roads,motorcycle,tailgating,other,2,0,1,clear,13.669686,100.538583,straight road,slope area,2022-08-14T10:30:00Z
7561287,14.08.2022 17:40,17.01.2023 08:17,Bangkok,department of highways,large passenger vehicle,speeding,rear-end collision,2,0,0,clear,13.78346142,100.403472,straight road,no slope,2022-08-14T10:40:00Z
6766155,14.08.2022 17:57,22.08.2022 14:30,Prachin Buri,department of highways,large truck with trailer,speeding,rollover/fallen on curved road,1,0,0,clear,14.30420152,101.8673721,wide curve,slope area,2022-08-14T10:57:00Z
6805221,14.08.2022 18:30,29.08.2022 09:58,Lampang,department of highways,6-wheel truck,speeding,rollover/fallen on straight road,1,0,0,clear,18.43638266,99.77067588,wide curve,no slope,2022-08-14T11:30:00Z
7414943,14.08.2022 19:00,28.11.2022 10:59,buogkan,department of highways,private/passenger car,speeding,rollover/fallen on straight road,1,0,2,rainy,18.4312935,103.4151408,straight road,no slope,2022-08-14T12:00:00Z
6804972,14.08.2022 19:10,29.08.2022 09:09,Mae Hong Son,department of highways,4-wheel pickup truck,speeding,rollover/fallen on straight road,1,0,1,clear,19.24536699,97.97230838,straight road,no slope,2022-08-14T12:10:00Z
6809876,14.08.2022 19:10,30.08.2022 15:56,Nan,department of highways,7-10-wheel truck,speeding,rollover/fallen on straight road,1,0,0,rainy,18.68480429,100.747531,straight road,no slope,2022-08-14T12:10:00Z
6735924,14.08.2022 19:50,17.08.2022 15:21,Uthai Thani,department of highways,three-wheeled vehicle,speeding,rear-end collision,2,1,2,clear,15.61023194,99.84653412,straight road,no slope,2022-08-14T12:50:00Z
6765095,14.08.2022 21:10,22.08.2022 10:43,Chumphon,department of highways,large passenger vehicle,vehicle equipment failure,rollover/fallen on straight road,1,0,21,clear,10.19549357,99.09762381,straight road,no slope,2022-08-14T14:10:00Z
6747300,14.08.2022 21:30,19.08.2022 14:29,Chon Buri,department of highways,4-wheel pickup truck,speeding,rollover/fallen on straight road,1,0,0,clear,13.39068679,101.0126218,straight road,no slope,2022-08-14T14:30:00Z
6729092,14.08.2022 22:22,16.08.2022 10:55,Bangkok,expressway authority of thailand,other,other,side collision,2,0,0,clear,13.76340725,100.526268,straight road,other,2022-08-14T15:22:00Z
6788707,14.08.2022 22:50,26.08.2022 10:17,Samut Prakan,expressway authority of thailand,6-wheel truck,other,rear-end collision,3,0,0,clear,13.60833,100.766925,straight road,other,2022-08-14T15:50:00Z
7414799,14.08.2022 23:10,25.11.2022 11:32,Khon Kaen,department of highways,private/passenger car,speeding,rollover/fallen on straight road,1,0,0,other,16.52650266,102.2325012,straight road,no slope,2022-08-14T16:10:00Z
6729170,14.08.2022 23:15,16.08.2022 11:17,Kanchanaburi,department of highways,private/passenger car,speeding,head-on collision (not overtaking),2,0,0,clear,14.64275436,98.7114474,wide curve,no slope,2022-08-14T16:15:00Z
6729234,14.08.2022 23:17,16.08.2022 11:33,Kanchanaburi,department of highways,tractor/agricultural vehicle,speeding,rear-end collision,3,0,0,clear,14.64253637,98.71148227,wide curve,no slope,2022-08-14T16:17:00Z
6729895,14.08.2022 23:35,16.08.2022 14:17,Nakhon Si Thammarat,department of highways,4-wheel pickup truck,falling asleep,rollover/fallen on straight road,1,0,0,clear,8.582066174,99.94932173,straight road,no slope,2022-08-14T16:35:00Z
7562321,15.08.2022 01:45,18.01.2023 07:29,Nakhon Si Thammarat,department of highways,large truck with trailer,speeding,rollover/fallen on straight road,1,0,0,clear,8.079919801,99.65763955,other,other,2022-08-14T18:45:00Z
6735593,15.08.2022 02:00,17.08.2022 14:24,Kanchanaburi,department of highways,motorcycle,running red lights/traffic signals,collision at intersection corner,2,1,1,clear,14.06404614,99.49202119,other,other,2022-08-14T19:00:00Z
6729067,15.08.2022 02:13,16.08.2022 10:48,Bangkok,department of rural roads,private/passenger car,speeding,other,2,0,2,clear,13.672324,100.538753,straight road,slope area,2022-08-14T19:13:00Z
7371893,15.08.2022 03:00,23.11.2022 11:54,Chaiyaphum,department of highways,4-wheel pickup truck,speeding,rollover/fallen on curved road,1,0,0,clear,15.67897166,101.8686542,wide curve,no slope,2022-08-14T20:00:00Z
7554429,15.08.2022 03:00,9.01.2023 11:22,Chiang Rai,department of highways,private/passenger car,speeding,rollover/fallen on straight road,1,0,1,clear,19.85241378,99.851346,straight road,no slope,2022-08-14T20:00:00Z
6741566,15.08.2022 04:55,18.08.2022 14:28,Phra Nakhon Si Ayutthaya,department of highways,large truck with trailer,speeding,rear-end collision,2,0,9,clear,14.21019491,100.6750443,straight road,no slope,2022-08-14T21:55:00Z
6916935,15.08.2022 06:10,16.09.2022 10:49,Samut Sakhon,department of highways,private/passenger car,speeding,rear-end collision,3,0,0,clear,13.58745332,100.3236964,other,other,2022-08-14T23:10:00Z
6723229,15.08.2022 06:53,15.08.2022 09:49,Bangkok,department of highways,private/passenger car,speeding,rear-end collision,2,0,0,clear,13.72998439,100.7581177,straight road,no slope,2022-08-14T23:53:00Z
6892192,15.08.2022 07:00,12.09.2022 19:50,Krabi,department of highways,private/passenger car,speeding,rollover/fallen on curved road,1,0,0,clear,8.08035266,98.86937319,wide curve,no slope,2022-08-15T00:00:00Z
6864722,15.08.2022 07:10,8.09.2022 14:50,Chumphon,department of highways,private/passenger car,speeding,rollover/fallen on curved road,1,0,1,clear,10.87427348,99.25164698,other,other,2022-08-15T00:10:00Z
7002748,15.08.2022 07:30,29.09.2022 14:44,Tak,department of highways,private/passenger car,speeding,rollover/fallen on curved road,1,0,1,clear,16.80708819,98.59989165,wide curve,no slope,2022-08-15T00:30:00Z
7433801,15.08.2022 07:50,6.12.2022 09:39,Nakhon Sawan,department of highways,4-wheel pickup truck,cutting in closely by people/vehicles/animals,rollover/fallen on straight road,1,0,0,rainy,15.55177187,100.1275062,other,other,2022-08-15T00:50:00Z
7378542,15.08.2022 08:30,24.11.2022 09:54,Phetchabun,department of highways,4-wheel pickup truck,falling asleep,rollover/fallen on straight road,1,0,1,clear,15.39512943,101.1025767,straight road,no slope,2022-08-15T01:30:00Z
7560697,15.08.2022 09:35,16.01.2023 11:13,Bangkok,department of highways,motorcycle,failure to yield/signal,rear-end collision,2,0,1,clear,13.83577593,100.5571948,straight road,no slope,2022-08-15T02:35:00Z
6846546,15.08.2022 10:00,5.09.2022 14:47,Pathum Thani,department of highways,other,speeding,rollover/fallen on straight road,1,0,0,clear,13.95800571,100.5019802,other,other,2022-08-15T03:00:00Z
6789462,15.08.2022 10:30,26.08.2022 13:06,Chon Buri,department of highways,private/passenger car,speeding,rear-end collision,7,0,0,clear,12.95089067,100.9606433,straight road,no slope,2022-08-15T03:30:00Z
6806524,15.08.2022 11:00,29.08.2022 14:47,Narathiwat,department of highways,4-wheel pickup truck,speeding,collision with obstruction (on road surface),2,0,1,clear,6.468361557,101.5483367,straight road,no slope,2022-08-15T04:00:00Z
6770606,15.08.2022 11:20,23.08.2022 08:58,Nakhon Si Thammarat,department of highways,private/passenger car,falling asleep,collision with obstruction (on road surface),1,1,0,clear,8.077527113,99.65685098,other,other,2022-08-15T04:20:00Z
6729788,15.08.2022 11:58,16.08.2022 13:51,Pathum Thani,department of highways,4-wheel pickup truck,speeding,rear-end collision,2,0,0,clear,13.96916455,100.7128957,straight road,no slope,2022-08-15T04:58:00Z
6765119,15.08.2022 12:00,22.08.2022 10:48,Chumphon,department of highways,private/passenger car,speeding,rollover/fallen on straight road,1,0,0,clear,10.66710278,99.20199393,other,other,2022-08-15T05:00:00Z
6845588,15.08.2022 12:30,5.09.2022 11:00,Loburi,department of highways,4-wheel pickup truck,speeding,rollover/fallen on straight road,1,0,2,clear,14.84118355,100.9101105,straight road,no slope,2022-08-15T05:30:00Z
7171470,15.08.2022 12:30,25.10.2022 09:39,Surin,department of highways,private/passenger car,other,rollover/fallen on straight road,1,0,0,clear,14.42578087,103.2982287,straight road,no slope,2022-08-15T05:30:00Z
6765932,15.08.2022 13:00,22.08.2022 13:40,Phetchaburi,department of highways,4-wheel pickup truck,speeding,rollover/fallen on straight road,1,0,0,clear,13.1535037,99.85010146,straight road,no slope,2022-08-15T06:00:00Z
7331853,15.08.2022 13:45,17.08.2022 11:50,Prachuap Khiri Khan,department of highways,4-wheel pickup truck,speeding,rollover/fallen on curved road,2,0,1,clear,11.24703705,99.43986832,wide curve,no slope,2022-08-15T06:45:00Z
6829166,15.08.2022 14:30,2.09.2022 14:11,Loburi,department of highways,other,speeding,rollover/fallen on straight road,1,0,0,clear,14.99251467,101.272442,straight road,no slope,2022-08-15T07:30:00Z
7214338,15.08.2022 15:00,31.10.2022 15:30,Nakhon Si Thammarat,department of highways,private/passenger car,speeding,rollover/fallen on straight road,1,0,0,clear,8.174659825,99.63375984,straight road,no slope,2022-08-15T08:00:00Z
6765926,15.08.2022 15:30,22.08.2022 13:42,Phetchaburi,department of highways,4-wheel pickup truck,speeding,rear-end collision,2,0,0,rainy,13.14689305,99.85477923,straight road,no slope,2022-08-15T08:30:00Z
7429195,15.08.2022 15:33,3.12.2022 12:09,Udon Thani,department of highways,4-wheel pickup truck,speeding,rollover/fallen on curved road,1,0,2,clear,17.75017083,102.0912561,wide curve,slope area,2022-08-15T08:33:00Z
6806422,15.08.2022 15:37,29.08.2022 14:20,Yasothon,department of highways,6-wheel truck,speeding,head-on collision (not overtaking),2,0,0,rainy,16.18994808,104.5634079,straight road,no slope,2022-08-15T08:37:00Z
6777725,15.08.2022 16:00,24.08.2022 12:20,Krabi,department of highways,4-wheel pickup truck,speeding,head-on collision (not overtaking),3,3,0,clear,8.042631044,99.05989318,straight road,no slope,2022-08-15T09:00:00Z
7040966,15.08.2022 16:00,5.10.2022 11:00,Roi Et,department of highways,private/passenger car,falling asleep,rollover/fallen on curved road,1,0,2,clear,16.04579025,103.6243021,wide curve,no slope,2022-08-15T09:00:00Z
7561621,15.08.2022 16:10,17.01.2023 11:17,Bangkok,department of highways,private/passenger car,speeding,collision with obstruction (on road surface),2,0,1,clear,13.68691827,100.4073827,straight road,no slope,2022-08-15T09:10:00Z
6740488,15.08.2022 17:00,18.08.2022 10:03,Samut Sakhon,department of highways,large truck with trailer,cutting in closely by people/vehicles/animals,rear-end collision,2,0,0,rainy,13.54413433,100.25184,straight road,no slope,2022-08-15T10:00:00Z
6809853,15.08.2022 17:00,30.08.2022 15:53,Nan,department of highways,private/passenger car,speeding,rollover/fallen on curved road,1,0,0,clear,18.53118405,100.649507,wide curve,no slope,2022-08-15T10:00:00Z
6817692,15.08.2022 17:00,31.08.2022 22:14,Phangnga,department of highways,large truck with trailer,speeding,rollover/fallen on curved road,1,0,1,clear,8.341045463,98.43368052,wide curve,slope area,2022-08-15T10:00:00Z
6995843,15.08.2022 17:00,28.09.2022 13:55,Surat Thani,department of highways,motorcycle,speeding,rear-end collision,2,1,1,clear,8.734559389,99.33297961,straight road,no slope,2022-08-15T10:00:00Z
7559072,15.08.2022 17:05,13.01.2023 09:37,Nakhon Ratchasima,department of highways,large truck with trailer,running red lights/traffic signals,head-on collision (not overtaking),3,1,0,clear,15.41431108,101.8334475,other,other,2022-08-15T10:05:00Z
6916932,15.08.2022 17:10,16.09.2022 10:46,Samut Sakhon,department of highways,private/passenger car,speeding,rear-end collision,2,0,0,clear,13.54464803,100.2554691,other,other,2022-08-15T10:10:00Z
6815000,15.08.2022 17:45,31.08.2022 13:51,Amnat Charoen,department of highways,4-wheel pickup truck,failure to signal enter/exit parking,rear-end collision,2,0,1,clear,15.87196139,104.6642375,other,other,2022-08-15T10:45:00Z
6728908,15.08.2022 18:00,16.08.2022 10:12,Chiang Mai,department of highways,4-wheel pickup truck,speeding,rollover/fallen on curved road,1,0,0,rainy,18.49657606,98.67144762,wide curve,slope area,2022-08-15T11:00:00Z
6846673,15.08.2022 18:00,5.09.2022 15:10,Chanthaburi,department of highways,large passenger vehicle,speeding,rollover/fallen on curved road,1,0,0,rainy,12.68355247,102.1964657,wide curve,no slope,2022-08-15T11:00:00Z
6804916,15.08.2022 18:28,29.08.2022 08:56,Chachoengsao,department of highways,4-wheel pickup truck,speeding,rear-end collision,2,0,0,rainy,13.59809282,100.9557938,straight road,no slope,2022-08-15T11:28:00Z
7565268,15.08.2022 18:30,20.01.2023 09:45,Bangkok,department of highways,4-wheel pickup truck,speeding,rollover/fallen on straight road,1,0,0,rainy,13.76696226,100.4075329,straight road,no slope,2022-08-15T11:30:00Z
7570806,15.08.2022 19:00,26.01.2023 08:37,Nakhon Ratchasima,department of highways,other,speeding,rollover/fallen on straight road,1,0,0,clear,14.83794262,102.0178185,straight road,no slope,2022-08-15T12:00:00Z
7561618,15.08.2022 19:30,17.01.2023 11:19,Bangkok,department of highways,private/passenger car,speeding,rear-end collision,3,0,0,clear,13.76409137,100.4066572,straight road,no slope,2022-08-15T12:30:00Z
6815280,15.08.2022 19:40,31.08.2022 14:53,Phrae,department of highways,motorcycle,speeding,rollover/fallen on curved road,1,1,0,clear,18.20259445,100.1955968,other,other,2022-08-15T12:40:00Z
6806481,15.08.2022 19:45,29.08.2022 14:36,Rayong,department of highways,private/passenger car,speeding,rear-end collision,2,0,1,clear,12.71194008,101.034235,other,other,2022-08-15T12:45:00Z
7559203,15.08.2022 19:51,13.01.2023 10:48,Nakhon Ratchasima,department of highways,4-wheel pickup truck,speeding,rollover/fallen on straight road,1,0,0,clear,14.70267205,102.0202741,straight road,no slope,2022-08-15T12:51:00Z
6746440,15.08.2022 19:57,19.08.2022 10:40,Chanthaburi,department of highways,4-wheel pickup truck,speeding,pedestrian collision,1,1,0,rainy,12.93085894,102.073414,straight road,no slope,2022-08-15T12:57:00Z
6730208,15.08.2022 20:03,16.08.2022 15:31,Bangkok,department of highways,private/passenger car,speeding,rear-end collision,4,0,1,clear,13.89563435,100.6925189,straight road,no slope,2022-08-15T13:03:00Z
6981795,15.08.2022 20:30,26.09.2022 08:40,Pathum Thani,department of highways,4-wheel pickup truck,speeding,rollover/fallen on curved road,1,0,0,rainy,14.03202343,100.4518765,other,other,2022-08-15T13:30:00Z
7554724,15.08.2022 20:30,9.01.2023 14:22,Phitsanulok,department of highways,4-wheel pickup truck,speeding,rollover/fallen on straight road,1,0,1,rainy,16.90368878,100.1917934,straight road,no slope,2022-08-15T13:30:00Z
6809315,15.08.2022 20:36,30.08.2022 13:35,Bangkok,department of highways,large truck with trailer,speeding,rear-end collision,2,0,1,rainy,13.86730682,100.6779921,straight road,no slope,2022-08-15T13:36:00Z
7561310,15.08.2022 20:45,17.01.2023 08:39,Bangkok,department of highways,private/passenger car,speeding,rear-end collision,2,0,0,clear,13.78269664,100.4140224,straight road,no slope,2022-08-15T13:45:00Z
7568281,15.08.2022 20:50,24.01.2023 11:50,Samut Songkhram,department of highways,private/passenger car,speeding,rollover/fallen on straight road,1,0,0,rainy,13.39651587,100.0041434,straight road,no slope,2022-08-15T13:50:00Z
6746408,15.08.2022 21:50,19.08.2022 10:39,Chanthaburi,department of highways,4-wheel pickup truck,speeding,rollover/fallen on straight road,1,1,1,rainy,12.77792658,101.8278578,straight road,no slope,2022-08-15T14:50:00Z
6869340,15.08.2022 22:00,9.09.2022 09:50,Tak,department of highways,4-wheel pickup truck,speeding,rollover/fallen on curved road,1,0,0,clear,16.75678926,98.72097997,wide curve,slope area,2022-08-15T15:00:00Z
7055414,15.08.2022 22:00,7.10.2022 14:32,Suphan Buri,department of highways,4-wheel pickup truck,falling asleep,head-on collision (not overtaking),3,0,1,clear,14.45501281,100.0812811,wide curve,no slope,2022-08-15T15:00:00Z
7425224,15.08.2022 22:30,2.12.2022 14:08,Chai Nat,department of highways,4-wheel pickup truck,speeding,rollover/fallen on straight road,1,0,0,rainy,14.97654373,100.0010776,straight road,no slope,2022-08-15T15:30:00Z
6740482,15.08.2022 23:00,18.08.2022 10:04,Samut Prakan,department of highways,private/passenger car,speeding,rollover/fallen on straight road,1,0,1,clear,13.60386209,100.5561447,straight road,no slope,2022-08-15T16:00:00Z
6806513,15.08.2022 23:15,29.08.2022 14:43,Sakon Nakhon,department of highways,4-wheel pickup truck,speeding,rollover/fallen on curved road,1,0,0,rainy,17.37542419,103.8039216,wide curve,no slope,2022-08-15T16:15:00Z
7088078,15.08.2022 23:30,11.10.2022 11:16,Trang,department of highways,4-wheel pickup truck,speeding,rollover/fallen on straight road,1,0,0,clear,7.544057999,99.62708651,other,other,2022-08-15T16:30:00Z
6808768,16.08.2022 00:30,30.08.2022 11:04,Bangkok,department of highways,private/passenger car,speeding,rollover/fallen on straight road,1,0,1,rainy,13.73003911,100.7263389,straight road,no slope,2022-08-15T17:30:00Z
6727350,16.08.2022 00:39,16.08.2022 01:44,Bangkok,expressway authority of thailand,other,other,rear-end collision,2,0,0,rainy,13.74018529,100.5199841,straight road,other,2022-08-15T17:39:00Z
6765933,16.08.2022 01:00,22.08.2022 13:43,Phetchaburi,department of highways,4-wheel pickup truck,speeding,rollover/fallen on straight road,1,0,1,rainy,13.11695353,99.91137652,straight road,no slope,2022-08-15T18:00:00Z
6829067,16.08.2022 01:00,2.09.2022 13:52,Saraburi,department of highways,private/passenger car,speeding,rear-end collision,2,0,0,rainy,14.36690274,100.8783933,straight road,no slope,2022-08-15T18:00:00Z
7331866,16.08.2022 01:25,7.11.2022 12:15,Chiang Mai,department of highways,motorcycle,speeding,rear-end collision,2,0,0,clear,18.89604482,99.00868981,straight road,no slope,2022-08-15T18:25:00Z
6809359,16.08.2022 01:30,30.08.2022 13:46,Bangkok,department of highways,4-wheel pickup truck,speeding,rollover/fallen on straight road,1,0,1,rainy,13.77740609,100.6873584,straight road,no slope,2022-08-15T18:30:00Z
6869526,16.08.2022 02:30,9.09.2022 10:34,Phetchabun,department of highways,4-wheel pickup truck,running red lights/traffic signals,head-on collision (not overtaking),2,0,2,clear,16.40110491,101.1385354,other,other,2022-08-15T19:30:00Z
6869601,16.08.2022 02:30,9.09.2022 10:47,Phetchabun,department of highways,4-wheel pickup truck,speeding,rollover/fallen on straight road,1,0,1,rainy,16.50930307,101.156474,straight road,no slope,2022-08-15T19:30:00Z
7378540,16.08.2022 02:30,24.11.2022 09:52,Phetchabun,department of highways,private/passenger car,speeding,rollover/fallen on straight road,1,0,1,rainy,16.10524046,101.0427437,straight road,no slope,2022-08-15T19:30:00Z
6805593,16.08.2022 04:00,29.08.2022 10:58,Chiang Rai,department of highways,4-wheel pickup truck,speeding,rollover/fallen on straight road,1,0,1,rainy,20.19044291,99.85720395,straight road,no slope,2022-08-15T21:00:00Z
7331860,16.08.2022 05:00,17.08.2022 11:23,Kamphaeng Phet,department of highways,other,falling asleep,rear-end collision,2,2,0,clear,16.07279254,99.73226129,straight road,no slope,2022-08-15T22:00:00Z
6808589,16.08.2022 05:13,30.08.2022 10:21,Chon Buri,department of highways,private/passenger car,speeding,rollover/fallen on straight road,1,0,0,rainy,13.47418779,101.0459804,straight road,no slope,2022-08-15T22:13:00Z
6729773,16.08.2022 05:20,16.08.2022 13:49,Suphan Buri,department of highways,4-wheel pickup truck,speeding,rollover/fallen on curved road,1,0,0,foggy,14.8660101,100.0878203,wide curve,no slope,2022-08-15T22:20:00Z
7545147,16.08.2022 06:40,5.01.2023 06:04,Phrae,department of highways,large truck with trailer,speeding,rollover/fallen on curved road,1,0,0,rainy,17.87321807,100.046179,wide curve,no slope,2022-08-15T23:40:00Z
7554509,16.08.2022 07:30,9.01.2023 13:03,Chiang Mai,department of highways,private/passenger car,speeding,rear-end collision,3,0,0,clear,18.86737951,99.01523708,straight road,no slope,2022-08-16T00:30:00Z
6869045,16.08.2022 07:40,9.09.2022 09:03,Kamphaeng Phet,department of highways,motorcycle,speeding,head-on collision (not overtaking),2,1,1,rainy,16.48679484,99.63702946,straight road,no slope,2022-08-16T00:40:00Z
6740596,16.08.2022 07:50,18.08.2022 10:22,Chiang Mai,department of rural roads,4-wheel pickup truck,speeding,other,1,0,0,dark,18.755152,99.036181,wide curve,no slope,2022-08-16T00:50:00Z
7515176,16.08.2022 08:15,28.12.2022 14:42,Lamphun,department of highways,4-wheel pickup truck,speeding,rollover/fallen on straight road,1,0,0,foggy,18.46268362,99.13484483,straight road,no slope,2022-08-16T01:15:00Z
6734713,16.08.2022 08:35,17.08.2022 10:30,Nakhon Sawan,department of highways,private/passenger car,speeding,rollover/fallen on straight road,1,0,1,rainy,15.67031784,100.1271629,other,other,2022-08-16T01:35:00Z
6805591,16.08.2022 09:00,29.08.2022 10:58,Chon Buri,department of highways,large truck with trailer,speeding,rollover/fallen on straight road,1,0,0,clear,13.3988746,101.00656,straight road,no slope,2022-08-16T02:00:00Z
6806116,16.08.2022 09:00,29.08.2022 13:22,Mukdahan,department of highways,motorcycle,cutting in closely by people/vehicles/animals,rear-end collision,2,1,1,clear,16.61664137,104.4597646,straight road,no slope,2022-08-16T02:00:00Z
6815157,16.08.2022 09:10,31.08.2022 14:25,Nakhon Si Thammarat,department of highways,4-wheel pickup truck,cutting in closely by people/vehicles/animals,other,2,0,1,clear,8.008443794,100.2605492,connecting to public/commercial area,other,2022-08-16T02:10:00Z