acc_code,incident_datetime,report_datetime,province_en,agency,vehicle_type,presumed_cause,accident_type,number_of_vehicles_involved,number_of_fatalities,number_of_injuries,weather_condition,latitude,longitude,road_description,slope_description,incident_time
6788724,16.08.2022 09:24,26.08.2022 10:21,Samut Prakan,expressway authority of thailand,other,other,rear-end collision,2,0,0,clear,13.613801,100.753244,straight road,other,2022-08-16T02:24:00Z
6869885,16.08.2022 10:00,9.09.2022 11:37,Maha Sarakham,department of highways,motorcycle,speeding,rear-end collision,2,1,1,clear,15.51671163,103.3387059,straight road,no slope,2022-08-16T03:00:00Z
6869108,16.08.2022 11:25,9.09.2022 09:12,Tak,department of highways,4-wheel pickup truck,falling asleep,rollover/fallen on straight road,1,0,1,clear,16.72772142,99.22455131,straight road,no slope,2022-08-16T04:25:00Z
6990117,16.08.2022 11:30,27.09.2022 16:02,Rayong,department of highways,4-wheel pickup truck,speeding,rollover/fallen on straight road,1,0,0,rainy,12.78409975,101.1609667,straight road,no slope,2022-08-16T04:30:00Z
7570935,16.08.2022 11:50,26.01.2023 09:43,Nakhon Ratchasima,department of highways,4-wheel pickup truck,speeding,rollover/fallen on straight road,1,0,0,clear,14.65041399,101.3054231,straight road,no slope,2022-08-16T04:50:00Z
7414916,16.08.2022 12:05,28.11.2022 10:45,Phrae,department of highways,4-wheel pickup truck,speeding,rollover/fallen on straight road,1,0,1,rainy,18.11925032,100.1594004,straight road,no slope,2022-08-16T05:05:00Z
6806512,16.08.2022 12:50,29.08.2022 14:41,Phrae,department of highways,6-wheel truck,cutting in closely by people/vehicles/animals,rear-end collision,2,0,0,rainy,18.20218677,100.1952508,straight road,no slope,2022-08-16T05:50:00Z
7526958,16.08.2022 13:00,31.12.2022 09:14,Phuket,department of highways,4-wheel pickup truck,speeding,rollover/fallen on straight road,1,0,0,clear,7.994130085,98.35243105,straight road,no slope,2022-08-16T06:00:00Z
6735400,16.08.2022 13:13,17.08.2022 13:38,Chiang Mai,department of rural roads,motorcycle,speeding,other,1,0,1,clear,19.913903,99.162405,straight road,no slope,2022-08-16T06:13:00Z
7040878,16.08.2022 13:20,5.10.2022 10:47,Yasothon,department of highways,large passenger vehicle,speeding,rollover/fallen on straight road,1,0,1,clear,15.6425694,104.3294495,straight road,no slope,2022-08-16T06:20:00Z
6805611,16.08.2022 16:30,29.08.2022 11:00,Nakhon Si Thammarat,department of highways,motorcycle,speeding,rear-end collision,2,0,1,clear,8.135566346,100.0740391,straight road,no slope,2022-08-16T09:30:00Z
6808755,16.08.2022 17:13,30.08.2022 10:56,Phra Nakhon Si Ayutthaya,department of highways,other,speeding,rollover/fallen on curved road,1,0,0,clear,14.18965549,100.6340897,other,other,2022-08-16T10:13:00Z
6809365,16.08.2022 17:30,30.08.2022 13:49,Pathum Thani,department of highways,4-wheel pickup truck,speeding,rear-end collision,2,0,1,clear,14.06260733,100.6969151,straight road,no slope,2022-08-16T10:30:00Z
6735403,16.08.2022 17:33,17.08.2022 13:38,Chiang Mai,department of rural roads,motorcycle,failure to signal enter/exit parking,other,2,0,2,clear,19.913791,99.179713,straight road,no slope,2022-08-16T10:33:00Z
7332480,16.08.2022 19:50,17.11.2022 14:24,Khon Kaen,department of highways,4-wheel pickup truck,speeding,rollover/fallen on curved road,1,0,0,rainy,16.46066195,102.628132,straight road,no slope,2022-08-16T12:50:00Z
7439408,16.08.2022 20:20,7.12.2022 13:58,Chachoengsao,department of highways,6-wheel truck,speeding,rollover/fallen on straight road,1,0,1,rainy,13.75542375,101.5042037,other,other,2022-08-16T13:20:00Z
7357676,16.08.2022 20:30,21.11.2022 10:42,Khon Kaen,department of highways,motorcycle,speeding,rollover/fallen on straight road,1,0,1,clear,16.44781074,102.8308698,straight road,no slope,2022-08-16T13:30:00Z
6747268,16.08.2022 21:00,19.08.2022 14:20,Chachoengsao,department of highways,motorcycle,speeding,rear-end collision,2,0,0,rainy,13.73325436,101.4802354,straight road,no slope,2022-08-16T14:00:00Z
6814609,16.08.2022 21:10,31.08.2022 12:23,Si Sa Ket,department of highways,4-wheel pickup truck,speeding,rollover/fallen on straight road,1,0,0,rainy,15.10874731,104.3412298,straight road,no slope,2022-08-16T14:10:00Z
6804952,16.08.2022 22:00,29.08.2022 09:04,Mae Hong Son,department of highways,motorcycle,debris/obstruction on the road,other,1,0,0,rainy,17.97344174,97.9275745,straight road,no slope,2022-08-16T15:00:00Z
6863664,16.08.2022 22:52,8.09.2022 10:53,Phatthalung,department of highways,motorcycle,speeding,pedestrian collision,2,1,1,clear,7.714840356,99.98838811,other,other,2022-08-16T15:52:00Z
7554326,16.08.2022 23:00,9.01.2023 10:18,Lamphun,department of highways,4-wheel pickup truck,speeding,rollover/fallen on straight road,1,0,0,clear,18.54140716,98.94286303,straight road,no slope,2022-08-16T16:00:00Z
6814286,16.08.2022 23:50,31.08.2022 11:18,Si Sa Ket,department of highways,4-wheel pickup truck,speeding,rollover/fallen on straight road,1,0,0,rainy,15.10028986,104.596509,straight road,no slope,2022-08-16T16:50:00Z
6805425,17.08.2022 00:30,29.08.2022 10:30,Nakhon Phanom,department of highways,private/passenger car,speeding,rollover/fallen on straight road,1,0,1,clear,17.37954032,104.7801921,straight road,no slope,2022-08-16T17:30:00Z
7526995,17.08.2022 00:30,31.12.2022 09:22,Phuket,department of highways,private/passenger car,falling asleep,rollover/fallen on straight road,1,0,0,clear,7.983930364,98.36690156,straight road,no slope,2022-08-16T17:30:00Z
6829170,17.08.2022 01:00,2.09.2022 14:10,Saraburi,department of highways,private/passenger car,speeding,rollover/fallen on straight road,1,0,0,clear,14.34405968,100.8567238,other,other,2022-08-16T18:00:00Z
7542850,17.08.2022 03:50,3.01.2023 14:51,Chiang Mai,department of highways,private/passenger car,speeding,rollover/fallen on straight road,1,0,0,clear,18.89426083,98.95262896,straight road,no slope,2022-08-16T20:50:00Z
7331874,17.08.2022 04:00,3.11.2022 13:24,Songkhla,department of highways,large truck with trailer,falling asleep,collision with obstruction (on road surface),1,0,0,clear,7.082982167,100.6360021,other,other,2022-08-16T21:00:00Z
6868964,17.08.2022 04:20,9.09.2022 08:45,Kamphaeng Phet,department of highways,4-wheel pickup truck,falling asleep,rollover/fallen on straight road,1,0,0,rainy,16.41473397,99.52142356,straight road,no slope,2022-08-16T21:20:00Z
6808324,17.08.2022 05:15,30.08.2022 09:35,Songkhla,department of highways,4-wheel pickup truck,speeding,rollover/fallen on straight road,1,1,16,clear,6.967288513,100.6862131,straight road,no slope,2022-08-16T22:15:00Z
7567383,17.08.2022 05:55,23.01.2023 14:40,Chon Buri,department of highways,private/passenger car,speeding,rollover/fallen on curved road,1,0,0,clear,12.64714817,100.9551421,other,other,2022-08-16T22:55:00Z
7559167,17.08.2022 07:00,13.01.2023 10:33,Prachin Buri,department of highways,large truck with trailer,speeding,rollover/fallen on straight road,1,0,0,clear,13.85935658,101.5545541,straight road,no slope,2022-08-17T00:00:00Z
7331870,17.08.2022 07:30,15.09.2022 09:10,Trat,department of highways,private/passenger car,cutting in closely by people/vehicles/animals,rear-end collision,2,0,1,clear,12.29646554,102.479082,straight road,no slope,2022-08-17T00:30:00Z
7563858,17.08.2022 07:30,19.01.2023 08:34,Phra Nakhon Si Ayutthaya,department of highways,large truck with trailer,falling asleep,rollover/fallen on straight road,1,0,0,clear,14.25334788,100.7636323,straight road,no slope,2022-08-17T00:30:00Z
6772472,17.08.2022 08:30,23.08.2022 16:00,Sa Kaeo,department of highways,large truck with trailer,speeding,rollover/fallen on straight road,1,0,0,clear,14.14296617,102.6674187,straight road,slope area,2022-08-17T01:30:00Z
6864730,17.08.2022 08:30,8.09.2022 14:52,Tak,department of highways,4-wheel pickup truck,falling asleep,rollover/fallen on straight road,1,0,1,clear,16.77568084,99.1807106,straight road,no slope,2022-08-17T01:30:00Z
7441479,17.08.2022 08:30,8.12.2022 10:06,Bangkok,department of highways,private/passenger car,speeding,rear-end collision,2,0,0,clear,13.67825302,100.4650891,straight road,no slope,2022-08-17T01:30:00Z
7119317,17.08.2022 09:00,17.10.2022 14:47,Suphan Buri,department of highways,private/passenger car,other,rollover/fallen on straight road,1,0,1,clear,14.37550303,100.1551974,straight road,no slope,2022-08-17T02:00:00Z
7561359,17.08.2022 09:00,17.01.2023 08:55,Bangkok,department of highways,other,speeding,rollover/fallen on straight road,1,0,0,clear,13.78129538,100.4276964,straight road,no slope,2022-08-17T02:00:00Z
7561202,17.08.2022 09:10,17.01.2023 07:07,Bangkok,department of highways,private/passenger car,speeding,rear-end collision,4,0,0,clear,13.78654699,100.3757541,straight road,no slope,2022-08-17T02:10:00Z
6869769,17.08.2022 09:30,9.09.2022 11:19,Kalasin,department of highways,4-wheel pickup truck,speeding,rollover/fallen on straight road,1,0,0,clear,16.47154527,103.554436,straight road,no slope,2022-08-17T02:30:00Z
6734983,17.08.2022 10:30,17.08.2022 11:33,Phetchaburi,department of highways,van,speeding,rollover/fallen on straight road,1,0,6,clear,13.1535037,99.85010146,straight road,no slope,2022-08-17T03:30:00Z
6770629,17.08.2022 10:40,23.08.2022 09:00,Nakhon Si Thammarat,department of highways,4-wheel pickup truck,speeding,rollover/fallen on straight road,1,3,10,clear,8.04410237,99.89378928,straight road,no slope,2022-08-17T03:40:00Z
6815607,17.08.2022 11:00,31.08.2022 15:54,Si Sa Ket,department of highways,4-wheel pickup truck,speeding,rear-end collision,2,0,0,clear,14.87994138,104.7059378,straight road,no slope,2022-08-17T04:00:00Z
7561572,17.08.2022 11:00,17.01.2023 10:49,Bangkok,department of highways,motorcycle,speeding,rear-end collision,2,0,1,clear,13.78103488,100.4471478,straight road,no slope,2022-08-17T04:00:00Z
7513872,17.08.2022 12:10,28.12.2022 08:52,Kamphaeng Phet,department of highways,private/passenger car,cutting in closely by people/vehicles/animals,rear-end collision,2,0,0,rainy,16.390676,99.5215094,straight road,no slope,2022-08-17T05:10:00Z
7567520,17.08.2022 12:10,23.01.2023 16:37,Rayong,department of highways,4-wheel pickup truck,speeding,rollover/fallen on straight road,1,0,0,clear,12.92404626,101.5270668,straight road,no slope,2022-08-17T05:10:00Z
6869227,17.08.2022 12:40,9.09.2022 09:31,Tak,department of highways,6-wheel truck,speeding,rollover/fallen on straight road,1,0,0,rainy,17.11077693,99.08405183,straight road,no slope,2022-08-17T05:40:00Z
7415465,17.08.2022 13:45,29.11.2022 15:36,Phrae,department of highways,4-wheel pickup truck,speeding,rollover/fallen on curved road,1,0,0,rainy,18.06050942,99.6950054,wide curve,slope area,2022-08-17T06:45:00Z
6815313,17.08.2022 14:00,31.08.2022 14:56,Prachuap Khiri Khan,department of highways,6-wheel truck,speeding,rear-end collision,2,0,0,rainy,11.26284448,99.43777083,straight road,no slope,2022-08-17T07:00:00Z
6916913,17.08.2022 14:00,16.09.2022 10:40,Samut Sakhon,department of highways,4-wheel pickup truck,speeding,rear-end collision,2,0,0,clear,13.53525784,100.2163598,straight road,no slope,2022-08-17T07:00:00Z
6815606,17.08.2022 14:30,31.08.2022 15:51,Ubon Ratchathani,department of highways,4-wheel pickup truck,speeding,rear-end collision,2,0,0,clear,15.56579222,104.6980736,straight road,no slope,2022-08-17T07:30:00Z
7526952,17.08.2022 15:10,31.12.2022 09:11,Phuket,department of highways,4-wheel pickup truck,speeding,rollover/fallen on straight road,1,0,0,rainy,8.097857862,98.3364719,straight road,no slope,2022-08-17T08:10:00Z
7555212,17.08.2022 15:20,10.01.2023 09:53,Uttaradit,department of highways,6-wheel truck,speeding,rollover/fallen on straight road,1,0,0,clear,17.67192152,100.1156643,straight road,no slope,2022-08-17T08:20:00Z
6809589,17.08.2022 16:00,30.08.2022 14:41,Satun,department of rural roads,6-wheel truck,falling asleep,other,1,0,1,clear,6.757658,100.018448,straight road,no slope,2022-08-17T09:00:00Z
6916898,17.08.2022 16:30,16.09.2022 10:39,Samut Sakhon,department of highways,4-wheel pickup truck,speeding,rear-end collision,2,0,0,clear,13.59009694,100.3305146,straight road,no slope,2022-08-17T09:30:00Z
6737410,17.08.2022 20:20,17.08.2022 21:14,Nonthaburi,expressway authority of thailand,other,other,collision with obstruction (on road surface),1,0,0,clear,13.850065,100.5333966,straight road,other,2022-08-17T13:20:00Z
6916911,17.08.2022 22:30,16.09.2022 10:43,Samut Sakhon,department of highways,4-wheel pickup truck,speeding,rear-end collision,2,0,0,clear,13.53188343,100.2063444,straight road,no slope,2022-08-17T15:30:00Z
6845716,17.08.2022 22:35,5.09.2022 11:29,Sing Buri,department of highways,motorcycle,speeding,rear-end collision,2,0,1,clear,14.74313806,100.4541564,straight road,no slope,2022-08-17T15:35:00Z
6808737,17.08.2022 23:36,30.08.2022 10:54,Bangkok,department of highways,van,debris/obstruction on the road,collision with obstruction (on road surface),1,0,0,clear,13.7368682,100.6666034,straight road,no slope,2022-08-17T16:36:00Z
6808526,17.08.2022 23:42,30.08.2022 10:13,Chon Buri,department of highways,4-wheel pickup truck,speeding,rollover/fallen on straight road,1,0,0,rainy,13.30166751,100.9973171,straight road,no slope,2022-08-17T16:42:00Z
6896065,18.08.2022 00:10,13.09.2022 10:42,Chon Buri,department of highways,private/passenger car,speeding,rollover/fallen on straight road,1,0,1,clear,13.40055753,101.2816715,straight road,no slope,2022-08-17T17:10:00Z
6890625,18.08.2022 00:30,12.09.2022 14:36,Phatthalung,department of highways,private/passenger car,speeding,rollover/fallen on straight road,1,0,0,clear,7.625452705,100.0671351,other,other,2022-08-17T17:30:00Z
6805422,18.08.2022 01:00,29.08.2022 10:31,Lamphun,department of highways,4-wheel pickup truck,speeding,rollover/fallen on straight road,1,0,0,clear,18.55844686,99.04590277,straight road,no slope,2022-08-17T18:00:00Z
7357745,18.08.2022 01:20,21.11.2022 10:50,Khon Kaen,department of highways,private/passenger car,speeding,rollover/fallen on straight road,1,0,0,clear,16.38622173,102.824277,straight road,no slope,2022-08-17T18:20:00Z
6827929,18.08.2022 01:30,2.09.2022 10:22,Nakhon Sawan,department of highways,4-wheel pickup truck,speeding,rollover/fallen on straight road,1,0,1,clear,15.61834584,100.4663631,straight road,no slope,2022-08-17T18:30:00Z
7522111,18.08.2022 01:30,30.12.2022 12:52,Phuket,department of highways,6-wheel truck,speeding,rear-end collision,3,0,0,clear,7.997089019,98.35034697,straight road,no slope,2022-08-17T18:30:00Z
7147071,18.08.2022 03:00,21.10.2022 14:03,Kanchanaburi,department of highways,4-wheel pickup truck,falling asleep,rollover/fallen on straight road,1,0,0,clear,14.31791631,99.5152223,other,other,2022-08-17T20:00:00Z
6869846,18.08.2022 03:20,9.09.2022 11:33,Maha Sarakham,department of highways,private/passenger car,speeding,rollover/fallen on straight road,1,0,1,clear,15.98210542,103.0773166,straight road,no slope,2022-08-17T20:20:00Z
7088094,18.08.2022 03:30,12.10.2022 09:43,Chai Nat,department of highways,large truck with trailer,speeding,rollover/fallen on straight road,1,1,0,clear,15.36763347,100.1562837,straight road,no slope,2022-08-17T20:30:00Z
6746614,18.08.2022 03:50,19.08.2022 11:23,Bangkok,department of highways,4-wheel pickup truck,speeding,rear-end collision,2,0,0,clear,13.70007321,100.6995544,straight road,no slope,2022-08-17T20:50:00Z
7563875,18.08.2022 06:26,19.01.2023 08:36,Phra Nakhon Si Ayutthaya,department of highways,7-10-wheel truck,speeding,rear-end collision,2,0,5,clear,14.27330704,100.6836006,straight road,no slope,2022-08-17T23:26:00Z
7119320,18.08.2022 06:30,17.10.2022 14:49,Suphan Buri,department of highways,4-wheel pickup truck,falling asleep,rollover/fallen on straight road,1,0,0,clear,14.40902025,100.1548755,straight road,no slope,2022-08-17T23:30:00Z
7438930,18.08.2022 06:30,7.12.2022 14:41,Nakhon Ratchasima,department of highways,7-10-wheel truck,falling asleep,rollover/fallen on straight road,1,0,0,clear,15.70793646,102.5867405,straight road,no slope,2022-08-17T23:30:00Z
6788657,18.08.2022 07:21,26.08.2022 10:03,Bangkok,expressway authority of thailand,other,other,rear-end collision,4,0,0,clear,13.81731,100.623894,straight road,other,2022-08-18T00:21:00Z
6741702,18.08.2022 08:40,18.08.2022 14:58,Phetchaburi,department of highways,private/passenger car,falling asleep,rollover/fallen on straight road,1,1,2,clear,13.17622825,99.83757822,straight road,no slope,2022-08-18T01:40:00Z
6896196,18.08.2022 09:00,13.09.2022 11:04,Trat,department of highways,motorcycle,speeding,rear-end collision,3,0,1,clear,12.34039225,102.4478423,straight road,no slope,2022-08-18T02:00:00Z
7562311,18.08.2022 09:30,18.01.2023 07:19,Nakhon Si Thammarat,department of highways,large truck with trailer,falling asleep,rollover/fallen on straight road,1,0,1,clear,8.141482122,99.76262657,other,other,2022-08-18T02:30:00Z
6806474,18.08.2022 09:40,29.08.2022 14:35,Chon Buri,department of highways,private/passenger car,speeding,rear-end collision,2,0,5,clear,13.31785053,101.0098323,straight road,no slope,2022-08-18T02:40:00Z
7565270,18.08.2022 10:00,20.01.2023 09:42,Bangkok,department of highways,other,speeding,rollover/fallen on straight road,1,0,0,clear,13.78032241,100.4333036,straight road,no slope,2022-08-18T03:00:00Z
6806523,18.08.2022 10:15,29.08.2022 14:45,Narathiwat,department of highways,4-wheel pickup truck,speeding,rear-end collision,2,0,0,clear,6.407427587,101.7854574,other,other,2022-08-18T03:15:00Z
6845609,18.08.2022 10:48,5.09.2022 11:06,Samut Prakan,expressway authority of thailand,4-wheel pickup truck,other,rear-end collision,3,0,0,clear,13.626399,100.595699,straight road,other,2022-08-18T03:48:00Z
7331879,18.08.2022 11:10,16.09.2022 10:22,Phra Nakhon Si Ayutthaya,department of highways,large truck with trailer,running red lights/traffic signals,collision with obstruction (on road surface),3,2,0,clear,14.1353844,100.6184041,straight road,no slope,2022-08-18T04:10:00Z
6805678,18.08.2022 11:45,29.08.2022 11:18,Nan,department of highways,motorcycle,speeding,head-on collision (not overtaking),2,0,2,clear,18.80208198,100.8765238,straight road,no slope,2022-08-18T04:45:00Z
6765306,18.08.2022 12:00,22.08.2022 11:17,Prachuap Khiri Khan,department of highways,4-wheel pickup truck,speeding,rollover/fallen on straight road,1,0,2,clear,11.49802701,99.60326849,straight road,no slope,2022-08-18T05:00:00Z
7171874,18.08.2022 12:04,25.10.2022 10:32,Surin,department of highways,4-wheel pickup truck,speeding,rollover/fallen on straight road,1,0,1,clear,14.58989633,103.462412,straight road,no slope,2022-08-18T05:04:00Z
7178440,18.08.2022 12:04,26.10.2022 09:02,Ratchaburi,department of highways,4-wheel pickup truck,speeding,rollover/fallen on straight road,1,0,1,clear,13.44746865,99.80196922,straight road,no slope,2022-08-18T05:04:00Z
6808736,18.08.2022 12:29,30.08.2022 10:51,Bangkok,department of highways,4-wheel pickup truck,vehicle equipment failure,rollover/fallen on straight road,1,0,1,clear,13.73382497,100.7987425,straight road,no slope,2022-08-18T05:29:00Z
6765120,18.08.2022 12:48,22.08.2022 10:46,Suphan Buri,department of rural roads,4-wheel pickup truck,speeding,other,2,1,4,clear,14.403799,99.892887,four-way intersection,other,2022-08-18T05:48:00Z
6745706,18.08.2022 12:50,19.08.2022 08:38,Bangkok,department of highways,4-wheel pickup truck,speeding,rear-end collision,2,0,0,clear,13.88191498,100.6853708,straight road,no slope,2022-08-18T05:50:00Z
7568102,18.08.2022 13:35,24.01.2023 09:35,Nakhon Phanom,department of highways,4-wheel pickup truck,speeding,rollover/fallen on curved road,1,0,2,clear,16.93421786,104.6874815,wide curve,no slope,2022-08-18T06:35:00Z
6806465,18.08.2022 14:00,29.08.2022 14:30,Phrae,department of highways,private/passenger car,speeding,rollover/fallen on straight road,1,0,2,rainy,18.00206264,99.75948839,straight road,no slope,2022-08-18T07:00:00Z
6815348,18.08.2022 14:00,31.08.2022 15:01,Phrae,department of highways,4-wheel pickup truck,falling asleep,rollover/fallen on curved road,1,0,0,clear,18.36234336,100.3582674,wide curve,no slope,2022-08-18T07:00:00Z
6864322,18.08.2022 14:20,8.09.2022 13:42,Prachuap Khiri Khan,department of highways,motorcycle,cutting in closely by people/vehicles/animals,rear-end collision,2,0,1,clear,12.24328141,99.87116753,straight road,no slope,2022-08-18T07:20:00Z
6766711,18.08.2022 15:00,22.08.2022 16:21,Rayong,department of rural roads,6-wheel truck,speeding,other,2,1,2,clear,12.854321,101.122507,four-way intersection,other,2022-08-18T08:00:00Z
6746735,18.08.2022 16:00,19.08.2022 11:45,Bangkok,department of highways,private/passenger car,speeding,rear-end collision,7,0,0,clear,13.74082329,100.644384,straight road,no slope,2022-08-18T09:00:00Z
6813589,18.08.2022 16:00,31.08.2022 09:19,Kanchanaburi,department of highways,4-wheel pickup truck,speeding,head-on collision (not overtaking),2,0,2,clear,14.50705922,99.16855215,other,other,2022-08-18T09:00:00Z
6988621,18.08.2022 17:20,27.09.2022 10:36,Songkhla,department of highways,4-wheel pickup truck,speeding,rollover/fallen on straight road,1,0,0,rainy,6.958023261,100.6891447,straight road,no slope,2022-08-18T10:20:00Z
7559317,18.08.2022 17:44,13.01.2023 12:50,Nakhon Ratchasima,department of highways,large passenger vehicle,speeding,rollover/fallen on curved road,1,0,2,clear,14.48868167,101.93535,wide curve,slope area,2022-08-18T10:44:00Z
7372633,18.08.2022 18:00,23.11.2022 14:31,Tak,department of highways,large truck with trailer,speeding,rollover/fallen on curved road,1,0,1,rainy,16.8118973,98.9644119,wide curve,slope area,2022-08-18T11:00:00Z
6827933,18.08.2022 18:39,2.09.2022 10:23,Nonthaburi,expressway authority of thailand,other,other,rear-end collision,4,0,2,clear,13.86987625,100.5346613,straight road,other,2022-08-18T11:39:00Z
6747444,18.08.2022 19:40,19.08.2022 14:46,Bangkok,department of highways,7-10-wheel truck,speeding,rear-end collision,3,0,4,clear,13.69915593,100.6997663,straight road,no slope,2022-08-18T12:40:00Z
7357754,18.08.2022 20:00,21.11.2022 10:54,Khon Kaen,department of highways,4-wheel pickup truck,speeding,rollover/fallen on straight road,1,0,0,clear,16.43787827,102.9420018,wide curve,no slope,2022-08-18T13:00:00Z
6808754,18.08.2022 21:59,30.08.2022 10:55,Samut Prakan,department of highways,private/passenger car,speeding,rear-end collision,2,0,2,clear,13.7025514,100.8238318,straight road,no slope,2022-08-18T14:59:00Z
6821885,18.08.2022 22:05,1.09.2022 11:18,Narathiwat,department of highways,private/passenger car,speeding,rollover/fallen on curved road,1,0,0,clear,6.246224971,101.8448603,other,other,2022-08-18T15:05:00Z
7554646,18.08.2022 22:30,9.01.2023 13:52,Phayao,department of highways,private/passenger car,speeding,rollover/fallen on straight road,1,0,1,clear,19.35360291,100.0411874,wide curve,no slope,2022-08-18T15:30:00Z
6747780,18.08.2022 22:35,19.08.2022 15:04,Bangkok,department of highways,4-wheel pickup truck,speeding,rollover/fallen on straight road,1,0,1,rainy,13.70552729,100.6998119,straight road,no slope,2022-08-18T15:35:00Z
6805556,19.08.2022 02:00,29.08.2022 10:53,Chon Buri,department of highways,van,speeding,rollover/fallen on straight road,1,0,1,rainy,13.4169896,101.0732666,straight road,no slope,2022-08-18T19:00:00Z
7119318,19.08.2022 02:00,17.10.2022 14:48,Suphan Buri,department of highways,4-wheel pickup truck,falling asleep,rollover/fallen on straight road,1,0,2,clear,14.46415253,100.212594,straight road,no slope,2022-08-18T19:00:00Z
7421440,19.08.2022 04:00,1.12.2022 14:51,Uthai Thani,department of rural roads,4-wheel pickup truck,speeding,other,1,1,0,clear,15.013828,99.549424,wide curve,no slope,2022-08-18T21:00:00Z
6863632,19.08.2022 04:30,8.09.2022 10:46,Phatthalung,department of highways,large truck with trailer,speeding,rollover/fallen on straight road,1,0,1,clear,7.394581028,100.1066923,other,other,2022-08-18T21:30:00Z
6909585,19.08.2022 04:46,15.09.2022 09:19,Chanthaburi,department of highways,motorcycle,falling asleep,rollover/fallen on curved road,1,3,0,clear,12.90836543,102.0830726,wide curve,no slope,2022-08-18T21:46:00Z
6813565,19.08.2022 05:00,31.08.2022 09:13,Uthai Thani,department of highways,4-wheel pickup truck,speeding,rollover/fallen on straight road,1,0,2,clear,15.52394279,99.86735611,straight road,no slope,2022-08-18T22:00:00Z
6765172,19.08.2022 05:05,22.08.2022 10:55,Chumphon,department of highways,6-wheel truck,speeding,rear-end collision,2,0,0,clear,10.77321704,99.19352888,straight road,no slope,2022-08-18T22:05:00Z
6869316,19.08.2022 07:20,9.09.2022 09:49,Tak,department of highways,large passenger vehicle,speeding,rollover/fallen on curved road,1,0,1,clear,16.76805612,98.75842093,wide curve,no slope,2022-08-19T00:20:00Z
6745972,19.08.2022 07:30,19.08.2022 09:20,Bangkok,department of highways,private/passenger car,speeding,rear-end collision,2,0,0,clear,13.88678416,100.6878921,straight road,no slope,2022-08-19T00:30:00Z
7563874,19.08.2022 07:43,19.01.2023 08:35,Phra Nakhon Si Ayutthaya,department of highways,4-wheel pickup truck,vehicle equipment failure,rollover/fallen on straight road,1,0,0,clear,14.21365827,100.6815326,straight road,no slope,2022-08-19T00:43:00Z
7474800,19.08.2022 08:07,20.12.2022 14:28,Tak,department of highways,motorcycle,cutting in closely by people/vehicles/animals,rear-end collision,2,0,0,clear,16.70457596,98.54405342,straight road,no slope,2022-08-19T01:07:00Z
6764396,19.08.2022 08:10,22.08.2022 08:12,Khon Kaen,department of highways,motorcycle,speeding,rear-end collision,2,0,1,clear,15.73465108,102.7901915,straight road,no slope,2022-08-19T01:10:00Z
6845589,19.08.2022 10:10,5.09.2022 11:02,Loburi,department of highways,4-wheel pickup truck,speeding,rollover/fallen on straight road,1,0,0,clear,14.85055866,100.9499359,straight road,no slope,2022-08-19T03:10:00Z
7415286,19.08.2022 10:20,29.11.2022 15:06,Uttaradit,department of highways,motorcycle,speeding,rear-end collision,2,0,0,clear,17.56449143,100.1585233,straight road,no slope,2022-08-19T03:20:00Z
6851160,19.08.2022 10:50,6.09.2022 10:14,Mukdahan,department of highways,other,speeding,rollover/fallen on curved road,1,0,0,clear,16.54654184,104.6615365,wide curve,slope area,2022-08-19T03:50:00Z
6748253,19.08.2022 11:20,19.08.2022 15:20,Samut Prakan,department of highways,large truck with trailer,speeding,rear-end collision,3,0,0,clear,13.65701985,100.6920737,straight road,no slope,2022-08-19T04:20:00Z
6916756,19.08.2022 12:10,16.09.2022 10:10,Samut Sakhon,department of highways,private/passenger car,speeding,rear-end collision,4,0,2,clear,13.59257368,100.3546733,straight road,no slope,2022-08-19T05:10:00Z
7425154,19.08.2022 12:15,2.12.2022 14:50,Surat Thani,department of highways,4-wheel pickup truck,speeding,rear-end collision,2,0,2,clear,8.74652362,99.02677058,wide curve,no slope,2022-08-19T05:15:00Z
6809616,19.08.2022 13:00,30.08.2022 14:46,Nakhon Ratchasima,department of highways,private/passenger car,speeding,rollover/fallen on curved road,1,0,0,clear,15.24377732,101.786128,wide curve,no slope,2022-08-19T06:00:00Z
6817609,19.08.2022 13:00,31.08.2022 21:57,Krabi,department of highways,4-wheel pickup truck,speeding,rollover/fallen on curved road,1,0,0,clear,8.085533663,98.87435137,wide curve,no slope,2022-08-19T06:00:00Z
6864683,19.08.2022 13:40,8.09.2022 14:48,Phetchaburi,department of highways,large truck with trailer,speeding,rollover/fallen on straight road,1,0,0,clear,13.10861777,99.93288247,other,other,2022-08-19T06:40:00Z
6917156,19.08.2022 14:23,16.09.2022 11:41,Samut Sakhon,department of highways,private/passenger car,speeding,rear-end collision,2,0,0,clear,13.59219305,100.3360748,straight road,no slope,2022-08-19T07:23:00Z
7571296,19.08.2022 14:30,26.01.2023 13:17,Nakhon Ratchasima,department of highways,4-wheel pickup truck,speeding,rear-end collision,2,0,0,clear,14.65580988,101.3222198,straight road,no slope,2022-08-19T07:30:00Z
6771956,19.08.2022 14:36,23.08.2022 14:26,Samut Prakan,department of highways,private/passenger car,speeding,rear-end collision,7,0,0,clear,13.66595694,100.8501765,straight road,no slope,2022-08-19T07:36:00Z