acc_code,incident_datetime,report_datetime,province_en,agency,vehicle_type,presumed_cause,accident_type,number_of_vehicles_involved,number_of_fatalities,number_of_injuries,weather_condition,latitude,longitude,road_description,slope_description,incident_time
7561817,19.08.2022 14:38,17.01.2023 15:01,Nakhon Ratchasima,department of highways,4-wheel pickup truck,speeding,rear-end collision,2,0,0,rainy,14.65984887,101.3888486,straight road,no slope,2022-08-19T07:38:00Z
6864702,19.08.2022 15:00,8.09.2022 14:49,Prachuap Khiri Khan,department of highways,4-wheel pickup truck,speeding,rollover/fallen on curved road,1,0,0,clear,10.98854539,99.35820578,wide curve,no slope,2022-08-19T08:00:00Z
7434237,19.08.2022 15:00,6.12.2022 11:13,Lamphun,department of highways,6-wheel truck,speeding,rollover/fallen on straight road,1,0,1,clear,18.61403211,99.04513835,other,other,2022-08-19T08:00:00Z
6806537,19.08.2022 15:10,29.08.2022 15:01,Pathum Thani,department of highways,4-wheel pickup truck,speeding,rear-end collision,2,0,0,clear,14.03817489,100.6981087,straight road,no slope,2022-08-19T08:10:00Z
7310204,19.08.2022 15:10,14.11.2022 10:12,Phetchabun,department of highways,other,speeding,rollover/fallen on curved road,1,0,0,clear,16.76052869,101.5165928,wide curve,no slope,2022-08-19T08:10:00Z
6750399,19.08.2022 15:30,19.08.2022 17:26,Nakhon Ratchasima,department of highways,4-wheel pickup truck,speeding,rollover/fallen on straight road,1,0,0,clear,14.65573203,101.3218,straight road,no slope,2022-08-19T08:30:00Z
6805657,19.08.2022 16:00,29.08.2022 11:12,Chiang Rai,department of highways,4-wheel pickup truck,speeding,head-on collision (not overtaking),2,1,1,clear,20.27622949,100.3967008,wide curve,slope area,2022-08-19T09:00:00Z
6771866,19.08.2022 16:15,23.08.2022 14:04,Bangkok,department of highways,private/passenger car,speeding,rear-end collision,3,0,0,clear,13.72983067,100.7563072,straight road,no slope,2022-08-19T09:15:00Z
6759608,19.08.2022 16:29,21.08.2022 09:24,Bangkok,department of highways,4-wheel pickup truck,speeding,rear-end collision,2,0,1,clear,13.73240235,100.7035938,straight road,no slope,2022-08-19T09:29:00Z
6813601,19.08.2022 17:00,31.08.2022 09:21,Udon Thani,department of highways,private/passenger car,unfamiliarity with the route/unskilled driving,head-on collision (not overtaking),3,1,0,clear,17.55109143,102.8128266,straight road,no slope,2022-08-19T10:00:00Z
6754190,19.08.2022 17:25,20.08.2022 09:10,Nakhon Si Thammarat,department of highways,4-wheel pickup truck,cutting in closely by people/vehicles/animals,collision at intersection corner,2,0,5,clear,8.309904101,99.52112584,other,other,2022-08-19T10:25:00Z
6788848,19.08.2022 17:26,26.08.2022 10:46,Samut Prakan,expressway authority of thailand,4-wheel pickup truck,other,rear-end collision,5,0,2,clear,13.627777,100.593292,grade-separated intersection/ramps,other,2022-08-19T10:26:00Z
6805583,19.08.2022 17:30,29.08.2022 10:55,Chachoengsao,department of highways,large truck with trailer,speeding,rollover/fallen on straight road,1,0,1,clear,13.72890829,101.4770168,straight road,no slope,2022-08-19T10:30:00Z
6759738,19.08.2022 17:48,21.08.2022 09:50,Bangkok,department of highways,6-wheel truck,speeding,rear-end collision,2,0,0,clear,13.74146423,100.6423563,straight road,no slope,2022-08-19T10:48:00Z
6814559,19.08.2022 18:05,31.08.2022 12:14,Si Sa Ket,department of highways,4-wheel pickup truck,speeding,rollover/fallen on straight road,1,0,2,rainy,15.15861766,104.5847824,straight road,no slope,2022-08-19T11:05:00Z
7563136,19.08.2022 18:30,18.01.2023 14:30,Chumphon,department of highways,7-10-wheel truck,falling asleep,rollover/fallen on straight road,1,0,1,clear,10.4405962,99.12907808,straight road,no slope,2022-08-19T11:30:00Z
7331881,19.08.2022 19:00,8.09.2022 10:38,Surat Thani,department of highways,large truck with trailer,debris/obstruction on the road,collision with obstruction (on road surface),2,0,1,clear,8.834357323,99.17538642,wide curve,no slope,2022-08-19T12:00:00Z
7438871,19.08.2022 19:00,7.12.2022 10:23,Phuket,department of highways,van,speeding,rear-end collision,3,0,0,clear,8.072290239,98.34341882,straight road,no slope,2022-08-19T12:00:00Z
6845538,19.08.2022 19:22,5.09.2022 10:54,Bangkok,expressway authority of thailand,other,other,rear-end collision,2,0,0,clear,13.73970861,100.5510253,straight road,other,2022-08-19T12:22:00Z
7380729,19.08.2022 19:40,24.11.2022 15:27,Maha Sarakham,department of highways,4-wheel pickup truck,speeding,rollover/fallen on straight road,1,0,0,clear,15.87992296,103.3383894,straight road,no slope,2022-08-19T12:40:00Z
7561574,19.08.2022 19:50,17.01.2023 10:50,Bangkok,department of highways,motorcycle,speeding,rear-end collision,3,0,1,clear,13.78410094,100.4572061,straight road,no slope,2022-08-19T12:50:00Z
6869493,19.08.2022 20:22,9.09.2022 10:26,Sukhothai,department of highways,private/passenger car,speeding,rear-end collision,2,0,0,clear,17.22557801,99.85988616,straight road,no slope,2022-08-19T13:22:00Z
6815703,19.08.2022 20:25,31.08.2022 16:12,Ubon Ratchathani,department of highways,4-wheel pickup truck,speeding,rollover/fallen on straight road,1,1,0,rainy,15.22951526,105.1887569,straight road,no slope,2022-08-19T13:25:00Z
7565182,19.08.2022 20:30,20.01.2023 09:12,Pathum Thani,department of highways,4-wheel pickup truck,cutting in closely by people/vehicles/animals,rear-end collision,2,0,0,clear,14.0767322,100.6178114,straight road,no slope,2022-08-19T13:30:00Z
6864727,19.08.2022 22:02,8.09.2022 14:51,Tak,department of highways,4-wheel pickup truck,falling asleep,rollover/fallen on straight road,1,0,1,clear,16.76592967,99.19079034,straight road,no slope,2022-08-19T15:02:00Z
6764665,19.08.2022 23:30,22.08.2022 09:24,Phetchaburi,department of highways,4-wheel pickup truck,falling asleep,rollover/fallen on straight road,1,1,0,clear,12.8438697,99.92895036,straight road,no slope,2022-08-19T16:30:00Z
7040591,19.08.2022 23:37,5.10.2022 09:54,Yasothon,department of highways,4-wheel pickup truck,speeding,rollover/fallen on straight road,1,0,0,clear,15.77475385,104.1736534,straight road,no slope,2022-08-19T16:37:00Z
7542599,20.08.2022 00:00,3.01.2023 14:00,Chiang Mai,department of highways,other,speeding,rollover/fallen on straight road,1,0,0,clear,18.7969098,99.02121036,straight road,no slope,2022-08-19T17:00:00Z
6822354,20.08.2022 00:27,1.09.2022 12:57,Bangkok,expressway authority of thailand,other,other,collision with obstruction (on road surface),1,0,0,clear,13.79970872,100.540181,wide curve,other,2022-08-19T17:27:00Z
6845685,20.08.2022 00:30,5.09.2022 11:23,Sing Buri,department of highways,7-10-wheel truck,falling asleep,collision with obstruction (on road surface),2,0,1,clear,14.82309592,100.4467964,straight road,no slope,2022-08-19T17:30:00Z
7564994,20.08.2022 01:00,20.01.2023 06:53,Samut Prakan,department of highways,motorcycle,speeding,rear-end collision,2,0,2,clear,13.59292304,100.8127396,straight road,no slope,2022-08-19T18:00:00Z
6869766,20.08.2022 02:00,9.09.2022 11:18,Kalasin,department of highways,4-wheel pickup truck,speeding,rollover/fallen on straight road,1,0,0,rainy,16.41253928,103.5193634,straight road,no slope,2022-08-19T19:00:00Z
6752829,20.08.2022 02:04,20.08.2022 03:22,Bangkok,expressway authority of thailand,other,other,rear-end collision,2,0,0,clear,13.79279042,100.5382282,straight road,other,2022-08-19T19:04:00Z
6815027,20.08.2022 02:30,31.08.2022 13:56,Amnat Charoen,department of highways,4-wheel pickup truck,speeding,rollover/fallen on straight road,1,0,1,clear,15.9012675,104.6256566,straight road,no slope,2022-08-19T19:30:00Z
6788663,20.08.2022 02:42,26.08.2022 10:04,Bangkok,expressway authority of thailand,other,other,rear-end collision,2,0,4,other,13.794531,100.612283,straight road,other,2022-08-19T19:42:00Z
6890233,20.08.2022 02:46,12.09.2022 13:22,Nakhon Ratchasima,department of highways,4-wheel pickup truck,speeding,rollover/fallen on curved road,1,0,0,rainy,14.46308768,101.9054702,wide curve,slope area,2022-08-19T19:46:00Z
6869784,20.08.2022 03:00,9.09.2022 11:20,Kalasin,department of highways,4-wheel pickup truck,speeding,rollover/fallen on straight road,1,0,0,rainy,16.42669237,103.4872413,straight road,no slope,2022-08-19T20:00:00Z
6916742,20.08.2022 03:20,16.09.2022 10:08,Samut Sakhon,department of highways,7-10-wheel truck,speeding,rollover/fallen on straight road,1,0,0,clear,13.59264668,100.3583184,other,other,2022-08-19T20:20:00Z
6815698,20.08.2022 04:49,31.08.2022 16:10,Ubon Ratchathani,department of highways,6-wheel truck,speeding,rollover/fallen on straight road,1,0,1,rainy,15.23013639,105.1636246,straight road,no slope,2022-08-19T21:49:00Z
7325062,20.08.2022 06:00,16.11.2022 15:16,Khon Kaen,department of highways,4-wheel pickup truck,speeding,rollover/fallen on straight road,2,0,0,rainy,16.44983549,102.6407319,wide curve,slope area,2022-08-19T23:00:00Z
7522096,20.08.2022 06:00,30.12.2022 12:49,Phuket,department of highways,private/passenger car,speeding,rollover/fallen on straight road,1,0,0,rainy,8.026124741,98.40126602,straight road,no slope,2022-08-19T23:00:00Z
6805402,20.08.2022 07:00,29.08.2022 10:26,Nakhon Phanom,department of highways,4-wheel pickup truck,speeding,rollover/fallen on straight road,1,0,0,clear,17.34601978,104.6104565,straight road,no slope,2022-08-20T00:00:00Z
6805524,20.08.2022 07:00,29.08.2022 10:47,Lamphun,department of highways,private/passenger car,speeding,rear-end collision,2,1,0,clear,18.46711548,99.14344935,straight road,no slope,2022-08-20T00:00:00Z
6909999,20.08.2022 07:10,15.09.2022 10:32,Nakhon Nayok,department of highways,private/passenger car,speeding,rollover/fallen on straight road,1,0,1,clear,13.96960183,100.9559655,straight road,no slope,2022-08-20T00:10:00Z
7561218,20.08.2022 08:15,17.01.2023 07:15,Bangkok,department of highways,motorcycle,speeding,rear-end collision,2,0,1,clear,13.78577723,100.3799973,straight road,no slope,2022-08-20T01:15:00Z
7542857,20.08.2022 08:30,3.01.2023 14:52,Chiang Mai,department of highways,motorcycle,speeding,rear-end collision,2,0,0,clear,18.87087389,99.13129418,straight road,no slope,2022-08-20T01:30:00Z
7380549,20.08.2022 09:00,24.11.2022 14:21,Si Sa Ket,department of highways,4-wheel pickup truck,speeding,rollover/fallen on straight road,1,0,1,rainy,14.82836991,104.6793678,straight road,no slope,2022-08-20T02:00:00Z
7002751,20.08.2022 09:30,29.09.2022 14:40,Tak,department of highways,4-wheel pickup truck,falling asleep,rollover/fallen on straight road,1,1,0,clear,16.80499298,99.18023317,other,other,2022-08-20T02:30:00Z
6896418,20.08.2022 10:09,13.09.2022 11:36,Amnat Charoen,department of highways,private/passenger car,speeding,rollover/fallen on straight road,1,0,1,rainy,15.85342618,104.6314314,other,other,2022-08-20T03:09:00Z
6814287,20.08.2022 10:30,31.08.2022 11:19,Si Sa Ket,department of highways,large truck with trailer,speeding,rollover/fallen on straight road,1,0,0,rainy,15.10358897,104.4096958,straight road,no slope,2022-08-20T03:30:00Z
7088038,20.08.2022 11:00,11.10.2022 09:32,Khon Kaen,department of highways,other,speeding,rollover/fallen on straight road,1,0,0,rainy,16.48023117,102.580263,straight road,no slope,2022-08-20T04:00:00Z
6771824,20.08.2022 11:14,23.08.2022 13:51,Samut Prakan,department of highways,4-wheel pickup truck,speeding,rear-end collision,2,0,0,clear,13.67564947,100.8371571,straight road,no slope,2022-08-20T04:14:00Z
6815052,20.08.2022 11:46,31.08.2022 14:02,Chon Buri,department of highways,private/passenger car,speeding,rear-end collision,4,0,1,clear,13.19066734,100.9986475,straight road,no slope,2022-08-20T04:46:00Z
7564284,20.08.2022 11:50,19.01.2023 13:05,Samut Sakhon,department of highways,4-wheel pickup truck,vehicle equipment failure,rear-end collision,2,0,0,clear,13.57270687,100.293315,other,other,2022-08-20T04:50:00Z
7002691,20.08.2022 12:00,29.09.2022 14:34,Sukhothai,department of highways,4-wheel pickup truck,speeding,rollover/fallen on straight road,1,0,0,clear,17.04798396,99.70406054,straight road,no slope,2022-08-20T05:00:00Z
6788992,20.08.2022 12:44,26.08.2022 11:11,Bangkok,department of highways,private/passenger car,speeding,rear-end collision,2,0,0,clear,13.72787909,100.8112335,straight road,no slope,2022-08-20T05:44:00Z
6806436,20.08.2022 13:05,29.08.2022 14:23,Chon Buri,department of highways,private/passenger car,speeding,rear-end collision,2,0,0,clear,12.95129845,100.960131,straight road,no slope,2022-08-20T06:05:00Z
6864755,20.08.2022 14:01,8.09.2022 14:57,Sukhothai,department of highways,motorcycle,speeding,rear-end collision,2,0,1,clear,17.01024059,99.79107677,straight road,no slope,2022-08-20T07:01:00Z
7429171,20.08.2022 15:30,3.12.2022 12:08,Udon Thani,department of highways,4-wheel pickup truck,speeding,rollover/fallen on straight road,1,0,0,rainy,17.19197306,102.9348591,straight road,no slope,2022-08-20T08:30:00Z
7527314,20.08.2022 15:40,31.12.2022 10:35,Bangkok,department of highways,private/passenger car,speeding,rear-end collision,2,0,1,clear,13.76976669,100.4078762,straight road,no slope,2022-08-20T08:40:00Z
7542619,20.08.2022 15:40,3.01.2023 14:04,Loei,department of highways,4-wheel pickup truck,speeding,rollover/fallen on curved road,1,0,1,clear,17.45820524,101.057927,wide curve,slope area,2022-08-20T08:40:00Z
7521746,20.08.2022 15:45,30.12.2022 11:23,Krabi,department of highways,4-wheel pickup truck,vehicle equipment failure,rollover/fallen on straight road,1,0,1,clear,8.318473929,98.77392678,straight road,no slope,2022-08-20T08:45:00Z
7558156,20.08.2022 17:05,12.01.2023 13:56,Si Sa Ket,department of highways,private/passenger car,speeding,rear-end collision,2,0,0,clear,14.8202281,104.1857529,other,other,2022-08-20T10:05:00Z
7414322,20.08.2022 18:00,28.11.2022 11:46,Nakhon Ratchasima,department of highways,4-wheel pickup truck,speeding,rollover/fallen on straight road,1,0,0,clear,14.84368293,102.0633396,straight road,no slope,2022-08-20T11:00:00Z
7088096,20.08.2022 18:01,12.10.2022 09:42,Chai Nat,department of highways,van,speeding,rollover/fallen on straight road,1,0,5,clear,15.32940952,100.1101175,straight road,no slope,2022-08-20T11:01:00Z
6814939,20.08.2022 18:20,31.08.2022 13:41,Ubon Ratchathani,department of highways,4-wheel pickup truck,speeding,rollover/fallen on straight road,1,0,1,rainy,16.0040888,105.2257874,straight road,no slope,2022-08-20T11:20:00Z
6808555,20.08.2022 18:30,30.08.2022 10:16,Pathum Thani,department of highways,4-wheel pickup truck,vehicle equipment failure,rollover/fallen on straight road,1,0,0,clear,14.14341353,100.6623709,straight road,no slope,2022-08-20T11:30:00Z
7429227,20.08.2022 18:30,3.12.2022 12:24,Udon Thani,department of highways,4-wheel pickup truck,speeding,rollover/fallen on straight road,1,0,0,rainy,17.7175364,102.4036342,other,other,2022-08-20T11:30:00Z
6869660,20.08.2022 19:00,9.09.2022 10:55,Loei,department of highways,4-wheel pickup truck,speeding,rollover/fallen on straight road,1,0,1,rainy,17.2889281,101.8260419,straight road,no slope,2022-08-20T12:00:00Z
6784430,20.08.2022 19:30,25.08.2022 15:52,Nakhon Nayok,department of rural roads,private/passenger car,speeding,other,2,1,0,rainy,14.158366,101.114311,t-intersection,other,2022-08-20T12:30:00Z
6802941,20.08.2022 19:52,28.08.2022 23:10,Bangkok,expressway authority of thailand,4-wheel pickup truck,other,rear-end collision,3,0,0,clear,13.73961675,100.5507647,straight road,other,2022-08-20T12:52:00Z
6803038,20.08.2022 19:52,28.08.2022 23:34,Bangkok,expressway authority of thailand,other,other,rear-end collision,3,0,0,clear,13.73961675,100.5507647,straight road,other,2022-08-20T12:52:00Z
6759825,20.08.2022 19:55,21.08.2022 10:11,Bangkok,department of highways,4-wheel pickup truck,speeding,rear-end collision,3,0,1,rainy,13.80785178,100.6786358,straight road,no slope,2022-08-20T12:55:00Z
6845614,20.08.2022 20:30,5.09.2022 11:08,Narathiwat,department of highways,4-wheel pickup truck,speeding,rollover/fallen on straight road,1,0,0,clear,6.368603769,101.8189019,straight road,no slope,2022-08-20T13:30:00Z
7554237,20.08.2022 20:30,9.01.2023 09:12,Lamphun,department of highways,6-wheel truck,speeding,rollover/fallen on curved road,1,0,1,clear,18.16287192,98.86261939,wide curve,slope area,2022-08-20T13:30:00Z
7566959,20.08.2022 20:30,23.01.2023 07:44,Chon Buri,department of highways,4-wheel pickup truck,speeding,rear-end collision,2,0,1,rainy,13.3207477,101.18534,wide curve,no slope,2022-08-20T13:30:00Z
6808501,20.08.2022 21:04,30.08.2022 10:06,Bangkok,department of highways,private/passenger car,speeding,rollover/fallen on straight road,1,0,0,clear,13.72979679,100.7554006,wide curve,no slope,2022-08-20T14:04:00Z
7561277,20.08.2022 22:41,17.01.2023 08:12,Bangkok,department of highways,motorcycle,speeding,collision with obstruction (on road surface),2,0,1,clear,13.78527317,100.3890458,other,other,2022-08-20T15:41:00Z
7443177,20.08.2022 22:50,8.12.2022 10:13,Bangkok,department of highways,private/passenger car,speeding,rear-end collision,2,0,0,clear,13.67800023,100.4647042,straight road,no slope,2022-08-20T15:50:00Z
6805566,20.08.2022 23:20,29.08.2022 10:53,Chon Buri,department of highways,4-wheel pickup truck,speeding,rear-end collision,2,0,1,rainy,13.56714021,101.1307302,straight road,no slope,2022-08-20T16:20:00Z
7146926,21.08.2022 00:15,21.10.2022 13:40,Ang Thong,department of highways,motorcycle,speeding,rollover/fallen on straight road,1,1,0,clear,14.54883344,100.4497307,straight road,no slope,2022-08-20T17:15:00Z
7433859,21.08.2022 00:20,6.12.2022 09:42,Nakhon Sawan,department of highways,6-wheel truck,speeding,rear-end collision,2,1,0,clear,15.5557512,100.1272327,straight road,no slope,2022-08-20T17:20:00Z
6803011,21.08.2022 00:51,28.08.2022 23:26,Bangkok,expressway authority of thailand,large truck with trailer,other,rear-end collision,2,0,2,clear,13.70420609,100.5436327,straight road,other,2022-08-20T17:51:00Z
6778675,21.08.2022 01:00,24.08.2022 15:38,Suphan Buri,department of highways,large truck with trailer,speeding,rollover/fallen on straight road,1,0,1,clear,14.17619815,100.0654051,straight road,no slope,2022-08-20T18:00:00Z
6821209,21.08.2022 01:50,1.09.2022 09:00,Bangkok,department of rural roads,private/passenger car,speeding,other,3,0,1,clear,13.685809,100.547662,four-way intersection,other,2022-08-20T18:50:00Z
7147070,21.08.2022 01:50,21.10.2022 14:00,Uthai Thani,department of highways,4-wheel pickup truck,speeding,rollover/fallen on curved road,1,1,0,clear,15.09952333,99.52249108,wide curve,slope area,2022-08-20T18:50:00Z
6814422,21.08.2022 02:00,31.08.2022 11:42,Si Sa Ket,department of highways,4-wheel pickup truck,speeding,rollover/fallen on straight road,1,0,0,clear,15.10285354,104.4194323,straight road,no slope,2022-08-20T19:00:00Z
7459624,21.08.2022 02:00,16.12.2022 10:47,Suphan Buri,department of highways,private/passenger car,falling asleep,rollover/fallen on straight road,1,0,0,clear,14.46326948,100.2030882,straight road,no slope,2022-08-20T19:00:00Z
6806530,21.08.2022 02:07,29.08.2022 14:57,Bangkok,department of highways,4-wheel pickup truck,speeding,rollover/fallen on straight road,1,0,0,clear,13.83200388,100.6739473,straight road,no slope,2022-08-20T19:07:00Z
7087983,21.08.2022 03:00,11.10.2022 11:02,Si Sa Ket,department of highways,private/passenger car,falling asleep,rollover/fallen on straight road,1,0,1,clear,15.07029245,104.3453792,straight road,no slope,2022-08-20T20:00:00Z
7147016,21.08.2022 03:00,21.10.2022 13:54,Suphan Buri,department of highways,4-wheel pickup truck,falling asleep,rollover/fallen on curved road,1,0,1,clear,14.44508571,100.1574585,wide curve,no slope,2022-08-20T20:00:00Z
7562814,21.08.2022 03:00,18.01.2023 11:30,Surat Thani,department of highways,private/passenger car,falling asleep,rollover/fallen on curved road,1,0,1,clear,9.073548122,99.35876636,wide curve,no slope,2022-08-20T20:00:00Z
6806529,21.08.2022 03:01,29.08.2022 14:56,Bangkok,department of highways,motorcycle,speeding,rear-end collision,2,0,1,clear,13.73752999,100.6603244,straight road,no slope,2022-08-20T20:01:00Z
7414377,21.08.2022 03:50,28.11.2022 13:36,Lampang,department of highways,4-wheel pickup truck,speeding,rollover/fallen on straight road,1,0,2,clear,18.27579796,99.38422053,straight road,no slope,2022-08-20T20:50:00Z
6784434,21.08.2022 04:20,25.08.2022 15:54,Nakhon Nayok,department of rural roads,large truck with trailer,falling asleep,other,2,0,2,clear,13.987096,101.075449,straight road,no slope,2022-08-20T21:20:00Z
7559140,21.08.2022 04:30,13.01.2023 10:21,Buri Ram,department of highways,6-wheel truck,speeding,rollover/fallen on straight road,1,0,1,clear,15.54431428,103.0317324,straight road,no slope,2022-08-20T21:30:00Z
7512123,21.08.2022 05:00,27.12.2022 14:31,Maha Sarakham,department of highways,van,speeding,rollover/fallen on straight road,1,0,7,rainy,16.19001762,103.2293951,straight road,no slope,2022-08-20T22:00:00Z
7527011,21.08.2022 06:45,31.12.2022 09:25,Phuket,department of highways,4-wheel pickup truck,speeding,rear-end collision,3,0,0,rainy,7.976402594,98.36844652,wide curve,no slope,2022-08-20T23:45:00Z
6809851,21.08.2022 07:30,30.08.2022 15:51,Nan,department of highways,4-wheel pickup truck,speeding,rollover/fallen on curved road,1,0,0,rainy,18.59839614,100.7445806,wide curve,no slope,2022-08-21T00:30:00Z
6808525,21.08.2022 08:00,30.08.2022 10:11,Phra Nakhon Si Ayutthaya,department of highways,private/passenger car,speeding,rollover/fallen on curved road,1,0,1,clear,14.18893518,100.6346691,wide curve,slope area,2022-08-21T01:00:00Z
6806534,21.08.2022 08:02,29.08.2022 14:59,Pathum Thani,department of highways,private/passenger car,speeding,rear-end collision,2,0,0,clear,14.05183032,100.6980228,straight road,no slope,2022-08-21T01:02:00Z
6808465,21.08.2022 08:06,30.08.2022 10:05,Bangkok,department of highways,private/passenger car,speeding,rollover/fallen on straight road,1,0,1,clear,13.73198807,100.7706329,straight road,no slope,2022-08-21T01:06:00Z
7554474,21.08.2022 08:30,9.01.2023 12:34,Phitsanulok,department of highways,large truck with trailer,speeding,other,1,1,1,clear,17.30580446,100.4378459,wide curve,slope area,2022-08-21T01:30:00Z
6805616,21.08.2022 08:40,29.08.2022 11:02,Nakhon Sawan,department of highways,private/passenger car,cutting in closely by people/vehicles/animals,head-on collision (not overtaking),2,2,1,clear,15.75248727,99.80395137,straight road,no slope,2022-08-21T01:40:00Z
6817612,21.08.2022 09:00,31.08.2022 21:59,Krabi,department of highways,4-wheel pickup truck,speeding,rollover/fallen on curved road,1,0,1,rainy,8.080480128,98.8697782,straight road,no slope,2022-08-21T02:00:00Z
7564291,21.08.2022 09:00,19.01.2023 13:18,Samut Sakhon,department of highways,4-wheel pickup truck,speeding,head-on collision (not overtaking),2,0,0,clear,13.58120913,100.315336,straight road,no slope,2022-08-21T02:00:00Z
7559198,21.08.2022 09:30,13.01.2023 10:44,Sa Kaeo,department of highways,4-wheel pickup truck,speeding,rollover/fallen on straight road,1,0,0,clear,13.72964828,102.4365932,other,other,2022-08-21T02:30:00Z
7558260,21.08.2022 10:00,12.01.2023 14:18,Nakhon Ratchasima,department of highways,private/passenger car,speeding,rollover/fallen on straight road,1,0,0,rainy,15.55414785,102.549706,straight road,no slope,2022-08-21T03:00:00Z
6869314,21.08.2022 10:10,9.09.2022 09:45,Tak,department of highways,large truck with trailer,speeding,rollover/fallen on curved road,1,0,1,clear,16.77028014,98.64725141,wide curve,no slope,2022-08-21T03:10:00Z
6864700,21.08.2022 11:00,8.09.2022 14:49,Tak,department of highways,4-wheel pickup truck,speeding,rollover/fallen on straight road,1,0,1,clear,16.92064885,99.29797678,straight road,no slope,2022-08-21T04:00:00Z
6806538,21.08.2022 11:15,29.08.2022 15:02,Bangkok,department of highways,private/passenger car,speeding,rollover/fallen on straight road,1,0,0,clear,13.73183955,100.7669878,straight road,no slope,2022-08-21T04:15:00Z
6806433,21.08.2022 11:50,29.08.2022 14:21,Chon Buri,department of highways,4-wheel pickup truck,speeding,rollover/fallen on straight road,1,0,0,clear,12.88959315,100.9668258,straight road,no slope,2022-08-21T04:50:00Z
6890483,21.08.2022 12:13,12.09.2022 14:12,Phatthalung,department of highways,motorcycle,speeding,rear-end collision,2,0,2,clear,7.627816096,100.1139772,straight road,no slope,2022-08-21T05:13:00Z
6864690,21.08.2022 13:00,8.09.2022 14:46,Chumphon,department of highways,private/passenger car,speeding,rollover/fallen on curved road,1,0,1,rainy,10.87682322,99.25325631,wide curve,no slope,2022-08-21T06:00:00Z
6956817,21.08.2022 14:39,22.09.2022 11:03,Pattani,department of highways,private/passenger car,speeding,rollover/fallen on straight road,1,0,1,clear,6.684715655,101.2316242,straight road,no slope,2022-08-21T07:39:00Z
6771615,21.08.2022 16:09,23.08.2022 12:40,Samut Prakan,department of highways,private/passenger car,speeding,rear-end collision,2,0,0,clear,13.66841985,100.8463517,straight road,no slope,2022-08-21T09:09:00Z
7565154,21.08.2022 16:10,20.01.2023 09:02,Pathum Thani,department of highways,4-wheel pickup truck,speeding,rollover/fallen on straight road,1,0,1,clear,13.99521014,100.6647527,other,other,2022-08-21T09:10:00Z
6813930,21.08.2022 16:16,31.08.2022 10:17,Chon Buri,department of highways,private/passenger car,speeding,rear-end collision,2,0,1,clear,13.09399098,100.9898954,straight road,no slope,2022-08-21T09:16:00Z
6996470,21.08.2022 16:20,28.09.2022 15:46,Pattani,department of highways,private/passenger car,speeding,rollover/fallen on straight road,1,0,3,clear,6.777370527,101.2977648,straight road,no slope,2022-08-21T09:20:00Z
6771239,21.08.2022 17:28,23.08.2022 11:19,Bangkok,department of highways,4-wheel pickup truck,speeding,rear-end collision,4,0,0,rainy,13.72940335,100.7317623,straight road,no slope,2022-08-21T10:28:00Z
6805529,21.08.2022 19:30,29.08.2022 10:49,Lamphun,department of highways,private/passenger car,speeding,rollover/fallen on straight road,1,0,2,clear,18.46209592,99.1610366,wide curve,no slope,2022-08-21T12:30:00Z
6808503,21.08.2022 19:35,30.08.2022 10:09,Bangkok,department of highways,private/passenger car,speeding,rear-end collision,2,0,1,rainy,13.80148841,100.6803739,straight road,no slope,2022-08-21T12:35:00Z
6778874,21.08.2022 19:38,24.08.2022 16:27,Nakhon Si Thammarat,department of highways,motorcycle,speeding,head-on collision (not overtaking),2,1,0,rainy,8.15944664,99.59539621,wide curve,slope area,2022-08-21T12:38:00Z
6813506,21.08.2022 20:00,31.08.2022 09:00,Suphan Buri,department of highways,motorcycle,cutting in closely by people/vehicles/animals,head-on collision (not overtaking),2,0,2,foggy,14.86702374,100.0108275,wide curve,no slope,2022-08-21T13:00:00Z
7559185,21.08.2022 20:30,13.01.2023 10:37,Prachin Buri,department of highways,6-wheel truck,speeding,other,1,0,1,rainy,14.3039806,101.8682411,wide curve,slope area,2022-08-21T13:30:00Z
7513926,21.08.2022 20:50,28.12.2022 08:52,Kamphaeng Phet,department of highways,4-wheel pickup truck,speeding,rollover/fallen on straight road,1,0,0,rainy,16.57179388,99.50928389,straight road,no slope,2022-08-21T13:50:00Z
7001361,21.08.2022 21:00,29.09.2022 09:34,Trat,department of highways,4-wheel pickup truck,speeding,rollover/fallen on curved road,1,0,0,clear,12.31127718,102.4677229,wide curve,slope area,2022-08-21T14:00:00Z
7569278,21.08.2022 21:30,25.01.2023 10:53,Nakhon Ratchasima,department of highways,private/passenger car,speeding,rear-end collision,2,0,2,clear,14.86966621,101.7795841,straight road,no slope,2022-08-21T14:30:00Z
7561844,21.08.2022 21:40,17.01.2023 15:30,Nakhon Ratchasima,department of highways,motorcycle,speeding,rollover/fallen on straight road,1,0,1,clear,14.9524633,102.0260167,straight road,no slope,2022-08-21T14:40:00Z
6822841,22.08.2022 00:38,1.09.2022 14:32,Songkhla,department of highways,large truck with trailer,falling asleep,rollover/fallen on curved road,1,0,1,clear,6.706562422,100.7560471,wide curve,slope area,2022-08-21T17:38:00Z
7421948,22.08.2022 02:00,1.12.2022 15:45,Phetchabun,department of highways,4-wheel pickup truck,speeding,rollover/fallen on straight road,1,0,0,rainy,16.7681383,101.1373874,straight road,slope area,2022-08-21T19:00:00Z
6892191,22.08.2022 02:20,12.09.2022 19:51,Krabi,department of highways,private/passenger car,speeding,rollover/fallen on curved road,1,0,0,rainy,8.101761376,98.97190867,wide curve,no slope,2022-08-21T19:20:00Z