acc_code,incident_datetime,report_datetime,province_en,agency,vehicle_type,presumed_cause,accident_type,number_of_vehicles_involved,number_of_fatalities,number_of_injuries,weather_condition,latitude,longitude,road_description,slope_description,incident_time
6814942,22.08.2022 02:39,31.08.2022 13:43,Ubon Ratchathani,department of highways,4-wheel pickup truck,speeding,rollover/fallen on straight road,1,0,1,clear,15.61558441,105.0270679,straight road,no slope,2022-08-21T19:39:00Z
6903252,22.08.2022 02:44,14.09.2022 11:20,Phatthalung,department of highways,private/passenger car,falling asleep,rollover/fallen on straight road,1,0,1,clear,7.723715094,99.88967209,other,other,2022-08-21T19:44:00Z
6845683,22.08.2022 03:00,5.09.2022 11:22,Nakhon Sawan,department of highways,motorcycle,speeding,rollover/fallen on straight road,1,1,0,clear,15.63475866,99.50830488,straight road,no slope,2022-08-21T20:00:00Z
7512126,22.08.2022 03:00,27.12.2022 14:13,Maha Sarakham,department of highways,4-wheel pickup truck,speeding,rollover/fallen on straight road,1,0,0,clear,16.04892473,103.1077945,straight road,no slope,2022-08-21T20:00:00Z
7565170,22.08.2022 06:06,20.01.2023 09:08,Pathum Thani,department of highways,large truck with trailer,brake/anti-lock brake system failure,rollover/fallen on straight road,1,0,0,clear,13.98893261,100.550681,other,other,2022-08-21T23:06:00Z
6869793,22.08.2022 06:20,9.09.2022 11:23,Kalasin,department of highways,private/passenger car,speeding,head-on collision (not overtaking),2,1,0,rainy,16.58959069,103.51096,wide curve,no slope,2022-08-21T23:20:00Z
6851863,22.08.2022 07:20,6.09.2022 13:05,Chon Buri,department of highways,4-wheel pickup truck,speeding,rollover/fallen on straight road,1,0,0,clear,13.11722259,100.9847832,straight road,no slope,2022-08-22T00:20:00Z
6776691,22.08.2022 07:30,24.08.2022 08:55,Chumphon,department of highways,private/passenger car,speeding,rollover/fallen on curved road,1,0,1,clear,10.85970685,99.24710332,wide curve,no slope,2022-08-22T00:30:00Z
7439414,22.08.2022 07:30,7.12.2022 13:48,Bangkok,department of highways,4-wheel pickup truck,speeding,rear-end collision,2,0,0,clear,13.77034112,100.4074216,straight road,no slope,2022-08-22T00:30:00Z
7569287,22.08.2022 07:36,25.01.2023 11:04,Prachin Buri,department of highways,large truck with trailer,speeding,collision with obstruction (on road surface),1,0,0,clear,14.16667742,101.8953824,other,other,2022-08-22T00:36:00Z
7554721,22.08.2022 08:00,9.01.2023 14:21,Phitsanulok,department of highways,other,speeding,rollover/fallen on straight road,1,0,0,clear,16.94950748,100.1287481,straight road,no slope,2022-08-22T01:00:00Z
7147049,22.08.2022 08:10,21.10.2022 13:58,Suphan Buri,department of highways,motorcycle,cutting in closely by people/vehicles/animals,rear-end collision,2,0,1,clear,14.63546981,100.002577,other,other,2022-08-22T01:10:00Z
6788856,22.08.2022 08:15,26.08.2022 10:47,Samut Prakan,expressway authority of thailand,4-wheel pickup truck,other,rear-end collision,3,0,0,clear,13.629721,100.53034,straight road,other,2022-08-22T01:15:00Z
7561275,22.08.2022 08:30,17.01.2023 08:13,Bangkok,department of highways,private/passenger car,speeding,rear-end collision,2,0,0,clear,13.78453988,100.3958961,straight road,no slope,2022-08-22T01:30:00Z
6845657,22.08.2022 08:40,5.09.2022 11:19,Nakhon Sawan,department of highways,motorcycle,cutting in closely by people/vehicles/animals,rear-end collision,2,0,1,clear,15.55343079,100.1274177,other,other,2022-08-22T01:40:00Z
6806508,22.08.2022 08:50,29.08.2022 14:42,Sakon Nakhon,department of highways,motorcycle,cutting in closely by people/vehicles/animals,rear-end collision,2,1,0,clear,17.40742932,103.6481282,straight road,no slope,2022-08-22T01:50:00Z
6806441,22.08.2022 09:02,29.08.2022 14:29,Sakon Nakhon,department of highways,private/passenger car,speeding,rear-end collision,2,0,1,clear,17.08496594,104.1871208,straight road,no slope,2022-08-22T02:02:00Z
7559180,22.08.2022 09:15,13.01.2023 10:36,Prachin Buri,department of highways,6-wheel truck,speeding,rollover/fallen on straight road,1,0,0,clear,13.89803757,101.4027303,straight road,no slope,2022-08-22T02:15:00Z
6805219,22.08.2022 09:20,29.08.2022 09:56,Lampang,department of highways,large truck with trailer,speeding,rollover/fallen on straight road,1,0,0,clear,18.41608617,99.64972971,other,other,2022-08-22T02:20:00Z
6806300,22.08.2022 09:20,29.08.2022 13:53,Mukdahan,department of highways,motorcycle,speeding,rear-end collision,2,1,0,clear,16.47031321,104.65265840000001,straight road,no slope,2022-08-22T02:20:00Z
7559202,22.08.2022 09:30,13.01.2023 10:46,Nakhon Ratchasima,department of highways,other,speeding,rollover/fallen on straight road,1,0,0,clear,14.41594338,101.8617341,straight road,no slope,2022-08-22T02:30:00Z
6809514,22.08.2022 09:35,30.08.2022 14:28,Nakhon Ratchasima,department of highways,passenger pickup truck,speeding,rear-end collision,2,0,1,clear,14.74250256,101.5033936,straight road,no slope,2022-08-22T02:35:00Z
6805635,22.08.2022 10:00,29.08.2022 11:09,Chai Nat,department of highways,other,speeding,rollover/fallen on straight road,1,0,0,clear,15.03072193,100.1447716,straight road,no slope,2022-08-22T03:00:00Z
6776909,22.08.2022 11:51,24.08.2022 09:42,Pathum Thani,department of highways,4-wheel pickup truck,speeding,rear-end collision,2,0,0,clear,13.96004906,100.7127321,straight road,no slope,2022-08-22T04:51:00Z
6869880,22.08.2022 12:00,9.09.2022 11:35,Maha Sarakham,department of highways,other,cutting in closely by people/vehicles/animals,rear-end collision,2,1,0,clear,16.23477547,103.0707961,straight road,no slope,2022-08-22T05:00:00Z
7145957,22.08.2022 12:20,21.10.2022 10:13,Uthai Thani,department of highways,private/passenger car,speeding,rear-end collision,2,0,0,clear,15.41420765,99.65891896,other,other,2022-08-22T05:20:00Z
6770626,22.08.2022 12:30,23.08.2022 09:03,Nakhon Si Thammarat,department of highways,private/passenger car,speeding,rollover/fallen on straight road,1,0,4,clear,8.19016712,99.60617064,straight road,no slope,2022-08-22T05:30:00Z
7147005,22.08.2022 12:40,21.10.2022 13:52,Uthai Thani,department of highways,private/passenger car,speeding,rear-end collision,2,0,0,clear,15.41420765,99.65892433,other,other,2022-08-22T05:40:00Z
6806467,22.08.2022 12:55,29.08.2022 14:30,Bangkok,department of highways,private/passenger car,vehicle equipment failure,rollover/fallen on straight road,1,0,0,clear,13.8354964,100.673604,straight road,no slope,2022-08-22T05:55:00Z
7568961,22.08.2022 13:00,25.01.2023 07:36,Khon Kaen,department of highways,private/passenger car,speeding,rollover/fallen on straight road,1,0,1,clear,16.58511129,102.008536,straight road,no slope,2022-08-22T06:00:00Z
6806315,22.08.2022 13:30,29.08.2022 13:59,Samut Prakan,department of highways,7-10-wheel truck,speeding,rollover/fallen on curved road,1,0,2,clear,13.6469069,100.6854808,other,other,2022-08-22T06:30:00Z
6864659,22.08.2022 13:45,8.09.2022 14:44,Phetchaburi,department of highways,private/passenger car,speeding,rear-end collision,2,0,1,clear,12.89977951,99.90983962,straight road,no slope,2022-08-22T06:45:00Z
7554517,22.08.2022 14:50,9.01.2023 13:07,Chiang Mai,department of highways,private/passenger car,falling asleep,rollover/fallen on straight road,1,0,1,clear,19.22105497,99.18299854,straight road,no slope,2022-08-22T07:50:00Z
7563057,22.08.2022 15:32,18.01.2023 14:01,Nakhon Ratchasima,department of highways,private/passenger car,speeding,rollover/fallen on straight road,1,0,3,clear,14.69738852,101.4758058,straight road,no slope,2022-08-22T08:32:00Z
6863555,22.08.2022 16:00,8.09.2022 10:33,Surat Thani,department of highways,large truck with trailer,speeding,rollover/fallen on straight road,1,0,0,clear,8.593831047,99.0296164,straight road,no slope,2022-08-22T09:00:00Z
6864697,22.08.2022 16:00,8.09.2022 14:48,Sukhothai,department of highways,motorcycle,speeding,collision with obstruction (on road surface),1,0,2,clear,17.13921153,99.84986274,straight road,no slope,2022-08-22T09:00:00Z
7554369,22.08.2022 16:00,9.01.2023 10:49,Chiang Mai,department of highways,4-wheel pickup truck,speeding,rollover/fallen on straight road,1,0,1,rainy,19.48496858,99.02631192,straight road,no slope,2022-08-22T09:00:00Z
6771185,22.08.2022 16:12,23.08.2022 11:07,Bangkok,department of highways,4-wheel pickup truck,speeding,rear-end collision,4,0,0,clear,13.72953884,100.7444867,straight road,no slope,2022-08-22T09:12:00Z
7555197,22.08.2022 17:00,10.01.2023 09:36,Uttaradit,department of highways,private/passenger car,falling asleep,rollover/fallen on straight road,1,0,1,clear,17.34287324,100.2335045,straight road,no slope,2022-08-22T10:00:00Z
7147013,22.08.2022 17:10,21.10.2022 13:51,Nakhon Sawan,department of highways,4-wheel pickup truck,speeding,rollover/fallen on straight road,1,0,0,clear,15.42707643,100.1376477,straight road,no slope,2022-08-22T10:10:00Z
7026611,22.08.2022 17:50,3.10.2022 08:55,Phetchabun,department of highways,motorcycle,speeding,collision with obstruction (on road surface),2,1,1,clear,16.83815402,101.2813201,wide curve,slope area,2022-08-22T10:50:00Z
6957724,22.08.2022 18:00,22.09.2022 14:51,Ubon Ratchathani,department of highways,private/passenger car,speeding,collision with obstruction (on road surface),1,0,0,rainy,15.12245823,104.7107389,straight road,no slope,2022-08-22T11:00:00Z
7562857,22.08.2022 18:50,18.01.2023 12:12,Surat Thani,department of highways,4-wheel pickup truck,cutting in closely by people/vehicles/animals,rear-end collision,2,0,0,rainy,8.547437778,99.10999684,straight road,no slope,2022-08-22T11:50:00Z
6771925,22.08.2022 19:05,23.08.2022 14:16,Bangkok,department of rural roads,private/passenger car,speeding,other,2,0,0,clear,13.673304,100.538894,straight road,slope area,2022-08-22T12:05:00Z
6822264,22.08.2022 19:44,1.09.2022 12:39,Bangkok,expressway authority of thailand,other,other,rear-end collision,2,0,1,clear,13.75354188,100.5757466,straight road,other,2022-08-22T12:44:00Z
6782447,22.08.2022 20:30,25.08.2022 08:34,Mae Hong Son,department of rural roads,other,speeding,other,1,0,0,rainy,19.347709,97.953104,straight road,slope area,2022-08-22T13:30:00Z
7365916,22.08.2022 20:35,22.11.2022 15:39,Yala,department of highways,4-wheel pickup truck,speeding,rollover/fallen on curved road,1,0,1,rainy,5.957167667,101.1925042,wide curve,no slope,2022-08-22T13:35:00Z
7027437,22.08.2022 22:30,3.10.2022 11:47,Phatthalung,department of highways,private/passenger car,speeding,rollover/fallen on straight road,1,0,1,clear,7.327495878,100.1437014,straight road,no slope,2022-08-22T15:30:00Z
6996414,23.08.2022 00:05,28.09.2022 15:32,Phayao,department of highways,6-wheel truck,speeding,rollover/fallen on curved road,1,0,0,clear,18.86149357,100.3116372,wide curve,slope area,2022-08-22T17:05:00Z
6808144,23.08.2022 00:20,30.08.2022 08:55,Songkhla,department of highways,4-wheel pickup truck,speeding,rollover/fallen on curved road,1,0,1,clear,7.173352655,100.6151292,wide curve,no slope,2022-08-22T17:20:00Z
7560696,23.08.2022 00:50,16.01.2023 11:14,Bangkok,department of highways,motorcycle,speeding,rear-end collision,3,0,2,clear,13.83036139,100.5575663,other,other,2022-08-22T17:50:00Z
7473967,23.08.2022 01:20,20.12.2022 10:43,Nakhon Ratchasima,department of highways,4-wheel pickup truck,speeding,rollover/fallen on straight road,1,0,2,clear,15.41791297,102.750299,straight road,no slope,2022-08-22T18:20:00Z
6771921,23.08.2022 01:50,23.08.2022 14:16,Bangkok,department of rural roads,private/passenger car,speeding,other,3,0,0,clear,13.685856,100.547855,t-intersection,other,2022-08-22T18:50:00Z
6864461,23.08.2022 03:00,8.09.2022 14:07,Prachuap Khiri Khan,department of highways,large truck with trailer,speeding,rollover/fallen on straight road,1,0,0,clear,11.60776676,99.66331779,connecting to public/commercial area,other,2022-08-22T20:00:00Z
6869782,23.08.2022 04:30,9.09.2022 11:21,Kalasin,department of highways,6-wheel truck,speeding,rollover/fallen on straight road,1,0,0,clear,16.69909103,103.7453797,straight road,no slope,2022-08-22T21:30:00Z
6806472,23.08.2022 04:35,29.08.2022 14:33,Bangkok,department of highways,private/passenger car,speeding,rear-end collision,2,0,1,clear,13.82280487,100.6749263,straight road,no slope,2022-08-22T21:35:00Z
7414169,23.08.2022 05:00,25.11.2022 13:53,Udon Thani,department of highways,4-wheel pickup truck,speeding,rollover/fallen on straight road,1,0,0,clear,17.31316146,102.8504982,straight road,no slope,2022-08-22T22:00:00Z
6834342,23.08.2022 06:00,3.09.2022 10:28,Pathum Thani,department of highways,large passenger vehicle,speeding,rear-end collision,2,1,0,clear,14.12635876,100.6184819,straight road,no slope,2022-08-22T23:00:00Z
6815279,23.08.2022 06:30,31.08.2022 14:54,Si Sa Ket,department of highways,4-wheel pickup truck,speeding,rollover/fallen on straight road,1,0,0,clear,14.84243584,104.6860117,straight road,no slope,2022-08-22T23:30:00Z
6771112,23.08.2022 07:02,23.08.2022 10:49,Samut Prakan,department of highways,large truck with trailer,speeding,rear-end collision,2,0,0,clear,13.67088535,100.8425268,straight road,no slope,2022-08-23T00:02:00Z
6772131,23.08.2022 07:45,23.08.2022 15:03,Samut Prakan,department of rural roads,motorcycle,abrupt lane change,other,2,0,1,clear,13.663979,100.528663,straight road,slope area,2022-08-23T00:45:00Z
7087984,23.08.2022 07:45,11.10.2022 09:03,Trat,department of highways,6-wheel truck,speeding,rollover/fallen on straight road,1,0,0,clear,12.37563992,102.3819378,other,other,2022-08-23T00:45:00Z
7476126,23.08.2022 08:30,21.12.2022 09:00,Chiang Rai,department of highways,4-wheel pickup truck,speeding,rear-end collision,2,0,0,clear,19.74609492,99.68879877,straight road,no slope,2022-08-23T01:30:00Z
7561340,23.08.2022 09:00,17.01.2023 08:48,Bangkok,department of highways,private/passenger car,speeding,rear-end collision,5,0,0,clear,13.7819831,100.4185514,straight road,no slope,2022-08-23T02:00:00Z
6864656,23.08.2022 09:09,8.09.2022 14:43,Prachuap Khiri Khan,department of highways,motorcycle,speeding,rollover/fallen on straight road,1,1,0,clear,11.23295984,99.42961691,straight road,no slope,2022-08-23T02:09:00Z
6815047,23.08.2022 10:00,31.08.2022 14:01,Amnat Charoen,department of highways,other,speeding,rollover/fallen on straight road,1,0,0,clear,15.75677505,104.4704077,other,other,2022-08-23T03:00:00Z
7559077,23.08.2022 10:00,13.01.2023 09:39,Nakhon Ratchasima,department of highways,4-wheel pickup truck,speeding,rollover/fallen on straight road,1,0,0,clear,15.1664463,102.3332074,straight road,no slope,2022-08-23T03:00:00Z
6782449,23.08.2022 10:20,25.08.2022 08:33,Bangkok,department of rural roads,private/passenger car,tailgating,other,2,0,0,clear,13.685756,100.547154,straight road,no slope,2022-08-23T03:20:00Z
7371641,23.08.2022 10:30,23.11.2022 10:55,Loburi,department of highways,other,speeding,rollover/fallen on straight road,1,0,0,clear,15.14922757,101.0867929,straight road,no slope,2022-08-23T03:30:00Z
6845620,23.08.2022 10:44,5.09.2022 11:06,Nakhon Sawan,department of highways,large truck with trailer,illegal overtaking,rear-end collision,2,1,0,clear,15.35858637,100.4550147,other,other,2022-08-23T03:44:00Z
6777171,23.08.2022 11:19,24.08.2022 10:38,Pathum Thani,department of highways,large truck with trailer,speeding,rear-end collision,3,0,0,clear,14.06233934,100.6972799,straight road,no slope,2022-08-23T04:19:00Z
6944835,23.08.2022 11:30,20.09.2022 14:41,Chachoengsao,department of highways,large truck with trailer,speeding,rollover/fallen on straight road,1,0,0,clear,13.53194602,101.0150438,straight road,no slope,2022-08-23T04:30:00Z
7040743,23.08.2022 11:30,5.10.2022 10:27,Yasothon,department of highways,6-wheel truck,speeding,rollover/fallen on straight road,1,0,0,clear,15.79382795,104.2916787,straight road,no slope,2022-08-23T04:30:00Z
6806409,23.08.2022 12:12,29.08.2022 14:19,Chachoengsao,department of highways,private/passenger car,speeding,rear-end collision,2,0,0,clear,13.52292825,101.0226345,straight road,no slope,2022-08-23T05:12:00Z
6845645,23.08.2022 12:30,5.09.2022 11:12,Nakhon Sawan,department of highways,4-wheel pickup truck,speeding,rollover/fallen on straight road,1,0,0,clear,15.35848033,100.434351,other,other,2022-08-23T05:30:00Z
6896240,23.08.2022 12:30,13.09.2022 11:08,Chanthaburi,department of highways,4-wheel pickup truck,speeding,rollover/fallen on curved road,1,0,0,clear,12.86819417,102.0479679,wide curve,no slope,2022-08-23T05:30:00Z
7356960,23.08.2022 12:40,21.11.2022 08:41,Loburi,department of highways,large truck with trailer,falling asleep,rear-end collision,4,0,1,clear,15.07659891,101.0582542,other,other,2022-08-23T05:40:00Z
7562591,23.08.2022 13:20,18.01.2023 09:51,Phatthalung,department of highways,private/passenger car,falling asleep,rollover/fallen on curved road,1,0,1,rainy,7.413511144,100.081678,wide curve,no slope,2022-08-23T06:20:00Z
6845622,23.08.2022 13:30,5.09.2022 11:09,Sing Buri,department of highways,motorcycle,speeding,rear-end collision,2,0,1,clear,14.80601551,100.4523325,straight road,no slope,2022-08-23T06:30:00Z
6821770,23.08.2022 15:30,1.09.2022 10:59,Yala,department of highways,4-wheel pickup truck,speeding,rollover/fallen on straight road,1,0,1,rainy,6.48534351,101.0560763,straight road,no slope,2022-08-23T08:30:00Z
6916740,23.08.2022 16:20,16.09.2022 10:07,Samut Sakhon,department of highways,private/passenger car,cutting in closely by people/vehicles/animals,rear-end collision,4,0,0,clear,13.59410925,100.3616363,straight road,no slope,2022-08-23T09:20:00Z
7040744,23.08.2022 16:20,5.10.2022 10:28,Yasothon,department of highways,4-wheel pickup truck,speeding,rollover/fallen on straight road,1,0,1,clear,15.66736342,104.2926603,straight road,no slope,2022-08-23T09:20:00Z
7088064,23.08.2022 17:00,11.10.2022 10:54,Sing Buri,department of highways,private/passenger car,speeding,collision at intersection corner,2,0,0,clear,14.76741822,100.3868249,other,other,2022-08-23T10:00:00Z
7554714,23.08.2022 17:00,9.01.2023 14:19,Chiang Rai,department of highways,4-wheel pickup truck,speeding,head-on collision (not overtaking),2,0,10,clear,19.67311538,99.56322311,wide curve,no slope,2022-08-23T10:00:00Z
6828967,23.08.2022 17:20,2.09.2022 13:35,Songkhla,department of highways,4-wheel pickup truck,speeding,rear-end collision,2,0,2,clear,7.120210419,100.5362588,straight road,no slope,2022-08-23T10:20:00Z
6784726,23.08.2022 17:30,25.08.2022 17:16,Lamphun,department of rural roads,motorcycle,speeding,other,2,1,0,clear,17.797566,98.930668,wide curve,no slope,2022-08-23T10:30:00Z
6784432,23.08.2022 17:50,25.08.2022 15:51,Samut Prakan,department of rural roads,passenger pickup truck,sudden stop,other,2,0,0,clear,13.664212,100.534519,straight road,slope area,2022-08-23T10:50:00Z
6909968,23.08.2022 19:21,15.09.2022 10:27,Nakhon Nayok,department of highways,4-wheel pickup truck,speeding,rollover/fallen on straight road,1,0,0,clear,14.22059002,101.152094,other,other,2022-08-23T12:21:00Z
6778305,23.08.2022 19:30,24.08.2022 14:21,Chiang Mai,department of highways,motorcycle,speeding,head-on collision (not overtaking),2,2,0,clear,17.9739469,98.39212506,wide curve,no slope,2022-08-23T12:30:00Z
7565185,23.08.2022 19:50,20.01.2023 09:10,Pathum Thani,department of highways,4-wheel pickup truck,vehicle equipment failure,rollover/fallen on straight road,2,0,0,clear,14.06557079,100.6482035,other,other,2022-08-23T12:50:00Z
6815158,23.08.2022 20:15,31.08.2022 14:27,Nakhon Si Thammarat,department of highways,private/passenger car,falling asleep,rollover/fallen on straight road,1,0,2,clear,7.94661156,99.91722106,straight road,no slope,2022-08-23T13:15:00Z
6815184,23.08.2022 20:30,31.08.2022 14:30,Surat Thani,department of highways,4-wheel pickup truck,speeding,rear-end collision,2,0,0,clear,9.137716408,99.24985258,straight road,no slope,2022-08-23T13:30:00Z
7554669,23.08.2022 21:30,9.01.2023 13:58,Phrae,department of highways,4-wheel pickup truck,speeding,rear-end collision,2,0,1,clear,18.33853999,100.2576578,straight road,no slope,2022-08-23T14:30:00Z
6815161,23.08.2022 21:40,31.08.2022 14:29,Surat Thani,department of highways,4-wheel pickup truck,speeding,rear-end collision,2,0,0,clear,9.111474722,99.20621036,straight road,no slope,2022-08-23T14:40:00Z
7561204,23.08.2022 22:15,17.01.2023 07:05,Bangkok,department of highways,private/passenger car,cutting in closely by people/vehicles/animals,rear-end collision,2,0,0,clear,13.78660382,100.3748503,straight road,no slope,2022-08-23T15:15:00Z
6814580,24.08.2022 00:30,31.08.2022 12:19,Chiang Rai,department of highways,private/passenger car,speeding,rollover/fallen on straight road,1,0,1,clear,19.7642046,99.73539142,straight road,no slope,2022-08-23T17:30:00Z
7331888,24.08.2022 01:00,24.08.2022 16:13,Phra Nakhon Si Ayutthaya,department of highways,4-wheel pickup truck,speeding,rear-end collision,2,1,1,clear,14.18981931,100.6340736,wide curve,slope area,2022-08-23T18:00:00Z
6806411,24.08.2022 02:05,29.08.2022 14:17,Bangkok,department of highways,private/passenger car,speeding,rollover/fallen on straight road,1,0,1,clear,13.75637728,100.6990233,straight road,no slope,2022-08-23T19:05:00Z
7331891,24.08.2022 03:02,20.09.2022 15:25,Prachin Buri,department of highways,6-wheel truck,speeding,rear-end collision,3,0,1,clear,14.31479761,101.8403622,straight road,slope area,2022-08-23T20:02:00Z
6808093,24.08.2022 04:30,30.08.2022 08:47,Suphan Buri,department of highways,4-wheel pickup truck,illegal overtaking,side collision,2,1,0,clear,14.8961502,99.68319295,straight road,slope area,2022-08-23T21:30:00Z
7146972,24.08.2022 04:42,21.10.2022 13:45,Uthai Thani,department of highways,4-wheel pickup truck,speeding,rollover/fallen on straight road,1,0,0,clear,15.36481179,99.54861312,straight road,no slope,2022-08-23T21:42:00Z
6777055,24.08.2022 05:00,24.08.2022 10:11,Nakhon Sawan,department of highways,private/passenger car,falling asleep,rollover/fallen on straight road,1,0,3,clear,15.21853404,100.4695362,straight road,no slope,2022-08-23T22:00:00Z
7568163,24.08.2022 05:00,24.01.2023 10:25,Nong Khai,department of highways,4-wheel pickup truck,falling asleep,rollover/fallen on straight road,1,0,1,clear,17.86923062,102.7286911,straight road,no slope,2022-08-23T22:00:00Z
6916627,24.08.2022 05:30,16.09.2022 09:43,Samut Sakhon,department of highways,large truck with trailer,speeding,rollover/fallen on straight road,1,0,0,clear,13.59599155,100.3636265,straight road,no slope,2022-08-23T22:30:00Z
6864594,24.08.2022 06:00,8.09.2022 14:31,Chumphon,department of highways,large truck with trailer,speeding,rollover/fallen on straight road,1,0,1,clear,10.77445809,99.19294147,other,other,2022-08-23T23:00:00Z
7542735,24.08.2022 06:10,3.01.2023 14:25,Chiang Mai,department of highways,private/passenger car,speeding,rollover/fallen on straight road,1,0,0,clear,18.8101256,99.00497495,straight road,no slope,2022-08-23T23:10:00Z
6916720,24.08.2022 06:59,16.09.2022 10:04,Samut Sakhon,department of highways,motorcycle,speeding,rear-end collision,2,1,1,clear,13.55814203,100.2717876,straight road,no slope,2022-08-23T23:59:00Z
7446951,24.08.2022 07:30,9.12.2022 09:38,Uttaradit,department of highways,van,speeding,rollover/fallen on straight road,1,0,3,clear,17.73386458,100.6979316,straight road,no slope,2022-08-24T00:30:00Z
6809558,24.08.2022 08:00,30.08.2022 14:36,Mae Hong Son,department of rural roads,motorcycle,cutting in closely by people/vehicles/animals,other,1,0,1,clear,19.42417407,97.95287943,straight road,no slope,2022-08-24T01:00:00Z
6777435,24.08.2022 08:30,24.08.2022 11:26,Lamphun,department of highways,4-wheel pickup truck,speeding,rear-end collision,2,0,1,clear,18.60551144,99.04335468,straight road,no slope,2022-08-24T01:30:00Z
6805423,24.08.2022 09:00,29.08.2022 10:34,Lamphun,department of highways,motorcycle,speeding,rear-end collision,2,0,1,clear,18.54522923,99.05973224,straight road,no slope,2022-08-24T02:00:00Z
6817611,24.08.2022 09:00,31.08.2022 21:55,Ubon Ratchathani,department of highways,motorcycle,speeding,rear-end collision,2,0,1,clear,15.27483167,104.8044768,straight road,no slope,2022-08-24T02:00:00Z
7087980,24.08.2022 09:00,11.10.2022 10:43,Saraburi,department of highways,large truck with trailer,falling asleep,rear-end collision,2,0,4,clear,14.44594285,100.8997545,straight road,no slope,2022-08-24T02:00:00Z
7561349,24.08.2022 09:00,17.01.2023 08:51,Bangkok,department of highways,private/passenger car,speeding,rear-end collision,3,0,0,clear,13.78148554,100.4231058,straight road,no slope,2022-08-24T02:00:00Z
7561362,24.08.2022 09:00,17.01.2023 08:58,Bangkok,department of highways,motorcycle,speeding,rollover/fallen on straight road,1,0,1,clear,13.78064152,100.4320242,straight road,no slope,2022-08-24T02:00:00Z
7087986,24.08.2022 10:00,11.10.2022 10:39,Loburi,department of highways,other,speeding,rollover/fallen on straight road,1,0,0,clear,14.85574383,100.9094801,straight road,no slope,2022-08-24T03:00:00Z
6864693,24.08.2022 10:10,8.09.2022 14:47,Tak,department of highways,4-wheel pickup truck,speeding,rollover/fallen on straight road,1,0,1,clear,16.88565692,99.12611424,straight road,no slope,2022-08-24T03:10:00Z
7569479,24.08.2022 10:30,25.01.2023 13:39,Nakhon Ratchasima,department of highways,4-wheel pickup truck,speeding,rollover/fallen on straight road,1,0,0,clear,14.64246371,101.2832205,straight road,no slope,2022-08-24T03:30:00Z
7559161,24.08.2022 11:56,13.01.2023 10:30,Prachin Buri,department of highways,private/passenger car,speeding,rollover/fallen on straight road,1,0,2,clear,13.99369283,101.7637744,wide curve,no slope,2022-08-24T04:56:00Z
7559127,24.08.2022 12:37,13.01.2023 10:16,Buri Ram,department of highways,4-wheel pickup truck,speeding,rollover/fallen on straight road,1,0,1,clear,15.54714127,103.0231681,straight road,no slope,2022-08-24T05:37:00Z
6809556,24.08.2022 13:10,30.08.2022 14:39,Phrae,department of rural roads,private/passenger car,speeding,other,1,0,1,clear,18.204457,100.117943,wide curve,no slope,2022-08-24T06:10:00Z
7542852,24.08.2022 14:30,3.01.2023 14:52,Chiang Mai,department of highways,private/passenger car,speeding,rear-end collision,2,0,0,clear,18.86809145,99.12539005,straight road,no slope,2022-08-24T07:30:00Z
6788694,24.08.2022 15:09,26.08.2022 10:13,Bangkok,department of highways,private/passenger car,speeding,rear-end collision,2,0,1,clear,13.73192814,100.7099104,straight road,no slope,2022-08-24T08:09:00Z
6895688,24.08.2022 15:30,13.09.2022 09:36,Chanthaburi,department of highways,4-wheel pickup truck,speeding,head-on collision (not overtaking),2,0,3,clear,12.72252084,102.2219199,straight road,no slope,2022-08-24T08:30:00Z
6805782,24.08.2022 16:00,29.08.2022 11:44,Bangkok,department of highways,4-wheel pickup truck,speeding,rollover/fallen on straight road,1,0,0,clear,13.7082634,100.8210128,straight road,no slope,2022-08-24T09:00:00Z
7528699,24.08.2022 16:10,31.12.2022 16:24,Bangkok,department of highways,motorcycle,speeding,rear-end collision,2,0,1,clear,13.82157553,100.558446,straight road,no slope,2022-08-24T09:10:00Z
7413986,24.08.2022 16:30,28.11.2022 09:31,Chon Buri,department of highways,4-wheel pickup truck,speeding,rollover/fallen on straight road,1,0,1,rainy,12.91764124,101.0195714,straight road,no slope,2022-08-24T09:30:00Z
6845600,24.08.2022 17:30,5.09.2022 11:04,Samut Prakan,expressway authority of thailand,other,other,rear-end collision,2,0,0,clear,13.641864,100.696336,straight road,other,2022-08-24T10:30:00Z
7002694,24.08.2022 19:30,29.09.2022 14:31,Sukhothai,department of highways,4-wheel pickup truck,falling asleep,rollover/fallen on straight road,1,0,0,clear,17.3330441,99.54362153,straight road,no slope,2022-08-24T12:30:00Z
6806430,24.08.2022 20:15,29.08.2022 14:20,Chon Buri,department of highways,4-wheel pickup truck,speeding,rollover/fallen on straight road,1,0,1,clear,12.83473238,100.9271049,straight road,no slope,2022-08-24T13:15:00Z
6783345,24.08.2022 20:16,25.08.2022 11:49,Nakhon Ratchasima,department of highways,4-wheel pickup truck,speeding,rollover/fallen on straight road,1,0,0,clear,14.65763671,101.3286638,straight road,no slope,2022-08-24T13:16:00Z