acc_code,incident_datetime,report_datetime,province_en,agency,vehicle_type,presumed_cause,accident_type,number_of_vehicles_involved,number_of_fatalities,number_of_injuries,weather_condition,latitude,longitude,road_description,slope_description,incident_time
7444986,24.08.2022 21:30,8.12.2022 15:18,Samut Sakhon,department of highways,4-wheel pickup truck,cutting in closely by people/vehicles/animals,rear-end collision,2,0,2,clear,13.5305613,100.2024311,straight road,no slope,2022-08-24T14:30:00Z
6918490,24.08.2022 21:40,16.09.2022 13:41,Pathum Thani,department of highways,large truck with trailer,cutting in closely by people/vehicles/animals,rollover/fallen on curved road,1,0,0,clear,13.98455489,100.5926013,other,other,2022-08-24T14:40:00Z
6788593,24.08.2022 22:00,26.08.2022 09:49,Bangkok,expressway authority of thailand,6-wheel truck,other,rear-end collision,3,0,1,clear,13.70779766,100.5489125,straight road,other,2022-08-24T15:00:00Z
7565184,24.08.2022 22:30,20.01.2023 09:14,Pathum Thani,department of highways,large truck with trailer,speeding,collision with obstruction (on road surface),2,1,0,clear,14.09071312,100.6183398,straight road,no slope,2022-08-24T15:30:00Z
6829057,24.08.2022 23:15,2.09.2022 13:53,Nakhon Ratchasima,department of highways,large truck with trailer,speeding,rollover/fallen on straight road,1,0,0,rainy,14.8195617,101.8323263,straight road,no slope,2022-08-24T16:15:00Z
6851287,24.08.2022 23:30,6.09.2022 10:40,Surat Thani,department of highways,4-wheel pickup truck,speeding,rollover/fallen on straight road,1,0,0,clear,9.514901954,99.19781773,straight road,no slope,2022-08-24T16:30:00Z
7088059,24.08.2022 23:40,11.10.2022 10:50,Loburi,department of highways,6-wheel truck,overloaded vehicle,rollover/fallen on curved road,1,0,0,clear,15.04786479,100.5646849,wide curve,no slope,2022-08-24T16:40:00Z
6845602,25.08.2022 00:08,5.09.2022 11:04,Chachoengsao,expressway authority of thailand,other,other,side collision,2,0,0,clear,13.491346,101.005884,wide curve,other,2022-08-24T17:08:00Z
7562812,25.08.2022 00:10,18.01.2023 11:32,Surat Thani,department of highways,4-wheel pickup truck,speeding,rollover/fallen on straight road,1,0,0,clear,9.160121872,99.49851482,straight road,no slope,2022-08-24T17:10:00Z
6822320,25.08.2022 00:27,1.09.2022 12:51,Bangkok,expressway authority of thailand,other,other,rear-end collision,2,0,1,clear,13.78205663,100.5344038,straight road,other,2022-08-24T17:27:00Z
7146965,25.08.2022 00:40,21.10.2022 13:48,Sing Buri,department of highways,large truck with trailer,speeding,rear-end collision,2,0,1,rainy,14.72364403,100.4550791,straight road,no slope,2022-08-24T17:40:00Z
7569506,25.08.2022 01:00,25.01.2023 13:49,Prachin Buri,department of highways,7-10-wheel truck,falling asleep,rollover/fallen on straight road,1,0,0,rainy,14.15011856,101.3174254,other,other,2022-08-24T18:00:00Z
6903168,25.08.2022 01:15,14.09.2022 11:06,Saraburi,department of highways,4-wheel pickup truck,speeding,rollover/fallen on straight road,2,0,0,clear,14.30793373,100.8316076,straight road,no slope,2022-08-24T18:15:00Z
7569519,25.08.2022 01:50,25.01.2023 13:53,Nakhon Ratchasima,department of highways,large truck with trailer,speeding,rollover/fallen on straight road,1,0,0,rainy,14.85748898,101.6781355,straight road,no slope,2022-08-24T18:50:00Z
6815074,25.08.2022 02:20,31.08.2022 14:05,Chon Buri,department of highways,private/passenger car,speeding,rollover/fallen on straight road,1,0,0,clear,13.06730053,100.9955308,straight road,no slope,2022-08-24T19:20:00Z
7146973,25.08.2022 03:47,21.10.2022 13:46,Phra Nakhon Si Ayutthaya,department of highways,6-wheel truck,falling asleep,collision with obstruction (on road surface),2,0,4,rainy,14.51819095,100.5116013,straight road,no slope,2022-08-24T20:47:00Z
7140543,25.08.2022 04:20,20.10.2022 14:31,Phetchabun,department of highways,4-wheel pickup truck,falling asleep,rollover/fallen on straight road,1,0,1,clear,16.70694972,101.1760917,straight road,no slope,2022-08-24T21:20:00Z
6864455,25.08.2022 05:40,8.09.2022 14:05,Prachuap Khiri Khan,department of highways,4-wheel pickup truck,speeding,rollover/fallen on straight road,1,0,0,clear,12.59007789,99.74494813,straight road,no slope,2022-08-24T22:40:00Z
7561203,25.08.2022 05:44,17.01.2023 07:08,Bangkok,department of highways,private/passenger car,vehicle equipment failure,rear-end collision,2,0,1,clear,13.78648618,100.376852,straight road,no slope,2022-08-24T22:44:00Z
7276888,25.08.2022 06:10,9.11.2022 14:34,Suphan Buri,department of highways,large truck with trailer,vehicle equipment failure,rollover/fallen on straight road,1,0,1,rainy,14.48226202,100.1317736,straight road,no slope,2022-08-24T23:10:00Z
7146931,25.08.2022 06:20,21.10.2022 13:43,Ang Thong,department of highways,4-wheel pickup truck,speeding,rear-end collision,2,0,0,rainy,14.4481844,100.4506507,straight road,no slope,2022-08-24T23:20:00Z
6863385,25.08.2022 06:25,8.09.2022 10:00,Nakhon Si Thammarat,department of highways,4-wheel pickup truck,speeding,rollover/fallen on straight road,1,0,2,clear,8.721412342,99.92623328,straight road,no slope,2022-08-24T23:25:00Z
7568280,25.08.2022 06:30,24.01.2023 11:49,Samut Songkhram,department of highways,4-wheel pickup truck,speeding,rollover/fallen on straight road,1,0,1,clear,13.35589202,99.92895036,straight road,no slope,2022-08-24T23:30:00Z
7567521,25.08.2022 07:00,23.01.2023 16:39,Rayong,department of highways,7-10-wheel truck,speeding,rollover/fallen on straight road,1,0,16,rainy,12.76169774,101.1831191,straight road,no slope,2022-08-25T00:00:00Z
7561205,25.08.2022 07:25,17.01.2023 07:06,Bangkok,department of highways,4-wheel pickup truck,cutting in closely by people/vehicles/animals,rear-end collision,2,0,0,clear,13.78654959,100.3739449,straight road,no slope,2022-08-25T00:25:00Z
7555310,25.08.2022 08:00,10.01.2023 11:41,Phitsanulok,department of highways,large truck with trailer,speeding,rollover/fallen on straight road,1,0,1,clear,17.26263989,100.5542618,straight road,no slope,2022-08-25T01:00:00Z
6895660,25.08.2022 09:00,13.09.2022 09:34,Chachoengsao,department of highways,4-wheel pickup truck,speeding,rollover/fallen on straight road,1,0,0,rainy,13.65831521,101.1296519,straight road,no slope,2022-08-25T02:00:00Z
7554438,25.08.2022 09:00,9.01.2023 11:25,Chiang Mai,department of highways,4-wheel pickup truck,speeding,head-on collision (not overtaking),2,0,2,rainy,18.82663309,99.04740481,other,other,2022-08-25T02:00:00Z
6788363,25.08.2022 09:23,26.08.2022 09:02,Chon Buri,department of highways,private/passenger car,speeding,rear-end collision,2,0,0,clear,13.38083913,101.044229,straight road,no slope,2022-08-25T02:23:00Z
6864648,25.08.2022 09:40,8.09.2022 14:43,Sukhothai,department of highways,motorcycle,cutting in closely by people/vehicles/animals,head-on collision (not overtaking),2,0,0,clear,17.01004822,99.79598253,straight road,no slope,2022-08-25T02:40:00Z
6892104,25.08.2022 10:50,12.09.2022 19:37,Krabi,department of highways,passenger pickup truck,speeding,head-on collision (not overtaking),2,0,1,clear,8.118368148,99.00888829,straight road,no slope,2022-08-25T03:50:00Z
6806174,25.08.2022 11:00,29.08.2022 13:40,Bangkok,department of highways,4-wheel pickup truck,speeding,rollover/fallen on straight road,1,0,1,rainy,13.83206639,100.6739366,straight road,no slope,2022-08-25T04:00:00Z
6892190,25.08.2022 11:40,12.09.2022 19:51,Krabi,department of highways,4-wheel pickup truck,speeding,rollover/fallen on straight road,1,0,0,clear,8.106365881,98.94578664,straight road,no slope,2022-08-25T04:40:00Z
7516978,25.08.2022 12:00,29.12.2022 09:09,Lamphun,department of highways,private/passenger car,speeding,rollover/fallen on straight road,1,0,1,clear,18.52490747,99.08399819,straight road,no slope,2022-08-25T05:00:00Z
6910037,25.08.2022 13:00,15.09.2022 10:36,Pathum Thani,department of highways,large truck with trailer,speeding,rear-end collision,2,1,0,clear,13.93537402,100.7511467,other,other,2022-08-25T06:00:00Z
6806292,25.08.2022 13:10,29.08.2022 13:51,Yasothon,department of highways,4-wheel pickup truck,speeding,rear-end collision,2,0,2,rainy,16.16962881,104.5753464,straight road,no slope,2022-08-25T06:10:00Z
7419314,25.08.2022 13:50,30.11.2022 13:06,Maha Sarakham,department of highways,private/passenger car,speeding,rollover/fallen on straight road,1,0,0,clear,16.25093452,103.0367455,straight road,no slope,2022-08-25T06:50:00Z
7425122,25.08.2022 13:50,2.12.2022 14:03,Trang,department of highways,other,speeding,rollover/fallen on straight road,1,0,0,clear,7.656880211,99.47811662,straight road,no slope,2022-08-25T06:50:00Z
7139523,25.08.2022 14:00,20.10.2022 11:09,Pathum Thani,department of highways,4-wheel pickup truck,vehicle equipment failure,rollover/fallen on straight road,1,0,0,clear,14.01814823,100.700123,straight road,no slope,2022-08-25T07:00:00Z
7380521,25.08.2022 14:09,24.11.2022 14:49,Pattani,department of highways,other,speeding,rollover/fallen on straight road,1,0,0,clear,6.830984437,101.2175606,straight road,no slope,2022-08-25T07:09:00Z
7563857,25.08.2022 14:10,19.01.2023 08:30,Phra Nakhon Si Ayutthaya,department of highways,7-10-wheel truck,speeding,rollover/fallen on straight road,1,0,1,clear,14.27680582,100.6808004,straight road,no slope,2022-08-25T07:10:00Z
6845531,25.08.2022 14:45,5.09.2022 10:53,Bangkok,expressway authority of thailand,4-wheel pickup truck,other,rear-end collision,3,0,0,clear,13.71280723,100.575238,straight road,other,2022-08-25T07:45:00Z
6815073,25.08.2022 14:50,31.08.2022 14:05,Amnat Charoen,department of highways,4-wheel pickup truck,cutting in closely by people/vehicles/animals,head-on collision (not overtaking),3,0,4,clear,15.86203866,104.6032789,straight road,no slope,2022-08-25T07:50:00Z
6815159,25.08.2022 14:50,31.08.2022 14:28,Nakhon Si Thammarat,department of highways,large truck with trailer,falling asleep,rollover/fallen on curved road,1,2,0,clear,8.161236144,99.84928875,wide curve,slope area,2022-08-25T07:50:00Z
7554353,25.08.2022 14:50,9.01.2023 10:37,Chiang Mai,department of highways,4-wheel pickup truck,speeding,other,1,0,1,rainy,19.31887123,98.95611046,wide curve,no slope,2022-08-25T07:50:00Z
6784648,25.08.2022 15:00,25.08.2022 16:53,Nakhon Si Thammarat,department of highways,4-wheel pickup truck,speeding,rear-end collision,2,1,9,rainy,8.266977838,99.9001783,straight road,no slope,2022-08-25T08:00:00Z
7041845,25.08.2022 15:00,5.10.2022 13:59,Surin,department of highways,4-wheel pickup truck,speeding,rollover/fallen on straight road,1,0,1,clear,14.68090928,103.4164899,straight road,no slope,2022-08-25T08:00:00Z
7554420,25.08.2022 15:00,9.01.2023 11:22,Chiang Mai,department of highways,private/passenger car,speeding,rollover/fallen on straight road,1,0,0,clear,18.76353688,99.06541585,straight road,no slope,2022-08-25T08:00:00Z
6864562,25.08.2022 15:18,8.09.2022 14:25,Sukhothai,department of highways,private/passenger car,speeding,rear-end collision,2,0,1,clear,17.2271254,99.84766601,straight road,no slope,2022-08-25T08:18:00Z
7124852,25.08.2022 15:30,18.10.2022 10:21,Satun,department of highways,motorcycle,other,rear-end collision,3,0,4,clear,6.883146415,99.82890128,straight road,no slope,2022-08-25T08:30:00Z
6863531,25.08.2022 16:00,8.09.2022 10:28,Surat Thani,department of highways,6-wheel truck,vehicle equipment failure,rollover/fallen on straight road,1,0,0,clear,8.642032446,99.05151396,straight road,no slope,2022-08-25T09:00:00Z
7444704,25.08.2022 16:50,8.12.2022 14:13,Samut Prakan,department of highways,private/passenger car,speeding,rear-end collision,2,0,1,clear,13.59545841,100.8039151,straight road,no slope,2022-08-25T09:50:00Z
7561288,25.08.2022 17:10,17.01.2023 08:15,Bangkok,department of highways,large truck with trailer,cutting in closely by people/vehicles/animals,rear-end collision,2,0,0,clear,13.78385086,100.4027304,straight road,no slope,2022-08-25T10:10:00Z
7001373,25.08.2022 19:20,29.09.2022 09:39,Ratchaburi,department of highways,large truck with trailer,speeding,rollover/fallen on straight road,1,0,0,rainy,13.36515093,99.77046131,straight road,no slope,2022-08-25T12:20:00Z
7459629,25.08.2022 19:28,16.12.2022 10:47,Suphan Buri,department of highways,4-wheel pickup truck,speeding,rollover/fallen on straight road,1,0,0,rainy,14.47476701,100.1312184,straight road,no slope,2022-08-25T12:28:00Z
6829168,25.08.2022 21:20,2.09.2022 14:13,Nakhon Sawan,department of highways,4-wheel pickup truck,speeding,rollover/fallen on curved road,1,0,0,rainy,15.62416565,100.0834671,wide curve,no slope,2022-08-25T14:20:00Z
6852054,25.08.2022 21:20,6.09.2022 13:47,Chon Buri,department of highways,private/passenger car,speeding,rollover/fallen on curved road,1,0,0,rainy,13.11840331,100.9856817,wide curve,no slope,2022-08-25T14:20:00Z
7561623,25.08.2022 22:05,17.01.2023 11:21,Bangkok,department of highways,motorcycle,speeding,rear-end collision,2,0,3,clear,13.7689083,100.4072405,straight road,no slope,2022-08-25T15:05:00Z
6916691,25.08.2022 22:50,16.09.2022 09:57,Samut Sakhon,department of highways,private/passenger car,speeding,rear-end collision,2,0,0,clear,13.59042283,100.3313595,straight road,no slope,2022-08-25T15:50:00Z
6820964,26.08.2022 00:01,1.09.2022 08:10,Prachin Buri,department of highways,4-wheel pickup truck,speeding,rollover/fallen on straight road,1,0,0,clear,14.11291329,101.3706645,straight road,no slope,2022-08-25T17:01:00Z
6809238,26.08.2022 00:25,30.08.2022 13:21,Bangkok,department of highways,6-wheel truck,speeding,rear-end collision,3,0,0,clear,13.72458039,100.8129635,straight road,no slope,2022-08-25T17:25:00Z
7178908,26.08.2022 02:00,26.10.2022 10:25,Krabi,department of highways,4-wheel pickup truck,speeding,head-on collision (not overtaking),2,0,0,rainy,8.26144616,99.04850988,straight road,no slope,2022-08-25T19:00:00Z
6864463,26.08.2022 02:30,8.09.2022 14:08,Kamphaeng Phet,department of highways,large truck with trailer,speeding,rear-end collision,3,0,2,clear,16.29309116,99.67223345,straight road,no slope,2022-08-25T19:30:00Z
6895566,26.08.2022 05:00,13.09.2022 09:08,Nong Bua Lam Phu,department of highways,4-wheel pickup truck,speeding,rollover/fallen on straight road,1,0,0,clear,17.25282183,102.5751185,wide curve,no slope,2022-08-25T22:00:00Z
6863272,26.08.2022 06:25,8.09.2022 09:44,Nakhon Si Thammarat,department of highways,6-wheel truck,speeding,rear-end collision,2,2,0,clear,8.376769781,99.95927809,straight road,no slope,2022-08-25T23:25:00Z
6809138,26.08.2022 06:39,30.08.2022 12:55,Samut Prakan,department of highways,4-wheel pickup truck,speeding,rear-end collision,2,0,0,clear,13.63643903,100.8960879,straight road,no slope,2022-08-25T23:39:00Z
7553845,26.08.2022 07:30,7.01.2023 16:17,Pattani,department of highways,6-wheel truck,speeding,rollover/fallen on straight road,1,0,0,clear,6.862432773,101.2709413,straight road,no slope,2022-08-26T00:30:00Z
7559149,26.08.2022 07:35,13.01.2023 10:26,Prachin Buri,department of highways,6-wheel truck,speeding,rollover/fallen on straight road,1,0,0,clear,14.2188064,101.8973806,straight road,no slope,2022-08-26T00:35:00Z
6863460,26.08.2022 08:00,8.09.2022 10:10,Narathiwat,department of highways,motorcycle,speeding,rollover/fallen on straight road,3,0,3,clear,6.364693235,101.5932476,other,other,2022-08-26T01:00:00Z
6845795,26.08.2022 09:00,5.09.2022 11:49,Chai Nat,department of highways,private/passenger car,cutting in closely by people/vehicles/animals,rear-end collision,2,0,1,clear,15.25497719,100.095875,straight road,no slope,2022-08-26T02:00:00Z
6806438,26.08.2022 09:30,29.08.2022 14:25,Mukdahan,department of highways,6-wheel truck,falling asleep,rollover/fallen on curved road,1,0,1,clear,16.72640367,104.5105442,wide curve,no slope,2022-08-26T02:30:00Z
7561749,26.08.2022 09:30,17.01.2023 14:15,Nakhon Nayok,department of highways,4-wheel pickup truck,vehicle equipment failure,rear-end collision,2,0,2,clear,13.96817805,100.9436086,straight road,no slope,2022-08-26T02:30:00Z
7565649,26.08.2022 09:35,20.01.2023 13:48,Nakhon Ratchasima,department of highways,7-10-wheel truck,speeding,rollover/fallen on straight road,1,0,1,rainy,14.65578134,101.3670167,straight road,slope area,2022-08-26T02:35:00Z
6805935,26.08.2022 09:43,29.08.2022 12:32,Phra Nakhon Si Ayutthaya,department of highways,private/passenger car,cutting in closely by people/vehicles/animals,pedestrian collision,3,0,1,clear,14.18369015,100.6398243,straight road,no slope,2022-08-26T02:43:00Z
6896033,26.08.2022 10:00,13.09.2022 10:37,Rayong,department of highways,large truck with trailer,speeding,rollover/fallen on straight road,1,0,1,rainy,12.78341182,101.1614925,straight road,no slope,2022-08-26T03:00:00Z
7569524,26.08.2022 10:10,25.01.2023 13:58,Nakhon Ratchasima,department of highways,4-wheel pickup truck,speeding,rollover/fallen on straight road,1,0,0,rainy,14.66398934,101.4148479,straight road,no slope,2022-08-26T03:10:00Z
7567522,26.08.2022 10:23,23.01.2023 16:41,Rayong,department of highways,4-wheel pickup truck,speeding,rollover/fallen on straight road,1,0,3,rainy,12.75922042,101.1855653,straight road,no slope,2022-08-26T03:23:00Z
6864529,26.08.2022 10:30,8.09.2022 14:24,Prachuap Khiri Khan,department of highways,4-wheel pickup truck,speeding,rollover/fallen on straight road,1,1,1,clear,11.52047249,99.61570589,other,other,2022-08-26T03:30:00Z
6896139,26.08.2022 10:30,13.09.2022 10:50,Chachoengsao,department of highways,large truck with trailer,speeding,rollover/fallen on curved road,1,0,0,clear,13.58796953,101.2530899,wide curve,no slope,2022-08-26T03:30:00Z
6805006,26.08.2022 11:00,29.08.2022 09:16,Rayong,department of rural roads,large truck with trailer,speeding,other,2,0,0,rainy,12.849857,101.130463,four-way intersection,other,2022-08-26T04:00:00Z
6803042,26.08.2022 11:19,28.08.2022 23:35,Bangkok,expressway authority of thailand,4-wheel pickup truck,other,rear-end collision,3,0,1,clear,13.68567901,100.5204283,grade-separated intersection/ramps,other,2022-08-26T04:19:00Z
6852056,26.08.2022 11:20,6.09.2022 13:49,Chon Buri,department of highways,6-wheel truck,falling asleep,rear-end collision,2,0,0,clear,13.30598483,101.000635,straight road,no slope,2022-08-26T04:20:00Z
6864559,26.08.2022 11:20,8.09.2022 14:26,Prachuap Khiri Khan,department of highways,7-10-wheel truck,falling asleep,rollover/fallen on curved road,1,1,1,clear,11.21995274,99.41345392,wide curve,no slope,2022-08-26T04:20:00Z
6910109,26.08.2022 12:40,15.09.2022 10:50,Samut Sakhon,department of highways,4-wheel pickup truck,speeding,rear-end collision,2,0,0,clear,13.59009694,100.3305146,straight road,no slope,2022-08-26T05:40:00Z
6845734,26.08.2022 13:30,5.09.2022 11:32,Kanchanaburi,department of highways,private/passenger car,speeding,rollover/fallen on straight road,1,0,1,clear,14.11254911,99.40902828,straight road,no slope,2022-08-26T06:30:00Z
7413428,26.08.2022 14:17,28.11.2022 10:51,Chaiyaphum,department of highways,4-wheel pickup truck,speeding,rollover/fallen on straight road,1,0,0,clear,16.41831925,102.1317185,straight road,no slope,2022-08-26T07:17:00Z
6800074,26.08.2022 14:46,28.08.2022 11:16,Bangkok,department of highways,other,speeding,rear-end collision,3,0,0,clear,13.729518,100.7435775,straight road,no slope,2022-08-26T07:46:00Z
6806412,26.08.2022 15:04,29.08.2022 14:15,Chachoengsao,department of highways,private/passenger car,speeding,rear-end collision,2,0,0,clear,13.57449547,100.97929,straight road,no slope,2022-08-26T08:04:00Z
7559128,26.08.2022 15:10,13.01.2023 10:16,Prachin Buri,department of highways,7-10-wheel truck,speeding,rear-end collision,3,0,2,clear,13.88692737,101.5690622,straight road,no slope,2022-08-26T08:10:00Z
7438717,26.08.2022 16:25,7.12.2022 13:27,Phra Nakhon Si Ayutthaya,department of highways,4-wheel pickup truck,speeding,rollover/fallen on straight road,1,0,1,rainy,14.23031648,100.5396223,straight road,no slope,2022-08-26T09:25:00Z
6813557,26.08.2022 16:30,31.08.2022 09:15,Kanchanaburi,department of highways,motorcycle,speeding,rollover/fallen on straight road,1,1,1,clear,14.41424184,99.50829683,straight road,no slope,2022-08-26T09:30:00Z
7444223,26.08.2022 17:30,8.12.2022 10:51,Phitsanulok,department of highways,6-wheel truck,speeding,rollover/fallen on curved road,1,0,1,rainy,16.91518556,100.1848411,wide curve,no slope,2022-08-26T10:30:00Z
7554711,26.08.2022 17:30,9.01.2023 14:17,Phrae,department of highways,motorcycle,cutting in closely by people/vehicles/animals,rear-end collision,2,0,1,clear,18.29923307,100.2983817,wide curve,no slope,2022-08-26T10:30:00Z
7569570,26.08.2022 17:30,25.01.2023 14:15,Nakhon Ratchasima,department of highways,large truck with trailer,speeding,rollover/fallen on curved road,1,0,0,rainy,15.16426394,101.736145,wide curve,no slope,2022-08-26T10:30:00Z
6803030,26.08.2022 18:17,28.08.2022 23:31,Bangkok,expressway authority of thailand,other,other,rear-end collision,5,0,0,clear,13.74231972,100.5503734,grade-separated intersection/ramps,other,2022-08-26T11:17:00Z
7088265,26.08.2022 18:30,12.10.2022 14:39,Suphan Buri,department of highways,4-wheel pickup truck,cutting in closely by people/vehicles/animals,head-on collision (not overtaking),2,0,0,foggy,14.88131527,99.90695356,other,other,2022-08-26T11:30:00Z
7179006,26.08.2022 19:17,26.10.2022 10:43,Pattani,department of highways,4-wheel pickup truck,speeding,rollover/fallen on straight road,1,0,2,clear,6.644445359,101.628685,straight road,no slope,2022-08-26T12:17:00Z
6834244,26.08.2022 19:20,3.09.2022 10:05,Phetchaburi,department of highways,4-wheel pickup truck,speeding,rear-end collision,2,0,0,rainy,13.22483306,99.82503353,straight road,no slope,2022-08-26T12:20:00Z
6950138,26.08.2022 20:30,21.09.2022 10:39,Surin,department of highways,4-wheel pickup truck,speeding,rollover/fallen on curved road,1,0,0,clear,15.0314628,103.7432045,sharp curve,no slope,2022-08-26T13:30:00Z
6800009,26.08.2022 20:44,28.08.2022 11:02,Bangkok,department of highways,private/passenger car,speeding,rear-end collision,3,0,0,clear,13.72956229,100.745396,straight road,no slope,2022-08-26T13:44:00Z
7561612,26.08.2022 21:00,17.01.2023 11:14,Bangkok,department of highways,large truck with trailer,speeding,rear-end collision,3,0,0,rainy,13.70417225,100.4063232,straight road,no slope,2022-08-26T14:00:00Z
6806204,26.08.2022 21:05,29.08.2022 13:44,Bangkok,department of highways,private/passenger car,speeding,rear-end collision,2,0,0,rainy,13.89820941,100.6935114,straight road,no slope,2022-08-26T14:05:00Z
6903664,26.08.2022 21:30,14.09.2022 13:17,Yala,department of highways,4-wheel pickup truck,speeding,rollover/fallen on straight road,1,0,0,rainy,6.581734253,101.2620351,other,other,2022-08-26T14:30:00Z
6936621,26.08.2022 22:00,19.09.2022 09:17,Yala,department of highways,4-wheel pickup truck,other,rollover/fallen on curved road,1,0,1,rainy,6.229848386,101.1667201,wide curve,no slope,2022-08-26T15:00:00Z
6806237,26.08.2022 22:13,29.08.2022 13:47,Pathum Thani,department of highways,private/passenger car,speeding,rollover/fallen on straight road,1,0,0,rainy,14.0126104,100.7027435,straight road,no slope,2022-08-26T15:13:00Z
7180042,26.08.2022 22:30,26.10.2022 14:40,Pattani,department of highways,private/passenger car,speeding,rollover/fallen on straight road,2,0,3,clear,6.801620777,101.1511525,other,other,2022-08-26T15:30:00Z
7561451,26.08.2022 22:38,17.01.2023 09:43,Bangkok,department of highways,private/passenger car,speeding,rear-end collision,2,0,0,clear,13.78013876,100.4419108,straight road,no slope,2022-08-26T15:38:00Z
7331896,26.08.2022 23:10,5.09.2022 18:07,Phrae,department of highways,motorcycle,speeding,rear-end collision,2,1,0,clear,18.1883124,100.1867294,straight road,no slope,2022-08-26T16:10:00Z
6813505,26.08.2022 23:20,31.08.2022 09:04,Nakhon Sawan,department of highways,private/passenger car,running red lights/traffic signals,rear-end collision,2,0,0,clear,15.70623231,100.1115444,other,other,2022-08-26T16:20:00Z
7439038,27.08.2022 01:00,7.12.2022 14:36,Nakhon Ratchasima,department of highways,6-wheel truck,speeding,rollover/fallen on straight road,1,0,0,clear,15.0734211,102.214863,straight road,no slope,2022-08-26T18:00:00Z
7564456,27.08.2022 01:19,19.01.2023 15:05,Samut Sakhon,department of highways,motorcycle,reversing vehicle,pedestrian collision,1,0,2,rainy,13.57707406,100.3016648,straight road,no slope,2022-08-26T18:19:00Z
7140277,27.08.2022 02:00,20.10.2022 13:52,Phetchabun,department of highways,private/passenger car,speeding,rollover/fallen on straight road,1,0,1,clear,15.64821547,101.0479277,straight road,no slope,2022-08-26T19:00:00Z
7542877,27.08.2022 02:24,3.01.2023 14:58,Chiang Mai,department of highways,private/passenger car,speeding,rollover/fallen on straight road,1,0,0,rainy,18.73941092,99.04420225,straight road,no slope,2022-08-26T19:24:00Z
7511988,27.08.2022 02:25,27.12.2022 14:28,Maha Sarakham,department of highways,private/passenger car,speeding,rollover/fallen on straight road,1,0,1,clear,16.13804839,103.4381863,straight road,no slope,2022-08-26T19:25:00Z
6938172,27.08.2022 02:50,19.09.2022 14:56,Nan,department of highways,private/passenger car,speeding,rollover/fallen on straight road,1,0,0,clear,18.78614851,100.7910794,straight road,no slope,2022-08-26T19:50:00Z
6799531,27.08.2022 03:40,28.08.2022 08:45,Bangkok,department of highways,4-wheel pickup truck,speeding,rear-end collision,2,0,0,clear,13.69087942,100.6994176,straight road,no slope,2022-08-26T20:40:00Z
6845549,27.08.2022 05:02,5.09.2022 10:56,Bangkok,expressway authority of thailand,other,other,rear-end collision,2,0,1,clear,13.892827,100.659686,wide curve,other,2022-08-26T22:02:00Z
7555214,27.08.2022 05:20,10.01.2023 09:52,Uttaradit,department of highways,private/passenger car,falling asleep,head-on collision (not overtaking),2,0,10,clear,17.50563398,100.1045439,straight road,no slope,2022-08-26T22:20:00Z
6806083,27.08.2022 06:00,29.08.2022 13:08,Bangkok,department of highways,private/passenger car,speeding,rollover/fallen on straight road,1,0,0,clear,13.87149407,100.6796631,straight road,no slope,2022-08-26T23:00:00Z
6988826,27.08.2022 06:25,27.09.2022 11:30,Songkhla,department of highways,4-wheel pickup truck,falling asleep,rollover/fallen on straight road,1,0,1,clear,6.964351874,100.5696577,straight road,no slope,2022-08-26T23:25:00Z
7146055,27.08.2022 06:30,21.10.2022 10:25,Ang Thong,department of highways,6-wheel truck,speeding,rollover/fallen on straight road,1,0,0,clear,14.65449684,100.4734173,straight road,no slope,2022-08-26T23:30:00Z
7559066,27.08.2022 06:30,13.01.2023 09:31,Prachin Buri,department of highways,4-wheel pickup truck,speeding,rear-end collision,2,0,1,clear,14.0487626,101.3577041,straight road,no slope,2022-08-26T23:30:00Z
7545135,27.08.2022 07:00,5.01.2023 05:59,Chiang Rai,department of highways,motorcycle,speeding,rollover/fallen on straight road,1,0,0,rainy,19.63557233,99.74293916,straight road,no slope,2022-08-27T00:00:00Z
6821532,27.08.2022 07:30,1.09.2022 10:16,Prachuap Khiri Khan,department of highways,4-wheel pickup truck,speeding,rollover/fallen on curved road,1,0,0,rainy,11.07155843,99.37333344,wide curve,no slope,2022-08-27T00:30:00Z
6871481,27.08.2022 07:30,9.09.2022 16:08,Prachuap Khiri Khan,department of highways,4-wheel pickup truck,speeding,rollover/fallen on straight road,1,0,0,rainy,11.62695102,99.67015742,straight road,no slope,2022-08-27T00:30:00Z
7522030,27.08.2022 07:50,30.12.2022 12:36,Phangnga,department of highways,large truck with trailer,running red lights/traffic signals,head-on collision (not overtaking),2,0,0,clear,8.515580907,98.63881587,other,other,2022-08-27T00:50:00Z
7554694,27.08.2022 09:00,9.01.2023 14:09,Phrae,department of highways,4-wheel pickup truck,speeding,rollover/fallen on curved road,1,0,0,clear,18.54607348,100.115962,wide curve,slope area,2022-08-27T02:00:00Z
6799654,27.08.2022 09:03,28.08.2022 09:14,Bangkok,department of highways,private/passenger car,speeding,rear-end collision,3,0,0,clear,13.73533095,100.6784668,straight road,no slope,2022-08-27T02:03:00Z
6808380,27.08.2022 09:05,30.08.2022 09:48,buogkan,department of highways,4-wheel pickup truck,vehicle equipment failure,rollover/fallen on straight road,1,0,1,clear,18.294257,103.6616626,straight road,no slope,2022-08-27T02:05:00Z