acc_code,incident_datetime,report_datetime,province_en,agency,vehicle_type,presumed_cause,accident_type,number_of_vehicles_involved,number_of_fatalities,number_of_injuries,weather_condition,latitude,longitude,road_description,slope_description,incident_time
6895965,27.08.2022 09:30,13.09.2022 10:27,Rayong,department of highways,large truck with trailer,speeding,rollover/fallen on straight road,1,0,1,rainy,12.78168282,101.1636221,straight road,no slope,2022-08-27T02:30:00Z
6799726,27.08.2022 09:35,28.08.2022 09:31,Bangkok,department of highways,private/passenger car,speeding,rear-end collision,3,0,0,clear,13.73433825,100.6865349,straight road,no slope,2022-08-27T02:35:00Z
6821947,27.08.2022 09:40,1.09.2022 11:38,Chon Buri,department of highways,private/passenger car,cutting in closely by people/vehicles/animals,rear-end collision,2,0,0,clear,13.30183979,100.9971723,straight road,no slope,2022-08-27T02:40:00Z
7518534,27.08.2022 09:40,29.12.2022 15:47,Maha Sarakham,department of highways,7-10-wheel truck,speeding,rollover/fallen on straight road,1,0,0,clear,16.26939156,103.0842447,straight road,no slope,2022-08-27T02:40:00Z
7564297,27.08.2022 09:50,19.01.2023 13:25,Samut Sakhon,department of highways,4-wheel pickup truck,cutting in closely by people/vehicles/animals,rear-end collision,2,0,1,clear,13.56357853,100.2956834,straight road,no slope,2022-08-27T02:50:00Z
6814816,27.08.2022 10:30,31.08.2022 13:08,Chiang Mai,department of rural roads,motorcycle,speeding,other,2,3,0,rainy,20.030414,99.397436,straight road,no slope,2022-08-27T03:30:00Z
6895960,27.08.2022 10:30,13.09.2022 10:26,Rayong,department of highways,7-10-wheel truck,speeding,rollover/fallen on straight road,1,0,0,rainy,12.82684221,101.1304673,straight road,no slope,2022-08-27T03:30:00Z
6813586,27.08.2022 11:00,31.08.2022 09:15,Chaiyaphum,department of highways,other,speeding,rear-end collision,2,1,0,clear,15.83000962,101.4960471,straight road,no slope,2022-08-27T04:00:00Z
7561220,27.08.2022 11:45,17.01.2023 07:18,Bangkok,department of highways,motorcycle,speeding,rear-end collision,2,0,1,clear,13.7856587,100.385524,straight road,no slope,2022-08-27T04:45:00Z
6822119,27.08.2022 11:47,1.09.2022 12:05,Chon Buri,department of highways,4-wheel pickup truck,cutting in closely by people/vehicles/animals,rear-end collision,7,0,0,clear,13.19497357,101.000061,straight road,no slope,2022-08-27T04:47:00Z
6852403,27.08.2022 12:00,6.09.2022 15:00,Chon Buri,department of highways,private/passenger car,speeding,rollover/fallen on straight road,1,0,3,rainy,12.95122265,100.9612816,straight road,no slope,2022-08-27T05:00:00Z
6806242,27.08.2022 12:18,29.08.2022 13:49,Chon Buri,department of highways,large truck with trailer,speeding,rear-end collision,2,0,0,clear,13.33617518,101.0224628,straight road,no slope,2022-08-27T05:18:00Z
6815684,27.08.2022 12:30,31.08.2022 16:07,Ubon Ratchathani,department of highways,large truck with trailer,speeding,rollover/fallen on straight road,1,0,1,clear,15.08573583,104.9126798,straight road,no slope,2022-08-27T05:30:00Z
6813560,27.08.2022 13:00,31.08.2022 09:12,Phra Nakhon Si Ayutthaya,department of highways,large truck with trailer,overloaded vehicle,other,1,0,0,clear,14.16777229,100.2910754,straight road,no slope,2022-08-27T06:00:00Z
6829258,27.08.2022 13:00,2.09.2022 14:28,Chon Buri,department of highways,van,speeding,rear-end collision,2,0,0,clear,12.95081225,100.9604609,straight road,no slope,2022-08-27T06:00:00Z
6864534,27.08.2022 13:00,8.09.2022 14:23,Chumphon,department of highways,4-wheel pickup truck,speeding,rollover/fallen on straight road,1,0,1,clear,10.87063847,99.24982576,straight road,no slope,2022-08-27T06:00:00Z
7042603,27.08.2022 13:00,5.10.2022 16:16,Nakhon Ratchasima,department of highways,private/passenger car,speeding,rollover/fallen on curved road,1,0,2,clear,14.50058297,101.9390005,wide curve,slope area,2022-08-27T06:00:00Z
6809586,27.08.2022 13:30,30.08.2022 14:41,Samut Prakan,department of rural roads,large truck with trailer,speeding,other,3,0,0,clear,13.648569,100.5419,grade-separated intersection/ramps,other,2022-08-27T06:30:00Z
6803047,27.08.2022 13:52,28.08.2022 23:36,Bangkok,expressway authority of thailand,other,other,side collision,2,0,0,clear,13.71188515,100.5681358,y-intersection,other,2022-08-27T06:52:00Z
7146023,27.08.2022 14:00,21.10.2022 10:23,Ang Thong,department of highways,4-wheel pickup truck,speeding,rollover/fallen on curved road,1,0,1,clear,14.58335502,100.4867425,wide curve,no slope,2022-08-27T07:00:00Z
7559074,27.08.2022 15:30,13.01.2023 09:38,Nakhon Ratchasima,department of highways,large truck with trailer,speeding,rear-end collision,2,0,1,clear,15.19100987,102.3471174,wide curve,no slope,2022-08-27T08:30:00Z
7283516,27.08.2022 16:30,10.11.2022 11:39,Chaiyaphum,department of highways,motorcycle,cutting in closely by people/vehicles/animals,rear-end collision,2,0,0,clear,15.5990228,101.9074657,straight road,no slope,2022-08-27T09:30:00Z
6864507,27.08.2022 16:35,8.09.2022 14:15,Sukhothai,department of highways,motorcycle,speeding,rear-end collision,2,0,2,clear,17.17510935,99.8633918,straight road,no slope,2022-08-27T09:35:00Z
7542709,27.08.2022 16:40,3.01.2023 14:21,Si Sa Ket,department of highways,4-wheel pickup truck,speeding,rollover/fallen on straight road,1,0,1,clear,14.64010475,104.088901,straight road,no slope,2022-08-27T09:40:00Z
6829196,27.08.2022 16:50,2.09.2022 14:17,Chon Buri,department of highways,private/passenger car,speeding,rear-end collision,2,0,0,clear,12.95088806,100.9601149,straight road,no slope,2022-08-27T09:50:00Z
7565542,27.08.2022 17:30,20.01.2023 11:55,Chachoengsao,department of highways,large truck with trailer,speeding,rollover/fallen on straight road,1,0,0,clear,13.72745568,101.0346843,straight road,no slope,2022-08-27T10:30:00Z
6863529,27.08.2022 18:00,8.09.2022 10:27,Surat Thani,department of highways,4-wheel pickup truck,speeding,other,2,0,3,clear,8.749977879,99.03639166,connecting to private area,other,2022-08-27T11:00:00Z
6983822,27.08.2022 19:30,26.09.2022 15:47,Yala,department of highways,4-wheel pickup truck,speeding,rollover/fallen on curved road,1,0,0,rainy,6.037330909,101.1988583,sharp curve,slope area,2022-08-27T12:30:00Z
7521995,27.08.2022 19:30,30.12.2022 12:27,Krabi,department of highways,4-wheel pickup truck,speeding,rollover/fallen on straight road,1,0,0,clear,8.301586227,98.78471463,other,other,2022-08-27T12:30:00Z
7569617,27.08.2022 19:35,25.01.2023 14:53,Nakhon Ratchasima,department of highways,private/passenger car,speeding,rollover/fallen on curved road,1,0,0,clear,14.96197349,102.0541048,other,other,2022-08-27T12:35:00Z
7002728,27.08.2022 20:30,29.09.2022 14:37,Tak,department of highways,large truck with trailer,speeding,rollover/fallen on curved road,1,0,0,clear,16.74737358,98.80272566,wide curve,no slope,2022-08-27T13:30:00Z
6916793,27.08.2022 20:50,16.09.2022 10:18,Pathum Thani,department of highways,motorcycle,running red lights/traffic signals,rear-end collision,2,1,0,clear,14.11688537,100.6185731,straight road,no slope,2022-08-27T13:50:00Z
6864489,27.08.2022 21:30,8.09.2022 14:14,Chumphon,department of highways,4-wheel pickup truck,speeding,rollover/fallen on curved road,1,0,2,clear,10.7297981,99.32160704,wide curve,no slope,2022-08-27T14:30:00Z
7521727,27.08.2022 21:40,30.12.2022 11:20,Trang,department of highways,4-wheel pickup truck,speeding,rollover/fallen on straight road,1,0,0,clear,7.386877884,99.66785608,straight road,no slope,2022-08-27T14:40:00Z
7554515,27.08.2022 22:30,9.01.2023 13:03,Chiang Mai,department of highways,private/passenger car,speeding,rollover/fallen on straight road,1,0,0,rainy,18.87781582,99.01507615,straight road,no slope,2022-08-27T15:30:00Z
6800825,27.08.2022 22:33,28.08.2022 14:35,Bangkok,department of highways,private/passenger car,speeding,rear-end collision,2,0,0,clear,13.73742838,100.6612632,straight road,no slope,2022-08-27T15:33:00Z
6813631,27.08.2022 22:42,31.08.2022 09:26,Bangkok,department of rural roads,4-wheel pickup truck,speeding,other,2,0,0,clear,13.669671,100.538545,straight road,slope area,2022-08-27T15:42:00Z
7380609,27.08.2022 23:16,24.11.2022 14:37,Chaiyaphum,department of highways,4-wheel pickup truck,speeding,rollover/fallen on straight road,1,0,0,clear,16.14878574,102.2362643,straight road,no slope,2022-08-27T16:16:00Z
6806336,27.08.2022 23:35,29.08.2022 14:01,Bangkok,department of highways,4-wheel pickup truck,speeding,rollover/fallen on straight road,1,0,0,clear,13.7324284,100.7072469,straight road,no slope,2022-08-27T16:35:00Z
7565663,28.08.2022 01:00,20.01.2023 14:04,Nakhon Ratchasima,department of highways,private/passenger car,speeding,rollover/fallen on straight road,1,0,0,clear,14.74476184,101.4938396,straight road,no slope,2022-08-27T18:00:00Z
6809553,28.08.2022 01:40,30.08.2022 14:37,Chiang Mai,department of rural roads,private/passenger car,speeding,other,1,0,3,rainy,19.660902,99.122559999999993,wide curve,no slope,2022-08-27T18:40:00Z
7422373,28.08.2022 02:00,1.12.2022 13:30,Chiang Mai,department of highways,motorcycle,speeding,rollover/fallen on straight road,1,0,1,clear,18.93455443,98.98816823,straight road,no slope,2022-08-27T19:00:00Z
6863277,28.08.2022 02:35,8.09.2022 09:42,Nakhon Si Thammarat,department of highways,private/passenger car,speeding,rollover/fallen on straight road,1,0,1,clear,8.369976521,99.94721888,straight road,no slope,2022-08-27T19:35:00Z
6828971,28.08.2022 02:43,2.09.2022 13:38,Chon Buri,department of highways,4-wheel pickup truck,speeding,rear-end collision,2,0,1,clear,13.18292168,100.9959733,straight road,no slope,2022-08-27T19:43:00Z
6910907,28.08.2022 03:00,15.09.2022 14:01,Chaiyaphum,department of highways,private/passenger car,speeding,rollover/fallen on straight road,1,0,1,clear,16.44481125,102.1246147,straight road,no slope,2022-08-27T20:00:00Z
7026805,28.08.2022 03:20,3.10.2022 09:47,Songkhla,department of highways,private/passenger car,speeding,rollover/fallen on straight road,1,0,0,clear,6.961662823,100.5668279,straight road,no slope,2022-08-27T20:20:00Z
7566948,28.08.2022 03:21,23.01.2023 07:30,Chon Buri,department of highways,large truck with trailer,falling asleep,rollover/fallen on straight road,1,0,1,clear,13.25001674,101.2454028,straight road,no slope,2022-08-27T20:21:00Z
7186227,28.08.2022 04:30,27.10.2022 11:14,Yasothon,department of highways,4-wheel pickup truck,falling asleep,rollover/fallen on straight road,1,0,0,clear,15.79047269,104.1763276,straight road,no slope,2022-08-27T21:30:00Z
6800937,28.08.2022 04:40,28.08.2022 15:05,Bangkok,department of highways,private/passenger car,speeding,rear-end collision,2,0,2,clear,13.7390594,100.6538308,straight road,no slope,2022-08-27T21:40:00Z
6809950,28.08.2022 05:00,30.08.2022 16:19,Prachuap Khiri Khan,department of highways,4-wheel pickup truck,speeding,rollover/fallen on straight road,1,0,2,clear,11.13251324,99.37809973,straight road,no slope,2022-08-27T22:00:00Z
6805558,28.08.2022 05:10,29.08.2022 10:54,Kanchanaburi,department of highways,private/passenger car,speeding,rollover/fallen on straight road,1,4,1,clear,15.18035022,98.46299707,straight road,no slope,2022-08-27T22:10:00Z
6809561,28.08.2022 05:55,30.08.2022 14:38,Mae Hong Son,department of rural roads,motorcycle,debris/obstruction on the road,other,1,0,1,clear,19.267992,97.941338,straight road,no slope,2022-08-27T22:55:00Z
6829144,28.08.2022 06:00,2.09.2022 14:09,Nakhon Sawan,department of highways,private/passenger car,falling asleep,rollover/fallen on straight road,1,0,1,clear,15.70344883,100.1151466,straight road,no slope,2022-08-27T23:00:00Z
7554378,28.08.2022 06:00,9.01.2023 10:51,Chiang Mai,department of highways,large passenger vehicle,falling asleep,head-on collision (not overtaking),3,0,0,clear,19.77101729,99.15986447,straight road,no slope,2022-08-27T23:00:00Z
6814992,28.08.2022 06:10,31.08.2022 13:51,Bangkok,department of highways,4-wheel pickup truck,vehicle equipment failure,rollover/fallen on straight road,1,0,0,clear,13.86818959,100.6780833,straight road,no slope,2022-08-27T23:10:00Z
6869849,28.08.2022 08:00,9.09.2022 11:32,Maha Sarakham,department of highways,4-wheel pickup truck,speeding,rollover/fallen on straight road,1,0,1,clear,15.46458705,103.222813,straight road,no slope,2022-08-28T01:00:00Z
7559125,28.08.2022 08:15,13.01.2023 10:18,Sa Kaeo,department of highways,4-wheel pickup truck,speeding,rollover/fallen on straight road,1,0,1,clear,13.74479396,102.3200673,straight road,no slope,2022-08-28T01:15:00Z
7213730,28.08.2022 08:20,31.10.2022 13:52,Phra Nakhon Si Ayutthaya,department of highways,4-wheel pickup truck,speeding,rollover/fallen on straight road,1,0,0,clear,14.30107744,100.4242015,straight road,no slope,2022-08-28T01:20:00Z
6829062,28.08.2022 09:29,2.09.2022 13:52,Nakhon Ratchasima,department of highways,motorcycle,cutting in closely by people/vehicles/animals,other,2,1,1,clear,14.67374536,102.0100227,connecting to private area,other,2022-08-28T02:29:00Z
7088179,28.08.2022 11:00,12.10.2022 09:20,Kanchanaburi,department of highways,motorcycle,cutting in closely by people/vehicles/animals,rear-end collision,2,0,1,clear,14.92580142,98.66814046,straight road,no slope,2022-08-28T04:00:00Z
6896137,28.08.2022 12:00,13.09.2022 10:53,Chon Buri,department of highways,4-wheel pickup truck,speeding,rollover/fallen on straight road,1,0,0,rainy,13.41015913,100.9893322,straight road,no slope,2022-08-28T05:00:00Z
7514996,28.08.2022 12:00,28.12.2022 13:41,Phetchabun,department of highways,4-wheel pickup truck,worn-out/tire blowout,rollover/fallen on straight road,1,0,1,clear,15.54992405,101.0508876,straight road,no slope,2022-08-28T05:00:00Z
6805764,28.08.2022 12:10,29.08.2022 11:37,Suphan Buri,department of highways,7-10-wheel truck,speeding,rear-end collision,2,0,0,clear,14.84781306,100.1002094,straight road,no slope,2022-08-28T05:10:00Z
6809587,28.08.2022 12:22,30.08.2022 14:44,Nakhon Ratchasima,department of highways,motorcycle,speeding,rear-end collision,2,1,0,clear,15.04580296,101.7031592,straight road,no slope,2022-08-28T05:22:00Z
6828900,28.08.2022 12:48,2.09.2022 13:25,Chon Buri,department of highways,large truck with trailer,speeding,rear-end collision,2,0,0,clear,13.17508698,100.9935808,straight road,no slope,2022-08-28T05:48:00Z
6896132,28.08.2022 13:30,13.09.2022 10:54,Chanthaburi,department of highways,4-wheel pickup truck,falling asleep,rollover/fallen on straight road,1,0,1,clear,12.72306505,101.9484123,other,other,2022-08-28T06:30:00Z
7568069,28.08.2022 13:30,24.01.2023 09:22,Sakon Nakhon,department of highways,private/passenger car,speeding,rear-end collision,2,0,2,clear,17.25510926,104.0085125,straight road,no slope,2022-08-28T06:30:00Z
6871684,28.08.2022 13:40,9.09.2022 16:29,Prachuap Khiri Khan,department of highways,4-wheel pickup truck,falling asleep,rollover/fallen on straight road,1,0,1,clear,12.08588904,99.85490529,straight road,no slope,2022-08-28T06:40:00Z
6869529,28.08.2022 13:50,9.09.2022 10:33,Phetchabun,department of highways,4-wheel pickup truck,speeding,rollover/fallen on curved road,1,0,0,rainy,16.74333338,101.402505,wide curve,slope area,2022-08-28T06:50:00Z
6846955,28.08.2022 14:48,5.09.2022 16:14,Chon Buri,department of highways,motorcycle,speeding,rollover/fallen on straight road,1,0,1,clear,13.11461035,100.9686684,straight road,no slope,2022-08-28T07:48:00Z
6814049,28.08.2022 15:01,31.08.2022 10:39,Chon Buri,department of highways,4-wheel pickup truck,speeding,rear-end collision,2,0,0,clear,13.35778141,101.0359785,straight road,no slope,2022-08-28T08:01:00Z
6813695,28.08.2022 15:08,31.08.2022 09:37,Chachoengsao,department of highways,4-wheel pickup truck,speeding,rear-end collision,2,0,0,clear,13.52916353,101.0174069,straight road,no slope,2022-08-28T08:08:00Z
6814256,28.08.2022 16:00,31.08.2022 11:10,Chon Buri,department of highways,private/passenger car,speeding,rear-end collision,4,0,0,clear,13.35855908,101.0364532,straight road,no slope,2022-08-28T09:00:00Z
6827683,28.08.2022 16:00,2.09.2022 09:22,Chumphon,department of highways,4-wheel pickup truck,speeding,rollover/fallen on curved road,1,0,2,rainy,10.85885337,99.24668221,wide curve,no slope,2022-08-28T09:00:00Z
6863273,28.08.2022 16:00,8.09.2022 09:40,Nakhon Si Thammarat,department of highways,7-10-wheel truck,speeding,rollover/fallen on curved road,1,0,1,clear,9.10404598,99.80752944,other,other,2022-08-28T09:00:00Z
6864684,28.08.2022 16:20,8.09.2022 14:46,Tak,department of highways,4-wheel pickup truck,speeding,rollover/fallen on curved road,1,0,1,rainy,16.83426209,98.59244584,wide curve,no slope,2022-08-28T09:20:00Z
6823450,28.08.2022 16:30,1.09.2022 16:47,Surat Thani,department of highways,4-wheel pickup truck,speeding,rollover/fallen on curved road,1,0,2,rainy,8.928306881,98.9440137,wide curve,no slope,2022-08-28T09:30:00Z
6827705,28.08.2022 16:30,2.09.2022 09:28,Narathiwat,department of highways,private/passenger car,speeding,rollover/fallen on straight road,1,0,0,clear,6.080985374,102.0347741,straight road,no slope,2022-08-28T09:30:00Z
7517109,28.08.2022 16:39,29.12.2022 09:11,Lamphun,department of highways,motorcycle,speeding,rollover/fallen on straight road,1,1,0,clear,18.4694255,98.96403103,straight road,no slope,2022-08-28T09:39:00Z
6808527,28.08.2022 16:40,30.08.2022 10:13,Chachoengsao,department of highways,4-wheel pickup truck,speeding,rear-end collision,2,0,0,clear,13.51594954,101.0285434,straight road,no slope,2022-08-28T09:40:00Z
6808193,28.08.2022 16:50,30.08.2022 09:09,Songkhla,department of highways,4-wheel pickup truck,speeding,rollover/fallen on straight road,1,0,2,clear,7.415144251,100.4598695,straight road,no slope,2022-08-28T09:50:00Z
6815050,28.08.2022 16:50,31.08.2022 14:00,Bangkok,department of highways,private/passenger car,speeding,rollover/fallen on straight road,1,0,0,clear,13.77783852,100.6868702,straight road,no slope,2022-08-28T09:50:00Z
7331908,28.08.2022 17:00,1.09.2022 14:27,Udon Thani,department of highways,4-wheel pickup truck,cutting in closely by people/vehicles/animals,rear-end collision,2,1,0,clear,17.36336194,103.0784967,straight road,no slope,2022-08-28T10:00:00Z
7380587,28.08.2022 17:00,24.11.2022 14:24,Si Sa Ket,department of highways,large truck with trailer,speeding,rollover/fallen on straight road,1,0,0,clear,14.6874866,104.3590182,straight road,no slope,2022-08-28T10:00:00Z
7554707,28.08.2022 17:00,9.01.2023 14:18,Phayao,department of highways,4-wheel pickup truck,illegal overtaking,head-on collision (not overtaking),2,3,0,clear,19.25694433,100.0465679,straight road,no slope,2022-08-28T10:00:00Z
7554227,28.08.2022 17:15,9.01.2023 09:11,Lampang,department of highways,6-wheel truck,speeding,rollover/fallen on curved road,1,0,0,rainy,17.61372282,99.32310371,wide curve,no slope,2022-08-28T10:15:00Z
7414647,28.08.2022 17:27,29.11.2022 09:15,Suphan Buri,department of highways,4-wheel pickup truck,vehicle equipment failure,rollover/fallen on straight road,1,0,0,clear,14.74990545,99.78842943,other,other,2022-08-28T10:27:00Z
6910083,28.08.2022 17:28,15.09.2022 10:49,Samut Sakhon,department of highways,4-wheel pickup truck,falling asleep,rear-end collision,3,0,0,clear,13.55354764,100.2668926,straight road,no slope,2022-08-28T10:28:00Z
7088099,28.08.2022 17:45,12.10.2022 14:36,Suphan Buri,department of highways,motorcycle,speeding,rollover/fallen on straight road,1,0,1,clear,14.77610146,100.0147596,other,other,2022-08-28T10:45:00Z
7554718,28.08.2022 18:40,9.01.2023 14:19,Nan,department of highways,4-wheel pickup truck,speeding,rollover/fallen on curved road,1,0,4,clear,18.84852296,100.7362228,wide curve,no slope,2022-08-28T11:40:00Z
6809583,28.08.2022 19:15,30.08.2022 14:40,Mae Hong Son,department of rural roads,4-wheel pickup truck,unfamiliarity with the route/unskilled driving,other,1,0,0,clear,19.485063,97.962599,sharp curve,slope area,2022-08-28T12:15:00Z
7331905,28.08.2022 19:45,29.08.2022 14:15,Suphan Buri,department of highways,motorcycle,speeding,rear-end collision,2,0,1,foggy,14.84525669,100.1018616,straight road,no slope,2022-08-28T12:45:00Z
6863448,28.08.2022 21:30,8.09.2022 10:11,Phatthalung,department of highways,other,cutting in closely by people/vehicles/animals,pedestrian collision,1,1,0,clear,7.338477479,100.1374438,other,other,2022-08-28T14:30:00Z
6806391,28.08.2022 21:39,29.08.2022 14:12,Bangkok,department of highways,4-wheel pickup truck,speeding,rear-end collision,3,0,0,clear,13.71886879,100.8157772,straight road,no slope,2022-08-28T14:39:00Z
6869814,28.08.2022 22:20,9.09.2022 11:27,Maha Sarakham,department of highways,private/passenger car,running red lights/traffic signals,rear-end collision,3,0,4,clear,16.20797555,103.2850242,other,other,2022-08-28T15:20:00Z
6814173,28.08.2022 22:30,31.08.2022 10:59,Bangkok,department of highways,private/passenger car,speeding,rear-end collision,2,0,3,clear,13.68549276,100.6993237,straight road,no slope,2022-08-28T15:30:00Z
6863512,28.08.2022 23:40,8.09.2022 10:21,Surat Thani,department of highways,motorcycle,speeding,head-on collision (not overtaking),2,0,1,clear,8.63363424,99.35964613,straight road,no slope,2022-08-28T16:40:00Z
7564997,28.08.2022 23:52,20.01.2023 06:54,Samut Prakan,department of highways,4-wheel pickup truck,speeding,rear-end collision,2,0,1,clear,13.59325935,100.8127986,straight road,no slope,2022-08-28T16:52:00Z
6806343,29.08.2022 00:57,29.08.2022 14:04,Samut Prakan,department of highways,private/passenger car,speeding,rollover/fallen on straight road,1,0,0,clear,13.65266456,100.8708268,straight road,no slope,2022-08-28T17:57:00Z
6827757,29.08.2022 04:00,2.09.2022 09:35,Chumphon,department of highways,6-wheel truck,falling asleep,rollover/fallen on curved road,1,0,1,clear,10.85965416,99.24708454,wide curve,no slope,2022-08-28T21:00:00Z
6851504,29.08.2022 04:00,6.09.2022 11:29,Chon Buri,department of highways,private/passenger car,vehicle equipment failure,rollover/fallen on straight road,1,0,0,clear,13.1656589,100.9903192,straight road,no slope,2022-08-28T21:00:00Z
7459236,29.08.2022 04:00,16.12.2022 07:22,Krabi,department of highways,6-wheel truck,speeding,rollover/fallen on straight road,1,0,1,clear,8.006565962,99.12218748,straight road,no slope,2022-08-28T21:00:00Z
7555204,29.08.2022 04:15,10.01.2023 09:42,Uttaradit,department of highways,private/passenger car,speeding,collision with obstruction (on road surface),1,0,2,clear,17.73373428,100.1319024,other,other,2022-08-28T21:15:00Z
7088173,29.08.2022 05:15,12.10.2022 09:18,Kanchanaburi,department of highways,4-wheel pickup truck,speeding,rollover/fallen on straight road,1,0,1,clear,14.62953196,98.72002779,straight road,no slope,2022-08-28T22:15:00Z
7088176,29.08.2022 05:40,12.10.2022 09:19,Kanchanaburi,department of highways,private/passenger car,speeding,rollover/fallen on curved road,1,0,0,clear,14.6668329,98.67047398,wide curve,no slope,2022-08-28T22:40:00Z
7331912,29.08.2022 06:00,31.08.2022 12:18,Chiang Rai,department of highways,large truck with trailer,speeding,rollover/fallen on straight road,1,1,0,clear,19.72775343,99.71681444,wide curve,no slope,2022-08-28T23:00:00Z
6809213,29.08.2022 06:20,30.08.2022 13:11,Prachuap Khiri Khan,department of highways,private/passenger car,speeding,rollover/fallen on straight road,1,0,1,clear,12.61891824,99.95050459,straight road,no slope,2022-08-28T23:20:00Z
7512049,29.08.2022 06:20,27.12.2022 14:28,Maha Sarakham,department of highways,4-wheel pickup truck,falling asleep,rollover/fallen on straight road,1,0,0,clear,16.0560364,103.0347231,straight road,no slope,2022-08-28T23:20:00Z
6995836,29.08.2022 06:30,28.09.2022 13:53,Chon Buri,department of highways,large truck with trailer,speeding,rollover/fallen on straight road,1,0,0,clear,13.12704958,101.0364291,straight road,no slope,2022-08-28T23:30:00Z
6808381,29.08.2022 06:50,30.08.2022 09:46,buogkan,department of highways,private/passenger car,cutting in closely by people/vehicles/animals,rear-end collision,2,0,0,clear,18.27609595,103.8562086,other,other,2022-08-28T23:50:00Z
7559144,29.08.2022 06:50,13.01.2023 10:24,Nakhon Ratchasima,department of highways,4-wheel pickup truck,speeding,rollover/fallen on curved road,1,0,1,rainy,14.37279826,101.8647355,wide curve,slope area,2022-08-28T23:50:00Z
6852162,29.08.2022 07:43,6.09.2022 14:10,Chon Buri,department of highways,large passenger vehicle,speeding,rollover/fallen on straight road,1,0,0,clear,13.11028442,100.9411651,straight road,no slope,2022-08-29T00:43:00Z
7559142,29.08.2022 08:00,13.01.2023 10:23,Nakhon Ratchasima,department of highways,private/passenger car,speeding,rollover/fallen on straight road,1,0,0,rainy,14.43827518,101.8840206,straight road,slope area,2022-08-29T01:00:00Z
7569620,29.08.2022 08:05,25.01.2023 14:58,Nakhon Ratchasima,department of highways,6-wheel truck,speeding,rollover/fallen on straight road,1,0,0,rainy,14.84292663,101.5931619,straight road,no slope,2022-08-29T01:05:00Z
6813537,29.08.2022 08:20,31.08.2022 09:07,Nakhon Sawan,department of highways,4-wheel pickup truck,speeding,rollover/fallen on curved road,1,0,0,clear,15.61455888,100.1228982,sharp curve,slope area,2022-08-29T01:20:00Z
7565006,29.08.2022 08:25,20.01.2023 06:58,Samut Prakan,department of highways,van,falling asleep,rollover/fallen on straight road,1,0,0,rainy,13.63529473,100.708234,straight road,no slope,2022-08-29T01:25:00Z
6828939,29.08.2022 08:40,2.09.2022 13:34,Songkhla,department of highways,private/passenger car,cutting in closely by people/vehicles/animals,rear-end collision,2,0,1,clear,7.042482018,100.4648289,other,other,2022-08-29T01:40:00Z
7145910,29.08.2022 09:00,21.10.2022 10:00,Suphan Buri,department of highways,large truck with trailer,speeding,collision with obstruction (on road surface),2,0,2,clear,14.27716713,99.89831148,straight road,no slope,2022-08-29T02:00:00Z
6806127,29.08.2022 09:05,29.08.2022 13:25,Samut Prakan,expressway authority of thailand,other,other,rear-end collision,3,0,0,clear,13.612148,100.757495,straight road,other,2022-08-29T02:05:00Z
6845796,29.08.2022 09:30,5.09.2022 11:47,Chai Nat,department of highways,other,speeding,rollover/fallen on straight road,1,0,0,clear,15.29805279,100.1917076,straight road,no slope,2022-08-29T02:30:00Z
7555302,29.08.2022 09:30,10.01.2023 11:37,Phitsanulok,department of highways,private/passenger car,falling asleep,rollover/fallen on straight road,1,0,1,clear,16.61481909,100.4485479,straight road,no slope,2022-08-29T02:30:00Z
6809212,29.08.2022 10:00,30.08.2022 13:11,Bangkok,department of highways,private/passenger car,speeding,rear-end collision,4,0,7,clear,13.72524222,100.7015204,straight road,no slope,2022-08-29T03:00:00Z
7146022,29.08.2022 10:30,21.10.2022 10:21,Uthai Thani,department of highways,4-wheel pickup truck,speeding,rollover/fallen on straight road,1,0,0,clear,15.05881861,99.45231645,straight road,no slope,2022-08-29T03:30:00Z
6806448,29.08.2022 10:43,29.08.2022 14:29,Bangkok,department of highways,large truck with trailer,speeding,rollover/fallen on straight road,1,0,0,clear,13.72927568,100.7344821,straight road,no slope,2022-08-29T03:43:00Z
7568192,29.08.2022 11:25,24.01.2023 10:42,Kalasin,department of highways,6-wheel truck,speeding,rear-end collision,2,0,0,clear,16.81329919,103.9603427,wide curve,no slope,2022-08-29T04:25:00Z
7555196,29.08.2022 12:00,10.01.2023 09:35,Uttaradit,department of highways,4-wheel pickup truck,falling asleep,rollover/fallen on straight road,1,0,1,clear,17.26430222,100.2397942,straight road,no slope,2022-08-29T05:00:00Z
7145981,29.08.2022 12:10,21.10.2022 10:19,Uthai Thani,department of highways,private/passenger car,cutting in closely by people/vehicles/animals,other,2,0,2,rainy,15.40210351,100.0307938,straight road,no slope,2022-08-29T05:10:00Z
6806664,29.08.2022 12:55,29.08.2022 16:45,Bangkok,department of highways,private/passenger car,speeding,rear-end collision,5,0,3,clear,13.88846101,100.6884956,straight road,no slope,2022-08-29T05:55:00Z
6809592,29.08.2022 13:30,30.08.2022 14:42,Rayong,department of rural roads,6-wheel truck,speeding,other,2,0,3,clear,12.854321,101.122507,four-way intersection,other,2022-08-29T06:30:00Z
6851512,29.08.2022 13:30,6.09.2022 11:31,Chon Buri,department of highways,4-wheel pickup truck,speeding,rollover/fallen on straight road,1,0,0,clear,13.2442378,100.9955844,straight road,no slope,2022-08-29T06:30:00Z