acc_code,incident_datetime,report_datetime,province_en,agency,vehicle_type,presumed_cause,accident_type,number_of_vehicles_involved,number_of_fatalities,number_of_injuries,weather_condition,latitude,longitude,road_description,slope_description,incident_time
7329885,29.08.2022 15:00,17.11.2022 09:38,Nong Bua Lam Phu,department of highways,large truck with trailer,speeding,rollover/fallen on curved road,1,0,0,clear,16.94493022,102.5826207,sharp curve,no slope,2022-08-29T08:00:00Z
6809590,29.08.2022 15:30,30.08.2022 14:42,Rayong,department of rural roads,4-wheel pickup truck,speeding,other,2,0,1,clear,12.849814,101.130542,four-way intersection,other,2022-08-29T08:30:00Z
6851506,29.08.2022 15:30,6.09.2022 11:27,Chon Buri,department of highways,private/passenger car,speeding,rollover/fallen on straight road,1,0,0,rainy,12.83473761,100.9274992,straight road,no slope,2022-08-29T08:30:00Z
6852400,29.08.2022 15:30,6.09.2022 15:00,Chon Buri,department of highways,4-wheel pickup truck,speeding,rollover/fallen on straight road,1,0,1,rainy,12.79948756,100.9797111,straight road,no slope,2022-08-29T08:30:00Z
6858740,29.08.2022 15:30,7.09.2022 15:18,Yala,department of highways,4-wheel pickup truck,other,rollover/fallen on straight road,1,0,1,rainy,6.485212923,101.0560655,wide curve,no slope,2022-08-29T08:30:00Z
7566734,29.08.2022 15:30,22.01.2023 07:27,Chachoengsao,department of highways,large truck with trailer,speeding,rear-end collision,2,0,1,rainy,13.72848359,101.0336182,other,other,2022-08-29T08:30:00Z
6829060,29.08.2022 16:10,2.09.2022 13:50,Nakhon Sawan,department of highways,4-wheel pickup truck,speeding,rollover/fallen on straight road,1,0,1,clear,15.63422399,99.53549712,straight road,no slope,2022-08-29T09:10:00Z
6821530,29.08.2022 16:15,1.09.2022 10:17,buogkan,department of highways,4-wheel pickup truck,cutting in closely by people/vehicles/animals,rear-end collision,2,0,1,clear,17.94301212,103.7771773,connecting to public/commercial area,other,2022-08-29T09:15:00Z
6896136,29.08.2022 16:20,13.09.2022 10:52,Chanthaburi,department of highways,motorcycle,speeding,rear-end collision,2,0,1,clear,12.76493104,101.8520111,other,other,2022-08-29T09:20:00Z
6864488,29.08.2022 16:30,8.09.2022 14:11,Kamphaeng Phet,department of highways,4-wheel pickup truck,falling asleep,rollover/fallen on straight road,1,0,2,clear,16.48033662,99.60257648,straight road,no slope,2022-08-29T09:30:00Z
6903069,29.08.2022 17:00,14.09.2022 10:49,Phrae,department of highways,private/passenger car,speeding,rear-end collision,2,0,1,clear,18.39319376,100.4561359,wide curve,no slope,2022-08-29T10:00:00Z
6814814,29.08.2022 17:35,31.08.2022 13:09,Chiang Mai,department of rural roads,motorcycle,speeding,other,2,0,1,clear,19.887207,99.158684,straight road,no slope,2022-08-29T10:35:00Z
6807918,29.08.2022 18:53,30.08.2022 08:15,Bangkok,department of highways,private/passenger car,speeding,rear-end collision,3,0,0,rainy,13.8796444,100.6839278,straight road,no slope,2022-08-29T11:53:00Z
6813635,29.08.2022 19:00,31.08.2022 09:27,Bangkok,department of rural roads,motorcycle,speeding,other,2,0,1,clear,13.669686,100.538572,straight road,slope area,2022-08-29T12:00:00Z
7002722,29.08.2022 19:45,29.09.2022 14:35,Kamphaeng Phet,department of highways,4-wheel pickup truck,speeding,rollover/fallen on straight road,1,0,0,clear,16.17347747,99.796122,straight road,no slope,2022-08-29T12:45:00Z
7444876,29.08.2022 19:55,8.12.2022 14:32,Samut Sakhon,department of highways,private/passenger car,speeding,rear-end collision,3,0,2,clear,13.57777541,100.3030407,straight road,no slope,2022-08-29T12:55:00Z
6897892,29.08.2022 20:05,13.09.2022 16:34,Sa Kaeo,department of highways,large truck with trailer,speeding,rollover/fallen on straight road,1,0,0,foggy,13.7640106,102.2620538,straight road,no slope,2022-08-29T13:05:00Z
6969940,29.08.2022 20:30,24.09.2022 10:41,Prachin Buri,department of highways,4-wheel pickup truck,speeding,rollover/fallen on straight road,1,0,1,rainy,14.04847898,101.3579562,straight road,no slope,2022-08-29T13:30:00Z
7554523,29.08.2022 20:30,9.01.2023 13:10,Chiang Mai,department of highways,motorcycle,speeding,rear-end collision,2,1,0,clear,19.38489634,99.15432571,straight road,no slope,2022-08-29T13:30:00Z
6864509,29.08.2022 21:00,8.09.2022 14:19,Chumphon,department of highways,private/passenger car,speeding,rollover/fallen on straight road,1,0,0,clear,10.48533799,99.19549225,other,other,2022-08-29T14:00:00Z
6981800,29.08.2022 21:00,26.09.2022 08:40,Pathum Thani,department of highways,4-wheel pickup truck,vehicle equipment failure,rollover/fallen on straight road,1,0,0,clear,14.06550575,100.5995938,straight road,no slope,2022-08-29T14:00:00Z
6864990,29.08.2022 21:50,8.09.2022 15:41,Chumphon,department of highways,motorcycle,falling asleep,rollover/fallen on straight road,2,0,1,clear,10.28576645,99.08763526,straight road,no slope,2022-08-29T14:50:00Z
6821587,29.08.2022 22:00,1.09.2022 10:29,Narathiwat,department of highways,4-wheel pickup truck,speeding,rollover/fallen on straight road,1,0,0,rainy,6.388139994,101.8127006,straight road,no slope,2022-08-29T15:00:00Z
6813640,29.08.2022 23:13,31.08.2022 09:27,Bangkok,department of rural roads,motorcycle,speeding,other,2,1,0,clear,13.670726,100.538639,straight road,slope area,2022-08-29T16:13:00Z
6864459,29.08.2022 23:30,8.09.2022 14:09,Kamphaeng Phet,department of highways,4-wheel pickup truck,speeding,rollover/fallen on straight road,1,0,1,clear,16.4713575,99.54986571,straight road,no slope,2022-08-29T16:30:00Z
7554458,30.08.2022 00:30,9.01.2023 11:39,Chiang Mai,department of highways,motorcycle,speeding,rear-end collision,2,0,0,clear,18.82922256,99.04547899,straight road,no slope,2022-08-29T17:30:00Z
7522001,30.08.2022 01:00,30.12.2022 12:30,Phangnga,department of highways,private/passenger car,speeding,rollover/fallen on curved road,1,0,1,rainy,8.340886233,98.43312799,wide curve,slope area,2022-08-29T18:00:00Z
7554648,30.08.2022 01:00,9.01.2023 13:53,Phayao,department of highways,private/passenger car,speeding,rollover/fallen on curved road,1,0,1,clear,18.90131038,100.281524,wide curve,no slope,2022-08-29T18:00:00Z
6821470,30.08.2022 02:39,1.09.2022 10:00,buogkan,department of highways,4-wheel pickup truck,driving under the influence of alcohol,rollover/fallen on straight road,1,0,1,clear,18.35554637,103.6407038,connecting to public/commercial area,other,2022-08-29T19:39:00Z
6815023,30.08.2022 02:44,31.08.2022 13:58,Samut Prakan,department of highways,large truck with trailer,speeding,rollover/fallen on straight road,1,0,0,clear,13.67290777,100.8395067,straight road,no slope,2022-08-29T19:44:00Z
7356959,30.08.2022 02:50,21.11.2022 08:40,Loburi,department of highways,private/passenger car,falling asleep,rollover/fallen on straight road,1,0,2,clear,15.15598216,101.0561648,other,other,2022-08-29T19:50:00Z
6871681,30.08.2022 04:30,9.09.2022 16:27,Prachuap Khiri Khan,department of highways,large truck with trailer,speeding,rollover/fallen on curved road,1,0,0,clear,11.93330091,99.81310843,wide curve,no slope,2022-08-29T21:30:00Z
7554511,30.08.2022 06:00,9.01.2023 13:04,Chiang Mai,department of highways,motorcycle,speeding,rollover/fallen on straight road,1,0,1,clear,18.87889444,99.01484548,straight road,no slope,2022-08-29T23:00:00Z
7555190,30.08.2022 06:40,10.01.2023 09:34,Uttaradit,department of highways,6-wheel truck,falling asleep,rollover/fallen on straight road,1,0,0,clear,17.2547609,100.242058,straight road,no slope,2022-08-29T23:40:00Z
7561234,30.08.2022 06:40,17.01.2023 07:20,Bangkok,department of highways,4-wheel pickup truck,failure to yield right of way,other,2,0,1,clear,13.78229309,100.4144651,connecting to public/commercial area,other,2022-08-29T23:40:00Z
7554520,30.08.2022 08:00,9.01.2023 13:07,Chiang Mai,department of highways,motorcycle,cutting in closely by people/vehicles/animals,rear-end collision,2,0,2,clear,19.19830476,99.17232601,wide curve,no slope,2022-08-30T01:00:00Z
7444973,30.08.2022 08:45,8.12.2022 15:23,Samut Sakhon,department of highways,private/passenger car,speeding,rear-end collision,2,0,0,clear,13.52997455,100.2006903,straight road,no slope,2022-08-30T01:45:00Z
6814836,30.08.2022 08:50,31.08.2022 13:13,Chiang Mai,department of rural roads,motorcycle,cutting in closely by people/vehicles/animals,other,1,0,1,clear,19.856795,99.174499,straight road,no slope,2022-08-30T01:50:00Z
7562818,30.08.2022 09:00,18.01.2023 11:35,Surat Thani,department of highways,other,speeding,rollover/fallen on straight road,1,0,0,clear,9.090456678,99.4393882,straight road,no slope,2022-08-30T02:00:00Z
6829741,30.08.2022 09:10,2.09.2022 15:51,Suphan Buri,department of highways,motorcycle,cutting in closely by people/vehicles/animals,rear-end collision,2,0,1,clear,14.80168231,100.1871854,straight road,no slope,2022-08-30T02:10:00Z
7554221,30.08.2022 09:10,9.01.2023 09:08,Lampang,department of highways,4-wheel pickup truck,speeding,rollover/fallen on curved road,1,0,0,clear,18.03813381,99.3770939,wide curve,no slope,2022-08-30T02:10:00Z
7562810,30.08.2022 09:20,18.01.2023 11:34,Surat Thani,department of highways,other,speeding,rollover/fallen on curved road,1,0,0,clear,9.157426194,99.51567291,other,other,2022-08-30T02:20:00Z
7371902,30.08.2022 10:00,23.11.2022 11:56,Chaiyaphum,department of highways,private/passenger car,speeding,rollover/fallen on straight road,1,0,0,clear,15.89636109,102.0178091,straight road,no slope,2022-08-30T03:00:00Z
7555951,30.08.2022 10:00,11.01.2023 09:04,Phetchabun,department of highways,other,dangerous curve,rollover/fallen on curved road,1,0,0,clear,16.08187474,100.9790953,wide curve,no slope,2022-08-30T03:00:00Z
7561731,30.08.2022 10:00,17.01.2023 14:06,Surat Thani,department of highways,other,speeding,rollover/fallen on straight road,1,0,0,clear,9.064547911,99.53055917,straight road,no slope,2022-08-30T03:00:00Z
7088259,30.08.2022 11:45,12.10.2022 14:30,Suphan Buri,department of highways,4-wheel pickup truck,speeding,rear-end collision,2,0,1,clear,14.86777295,100.0006887,other,other,2022-08-30T04:45:00Z
6864483,30.08.2022 12:00,8.09.2022 14:10,Sukhothai,department of highways,motorcycle,speeding,rear-end collision,2,0,1,clear,17.17811526,99.86322282,straight road,no slope,2022-08-30T05:00:00Z
6869787,30.08.2022 12:10,9.09.2022 11:21,Kalasin,department of highways,private/passenger car,speeding,rollover/fallen on straight road,1,0,0,rainy,16.38620629,103.2425219,straight road,no slope,2022-08-30T05:10:00Z
7331916,30.08.2022 12:10,5.10.2022 06:55,Kalasin,department of highways,4-wheel pickup truck,speeding,rollover/fallen on straight road,1,0,0,clear,16.61487821,103.5216299,straight road,no slope,2022-08-30T05:10:00Z
7438702,30.08.2022 12:30,7.12.2022 13:27,Phra Nakhon Si Ayutthaya,department of highways,private/passenger car,speeding,rollover/fallen on straight road,1,1,0,clear,14.2698316,100.7939172,straight road,no slope,2022-08-30T05:30:00Z
7146892,30.08.2022 13:15,21.10.2022 13:37,Nakhon Ratchasima,department of highways,4-wheel pickup truck,speeding,rollover/fallen on curved road,1,0,0,rainy,14.48669243,101.9231728,wide curve,slope area,2022-08-30T06:15:00Z
6815644,30.08.2022 14:30,31.08.2022 15:59,Surin,department of highways,motorcycle,speeding,rear-end collision,2,1,0,clear,15.30328398,103.2904529,straight road,no slope,2022-08-30T07:30:00Z
6852266,30.08.2022 15:00,6.09.2022 14:38,Bangkok,department of highways,4-wheel pickup truck,speeding,rollover/fallen on straight road,1,0,0,clear,13.73272283,100.7887941,straight road,no slope,2022-08-30T08:00:00Z
7542620,30.08.2022 15:40,3.01.2023 14:04,Loei,department of highways,6-wheel truck,unfamiliarity with the route/unskilled driving,rollover/fallen on curved road,1,0,1,clear,17.43346136,101.325928,wide curve,slope area,2022-08-30T08:40:00Z
6815125,30.08.2022 16:15,31.08.2022 14:16,Surin,department of highways,4-wheel pickup truck,speeding,pedestrian collision,1,1,0,clear,14.61791272,103.7411687,straight road,no slope,2022-08-30T09:15:00Z
7545145,30.08.2022 16:20,5.01.2023 06:05,Phrae,department of highways,6-wheel truck,speeding,rollover/fallen on curved road,1,0,1,clear,18.04911795,99.6995732,wide curve,slope area,2022-08-30T09:20:00Z
7331914,30.08.2022 16:30,12.10.2022 14:28,Sing Buri,department of highways,motorcycle,running red lights/traffic signals,collision with obstruction (on road surface),2,0,3,clear,14.80968997,100.2047995,straight road,no slope,2022-08-30T09:30:00Z
6829002,30.08.2022 17:00,2.09.2022 13:40,Nakhon Ratchasima,department of highways,large truck with trailer,speeding,rollover/fallen on curved road,1,0,1,rainy,14.83943086,101.6039497,wide curve,no slope,2022-08-30T10:00:00Z
7563141,30.08.2022 18:30,18.01.2023 14:36,Chumphon,department of highways,4-wheel pickup truck,cutting in closely by people/vehicles/animals,rear-end collision,2,0,1,clear,10.40440875,99.12787913,straight road,no slope,2022-08-30T11:30:00Z
6822471,30.08.2022 18:33,1.09.2022 13:24,Loburi,department of rural roads,passenger pickup truck,speeding,other,2,0,15,clear,14.876527,101.017487,four-way intersection,other,2022-08-30T11:33:00Z
7088254,30.08.2022 19:20,12.10.2022 14:24,Suphan Buri,department of highways,motorcycle,speeding,rear-end collision,2,0,3,clear,14.43927261,100.0766113,other,other,2022-08-30T12:20:00Z
7415238,30.08.2022 20:25,29.11.2022 14:57,Uttaradit,department of highways,4-wheel pickup truck,speeding,rollover/fallen on straight road,1,0,0,clear,17.49046448,100.2337432,straight road,no slope,2022-08-30T13:25:00Z
7555210,30.08.2022 20:30,10.01.2023 09:48,Uttaradit,department of highways,other,speeding,rollover/fallen on curved road,1,0,0,clear,17.81708679,100.1010892,wide curve,no slope,2022-08-30T13:30:00Z
7564942,30.08.2022 20:30,20.01.2023 06:15,Samut Prakan,department of highways,private/passenger car,speeding,rear-end collision,2,0,2,clear,13.65751246,100.6674255,straight road,no slope,2022-08-30T13:30:00Z
7542632,30.08.2022 21:55,3.01.2023 14:05,Loei,department of highways,large truck with trailer,vehicle equipment failure,rollover/fallen on curved road,1,0,0,clear,17.28047397,101.17143,wide curve,slope area,2022-08-30T14:55:00Z
6821507,30.08.2022 22:01,1.09.2022 10:11,Bangkok,department of highways,large truck with trailer,speeding,rear-end collision,2,0,1,clear,13.72961961,100.7481238,straight road,no slope,2022-08-30T15:01:00Z
7522062,30.08.2022 22:10,30.12.2022 12:42,Phangnga,department of highways,4-wheel pickup truck,speeding,rollover/fallen on curved road,1,0,0,clear,8.272769561,98.32380919,straight road,no slope,2022-08-30T15:10:00Z
7554717,30.08.2022 22:50,9.01.2023 14:19,Phayao,department of highways,private/passenger car,speeding,head-on collision (not overtaking),2,0,4,clear,19.48149678,100.3308901,wide curve,no slope,2022-08-30T15:50:00Z
6821529,30.08.2022 23:30,1.09.2022 10:18,Sakon Nakhon,department of highways,private/passenger car,speeding,rollover/fallen on straight road,1,0,2,clear,17.62781094,103.7687498,straight road,no slope,2022-08-30T16:30:00Z
7521952,30.08.2022 23:30,30.12.2022 12:15,Phangnga,department of highways,4-wheel pickup truck,speeding,rollover/fallen on straight road,1,0,1,rainy,8.848791056,98.30293892,straight road,no slope,2022-08-30T16:30:00Z
7380773,31.08.2022 00:18,24.11.2022 15:30,Maha Sarakham,department of highways,4-wheel pickup truck,speeding,rollover/fallen on straight road,1,0,0,clear,16.27201526,102.9737377,straight road,no slope,2022-08-30T17:18:00Z
6957550,31.08.2022 00:29,22.09.2022 14:07,Phatthalung,department of highways,4-wheel pickup truck,speeding,rollover/fallen on straight road,2,0,0,clear,7.58116796,100.0521603,straight road,no slope,2022-08-30T17:29:00Z
7119313,31.08.2022 01:00,17.10.2022 14:48,Suphan Buri,department of highways,7-10-wheel truck,cutting in closely by people/vehicles/animals,rollover/fallen on straight road,1,0,0,foggy,14.80307226,100.1261866,straight road,no slope,2022-08-30T18:00:00Z
6828941,31.08.2022 01:10,2.09.2022 13:31,buogkan,department of highways,private/passenger car,speeding,rollover/fallen on straight road,1,0,1,clear,18.02330272,103.6972046,other,other,2022-08-30T18:10:00Z
7425584,31.08.2022 01:25,2.12.2022 15:07,Samut Sakhon,department of highways,private/passenger car,speeding,rollover/fallen on straight road,1,0,0,clear,13.64823621,100.3008145,straight road,no slope,2022-08-30T18:25:00Z
6863355,31.08.2022 07:30,8.09.2022 09:59,Nakhon Si Thammarat,department of highways,4-wheel pickup truck,speeding,rollover/fallen on straight road,1,0,1,clear,8.38212735,100.034683,straight road,no slope,2022-08-31T00:30:00Z
7568279,31.08.2022 07:45,24.01.2023 11:47,Samut Songkhram,department of highways,private/passenger car,speeding,rear-end collision,2,0,0,clear,13.44217038,100.0677171,straight road,no slope,2022-08-31T00:45:00Z
7562316,31.08.2022 07:50,18.01.2023 07:22,Nakhon Si Thammarat,department of highways,6-wheel truck,speeding,rollover/fallen on straight road,1,0,2,clear,8.184453837,99.8571047,straight road,no slope,2022-08-31T00:50:00Z
7145976,31.08.2022 08:00,21.10.2022 10:18,Suphan Buri,department of highways,other,speeding,rollover/fallen on straight road,1,0,0,clear,14.34156241,99.84836339,wide curve,no slope,2022-08-31T01:00:00Z
6828366,31.08.2022 08:10,2.09.2022 11:52,Tak,department of rural roads,motorcycle,speeding,other,2,0,3,clear,16.698107,98.531112,four-way intersection,other,2022-08-31T01:10:00Z
6863612,31.08.2022 08:20,8.09.2022 10:40,Surat Thani,department of highways,4-wheel pickup truck,vehicle equipment failure,other,1,0,0,clear,9.590028384,99.12805884,straight road,no slope,2022-08-31T01:20:00Z
6897832,31.08.2022 10:27,13.09.2022 16:17,Chon Buri,department of highways,4-wheel pickup truck,speeding,rollover/fallen on straight road,1,0,0,clear,13.425951359999999,101.0466081,straight road,no slope,2022-08-31T03:27:00Z
7527238,31.08.2022 10:30,31.12.2022 10:21,Bangkok,department of highways,private/passenger car,speeding,rear-end collision,2,0,0,clear,13.68205535,100.4065526,straight road,no slope,2022-08-31T03:30:00Z
7511969,31.08.2022 10:43,27.12.2022 14:26,Yasothon,department of highways,other,speeding,rollover/fallen on straight road,1,0,0,clear,15.75156052,104.2140421,straight road,no slope,2022-08-31T03:43:00Z
7512609,31.08.2022 10:43,27.12.2022 14:34,Yasothon,department of highways,other,speeding,rollover/fallen on straight road,1,0,0,clear,15.75179285,104.2137819,straight road,no slope,2022-08-31T03:43:00Z
7564459,31.08.2022 11:15,19.01.2023 15:09,Samut Sakhon,department of highways,6-wheel truck,speeding,rear-end collision,5,0,0,clear,13.56932778,100.2868295,straight road,no slope,2022-08-31T04:15:00Z
6823368,31.08.2022 11:28,1.09.2022 16:25,Chachoengsao,department of highways,private/passenger car,speeding,rear-end collision,3,0,1,clear,13.54655418,101.0027379,straight road,no slope,2022-08-31T04:28:00Z
6896070,31.08.2022 12:00,13.09.2022 10:44,Chanthaburi,department of highways,4-wheel pickup truck,speeding,rollover/fallen on straight road,1,0,0,rainy,12.63241068,102.0998418,other,other,2022-08-31T05:00:00Z
6828977,31.08.2022 12:04,2.09.2022 13:39,Nakhon Ratchasima,department of highways,4-wheel pickup truck,speeding,other,1,0,1,clear,14.82404753,101.5440801,straight road,no slope,2022-08-31T05:04:00Z
7145979,31.08.2022 12:20,21.10.2022 10:15,Ang Thong,department of highways,4-wheel pickup truck,speeding,rollover/fallen on straight road,1,0,3,clear,14.59500724,100.3361231,straight road,no slope,2022-08-31T05:20:00Z
7554637,31.08.2022 13:20,9.01.2023 13:48,Chiang Rai,department of highways,4-wheel pickup truck,speeding,rollover/fallen on curved road,1,0,0,clear,19.07705166,99.39497887,wide curve,no slope,2022-08-31T06:20:00Z
6851514,31.08.2022 13:30,6.09.2022 11:34,Chon Buri,department of highways,private/passenger car,speeding,rollover/fallen on curved road,1,0,0,rainy,13.12006467,100.9862611,wide curve,no slope,2022-08-31T06:30:00Z
7002723,31.08.2022 13:30,29.09.2022 14:36,Tak,department of highways,large truck with trailer,speeding,rollover/fallen on straight road,1,0,1,clear,16.74068781,98.85519503,straight road,no slope,2022-08-31T06:30:00Z
6821430,31.08.2022 13:50,1.09.2022 09:52,Samut Prakan,department of highways,6-wheel truck,speeding,rear-end collision,4,0,0,clear,13.67290777,100.8395067,straight road,no slope,2022-08-31T06:50:00Z
7565738,31.08.2022 14:18,20.01.2023 14:26,Nakhon Ratchasima,department of highways,other,speeding,rollover/fallen on straight road,1,0,0,clear,14.71770208,101.4270325,other,other,2022-08-31T07:18:00Z
7565675,31.08.2022 14:30,20.01.2023 14:18,Nakhon Ratchasima,department of highways,4-wheel pickup truck,speeding,rollover/fallen on straight road,1,0,0,rainy,14.65339917,101.3631959,straight road,slope area,2022-08-31T07:30:00Z
7527118,31.08.2022 14:35,31.12.2022 09:54,Bangkok,department of highways,motorcycle,speeding,rear-end collision,2,0,1,clear,13.80338043,100.5603484,straight road,no slope,2022-08-31T07:35:00Z
7088263,31.08.2022 14:40,12.10.2022 14:32,Suphan Buri,department of highways,motorcycle,running red lights/traffic signals,collision with obstruction (on road surface),2,0,2,clear,14.54375522,100.0742456,straight road,no slope,2022-08-31T07:40:00Z
6827427,31.08.2022 14:57,2.09.2022 08:33,Kanchanaburi,department of highways,large truck with trailer,cutting in closely by people/vehicles/animals,rear-end collision,2,1,0,clear,14.64798081,98.58247338,other,other,2022-08-31T07:57:00Z
7567504,31.08.2022 15:00,23.01.2023 16:24,Rayong,department of highways,large truck with trailer,speeding,rollover/fallen on straight road,1,0,1,clear,12.78219812,101.162847,straight road,no slope,2022-08-31T08:00:00Z
6828974,31.08.2022 16:00,2.09.2022 13:38,Nakhon Ratchasima,department of highways,4-wheel pickup truck,speeding,head-on collision (not overtaking),4,0,3,rainy,14.6374058,101.2593287,straight road,no slope,2022-08-31T09:00:00Z
6851962,31.08.2022 16:00,6.09.2022 13:29,Chumphon,department of highways,6-wheel truck,speeding,rear-end collision,2,0,1,rainy,10.46067186,99.1314411,straight road,no slope,2022-08-31T09:00:00Z
7564984,31.08.2022 16:18,20.01.2023 06:45,Bangkok,department of highways,private/passenger car,speeding,rear-end collision,2,0,1,clear,13.67204642,100.6130987,other,other,2022-08-31T09:18:00Z
6827731,31.08.2022 17:33,2.09.2022 09:31,Chon Buri,department of highways,private/passenger car,speeding,rear-end collision,3,0,0,clear,13.48779011,101.0466349,straight road,no slope,2022-08-31T10:33:00Z
6823221,31.08.2022 17:38,1.09.2022 15:40,Prachuap Khiri Khan,department of highways,4-wheel pickup truck,vehicle equipment failure,rollover/fallen on straight road,1,0,1,clear,12.5564145,99.87165837,straight road,no slope,2022-08-31T10:38:00Z
6889777,31.08.2022 18:00,12.09.2022 11:53,Phatthalung,department of highways,4-wheel pickup truck,speeding,rear-end collision,2,0,0,clear,7.589790245,99.8501551,straight road,no slope,2022-08-31T11:00:00Z
6827939,31.08.2022 18:02,2.09.2022 10:25,Bangkok,expressway authority of thailand,other,other,collision with obstruction (on road surface),1,0,0,rainy,13.81949799,100.5495543,wide curve,other,2022-08-31T11:02:00Z
6892108,31.08.2022 18:30,12.09.2022 19:35,Krabi,department of highways,motorcycle,speeding,head-on collision (not overtaking),2,1,0,clear,8.029370281,98.86803208,straight road,no slope,2022-08-31T11:30:00Z
7567322,31.08.2022 18:30,23.01.2023 14:03,Chon Buri,department of highways,4-wheel pickup truck,speeding,rollover/fallen on straight road,1,0,0,rainy,12.93375021,100.9993932,straight road,no slope,2022-08-31T11:30:00Z
7331920,31.08.2022 19:00,8.09.2022 14:05,Sukhothai,department of highways,motorcycle,speeding,rear-end collision,2,0,1,clear,17.18528259,99.8653069,straight road,no slope,2022-08-31T12:00:00Z
6852076,31.08.2022 19:05,6.09.2022 13:54,Pathum Thani,department of highways,4-wheel pickup truck,speeding,rear-end collision,2,0,0,rainy,13.92186788,100.7050985,straight road,no slope,2022-08-31T12:05:00Z
6869636,31.08.2022 19:16,9.09.2022 10:54,Loei,department of highways,4-wheel pickup truck,speeding,rollover/fallen on straight road,1,0,0,clear,17.2885926,101.8298158,straight road,no slope,2022-08-31T12:16:00Z
6846137,31.08.2022 19:32,5.09.2022 13:23,Trat,department of highways,4-wheel pickup truck,running red lights/traffic signals,rear-end collision,2,0,1,clear,12.25928076,102.5179285,other,other,2022-08-31T12:32:00Z
6828861,31.08.2022 19:53,2.09.2022 13:23,Mukdahan,department of highways,private/passenger car,speeding,head-on collision (not overtaking),2,1,0,clear,16.30832897,104.9271744,connecting to private area,other,2022-08-31T12:53:00Z
7035493,31.08.2022 20:00,4.10.2022 15:54,Yasothon,department of highways,4-wheel pickup truck,speeding,rollover/fallen on straight road,1,0,1,clear,15.52799502,104.2297947,straight road,no slope,2022-08-31T13:00:00Z
6851522,31.08.2022 20:05,6.09.2022 11:35,Chon Buri,department of highways,private/passenger car,debris/obstruction on the road,collision with obstruction (on road surface),1,0,0,clear,13.0509546,100.9960914,straight road,no slope,2022-08-31T13:05:00Z
7140763,31.08.2022 21:00,20.10.2022 15:16,Kanchanaburi,department of highways,private/passenger car,speeding,rollover/fallen on curved road,1,0,1,clear,13.88902083,99.80438589,wide curve,no slope,2022-08-31T14:00:00Z
7562858,31.08.2022 21:09,18.01.2023 12:14,Surat Thani,department of highways,motorcycle,driving under the influence of alcohol,rollover/fallen on straight road,1,1,0,clear,8.824344019,99.17104928,straight road,no slope,2022-08-31T14:09:00Z
6828969,31.08.2022 21:15,2.09.2022 13:39,Sing Buri,department of highways,4-wheel pickup truck,speeding,rollover/fallen on straight road,1,0,0,clear,14.80983259,100.3551292,other,other,2022-08-31T14:15:00Z
6828831,31.08.2022 21:30,2.09.2022 13:19,Sakon Nakhon,department of highways,4-wheel pickup truck,speeding,rollover/fallen on straight road,1,0,1,clear,17.90976473,103.6825758,straight road,no slope,2022-08-31T14:30:00Z
6863452,31.08.2022 22:00,8.09.2022 10:10,Phatthalung,department of highways,4-wheel pickup truck,speeding,collision with obstruction (on road surface),2,0,1,clear,7.63758322,100.0625324,straight road,no slope,2022-08-31T15:00:00Z
6821238,31.08.2022 22:32,1.09.2022 09:05,Samut Prakan,department of highways,large truck with trailer,speeding,rear-end collision,2,0,0,clear,13.69438968,100.8278498,straight road,no slope,2022-08-31T15:32:00Z
6858350,31.08.2022 22:35,7.09.2022 13:51,Samut Prakan,department of rural roads,private/passenger car,speeding,other,2,0,1,clear,13.663903,100.530546,straight road,slope area,2022-08-31T15:35:00Z
7002725,31.08.2022 22:55,29.09.2022 14:36,Tak,department of highways,private/passenger car,speeding,rollover/fallen on straight road,1,0,1,clear,16.8680058,99.13560389,straight road,no slope,2022-08-31T15:55:00Z
7559143,31.08.2022 23:22,13.01.2023 10:20,Prachin Buri,department of highways,4-wheel pickup truck,speeding,rollover/fallen on straight road,1,0,0,clear,14.2712483,101.8935719,straight road,slope area,2022-08-31T16:22:00Z
6852332,31.08.2022 23:28,6.09.2022 14:46,Chachoengsao,department of highways,4-wheel pickup truck,speeding,rollover/fallen on straight road,1,0,0,clear,13.51803587,101.0267892,straight road,no slope,2022-08-31T16:28:00Z
6850632,31.08.2022 23:30,6.09.2022 08:42,Songkhla,department of highways,private/passenger car,speeding,rollover/fallen on straight road,1,0,1,clear,7.023488451,100.4401016,straight road,no slope,2022-08-31T16:30:00Z
7331922,1.09.2022 01:00,2.10.2022 19:39,Khon Kaen,department of highways,7-10-wheel truck,speeding,rear-end collision,6,1,20,clear,15.81645128,102.6076457,other,other,2022-08-31T18:00:00Z
7438971,1.09.2022 01:00,7.12.2022 13:27,Phra Nakhon Si Ayutthaya,department of highways,4-wheel pickup truck,falling asleep,rollover/fallen on straight road,1,0,0,clear,14.28689635,100.8172685,straight road,no slope,2022-08-31T18:00:00Z
6996226,1.09.2022 01:22,28.09.2022 14:52,Yasothon,department of highways,private/passenger car,speeding,rollover/fallen on curved road,1,0,1,clear,16.21669893,104.5477062,wide curve,slope area,2022-08-31T18:22:00Z