acc_code,incident_datetime,report_datetime,province_en,agency,vehicle_type,presumed_cause,accident_type,number_of_vehicles_involved,number_of_fatalities,number_of_injuries,weather_condition,latitude,longitude,road_description,slope_description,incident_time
6857581,1.09.2022 01:48,7.09.2022 11:03,Chiang Mai,department of rural roads,private/passenger car,speeding,other,1,0,0,clear,18.806998,99.028478,straight road,no slope,2022-08-31T18:48:00Z
6982561,1.09.2022 01:50,26.09.2022 11:22,Chiang Mai,department of highways,private/passenger car,driving under the influence of alcohol,rollover/fallen on straight road,1,0,0,clear,19.11272656,98.93922328,straight road,no slope,2022-08-31T18:50:00Z
7414346,1.09.2022 02:25,28.11.2022 12:10,Chiang Mai,department of highways,motorcycle,speeding,rear-end collision,2,0,0,clear,18.89421135,99.00957629,straight road,no slope,2022-08-31T19:25:00Z
6982591,1.09.2022 02:50,26.09.2022 11:27,Chiang Mai,department of highways,4-wheel pickup truck,falling asleep,rollover/fallen on straight road,1,0,0,clear,19.31493519,99.19032632,straight road,no slope,2022-08-31T19:50:00Z
7022400,1.09.2022 02:50,2.10.2022 15:20,Chaiyaphum,department of highways,4-wheel pickup truck,speeding,rollover/fallen on straight road,1,1,0,clear,15.90261919,102.1205243,straight road,no slope,2022-08-31T19:50:00Z
6996222,1.09.2022 03:00,28.09.2022 14:50,Yasothon,department of highways,4-wheel pickup truck,falling asleep,rollover/fallen on straight road,1,0,1,clear,16.04514067,104.3470529,other,other,2022-08-31T20:00:00Z
6827916,1.09.2022 03:05,2.09.2022 10:16,Surat Thani,department of highways,motorcycle,speeding,rear-end collision,2,1,0,clear,9.142604897,99.36584471,straight road,no slope,2022-08-31T20:05:00Z
7016302,1.09.2022 03:10,1.10.2022 14:55,Uttaradit,department of highways,4-wheel pickup truck,speeding,rollover/fallen on curved road,1,0,0,clear,17.59926289,100.046525,wide curve,no slope,2022-08-31T20:10:00Z
7002391,1.09.2022 04:00,29.09.2022 13:35,Songkhla,department of highways,private/passenger car,speeding,rollover/fallen on straight road,1,0,0,clear,6.542262982,100.4157364,straight road,no slope,2022-08-31T21:00:00Z
7002009,1.09.2022 04:40,29.09.2022 12:03,Loburi,department of highways,private/passenger car,speeding,rollover/fallen on straight road,1,0,1,clear,14.80727318,100.6507677,other,other,2022-08-31T21:40:00Z
7001439,1.09.2022 05:00,29.09.2022 09:55,Kalasin,department of highways,4-wheel pickup truck,speeding,rollover/fallen on straight road,1,0,0,clear,16.75525853,103.7783092,straight road,no slope,2022-08-31T22:00:00Z
7331926,1.09.2022 05:00,8.09.2022 13:59,Chumphon,department of highways,6-wheel truck,speeding,rollover/fallen on curved road,1,0,2,clear,10.53789467,99.11706714,wide curve,no slope,2022-08-31T22:00:00Z
7476067,1.09.2022 05:02,21.12.2022 08:56,Samut Sakhon,department of highways,motorcycle,running red lights/traffic signals,collision with obstruction (on road surface),2,0,0,clear,13.55354764,100.2668953,straight road,no slope,2022-08-31T22:02:00Z
7425259,1.09.2022 05:15,2.12.2022 14:08,Trang,department of highways,private/passenger car,speeding,rollover/fallen on straight road,1,0,2,clear,7.800100811,99.60275082,straight road,no slope,2022-08-31T22:15:00Z
7040589,1.09.2022 05:30,5.10.2022 09:52,Chon Buri,department of highways,private/passenger car,speeding,rollover/fallen on straight road,1,0,0,clear,13.08393799,101.1234775,straight road,no slope,2022-08-31T22:30:00Z
6925799,1.09.2022 06:58,17.09.2022 15:06,Chon Buri,department of highways,4-wheel pickup truck,speeding,rear-end collision,2,0,0,clear,13.04186406,100.9963569,straight road,no slope,2022-08-31T23:58:00Z
7001445,1.09.2022 07:42,29.09.2022 09:57,Nakhon Sawan,department of highways,motorcycle,cutting in closely by people/vehicles/animals,collision at intersection corner,3,0,2,clear,15.34868791,100.306254,other,other,2022-09-01T00:42:00Z
7560719,1.09.2022 07:56,16.01.2023 11:27,Bangkok,department of highways,private/passenger car,speeding,rear-end collision,2,0,1,clear,13.82424717,100.5582359,straight road,no slope,2022-09-01T00:56:00Z
7564943,1.09.2022 08:07,20.01.2023 06:16,Samut Prakan,department of highways,private/passenger car,speeding,rear-end collision,2,0,2,clear,13.65661065,100.6690496,straight road,no slope,2022-09-01T01:07:00Z
6938191,1.09.2022 08:10,19.09.2022 15:02,Nan,department of highways,4-wheel pickup truck,speeding,rollover/fallen on curved road,1,0,1,rainy,18.52596799,100.615266,wide curve,no slope,2022-09-01T01:10:00Z
7439452,1.09.2022 08:40,7.12.2022 13:56,Ubon Ratchathani,department of highways,motorcycle,cutting in closely by people/vehicles/animals,rear-end collision,2,0,0,clear,14.90466497,105.043357,other,other,2022-09-01T01:40:00Z
6994706,1.09.2022 09:00,28.09.2022 09:33,Phrae,department of highways,4-wheel pickup truck,speeding,rollover/fallen on curved road,1,0,0,clear,18.05499612,99.69924598,wide curve,slope area,2022-09-01T02:00:00Z
7378840,1.09.2022 09:00,24.11.2022 10:55,Phetchabun,department of highways,4-wheel pickup truck,falling asleep,rollover/fallen on straight road,1,0,0,clear,16.87779023,101.2395501,straight road,no slope,2022-09-01T02:00:00Z
7007302,1.09.2022 09:45,30.09.2022 09:06,Yala,department of highways,4-wheel pickup truck,speeding,other,3,0,4,clear,6.552972468,101.2635103,connecting to private area,other,2022-09-01T02:45:00Z
7178940,1.09.2022 10:10,26.10.2022 10:32,Krabi,department of highways,private/passenger car,speeding,rollover/fallen on straight road,1,0,1,clear,8.07273373,98.82962017,straight road,no slope,2022-09-01T03:10:00Z
7002517,1.09.2022 10:30,29.09.2022 14:01,Songkhla,department of highways,other,speeding,rollover/fallen on straight road,1,0,0,clear,7.104914383,100.5220967,wide curve,no slope,2022-09-01T03:30:00Z
7040687,1.09.2022 12:45,5.10.2022 10:12,Rayong,department of highways,large truck with trailer,speeding,rollover/fallen on straight road,1,0,0,rainy,12.78434563,101.1605832,straight road,no slope,2022-09-01T05:45:00Z
7002039,1.09.2022 13:00,29.09.2022 12:06,Loburi,department of highways,private/passenger car,speeding,collision with obstruction (on road surface),1,0,0,clear,14.71674612,100.6043762,other,other,2022-09-01T06:00:00Z
7040689,1.09.2022 13:00,5.10.2022 10:10,Rayong,department of highways,6-wheel truck,speeding,rollover/fallen on straight road,1,0,0,rainy,12.78339089,101.1614737,straight road,no slope,2022-09-01T06:00:00Z
7040939,1.09.2022 13:00,5.10.2022 10:59,Rayong,department of highways,passenger pickup truck,speeding,rollover/fallen on straight road,1,0,3,rainy,12.78283636,101.162222,straight road,no slope,2022-09-01T06:00:00Z
7074023,1.09.2022 13:00,10.10.2022 13:36,Ang Thong,department of highways,other,speeding,rollover/fallen on straight road,1,0,0,clear,14.60020628,100.3678778,straight road,no slope,2022-09-01T06:00:00Z
7542636,1.09.2022 13:10,3.01.2023 14:06,Loei,department of highways,4-wheel pickup truck,speeding,rollover/fallen on straight road,1,0,0,clear,17.39585294,101.2859094,straight road,no slope,2022-09-01T06:10:00Z
7562299,1.09.2022 13:10,18.01.2023 06:58,Nakhon Si Thammarat,department of highways,4-wheel pickup truck,speeding,rollover/fallen on straight road,1,0,1,clear,8.187586595,99.6108806,straight road,no slope,2022-09-01T06:10:00Z
6857624,1.09.2022 14:00,7.09.2022 11:11,Nakhon Si Thammarat,department of highways,motorcycle,speeding,rear-end collision,2,1,0,clear,8.796316986,99.91343378,straight road,no slope,2022-09-01T07:00:00Z
6988771,1.09.2022 16:00,27.09.2022 11:09,Chiang Rai,department of highways,large truck with trailer,speeding,rollover/fallen on straight road,1,0,0,clear,19.71195509,99.58979307,wide curve,no slope,2022-09-01T09:00:00Z
6989379,1.09.2022 16:44,27.09.2022 13:39,Nan,department of highways,private/passenger car,cutting in closely by people/vehicles/animals,head-on collision (not overtaking),2,0,2,clear,18.77998546,100.7541507,straight road,no slope,2022-09-01T09:44:00Z
6824134,1.09.2022 19:06,1.09.2022 19:50,Bangkok,expressway authority of thailand,other,other,rear-end collision,4,0,0,clear,13.75325287,100.5748847,wide curve,other,2022-09-01T12:06:00Z
7568142,1.09.2022 19:40,24.01.2023 10:05,Prachuap Khiri Khan,department of highways,4-wheel pickup truck,cutting in closely by people/vehicles/animals,rear-end collision,2,0,0,clear,11.28688411,99.44759576,straight road,no slope,2022-09-01T12:40:00Z
6846139,1.09.2022 19:48,5.09.2022 13:24,Sukhothai,department of highways,other,speeding,rear-end collision,2,0,0,clear,17.19100704,99.92668657,straight road,no slope,2022-09-01T12:48:00Z
6828110,1.09.2022 20:00,2.09.2022 10:56,Kalasin,department of highways,private/passenger car,running red lights/traffic signals,collision with obstruction (on road surface),2,0,1,clear,16.62688591,103.7036151,straight road,no slope,2022-09-01T13:00:00Z
7331931,1.09.2022 20:00,6.10.2022 09:21,Suphan Buri,department of highways,motorcycle,cutting in closely by people/vehicles/animals,collision at intersection corner,2,0,5,clear,14.40634706,100.1063999,other,other,2022-09-01T13:00:00Z
7178936,1.09.2022 20:50,26.10.2022 10:33,Krabi,department of highways,4-wheel pickup truck,speeding,rollover/fallen on straight road,1,0,0,clear,8.118747859,98.87235312,straight road,no slope,2022-09-01T13:50:00Z
6827496,1.09.2022 21:35,2.09.2022 08:47,Phra Nakhon Si Ayutthaya,department of highways,4-wheel pickup truck,speeding,rear-end collision,2,0,0,clear,14.18366415,100.6396097,straight road,no slope,2022-09-01T14:35:00Z
6851912,1.09.2022 21:40,6.09.2022 13:15,Bangkok,department of highways,6-wheel truck,vehicle equipment failure,other,1,0,0,clear,13.72940335,100.7317623,straight road,no slope,2022-09-01T14:40:00Z
6981764,1.09.2022 22:00,26.09.2022 08:39,Chanthaburi,department of highways,private/passenger car,speeding,rollover/fallen on straight road,1,0,0,clear,13.04066468,102.3863715,straight road,no slope,2022-09-01T15:00:00Z
7564458,1.09.2022 22:00,19.01.2023 15:08,Samut Sakhon,department of highways,6-wheel truck,speeding,rollover/fallen on straight road,1,0,0,clear,13.58487223,100.3168622,straight road,no slope,2022-09-01T15:00:00Z
7002036,1.09.2022 23:50,29.09.2022 12:07,Loburi,department of highways,private/passenger car,speeding,rollover/fallen on straight road,1,0,0,clear,14.83535502,100.6452182,straight road,no slope,2022-09-01T16:50:00Z
6846870,2.09.2022 00:05,5.09.2022 15:51,Nakhon Sawan,department of highways,4-wheel pickup truck,speeding,rollover/fallen on straight road,1,0,0,clear,15.75828001,100.0930989,straight road,no slope,2022-09-01T17:05:00Z
7054277,2.09.2022 00:15,7.10.2022 10:47,Chon Buri,department of highways,motorcycle,speeding,rear-end collision,2,0,1,clear,12.94971438,100.9362244,straight road,no slope,2022-09-01T17:15:00Z
7009122,2.09.2022 01:00,30.09.2022 15:14,Prachin Buri,department of highways,private/passenger car,speeding,rear-end collision,2,1,0,clear,13.88340439,101.5652615,wide curve,no slope,2022-09-01T18:00:00Z
7140534,2.09.2022 01:00,20.10.2022 14:30,Phetchabun,department of highways,private/passenger car,speeding,rollover/fallen on straight road,1,0,0,clear,16.33591825,101.084843,straight road,no slope,2022-09-01T18:00:00Z
6851846,2.09.2022 01:30,6.09.2022 13:03,Pathum Thani,department of highways,4-wheel pickup truck,falling asleep,rollover/fallen on straight road,1,0,0,clear,13.92529916,100.7060158,other,other,2022-09-01T18:30:00Z
7556122,2.09.2022 02:00,11.01.2023 10:32,Chiang Mai,department of highways,4-wheel pickup truck,speeding,rollover/fallen on straight road,1,0,0,clear,18.56392636,98.8704568,straight road,no slope,2022-09-01T19:00:00Z
7567501,2.09.2022 02:00,23.01.2023 16:22,Rayong,department of highways,4-wheel pickup truck,speeding,rollover/fallen on curved road,1,0,0,rainy,12.78878446,101.6490242,wide curve,no slope,2022-09-01T19:00:00Z
6839552,2.09.2022 02:13,4.09.2022 08:56,Bangkok,expressway authority of thailand,other,other,side collision,2,0,0,clear,13.74878636,100.6024215,grade-separated intersection/ramps,other,2022-09-01T19:13:00Z
6851591,2.09.2022 02:30,6.09.2022 11:57,Chanthaburi,department of highways,large truck with trailer,speeding,rollover/fallen on straight road,1,0,1,clear,12.77182127,101.8427709,straight road,no slope,2022-09-01T19:30:00Z
6851513,2.09.2022 03:00,6.09.2022 11:32,Pathum Thani,department of highways,4-wheel pickup truck,vehicle equipment failure,rollover/fallen on straight road,1,0,0,clear,14.04174234,100.6981972,straight road,no slope,2022-09-01T20:00:00Z
7413582,2.09.2022 03:30,25.11.2022 10:33,Ubon Ratchathani,department of highways,private/passenger car,speeding,other,1,0,0,clear,15.19710567,104.8904979,straight road,no slope,2022-09-01T20:30:00Z
7378920,2.09.2022 04:15,24.11.2022 12:03,Maha Sarakham,department of highways,private/passenger car,speeding,rollover/fallen on straight road,1,0,0,clear,16.49514315,103.0507439,other,other,2022-09-01T21:15:00Z
7139829,2.09.2022 04:30,20.10.2022 12:02,Kamphaeng Phet,department of highways,4-wheel pickup truck,falling asleep,rollover/fallen on straight road,1,0,1,clear,16.50922335,99.48286145,straight road,no slope,2022-09-01T21:30:00Z
7041174,2.09.2022 04:35,5.10.2022 11:36,Suphan Buri,department of highways,4-wheel pickup truck,cutting in closely by people/vehicles/animals,rear-end collision,2,0,2,clear,14.50131266,100.1318702,straight road,no slope,2022-09-01T21:35:00Z
7054156,2.09.2022 05:20,7.10.2022 10:26,Chon Buri,department of highways,4-wheel pickup truck,speeding,rollover/fallen on straight road,1,0,1,clear,13.06729008,100.9955254,straight road,no slope,2022-09-01T22:20:00Z
7561773,2.09.2022 06:45,17.01.2023 14:29,Surat Thani,department of highways,4-wheel pickup truck,speeding,rollover/fallen on straight road,1,0,0,clear,8.782066756,99.31807993,straight road,no slope,2022-09-01T23:45:00Z
6829578,2.09.2022 07:00,2.09.2022 15:21,Suphan Buri,department of highways,4-wheel pickup truck,speeding,rollover/fallen on straight road,1,0,0,clear,14.46165142,100.1501548,straight road,no slope,2022-09-02T00:00:00Z
6863224,2.09.2022 07:00,8.09.2022 09:34,Nakhon Si Thammarat,department of highways,4-wheel pickup truck,speeding,rear-end collision,2,0,5,clear,8.763675304,99.91364299,straight road,no slope,2022-09-02T00:00:00Z
7474559,2.09.2022 07:18,20.12.2022 14:36,Sukhothai,department of highways,motorcycle,speeding,rear-end collision,2,0,0,clear,17.01028932,99.7915542,straight road,no slope,2022-09-02T00:18:00Z
7034142,2.09.2022 07:24,4.10.2022 11:22,Phra Nakhon Si Ayutthaya,department of highways,private/passenger car,speeding,rollover/fallen on straight road,1,0,5,clear,14.19365483,100.6441185,straight road,no slope,2022-09-02T00:24:00Z
7560721,2.09.2022 07:25,16.01.2023 11:28,Bangkok,department of highways,private/passenger car,speeding,rear-end collision,2,0,1,clear,13.82586545,100.5580486,straight road,no slope,2022-09-02T00:25:00Z
7521486,2.09.2022 08:10,30.12.2022 10:19,Bangkok,department of highways,van,speeding,rear-end collision,2,0,0,clear,13.76870771,100.5508809,straight road,no slope,2022-09-02T01:10:00Z
7560643,2.09.2022 09:00,16.01.2023 10:34,Loei,department of highways,large passenger vehicle,falling asleep,rollover/fallen on straight road,1,0,0,clear,17.00935314,101.888752,straight road,no slope,2022-09-02T02:00:00Z
6896064,2.09.2022 09:30,13.09.2022 10:43,Chon Buri,department of highways,other,speeding,rollover/fallen on straight road,1,0,0,clear,13.44675649,100.9991839,straight road,no slope,2022-09-02T02:30:00Z
6989670,2.09.2022 10:20,27.09.2022 14:46,Nan,department of highways,7-10-wheel truck,vehicle equipment failure,rollover/fallen on curved road,1,0,0,clear,19.57254555,100.9293419,sharp curve,slope area,2022-09-02T03:20:00Z
7016328,2.09.2022 10:30,1.10.2022 15:01,Uttaradit,department of highways,private/passenger car,speeding,rollover/fallen on straight road,1,0,0,clear,17.73541786,100.7023626,straight road,no slope,2022-09-02T03:30:00Z
6982296,2.09.2022 10:40,26.09.2022 10:34,Chiang Mai,department of highways,6-wheel truck,falling asleep,head-on collision (not overtaking),2,2,6,clear,18.11615301,98.37805151,wide curve,no slope,2022-09-02T03:40:00Z
7132939,2.09.2022 10:45,19.10.2022 13:41,Surat Thani,department of highways,4-wheel pickup truck,cutting in closely by people/vehicles/animals,rear-end collision,2,0,1,clear,8.808573442,99.31344508,straight road,no slope,2022-09-02T03:45:00Z
7414611,2.09.2022 11:20,29.11.2022 08:57,Saraburi,department of highways,van,speeding,rollover/fallen on curved road,1,0,0,clear,14.57354011,100.9657261,wide curve,no slope,2022-09-02T04:20:00Z
6863491,2.09.2022 12:00,8.09.2022 10:18,Surat Thani,department of highways,motorcycle,speeding,rear-end collision,2,0,1,clear,9.520726874,99.13154839,straight road,no slope,2022-09-02T05:00:00Z
6983191,2.09.2022 12:05,26.09.2022 13:54,Prachuap Khiri Khan,department of highways,4-wheel pickup truck,speeding,rollover/fallen on straight road,1,0,0,clear,12.03820306,99.84650998,straight road,no slope,2022-09-02T05:05:00Z
6851864,2.09.2022 13:26,6.09.2022 13:07,Samut Prakan,department of highways,private/passenger car,speeding,rear-end collision,3,0,0,clear,13.64332035,100.8853724,straight road,no slope,2022-09-02T06:26:00Z
6983757,2.09.2022 14:30,26.09.2022 15:39,Lamphun,department of highways,private/passenger car,speeding,rear-end collision,2,0,1,clear,18.47612641,98.93234341,straight road,no slope,2022-09-02T07:30:00Z
7000789,2.09.2022 14:40,29.09.2022 07:20,Kanchanaburi,department of highways,4-wheel pickup truck,speeding,rollover/fallen on curved road,1,0,0,clear,15.16780799,98.48276226,wide curve,slope area,2022-09-02T07:40:00Z
6981925,2.09.2022 14:53,26.09.2022 09:10,Bangkok,expressway authority of thailand,other,other,rear-end collision,5,0,0,clear,13.68711338,100.5215591,grade-separated intersection/ramps,other,2022-09-02T07:53:00Z
7147207,2.09.2022 16:15,21.10.2022 14:28,Trang,department of highways,private/passenger car,speeding,rear-end collision,2,0,1,rainy,7.55765853,99.77603494,wide curve,no slope,2022-09-02T09:15:00Z
7007537,2.09.2022 16:20,30.09.2022 09:57,Surat Thani,department of highways,large truck with trailer,speeding,rear-end collision,2,0,1,clear,8.572775485,99.34728919,other,other,2022-09-02T09:20:00Z
7139794,2.09.2022 16:30,20.10.2022 11:57,Sukhothai,department of highways,motorcycle,speeding,rear-end collision,2,0,1,clear,17.00699344,99.79149251,straight road,no slope,2022-09-02T09:30:00Z
7331937,2.09.2022 17:10,29.09.2022 08:09,Loei,department of highways,4-wheel pickup truck,speeding,head-on collision (not overtaking),2,4,1,clear,17.0699566,102.0480645,straight road,no slope,2022-09-02T10:10:00Z
7331935,2.09.2022 17:25,5.09.2022 09:42,Prachuap Khiri Khan,department of highways,private/passenger car,speeding,rollover/fallen on curved road,1,1,0,rainy,11.09071034,99.37038033,wide curve,no slope,2022-09-02T10:25:00Z
6858789,2.09.2022 17:30,7.09.2022 15:29,Phra Nakhon Si Ayutthaya,department of highways,7-10-wheel truck,speeding,rollover/fallen on straight road,1,0,0,clear,14.26381899,100.7828504,straight road,no slope,2022-09-02T10:30:00Z
6983100,2.09.2022 17:30,26.09.2022 13:31,Lampang,department of highways,private/passenger car,speeding,rollover/fallen on straight road,1,0,0,clear,18.29495224,99.41775887,other,other,2022-09-02T10:30:00Z
6989453,2.09.2022 17:36,27.09.2022 13:57,Nan,department of highways,6-wheel truck,falling asleep,rollover/fallen on straight road,1,0,1,clear,18.80932328,100.7767242,straight road,no slope,2022-09-02T10:36:00Z
7007958,2.09.2022 18:30,30.09.2022 11:30,Nakhon Ratchasima,department of highways,4-wheel pickup truck,speeding,rear-end collision,2,0,0,clear,14.88139045,101.8584135,straight road,no slope,2022-09-02T11:30:00Z
7139799,2.09.2022 18:30,20.10.2022 11:57,Sukhothai,department of highways,motorcycle,speeding,rear-end collision,2,1,2,clear,17.46992607,99.64054315,straight road,no slope,2022-09-02T11:30:00Z
7564460,2.09.2022 18:30,19.01.2023 15:07,Samut Sakhon,department of highways,private/passenger car,speeding,rear-end collision,2,0,0,clear,13.59860901,100.3661799,straight road,no slope,2022-09-02T11:30:00Z
6851780,2.09.2022 18:39,6.09.2022 12:45,Samut Prakan,department of highways,private/passenger car,speeding,rear-end collision,3,0,0,clear,13.66250881,100.8555302,straight road,no slope,2022-09-02T11:39:00Z
7558349,2.09.2022 18:40,12.01.2023 14:50,Prachin Buri,department of highways,private/passenger car,speeding,rollover/fallen on straight road,1,0,0,rainy,13.76576128,101.6612926,straight road,no slope,2022-09-02T11:40:00Z
6846568,2.09.2022 20:10,5.09.2022 14:50,Sukhothai,department of highways,motorcycle,speeding,rear-end collision,2,0,1,clear,17.01104339,99.78258757,straight road,no slope,2022-09-02T13:10:00Z
7041100,2.09.2022 20:30,5.10.2022 11:25,Loei,department of highways,4-wheel pickup truck,speeding,rollover/fallen on straight road,1,0,1,clear,17.31398087,101.9084984,straight road,no slope,2022-09-02T13:30:00Z
6926048,2.09.2022 20:37,17.09.2022 16:03,Chon Buri,department of highways,private/passenger car,cutting in closely by people/vehicles/animals,collision with obstruction (on road surface),1,0,0,clear,13.23999772,100.9972581,straight road,no slope,2022-09-02T13:37:00Z
7000736,2.09.2022 21:10,29.09.2022 07:10,Suphan Buri,department of highways,motorcycle,speeding,rear-end collision,2,1,0,clear,14.61160324,99.99882458,straight road,no slope,2022-09-02T14:10:00Z
7002515,2.09.2022 23:00,29.09.2022 14:03,Songkhla,department of highways,private/passenger car,speeding,rollover/fallen on straight road,1,0,1,clear,7.396732883,100.4659071,straight road,no slope,2022-09-02T16:00:00Z
7413584,2.09.2022 23:00,28.11.2022 14:29,Ubon Ratchathani,department of highways,4-wheel pickup truck,speeding,rollover/fallen on curved road,1,0,0,clear,14.63415405,105.3624004,other,other,2022-09-02T16:00:00Z
7139771,2.09.2022 23:10,20.10.2022 11:54,Tak,department of highways,motorcycle,speeding,rear-end collision,2,1,0,clear,16.82132775,99.12968962,straight road,no slope,2022-09-02T16:10:00Z
7192607,2.09.2022 23:10,28.10.2022 09:14,Bangkok,department of rural roads,private/passenger car,tailgating,other,2,0,1,clear,13.671973,100.538765,straight road,slope area,2022-09-02T16:10:00Z
7040621,2.09.2022 23:30,5.10.2022 09:58,Chon Buri,department of highways,private/passenger car,speeding,head-on collision (not overtaking),2,0,2,clear,12.88328922,101.0542899,straight road,no slope,2022-09-02T16:30:00Z
6840157,3.09.2022 00:00,4.09.2022 11:39,Bangkok,department of highways,private/passenger car,speeding,rear-end collision,2,0,0,clear,13.73693594,100.6676361,straight road,no slope,2022-09-02T17:00:00Z
7512063,3.09.2022 00:01,27.12.2022 14:10,Maha Sarakham,department of highways,4-wheel pickup truck,speeding,rollover/fallen on straight road,1,0,1,clear,15.51671163,103.200328,straight road,no slope,2022-09-02T17:01:00Z
7002463,3.09.2022 01:00,29.09.2022 13:54,Sing Buri,department of highways,motorcycle,speeding,rear-end collision,2,2,0,clear,15.07899195,100.3101298,straight road,no slope,2022-09-02T18:00:00Z
7146884,3.09.2022 01:00,21.10.2022 13:37,Satun,department of highways,private/passenger car,speeding,rollover/fallen on straight road,1,0,4,clear,6.856133419,99.88960503,straight road,no slope,2022-09-02T18:00:00Z
6851560,3.09.2022 02:13,6.09.2022 11:49,Samut Prakan,department of highways,6-wheel truck,speeding,rear-end collision,2,0,1,clear,13.6699002,100.8440584,straight road,no slope,2022-09-02T19:13:00Z
6983148,3.09.2022 02:50,26.09.2022 13:40,Lampang,department of highways,4-wheel pickup truck,speeding,rollover/fallen on straight road,1,0,1,clear,18.33077455,99.53621595,straight road,no slope,2022-09-02T19:50:00Z
7147259,3.09.2022 03:00,21.10.2022 14:39,Songkhla,department of highways,4-wheel pickup truck,speeding,rollover/fallen on straight road,1,0,2,clear,6.956905029,100.6894585,straight road,no slope,2022-09-02T20:00:00Z
7008765,3.09.2022 03:50,30.09.2022 14:03,Buri Ram,department of highways,private/passenger car,falling asleep,rollover/fallen on straight road,1,0,1,foggy,14.91623261,103.300302,straight road,no slope,2022-09-02T20:50:00Z
7008776,3.09.2022 03:50,30.09.2022 14:02,Buri Ram,department of highways,private/passenger car,falling asleep,rollover/fallen on straight road,1,0,1,foggy,14.91621447,103.3002966,straight road,no slope,2022-09-02T20:50:00Z
7331944,3.09.2022 03:50,26.09.2022 13:24,Lampang,department of highways,large truck with trailer,speeding,rollover/fallen on curved road,1,0,2,clear,17.81898152,99.28284644,wide curve,no slope,2022-09-02T20:50:00Z
7147157,3.09.2022 04:00,21.10.2022 14:19,Krabi,department of highways,private/passenger car,speeding,rollover/fallen on straight road,1,0,0,clear,7.942361214,99.14459466,straight road,no slope,2022-09-02T21:00:00Z
7331947,3.09.2022 05:20,4.10.2022 08:49,Nakhon Nayok,department of highways,private/passenger car,speeding,collision with obstruction (on road surface),3,0,1,clear,14.22175483,101.2307685,straight road,no slope,2022-09-02T22:20:00Z
7565216,3.09.2022 05:40,20.01.2023 09:27,Bangkok,department of highways,private/passenger car,cutting in closely by people/vehicles/animals,rollover/fallen on straight road,1,0,1,clear,13.83649591,100.5572677,straight road,no slope,2022-09-02T22:40:00Z
7139798,3.09.2022 05:58,20.10.2022 11:55,Sukhothai,department of highways,motorcycle,speeding,rollover/fallen on straight road,1,1,0,clear,17.26541642,99.84186171,straight road,no slope,2022-09-02T22:58:00Z
6982097,3.09.2022 09:44,26.09.2022 09:51,Bangkok,expressway authority of thailand,other,other,rear-end collision,2,0,0,clear,13.843223,100.636178,straight road,other,2022-09-03T02:44:00Z
7088103,3.09.2022 10:40,12.10.2022 10:07,Si Sa Ket,department of highways,4-wheel pickup truck,speeding,rollover/fallen on straight road,1,0,0,clear,14.73924718,104.6644118,straight road,no slope,2022-09-03T03:40:00Z
6902720,3.09.2022 10:47,14.09.2022 09:40,Chon Buri,department of highways,private/passenger car,speeding,rear-end collision,2,0,1,clear,12.89506026,100.96203,straight road,no slope,2022-09-03T03:47:00Z
6897166,3.09.2022 11:20,13.09.2022 14:22,Nakhon Nayok,department of highways,4-wheel pickup truck,falling asleep,rollover/fallen on straight road,1,0,0,clear,14.17601092,101.026065,straight road,no slope,2022-09-03T04:20:00Z
7007327,3.09.2022 11:30,30.09.2022 09:10,Yala,department of highways,4-wheel pickup truck,speeding,collision with obstruction (on road surface),1,0,1,clear,6.580535212,101.2622872,other,other,2022-09-03T04:30:00Z
6852031,3.09.2022 11:45,6.09.2022 13:40,Samut Prakan,department of highways,private/passenger car,speeding,rear-end collision,3,0,0,clear,13.66891243,100.8455872,straight road,no slope,2022-09-03T04:45:00Z
6989700,3.09.2022 12:00,27.09.2022 14:52,Rayong,department of highways,4-wheel pickup truck,speeding,rollover/fallen on straight road,1,0,0,rainy,12.78346413,101.1615917,straight road,no slope,2022-09-03T05:00:00Z
7016365,3.09.2022 12:00,1.10.2022 15:09,Phrae,department of highways,4-wheel pickup truck,speeding,rollover/fallen on curved road,1,0,1,rainy,18.5581697,100.103589,wide curve,slope area,2022-09-03T05:00:00Z
7291114,3.09.2022 12:30,11.11.2022 11:25,Khon Kaen,department of highways,4-wheel pickup truck,speeding,rollover/fallen on straight road,1,0,1,clear,16.44884744,102.6675448,straight road,no slope,2022-09-03T05:30:00Z
6936602,3.09.2022 12:45,19.09.2022 09:15,Chon Buri,department of highways,private/passenger car,cutting in closely by people/vehicles/animals,rear-end collision,4,0,0,rainy,13.18806111,100.997808,straight road,no slope,2022-09-03T05:45:00Z
7425387,3.09.2022 13:15,2.12.2022 14:57,Trang,department of highways,4-wheel pickup truck,speeding,rollover/fallen on straight road,1,0,0,clear,7.547769936,99.47536735,straight road,no slope,2022-09-03T06:15:00Z
7508983,3.09.2022 14:10,26.12.2022 13:55,Chachoengsao,department of highways,4-wheel pickup truck,speeding,rollover/fallen on straight road,1,0,0,clear,13.59042544,101.1213076,straight road,no slope,2022-09-03T07:10:00Z
6852034,3.09.2022 15:03,6.09.2022 13:41,Samut Prakan,department of highways,private/passenger car,speeding,rear-end collision,2,0,0,clear,13.66644952,100.8494094,straight road,no slope,2022-09-03T08:03:00Z