acc_code,incident_datetime,report_datetime,province_en,agency,vehicle_type,presumed_cause,accident_type,number_of_vehicles_involved,number_of_fatalities,number_of_injuries,weather_condition,latitude,longitude,road_description,slope_description,incident_time
6840225,3.09.2022 15:09,4.09.2022 11:52,Bangkok,department of highways,private/passenger car,speeding,rear-end collision,2,0,0,clear,13.73179786,100.7111066,straight road,no slope,2022-09-03T08:09:00Z
7414726,3.09.2022 15:45,29.11.2022 11:05,Phangnga,department of highways,private/passenger car,speeding,rollover/fallen on curved road,1,0,0,clear,8.735129375,98.38686524,wide curve,no slope,2022-09-03T08:45:00Z
7034062,3.09.2022 16:00,4.10.2022 11:08,Chumphon,department of highways,4-wheel pickup truck,vehicle equipment failure,rollover/fallen on straight road,1,0,0,clear,10.3308576,99.09456878,straight road,no slope,2022-09-03T09:00:00Z
7040971,3.09.2022 16:30,5.10.2022 11:04,Chanthaburi,department of highways,4-wheel pickup truck,cutting in closely by people/vehicles/animals,rear-end collision,2,0,2,rainy,12.51678454,102.1663982,straight road,no slope,2022-09-03T09:30:00Z
7331941,3.09.2022 16:30,28.09.2022 14:07,buogkan,department of highways,4-wheel pickup truck,speeding,rear-end collision,2,4,3,clear,18.30320567,103.8144922,straight road,no slope,2022-09-03T09:30:00Z
7185753,3.09.2022 17:30,27.10.2022 09:36,Buri Ram,department of highways,4-wheel pickup truck,speeding,rollover/fallen on straight road,1,0,0,clear,14.60711305,103.1178796,straight road,no slope,2022-09-03T10:30:00Z
7000786,3.09.2022 18:30,29.09.2022 07:21,Kanchanaburi,department of highways,4-wheel pickup truck,speeding,rollover/fallen on curved road,1,0,1,clear,14.04279357,99.5872557,wide curve,no slope,2022-09-03T11:30:00Z
7002329,3.09.2022 19:00,29.09.2022 13:26,Saraburi,department of highways,private/passenger car,speeding,head-on collision (not overtaking),2,0,1,clear,14.6822066,101.2007707,sharp curve,no slope,2022-09-03T12:00:00Z
7056670,3.09.2022 20:25,7.10.2022 18:31,Nakhon Nayok,department of highways,private/passenger car,speeding,rollover/fallen on straight road,2,0,1,clear,14.10023703,100.9567675,straight road,no slope,2022-09-03T13:25:00Z
7147484,3.09.2022 20:30,21.10.2022 15:15,Nakhon Ratchasima,department of highways,4-wheel pickup truck,speeding,rollover/fallen on straight road,1,0,0,rainy,14.9999349,102.056095,straight road,no slope,2022-09-03T13:30:00Z
7000912,3.09.2022 21:20,29.09.2022 07:42,Nakhon Sawan,department of highways,4-wheel pickup truck,speeding,head-on collision (not overtaking),2,0,0,clear,15.65462328,100.1807776,straight road,no slope,2022-09-03T14:20:00Z
6846625,3.09.2022 21:49,5.09.2022 15:01,Sukhothai,department of highways,private/passenger car,speeding,rear-end collision,2,0,2,clear,17.31443155,99.69849764,straight road,no slope,2022-09-03T14:49:00Z
6982529,3.09.2022 22:45,26.09.2022 11:17,Chiang Mai,department of highways,private/passenger car,speeding,rear-end collision,3,1,1,clear,18.83853922,99.02731507,straight road,no slope,2022-09-03T15:45:00Z
7007715,3.09.2022 23:00,30.09.2022 10:37,Narathiwat,department of highways,4-wheel pickup truck,speeding,rollover/fallen on straight road,1,0,0,clear,6.35593108,101.9219899,straight road,no slope,2022-09-03T16:00:00Z
7047247,3.09.2022 23:20,6.10.2022 09:54,Ang Thong,department of highways,motorcycle,speeding,rollover/fallen on straight road,1,1,0,clear,14.67566804,100.4695737,straight road,no slope,2022-09-03T16:20:00Z
7028583,3.09.2022 23:45,3.10.2022 15:08,Suphan Buri,department of highways,motorcycle,speeding,collision with obstruction (on road surface),2,1,0,clear,14.74177367,100.1013064,straight road,no slope,2022-09-03T16:45:00Z
6994598,4.09.2022 00:30,28.09.2022 09:14,Phayao,department of highways,4-wheel pickup truck,falling asleep,rollover/fallen on curved road,1,0,1,clear,19.13308378,100.2631751,wide curve,no slope,2022-09-03T17:30:00Z
7284557,4.09.2022 02:30,10.11.2022 14:36,Chaiyaphum,department of highways,4-wheel pickup truck,falling asleep,head-on collision (not overtaking),2,0,5,clear,15.82254929,102.1243572,straight road,no slope,2022-09-03T19:30:00Z
7145950,4.09.2022 03:30,21.10.2022 10:13,Phuket,department of highways,private/passenger car,speeding,rollover/fallen on straight road,1,0,0,clear,7.944977838,98.39322744,straight road,no slope,2022-09-03T20:30:00Z
7414213,4.09.2022 03:45,25.11.2022 14:17,Prachuap Khiri Khan,department of highways,4-wheel pickup truck,speeding,rollover/fallen on straight road,1,0,0,clear,12.08417637,99.8555678,straight road,no slope,2022-09-03T20:45:00Z
7456108,4.09.2022 04:00,24.11.2022 14:07,Si Sa Ket,department of highways,4-wheel pickup truck,speeding,rollover/fallen on straight road,1,0,1,clear,14.78070748,104.7749162,straight road,no slope,2022-09-03T21:00:00Z
6996251,4.09.2022 04:43,28.09.2022 14:57,Mukdahan,department of highways,motorcycle,speeding,rollover/fallen on straight road,1,1,0,clear,16.49328629,104.6667454,straight road,no slope,2022-09-03T21:43:00Z
7139793,4.09.2022 05:00,20.10.2022 11:58,Tak,department of highways,large truck with trailer,vehicle equipment failure,rear-end collision,2,0,1,clear,17.06339764,99.06963228,straight road,no slope,2022-09-03T22:00:00Z
7567334,4.09.2022 05:00,23.01.2023 14:11,Phuket,department of highways,private/passenger car,speeding,rollover/fallen on straight road,1,0,1,clear,7.980049622,98.34102629,straight road,no slope,2022-09-03T22:00:00Z
7007851,4.09.2022 05:20,30.09.2022 11:01,Surat Thani,department of highways,4-wheel pickup truck,falling asleep,rollover/fallen on straight road,1,0,2,clear,8.711345618,99.14949773,straight road,no slope,2022-09-03T22:20:00Z
7186147,4.09.2022 06:30,27.10.2022 10:56,Sa Kaeo,department of highways,4-wheel pickup truck,speeding,rollover/fallen on curved road,1,0,0,clear,13.95463479,102.5671926,wide curve,slope area,2022-09-03T23:30:00Z
6839506,4.09.2022 07:24,4.09.2022 08:45,Pathum Thani,expressway authority of thailand,4-wheel pickup truck,other,side collision,2,0,1,clear,13.957957,100.566081,straight road,other,2022-09-04T00:24:00Z
7473716,4.09.2022 07:50,20.12.2022 10:32,Nakhon Ratchasima,department of highways,4-wheel pickup truck,speeding,rollover/fallen on curved road,1,0,1,clear,15.14334529,102.0011124,wide curve,slope area,2022-09-04T00:50:00Z
7566534,4.09.2022 10:00,21.01.2023 15:01,Phangnga,department of highways,6-wheel truck,speeding,rollover/fallen on curved road,1,0,0,clear,8.359430813,98.44256668,straight road,no slope,2022-09-04T03:00:00Z
7556672,4.09.2022 11:00,11.01.2023 14:26,Nan,department of highways,6-wheel truck,unfamiliarity with the route/unskilled driving,rollover/fallen on curved road,1,0,0,clear,19.27327074,100.7762065,wide curve,slope area,2022-09-04T04:00:00Z
6898155,4.09.2022 11:10,13.09.2022 17:27,Prachuap Khiri Khan,department of highways,4-wheel pickup truck,speeding,rollover/fallen on straight road,1,0,1,clear,12.33112955,99.88023608,straight road,no slope,2022-09-04T04:10:00Z
7186173,4.09.2022 11:33,27.10.2022 11:02,Sa Kaeo,department of highways,4-wheel pickup truck,speeding,rollover/fallen on straight road,1,0,0,clear,13.42390336,102.199561,straight road,no slope,2022-09-04T04:33:00Z
6982250,4.09.2022 12:20,26.09.2022 10:20,Samut Prakan,expressway authority of thailand,other,other,rear-end collision,2,0,1,clear,13.607083,100.770389,straight road,other,2022-09-04T05:20:00Z
7008654,4.09.2022 12:25,30.09.2022 13:44,Nakhon Ratchasima,department of highways,private/passenger car,speeding,rollover/fallen on straight road,1,0,1,clear,14.52965707,101.9656724,straight road,no slope,2022-09-04T05:25:00Z
7139827,4.09.2022 12:30,20.10.2022 12:00,Tak,department of highways,4-wheel pickup truck,running red lights/traffic signals,rear-end collision,2,0,1,clear,16.72962739,98.60158144,other,other,2022-09-04T05:30:00Z
6904271,4.09.2022 12:35,14.09.2022 15:01,Nakhon Ratchasima,department of highways,van,speeding,rollover/fallen on curved road,1,0,7,clear,14.43827518,101.8840206,wide curve,slope area,2022-09-04T05:35:00Z
6851293,4.09.2022 13:02,6.09.2022 10:42,Bangkok,department of highways,private/passenger car,speeding,rear-end collision,2,0,0,clear,13.72966652,100.7508543,straight road,no slope,2022-09-04T06:02:00Z
7088118,4.09.2022 13:30,12.10.2022 13:41,Suphan Buri,department of highways,4-wheel pickup truck,speeding,rollover/fallen on straight road,1,0,2,clear,14.6808989,100.1112977,straight road,no slope,2022-09-04T06:30:00Z
7566529,4.09.2022 13:40,21.01.2023 14:50,Phangnga,department of highways,4-wheel pickup truck,cutting in closely by people/vehicles/animals,rollover/fallen on straight road,1,0,1,clear,8.843198913,98.2880929,straight road,no slope,2022-09-04T06:40:00Z
6858293,4.09.2022 14:18,7.09.2022 13:43,Chachoengsao,department of highways,large truck with trailer,speeding,rear-end collision,2,0,0,clear,13.56440247,100.9485894,straight road,no slope,2022-09-04T07:18:00Z
7139801,4.09.2022 14:40,20.10.2022 11:59,Tak,department of highways,4-wheel pickup truck,cutting in closely by people/vehicles/animals,rear-end collision,2,1,1,clear,16.4857815,98.79367589,straight road,no slope,2022-09-04T07:40:00Z
7421430,4.09.2022 15:00,1.12.2022 14:53,Nong Bua Lam Phu,department of rural roads,4-wheel pickup truck,running red lights/traffic signals,other,2,0,1,clear,17.19159419,102.4544234,four-way intersection,other,2022-09-04T08:00:00Z
7047135,4.09.2022 15:10,6.10.2022 09:31,Kanchanaburi,department of highways,large truck with trailer,speeding,head-on collision (not overtaking),2,1,0,clear,13.81027153,99.52904372,other,other,2022-09-04T08:10:00Z
7527346,4.09.2022 16:00,31.12.2022 10:41,Trang,department of highways,7-10-wheel truck,speeding,rear-end collision,4,0,0,clear,7.862876976,99.59571003,straight road,no slope,2022-09-04T09:00:00Z
6844820,4.09.2022 16:11,5.09.2022 08:24,Pathum Thani,department of highways,private/passenger car,speeding,rear-end collision,3,0,0,clear,13.98647308,100.713349,straight road,no slope,2022-09-04T09:11:00Z
7040024,4.09.2022 16:30,5.10.2022 08:14,Nakhon Pathom,department of highways,4-wheel pickup truck,speeding,rollover/fallen on straight road,1,0,0,clear,13.766832,100.1858067,wide curve,no slope,2022-09-04T09:30:00Z
7560715,4.09.2022 16:50,16.01.2023 11:29,Bangkok,department of highways,motorcycle,speeding,rear-end collision,2,0,1,clear,13.84674064,100.5611008,straight road,no slope,2022-09-04T09:50:00Z
7140515,4.09.2022 17:10,20.10.2022 14:28,Loei,department of highways,4-wheel pickup truck,cutting in closely by people/vehicles/animals,rear-end collision,2,0,0,rainy,17.2983012,101.871264,straight road,no slope,2022-09-04T10:10:00Z
7444942,4.09.2022 17:45,8.12.2022 15:10,Samut Sakhon,department of highways,private/passenger car,speeding,rear-end collision,2,0,0,clear,13.53247017,100.2080878,straight road,no slope,2022-09-04T10:45:00Z
7331950,4.09.2022 18:30,26.09.2022 10:34,Chiang Mai,department of highways,motorcycle,speeding,head-on collision (not overtaking),2,2,2,clear,18.66894614,98.91308783,straight road,no slope,2022-09-04T11:30:00Z
7000819,4.09.2022 18:50,29.09.2022 07:25,Suphan Buri,department of highways,motorcycle,running red lights/traffic signals,collision with obstruction (on road surface),2,0,2,rainy,14.37582521,100.1790798,straight road,no slope,2022-09-04T11:50:00Z
7473012,4.09.2022 19:00,20.12.2022 11:07,Udon Thani,department of highways,other,speeding,rollover/fallen on curved road,1,0,1,clear,17.2419171,102.6023188,wide curve,no slope,2022-09-04T12:00:00Z
7331953,4.09.2022 19:20,27.09.2022 13:23,Chiang Rai,department of highways,4-wheel pickup truck,speeding,rollover/fallen on curved road,2,1,0,clear,20.15157462,100.4108414,wide curve,no slope,2022-09-04T12:20:00Z
7438787,4.09.2022 19:30,7.12.2022 13:28,Phra Nakhon Si Ayutthaya,department of highways,private/passenger car,speeding,rollover/fallen on straight road,1,0,3,rainy,14.21955521,100.6100786,straight road,no slope,2022-09-04T12:30:00Z
7276854,4.09.2022 20:00,9.11.2022 14:29,Suphan Buri,department of highways,4-wheel pickup truck,speeding,rollover/fallen on curved road,1,0,0,rainy,14.36655196,100.1469979,wide curve,no slope,2022-09-04T13:00:00Z
7424837,4.09.2022 21:30,2.12.2022 11:28,Maha Sarakham,department of highways,4-wheel pickup truck,speeding,rollover/fallen on straight road,1,0,1,clear,15.66108772,103.2543799,straight road,no slope,2022-09-04T14:30:00Z
6936970,4.09.2022 21:43,19.09.2022 10:33,Chon Buri,department of highways,6-wheel truck,cutting in closely by people/vehicles/animals,rear-end collision,2,0,0,rainy,13.16901492,100.9916147,straight road,no slope,2022-09-04T14:43:00Z
6982247,4.09.2022 22:00,26.09.2022 10:19,Chachoengsao,expressway authority of thailand,other,other,rear-end collision,2,0,0,clear,13.486268,101.004005,straight road,other,2022-09-04T15:00:00Z
6852053,4.09.2022 22:20,6.09.2022 13:45,Bangkok,department of highways,4-wheel pickup truck,speeding,rollover/fallen on straight road,1,0,0,rainy,13.79418192,100.6824607,straight road,no slope,2022-09-04T15:20:00Z
6851237,4.09.2022 22:30,6.09.2022 10:29,Bangkok,department of highways,private/passenger car,speeding,rear-end collision,2,0,0,rainy,13.70989463,100.8202082,straight road,no slope,2022-09-04T15:30:00Z
7009046,4.09.2022 22:30,30.09.2022 14:56,Prachin Buri,department of highways,4-wheel pickup truck,speeding,rollover/fallen on straight road,1,0,0,clear,13.84994249,101.4233565,straight road,no slope,2022-09-04T15:30:00Z
6981927,4.09.2022 22:55,26.09.2022 09:11,Bangkok,expressway authority of thailand,other,other,other,2,0,0,rainy,13.73695134,100.5510481,straight road,other,2022-09-04T15:55:00Z
7008653,4.09.2022 23:00,30.09.2022 13:44,Nakhon Ratchasima,department of highways,private/passenger car,speeding,rollover/fallen on straight road,1,1,0,clear,14.5802686,101.9901851,straight road,no slope,2022-09-04T16:00:00Z
7028856,5.09.2022 00:35,3.10.2022 15:50,Bangkok,expressway authority of thailand,other,other,collision with obstruction (on road surface),1,0,0,rainy,13.72626288,100.5524935,straight road,other,2022-09-04T17:35:00Z
7028341,5.09.2022 00:54,3.10.2022 14:36,Nonthaburi,expressway authority of thailand,other,other,side collision,1,0,1,clear,13.84919324,100.5330493,straight road,other,2022-09-04T17:54:00Z
6858868,5.09.2022 00:59,7.09.2022 15:45,Phra Nakhon Si Ayutthaya,department of highways,motorcycle,speeding,rear-end collision,2,2,0,rainy,14.2921026,100.8208948,straight road,no slope,2022-09-04T17:59:00Z
6852029,5.09.2022 01:00,6.09.2022 13:42,Samut Prakan,department of highways,large truck with trailer,speeding,rollover/fallen on curved road,1,0,0,rainy,13.64984961,100.6873342,wide curve,no slope,2022-09-04T18:00:00Z
7564296,5.09.2022 01:12,19.01.2023 13:22,Samut Sakhon,department of highways,large truck with trailer,speeding,head-on collision (not overtaking),2,1,0,rainy,13.60383081,100.2852657,straight road,no slope,2022-09-04T18:12:00Z
7023693,5.09.2022 01:25,2.10.2022 20:11,Si Sa Ket,department of highways,4-wheel pickup truck,speeding,rollover/fallen on straight road,1,0,0,clear,15.10889491,104.3657184,straight road,no slope,2022-09-04T18:25:00Z
7054204,5.09.2022 01:43,7.10.2022 10:36,Chon Buri,department of highways,4-wheel pickup truck,speeding,rollover/fallen on straight road,1,0,1,clear,13.08512671,100.9917676,straight road,no slope,2022-09-04T18:43:00Z
7008555,5.09.2022 06:01,30.09.2022 13:21,Nakhon Ratchasima,department of highways,4-wheel pickup truck,speeding,rollover/fallen on straight road,1,0,0,clear,14.89826531,102.1613395,straight road,no slope,2022-09-04T23:01:00Z
7001422,5.09.2022 06:10,29.09.2022 09:54,Sakon Nakhon,department of highways,4-wheel pickup truck,speeding,rollover/fallen on straight road,1,0,1,rainy,17.04010611,104.2859924,straight road,no slope,2022-09-04T23:10:00Z
6903171,5.09.2022 06:15,14.09.2022 11:09,Nakhon Pathom,department of highways,4-wheel pickup truck,speeding,rollover/fallen on straight road,1,0,0,rainy,13.78548938,100.1737019,straight road,no slope,2022-09-04T23:15:00Z
7179354,5.09.2022 06:50,26.10.2022 12:06,Khon Kaen,department of highways,private/passenger car,speeding,rollover/fallen on straight road,1,0,2,clear,15.92218418,102.6651978,straight road,no slope,2022-09-04T23:50:00Z
7054278,5.09.2022 07:30,7.10.2022 10:45,Rayong,department of highways,4-wheel pickup truck,speeding,collision with obstruction (on road surface),1,0,4,rainy,12.71191653,101.0342324,straight road,no slope,2022-09-05T00:30:00Z
7142372,5.09.2022 07:30,20.10.2022 21:01,Krabi,department of highways,4-wheel pickup truck,speeding,rollover/fallen on curved road,1,0,0,rainy,8.086319704,98.87781142,wide curve,no slope,2022-09-05T00:30:00Z
7568195,5.09.2022 07:50,24.01.2023 10:42,Phetchaburi,department of highways,6-wheel truck,speeding,rollover/fallen on straight road,1,0,0,clear,13.12503824,99.87865089,straight road,no slope,2022-09-05T00:50:00Z
6864379,5.09.2022 08:30,8.09.2022 13:55,Chumphon,department of highways,4-wheel pickup truck,speeding,head-on collision (not overtaking),2,0,2,rainy,10.85870849,99.24653201,wide curve,no slope,2022-09-05T01:30:00Z
6896002,5.09.2022 08:40,13.09.2022 10:33,Chanthaburi,department of highways,motorcycle,speeding,collision with obstruction (on road surface),2,1,0,rainy,12.69023558,102.0906928,wide curve,no slope,2022-09-05T01:40:00Z
6851997,5.09.2022 08:45,6.09.2022 13:34,Bangkok,department of highways,4-wheel pickup truck,speeding,rear-end collision,3,0,0,clear,13.90540849,100.6974649,straight road,no slope,2022-09-05T01:45:00Z
7008445,5.09.2022 09:19,30.09.2022 13:02,Nakhon Ratchasima,department of highways,private/passenger car,speeding,rollover/fallen on straight road,1,0,0,clear,14.94081209,101.9986796,straight road,no slope,2022-09-05T02:19:00Z
6989378,5.09.2022 09:30,27.09.2022 13:36,Nan,department of highways,4-wheel pickup truck,speeding,rollover/fallen on curved road,1,0,3,rainy,18.51978278,100.5855578,wide curve,no slope,2022-09-05T02:30:00Z
7034102,5.09.2022 09:33,4.10.2022 11:10,Chumphon,department of highways,4-wheel pickup truck,falling asleep,rollover/fallen on straight road,1,0,1,clear,10.11400931,99.08350466,straight road,no slope,2022-09-05T02:33:00Z
6889748,5.09.2022 10:00,12.09.2022 11:44,Prachuap Khiri Khan,department of highways,4-wheel pickup truck,falling asleep,rollover/fallen on curved road,1,0,0,clear,11.22124717,99.4216883,wide curve,no slope,2022-09-05T03:00:00Z
6995859,5.09.2022 10:20,28.09.2022 14:01,buogkan,department of highways,motorcycle,cutting in closely by people/vehicles/animals,rear-end collision,2,0,2,clear,18.38846729,103.3460444,connecting to public/commercial area,other,2022-09-05T03:20:00Z
7356958,5.09.2022 10:30,21.11.2022 08:40,Loburi,department of highways,other,speeding,rollover/fallen on straight road,1,0,0,clear,15.22565391,101.1269724,straight road,no slope,2022-09-05T03:30:00Z
7419392,5.09.2022 11:20,30.11.2022 13:28,Nakhon Sawan,department of highways,7-10-wheel truck,vehicle equipment failure,rollover/fallen on straight road,1,0,0,clear,15.7718474,100.2607316,other,other,2022-09-05T04:20:00Z
6989664,5.09.2022 11:30,27.09.2022 14:47,Nan,department of highways,large truck with trailer,speeding,rollover/fallen on curved road,1,0,0,clear,19.59669391,100.9707257,wide curve,slope area,2022-09-05T04:30:00Z
6982589,5.09.2022 12:15,26.09.2022 11:26,Chiang Mai,department of highways,4-wheel pickup truck,speeding,rollover/fallen on curved road,1,0,1,clear,19.19944463,98.96403907,wide curve,no slope,2022-09-05T05:15:00Z
7512019,5.09.2022 12:17,27.12.2022 14:30,Maha Sarakham,department of highways,4-wheel pickup truck,speeding,rollover/fallen on straight road,1,0,3,clear,15.49028394,103.2071677,straight road,no slope,2022-09-05T05:17:00Z
7022372,5.09.2022 12:20,2.10.2022 15:16,Chaiyaphum,department of highways,4-wheel pickup truck,cutting in closely by people/vehicles/animals,rear-end collision,2,0,1,clear,15.4891363,101.8219784,other,other,2022-09-05T05:20:00Z
7023209,5.09.2022 12:50,2.10.2022 18:40,Udon Thani,department of highways,private/passenger car,cutting in closely by people/vehicles/animals,rear-end collision,2,1,1,clear,17.46077667,103.0204216,other,other,2022-09-05T05:50:00Z
7016385,5.09.2022 13:00,1.10.2022 15:10,Phrae,department of highways,4-wheel pickup truck,speeding,rollover/fallen on curved road,1,0,0,rainy,18.5682717,100.0913125,wide curve,no slope,2022-09-05T06:00:00Z
6896004,5.09.2022 13:15,13.09.2022 10:30,Chon Buri,department of highways,6-wheel truck,speeding,rollover/fallen on straight road,1,1,0,rainy,13.15849749,101.3007876,straight road,no slope,2022-09-05T06:15:00Z
7033349,5.09.2022 13:30,4.10.2022 09:16,Samut Prakan,department of highways,4-wheel pickup truck,speeding,rollover/fallen on straight road,1,0,1,clear,13.50414057,100.8331016,straight road,no slope,2022-09-05T06:30:00Z
6995723,5.09.2022 13:50,28.09.2022 13:21,Nakhon Phanom,department of highways,other,speeding,rollover/fallen on curved road,1,0,0,clear,16.94518679,104.5251918,wide curve,no slope,2022-09-05T06:50:00Z
7016326,5.09.2022 14:20,1.10.2022 15:03,Phrae,department of highways,6-wheel truck,speeding,rear-end collision,2,0,0,rainy,18.34033491,100.3176588,straight road,no slope,2022-09-05T07:20:00Z
7512575,5.09.2022 14:20,27.12.2022 14:30,Roi Et,department of highways,private/passenger car,speeding,rollover/fallen on straight road,1,0,1,clear,16.05548222,103.6199972,straight road,no slope,2022-09-05T07:20:00Z
7185503,5.09.2022 14:30,27.10.2022 08:58,Yala,department of highways,motorcycle,cutting in closely by people/vehicles/animals,rear-end collision,2,1,0,clear,6.458492468,101.335195,other,other,2022-09-05T07:30:00Z
7001263,5.09.2022 15:06,29.09.2022 09:02,Nakhon Sawan,department of highways,4-wheel pickup truck,speeding,rollover/fallen on curved road,1,0,0,clear,15.61443488,100.1229089,sharp curve,slope area,2022-09-05T08:06:00Z
6857583,5.09.2022 15:30,7.09.2022 11:04,Khon Kaen,department of rural roads,4-wheel pickup truck,speeding,other,2,1,1,clear,16.085166,102.475783,sharp curve,no slope,2022-09-05T08:30:00Z
7517003,5.09.2022 16:00,29.12.2022 09:12,Lamphun,department of highways,7-10-wheel truck,speeding,collision with obstruction (on road surface),1,0,0,clear,18.30988249,98.82227092,straight road,no slope,2022-09-05T09:00:00Z
6863308,5.09.2022 16:10,8.09.2022 09:49,Surat Thani,department of highways,4-wheel pickup truck,speeding,rollover/fallen on straight road,1,1,4,clear,9.45583505,99.15272711,straight road,no slope,2022-09-05T09:10:00Z
7380582,5.09.2022 16:10,24.11.2022 14:25,Si Sa Ket,department of highways,6-wheel truck,speeding,rollover/fallen on straight road,1,0,0,clear,14.80536463,104.355129,straight road,no slope,2022-09-05T09:10:00Z
7054244,5.09.2022 16:21,7.10.2022 10:41,Chon Buri,department of highways,4-wheel pickup truck,speeding,rollover/fallen on straight road,1,0,0,clear,12.78688286,100.9834179,straight road,no slope,2022-09-05T09:21:00Z
7139797,5.09.2022 16:40,20.10.2022 11:56,Sukhothai,department of highways,7-10-wheel truck,speeding,rollover/fallen on straight road,1,0,1,rainy,17.13734559,99.82313185,straight road,no slope,2022-09-05T09:40:00Z
7444846,5.09.2022 17:00,8.12.2022 14:29,Samut Sakhon,department of highways,4-wheel pickup truck,worn-out/tire blowout,rollover/fallen on straight road,1,0,0,clear,13.58559442,100.3185412,straight road,no slope,2022-09-05T10:00:00Z
7564464,5.09.2022 17:05,19.01.2023 15:06,Samut Sakhon,department of highways,private/passenger car,speeding,rear-end collision,2,0,1,clear,13.5720759,100.2920973,straight road,no slope,2022-09-05T10:05:00Z
7560645,5.09.2022 17:40,16.01.2023 10:36,Loei,department of highways,motorcycle,speeding,head-on collision (not overtaking),2,0,0,clear,17.88939928,101.6223737,straight road,no slope,2022-09-05T10:40:00Z
7040592,5.09.2022 18:40,5.10.2022 09:51,Kalasin,department of highways,private/passenger car,speeding,rollover/fallen on straight road,1,0,0,rainy,16.57816164,103.2475671,straight road,no slope,2022-09-05T11:40:00Z
6981942,5.09.2022 19:45,26.09.2022 09:17,Bangkok,expressway authority of thailand,4-wheel pickup truck,other,rear-end collision,3,0,0,clear,13.70134275,100.5907756,straight road,other,2022-09-05T12:45:00Z
7000738,5.09.2022 19:50,29.09.2022 07:13,Kanchanaburi,department of highways,motorcycle,running red lights/traffic signals,collision with obstruction (on road surface),2,1,0,clear,13.98080956,99.62704091,straight road,no slope,2022-09-05T12:50:00Z
7477713,5.09.2022 20:00,22.12.2022 09:03,Suphan Buri,department of highways,motorcycle,cutting in closely by people/vehicles/animals,head-on collision (not overtaking),2,0,0,clear,14.24170118,100.1223993,straight road,no slope,2022-09-05T13:00:00Z
7284181,5.09.2022 20:40,10.11.2022 13:32,Chaiyaphum,department of highways,4-wheel pickup truck,speeding,rear-end collision,4,0,0,clear,15.84899595,101.4136335,straight road,no slope,2022-09-05T13:40:00Z
7008499,5.09.2022 21:30,30.09.2022 13:12,Nakhon Ratchasima,department of highways,large truck with trailer,speeding,rear-end collision,2,0,1,clear,14.68780573,101.4673555,other,other,2022-09-05T14:30:00Z
7171968,5.09.2022 21:30,25.10.2022 10:42,Surin,department of highways,4-wheel pickup truck,other,rollover/fallen on straight road,2,0,0,rainy,14.62897138,103.4020945,straight road,no slope,2022-09-05T14:30:00Z
7007559,5.09.2022 21:40,30.09.2022 10:00,Phatthalung,department of highways,private/passenger car,speeding,rollover/fallen on straight road,1,1,1,clear,7.39011237,100.1102248,other,other,2022-09-05T14:40:00Z
7008443,5.09.2022 21:46,30.09.2022 13:01,Nakhon Ratchasima,department of highways,4-wheel pickup truck,speeding,rollover/fallen on straight road,1,0,1,clear,14.95054825,102.021693,straight road,no slope,2022-09-05T14:46:00Z
7438830,5.09.2022 22:30,7.12.2022 14:32,Chiang Rai,department of highways,private/passenger car,speeding,rollover/fallen on straight road,1,0,1,clear,19.5496877,99.74735408,straight road,no slope,2022-09-05T15:30:00Z
7000874,5.09.2022 22:50,29.09.2022 07:36,Nakhon Sawan,department of highways,4-wheel pickup truck,debris/obstruction on the road,collision with obstruction (on road surface),1,0,1,rainy,15.77687816,100.0923076,straight road,no slope,2022-09-05T15:50:00Z
6895934,6.09.2022 00:10,13.09.2022 10:22,Chanthaburi,department of highways,private/passenger car,speeding,rollover/fallen on straight road,1,0,2,clear,12.74533444,102.2334882,straight road,no slope,2022-09-05T17:10:00Z
6995116,6.09.2022 02:00,28.09.2022 10:58,Chon Buri,department of highways,private/passenger car,speeding,rollover/fallen on straight road,1,0,0,clear,12.94629264,100.96203,straight road,no slope,2022-09-05T19:00:00Z
7425599,6.09.2022 02:30,2.12.2022 14:39,Trang,department of highways,private/passenger car,running red lights/traffic signals,collision at intersection corner,2,0,0,clear,7.647815333,99.5659536,other,other,2022-09-05T19:30:00Z
7142375,6.09.2022 04:30,20.10.2022 21:02,Krabi,department of highways,4-wheel pickup truck,speeding,rollover/fallen on straight road,1,0,0,rainy,8.102125171,98.90663175,straight road,no slope,2022-09-05T21:30:00Z
7421439,6.09.2022 06:00,1.12.2022 14:51,Uthai Thani,department of rural roads,motorcycle,speeding,other,1,1,0,clear,15.300961,99.684183,straight road,no slope,2022-09-05T23:00:00Z
6858352,6.09.2022 07:00,7.09.2022 13:52,Phrae,department of rural roads,motorcycle,driving under the influence of alcohol,other,1,1,0,clear,18.121081,100.186477,straight road,no slope,2022-09-06T00:00:00Z
7139768,6.09.2022 07:20,20.10.2022 11:53,Tak,department of highways,4-wheel pickup truck,speeding,rollover/fallen on straight road,1,0,1,clear,16.74472036,99.20984475,straight road,no slope,2022-09-06T00:20:00Z
7007539,6.09.2022 07:50,30.09.2022 09:59,Surat Thani,department of highways,4-wheel pickup truck,speeding,rollover/fallen on straight road,1,1,0,rainy,9.577730189,99.1292095,other,other,2022-09-06T00:50:00Z
7554580,6.09.2022 08:00,9.01.2023 13:31,Ratchaburi,department of highways,motorcycle,speeding,collision with obstruction (on road surface),2,1,0,clear,13.54573018,99.79429005,straight road,no slope,2022-09-06T01:00:00Z
6995741,6.09.2022 09:00,28.09.2022 13:29,Nakhon Phanom,department of highways,private/passenger car,falling asleep,rollover/fallen on straight road,1,0,1,clear,17.10997968,104.6073907,other,other,2022-09-06T02:00:00Z