acc_code,incident_datetime,report_datetime,province_en,agency,vehicle_type,presumed_cause,accident_type,number_of_vehicles_involved,number_of_fatalities,number_of_injuries,weather_condition,latitude,longitude,road_description,slope_description,incident_time
6995885,6.09.2022 10:00,28.09.2022 14:08,buogkan,department of highways,large truck with trailer,vehicle equipment failure,rollover/fallen on straight road,1,0,0,clear,18.02866909,103.6633873,straight road,no slope,2022-09-06T03:00:00Z
7379306,6.09.2022 10:00,24.11.2022 13:24,Kalasin,department of highways,other,speeding,rollover/fallen on straight road,1,0,0,clear,16.36776542,103.557727,straight road,no slope,2022-09-06T03:00:00Z
7331958,6.09.2022 11:30,20.10.2022 11:52,Sukhothai,department of highways,4-wheel pickup truck,cutting in closely by people/vehicles/animals,rear-end collision,2,0,2,clear,17.16084537,99.86842631,connecting to public/commercial area,other,2022-09-06T04:30:00Z
7424900,6.09.2022 11:30,2.12.2022 11:37,Si Sa Ket,department of highways,van,illegal overtaking,rear-end collision,2,0,0,clear,15.00361382,104.6319142,wide curve,slope area,2022-09-06T04:30:00Z
7007438,6.09.2022 12:00,30.09.2022 09:33,Yala,department of highways,large truck with trailer,vehicle equipment failure,rollover/fallen on curved road,1,0,0,clear,6.087565111,101.1822608,sharp curve,slope area,2022-09-06T05:00:00Z
7331962,6.09.2022 12:55,9.09.2022 10:46,Sukhothai,department of highways,4-wheel pickup truck,speeding,rear-end collision,2,0,1,clear,17.28606998,99.84400748,straight road,no slope,2022-09-06T05:55:00Z
7000843,6.09.2022 13:00,29.09.2022 07:33,Nakhon Pathom,department of highways,other,speeding,rollover/fallen on curved road,1,0,0,clear,13.96704319,100.0945741,wide curve,no slope,2022-09-06T06:00:00Z
7556657,6.09.2022 13:30,11.01.2023 14:23,Nan,department of highways,6-wheel truck,falling asleep,rollover/fallen on straight road,1,0,0,clear,19.17763132,100.9151289,straight road,no slope,2022-09-06T06:30:00Z
6864320,6.09.2022 14:30,8.09.2022 13:40,Chumphon,department of highways,6-wheel truck,speeding,rollover/fallen on straight road,1,1,0,rainy,10.32395461,99.09213065,straight road,no slope,2022-09-06T07:30:00Z
7173515,6.09.2022 14:30,25.10.2022 15:29,Ratchaburi,department of highways,7-10-wheel truck,speeding,rollover/fallen on curved road,1,0,0,clear,13.31111905,99.66972558,wide curve,no slope,2022-09-06T07:30:00Z
7147479,6.09.2022 15:34,21.10.2022 15:19,Nakhon Ratchasima,department of highways,private/passenger car,speeding,rear-end collision,2,0,1,clear,15.09188127,102.1092081,straight road,no slope,2022-09-06T08:34:00Z
7040969,6.09.2022 17:47,5.10.2022 11:01,Chanthaburi,department of highways,4-wheel pickup truck,speeding,rollover/fallen on curved road,1,0,0,rainy,12.62857372,102.1565947,other,other,2022-09-06T10:47:00Z
7007830,6.09.2022 18:00,30.09.2022 10:58,Surat Thani,department of highways,large truck with trailer,speeding,rollover/fallen on straight road,1,0,0,clear,9.083586349,99.17151867,straight road,no slope,2022-09-06T11:00:00Z
7180441,6.09.2022 18:10,26.10.2022 15:43,Nakhon Pathom,department of highways,6-wheel truck,speeding,rollover/fallen on straight road,1,0,0,rainy,13.73987752,100.2999133,straight road,no slope,2022-09-06T11:10:00Z
7074028,6.09.2022 18:30,10.10.2022 13:38,Ang Thong,department of highways,4-wheel pickup truck,cutting in closely by people/vehicles/animals,head-on collision (not overtaking),2,0,3,rainy,14.56815353,100.4471129,connecting to public/commercial area,other,2022-09-06T11:30:00Z
6857107,6.09.2022 19:05,7.09.2022 09:37,Bangkok,department of highways,4-wheel pickup truck,speeding,rollover/fallen on straight road,1,0,1,clear,13.73235545,100.7076922,straight road,no slope,2022-09-06T12:05:00Z
7331956,6.09.2022 19:20,27.09.2022 14:11,Nan,department of highways,large truck with trailer,speeding,rollover/fallen on curved road,1,0,1,clear,18.9854911,100.7769629,wide curve,no slope,2022-09-06T12:20:00Z
7562306,6.09.2022 19:24,18.01.2023 07:11,Nakhon Si Thammarat,department of highways,large truck with trailer,speeding,rollover/fallen on straight road,1,0,1,clear,8.171617235,99.64177697,straight road,no slope,2022-09-06T12:24:00Z
7009146,6.09.2022 19:50,30.09.2022 15:15,Prachin Buri,department of highways,7-10-wheel truck,speeding,rear-end collision,2,0,4,clear,13.8993316,101.6101563,straight road,no slope,2022-09-06T12:50:00Z
7055005,6.09.2022 20:19,7.10.2022 13:15,Bangkok,department of highways,private/passenger car,speeding,rollover/fallen on straight road,1,0,1,clear,13.88189154,100.6852904,straight road,no slope,2022-09-06T13:19:00Z
7047156,6.09.2022 20:40,6.10.2022 09:36,Suphan Buri,department of highways,private/passenger car,speeding,rollover/fallen on curved road,1,0,1,rainy,14.40219563,100.1629516,wide curve,no slope,2022-09-06T13:40:00Z
6981967,6.09.2022 21:58,26.09.2022 09:22,Bangkok,expressway authority of thailand,other,other,collision with obstruction (on road surface),1,0,2,rainy,13.72626288,100.5524935,straight road,other,2022-09-06T14:58:00Z
6995006,6.09.2022 22:15,28.09.2022 10:27,Phrae,department of highways,4-wheel pickup truck,speeding,rollover/fallen on straight road,1,0,0,clear,18.16108792,100.1768911,other,other,2022-09-06T15:15:00Z
7446816,6.09.2022 23:20,9.12.2022 11:06,Samut Songkhram,department of highways,private/passenger car,speeding,rollover/fallen on curved road,1,0,0,rainy,13.47125347,99.96059071,wide curve,no slope,2022-09-06T16:20:00Z
6890658,6.09.2022 23:55,12.09.2022 14:43,Samut Prakan,department of rural roads,motorcycle,unfamiliarity with the route/unskilled driving,other,2,0,1,rainy,13.659548,100.539712,straight road,slope area,2022-09-06T16:55:00Z
6895999,7.09.2022 00:10,13.09.2022 10:32,Chanthaburi,department of highways,4-wheel pickup truck,speeding,rollover/fallen on straight road,1,0,14,rainy,12.63962381,102.093257,other,other,2022-09-06T17:10:00Z
6855477,7.09.2022 00:52,7.09.2022 02:10,Bangkok,expressway authority of thailand,other,other,collision with obstruction (on road surface),1,0,0,rainy,13.82478099,100.5462972,wide curve,other,2022-09-06T17:52:00Z
7001537,7.09.2022 01:00,29.09.2022 10:15,Sakon Nakhon,department of highways,private/passenger car,speeding,rollover/fallen on straight road,1,0,0,clear,17.69826564,103.7208107,straight road,no slope,2022-09-06T18:00:00Z
6982259,7.09.2022 01:29,26.09.2022 10:23,Bangkok,expressway authority of thailand,other,other,collision with obstruction (on road surface),1,0,0,clear,13.66439414,100.6523134,straight road,other,2022-09-06T18:29:00Z
7008767,7.09.2022 02:00,30.09.2022 14:03,Buri Ram,department of highways,4-wheel pickup truck,speeding,rollover/fallen on straight road,1,0,0,clear,14.70891145,102.4652848,straight road,no slope,2022-09-06T19:00:00Z
7514178,7.09.2022 02:00,28.12.2022 09:23,Chiang Rai,department of highways,private/passenger car,speeding,rollover/fallen on curved road,1,0,1,clear,20.18902561,100.4060134,wide curve,no slope,2022-09-06T19:00:00Z
6857323,7.09.2022 02:06,7.09.2022 10:19,Bangkok,department of highways,private/passenger car,speeding,rollover/fallen on straight road,1,0,0,rainy,13.7367744,100.6689611,straight road,no slope,2022-09-06T19:06:00Z
7033167,7.09.2022 02:10,4.10.2022 08:45,Bangkok,department of highways,private/passenger car,speeding,rollover/fallen on straight road,1,0,1,clear,13.92553347,100.6047571,straight road,no slope,2022-09-06T19:10:00Z
6895937,7.09.2022 02:57,13.09.2022 10:24,Chon Buri,department of highways,4-wheel pickup truck,speeding,rollover/fallen on straight road,1,0,0,clear,13.4034511,101.0363003,straight road,no slope,2022-09-06T19:57:00Z
6857460,7.09.2022 03:05,7.09.2022 10:42,Bangkok,department of highways,4-wheel pickup truck,speeding,rollover/fallen on curved road,1,0,1,rainy,13.73295211,100.7055196,other,other,2022-09-06T20:05:00Z
7033198,7.09.2022 04:00,4.10.2022 08:52,Nonthaburi,department of highways,4-wheel pickup truck,speeding,rollover/fallen on straight road,1,0,0,clear,13.87873303,100.4339138,other,other,2022-09-06T21:00:00Z
7567499,7.09.2022 04:00,23.01.2023 16:20,Rayong,department of highways,van,speeding,rollover/fallen on straight road,1,0,1,rainy,12.78346413,101.1615917,straight road,no slope,2022-09-06T21:00:00Z
7000758,7.09.2022 04:45,29.09.2022 07:15,Kanchanaburi,department of highways,4-wheel pickup truck,debris/obstruction on the road,collision with obstruction (on road surface),1,0,1,rainy,14.44993244,98.8631907,straight road,no slope,2022-09-06T21:45:00Z
7185568,7.09.2022 05:00,27.10.2022 09:06,Nakhon Ratchasima,department of highways,4-wheel pickup truck,speeding,rollover/fallen on straight road,1,0,0,clear,15.53823121,102.5457617,straight road,no slope,2022-09-06T22:00:00Z
7514055,7.09.2022 05:00,28.12.2022 09:25,Chiang Rai,department of highways,4-wheel pickup truck,speeding,rollover/fallen on curved road,1,0,1,clear,20.31410072,100.379878,wide curve,no slope,2022-09-06T22:00:00Z
7567469,7.09.2022 05:10,23.01.2023 15:58,Rayong,department of highways,large truck with trailer,speeding,rollover/fallen on straight road,1,0,2,rainy,12.85548548,101.0936323,straight road,no slope,2022-09-06T22:10:00Z
7179751,7.09.2022 05:30,26.10.2022 13:44,Kalasin,department of highways,4-wheel pickup truck,falling asleep,rollover/fallen on straight road,1,0,0,clear,16.41013874,103.6226392,straight road,no slope,2022-09-06T22:30:00Z
7132268,7.09.2022 06:30,19.10.2022 10:50,Nakhon Si Thammarat,department of highways,4-wheel pickup truck,speeding,rollover/fallen on straight road,1,0,1,clear,8.17499966,99.63292299,straight road,no slope,2022-09-06T23:30:00Z
7054206,7.09.2022 06:31,7.10.2022 10:39,Chon Buri,department of highways,4-wheel pickup truck,speeding,rollover/fallen on curved road,1,0,1,rainy,12.95426007,100.972327,wide curve,no slope,2022-09-06T23:31:00Z
7439506,7.09.2022 07:05,7.12.2022 14:19,Surat Thani,department of highways,motorcycle,cutting in closely by people/vehicles/animals,head-on collision (not overtaking),2,0,0,clear,8.955062666,99.163464,other,other,2022-09-07T00:05:00Z
7512744,7.09.2022 07:20,27.12.2022 14:42,Kamphaeng Phet,department of highways,private/passenger car,speeding,rollover/fallen on straight road,1,0,1,clear,16.56202974,99.5078945,straight road,no slope,2022-09-07T00:20:00Z
7331966,7.09.2022 07:30,7.09.2022 11:24,Samut Prakan,department of highways,4-wheel pickup truck,speeding,rollover/fallen on straight road,1,0,1,rainy,13.55730764,100.6923607,straight road,no slope,2022-09-07T00:30:00Z
7001033,7.09.2022 07:55,29.09.2022 08:06,Ang Thong,department of highways,motorcycle,cutting in closely by people/vehicles/animals,rear-end collision,2,0,1,rainy,14.57399958,100.4888695,straight road,no slope,2022-09-07T00:55:00Z
6857245,7.09.2022 08:28,7.09.2022 10:04,Bangkok,department of highways,private/passenger car,speeding,rear-end collision,3,0,0,clear,13.73091718,100.7182011,straight road,no slope,2022-09-07T01:28:00Z
6994775,7.09.2022 08:50,28.09.2022 09:40,Phrae,department of highways,6-wheel truck,cutting in closely by people/vehicles/animals,rear-end collision,2,0,1,clear,18.19865776,100.1928878,connecting to public/commercial area,other,2022-09-07T01:50:00Z
7001442,7.09.2022 09:00,29.09.2022 09:55,Nakhon Sawan,department of highways,4-wheel pickup truck,running red lights/traffic signals,rear-end collision,2,0,1,clear,15.35199348,100.5035546,other,other,2022-09-07T02:00:00Z
7566947,7.09.2022 09:00,23.01.2023 07:30,Chon Buri,department of highways,4-wheel pickup truck,speeding,rollover/fallen on curved road,1,0,2,clear,13.30433101,101.1792327,wide curve,no slope,2022-09-07T02:00:00Z
6890661,7.09.2022 09:30,12.09.2022 14:43,Bangkok,department of rural roads,private/passenger car,speeding,other,2,0,1,rainy,13.671498,100.538741,straight road,slope area,2022-09-07T02:30:00Z
6989776,7.09.2022 09:30,27.09.2022 15:02,Rayong,department of highways,6-wheel truck,speeding,rollover/fallen on straight road,1,0,0,rainy,12.7835923,101.1614683,straight road,no slope,2022-09-07T02:30:00Z
7008673,7.09.2022 09:30,30.09.2022 13:45,Nakhon Ratchasima,department of highways,private/passenger car,speeding,rollover/fallen on straight road,1,0,0,clear,14.4391869,101.8822825,straight road,no slope,2022-09-07T02:30:00Z
7414854,7.09.2022 10:00,25.11.2022 14:32,Phetchabun,department of highways,4-wheel pickup truck,speeding,rear-end collision,2,0,2,clear,16.83492444,101.2519231,other,other,2022-09-07T03:00:00Z
7107630,7.09.2022 10:10,15.10.2022 18:13,Phetchabun,department of highways,4-wheel pickup truck,speeding,rear-end collision,2,0,2,clear,16.83557396,101.2525561,other,other,2022-09-07T03:10:00Z
7566533,7.09.2022 10:30,21.01.2023 14:55,Phangnga,department of highways,4-wheel pickup truck,speeding,rollover/fallen on straight road,1,0,1,rainy,8.307260661,98.38767527,wide curve,slope area,2022-09-07T03:30:00Z
7007440,7.09.2022 10:45,30.09.2022 09:30,Yala,department of highways,private/passenger car,speeding,rollover/fallen on curved road,1,0,2,clear,6.331280555,101.3001144,wide curve,slope area,2022-09-07T03:45:00Z
7016331,7.09.2022 11:00,1.10.2022 15:00,Uttaradit,department of highways,motorcycle,cutting in closely by people/vehicles/animals,rear-end collision,2,0,1,clear,17.19701316,99.99341993,connecting to public/commercial area,other,2022-09-07T04:00:00Z
7042044,7.09.2022 11:30,5.10.2022 14:33,Bangkok,department of highways,other,speeding,rollover/fallen on straight road,1,0,0,clear,13.79525252,100.6825331,other,other,2022-09-07T04:30:00Z
6889031,7.09.2022 11:40,12.09.2022 09:18,Rayong,department of rural roads,motorcycle,speeding,other,2,0,3,clear,12.854346,101.122519,four-way intersection,other,2022-09-07T04:40:00Z
7186148,7.09.2022 11:50,27.10.2022 10:55,Sa Kaeo,department of highways,4-wheel pickup truck,speeding,rollover/fallen on straight road,1,0,0,clear,13.69360789,102.5008535,straight road,no slope,2022-09-07T04:50:00Z
7560617,7.09.2022 12:00,16.01.2023 10:09,Phetchabun,department of highways,large truck with trailer,speeding,rollover/fallen on curved road,1,0,1,clear,17.06053348,101.4679402,wide curve,slope area,2022-09-07T05:00:00Z
7008265,7.09.2022 12:50,30.09.2022 12:26,Phatthalung,department of highways,4-wheel pickup truck,speeding,rear-end collision,2,0,0,rainy,7.609147879,100.0539037,straight road,no slope,2022-09-07T05:50:00Z
6863458,7.09.2022 13:20,8.09.2022 10:13,Chachoengsao,department of highways,private/passenger car,speeding,rear-end collision,2,0,0,clear,13.53124975,101.015642,straight road,no slope,2022-09-07T06:20:00Z
6989618,7.09.2022 13:20,27.09.2022 14:34,Rayong,department of highways,large truck with trailer,speeding,rollover/fallen on straight road,1,0,0,rainy,12.78315025,101.1619055,straight road,no slope,2022-09-07T06:20:00Z
7040708,7.09.2022 13:20,5.10.2022 10:16,Rayong,department of highways,large truck with trailer,speeding,rollover/fallen on straight road,1,0,0,rainy,12.78536576,101.1597061,straight road,no slope,2022-09-07T06:20:00Z
7000633,7.09.2022 13:30,29.09.2022 06:54,Nakhon Sawan,department of highways,4-wheel pickup truck,vehicle equipment failure,rollover/fallen on straight road,1,0,0,clear,15.76861052,100.1148838,straight road,no slope,2022-09-07T06:30:00Z
6863226,7.09.2022 14:37,8.09.2022 09:33,Bangkok,department of highways,private/passenger car,speeding,rear-end collision,6,0,0,clear,13.74101089,100.6443331,straight road,no slope,2022-09-07T07:37:00Z
7007713,7.09.2022 15:00,30.09.2022 10:35,Narathiwat,department of highways,4-wheel pickup truck,speeding,rollover/fallen on straight road,1,1,3,clear,6.313861598,101.7461818,straight road,no slope,2022-09-07T08:00:00Z
6870917,7.09.2022 15:25,9.09.2022 14:59,Nakhon Si Thammarat,department of highways,6-wheel truck,speeding,rollover/fallen on straight road,1,0,0,clear,8.984134628,99.89196269,straight road,no slope,2022-09-07T08:25:00Z
7034123,7.09.2022 15:27,4.10.2022 11:16,Samut Sakhon,department of highways,4-wheel pickup truck,speeding,rear-end collision,2,0,0,clear,13.54111208,100.2337727,straight road,no slope,2022-09-07T08:27:00Z
7473736,7.09.2022 15:30,20.12.2022 12:27,Kanchanaburi,department of highways,4-wheel pickup truck,unfamiliarity with the route/unskilled driving,rollover/fallen on curved road,1,0,2,rainy,14.41926329,99.15151744,wide curve,no slope,2022-09-07T08:30:00Z
7173312,7.09.2022 15:35,25.10.2022 14:54,Phetchabun,department of highways,6-wheel truck,vehicle equipment failure,rollover/fallen on curved road,1,0,0,clear,16.99293462,101.3863849,wide curve,no slope,2022-09-07T08:35:00Z
7000634,7.09.2022 18:00,29.09.2022 06:50,Samut Songkhram,department of highways,4-wheel pickup truck,vehicle equipment failure,rollover/fallen on straight road,1,0,0,rainy,13.34550271,99.88224505,straight road,no slope,2022-09-07T11:00:00Z
7414466,7.09.2022 18:30,28.11.2022 14:37,Udon Thani,department of highways,tractor/agricultural vehicle,cutting in closely by people/vehicles/animals,head-on collision (not overtaking),2,0,0,clear,17.46715008,103.0168891,other,other,2022-09-07T11:30:00Z
6988387,7.09.2022 19:00,27.09.2022 09:49,Lamphun,department of highways,7-10-wheel truck,driving without headlights/illumination,rollover/fallen on straight road,1,0,1,clear,17.89146427,98.91790776,straight road,no slope,2022-09-07T12:00:00Z
7414654,7.09.2022 19:15,29.11.2022 09:24,Prachuap Khiri Khan,department of highways,motorcycle,speeding,rear-end collision,2,0,0,clear,11.19135559,99.50353859,wide curve,no slope,2022-09-07T12:15:00Z
6989503,7.09.2022 19:30,27.09.2022 14:09,Nan,department of highways,motorcycle,driving under the influence of alcohol,rear-end collision,2,0,1,clear,18.88162268,100.7480863,straight road,no slope,2022-09-07T12:30:00Z
6943664,7.09.2022 20:45,20.09.2022 10:35,Chon Buri,department of highways,private/passenger car,speeding,rollover/fallen on straight road,1,0,0,clear,13.36589727,101.0395834,straight road,no slope,2022-09-07T13:45:00Z
7568139,7.09.2022 20:45,24.01.2023 10:04,Prachuap Khiri Khan,department of highways,6-wheel truck,falling asleep,rollover/fallen on straight road,1,0,0,clear,11.44351437,99.56414579,straight road,no slope,2022-09-07T13:45:00Z
7007798,7.09.2022 21:30,30.09.2022 10:50,Nakhon Ratchasima,department of highways,motorcycle,speeding,collision with obstruction (on road surface),1,0,1,clear,14.58629863,101.3999623,straight road,no slope,2022-09-07T14:30:00Z
6876675,7.09.2022 21:40,10.09.2022 09:25,Pathum Thani,department of highways,4-wheel pickup truck,speeding,rear-end collision,2,0,0,rainy,13.92015222,100.7046237,straight road,no slope,2022-09-07T14:40:00Z
6895956,7.09.2022 21:40,13.09.2022 10:29,Chon Buri,department of highways,4-wheel pickup truck,speeding,rear-end collision,2,0,0,rainy,13.35720728,101.0100362,straight road,no slope,2022-09-07T14:40:00Z
6863456,7.09.2022 22:05,8.09.2022 10:13,Bangkok,department of highways,6-wheel truck,speeding,rollover/fallen on straight road,1,0,0,clear,13.6978191,100.6994793,straight road,no slope,2022-09-07T15:05:00Z
7055036,7.09.2022 22:11,7.10.2022 13:25,Bangkok,department of highways,private/passenger car,speeding,rollover/fallen on straight road,1,0,0,rainy,13.73244664,100.7860851,straight road,no slope,2022-09-07T15:11:00Z
6889576,7.09.2022 22:20,12.09.2022 11:10,Bangkok,department of highways,private/passenger car,speeding,rollover/fallen on straight road,1,0,1,rainy,13.65822399,100.6926396,straight road,no slope,2022-09-07T15:20:00Z
7055039,7.09.2022 23:20,7.10.2022 13:23,Bangkok,department of highways,4-wheel pickup truck,speeding,rollover/fallen on straight road,1,0,0,rainy,13.72131813,100.8145755,straight road,no slope,2022-09-07T16:20:00Z
7008260,7.09.2022 23:29,30.09.2022 12:27,Surat Thani,department of highways,4-wheel pickup truck,speeding,rollover/fallen on straight road,1,0,0,rainy,8.91694475,98.89265208,straight road,no slope,2022-09-07T16:29:00Z
6981969,7.09.2022 23:41,26.09.2022 09:23,Bangkok,expressway authority of thailand,other,other,side collision,4,0,1,other,13.73430978,100.551604,straight road,other,2022-09-07T16:41:00Z
6864533,7.09.2022 23:59,8.09.2022 14:21,Bangkok,department of highways,private/passenger car,speeding,rear-end collision,2,0,1,rainy,13.7321939,100.7824561,straight road,no slope,2022-09-07T16:59:00Z
7515379,8.09.2022 00:05,28.12.2022 19:46,Bangkok,department of highways,passenger pickup truck,speeding,rear-end collision,2,0,0,clear,13.76433811,100.5481308,other,other,2022-09-07T17:05:00Z
7124593,8.09.2022 00:10,18.10.2022 09:53,Rayong,department of highways,large truck with trailer,speeding,rollover/fallen on straight road,1,0,0,clear,12.81354842,101.3035422,straight road,no slope,2022-09-07T17:10:00Z
6861105,8.09.2022 00:17,8.09.2022 00:49,Bangkok,expressway authority of thailand,other,other,collision with obstruction (on road surface),1,0,0,rainy,13.72322148,100.5176317,wide curve,other,2022-09-07T17:17:00Z
7000537,8.09.2022 00:18,29.09.2022 06:39,Chon Buri,department of highways,4-wheel pickup truck,other,rollover/fallen on straight road,1,0,0,clear,13.10409058,100.9164297,straight road,no slope,2022-09-07T17:18:00Z
7565558,8.09.2022 00:30,20.01.2023 12:00,Chachoengsao,department of highways,private/passenger car,speeding,rear-end collision,3,1,2,rainy,13.72972644,101.0318774,other,other,2022-09-07T17:30:00Z
6917684,8.09.2022 00:43,16.09.2022 12:26,Chiang Mai,department of rural roads,private/passenger car,speeding,other,1,0,0,clear,18.809898,99.025966,four-way intersection,other,2022-09-07T17:43:00Z
6863514,8.09.2022 01:00,8.09.2022 10:23,Bangkok,department of highways,private/passenger car,speeding,rollover/fallen on straight road,1,0,0,rainy,13.71958796,100.7003751,straight road,no slope,2022-09-07T18:00:00Z
7331974,8.09.2022 01:30,20.10.2022 11:02,Sukhothai,department of highways,private/passenger car,falling asleep,rollover/fallen on straight road,1,0,1,clear,17.01368518,99.75975929,straight road,no slope,2022-09-07T18:30:00Z
7074909,8.09.2022 02:00,10.10.2022 15:59,Chumphon,department of highways,4-wheel pickup truck,speeding,rollover/fallen on straight road,1,0,1,rainy,10.49146993,99.12205337,straight road,no slope,2022-09-07T19:00:00Z
6982344,8.09.2022 02:21,26.09.2022 10:41,Samut Prakan,expressway authority of thailand,7-10-wheel truck,other,collision with obstruction (on road surface),2,0,0,rainy,13.637099,100.547235,grade-separated intersection/ramps,other,2022-09-07T19:21:00Z
7521750,8.09.2022 02:30,30.12.2022 11:20,Udon Thani,department of highways,4-wheel pickup truck,speeding,rollover/fallen on straight road,1,0,1,clear,17.46715008,103.0168837,other,other,2022-09-07T19:30:00Z
7567331,8.09.2022 02:30,23.01.2023 14:08,Phangnga,department of highways,4-wheel pickup truck,speeding,rollover/fallen on straight road,1,0,0,rainy,8.738130406,98.25601636,wide curve,no slope,2022-09-07T19:30:00Z
7054205,8.09.2022 03:20,7.10.2022 10:37,Chon Buri,department of highways,4-wheel pickup truck,speeding,rollover/fallen on straight road,1,0,2,clear,13.19936068,101.0013029,straight road,no slope,2022-09-07T20:20:00Z
6888904,8.09.2022 03:55,12.09.2022 08:50,Bangkok,department of highways,4-wheel pickup truck,speeding,rollover/fallen on straight road,1,0,0,clear,13.83094909,100.6740251,straight road,no slope,2022-09-07T20:55:00Z
7413743,8.09.2022 04:00,25.11.2022 13:42,Kamphaeng Phet,department of highways,4-wheel pickup truck,vehicle equipment failure,rollover/fallen on straight road,1,0,0,clear,16.09932473,99.72095309,straight road,no slope,2022-09-07T21:00:00Z
6963439,8.09.2022 05:10,23.09.2022 11:42,Chumphon,department of highways,4-wheel pickup truck,speeding,rollover/fallen on curved road,1,0,0,rainy,10.85939601,99.24699871,wide curve,no slope,2022-09-07T22:10:00Z
7171570,8.09.2022 05:20,25.10.2022 09:53,Ratchaburi,department of highways,private/passenger car,speeding,rollover/fallen on straight road,1,0,0,clear,13.40253528,99.81387554,straight road,no slope,2022-09-07T22:20:00Z
6870771,8.09.2022 05:50,9.09.2022 14:39,Chumphon,department of highways,4-wheel pickup truck,speeding,rollover/fallen on straight road,1,2,1,rainy,10.94554749,99.29796873,straight road,no slope,2022-09-07T22:50:00Z
7472275,8.09.2022 06:15,19.12.2022 16:09,Pattani,department of highways,4-wheel pickup truck,speeding,rollover/fallen on straight road,2,0,3,rainy,6.840313436,101.1736241,straight road,no slope,2022-09-07T23:15:00Z
7074026,8.09.2022 06:20,10.10.2022 13:37,Ang Thong,department of highways,4-wheel pickup truck,speeding,rollover/fallen on straight road,1,0,0,rainy,14.58592744,100.2789733,straight road,no slope,2022-09-07T23:20:00Z
7040927,8.09.2022 07:30,5.10.2022 10:56,Trat,department of highways,4-wheel pickup truck,falling asleep,rollover/fallen on curved road,1,0,1,rainy,12.38356233,102.3724159,wide curve,no slope,2022-09-08T00:30:00Z
7439161,8.09.2022 07:30,7.12.2022 10:48,Ubon Ratchathani,department of highways,motorcycle,cutting in closely by people/vehicles/animals,rear-end collision,2,1,0,clear,14.8900432,105.0838047,other,other,2022-09-08T00:30:00Z
7331969,8.09.2022 08:00,20.10.2022 11:46,Sukhothai,department of highways,4-wheel pickup truck,speeding,rear-end collision,2,0,1,clear,17.16849003,99.86479996,straight road,no slope,2022-09-08T01:00:00Z
7008440,8.09.2022 08:03,30.09.2022 13:00,Nakhon Ratchasima,department of highways,4-wheel pickup truck,speeding,rollover/fallen on straight road,1,0,0,rainy,14.95386524,102.0293534,straight road,no slope,2022-09-08T01:03:00Z
7000760,8.09.2022 08:15,29.09.2022 07:18,Kanchanaburi,department of highways,4-wheel pickup truck,speeding,rollover/fallen on curved road,1,0,0,rainy,14.92670334,98.66810559,wide curve,no slope,2022-09-08T01:15:00Z
7139762,8.09.2022 08:30,20.10.2022 11:53,Tak,department of highways,6-wheel truck,vehicle equipment failure,rollover/fallen on curved road,1,0,0,clear,16.76909365,98.6936134,wide curve,slope area,2022-09-08T01:30:00Z
7000959,8.09.2022 09:30,29.09.2022 07:50,Chai Nat,department of highways,other,speeding,rollover/fallen on straight road,1,0,0,clear,15.23974543,100.0494701,straight road,no slope,2022-09-08T02:30:00Z
7022285,8.09.2022 10:35,2.10.2022 14:55,Chaiyaphum,department of highways,4-wheel pickup truck,cutting in closely by people/vehicles/animals,rear-end collision,2,0,0,rainy,15.5043059,101.8202591,straight road,no slope,2022-09-08T03:35:00Z
6889035,8.09.2022 10:40,12.09.2022 09:19,Chiang Mai,department of rural roads,motorcycle,speeding,other,1,0,1,clear,19.884463,99.158018,wide curve,no slope,2022-09-08T03:40:00Z
7125049,8.09.2022 11:00,18.10.2022 11:03,Surin,department of highways,private/passenger car,speeding,rollover/fallen on straight road,1,0,0,clear,15.31332171,103.790288,straight road,no slope,2022-09-08T04:00:00Z
7007828,8.09.2022 12:00,30.09.2022 10:57,Nakhon Ratchasima,department of highways,4-wheel pickup truck,speeding,rollover/fallen on straight road,1,0,3,clear,15.14908776,101.7324167,straight road,no slope,2022-09-08T05:00:00Z
7139735,8.09.2022 12:00,20.10.2022 11:46,Kamphaeng Phet,department of highways,large truck with trailer,falling asleep,rollover/fallen on straight road,1,0,1,clear,16.49545948,99.48163299,straight road,no slope,2022-09-08T05:00:00Z
7185725,8.09.2022 12:30,27.10.2022 09:33,Nakhon Ratchasima,department of highways,4-wheel pickup truck,speeding,rear-end collision,2,1,1,clear,14.9907658,102.1962914,straight road,no slope,2022-09-08T05:30:00Z
7034152,8.09.2022 12:35,4.10.2022 11:26,Phra Nakhon Si Ayutthaya,department of highways,private/passenger car,speeding,rear-end collision,8,0,3,rainy,14.22425602,100.7014078,straight road,no slope,2022-09-08T05:35:00Z
6938510,8.09.2022 12:37,19.09.2022 15:58,Chon Buri,department of highways,private/passenger car,speeding,rear-end collision,2,0,0,rainy,13.24423258,100.9956086,straight road,no slope,2022-09-08T05:37:00Z
7055058,8.09.2022 13:30,7.10.2022 13:26,Chachoengsao,department of highways,4-wheel pickup truck,speeding,rear-end collision,2,0,0,clear,13.49824368,101.0433733,straight road,no slope,2022-09-08T06:30:00Z
6895851,8.09.2022 14:00,13.09.2022 10:08,Chanthaburi,department of highways,6-wheel truck,speeding,rollover/fallen on curved road,1,0,0,rainy,12.84556166,102.2653958,wide curve,slope area,2022-09-08T07:00:00Z