acc_code,incident_datetime,report_datetime,province_en,agency,vehicle_type,presumed_cause,accident_type,number_of_vehicles_involved,number_of_fatalities,number_of_injuries,weather_condition,latitude,longitude,road_description,slope_description,incident_time
7414935,10.09.2022 20:00,28.11.2022 10:55,Nakhon Ratchasima,department of highways,private/passenger car,speeding,rear-end collision,2,0,1,clear,15.01927705,102.1378648,straight road,no slope,2022-09-10T13:00:00Z
7133288,10.09.2022 21:30,19.10.2022 14:56,Phetchabun,department of highways,4-wheel pickup truck,speeding,rollover/fallen on straight road,1,0,1,rainy,16.93973704,101.2184143,straight road,no slope,2022-09-10T14:30:00Z
6936734,10.09.2022 21:44,19.09.2022 09:44,Pathum Thani,department of highways,private/passenger car,speeding,rear-end collision,4,0,0,clear,14.00754609,100.7050449,straight road,no slope,2022-09-10T14:44:00Z
7139674,10.09.2022 22:00,20.10.2022 11:37,Tak,department of highways,4-wheel pickup truck,speeding,rollover/fallen on straight road,1,0,0,clear,16.03324928,98.85757147,straight road,no slope,2022-09-10T15:00:00Z
7332229,10.09.2022 22:00,17.11.2022 14:00,Khon Kaen,department of highways,4-wheel pickup truck,speeding,rollover/fallen on straight road,1,0,0,rainy,16.50684156,102.4076627,straight road,no slope,2022-09-10T15:00:00Z
7425626,10.09.2022 22:40,2.12.2022 14:46,Trang,department of highways,4-wheel pickup truck,speeding,rear-end collision,2,0,1,clear,7.52310995,99.62656884,straight road,no slope,2022-09-10T15:40:00Z
7139521,11.09.2022 00:44,20.10.2022 11:06,Pathum Thani,department of highways,4-wheel pickup truck,speeding,rollover/fallen on straight road,1,0,0,clear,14.00754609,100.7050073,straight road,no slope,2022-09-10T17:44:00Z
7033168,11.09.2022 01:30,4.10.2022 08:46,Bangkok,department of highways,private/passenger car,speeding,rear-end collision,2,0,1,clear,13.73685517,100.4061127,other,other,2022-09-10T18:30:00Z
7139704,11.09.2022 01:30,20.10.2022 11:44,Tak,department of highways,4-wheel pickup truck,speeding,rollover/fallen on straight road,1,0,1,clear,16.95542902,98.56750129,straight road,no slope,2022-09-10T18:30:00Z
7446894,11.09.2022 01:35,9.12.2022 10:43,buogkan,department of highways,4-wheel pickup truck,cutting in closely by people/vehicles/animals,head-on collision (not overtaking),2,0,1,clear,18.36049522,103.6460924,other,other,2022-09-10T18:35:00Z
7140272,11.09.2022 01:49,20.10.2022 13:50,Phetchabun,department of highways,4-wheel pickup truck,speeding,rollover/fallen on straight road,1,0,1,rainy,16.46215675,101.1561388,straight road,no slope,2022-09-10T18:49:00Z
7562303,11.09.2022 02:00,18.01.2023 07:09,Nakhon Si Thammarat,department of highways,large truck with trailer,speeding,rollover/fallen on straight road,1,0,1,rainy,8.383992796,99.54983084,straight road,no slope,2022-09-10T19:00:00Z
6881623,11.09.2022 02:48,11.09.2022 03:50,Bangkok,expressway authority of thailand,other,other,collision with obstruction (on road surface),1,0,0,clear,13.74258955,100.6333301,wide curve,other,2022-09-10T19:48:00Z
7425482,11.09.2022 03:00,2.12.2022 14:58,Trang,department of highways,private/passenger car,speeding,rollover/fallen on curved road,1,0,0,clear,7.686290558,99.69460844,wide curve,no slope,2022-09-10T20:00:00Z
7556223,11.09.2022 03:50,11.01.2023 11:21,Chiang Mai,department of highways,motorcycle,speeding,rear-end collision,2,0,1,clear,18.9029924,99.00480489,straight road,no slope,2022-09-10T20:50:00Z
7001869,11.09.2022 04:00,29.09.2022 11:29,Sakon Nakhon,department of highways,private/passenger car,speeding,rollover/fallen on straight road,1,0,0,clear,17.34899986,103.9804029,straight road,no slope,2022-09-10T21:00:00Z
7008785,11.09.2022 04:00,30.09.2022 14:04,Buri Ram,department of highways,van,falling asleep,rollover/fallen on straight road,1,1,9,clear,14.69348514,102.509399,straight road,no slope,2022-09-10T21:00:00Z
7147427,11.09.2022 05:10,21.10.2022 15:07,Trang,department of highways,4-wheel pickup truck,speeding,rollover/fallen on curved road,1,1,0,clear,7.421479796,99.63654398,wide curve,no slope,2022-09-10T22:10:00Z
7568276,11.09.2022 05:25,24.01.2023 11:45,Samut Songkhram,department of highways,6-wheel truck,falling asleep,rollover/fallen on straight road,1,0,0,clear,13.4141275,100.0268537,straight road,no slope,2022-09-10T22:25:00Z
7000920,11.09.2022 05:32,29.09.2022 07:41,Ubon Ratchathani,department of highways,4-wheel pickup truck,unfamiliarity with the route/unskilled driving,rollover/fallen on curved road,1,0,1,rainy,15.38750312,104.5222762,sharp curve,no slope,2022-09-10T22:32:00Z
7139709,11.09.2022 06:30,20.10.2022 11:40,Tak,department of highways,6-wheel truck,falling asleep,rollover/fallen on straight road,1,0,2,clear,16.68459823,99.26076649,straight road,no slope,2022-09-10T23:30:00Z
6950944,11.09.2022 06:55,21.09.2022 13:59,Chanthaburi,department of highways,motorcycle,cutting in closely by people/vehicles/animals,other,2,1,0,clear,12.62767859,102.1479714,connecting to public/commercial area,other,2022-09-10T23:55:00Z
7016148,11.09.2022 07:11,1.10.2022 14:34,Phitsanulok,department of highways,4-wheel pickup truck,speeding,rollover/fallen on straight road,1,0,1,rainy,16.88504608,100.2021789,straight road,no slope,2022-09-11T00:11:00Z
7139702,11.09.2022 07:50,20.10.2022 11:43,Tak,department of highways,private/passenger car,speeding,rollover/fallen on straight road,1,1,0,rainy,16.72611083,98.56992065,straight road,no slope,2022-09-11T00:50:00Z
7564945,11.09.2022 08:50,20.01.2023 06:20,Samut Prakan,department of highways,private/passenger car,speeding,rear-end collision,2,0,1,clear,13.65211461,100.677284,straight road,no slope,2022-09-11T01:50:00Z
6918867,11.09.2022 10:30,16.09.2022 14:52,Phrae,department of highways,private/passenger car,falling asleep,rollover/fallen on straight road,1,0,1,clear,18.17833848,100.1824191,straight road,no slope,2022-09-11T03:30:00Z
7440858,11.09.2022 10:30,8.12.2022 07:03,Suphan Buri,department of highways,4-wheel pickup truck,speeding,rollover/fallen on straight road,1,0,0,clear,14.45891912,100.1040503,straight road,no slope,2022-09-11T03:30:00Z
7331983,11.09.2022 11:45,3.11.2022 14:54,Surin,department of highways,6-wheel truck,using mobile phone while driving,rear-end collision,2,0,0,clear,14.60924882,103.5368189,straight road,no slope,2022-09-11T04:45:00Z
6911430,11.09.2022 12:18,15.09.2022 15:47,Prachuap Khiri Khan,department of highways,4-wheel pickup truck,speeding,rollover/fallen on straight road,1,0,3,clear,11.90341963,99.79598253,straight road,no slope,2022-09-11T05:18:00Z
7555963,11.09.2022 12:35,11.01.2023 09:12,Chiang Rai,department of highways,6-wheel truck,speeding,rollover/fallen on straight road,1,0,0,clear,20.34366877,99.88702475,other,other,2022-09-11T05:35:00Z
7053979,11.09.2022 12:40,7.10.2022 09:51,Chon Buri,department of highways,motorcycle,speeding,rollover/fallen on straight road,1,0,1,clear,13.11397296,100.9640765,straight road,no slope,2022-09-11T05:40:00Z
7008117,11.09.2022 14:00,30.09.2022 12:03,Surat Thani,department of highways,7-10-wheel truck,vehicle equipment failure,rollover/fallen on straight road,1,0,0,clear,8.511631106,99.34922038,other,other,2022-09-11T07:00:00Z
7016240,11.09.2022 14:30,1.10.2022 14:45,Uttaradit,department of highways,4-wheel pickup truck,speeding,rollover/fallen on straight road,1,0,0,rainy,17.81554187,100.1031142,straight road,slope area,2022-09-11T07:30:00Z
7568137,11.09.2022 16:27,24.01.2023 10:02,Prachuap Khiri Khan,department of highways,4-wheel pickup truck,speeding,rollover/fallen on straight road,1,0,2,clear,12.09258223,99.85407381,straight road,no slope,2022-09-11T09:27:00Z
6916558,11.09.2022 18:14,16.09.2022 09:29,Chanthaburi,department of highways,4-wheel pickup truck,speeding,rollover/fallen on curved road,1,0,0,rainy,12.73177472,102.0824289,wide curve,slope area,2022-09-11T11:14:00Z
7185610,11.09.2022 18:30,27.10.2022 09:12,Nakhon Ratchasima,department of highways,private/passenger car,speeding,rollover/fallen on straight road,1,0,0,clear,15.11609098,102.1930432,other,other,2022-09-11T11:30:00Z
7139094,11.09.2022 18:55,20.10.2022 09:42,Sukhothai,department of highways,4-wheel pickup truck,speeding,rollover/fallen on straight road,1,0,0,clear,17.01386471,99.80838774,straight road,no slope,2022-09-11T11:55:00Z
6982592,11.09.2022 19:00,26.09.2022 11:26,Chiang Mai,department of highways,motorcycle,speeding,rollover/fallen on straight road,1,1,0,rainy,19.07290451,99.12917464,straight road,no slope,2022-09-11T12:00:00Z
6989651,11.09.2022 20:00,27.09.2022 14:41,Nan,department of highways,private/passenger car,falling asleep,collision with obstruction (on road surface),1,0,1,clear,19.17871053,100.9162366,straight road,no slope,2022-09-11T13:00:00Z
7133083,11.09.2022 20:00,19.10.2022 14:13,Surat Thani,department of highways,other,speeding,rollover/fallen on straight road,1,0,0,clear,9.113288847,99.26577686,straight road,no slope,2022-09-11T13:00:00Z
6996220,11.09.2022 20:15,28.09.2022 14:54,Yasothon,department of highways,motorcycle,speeding,rear-end collision,2,1,0,clear,16.23747431,104.5270532,straight road,no slope,2022-09-11T13:15:00Z
7016303,11.09.2022 20:30,1.10.2022 14:56,Uttaradit,department of highways,4-wheel pickup truck,speeding,rollover/fallen on straight road,1,0,0,clear,17.64363606,100.039283,straight road,no slope,2022-09-11T13:30:00Z
7147429,11.09.2022 21:00,21.10.2022 15:08,Songkhla,department of highways,motorcycle,speeding,rear-end collision,2,0,1,clear,6.75539643,100.4556611,straight road,no slope,2022-09-11T14:00:00Z
6902779,11.09.2022 21:25,14.09.2022 09:50,Nong Khai,department of rural roads,motorcycle,speeding,other,1,1,0,clear,17.997235,103.100865,wide curve,no slope,2022-09-11T14:25:00Z
7047027,11.09.2022 22:15,6.10.2022 09:09,Suphan Buri,department of highways,motorcycle,speeding,rear-end collision,2,0,1,clear,14.48636262,100.0435611,straight road,no slope,2022-09-11T15:15:00Z
6951278,11.09.2022 22:30,21.09.2022 15:08,Surat Thani,department of highways,4-wheel pickup truck,speeding,rollover/fallen on straight road,1,0,0,clear,9.102451628,99.32201742,straight road,no slope,2022-09-11T15:30:00Z
7040847,11.09.2022 23:00,5.10.2022 10:43,Chanthaburi,department of highways,4-wheel pickup truck,speeding,rollover/fallen on straight road,1,0,2,clear,12.63022786,102.1014404,straight road,no slope,2022-09-11T16:00:00Z
6989455,11.09.2022 23:30,27.09.2022 13:55,Nan,department of highways,4-wheel pickup truck,speeding,rollover/fallen on straight road,1,0,1,clear,18.79610489,100.7792723,other,other,2022-09-11T16:30:00Z
6887165,11.09.2022 23:48,12.09.2022 00:57,Bangkok,expressway authority of thailand,other,other,rear-end collision,2,0,3,rainy,13.71464863,100.5201868,wide curve,other,2022-09-11T16:48:00Z
6994567,11.09.2022 23:59,28.09.2022 09:07,Phayao,department of highways,private/passenger car,speeding,rollover/fallen on curved road,1,1,1,clear,19.35429883,100.041646,wide curve,no slope,2022-09-11T16:59:00Z
6982320,12.09.2022 00:00,26.09.2022 10:35,Chiang Mai,department of highways,private/passenger car,speeding,rear-end collision,2,0,0,clear,18.80546401,99.01773153,straight road,no slope,2022-09-11T17:00:00Z
7142351,12.09.2022 00:00,20.10.2022 20:55,Krabi,department of highways,4-wheel pickup truck,speeding,rollover/fallen on straight road,1,0,1,clear,8.119255026,98.87186496,straight road,no slope,2022-09-11T17:00:00Z
7147155,12.09.2022 00:00,21.10.2022 14:18,Krabi,department of highways,4-wheel pickup truck,speeding,rollover/fallen on straight road,1,0,0,clear,8.041884756,99.08087878,wide curve,no slope,2022-09-11T17:00:00Z
7040899,12.09.2022 00:20,5.10.2022 10:54,Trat,department of highways,4-wheel pickup truck,speeding,rollover/fallen on straight road,1,0,0,clear,12.26701273,102.4989545,straight road,no slope,2022-09-11T17:20:00Z
7565046,12.09.2022 01:00,20.01.2023 07:38,Pathum Thani,department of highways,4-wheel pickup truck,running red lights/traffic signals,rear-end collision,2,1,0,clear,14.12590877,100.6184846,straight road,no slope,2022-09-11T18:00:00Z
7414615,12.09.2022 02:00,29.11.2022 09:00,Nakhon Ratchasima,department of highways,4-wheel pickup truck,driving under the influence of alcohol,collision with obstruction (on road surface),1,0,0,clear,14.66649298,102.1910798,straight road,no slope,2022-09-11T19:00:00Z
7054064,12.09.2022 02:21,7.10.2022 10:12,Chon Buri,department of highways,private/passenger car,speeding,rollover/fallen on curved road,1,0,1,rainy,12.95493185,100.9729332,wide curve,no slope,2022-09-11T19:21:00Z
7139672,12.09.2022 02:30,20.10.2022 11:37,Kamphaeng Phet,department of highways,4-wheel pickup truck,speeding,rollover/fallen on straight road,1,0,0,clear,16.21282021,99.70304398,straight road,no slope,2022-09-11T19:30:00Z
7034060,12.09.2022 02:50,4.10.2022 11:05,Chumphon,department of highways,7-10-wheel truck,speeding,rear-end collision,2,0,1,clear,9.949441364,99.06348465,other,other,2022-09-11T19:50:00Z
7186887,12.09.2022 05:30,27.10.2022 13:33,Sa Kaeo,department of highways,4-wheel pickup truck,speeding,rollover/fallen on straight road,1,0,0,clear,13.78769055,102.5453997,other,other,2022-09-11T22:30:00Z
6888907,12.09.2022 05:36,12.09.2022 08:50,Pathum Thani,department of highways,large truck with trailer,speeding,rear-end collision,2,0,1,clear,14.06537566,100.6969473,straight road,no slope,2022-09-11T22:36:00Z
7008155,12.09.2022 06:20,30.09.2022 12:10,Phatthalung,department of highways,4-wheel pickup truck,speeding,rollover/fallen on straight road,1,0,2,clear,7.536338875,100.0425821,straight road,no slope,2022-09-11T23:20:00Z
6889726,12.09.2022 06:24,12.09.2022 11:36,Bangkok,department of highways,private/passenger car,speeding,rear-end collision,2,0,0,rainy,13.73121422,100.7154867,straight road,no slope,2022-09-11T23:24:00Z
7008504,12.09.2022 06:30,30.09.2022 13:13,Chumphon,department of highways,4-wheel pickup truck,speeding,rollover/fallen on straight road,1,0,1,clear,10.09025953,99.07772718,straight road,no slope,2022-09-11T23:30:00Z
7562290,12.09.2022 06:30,18.01.2023 06:47,Nakhon Si Thammarat,department of highways,4-wheel pickup truck,speeding,rollover/fallen on straight road,1,0,0,clear,8.161451202,99.71551894,straight road,no slope,2022-09-11T23:30:00Z
6988673,12.09.2022 08:00,27.09.2022 10:45,Chiang Rai,department of highways,4-wheel pickup truck,speeding,rollover/fallen on straight road,1,0,2,rainy,19.7687784,99.73685055,straight road,no slope,2022-09-12T01:00:00Z
7040660,12.09.2022 08:00,5.10.2022 10:00,Chon Buri,department of highways,4-wheel pickup truck,speeding,rollover/fallen on straight road,1,0,1,clear,13.11543321,101.1570024,straight road,no slope,2022-09-12T01:00:00Z
6958153,12.09.2022 08:12,22.09.2022 16:23,Chon Buri,department of highways,large truck with trailer,cutting in closely by people/vehicles/animals,rear-end collision,2,0,0,clear,13.10592707,100.9214803,straight road,no slope,2022-09-12T01:12:00Z
7414233,12.09.2022 08:43,25.11.2022 14:24,Chon Buri,department of highways,motorcycle,cutting in closely by people/vehicles/animals,rear-end collision,2,0,0,clear,13.10438578,100.917339,straight road,no slope,2022-09-12T01:43:00Z
6890340,12.09.2022 08:50,12.09.2022 13:49,Samut Prakan,department of highways,private/passenger car,speeding,rear-end collision,3,0,0,clear,13.64930486,100.6872859,wide curve,no slope,2022-09-12T01:50:00Z
7048649,12.09.2022 09:06,6.10.2022 14:35,Chon Buri,department of highways,large truck with trailer,speeding,rollover/fallen on straight road,1,0,0,clear,13.11459206,100.9670243,straight road,no slope,2022-09-12T02:06:00Z
7088088,12.09.2022 10:15,11.10.2022 12:26,Chanthaburi,department of highways,motorcycle,speeding,rear-end collision,2,0,1,clear,12.64977052,102.0171761,other,other,2022-09-12T03:15:00Z
6890476,12.09.2022 10:16,12.09.2022 14:12,Bangkok,department of highways,van,speeding,rear-end collision,2,0,1,clear,13.73306415,100.7055464,other,other,2022-09-12T03:16:00Z
7054275,12.09.2022 10:30,7.10.2022 10:49,Bangkok,department of highways,private/passenger car,cutting in closely by people/vehicles/animals,rear-end collision,2,0,2,clear,13.87797529,100.6830078,straight road,no slope,2022-09-12T03:30:00Z
7139676,12.09.2022 10:30,20.10.2022 11:39,Kamphaeng Phet,department of highways,4-wheel pickup truck,speeding,rollover/fallen on curved road,1,0,1,clear,16.10317476,99.89651977,wide curve,no slope,2022-09-12T03:30:00Z
6951306,12.09.2022 11:00,21.09.2022 15:10,Chon Buri,department of highways,4-wheel pickup truck,speeding,rollover/fallen on straight road,1,0,0,clear,13.03004247,100.9963891,straight road,no slope,2022-09-12T04:00:00Z
7041985,12.09.2022 11:00,5.10.2022 14:20,Samut Prakan,department of highways,other,speeding,rollover/fallen on straight road,1,0,0,clear,13.65204944,100.6879806,straight road,no slope,2022-09-12T04:00:00Z
6911615,12.09.2022 11:30,15.09.2022 16:26,Prachuap Khiri Khan,department of highways,4-wheel pickup truck,speeding,rollover/fallen on straight road,1,0,0,clear,12.56845204,99.90121095,straight road,no slope,2022-09-12T04:30:00Z
7000422,12.09.2022 11:30,29.09.2022 06:16,Saraburi,department of highways,4-wheel pickup truck,speeding,rollover/fallen on straight road,1,0,1,clear,14.53161996,100.9415191,straight road,no slope,2022-09-12T04:30:00Z
6897411,12.09.2022 11:50,13.09.2022 14:52,Suphan Buri,department of highways,6-wheel truck,speeding,collision with obstruction (on road surface),2,1,4,clear,14.44556104,100.127458,straight road,no slope,2022-09-12T04:50:00Z
7000891,12.09.2022 11:50,29.09.2022 07:39,Ubon Ratchathani,department of highways,6-wheel truck,speeding,other,1,0,0,clear,15.44309341,104.9527439,straight road,no slope,2022-09-12T04:50:00Z
7192611,12.09.2022 11:50,28.10.2022 09:12,Saraburi,department of rural roads,motorcycle,falling asleep,other,1,1,0,clear,14.51056,100.82594,straight road,no slope,2022-09-12T04:50:00Z
7553846,12.09.2022 12:15,7.01.2023 16:18,Pattani,department of highways,private/passenger car,speeding,rear-end collision,2,0,2,clear,6.854965681,101.3765547,other,other,2022-09-12T05:15:00Z
7008116,12.09.2022 14:00,30.09.2022 12:01,Surat Thani,department of highways,4-wheel pickup truck,vehicle equipment failure,rollover/fallen on straight road,1,0,0,clear,8.754980268,99.33148562,straight road,no slope,2022-09-12T07:00:00Z
7007467,12.09.2022 14:15,30.09.2022 09:36,Yala,department of highways,4-wheel pickup truck,speeding,rollover/fallen on straight road,1,0,1,rainy,6.484418738,101.0353616,straight road,no slope,2022-09-12T07:15:00Z
7040439,12.09.2022 15:00,5.10.2022 09:25,Yasothon,department of highways,three-wheeled vehicle,speeding,rear-end collision,2,1,0,clear,15.83997005,104.1060296,straight road,no slope,2022-09-12T08:00:00Z
7000389,12.09.2022 16:25,29.09.2022 06:12,Nakhon Sawan,department of highways,private/passenger car,speeding,rollover/fallen on straight road,1,0,0,clear,15.67269374,100.1264468,straight road,no slope,2022-09-12T09:25:00Z
7425294,12.09.2022 16:30,2.12.2022 14:11,Trang,department of highways,4-wheel pickup truck,speeding,other,1,0,4,rainy,7.540404528,99.75233226,wide curve,no slope,2022-09-12T09:30:00Z
7124586,12.09.2022 17:00,18.10.2022 09:52,Rayong,department of highways,large passenger vehicle,speeding,rollover/fallen on straight road,1,0,0,clear,12.86691289,101.5879422,other,other,2022-09-12T10:00:00Z
7008071,12.09.2022 18:30,30.09.2022 11:52,Surat Thani,department of highways,other,speeding,rollover/fallen on straight road,1,0,0,rainy,8.959646297,99.01169656,straight road,no slope,2022-09-12T11:30:00Z
7331984,12.09.2022 19:00,29.09.2022 07:00,Chachoengsao,department of highways,large truck with trailer,speeding,rear-end collision,2,0,3,rainy,13.77243562,101.5225097,straight road,no slope,2022-09-12T12:00:00Z
7088209,12.09.2022 19:30,12.10.2022 10:13,Si Sa Ket,department of highways,private/passenger car,running red lights/traffic signals,rollover/fallen on straight road,4,1,0,clear,14.68588056,104.5828217,other,other,2022-09-12T12:30:00Z
7007631,12.09.2022 20:00,30.09.2022 10:24,Narathiwat,department of highways,motorized tricycle,cutting in closely by people/vehicles/animals,head-on collision (not overtaking),2,0,2,clear,6.516944621,101.7547086,straight road,no slope,2022-09-12T13:00:00Z
7007761,12.09.2022 22:10,30.09.2022 10:47,Narathiwat,department of highways,4-wheel pickup truck,speeding,rollover/fallen on straight road,1,0,1,clear,6.424720763,101.6963437,straight road,no slope,2022-09-12T15:10:00Z
6982359,12.09.2022 22:54,26.09.2022 10:44,Samut Prakan,expressway authority of thailand,4-wheel pickup truck,other,rear-end collision,2,0,0,clear,13.62716,100.594942,straight road,other,2022-09-12T15:54:00Z
7040326,13.09.2022 01:00,5.10.2022 09:10,Roi Et,department of highways,private/passenger car,speeding,rollover/fallen on curved road,1,0,1,clear,16.04629806,103.6234277,wide curve,no slope,2022-09-12T18:00:00Z
7554400,13.09.2022 01:00,9.01.2023 11:06,Chiang Mai,department of highways,motorcycle,speeding,rollover/fallen on straight road,1,0,1,clear,18.84968511,99.013893,straight road,no slope,2022-09-12T18:00:00Z
7186171,13.09.2022 02:20,27.10.2022 11:04,Khon Kaen,department of highways,4-wheel pickup truck,speeding,rollover/fallen on straight road,1,0,1,clear,16.04813596,102.7384248,straight road,no slope,2022-09-12T19:20:00Z
6904773,13.09.2022 03:40,14.09.2022 16:44,Prachuap Khiri Khan,department of highways,7-10-wheel truck,speeding,rear-end collision,2,0,0,clear,11.16321611,99.39555018,wide curve,no slope,2022-09-12T20:40:00Z
7142349,13.09.2022 04:45,20.10.2022 20:56,Trang,department of highways,4-wheel pickup truck,speeding,rollover/fallen on straight road,1,0,2,clear,7.736874028,99.40249442,straight road,no slope,2022-09-12T21:45:00Z
7008222,13.09.2022 05:00,30.09.2022 12:20,Nakhon Si Thammarat,department of highways,large truck with trailer,falling asleep,rollover/fallen on straight road,1,0,0,clear,8.340302388,100.171119,other,other,2022-09-12T22:00:00Z
6982511,13.09.2022 05:40,26.09.2022 11:12,Chiang Mai,department of highways,4-wheel pickup truck,speeding,rollover/fallen on straight road,1,0,0,clear,18.83645761,99.03146981,straight road,no slope,2022-09-12T22:40:00Z
7425574,13.09.2022 06:15,2.12.2022 15:06,Chiang Mai,department of highways,4-wheel pickup truck,speeding,rear-end collision,2,0,0,clear,18.89224436,99.01348427,straight road,no slope,2022-09-12T23:15:00Z
7448064,13.09.2022 06:50,9.12.2022 14:49,Chiang Mai,department of highways,motorcycle,speeding,rear-end collision,2,0,0,clear,18.83675547,99.0129243,straight road,no slope,2022-09-12T23:50:00Z
6918498,13.09.2022 07:23,16.09.2022 13:41,Samut Prakan,department of highways,private/passenger car,speeding,rear-end collision,2,0,0,clear,13.65610241,100.8654705,straight road,no slope,2022-09-13T00:23:00Z
6995029,13.09.2022 08:00,28.09.2022 10:34,Phrae,department of highways,4-wheel pickup truck,speeding,rollover/fallen on straight road,1,0,0,rainy,18.16072602,99.96738909,straight road,slope area,2022-09-13T01:00:00Z
7040231,13.09.2022 09:00,5.10.2022 08:57,Roi Et,department of highways,other,speeding,rollover/fallen on straight road,1,0,0,clear,16.19478802,103.6129644,straight road,no slope,2022-09-13T02:00:00Z
7040324,13.09.2022 09:00,5.10.2022 09:11,Roi Et,department of highways,other,speeding,rollover/fallen on straight road,1,0,0,clear,16.11048291,103.635031,straight road,no slope,2022-09-13T02:00:00Z
7145471,13.09.2022 09:30,21.10.2022 08:13,Suphan Buri,department of highways,other,speeding,rollover/fallen on curved road,1,0,0,clear,14.88180262,99.90324675,wide curve,no slope,2022-09-13T02:30:00Z
6983130,13.09.2022 10:00,26.09.2022 13:38,Lampang,department of highways,4-wheel pickup truck,speeding,rollover/fallen on straight road,1,0,1,rainy,18.25870733,99.47641341,straight road,no slope,2022-09-13T03:00:00Z
6988677,13.09.2022 10:00,27.09.2022 10:46,Chiang Rai,department of highways,4-wheel pickup truck,speeding,rollover/fallen on curved road,1,0,0,rainy,19.10537423,99.45029138,wide curve,no slope,2022-09-13T03:00:00Z
7139670,13.09.2022 12:03,20.10.2022 11:38,Kamphaeng Phet,department of highways,6-wheel truck,falling asleep,rollover/fallen on straight road,1,0,0,clear,16.61593713,99.36717241,straight road,no slope,2022-09-13T05:03:00Z
7028863,13.09.2022 12:20,3.10.2022 15:53,Chon Buri,department of highways,4-wheel pickup truck,speeding,rear-end collision,3,0,0,clear,13.1024683,100.9093702,straight road,no slope,2022-09-13T05:20:00Z
7008640,13.09.2022 13:00,30.09.2022 13:36,Prachuap Khiri Khan,department of highways,private/passenger car,vehicle equipment failure,rollover/fallen on straight road,1,0,1,clear,11.8695348,99.78607176,other,other,2022-09-13T06:00:00Z
6902805,13.09.2022 13:03,14.09.2022 09:57,Bangkok,department of highways,private/passenger car,speeding,rear-end collision,2,0,6,clear,13.73262903,100.7020032,straight road,no slope,2022-09-13T06:03:00Z
7185631,13.09.2022 13:30,27.10.2022 09:19,Nakhon Ratchasima,department of highways,large truck with trailer,speeding,rollover/fallen on straight road,1,0,0,rainy,15.0409643,102.3492309,straight road,no slope,2022-09-13T06:30:00Z
7040675,13.09.2022 14:05,5.10.2022 10:07,Rayong,department of highways,4-wheel pickup truck,speeding,rear-end collision,3,1,1,clear,12.66114943,101.3176346,wide curve,no slope,2022-09-13T07:05:00Z
7186097,13.09.2022 14:36,27.10.2022 10:47,Prachin Buri,department of highways,private/passenger car,speeding,rollover/fallen on straight road,1,0,1,clear,14.26131564,101.8933841,straight road,slope area,2022-09-13T07:36:00Z
6930737,13.09.2022 14:50,18.09.2022 10:11,Bangkok,department of highways,private/passenger car,speeding,rollover/fallen on straight road,1,0,0,rainy,13.71900429,100.7003724,straight road,no slope,2022-09-13T07:50:00Z
7429207,13.09.2022 14:50,3.12.2022 12:10,Udon Thani,department of highways,private/passenger car,speeding,rollover/fallen on curved road,1,0,1,clear,17.169758559999998,102.9496059,wide curve,slope area,2022-09-13T07:50:00Z
7356939,13.09.2022 15:00,21.11.2022 08:38,Loburi,department of highways,4-wheel pickup truck,falling asleep,rollover/fallen on straight road,1,0,0,clear,15.08132281,101.0011554,straight road,no slope,2022-09-13T08:00:00Z
6950854,13.09.2022 15:20,21.09.2022 13:30,Nan,department of highways,4-wheel pickup truck,speeding,rollover/fallen on curved road,1,0,0,clear,18.91779621,100.8858418,wide curve,slope area,2022-09-13T08:20:00Z
7140353,13.09.2022 16:30,20.10.2022 13:58,Phetchabun,department of highways,large truck with trailer,speeding,rollover/fallen on curved road,1,0,0,rainy,17.00922746,101.3861704,wide curve,slope area,2022-09-13T09:30:00Z
6930736,13.09.2022 16:46,18.09.2022 10:10,Bangkok,department of highways,4-wheel pickup truck,speeding,rollover/fallen on curved road,1,0,0,rainy,13.73303549,100.7054901,other,other,2022-09-13T09:46:00Z
7331990,13.09.2022 16:53,7.10.2022 09:57,Chon Buri,department of highways,6-wheel truck,speeding,rear-end collision,2,0,0,clear,13.11801148,100.9851104,straight road,no slope,2022-09-13T09:53:00Z
7566923,13.09.2022 21:20,23.01.2023 06:59,Chon Buri,department of highways,private/passenger car,speeding,rollover/fallen on straight road,1,0,0,clear,13.23505289,101.2340662,straight road,no slope,2022-09-13T14:20:00Z
7002858,13.09.2022 21:50,29.09.2022 15:03,Yala,department of highways,4-wheel pickup truck,speeding,rollover/fallen on curved road,1,0,0,rainy,5.851354247,101.1150312,wide curve,slope area,2022-09-13T14:50:00Z
7276782,13.09.2022 23:30,9.11.2022 13:57,Chaiyaphum,department of highways,4-wheel pickup truck,speeding,rollover/fallen on straight road,1,0,0,clear,16.07508123,101.7968085,other,other,2022-09-13T16:30:00Z
7512218,13.09.2022 23:30,27.12.2022 14:15,Roi Et,department of highways,motorcycle,speeding,rollover/fallen on straight road,1,1,0,clear,16.02769646,103.9417603,straight road,no slope,2022-09-13T16:30:00Z
7146016,14.09.2022 02:30,21.10.2022 10:23,Phuket,department of highways,private/passenger car,speeding,rollover/fallen on straight road,1,0,0,rainy,7.857735665,98.36222647,connecting to public/commercial area,other,2022-09-13T19:30:00Z