acc_code,incident_datetime,report_datetime,province_en,agency,vehicle_type,presumed_cause,accident_type,number_of_vehicles_involved,number_of_fatalities,number_of_injuries,weather_condition,latitude,longitude,road_description,slope_description,incident_time
6983315,14.09.2022 02:35,26.09.2022 14:17,Lamphun,department of highways,4-wheel pickup truck,speeding,rollover/fallen on curved road,1,0,0,clear,18.64236434,99.05313401,wide curve,no slope,2022-09-13T19:35:00Z
6994553,14.09.2022 03:00,28.09.2022 09:03,Phayao,department of highways,private/passenger car,speeding,rollover/fallen on curved road,1,0,0,clear,19.06940369,99.92752342,wide curve,no slope,2022-09-13T20:00:00Z
7185754,14.09.2022 04:00,27.10.2022 09:35,Buri Ram,department of highways,4-wheel pickup truck,speeding,rollover/fallen on straight road,1,0,0,clear,14.61262585,103.0624249,straight road,no slope,2022-09-13T21:00:00Z
7425484,14.09.2022 04:00,2.12.2022 14:55,Trang,department of highways,4-wheel pickup truck,speeding,rollover/fallen on straight road,1,0,0,clear,7.560756148,99.58322971,straight road,no slope,2022-09-13T21:00:00Z
7054280,14.09.2022 04:20,7.10.2022 10:48,Bangkok,department of highways,7-10-wheel truck,speeding,rear-end collision,2,0,1,clear,13.819327789999999,100.6757498,straight road,no slope,2022-09-13T21:20:00Z
6938271,14.09.2022 04:25,19.09.2022 15:19,Nakhon Nayok,department of rural roads,private/passenger car,speeding,other,2,1,0,dark,14.228517,101.188938,wide curve,no slope,2022-09-13T21:25:00Z
7016305,14.09.2022 05:00,1.10.2022 14:58,Uttaradit,department of highways,motorcycle,speeding,rollover/fallen on straight road,1,0,1,rainy,17.40471126,100.1247677,other,other,2022-09-13T22:00:00Z
7008909,14.09.2022 06:30,30.09.2022 14:29,Prachuap Khiri Khan,department of highways,4-wheel pickup truck,speeding,rollover/fallen on straight road,1,0,0,clear,11.06852339,99.37283991,straight road,no slope,2022-09-13T23:30:00Z
7011250,14.09.2022 07:45,30.09.2022 22:19,Chaiyaphum,department of highways,4-wheel pickup truck,speeding,rollover/fallen on straight road,1,0,0,clear,15.70216811,102.0148373,straight road,no slope,2022-09-14T00:45:00Z
6910006,14.09.2022 08:00,15.09.2022 10:31,Surin,department of highways,large truck with trailer,falling asleep,rollover/fallen on straight road,1,0,0,clear,14.62985896,103.6944929,straight road,no slope,2022-09-14T01:00:00Z
7008227,14.09.2022 08:05,30.09.2022 12:23,Surat Thani,department of highways,motorcycle,speeding,rear-end collision,2,1,0,clear,9.078151439,99.17479096,straight road,no slope,2022-09-14T01:05:00Z
7008158,14.09.2022 08:20,30.09.2022 12:12,Phatthalung,department of highways,private/passenger car,speeding,rollover/fallen on curved road,1,0,1,clear,7.57611628,99.94832395,other,other,2022-09-14T01:20:00Z
7140432,14.09.2022 08:30,20.10.2022 14:09,Nong Bua Lam Phu,department of highways,4-wheel pickup truck,speeding,rollover/fallen on straight road,1,0,0,clear,17.44932137,102.3455053,straight road,no slope,2022-09-14T01:30:00Z
6989830,14.09.2022 08:40,27.09.2022 15:13,Rayong,department of highways,4-wheel pickup truck,speeding,rollover/fallen on straight road,1,0,1,rainy,12.78473276,101.1603391,straight road,no slope,2022-09-14T01:40:00Z
7186007,14.09.2022 09:37,27.10.2022 10:27,Prachin Buri,department of highways,6-wheel truck,speeding,rollover/fallen on curved road,1,0,1,clear,14.3039832,101.8682411,wide curve,slope area,2022-09-14T02:37:00Z
7054177,14.09.2022 09:39,7.10.2022 10:32,Bangkok,department of highways,6-wheel truck,overloaded vehicle,other,1,0,0,clear,13.74082851,100.6437671,straight road,no slope,2022-09-14T02:39:00Z
7053947,14.09.2022 10:13,7.10.2022 09:48,Chon Buri,department of highways,4-wheel pickup truck,cutting in closely by people/vehicles/animals,rear-end collision,3,0,0,rainy,13.10418202,100.9164056,straight road,no slope,2022-09-14T03:13:00Z
7053949,14.09.2022 11:40,7.10.2022 09:46,Chon Buri,department of highways,large truck with trailer,speeding,rollover/fallen on straight road,1,0,0,clear,13.11298552,100.9585512,straight road,no slope,2022-09-14T04:40:00Z
7139596,14.09.2022 12:06,20.10.2022 11:26,Sukhothai,department of highways,motorcycle,speeding,rear-end collision,2,0,1,clear,17.0093711,99.80315207,straight road,no slope,2022-09-14T05:06:00Z
7569642,14.09.2022 12:41,25.01.2023 15:03,Prachin Buri,department of highways,large truck with trailer,speeding,rollover/fallen on curved road,1,1,0,clear,14.3039832,101.8682411,wide curve,slope area,2022-09-14T05:41:00Z
7016238,14.09.2022 13:00,1.10.2022 14:45,Uttaradit,department of highways,4-wheel pickup truck,speeding,rollover/fallen on straight road,1,0,0,clear,17.59727124,100.1273319,straight road,no slope,2022-09-14T06:00:00Z
7072929,14.09.2022 13:00,10.10.2022 09:42,Chon Buri,department of highways,private/passenger car,speeding,rollover/fallen on straight road,1,1,2,clear,13.41766011,101.0750368,straight road,no slope,2022-09-14T06:00:00Z
7008226,14.09.2022 13:10,30.09.2022 12:22,Surat Thani,department of highways,large truck with trailer,speeding,rear-end collision,2,0,1,clear,9.164371893,99.37187968,other,other,2022-09-14T06:10:00Z
7002636,14.09.2022 13:15,29.09.2022 14:23,Kanchanaburi,department of highways,6-wheel truck,falling asleep,rollover/fallen on curved road,1,0,1,clear,14.07094603,99.38975124,wide curve,no slope,2022-09-14T06:15:00Z
6917688,14.09.2022 13:24,16.09.2022 12:27,Chiang Mai,department of rural roads,motorcycle,speeding,other,1,0,1,clear,19.859961,99.138607,straight road,no slope,2022-09-14T06:24:00Z
7551156,14.09.2022 13:30,5.01.2023 10:17,Ubon Ratchathani,department of highways,4-wheel pickup truck,speeding,rollover/fallen on straight road,2,0,2,clear,15.57059035,105.4792803,straight road,no slope,2022-09-14T06:30:00Z
7002666,14.09.2022 13:40,29.09.2022 14:25,Kanchanaburi,department of highways,4-wheel pickup truck,speeding,rollover/fallen on straight road,1,0,0,clear,14.53486025,98.80458979,straight road,no slope,2022-09-14T06:40:00Z
7331998,14.09.2022 14:00,27.10.2022 13:31,Sa Kaeo,department of highways,large truck with trailer,speeding,rear-end collision,4,0,1,rainy,14.14990529,102.6627302,wide curve,slope area,2022-09-14T07:00:00Z
7000682,14.09.2022 14:40,29.09.2022 07:03,Chon Buri,department of highways,large truck with trailer,speeding,rollover/fallen on straight road,1,0,0,rainy,13.49779509,101.1629543,straight road,no slope,2022-09-14T07:40:00Z
7414478,14.09.2022 14:50,28.11.2022 14:43,Yasothon,department of highways,4-wheel pickup truck,speeding,rollover/fallen on curved road,1,0,2,rainy,15.477256240000001,104.2021438,other,other,2022-09-14T07:50:00Z
7292743,14.09.2022 14:55,11.11.2022 16:50,Nakhon Si Thammarat,department of highways,4-wheel pickup truck,falling asleep,rollover/fallen on straight road,1,0,1,clear,8.152408022,99.74017112,straight road,no slope,2022-09-14T07:55:00Z
7034104,14.09.2022 15:40,4.10.2022 11:14,Samut Sakhon,department of highways,private/passenger car,cutting in closely by people/vehicles/animals,rear-end collision,2,0,0,clear,13.5676669,100.2835786,straight road,no slope,2022-09-14T08:40:00Z
7438915,14.09.2022 16:00,7.12.2022 13:28,Phra Nakhon Si Ayutthaya,department of highways,large truck with trailer,speeding,rollover/fallen on straight road,1,0,1,rainy,14.18386958,100.6132516,other,other,2022-09-14T09:00:00Z
7139626,14.09.2022 16:30,20.10.2022 11:30,Tak,department of highways,motorcycle,cutting in closely by people/vehicles/animals,rear-end collision,2,0,1,clear,16.88226645,99.13589625,connecting to public/commercial area,other,2022-09-14T09:30:00Z
6982363,14.09.2022 17:17,26.09.2022 10:46,Samut Prakan,expressway authority of thailand,4-wheel pickup truck,other,rear-end collision,3,0,0,clear,13.620951,100.608366,straight road,other,2022-09-14T10:17:00Z
7568134,14.09.2022 19:00,24.01.2023 09:57,Prachuap Khiri Khan,department of highways,4-wheel pickup truck,speeding,rollover/fallen on curved road,1,0,0,clear,11.24341193,99.43644582,wide curve,no slope,2022-09-14T12:00:00Z
7140714,14.09.2022 19:30,20.10.2022 15:08,Phra Nakhon Si Ayutthaya,department of highways,private/passenger car,speeding,rollover/fallen on straight road,1,0,1,clear,14.48015586,100.2717662,straight road,no slope,2022-09-14T12:30:00Z
6916648,14.09.2022 21:26,16.09.2022 09:48,Bangkok,department of highways,4-wheel pickup truck,speeding,rollover/fallen on straight road,1,0,1,clear,13.73605528,100.6733787,straight road,no slope,2022-09-14T14:26:00Z
7567516,14.09.2022 22:00,23.01.2023 16:31,Rayong,department of highways,private/passenger car,speeding,rollover/fallen on straight road,1,0,0,rainy,12.74825401,101.1962592,other,other,2022-09-14T15:00:00Z
6996228,14.09.2022 22:25,28.09.2022 14:53,Yasothon,department of highways,motorcycle,speeding,rollover/fallen on straight road,1,1,0,clear,16.29509153,104.5158282,straight road,no slope,2022-09-14T15:25:00Z
7053981,14.09.2022 23:43,7.10.2022 09:53,Chon Buri,department of highways,large truck with trailer,falling asleep,rear-end collision,2,0,1,clear,13.25441214,100.9916952,straight road,no slope,2022-09-14T16:43:00Z
7008412,15.09.2022 01:30,30.09.2022 12:59,Prachuap Khiri Khan,department of highways,4-wheel pickup truck,speeding,rear-end collision,2,0,2,clear,12.56527909,99.9594122,straight road,no slope,2022-09-14T18:30:00Z
7185566,15.09.2022 01:50,27.10.2022 09:05,Nakhon Ratchasima,department of highways,4-wheel pickup truck,falling asleep,rollover/fallen on straight road,1,0,0,clear,15.03923914,102.1474081,other,other,2022-09-14T18:50:00Z
7568197,15.09.2022 04:00,24.01.2023 10:41,Phetchaburi,department of highways,4-wheel pickup truck,vehicle equipment failure,rollover/fallen on straight road,1,0,0,clear,12.86449675,99.91988181,straight road,no slope,2022-09-14T21:00:00Z
7147373,15.09.2022 05:20,21.10.2022 14:59,Trang,department of highways,large truck with trailer,cutting in closely by people/vehicles/animals,pedestrian collision,1,1,0,clear,7.826474595,99.59170281,wide curve,no slope,2022-09-14T22:20:00Z
7053916,15.09.2022 05:55,7.10.2022 09:37,Chon Buri,department of highways,large truck with trailer,vehicle equipment failure,other,1,0,0,clear,13.38785831,101.0461172,straight road,no slope,2022-09-14T22:55:00Z
7560517,15.09.2022 08:00,16.01.2023 06:44,Loburi,department of highways,4-wheel pickup truck,speeding,rollover/fallen on straight road,1,0,1,clear,14.87066347,100.6375122,other,other,2022-09-15T01:00:00Z
7332003,15.09.2022 08:10,5.10.2022 10:35,Trat,department of highways,4-wheel pickup truck,speeding,rear-end collision,2,0,1,rainy,12.25278049,102.5093159,other,other,2022-09-15T01:10:00Z
7332000,15.09.2022 08:20,28.09.2022 13:59,buogkan,department of highways,4-wheel pickup truck,speeding,rear-end collision,2,0,1,clear,18.37581182,103.6201018,connecting to public/commercial area,other,2022-09-15T01:20:00Z
7000600,15.09.2022 08:30,29.09.2022 06:47,Samut Songkhram,department of highways,4-wheel pickup truck,vehicle equipment failure,rollover/fallen on straight road,1,0,0,clear,13.40631854,100.0162697,straight road,no slope,2022-09-15T01:30:00Z
6951729,15.09.2022 10:00,21.09.2022 16:35,Si Sa Ket,department of highways,motorcycle,driving under the influence of alcohol,rear-end collision,2,1,1,clear,14.73186987,104.3559792,straight road,no slope,2022-09-15T03:00:00Z
7474596,15.09.2022 10:12,20.12.2022 14:42,Phetchabun,department of highways,motorcycle,speeding,rear-end collision,2,0,0,clear,16.65773702,101.1607361,straight road,no slope,2022-09-15T03:12:00Z
7556649,15.09.2022 10:50,11.01.2023 14:19,Nan,department of highways,private/passenger car,speeding,rollover/fallen on curved road,1,0,1,clear,18.97137093,100.7743505,wide curve,no slope,2022-09-15T03:50:00Z
6938270,15.09.2022 11:00,19.09.2022 15:19,Roi Et,department of rural roads,bicycle,speeding,other,1,0,0,clear,15.936442,103.670075,wide curve,no slope,2022-09-15T04:00:00Z
7133085,15.09.2022 11:00,19.10.2022 14:13,Surat Thani,department of highways,other,speeding,rollover/fallen on straight road,1,0,0,clear,9.112062658,99.1984856,straight road,no slope,2022-09-15T04:00:00Z
6936545,15.09.2022 11:20,19.09.2022 08:57,Suphan Buri,department of highways,pedestrian,illegal overtaking,pedestrian collision,1,0,1,clear,14.7305936,99.81361537,straight road,no slope,2022-09-15T04:20:00Z
6916741,15.09.2022 12:10,16.09.2022 10:08,Bangkok,department of highways,7-10-wheel truck,speeding,rear-end collision,3,0,0,clear,13.73232939,100.7078478,straight road,no slope,2022-09-15T05:10:00Z
7446985,15.09.2022 13:10,9.12.2022 10:06,Nakhon Ratchasima,department of highways,4-wheel pickup truck,slippery road,rollover/fallen on straight road,1,0,2,rainy,15.02849297,102.0828914,straight road,no slope,2022-09-15T06:10:00Z
7042338,15.09.2022 13:27,5.10.2022 15:20,Chon Buri,department of highways,4-wheel pickup truck,speeding,rear-end collision,2,0,6,clear,13.36014834,101.037333,straight road,no slope,2022-09-15T06:27:00Z
7332005,15.09.2022 13:30,2.10.2022 18:21,Udon Thani,department of highways,6-wheel truck,speeding,rollover/fallen on curved road,1,2,0,clear,17.08983462,103.3815569,wide curve,no slope,2022-09-15T06:30:00Z
7054120,15.09.2022 13:35,7.10.2022 10:20,Bangkok,department of highways,4-wheel pickup truck,overloaded vehicle,rollover/fallen on straight road,1,0,0,clear,13.85755452,100.675554,straight road,no slope,2022-09-15T06:35:00Z
7564430,15.09.2022 13:50,19.01.2023 14:52,Samut Sakhon,department of highways,large truck with trailer,speeding,rear-end collision,3,0,1,clear,13.54289831,100.2408859,straight road,no slope,2022-09-15T06:50:00Z
7000452,15.09.2022 14:00,29.09.2022 06:23,Prachuap Khiri Khan,department of highways,other,speeding,rollover/fallen on straight road,1,0,0,clear,12.09711158,99.85389947,straight road,no slope,2022-09-15T07:00:00Z
7215323,15.09.2022 14:00,31.10.2022 18:58,Nakhon Si Thammarat,department of highways,4-wheel pickup truck,speeding,rollover/fallen on straight road,1,0,0,clear,8.385401826,99.40344124,straight road,no slope,2022-09-15T07:00:00Z
7438402,15.09.2022 14:40,7.12.2022 09:45,Suphan Buri,department of highways,4-wheel pickup truck,cutting in closely by people/vehicles/animals,head-on collision (not overtaking),2,0,3,clear,14.56052383,99.99349235,other,other,2022-09-15T07:40:00Z
7002544,15.09.2022 15:00,29.09.2022 14:05,Pattani,department of highways,passenger pickup truck,speeding,rollover/fallen on straight road,1,1,7,clear,6.781815832,101.1431515,straight road,no slope,2022-09-15T08:00:00Z
7567515,15.09.2022 15:00,23.01.2023 16:30,Rayong,department of highways,van,speeding,rollover/fallen on straight road,1,0,1,rainy,12.7812486,101.1637857,straight road,no slope,2022-09-15T08:00:00Z
7444969,15.09.2022 16:50,8.12.2022 15:13,Samut Sakhon,department of highways,passenger pickup truck,speeding,rear-end collision,4,0,0,clear,13.53188343,100.2063471,straight road,no slope,2022-09-15T09:50:00Z
7560670,15.09.2022 17:15,16.01.2023 10:55,Bangkok,department of highways,motorcycle,cutting in closely by people/vehicles/animals,rear-end collision,3,0,2,clear,13.82616253,100.5580168,straight road,no slope,2022-09-15T10:15:00Z
7444951,15.09.2022 18:00,8.12.2022 15:11,Samut Sakhon,department of highways,4-wheel pickup truck,speeding,rear-end collision,3,0,1,clear,13.5321755,100.2072188,straight road,no slope,2022-09-15T11:00:00Z
6938305,15.09.2022 18:20,19.09.2022 15:22,Lamphun,department of rural roads,4-wheel pickup truck,failure to yield right of way,other,2,1,0,clear,18.310668,98.79186,straight road,other,2022-09-15T11:20:00Z
6949730,15.09.2022 18:21,21.09.2022 09:09,Surin,department of highways,motorcycle,cutting in closely by people/vehicles/animals,collision at intersection corner,2,0,2,clear,14.95273539,103.8390291,other,other,2022-09-15T11:21:00Z
7054152,15.09.2022 19:00,7.10.2022 10:25,Samut Prakan,department of highways,4-wheel pickup truck,speeding,other,1,0,0,clear,13.62807951,100.9091019,straight road,no slope,2022-09-15T12:00:00Z
7558182,15.09.2022 20:20,12.01.2023 14:03,Si Sa Ket,department of highways,private/passenger car,speeding,rollover/fallen on straight road,1,0,0,clear,15.00158265,104.2300817,straight road,no slope,2022-09-15T13:20:00Z
7139594,15.09.2022 20:39,20.10.2022 11:26,Sukhothai,department of highways,motorcycle,speeding,rear-end collision,2,0,1,clear,17.3283841,99.84771161,straight road,no slope,2022-09-15T13:39:00Z
7512259,15.09.2022 21:00,27.12.2022 14:12,Roi Et,department of highways,motorcycle,speeding,rollover/fallen on straight road,1,0,0,clear,15.84518231,103.8771915,straight road,no slope,2022-09-15T14:00:00Z
7145852,15.09.2022 21:40,21.10.2022 09:53,Ang Thong,department of highways,4-wheel pickup truck,speeding,rollover/fallen on straight road,1,0,0,clear,14.68123361,100.3893971,straight road,no slope,2022-09-15T14:40:00Z
7007744,15.09.2022 21:50,30.09.2022 10:43,Narathiwat,department of highways,4-wheel pickup truck,speeding,collision with obstruction (on road surface),2,1,1,clear,6.431402786,101.6935032,straight road,no slope,2022-09-15T14:50:00Z
7016207,15.09.2022 22:00,1.10.2022 14:44,Uttaradit,department of highways,large truck with trailer,speeding,rollover/fallen on straight road,1,0,1,clear,17.27601497,100.237222,straight road,no slope,2022-09-15T15:00:00Z
7002460,15.09.2022 22:15,29.09.2022 13:51,Sing Buri,department of highways,private/passenger car,speeding,rollover/fallen on straight road,1,0,2,clear,14.95950658,100.3741649,straight road,no slope,2022-09-15T15:15:00Z
7132465,15.09.2022 22:34,19.10.2022 11:35,Samut Prakan,expressway authority of thailand,4-wheel pickup truck,other,rear-end collision,7,0,1,clear,13.624497,100.599831,wide curve,other,2022-09-15T15:34:00Z
7140707,15.09.2022 22:40,20.10.2022 15:09,Phra Nakhon Si Ayutthaya,department of highways,4-wheel pickup truck,speeding,rollover/fallen on straight road,1,0,0,clear,14.50208909,100.3975564,straight road,no slope,2022-09-15T15:40:00Z
7542641,15.09.2022 22:45,3.01.2023 14:07,Loei,department of highways,7-10-wheel truck,speeding,rollover/fallen on curved road,1,0,0,clear,17.22874194,101.1923888,wide curve,slope area,2022-09-15T15:45:00Z
7380459,15.09.2022 23:00,24.11.2022 14:19,Ubon Ratchathani,department of highways,van,speeding,rollover/fallen on straight road,1,0,0,rainy,14.95994969,104.9952382,straight road,no slope,2022-09-15T16:00:00Z
7139495,16.09.2022 00:30,20.10.2022 11:00,Tak,department of highways,private/passenger car,speeding,rollover/fallen on straight road,1,0,0,clear,16.75498115,98.5833907,straight road,no slope,2022-09-15T17:30:00Z
7371764,16.09.2022 01:11,23.11.2022 11:31,Udon Thani,department of highways,private/passenger car,speeding,rollover/fallen on straight road,1,0,1,clear,17.3852101,102.7577689,straight road,no slope,2022-09-15T18:11:00Z
7292713,16.09.2022 01:20,11.11.2022 16:45,Nakhon Si Thammarat,department of highways,4-wheel pickup truck,speeding,rollover/fallen on straight road,1,0,1,clear,8.23973543,99.87866967,wide curve,no slope,2022-09-15T18:20:00Z
6994596,16.09.2022 02:00,28.09.2022 09:14,Phayao,department of highways,motorcycle,cutting in closely by people/vehicles/animals,rear-end collision,2,0,0,clear,19.51328385,100.2873337,straight road,no slope,2022-09-15T19:00:00Z
7380608,16.09.2022 02:00,24.11.2022 14:35,Pattani,department of highways,4-wheel pickup truck,speeding,rollover/fallen on straight road,1,0,0,clear,6.870409703,101.2823246,straight road,no slope,2022-09-15T19:00:00Z
7556213,16.09.2022 02:00,11.01.2023 11:19,Chiang Mai,department of highways,private/passenger car,speeding,rollover/fallen on straight road,1,0,1,clear,18.80841687,99.01427685,straight road,no slope,2022-09-15T19:00:00Z
6982283,16.09.2022 02:10,26.09.2022 10:31,Bangkok,expressway authority of thailand,other,other,rear-end collision,2,0,3,clear,13.66861643,100.6296593,straight road,other,2022-09-15T19:10:00Z
7001336,16.09.2022 02:10,29.09.2022 09:25,Sakon Nakhon,department of highways,7-10-wheel truck,speeding,collision with obstruction (on road surface),2,0,2,clear,17.25893097,104.0062916,straight road,no slope,2022-09-15T19:10:00Z
7046927,16.09.2022 03:00,6.10.2022 08:48,Uthai Thani,department of highways,4-wheel pickup truck,speeding,rollover/fallen on straight road,1,0,0,clear,15.12880716,99.65165286,straight road,no slope,2022-09-15T20:00:00Z
7008680,16.09.2022 03:10,30.09.2022 13:48,Nakhon Ratchasima,department of highways,4-wheel pickup truck,speeding,rollover/fallen on straight road,1,0,0,clear,14.63127855,102.0084107,straight road,slope area,2022-09-15T20:10:00Z
6916718,16.09.2022 03:20,16.09.2022 10:01,Bangkok,department of highways,private/passenger car,speeding,rear-end collision,2,0,0,clear,13.91097753,100.7000989,straight road,no slope,2022-09-15T20:20:00Z
7180444,16.09.2022 04:00,26.10.2022 15:42,Nakhon Pathom,department of highways,private/passenger car,speeding,rollover/fallen on straight road,1,0,1,rainy,13.72005959,100.2986473,straight road,no slope,2022-09-15T21:00:00Z
7008672,16.09.2022 04:10,30.09.2022 13:45,Prachuap Khiri Khan,department of highways,large truck with trailer,speeding,rollover/fallen on curved road,1,0,0,clear,12.4204911,99.92449789,other,other,2022-09-15T21:10:00Z
6996052,16.09.2022 05:57,28.09.2022 14:31,buogkan,department of highways,4-wheel pickup truck,speeding,rollover/fallen on straight road,1,0,0,rainy,17.89985413,103.8017866,wide curve,no slope,2022-09-15T22:57:00Z
7008707,16.09.2022 06:15,30.09.2022 13:52,Nakhon Ratchasima,department of highways,private/passenger car,speeding,rollover/fallen on straight road,1,0,0,clear,14.55593913,101.9748455,straight road,no slope,2022-09-15T23:15:00Z
7558363,16.09.2022 07:33,12.01.2023 15:00,Prachin Buri,department of highways,4-wheel pickup truck,speeding,rollover/fallen on curved road,1,0,0,clear,14.22342922,101.8922067,wide curve,no slope,2022-09-16T00:33:00Z
6949728,16.09.2022 08:30,21.09.2022 09:09,Surin,department of highways,6-wheel truck,speeding,rear-end collision,2,0,2,clear,14.98652441,103.8850745,straight road,no slope,2022-09-16T01:30:00Z
7055143,16.09.2022 09:45,7.10.2022 13:43,Samut Prakan,department of highways,passenger pickup truck,speeding,rear-end collision,2,0,0,clear,13.67236568,100.8402336,straight road,no slope,2022-09-16T02:45:00Z
7023452,16.09.2022 10:00,2.10.2022 19:34,Khon Kaen,department of highways,private/passenger car,speeding,rear-end collision,2,0,1,clear,16.16056844,102.7536061,straight road,no slope,2022-09-16T03:00:00Z
7567474,16.09.2022 10:15,23.01.2023 16:00,Rayong,department of highways,private/passenger car,speeding,rollover/fallen on straight road,1,0,0,clear,12.84140782,101.1189513,other,other,2022-09-16T03:15:00Z
7008770,16.09.2022 10:20,30.09.2022 14:02,Prachuap Khiri Khan,department of highways,7-10-wheel truck,speeding,rollover/fallen on curved road,1,0,0,clear,11.14380054,99.37931477,wide curve,no slope,2022-09-16T03:20:00Z
7000937,16.09.2022 11:20,29.09.2022 07:49,Prachuap Khiri Khan,department of highways,other,speeding,rollover/fallen on straight road,1,0,0,clear,12.39004365,99.97575222,other,other,2022-09-16T04:20:00Z
7008584,16.09.2022 11:30,30.09.2022 13:25,Nakhon Ratchasima,department of highways,4-wheel pickup truck,speeding,collision with obstruction (on road surface),1,0,0,clear,14.66635805,102.1911415,straight road,no slope,2022-09-16T04:30:00Z
7560665,16.09.2022 11:50,16.01.2023 10:57,Bangkok,department of highways,private/passenger car,speeding,rear-end collision,4,0,0,clear,13.81417875,100.5592636,straight road,no slope,2022-09-16T04:50:00Z
7147163,16.09.2022 12:00,21.10.2022 14:16,Krabi,department of highways,motorcycle,speeding,head-on collision (not overtaking),2,0,1,clear,8.04269744,99.05989854,straight road,no slope,2022-09-16T05:00:00Z
7332013,16.09.2022 12:00,5.10.2022 10:52,Chanthaburi,department of highways,7-10-wheel truck,speeding,head-on collision (not overtaking),2,3,3,clear,13.22029496,102.1770331,other,other,2022-09-16T05:00:00Z
7027376,16.09.2022 13:00,3.10.2022 11:37,Surat Thani,department of highways,other,speeding,rollover/fallen on straight road,1,0,0,clear,9.121061675,99.29308979,straight road,no slope,2022-09-16T06:00:00Z
7140579,16.09.2022 13:22,20.10.2022 14:43,Phetchaburi,department of highways,large truck with trailer,speeding,rear-end collision,2,0,0,clear,13.31886324,99.82728122,straight road,no slope,2022-09-16T06:22:00Z
7055172,16.09.2022 13:39,7.10.2022 13:45,Pathum Thani,department of highways,4-wheel pickup truck,speeding,rear-end collision,2,0,0,clear,14.00254152,100.7072255,straight road,no slope,2022-09-16T06:39:00Z
7557721,16.09.2022 15:00,12.01.2023 10:39,Phrae,department of highways,4-wheel pickup truck,speeding,head-on collision (not overtaking),2,0,0,clear,18.14996296,99.93441133,straight road,no slope,2022-09-16T08:00:00Z
6924574,16.09.2022 15:43,17.09.2022 10:29,Bangkok,department of highways,4-wheel pickup truck,speeding,rear-end collision,3,0,0,clear,13.73281923,100.7018289,straight road,no slope,2022-09-16T08:43:00Z
7429219,16.09.2022 16:10,3.12.2022 12:13,Udon Thani,department of highways,4-wheel pickup truck,speeding,rollover/fallen on straight road,1,0,1,rainy,17.45512459,102.7938714,straight road,no slope,2022-09-16T09:10:00Z
7378715,16.09.2022 16:40,24.11.2022 10:16,Phetchabun,department of highways,4-wheel pickup truck,speeding,rollover/fallen on straight road,1,0,0,rainy,16.61482937,101.1597115,straight road,no slope,2022-09-16T09:40:00Z
7034153,16.09.2022 16:48,4.10.2022 11:28,Bangkok,department of highways,private/passenger car,speeding,rear-end collision,2,0,0,clear,13.73042995,100.7227233,straight road,no slope,2022-09-16T09:48:00Z
7173311,16.09.2022 17:00,25.10.2022 14:53,Phetchabun,department of highways,4-wheel pickup truck,cutting in closely by people/vehicles/animals,head-on collision (not overtaking),2,1,0,clear,16.87506696,101.2411702,other,other,2022-09-16T10:00:00Z
6924086,16.09.2022 17:24,17.09.2022 08:39,Phra Nakhon Si Ayutthaya,department of highways,private/passenger car,speeding,rear-end collision,3,0,0,clear,14.17030788,100.6475383,straight road,no slope,2022-09-16T10:24:00Z
7173314,16.09.2022 18:00,25.10.2022 14:50,Phetchabun,department of highways,private/passenger car,vehicle equipment failure,rear-end collision,2,0,2,clear,16.78198789,101.2048584,other,other,2022-09-16T11:00:00Z
6938662,16.09.2022 18:35,19.09.2022 16:29,Chachoengsao,department of highways,4-wheel pickup truck,speeding,rear-end collision,4,0,0,clear,13.56259293,100.9893107,straight road,no slope,2022-09-16T11:35:00Z
6926157,16.09.2022 18:37,17.09.2022 16:31,Chachoengsao,department of highways,private/passenger car,speeding,rear-end collision,3,0,0,clear,13.560499160000001,100.9910542,straight road,no slope,2022-09-16T11:37:00Z
6924775,16.09.2022 18:56,17.09.2022 11:16,Chon Buri,department of highways,4-wheel pickup truck,speeding,rear-end collision,2,0,0,clear,13.44140863,101.0461762,straight road,no slope,2022-09-16T11:56:00Z
7139580,16.09.2022 19:20,20.10.2022 11:23,Tak,department of highways,motorcycle,speeding,rollover/fallen on straight road,1,1,1,clear,17.06128734,99.04109089,straight road,no slope,2022-09-16T12:20:00Z
6938299,16.09.2022 19:30,19.09.2022 15:20,Chanthaburi,department of rural roads,van,speeding,other,2,1,0,clear,13.090686,101.763572,straight road,no slope,2022-09-16T12:30:00Z
6981999,16.09.2022 19:32,26.09.2022 09:33,Bangkok,expressway authority of thailand,4-wheel pickup truck,other,rear-end collision,2,0,0,clear,13.73514965,100.5515158,straight road,other,2022-09-16T12:32:00Z
7055173,16.09.2022 20:00,7.10.2022 13:46,Phra Nakhon Si Ayutthaya,department of highways,private/passenger car,speeding,rear-end collision,4,0,0,clear,14.17684308,100.643861,straight road,no slope,2022-09-16T13:00:00Z
7556235,16.09.2022 20:10,11.01.2023 11:25,Chiang Mai,department of highways,private/passenger car,speeding,rear-end collision,2,0,0,clear,18.91286484,98.99912372,straight road,no slope,2022-09-16T13:10:00Z
7008586,16.09.2022 20:58,30.09.2022 13:25,Nakhon Pathom,department of highways,private/passenger car,speeding,rear-end collision,2,0,3,clear,13.70895133,100.077357,straight road,no slope,2022-09-16T13:58:00Z
7372607,16.09.2022 22:00,23.11.2022 14:25,Tak,department of highways,motorcycle,speeding,rollover/fallen on curved road,1,2,0,clear,17.0412755,99.05818461,wide curve,no slope,2022-09-16T15:00:00Z