acc_code,incident_datetime,report_datetime,province_en,agency,vehicle_type,presumed_cause,accident_type,number_of_vehicles_involved,number_of_fatalities,number_of_injuries,weather_condition,latitude,longitude,road_description,slope_description,incident_time
7048497,16.09.2022 22:30,6.10.2022 14:14,Chon Buri,department of highways,private/passenger car,speeding,rollover/fallen on straight road,2,0,1,clear,13.11668185,101.0513475,straight road,no slope,2022-09-16T15:30:00Z
7147452,16.09.2022 22:30,21.10.2022 15:12,Nakhon Ratchasima,department of highways,private/passenger car,speeding,rollover/fallen on straight road,1,0,1,clear,15.0553349,102.1500259,straight road,no slope,2022-09-16T15:30:00Z
7332017,16.09.2022 22:35,19.09.2022 11:35,Phatthalung,department of highways,4-wheel pickup truck,speeding,rollover/fallen on straight road,1,1,0,clear,7.492802892,100.0651851,other,other,2022-09-16T15:35:00Z
7087992,16.09.2022 23:30,11.10.2022 09:01,Chanthaburi,department of highways,4-wheel pickup truck,speeding,rollover/fallen on straight road,1,0,0,clear,12.46046319,102.2295803,other,other,2022-09-16T16:30:00Z
7043195,16.09.2022 23:43,5.10.2022 18:36,Chachoengsao,department of highways,4-wheel pickup truck,speeding,rollover/fallen on straight road,1,0,0,clear,13.60647164,100.9427959,straight road,no slope,2022-09-16T16:43:00Z
6982046,17.09.2022 00:05,26.09.2022 09:41,Bangkok,expressway authority of thailand,other,other,collision with obstruction (on road surface),1,0,1,clear,13.69880482,100.5402996,straight road,other,2022-09-16T17:05:00Z
7046850,17.09.2022 00:30,6.10.2022 08:32,Chai Nat,department of highways,4-wheel pickup truck,speeding,rollover/fallen on curved road,1,0,1,clear,15.27941659,99.84700619,wide curve,no slope,2022-09-16T17:30:00Z
7556204,17.09.2022 01:00,11.01.2023 11:12,Chiang Mai,department of highways,private/passenger car,speeding,rollover/fallen on straight road,1,0,0,clear,18.76912658,99.02885734,straight road,no slope,2022-09-16T18:00:00Z
7474182,17.09.2022 01:40,20.12.2022 12:58,Si Sa Ket,department of highways,4-wheel pickup truck,speeding,rollover/fallen on straight road,1,0,1,clear,14.62367959,104.6488497,straight road,no slope,2022-09-16T18:40:00Z
7565544,17.09.2022 02:00,20.01.2023 11:57,Chachoengsao,department of highways,4-wheel pickup truck,speeding,rear-end collision,2,0,2,rainy,13.73352924,101.0263467,straight road,no slope,2022-09-16T19:00:00Z
6944887,17.09.2022 02:58,20.09.2022 14:59,Bangkok,department of highways,other,speeding,rear-end collision,2,0,0,rainy,13.73340027,100.7951322,straight road,no slope,2022-09-16T19:58:00Z
7023432,17.09.2022 03:30,2.10.2022 19:26,Khon Kaen,department of highways,private/passenger car,speeding,rollover/fallen on straight road,1,1,2,clear,16.50539929,102.8323638,straight road,no slope,2022-09-16T20:30:00Z
7041107,17.09.2022 03:30,5.10.2022 11:27,Nonthaburi,department of highways,4-wheel pickup truck,speeding,rollover/fallen on straight road,2,0,0,clear,13.92088379,100.4119813,straight road,no slope,2022-09-16T20:30:00Z
7568232,17.09.2022 03:50,24.01.2023 11:07,Ratchaburi,department of highways,passenger pickup truck,speeding,rollover/fallen on curved road,1,0,0,clear,13.51895695,99.75563739,other,other,2022-09-16T20:50:00Z
7185572,17.09.2022 05:00,27.10.2022 09:07,Nakhon Ratchasima,department of highways,4-wheel pickup truck,speeding,rollover/fallen on straight road,1,0,0,clear,15.09008919,102.2435304,straight road,no slope,2022-09-16T22:00:00Z
6924739,17.09.2022 05:40,17.09.2022 11:12,Bangkok,department of highways,7-10-wheel truck,speeding,rear-end collision,2,1,0,clear,13.67717668,100.699439,straight road,no slope,2022-09-16T22:40:00Z
7557590,17.09.2022 05:50,12.01.2023 10:08,Phrae,department of highways,4-wheel pickup truck,speeding,rollover/fallen on straight road,1,0,0,clear,18.44248946,100.1606771,straight road,no slope,2022-09-16T22:50:00Z
7565514,17.09.2022 06:30,20.01.2023 11:38,Chachoengsao,department of highways,6-wheel truck,speeding,rollover/fallen on straight road,1,0,0,clear,13.59695508,101.1863439,straight road,no slope,2022-09-16T23:30:00Z
6995763,17.09.2022 07:30,28.09.2022 13:30,Nong Khai,department of highways,4-wheel pickup truck,cutting in closely by people/vehicles/animals,rollover/fallen on straight road,1,0,1,clear,18.24187231,103.1828239,straight road,no slope,2022-09-17T00:30:00Z
7002433,17.09.2022 08:30,29.09.2022 13:47,Sing Buri,department of highways,4-wheel pickup truck,speeding,rollover/fallen on straight road,1,0,0,rainy,14.80172121,100.3355169,straight road,no slope,2022-09-17T01:30:00Z
7332019,17.09.2022 08:45,29.09.2022 13:32,Satun,department of highways,private/passenger car,speeding,rollover/fallen on straight road,1,1,0,clear,6.81016467,99.94213878,straight road,no slope,2022-09-17T01:45:00Z
6924602,17.09.2022 09:10,17.09.2022 10:34,Pathum Thani,department of highways,4-wheel pickup truck,speeding,rear-end collision,2,0,0,clear,13.94027072,100.7102644,straight road,no slope,2022-09-17T02:10:00Z
7008715,17.09.2022 10:00,30.09.2022 13:52,Nakhon Si Thammarat,department of highways,private/passenger car,speeding,rollover/fallen on straight road,1,0,0,clear,8.329774455,100.1191297,straight road,no slope,2022-09-17T03:00:00Z
6950599,17.09.2022 10:30,21.09.2022 12:39,Chon Buri,department of highways,4-wheel pickup truck,speeding,rear-end collision,2,0,0,clear,12.83976919,100.9590152,other,other,2022-09-17T03:30:00Z
7565540,17.09.2022 10:30,20.01.2023 11:54,Chachoengsao,department of highways,7-10-wheel truck,speeding,rollover/fallen on straight road,1,0,1,rainy,13.72799177,101.0342213,straight road,no slope,2022-09-17T03:30:00Z
7444828,17.09.2022 10:40,8.12.2022 15:25,Samut Sakhon,department of highways,6-wheel truck,speeding,rear-end collision,2,0,1,clear,13.52469636,100.1850182,straight road,no slope,2022-09-17T03:40:00Z
7378579,17.09.2022 10:45,24.11.2022 09:58,Phetchabun,department of highways,motorcycle,speeding,rollover/fallen on straight road,1,0,1,clear,16.44016014,101.2155926,straight road,no slope,2022-09-17T03:45:00Z
7276745,17.09.2022 10:50,9.11.2022 12:36,Phetchabun,department of highways,motorcycle,speeding,rear-end collision,2,2,0,clear,16.55066076,101.1550096,straight road,no slope,2022-09-17T03:50:00Z
7040873,17.09.2022 11:20,5.10.2022 10:48,Chanthaburi,department of highways,4-wheel pickup truck,speeding,rollover/fallen on curved road,1,0,2,rainy,12.84471699,102.2649667,wide curve,slope area,2022-09-17T04:20:00Z
6930485,17.09.2022 11:52,18.09.2022 09:17,Bangkok,department of highways,4-wheel pickup truck,speeding,rear-end collision,2,0,0,clear,13.73189687,100.7105756,straight road,no slope,2022-09-17T04:52:00Z
7073083,17.09.2022 12:10,10.10.2022 10:08,Chon Buri,department of highways,4-wheel pickup truck,speeding,rollover/fallen on straight road,1,0,0,clear,12.96719876,100.980725,straight road,no slope,2022-09-17T05:10:00Z
7434598,17.09.2022 13:15,6.12.2022 11:24,Sing Buri,department of highways,motorcycle,cutting in closely by people/vehicles/animals,other,2,1,0,clear,14.82457908,100.4467642,straight road,no slope,2022-09-17T06:15:00Z
7073048,17.09.2022 14:00,10.10.2022 10:03,Chon Buri,department of highways,private/passenger car,speeding,rollover/fallen on straight road,1,0,0,clear,12.89437786,100.9626201,straight road,no slope,2022-09-17T07:00:00Z
7140270,17.09.2022 14:00,20.10.2022 13:51,Phetchabun,department of highways,4-wheel pickup truck,speeding,rollover/fallen on straight road,1,0,1,clear,15.83214367,101.008982,straight road,no slope,2022-09-17T07:00:00Z
6995948,17.09.2022 14:30,28.09.2022 14:15,buogkan,department of highways,4-wheel pickup truck,cutting in closely by people/vehicles/animals,head-on collision (not overtaking),2,0,1,clear,17.93016612,103.9747918,straight road,no slope,2022-09-17T07:30:00Z
7008717,17.09.2022 14:45,30.09.2022 13:54,Nakhon Ratchasima,department of highways,4-wheel pickup truck,speeding,rollover/fallen on curved road,1,0,1,rainy,14.37261119,101.8644512,wide curve,slope area,2022-09-17T07:45:00Z
6930234,17.09.2022 15:20,18.09.2022 08:04,Bangkok,department of highways,large truck with trailer,speeding,rear-end collision,2,0,0,clear,13.88197226,100.6851911,straight road,no slope,2022-09-17T08:20:00Z
7041173,17.09.2022 15:30,5.10.2022 11:39,Bangkok,department of highways,private/passenger car,speeding,rear-end collision,2,0,0,clear,13.80364515,100.679757,straight road,no slope,2022-09-17T08:30:00Z
6983085,17.09.2022 15:40,26.09.2022 13:26,Lampang,department of highways,4-wheel pickup truck,speeding,rollover/fallen on straight road,1,0,0,clear,17.8982691,99.34090017,straight road,no slope,2022-09-17T08:40:00Z
7008768,17.09.2022 16:20,30.09.2022 14:03,Phetchaburi,department of highways,motorcycle,speeding,rear-end collision,2,1,0,clear,13.15424285,99.84958379,straight road,no slope,2022-09-17T09:20:00Z
7041102,17.09.2022 16:40,5.10.2022 11:29,Nonthaburi,department of highways,private/passenger car,speeding,rear-end collision,3,0,2,clear,13.94624761,100.4211464,straight road,no slope,2022-09-17T09:40:00Z
7139559,17.09.2022 16:56,20.10.2022 11:17,Sukhothai,department of highways,motorcycle,speeding,rear-end collision,2,0,1,clear,17.0013685,99.799515,other,other,2022-09-17T09:56:00Z
7072833,17.09.2022 17:37,10.10.2022 09:31,Chon Buri,department of highways,private/passenger car,debris/obstruction on the road,collision with obstruction (on road surface),1,0,0,clear,13.28770488,100.9912044,straight road,no slope,2022-09-17T10:37:00Z
7002525,17.09.2022 18:01,29.09.2022 13:49,Songkhla,department of highways,4-wheel pickup truck,speeding,rollover/fallen on straight road,1,0,1,clear,7.880306475,100.3452131,straight road,no slope,2022-09-17T11:01:00Z
7139576,17.09.2022 18:20,20.10.2022 11:20,Tak,department of highways,private/passenger car,speeding,rollover/fallen on straight road,1,0,0,rainy,16.76990776,98.79343717,straight road,no slope,2022-09-17T11:20:00Z
6996019,17.09.2022 18:30,28.09.2022 14:25,buogkan,department of highways,4-wheel pickup truck,speeding,rollover/fallen on curved road,1,0,0,clear,18.34104777,103.6374611,connecting to private area,other,2022-09-17T11:30:00Z
7000962,17.09.2022 18:30,29.09.2022 07:53,Kanchanaburi,department of highways,motorcycle,speeding,rear-end collision,2,0,0,clear,14.1375146,99.38201843,other,other,2022-09-17T11:30:00Z
7332023,17.09.2022 19:00,2.10.2022 18:26,Udon Thani,department of highways,private/passenger car,speeding,head-on collision (not overtaking),3,0,1,rainy,17.37850618,102.8419876,straight road,no slope,2022-09-17T12:00:00Z
7000894,17.09.2022 20:00,29.09.2022 07:39,Surin,department of highways,motorcycle,speeding,rear-end collision,2,1,0,rainy,15.35670862,103.589302,straight road,no slope,2022-09-17T13:00:00Z
7139582,17.09.2022 21:10,20.10.2022 11:24,Tak,department of highways,4-wheel pickup truck,speeding,rollover/fallen on straight road,1,0,0,clear,16.88520007,99.12713616,other,other,2022-09-17T14:10:00Z
6938723,17.09.2022 22:00,19.09.2022 16:40,Bangkok,department of rural roads,private/passenger car,speeding,other,2,0,1,clear,13.671581,100.538688,straight road,slope area,2022-09-17T15:00:00Z
7556222,17.09.2022 22:00,11.01.2023 11:21,Chiang Mai,department of highways,4-wheel pickup truck,speeding,rollover/fallen on straight road,1,0,1,rainy,18.82702913,99.04717146,other,other,2022-09-17T15:00:00Z
6944938,17.09.2022 22:20,20.09.2022 15:12,Chon Buri,department of highways,4-wheel pickup truck,speeding,rear-end collision,2,0,0,rainy,13.48960283,101.0467449,straight road,no slope,2022-09-17T15:20:00Z
6930794,17.09.2022 22:45,18.09.2022 10:31,Bangkok,department of highways,private/passenger car,speeding,rear-end collision,3,0,0,clear,13.73770716,100.6577629,straight road,no slope,2022-09-17T15:45:00Z
6957634,17.09.2022 23:05,22.09.2022 14:27,Amnat Charoen,department of highways,4-wheel pickup truck,cutting in closely by people/vehicles/animals,rollover/fallen on straight road,2,0,1,clear,15.86499799,104.6307903,straight road,no slope,2022-09-17T16:05:00Z
6982458,17.09.2022 23:40,26.09.2022 11:09,Chon Buri,department of highways,van,cutting in closely by people/vehicles/animals,rear-end collision,2,0,0,clear,13.14441695,100.9858721,straight road,no slope,2022-09-17T16:40:00Z
7556492,18.09.2022 00:25,11.01.2023 13:36,Chiang Mai,department of highways,4-wheel pickup truck,speeding,rollover/fallen on straight road,1,0,0,clear,19.88896,99.19679581,straight road,no slope,2022-09-17T17:25:00Z
7414622,18.09.2022 01:00,29.11.2022 09:04,Nonthaburi,department of highways,private/passenger car,speeding,rollover/fallen on straight road,1,0,0,clear,13.92452596,100.4146582,straight road,no slope,2022-09-17T18:00:00Z
7443730,18.09.2022 01:15,8.12.2022 10:36,Lamphun,department of highways,4-wheel pickup truck,speeding,rollover/fallen on straight road,1,0,0,clear,18.54608111,99.05817656,straight road,no slope,2022-09-17T18:15:00Z
7332030,18.09.2022 01:50,28.09.2022 14:12,buogkan,department of highways,4-wheel pickup truck,speeding,rollover/fallen on straight road,1,0,1,clear,17.92860177,103.9511722,other,other,2022-09-17T18:50:00Z
7035217,18.09.2022 03:30,4.10.2022 15:10,Ubon Ratchathani,department of highways,4-wheel pickup truck,unfamiliarity with the route/unskilled driving,rollover/fallen on straight road,1,0,1,rainy,16.00622101,105.2271044,straight road,no slope,2022-09-17T20:30:00Z
7556493,18.09.2022 04:25,11.01.2023 13:35,Chiang Mai,department of highways,4-wheel pickup truck,speeding,rollover/fallen on straight road,1,0,1,clear,19.85460104,99.17487411,straight road,no slope,2022-09-17T21:25:00Z
6930830,18.09.2022 04:50,18.09.2022 10:49,Bangkok,department of highways,private/passenger car,speeding,rear-end collision,2,0,2,clear,13.77162544,100.6904831,straight road,no slope,2022-09-17T21:50:00Z
7378680,18.09.2022 04:50,24.11.2022 10:13,Phetchabun,department of highways,4-wheel pickup truck,running red lights/traffic signals,collision at intersection corner,4,0,1,clear,16.75289051,101.2057516,other,other,2022-09-17T21:50:00Z
6989669,18.09.2022 04:58,27.09.2022 14:46,Surin,department of highways,private/passenger car,falling asleep,rollover/fallen on straight road,1,0,0,clear,14.6199994,103.8057884,straight road,no slope,2022-09-17T21:58:00Z
6949829,18.09.2022 05:00,21.09.2022 09:31,Ubon Ratchathani,department of highways,4-wheel pickup truck,debris/obstruction on the road,collision with obstruction (on road surface),1,0,0,rainy,16.02661888,105.1242846,straight road,no slope,2022-09-17T22:00:00Z
7378683,18.09.2022 05:00,24.11.2022 10:14,Phetchabun,department of highways,private/passenger car,speeding,rear-end collision,2,0,1,clear,16.75289308,101.2058455,other,other,2022-09-17T22:00:00Z
7558185,18.09.2022 05:50,12.01.2023 14:03,Si Sa Ket,department of highways,4-wheel pickup truck,speeding,rollover/fallen on straight road,1,0,0,clear,15.1610046,104.1681549,straight road,no slope,2022-09-17T22:50:00Z
7186335,18.09.2022 06:44,27.10.2022 11:41,Sa Kaeo,department of highways,4-wheel pickup truck,speeding,rollover/fallen on straight road,1,0,1,clear,13.41468584,102.1984774,straight road,no slope,2022-09-17T23:44:00Z
6930920,18.09.2022 07:30,18.09.2022 11:09,Bangkok,department of highways,7-10-wheel truck,speeding,rear-end collision,2,0,0,clear,13.76359117,100.6950214,straight road,no slope,2022-09-18T00:30:00Z
7001318,18.09.2022 08:25,29.09.2022 09:18,Nakhon Sawan,department of highways,4-wheel pickup truck,speeding,rear-end collision,4,0,1,clear,15.2647921,100.3414151,other,other,2022-09-18T01:25:00Z
7008102,18.09.2022 11:00,30.09.2022 11:58,Phatthalung,department of highways,4-wheel pickup truck,speeding,rollover/fallen on straight road,1,0,1,clear,7.583220521,99.97146605,other,other,2022-09-18T04:00:00Z
7557464,18.09.2022 11:00,12.01.2023 09:31,Phrae,department of highways,4-wheel pickup truck,speeding,rear-end collision,2,0,1,clear,18.20695145,100.1984292,straight road,no slope,2022-09-18T04:00:00Z
7055231,18.09.2022 12:37,7.10.2022 13:57,Pathum Thani,department of highways,4-wheel pickup truck,speeding,rollover/fallen on straight road,1,0,0,rainy,14.0041889,100.7064906,straight road,no slope,2022-09-18T05:37:00Z
7008516,18.09.2022 12:50,30.09.2022 13:16,Nakhon Ratchasima,department of highways,4-wheel pickup truck,speeding,rollover/fallen on straight road,1,0,1,clear,14.67160989,101.4531317,wide curve,no slope,2022-09-18T05:50:00Z
6956875,18.09.2022 13:10,22.09.2022 11:12,Nakhon Sawan,department of highways,large truck with trailer,speeding,rollover/fallen on straight road,1,0,0,clear,15.52967481,100.4699761,straight road,no slope,2022-09-18T06:10:00Z
7072931,18.09.2022 13:40,10.10.2022 09:42,Chon Buri,department of highways,private/passenger car,speeding,rollover/fallen on straight road,1,0,0,clear,12.98603316,100.9874868,straight road,no slope,2022-09-18T06:40:00Z
7040841,18.09.2022 14:00,5.10.2022 10:41,Chanthaburi,department of highways,motorcycle,speeding,rollover/fallen on straight road,1,1,0,rainy,12.62903175,102.0778799,straight road,no slope,2022-09-18T07:00:00Z
6994945,18.09.2022 15:45,28.09.2022 10:16,Chon Buri,department of highways,4-wheel pickup truck,speeding,rollover/fallen on straight road,1,0,1,clear,13.09409548,101.120232,straight road,no slope,2022-09-18T08:45:00Z
7139565,18.09.2022 15:50,20.10.2022 11:19,Tak,department of highways,4-wheel pickup truck,speeding,rollover/fallen on curved road,1,0,0,rainy,16.81341473,98.97199987,wide curve,slope area,2022-09-18T08:50:00Z
7425364,18.09.2022 16:00,2.12.2022 14:19,Trang,department of highways,4-wheel pickup truck,speeding,rollover/fallen on curved road,1,0,1,clear,7.580660136,99.80101703,wide curve,no slope,2022-09-18T09:00:00Z
7008744,18.09.2022 16:25,30.09.2022 13:56,Nakhon Ratchasima,department of highways,4-wheel pickup truck,speeding,rollover/fallen on curved road,1,0,1,rainy,14.43746476,101.8854475,wide curve,slope area,2022-09-18T09:25:00Z
6943883,18.09.2022 16:30,20.09.2022 11:13,Chachoengsao,department of highways,private/passenger car,speeding,rear-end collision,4,0,3,clear,13.54377187,101.0050821,straight road,no slope,2022-09-18T09:30:00Z
7055232,18.09.2022 17:17,7.10.2022 13:58,Pathum Thani,department of highways,private/passenger car,speeding,rear-end collision,3,0,0,clear,14.0453878,100.6984413,straight road,no slope,2022-09-18T10:17:00Z
7563835,18.09.2022 18:09,19.01.2023 08:24,Saraburi,department of highways,large truck with trailer,speeding,rollover/fallen on straight road,1,0,0,clear,14.58763026,100.7057825,other,other,2022-09-18T11:09:00Z
7040881,18.09.2022 19:00,5.10.2022 10:47,Chanthaburi,department of highways,motorcycle,debris/obstruction on the road,collision with obstruction (on road surface),2,1,0,rainy,12.62872552,102.1467966,straight road,no slope,2022-09-18T12:00:00Z
7555958,18.09.2022 19:03,11.01.2023 09:06,Phetchabun,department of highways,4-wheel pickup truck,speeding,rollover/fallen on straight road,1,0,1,rainy,16.56748517,101.1511123,straight road,no slope,2022-09-18T12:03:00Z
6938328,18.09.2022 19:45,19.09.2022 15:26,Ubon Ratchathani,department of highways,private/passenger car,speeding,rollover/fallen on straight road,1,0,0,clear,15.33153325,104.6919501,straight road,no slope,2022-09-18T12:45:00Z
7140227,18.09.2022 19:45,20.10.2022 13:46,Phetchabun,department of highways,large passenger vehicle,cutting in closely by people/vehicles/animals,head-on collision (not overtaking),2,0,0,clear,16.77692892,101.010924,wide curve,slope area,2022-09-18T12:45:00Z
6963064,18.09.2022 20:20,23.09.2022 10:19,Nakhon Sawan,department of highways,private/passenger car,falling asleep,rear-end collision,3,0,1,clear,15.26387351,100.3377592,straight road,no slope,2022-09-18T13:20:00Z
7558195,18.09.2022 20:20,12.01.2023 14:06,Si Sa Ket,department of highways,private/passenger car,speeding,rollover/fallen on straight road,1,0,0,clear,15.10751988,104.3718365,straight road,no slope,2022-09-18T13:20:00Z
7557402,18.09.2022 20:30,12.01.2023 08:55,Phrae,department of highways,large truck with trailer,speeding,head-on collision (not overtaking),2,0,0,rainy,18.05644714,99.69812749,wide curve,slope area,2022-09-18T13:30:00Z
7124587,18.09.2022 20:40,18.10.2022 09:51,Rayong,department of highways,4-wheel pickup truck,speeding,rollover/fallen on straight road,1,0,0,rainy,12.92653503,101.5257391,straight road,no slope,2022-09-18T13:40:00Z
7474406,18.09.2022 21:30,20.12.2022 13:37,Ratchaburi,department of highways,4-wheel pickup truck,speeding,rollover/fallen on straight road,1,0,0,rainy,13.6489165,100.0049266,straight road,no slope,2022-09-18T14:30:00Z
7008639,18.09.2022 21:40,30.09.2022 13:36,Nakhon Ratchasima,department of highways,large truck with trailer,speeding,rollover/fallen on straight road,1,0,0,rainy,14.91147655,102.0687255,straight road,no slope,2022-09-18T14:40:00Z
6934389,18.09.2022 22:09,18.09.2022 23:09,Bangkok,expressway authority of thailand,other,other,side collision,2,0,0,rainy,13.76250523,100.5261421,straight road,other,2022-09-18T15:09:00Z
7002431,18.09.2022 22:37,29.09.2022 13:47,Songkhla,department of highways,van,speeding,rollover/fallen on straight road,1,0,0,clear,6.987338637,100.4287478,other,other,2022-09-18T15:37:00Z
7055233,18.09.2022 23:07,7.10.2022 13:59,Pathum Thani,department of highways,4-wheel pickup truck,speeding,rear-end collision,2,0,0,clear,14.07443492,100.6957322,straight road,no slope,2022-09-18T16:07:00Z
7557730,18.09.2022 23:20,12.01.2023 10:40,Phrae,department of highways,4-wheel pickup truck,speeding,rollover/fallen on curved road,1,0,1,clear,18.1504931,100.1825452,wide curve,no slope,2022-09-18T16:20:00Z
7088143,18.09.2022 23:30,12.10.2022 10:53,Chon Buri,department of highways,private/passenger car,speeding,rollover/fallen on straight road,1,0,0,rainy,12.86647359,100.9816074,straight road,no slope,2022-09-18T16:30:00Z
6963723,18.09.2022 23:33,23.09.2022 12:41,Chanthaburi,department of highways,private/passenger car,speeding,rollover/fallen on straight road,1,0,0,clear,12.72553225,101.9914189,straight road,no slope,2022-09-18T16:33:00Z
7566935,18.09.2022 23:50,23.01.2023 07:24,Chon Buri,department of highways,4-wheel pickup truck,speeding,rollover/fallen on straight road,1,0,1,clear,13.35447133,101.1960211,straight road,no slope,2022-09-18T16:50:00Z
6935407,19.09.2022 00:03,19.09.2022 03:10,Nonthaburi,expressway authority of thailand,other,other,collision with obstruction (on road surface),1,0,0,rainy,13.85237538,100.5331147,straight road,other,2022-09-18T17:03:00Z
7556643,19.09.2022 00:30,11.01.2023 14:17,Nan,department of highways,private/passenger car,driving under the influence of alcohol,rollover/fallen on straight road,1,0,1,clear,18.79633087,100.7792508,other,other,2022-09-18T17:30:00Z
6938719,19.09.2022 01:00,19.09.2022 16:41,Nonthaburi,department of rural roads,private/passenger car,speeding,other,1,1,0,rainy,13.881705,100.450814,y-intersection,other,2022-09-18T18:00:00Z
7331903,19.09.2022 01:00,17.11.2022 13:37,Khon Kaen,department of highways,private/passenger car,speeding,rollover/fallen on curved road,1,0,0,clear,16.46408851,102.6176222,wide curve,slope area,2022-09-18T18:00:00Z
7565502,19.09.2022 01:20,20.01.2023 11:33,Chachoengsao,department of highways,large truck with trailer,speeding,rollover/fallen on straight road,1,0,0,clear,13.65959944,101.1236228,straight road,no slope,2022-09-18T18:20:00Z
7429205,19.09.2022 02:00,3.12.2022 12:12,Udon Thani,department of highways,private/passenger car,speeding,rear-end collision,2,1,1,clear,17.4210293,102.7699837,wide curve,no slope,2022-09-18T19:00:00Z
7512569,19.09.2022 02:00,27.12.2022 14:44,Phetchabun,department of highways,4-wheel pickup truck,speeding,rollover/fallen on straight road,1,1,0,clear,15.61382855,101.0601732,straight road,no slope,2022-09-18T19:00:00Z
7008775,19.09.2022 02:45,30.09.2022 14:01,Nakhon Ratchasima,department of highways,4-wheel pickup truck,speeding,rollover/fallen on straight road,1,0,1,rainy,14.55162694,101.9733596,straight road,no slope,2022-09-18T19:45:00Z
7564470,19.09.2022 03:30,19.01.2023 15:13,Samut Sakhon,department of highways,private/passenger car,cutting in closely by people/vehicles/animals,rear-end collision,2,0,0,clear,13.54482013,100.2560484,straight road,no slope,2022-09-18T20:30:00Z
6994555,19.09.2022 04:20,28.09.2022 09:02,Phayao,department of highways,4-wheel pickup truck,speeding,rollover/fallen on curved road,1,0,6,clear,19.04068451,99.93108808,wide curve,no slope,2022-09-18T21:20:00Z
7008928,19.09.2022 04:21,30.09.2022 14:30,Prachin Buri,department of highways,4-wheel pickup truck,speeding,rollover/fallen on straight road,1,1,0,rainy,13.93895088,101.4937565,straight road,no slope,2022-09-18T21:21:00Z
6937253,19.09.2022 04:30,19.09.2022 11:27,Bangkok,department of highways,4-wheel pickup truck,speeding,rollover/fallen on curved road,1,0,0,clear,13.73304591,100.7055089,other,other,2022-09-18T21:30:00Z
7046974,19.09.2022 04:30,6.10.2022 08:56,Kanchanaburi,department of highways,4-wheel pickup truck,speeding,rollover/fallen on straight road,1,0,0,clear,14.63675701,98.71620028,straight road,no slope,2022-09-18T21:30:00Z
7002362,19.09.2022 05:30,29.09.2022 13:34,Songkhla,department of highways,4-wheel pickup truck,speeding,rollover/fallen on straight road,1,0,7,clear,6.933677142,100.7076707,straight road,no slope,2022-09-18T22:30:00Z
6995766,19.09.2022 05:40,28.09.2022 13:32,Nong Khai,department of highways,4-wheel pickup truck,speeding,rollover/fallen on straight road,1,0,1,rainy,18.02946741,103.1251618,straight road,no slope,2022-09-18T22:40:00Z
7562741,19.09.2022 05:40,18.01.2023 10:50,Surat Thani,department of highways,large truck with trailer,speeding,rear-end collision,2,0,0,clear,9.38603007,99.16975378,straight road,no slope,2022-09-18T22:40:00Z
6938725,19.09.2022 06:30,19.09.2022 16:40,Bangkok,department of rural roads,motorcycle,abrupt lane change,other,2,0,1,clear,13.683334,100.541623,wide curve,slope area,2022-09-18T23:30:00Z
7046942,19.09.2022 06:30,6.10.2022 08:52,Chai Nat,department of highways,private/passenger car,falling asleep,rollover/fallen on straight road,1,0,1,clear,15.03315694,100.1449272,straight road,no slope,2022-09-18T23:30:00Z
7434078,19.09.2022 07:15,6.12.2022 10:57,Prachuap Khiri Khan,department of highways,4-wheel pickup truck,speeding,rollover/fallen on straight road,1,0,0,clear,11.42549539,99.53488557,straight road,no slope,2022-09-19T00:15:00Z
7008290,19.09.2022 07:30,30.09.2022 12:33,Chaiyaphum,department of highways,motorcycle,speeding,head-on collision (not overtaking),2,0,1,clear,15.57695925,101.887325,straight road,no slope,2022-09-19T00:30:00Z
6936437,19.09.2022 07:33,19.09.2022 08:38,Bangkok,expressway authority of thailand,4-wheel pickup truck,other,rear-end collision,2,0,0,clear,13.74219859,100.6315289,straight road,other,2022-09-19T00:33:00Z
6943295,19.09.2022 07:50,20.09.2022 09:28,Surat Thani,department of highways,6-wheel truck,speeding,rollover/fallen on straight road,1,0,0,clear,9.529040837,99.13222699,straight road,no slope,2022-09-19T00:50:00Z
6938174,19.09.2022 08:00,19.09.2022 14:59,Surat Thani,department of highways,4-wheel pickup truck,speeding,rollover/fallen on straight road,1,0,1,clear,9.579409646,99.09596084,straight road,no slope,2022-09-19T01:00:00Z
7001319,19.09.2022 08:00,29.09.2022 09:17,Sakon Nakhon,department of highways,motorcycle,speeding,rear-end collision,2,1,0,clear,17.21236325,104.1025883,straight road,no slope,2022-09-19T01:00:00Z
6937355,19.09.2022 08:06,19.09.2022 11:50,Bangkok,department of highways,private/passenger car,speeding,rear-end collision,2,0,0,clear,13.76409397,100.6947505,straight road,no slope,2022-09-19T01:06:00Z
7023141,19.09.2022 08:30,2.10.2022 18:22,Udon Thani,department of highways,large truck with trailer,speeding,rollover/fallen on straight road,1,0,0,clear,17.36367938,103.0691251,straight road,no slope,2022-09-19T01:30:00Z
7000637,19.09.2022 10:00,29.09.2022 06:51,Samut Songkhram,department of highways,4-wheel pickup truck,vehicle equipment failure,rollover/fallen on straight road,1,0,0,clear,13.34369152,99.86040114,straight road,no slope,2022-09-19T03:00:00Z
7145511,19.09.2022 10:00,21.10.2022 08:27,Suphan Buri,department of highways,4-wheel pickup truck,speeding,rollover/fallen on straight road,1,0,0,clear,14.52807325,100.1243949,straight road,no slope,2022-09-19T03:00:00Z