acc_code,incident_datetime,report_datetime,province_en,agency,vehicle_type,presumed_cause,accident_type,number_of_vehicles_involved,number_of_fatalities,number_of_injuries,weather_condition,latitude,longitude,road_description,slope_description,incident_time
6937427,19.09.2022 10:12,19.09.2022 12:12,Bangkok,department of highways,private/passenger car,speeding,rear-end collision,2,0,0,clear,13.73241277,100.7073811,straight road,no slope,2022-09-19T03:12:00Z
6943971,19.09.2022 11:32,20.09.2022 11:34,Chachoengsao,department of highways,4-wheel pickup truck,speeding,rear-end collision,3,0,1,clear,13.55910157,100.9922263,straight road,no slope,2022-09-19T04:32:00Z
7556217,19.09.2022 12:10,11.01.2023 11:20,Chiang Mai,department of highways,4-wheel pickup truck,speeding,rear-end collision,2,0,0,clear,19.05858768,99.36114818,straight road,no slope,2022-09-19T05:10:00Z
6994628,19.09.2022 12:31,28.09.2022 09:18,Phayao,department of highways,4-wheel pickup truck,speeding,rollover/fallen on straight road,1,0,0,clear,19.11918904,99.84985738,straight road,no slope,2022-09-19T05:31:00Z
7033346,19.09.2022 12:40,4.10.2022 09:19,Bangkok,department of highways,private/passenger car,speeding,rollover/fallen on straight road,1,0,0,clear,13.66044981,100.6433675,straight road,no slope,2022-09-19T05:40:00Z
7424970,19.09.2022 12:50,2.12.2022 13:45,Saraburi,department of highways,motorcycle,speeding,rollover/fallen on straight road,1,1,1,clear,14.58702285,100.7627901,other,other,2022-09-19T05:50:00Z
7556485,19.09.2022 13:00,11.01.2023 13:32,Chiang Mai,department of highways,motorcycle,speeding,rear-end collision,2,0,0,clear,19.71293732,99.14252131,other,other,2022-09-19T06:00:00Z
7048623,19.09.2022 13:50,6.10.2022 14:33,Chon Buri,department of highways,private/passenger car,speeding,rear-end collision,2,0,2,clear,13.34311736,101.0268268,straight road,no slope,2022-09-19T06:50:00Z
7008506,19.09.2022 14:00,30.09.2022 13:15,Nakhon Ratchasima,department of highways,large truck with trailer,speeding,rear-end collision,2,0,0,rainy,14.64392733,101.290445,straight road,no slope,2022-09-19T07:00:00Z
7016243,19.09.2022 14:00,1.10.2022 14:46,Uttaradit,department of highways,7-10-wheel truck,speeding,rollover/fallen on straight road,1,0,0,clear,17.82310544,100.075458,wide curve,slope area,2022-09-19T07:00:00Z
7125797,19.09.2022 15:45,18.10.2022 13:43,Chon Buri,department of highways,large truck with trailer,speeding,rollover/fallen on curved road,1,0,0,clear,13.42261976,100.9965929,wide curve,slope area,2022-09-19T08:45:00Z
7074348,19.09.2022 16:15,10.10.2022 14:28,Phatthalung,department of highways,private/passenger car,falling asleep,rollover/fallen on straight road,1,0,1,clear,7.813167004,99.94915812,straight road,no slope,2022-09-19T09:15:00Z
6994623,19.09.2022 16:40,28.09.2022 09:16,Phayao,department of highways,4-wheel pickup truck,unfamiliarity with the route/unskilled driving,head-on collision (not overtaking),2,0,5,clear,19.64344136,100.3667781,wide curve,no slope,2022-09-19T09:40:00Z
7147088,19.09.2022 16:40,21.10.2022 14:09,Narathiwat,department of highways,4-wheel pickup truck,speeding,collision with obstruction (on road surface),1,0,0,clear,6.177963613,102.0491963,straight road,no slope,2022-09-19T09:40:00Z
7007739,19.09.2022 17:10,30.09.2022 10:44,Narathiwat,department of highways,private/passenger car,speeding,rollover/fallen on straight road,1,0,2,clear,6.437381084,101.6906038,straight road,no slope,2022-09-19T10:10:00Z
7447254,19.09.2022 17:25,9.12.2022 10:22,Ubon Ratchathani,department of highways,4-wheel pickup truck,debris/obstruction on the road,rollover/fallen on straight road,1,0,0,clear,15.20080448,105.3884071,straight road,no slope,2022-09-19T10:25:00Z
7139522,19.09.2022 17:30,20.10.2022 11:07,Sukhothai,department of highways,motorcycle,speeding,rear-end collision,2,0,1,clear,17.4537173,99.68452601,straight road,no slope,2022-09-19T10:30:00Z
7561724,19.09.2022 17:37,17.01.2023 14:00,Nakhon Nayok,department of highways,4-wheel pickup truck,cutting in closely by people/vehicles/animals,rear-end collision,2,0,1,clear,14.09869215,100.9532008,straight road,no slope,2022-09-19T10:37:00Z
7008614,19.09.2022 18:20,30.09.2022 13:33,Prachuap Khiri Khan,department of highways,motorcycle,speeding,rear-end collision,2,1,0,rainy,11.24639516,99.46836411,other,other,2022-09-19T11:20:00Z
7139496,19.09.2022 19:19,20.10.2022 11:04,Sukhothai,department of highways,private/passenger car,speeding,rollover/fallen on straight road,1,0,0,clear,17.31378626,99.84841703,straight road,no slope,2022-09-19T12:19:00Z
6983386,19.09.2022 19:50,26.09.2022 14:26,Prachuap Khiri Khan,department of highways,4-wheel pickup truck,vehicle equipment failure,rollover/fallen on straight road,1,0,2,clear,11.5266092,99.61906402,straight road,no slope,2022-09-19T12:50:00Z
6943593,19.09.2022 21:00,20.09.2022 10:26,Nakhon Sawan,department of highways,large truck with trailer,speeding,rear-end collision,2,1,0,clear,15.86569976,100.6060204,other,other,2022-09-19T14:00:00Z
7028351,19.09.2022 21:42,3.10.2022 14:37,Bangkok,expressway authority of thailand,other,other,collision with obstruction (on road surface),1,0,0,clear,13.80243237,100.5426265,straight road,other,2022-09-19T14:42:00Z
7557430,19.09.2022 21:50,12.01.2023 09:15,Phrae,department of highways,4-wheel pickup truck,speeding,rollover/fallen on straight road,1,0,0,clear,17.99735361,100.1010194,straight road,no slope,2022-09-19T14:50:00Z
7186082,19.09.2022 22:05,27.10.2022 10:43,Prachin Buri,department of highways,4-wheel pickup truck,speeding,rollover/fallen on straight road,1,0,0,clear,13.84497357,101.4233297,straight road,no slope,2022-09-19T15:05:00Z
7556479,19.09.2022 23:00,11.01.2023 13:33,Chiang Mai,department of highways,4-wheel pickup truck,falling asleep,rollover/fallen on straight road,1,0,1,clear,19.79096147,99.16568487,straight road,no slope,2022-09-19T16:00:00Z
7028749,19.09.2022 23:30,3.10.2022 15:26,Phrae,department of highways,4-wheel pickup truck,speeding,rollover/fallen on curved road,1,0,0,clear,18.03977625,99.69932912,wide curve,slope area,2022-09-19T16:30:00Z
7142270,19.09.2022 23:45,20.10.2022 20:35,Krabi,department of highways,4-wheel pickup truck,speeding,rollover/fallen on straight road,1,0,1,clear,8.101907425,98.88382225,straight road,no slope,2022-09-19T16:45:00Z
7554482,20.09.2022 00:30,9.01.2023 12:40,Chiang Mai,department of highways,private/passenger car,speeding,rollover/fallen on straight road,1,0,0,clear,18.75938449,99.04566942,straight road,no slope,2022-09-19T17:30:00Z
7444824,20.09.2022 00:33,8.12.2022 14:58,Samut Sakhon,department of highways,large truck with trailer,speeding,rear-end collision,2,0,0,clear,13.53933105,100.2284512,straight road,no slope,2022-09-19T17:33:00Z
7072879,20.09.2022 01:45,10.10.2022 09:38,Bangkok,department of highways,private/passenger car,speeding,rollover/fallen on straight road,1,0,0,clear,13.72944504,100.7018557,other,other,2022-09-19T18:45:00Z
7565044,20.09.2022 03:20,20.01.2023 07:39,Pathum Thani,department of highways,4-wheel pickup truck,speeding,rollover/fallen on straight road,2,0,0,clear,14.00710627,100.7035884,straight road,no slope,2022-09-19T20:20:00Z
6963085,20.09.2022 03:40,23.09.2022 10:22,Amnat Charoen,department of highways,4-wheel pickup truck,speeding,rollover/fallen on straight road,1,0,0,clear,16.06805787,104.6315896,straight road,no slope,2022-09-19T20:40:00Z
7419034,20.09.2022 05:00,30.11.2022 11:46,Udon Thani,department of highways,6-wheel truck,speeding,rollover/fallen on straight road,1,0,0,clear,17.10478083,102.941342,straight road,no slope,2022-09-19T22:00:00Z
7000820,20.09.2022 06:20,29.09.2022 07:27,Chon Buri,department of highways,van,speeding,rollover/fallen on straight road,1,0,11,clear,13.08886264,101.3955152,straight road,no slope,2022-09-19T23:20:00Z
7073258,20.09.2022 06:23,10.10.2022 10:40,Bangkok,department of highways,4-wheel pickup truck,speeding,rollover/fallen on straight road,1,0,0,clear,13.73244664,100.7860851,straight road,no slope,2022-09-19T23:23:00Z
7140456,20.09.2022 07:55,20.10.2022 14:10,Nong Bua Lam Phu,department of highways,4-wheel pickup truck,speeding,rollover/fallen on curved road,1,0,0,rainy,17.24680984,102.3858404,wide curve,no slope,2022-09-20T00:55:00Z
7016330,20.09.2022 08:08,1.10.2022 15:02,Chon Buri,department of highways,other,cutting in closely by people/vehicles/animals,rear-end collision,2,0,0,clear,13.10331732,100.9119183,straight road,no slope,2022-09-20T01:08:00Z
7556318,20.09.2022 09:38,11.01.2023 12:04,Yasothon,department of highways,4-wheel pickup truck,speeding,rollover/fallen on straight road,1,0,0,clear,15.54802711,104.4262227,straight road,no slope,2022-09-20T02:38:00Z
7000914,20.09.2022 10:00,29.09.2022 07:44,Sing Buri,department of highways,other,speeding,rollover/fallen on curved road,1,0,0,clear,14.81645788,100.3654289,wide curve,no slope,2022-09-20T03:00:00Z
7446740,20.09.2022 10:00,9.12.2022 10:05,Chaiyaphum,department of highways,4-wheel pickup truck,speeding,rollover/fallen on straight road,1,0,1,clear,16.16511671,102.223383,straight road,no slope,2022-09-20T03:00:00Z
7002599,20.09.2022 10:14,29.09.2022 14:19,Kanchanaburi,department of highways,private/passenger car,unfamiliarity with the route/unskilled driving,rollover/fallen on curved road,1,0,1,clear,14.00012898,99.51627641,wide curve,no slope,2022-09-20T03:14:00Z
7147090,20.09.2022 11:00,21.10.2022 14:07,Narathiwat,department of highways,4-wheel pickup truck,speeding,rear-end collision,2,0,0,clear,6.297985684,101.9894045,straight road,no slope,2022-09-20T04:00:00Z
7001013,20.09.2022 12:05,29.09.2022 08:01,Suphan Buri,department of highways,motorcycle,cutting in closely by people/vehicles/animals,rear-end collision,2,0,1,clear,14.15688321,100.1613155,wide curve,no slope,2022-09-20T05:05:00Z
7560682,20.09.2022 12:20,16.01.2023 11:06,Bangkok,department of highways,private/passenger car,speeding,rear-end collision,2,0,0,rainy,13.8159725,100.5590191,straight road,no slope,2022-09-20T05:20:00Z
7439262,20.09.2022 14:30,7.12.2022 10:49,Ubon Ratchathani,department of highways,motorcycle,cutting in closely by people/vehicles/animals,rear-end collision,2,0,1,clear,14.8900432,105.0838074,other,other,2022-09-20T07:30:00Z
7047482,20.09.2022 14:32,6.10.2022 10:39,Chon Buri,department of highways,private/passenger car,speeding,rear-end collision,3,0,0,rainy,13.11345312,100.9613272,straight road,no slope,2022-09-20T07:32:00Z
7378578,20.09.2022 14:45,24.11.2022 09:57,Phetchabun,department of highways,motorcycle,speeding,rollover/fallen on straight road,1,0,2,clear,16.44561386,101.2387133,straight road,no slope,2022-09-20T07:45:00Z
7564467,20.09.2022 15:05,19.01.2023 15:10,Samut Sakhon,department of highways,4-wheel pickup truck,speeding,rollover/fallen on straight road,1,0,0,clear,13.58027575,100.3079223,straight road,no slope,2022-09-20T08:05:00Z
6996336,20.09.2022 15:50,28.09.2022 15:11,Sakon Nakhon,department of highways,4-wheel pickup truck,speeding,rollover/fallen on straight road,1,0,1,clear,16.90834916,103.9082998,straight road,no slope,2022-09-20T08:50:00Z
7000893,20.09.2022 17:00,29.09.2022 07:39,Ubon Ratchathani,department of highways,4-wheel pickup truck,speeding,rollover/fallen on straight road,1,0,0,rainy,15.45749083,104.9579796,wide curve,no slope,2022-09-20T10:00:00Z
7332042,20.09.2022 18:46,20.10.2022 11:01,Sukhothai,department of highways,motorcycle,cutting in closely by people/vehicles/animals,rear-end collision,2,0,1,rainy,17.00491841,99.80203359,straight road,no slope,2022-09-20T11:46:00Z
7026983,20.09.2022 19:25,3.10.2022 10:17,Chon Buri,department of highways,private/passenger car,speeding,rear-end collision,2,0,1,clear,12.77381192,100.9930283,straight road,no slope,2022-09-20T12:25:00Z
7556596,20.09.2022 20:00,11.01.2023 14:09,Lampang,department of highways,large truck with trailer,speeding,rollover/fallen on curved road,1,0,1,rainy,17.61867207,99.31892751,wide curve,no slope,2022-09-20T13:00:00Z
7033911,20.09.2022 20:01,4.10.2022 10:47,Chachoengsao,department of highways,private/passenger car,speeding,rear-end collision,2,0,0,clear,13.573038,100.9805319,straight road,no slope,2022-09-20T13:01:00Z
7139497,20.09.2022 20:12,20.10.2022 11:03,Sukhothai,department of highways,motorcycle,speeding,collision with obstruction (on road surface),1,0,1,rainy,17.01153071,99.77743773,other,other,2022-09-20T13:12:00Z
7557483,20.09.2022 20:30,12.01.2023 09:35,Phrae,department of highways,van,speeding,rear-end collision,2,0,1,clear,18.29454477,100.2757385,wide curve,no slope,2022-09-20T13:30:00Z
7000791,20.09.2022 21:00,29.09.2022 07:24,Chachoengsao,department of highways,6-wheel truck,cutting in closely by people/vehicles/animals,head-on collision (not overtaking),2,0,5,clear,13.71501495,101.4602986,connecting to public/commercial area,other,2022-09-20T14:00:00Z
7564444,20.09.2022 21:00,19.01.2023 14:59,Samut Sakhon,department of highways,private/passenger car,speeding,rear-end collision,5,0,0,clear,13.5672419,100.2827686,straight road,no slope,2022-09-20T14:00:00Z
7000424,20.09.2022 21:15,29.09.2022 06:18,Chon Buri,department of highways,private/passenger car,speeding,rear-end collision,2,0,0,clear,13.40514443,100.9889379,straight road,no slope,2022-09-20T14:15:00Z
7554376,20.09.2022 22:30,9.01.2023 10:49,Chiang Mai,department of highways,private/passenger car,speeding,rollover/fallen on straight road,1,0,1,rainy,18.82450818,99.01201038,straight road,no slope,2022-09-20T15:30:00Z
7564462,20.09.2022 22:50,19.01.2023 15:09,Samut Sakhon,department of highways,private/passenger car,driving under the influence of alcohol,rollover/fallen on straight road,1,0,0,clear,13.58415526,100.3153816,straight road,no slope,2022-09-20T15:50:00Z
7554471,21.09.2022 00:00,9.01.2023 12:31,Chiang Mai,department of highways,4-wheel pickup truck,speeding,rollover/fallen on straight road,1,0,0,clear,18.75785049,98.999691,wide curve,no slope,2022-09-20T17:00:00Z
6958154,21.09.2022 00:50,22.09.2022 16:24,Nong Bua Lam Phu,department of rural roads,4-wheel pickup truck,driving under the influence of alcohol,other,1,0,4,rainy,17.188668,102.428292,straight road,no slope,2022-09-20T17:50:00Z
7186125,21.09.2022 01:55,27.10.2022 10:54,Sa Kaeo,department of highways,private/passenger car,speeding,rollover/fallen on straight road,1,0,0,clear,13.6976002,102.4951377,straight road,no slope,2022-09-20T18:55:00Z
7001849,21.09.2022 02:05,29.09.2022 11:23,Sakon Nakhon,department of highways,4-wheel pickup truck,speeding,rollover/fallen on straight road,1,0,0,clear,17.31634436,103.9323136,straight road,no slope,2022-09-20T19:05:00Z
7418874,21.09.2022 02:30,30.11.2022 10:59,Tak,department of highways,large truck with trailer,speeding,rollover/fallen on curved road,1,0,0,clear,16.744057690000002,98.8598728,wide curve,slope area,2022-09-20T19:30:00Z
7542689,21.09.2022 02:45,3.01.2023 14:16,Si Sa Ket,department of highways,large truck with trailer,speeding,rear-end collision,2,0,0,clear,15.10390231,104.3386951,straight road,no slope,2022-09-20T19:45:00Z
7139560,21.09.2022 04:20,20.10.2022 11:18,Tak,department of highways,7-10-wheel truck,speeding,rear-end collision,2,0,0,clear,16.9805037,99.12236183,wide curve,no slope,2022-09-20T21:20:00Z
7008704,21.09.2022 04:37,30.09.2022 13:50,Nakhon Ratchasima,department of highways,4-wheel pickup truck,speeding,rollover/fallen on curved road,1,0,1,clear,14.36435636,101.8429372,wide curve,slope area,2022-09-20T21:37:00Z
7000714,21.09.2022 05:30,29.09.2022 07:08,Suphan Buri,department of highways,large truck with trailer,speeding,collision with obstruction (on road surface),2,0,2,clear,14.33710054,99.86518352,straight road,no slope,2022-09-20T22:30:00Z
7565005,21.09.2022 07:54,20.01.2023 06:55,Samut Prakan,department of highways,private/passenger car,speeding,rear-end collision,2,0,1,clear,13.59854774,100.7952891,straight road,no slope,2022-09-21T00:54:00Z
7008591,21.09.2022 09:50,30.09.2022 13:29,Chumphon,department of highways,4-wheel pickup truck,speeding,rear-end collision,2,0,1,clear,10.92475859,99.28730963,other,other,2022-09-21T02:50:00Z
7142285,21.09.2022 10:22,20.10.2022 20:43,Krabi,department of highways,motorcycle,cutting in closely by people/vehicles/animals,rear-end collision,3,0,3,clear,7.930797393,99.14624958,wide curve,no slope,2022-09-21T03:22:00Z
7185604,21.09.2022 11:20,27.10.2022 09:10,Nakhon Ratchasima,department of highways,4-wheel pickup truck,speeding,rollover/fallen on straight road,1,0,0,clear,15.24470118,102.3885199,straight road,no slope,2022-09-21T04:20:00Z
7564465,21.09.2022 12:10,19.01.2023 15:12,Samut Sakhon,department of highways,4-wheel pickup truck,vehicle equipment failure,rollover/fallen on straight road,1,0,0,clear,13.58487223,100.3168622,straight road,no slope,2022-09-21T05:10:00Z
7033228,21.09.2022 12:40,4.10.2022 08:55,Satun,department of rural roads,motorcycle,tailgating,other,2,0,3,rainy,6.944832,99.926082,straight road,no slope,2022-09-21T05:40:00Z
6994420,21.09.2022 13:20,28.09.2022 08:26,Chon Buri,department of highways,motorcycle,speeding,rear-end collision,2,0,3,clear,12.94333354,100.9150565,straight road,no slope,2022-09-21T06:20:00Z
7332046,21.09.2022 13:40,30.09.2022 13:11,Nakhon Ratchasima,department of highways,large truck with trailer,speeding,head-on collision (not overtaking),5,0,9,rainy,14.65249612,101.3595602,straight road,slope area,2022-09-21T06:40:00Z
7088037,21.09.2022 13:50,11.10.2022 09:04,Trat,department of highways,4-wheel pickup truck,falling asleep,rollover/fallen on straight road,1,0,1,clear,12.25114753,102.5098899,straight road,no slope,2022-09-21T06:50:00Z
7560809,21.09.2022 14:00,16.01.2023 14:27,Bangkok,department of highways,motorcycle,speeding,rear-end collision,2,0,1,clear,13.7766861,100.5550601,straight road,no slope,2022-09-21T07:00:00Z
6956089,21.09.2022 14:20,22.09.2022 08:34,Chumphon,department of highways,4-wheel pickup truck,speeding,rollover/fallen on straight road,1,0,1,clear,10.72387913,99.20581876,straight road,no slope,2022-09-21T07:20:00Z
7424951,21.09.2022 16:20,2.12.2022 11:00,Chiang Mai,department of highways,motorcycle,speeding,rear-end collision,2,0,2,clear,18.89219149,99.01380265,straight road,no slope,2022-09-21T09:20:00Z
7046852,21.09.2022 17:30,6.10.2022 08:31,Suphan Buri,department of highways,motorcycle,cutting in closely by people/vehicles/animals,head-on collision (not overtaking),2,0,1,clear,14.47504229,100.1036882,straight road,no slope,2022-09-21T10:30:00Z
7444201,21.09.2022 18:00,8.12.2022 14:04,Surin,department of highways,private/passenger car,speeding,rollover/fallen on straight road,1,0,1,clear,14.63581237,103.4299922,straight road,no slope,2022-09-21T11:00:00Z
7332049,21.09.2022 18:05,28.09.2022 14:36,Yasothon,department of highways,motorcycle,speeding,rollover/fallen on curved road,1,0,1,clear,16.19516923,104.5239928,wide curve,slope area,2022-09-21T11:05:00Z
7557498,21.09.2022 19:30,12.01.2023 09:43,Phrae,department of highways,4-wheel pickup truck,speeding,rear-end collision,3,0,0,clear,18.33821156,100.3171787,wide curve,no slope,2022-09-21T12:30:00Z
7564469,21.09.2022 19:35,19.01.2023 15:13,Samut Sakhon,department of highways,private/passenger car,speeding,rollover/fallen on straight road,1,0,0,clear,13.54428296,100.2532106,straight road,no slope,2022-09-21T12:35:00Z
6956426,21.09.2022 20:04,22.09.2022 09:35,Bangkok,department of highways,private/passenger car,speeding,rear-end collision,2,0,0,clear,13.76837425,100.6922695,straight road,no slope,2022-09-21T13:04:00Z
6982205,21.09.2022 21:35,26.09.2022 10:10,Si Sa Ket,department of highways,4-wheel pickup truck,speeding,rollover/fallen on straight road,1,1,0,clear,14.82442869,104.4576779,straight road,no slope,2022-09-21T14:35:00Z
6982654,21.09.2022 21:39,26.09.2022 11:44,Chon Buri,department of highways,4-wheel pickup truck,cutting in closely by people/vehicles/animals,rear-end collision,2,0,0,rainy,13.2298306,101.0011232,straight road,no slope,2022-09-21T14:39:00Z
7514096,21.09.2022 22:00,28.12.2022 09:26,Chiang Rai,department of highways,4-wheel pickup truck,speeding,rollover/fallen on curved road,1,0,1,clear,20.21305497,100.3973874,wide curve,no slope,2022-09-21T15:00:00Z
7565026,21.09.2022 23:20,20.01.2023 07:18,Pathum Thani,department of highways,private/passenger car,speeding,rollover/fallen on straight road,1,0,0,clear,14.02127394,100.7370151,straight road,no slope,2022-09-21T16:20:00Z
6983146,22.09.2022 00:05,26.09.2022 13:41,Lamphun,department of highways,motorcycle,speeding,rear-end collision,2,1,0,clear,18.52262872,99.08608227,straight road,no slope,2022-09-21T17:05:00Z
7008409,22.09.2022 00:10,30.09.2022 12:58,Satun,department of rural roads,motorcycle,repair/construction on the road,other,1,0,1,dark,6.653658,100.077006,straight road,no slope,2022-09-21T17:10:00Z
7567170,22.09.2022 00:10,23.01.2023 11:17,Phuket,department of highways,private/passenger car,speeding,rollover/fallen on straight road,1,0,1,clear,7.807188015,98.33706735,straight road,no slope,2022-09-21T17:10:00Z
7072744,22.09.2022 00:30,10.10.2022 09:10,Bangkok,department of highways,4-wheel pickup truck,speeding,rollover/fallen on straight road,1,0,1,clear,13.729518,100.7435775,straight road,no slope,2022-09-21T17:30:00Z
7568271,22.09.2022 01:00,24.01.2023 11:44,Samut Songkhram,department of highways,van,speeding,rollover/fallen on straight road,1,0,7,rainy,13.4123664,100.0249708,straight road,no slope,2022-09-21T18:00:00Z
7088014,22.09.2022 01:15,11.10.2022 09:03,Trat,department of highways,4-wheel pickup truck,driving under the influence of alcohol,rollover/fallen on straight road,1,0,0,clear,12.25196008,102.5094366,other,other,2022-09-21T18:15:00Z
7372603,22.09.2022 01:30,23.11.2022 14:25,Tak,department of highways,other,speeding,rollover/fallen on straight road,1,0,0,clear,16.97270767,98.53403002,straight road,no slope,2022-09-21T18:30:00Z
6954747,22.09.2022 02:00,22.09.2022 03:05,Bangkok,expressway authority of thailand,other,other,collision with obstruction (on road surface),1,0,0,rainy,13.75104648,100.5954058,merge lane,other,2022-09-21T19:00:00Z
6956564,22.09.2022 02:04,22.09.2022 10:07,Bangkok,department of highways,private/passenger car,speeding,rear-end collision,4,0,1,rainy,13.73528666,100.6792983,straight road,no slope,2022-09-21T19:04:00Z
6954948,22.09.2022 02:32,22.09.2022 04:02,Bangkok,expressway authority of thailand,other,other,collision with obstruction (on road surface),1,0,0,rainy,13.75473716,100.5802173,straight road,other,2022-09-21T19:32:00Z
7040146,22.09.2022 02:45,5.10.2022 08:40,Roi Et,department of highways,4-wheel pickup truck,speeding,rollover/fallen on straight road,1,0,1,clear,15.54277932,103.398259,straight road,no slope,2022-09-21T19:45:00Z
7380888,22.09.2022 03:30,24.11.2022 15:45,Maha Sarakham,department of highways,private/passenger car,speeding,rollover/fallen on straight road,1,0,1,clear,16.05846962,103.0693316,straight road,no slope,2022-09-21T20:30:00Z
7515035,22.09.2022 03:30,28.12.2022 15:04,Maha Sarakham,department of highways,van,speeding,rollover/fallen on straight road,1,0,1,clear,16.11309584,103.1971228,straight road,no slope,2022-09-21T20:30:00Z
7561798,22.09.2022 04:00,17.01.2023 14:45,Nonthaburi,department of highways,private/passenger car,speeding,rollover/fallen on straight road,1,0,0,clear,13.87873303,100.4339245,straight road,no slope,2022-09-21T21:00:00Z
7186098,22.09.2022 06:00,27.10.2022 10:45,Prachin Buri,department of highways,large truck with trailer,falling asleep,rear-end collision,2,0,0,clear,14.06709544,101.525031,straight road,no slope,2022-09-21T23:00:00Z
7378921,22.09.2022 06:20,24.11.2022 12:00,Maha Sarakham,department of highways,van,running red lights/traffic signals,collision at intersection corner,2,1,0,clear,16.40993805,103.0978757,other,other,2022-09-21T23:20:00Z
7088024,22.09.2022 06:30,11.10.2022 10:11,Saraburi,department of highways,large truck with trailer,speeding,rollover/fallen on straight road,1,0,0,clear,14.34035665,100.8599961,straight road,no slope,2022-09-21T23:30:00Z
7047212,22.09.2022 08:00,6.10.2022 09:45,Nakhon Pathom,department of highways,private/passenger car,speeding,rear-end collision,2,0,1,clear,14.15927589,100.2088281,straight road,no slope,2022-09-22T01:00:00Z
7560680,22.09.2022 08:10,16.01.2023 11:07,Bangkok,department of highways,private/passenger car,speeding,rear-end collision,2,0,0,clear,13.76667628,100.5495123,straight road,no slope,2022-09-22T01:10:00Z
7564383,22.09.2022 08:20,19.01.2023 14:22,Samut Sakhon,department of highways,large passenger vehicle,speeding,head-on collision (not overtaking),3,0,1,rainy,13.64812205,100.288434,straight road,no slope,2022-09-22T01:20:00Z
7557426,22.09.2022 09:45,12.01.2023 09:11,Phrae,department of highways,4-wheel pickup truck,speeding,rollover/fallen on curved road,1,0,0,clear,18.05687046,99.69711898,wide curve,slope area,2022-09-22T02:45:00Z
7557392,22.09.2022 10:00,12.01.2023 08:49,Phrae,department of highways,4-wheel pickup truck,speeding,other,1,0,0,clear,18.05045171,99.69924598,wide curve,slope area,2022-09-22T03:00:00Z
6957619,22.09.2022 11:19,22.09.2022 14:21,Chachoengsao,department of highways,private/passenger car,speeding,rear-end collision,2,0,0,clear,13.50061184,101.0414046,straight road,no slope,2022-09-22T04:19:00Z
7562310,22.09.2022 11:50,18.01.2023 07:15,Nakhon Si Thammarat,department of highways,4-wheel pickup truck,speeding,rollover/fallen on straight road,1,0,1,clear,8.221949742,99.5669943,other,other,2022-09-22T04:50:00Z
7016176,22.09.2022 13:57,1.10.2022 14:38,Chon Buri,department of highways,4-wheel pickup truck,speeding,rear-end collision,2,0,3,clear,13.17247014,100.9927064,straight road,no slope,2022-09-22T06:57:00Z
7560646,22.09.2022 15:00,16.01.2023 10:37,Ubon Ratchathani,department of highways,4-wheel pickup truck,vehicle equipment failure,rollover/fallen on straight road,1,0,0,clear,15.64966183,104.6654606,wide curve,no slope,2022-09-22T08:00:00Z
7072838,22.09.2022 15:03,10.10.2022 09:34,Pathum Thani,department of highways,4-wheel pickup truck,speeding,rear-end collision,2,0,0,clear,14.01178544,100.7034409,other,other,2022-09-22T08:03:00Z
7046900,22.09.2022 15:30,6.10.2022 08:43,Suphan Buri,department of highways,4-wheel pickup truck,speeding,rollover/fallen on curved road,1,0,0,clear,14.5441161,100.1310763,wide curve,no slope,2022-09-22T08:30:00Z
7139466,22.09.2022 16:26,20.10.2022 10:56,Kamphaeng Phet,department of highways,private/passenger car,speeding,rear-end collision,2,0,1,clear,16.56539248,99.44588451,straight road,no slope,2022-09-22T09:26:00Z
6983974,22.09.2022 16:57,26.09.2022 16:10,Rayong,department of rural roads,motorcycle,speeding,other,3,1,1,clear,12.849866,101.130447,four-way intersection,other,2022-09-22T09:57:00Z
7139504,22.09.2022 17:58,20.10.2022 11:00,Sukhothai,department of highways,motorcycle,speeding,rear-end collision,2,0,0,clear,17.29601687,99.83650802,straight road,no slope,2022-09-22T10:58:00Z
7001317,22.09.2022 18:00,29.09.2022 09:16,Sakon Nakhon,department of highways,4-wheel pickup truck,speeding,rear-end collision,5,0,2,rainy,17.18701737,104.0929377,wide curve,no slope,2022-09-22T11:00:00Z
7356938,22.09.2022 19:10,21.11.2022 08:37,Loburi,department of highways,private/passenger car,speeding,rollover/fallen on straight road,1,0,0,rainy,15.22373615,101.1491972,straight road,no slope,2022-09-22T12:10:00Z
7008032,22.09.2022 19:20,30.09.2022 11:43,Surat Thani,department of highways,motorcycle,speeding,rollover/fallen on straight road,1,1,0,clear,9.313061288,99.15211021,straight road,no slope,2022-09-22T12:20:00Z
7556511,22.09.2022 19:42,11.01.2023 13:40,Mae Hong Son,department of highways,other,speeding,rollover/fallen on straight road,1,0,0,clear,19.37024608,97.9629582,straight road,no slope,2022-09-22T12:42:00Z
7132973,22.09.2022 20:12,19.10.2022 13:54,Surat Thani,department of highways,motorcycle,speeding,collision with obstruction (on road surface),2,1,0,clear,8.619239912,99.3549469,straight road,no slope,2022-09-22T13:12:00Z
7179906,22.09.2022 23:00,26.10.2022 14:19,Tak,department of highways,large passenger vehicle,speeding,rollover/fallen on straight road,1,0,1,rainy,16.7701543,99.18693332,straight road,no slope,2022-09-22T16:00:00Z