acc_code,incident_datetime,report_datetime,province_en,agency,vehicle_type,presumed_cause,accident_type,number_of_vehicles_involved,number_of_fatalities,number_of_injuries,weather_condition,latitude,longitude,road_description,slope_description,incident_time
7186149,22.09.2022 23:30,27.10.2022 10:57,Sa Kaeo,department of highways,4-wheel pickup truck,speeding,rollover/fallen on straight road,1,0,0,clear,13.6276859,102.5739786,straight road,no slope,2022-09-22T16:30:00Z
6982190,23.09.2022 00:11,26.09.2022 10:09,Bangkok,expressway authority of thailand,other,other,collision with obstruction (on road surface),2,0,2,rainy,13.770622,100.605593,grade-separated intersection/ramps,other,2022-09-22T17:11:00Z
6984093,23.09.2022 01:07,26.09.2022 16:32,Chon Buri,department of highways,private/passenger car,speeding,rear-end collision,2,0,1,clear,13.10918464,100.9869906,straight road,no slope,2022-09-22T18:07:00Z
7173138,23.09.2022 01:20,25.10.2022 14:22,Yasothon,department of highways,4-wheel pickup truck,falling asleep,rollover/fallen on straight road,1,0,1,rainy,16.26390973,104.4172409,straight road,no slope,2022-09-22T18:20:00Z
6982183,23.09.2022 01:24,26.09.2022 10:09,Bangkok,expressway authority of thailand,other,other,collision with obstruction (on road surface),1,0,2,rainy,13.892578,100.658793,straight road,other,2022-09-22T18:24:00Z
7040148,23.09.2022 01:30,5.10.2022 08:42,Kalasin,department of highways,private/passenger car,speeding,rollover/fallen on straight road,1,0,0,clear,16.63880548,103.7104037,straight road,no slope,2022-09-22T18:30:00Z
7139376,23.09.2022 01:30,20.10.2022 10:36,Tak,department of highways,4-wheel pickup truck,speeding,rollover/fallen on straight road,1,0,1,clear,16.76849528,98.58495979,straight road,no slope,2022-09-22T18:30:00Z
7194241,23.09.2022 01:55,28.10.2022 14:54,Kalasin,department of highways,private/passenger car,falling asleep,rollover/fallen on straight road,1,0,0,clear,16.36776542,103.5577378,straight road,no slope,2022-09-22T18:55:00Z
7556243,23.09.2022 02:30,11.01.2023 11:28,Chiang Mai,department of highways,private/passenger car,speeding,rollover/fallen on straight road,1,1,0,clear,18.71669904,99.11725758,straight road,no slope,2022-09-22T19:30:00Z
7567876,23.09.2022 02:30,24.01.2023 07:04,Nakhon Pathom,department of highways,4-wheel pickup truck,slippery road,rear-end collision,2,0,0,rainy,13.96588749,100.0882494,straight road,no slope,2022-09-22T19:30:00Z
6984977,23.09.2022 05:05,26.09.2022 19:59,Chachoengsao,department of highways,private/passenger car,speeding,rear-end collision,2,0,2,clear,13.53263968,101.0144725,straight road,no slope,2022-09-22T22:05:00Z
6963344,23.09.2022 05:27,23.09.2022 11:23,Bangkok,department of highways,private/passenger car,speeding,rear-end collision,2,0,0,rainy,13.7313002,100.7634151,straight road,no slope,2022-09-22T22:27:00Z
7028269,23.09.2022 06:39,3.10.2022 14:26,Samut Prakan,expressway authority of thailand,other,other,rollover/fallen on straight road,1,0,0,clear,13.586058,100.846649,straight road,other,2022-09-22T23:39:00Z
7215507,23.09.2022 06:45,31.10.2022 19:35,Nakhon Si Thammarat,department of highways,6-wheel truck,speeding,rollover/fallen on straight road,1,0,0,clear,8.324904494,99.45160298,straight road,no slope,2022-09-22T23:45:00Z
7440832,23.09.2022 07:00,8.12.2022 07:01,Suphan Buri,department of highways,private/passenger car,debris/obstruction on the road,rollover/fallen on straight road,1,0,0,clear,14.68685093,100.0154114,straight road,no slope,2022-09-23T00:00:00Z
7041801,23.09.2022 07:30,5.10.2022 13:49,Suphan Buri,department of highways,4-wheel pickup truck,speeding,rear-end collision,2,0,0,clear,14.85524606,100.0951266,straight road,no slope,2022-09-23T00:30:00Z
7000917,23.09.2022 08:15,29.09.2022 07:40,Nong Bua Lam Phu,department of highways,large truck with trailer,speeding,rollover/fallen on straight road,1,0,0,clear,17.08534795,102.4777382,straight road,no slope,2022-09-23T01:15:00Z
7414238,23.09.2022 09:56,25.11.2022 14:26,Sukhothai,department of highways,motorcycle,cutting in closely by people/vehicles/animals,rear-end collision,2,0,1,clear,17.00612906,99.56946997,straight road,no slope,2022-09-23T02:56:00Z
7008028,23.09.2022 10:25,30.09.2022 11:41,Nakhon Si Thammarat,department of highways,private/passenger car,speeding,rear-end collision,2,0,0,clear,8.632040495,99.95162575,straight road,no slope,2022-09-23T03:25:00Z
6996160,23.09.2022 12:30,28.09.2022 14:44,Nakhon Sawan,department of highways,4-wheel pickup truck,cutting in closely by people/vehicles/animals,rear-end collision,2,0,0,clear,16.03255583,100.1157313,straight road,no slope,2022-09-23T05:30:00Z
7088160,23.09.2022 13:30,12.10.2022 09:35,Chumphon,department of highways,large truck with trailer,speeding,rear-end collision,2,0,0,clear,10.38595729,99.13027166,straight road,no slope,2022-09-23T06:30:00Z
7009121,23.09.2022 13:50,30.09.2022 15:13,Prachin Buri,department of highways,private/passenger car,speeding,rollover/fallen on straight road,1,1,0,clear,13.85448161,101.5544119,straight road,no slope,2022-09-23T06:50:00Z
6965653,23.09.2022 14:38,23.09.2022 19:36,Bangkok,expressway authority of thailand,4-wheel pickup truck,other,rear-end collision,2,0,0,clear,13.7582708,100.5485787,straight road,other,2022-09-23T07:38:00Z
7185536,23.09.2022 14:40,27.10.2022 09:00,Nakhon Ratchasima,department of highways,4-wheel pickup truck,speeding,rear-end collision,2,0,2,clear,15.24469083,102.0374536,straight road,no slope,2022-09-23T07:40:00Z
7147087,23.09.2022 15:20,21.10.2022 14:09,Narathiwat,department of highways,4-wheel pickup truck,speeding,rear-end collision,2,0,3,clear,6.456685468,101.486544,wide curve,slope area,2022-09-23T08:20:00Z
7146830,23.09.2022 15:30,21.10.2022 13:26,Mukdahan,department of highways,4-wheel pickup truck,falling asleep,rollover/fallen on curved road,1,0,1,rainy,16.79122981,104.4395757,sharp curve,no slope,2022-09-23T08:30:00Z
7046897,23.09.2022 15:40,6.10.2022 08:41,Ang Thong,department of highways,large truck with trailer,speeding,collision at intersection corner,2,0,0,clear,14.57695889,100.4534858,other,other,2022-09-23T08:40:00Z
7008052,23.09.2022 16:00,30.09.2022 11:46,Surat Thani,department of highways,4-wheel pickup truck,speeding,rear-end collision,2,0,1,clear,9.046960031,99.15790914,straight road,no slope,2022-09-23T09:00:00Z
7564443,23.09.2022 16:17,19.01.2023 14:58,Samut Sakhon,department of highways,private/passenger car,debris/obstruction on the road,other,1,0,0,clear,13.57421389,100.2961367,straight road,no slope,2022-09-23T09:17:00Z
7447819,23.09.2022 16:35,9.12.2022 14:52,Chiang Rai,department of highways,private/passenger car,speeding,head-on collision (not overtaking),2,0,3,clear,19.62406744,99.98173086,straight road,no slope,2022-09-23T09:35:00Z
7016245,23.09.2022 17:00,1.10.2022 14:47,Uttaradit,department of highways,4-wheel pickup truck,speeding,rollover/fallen on curved road,1,0,0,clear,17.83360504,100.0592789,wide curve,slope area,2022-09-23T10:00:00Z
7185570,23.09.2022 17:00,27.10.2022 09:09,Nakhon Ratchasima,department of highways,6-wheel truck,speeding,rollover/fallen on straight road,1,0,0,clear,15.12412834,102.3032337,straight road,no slope,2022-09-23T10:00:00Z
6983216,23.09.2022 17:20,26.09.2022 13:56,Prachuap Khiri Khan,department of highways,4-wheel pickup truck,speeding,rollover/fallen on straight road,1,0,0,rainy,11.83919237,99.7813618,straight road,no slope,2022-09-23T10:20:00Z
7425079,23.09.2022 20:00,2.12.2022 14:03,Sa Kaeo,department of highways,4-wheel pickup truck,falling asleep,rollover/fallen on straight road,1,0,1,rainy,13.89627226,102.5097853,straight road,no slope,2022-09-23T13:00:00Z
7485969,23.09.2022 20:11,24.12.2022 12:06,Khon Kaen,department of highways,4-wheel pickup truck,speeding,rollover/fallen on straight road,1,0,0,clear,16.50815869,102.8326629,other,other,2022-09-23T13:11:00Z
7371761,23.09.2022 20:45,23.11.2022 11:30,Udon Thani,department of highways,4-wheel pickup truck,speeding,rollover/fallen on straight road,1,0,1,rainy,17.30952525,102.852864,straight road,no slope,2022-09-23T13:45:00Z
6983533,23.09.2022 20:50,26.09.2022 14:59,Bangkok,department of highways,private/passenger car,speeding,rear-end collision,2,0,0,clear,13.72924962,100.7335728,straight road,no slope,2022-09-23T13:50:00Z
6970039,23.09.2022 21:00,24.09.2022 11:00,Kanchanaburi,department of highways,motorcycle,cutting in closely by people/vehicles/animals,rear-end collision,2,1,0,clear,14.05569157,99.43013726,straight road,no slope,2022-09-23T14:00:00Z
7040711,23.09.2022 21:15,5.10.2022 10:17,Chachoengsao,department of highways,private/passenger car,speeding,rollover/fallen on straight road,1,0,1,clear,13.66554254,101.1793774,straight road,no slope,2022-09-23T14:15:00Z
7145447,23.09.2022 21:40,21.10.2022 08:06,Phra Nakhon Si Ayutthaya,department of highways,private/passenger car,speeding,rollover/fallen on straight road,1,0,1,clear,14.46507193,100.3064498,straight road,no slope,2022-09-23T14:40:00Z
7000935,23.09.2022 22:45,29.09.2022 07:47,Chon Buri,department of highways,private/passenger car,speeding,rollover/fallen on straight road,1,0,0,clear,13.46320887,101.0923424,other,other,2022-09-23T15:45:00Z
7568132,23.09.2022 23:50,24.01.2023 09:55,Prachuap Khiri Khan,department of highways,7-10-wheel truck,speeding,rear-end collision,6,0,5,clear,11.96273808,99.83232109,wide curve,no slope,2022-09-23T16:50:00Z
7072835,24.09.2022 00:05,10.10.2022 09:32,Bangkok,department of highways,private/passenger car,speeding,rollover/fallen on straight road,1,0,1,rainy,13.7055325,100.6998387,straight road,no slope,2022-09-23T17:05:00Z
6994551,24.09.2022 00:28,28.09.2022 09:04,Phayao,department of highways,motorcycle,speeding,rear-end collision,2,1,0,rainy,19.13980646,99.91093932,straight road,no slope,2022-09-23T17:28:00Z
7002394,24.09.2022 00:30,29.09.2022 13:38,Songkhla,department of highways,4-wheel pickup truck,speeding,rear-end collision,2,2,1,clear,6.545711147,100.4151973,straight road,no slope,2022-09-23T17:30:00Z
7041071,24.09.2022 00:30,5.10.2022 11:20,Phra Nakhon Si Ayutthaya,department of highways,private/passenger car,speeding,rollover/fallen on straight road,1,0,0,rainy,14.22018442,100.6101671,straight road,no slope,2022-09-23T17:30:00Z
6983481,24.09.2022 00:47,26.09.2022 14:45,Bangkok,department of highways,private/passenger car,speeding,rear-end collision,2,0,0,clear,13.73414023,100.8014569,straight road,no slope,2022-09-23T17:47:00Z
7008021,24.09.2022 01:30,30.09.2022 11:42,Phatthalung,department of highways,4-wheel pickup truck,speeding,rollover/fallen on straight road,1,0,1,clear,7.648713855,100.0349164,straight road,no slope,2022-09-23T18:30:00Z
7554397,24.09.2022 01:30,9.01.2023 11:05,Chiang Mai,department of highways,private/passenger car,speeding,rollover/fallen on straight road,1,0,0,rainy,18.84787313,99.01379673,straight road,no slope,2022-09-23T18:30:00Z
7072651,24.09.2022 02:00,10.10.2022 08:53,Bangkok,department of highways,4-wheel pickup truck,speeding,rollover/fallen on straight road,1,0,0,rainy,13.73193856,100.7697183,other,other,2022-09-23T19:00:00Z
7448022,24.09.2022 03:25,9.12.2022 14:53,Chiang Rai,department of highways,4-wheel pickup truck,speeding,rollover/fallen on curved road,1,0,0,clear,19.62387543,100.0740659,wide curve,no slope,2022-09-23T20:25:00Z
6982390,24.09.2022 03:34,26.09.2022 10:54,Samut Prakan,expressway authority of thailand,4-wheel pickup truck,other,rear-end collision,3,0,1,rainy,13.626656,100.59576,merge lane,other,2022-09-23T20:34:00Z
7448138,24.09.2022 03:40,9.12.2022 14:57,Chiang Rai,department of highways,4-wheel pickup truck,speeding,rollover/fallen on straight road,1,0,0,clear,19.65773347,100.0918892,straight road,no slope,2022-09-23T20:40:00Z
7511862,24.09.2022 03:45,27.12.2022 13:36,Maha Sarakham,department of highways,4-wheel pickup truck,speeding,rollover/fallen on straight road,1,0,1,clear,15.85829235,103.3707315,straight road,no slope,2022-09-23T20:45:00Z
6969656,24.09.2022 04:10,24.09.2022 09:37,Bangkok,department of highways,private/passenger car,speeding,rear-end collision,2,0,1,rainy,13.80872435,100.678609,straight road,no slope,2022-09-23T21:10:00Z
7380900,24.09.2022 04:30,24.11.2022 15:50,Maha Sarakham,department of highways,private/passenger car,falling asleep,rollover/fallen on straight road,1,0,0,clear,16.19529545,103.1167611,straight road,no slope,2022-09-23T21:30:00Z
7561725,24.09.2022 04:30,17.01.2023 14:02,Pathum Thani,department of highways,4-wheel pickup truck,speeding,rollover/fallen on straight road,1,0,0,clear,14.03121494,100.7613185,other,other,2022-09-23T21:30:00Z
7009120,24.09.2022 05:00,30.09.2022 15:10,Chanthaburi,department of highways,4-wheel pickup truck,speeding,rollover/fallen on straight road,1,0,1,clear,12.72311214,101.951108,straight road,no slope,2022-09-23T22:00:00Z
7146829,24.09.2022 05:00,21.10.2022 13:28,Yasothon,department of highways,6-wheel truck,speeding,rollover/fallen on straight road,1,0,0,rainy,16.22634648,104.5381361,straight road,no slope,2022-09-23T22:00:00Z
7046830,24.09.2022 05:05,6.10.2022 08:26,Uthai Thani,department of highways,private/passenger car,speeding,rollover/fallen on curved road,1,0,0,clear,15.4087879,100.0149339,wide curve,no slope,2022-09-23T22:05:00Z
7558196,24.09.2022 05:37,12.01.2023 14:05,Si Sa Ket,department of highways,4-wheel pickup truck,speeding,rollover/fallen on straight road,1,0,0,rainy,15.11146108,104.3517789,straight road,no slope,2022-09-23T22:37:00Z
7474619,24.09.2022 06:00,20.12.2022 14:56,Chai Nat,department of highways,motorcycle,running red lights/traffic signals,collision at intersection corner,2,0,0,clear,15.29784323,100.1911551,other,other,2022-09-23T23:00:00Z
7008551,24.09.2022 06:30,30.09.2022 13:20,Prachuap Khiri Khan,department of highways,6-wheel truck,falling asleep,rollover/fallen on straight road,1,0,1,clear,11.42896047,99.54740881,straight road,no slope,2022-09-23T23:30:00Z
7179033,24.09.2022 06:50,26.10.2022 10:46,Krabi,department of highways,passenger pickup truck,speeding,rollover/fallen on straight road,1,0,1,clear,8.086949067,99.00404959,straight road,no slope,2022-09-23T23:50:00Z
6983345,24.09.2022 07:20,26.09.2022 14:23,Prachuap Khiri Khan,department of highways,6-wheel truck,speeding,rear-end collision,2,0,1,clear,11.41828906,99.52188222,straight road,no slope,2022-09-24T00:20:00Z
7088049,24.09.2022 07:20,11.10.2022 10:23,Loburi,department of highways,large passenger vehicle,speeding,rollover/fallen on straight road,1,0,3,clear,15.07246801,100.7742753,other,other,2022-09-24T00:20:00Z
7433921,24.09.2022 07:40,6.12.2022 09:55,Chanthaburi,department of highways,4-wheel pickup truck,speeding,collision with obstruction (on road surface),3,0,1,rainy,12.59015904,102.1523219,connecting to public/commercial area,other,2022-09-24T00:40:00Z
7439270,24.09.2022 08:00,7.12.2022 14:52,Prachuap Khiri Khan,department of highways,motorcycle,cutting in closely by people/vehicles/animals,rear-end collision,2,0,0,clear,12.2432552,99.87132041,straight road,no slope,2022-09-24T01:00:00Z
6996340,24.09.2022 08:30,28.09.2022 15:14,Sakon Nakhon,department of highways,6-wheel truck,speeding,rollover/fallen on curved road,1,0,0,rainy,16.83840048,103.9059502,wide curve,no slope,2022-09-24T01:30:00Z
7556630,24.09.2022 09:22,11.01.2023 14:13,Lamphun,department of highways,4-wheel pickup truck,speeding,rollover/fallen on straight road,1,0,0,clear,18.41615488,98.74861477,straight road,no slope,2022-09-24T02:22:00Z
6982385,24.09.2022 09:41,26.09.2022 10:53,Samut Prakan,expressway authority of thailand,other,other,rear-end collision,3,0,5,clear,13.627777,100.593292,straight road,other,2022-09-24T02:41:00Z
7072482,24.09.2022 09:50,10.10.2022 08:13,Chon Buri,department of highways,4-wheel pickup truck,speeding,rear-end collision,2,0,0,clear,12.95094818,100.9546378,straight road,no slope,2022-09-24T02:50:00Z
7558198,24.09.2022 10:00,12.01.2023 14:07,Si Sa Ket,department of highways,4-wheel pickup truck,speeding,rollover/fallen on straight road,1,0,0,clear,15.1151821,104.2846808,straight road,no slope,2022-09-24T03:00:00Z
7124680,24.09.2022 11:05,18.10.2022 10:00,Chanthaburi,department of highways,private/passenger car,speeding,rollover/fallen on straight road,1,0,0,rainy,12.66410661,102.1135667,straight road,no slope,2022-09-24T04:05:00Z
7568272,24.09.2022 11:40,24.01.2023 11:40,Ratchaburi,department of highways,private/passenger car,speeding,rollover/fallen on straight road,1,0,1,clear,13.43197786,99.80605154,straight road,no slope,2022-09-24T04:40:00Z
7567475,24.09.2022 13:30,23.01.2023 16:02,Rayong,department of highways,4-wheel pickup truck,speeding,rollover/fallen on straight road,1,0,1,rainy,12.78473137,101.1603404,straight road,no slope,2022-09-24T06:30:00Z
7072772,24.09.2022 14:00,10.10.2022 09:18,Pathum Thani,department of highways,4-wheel pickup truck,vehicle equipment failure,rollover/fallen on straight road,1,0,2,clear,14.0418152,100.6984359,straight road,no slope,2022-09-24T07:00:00Z
7000667,24.09.2022 14:10,29.09.2022 06:58,Chachoengsao,department of highways,6-wheel truck,speeding,pedestrian collision,1,1,0,clear,13.68157061,101.2446087,straight road,no slope,2022-09-24T07:10:00Z
7007212,24.09.2022 14:20,30.09.2022 08:53,Mukdahan,department of highways,4-wheel pickup truck,speeding,pedestrian collision,1,1,0,clear,16.41884282,104.5857051,straight road,no slope,2022-09-24T07:20:00Z
7565045,24.09.2022 14:30,20.01.2023 07:36,Pathum Thani,department of highways,large truck with trailer,speeding,rollover/fallen on straight road,2,0,1,clear,13.98760785,100.6109637,straight road,no slope,2022-09-24T07:30:00Z
6983055,24.09.2022 14:40,26.09.2022 13:21,Mae Hong Son,department of highways,4-wheel pickup truck,speeding,head-on collision (not overtaking),2,0,3,rainy,18.8286412,98.02586673,wide curve,no slope,2022-09-24T07:40:00Z
6983089,24.09.2022 15:00,26.09.2022 13:28,Pathum Thani,department of highways,large truck with trailer,speeding,rollover/fallen on straight road,1,0,1,clear,14.08666514,100.69419,other,other,2022-09-24T08:00:00Z
7556046,24.09.2022 15:15,11.01.2023 09:55,Chiang Rai,department of highways,large truck with trailer,speeding,head-on collision (not overtaking),2,0,1,clear,19.48854903,99.99294518,wide curve,no slope,2022-09-24T08:15:00Z
7139065,24.09.2022 15:20,20.10.2022 09:39,Sukhothai,department of highways,private/passenger car,speeding,rollover/fallen on curved road,1,0,1,clear,17.04212176,99.87568705,wide curve,no slope,2022-09-24T08:20:00Z
7046831,24.09.2022 15:30,6.10.2022 08:28,Suphan Buri,department of highways,6-wheel truck,cutting in closely by people/vehicles/animals,rear-end collision,2,0,1,clear,14.40358031,100.0709599,straight road,no slope,2022-09-24T08:30:00Z
7139180,24.09.2022 15:30,20.10.2022 09:56,Tak,department of highways,private/passenger car,falling asleep,rollover/fallen on straight road,1,0,3,clear,17.17413556,99.13797496,straight road,no slope,2022-09-24T08:30:00Z
7002545,24.09.2022 16:14,29.09.2022 14:08,Chon Buri,department of highways,private/passenger car,speeding,rear-end collision,3,0,0,clear,13.35160952,101.0321161,straight road,no slope,2022-09-24T09:14:00Z
6975944,24.09.2022 16:43,25.09.2022 09:29,Pathum Thani,department of highways,private/passenger car,speeding,rear-end collision,2,0,0,clear,14.1022401,100.6859234,straight road,no slope,2022-09-24T09:43:00Z
7072814,24.09.2022 17:19,10.10.2022 09:29,Pathum Thani,department of highways,large truck with trailer,vehicle equipment failure,other,1,0,0,clear,14.00430601,100.7067588,straight road,no slope,2022-09-24T10:19:00Z
6983387,24.09.2022 20:38,26.09.2022 14:28,Samut Prakan,department of highways,4-wheel pickup truck,speeding,rear-end collision,3,0,0,clear,13.61873954,100.9236449,straight road,no slope,2022-09-24T13:38:00Z
6983287,24.09.2022 20:47,26.09.2022 14:12,Bangkok,department of highways,private/passenger car,speeding,rear-end collision,4,0,6,clear,13.72930174,100.7353914,straight road,no slope,2022-09-24T13:47:00Z
7001809,24.09.2022 21:18,29.09.2022 11:19,Nakhon Sawan,department of highways,large truck with trailer,speeding,collision with obstruction (on road surface),2,0,1,rainy,15.26237012,100.3322098,straight road,no slope,2022-09-24T14:18:00Z
7140434,24.09.2022 22:20,20.10.2022 14:06,Loei,department of highways,4-wheel pickup truck,speeding,rollover/fallen on straight road,1,0,1,clear,17.44349494,101.7283237,straight road,no slope,2022-09-24T15:20:00Z
7002008,24.09.2022 23:00,29.09.2022 12:01,Loburi,department of highways,private/passenger car,speeding,rollover/fallen on straight road,1,0,0,rainy,14.76881617,100.6461328,straight road,no slope,2022-09-24T16:00:00Z
7558896,25.09.2022 00:30,13.01.2023 08:14,Prachin Buri,department of highways,large truck with trailer,speeding,rollover/fallen on straight road,1,0,0,clear,13.99375789,101.7638656,straight road,no slope,2022-09-24T17:30:00Z
7023108,25.09.2022 00:50,2.10.2022 18:19,Udon Thani,department of highways,private/passenger car,falling asleep,rollover/fallen on straight road,1,0,0,clear,17.3675833,103.1041548,straight road,no slope,2022-09-24T17:50:00Z
6974413,25.09.2022 01:36,25.09.2022 02:58,Nonthaburi,expressway authority of thailand,other,other,rear-end collision,3,0,1,rainy,13.84740824,100.5331331,straight road,other,2022-09-24T18:36:00Z
6976705,25.09.2022 01:52,25.09.2022 12:36,Bangkok,department of highways,private/passenger car,speeding,rollover/fallen on straight road,1,0,1,clear,13.68733524,100.6995597,straight road,no slope,2022-09-24T18:52:00Z
7139182,25.09.2022 02:58,20.10.2022 09:57,Tak,department of highways,van,speeding,rollover/fallen on straight road,1,0,1,rainy,16.70228182,98.53954195,straight road,no slope,2022-09-24T19:58:00Z
7542644,25.09.2022 03:00,3.01.2023 14:08,Loei,department of highways,4-wheel pickup truck,speeding,rollover/fallen on curved road,1,0,0,rainy,17.27403515,101.1533117,wide curve,no slope,2022-09-24T20:00:00Z
7378923,25.09.2022 03:50,24.11.2022 12:04,Khon Kaen,department of highways,private/passenger car,falling asleep,rollover/fallen on straight road,1,0,0,rainy,16.4392263,102.8283325,other,other,2022-09-24T20:50:00Z
7041183,25.09.2022 03:57,5.10.2022 11:36,Bangkok,department of highways,private/passenger car,speeding,rollover/fallen on straight road,1,0,1,rainy,13.79776357,100.6813529,straight road,no slope,2022-09-24T20:57:00Z
7139068,25.09.2022 04:00,20.10.2022 09:38,Sukhothai,department of highways,private/passenger car,speeding,rollover/fallen on straight road,1,0,0,clear,17.53639119,99.79937552,straight road,no slope,2022-09-24T21:00:00Z
7555886,25.09.2022 04:00,11.01.2023 07:34,Phetchabun,department of highways,4-wheel pickup truck,speeding,rollover/fallen on straight road,1,0,0,rainy,15.61204647,101.0607977,straight road,no slope,2022-09-24T21:00:00Z
7442515,25.09.2022 04:30,8.12.2022 10:23,Pathum Thani,department of highways,6-wheel truck,speeding,rollover/fallen on straight road,1,0,3,rainy,14.06968158,100.4881802,straight road,no slope,2022-09-24T21:30:00Z
7563845,25.09.2022 04:55,19.01.2023 08:29,Phra Nakhon Si Ayutthaya,department of highways,private/passenger car,using mobile phone while driving,rollover/fallen on straight road,1,0,1,clear,14.35191768,100.5291295,other,other,2022-09-24T21:55:00Z
7047340,25.09.2022 05:20,6.10.2022 10:13,Chachoengsao,department of highways,private/passenger car,speeding,rear-end collision,2,0,0,rainy,13.59661463,100.9580898,straight road,no slope,2022-09-24T22:20:00Z
7425591,25.09.2022 05:30,2.12.2022 14:39,Trang,department of highways,4-wheel pickup truck,speeding,rollover/fallen on straight road,1,0,1,clear,7.94005007,99.59880798,straight road,no slope,2022-09-24T22:30:00Z
6982704,25.09.2022 05:57,26.09.2022 11:53,Bangkok,department of highways,4-wheel pickup truck,speeding,rear-end collision,2,0,0,rainy,13.73193595,100.7697236,straight road,no slope,2022-09-24T22:57:00Z
7142240,25.09.2022 07:00,20.10.2022 20:33,Krabi,department of highways,4-wheel pickup truck,speeding,rollover/fallen on straight road,1,0,6,clear,8.08874155,98.98814409,straight road,no slope,2022-09-25T00:00:00Z
7561740,25.09.2022 07:00,17.01.2023 14:13,Pathum Thani,department of highways,private/passenger car,speeding,pedestrian collision,1,0,1,clear,13.9443369,100.7748493,other,other,2022-09-25T00:00:00Z
6994531,25.09.2022 07:10,28.09.2022 08:59,Chon Buri,department of highways,private/passenger car,speeding,collision with obstruction (on road surface),1,0,0,rainy,12.95425746,100.972327,straight road,no slope,2022-09-25T00:10:00Z
7009540,25.09.2022 07:27,30.09.2022 16:32,Chachoengsao,department of highways,large truck with trailer,speeding,rear-end collision,2,0,0,clear,13.60104916,100.9511992,straight road,no slope,2022-09-25T00:27:00Z
7139275,25.09.2022 07:30,20.10.2022 10:22,Tak,department of highways,large truck with trailer,speeding,rollover/fallen on curved road,1,0,1,clear,16.76127862,98.64243148,wide curve,slope area,2022-09-25T00:30:00Z
7132324,25.09.2022 08:00,19.10.2022 11:03,Rayong,department of highways,4-wheel pickup truck,speeding,rollover/fallen on straight road,1,0,0,rainy,12.78314763,101.1619055,straight road,no slope,2022-09-25T01:00:00Z
7565532,25.09.2022 08:30,20.01.2023 11:47,Chachoengsao,department of highways,6-wheel truck,speeding,rollover/fallen on straight road,1,0,0,clear,13.72748695,101.034628,straight road,no slope,2022-09-25T01:30:00Z
7445550,25.09.2022 08:50,9.12.2022 08:49,Maha Sarakham,department of highways,4-wheel pickup truck,speeding,rollover/fallen on straight road,1,0,0,clear,16.214126,103.2771626,straight road,no slope,2022-09-25T01:50:00Z
7124562,25.09.2022 09:00,18.10.2022 09:50,Chon Buri,department of highways,6-wheel truck,speeding,rollover/fallen on straight road,1,0,2,rainy,13.06301297,101.1036908,straight road,no slope,2022-09-25T02:00:00Z
7557389,25.09.2022 09:00,12.01.2023 08:43,Phrae,department of highways,4-wheel pickup truck,speeding,rollover/fallen on curved road,1,0,1,clear,18.04336711,99.70042615,wide curve,slope area,2022-09-25T02:00:00Z
7007741,25.09.2022 09:50,30.09.2022 10:41,Narathiwat,department of highways,4-wheel pickup truck,running red lights/traffic signals,collision with obstruction (on road surface),2,0,1,clear,6.404367636,101.7398277,straight road,no slope,2022-09-25T02:50:00Z
7008491,25.09.2022 09:50,30.09.2022 13:14,Nakhon Ratchasima,department of highways,private/passenger car,speeding,rollover/fallen on straight road,1,0,1,clear,14.66641254,101.430113,straight road,no slope,2022-09-25T02:50:00Z
6983978,25.09.2022 10:00,26.09.2022 16:11,Suphan Buri,department of rural roads,private/passenger car,speeding,other,2,0,6,clear,14.852322,100.130323,four-way intersection,other,2022-09-25T03:00:00Z
7440846,25.09.2022 10:00,8.12.2022 07:02,Suphan Buri,department of highways,4-wheel pickup truck,speeding,rollover/fallen on straight road,1,0,0,clear,14.44787272,100.1132101,other,other,2022-09-25T03:00:00Z
7557710,25.09.2022 10:30,12.01.2023 10:36,Phrae,department of highways,4-wheel pickup truck,speeding,rollover/fallen on straight road,1,0,1,rainy,18.56923279,100.090481,straight road,no slope,2022-09-25T03:30:00Z
6977078,25.09.2022 10:35,25.09.2022 14:02,Pathum Thani,department of highways,4-wheel pickup truck,speeding,rear-end collision,3,0,0,clear,13.98554912,100.7131317,straight road,no slope,2022-09-25T03:35:00Z
7332061,25.09.2022 11:00,4.11.2022 14:35,Chiang Mai,department of highways,4-wheel pickup truck,speeding,head-on collision (not overtaking),3,0,2,rainy,18.93336442,98.94073335,straight road,no slope,2022-09-25T04:00:00Z
7414227,25.09.2022 11:00,25.11.2022 14:20,Songkhla,department of highways,large truck with trailer,speeding,rollover/fallen on straight road,1,0,0,clear,6.751105372,100.4523593,straight road,no slope,2022-09-25T04:00:00Z
6977235,25.09.2022 11:25,25.09.2022 14:31,Bangkok,department of highways,large truck with trailer,speeding,rear-end collision,2,0,0,clear,13.90064124,100.694713,straight road,no slope,2022-09-25T04:25:00Z
7140710,25.09.2022 12:10,20.10.2022 15:09,Phra Nakhon Si Ayutthaya,department of highways,4-wheel pickup truck,speeding,rollover/fallen on straight road,1,0,1,clear,14.50209429,100.3966257,straight road,no slope,2022-09-25T05:10:00Z