acc_code,incident_datetime,report_datetime,province_en,agency,vehicle_type,presumed_cause,accident_type,number_of_vehicles_involved,number_of_fatalities,number_of_injuries,weather_condition,latitude,longitude,road_description,slope_description,incident_time
7034752,25.09.2022 13:09,4.10.2022 13:45,Kalasin,department of highways,motorcycle,speeding,rear-end collision,2,1,0,clear,16.38920412,103.3527472,other,other,2022-09-25T06:09:00Z
7040729,25.09.2022 13:10,5.10.2022 10:20,Chanthaburi,department of highways,4-wheel pickup truck,speeding,rollover/fallen on straight road,1,0,0,rainy,12.84696334,102.2655004,wide curve,slope area,2022-09-25T06:10:00Z
6981690,25.09.2022 13:15,26.09.2022 08:20,Bangkok,department of highways,4-wheel pickup truck,speeding,rollover/fallen on straight road,1,0,0,clear,13.84529911,100.6723192,straight road,no slope,2022-09-25T06:15:00Z
7008716,25.09.2022 13:16,30.09.2022 13:51,Nakhon Ratchasima,department of highways,4-wheel pickup truck,speeding,rollover/fallen on curved road,1,0,2,rainy,14.45915807,101.9042444,wide curve,slope area,2022-09-25T06:16:00Z
7434015,25.09.2022 13:35,6.12.2022 09:53,Chanthaburi,department of highways,motorcycle,running red lights/traffic signals,rear-end collision,2,0,1,clear,12.62022957,102.1477783,other,other,2022-09-25T06:35:00Z
6988264,25.09.2022 14:00,27.09.2022 09:24,Prachuap Khiri Khan,department of highways,motorcycle,speeding,rear-end collision,2,2,0,clear,11.20797906,99.40503983,straight road,no slope,2022-09-25T07:00:00Z
7424941,25.09.2022 14:00,2.12.2022 11:42,Yasothon,department of highways,motorcycle,cutting in closely by people/vehicles/animals,rear-end collision,2,0,0,clear,16.14722058,104.4675135,connecting to private area,other,2022-09-25T07:00:00Z
7515053,25.09.2022 15:30,28.12.2022 15:07,Maha Sarakham,department of highways,4-wheel pickup truck,speeding,rollover/fallen on straight road,1,0,0,clear,16.1948215,102.8957927,straight road,no slope,2022-09-25T08:30:00Z
7140226,25.09.2022 16:45,20.10.2022 13:48,Phetchabun,department of highways,other,speeding,rollover/fallen on curved road,1,0,0,clear,16.76646385,101.1398899,sharp curve,slope area,2022-09-25T09:45:00Z
7014745,25.09.2022 17:02,1.10.2022 09:38,Chachoengsao,department of highways,private/passenger car,speeding,rear-end collision,3,0,0,clear,13.54307303,101.0056776,straight road,no slope,2022-09-25T10:02:00Z
7378576,25.09.2022 17:20,24.11.2022 09:56,Phetchabun,department of highways,motorcycle,speeding,rollover/fallen on straight road,1,0,1,rainy,16.44522284,101.2419319,straight road,no slope,2022-09-25T10:20:00Z
7332055,25.09.2022 17:38,20.10.2022 10:01,Kamphaeng Phet,department of highways,4-wheel pickup truck,vehicle equipment failure,rollover/fallen on straight road,1,0,1,clear,16.48615958,99.79451536,straight road,no slope,2022-09-25T10:38:00Z
7556656,25.09.2022 18:20,11.01.2023 14:21,Nan,department of highways,4-wheel pickup truck,speeding,rollover/fallen on straight road,1,0,1,clear,19.03469565,100.801481,straight road,no slope,2022-09-25T11:20:00Z
6983976,25.09.2022 18:45,26.09.2022 16:11,Nonthaburi,department of rural roads,motorcycle,tailgating,other,2,0,1,clear,13.811412,100.351475,straight road,no slope,2022-09-25T11:45:00Z
7558282,25.09.2022 19:15,12.01.2023 14:21,Nakhon Ratchasima,department of highways,large truck with trailer,speeding,rollover/fallen on straight road,1,0,0,rainy,15.05984523,102.1715319,straight road,no slope,2022-09-25T12:15:00Z
6981797,25.09.2022 19:53,26.09.2022 08:42,Pathum Thani,department of highways,4-wheel pickup truck,speeding,rear-end collision,2,0,0,clear,13.94734874,100.7121071,straight road,no slope,2022-09-25T12:53:00Z
6988259,25.09.2022 20:00,27.09.2022 09:20,Prachuap Khiri Khan,department of highways,4-wheel pickup truck,speeding,rollover/fallen on curved road,1,0,1,rainy,11.23782946,99.43425177,wide curve,no slope,2022-09-25T13:00:00Z
7048403,25.09.2022 20:05,6.10.2022 13:55,Chachoengsao,department of highways,4-wheel pickup truck,speeding,rollover/fallen on straight road,1,0,0,clear,13.53124975,101.015642,straight road,no slope,2022-09-25T13:05:00Z
7379021,25.09.2022 20:30,24.11.2022 12:08,Khon Kaen,department of highways,large truck with trailer,falling asleep,rollover/fallen on straight road,1,0,0,rainy,16.45095939,102.75278,straight road,no slope,2022-09-25T13:30:00Z
7554532,25.09.2022 20:30,9.01.2023 13:19,Loburi,department of highways,large truck with trailer,speeding,rollover/fallen on straight road,1,0,0,clear,14.80016528,100.727047,connecting to public/commercial area,other,2022-09-25T13:30:00Z
7007304,25.09.2022 20:32,30.09.2022 09:05,Chachoengsao,department of highways,4-wheel pickup truck,speeding,rear-end collision,4,0,1,clear,13.55840278,100.992811,straight road,no slope,2022-09-25T13:32:00Z
7002416,25.09.2022 21:00,29.09.2022 13:43,Loburi,department of highways,private/passenger car,unfamiliarity with the route/unskilled driving,rollover/fallen on straight road,1,2,0,clear,14.81502133,100.5155119,straight road,no slope,2022-09-25T14:00:00Z
7332052,25.09.2022 21:30,25.10.2022 14:22,Mukdahan,department of highways,private/passenger car,speeding,head-on collision (not overtaking),2,0,2,clear,16.65169054,104.6859982,straight road,no slope,2022-09-25T14:30:00Z
6981986,25.09.2022 21:36,26.09.2022 09:28,Bangkok,department of highways,4-wheel pickup truck,speeding,rollover/fallen on straight road,1,0,3,clear,13.68642312,100.6993452,straight road,no slope,2022-09-25T14:36:00Z
7564435,25.09.2022 22:10,19.01.2023 14:50,Samut Sakhon,department of highways,motorcycle,speeding,rear-end collision,2,0,3,clear,13.59264668,100.3583211,other,other,2022-09-25T15:10:00Z
7007827,25.09.2022 22:15,30.09.2022 10:56,Narathiwat,department of highways,motorcycle,speeding,rollover/fallen on curved road,1,1,0,clear,5.948784278,101.7643887,wide curve,no slope,2022-09-25T15:15:00Z
7512030,25.09.2022 23:00,27.12.2022 13:35,Maha Sarakham,department of highways,4-wheel pickup truck,speeding,rollover/fallen on straight road,1,0,1,clear,15.700797,103.2725412,other,other,2022-09-25T16:00:00Z
7002430,25.09.2022 23:30,29.09.2022 13:45,Sing Buri,department of highways,4-wheel pickup truck,speeding,rollover/fallen on straight road,1,0,0,rainy,14.75219837,100.453628,other,other,2022-09-25T16:30:00Z
7556660,25.09.2022 23:39,11.01.2023 14:24,Nan,department of highways,4-wheel pickup truck,driving under the influence of alcohol,rollover/fallen on straight road,1,0,1,clear,19.17871053,100.9162393,straight road,no slope,2022-09-25T16:39:00Z
6996018,26.09.2022 00:07,28.09.2022 14:26,Bangkok,department of rural roads,private/passenger car,tailgating,other,2,0,1,rainy,13.675162,100.539227,straight road,slope area,2022-09-25T17:07:00Z
7016584,26.09.2022 00:18,1.10.2022 15:50,Chon Buri,department of highways,motorcycle,cutting in closely by people/vehicles/animals,rear-end collision,2,0,1,clear,13.12079869,100.9849092,straight road,no slope,2022-09-25T17:18:00Z
7560519,26.09.2022 00:30,16.01.2023 06:48,Loburi,department of highways,4-wheel pickup truck,speeding,rear-end collision,2,0,0,clear,14.79273299,100.9123394,other,other,2022-09-25T17:30:00Z
7567169,26.09.2022 00:30,23.01.2023 11:15,Phangnga,department of highways,4-wheel pickup truck,speeding,rollover/fallen on straight road,1,1,1,clear,8.28075361,98.37066738,straight road,no slope,2022-09-25T17:30:00Z
7185633,26.09.2022 01:30,27.10.2022 09:15,Nakhon Ratchasima,department of highways,4-wheel pickup truck,speeding,rollover/fallen on straight road,1,0,0,rainy,14.85734084,102.0682669,straight road,no slope,2022-09-25T18:30:00Z
7568964,26.09.2022 02:00,25.01.2023 07:40,Khon Kaen,department of highways,private/passenger car,speeding,rollover/fallen on straight road,1,0,1,rainy,16.483857,102.5693011,straight road,no slope,2022-09-25T19:00:00Z
7560521,26.09.2022 02:20,16.01.2023 06:50,Loburi,department of highways,private/passenger car,cutting in closely by people/vehicles/animals,rollover/fallen on straight road,1,0,1,clear,15.00157229,100.6688726,other,other,2022-09-25T19:20:00Z
7356936,26.09.2022 04:30,21.11.2022 08:37,Loburi,department of highways,4-wheel pickup truck,falling asleep,rollover/fallen on straight road,1,0,0,clear,15.143177,101.0477105,straight road,no slope,2022-09-25T21:30:00Z
7186172,26.09.2022 05:17,27.10.2022 11:03,Sa Kaeo,department of highways,4-wheel pickup truck,speeding,rollover/fallen on straight road,1,0,0,foggy,13.79676071,102.0864469,straight road,no slope,2022-09-25T22:17:00Z
7561743,26.09.2022 06:35,17.01.2023 14:14,Pathum Thani,department of highways,4-wheel pickup truck,speeding,rear-end collision,2,0,0,clear,13.93459825,100.7366198,straight road,no slope,2022-09-25T23:35:00Z
6982624,26.09.2022 06:38,26.09.2022 11:39,Bangkok,department of highways,4-wheel pickup truck,speeding,rollover/fallen on straight road,1,0,0,rainy,13.73151907,100.7642975,straight road,no slope,2022-09-25T23:38:00Z
7558236,26.09.2022 07:00,12.01.2023 14:11,Nakhon Ratchasima,department of highways,private/passenger car,speeding,rollover/fallen on curved road,1,0,0,clear,14.44126488,102.5788844,wide curve,slope area,2022-09-26T00:00:00Z
7567507,26.09.2022 07:00,23.01.2023 16:27,Rayong,department of highways,4-wheel pickup truck,speeding,rollover/fallen on straight road,1,0,0,rainy,12.78314763,101.1619055,straight road,no slope,2022-09-26T00:00:00Z
6989617,26.09.2022 07:39,27.09.2022 14:33,Bangkok,department of highways,4-wheel pickup truck,speeding,rollover/fallen on straight road,1,0,0,clear,13.73403341,100.800553,straight road,no slope,2022-09-26T00:39:00Z
6982237,26.09.2022 07:50,26.09.2022 10:19,Bangkok,department of highways,4-wheel pickup truck,speeding,rear-end collision,2,0,0,rainy,13.73290521,100.79061,straight road,no slope,2022-09-26T00:50:00Z
7142287,26.09.2022 07:50,20.10.2022 20:40,Krabi,department of highways,motorcycle,speeding,rear-end collision,2,0,2,clear,8.108434439,98.93172382,straight road,no slope,2022-09-26T00:50:00Z
7542646,26.09.2022 08:00,3.01.2023 14:08,Loei,department of highways,4-wheel pickup truck,speeding,rollover/fallen on curved road,1,0,0,clear,17.26489134,101.1462253,wide curve,slope area,2022-09-26T01:00:00Z
7556501,26.09.2022 08:00,11.01.2023 13:37,Mae Hong Son,department of highways,4-wheel pickup truck,speeding,rollover/fallen on straight road,1,0,0,clear,19.25410325,97.97097533,straight road,no slope,2022-09-26T01:00:00Z
7142266,26.09.2022 08:10,20.10.2022 20:39,Krabi,department of highways,private/passenger car,speeding,rear-end collision,2,0,0,clear,8.108487547,98.9325553,straight road,no slope,2022-09-26T01:10:00Z
7557586,26.09.2022 08:10,12.01.2023 10:07,Phrae,department of highways,4-wheel pickup truck,speeding,rollover/fallen on curved road,1,0,0,rainy,18.36093816,100.3642005,wide curve,no slope,2022-09-26T01:10:00Z
7446319,26.09.2022 08:30,9.12.2022 11:49,Chon Buri,department of highways,4-wheel pickup truck,speeding,rollover/fallen on straight road,1,0,0,rainy,13.15769305,101.3046312,straight road,no slope,2022-09-26T01:30:00Z
7557614,26.09.2022 08:30,12.01.2023 10:12,Phrae,department of highways,large truck with trailer,speeding,rollover/fallen on curved road,1,0,0,rainy,18.54108166,100.1282975,wide curve,slope area,2022-09-26T01:30:00Z
7557706,26.09.2022 08:30,12.01.2023 10:35,Phrae,department of highways,4-wheel pickup truck,speeding,rollover/fallen on curved road,1,0,1,rainy,18.54607348,100.115962,wide curve,slope area,2022-09-26T01:30:00Z
7021723,26.09.2022 08:54,2.10.2022 12:42,Chon Buri,department of highways,4-wheel pickup truck,speeding,rear-end collision,5,0,2,rainy,13.1416953,100.9858185,straight road,no slope,2022-09-26T01:54:00Z
6988498,26.09.2022 09:00,27.09.2022 10:13,Chachoengsao,department of highways,private/passenger car,speeding,rollover/fallen on straight road,1,0,2,rainy,13.59509733,101.1913535,straight road,no slope,2022-09-26T02:00:00Z
7040712,26.09.2022 09:10,5.10.2022 10:19,Chanthaburi,department of highways,4-wheel pickup truck,speeding,rear-end collision,2,0,4,rainy,12.63565347,102.0967063,straight road,no slope,2022-09-26T02:10:00Z
7047487,26.09.2022 09:15,6.10.2022 10:35,Chon Buri,department of highways,private/passenger car,speeding,rollover/fallen on straight road,1,0,1,clear,13.29987165,100.9940287,straight road,no slope,2022-09-26T02:15:00Z
7557424,26.09.2022 09:45,12.01.2023 09:14,Phrae,department of highways,private/passenger car,speeding,rollover/fallen on curved road,1,0,0,rainy,18.06096333,99.69420074,wide curve,slope area,2022-09-26T02:45:00Z
7033773,26.09.2022 09:50,4.10.2022 10:28,Bangkok,department of highways,4-wheel pickup truck,speeding,rollover/fallen on straight road,1,0,0,clear,13.73151907,100.7642975,straight road,no slope,2022-09-26T02:50:00Z
7173057,26.09.2022 10:15,25.10.2022 14:13,Samut Songkhram,department of highways,4-wheel pickup truck,speeding,rollover/fallen on straight road,1,0,0,rainy,13.42705492,100.041233,straight road,no slope,2022-09-26T03:15:00Z
6984128,26.09.2022 10:27,26.09.2022 16:47,Pathum Thani,department of highways,4-wheel pickup truck,speeding,rollover/fallen on straight road,1,0,1,clear,14.0091622,100.7042938,straight road,no slope,2022-09-26T03:27:00Z
7437979,26.09.2022 10:30,7.12.2022 11:00,Prachuap Khiri Khan,department of highways,other,speeding,rollover/fallen on straight road,1,0,0,clear,12.09435516,99.81761991,other,other,2022-09-26T03:30:00Z
7557396,26.09.2022 10:30,12.01.2023 08:50,Phrae,department of highways,4-wheel pickup truck,speeding,rollover/fallen on curved road,1,0,0,rainy,18.0539174,99.69835012,wide curve,slope area,2022-09-26T03:30:00Z
6984010,26.09.2022 11:35,26.09.2022 16:16,Bangkok,department of highways,large truck with trailer,speeding,rear-end collision,2,0,0,rainy,13.90716071,100.6981248,straight road,no slope,2022-09-26T04:35:00Z
6984165,26.09.2022 11:35,26.09.2022 17:00,Bangkok,department of highways,4-wheel pickup truck,speeding,rear-end collision,2,0,3,rainy,13.88523749,100.6868541,straight road,no slope,2022-09-26T04:35:00Z
7072694,26.09.2022 11:55,10.10.2022 09:04,Bangkok,department of highways,4-wheel pickup truck,speeding,rollover/fallen on straight road,1,0,1,rainy,13.82916504,100.6741431,straight road,no slope,2022-09-26T04:55:00Z
7046871,26.09.2022 12:00,6.10.2022 08:35,Phra Nakhon Si Ayutthaya,department of highways,6-wheel truck,speeding,rollover/fallen on straight road,1,0,0,clear,14.45983595,100.5386728,straight road,no slope,2022-09-26T05:00:00Z
7046873,26.09.2022 12:00,6.10.2022 08:36,Phra Nakhon Si Ayutthaya,department of highways,4-wheel pickup truck,speeding,rollover/fallen on straight road,1,0,0,rainy,14.4613865,100.5385843,straight road,no slope,2022-09-26T05:00:00Z
7332062,26.09.2022 12:07,30.09.2022 11:40,Nakhon Si Thammarat,department of highways,4-wheel pickup truck,speeding,rear-end collision,2,1,0,clear,8.734824499,99.92344378,straight road,no slope,2022-09-26T05:07:00Z
7173054,26.09.2022 12:10,25.10.2022 14:14,Samut Songkhram,department of highways,4-wheel pickup truck,speeding,rollover/fallen on straight road,1,0,0,rainy,13.39390402,100.001547,straight road,no slope,2022-09-26T05:10:00Z
7557536,26.09.2022 12:15,12.01.2023 09:45,Phrae,department of highways,4-wheel pickup truck,speeding,rollover/fallen on straight road,1,0,0,rainy,18.36216262,100.3523102,wide curve,no slope,2022-09-26T05:15:00Z
6983790,26.09.2022 12:45,26.09.2022 15:43,Bangkok,department of highways,private/passenger car,speeding,rear-end collision,2,0,0,rainy,13.83004535,100.6740144,straight road,no slope,2022-09-26T05:45:00Z
7440856,26.09.2022 12:45,8.12.2022 07:29,Suphan Buri,department of highways,4-wheel pickup truck,speeding,rollover/fallen on straight road,1,0,0,rainy,14.46367984,100.2068782,straight road,no slope,2022-09-26T05:45:00Z
7173282,26.09.2022 13:00,25.10.2022 14:48,Phetchabun,department of highways,motorcycle,speeding,rear-end collision,2,0,2,clear,16.68240405,101.1629677,straight road,no slope,2022-09-26T06:00:00Z
6983669,26.09.2022 13:30,26.09.2022 15:23,Bangkok,department of highways,4-wheel pickup truck,speeding,rollover/fallen on straight road,1,0,2,rainy,13.88444072,100.6863633,straight road,no slope,2022-09-26T06:30:00Z
6989958,26.09.2022 14:00,27.09.2022 15:34,Kanchanaburi,department of highways,motorcycle,speeding,rear-end collision,2,0,2,rainy,14.7380358,98.634122,straight road,no slope,2022-09-26T07:00:00Z
7140408,26.09.2022 15:00,20.10.2022 14:00,Loei,department of highways,4-wheel pickup truck,speeding,rollover/fallen on curved road,1,0,0,clear,17.3081911,101.9472858,wide curve,no slope,2022-09-26T08:00:00Z
7446181,26.09.2022 16:30,9.12.2022 09:45,Phayao,department of highways,private/passenger car,speeding,rollover/fallen on curved road,1,0,0,rainy,19.07890973,99.81473921,wide curve,no slope,2022-09-26T09:30:00Z
6988190,26.09.2022 16:38,27.09.2022 09:09,Bangkok,department of highways,4-wheel pickup truck,speeding,rollover/fallen on straight road,1,0,1,clear,13.73156857,100.7114178,straight road,no slope,2022-09-26T09:38:00Z
7016134,26.09.2022 17:40,1.10.2022 14:25,Chon Buri,department of highways,4-wheel pickup truck,speeding,rear-end collision,2,0,0,clear,13.32853856,101.017549,straight road,no slope,2022-09-26T10:40:00Z
7558235,26.09.2022 18:00,12.01.2023 14:14,Buri Ram,department of highways,4-wheel pickup truck,speeding,rollover/fallen on straight road,1,0,0,rainy,14.69145105,102.5152248,straight road,no slope,2022-09-26T11:00:00Z
7447344,26.09.2022 18:30,9.12.2022 15:11,Chiang Rai,department of highways,4-wheel pickup truck,speeding,rollover/fallen on curved road,1,0,1,clear,19.575646420000002,99.94615136,wide curve,no slope,2022-09-26T11:30:00Z
7556622,26.09.2022 19:05,11.01.2023 14:10,Lamphun,department of highways,motorcycle,speeding,rear-end collision,2,1,0,rainy,18.55751368,99.04606371,straight road,no slope,2022-09-26T12:05:00Z
7001597,26.09.2022 19:30,29.09.2022 10:28,Sakon Nakhon,department of highways,motorcycle,speeding,rollover/fallen on straight road,1,1,0,clear,17.40792328,103.6509928,wide curve,no slope,2022-09-26T12:30:00Z
6988478,26.09.2022 19:50,27.09.2022 10:09,Bangkok,department of highways,4-wheel pickup truck,speeding,rear-end collision,2,0,1,clear,13.72578158,100.7014587,straight road,no slope,2022-09-26T12:50:00Z
7139278,26.09.2022 20:30,20.10.2022 10:20,Tak,department of highways,4-wheel pickup truck,speeding,rollover/fallen on straight road,1,0,1,rainy,16.73659866,98.57334851,straight road,no slope,2022-09-26T13:30:00Z
7000979,26.09.2022 20:34,29.09.2022 07:55,Chai Nat,department of highways,private/passenger car,debris/obstruction on the road,rollover/fallen on straight road,1,0,0,clear,15.29951454,100.1057669,straight road,no slope,2022-09-26T13:34:00Z
7008466,26.09.2022 21:27,30.09.2022 13:07,Prachuap Khiri Khan,department of highways,private/passenger car,speeding,rollover/fallen on straight road,1,0,1,rainy,12.44794654,99.96177523,straight road,no slope,2022-09-26T14:27:00Z
7564449,26.09.2022 21:42,19.01.2023 15:00,Samut Sakhon,department of highways,private/passenger car,speeding,rear-end collision,2,0,0,clear,13.60314257,100.3706941,straight road,no slope,2022-09-26T14:42:00Z
7414639,26.09.2022 22:00,29.11.2022 09:09,Nakhon Pathom,department of highways,4-wheel pickup truck,speeding,rollover/fallen on straight road,1,0,0,clear,13.98015887,100.1627478,straight road,no slope,2022-09-26T15:00:00Z
7542649,26.09.2022 22:00,3.01.2023 14:09,Loei,department of highways,4-wheel pickup truck,speeding,rollover/fallen on straight road,1,0,0,clear,17.57650968,101.6565639,straight road,no slope,2022-09-26T15:00:00Z
7139232,26.09.2022 23:00,20.10.2022 10:07,Tak,department of highways,large truck with trailer,speeding,rollover/fallen on straight road,1,0,0,rainy,16.75685346,98.63308935,straight road,no slope,2022-09-26T16:00:00Z
6994593,26.09.2022 23:25,28.09.2022 09:10,Chon Buri,department of highways,4-wheel pickup truck,speeding,rear-end collision,2,0,1,clear,13.00575991,100.9944525,straight road,no slope,2022-09-26T16:25:00Z
7357954,27.09.2022 00:30,21.11.2022 11:39,Khon Kaen,department of highways,4-wheel pickup truck,speeding,rollover/fallen on straight road,1,0,0,clear,16.48281088,102.7771881,straight road,no slope,2022-09-26T17:30:00Z
7040571,27.09.2022 01:30,5.10.2022 09:46,Chon Buri,department of highways,4-wheel pickup truck,speeding,rollover/fallen on straight road,1,0,1,rainy,13.42249453,101.1035004,straight road,no slope,2022-09-26T18:30:00Z
7563129,27.09.2022 03:53,18.01.2023 14:29,Chumphon,department of highways,4-wheel pickup truck,speeding,rollover/fallen on straight road,1,0,1,clear,9.711404746,99.10496502,straight road,no slope,2022-09-26T20:53:00Z
7556623,27.09.2022 04:10,11.01.2023 14:12,Lamphun,department of highways,motorcycle,speeding,rollover/fallen on straight road,1,1,0,rainy,18.61699594,99.04584913,straight road,no slope,2022-09-26T21:10:00Z
7040707,27.09.2022 06:10,5.10.2022 10:18,Chachoengsao,department of highways,4-wheel pickup truck,speeding,rollover/fallen on straight road,1,0,0,rainy,13.65795293,101.1429396,straight road,no slope,2022-09-26T23:10:00Z
6988675,27.09.2022 07:45,27.09.2022 10:46,Bangkok,department of highways,private/passenger car,speeding,rear-end collision,2,0,0,clear,13.76156432,100.6961185,straight road,no slope,2022-09-27T00:45:00Z
7556026,27.09.2022 10:48,11.01.2023 09:53,Chiang Rai,department of highways,4-wheel pickup truck,speeding,rollover/fallen on curved road,1,0,1,clear,19.67209249,99.55982745,wide curve,no slope,2022-09-27T03:48:00Z
7567284,27.09.2022 11:30,23.01.2023 13:28,Chon Buri,department of highways,large truck with trailer,speeding,rollover/fallen on straight road,1,0,1,rainy,13.06236393,101.1032532,straight road,no slope,2022-09-27T04:30:00Z
7142267,27.09.2022 11:40,20.10.2022 20:38,Krabi,department of highways,4-wheel pickup truck,speeding,rollover/fallen on straight road,1,0,2,rainy,8.10847958,98.93487541,straight road,no slope,2022-09-27T04:40:00Z
7565324,27.09.2022 12:00,20.01.2023 10:12,Chanthaburi,department of highways,4-wheel pickup truck,cutting in closely by people/vehicles/animals,rear-end collision,2,0,1,rainy,12.62165605,102.1496263,other,other,2022-09-27T05:00:00Z
7332071,27.09.2022 12:10,3.11.2022 15:20,Nakhon Si Thammarat,department of highways,private/passenger car,speeding,rollover/fallen on straight road,1,0,0,clear,8.391268037,99.39542123,straight road,no slope,2022-09-27T05:10:00Z
7414223,27.09.2022 12:15,25.11.2022 14:19,Songkhla,department of highways,private/passenger car,speeding,rollover/fallen on straight road,1,0,0,clear,6.75956759,100.4586276,wide curve,no slope,2022-09-27T05:15:00Z
7567497,27.09.2022 12:25,23.01.2023 16:17,Rayong,department of highways,6-wheel truck,speeding,rollover/fallen on straight road,1,0,0,rainy,12.696133529999999,101.2842277,other,other,2022-09-27T05:25:00Z
6996306,27.09.2022 13:30,28.09.2022 15:08,Chumphon,department of highways,4-wheel pickup truck,speeding,rollover/fallen on curved road,1,0,0,rainy,10.85755735,99.24477784,wide curve,no slope,2022-09-27T06:30:00Z
7569675,27.09.2022 13:37,25.01.2023 15:19,Prachin Buri,department of highways,large truck with trailer,speeding,rollover/fallen on curved road,1,1,0,clear,14.2997285,101.8787393,wide curve,slope area,2022-09-27T06:37:00Z
7185967,27.09.2022 13:38,27.10.2022 10:15,Prachin Buri,department of highways,private/passenger car,speeding,rollover/fallen on straight road,1,0,0,clear,14.22524141,101.8923408,straight road,no slope,2022-09-27T06:38:00Z
6989671,27.09.2022 13:49,27.09.2022 14:49,Bangkok,department of highways,4-wheel pickup truck,speeding,rear-end collision,2,0,0,clear,13.73062536,100.7209128,straight road,no slope,2022-09-27T06:49:00Z
7047455,27.09.2022 14:10,6.10.2022 10:33,Chon Buri,department of highways,7-10-wheel truck,vehicle equipment failure,rollover/fallen on straight road,1,0,0,clear,13.13262117,100.9854671,straight road,no slope,2022-09-27T07:10:00Z
7561745,27.09.2022 14:28,17.01.2023 14:12,Pathum Thani,department of highways,4-wheel pickup truck,speeding,rear-end collision,2,0,0,clear,13.95770116,100.8601114,other,other,2022-09-27T07:28:00Z
7001014,27.09.2022 14:30,29.09.2022 08:02,Uthai Thani,department of highways,4-wheel pickup truck,speeding,rollover/fallen on straight road,1,1,1,clear,15.55370728,99.58589046,straight road,no slope,2022-09-27T07:30:00Z
7147211,27.09.2022 14:40,21.10.2022 14:28,Yala,department of highways,private/passenger car,speeding,head-on collision (not overtaking),2,0,3,rainy,6.518953934,101.1753085,wide curve,no slope,2022-09-27T07:40:00Z
7413885,27.09.2022 14:40,28.11.2022 08:47,Chaiyaphum,department of highways,private/passenger car,speeding,rollover/fallen on straight road,1,0,0,clear,16.1382455,102.2446235,straight road,no slope,2022-09-27T07:40:00Z
7434322,27.09.2022 15:00,6.12.2022 11:10,Songkhla,department of highways,large truck with trailer,speeding,rear-end collision,3,0,0,clear,6.834549084,100.4648611,other,other,2022-09-27T08:00:00Z
7185787,27.09.2022 15:30,27.10.2022 09:48,Prachin Buri,department of highways,private/passenger car,speeding,rollover/fallen on straight road,1,0,3,clear,13.7654174,101.62656870000001,straight road,no slope,2022-09-27T08:30:00Z
7554266,27.09.2022 16:30,9.01.2023 09:25,Pattani,department of highways,4-wheel pickup truck,speeding,rollover/fallen on straight road,1,0,0,clear,6.713271297,101.2903257,straight road,no slope,2022-09-27T09:30:00Z
6994274,27.09.2022 17:00,28.09.2022 08:01,Chon Buri,department of highways,4-wheel pickup truck,speeding,rollover/fallen on straight road,1,3,0,clear,12.96888728,100.9814009,straight road,no slope,2022-09-27T10:00:00Z
7518690,27.09.2022 17:00,29.12.2022 14:31,Roi Et,department of highways,4-wheel pickup truck,speeding,rear-end collision,2,0,0,clear,15.8345409,103.8972196,straight road,no slope,2022-09-27T10:00:00Z
7560520,27.09.2022 18:05,16.01.2023 06:46,Loburi,department of highways,4-wheel pickup truck,speeding,rollover/fallen on straight road,1,0,0,clear,15.06814536,100.7169056,straight road,no slope,2022-09-27T11:05:00Z
7142268,27.09.2022 18:30,20.10.2022 20:37,Krabi,department of highways,private/passenger car,speeding,rollover/fallen on straight road,1,0,1,clear,8.08711371,98.98966758,wide curve,no slope,2022-09-27T11:30:00Z
7007712,27.09.2022 18:50,30.09.2022 10:40,Narathiwat,department of highways,private/passenger car,speeding,rollover/fallen on straight road,1,0,0,clear,6.617533606,101.6298276,straight road,no slope,2022-09-27T11:50:00Z
7332069,27.09.2022 19:50,29.09.2022 09:30,Nakhon Sawan,department of highways,large passenger vehicle,speeding,head-on collision (not overtaking),2,2,0,clear,15.68555928,100.811829,wide curve,slope area,2022-09-27T12:50:00Z
7001729,27.09.2022 20:45,29.09.2022 10:59,Suphan Buri,department of highways,motorcycle,cutting in closely by people/vehicles/animals,rear-end collision,2,1,0,rainy,14.86272288,100.0730038,wide curve,no slope,2022-09-27T13:45:00Z
7446124,27.09.2022 21:00,9.12.2022 09:46,Chiang Mai,department of highways,private/passenger car,speeding,rollover/fallen on straight road,1,0,3,clear,18.73141728,99.02809559,straight road,no slope,2022-09-27T14:00:00Z
6995787,27.09.2022 21:21,28.09.2022 13:38,Bangkok,department of highways,large truck with trailer,speeding,rear-end collision,2,0,0,clear,13.72213109,100.8141732,straight road,no slope,2022-09-27T14:21:00Z
7040590,27.09.2022 23:00,5.10.2022 09:50,Chon Buri,department of highways,4-wheel pickup truck,speeding,rollover/fallen on straight road,1,0,1,rainy,13.40192213,101.0322824,straight road,no slope,2022-09-27T16:00:00Z
7107721,28.09.2022 00:10,15.10.2022 18:29,Phetchabun,department of highways,large truck with trailer,other,rollover/fallen on curved road,1,0,0,clear,17.00927107,101.3861275,wide curve,slope area,2022-09-27T17:10:00Z
7041049,28.09.2022 01:45,5.10.2022 11:16,Loei,department of highways,motorcycle,cutting in closely by people/vehicles/animals,other,2,1,1,clear,17.84878393,101.6578138,connecting to public/commercial area,other,2022-09-27T18:45:00Z
7555957,28.09.2022 02:00,11.01.2023 09:07,Phetchabun,department of highways,4-wheel pickup truck,speeding,rollover/fallen on straight road,1,0,0,clear,16.76915529,101.0356942,straight road,no slope,2022-09-27T19:00:00Z