acc_code,incident_datetime,report_datetime,province_en,agency,vehicle_type,presumed_cause,accident_type,number_of_vehicles_involved,number_of_fatalities,number_of_injuries,weather_condition,latitude,longitude,road_description,slope_description,incident_time
7556132,28.09.2022 02:00,11.01.2023 10:37,Chiang Mai,department of highways,4-wheel pickup truck,speeding,rear-end collision,2,0,0,clear,18.69228183,99.04947011,other,other,2022-09-27T19:00:00Z
6996020,28.09.2022 02:55,28.09.2022 14:26,Bangkok,department of rural roads,motorcycle,running red lights/traffic signals,other,1,1,0,clear,13.673304,100.538932,straight road,slope area,2022-09-27T19:55:00Z
7146797,28.09.2022 04:00,21.10.2022 13:20,Nakhon Phanom,department of highways,4-wheel pickup truck,speeding,rollover/fallen on straight road,1,0,2,clear,17.56347624,104.6088284,straight road,no slope,2022-09-27T21:00:00Z
7564468,28.09.2022 04:35,19.01.2023 15:11,Samut Sakhon,department of highways,private/passenger car,speeding,rollover/fallen on straight road,1,0,0,clear,13.57736607,100.3022253,straight road,no slope,2022-09-27T21:35:00Z
7048666,28.09.2022 05:50,6.10.2022 14:41,Phra Nakhon Si Ayutthaya,department of highways,4-wheel pickup truck,speeding,rollover/fallen on curved road,1,0,0,clear,14.18962948,100.6339878,other,other,2022-09-27T22:50:00Z
7147043,28.09.2022 05:50,21.10.2022 13:58,Narathiwat,department of highways,6-wheel truck,speeding,rear-end collision,2,0,2,clear,6.403789229,101.7224389,straight road,no slope,2022-09-27T22:50:00Z
7446246,28.09.2022 06:20,9.12.2022 11:47,Chon Buri,department of highways,4-wheel pickup truck,speeding,rollover/fallen on straight road,1,0,0,clear,13.31835456,101.1020428,straight road,no slope,2022-09-27T23:20:00Z
7142234,28.09.2022 06:30,20.10.2022 20:35,Krabi,department of highways,4-wheel pickup truck,speeding,rollover/fallen on straight road,1,0,1,clear,8.087172132,99.00404959,straight road,no slope,2022-09-27T23:30:00Z
7558199,28.09.2022 07:10,12.01.2023 14:06,Si Sa Ket,department of highways,motorcycle,speeding,rollover/fallen on straight road,2,0,0,rainy,15.10014743,104.5635554,straight road,no slope,2022-09-28T00:10:00Z
7147428,28.09.2022 07:45,21.10.2022 15:08,Songkhla,department of highways,private/passenger car,speeding,head-on collision (not overtaking),2,0,4,rainy,6.796288757,100.4256204,other,other,2022-09-28T00:45:00Z
7146767,28.09.2022 08:30,21.10.2022 13:19,Nakhon Phanom,department of highways,4-wheel pickup truck,falling asleep,rollover/fallen on straight road,1,0,1,rainy,17.24377431,104.793638,straight road,no slope,2022-09-28T01:30:00Z
7042177,28.09.2022 09:40,5.10.2022 14:57,Ubon Ratchathani,department of highways,private/passenger car,debris/obstruction on the road,other,1,0,0,rainy,14.79233621,104.9209973,straight road,no slope,2022-09-28T02:40:00Z
7041931,28.09.2022 10:00,5.10.2022 14:12,Suphan Buri,department of highways,motorcycle,cutting in closely by people/vehicles/animals,head-on collision (not overtaking),2,1,0,clear,14.82459464,100.1148838,straight road,no slope,2022-09-28T03:00:00Z
7117792,28.09.2022 10:30,17.10.2022 09:45,Chon Buri,department of highways,other,speeding,rollover/fallen on curved road,1,0,0,clear,13.42119006,100.9977865,other,other,2022-09-28T03:30:00Z
7413593,28.09.2022 12:00,25.11.2022 10:40,Nakhon Ratchasima,department of highways,4-wheel pickup truck,cutting in closely by people/vehicles/animals,rear-end collision,2,0,0,clear,15.18711287,102.074381,other,other,2022-09-28T05:00:00Z
7007995,28.09.2022 13:00,30.09.2022 11:38,Phatthalung,department of highways,4-wheel pickup truck,overloaded vehicle,other,1,0,0,rainy,7.569075733,100.0483569,other,other,2022-09-28T06:00:00Z
7568111,28.09.2022 13:15,24.01.2023 09:40,Mukdahan,department of highways,4-wheel pickup truck,speeding,rear-end collision,2,0,1,clear,16.36599894,104.5416871,straight road,no slope,2022-09-28T06:15:00Z
7567285,28.09.2022 13:30,23.01.2023 13:27,Chon Buri,department of highways,private/passenger car,speeding,rollover/fallen on straight road,1,0,1,clear,13.05960857,101.1009182,straight road,no slope,2022-09-28T06:30:00Z
7186884,28.09.2022 13:33,27.10.2022 13:31,Sa Kaeo,department of highways,large truck with trailer,speeding,rollover/fallen on curved road,1,0,0,rainy,14.14827717,102.6632371,wide curve,slope area,2022-09-28T06:33:00Z
7034710,28.09.2022 13:40,4.10.2022 13:35,Chumphon,department of highways,4-wheel pickup truck,speeding,rollover/fallen on curved road,1,0,1,rainy,10.86035222,99.24722938,wide curve,no slope,2022-09-28T06:40:00Z
7563133,28.09.2022 14:00,18.01.2023 14:33,Chumphon,department of highways,6-wheel truck,speeding,collision with obstruction (on road surface),2,1,0,rainy,10.53463799,99.11619274,straight road,no slope,2022-09-28T07:00:00Z
7567879,28.09.2022 14:50,24.01.2023 07:05,Nakhon Pathom,department of highways,private/passenger car,speeding,rear-end collision,3,0,1,clear,14.03401148,99.99137877,straight road,no slope,2022-09-28T07:50:00Z
7139122,28.09.2022 15:00,20.10.2022 09:46,Sukhothai,department of highways,motorcycle,speeding,rear-end collision,2,0,1,clear,17.16477922,99.86304043,straight road,no slope,2022-09-28T08:00:00Z
7041830,28.09.2022 15:10,5.10.2022 13:52,Suphan Buri,department of highways,6-wheel truck,falling asleep,rollover/fallen on straight road,1,0,2,clear,14.50304989,100.0492179,straight road,no slope,2022-09-28T08:10:00Z
7429224,28.09.2022 15:10,3.12.2022 12:20,Udon Thani,department of highways,other,speeding,pedestrian collision,1,0,0,rainy,17.77400549,102.2157106,straight road,no slope,2022-09-28T08:10:00Z
7002325,28.09.2022 15:45,29.09.2022 13:29,Sakon Nakhon,department of highways,4-wheel pickup truck,speeding,rollover/fallen on straight road,1,0,0,rainy,17.16944335,104.099485,straight road,no slope,2022-09-28T08:45:00Z
7124627,28.09.2022 16:00,18.10.2022 09:56,Chon Buri,department of highways,private/passenger car,speeding,rollover/fallen on straight road,1,0,1,clear,13.16821313,101.2788766,straight road,no slope,2022-09-28T09:00:00Z
7132915,28.09.2022 16:50,19.10.2022 13:39,Nakhon Si Thammarat,department of highways,large truck with trailer,speeding,rollover/fallen on straight road,1,0,1,rainy,8.391550017,99.9198067,straight road,no slope,2022-09-28T09:50:00Z
7139185,28.09.2022 17:30,20.10.2022 09:59,Tak,department of highways,motorcycle,illegal overtaking,head-on collision (not overtaking),2,2,0,rainy,16.41195266,99.00485961,wide curve,no slope,2022-09-28T10:30:00Z
7567871,28.09.2022 17:30,24.01.2023 06:59,Nakhon Pathom,department of highways,large truck with trailer,speeding,rollover/fallen on straight road,1,0,0,clear,14.02484653,100.1421417,other,other,2022-09-28T10:30:00Z
7185638,28.09.2022 18:20,27.10.2022 09:18,Nakhon Ratchasima,department of highways,4-wheel pickup truck,cutting in closely by people/vehicles/animals,side collision,1,0,0,rainy,14.75951015,102.2777662,straight road,no slope,2022-09-28T11:20:00Z
7564534,28.09.2022 18:40,19.01.2023 21:29,Trang,department of highways,private/passenger car,speeding,rear-end collision,2,0,0,clear,7.527521409,99.7101277,other,other,2022-09-28T11:40:00Z
7008411,28.09.2022 19:00,30.09.2022 12:58,Bangkok,department of rural roads,motorcycle,tailgating,other,3,0,1,clear,13.678696,100.539712,straight road,slope area,2022-09-28T12:00:00Z
7173283,28.09.2022 19:03,25.10.2022 14:47,Phetchabun,department of highways,motorcycle,speeding,rear-end collision,2,0,4,clear,16.71241131,101.1789322,straight road,no slope,2022-09-28T12:03:00Z
7008554,28.09.2022 19:30,30.09.2022 13:23,Phatthalung,department of highways,4-wheel pickup truck,speeding,rear-end collision,2,0,0,rainy,7.56954103,100.0480968,straight road,no slope,2022-09-28T12:30:00Z
7564948,28.09.2022 19:35,20.01.2023 06:27,Samut Prakan,department of highways,motorcycle,speeding,rear-end collision,2,0,1,clear,13.63409699,100.710011,other,other,2022-09-28T12:35:00Z
7007210,28.09.2022 20:05,30.09.2022 08:54,Nakhon Phanom,department of highways,motorcycle,speeding,rollover/fallen on straight road,1,1,0,rainy,16.98831737,104.7262448,straight road,no slope,2022-09-28T13:05:00Z
7001972,28.09.2022 20:29,29.09.2022 11:51,Samut Prakan,department of highways,private/passenger car,speeding,rear-end collision,6,0,0,rainy,13.62955489,100.906806,straight road,no slope,2022-09-28T13:29:00Z
7276887,28.09.2022 20:30,9.11.2022 14:34,Suphan Buri,department of highways,4-wheel pickup truck,cutting in closely by people/vehicles/animals,rear-end collision,2,0,0,clear,14.44655324,100.1380178,other,other,2022-09-28T13:30:00Z
7378679,28.09.2022 20:30,24.11.2022 10:10,Loei,department of highways,4-wheel pickup truck,running red lights/traffic signals,rear-end collision,2,0,0,clear,17.33599878,101.7565593,other,other,2022-09-28T13:30:00Z
7118086,28.09.2022 21:00,17.10.2022 10:42,Si Sa Ket,department of highways,4-wheel pickup truck,speeding,rollover/fallen on curved road,2,0,1,rainy,14.74661127,104.6839732,straight road,no slope,2022-09-28T14:00:00Z
7358062,28.09.2022 21:40,21.11.2022 11:58,Khon Kaen,department of highways,4-wheel pickup truck,falling asleep,rollover/fallen on straight road,1,0,1,rainy,16.50540701,102.8325704,straight road,no slope,2022-09-28T14:40:00Z
7139123,28.09.2022 21:50,20.10.2022 09:46,Sukhothai,department of highways,private/passenger car,speeding,rear-end collision,2,1,0,clear,16.97154555,99.78823094,straight road,no slope,2022-09-28T14:50:00Z
7027913,28.09.2022 21:55,3.10.2022 13:25,Phrae,department of rural roads,motorcycle,speeding,other,1,1,0,clear,18.408599,100.190189,wide curve,no slope,2022-09-28T14:55:00Z
7324307,28.09.2022 22:19,16.11.2022 12:21,Mukdahan,department of highways,motorcycle,no presumed cause related to road conditions,other,1,1,0,clear,16.5460038,104.7149585,straight road,no slope,2022-09-28T15:19:00Z
7568105,28.09.2022 22:19,24.01.2023 09:37,Mukdahan,department of highways,motorcycle,speeding,rear-end collision,2,1,0,clear,16.5472519,104.7165338,straight road,no slope,2022-09-28T15:19:00Z
7027124,28.09.2022 23:14,3.10.2022 10:46,Chon Buri,department of highways,6-wheel truck,speeding,rear-end collision,2,0,1,clear,13.14443784,100.9858614,straight road,no slope,2022-09-28T16:14:00Z
7008493,28.09.2022 23:20,30.09.2022 13:13,Nakhon Ratchasima,department of highways,large passenger vehicle,speeding,rollover/fallen on straight road,1,0,14,rainy,14.65330315,101.3122621,straight road,no slope,2022-09-28T16:20:00Z
7565513,28.09.2022 23:30,20.01.2023 11:35,Chachoengsao,department of highways,private/passenger car,speeding,rollover/fallen on straight road,1,0,0,rainy,13.65354305,101.0973051,straight road,no slope,2022-09-28T16:30:00Z
7008414,29.09.2022 00:04,30.09.2022 12:59,Bangkok,department of rural roads,private/passenger car,abrupt lane change,other,2,0,0,rainy,13.679887,100.539782,straight road,slope area,2022-09-28T17:04:00Z
7026499,29.09.2022 00:09,3.10.2022 08:28,Bangkok,expressway authority of thailand,other,other,collision with obstruction (on road surface),1,0,0,rainy,13.72626288,100.5524935,straight road,other,2022-09-28T17:09:00Z
7567511,29.09.2022 00:15,23.01.2023 16:29,Rayong,department of highways,4-wheel pickup truck,speeding,rollover/fallen on straight road,1,0,1,rainy,12.78409975,101.1609667,straight road,no slope,2022-09-28T17:15:00Z
7048468,29.09.2022 01:00,6.10.2022 14:05,Samut Prakan,department of highways,4-wheel pickup truck,speeding,rollover/fallen on curved road,1,0,1,rainy,13.64965673,100.6873155,wide curve,no slope,2022-09-28T18:00:00Z
7563832,29.09.2022 01:15,19.01.2023 08:21,Phra Nakhon Si Ayutthaya,department of highways,large truck with trailer,speeding,collision with obstruction (on road surface),2,0,1,rainy,14.25498305,100.766623,straight road,no slope,2022-09-28T18:15:00Z
7001268,29.09.2022 01:16,29.09.2022 09:03,Pathum Thani,department of highways,4-wheel pickup truck,speeding,rollover/fallen on straight road,1,0,0,rainy,14.00924548,100.704259,straight road,no slope,2022-09-28T18:16:00Z
7332072,29.09.2022 01:20,1.11.2022 15:48,Saraburi,department of highways,large truck with trailer,speeding,rollover/fallen on straight road,1,0,0,rainy,14.34654271,100.8660408,straight road,no slope,2022-09-28T18:20:00Z
7088016,29.09.2022 01:30,11.10.2022 10:16,Saraburi,department of highways,private/passenger car,other,rollover/fallen on straight road,1,0,1,rainy,14.69978707,100.8598834,straight road,no slope,2022-09-28T18:30:00Z
7016178,29.09.2022 01:34,1.10.2022 14:38,Phitsanulok,department of highways,4-wheel pickup truck,speeding,rollover/fallen on straight road,1,0,0,rainy,16.90057323,100.19351,straight road,no slope,2022-09-28T18:34:00Z
7028569,29.09.2022 01:57,3.10.2022 15:06,Samut Prakan,expressway authority of thailand,other,other,side collision,2,0,1,rainy,13.602477,100.651485,wide curve,other,2022-09-28T18:57:00Z
7414496,29.09.2022 02:00,28.11.2022 14:53,Maha Sarakham,department of highways,private/passenger car,speeding,rollover/fallen on straight road,1,0,0,rainy,16.29854643,103.2968446,straight road,no slope,2022-09-28T19:00:00Z
7564472,29.09.2022 03:30,19.01.2023 15:16,Samut Sakhon,department of highways,4-wheel pickup truck,speeding,rollover/fallen on straight road,1,1,0,rainy,13.63369947,100.2961019,straight road,no slope,2022-09-28T20:30:00Z
7567167,29.09.2022 03:30,23.01.2023 11:15,Phangnga,department of highways,4-wheel pickup truck,speeding,rollover/fallen on straight road,1,0,0,rainy,8.574106908,98.2637894,straight road,no slope,2022-09-28T20:30:00Z
7048437,29.09.2022 03:49,6.10.2022 14:04,Bangkok,department of highways,4-wheel pickup truck,speeding,rollover/fallen on straight road,1,0,0,rainy,13.75932904,100.6970867,straight road,no slope,2022-09-28T20:49:00Z
7425501,29.09.2022 04:00,2.12.2022 14:58,Chiang Mai,department of highways,private/passenger car,speeding,rollover/fallen on curved road,1,0,2,clear,18.77891129,98.95812212,wide curve,no slope,2022-09-28T21:00:00Z
7146827,29.09.2022 04:20,21.10.2022 13:29,Sakon Nakhon,department of highways,4-wheel pickup truck,speeding,rollover/fallen on straight road,1,0,1,clear,17.06532586,104.2283437,straight road,no slope,2022-09-28T21:20:00Z
7556004,29.09.2022 04:30,11.01.2023 09:48,Chiang Rai,department of highways,4-wheel pickup truck,speeding,rollover/fallen on straight road,1,0,1,clear,19.74645845,99.71770494,straight road,no slope,2022-09-28T21:30:00Z
7088242,29.09.2022 05:20,12.10.2022 13:16,Suphan Buri,department of highways,motorcycle,speeding,collision with obstruction (on road surface),2,0,1,clear,14.74483706,100.1007271,other,other,2022-09-28T22:20:00Z
7446758,29.09.2022 05:30,9.12.2022 09:59,Nakhon Ratchasima,department of highways,private/passenger car,speeding,rear-end collision,2,0,0,rainy,15.11151995,101.722084,straight road,no slope,2022-09-28T22:30:00Z
7561795,29.09.2022 05:30,17.01.2023 14:43,Pathum Thani,department of highways,7-10-wheel truck,speeding,rollover/fallen on straight road,1,0,1,rainy,13.98283449,100.4405147,straight road,no slope,2022-09-28T22:30:00Z
7015288,29.09.2022 06:01,1.10.2022 11:29,Bangkok,department of highways,private/passenger car,speeding,rear-end collision,2,0,0,rainy,13.74048719,100.6469455,straight road,no slope,2022-09-28T23:01:00Z
7425637,29.09.2022 06:50,2.12.2022 14:47,Trang,department of highways,4-wheel pickup truck,speeding,rollover/fallen on straight road,1,0,1,clear,7.443145501,99.63563739,straight road,no slope,2022-09-28T23:50:00Z
7474784,29.09.2022 07:00,20.12.2022 14:18,Narathiwat,department of highways,6-wheel truck,speeding,rollover/fallen on curved road,1,0,0,clear,6.414793519,101.854417,wide curve,no slope,2022-09-29T00:00:00Z
7564533,29.09.2022 07:40,19.01.2023 21:16,Trang,department of highways,4-wheel pickup truck,speeding,rollover/fallen on curved road,1,0,2,clear,7.558266092,99.77773145,wide curve,no slope,2022-09-29T00:40:00Z
7007898,29.09.2022 08:30,30.09.2022 11:10,Nakhon Ratchasima,department of highways,large truck with trailer,speeding,rollover/fallen on straight road,1,0,0,rainy,14.89703927,101.8954012,straight road,no slope,2022-09-29T01:30:00Z
7008467,29.09.2022 08:30,30.09.2022 13:08,Nakhon Ratchasima,department of highways,6-wheel truck,speeding,rollover/fallen on straight road,1,0,0,rainy,14.68492315,101.4646867,straight road,no slope,2022-09-29T01:30:00Z
7133052,29.09.2022 09:00,19.10.2022 14:09,Nakhon Si Thammarat,department of highways,4-wheel pickup truck,cutting in closely by people/vehicles/animals,rear-end collision,3,0,4,clear,8.384603111,99.40453826,straight road,no slope,2022-09-29T02:00:00Z
7560807,29.09.2022 09:30,16.01.2023 14:23,Bangkok,department of highways,motorcycle,cutting in closely by people/vehicles/animals,rear-end collision,2,0,2,clear,13.81417875,100.5592636,straight road,no slope,2022-09-29T02:30:00Z
7146796,29.09.2022 10:00,21.10.2022 13:24,buogkan,department of highways,4-wheel pickup truck,speeding,rollover/fallen on curved road,1,0,0,clear,18.375934,103.6188573,wide curve,no slope,2022-09-29T03:00:00Z
7429045,29.09.2022 10:10,3.12.2022 10:07,Pathum Thani,department of highways,4-wheel pickup truck,speeding,rollover/fallen on straight road,1,0,0,clear,14.02127394,100.7370151,straight road,no slope,2022-09-29T03:10:00Z
7380983,29.09.2022 10:15,24.11.2022 15:52,Maha Sarakham,department of highways,6-wheel truck,speeding,rollover/fallen on straight road,1,0,0,rainy,16.31556516,103.1079689,straight road,no slope,2022-09-29T03:15:00Z
7041766,29.09.2022 10:35,5.10.2022 13:43,Ang Thong,department of highways,4-wheel pickup truck,speeding,rollover/fallen on straight road,1,0,0,rainy,14.67550198,100.4693833,straight road,no slope,2022-09-29T03:35:00Z
7015329,29.09.2022 11:00,1.10.2022 11:44,Bangkok,department of highways,4-wheel pickup truck,speeding,collision with obstruction (on road surface),1,0,0,rainy,13.70552729,100.6999943,straight road,no slope,2022-09-29T04:00:00Z
7562793,29.09.2022 11:00,18.01.2023 11:15,Surat Thani,department of highways,other,speeding,collision with obstruction (on road surface),1,0,0,clear,8.782614848,99.31778381,other,other,2022-09-29T04:00:00Z
7557921,29.09.2022 11:30,12.01.2023 11:37,Chachoengsao,department of highways,6-wheel truck,speeding,rollover/fallen on straight road,1,0,0,rainy,13.59689546,101.1865122,straight road,no slope,2022-09-29T04:30:00Z
7146879,29.09.2022 12:00,21.10.2022 13:39,Songkhla,department of highways,7-10-wheel truck,vehicle equipment failure,rear-end collision,2,0,0,clear,7.051873364,100.5058935,other,other,2022-09-29T05:00:00Z
7185504,29.09.2022 12:00,27.10.2022 08:59,Yala,department of highways,4-wheel pickup truck,speeding,collision with obstruction (on road surface),1,0,0,rainy,6.479797521,101.445364,other,other,2022-09-29T05:00:00Z
7284144,29.09.2022 12:50,10.11.2022 13:25,Chaiyaphum,department of highways,4-wheel pickup truck,speeding,rollover/fallen on straight road,1,0,0,rainy,15.73401082,102.0243001,wide curve,slope area,2022-09-29T05:50:00Z
7140711,29.09.2022 13:00,20.10.2022 15:09,Ang Thong,department of highways,private/passenger car,speeding,rear-end collision,4,0,2,rainy,14.62972401,100.4132929,straight road,no slope,2022-09-29T06:00:00Z
7008442,29.09.2022 13:40,30.09.2022 13:03,Nakhon Ratchasima,department of highways,4-wheel pickup truck,speeding,rollover/fallen on straight road,1,0,0,rainy,14.65382734,101.3641307,wide curve,slope area,2022-09-29T06:40:00Z
7132914,29.09.2022 13:50,19.10.2022 13:38,Nakhon Si Thammarat,department of highways,private/passenger car,speeding,rear-end collision,2,0,0,clear,8.375336837,99.95573221,straight road,no slope,2022-09-29T06:50:00Z
7008415,29.09.2022 13:53,30.09.2022 12:57,Prachuap Khiri Khan,department of highways,4-wheel pickup truck,speeding,rollover/fallen on curved road,1,1,2,rainy,11.2203658,99.41897659,wide curve,no slope,2022-09-29T06:53:00Z
7124678,29.09.2022 14:30,18.10.2022 10:01,Chachoengsao,department of highways,4-wheel pickup truck,speeding,rollover/fallen on straight road,1,0,0,rainy,13.65780697,101.1430415,straight road,no slope,2022-09-29T07:30:00Z
7564426,29.09.2022 15:00,19.01.2023 14:49,Samut Sakhon,department of highways,4-wheel pickup truck,speeding,rear-end collision,2,0,0,rainy,13.602493430000001,100.3700504,straight road,no slope,2022-09-29T08:00:00Z
7311334,29.09.2022 15:02,14.11.2022 14:15,Chiang Mai,department of highways,4-wheel pickup truck,speeding,rear-end collision,2,0,2,clear,19.19197964,99.17234211,straight road,no slope,2022-09-29T08:02:00Z
7565511,29.09.2022 15:05,20.01.2023 11:36,Chachoengsao,department of highways,4-wheel pickup truck,speeding,rollover/fallen on straight road,1,0,0,clear,13.65689344,101.1382498,straight road,no slope,2022-09-29T08:05:00Z
7564451,29.09.2022 15:07,19.01.2023 15:01,Samut Sakhon,department of highways,private/passenger car,speeding,rear-end collision,2,0,0,rainy,13.59926598,100.3668156,straight road,no slope,2022-09-29T08:07:00Z
7556677,29.09.2022 16:00,11.01.2023 14:25,Nan,department of highways,large truck with trailer,speeding,rollover/fallen on curved road,1,0,0,clear,19.5790606,101.0301286,wide curve,slope area,2022-09-29T09:00:00Z
7047395,29.09.2022 16:29,6.10.2022 10:23,Chon Buri,department of highways,private/passenger car,speeding,rollover/fallen on straight road,1,0,0,clear,13.09581186,100.9896755,straight road,no slope,2022-09-29T09:29:00Z
7558275,29.09.2022 17:30,12.01.2023 14:20,Nakhon Ratchasima,department of highways,7-10-wheel truck,speeding,rollover/fallen on straight road,1,0,0,rainy,15.05581666,102.1539192,straight road,no slope,2022-09-29T10:30:00Z
7088260,29.09.2022 17:45,12.10.2022 15:24,Nakhon Si Thammarat,department of highways,4-wheel pickup truck,speeding,rollover/fallen on curved road,1,0,0,rainy,8.983729285,99.89216654,wide curve,no slope,2022-09-29T10:45:00Z
7054062,29.09.2022 18:35,7.10.2022 10:10,Nakhon Sawan,department of highways,motorcycle,cutting in closely by people/vehicles/animals,rear-end collision,2,0,1,clear,15.26123933,100.3282133,straight road,no slope,2022-09-29T11:35:00Z
7014439,29.09.2022 18:44,1.10.2022 08:49,Bangkok,department of highways,4-wheel pickup truck,speeding,rollover/fallen on straight road,1,0,0,clear,13.8803865,100.6843409,straight road,no slope,2022-09-29T11:44:00Z
7041680,29.09.2022 18:57,5.10.2022 13:23,Nakhon Ratchasima,department of rural roads,passenger pickup truck,speeding,other,1,0,1,rainy,14.38826,101.76411,four-way intersection,other,2022-09-29T11:57:00Z
7357809,29.09.2022 19:00,21.11.2022 11:03,Khon Kaen,department of highways,4-wheel pickup truck,speeding,rollover/fallen on straight road,1,0,0,rainy,16.39339843,102.7973395,straight road,no slope,2022-09-29T12:00:00Z
7513853,29.09.2022 19:00,10.10.2022 10:36,Phangnga,department of rural roads,private/passenger car,falling asleep,other,1,0,1,dark,8.757321,98.311033,wide curve,no slope,2022-09-29T12:00:00Z
7026785,29.09.2022 19:16,3.10.2022 09:41,Chon Buri,department of highways,private/passenger car,speeding,collision with obstruction (on road surface),1,0,0,clear,12.9437727,100.9131923,straight road,no slope,2022-09-29T12:16:00Z
7560687,29.09.2022 19:20,16.01.2023 11:08,Bangkok,department of highways,4-wheel pickup truck,driving under the influence of alcohol,rear-end collision,2,0,0,clear,13.81237815,100.5594445,straight road,no slope,2022-09-29T12:20:00Z
7087997,29.09.2022 19:30,11.10.2022 10:38,Suphan Buri,department of highways,4-wheel pickup truck,cutting in closely by people/vehicles/animals,head-on collision (not overtaking),2,1,0,clear,14.53164592,100.0614408,other,other,2022-09-29T12:30:00Z
7569262,29.09.2022 19:50,25.01.2023 10:45,Surin,department of highways,4-wheel pickup truck,speeding,rollover/fallen on straight road,1,0,0,rainy,14.72847944,103.6653319,straight road,no slope,2022-09-29T12:50:00Z
7015401,29.09.2022 20:23,1.10.2022 11:59,Bangkok,department of highways,4-wheel pickup truck,debris/obstruction on the road,collision with obstruction (on road surface),2,0,0,clear,13.7652168,100.6941444,straight road,no slope,2022-09-29T13:23:00Z
7007848,29.09.2022 21:20,30.09.2022 11:01,Nakhon Ratchasima,department of highways,7-10-wheel truck,speeding,rear-end collision,2,0,1,clear,14.82770613,101.5470466,straight road,no slope,2022-09-29T14:20:00Z
7332073,29.09.2022 21:20,4.11.2022 13:43,Sukhothai,department of highways,private/passenger car,speeding,rollover/fallen on straight road,1,0,0,clear,17.3616419,99.81176933,straight road,no slope,2022-09-29T14:20:00Z
7124629,29.09.2022 21:30,18.10.2022 09:59,Chanthaburi,department of highways,4-wheel pickup truck,speeding,pedestrian collision,1,1,0,rainy,12.66569772,102.1039724,straight road,no slope,2022-09-29T14:30:00Z
7332075,29.09.2022 21:30,4.11.2022 13:41,Sukhothai,department of highways,4-wheel pickup truck,speeding,rollover/fallen on straight road,1,0,0,rainy,17.06892328,99.83997479,straight road,no slope,2022-09-29T14:30:00Z
7028596,29.09.2022 22:54,3.10.2022 15:09,Samut Prakan,expressway authority of thailand,large truck with trailer,other,rear-end collision,2,0,0,clear,13.637842,100.548964,straight road,other,2022-09-29T15:54:00Z
7563823,29.09.2022 23:00,19.01.2023 08:17,Phra Nakhon Si Ayutthaya,department of highways,large truck with trailer,speeding,rollover/fallen on straight road,1,0,1,rainy,14.22435482,100.7019093,straight road,no slope,2022-09-29T16:00:00Z
7185539,29.09.2022 23:30,27.10.2022 09:02,Nakhon Ratchasima,department of highways,4-wheel pickup truck,speeding,rollover/fallen on straight road,1,0,1,clear,15.21903614,102.0568219,straight road,no slope,2022-09-29T16:30:00Z
7424491,29.09.2022 23:55,2.12.2022 09:43,Chanthaburi,department of highways,4-wheel pickup truck,speeding,rollover/fallen on straight road,1,0,2,clear,12.46533978,102.2154048,straight road,no slope,2022-09-29T16:55:00Z
7311225,30.09.2022 00:30,14.11.2022 13:54,Chiang Mai,department of highways,motorcycle,speeding,rear-end collision,2,0,0,clear,18.8408637,99.02330309,straight road,no slope,2022-09-29T17:30:00Z
7557519,30.09.2022 00:30,12.01.2023 09:44,Phrae,department of highways,4-wheel pickup truck,speeding,rollover/fallen on curved road,1,0,0,rainy,18.33826757,100.317361,wide curve,no slope,2022-09-29T17:30:00Z
7378639,30.09.2022 00:46,24.11.2022 10:05,Phetchabun,department of highways,motorcycle,running red lights/traffic signals,collision with obstruction (on road surface),2,0,1,clear,16.72194174,101.1843797,straight road,no slope,2022-09-29T17:46:00Z
7016307,30.09.2022 01:00,1.10.2022 14:57,Uttaradit,department of highways,4-wheel pickup truck,speeding,rollover/fallen on straight road,1,0,1,clear,17.67129027,100.1562568,straight road,no slope,2022-09-29T18:00:00Z
7214382,30.09.2022 01:30,31.10.2022 15:41,Kalasin,department of highways,4-wheel pickup truck,speeding,rollover/fallen on straight road,1,0,0,clear,16.39742797,103.5326564,straight road,no slope,2022-09-29T18:30:00Z
7332078,30.09.2022 01:30,7.11.2022 09:49,Kalasin,department of highways,private/passenger car,speeding,rollover/fallen on straight road,1,0,0,rainy,16.47254968,103.526722,straight road,no slope,2022-09-29T18:30:00Z
7567510,30.09.2022 02:00,23.01.2023 16:25,Rayong,department of highways,private/passenger car,speeding,rollover/fallen on straight road,1,0,1,clear,12.93300779,101.3157141,straight road,no slope,2022-09-29T19:00:00Z
7047369,30.09.2022 02:30,6.10.2022 10:18,Chon Buri,department of highways,4-wheel pickup truck,falling asleep,rollover/fallen on curved road,1,0,1,clear,13.29914861,100.9944767,wide curve,no slope,2022-09-29T19:30:00Z
7413475,30.09.2022 03:00,28.11.2022 09:18,Phatthalung,department of highways,large truck with trailer,falling asleep,rollover/fallen on straight road,1,0,0,rainy,7.415838452,100.080286,wide curve,no slope,2022-09-29T20:00:00Z
7556038,30.09.2022 03:00,11.01.2023 09:57,Nan,department of highways,4-wheel pickup truck,speeding,other,1,0,0,clear,18.52100865,100.5590951,wide curve,no slope,2022-09-29T20:00:00Z
7026661,30.09.2022 03:02,3.10.2022 09:06,Samut Prakan,expressway authority of thailand,large truck with trailer,other,rear-end collision,2,0,1,clear,13.631556,100.580091,merge lane,other,2022-09-29T20:02:00Z
7511707,30.09.2022 03:45,27.12.2022 13:46,Maha Sarakham,department of highways,4-wheel pickup truck,speeding,rollover/fallen on straight road,1,0,1,rainy,16.08111725,103.2980785,other,other,2022-09-29T20:45:00Z