acc_code,incident_datetime,report_datetime,province_en,agency,vehicle_type,presumed_cause,accident_type,number_of_vehicles_involved,number_of_fatalities,number_of_injuries,weather_condition,latitude,longitude,road_description,slope_description,incident_time
7033497,30.09.2022 04:00,4.10.2022 09:36,Maha Sarakham,department of highways,large truck with trailer,speeding,rollover/fallen on straight road,1,0,0,rainy,16.39178247,103.2814917,straight road,no slope,2022-09-29T21:00:00Z
7008518,30.09.2022 04:35,30.09.2022 13:19,Nakhon Ratchasima,department of highways,6-wheel truck,speeding,rear-end collision,2,1,0,clear,14.78418786,101.9476855,straight road,no slope,2022-09-29T21:35:00Z
7146795,30.09.2022 06:00,21.10.2022 13:22,buogkan,department of highways,4-wheel pickup truck,speeding,rollover/fallen on curved road,1,0,0,rainy,18.29354649,103.6629099,wide curve,no slope,2022-09-29T23:00:00Z
7139119,30.09.2022 06:30,20.10.2022 09:46,Tak,department of highways,large truck with trailer,speeding,rollover/fallen on straight road,1,0,0,clear,16.98654227,99.11918877,straight road,no slope,2022-09-29T23:30:00Z
7048465,30.09.2022 06:48,6.10.2022 14:08,Pathum Thani,department of highways,private/passenger car,speeding,rollover/fallen on straight road,1,0,0,clear,13.94470394,100.7114714,straight road,no slope,2022-09-29T23:48:00Z
7357997,30.09.2022 07:30,21.11.2022 11:42,Khon Kaen,department of highways,6-wheel truck,speeding,rollover/fallen on straight road,1,0,0,rainy,16.70482259,102.8047317,straight road,no slope,2022-09-30T00:30:00Z
7124631,30.09.2022 08:00,18.10.2022 09:55,Chanthaburi,department of highways,6-wheel truck,speeding,head-on collision (not overtaking),2,0,4,rainy,12.78796576,102.1078858,wide curve,no slope,2022-09-30T01:00:00Z
7563822,30.09.2022 09:00,19.01.2023 08:15,Phra Nakhon Si Ayutthaya,department of highways,4-wheel pickup truck,speeding,rollover/fallen on curved road,1,0,0,clear,14.23597381,100.7302254,other,other,2022-09-30T02:00:00Z
7015379,30.09.2022 09:01,1.10.2022 11:52,Pathum Thani,department of highways,4-wheel pickup truck,vehicle equipment failure,rollover/fallen on straight road,1,0,0,clear,14.15697423,100.6547776,straight road,no slope,2022-09-30T02:01:00Z
7007891,30.09.2022 09:21,30.09.2022 11:10,Bangkok,expressway authority of thailand,other,other,collision with obstruction (on road surface),1,0,0,clear,13.81367245,100.5504814,wide curve,other,2022-09-30T02:21:00Z
7033775,30.09.2022 10:15,4.10.2022 10:28,Suphan Buri,department of highways,motorcycle,speeding,rear-end collision,2,1,0,clear,14.49294315,100.091511,straight road,no slope,2022-09-30T03:15:00Z
7016531,30.09.2022 10:51,1.10.2022 15:41,Chachoengsao,department of highways,large truck with trailer,speeding,rear-end collision,2,0,0,clear,13.55840278,100.992811,straight road,no slope,2022-09-30T03:51:00Z
7047397,30.09.2022 10:52,6.10.2022 10:21,Chon Buri,department of highways,4-wheel pickup truck,cutting in closely by people/vehicles/animals,rear-end collision,3,0,1,clear,13.08871896,100.9912097,straight road,no slope,2022-09-30T03:52:00Z
7458775,30.09.2022 12:00,15.12.2022 14:51,Khon Kaen,department of highways,4-wheel pickup truck,speeding,rollover/fallen on straight road,1,0,1,clear,15.79957114,102.426305,straight road,no slope,2022-09-30T05:00:00Z
7332080,30.09.2022 12:12,4.11.2022 13:42,Sukhothai,department of highways,4-wheel pickup truck,speeding,rollover/fallen on straight road,1,0,0,rainy,17.02571525,99.87874499,straight road,no slope,2022-09-30T05:12:00Z
7145885,30.09.2022 12:40,21.10.2022 09:58,Phra Nakhon Si Ayutthaya,department of highways,private/passenger car,speeding,pedestrian collision,1,0,0,clear,14.47036493,100.5348721,straight road,no slope,2022-09-30T05:40:00Z
7047424,30.09.2022 13:00,6.10.2022 10:28,Chon Buri,department of highways,private/passenger car,speeding,rear-end collision,2,0,0,clear,13.02093548,100.9964213,straight road,no slope,2022-09-30T06:00:00Z
7378622,30.09.2022 13:40,24.11.2022 10:04,Phetchabun,department of highways,motorcycle,vehicle equipment failure,rear-end collision,2,0,1,rainy,16.75278521,101.2055155,other,other,2022-09-30T06:40:00Z
7146311,30.09.2022 13:45,21.10.2022 11:17,Samut Sakhon,department of highways,private/passenger car,speeding,rear-end collision,2,0,0,clear,13.53313254,100.2100459,straight road,no slope,2022-09-30T06:45:00Z
7185941,30.09.2022 14:24,27.10.2022 10:14,Prachin Buri,department of highways,large truck with trailer,speeding,rollover/fallen on curved road,1,0,0,clear,14.32688492,101.83238,wide curve,slope area,2022-09-30T07:24:00Z
7566524,30.09.2022 14:50,21.01.2023 14:42,Phangnga,department of highways,4-wheel pickup truck,speeding,rollover/fallen on curved road,1,0,0,rainy,8.30398553,98.38148473,wide curve,slope area,2022-09-30T07:50:00Z
7414336,30.09.2022 16:00,28.11.2022 12:05,Phuket,department of highways,4-wheel pickup truck,speeding,head-on collision (not overtaking),2,0,0,rainy,8.097029357,98.33683132,straight road,no slope,2022-09-30T09:00:00Z
7372576,30.09.2022 17:00,23.11.2022 14:22,Tak,department of highways,private/passenger car,speeding,rollover/fallen on curved road,1,0,0,rainy,16.77027243,98.64748477,wide curve,no slope,2022-09-30T10:00:00Z
7563833,30.09.2022 17:20,19.01.2023 08:22,Phra Nakhon Si Ayutthaya,department of highways,4-wheel pickup truck,speeding,rollover/fallen on curved road,1,0,0,clear,14.44022849,100.7106185,other,other,2022-09-30T10:20:00Z
7039681,30.09.2022 17:35,5.10.2022 06:59,Roi Et,department of highways,4-wheel pickup truck,speeding,head-on collision (not overtaking),2,1,3,clear,16.19764453,103.6155742,straight road,no slope,2022-09-30T10:35:00Z
7415449,30.09.2022 17:40,29.11.2022 15:34,Phrae,department of highways,4-wheel pickup truck,speeding,head-on collision (not overtaking),2,0,0,rainy,18.05673785,99.69730942,wide curve,slope area,2022-09-30T10:40:00Z
7087991,30.09.2022 17:45,11.10.2022 10:28,Sing Buri,department of highways,4-wheel pickup truck,falling asleep,rollover/fallen on straight road,1,0,3,clear,14.84899531,100.4449752,other,other,2022-09-30T10:45:00Z
7566525,30.09.2022 17:45,21.01.2023 14:43,Phangnga,department of highways,4-wheel pickup truck,speeding,rollover/fallen on curved road,1,0,0,rainy,8.305195793,98.38278562,wide curve,slope area,2022-09-30T10:45:00Z
7415417,30.09.2022 18:00,29.11.2022 15:28,Phrae,department of highways,4-wheel pickup truck,speeding,rollover/fallen on curved road,1,0,0,rainy,18.04249491,99.70127641,wide curve,slope area,2022-09-30T11:00:00Z
7026588,30.09.2022 18:04,3.10.2022 08:51,Bangkok,department of highways,4-wheel pickup truck,speeding,rear-end collision,3,0,0,clear,13.72967694,100.7517636,straight road,no slope,2022-09-30T11:04:00Z
7556687,30.09.2022 18:10,11.01.2023 14:30,Phayao,department of highways,4-wheel pickup truck,speeding,rollover/fallen on straight road,1,0,0,clear,19.16176413,99.98073845,straight road,no slope,2022-09-30T11:10:00Z
7132940,30.09.2022 18:15,19.10.2022 13:43,Surat Thani,department of highways,large truck with trailer,vehicle equipment failure,rollover/fallen on straight road,1,0,0,rainy,8.880545395,98.86935173,straight road,no slope,2022-09-30T11:15:00Z
7026521,30.09.2022 18:48,3.10.2022 08:36,Bangkok,expressway authority of thailand,other,other,rear-end collision,4,0,0,clear,13.7721,100.606041,straight road,other,2022-09-30T11:48:00Z
7414428,30.09.2022 19:00,28.11.2022 14:09,Nong Khai,department of highways,private/passenger car,speeding,rollover/fallen on straight road,1,0,1,rainy,17.87590866,103.2952246,straight road,no slope,2022-09-30T12:00:00Z
7212917,30.09.2022 19:30,31.10.2022 10:59,Surin,department of highways,4-wheel pickup truck,speeding,rollover/fallen on straight road,1,0,3,rainy,15.35107786,103.3836892,straight road,no slope,2022-09-30T12:30:00Z
7559419,30.09.2022 19:30,13.01.2023 14:27,Surat Thani,department of highways,4-wheel pickup truck,speeding,rollover/fallen on straight road,1,0,0,rainy,9.118243879,99.35310958,straight road,no slope,2022-09-30T12:30:00Z
7133048,30.09.2022 19:55,19.10.2022 14:08,Surat Thani,department of highways,motorcycle,speeding,rear-end collision,2,1,0,rainy,9.342130479,99.16043042,straight road,no slope,2022-09-30T12:55:00Z
7358087,30.09.2022 20:00,21.11.2022 12:03,Maha Sarakham,department of highways,4-wheel pickup truck,speeding,rollover/fallen on straight road,1,0,0,rainy,16.41587375,103.0827427,straight road,no slope,2022-09-30T13:00:00Z
7557422,30.09.2022 20:45,12.01.2023 09:13,Phrae,department of highways,4-wheel pickup truck,speeding,rollover/fallen on curved road,1,0,1,rainy,18.06082308,99.69438581,wide curve,slope area,2022-09-30T13:45:00Z
7041223,30.09.2022 21:00,5.10.2022 11:49,Phatthalung,department of highways,4-wheel pickup truck,speeding,rollover/fallen on straight road,1,0,1,rainy,7.590263495,99.99749689,straight road,no slope,2022-09-30T14:00:00Z
7557739,30.09.2022 22:45,12.01.2023 10:43,Phrae,department of highways,private/passenger car,speeding,rollover/fallen on curved road,1,0,1,rainy,18.47055251,100.1810646,wide curve,no slope,2022-09-30T15:45:00Z
7026665,30.09.2022 23:24,3.10.2022 09:05,Samut Prakan,department of highways,large truck with trailer,speeding,rear-end collision,2,0,0,clear,13.67039277,100.843294,straight road,no slope,2022-09-30T16:24:00Z
7048734,30.09.2022 23:30,6.10.2022 14:59,Phatthalung,department of highways,4-wheel pickup truck,speeding,rollover/fallen on straight road,1,0,1,clear,7.384452005,100.1134997,straight road,no slope,2022-09-30T16:30:00Z
7568366,1.10.2022 00:10,24.01.2023 13:51,Phrae,department of highways,4-wheel pickup truck,speeding,rollover/fallen on straight road,1,0,0,rainy,18.14016946,100.1482059,straight road,no slope,2022-09-30T17:10:00Z
7212675,1.10.2022 00:20,31.10.2022 10:14,Chiang Rai,department of highways,private/passenger car,speeding,rollover/fallen on straight road,1,0,3,rainy,19.77022472,99.73744063,straight road,no slope,2022-09-30T17:20:00Z
7128130,1.10.2022 00:40,18.10.2022 21:11,Ubon Ratchathani,department of highways,motorized tricycle,cutting in closely by people/vehicles/animals,rear-end collision,2,0,1,rainy,15.27741393,104.8554066,straight road,no slope,2022-09-30T17:40:00Z
7042392,1.10.2022 01:00,5.10.2022 15:31,Bangkok,department of highways,private/passenger car,speeding,rollover/fallen on straight road,1,0,0,clear,13.7405367,100.6470796,straight road,no slope,2022-09-30T18:00:00Z
7212288,1.10.2022 01:00,31.10.2022 09:29,Chiang Mai,department of highways,other,speeding,rollover/fallen on straight road,1,0,0,rainy,18.811847,99.02851938,straight road,no slope,2022-09-30T18:00:00Z
7212407,1.10.2022 01:40,31.10.2022 09:40,Loburi,department of highways,4-wheel pickup truck,speeding,rollover/fallen on straight road,1,0,0,clear,14.81036159,100.9115401,other,other,2022-09-30T18:40:00Z
7556487,1.10.2022 02:30,11.01.2023 13:32,Chiang Mai,department of highways,private/passenger car,speeding,rollover/fallen on curved road,1,0,0,clear,18.61234428,98.95979047,wide curve,slope area,2022-09-30T19:30:00Z
7557698,1.10.2022 03:00,12.01.2023 10:34,Chiang Mai,department of highways,motorcycle,slippery road,rollover/fallen on straight road,1,1,0,rainy,18.51873239,98.65619122,straight road,no slope,2022-09-30T20:00:00Z
7286617,1.10.2022 03:50,10.11.2022 20:30,Udon Thani,department of highways,4-wheel pickup truck,speeding,rollover/fallen on straight road,1,0,0,rainy,17.35803709,103.1044954,straight road,no slope,2022-09-30T20:50:00Z
7564423,1.10.2022 03:50,19.01.2023 14:48,Samut Sakhon,department of highways,van,speeding,rear-end collision,2,0,0,clear,13.54508089,100.2567807,straight road,no slope,2022-09-30T20:50:00Z
7562314,1.10.2022 04:00,18.01.2023 07:21,Nakhon Si Thammarat,department of highways,private/passenger car,falling asleep,rollover/fallen on straight road,1,0,2,clear,8.105632987,99.88529204,straight road,no slope,2022-09-30T21:00:00Z
7561670,1.10.2022 04:34,17.01.2023 12:02,Bangkok,department of highways,motorcycle,speeding,rear-end collision,2,0,2,clear,13.78362684,100.4015073,straight road,no slope,2022-09-30T21:34:00Z
7118112,1.10.2022 05:00,17.10.2022 10:47,Kanchanaburi,department of highways,4-wheel pickup truck,speeding,rollover/fallen on curved road,1,0,1,rainy,14.98871637,98.62879513,wide curve,no slope,2022-09-30T22:00:00Z
7474693,1.10.2022 05:00,20.12.2022 14:25,Nakhon Si Thammarat,department of highways,private/passenger car,speeding,rollover/fallen on straight road,1,0,0,rainy,8.026477981,99.48503405,straight road,no slope,2022-09-30T22:00:00Z
7088474,1.10.2022 06:00,12.10.2022 15:55,Lampang,department of highways,large truck with trailer,speeding,rollover/fallen on straight road,2,0,0,rainy,17.61922936,99.23408656,straight road,no slope,2022-09-30T23:00:00Z
7124315,1.10.2022 06:00,18.10.2022 09:06,Chanthaburi,department of highways,large truck with trailer,speeding,rollover/fallen on straight road,1,0,0,clear,12.64980454,102.0162105,straight road,no slope,2022-09-30T23:00:00Z
7276915,1.10.2022 06:20,9.11.2022 14:35,Suphan Buri,department of highways,large truck with trailer,debris/obstruction on the road,rollover/fallen on straight road,1,0,0,clear,14.76269779,100.0252014,straight road,no slope,2022-09-30T23:20:00Z
7378760,1.10.2022 06:20,24.11.2022 10:23,Phangnga,department of highways,4-wheel pickup truck,speeding,rollover/fallen on straight road,1,0,0,rainy,8.460120818,98.58814089,straight road,no slope,2022-09-30T23:20:00Z
7554705,1.10.2022 06:25,9.01.2023 14:13,Phangnga,department of highways,private/passenger car,debris/obstruction on the road,rollover/fallen on straight road,1,0,0,rainy,8.460120818,98.58814089,straight road,no slope,2022-09-30T23:25:00Z
7560531,1.10.2022 06:30,16.01.2023 07:29,Chai Nat,department of highways,large truck with trailer,speeding,rear-end collision,2,0,1,clear,15.19286322,100.225254,straight road,no slope,2022-09-30T23:30:00Z
7139402,1.10.2022 06:45,20.10.2022 10:42,Chachoengsao,department of highways,private/passenger car,speeding,rollover/fallen on straight road,1,0,0,clear,13.55770398,100.993393,straight road,no slope,2022-09-30T23:45:00Z
7332084,1.10.2022 07:00,18.10.2022 11:30,Samut Songkhram,department of highways,6-wheel truck,speeding,rear-end collision,2,1,5,clear,13.38543163,99.99309002,straight road,no slope,2022-10-01T00:00:00Z
7015310,1.10.2022 07:36,1.10.2022 11:37,Bangkok,expressway authority of thailand,other,other,rollover/fallen on straight road,1,0,1,clear,13.75587356,100.552356,straight road,other,2022-10-01T00:36:00Z
7419689,1.10.2022 07:50,30.11.2022 14:38,Pattani,department of highways,private/passenger car,speeding,rear-end collision,2,0,0,clear,6.763280586,101.2944643,other,other,2022-10-01T00:50:00Z
7568469,1.10.2022 08:32,24.01.2023 15:11,Nan,department of highways,private/passenger car,speeding,rollover/fallen on straight road,1,0,0,rainy,18.65493658,100.7518548,wide curve,no slope,2022-10-01T01:32:00Z
7015372,1.10.2022 08:41,1.10.2022 11:51,Bangkok,expressway authority of thailand,4-wheel pickup truck,other,side collision,2,0,1,clear,13.77097101,100.5293172,straight road,other,2022-10-01T01:41:00Z
7564523,1.10.2022 09:00,19.01.2023 21:03,Trang,department of highways,4-wheel pickup truck,speeding,rollover/fallen on curved road,1,0,1,rainy,7.559852126,99.78140071,wide curve,no slope,2022-10-01T02:00:00Z
7414343,1.10.2022 09:35,28.11.2022 12:08,Phuket,department of highways,private/passenger car,speeding,head-on collision (not overtaking),3,0,1,rainy,7.958148372,98.38499574,straight road,no slope,2022-10-01T02:35:00Z
7332081,1.10.2022 09:38,7.11.2022 11:49,Prachin Buri,department of highways,6-wheel truck,speeding,rollover/fallen on curved road,1,0,0,clear,14.30352836,101.869998,wide curve,slope area,2022-10-01T02:38:00Z
7413612,1.10.2022 10:30,25.11.2022 10:44,Saraburi,department of highways,other,speeding,rollover/fallen on straight road,1,0,0,clear,14.56280773,100.9138894,straight road,no slope,2022-10-01T03:30:00Z
7131997,1.10.2022 11:45,19.10.2022 09:59,Surat Thani,department of highways,private/passenger car,cutting in closely by people/vehicles/animals,rear-end collision,3,0,3,clear,9.651097514,99.12336497,wide curve,no slope,2022-10-01T04:45:00Z
7447644,1.10.2022 11:45,9.12.2022 10:47,Nakhon Ratchasima,department of highways,6-wheel truck,speeding,rear-end collision,3,0,1,clear,15.00166556,102.2286576,wide curve,no slope,2022-10-01T04:45:00Z
7073481,1.10.2022 12:00,10.10.2022 11:30,Bangkok,department of highways,6-wheel truck,speeding,rear-end collision,2,0,0,clear,13.8480414,100.6727993,straight road,no slope,2022-10-01T05:00:00Z
7020746,1.10.2022 12:03,2.10.2022 08:24,Pathum Thani,department of highways,6-wheel truck,speeding,rear-end collision,2,0,0,clear,13.95458012,100.7126194,straight road,no slope,2022-10-01T05:03:00Z
7098783,1.10.2022 12:10,14.10.2022 06:45,Phetchaburi,department of highways,4-wheel pickup truck,speeding,rear-end collision,2,1,0,clear,13.12562336,99.87559049,other,other,2022-10-01T05:10:00Z
7564937,1.10.2022 12:20,20.01.2023 06:11,Samut Prakan,department of highways,motorcycle,speeding,rear-end collision,3,1,1,clear,13.68233159,100.725309,straight road,no slope,2022-10-01T05:20:00Z
7570862,1.10.2022 12:35,26.01.2023 09:08,Ranong,department of highways,private/passenger car,speeding,rollover/fallen on curved road,1,0,1,rainy,10.34735448,98.78142892,wide curve,no slope,2022-10-01T05:35:00Z
7551780,1.10.2022 12:52,5.01.2023 14:07,Bangkok,expressway authority of thailand,other,other,rear-end collision,3,0,2,clear,13.76594083,100.5272833,straight road,other,2022-10-01T05:52:00Z
7125089,1.10.2022 13:00,18.10.2022 11:13,Prachuap Khiri Khan,department of highways,private/passenger car,speeding,rollover/fallen on curved road,1,0,0,rainy,11.40871626,99.52180176,wide curve,no slope,2022-10-01T06:00:00Z
7332092,1.10.2022 13:20,9.11.2022 08:11,Saraburi,department of highways,4-wheel pickup truck,speeding,rollover/fallen on straight road,1,0,0,clear,14.50576723,100.9714205,straight road,no slope,2022-10-01T06:20:00Z
7276766,1.10.2022 13:30,9.11.2022 13:36,Pattani,department of highways,motorcycle,speeding,rear-end collision,2,0,2,clear,6.728418866,101.2840654,wide curve,no slope,2022-10-01T06:30:00Z
7379357,1.10.2022 13:40,24.11.2022 13:26,Roi Et,department of highways,private/passenger car,speeding,rollover/fallen on straight road,1,0,1,clear,16.16201885,103.6159256,straight road,no slope,2022-10-01T06:40:00Z
7358529,1.10.2022 14:00,21.11.2022 13:41,Chaiyaphum,department of highways,4-wheel pickup truck,slippery road,rollover/fallen on straight road,1,0,0,rainy,15.58884131,101.9031246,straight road,no slope,2022-10-01T07:00:00Z
7047729,1.10.2022 14:30,6.10.2022 11:22,Phatthalung,department of highways,4-wheel pickup truck,speeding,rollover/fallen on straight road,1,0,0,clear,7.510032196,100.0639137,straight road,no slope,2022-10-01T07:30:00Z
7035272,1.10.2022 16:40,4.10.2022 15:20,Sukhothai,department of highways,motorcycle,speeding,rollover/fallen on straight road,1,1,0,clear,16.84185334,99.77902828,straight road,no slope,2022-10-01T09:40:00Z
7022523,1.10.2022 17:30,2.10.2022 15:46,Prachin Buri,department of highways,private/passenger car,speeding,rear-end collision,2,0,0,rainy,14.07181761,101.5740457,straight road,no slope,2022-10-01T10:30:00Z
7527308,1.10.2022 17:54,31.12.2022 10:37,Bangkok,department of highways,4-wheel pickup truck,speeding,rear-end collision,2,0,0,clear,13.77325623,100.4077823,straight road,no slope,2022-10-01T10:54:00Z
7180119,1.10.2022 18:00,26.10.2022 14:55,Chon Buri,department of highways,4-wheel pickup truck,speeding,rear-end collision,2,0,2,rainy,13.08675172,101.3975429,other,other,2022-10-01T11:00:00Z
7311271,1.10.2022 18:20,14.11.2022 14:03,Chiang Mai,department of highways,4-wheel pickup truck,speeding,collision with obstruction (on road surface),5,1,4,clear,19.69639003,99.148172,other,other,2022-10-01T11:20:00Z
7554375,1.10.2022 18:20,9.01.2023 10:48,Chiang Mai,department of highways,private/passenger car,speeding,rear-end collision,3,0,0,clear,18.82223829,99.01183564,straight road,no slope,2022-10-01T11:20:00Z
7567404,1.10.2022 20:00,23.01.2023 14:51,Trat,department of highways,private/passenger car,speeding,rollover/fallen on straight road,1,0,0,clear,12.24915154,102.6152726,straight road,no slope,2022-10-01T13:00:00Z
7055037,1.10.2022 20:02,7.10.2022 13:24,Bangkok,department of highways,4-wheel pickup truck,speeding,rear-end collision,3,0,1,clear,13.73086247,100.7616502,straight road,no slope,2022-10-01T13:02:00Z
7055747,1.10.2022 21:55,7.10.2022 15:34,Bangkok,department of highways,private/passenger car,speeding,rear-end collision,2,0,0,clear,13.72975771,100.7544914,straight road,no slope,2022-10-01T14:55:00Z
7187008,1.10.2022 22:00,27.10.2022 13:58,Nakhon Phanom,department of highways,private/passenger car,speeding,rollover/fallen on straight road,1,0,0,clear,17.52565937,104.6836728,wide curve,no slope,2022-10-01T15:00:00Z
7055719,1.10.2022 22:46,7.10.2022 15:25,Samut Prakan,department of highways,4-wheel pickup truck,speeding,rear-end collision,2,0,0,clear,13.66891243,100.8455872,straight road,no slope,2022-10-01T15:46:00Z
7568177,1.10.2022 23:10,24.01.2023 10:30,Nakhon Phanom,department of highways,large truck with trailer,falling asleep,rollover/fallen on straight road,1,0,1,clear,17.01899044,104.5396422,other,other,2022-10-01T16:10:00Z
7118435,1.10.2022 23:30,17.10.2022 11:49,Chiang Mai,department of highways,4-wheel pickup truck,speeding,collision with obstruction (on road surface),1,0,0,rainy,18.79367234,99.06737654,other,other,2022-10-01T16:30:00Z
7551781,1.10.2022 23:56,5.01.2023 14:08,Bangkok,expressway authority of thailand,other,other,rollover/fallen on straight road,1,0,1,rainy,13.72235135,100.5178357,straight road,other,2022-10-01T16:56:00Z
7560656,2.10.2022 00:25,16.01.2023 10:53,Bangkok,department of highways,private/passenger car,reversing vehicle,head-on collision (not overtaking),2,0,0,clear,13.81237815,100.5594445,straight road,no slope,2022-10-01T17:25:00Z
7290580,2.10.2022 01:00,11.11.2022 10:13,Phatthalung,department of highways,4-wheel pickup truck,falling asleep,rollover/fallen on straight road,1,0,0,clear,7.563518725,99.91636007,straight road,no slope,2022-10-01T18:00:00Z
7047245,2.10.2022 01:04,6.10.2022 09:50,Narathiwat,department of highways,4-wheel pickup truck,cutting in closely by people/vehicles/animals,collision with obstruction (on road surface),1,0,0,clear,6.403898513,101.733605,straight road,no slope,2022-10-01T18:04:00Z
7558257,2.10.2022 02:20,12.01.2023 14:16,Si Sa Ket,department of highways,4-wheel pickup truck,speeding,rollover/fallen on straight road,1,0,0,clear,15.10030021,104.5594007,straight road,no slope,2022-10-01T19:20:00Z
7476592,2.10.2022 02:30,21.12.2022 09:46,Udon Thani,department of highways,private/passenger car,speeding,rollover/fallen on straight road,1,0,0,natural disaster,17.31349434,102.6407093,straight road,no slope,2022-10-01T19:30:00Z
7474139,2.10.2022 03:00,20.12.2022 12:57,Si Sa Ket,department of highways,private/passenger car,speeding,rollover/fallen on straight road,1,0,0,natural disaster,14.64892021,104.6364257,straight road,no slope,2022-10-01T20:00:00Z
7219294,2.10.2022 03:25,1.11.2022 09:31,Bangkok,expressway authority of thailand,other,other,side collision,2,0,1,clear,13.71130891,100.5795732,straight road,other,2022-10-01T20:25:00Z
7040990,2.10.2022 04:00,5.10.2022 11:06,Phitsanulok,department of highways,private/passenger car,speeding,rollover/fallen on straight road,1,1,3,clear,16.57067558,100.4566616,straight road,no slope,2022-10-01T21:00:00Z
7380993,2.10.2022 04:00,24.11.2022 15:59,Maha Sarakham,department of highways,4-wheel pickup truck,speeding,rollover/fallen on straight road,1,0,1,clear,15.62568709,103.2423046,straight road,no slope,2022-10-01T21:00:00Z
7233990,2.10.2022 05:00,3.11.2022 09:56,Phetchaburi,department of rural roads,motorcycle,speeding,other,2,0,1,clear,13.287795,99.802554,straight road,no slope,2022-10-01T22:00:00Z
7365216,2.10.2022 06:00,22.11.2022 13:25,Loei,department of highways,4-wheel pickup truck,speeding,rollover/fallen on straight road,1,1,0,rainy,17.42343747,101.7248556,straight road,no slope,2022-10-01T23:00:00Z
7088115,2.10.2022 07:40,12.10.2022 14:08,Suphan Buri,department of highways,4-wheel pickup truck,vehicle equipment failure,rollover/fallen on straight road,1,0,2,clear,14.45465958,100.0830513,straight road,no slope,2022-10-02T00:40:00Z
7132114,2.10.2022 08:00,19.10.2022 10:18,Surat Thani,department of highways,private/passenger car,cutting in closely by people/vehicles/animals,rear-end collision,2,1,0,clear,9.310107386,99.72259192,straight road,no slope,2022-10-02T01:00:00Z
7445754,2.10.2022 08:30,9.12.2022 09:06,Samut Sakhon,department of highways,4-wheel pickup truck,speeding,rollover/fallen on straight road,1,0,0,clear,13.52337158,100.1811021,straight road,no slope,2022-10-02T01:30:00Z
7173657,2.10.2022 10:00,25.10.2022 15:46,Phrae,department of highways,private/passenger car,speeding,rollover/fallen on straight road,2,0,0,rainy,18.31446852,100.3015548,straight road,no slope,2022-10-02T03:00:00Z
7553769,2.10.2022 10:45,7.01.2023 14:24,Chon Buri,department of highways,private/passenger car,speeding,rollover/fallen on straight road,1,0,0,rainy,13.01006415,100.9959143,straight road,no slope,2022-10-02T03:45:00Z
7139288,2.10.2022 11:00,20.10.2022 10:22,Kalasin,department of highways,large truck with trailer,speeding,rollover/fallen on straight road,1,0,0,clear,16.57450862,103.6681536,straight road,no slope,2022-10-02T04:00:00Z
7212427,2.10.2022 11:00,31.10.2022 09:43,Chon Buri,department of highways,4-wheel pickup truck,speeding,rollover/fallen on straight road,1,0,0,clear,13.08615605,101.397964,straight road,no slope,2022-10-02T04:00:00Z
7569077,2.10.2022 13:00,25.01.2023 09:03,Phrae,department of highways,4-wheel pickup truck,speeding,head-on collision (not overtaking),2,0,2,rainy,18.15907452,99.97157066,wide curve,slope area,2022-10-02T06:00:00Z
7414066,2.10.2022 14:00,28.11.2022 09:53,Nan,department of highways,other,speeding,rollover/fallen on curved road,1,0,0,clear,18.56800218,100.7421183,other,other,2022-10-02T07:00:00Z
7027127,2.10.2022 14:44,3.10.2022 10:45,Bangkok,department of highways,private/passenger car,speeding,rear-end collision,2,0,1,clear,13.87150709,100.6796712,straight road,no slope,2022-10-02T07:44:00Z
7192571,2.10.2022 15:40,28.10.2022 09:00,Narathiwat,department of highways,motorcycle,speeding,rear-end collision,2,0,2,clear,6.229776394,102.0319685,straight road,no slope,2022-10-02T08:40:00Z
7088031,2.10.2022 15:50,11.10.2022 12:19,Prachuap Khiri Khan,department of highways,4-wheel pickup truck,vehicle equipment failure,rollover/fallen on straight road,1,0,0,clear,11.63506624,99.67296837,straight road,no slope,2022-10-02T08:50:00Z
7332093,2.10.2022 19:45,27.10.2022 14:29,Mukdahan,department of highways,4-wheel pickup truck,speeding,rear-end collision,2,1,0,rainy,16.52212737,104.6953779,straight road,no slope,2022-10-02T12:45:00Z
7049163,2.10.2022 19:55,6.10.2022 16:13,Chachoengsao,department of highways,private/passenger car,speeding,rear-end collision,2,0,0,clear,13.55840278,100.992811,straight road,no slope,2022-10-02T12:55:00Z
7419002,2.10.2022 20:50,30.11.2022 11:30,Roi Et,department of highways,van,speeding,rollover/fallen on curved road,1,0,5,rainy,15.63783495,103.7261295,wide curve,no slope,2022-10-02T13:50:00Z
7332096,2.10.2022 21:00,9.11.2022 08:06,Saraburi,department of highways,large truck with trailer,speeding,rollover/fallen on straight road,1,0,0,clear,14.44572711,100.8996824,straight road,no slope,2022-10-02T14:00:00Z
7434021,2.10.2022 21:45,6.12.2022 10:00,Chanthaburi,department of highways,4-wheel pickup truck,speeding,rollover/fallen on curved road,1,0,0,clear,12.48786727,102.1750322,other,other,2022-10-02T14:45:00Z
7560746,2.10.2022 22:00,16.01.2023 12:09,Samut Prakan,expressway authority of thailand,other,other,rear-end collision,2,0,3,clear,13.654322,100.673775,straight road,other,2022-10-02T15:00:00Z
7447883,2.10.2022 23:20,9.12.2022 14:45,Nakhon Si Thammarat,department of highways,4-wheel pickup truck,speeding,rollover/fallen on straight road,1,0,1,clear,8.142082191,100.0684655,straight road,no slope,2022-10-02T16:20:00Z