acc_code,incident_datetime,report_datetime,province_en,agency,vehicle_type,presumed_cause,accident_type,number_of_vehicles_involved,number_of_fatalities,number_of_injuries,weather_condition,latitude,longitude,road_description,slope_description,incident_time
7560525,2.10.2022 23:40,16.01.2023 06:58,Saraburi,department of highways,private/passenger car,speeding,rollover/fallen on straight road,1,0,0,clear,14.45791034,100.9126359,straight road,no slope,2022-10-02T16:40:00Z
7414938,3.10.2022 01:31,29.11.2022 14:01,Krabi,department of highways,4-wheel pickup truck,speeding,rollover/fallen on straight road,1,0,1,clear,8.259866803,99.0472412,straight road,no slope,2022-10-02T18:31:00Z
7212213,3.10.2022 01:40,31.10.2022 09:14,Chiang Mai,department of highways,4-wheel pickup truck,speeding,rollover/fallen on straight road,1,0,0,clear,18.86447844,99.1178584,straight road,no slope,2022-10-02T18:40:00Z
7419151,3.10.2022 02:10,30.11.2022 12:21,Ubon Ratchathani,department of highways,private/passenger car,speeding,rollover/fallen on straight road,1,0,1,clear,14.92651155,105.0549736,straight road,slope area,2022-10-02T19:10:00Z
7124297,3.10.2022 02:59,18.10.2022 09:02,Chon Buri,department of highways,private/passenger car,speeding,rollover/fallen on straight road,1,0,0,clear,13.04695418,100.9266302,other,other,2022-10-02T19:59:00Z
7356934,3.10.2022 04:40,21.11.2022 08:36,Loburi,department of highways,large truck with trailer,vehicle equipment failure,rollover/fallen on straight road,1,0,0,clear,14.89038795,100.9080854,straight road,no slope,2022-10-02T21:40:00Z
7146358,3.10.2022 05:30,21.10.2022 11:26,Samut Sakhon,department of highways,4-wheel pickup truck,speeding,rear-end collision,2,0,0,clear,13.54538337,100.2574485,straight road,no slope,2022-10-02T22:30:00Z
7414931,3.10.2022 06:30,28.11.2022 10:53,Khon Kaen,department of highways,6-wheel truck,speeding,rollover/fallen on straight road,1,0,0,other,16.67342435,101.9882272,straight road,no slope,2022-10-02T23:30:00Z
7171468,3.10.2022 07:00,25.10.2022 09:36,Phatthalung,department of highways,private/passenger car,speeding,rollover/fallen on straight road,1,0,1,rainy,7.649904791,100.034329,straight road,no slope,2022-10-03T00:00:00Z
7047554,3.10.2022 07:30,6.10.2022 10:54,Phatthalung,department of highways,private/passenger car,speeding,rollover/fallen on straight road,1,0,1,rainy,7.646526031,100.0362253,straight road,no slope,2022-10-03T00:30:00Z
7088252,3.10.2022 07:30,12.10.2022 14:09,Suphan Buri,department of highways,motorcycle,speeding,rollover/fallen on straight road,1,1,0,clear,14.44876881,100.1086235,other,other,2022-10-03T00:30:00Z
7207753,3.10.2022 07:50,30.10.2022 16:20,Prachin Buri,department of highways,private/passenger car,speeding,collision at intersection corner,2,0,0,clear,14.10047376,101.3702649,other,other,2022-10-03T00:50:00Z
7087998,3.10.2022 08:00,11.10.2022 09:52,Nakhon Sawan,department of highways,large passenger vehicle,speeding,head-on collision (not overtaking),4,0,1,rainy,15.59417368,100.4507688,other,other,2022-10-03T01:00:00Z
7179993,3.10.2022 08:10,26.10.2022 14:37,Rayong,department of highways,4-wheel pickup truck,speeding,rollover/fallen on straight road,1,0,2,clear,13.00894302,101.2479615,straight road,no slope,2022-10-03T01:10:00Z
7055929,3.10.2022 08:22,7.10.2022 15:55,Chon Buri,department of highways,private/passenger car,speeding,rear-end collision,2,0,0,clear,13.47142811,101.0459643,straight road,no slope,2022-10-03T01:22:00Z
7073314,3.10.2022 08:22,10.10.2022 10:58,Chachoengsao,department of highways,private/passenger car,speeding,rear-end collision,3,0,0,clear,13.60795498,100.9405026,straight road,no slope,2022-10-03T01:22:00Z
7027216,3.10.2022 08:30,3.10.2022 11:00,Uthai Thani,department of highways,other,speeding,rollover/fallen on straight road,1,0,0,rainy,15.11965656,99.53186272,straight road,no slope,2022-10-03T01:30:00Z
7380462,3.10.2022 08:30,24.11.2022 14:20,Si Sa Ket,department of highways,private/passenger car,speeding,rollover/fallen on straight road,1,0,1,clear,14.77212817,104.6628401,straight road,no slope,2022-10-03T01:30:00Z
7561526,3.10.2022 08:30,17.01.2023 10:18,Bangkok,department of highways,private/passenger car,speeding,rear-end collision,4,0,0,clear,13.78678925,100.3741716,straight road,no slope,2022-10-03T01:30:00Z
7132026,3.10.2022 09:00,19.10.2022 10:01,Surat Thani,department of highways,4-wheel pickup truck,speeding,rollover/fallen on straight road,1,0,0,clear,9.037273086,99.36744331,straight road,no slope,2022-10-03T02:00:00Z
7474764,3.10.2022 09:00,20.12.2022 14:10,Surat Thani,department of highways,4-wheel pickup truck,speeding,rollover/fallen on straight road,1,0,2,rainy,9.073570729,99.35885828,straight road,no slope,2022-10-03T02:00:00Z
7456109,3.10.2022 09:06,24.11.2022 14:13,Chon Buri,department of highways,large truck with trailer,speeding,rollover/fallen on curved road,1,0,0,clear,13.11751254,100.9826723,wide curve,no slope,2022-10-03T02:06:00Z
7227490,3.10.2022 09:23,2.11.2022 13:34,Samut Prakan,expressway authority of thailand,other,other,rear-end collision,3,0,0,clear,13.625147,100.667528,straight road,other,2022-10-03T02:23:00Z
7034731,3.10.2022 09:30,4.10.2022 13:43,Prachuap Khiri Khan,department of highways,other,speeding,rollover/fallen on straight road,1,0,0,rainy,12.3884063,99.96875702,straight road,no slope,2022-10-03T02:30:00Z
7372589,3.10.2022 09:30,23.11.2022 14:24,Tak,department of highways,private/passenger car,speeding,rollover/fallen on curved road,1,0,0,rainy,16.77028014,98.64725141,wide curve,no slope,2022-10-03T02:30:00Z
7444980,3.10.2022 09:50,8.12.2022 15:17,Samut Sakhon,department of highways,private/passenger car,speeding,rear-end collision,2,0,0,clear,13.53135927,100.204778,straight road,no slope,2022-10-03T02:50:00Z
7187210,3.10.2022 10:00,27.10.2022 14:30,Loburi,department of highways,motorcycle,speeding,other,1,0,0,clear,14.8054139,100.6518352,connecting to school area,other,2022-10-03T03:00:00Z
7075290,3.10.2022 10:10,10.10.2022 16:48,Songkhla,department of highways,4-wheel pickup truck,speeding,collision with obstruction (on road surface),1,0,0,rainy,6.986036776,100.6328425,straight road,no slope,2022-10-03T03:10:00Z
7212453,3.10.2022 10:30,31.10.2022 09:49,Uttaradit,department of highways,4-wheel pickup truck,speeding,rollover/fallen on curved road,1,0,0,rainy,17.69937973,100.632416,wide curve,no slope,2022-10-03T03:30:00Z
7088055,3.10.2022 10:58,11.10.2022 10:45,Chon Buri,department of highways,motorcycle,speeding,rear-end collision,2,0,1,clear,13.2641292,100.9898606,straight road,no slope,2022-10-03T03:58:00Z
7033171,3.10.2022 12:04,4.10.2022 08:48,Pathum Thani,department of highways,4-wheel pickup truck,speeding,rear-end collision,2,0,0,clear,13.95821135,100.7126838,straight road,no slope,2022-10-03T05:04:00Z
7193023,3.10.2022 12:30,28.10.2022 10:33,Phrae,department of highways,4-wheel pickup truck,speeding,rollover/fallen on straight road,1,0,0,rainy,18.39359844,100.4516834,wide curve,no slope,2022-10-03T05:30:00Z
7568442,3.10.2022 12:46,24.01.2023 14:32,Chon Buri,department of highways,large truck with trailer,cutting in closely by people/vehicles/animals,rear-end collision,2,0,0,rainy,13.11345834,100.9613272,straight road,no slope,2022-10-03T05:46:00Z
7087995,3.10.2022 13:20,11.10.2022 09:51,Nakhon Sawan,department of highways,motorcycle,running red lights/traffic signals,collision with obstruction (on road surface),2,0,2,clear,15.61427472,100.1210689,straight road,no slope,2022-10-03T06:20:00Z
7276758,3.10.2022 13:30,9.11.2022 13:26,Pattani,department of highways,motorcycle,speeding,rear-end collision,2,0,2,clear,6.7340752760000004,101.283832,straight road,no slope,2022-10-03T06:30:00Z
7332097,3.10.2022 13:30,3.10.2022 16:24,Ang Thong,department of highways,motorcycle,speeding,rear-end collision,2,1,0,clear,14.73079593,100.4094976,straight road,no slope,2022-10-03T06:30:00Z
7553767,3.10.2022 13:50,7.01.2023 14:24,Chon Buri,department of highways,4-wheel pickup truck,speeding,rollover/fallen on straight road,1,0,0,clear,12.86192631,100.981814,straight road,no slope,2022-10-03T06:50:00Z
7132047,3.10.2022 14:00,19.10.2022 10:09,Nakhon Si Thammarat,department of highways,4-wheel pickup truck,falling asleep,rollover/fallen on straight road,1,0,6,clear,8.045815369,99.89361762,straight road,no slope,2022-10-03T07:00:00Z
7118219,3.10.2022 14:06,17.10.2022 11:06,Phra Nakhon Si Ayutthaya,department of highways,large truck with trailer,speeding,rear-end collision,2,1,0,clear,14.26973542,100.6864491,straight road,no slope,2022-10-03T07:06:00Z
7187036,3.10.2022 14:07,27.10.2022 14:01,buogkan,department of highways,4-wheel pickup truck,speeding,rollover/fallen on curved road,1,0,2,clear,18.09109722,103.6035472,wide curve,no slope,2022-10-03T07:07:00Z
7561781,3.10.2022 14:10,17.01.2023 14:30,Surat Thani,department of highways,4-wheel pickup truck,speeding,rollover/fallen on straight road,1,0,0,clear,9.057547296,99.36314105,straight road,no slope,2022-10-03T07:10:00Z
7132071,3.10.2022 14:15,19.10.2022 10:11,Surat Thani,department of highways,4-wheel pickup truck,speeding,rear-end collision,4,0,5,rainy,9.574532585,99.12955551,straight road,no slope,2022-10-03T07:15:00Z
7132150,3.10.2022 14:30,19.10.2022 10:27,Surat Thani,department of highways,private/passenger car,speeding,rollover/fallen on straight road,1,0,2,clear,9.069805566,99.52827929,straight road,no slope,2022-10-03T07:30:00Z
7562786,3.10.2022 14:30,18.01.2023 11:18,Surat Thani,department of highways,private/passenger car,speeding,rollover/fallen on straight road,1,0,1,rainy,9.067561444,99.529104040000007,straight road,no slope,2022-10-03T07:30:00Z
7088197,3.10.2022 14:35,11.10.2022 16:30,Narathiwat,department of highways,private/passenger car,speeding,rollover/fallen on straight road,1,0,1,rainy,6.120809282,102.0445695,straight road,no slope,2022-10-03T07:35:00Z
7132105,3.10.2022 14:59,19.10.2022 10:16,Surat Thani,department of highways,4-wheel pickup truck,speeding,rollover/fallen on straight road,1,1,1,clear,9.157005158,99.525066,straight road,no slope,2022-10-03T07:59:00Z
7567176,3.10.2022 15:00,23.01.2023 11:19,Phuket,department of highways,private/passenger car,speeding,rollover/fallen on straight road,1,0,0,clear,8.196244032,98.29473674,straight road,no slope,2022-10-03T08:00:00Z
7033395,3.10.2022 15:45,4.10.2022 09:21,Bangkok,department of highways,private/passenger car,speeding,rear-end collision,3,0,1,rainy,13.81203488,100.6777266,straight road,no slope,2022-10-03T08:45:00Z
7118188,3.10.2022 16:00,17.10.2022 11:00,Kanchanaburi,department of highways,4-wheel pickup truck,speeding,head-on collision (not overtaking),2,0,2,clear,14.5838015,99.77043448,straight road,no slope,2022-10-03T09:00:00Z
7074219,3.10.2022 16:12,10.10.2022 14:05,Bangkok,department of highways,4-wheel pickup truck,speeding,rollover/fallen on straight road,1,0,0,rainy,13.73290782,100.7906073,straight road,no slope,2022-10-03T09:12:00Z
7124459,3.10.2022 16:50,18.10.2022 09:22,Trat,department of highways,4-wheel pickup truck,speeding,rollover/fallen on straight road,1,0,0,clear,12.29578416,102.479648,straight road,no slope,2022-10-03T09:50:00Z
7378794,3.10.2022 17:00,24.11.2022 10:29,Phangnga,department of highways,private/passenger car,speeding,rollover/fallen on straight road,1,0,1,clear,8.487599845,98.62595199,straight road,no slope,2022-10-03T10:00:00Z
7124472,3.10.2022 17:15,18.10.2022 09:25,Chachoengsao,department of highways,4-wheel pickup truck,speeding,rollover/fallen on straight road,1,1,0,rainy,13.59381205,101.1199719,straight road,no slope,2022-10-03T10:15:00Z
7212490,3.10.2022 18:30,31.10.2022 09:53,Chumphon,department of highways,4-wheel pickup truck,speeding,rollover/fallen on curved road,1,0,1,rainy,10.85934596,99.24697726,wide curve,no slope,2022-10-03T11:30:00Z
7557830,3.10.2022 18:44,12.01.2023 11:06,Sa Kaeo,department of highways,4-wheel pickup truck,speeding,rollover/fallen on straight road,1,0,0,clear,13.32410811,102.1653575,straight road,no slope,2022-10-03T11:44:00Z
7073482,3.10.2022 19:27,10.10.2022 11:34,Bangkok,department of highways,4-wheel pickup truck,speeding,rollover/fallen on straight road,1,0,0,rainy,13.74766249,100.7026201,straight road,no slope,2022-10-03T12:27:00Z
7438749,3.10.2022 19:40,7.12.2022 10:18,Kanchanaburi,department of highways,4-wheel pickup truck,speeding,rollover/fallen on straight road,1,0,0,rainy,14.00223703,99.56944583,straight road,no slope,2022-10-03T12:40:00Z
7074218,3.10.2022 20:40,10.10.2022 14:09,Bangkok,department of highways,private/passenger car,speeding,rollover/fallen on straight road,1,0,0,clear,13.72924962,100.7335675,straight road,no slope,2022-10-03T13:40:00Z
7565233,3.10.2022 20:40,20.01.2023 09:32,Bangkok,department of highways,private/passenger car,speeding,rollover/fallen on straight road,1,0,1,clear,13.80740862,100.8949448,straight road,no slope,2022-10-03T13:40:00Z
7055932,3.10.2022 20:55,7.10.2022 15:57,Bangkok,department of highways,4-wheel pickup truck,speeding,rear-end collision,3,0,0,clear,13.72924962,100.7335728,straight road,no slope,2022-10-03T13:55:00Z
7514604,3.10.2022 21:00,28.12.2022 09:59,Chiang Rai,department of highways,4-wheel pickup truck,speeding,other,1,0,0,clear,20.28932094,100.0883085,other,other,2022-10-03T14:00:00Z
7564392,3.10.2022 21:00,19.01.2023 14:29,Nakhon Pathom,department of highways,4-wheel pickup truck,speeding,rollover/fallen on straight road,1,0,1,rainy,13.74699124,100.3291617,straight road,no slope,2022-10-03T14:00:00Z
7072830,3.10.2022 21:05,10.10.2022 09:31,Nakhon Ratchasima,department of highways,4-wheel pickup truck,speeding,rollover/fallen on straight road,1,0,0,clear,14.76015339,102.0305765,straight road,no slope,2022-10-03T14:05:00Z
7372586,3.10.2022 21:42,23.11.2022 14:23,Tak,department of highways,4-wheel pickup truck,speeding,rear-end collision,2,0,0,rainy,16.89860225,99.1275975,straight road,no slope,2022-10-03T14:42:00Z
7033616,3.10.2022 22:07,4.10.2022 10:01,Bangkok,department of highways,private/passenger car,speeding,rear-end collision,2,0,0,clear,13.7331788,100.7020354,straight road,no slope,2022-10-03T15:07:00Z
7074680,4.10.2022 00:30,10.10.2022 15:15,Prachuap Khiri Khan,department of highways,4-wheel pickup truck,speeding,rollover/fallen on curved road,1,0,0,rainy,11.48434858,99.60151969,wide curve,no slope,2022-10-03T17:30:00Z
7512644,4.10.2022 00:30,27.12.2022 14:52,Chiang Mai,department of highways,private/passenger car,speeding,rear-end collision,2,0,0,clear,18.84732473,99.01343652,other,other,2022-10-03T17:30:00Z
7560614,4.10.2022 00:30,16.01.2023 10:04,Nong Bua Lam Phu,department of highways,large truck with trailer,speeding,rollover/fallen on straight road,1,0,0,rainy,17.21237862,102.2294703,straight road,no slope,2022-10-03T17:30:00Z
7147617,4.10.2022 03:00,21.10.2022 15:45,Tak,department of highways,4-wheel pickup truck,speeding,rollover/fallen on straight road,1,0,1,clear,16.91882435,98.56967388,straight road,no slope,2022-10-03T20:00:00Z
7332104,4.10.2022 03:40,4.11.2022 10:43,Mukdahan,department of highways,private/passenger car,speeding,rollover/fallen on curved road,1,0,1,clear,16.61286828,104.4875309,other,other,2022-10-03T20:40:00Z
7187045,4.10.2022 04:00,27.10.2022 14:00,buogkan,department of highways,large truck with trailer,speeding,rollover/fallen on straight road,1,0,0,rainy,18.02323131,103.696644,straight road,no slope,2022-10-03T21:00:00Z
7128156,4.10.2022 05:05,18.10.2022 21:16,Ubon Ratchathani,department of highways,private/passenger car,falling asleep,rollover/fallen on straight road,1,0,0,rainy,15.41075568,104.7936219,straight road,no slope,2022-10-03T22:05:00Z
7568253,4.10.2022 06:00,24.01.2023 11:28,Ratchaburi,department of highways,6-wheel truck,speeding,rollover/fallen on straight road,1,0,1,rainy,13.3963828,99.8155278,straight road,no slope,2022-10-03T23:00:00Z
7039683,4.10.2022 06:15,5.10.2022 06:57,Kalasin,department of highways,large truck with trailer,speeding,rollover/fallen on straight road,1,0,0,rainy,16.30106677,103.4978923,other,other,2022-10-03T23:15:00Z
7088032,4.10.2022 06:17,11.10.2022 09:05,Chon Buri,department of highways,private/passenger car,speeding,rear-end collision,2,0,0,clear,13.46505829,101.0459858,straight road,no slope,2022-10-03T23:17:00Z
7446695,4.10.2022 06:30,9.12.2022 13:23,Phetchabun,department of highways,private/passenger car,speeding,rollover/fallen on curved road,1,0,0,clear,16.68893,101.7445886,wide curve,slope area,2022-10-03T23:30:00Z
7088022,4.10.2022 07:00,11.10.2022 09:45,Loburi,department of highways,6-wheel truck,speeding,rollover/fallen on curved road,1,0,0,rainy,14.76672313,100.6056341,wide curve,slope area,2022-10-04T00:00:00Z
7545154,4.10.2022 07:10,5.01.2023 06:07,Chaiyaphum,department of highways,large truck with trailer,speeding,rollover/fallen on curved road,1,0,0,clear,16.61472539,101.8799669,wide curve,no slope,2022-10-04T00:10:00Z
7033715,4.10.2022 07:30,4.10.2022 10:15,Nakhon Ratchasima,department of highways,4-wheel pickup truck,speeding,rollover/fallen on straight road,1,0,0,clear,14.901552,101.9065457,straight road,no slope,2022-10-04T00:30:00Z
7561531,4.10.2022 08:00,17.01.2023 10:19,Bangkok,department of highways,motorcycle,speeding,rear-end collision,3,0,2,clear,13.78577723,100.3803286,straight road,no slope,2022-10-04T01:00:00Z
7332109,4.10.2022 08:09,26.10.2022 14:43,Rayong,department of highways,motorcycle,speeding,rear-end collision,2,0,3,clear,12.71845238,101.2250957,straight road,no slope,2022-10-04T01:09:00Z
7073508,4.10.2022 08:13,10.10.2022 11:39,Pathum Thani,department of highways,6-wheel truck,speeding,rear-end collision,2,0,0,clear,14.06636694,100.6968319,straight road,no slope,2022-10-04T01:13:00Z
7562355,4.10.2022 08:15,18.01.2023 08:16,Phatthalung,department of highways,4-wheel pickup truck,speeding,rollover/fallen on straight road,1,0,1,clear,7.680999558,100.0111856,straight road,no slope,2022-10-04T01:15:00Z
7055327,4.10.2022 08:45,7.10.2022 14:15,Bangkok,department of highways,private/passenger car,speeding,rear-end collision,2,0,0,clear,13.73062536,100.7209128,straight road,no slope,2022-10-04T01:45:00Z
7444979,4.10.2022 09:30,8.12.2022 15:23,Samut Sakhon,department of highways,4-wheel pickup truck,speeding,rear-end collision,4,0,0,clear,13.52997455,100.2006903,straight road,no slope,2022-10-04T02:30:00Z
7444867,4.10.2022 10:00,8.12.2022 15:06,Samut Sakhon,department of highways,4-wheel pickup truck,speeding,rear-end collision,2,0,0,clear,13.53525784,100.2163598,straight road,no slope,2022-10-04T03:00:00Z
7053821,4.10.2022 10:45,7.10.2022 09:10,Bangkok,department of highways,4-wheel pickup truck,speeding,rear-end collision,2,0,1,clear,13.76519075,100.6941658,straight road,no slope,2022-10-04T03:45:00Z
7567873,4.10.2022 10:45,24.01.2023 07:00,Nakhon Pathom,department of highways,large truck with trailer,falling asleep,rear-end collision,2,0,3,clear,13.97609072,99.99585806,straight road,no slope,2022-10-04T03:45:00Z
7034403,4.10.2022 11:00,4.10.2022 12:33,Prachin Buri,department of highways,4-wheel pickup truck,falling asleep,rollover/fallen on straight road,1,0,1,clear,13.98567926,101.7476919,straight road,no slope,2022-10-04T04:00:00Z
7187065,4.10.2022 11:00,27.10.2022 14:05,Nakhon Phanom,department of highways,other,speeding,rollover/fallen on straight road,1,0,0,clear,17.95527544,104.2149916,other,other,2022-10-04T04:00:00Z
7514484,4.10.2022 11:00,28.12.2022 10:32,Kamphaeng Phet,department of highways,4-wheel pickup truck,falling asleep,rollover/fallen on straight road,1,0,0,clear,16.34011886,99.60583001,straight road,no slope,2022-10-04T04:00:00Z
7512031,4.10.2022 11:15,27.12.2022 13:53,Roi Et,department of highways,large truck with trailer,falling asleep,rear-end collision,2,0,12,clear,15.6184905,103.7903228,straight road,no slope,2022-10-04T04:15:00Z
7561536,4.10.2022 11:26,17.01.2023 10:23,Bangkok,department of highways,private/passenger car,speeding,collision with obstruction (on road surface),2,0,0,clear,13.78774786,100.3648563,straight road,no slope,2022-10-04T04:26:00Z
7172734,4.10.2022 13:00,25.10.2022 13:08,Phatthalung,department of highways,4-wheel pickup truck,speeding,rollover/fallen on straight road,1,0,3,clear,7.527633091,100.0502452,other,other,2022-10-04T06:00:00Z
7100924,4.10.2022 13:50,14.10.2022 15:53,Chachoengsao,department of highways,private/passenger car,speeding,rear-end collision,2,0,0,rainy,13.55211872,100.9980574,straight road,no slope,2022-10-04T06:50:00Z
7561662,4.10.2022 14:00,17.01.2023 11:58,Bangkok,department of highways,motorcycle,speeding,rear-end collision,2,0,0,clear,13.78506697,100.3916257,straight road,no slope,2022-10-04T07:00:00Z
7138856,4.10.2022 14:05,20.10.2022 09:05,Krabi,department of highways,private/passenger car,speeding,rear-end collision,2,0,0,clear,8.073240955,98.84064673,wide curve,no slope,2022-10-04T07:05:00Z
7041682,4.10.2022 15:30,5.10.2022 13:24,Phetchaburi,department of rural roads,private/passenger car,failure to yield right of way,other,2,0,2,clear,12.870823,100.001619,four-way intersection,other,2022-10-04T08:30:00Z
7569070,4.10.2022 15:30,25.01.2023 08:56,Phrae,department of highways,4-wheel pickup truck,speeding,rollover/fallen on straight road,1,0,2,clear,18.17541551,100.051581,straight road,slope area,2022-10-04T08:30:00Z
7054965,4.10.2022 17:00,7.10.2022 13:08,Songkhla,department of highways,motorcycle,speeding,rollover/fallen on straight road,1,1,0,clear,6.991079137,100.6772089,straight road,no slope,2022-10-04T10:00:00Z
7212241,4.10.2022 17:00,31.10.2022 09:18,Chachoengsao,department of highways,4-wheel pickup truck,speeding,collision with obstruction (on road surface),2,0,2,clear,13.68307954,101.2488118,straight road,no slope,2022-10-04T10:00:00Z
7088587,4.10.2022 19:30,12.10.2022 16:21,Saraburi,department of highways,private/passenger car,speeding,rollover/fallen on straight road,1,0,0,clear,14.33750853,100.857051,straight road,no slope,2022-10-04T12:30:00Z
7212246,4.10.2022 20:00,31.10.2022 09:16,Maha Sarakham,department of highways,private/passenger car,speeding,rollover/fallen on straight road,1,0,1,rainy,16.27820747,102.9615471,straight road,no slope,2022-10-04T13:00:00Z
7414879,4.10.2022 20:57,29.11.2022 13:58,Krabi,department of highways,private/passenger car,speeding,rollover/fallen on straight road,1,0,0,clear,8.102210145,99.00579302,straight road,no slope,2022-10-04T13:57:00Z
7133452,4.10.2022 21:10,19.10.2022 15:27,Buri Ram,department of highways,large truck with trailer,speeding,rollover/fallen on straight road,1,0,1,rainy,15.55575379,102.9280436,straight road,no slope,2022-10-04T14:10:00Z
7511914,4.10.2022 21:10,27.12.2022 13:51,Roi Et,department of highways,motorcycle,speeding,rear-end collision,3,1,1,clear,15.62619595,103.8708964,straight road,no slope,2022-10-04T14:10:00Z
7481244,4.10.2022 21:20,23.12.2022 14:02,Phetchabun,department of highways,4-wheel pickup truck,speeding,rear-end collision,2,0,1,clear,16.75847052,101.1964863,straight road,no slope,2022-10-04T14:20:00Z
7219726,4.10.2022 21:37,1.11.2022 10:45,Samut Prakan,expressway authority of thailand,4-wheel pickup truck,other,side collision,2,0,0,clear,13.640577,100.680334,straight road,other,2022-10-04T14:37:00Z
7219715,4.10.2022 21:41,1.11.2022 10:43,Samut Prakan,expressway authority of thailand,4-wheel pickup truck,other,rear-end collision,2,0,1,clear,13.605056,100.65487,straight road,other,2022-10-04T14:41:00Z
7212455,4.10.2022 22:10,31.10.2022 09:48,Uttaradit,department of highways,4-wheel pickup truck,speeding,rollover/fallen on straight road,1,0,1,clear,17.74493654,100.7091245,straight road,no slope,2022-10-04T15:10:00Z
7042521,4.10.2022 22:30,5.10.2022 16:04,Bangkok,department of highways,large truck with trailer,speeding,rollover/fallen on straight road,1,0,0,clear,13.72947631,100.7417589,straight road,no slope,2022-10-04T15:30:00Z
7511632,4.10.2022 23:20,27.12.2022 13:50,Roi Et,department of highways,4-wheel pickup truck,speeding,rear-end collision,2,1,1,clear,16.06599077,103.7017214,straight road,no slope,2022-10-04T16:20:00Z
7133641,4.10.2022 23:50,19.10.2022 16:00,Surat Thani,department of highways,7-10-wheel truck,speeding,rollover/fallen on straight road,1,0,1,clear,8.99102275,99.1998267,straight road,no slope,2022-10-04T16:50:00Z
7187200,5.10.2022 00:00,27.10.2022 14:34,Mukdahan,department of highways,motorcycle,speeding,rear-end collision,2,0,3,clear,16.81723777,104.6176502,straight road,no slope,2022-10-04T17:00:00Z
7513863,5.10.2022 00:01,11.10.2022 13:40,Mae Hong Son,department of rural roads,tractor/agricultural vehicle,brake/anti-lock brake system failure,other,1,0,1,clear,18.812403,97.867553,sharp curve,slope area,2022-10-04T17:01:00Z
7561654,5.10.2022 01:00,17.01.2023 11:51,Bangkok,department of highways,private/passenger car,speeding,rollover/fallen on straight road,1,0,1,clear,13.78294954,100.4122107,straight road,no slope,2022-10-04T18:00:00Z
7517571,5.10.2022 01:05,29.12.2022 10:55,Chanthaburi,department of highways,4-wheel pickup truck,speeding,rollover/fallen on curved road,1,0,0,clear,13.04005107,102.3799533,wide curve,no slope,2022-10-04T18:05:00Z
7187107,5.10.2022 01:37,27.10.2022 14:15,Sakon Nakhon,department of highways,private/passenger car,speeding,rear-end collision,2,1,1,clear,17.40368749,103.7253141,straight road,no slope,2022-10-04T18:37:00Z
7219393,5.10.2022 01:42,1.11.2022 09:51,Bangkok,expressway authority of thailand,van,other,rear-end collision,2,0,0,clear,13.887785,100.652108,wide curve,other,2022-10-04T18:42:00Z
7128019,5.10.2022 02:10,18.10.2022 20:51,Khon Kaen,department of highways,large passenger vehicle,speeding,rollover/fallen on straight road,1,0,0,rainy,15.96190673,102.6900351,straight road,no slope,2022-10-04T19:10:00Z
7556324,5.10.2022 02:30,11.01.2023 12:09,Maha Sarakham,department of highways,4-wheel pickup truck,speeding,rollover/fallen on straight road,1,0,1,rainy,15.50954482,103.1618786,straight road,no slope,2022-10-04T19:30:00Z
7125110,5.10.2022 03:00,18.10.2022 11:19,Prachuap Khiri Khan,department of highways,4-wheel pickup truck,speeding,rollover/fallen on curved road,1,0,2,clear,12.38190661,99.95717256,wide curve,no slope,2022-10-04T20:00:00Z
7291090,5.10.2022 05:10,11.11.2022 11:20,Mukdahan,department of highways,private/passenger car,falling asleep,rollover/fallen on straight road,1,0,0,clear,16.59018192,104.4148403,straight road,no slope,2022-10-04T22:10:00Z
7118170,5.10.2022 05:20,17.10.2022 10:58,Phra Nakhon Si Ayutthaya,department of highways,6-wheel truck,vehicle equipment failure,rear-end collision,2,0,0,clear,14.51950741,100.5105606,straight road,no slope,2022-10-04T22:20:00Z
7186943,5.10.2022 06:00,27.10.2022 13:43,Nakhon Phanom,department of highways,4-wheel pickup truck,falling asleep,rollover/fallen on straight road,1,0,1,clear,17.20272956,104.786675,straight road,no slope,2022-10-04T23:00:00Z
7568499,5.10.2022 06:00,24.01.2023 15:52,Nan,department of highways,4-wheel pickup truck,speeding,rollover/fallen on straight road,1,0,0,clear,19.5208555,100.9286848,straight road,no slope,2022-10-04T23:00:00Z
7048219,5.10.2022 06:30,6.10.2022 13:11,Kamphaeng Phet,department of highways,6-wheel truck,falling asleep,rollover/fallen on straight road,1,0,0,clear,16.64398634,99.33033763,straight road,no slope,2022-10-04T23:30:00Z
7559375,5.10.2022 06:30,13.01.2023 14:00,Khon Kaen,department of highways,private/passenger car,speeding,rollover/fallen on straight road,1,0,1,rainy,16.4842284,102.4936677,straight road,no slope,2022-10-04T23:30:00Z
7042412,5.10.2022 07:08,5.10.2022 15:36,Samut Prakan,department of highways,large truck with trailer,speeding,rear-end collision,2,0,1,clear,13.70173576,100.8242342,straight road,no slope,2022-10-05T00:08:00Z
7332112,5.10.2022 08:25,7.11.2022 09:48,Kalasin,department of highways,4-wheel pickup truck,speeding,rollover/fallen on straight road,1,0,0,clear,16.36471579,103.5600606,straight road,no slope,2022-10-05T01:25:00Z
7219485,5.10.2022 08:29,1.11.2022 10:06,Bangkok,expressway authority of thailand,other,other,rear-end collision,3,0,0,clear,13.682886,100.60288,straight road,other,2022-10-05T01:29:00Z