acc_code,incident_datetime,report_datetime,province_en,agency,vehicle_type,presumed_cause,accident_type,number_of_vehicles_involved,number_of_fatalities,number_of_injuries,weather_condition,latitude,longitude,road_description,slope_description,incident_time
7561538,5.10.2022 09:15,17.01.2023 10:23,Bangkok,department of highways,motorcycle,cutting in closely by people/vehicles/animals,rear-end collision,2,0,1,clear,13.78542165,100.3839254,straight road,no slope,2022-10-05T02:15:00Z
7125193,5.10.2022 09:30,18.10.2022 11:34,Samut Songkhram,department of highways,large truck with trailer,vehicle equipment failure,rollover/fallen on straight road,1,0,0,clear,13.36226474,99.94678973,other,other,2022-10-05T02:30:00Z
7118195,5.10.2022 10:30,17.10.2022 11:04,Nonthaburi,department of highways,large truck with trailer,speeding,rollover/fallen on straight road,1,0,0,clear,13.92790253,100.4140949,straight road,no slope,2022-10-05T03:30:00Z
7053897,5.10.2022 11:15,7.10.2022 09:32,Bangkok,department of highways,large truck with trailer,speeding,rear-end collision,2,0,0,clear,13.77532465,100.6884044,straight road,no slope,2022-10-05T04:15:00Z
7511702,5.10.2022 12:00,27.12.2022 13:19,Maha Sarakham,department of highways,4-wheel pickup truck,speeding,rollover/fallen on straight road,1,0,0,clear,15.56496023,103.2124248,straight road,no slope,2022-10-05T05:00:00Z
7117224,5.10.2022 12:30,17.10.2022 07:25,Loburi,department of highways,4-wheel pickup truck,falling asleep,rollover/fallen on straight road,1,0,0,clear,15.08755125,101.0096124,straight road,no slope,2022-10-05T05:30:00Z
7101055,5.10.2022 12:41,14.10.2022 16:17,Chachoengsao,department of highways,private/passenger car,speeding,rear-end collision,3,0,6,clear,13.55211872,100.9980574,straight road,no slope,2022-10-05T05:41:00Z
7564416,5.10.2022 13:00,19.01.2023 14:45,Samut Sakhon,department of highways,private/passenger car,speeding,rear-end collision,2,0,1,clear,13.58112309,100.3095397,straight road,no slope,2022-10-05T06:00:00Z
7140739,5.10.2022 13:40,20.10.2022 15:14,Kanchanaburi,department of highways,4-wheel pickup truck,speeding,rollover/fallen on straight road,1,0,0,rainy,13.87271533,99.81648801,straight road,no slope,2022-10-05T06:40:00Z
7042336,5.10.2022 13:59,5.10.2022 15:21,Bangkok,department of highways,private/passenger car,speeding,rear-end collision,3,0,0,clear,13.72983327,100.7281494,straight road,no slope,2022-10-05T06:59:00Z
7187003,5.10.2022 14:00,27.10.2022 13:55,Nakhon Phanom,department of highways,other,speeding,rollover/fallen on straight road,1,0,0,clear,17.29410641,104.4667035,straight road,no slope,2022-10-05T07:00:00Z
7564158,5.10.2022 14:00,19.01.2023 10:52,Samut Sakhon,department of highways,4-wheel pickup truck,speeding,rear-end collision,2,0,0,clear,13.5623914,100.2764556,straight road,no slope,2022-10-05T07:00:00Z
7124312,5.10.2022 14:05,18.10.2022 09:05,Trat,department of highways,motorcycle,speeding,rear-end collision,2,1,1,clear,12.39221802,102.4562913,wide curve,slope area,2022-10-05T07:05:00Z
7568473,5.10.2022 14:15,24.01.2023 15:19,Nan,department of highways,4-wheel pickup truck,falling asleep,rollover/fallen on straight road,1,0,1,clear,18.94924344,100.7691899,straight road,no slope,2022-10-05T07:15:00Z
7332115,5.10.2022 14:30,4.11.2022 14:33,Chiang Mai,department of highways,4-wheel pickup truck,speeding,rollover/fallen on curved road,1,0,0,rainy,19.19760818,98.96371722,wide curve,slope area,2022-10-05T07:30:00Z
7284100,5.10.2022 19:00,10.11.2022 13:21,Songkhla,department of highways,large truck with trailer,speeding,rear-end collision,2,2,0,clear,6.807661176,100.4548994,straight road,no slope,2022-10-05T12:00:00Z
7131848,5.10.2022 19:05,19.10.2022 09:37,Nakhon Si Thammarat,department of highways,6-wheel truck,speeding,rear-end collision,4,0,1,clear,8.965872525,99.89472,straight road,no slope,2022-10-05T12:05:00Z
7147044,5.10.2022 19:30,21.10.2022 13:56,Songkhla,department of highways,motorcycle,speeding,rollover/fallen on straight road,1,1,0,rainy,6.843462561,100.9972662,straight road,no slope,2022-10-05T12:30:00Z
7046236,5.10.2022 19:47,6.10.2022 05:33,Pathum Thani,expressway authority of thailand,other,other,side collision,1,0,0,clear,14.038673,100.580598,straight road,other,2022-10-05T12:47:00Z
7213001,5.10.2022 20:00,31.10.2022 11:12,Phrae,department of highways,4-wheel pickup truck,speeding,rollover/fallen on curved road,1,0,0,rainy,18.04610102,99.70042615,wide curve,slope area,2022-10-05T13:00:00Z
7093916,5.10.2022 20:20,13.10.2022 12:00,Samut Prakan,department of rural roads,private/passenger car,speeding,other,2,0,0,rainy,13.664782,100.518283,u-turn area,other,2022-10-05T13:20:00Z
7561482,5.10.2022 21:10,17.01.2023 09:58,Bangkok,department of highways,motorcycle,speeding,rollover/fallen on straight road,1,0,1,clear,13.78850459,100.357676,straight road,no slope,2022-10-05T14:10:00Z
7560747,5.10.2022 22:14,16.01.2023 12:10,Samut Prakan,expressway authority of thailand,6-wheel truck,other,rear-end collision,3,1,4,clear,13.624968,100.728017,straight road,other,2022-10-05T15:14:00Z
7047894,5.10.2022 23:20,6.10.2022 11:57,Bangkok,department of highways,4-wheel pickup truck,speeding,rear-end collision,2,0,7,clear,13.82820399,100.6743979,straight road,no slope,2022-10-05T16:20:00Z
7187203,5.10.2022 23:30,27.10.2022 14:30,Mukdahan,department of highways,4-wheel pickup truck,driving under the influence of alcohol,rollover/fallen on straight road,1,1,1,clear,16.53499196,104.6870684,straight road,no slope,2022-10-05T16:30:00Z
7125583,6.10.2022 00:20,18.10.2022 12:40,Songkhla,department of highways,private/passenger car,unfamiliarity with the route/unskilled driving,rollover/fallen on straight road,1,0,1,rainy,7.042508637,100.4647833,other,other,2022-10-05T17:20:00Z
7088125,6.10.2022 00:30,12.10.2022 10:26,Suphan Buri,department of highways,4-wheel pickup truck,speeding,rollover/fallen on straight road,1,0,0,foggy,14.73886846,100.0288787,straight road,no slope,2022-10-05T17:30:00Z
7568353,6.10.2022 00:40,24.01.2023 13:40,Chon Buri,department of highways,4-wheel pickup truck,speeding,rollover/fallen on straight road,1,0,0,clear,13.3493122,101.0306476,straight road,no slope,2022-10-05T17:40:00Z
7074685,6.10.2022 01:00,10.10.2022 15:18,Pattani,department of highways,4-wheel pickup truck,speeding,collision at intersection corner,2,2,2,clear,6.801682034,101.1511472,other,other,2022-10-05T18:00:00Z
7187006,6.10.2022 01:20,27.10.2022 13:56,Nakhon Phanom,department of highways,private/passenger car,falling asleep,rollover/fallen on straight road,1,0,0,clear,17.69178538,104.4049349,straight road,no slope,2022-10-05T18:20:00Z
7088013,6.10.2022 01:30,11.10.2022 09:43,Nakhon Sawan,department of highways,motorcycle,speeding,rollover/fallen on curved road,1,1,0,clear,15.89933539,100.0207543,wide curve,slope area,2022-10-05T18:30:00Z
7562558,6.10.2022 01:55,18.01.2023 09:32,Phatthalung,department of highways,large truck with trailer,speeding,rollover/fallen on straight road,1,0,1,clear,7.782431185,99.96411409,straight road,no slope,2022-10-05T18:55:00Z
7125108,6.10.2022 02:30,18.10.2022 11:17,Phetchaburi,department of highways,large truck with trailer,speeding,rollover/fallen on straight road,1,0,0,rainy,13.12186185,99.89211558,other,other,2022-10-05T19:30:00Z
7212353,6.10.2022 02:30,31.10.2022 09:38,Phitsanulok,department of highways,large passenger vehicle,speeding,rear-end collision,2,1,0,clear,16.85702981,100.3509799,straight road,no slope,2022-10-05T19:30:00Z
7147089,6.10.2022 04:30,21.10.2022 14:06,Songkhla,department of highways,4-wheel pickup truck,speeding,rollover/fallen on curved road,1,0,0,clear,6.939809054,100.8183923,wide curve,no slope,2022-10-05T21:30:00Z
7124299,6.10.2022 04:50,18.10.2022 09:01,Chon Buri,department of highways,private/passenger car,speeding,rollover/fallen on straight road,1,0,0,clear,13.35154688,101.003226,straight road,no slope,2022-10-05T21:50:00Z
7567070,6.10.2022 07:00,23.01.2023 09:50,Phuket,department of highways,4-wheel pickup truck,speeding,rollover/fallen on straight road,1,0,0,clear,8.09622475,98.3373946,straight road,no slope,2022-10-06T00:00:00Z
7372592,6.10.2022 08:40,23.11.2022 14:21,Sukhothai,department of highways,motorcycle,cutting in closely by people/vehicles/animals,rear-end collision,2,0,0,clear,17.01183337,99.77379529,straight road,no slope,2022-10-06T01:40:00Z
7053980,6.10.2022 09:00,7.10.2022 09:53,Bangkok,department of highways,4-wheel pickup truck,speeding,rear-end collision,2,0,0,clear,13.76921831,100.6919825,straight road,no slope,2022-10-06T02:00:00Z
7187010,6.10.2022 09:00,27.10.2022 13:56,Nakhon Phanom,department of highways,other,speeding,rollover/fallen on straight road,1,0,0,clear,17.59237254,104.5651701,straight road,no slope,2022-10-06T02:00:00Z
7187012,6.10.2022 09:09,27.10.2022 13:57,Nakhon Phanom,department of highways,other,speeding,rollover/fallen on straight road,1,0,0,clear,17.61845477,104.5179793,straight road,no slope,2022-10-06T02:09:00Z
7380465,6.10.2022 09:10,24.11.2022 14:20,Saraburi,department of highways,motorcycle,running red lights/traffic signals,collision with obstruction (on road surface),2,1,1,clear,14.70445697,100.8474487,straight road,no slope,2022-10-06T02:10:00Z
7561591,6.10.2022 09:15,17.01.2023 11:03,Bangkok,department of highways,private/passenger car,speeding,rear-end collision,2,0,0,clear,13.76984615,100.4078668,straight road,no slope,2022-10-06T02:15:00Z
7187170,6.10.2022 09:45,27.10.2022 14:25,Mukdahan,department of highways,motorcycle,speeding,rear-end collision,2,1,0,clear,16.5128416,104.3422919,straight road,no slope,2022-10-06T02:45:00Z
7048330,6.10.2022 10:00,6.10.2022 13:44,Phetchaburi,department of highways,private/passenger car,speeding,rear-end collision,2,0,0,clear,12.879375,99.91341768,wide curve,no slope,2022-10-06T03:00:00Z
7212487,6.10.2022 10:00,31.10.2022 09:52,Uttaradit,department of highways,private/passenger car,speeding,rollover/fallen on straight road,1,0,0,clear,17.671878070000002,100.1186925,straight road,no slope,2022-10-06T03:00:00Z
7557674,6.10.2022 10:00,12.01.2023 10:25,Chiang Mai,department of highways,motorcycle,cutting in closely by people/vehicles/animals,other,2,0,1,clear,19.23878898,99.18600286,connecting to private area,other,2022-10-06T03:00:00Z
7088198,6.10.2022 10:50,12.10.2022 10:08,Sukhothai,department of highways,4-wheel pickup truck,speeding,rollover/fallen on curved road,1,0,1,clear,17.01629358,99.73491399,wide curve,no slope,2022-10-06T03:50:00Z
7561527,6.10.2022 11:30,17.01.2023 10:15,Bangkok,department of highways,private/passenger car,speeding,rear-end collision,2,0,0,clear,13.7872959,100.365732,straight road,no slope,2022-10-06T04:30:00Z
7276890,6.10.2022 12:00,9.11.2022 14:33,Suphan Buri,department of highways,7-10-wheel truck,speeding,rollover/fallen on straight road,1,0,0,clear,14.47265298,100.1312291,straight road,no slope,2022-10-06T05:00:00Z
7124316,6.10.2022 12:40,18.10.2022 09:08,Trat,department of highways,private/passenger car,speeding,rollover/fallen on curved road,1,2,1,clear,12.18971429,102.4577397,wide curve,no slope,2022-10-06T05:40:00Z
7072962,6.10.2022 13:00,10.10.2022 09:46,Narathiwat,department of highways,4-wheel pickup truck,speeding,rollover/fallen on curved road,1,0,0,clear,5.942557679,101.7935416,wide curve,no slope,2022-10-06T06:00:00Z
7139505,6.10.2022 13:30,20.10.2022 11:00,Chachoengsao,department of highways,4-wheel pickup truck,speeding,rollover/fallen on straight road,1,0,0,clear,13.59907827,100.9542623,straight road,no slope,2022-10-06T06:30:00Z
7213161,6.10.2022 14:15,31.10.2022 11:44,Lamphun,department of highways,4-wheel pickup truck,speeding,rollover/fallen on straight road,1,0,1,clear,18.4394081,98.87707649,straight road,no slope,2022-10-06T07:15:00Z
7124406,6.10.2022 14:40,18.10.2022 09:15,Chanthaburi,department of highways,4-wheel pickup truck,speeding,rear-end collision,2,0,2,clear,12.6660824,102.1012741,straight road,no slope,2022-10-06T07:40:00Z
7139014,6.10.2022 14:59,20.10.2022 09:28,Prachin Buri,department of highways,large truck with trailer,speeding,rollover/fallen on straight road,1,0,0,rainy,14.22524141,101.8923408,straight road,slope area,2022-10-06T07:59:00Z
7212212,6.10.2022 15:00,31.10.2022 09:14,Mae Hong Son,department of highways,private/passenger car,speeding,head-on collision (not overtaking),2,0,0,clear,18.66149044,97.92917846,wide curve,no slope,2022-10-06T08:00:00Z
7277122,6.10.2022 16:30,9.11.2022 14:58,Kanchanaburi,department of highways,private/passenger car,speeding,rollover/fallen on straight road,1,0,0,clear,13.93040173,99.75864886,straight road,no slope,2022-10-06T09:30:00Z
7444883,6.10.2022 16:45,8.12.2022 15:07,Samut Sakhon,department of highways,4-wheel pickup truck,speeding,rear-end collision,2,0,0,clear,13.53458244,100.2143562,straight road,no slope,2022-10-06T09:45:00Z
7213054,6.10.2022 16:50,31.10.2022 11:23,Phrae,department of highways,4-wheel pickup truck,speeding,rollover/fallen on curved road,1,0,0,clear,18.0566843,99.69725309,wide curve,slope area,2022-10-06T09:50:00Z
7424858,6.10.2022 17:50,2.12.2022 11:30,Roi Et,department of highways,private/passenger car,speeding,head-on collision (not overtaking),2,0,2,clear,16.09007044,103.7681302,straight road,no slope,2022-10-06T10:50:00Z
7178673,6.10.2022 18:30,26.10.2022 09:41,Samut Sakhon,department of highways,4-wheel pickup truck,speeding,rollover/fallen on straight road,2,0,1,clear,13.63386108,100.0933912,straight road,no slope,2022-10-06T11:30:00Z
7566946,6.10.2022 18:30,23.01.2023 07:31,Chon Buri,department of highways,4-wheel pickup truck,speeding,rollover/fallen on straight road,1,0,0,rainy,13.35133666,101.1955249,straight road,no slope,2022-10-06T11:30:00Z
7053717,6.10.2022 19:00,7.10.2022 08:53,Nan,department of highways,6-wheel truck,speeding,rear-end collision,2,0,1,clear,18.72052987,100.7522088,straight road,no slope,2022-10-06T12:00:00Z
7102346,6.10.2022 19:11,14.10.2022 21:00,Chachoengsao,department of highways,4-wheel pickup truck,speeding,rear-end collision,2,0,0,clear,13.55770398,100.993393,straight road,no slope,2022-10-06T12:11:00Z
7131971,6.10.2022 19:15,19.10.2022 09:50,Surat Thani,department of highways,motorcycle,speeding,rear-end collision,2,1,0,rainy,9.117520888,99.16065572,other,other,2022-10-06T12:15:00Z
7139340,6.10.2022 19:17,20.10.2022 10:33,Chon Buri,department of highways,4-wheel pickup truck,speeding,rollover/fallen on straight road,1,0,0,rainy,13.3247332,101.0150519,straight road,no slope,2022-10-06T12:17:00Z
7074215,6.10.2022 20:25,10.10.2022 14:10,Samut Prakan,department of highways,4-wheel pickup truck,speeding,rollover/fallen on curved road,1,0,0,rainy,13.64957072,100.6873315,wide curve,no slope,2022-10-06T13:25:00Z
7212321,6.10.2022 21:00,31.10.2022 09:34,Yala,department of highways,4-wheel pickup truck,speeding,rollover/fallen on straight road,1,0,0,rainy,6.48566065,101.080243,straight road,no slope,2022-10-06T14:00:00Z
7106646,6.10.2022 21:20,15.10.2022 14:19,Tak,department of highways,4-wheel pickup truck,speeding,rollover/fallen on curved road,1,0,2,rainy,16.49022577,98.77002685,wide curve,no slope,2022-10-06T14:20:00Z
7074198,6.10.2022 22:00,10.10.2022 14:02,Pathum Thani,department of highways,4-wheel pickup truck,speeding,rollover/fallen on curved road,1,0,0,clear,14.00699177,100.7043555,wide curve,no slope,2022-10-06T15:00:00Z
7514592,6.10.2022 22:19,28.12.2022 09:56,Chiang Rai,department of highways,private/passenger car,speeding,rollover/fallen on straight road,1,0,0,clear,20.30959058,100.27427,straight road,no slope,2022-10-06T15:19:00Z
7438653,6.10.2022 23:00,7.12.2022 10:57,Kanchanaburi,department of highways,4-wheel pickup truck,insufficient light,rollover/fallen on straight road,1,0,0,other,13.96363205,99.27730232,wide curve,no slope,2022-10-06T16:00:00Z
7415060,7.10.2022 00:01,29.11.2022 14:20,Chaiyaphum,department of highways,private/passenger car,speeding,rollover/fallen on straight road,1,0,1,clear,15.84541504,102.0642701,straight road,no slope,2022-10-06T17:01:00Z
7178542,7.10.2022 00:35,26.10.2022 09:19,Chiang Mai,department of highways,4-wheel pickup truck,speeding,rollover/fallen on straight road,1,0,1,clear,19.85029461,99.20809864,other,other,2022-10-06T17:35:00Z
7118827,7.10.2022 00:37,17.10.2022 13:16,Chiang Mai,department of rural roads,motorcycle,cutting in closely by people/vehicles/animals,other,1,1,0,clear,19.906921,99.221754,straight road,no slope,2022-10-06T17:37:00Z
7093919,7.10.2022 01:17,13.10.2022 12:01,Samut Prakan,department of rural roads,private/passenger car,abrupt lane change,other,2,0,0,rainy,13.665202,100.523302,straight road,no slope,2022-10-06T18:17:00Z
7553774,7.10.2022 01:30,7.01.2023 14:25,Chon Buri,department of highways,motorcycle,driving under the influence of alcohol,rollover/fallen on straight road,1,0,1,rainy,12.98603054,100.9874868,straight road,no slope,2022-10-06T18:30:00Z
7434285,7.10.2022 02:00,6.12.2022 10:18,Prachuap Khiri Khan,department of highways,other,speeding,rollover/fallen on straight road,1,0,0,rainy,12.23316075,99.8692417,other,other,2022-10-06T19:00:00Z
7570937,7.10.2022 03:00,26.01.2023 09:40,Ranong,department of highways,private/passenger car,speeding,collision with obstruction (on road surface),1,0,1,clear,9.921172131,98.63042592,straight road,no slope,2022-10-06T20:00:00Z
7194585,7.10.2022 03:30,28.10.2022 15:57,Sukhothai,department of highways,private/passenger car,speeding,rollover/fallen on straight road,1,0,0,clear,17.53216862,99.78801636,straight road,no slope,2022-10-06T20:30:00Z
7458430,7.10.2022 03:30,15.12.2022 13:55,Maha Sarakham,department of highways,private/passenger car,speeding,rollover/fallen on straight road,1,0,1,clear,15.51808913,103.1297323,straight road,no slope,2022-10-06T20:30:00Z
7187037,7.10.2022 03:39,27.10.2022 14:03,buogkan,department of highways,4-wheel pickup truck,speeding,rollover/fallen on straight road,1,0,0,clear,18.0117507,103.7062865,straight road,no slope,2022-10-06T20:39:00Z
7088215,7.10.2022 04:40,12.10.2022 10:24,Suphan Buri,department of highways,private/passenger car,speeding,rollover/fallen on curved road,1,0,1,clear,14.48100508,100.066089,wide curve,no slope,2022-10-06T21:40:00Z
7171567,7.10.2022 05:00,25.10.2022 09:53,Songkhla,department of highways,7-10-wheel truck,speeding,rollover/fallen on straight road,1,0,0,clear,6.84878873,100.9515989,straight road,no slope,2022-10-06T22:00:00Z
7438988,7.10.2022 05:00,7.12.2022 14:37,Nakhon Ratchasima,department of highways,large truck with trailer,speeding,rollover/fallen on curved road,1,0,0,clear,15.29127844,102.4164553,wide curve,no slope,2022-10-06T22:00:00Z
7446870,7.10.2022 05:00,9.12.2022 10:59,Nakhon Nayok,department of highways,4-wheel pickup truck,speeding,rear-end collision,2,0,0,clear,14.11643652,100.9893022,straight road,no slope,2022-10-06T22:00:00Z
7567179,7.10.2022 05:20,23.01.2023 11:21,Phuket,department of highways,4-wheel pickup truck,speeding,rollover/fallen on straight road,1,0,0,clear,8.195710413,98.29283773,other,other,2022-10-06T22:20:00Z
7213033,7.10.2022 05:30,31.10.2022 11:18,Phrae,department of highways,4-wheel pickup truck,speeding,rollover/fallen on curved road,1,0,0,clear,18.05090565,99.69921111,wide curve,slope area,2022-10-06T22:30:00Z
7213134,7.10.2022 05:35,31.10.2022 11:36,Phrae,department of highways,4-wheel pickup truck,falling asleep,rollover/fallen on straight road,1,0,0,clear,18.05438918,100.114578,straight road,no slope,2022-10-06T22:35:00Z
7055492,7.10.2022 07:00,7.10.2022 14:48,Songkhla,department of highways,4-wheel pickup truck,falling asleep,rollover/fallen on straight road,1,0,1,clear,7.087035979,100.6123665,straight road,slope area,2022-10-07T00:00:00Z
7379016,7.10.2022 07:00,24.11.2022 12:10,Khon Kaen,department of highways,4-wheel pickup truck,speeding,rollover/fallen on straight road,1,0,1,clear,16.66340044,102.802476,straight road,no slope,2022-10-07T00:00:00Z
7053928,7.10.2022 07:22,7.10.2022 09:42,Bangkok,department of highways,private/passenger car,speeding,rear-end collision,3,0,1,clear,13.72986975,100.7572165,straight road,no slope,2022-10-07T00:22:00Z
7425528,7.10.2022 07:30,2.12.2022 15:00,Trang,department of highways,4-wheel pickup truck,speeding,rollover/fallen on straight road,1,0,1,rainy,8.002727933,99.65156435,straight road,no slope,2022-10-07T00:30:00Z
7074199,7.10.2022 07:45,10.10.2022 14:02,Pathum Thani,department of highways,4-wheel pickup truck,vehicle equipment failure,rollover/fallen on straight road,1,0,12,clear,14.02445098,100.6984386,straight road,no slope,2022-10-07T00:45:00Z
7421429,7.10.2022 08:05,1.12.2022 14:54,Phra Nakhon Si Ayutthaya,department of rural roads,motorcycle,unfamiliarity with the route/unskilled driving,other,1,1,0,clear,14.262965,100.271346,wide curve,no slope,2022-10-07T01:05:00Z
7088028,7.10.2022 08:20,11.10.2022 09:41,Nakhon Sawan,department of highways,6-wheel truck,speeding,rear-end collision,2,0,0,clear,15.61383299,100.1226944,sharp curve,slope area,2022-10-07T01:20:00Z
7117697,7.10.2022 08:25,17.10.2022 09:25,Suphan Buri,department of highways,4-wheel pickup truck,speeding,rollover/fallen on straight road,1,1,0,clear,14.73888143,100.1021218,other,other,2022-10-07T01:25:00Z
7056247,7.10.2022 08:30,7.10.2022 16:49,Nakhon Ratchasima,department of highways,large passenger vehicle,speeding,rollover/fallen on straight road,1,0,0,clear,14.89687597,101.8954521,straight road,no slope,2022-10-07T01:30:00Z
7448109,7.10.2022 08:30,9.12.2022 15:27,Yasothon,department of highways,other,speeding,rollover/fallen on straight road,1,0,0,clear,15.80621613,104.1650838,straight road,no slope,2022-10-07T01:30:00Z
7561658,7.10.2022 08:35,17.01.2023 11:50,Bangkok,department of highways,private/passenger car,cutting in closely by people/vehicles/animals,rear-end collision,3,0,0,clear,13.78263564,100.4150404,straight road,no slope,2022-10-07T01:35:00Z
7456110,7.10.2022 08:50,24.11.2022 14:11,Chon Buri,department of highways,large truck with trailer,falling asleep,rollover/fallen on straight road,1,0,0,clear,13.20543068,101.0032783,straight road,no slope,2022-10-07T01:50:00Z
7088129,7.10.2022 09:30,12.10.2022 09:06,Kanchanaburi,department of highways,4-wheel pickup truck,speeding,rollover/fallen on straight road,1,0,1,clear,14.02831531,99.62889968,straight road,no slope,2022-10-07T02:30:00Z
7119769,7.10.2022 10:00,17.10.2022 16:11,Samut Prakan,department of rural roads,large truck with trailer,sudden stop,other,1,0,0,clear,13.649848,100.541166,y-intersection,other,2022-10-07T03:00:00Z
7054466,7.10.2022 10:40,7.10.2022 11:13,Ang Thong,department of highways,motorcycle,speeding,rear-end collision,2,0,1,clear,14.6197191,100.4706386,straight road,no slope,2022-10-07T03:40:00Z
7124345,7.10.2022 10:40,18.10.2022 09:11,Chanthaburi,department of highways,motorcycle,cutting in closely by people/vehicles/animals,rear-end collision,2,1,0,clear,12.61828744,102.0959714,straight road,no slope,2022-10-07T03:40:00Z
7055255,7.10.2022 11:44,7.10.2022 14:01,Bangkok,department of highways,4-wheel pickup truck,speeding,rear-end collision,3,0,0,clear,13.72930955,100.7326662,straight road,no slope,2022-10-07T04:44:00Z
7119414,7.10.2022 11:46,17.10.2022 15:07,Tak,department of highways,motorcycle,falling asleep,rollover/fallen on straight road,1,0,1,clear,16.88025165,99.14031385,straight road,no slope,2022-10-07T04:46:00Z
7139401,7.10.2022 11:55,20.10.2022 10:43,Bangkok,department of highways,large truck with trailer,speeding,rollover/fallen on straight road,1,0,0,clear,13.66321512,100.696561,straight road,no slope,2022-10-07T04:55:00Z
7074029,7.10.2022 12:19,10.10.2022 13:35,Samut Prakan,department of highways,4-wheel pickup truck,speeding,rollover/fallen on straight road,1,0,0,clear,13.67351501,100.8388227,straight road,no slope,2022-10-07T05:19:00Z
7118134,7.10.2022 13:00,17.10.2022 10:55,Uthai Thani,department of highways,motorcycle,speeding,rear-end collision,3,0,2,clear,15.50098724,99.5123872,other,other,2022-10-07T06:00:00Z
7124225,7.10.2022 13:00,18.10.2022 08:46,Chon Buri,department of highways,large truck with trailer,speeding,rollover/fallen on straight road,1,0,0,clear,13.45697968,100.9969738,straight road,no slope,2022-10-07T06:00:00Z
7173590,7.10.2022 13:21,25.10.2022 15:35,Chon Buri,department of highways,4-wheel pickup truck,speeding,rear-end collision,2,0,0,clear,13.23398993,100.9993207,straight road,no slope,2022-10-07T06:21:00Z
7356931,7.10.2022 13:30,21.11.2022 08:34,Loburi,department of highways,4-wheel pickup truck,speeding,rollover/fallen on straight road,1,0,1,rainy,15.096061,101.0166398,straight road,no slope,2022-10-07T06:30:00Z
7569564,7.10.2022 14:00,25.01.2023 14:12,Nan,department of highways,large truck with trailer,speeding,rollover/fallen on straight road,1,0,0,clear,18.8081325,100.7071021,wide curve,no slope,2022-10-07T07:00:00Z
7131967,7.10.2022 14:30,19.10.2022 09:53,Surat Thani,department of highways,large truck with trailer,speeding,rear-end collision,2,0,0,rainy,8.620923875,99.32663082,wide curve,no slope,2022-10-07T07:30:00Z
7212460,7.10.2022 15:10,31.10.2022 09:45,Phitsanulok,department of highways,4-wheel pickup truck,speeding,rollover/fallen on straight road,1,0,1,rainy,16.89510679,100.1965409,straight road,no slope,2022-10-07T08:10:00Z
7118136,7.10.2022 15:30,17.10.2022 10:53,Suphan Buri,department of highways,private/passenger car,speeding,head-on collision (not overtaking),2,0,0,rainy,14.15924208,100.1063463,wide curve,no slope,2022-10-07T08:30:00Z
7128226,7.10.2022 15:30,18.10.2022 21:26,Ubon Ratchathani,department of highways,4-wheel pickup truck,falling asleep,rollover/fallen on straight road,1,0,0,rainy,15.49671736,104.7409433,straight road,no slope,2022-10-07T08:30:00Z
7173407,7.10.2022 15:30,25.10.2022 15:06,Phatthalung,department of highways,4-wheel pickup truck,speeding,rollover/fallen on straight road,1,0,0,rainy,7.650415192,100.034101,straight road,no slope,2022-10-07T08:30:00Z
7568436,7.10.2022 15:36,24.01.2023 14:26,Chon Buri,department of highways,private/passenger car,speeding,rear-end collision,3,0,0,rainy,13.26775015,100.989882,straight road,no slope,2022-10-07T08:36:00Z
7213004,7.10.2022 16:18,31.10.2022 11:12,Chon Buri,department of highways,private/passenger car,cutting in closely by people/vehicles/animals,rear-end collision,3,0,0,rainy,13.15256605,100.9864354,straight road,no slope,2022-10-07T09:18:00Z
7172708,7.10.2022 17:30,25.10.2022 12:59,Yala,department of highways,4-wheel pickup truck,speeding,rollover/fallen on straight road,1,0,1,rainy,6.532142187,101.2221157,other,other,2022-10-07T10:30:00Z
7131998,7.10.2022 17:50,19.10.2022 09:59,Surat Thani,department of highways,private/passenger car,speeding,rollover/fallen on straight road,1,0,0,clear,9.108278131,99.45977299,straight road,no slope,2022-10-07T10:50:00Z
7139248,7.10.2022 17:57,20.10.2022 10:19,Chachoengsao,department of highways,private/passenger car,speeding,rear-end collision,3,0,0,clear,13.53681203,101.0109535,straight road,no slope,2022-10-07T10:57:00Z
7561602,7.10.2022 18:23,17.01.2023 11:04,Bangkok,department of highways,private/passenger car,speeding,rear-end collision,2,0,0,clear,13.78489415,100.4097605,straight road,no slope,2022-10-07T11:23:00Z
7061266,7.10.2022 19:01,8.10.2022 11:33,Bangkok,department of highways,4-wheel pickup truck,speeding,rollover/fallen on straight road,1,0,0,clear,13.88520104,100.6868487,straight road,no slope,2022-10-07T12:01:00Z
7356932,7.10.2022 19:15,21.11.2022 08:36,Loburi,department of highways,4-wheel pickup truck,debris/obstruction on the road,rollover/fallen on straight road,1,0,0,rainy,15.30741296,101.3746047,straight road,no slope,2022-10-07T12:15:00Z
7073321,7.10.2022 19:23,10.10.2022 10:59,Samut Prakan,department of highways,private/passenger car,speeding,rear-end collision,3,0,0,rainy,13.66398658,100.8532342,straight road,no slope,2022-10-07T12:23:00Z
7088151,7.10.2022 20:10,12.10.2022 10:21,Suphan Buri,department of highways,motorcycle,cutting in closely by people/vehicles/animals,other,2,0,1,clear,14.80860346,99.71105306,connecting to public/commercial area,other,2022-10-07T13:10:00Z
7088155,7.10.2022 20:15,11.10.2022 14:29,Surat Thani,department of highways,4-wheel pickup truck,speeding,rear-end collision,2,0,7,clear,8.560333616,99.14772479,straight road,no slope,2022-10-07T13:15:00Z