acc_code,incident_datetime,report_datetime,province_en,agency,vehicle_type,presumed_cause,accident_type,number_of_vehicles_involved,number_of_fatalities,number_of_injuries,weather_condition,latitude,longitude,road_description,slope_description,incident_time
7147208,7.10.2022 20:20,21.10.2022 14:26,Rayong,department of highways,private/passenger car,speeding,rollover/fallen on straight road,1,0,0,clear,12.73854028,101.007716,straight road,no slope,2022-10-07T13:20:00Z
7132937,7.10.2022 20:30,19.10.2022 13:44,Rayong,department of highways,4-wheel pickup truck,speeding,rollover/fallen on straight road,1,0,0,rainy,12.78409975,101.1609667,straight road,no slope,2022-10-07T13:30:00Z
7558255,7.10.2022 20:30,12.01.2023 14:15,Si Sa Ket,department of highways,4-wheel pickup truck,speeding,rollover/fallen on straight road,1,0,0,clear,15.10040121,104.5147392,straight road,no slope,2022-10-07T13:30:00Z
7088153,7.10.2022 20:40,12.10.2022 10:20,Suphan Buri,department of highways,motorcycle,speeding,rear-end collision,2,1,0,clear,14.74050265,99.80085074,straight road,no slope,2022-10-07T13:40:00Z
7119792,7.10.2022 20:40,17.10.2022 16:18,Samut Prakan,department of rural roads,motorcycle,speeding,other,2,0,1,rainy,13.649687,100.541252,straight road,slope area,2022-10-07T13:40:00Z
7527282,7.10.2022 20:40,31.12.2022 10:32,Bangkok,department of highways,private/passenger car,speeding,rear-end collision,2,0,0,clear,13.70038071,100.4067564,straight road,no slope,2022-10-07T13:40:00Z
7105441,7.10.2022 20:47,15.10.2022 09:24,Chachoengsao,department of highways,private/passenger car,speeding,rear-end collision,4,0,0,clear,13.55211872,100.9980574,straight road,no slope,2022-10-07T13:47:00Z
7061401,7.10.2022 21:20,8.10.2022 12:00,Pathum Thani,department of highways,4-wheel pickup truck,speeding,rollover/fallen on straight road,1,0,0,clear,13.9933649,100.7112944,straight road,no slope,2022-10-07T14:20:00Z
7128240,7.10.2022 22:00,18.10.2022 21:34,Ubon Ratchathani,department of highways,other,speeding,collision with obstruction (on road surface),1,0,0,clear,15.27872834,104.8608622,straight road,no slope,2022-10-07T15:00:00Z
7564107,7.10.2022 22:00,19.01.2023 10:27,Nakhon Pathom,department of highways,4-wheel pickup truck,speeding,rollover/fallen on straight road,2,0,0,clear,13.7764181,100.3280767,other,other,2022-10-07T15:00:00Z
7445584,7.10.2022 23:20,9.12.2022 09:15,Chumphon,department of highways,large truck with trailer,falling asleep,rollover/fallen on straight road,1,0,0,clear,10.24290185,99.09211724,straight road,no slope,2022-10-07T16:20:00Z
7131903,7.10.2022 23:50,19.10.2022 09:40,Phatthalung,department of highways,4-wheel pickup truck,speeding,rear-end collision,2,0,1,rainy,7.589091003,100.0542739,straight road,no slope,2022-10-07T16:50:00Z
7433881,8.10.2022 01:30,6.12.2022 09:44,Chiang Rai,department of highways,private/passenger car,falling asleep,rollover/fallen on straight road,1,0,1,clear,20.37749304,99.8848763,other,other,2022-10-07T18:30:00Z
7446952,8.10.2022 01:30,9.12.2022 10:01,Chaiyaphum,department of highways,4-wheel pickup truck,speeding,rollover/fallen on straight road,1,0,0,clear,16.07763288,102.2761059,straight road,no slope,2022-10-07T18:30:00Z
7119368,8.10.2022 01:56,17.10.2022 14:57,Samut Prakan,department of highways,private/passenger car,speeding,rollover/fallen on straight road,1,0,0,clear,13.65378532,100.6900996,straight road,no slope,2022-10-07T18:56:00Z
7088149,8.10.2022 02:20,12.10.2022 10:23,Suphan Buri,department of highways,private/passenger car,speeding,rollover/fallen on straight road,1,0,0,clear,14.49717859,100.046981,straight road,no slope,2022-10-07T19:20:00Z
7512172,8.10.2022 03:00,27.12.2022 11:11,Roi Et,department of highways,private/passenger car,falling asleep,rollover/fallen on straight road,1,0,1,clear,16.41184588,103.7582906,straight road,no slope,2022-10-07T20:00:00Z
7568479,8.10.2022 03:10,24.01.2023 15:20,Nan,department of highways,private/passenger car,falling asleep,rollover/fallen on straight road,1,0,1,clear,19.10229989,100.8085191,straight road,no slope,2022-10-07T20:10:00Z
7131943,8.10.2022 03:30,19.10.2022 09:45,Surat Thani,department of highways,large truck with trailer,speeding,rear-end collision,2,0,1,rainy,8.7398721599999991,99.3325585,other,other,2022-10-07T20:30:00Z
7124245,8.10.2022 04:00,18.10.2022 08:54,Bangkok,department of rural roads,private/passenger car,falling asleep,other,1,0,0,clear,13.677689,100.53962,straight road,slope area,2022-10-07T21:00:00Z
7565021,8.10.2022 04:00,20.01.2023 07:14,Pathum Thani,department of highways,private/passenger car,speeding,side collision,2,0,0,clear,13.9951078,100.6642778,straight road,no slope,2022-10-07T21:00:00Z
7073611,8.10.2022 04:30,10.10.2022 11:58,Nakhon Ratchasima,department of highways,4-wheel pickup truck,speeding,rollover/fallen on straight road,1,0,0,rainy,15.18717888,101.7589277,straight road,no slope,2022-10-07T21:30:00Z
7212762,8.10.2022 05:00,31.10.2022 10:25,Phrae,department of highways,van,speeding,rollover/fallen on curved road,1,0,10,clear,17.979774,99.91208999,wide curve,slope area,2022-10-07T22:00:00Z
7132031,8.10.2022 05:20,19.10.2022 10:02,Chachoengsao,department of highways,large truck with trailer,speeding,rear-end collision,2,0,0,clear,13.50549414,101.0373142,straight road,no slope,2022-10-07T22:20:00Z
7332118,8.10.2022 06:20,7.11.2022 11:24,Prachin Buri,department of highways,large truck with trailer,speeding,rollover/fallen on straight road,1,0,0,rainy,13.89378571,101.579732,other,other,2022-10-07T23:20:00Z
7125135,8.10.2022 06:30,18.10.2022 11:23,Chumphon,department of highways,private/passenger car,speeding,collision with obstruction (on road surface),4,0,0,clear,10.85624815,99.24246846,straight road,no slope,2022-10-07T23:30:00Z
7447406,8.10.2022 06:30,9.12.2022 15:12,Chiang Rai,department of highways,4-wheel pickup truck,speeding,rollover/fallen on straight road,1,0,0,clear,19.52134088,99.98850076,straight road,no slope,2022-10-07T23:30:00Z
7562559,8.10.2022 06:30,18.01.2023 09:34,Phatthalung,department of highways,4-wheel pickup truck,cutting in closely by people/vehicles/animals,rollover/fallen on straight road,1,0,0,clear,7.24141877,100.3291359,straight road,no slope,2022-10-07T23:30:00Z
7563123,8.10.2022 07:00,18.01.2023 14:25,Chumphon,department of highways,4-wheel pickup truck,speeding,rear-end collision,2,0,1,rainy,9.885919358,99.06305818,straight road,no slope,2022-10-08T00:00:00Z
7073151,8.10.2022 07:05,10.10.2022 10:22,Samut Prakan,department of highways,large truck with trailer,speeding,rear-end collision,2,0,0,clear,13.61824686,100.9244093,straight road,no slope,2022-10-08T00:05:00Z
7561620,8.10.2022 07:20,17.01.2023 11:16,Bangkok,department of highways,private/passenger car,speeding,other,2,0,1,clear,13.67828169,100.4650086,other,other,2022-10-08T00:20:00Z
7413608,8.10.2022 07:30,25.11.2022 10:42,Nakhon Ratchasima,department of highways,4-wheel pickup truck,speeding,head-on collision (not overtaking),2,0,4,rainy,15.1593762,102.0906459,wide curve,slope area,2022-10-08T00:30:00Z
7117698,8.10.2022 07:40,17.10.2022 09:28,Nakhon Si Thammarat,department of highways,4-wheel pickup truck,speeding,rollover/fallen on straight road,1,0,1,clear,8.808247421,99.91480975,straight road,no slope,2022-10-08T00:40:00Z
7088157,8.10.2022 08:00,12.10.2022 10:20,Tak,department of highways,4-wheel pickup truck,falling asleep,rollover/fallen on straight road,1,0,0,clear,16.94796806,99.43756966,other,other,2022-10-08T01:00:00Z
7554229,8.10.2022 08:00,9.01.2023 09:13,Bangkok,department of highways,private/passenger car,cutting in closely by people/vehicles/animals,rear-end collision,2,0,0,clear,13.78388212,100.3990826,straight road,no slope,2022-10-08T01:00:00Z
7561663,8.10.2022 08:00,17.01.2023 11:59,Bangkok,department of highways,private/passenger car,speeding,rear-end collision,2,0,1,clear,13.78414522,100.3960437,straight road,no slope,2022-10-08T01:00:00Z
7100952,8.10.2022 08:05,14.10.2022 15:58,Bangkok,department of highways,4-wheel pickup truck,speeding,rollover/fallen on straight road,1,0,0,clear,13.69185667,100.6996295,straight road,no slope,2022-10-08T01:05:00Z
7145448,8.10.2022 08:20,21.10.2022 08:08,Kanchanaburi,department of highways,large truck with trailer,speeding,rollover/fallen on curved road,1,0,0,clear,13.90024288,99.73256706,wide curve,no slope,2022-10-08T01:20:00Z
7560524,8.10.2022 08:20,16.01.2023 06:55,Saraburi,department of highways,6-wheel truck,speeding,rollover/fallen on straight road,1,1,1,clear,14.3390538,100.8587191,straight road,no slope,2022-10-08T01:20:00Z
7444874,8.10.2022 09:00,8.12.2022 15:06,Samut Sakhon,department of highways,private/passenger car,speeding,rear-end collision,2,0,0,clear,13.53525784,100.2163598,straight road,no slope,2022-10-08T02:00:00Z
7131780,8.10.2022 10:00,19.10.2022 09:34,Nakhon Si Thammarat,department of highways,private/passenger car,speeding,rear-end collision,2,1,0,clear,8.376379702,100.0395217,other,other,2022-10-08T03:00:00Z
7212215,8.10.2022 10:00,31.10.2022 09:14,Nakhon Sawan,department of highways,private/passenger car,speeding,rollover/fallen on straight road,1,0,0,clear,15.63011702,100.1053405,straight road,no slope,2022-10-08T03:00:00Z
7139404,8.10.2022 10:15,20.10.2022 10:40,Bangkok,department of highways,4-wheel pickup truck,speeding,rollover/fallen on straight road,1,0,1,clear,13.80431457,100.6797677,straight road,no slope,2022-10-08T03:15:00Z
7514382,8.10.2022 10:30,28.12.2022 09:36,Chiang Rai,department of highways,private/passenger car,speeding,rollover/fallen on straight road,1,0,1,clear,20.22151446,100.1356172,straight road,no slope,2022-10-08T03:30:00Z
7561674,8.10.2022 10:30,17.01.2023 12:05,Bangkok,department of highways,4-wheel pickup truck,speeding,rear-end collision,2,0,0,clear,13.78356171,100.4056795,straight road,no slope,2022-10-08T03:30:00Z
7560699,8.10.2022 11:15,16.01.2023 11:16,Bangkok,department of highways,private/passenger car,speeding,rear-end collision,2,0,2,clear,13.81147557,100.5595148,straight road,no slope,2022-10-08T04:15:00Z
7380585,8.10.2022 12:50,24.11.2022 14:24,Chon Buri,department of highways,large truck with trailer,falling asleep,rollover/fallen on curved road,1,0,0,clear,13.30132818,100.9943265,wide curve,no slope,2022-10-08T05:50:00Z
7380580,8.10.2022 14:29,24.11.2022 14:22,Chon Buri,department of highways,private/passenger car,falling asleep,rollover/fallen on straight road,1,0,0,clear,13.11702145,100.9805386,straight road,no slope,2022-10-08T07:29:00Z
7074639,8.10.2022 14:42,10.10.2022 15:14,Prachuap Khiri Khan,department of highways,7-10-wheel truck,speeding,rollover/fallen on straight road,1,0,1,rainy,12.5490786,99.87372099,straight road,no slope,2022-10-08T07:42:00Z
7099247,8.10.2022 14:45,14.10.2022 08:47,Bangkok,department of highways,private/passenger car,speeding,rear-end collision,2,0,1,clear,13.71462409,100.7001418,straight road,no slope,2022-10-08T07:45:00Z
7565039,8.10.2022 14:50,20.01.2023 07:32,Pathum Thani,department of highways,7-10-wheel truck,speeding,rollover/fallen on straight road,1,0,0,clear,13.9859083,100.6010234,straight road,no slope,2022-10-08T07:50:00Z
7512076,8.10.2022 15:15,27.12.2022 13:48,Roi Et,department of highways,4-wheel pickup truck,speeding,head-on collision (not overtaking),2,1,6,clear,15.97744595,103.7521389,wide curve,no slope,2022-10-08T08:15:00Z
7131694,8.10.2022 15:30,19.10.2022 09:07,Bangkok,department of rural roads,7-10-wheel truck,vehicle equipment failure,other,1,0,0,clear,13.662535,100.516711,grade-separated intersection/ramps,other,2022-10-08T08:30:00Z
7513858,8.10.2022 15:37,11.10.2022 13:39,Nakhon Ratchasima,department of rural roads,motorcycle,straddling lanes,other,2,0,1,clear,14.380637,101.819135,wide curve,no slope,2022-10-08T08:37:00Z
7379185,8.10.2022 17:30,24.11.2022 12:57,Khon Kaen,department of highways,4-wheel pickup truck,falling asleep,rollover/fallen on straight road,1,0,0,clear,16.45717328,102.7689984,straight road,no slope,2022-10-08T10:30:00Z
7219536,8.10.2022 19:00,1.11.2022 10:15,Samut Prakan,expressway authority of thailand,other,other,rear-end collision,2,0,0,clear,13.609495,100.764399,straight road,other,2022-10-08T12:00:00Z
7564411,8.10.2022 19:00,19.01.2023 14:44,Samut Sakhon,department of highways,passenger pickup truck,speeding,rollover/fallen on straight road,1,0,0,clear,13.59534239,100.3629801,other,other,2022-10-08T12:00:00Z
7557462,8.10.2022 19:40,12.01.2023 09:31,Chiang Mai,department of highways,motorcycle,speeding,rear-end collision,2,0,0,clear,18.83749666,99.02939389,straight road,no slope,2022-10-08T12:40:00Z
7132585,8.10.2022 19:45,19.10.2022 12:14,Bangkok,department of rural roads,private/passenger car,speeding,other,3,0,1,clear,13.672043,100.53876700000001,straight road,slope area,2022-10-08T12:45:00Z
7414924,8.10.2022 20:30,28.11.2022 10:49,Chaiyaphum,department of highways,4-wheel pickup truck,speeding,rollover/fallen on straight road,1,0,0,clear,16.39229711,102.1305612,wide curve,no slope,2022-10-08T13:30:00Z
7561600,8.10.2022 21:30,17.01.2023 11:04,Bangkok,department of highways,private/passenger car,speeding,rear-end collision,2,0,1,clear,13.77655164,100.4085106,straight road,no slope,2022-10-08T14:30:00Z
7567875,8.10.2022 21:30,24.01.2023 07:02,Nakhon Pathom,department of highways,4-wheel pickup truck,speeding,collision with obstruction (on road surface),3,0,3,clear,13.78604163,100.1732057,straight road,no slope,2022-10-08T14:30:00Z
7446131,8.10.2022 22:00,9.12.2022 09:07,Samut Sakhon,department of highways,4-wheel pickup truck,speeding,rollover/fallen on straight road,1,0,0,clear,13.52322293,100.1806676,straight road,no slope,2022-10-08T15:00:00Z
7571005,8.10.2022 22:00,26.01.2023 10:21,Trang,department of highways,4-wheel pickup truck,speeding,rollover/fallen on straight road,1,0,0,rainy,7.762765446,99.58342552,straight road,no slope,2022-10-08T15:00:00Z
7283138,8.10.2022 22:30,10.11.2022 10:49,Nakhon Pathom,department of highways,4-wheel pickup truck,speeding,rollover/fallen on straight road,1,0,2,clear,14.00798851,99.97519031,straight road,no slope,2022-10-08T15:30:00Z
7213265,8.10.2022 23:15,31.10.2022 12:12,Lamphun,department of highways,4-wheel pickup truck,speeding,rear-end collision,2,0,2,clear,18.58130704,99.06920849,straight road,no slope,2022-10-08T16:15:00Z
7213665,8.10.2022 23:15,31.10.2022 13:38,Chon Buri,department of highways,4-wheel pickup truck,cutting in closely by people/vehicles/animals,rear-end collision,2,0,0,clear,13.25614568,100.9910408,straight road,no slope,2022-10-08T16:15:00Z
7558258,9.10.2022 00:40,12.01.2023 14:17,Si Sa Ket,department of highways,private/passenger car,speeding,rollover/fallen on curved road,1,0,0,clear,15.09775204,104.3369382,wide curve,no slope,2022-10-08T17:40:00Z
7332124,9.10.2022 00:50,2.11.2022 14:51,Nakhon Phanom,department of highways,motorcycle,speeding,rollover/fallen on curved road,1,1,1,clear,17.01911426,104.5371881,wide curve,no slope,2022-10-08T17:50:00Z
7132298,9.10.2022 02:00,19.10.2022 10:57,Chachoengsao,department of highways,private/passenger car,speeding,rear-end collision,2,1,0,clear,13.57094954,100.9822887,straight road,no slope,2022-10-08T19:00:00Z
7558219,9.10.2022 02:30,12.01.2023 14:10,Si Sa Ket,department of highways,private/passenger car,speeding,rollover/fallen on straight road,1,0,0,clear,15.12512522,104.2913917,straight road,no slope,2022-10-08T19:30:00Z
7194663,9.10.2022 03:00,28.10.2022 16:13,Sukhothai,department of highways,4-wheel pickup truck,speeding,rollover/fallen on straight road,1,0,0,clear,17.53929655,99.81100558,straight road,no slope,2022-10-08T20:00:00Z
7187112,9.10.2022 04:10,27.10.2022 14:17,Sakon Nakhon,department of highways,motorcycle,speeding,rollover/fallen on straight road,1,1,0,clear,17.06978993,104.2152464,other,other,2022-10-08T21:10:00Z
7513864,9.10.2022 04:21,11.10.2022 15:51,Nakhon Ratchasima,department of rural roads,passenger pickup truck,speeding,other,1,0,1,clear,14.517959,101.468856,wide curve,no slope,2022-10-08T21:21:00Z
7561794,9.10.2022 04:30,17.01.2023 14:42,Nonthaburi,department of highways,motorcycle,speeding,rollover/fallen on straight road,1,1,1,clear,13.85654411,100.4115736,other,other,2022-10-08T21:30:00Z
7147454,9.10.2022 04:44,21.10.2022 15:10,Chon Buri,department of highways,private/passenger car,speeding,rear-end collision,2,0,1,clear,13.00318308,100.993554,straight road,no slope,2022-10-08T21:44:00Z
7565515,9.10.2022 06:00,20.01.2023 11:39,Chachoengsao,department of highways,private/passenger car,speeding,rollover/fallen on straight road,1,0,0,clear,13.51071408,100.9873071,straight road,no slope,2022-10-08T23:00:00Z
7414972,9.10.2022 06:10,29.11.2022 09:11,Chachoengsao,department of highways,motorcycle,speeding,rollover/fallen on straight road,1,0,1,clear,13.60506911,101.1185959,other,other,2022-10-08T23:10:00Z
7066833,9.10.2022 07:07,9.10.2022 08:58,Pathum Thani,department of highways,private/passenger car,speeding,rear-end collision,2,0,2,clear,14.05629782,100.6975829,straight road,no slope,2022-10-09T00:07:00Z
7118735,9.10.2022 07:30,17.10.2022 13:01,Nakhon Si Thammarat,department of highways,4-wheel pickup truck,speeding,rear-end collision,2,1,0,rainy,8.648598137,99.94784652,wide curve,no slope,2022-10-09T00:30:00Z
7444880,9.10.2022 07:43,8.12.2022 14:49,Sukhothai,department of highways,private/passenger car,driving under the influence of alcohol,rollover/fallen on straight road,1,0,0,clear,17.53154704,99.78511669,straight road,no slope,2022-10-09T00:43:00Z
7568080,9.10.2022 07:59,24.01.2023 09:28,Prachuap Khiri Khan,department of highways,4-wheel pickup truck,speeding,rollover/fallen on straight road,1,0,1,rainy,11.79248464,99.77460908,straight road,no slope,2022-10-09T00:59:00Z
7476862,9.10.2022 08:20,21.12.2022 10:28,Satun,department of highways,4-wheel pickup truck,speeding,rollover/fallen on straight road,1,0,0,rainy,6.648291108,100.0746506,straight road,no slope,2022-10-09T01:20:00Z
7074415,9.10.2022 08:30,10.10.2022 14:36,Kanchanaburi,department of highways,6-wheel truck,illegal overtaking,rear-end collision,2,0,1,clear,14.54785727,98.78312139,straight road,no slope,2022-10-09T01:30:00Z
7118110,9.10.2022 09:40,17.10.2022 10:48,Ang Thong,department of highways,large truck with trailer,speeding,rear-end collision,2,0,1,clear,14.61404815,100.4699036,straight road,no slope,2022-10-09T02:40:00Z
7557652,9.10.2022 11:00,12.01.2023 10:23,Chiang Mai,department of highways,private/passenger car,running red lights/traffic signals,head-on collision (not overtaking),2,0,1,clear,19.15097279,99.16340961,wide curve,no slope,2022-10-09T04:00:00Z
7568466,9.10.2022 11:00,24.01.2023 15:09,Nan,department of highways,4-wheel pickup truck,speeding,rollover/fallen on straight road,1,0,2,clear,18.53557599,100.6390169,wide curve,no slope,2022-10-09T04:00:00Z
7379406,9.10.2022 12:45,24.11.2022 13:39,Chachoengsao,department of highways,private/passenger car,speeding,rear-end collision,3,0,5,clear,13.49921568,101.0425762,straight road,no slope,2022-10-09T05:45:00Z
7511939,9.10.2022 14:00,27.12.2022 13:39,Roi Et,department of highways,6-wheel truck,running red lights/traffic signals,rear-end collision,2,0,0,clear,15.6577406,103.7720731,other,other,2022-10-09T07:00:00Z
7561634,9.10.2022 14:57,17.01.2023 11:39,Bangkok,department of highways,private/passenger car,speeding,other,2,0,0,clear,13.78295736,100.4515171,connecting to public/commercial area,other,2022-10-09T07:57:00Z
7565497,9.10.2022 15:20,20.01.2023 11:32,Chachoengsao,department of highways,4-wheel pickup truck,failure to yield right of way,head-on collision (not overtaking),2,0,0,clear,13.6604837,101.0946867,other,other,2022-10-09T08:20:00Z
7147346,9.10.2022 15:35,21.10.2022 14:53,Chon Buri,department of highways,private/passenger car,speeding,rear-end collision,3,0,0,rainy,13.01729521,100.9964427,straight road,no slope,2022-10-09T08:35:00Z
7073077,9.10.2022 16:43,10.10.2022 10:05,Samut Prakan,department of highways,4-wheel pickup truck,speeding,rear-end collision,2,0,0,clear,13.61824686,100.9244093,straight road,no slope,2022-10-09T09:43:00Z
7561753,9.10.2022 16:50,17.01.2023 14:15,Nakhon Nayok,department of highways,van,speeding,rollover/fallen on straight road,1,1,5,rainy,14.19250288,101.2248516,straight road,no slope,2022-10-09T09:50:00Z
7555871,9.10.2022 17:21,11.01.2023 07:27,Kamphaeng Phet,department of highways,private/passenger car,speeding,rollover/fallen on straight road,1,0,0,clear,16.07486345,99.73124743,straight road,no slope,2022-10-09T10:21:00Z
7568423,9.10.2022 17:22,24.01.2023 14:15,Chon Buri,department of highways,private/passenger car,cutting in closely by people/vehicles/animals,rear-end collision,6,0,0,rainy,13.1966997,101.0006216,straight road,no slope,2022-10-09T10:22:00Z
7439456,9.10.2022 18:40,7.12.2022 14:08,Chiang Mai,department of highways,private/passenger car,cutting in closely by people/vehicles/animals,head-on collision (not overtaking),2,0,1,clear,19.24247698,99.18560053,connecting to private area,other,2022-10-09T11:40:00Z
7561655,9.10.2022 19:05,17.01.2023 11:52,Bangkok,department of highways,private/passenger car,speeding,rear-end collision,2,0,0,clear,13.78305895,100.411803,straight road,no slope,2022-10-09T12:05:00Z
7099418,9.10.2022 19:10,14.10.2022 09:23,Bangkok,department of highways,4-wheel pickup truck,speeding,rollover/fallen on straight road,1,0,0,rainy,13.67200081,100.6991172,straight road,no slope,2022-10-09T12:10:00Z
7099575,9.10.2022 19:30,14.10.2022 09:55,Bangkok,department of highways,4-wheel pickup truck,speeding,rear-end collision,3,0,0,rainy,13.70646017,100.6998145,straight road,no slope,2022-10-09T12:30:00Z
7561639,9.10.2022 19:45,17.01.2023 11:42,Bangkok,department of highways,4-wheel pickup truck,speeding,rollover/fallen on straight road,1,0,0,clear,13.78010489,100.4378888,straight road,no slope,2022-10-09T12:45:00Z
7564938,9.10.2022 20:10,20.01.2023 06:13,Samut Prakan,department of highways,private/passenger car,speeding,rear-end collision,3,0,3,clear,13.66409214,100.7189052,straight road,no slope,2022-10-09T13:10:00Z
7553775,9.10.2022 20:30,7.01.2023 14:26,Chon Buri,department of highways,private/passenger car,speeding,rollover/fallen on straight road,1,0,0,clear,12.97572486,100.9838873,straight road,no slope,2022-10-09T13:30:00Z
7132180,9.10.2022 20:56,19.10.2022 10:30,Surat Thani,department of highways,6-wheel truck,speeding,rear-end collision,2,1,0,clear,8.999187653,99.1943094,straight road,no slope,2022-10-09T13:56:00Z
7568266,9.10.2022 21:00,24.01.2023 11:38,Samut Songkhram,department of highways,4-wheel pickup truck,speeding,rollover/fallen on straight road,1,0,0,clear,13.41709135,100.0298712,straight road,no slope,2022-10-09T14:00:00Z
7379359,9.10.2022 22:15,24.11.2022 13:28,Trat,department of highways,4-wheel pickup truck,speeding,rollover/fallen on straight road,1,0,2,rainy,12.25869103,102.5534892,straight road,no slope,2022-10-09T15:15:00Z
7187145,9.10.2022 22:30,27.10.2022 14:20,Sakon Nakhon,department of highways,private/passenger car,speeding,rollover/fallen on straight road,1,0,0,clear,16.85626999,103.9318764,straight road,no slope,2022-10-09T15:30:00Z
7564421,10.10.2022 00:01,19.01.2023 14:46,Khon Kaen,department of highways,private/passenger car,speeding,rollover/fallen on straight road,1,0,0,clear,16.04565806,102.7318891,straight road,no slope,2022-10-09T17:01:00Z
7142166,10.10.2022 00:10,20.10.2022 20:16,Surin,department of highways,motorcycle,speeding,rollover/fallen on straight road,1,0,1,clear,15.15202885,103.6278319,other,other,2022-10-09T17:10:00Z
7072573,10.10.2022 00:42,10.10.2022 08:35,Pathum Thani,department of highways,private/passenger car,speeding,rollover/fallen on straight road,1,0,0,rainy,14.01340933,100.7024109,straight road,no slope,2022-10-09T17:42:00Z
7569563,10.10.2022 01:45,25.01.2023 14:10,Phrae,department of highways,private/passenger car,speeding,rollover/fallen on straight road,1,0,1,clear,18.42816358,100.1836422,straight road,no slope,2022-10-09T18:45:00Z
7565035,10.10.2022 03:17,20.01.2023 07:25,Pathum Thani,department of highways,4-wheel pickup truck,slippery road,rollover/fallen on curved road,1,0,0,rainy,14.0345176,100.4519717,wide curve,no slope,2022-10-09T20:17:00Z
7356929,10.10.2022 03:40,21.11.2022 08:34,Loburi,department of highways,private/passenger car,speeding,rollover/fallen on curved road,1,0,1,rainy,15.20070094,101.0862189,wide curve,slope area,2022-10-09T20:40:00Z
7558837,10.10.2022 04:13,13.01.2023 07:17,Prachin Buri,department of highways,4-wheel pickup truck,speeding,rollover/fallen on curved road,1,0,0,clear,14.22116722,101.8934914,wide curve,slope area,2022-10-09T21:13:00Z
7276914,10.10.2022 04:40,9.11.2022 14:35,Suphan Buri,department of highways,4-wheel pickup truck,speeding,rollover/fallen on curved road,1,0,0,clear,14.7581277,100.0553977,other,other,2022-10-09T21:40:00Z
7141148,10.10.2022 04:50,20.10.2022 16:20,Chiang Mai,department of highways,4-wheel pickup truck,speeding,collision with obstruction (on road surface),1,0,0,clear,18.7261718,99.01663451,straight road,no slope,2022-10-09T21:50:00Z
7072675,10.10.2022 05:20,10.10.2022 08:58,Pathum Thani,department of highways,4-wheel pickup truck,speeding,rollover/fallen on straight road,1,0,1,rainy,14.01093966,100.703567,straight road,no slope,2022-10-09T22:20:00Z
7212580,10.10.2022 06:30,31.10.2022 10:02,Lampang,department of highways,6-wheel truck,vehicle equipment failure,rollover/fallen on straight road,1,0,0,clear,18.97683195,99.9118781,wide curve,no slope,2022-10-09T23:30:00Z
7561461,10.10.2022 06:45,17.01.2023 09:48,Bangkok,department of highways,motorcycle,speeding,rear-end collision,2,0,2,clear,13.78818288,100.3427187,straight road,no slope,2022-10-09T23:45:00Z
7187108,10.10.2022 07:20,27.10.2022 14:19,Sakon Nakhon,department of highways,large truck with trailer,speeding,rollover/fallen on curved road,1,0,3,clear,16.93856702,104.1779074,wide curve,slope area,2022-10-10T00:20:00Z
7074127,10.10.2022 07:30,10.10.2022 13:51,Bangkok,department of highways,private/passenger car,speeding,rear-end collision,2,0,0,rainy,13.89738144,100.6930795,straight road,no slope,2022-10-10T00:30:00Z
7284581,10.10.2022 07:30,10.11.2022 14:43,Songkhla,department of highways,three-wheeled vehicle,cutting in closely by people/vehicles/animals,rollover/fallen on straight road,2,1,0,clear,6.894961455,100.9239265,straight road,no slope,2022-10-10T00:30:00Z
7074163,10.10.2022 07:35,10.10.2022 13:56,Pathum Thani,department of highways,private/passenger car,speeding,rear-end collision,3,0,0,clear,13.98284751,100.7131049,straight road,no slope,2022-10-10T00:35:00Z
7567477,10.10.2022 07:40,23.01.2023 16:04,Rayong,department of highways,4-wheel pickup truck,speeding,rollover/fallen on straight road,1,0,1,rainy,12.7145751,101.1957707,straight road,no slope,2022-10-10T00:40:00Z
7567298,10.10.2022 08:00,23.01.2023 13:37,Chon Buri,department of highways,other,speeding,other,1,0,0,rainy,12.99782983,100.9343837,straight road,no slope,2022-10-10T01:00:00Z
7561645,10.10.2022 08:40,17.01.2023 11:46,Bangkok,department of highways,private/passenger car,cutting in closely by people/vehicles/animals,rear-end collision,2,0,2,clear,13.78093328,100.4278238,straight road,no slope,2022-10-10T01:40:00Z
7414827,10.10.2022 08:54,25.11.2022 13:17,Nakhon Ratchasima,department of highways,private/passenger car,speeding,rear-end collision,2,0,2,clear,15.06777922,102.1207275,straight road,no slope,2022-10-10T01:54:00Z
7569503,10.10.2022 09:00,25.01.2023 13:47,Nan,department of highways,4-wheel pickup truck,speeding,rollover/fallen on curved road,1,0,1,clear,19.26460133,100.7329291,wide curve,no slope,2022-10-10T02:00:00Z
7099663,10.10.2022 09:58,14.10.2022 10:18,Bangkok,department of highways,large truck with trailer,speeding,rear-end collision,3,0,0,clear,13.66033253,100.6944716,straight road,no slope,2022-10-10T02:58:00Z
7561668,10.10.2022 10:05,17.01.2023 11:57,Bangkok,department of highways,private/passenger car,speeding,rear-end collision,2,0,0,clear,13.78507389,100.3874888,straight road,no slope,2022-10-10T03:05:00Z
7233700,10.10.2022 10:30,3.11.2022 08:59,Loei,department of rural roads,private/passenger car,speeding,other,1,1,1,clear,17.115189,101.819925,straight road,no slope,2022-10-10T03:30:00Z