acc_code,incident_datetime,report_datetime,province_en,agency,vehicle_type,presumed_cause,accident_type,number_of_vehicles_involved,number_of_fatalities,number_of_injuries,weather_condition,latitude,longitude,road_description,slope_description,incident_time
7561722,10.10.2022 10:30,17.01.2023 13:59,Pathum Thani,department of highways,large truck with trailer,cutting in closely by people/vehicles/animals,rollover/fallen on straight road,1,0,0,clear,13.9428494,100.7695691,other,other,2022-10-10T03:30:00Z
7568450,10.10.2022 10:41,24.01.2023 14:44,Chachoengsao,department of highways,private/passenger car,vehicle equipment failure,other,1,0,0,clear,13.54377187,101.0050848,straight road,no slope,2022-10-10T03:41:00Z
7379247,10.10.2022 11:00,24.11.2022 13:15,Maha Sarakham,department of highways,other,speeding,rollover/fallen on curved road,1,0,0,clear,16.63284194,103.1808981,connecting to public/commercial area,other,2022-10-10T04:00:00Z
7568444,10.10.2022 11:16,24.01.2023 14:39,Chon Buri,department of highways,private/passenger car,vehicle equipment failure,rollover/fallen on straight road,1,0,0,clear,13.43867988,101.0462513,straight road,no slope,2022-10-10T04:16:00Z
7380469,10.10.2022 11:20,24.11.2022 14:21,Chon Buri,department of highways,large truck with trailer,speeding,rear-end collision,2,0,0,clear,13.11322193,100.9604327,straight road,no slope,2022-10-10T04:20:00Z
7414910,10.10.2022 11:30,28.11.2022 10:41,Satun,department of highways,4-wheel pickup truck,speeding,rollover/fallen on straight road,1,0,0,clear,6.854197794,99.89583453,straight road,no slope,2022-10-10T04:30:00Z
7219309,10.10.2022 11:35,1.11.2022 09:34,Bangkok,expressway authority of thailand,other,other,other,1,0,0,clear,13.71989444,100.5528577,y-intersection,other,2022-10-10T04:35:00Z
7332129,10.10.2022 11:50,4.11.2022 14:32,Chiang Mai,department of highways,4-wheel pickup truck,speeding,rollover/fallen on curved road,1,0,0,clear,19.25092241,98.97086302,sharp curve,no slope,2022-10-10T04:50:00Z
7148292,10.10.2022 12:00,21.10.2022 18:09,Nakhon Nayok,department of highways,6-wheel truck,falling asleep,rear-end collision,2,0,0,clear,14.20102144,101.0601157,straight road,no slope,2022-10-10T05:00:00Z
7380573,10.10.2022 12:24,24.11.2022 14:19,Chon Buri,department of highways,7-10-wheel truck,speeding,rear-end collision,2,0,0,clear,13.11345312,100.9613179,straight road,no slope,2022-10-10T05:24:00Z
7212356,10.10.2022 12:30,31.10.2022 09:35,Narathiwat,department of highways,7-10-wheel truck,speeding,rollover/fallen on curved road,1,0,0,clear,6.472460518,101.7921844,wide curve,no slope,2022-10-10T05:30:00Z
7564385,10.10.2022 15:55,19.01.2023 14:23,Samut Sakhon,department of highways,4-wheel pickup truck,speeding,rear-end collision,2,0,1,clear,13.53437676,100.2137486,straight road,no slope,2022-10-10T08:55:00Z
7558932,10.10.2022 16:10,13.01.2023 08:32,Prachin Buri,department of highways,passenger pickup truck,speeding,rollover/fallen on straight road,1,0,0,rainy,14.18024974,101.3689037,straight road,no slope,2022-10-10T09:10:00Z
7128241,10.10.2022 17:05,18.10.2022 21:30,Ubon Ratchathani,department of highways,private/passenger car,speeding,rollover/fallen on straight road,1,0,1,clear,15.6326432,105.0331136,straight road,no slope,2022-10-10T10:05:00Z
7421432,10.10.2022 17:30,1.12.2022 14:53,Chon Buri,department of rural roads,7-10-wheel truck,illegal overtaking,other,2,0,2,clear,13.281638,101.471667,straight road,no slope,2022-10-10T10:30:00Z
7561732,10.10.2022 18:00,17.01.2023 14:07,Nakhon Nayok,department of highways,4-wheel pickup truck,speeding,rollover/fallen on straight road,1,0,5,clear,14.16814678,101.0157332,straight road,no slope,2022-10-10T11:00:00Z
7372590,10.10.2022 18:05,23.11.2022 14:20,Sukhothai,department of highways,4-wheel pickup truck,cutting in closely by people/vehicles/animals,rear-end collision,2,0,1,clear,17.30882104,99.8156914,other,other,2022-10-10T11:05:00Z
7099760,10.10.2022 18:15,14.10.2022 10:33,Bangkok,department of highways,private/passenger car,speeding,rear-end collision,3,0,0,clear,13.78674756,100.6839332,straight road,no slope,2022-10-10T11:15:00Z
7128194,10.10.2022 18:30,18.10.2022 21:23,Ubon Ratchathani,department of highways,4-wheel pickup truck,speeding,rollover/fallen on straight road,1,0,1,clear,15.34088416,104.9109953,straight road,no slope,2022-10-10T11:30:00Z
7119770,10.10.2022 19:00,17.10.2022 16:12,Narathiwat,department of highways,other,speeding,other,1,0,0,clear,6.325604929,101.952779,straight road,no slope,2022-10-10T12:00:00Z
7568470,10.10.2022 19:20,24.01.2023 15:10,Nan,department of highways,4-wheel pickup truck,speeding,rollover/fallen on straight road,1,0,0,clear,18.59812159,100.7446799,wide curve,no slope,2022-10-10T12:20:00Z
7131902,10.10.2022 19:30,19.10.2022 09:42,Surat Thani,department of highways,motorcycle,speeding,rear-end collision,2,0,1,rainy,9.06614508,99.1751477,straight road,no slope,2022-10-10T12:30:00Z
7131491,10.10.2022 22:00,19.10.2022 08:41,Narathiwat,department of highways,4-wheel pickup truck,speeding,rollover/fallen on curved road,1,0,0,clear,6.360070931,101.7912644,wide curve,no slope,2022-10-10T15:00:00Z
7515326,10.10.2022 22:30,28.12.2022 13:34,Phetchabun,department of highways,4-wheel pickup truck,worn-out/tire blowout,rollover/fallen on straight road,1,0,0,clear,15.70413852,101.021916,straight road,no slope,2022-10-10T15:30:00Z
7568461,10.10.2022 22:30,24.01.2023 14:59,Chon Buri,department of highways,4-wheel pickup truck,speeding,rollover/fallen on straight road,1,0,1,clear,12.94329694,100.9168884,straight road,no slope,2022-10-10T15:30:00Z
7332132,10.10.2022 22:45,9.11.2022 08:09,Saraburi,department of highways,7-10-wheel truck,speeding,rollover/fallen on straight road,1,0,0,clear,14.52015832,100.9157172,straight road,no slope,2022-10-10T15:45:00Z
7560551,10.10.2022 22:50,16.01.2023 08:44,Suphan Buri,department of highways,4-wheel pickup truck,speeding,rollover/fallen on straight road,1,0,0,clear,14.83978348,99.68770175,other,other,2022-10-10T15:50:00Z
7446885,10.10.2022 23:15,9.12.2022 09:56,Nakhon Ratchasima,department of highways,4-wheel pickup truck,cutting in closely by people/vehicles/animals,rear-end collision,2,0,2,clear,14.89115652,101.6862653,other,other,2022-10-10T16:15:00Z
7561636,10.10.2022 23:20,17.01.2023 11:37,Bangkok,department of highways,motorcycle,speeding,rear-end collision,2,0,0,clear,13.78378546,100.4552793,straight road,no slope,2022-10-10T16:20:00Z
7568127,11.10.2022 00:45,24.01.2023 09:53,Prachuap Khiri Khan,department of highways,4-wheel pickup truck,speeding,rollover/fallen on straight road,1,0,1,rainy,12.39021655,99.91224824,straight road,no slope,2022-10-10T17:45:00Z
7414332,11.10.2022 01:00,28.11.2022 12:00,Chon Buri,department of highways,private/passenger car,speeding,rollover/fallen on straight road,1,0,1,rainy,13.22179113,101.2348884,straight road,no slope,2022-10-10T18:00:00Z
7187136,11.10.2022 02:50,27.10.2022 14:23,Mukdahan,department of highways,private/passenger car,speeding,rollover/fallen on straight road,1,0,0,clear,16.56933875,104.7201696,straight road,no slope,2022-10-10T19:50:00Z
7078549,11.10.2022 03:00,11.10.2022 04:02,Bangkok,expressway authority of thailand,other,other,collision with obstruction (on road surface),1,0,0,rainy,13.71008176,100.5191873,straight road,other,2022-10-10T20:00:00Z
7088081,11.10.2022 03:26,11.10.2022 11:19,Phra Nakhon Si Ayutthaya,department of highways,large truck with trailer,speeding,rear-end collision,2,0,0,clear,14.18940845,100.6364179,straight road,no slope,2022-10-10T20:26:00Z
7448166,11.10.2022 04:00,9.12.2022 15:28,Yasothon,department of highways,6-wheel truck,falling asleep,rollover/fallen on straight road,1,0,0,clear,15.78158098,104.1586545,straight road,no slope,2022-10-10T21:00:00Z
7172246,11.10.2022 04:30,25.10.2022 11:29,Chumphon,department of highways,7-10-wheel truck,speeding,rear-end collision,2,0,1,clear,10.59561255,99.12719248,straight road,no slope,2022-10-10T21:30:00Z
7567165,11.10.2022 06:50,23.01.2023 11:13,Phangnga,department of highways,6-wheel truck,falling asleep,rollover/fallen on straight road,1,0,0,clear,8.272339565,98.34440857,straight road,no slope,2022-10-10T23:50:00Z
7088048,11.10.2022 07:07,11.10.2022 11:18,Lampang,department of highways,4-wheel pickup truck,speeding,rollover/fallen on straight road,1,0,0,clear,18.37527473,99.59735154,straight road,no slope,2022-10-11T00:07:00Z
7558834,11.10.2022 08:12,13.01.2023 07:16,Prachin Buri,department of highways,6-wheel truck,speeding,other,1,0,0,clear,14.30433927,101.8675277,wide curve,slope area,2022-10-11T01:12:00Z
7568269,11.10.2022 08:20,24.01.2023 11:37,Samut Songkhram,department of highways,private/passenger car,speeding,rollover/fallen on straight road,1,0,0,rainy,13.36107737,99.94526623,straight road,no slope,2022-10-11T01:20:00Z
7560612,11.10.2022 08:52,16.01.2023 10:00,Suphan Buri,department of highways,4-wheel pickup truck,cutting in closely by people/vehicles/animals,rear-end collision,2,0,1,clear,14.46581992,100.244236,straight road,no slope,2022-10-11T01:52:00Z
7132586,11.10.2022 09:00,19.10.2022 12:14,Samut Prakan,department of rural roads,private/passenger car,tailgating,other,2,0,0,rainy,13.651928,100.541076,straight road,slope area,2022-10-11T02:00:00Z
7567465,11.10.2022 10:30,23.01.2023 15:49,Rayong,department of highways,large truck with trailer,speeding,rollover/fallen on straight road,1,0,0,rainy,12.66073988,101.4930993,straight road,no slope,2022-10-11T03:30:00Z
7568329,11.10.2022 11:00,24.01.2023 13:26,Phrae,department of highways,private/passenger car,speeding,rollover/fallen on straight road,1,0,1,clear,17.86364242,100.0411874,straight road,no slope,2022-10-11T04:00:00Z
7101154,11.10.2022 11:30,14.10.2022 16:44,Bangkok,department of highways,4-wheel pickup truck,speeding,rear-end collision,2,0,1,clear,13.7180037,100.7000291,straight road,no slope,2022-10-11T04:30:00Z
7568125,11.10.2022 11:30,24.01.2023 09:51,Prachuap Khiri Khan,department of highways,private/passenger car,speeding,rollover/fallen on curved road,1,0,0,rainy,12.419681690000001,99.92488144,other,other,2022-10-11T04:30:00Z
7544446,11.10.2022 12:00,4.01.2023 14:24,Trang,department of highways,4-wheel pickup truck,speeding,rollover/fallen on straight road,1,0,1,clear,7.774108052,99.53876674,straight road,no slope,2022-10-11T05:00:00Z
7212412,11.10.2022 12:38,31.10.2022 09:43,Uttaradit,department of highways,4-wheel pickup truck,vehicle equipment failure,rollover/fallen on straight road,1,0,0,clear,17.52030346,100.2180469,straight road,no slope,2022-10-11T05:38:00Z
7092473,11.10.2022 12:40,13.10.2022 06:10,Phetchaburi,department of rural roads,private/passenger car,medical condition,other,1,0,1,rainy,12.880833,100.008615,straight road,no slope,2022-10-11T05:40:00Z
7088238,11.10.2022 13:30,12.10.2022 13:14,Samut Prakan,department of highways,private/passenger car,speeding,rear-end collision,4,0,0,clear,13.66595694,100.8501765,straight road,no slope,2022-10-11T06:30:00Z
7561672,11.10.2022 14:00,17.01.2023 12:00,Bangkok,department of highways,private/passenger car,cutting in closely by people/vehicles/animals,rear-end collision,2,0,1,clear,13.78375318,100.4035699,straight road,no slope,2022-10-11T07:00:00Z
7332134,11.10.2022 15:00,9.11.2022 06:37,Nakhon Sawan,department of highways,large truck with trailer,running red lights/traffic signals,collision at intersection corner,3,1,0,clear,15.86653826,100.6062618,other,other,2022-10-11T08:00:00Z
7140536,11.10.2022 15:20,20.10.2022 14:34,Surat Thani,department of highways,4-wheel pickup truck,speeding,rollover/fallen on straight road,1,0,0,clear,9.109329539,99.28973971,straight road,no slope,2022-10-11T08:20:00Z
7372553,11.10.2022 17:51,23.11.2022 14:19,Sukhothai,department of highways,motorcycle,speeding,rear-end collision,2,0,3,clear,17.01082281,99.78613614,straight road,no slope,2022-10-11T10:51:00Z
7187092,11.10.2022 18:26,27.10.2022 14:14,Sakon Nakhon,department of highways,motorcycle,speeding,rear-end collision,2,0,2,clear,17.34865424,103.7006432,straight road,no slope,2022-10-11T11:26:00Z
7356928,11.10.2022 21:20,21.11.2022 08:32,Loburi,department of highways,7-10-wheel truck,speeding,rollover/fallen on straight road,1,0,0,clear,15.10040639,101.0195044,straight road,no slope,2022-10-11T14:20:00Z
7140606,11.10.2022 21:30,20.10.2022 14:46,Kanchanaburi,department of highways,private/passenger car,speeding,rollover/fallen on straight road,1,0,1,clear,14.05063342,99.52073424,other,other,2022-10-11T14:30:00Z
7276796,11.10.2022 21:30,9.11.2022 13:50,Songkhla,department of highways,4-wheel pickup truck,debris/obstruction on the road,rear-end collision,3,0,0,clear,6.983233371,100.453687,straight road,no slope,2022-10-11T14:30:00Z
7519107,11.10.2022 21:47,29.12.2022 11:39,Nonthaburi,expressway authority of thailand,other,other,rear-end collision,2,0,2,clear,13.88721306,100.5397701,straight road,other,2022-10-11T14:47:00Z
7569689,11.10.2022 22:30,25.01.2023 15:21,Sa Kaeo,department of highways,motorcycle,speeding,rollover/fallen on straight road,1,0,1,foggy,13.77101324,102.0553574,straight road,no slope,2022-10-11T15:30:00Z
7568476,11.10.2022 23:45,24.01.2023 15:19,Nan,department of highways,4-wheel pickup truck,falling asleep,rollover/fallen on straight road,1,0,0,clear,19.04118399,100.8045199,straight road,no slope,2022-10-11T16:45:00Z
7554513,11.10.2022 23:50,9.01.2023 13:03,Yasothon,department of highways,private/passenger car,speeding,head-on collision (not overtaking),2,2,1,clear,16.19518211,104.5242879,wide curve,slope area,2022-10-11T16:50:00Z
7145490,12.10.2022 00:30,21.10.2022 08:16,Kanchanaburi,department of highways,4-wheel pickup truck,unfamiliarity with the route/unskilled driving,rollover/fallen on curved road,1,0,1,rainy,14.26545668,99.23720329,wide curve,no slope,2022-10-11T17:30:00Z
7567156,12.10.2022 00:40,23.01.2023 11:07,Phuket,department of highways,van,speeding,rollover/fallen on curved road,1,0,1,clear,7.918514629,98.28163013,wide curve,slope area,2022-10-11T17:40:00Z
7219330,12.10.2022 01:00,1.11.2022 09:37,Bangkok,expressway authority of thailand,other,other,side collision,3,0,0,clear,13.67538921,100.481204,straight road,other,2022-10-11T18:00:00Z
7125205,12.10.2022 01:05,18.10.2022 11:39,Lampang,department of highways,large truck with trailer,speeding,rollover/fallen on curved road,1,0,0,clear,18.46454084,99.80425982,sharp curve,slope area,2022-10-11T18:05:00Z
7180345,12.10.2022 01:30,26.10.2022 15:29,Chon Buri,department of highways,4-wheel pickup truck,speeding,rollover/fallen on straight road,1,0,1,clear,13.56644665,101.1311567,straight road,no slope,2022-10-11T18:30:00Z
7213163,12.10.2022 01:30,31.10.2022 11:40,Lamphun,department of highways,private/passenger car,speeding,rollover/fallen on straight road,1,0,0,clear,18.57001082,99.04403059,straight road,no slope,2022-10-11T18:30:00Z
7517209,12.10.2022 01:30,29.12.2022 09:39,Lamphun,department of highways,private/passenger car,speeding,rollover/fallen on straight road,1,0,0,clear,18.56964723,99.04427199,straight road,no slope,2022-10-11T18:30:00Z
7332160,12.10.2022 02:40,7.11.2022 11:22,Chanthaburi,department of highways,private/passenger car,falling asleep,rollover/fallen on straight road,1,0,0,clear,12.68435451,102.1975172,straight road,no slope,2022-10-11T19:40:00Z
7564429,12.10.2022 04:15,19.01.2023 14:53,Lampang,department of highways,4-wheel pickup truck,speeding,rollover/fallen on straight road,1,0,0,clear,18.23605932,99.58482345,straight road,no slope,2022-10-11T21:15:00Z
7561151,12.10.2022 04:37,17.01.2023 06:08,Bangkok,expressway authority of thailand,other,other,side collision,1,0,0,clear,13.78439177,100.5348693,straight road,other,2022-10-11T21:37:00Z
7565037,12.10.2022 06:00,20.01.2023 07:27,Pathum Thani,department of highways,private/passenger car,running red lights/traffic signals,collision with obstruction (on road surface),2,1,0,clear,14.08529866,100.618146,straight road,no slope,2022-10-11T23:00:00Z
7518597,12.10.2022 06:47,29.12.2022 11:39,Bangkok,expressway authority of thailand,4-wheel pickup truck,other,rear-end collision,2,0,2,clear,13.74138051,100.6289493,straight road,other,2022-10-11T23:47:00Z
7444959,12.10.2022 07:00,8.12.2022 15:12,Samut Sakhon,department of highways,6-wheel truck,speeding,rear-end collision,3,0,0,clear,13.53202947,100.2067816,straight road,no slope,2022-10-12T00:00:00Z
7481218,12.10.2022 07:20,23.12.2022 14:02,Phetchabun,department of highways,4-wheel pickup truck,worn-out/tire blowout,rollover/fallen on straight road,1,0,1,clear,16.70132741,101.1730555,straight road,no slope,2022-10-12T00:20:00Z
7187315,12.10.2022 08:30,27.10.2022 14:45,Ang Thong,department of highways,4-wheel pickup truck,speeding,rollover/fallen on straight road,1,0,0,clear,14.5959261,100.3437915,straight road,no slope,2022-10-12T01:30:00Z
7146970,12.10.2022 09:30,21.10.2022 13:47,Krabi,department of highways,private/passenger car,speeding,rear-end collision,2,0,0,clear,7.959601408,99.14231478,straight road,no slope,2022-10-12T02:30:00Z
7187235,12.10.2022 09:50,27.10.2022 14:36,Mukdahan,department of highways,private/passenger car,speeding,rollover/fallen on straight road,1,1,0,clear,16.44806799,104.8109329,straight road,no slope,2022-10-12T02:50:00Z
7568318,12.10.2022 10:30,24.01.2023 13:17,Mae Hong Son,department of highways,other,speeding,rollover/fallen on straight road,1,0,0,clear,19.28982843,97.95344173,straight road,no slope,2022-10-12T03:30:00Z
7414497,12.10.2022 10:55,28.11.2022 14:53,Maha Sarakham,department of highways,4-wheel pickup truck,falling asleep,rollover/fallen on straight road,1,0,1,clear,16.04581732,102.8891703,straight road,no slope,2022-10-12T03:55:00Z
7564414,12.10.2022 11:25,19.01.2023 14:45,Samut Sakhon,department of highways,private/passenger car,speeding,rear-end collision,3,0,0,clear,13.59926598,100.3668156,straight road,no slope,2022-10-12T04:25:00Z
7290882,12.10.2022 11:30,11.11.2022 10:46,Chon Buri,department of highways,4-wheel pickup truck,speeding,rollover/fallen on straight road,1,0,0,clear,13.47379082,101.0460061,straight road,no slope,2022-10-12T04:30:00Z
7459592,12.10.2022 11:40,16.12.2022 10:46,Suphan Buri,department of highways,large truck with trailer,cutting in closely by people/vehicles/animals,rollover/fallen on straight road,1,0,0,clear,14.36421865,100.1831862,straight road,no slope,2022-10-12T04:40:00Z
7097336,12.10.2022 11:46,14.10.2022 00:12,Nakhon Ratchasima,department of highways,4-wheel pickup truck,vehicle equipment failure,rollover/fallen on straight road,1,0,0,clear,14.86934135,101.8017599,straight road,no slope,2022-10-12T04:46:00Z
7187110,12.10.2022 12:20,27.10.2022 14:19,Kalasin,department of highways,4-wheel pickup truck,speeding,rollover/fallen on curved road,1,0,1,clear,16.80081021,103.8757565,sharp curve,no slope,2022-10-12T05:20:00Z
7332147,12.10.2022 13:00,4.11.2022 14:57,Satun,department of highways,motorized tricycle,speeding,rear-end collision,2,0,0,clear,6.846136305,99.74397181,straight road,no slope,2022-10-12T06:00:00Z
7099468,12.10.2022 13:05,14.10.2022 09:38,Suphan Buri,department of highways,4-wheel pickup truck,speeding,rollover/fallen on straight road,1,0,2,clear,14.50282397,100.1721194,straight road,no slope,2022-10-12T06:05:00Z
7413929,12.10.2022 13:10,28.11.2022 11:11,Phatthalung,department of highways,private/passenger car,falling asleep,rollover/fallen on straight road,1,0,1,clear,7.370976427,100.1200926,straight road,no slope,2022-10-12T06:10:00Z
7560661,12.10.2022 13:10,16.01.2023 10:56,Bangkok,expressway authority of thailand,4-wheel pickup truck,other,rear-end collision,4,0,0,clear,13.73961675,100.5507647,straight road,other,2022-10-12T06:10:00Z
7139434,12.10.2022 13:25,20.10.2022 10:45,Samut Prakan,department of highways,6-wheel truck,speeding,rear-end collision,2,0,0,clear,13.65261764,100.6892466,straight road,no slope,2022-10-12T06:25:00Z
7568418,12.10.2022 13:58,24.01.2023 14:11,Chon Buri,department of highways,private/passenger car,speeding,rear-end collision,2,0,2,clear,12.94348777,100.915035,other,other,2022-10-12T06:58:00Z
7444862,12.10.2022 14:00,8.12.2022 15:05,Samut Sakhon,department of highways,4-wheel pickup truck,speeding,rear-end collision,2,0,0,clear,13.53540387,100.2167943,straight road,no slope,2022-10-12T07:00:00Z
7094463,12.10.2022 14:47,13.10.2022 14:12,Bangkok,department of highways,private/passenger car,speeding,rear-end collision,5,0,0,clear,13.73033093,100.7236272,straight road,no slope,2022-10-12T07:47:00Z
7118823,12.10.2022 15:05,17.10.2022 13:15,Phetchaburi,department of rural roads,private/passenger car,sudden stop,other,1,0,1,clear,12.842294,99.996547,wide curve,no slope,2022-10-12T08:05:00Z
7213138,12.10.2022 16:00,31.10.2022 11:35,Phrae,department of highways,motorcycle,cutting in closely by people/vehicles/animals,rear-end collision,2,0,1,rainy,17.84563591,99.87543492,wide curve,slope area,2022-10-12T09:00:00Z
7444989,12.10.2022 16:00,8.12.2022 15:24,Samut Sakhon,department of highways,4-wheel pickup truck,speeding,rear-end collision,3,0,0,clear,13.52997455,100.2006903,straight road,no slope,2022-10-12T09:00:00Z
7372501,12.10.2022 16:30,23.11.2022 14:07,Sukhothai,department of highways,motorcycle,speeding,rear-end collision,2,0,1,clear,17.14769262,99.85191731,straight road,no slope,2022-10-12T09:30:00Z
7145449,12.10.2022 16:50,21.10.2022 08:07,Suphan Buri,department of highways,private/passenger car,cutting in closely by people/vehicles/animals,rear-end collision,2,0,1,clear,14.47473065,100.0988173,straight road,no slope,2022-10-12T09:50:00Z
7332150,12.10.2022 17:20,17.10.2022 14:14,Chanthaburi,department of highways,4-wheel pickup truck,cutting in closely by people/vehicles/animals,rear-end collision,2,1,0,clear,13.11196935,102.2223276,other,other,2022-10-12T10:20:00Z
7446349,12.10.2022 17:30,9.12.2022 09:44,Phayao,department of highways,6-wheel truck,speeding,rollover/fallen on curved road,1,0,1,clear,19.08768523,99.81019823,wide curve,slope area,2022-10-12T10:30:00Z
7093915,12.10.2022 18:00,13.10.2022 12:00,Nong Bua Lam Phu,department of rural roads,large truck with trailer,speeding,other,2,0,2,clear,17.213283,102.457075,four-way intersection,other,2022-10-12T11:00:00Z
7219768,12.10.2022 18:42,1.11.2022 10:51,Samut Prakan,expressway authority of thailand,other,other,rear-end collision,2,0,0,clear,13.623602,100.601481,straight road,other,2022-10-12T11:42:00Z
7562312,12.10.2022 18:55,18.01.2023 07:18,Nakhon Si Thammarat,department of highways,private/passenger car,speeding,rollover/fallen on straight road,1,0,1,clear,8.074733414,99.8894897,straight road,no slope,2022-10-12T11:55:00Z
7380539,12.10.2022 18:58,24.11.2022 14:53,Chon Buri,department of highways,private/passenger car,speeding,rear-end collision,2,0,0,clear,13.11800625,100.9851131,straight road,no slope,2022-10-12T11:58:00Z
7568264,12.10.2022 19:30,24.01.2023 11:35,Samut Songkhram,department of highways,4-wheel pickup truck,speeding,rollover/fallen on straight road,1,0,0,clear,13.41419273,100.026918,straight road,no slope,2022-10-12T12:30:00Z
7118114,12.10.2022 19:45,17.10.2022 10:46,Suphan Buri,department of highways,large passenger vehicle,cutting in closely by people/vehicles/animals,rear-end collision,2,1,0,clear,14.54836872,100.1336083,straight road,no slope,2022-10-12T12:45:00Z
7379072,12.10.2022 20:00,24.11.2022 12:20,Khon Kaen,department of highways,private/passenger car,speeding,rollover/fallen on curved road,1,0,0,clear,16.56800449,103.1050452,wide curve,no slope,2022-10-12T13:00:00Z
7094371,12.10.2022 20:03,13.10.2022 13:49,Bangkok,department of highways,private/passenger car,speeding,rear-end collision,3,0,0,clear,13.73091718,100.7182011,straight road,no slope,2022-10-12T13:03:00Z
7544114,12.10.2022 21:00,4.01.2023 08:59,Surin,department of highways,4-wheel pickup truck,speeding,rollover/fallen on straight road,1,0,0,clear,14.62203156,103.86971079999999,straight road,no slope,2022-10-12T14:00:00Z
7185756,12.10.2022 21:30,27.10.2022 09:39,Chiang Mai,department of highways,6-wheel truck,speeding,rollover/fallen on straight road,1,0,1,clear,19.38922538,99.14144038,straight road,no slope,2022-10-12T14:30:00Z
7094287,12.10.2022 22:00,13.10.2022 13:34,Samut Prakan,department of highways,private/passenger car,speeding,rear-end collision,6,0,2,clear,13.67236568,100.8402336,straight road,no slope,2022-10-12T15:00:00Z
7561630,12.10.2022 23:30,17.01.2023 11:33,Bangkok,department of highways,private/passenger car,cutting in closely by people/vehicles/animals,rear-end collision,2,0,2,clear,13.78605961,100.4629422,straight road,no slope,2022-10-12T16:30:00Z
7434226,12.10.2022 23:50,6.12.2022 11:06,Phatthalung,department of highways,4-wheel pickup truck,speeding,rollover/fallen on straight road,1,0,1,rainy,7.559740451,100.0477132,straight road,no slope,2022-10-12T16:50:00Z
7332164,13.10.2022 00:10,10.11.2022 20:17,Udon Thani,department of highways,motorcycle,speeding,rollover/fallen on straight road,1,0,0,clear,17.38773153,102.8260079,other,other,2022-10-12T17:10:00Z
7096336,13.10.2022 00:20,13.10.2022 21:03,Bangkok,department of highways,4-wheel pickup truck,speeding,rollover/fallen on straight road,1,0,0,clear,13.73272283,100.7887968,straight road,no slope,2022-10-12T17:20:00Z
7118350,13.10.2022 02:50,17.10.2022 11:25,Bangkok,department of highways,motorcycle,cutting in closely by people/vehicles/animals,rear-end collision,2,2,1,clear,13.78579676,100.4624632,other,other,2022-10-12T19:50:00Z
7459599,13.10.2022 04:20,16.12.2022 10:46,Suphan Buri,department of highways,private/passenger car,speeding,rollover/fallen on straight road,1,0,0,clear,14.467399,100.1311219,straight road,no slope,2022-10-12T21:20:00Z
7414671,13.10.2022 04:27,29.11.2022 09:38,Nonthaburi,department of highways,motorcycle,cutting in closely by people/vehicles/animals,rear-end collision,2,0,0,clear,13.84249949,100.4128477,straight road,no slope,2022-10-12T21:27:00Z
7219779,13.10.2022 05:30,1.11.2022 10:52,Samut Prakan,expressway authority of thailand,large truck with trailer,other,rear-end collision,2,0,2,clear,13.635238,100.543062,grade-separated intersection/ramps,other,2022-10-12T22:30:00Z
7418977,13.10.2022 06:29,30.11.2022 11:29,Tak,department of highways,4-wheel pickup truck,speeding,rollover/fallen on straight road,1,0,1,clear,16.77221136,99.18420015,straight road,no slope,2022-10-12T23:29:00Z
7194060,13.10.2022 07:00,28.10.2022 14:25,Tak,department of highways,4-wheel pickup truck,speeding,rollover/fallen on straight road,1,0,1,clear,17.27048013,99.13715421,straight road,no slope,2022-10-13T00:00:00Z
7131999,13.10.2022 07:17,19.10.2022 09:55,Tak,department of highways,motorcycle,speeding,rollover/fallen on straight road,1,0,1,clear,16.4860104,98.79278271,straight road,no slope,2022-10-13T00:17:00Z
7093918,13.10.2022 07:30,13.10.2022 12:01,Nonthaburi,department of rural roads,private/passenger car,speeding,other,2,0,2,clear,13.89647,100.449768,straight road,no slope,2022-10-13T00:30:00Z
7118194,13.10.2022 07:30,17.10.2022 11:01,Songkhla,department of highways,4-wheel pickup truck,speeding,rollover/fallen on straight road,1,0,1,rainy,7.46061878,100.4431593,wide curve,no slope,2022-10-13T00:30:00Z
7131969,13.10.2022 07:30,19.10.2022 09:51,Tak,department of highways,motorcycle,speeding,rollover/fallen on straight road,1,0,1,clear,16.58869614,98.62680493,wide curve,no slope,2022-10-13T00:30:00Z
7096333,13.10.2022 07:50,13.10.2022 21:03,Udon Thani,department of rural roads,motorcycle,speeding,other,1,1,0,clear,17.049219,103.200132,wide curve,no slope,2022-10-13T00:50:00Z
7096254,13.10.2022 08:20,13.10.2022 20:41,Suphan Buri,department of highways,motorcycle,cutting in closely by people/vehicles/animals,rear-end collision,2,0,3,clear,14.82465168,99.6941766,other,other,2022-10-13T01:20:00Z
7542504,13.10.2022 08:20,3.01.2023 13:40,Phatthalung,department of highways,private/passenger car,falling asleep,rollover/fallen on straight road,1,0,1,clear,7.371104109,100.1200229,straight road,no slope,2022-10-13T01:20:00Z
7096172,13.10.2022 08:30,13.10.2022 20:26,Ang Thong,department of highways,4-wheel pickup truck,speeding,rear-end collision,2,0,1,clear,14.67331982,100.4703542,straight road,no slope,2022-10-13T01:30:00Z