acc_code,incident_datetime,report_datetime,province_en,agency,vehicle_type,presumed_cause,accident_type,number_of_vehicles_involved,number_of_fatalities,number_of_injuries,weather_condition,latitude,longitude,road_description,slope_description,incident_time
7276886,13.10.2022 08:30,9.11.2022 14:30,Suphan Buri,department of highways,other,speeding,rollover/fallen on curved road,1,0,0,clear,14.84239954,100.1044124,wide curve,no slope,2022-10-13T01:30:00Z
7332162,13.10.2022 09:00,18.10.2022 08:58,Trat,department of highways,motorcycle,speeding,rear-end collision,2,0,2,clear,12.56007452,102.5425967,straight road,no slope,2022-10-13T02:00:00Z
7357803,13.10.2022 09:27,21.11.2022 11:03,Chachoengsao,department of highways,large truck with trailer,speeding,rollover/fallen on curved road,1,0,1,clear,13.56246908,100.9491366,other,other,2022-10-13T02:27:00Z
7100644,13.10.2022 09:30,14.10.2022 14:51,Pathum Thani,department of rural roads,4-wheel pickup truck,speeding,other,2,1,0,clear,14.19987,100.892067,straight road,no slope,2022-10-13T02:30:00Z
7096173,13.10.2022 09:50,13.10.2022 20:27,Ang Thong,department of highways,private/passenger car,cutting in closely by people/vehicles/animals,rear-end collision,3,0,0,clear,14.67505569,100.4697963,straight road,no slope,2022-10-13T02:50:00Z
7096275,13.10.2022 10:00,13.10.2022 20:46,Phra Nakhon Si Ayutthaya,department of highways,private/passenger car,speeding,rear-end collision,3,0,0,clear,14.15728632,100.5688315,other,other,2022-10-13T03:00:00Z
7459634,13.10.2022 10:15,16.12.2022 10:45,Suphan Buri,department of highways,4-wheel pickup truck,speeding,rollover/fallen on curved road,1,0,0,clear,14.40246321,100.162493,other,other,2022-10-13T03:15:00Z
7098588,13.10.2022 10:16,14.10.2022 06:09,Chon Buri,department of highways,private/passenger car,speeding,rear-end collision,4,0,0,clear,13.2677136,100.9900698,straight road,no slope,2022-10-13T03:16:00Z
7101768,13.10.2022 10:30,14.10.2022 19:08,Kanchanaburi,department of highways,motorcycle,cutting in closely by people/vehicles/animals,head-on collision (not overtaking),2,0,2,clear,14.03574451,99.80667113,other,other,2022-10-13T03:30:00Z
7372530,13.10.2022 10:30,23.11.2022 14:10,Tak,department of highways,motorcycle,cutting in closely by people/vehicles/animals,rear-end collision,2,1,0,clear,16.85953001,99.13016169,straight road,no slope,2022-10-13T03:30:00Z
7372504,13.10.2022 10:48,23.11.2022 14:09,Tak,department of highways,motorcycle,speeding,head-on collision (not overtaking),2,0,0,clear,17.20554542,98.31017016,connecting to private area,other,2022-10-13T03:48:00Z
7096192,13.10.2022 11:10,13.10.2022 20:34,Ang Thong,department of highways,4-wheel pickup truck,speeding,rear-end collision,4,0,0,clear,14.71186115,100.4556343,straight road,no slope,2022-10-13T04:10:00Z
7107932,13.10.2022 12:59,15.10.2022 19:01,Uthai Thani,department of rural roads,motorcycle,speeding,other,2,0,2,clear,15.438179,99.754208,straight road,no slope,2022-10-13T05:59:00Z
7094745,13.10.2022 13:00,13.10.2022 15:06,Samut Prakan,department of highways,passenger pickup truck,cutting in closely by people/vehicles/animals,rear-end collision,3,0,1,clear,13.52506407,100.6404653,straight road,no slope,2022-10-13T06:00:00Z
7096334,13.10.2022 13:00,13.10.2022 21:04,Chachoengsao,department of highways,private/passenger car,speeding,rear-end collision,2,0,0,clear,13.57652132,100.9776002,straight road,no slope,2022-10-13T06:00:00Z
7142236,13.10.2022 14:13,20.10.2022 20:31,Ranong,department of highways,4-wheel pickup truck,speeding,rollover/fallen on curved road,1,0,1,rainy,10.1929857,98.72438102,wide curve,no slope,2022-10-13T07:13:00Z
7096148,13.10.2022 14:30,13.10.2022 20:23,Saraburi,department of highways,large truck with trailer,speeding,rollover/fallen on straight road,1,0,0,clear,14.60704816,101.0647774,other,other,2022-10-13T07:30:00Z
7096368,13.10.2022 14:40,13.10.2022 21:08,Bangkok,department of highways,large truck with trailer,speeding,rear-end collision,2,0,3,clear,13.88607853,100.6871652,other,other,2022-10-13T07:40:00Z
7096335,13.10.2022 15:00,13.10.2022 21:00,Prachuap Khiri Khan,department of highways,4-wheel pickup truck,speeding,rollover/fallen on curved road,1,0,1,clear,11.43193125,99.55880551,wide curve,no slope,2022-10-13T08:00:00Z
7446673,13.10.2022 15:30,9.12.2022 09:35,Mae Hong Son,department of highways,private/passenger car,speeding,head-on collision (not overtaking),2,0,1,clear,18.206954,97.93750136,straight road,no slope,2022-10-13T08:30:00Z
7096310,13.10.2022 15:40,13.10.2022 20:58,Bangkok,department of highways,private/passenger car,speeding,rear-end collision,2,0,2,clear,13.63522174,100.368095,straight road,no slope,2022-10-13T08:40:00Z
7097022,13.10.2022 15:42,13.10.2022 23:11,Chachoengsao,department of highways,6-wheel truck,speeding,rear-end collision,2,0,1,clear,13.56955723,100.9834528,straight road,no slope,2022-10-13T08:42:00Z
7521598,13.10.2022 16:00,30.12.2022 10:50,Chiang Mai,department of highways,motorcycle,speeding,rear-end collision,3,0,0,clear,18.81661505,99.02957082,straight road,no slope,2022-10-13T09:00:00Z
7564516,13.10.2022 16:15,19.01.2023 20:47,Krabi,department of highways,large truck with trailer,worn-out/tire blowout,collision with obstruction (on road surface),2,0,0,clear,8.153886912,98.85362326,straight road,no slope,2022-10-13T09:15:00Z
7096363,13.10.2022 16:22,13.10.2022 21:09,Pathum Thani,department of highways,4-wheel pickup truck,speeding,rear-end collision,2,0,0,clear,14.0819797,100.6952306,straight road,no slope,2022-10-13T09:22:00Z
7098808,13.10.2022 16:23,14.10.2022 06:51,Bangkok,department of highways,private/passenger car,speeding,rear-end collision,2,0,2,clear,13.62007683,100.4917797,straight road,no slope,2022-10-13T09:23:00Z
7515273,13.10.2022 16:30,28.12.2022 16:19,Chiang Mai,department of highways,motorcycle,speeding,rear-end collision,2,0,1,clear,18.92012042,98.9953586,straight road,no slope,2022-10-13T09:30:00Z
7142239,13.10.2022 16:44,20.10.2022 20:30,Ranong,department of highways,large truck with trailer,cutting in closely by people/vehicles/animals,other,2,0,1,rainy,10.21719245,98.72594743,connecting to private area,other,2022-10-13T09:44:00Z
7126272,13.10.2022 16:53,18.10.2022 15:03,Sukhothai,department of highways,private/passenger car,cutting in closely by people/vehicles/animals,head-on collision (not overtaking),2,0,1,clear,17.30882104,99.81569944,other,other,2022-10-13T09:53:00Z
7096751,13.10.2022 17:10,13.10.2022 22:20,Samut Prakan,department of highways,private/passenger car,speeding,rear-end collision,4,0,2,clear,13.65272451,100.6892761,straight road,no slope,2022-10-13T10:10:00Z
7178259,13.10.2022 17:45,26.10.2022 08:07,Phatthalung,department of highways,private/passenger car,speeding,rear-end collision,2,0,0,clear,7.77871623,99.96575831,other,other,2022-10-13T10:45:00Z
7117568,13.10.2022 18:28,17.10.2022 08:51,Uthai Thani,department of rural roads,motorcycle,speeding,other,2,1,2,clear,15.568569,99.69136,wide curve,no slope,2022-10-13T11:28:00Z
7098666,13.10.2022 18:59,14.10.2022 06:25,Nakhon Ratchasima,department of highways,4-wheel pickup truck,speeding,head-on collision (not overtaking),2,0,3,clear,15.13952896,101.6356507,straight road,no slope,2022-10-13T11:59:00Z
7098589,13.10.2022 19:00,14.10.2022 06:05,Kanchanaburi,department of highways,motorcycle,speeding,head-on collision (not overtaking),2,0,2,clear,14.50740977,98.83256255,straight road,no slope,2022-10-13T12:00:00Z
7379352,13.10.2022 19:30,24.11.2022 13:29,Trat,department of highways,4-wheel pickup truck,speeding,rear-end collision,2,0,1,clear,12.2510689,102.5887951,straight road,no slope,2022-10-13T12:30:00Z
7104547,13.10.2022 19:40,15.10.2022 05:21,Songkhla,department of highways,large truck with trailer,speeding,rear-end collision,3,0,13,clear,7.585084302,100.4059303,straight road,no slope,2022-10-13T12:40:00Z
7096863,13.10.2022 19:50,13.10.2022 22:40,Samut Prakan,department of highways,6-wheel truck,speeding,rear-end collision,3,0,1,clear,13.65216152,100.6888363,straight road,no slope,2022-10-13T12:50:00Z
7098847,13.10.2022 19:50,14.10.2022 07:04,Chon Buri,department of highways,4-wheel pickup truck,speeding,rear-end collision,2,0,0,clear,13.13808292,100.9854269,straight road,no slope,2022-10-13T12:50:00Z
7098620,13.10.2022 20:35,14.10.2022 06:16,Pathum Thani,department of highways,7-10-wheel truck,speeding,rear-end collision,2,0,0,clear,13.98162943,100.7133865,straight road,no slope,2022-10-13T13:35:00Z
7118383,13.10.2022 21:20,17.10.2022 11:34,Sing Buri,department of highways,other,speeding,pedestrian collision,1,1,0,clear,14.84899531,100.4449779,other,other,2022-10-13T14:20:00Z
7147707,13.10.2022 23:20,21.10.2022 16:02,Tak,department of highways,motorcycle,speeding,rollover/fallen on straight road,1,0,1,clear,17.01885579,98.54560374,straight road,no slope,2022-10-13T16:20:00Z
7568464,13.10.2022 23:58,24.01.2023 15:00,Chon Buri,department of highways,private/passenger car,speeding,rollover/fallen on straight road,1,0,1,clear,13.06735017,100.9955549,straight road,no slope,2022-10-13T16:58:00Z
7219336,14.10.2022 00:10,1.11.2022 09:39,Bangkok,expressway authority of thailand,other,other,collision with obstruction (on road surface),1,0,1,clear,13.71772765,100.554526,y-intersection,other,2022-10-13T17:10:00Z
7187113,14.10.2022 00:22,27.10.2022 14:16,Sakon Nakhon,department of highways,private/passenger car,speeding,rollover/fallen on straight road,1,0,1,clear,17.17318739,104.1334927,straight road,no slope,2022-10-13T17:22:00Z
7414603,14.10.2022 00:30,29.11.2022 08:50,Chumphon,department of highways,4-wheel pickup truck,speeding,rollover/fallen on curved road,1,0,1,rainy,10.65976124,99.21850143,wide curve,no slope,2022-10-13T17:30:00Z
7332174,14.10.2022 01:15,26.10.2022 15:31,Chon Buri,department of highways,4-wheel pickup truck,speeding,collision at intersection corner,2,0,2,clear,13.42456081,101.110053,other,other,2022-10-13T18:15:00Z
7101829,14.10.2022 01:50,14.10.2022 19:21,Prachuap Khiri Khan,department of highways,6-wheel truck,speeding,rollover/fallen on straight road,1,0,2,clear,11.70591521,99.71312372,straight road,no slope,2022-10-13T18:50:00Z
7557551,14.10.2022 02:00,12.01.2023 09:57,Chiang Mai,department of highways,private/passenger car,speeding,rollover/fallen on straight road,1,0,0,clear,18.61565207,98.86168865,straight road,no slope,2022-10-13T19:00:00Z
7567327,14.10.2022 02:10,23.01.2023 14:06,Phangnga,department of highways,4-wheel pickup truck,speeding,rollover/fallen on curved road,1,0,2,clear,8.230370831,98.29852288,wide curve,no slope,2022-10-13T19:10:00Z
7562522,14.10.2022 03:00,18.01.2023 09:22,Phatthalung,department of highways,4-wheel pickup truck,falling asleep,rollover/fallen on straight road,1,0,1,clear,7.831180514,99.94126707,straight road,no slope,2022-10-13T20:00:00Z
7100307,14.10.2022 03:10,14.10.2022 13:29,Samut Prakan,department of highways,6-wheel truck,speeding,rear-end collision,2,0,1,clear,13.64511624,100.5834254,straight road,no slope,2022-10-13T20:10:00Z
7101790,14.10.2022 03:25,14.10.2022 19:11,Suphan Buri,department of highways,4-wheel pickup truck,speeding,other,1,0,0,clear,14.55477347,100.1454449,other,other,2022-10-13T20:25:00Z
7341087,14.10.2022 05:10,18.11.2022 20:13,Khon Kaen,department of highways,6-wheel truck,falling asleep,rollover/fallen on straight road,1,0,1,clear,16.3661441,102.8065207,straight road,no slope,2022-10-13T22:10:00Z
7132963,14.10.2022 05:30,19.10.2022 13:45,Nakhon Ratchasima,department of highways,4-wheel pickup truck,speeding,rollover/fallen on curved road,1,0,1,clear,15.01305439,102.3186672,wide curve,no slope,2022-10-13T22:30:00Z
7104593,14.10.2022 07:00,15.10.2022 05:39,Nakhon Ratchasima,department of highways,van,falling asleep,rollover/fallen on straight road,1,0,2,clear,14.5809565,101.9907752,straight road,no slope,2022-10-14T00:00:00Z
7117830,14.10.2022 07:00,17.10.2022 09:56,Trat,department of highways,bicycle,other,rollover/fallen on straight road,1,1,0,clear,11.74022205,102.9017606,straight road,no slope,2022-10-14T00:00:00Z
7101828,14.10.2022 07:50,14.10.2022 19:20,Nonthaburi,department of highways,4-wheel pickup truck,speeding,rear-end collision,2,1,0,clear,13.96871945,100.3970146,straight road,no slope,2022-10-14T00:50:00Z
7104699,14.10.2022 08:09,15.10.2022 06:17,Chiang Rai,department of highways,large truck with trailer,speeding,rear-end collision,2,1,1,clear,20.15240304,99.85837875,straight road,no slope,2022-10-14T01:09:00Z
7212766,14.10.2022 08:30,31.10.2022 10:26,Phrae,department of highways,4-wheel pickup truck,speeding,rollover/fallen on curved road,1,0,1,rainy,18.03748601,99.6998146,wide curve,slope area,2022-10-14T01:30:00Z
7107941,14.10.2022 08:40,15.10.2022 19:01,Uthai Thani,department of rural roads,motorcycle,cutting in closely by people/vehicles/animals,other,1,0,1,clear,15.016351,99.54756,straight road,no slope,2022-10-14T01:40:00Z
7212844,14.10.2022 08:45,31.10.2022 10:44,Phrae,department of highways,4-wheel pickup truck,speeding,rollover/fallen on curved road,1,0,0,rainy,18.04254081,99.70115839,wide curve,slope area,2022-10-14T01:45:00Z
7212872,14.10.2022 09:00,31.10.2022 10:45,Phrae,department of highways,4-wheel pickup truck,speeding,rollover/fallen on curved road,1,0,0,rainy,18.04586894,99.70035373,wide curve,slope area,2022-10-14T02:00:00Z
7510136,14.10.2022 09:00,27.12.2022 08:59,Phetchabun,department of highways,4-wheel pickup truck,speeding,rollover/fallen on straight road,1,0,1,clear,16.71355704,101.1429342,wide curve,no slope,2022-10-14T02:00:00Z
7213052,14.10.2022 09:30,31.10.2022 11:22,Phrae,department of highways,4-wheel pickup truck,speeding,rollover/fallen on curved road,1,0,0,rainy,18.05604677,99.69938813,wide curve,slope area,2022-10-14T02:30:00Z
7219792,14.10.2022 09:55,1.11.2022 10:54,Samut Prakan,expressway authority of thailand,large truck with trailer,other,rear-end collision,6,0,1,clear,13.629335,100.590972,straight road,other,2022-10-14T02:55:00Z
7564397,14.10.2022 10:00,19.01.2023 14:34,Samut Sakhon,department of highways,4-wheel pickup truck,speeding,rear-end collision,2,0,0,clear,13.53291349,100.2093941,straight road,no slope,2022-10-14T03:00:00Z
7111531,14.10.2022 10:05,16.10.2022 09:40,Chachoengsao,department of rural roads,motorcycle,speeding,other,1,0,1,clear,13.889398,101.044237,straight road,no slope,2022-10-14T03:05:00Z
7564420,14.10.2022 10:25,19.01.2023 14:46,Samut Sakhon,department of highways,4-wheel pickup truck,speeding,rear-end collision,2,0,0,clear,13.60444605,100.3719762,straight road,no slope,2022-10-14T03:25:00Z
7213010,14.10.2022 10:30,31.10.2022 11:14,Phrae,department of highways,4-wheel pickup truck,speeding,rollover/fallen on curved road,1,0,0,rainy,18.04739145,99.69946592,wide curve,slope area,2022-10-14T03:30:00Z
7444851,14.10.2022 11:00,8.12.2022 15:04,Samut Sakhon,department of highways,private/passenger car,speeding,rear-end collision,2,0,0,clear,13.53832449,100.2255034,straight road,no slope,2022-10-14T04:00:00Z
7569490,14.10.2022 11:05,25.01.2023 13:41,Chiang Rai,department of highways,large truck with trailer,speeding,rollover/fallen on straight road,1,0,0,clear,19.90286189,100.0808519,straight road,no slope,2022-10-14T04:05:00Z
7101253,14.10.2022 11:40,14.10.2022 17:09,Bangkok,department of highways,4-wheel pickup truck,speeding,rollover/fallen on straight road,1,0,0,clear,13.71859259,100.7000586,straight road,no slope,2022-10-14T04:40:00Z
7107935,14.10.2022 11:47,15.10.2022 19:03,Udon Thani,department of rural roads,motorcycle,speeding,other,1,0,1,clear,17.198157,103.48706,straight road,no slope,2022-10-14T04:47:00Z
7446839,14.10.2022 12:30,9.12.2022 10:58,Nakhon Ratchasima,department of highways,private/passenger car,speeding,rollover/fallen on straight road,1,0,0,clear,14.62645916,102.0076007,straight road,no slope,2022-10-14T05:30:00Z
7564399,14.10.2022 12:30,19.01.2023 14:37,Samut Sakhon,department of highways,private/passenger car,worn-out/tire blowout,rollover/fallen on straight road,1,0,0,clear,13.54526342,100.2572018,straight road,no slope,2022-10-14T05:30:00Z
7101415,14.10.2022 12:39,14.10.2022 17:47,Samut Prakan,department of highways,private/passenger car,speeding,rear-end collision,4,0,1,clear,13.66841985,100.8463517,straight road,no slope,2022-10-14T05:39:00Z
7101390,14.10.2022 12:52,14.10.2022 17:42,Bangkok,department of highways,private/passenger car,speeding,rear-end collision,2,0,0,clear,13.73192293,100.710369,straight road,no slope,2022-10-14T05:52:00Z
7147073,14.10.2022 13:10,21.10.2022 14:03,Nakhon Si Thammarat,department of highways,6-wheel truck,speeding,rollover/fallen on straight road,1,1,0,clear,8.066607145,99.41119282,straight road,no slope,2022-10-14T06:10:00Z
7101791,14.10.2022 13:50,14.10.2022 19:14,Suphan Buri,department of highways,motorcycle,cutting in closely by people/vehicles/animals,rear-end collision,2,0,2,clear,14.78671124,100.0889602,other,other,2022-10-14T06:50:00Z
7101454,14.10.2022 14:25,14.10.2022 17:56,Suphan Buri,department of highways,4-wheel pickup truck,speeding,rear-end collision,3,0,0,clear,14.6438391,100.1475182,straight road,no slope,2022-10-14T07:25:00Z
7276967,14.10.2022 14:30,9.11.2022 14:40,Udon Thani,department of highways,4-wheel pickup truck,speeding,rollover/fallen on straight road,1,0,1,clear,17.52721414,102.7995399,straight road,no slope,2022-10-14T07:30:00Z
7459585,14.10.2022 14:30,16.12.2022 10:45,Suphan Buri,department of highways,4-wheel pickup truck,speeding,rear-end collision,2,0,0,clear,14.78596175,100.0883353,wide curve,no slope,2022-10-14T07:30:00Z
7147571,14.10.2022 14:40,21.10.2022 15:38,Tak,department of highways,private/passenger car,speeding,rollover/fallen on curved road,1,0,3,rainy,16.77305884,98.65733652,wide curve,slope area,2022-10-14T07:40:00Z
7104700,14.10.2022 15:00,15.10.2022 06:18,Uttaradit,department of highways,4-wheel pickup truck,speeding,rear-end collision,2,0,1,clear,17.37484055,100.22919949999999,straight road,no slope,2022-10-14T08:00:00Z
7107936,14.10.2022 15:00,15.10.2022 19:02,Ang Thong,department of rural roads,private/passenger car,straddling lanes,other,4,1,3,clear,14.605728,100.432858,t-intersection,other,2022-10-14T08:00:00Z
7101218,14.10.2022 15:30,14.10.2022 16:58,Pathum Thani,department of highways,large truck with trailer,speeding,rollover/fallen on straight road,1,0,1,clear,14.04354296,100.6984788,straight road,no slope,2022-10-14T08:30:00Z
7332170,14.10.2022 17:00,15.10.2022 06:59,Maha Sarakham,department of highways,4-wheel pickup truck,speeding,rollover/fallen on straight road,1,0,4,clear,16.04456068,102.8652879,straight road,no slope,2022-10-14T10:00:00Z
7476693,14.10.2022 17:00,21.12.2022 09:54,Trat,department of highways,4-wheel pickup truck,speeding,rollover/fallen on straight road,1,0,0,clear,12.15661282,102.6812348,straight road,no slope,2022-10-14T10:00:00Z
7544112,14.10.2022 17:20,4.01.2023 08:54,Si Sa Ket,department of highways,4-wheel pickup truck,speeding,rollover/fallen on straight road,1,1,0,clear,14.60989802,104.6450999,straight road,no slope,2022-10-14T10:20:00Z
7104693,14.10.2022 17:45,15.10.2022 06:10,Bangkok,department of highways,private/passenger car,speeding,rear-end collision,2,0,2,clear,13.80871393,100.6784373,straight road,no slope,2022-10-14T10:45:00Z
7414829,14.10.2022 17:50,28.11.2022 10:56,Nakhon Ratchasima,department of highways,private/passenger car,speeding,rear-end collision,2,1,1,clear,15.00828648,102.1371838,straight road,no slope,2022-10-14T10:50:00Z
7103182,14.10.2022 17:56,14.10.2022 23:55,Bangkok,expressway authority of thailand,other,other,rear-end collision,5,0,0,clear,13.75428234,100.5848092,wide curve,other,2022-10-14T10:56:00Z
7104524,14.10.2022 18:00,15.10.2022 05:18,Satun,department of highways,motorcycle,running red lights/traffic signals,collision with obstruction (on road surface),3,0,1,clear,6.834269453,99.92896108,straight road,no slope,2022-10-14T11:00:00Z
7173868,14.10.2022 18:10,25.10.2022 16:22,Chachoengsao,department of highways,4-wheel pickup truck,speeding,rollover/fallen on straight road,1,0,1,clear,13.58808424,100.9678879,straight road,no slope,2022-10-14T11:10:00Z
7481349,14.10.2022 19:00,23.12.2022 13:44,Phetchabun,department of highways,motorcycle,cutting in closely by people/vehicles/animals,rear-end collision,2,0,1,clear,16.64077411,101.1633998,straight road,no slope,2022-10-14T12:00:00Z
7515311,14.10.2022 19:00,28.12.2022 16:39,Chiang Mai,department of highways,motorcycle,speeding,rear-end collision,2,0,1,clear,18.8754936,99.01547849,straight road,no slope,2022-10-14T12:00:00Z
7563999,14.10.2022 19:00,19.01.2023 09:34,Samut Sakhon,department of highways,private/passenger car,cutting in closely by people/vehicles/animals,rear-end collision,2,0,1,clear,13.63938268,100.2981853,straight road,no slope,2022-10-14T12:00:00Z
7226272,14.10.2022 19:44,2.11.2022 09:19,Nonthaburi,department of rural roads,motorcycle,speeding,other,2,0,1,clear,13.92553,100.430198,straight road,no slope,2022-10-14T12:44:00Z
7220517,14.10.2022 20:00,1.11.2022 13:06,Nonthaburi,department of rural roads,motorcycle,speeding,other,2,1,1,clear,14.058673,100.287876,straight road,no slope,2022-10-14T13:00:00Z
7446693,14.10.2022 20:00,9.12.2022 09:57,Nakhon Ratchasima,department of highways,private/passenger car,speeding,rollover/fallen on straight road,1,0,0,clear,14.94436894,101.680461,straight road,no slope,2022-10-14T13:00:00Z
7421438,14.10.2022 20:05,1.12.2022 14:51,Saraburi,department of rural roads,motorcycle,speeding,other,1,1,0,clear,14.836173,101.092238,straight road,no slope,2022-10-14T13:05:00Z
7226269,14.10.2022 20:10,2.11.2022 09:18,Nonthaburi,department of rural roads,motorcycle,speeding,other,2,0,1,clear,14.064066,100.289345,straight road,no slope,2022-10-14T13:10:00Z
7171432,14.10.2022 20:50,25.10.2022 09:34,Suphan Buri,department of highways,private/passenger car,cutting in closely by people/vehicles/animals,rear-end collision,2,1,2,clear,14.43020201,100.1438194,straight road,no slope,2022-10-14T13:50:00Z
7458788,14.10.2022 21:00,15.12.2022 14:00,Maha Sarakham,department of highways,4-wheel pickup truck,speeding,rollover/fallen on straight road,1,0,2,clear,15.51008629,103.20917,straight road,no slope,2022-10-14T14:00:00Z
7557455,14.10.2022 21:30,12.01.2023 09:27,Chiang Mai,department of highways,motorcycle,speeding,rear-end collision,2,0,0,clear,18.87643036,99.01529391,straight road,no slope,2022-10-14T14:30:00Z
7283609,14.10.2022 21:45,10.11.2022 11:46,buogkan,department of rural roads,motorcycle,no traffic light system,other,2,1,1,dark,18.252217,103.576256,four-way intersection,other,2022-10-14T14:45:00Z
7103363,14.10.2022 21:50,15.10.2022 00:46,Chanthaburi,department of highways,motorcycle,cutting in closely by people/vehicles/animals,rear-end collision,2,1,0,clear,13.23077057,102.2409314,straight road,no slope,2022-10-14T14:50:00Z
7105010,14.10.2022 22:00,15.10.2022 07:33,Suphan Buri,department of highways,private/passenger car,speeding,rollover/fallen on straight road,1,0,1,clear,14.46677048,100.1070678,straight road,no slope,2022-10-14T15:00:00Z
7568326,14.10.2022 22:00,24.01.2023 13:24,Chiang Rai,department of highways,large truck with trailer,falling asleep,rollover/fallen on straight road,1,0,1,clear,19.46784966,99.75450328,straight road,no slope,2022-10-14T15:00:00Z
7226275,14.10.2022 23:15,2.11.2022 09:19,Nonthaburi,department of rural roads,motorcycle,speeding,other,1,0,1,clear,13.909945,100.363171,straight road,no slope,2022-10-14T16:15:00Z
7434248,15.10.2022 00:20,6.12.2022 11:05,Phatthalung,department of highways,private/passenger car,speeding,head-on collision (not overtaking),2,0,1,clear,7.576052469,99.9468836,other,other,2022-10-14T17:20:00Z
7173865,15.10.2022 01:00,25.10.2022 16:23,Chiang Mai,department of highways,private/passenger car,speeding,collision with obstruction (on road surface),1,0,0,clear,18.82538404,99.04805122,straight road,no slope,2022-10-14T18:00:00Z
7105309,15.10.2022 01:01,15.10.2022 08:55,Bangkok,department of highways,private/passenger car,speeding,rollover/fallen on straight road,1,0,1,clear,13.68914382,100.69938,straight road,no slope,2022-10-14T18:01:00Z
7448048,15.10.2022 01:05,9.12.2022 15:27,Yasothon,department of highways,4-wheel pickup truck,speeding,rollover/fallen on straight road,1,0,0,clear,15.81190927,104.1326102,straight road,no slope,2022-10-14T18:05:00Z
7455773,15.10.2022 01:30,13.12.2022 12:48,Ubon Ratchathani,department of highways,private/passenger car,speeding,rollover/fallen on straight road,1,0,0,clear,15.11851983,104.8994002,straight road,no slope,2022-10-14T18:30:00Z
7106240,15.10.2022 02:00,15.10.2022 12:32,Bangkok,department of highways,large truck with trailer,speeding,rear-end collision,2,0,0,clear,13.78882369,100.6839359,straight road,no slope,2022-10-14T19:00:00Z
7515084,15.10.2022 02:00,28.12.2022 13:48,Loei,department of highways,private/passenger car,speeding,rollover/fallen on straight road,1,0,1,clear,17.59227539,101.7216503,straight road,no slope,2022-10-14T19:00:00Z
7290388,15.10.2022 02:30,11.11.2022 09:46,Khon Kaen,department of highways,4-wheel pickup truck,vehicle equipment failure,rollover/fallen on straight road,1,0,0,clear,16.85576429,102.8370523,straight road,no slope,2022-10-14T19:30:00Z
7512119,15.10.2022 02:35,27.12.2022 11:09,Kalasin,department of highways,4-wheel pickup truck,speeding,rollover/fallen on curved road,1,0,0,clear,16.57182473,103.5072894,wide curve,no slope,2022-10-14T19:35:00Z
7372591,15.10.2022 02:50,23.11.2022 14:21,Yasothon,department of highways,other,speeding,rollover/fallen on straight road,1,0,0,clear,16.05157713,104.3492818,other,other,2022-10-14T19:50:00Z
7562727,15.10.2022 02:50,18.01.2023 10:48,Surat Thani,department of highways,private/passenger car,speeding,rollover/fallen on straight road,1,0,0,clear,9.105094753,99.30344312,other,other,2022-10-14T19:50:00Z
7131758,15.10.2022 03:00,19.10.2022 09:29,Nakhon Si Thammarat,department of highways,4-wheel pickup truck,speeding,rollover/fallen on straight road,1,0,2,clear,8.35286282,99.93260084,straight road,no slope,2022-10-14T20:00:00Z
7564389,15.10.2022 03:15,19.01.2023 14:27,Samut Sakhon,department of highways,large truck with trailer,vehicle equipment failure,rollover/fallen on curved road,1,0,0,clear,13.59264668,100.3583211,other,other,2022-10-14T20:15:00Z
7107261,15.10.2022 03:34,15.10.2022 16:26,Chon Buri,department of highways,4-wheel pickup truck,falling asleep,rollover/fallen on straight road,1,0,0,clear,13.14535202,100.985907,straight road,no slope,2022-10-14T20:34:00Z
7446480,15.10.2022 04:00,9.12.2022 09:15,Chumphon,department of highways,6-wheel truck,falling asleep,rollover/fallen on straight road,1,0,0,clear,10.24257719,99.09229694,other,other,2022-10-14T21:00:00Z
7564403,15.10.2022 04:00,19.01.2023 14:36,Samut Sakhon,department of highways,4-wheel pickup truck,speeding,rollover/fallen on straight road,1,0,0,clear,13.54546421,100.2576122,straight road,no slope,2022-10-14T21:00:00Z
7110965,15.10.2022 04:30,16.10.2022 07:05,Bangkok,department of highways,private/passenger car,speeding,rear-end collision,2,0,2,clear,13.78816204,100.3576827,straight road,no slope,2022-10-14T21:30:00Z
7140537,15.10.2022 04:30,20.10.2022 14:34,Surat Thani,department of highways,4-wheel pickup truck,speeding,rollover/fallen on curved road,1,0,1,rainy,9.589044545,99.03375773,wide curve,no slope,2022-10-14T21:30:00Z
7511331,15.10.2022 05:05,27.12.2022 11:10,Kalasin,department of highways,4-wheel pickup truck,falling asleep,rollover/fallen on straight road,1,0,0,clear,16.39355153,103.2960105,straight road,no slope,2022-10-14T22:05:00Z
7105177,15.10.2022 05:40,15.10.2022 08:18,Suphan Buri,department of highways,4-wheel pickup truck,running red lights/traffic signals,collision at intersection corner,2,0,0,clear,14.8686077,100.0222885,other,other,2022-10-14T22:40:00Z
7380548,15.10.2022 06:00,24.11.2022 14:57,Pattani,department of highways,4-wheel pickup truck,speeding,rollover/fallen on straight road,1,0,1,clear,6.671594073,101.3038856,straight road,no slope,2022-10-14T23:00:00Z
7276747,15.10.2022 06:30,9.11.2022 12:38,Suphan Buri,department of highways,large truck with trailer,speeding,rear-end collision,3,1,2,clear,14.30079154,99.88907395,straight road,no slope,2022-10-14T23:30:00Z