acc_code,incident_datetime,report_datetime,province_en,agency,vehicle_type,presumed_cause,accident_type,number_of_vehicles_involved,number_of_fatalities,number_of_injuries,weather_condition,latitude,longitude,road_description,slope_description,incident_time
7512782,15.10.2022 07:00,27.12.2022 14:45,Trang,department of highways,large truck with trailer,falling asleep,rollover/fallen on curved road,1,0,0,rainy,7.734564401,99.32484715,other,other,2022-10-15T00:00:00Z
7147616,15.10.2022 08:00,21.10.2022 15:47,Tak,department of highways,4-wheel pickup truck,speeding,rollover/fallen on straight road,1,0,0,rainy,16.72439748,98.59105109,straight road,no slope,2022-10-15T01:00:00Z
7544459,15.10.2022 08:00,4.01.2023 14:28,Trang,department of highways,4-wheel pickup truck,speeding,rollover/fallen on straight road,1,0,0,rainy,7.55495973,99.57555859,straight road,no slope,2022-10-15T01:00:00Z
7435091,15.10.2022 08:15,6.12.2022 14:54,Krabi,department of highways,4-wheel pickup truck,speeding,rollover/fallen on curved road,1,0,0,rainy,8.177338667,98.84189932,wide curve,no slope,2022-10-15T01:15:00Z
7544454,15.10.2022 09:00,4.01.2023 14:27,Trang,department of highways,4-wheel pickup truck,speeding,rollover/fallen on straight road,1,0,0,rainy,7.555100653,99.57598774,straight road,no slope,2022-10-15T02:00:00Z
7107938,15.10.2022 09:55,15.10.2022 19:03,Ang Thong,department of rural roads,4-wheel pickup truck,straddling lanes,other,2,0,1,clear,14.69217,100.418667,wide curve,no slope,2022-10-15T02:55:00Z
7111017,15.10.2022 10:35,16.10.2022 07:17,Bangkok,department of highways,private/passenger car,speeding,rear-end collision,2,0,0,clear,13.72924962,100.7335701,straight road,no slope,2022-10-15T03:35:00Z
7515129,15.10.2022 11:10,28.12.2022 13:49,Phetchabun,department of highways,4-wheel pickup truck,speeding,rollover/fallen on curved road,1,0,0,rainy,16.7637544,101.1409709,sharp curve,slope area,2022-10-15T04:10:00Z
7110905,15.10.2022 11:50,16.10.2022 06:58,Kanchanaburi,department of highways,motorized tricycle,cutting in closely by people/vehicles/animals,collision at intersection corner,2,0,2,clear,14.54374743,98.79097222,other,other,2022-10-15T04:50:00Z
7110942,15.10.2022 12:00,16.10.2022 07:01,Kanchanaburi,department of highways,4-wheel pickup truck,cutting in closely by people/vehicles/animals,head-on collision (not overtaking),2,0,1,clear,14.13544942,99.70410077,straight road,no slope,2022-10-15T05:00:00Z
7569487,15.10.2022 12:30,25.01.2023 13:45,Phrae,department of highways,private/passenger car,speeding,rollover/fallen on straight road,1,0,4,clear,17.78206886,99.68491761,straight road,no slope,2022-10-15T05:30:00Z
7277259,15.10.2022 12:50,9.11.2022 15:19,Yala,department of highways,4-wheel pickup truck,speeding,rollover/fallen on curved road,1,0,1,rainy,6.043463072,101.1984774,wide curve,slope area,2022-10-15T05:50:00Z
7106664,15.10.2022 13:05,15.10.2022 14:24,Suphan Buri,department of highways,private/passenger car,speeding,rear-end collision,3,0,2,clear,14.64297494,100.1480493,straight road,no slope,2022-10-15T06:05:00Z
7111030,15.10.2022 13:05,16.10.2022 07:21,Bangkok,department of highways,private/passenger car,speeding,rear-end collision,5,0,1,clear,13.85500505,100.6745964,straight road,no slope,2022-10-15T06:05:00Z
7112251,15.10.2022 13:15,16.10.2022 12:31,Samut Prakan,department of rural roads,motorcycle,running red lights/traffic signals,other,1,0,1,clear,13.648978,100.541421,grade-separated intersection/ramps,other,2022-10-15T06:15:00Z
7125206,15.10.2022 13:50,18.10.2022 11:38,Chumphon,department of highways,4-wheel pickup truck,speeding,rear-end collision,2,0,0,clear,10.64918368,99.18555467,wide curve,no slope,2022-10-15T06:50:00Z
7111016,15.10.2022 13:57,16.10.2022 07:19,Bangkok,department of highways,private/passenger car,speeding,rear-end collision,2,0,0,clear,13.71968437,100.8153775,straight road,no slope,2022-10-15T06:57:00Z
7110969,15.10.2022 14:00,16.10.2022 07:06,Nakhon Si Thammarat,department of highways,4-wheel pickup truck,cutting in closely by people/vehicles/animals,head-on collision (not overtaking),2,0,2,clear,8.024608199,99.89732979,straight road,no slope,2022-10-15T07:00:00Z
7414069,15.10.2022 14:00,28.11.2022 09:54,Nan,department of highways,other,speeding,rollover/fallen on straight road,1,0,0,clear,18.57206774,100.7425395,straight road,no slope,2022-10-15T07:00:00Z
7563127,15.10.2022 14:00,18.01.2023 14:27,Chumphon,department of highways,4-wheel pickup truck,speeding,rear-end collision,2,0,1,rainy,10.4916862,99.12198632,straight road,no slope,2022-10-15T07:00:00Z
7173093,15.10.2022 14:15,25.10.2022 14:18,Yala,department of highways,private/passenger car,unfamiliarity with the route/unskilled driving,rollover/fallen on straight road,1,0,1,rainy,6.365412968,101.2991166,wide curve,slope area,2022-10-15T07:15:00Z
7133180,15.10.2022 14:35,19.10.2022 14:31,Sa Kaeo,department of highways,motorcycle,cutting in closely by people/vehicles/animals,rear-end collision,2,0,1,clear,13.66365558,102.0795777,straight road,no slope,2022-10-15T07:35:00Z
7117179,15.10.2022 16:00,17.10.2022 07:17,Phetchaburi,department of highways,private/passenger car,speeding,rear-end collision,3,0,0,clear,13.31279215,99.8260635,other,other,2022-10-15T09:00:00Z
7193236,15.10.2022 16:30,28.10.2022 11:17,Phrae,department of highways,van,falling asleep,rear-end collision,2,0,1,clear,18.35682687,100.3298575,straight road,no slope,2022-10-15T09:30:00Z
7215938,15.10.2022 16:30,31.10.2022 20:49,Phetchabun,department of highways,4-wheel pickup truck,speeding,rollover/fallen on curved road,1,0,0,rainy,16.74471522,101.5628528,wide curve,slope area,2022-10-15T09:30:00Z
7110855,15.10.2022 17:00,16.10.2022 06:43,Nakhon Sawan,department of highways,4-wheel pickup truck,speeding,rollover/fallen on straight road,1,0,0,clear,15.50181691,100.4677391,straight road,no slope,2022-10-15T10:00:00Z
7187073,15.10.2022 17:00,27.10.2022 14:06,Nong Khai,department of highways,private/passenger car,speeding,rollover/fallen on straight road,1,0,1,clear,17.72371169,102.7770513,straight road,no slope,2022-10-15T10:00:00Z
7379561,15.10.2022 17:00,24.11.2022 14:01,Trat,department of highways,motorcycle,speeding,rollover/fallen on straight road,1,0,1,clear,11.96998535,102.7806669,straight road,no slope,2022-10-15T10:00:00Z
7110908,15.10.2022 17:21,16.10.2022 06:55,Nakhon Ratchasima,department of highways,large truck with trailer,speeding,rollover/fallen on straight road,1,0,1,rainy,14.65579431,101.405434,straight road,no slope,2022-10-15T10:21:00Z
7112253,15.10.2022 17:30,16.10.2022 12:31,Samut Prakan,department of rural roads,private/passenger car,abrupt lane change,other,2,0,0,clear,13.653407,100.54114,straight road,slope area,2022-10-15T10:30:00Z
7554267,15.10.2022 17:45,9.01.2023 09:26,Chaiyaphum,department of highways,private/passenger car,speeding,rollover/fallen on curved road,1,0,0,clear,16.15105364,102.304424,wide curve,no slope,2022-10-15T10:45:00Z
7110974,15.10.2022 18:00,16.10.2022 07:05,Bangkok,department of highways,4-wheel pickup truck,speeding,rear-end collision,2,0,0,clear,13.6436983,100.4118901,straight road,no slope,2022-10-15T11:00:00Z
7113429,15.10.2022 18:30,16.10.2022 17:23,Loburi,department of highways,motorcycle,speeding,rear-end collision,6,0,4,rainy,15.25750794,101.1808714,straight road,no slope,2022-10-15T11:30:00Z
7147737,15.10.2022 19:30,21.10.2022 16:07,Tak,department of highways,4-wheel pickup truck,speeding,rollover/fallen on straight road,1,0,1,rainy,16.48631904,98.76526056,straight road,no slope,2022-10-15T12:30:00Z
7108797,15.10.2022 20:15,15.10.2022 21:49,Bangkok,expressway authority of thailand,4-wheel pickup truck,other,rear-end collision,2,0,0,clear,13.81858939,100.5497363,straight road,other,2022-10-15T13:15:00Z
7560515,15.10.2022 20:20,16.01.2023 06:28,Nakhon Sawan,department of highways,motorcycle,speeding,rollover/fallen on straight road,1,1,0,rainy,15.70045357,100.118038,other,other,2022-10-15T13:20:00Z
7276821,15.10.2022 20:25,9.11.2022 14:14,Phichit,department of highways,private/passenger car,speeding,rollover/fallen on straight road,1,1,4,rainy,16.08493929,100.1246363,straight road,no slope,2022-10-15T13:25:00Z
7110992,15.10.2022 20:30,16.10.2022 07:13,Phichit,department of highways,private/passenger car,speeding,rollover/fallen on straight road,1,1,4,rainy,16.08232856,100.1244914,straight road,no slope,2022-10-15T13:30:00Z
7527291,15.10.2022 21:10,31.12.2022 10:34,Bangkok,department of highways,private/passenger car,speeding,rear-end collision,3,0,1,clear,13.76882494,100.4072459,straight road,no slope,2022-10-15T14:10:00Z
7226268,15.10.2022 21:35,2.11.2022 09:17,Nonthaburi,department of rural roads,motorcycle,speeding,other,1,1,0,clear,13.927148,100.438522,straight road,no slope,2022-10-15T14:35:00Z
7117128,15.10.2022 22:15,17.10.2022 07:08,Nonthaburi,department of highways,motorcycle,speeding,rollover/fallen on straight road,1,1,0,clear,13.95160221,100.4239225,straight road,no slope,2022-10-15T15:15:00Z
7110837,15.10.2022 23:00,16.10.2022 06:36,Uttaradit,department of highways,4-wheel pickup truck,speeding,rollover/fallen on straight road,1,0,1,rainy,17.60909045,100.1162866,other,other,2022-10-15T16:00:00Z
7474420,15.10.2022 23:00,20.12.2022 13:46,Rayong,department of highways,4-wheel pickup truck,speeding,rollover/fallen on curved road,1,0,1,clear,12.78292935,101.0246787,wide curve,no slope,2022-10-15T16:00:00Z
7558386,15.10.2022 23:00,12.01.2023 15:28,Chiang Rai,department of highways,4-wheel pickup truck,speeding,rollover/fallen on curved road,1,0,0,clear,19.9261534,100.2370423,straight road,no slope,2022-10-15T16:00:00Z
7438768,15.10.2022 23:30,7.12.2022 10:02,Uthai Thani,department of highways,4-wheel pickup truck,speeding,rollover/fallen on straight road,1,0,1,rainy,15.38152923,99.83262418,other,other,2022-10-15T16:30:00Z
7378747,15.10.2022 23:45,24.11.2022 10:22,Phangnga,department of highways,4-wheel pickup truck,speeding,rollover/fallen on straight road,1,0,0,rainy,8.307173076,98.38732658,straight road,no slope,2022-10-15T16:45:00Z
7124249,16.10.2022 00:15,18.10.2022 08:52,Trat,department of highways,motorcycle,speeding,rollover/fallen on straight road,1,0,1,clear,12.56380779,102.5407782,straight road,no slope,2022-10-15T17:15:00Z
7117210,16.10.2022 00:25,17.10.2022 07:20,Pathum Thani,department of highways,4-wheel pickup truck,speeding,rollover/fallen on straight road,1,0,0,clear,14.049028,100.6981489,straight road,no slope,2022-10-15T17:25:00Z
7117151,16.10.2022 01:17,17.10.2022 07:14,Ratchaburi,department of highways,private/passenger car,speeding,rollover/fallen on curved road,1,1,0,clear,13.59487573,99.51637028,wide curve,no slope,2022-10-15T18:17:00Z
7111462,16.10.2022 01:45,16.10.2022 09:28,Chiang Mai,department of rural roads,private/passenger car,speeding,other,1,0,0,clear,18.823364,99.009494,wide curve,no slope,2022-10-15T18:45:00Z
7563043,16.10.2022 02:20,18.01.2023 13:57,Chumphon,department of highways,7-10-wheel truck,speeding,rollover/fallen on straight road,1,0,0,clear,10.9224239,99.28618312,straight road,no slope,2022-10-15T19:20:00Z
7509025,16.10.2022 03:45,26.12.2022 13:54,Chachoengsao,department of highways,private/passenger car,falling asleep,rollover/fallen on straight road,1,0,0,clear,13.7340751,101.0259577,straight road,no slope,2022-10-15T20:45:00Z
7562309,16.10.2022 05:15,18.01.2023 07:17,Nakhon Si Thammarat,department of highways,4-wheel pickup truck,speeding,rollover/fallen on straight road,1,0,1,rainy,8.367046891,99.58451717,straight road,no slope,2022-10-15T22:15:00Z
7117184,16.10.2022 06:00,17.10.2022 07:19,Nakhon Si Thammarat,department of highways,4-wheel pickup truck,speeding,rollover/fallen on straight road,1,0,0,clear,8.367046891,99.58451717,straight road,no slope,2022-10-15T23:00:00Z
7111461,16.10.2022 06:10,16.10.2022 09:28,Yasothon,department of rural roads,private/passenger car,falling asleep,other,1,0,2,clear,15.815711,104.158904,straight road,no slope,2022-10-15T23:10:00Z
7561614,16.10.2022 08:03,17.01.2023 11:13,Bangkok,department of highways,private/passenger car,speeding,rear-end collision,2,0,1,clear,13.69366913,100.407325,straight road,no slope,2022-10-16T01:03:00Z
7117084,16.10.2022 08:50,17.10.2022 06:59,Kanchanaburi,department of highways,4-wheel pickup truck,speeding,rollover/fallen on straight road,3,0,0,rainy,14.12832258,99.69455479,straight road,no slope,2022-10-16T01:50:00Z
7185776,16.10.2022 08:50,27.10.2022 09:41,Yala,department of highways,4-wheel pickup truck,unfamiliarity with the route/unskilled driving,rollover/fallen on straight road,1,0,1,clear,6.556060829,101.3197911,wide curve,no slope,2022-10-16T01:50:00Z
7332185,16.10.2022 09:20,4.11.2022 14:31,Chiang Mai,department of highways,7-10-wheel truck,unfamiliarity with the route/unskilled driving,other,1,0,0,rainy,19.13835337,98.94789195,wide curve,slope area,2022-10-16T02:20:00Z
7112386,16.10.2022 10:00,16.10.2022 13:08,Suphan Buri,department of highways,motorcycle,cutting in closely by people/vehicles/animals,rear-end collision,2,0,2,clear,14.82156867,100.0075337,other,other,2022-10-16T03:00:00Z
7562715,16.10.2022 10:00,18.01.2023 10:44,Surat Thani,department of highways,other,speeding,rollover/fallen on straight road,1,0,0,clear,9.151600496,99.38297868,straight road,no slope,2022-10-16T03:00:00Z
7117569,16.10.2022 10:10,17.10.2022 08:52,Mae Hong Son,department of rural roads,private/passenger car,tailgating,other,3,0,1,clear,19.483239,97.961142,sharp curve,slope area,2022-10-16T03:10:00Z
7332182,16.10.2022 11:00,4.11.2022 14:37,Chiang Mai,department of highways,motorcycle,speeding,rear-end collision,2,0,1,clear,18.72326537,98.94070343,straight road,no slope,2022-10-16T04:00:00Z
7112178,16.10.2022 11:10,16.10.2022 12:19,Nonthaburi,department of highways,private/passenger car,speeding,rollover/fallen on straight road,1,0,2,rainy,13.87653012,100.4435482,straight road,no slope,2022-10-16T04:10:00Z
7117183,16.10.2022 11:20,17.10.2022 07:19,Nakhon Si Thammarat,department of highways,private/passenger car,running red lights/traffic signals,collision with obstruction (on road surface),2,1,0,clear,8.274927499,99.53701256,straight road,no slope,2022-10-16T04:20:00Z
7562307,16.10.2022 11:30,18.01.2023 07:13,Nakhon Si Thammarat,department of highways,private/passenger car,speeding,rollover/fallen on curved road,1,0,0,clear,8.153663884,99.6882811,wide curve,slope area,2022-10-16T04:30:00Z
7118883,16.10.2022 12:00,17.10.2022 13:27,Nakhon Ratchasima,department of highways,large truck with trailer,speeding,rear-end collision,2,0,0,rainy,14.42665108,102.4656522,straight road,no slope,2022-10-16T05:00:00Z
7173408,16.10.2022 12:15,25.10.2022 15:08,Surat Thani,department of highways,private/passenger car,speeding,rollover/fallen on curved road,1,0,1,clear,8.813800336,99.16774212,straight road,no slope,2022-10-16T05:15:00Z
7124250,16.10.2022 12:30,18.10.2022 08:50,Trat,department of highways,private/passenger car,speeding,rear-end collision,2,0,2,clear,12.43816119,102.6319197,straight road,no slope,2022-10-16T05:30:00Z
7332178,16.10.2022 12:40,19.10.2022 09:24,Nakhon Si Thammarat,department of highways,private/passenger car,falling asleep,rollover/fallen on curved road,1,0,5,rainy,8.74618429,99.91741954,wide curve,no slope,2022-10-16T05:40:00Z
7564401,16.10.2022 13:20,19.01.2023 14:39,Samut Sakhon,department of highways,private/passenger car,speeding,rear-end collision,2,0,0,clear,13.54404567,100.2526984,straight road,no slope,2022-10-16T06:20:00Z
7568331,16.10.2022 14:30,24.01.2023 13:27,Phrae,department of highways,4-wheel pickup truck,speeding,rollover/fallen on straight road,1,0,0,rainy,17.88330374,100.0461253,wide curve,no slope,2022-10-16T07:30:00Z
7114597,16.10.2022 14:57,16.10.2022 21:17,Nakhon Ratchasima,department of highways,4-wheel pickup truck,speeding,rollover/fallen on curved road,1,0,2,rainy,14.43811673,101.8763682,wide curve,no slope,2022-10-16T07:57:00Z
7113186,16.10.2022 15:10,16.10.2022 16:12,Samut Prakan,department of highways,private/passenger car,speeding,rear-end collision,3,0,0,clear,13.66595694,100.8501765,straight road,no slope,2022-10-16T08:10:00Z
7131741,16.10.2022 15:14,19.10.2022 09:23,Nakhon Si Thammarat,department of highways,private/passenger car,speeding,rollover/fallen on straight road,1,0,1,rainy,8.751640048,99.91700111,other,other,2022-10-16T08:14:00Z
7117226,16.10.2022 15:45,17.10.2022 07:25,Suphan Buri,department of highways,4-wheel pickup truck,falling asleep,head-on collision (not overtaking),2,0,2,clear,14.25445272,100.0529435,straight road,no slope,2022-10-16T08:45:00Z
7558833,16.10.2022 15:45,13.01.2023 07:15,Prachin Buri,department of highways,private/passenger car,cutting in closely by people/vehicles/animals,other,2,0,1,clear,13.80009486,101.5452441,connecting to public/commercial area,other,2022-10-16T08:45:00Z
7544441,16.10.2022 16:00,4.01.2023 14:21,Trang,department of highways,other,speeding,rollover/fallen on straight road,1,0,0,clear,7.76422581,99.58390832,straight road,no slope,2022-10-16T09:00:00Z
7565661,16.10.2022 16:00,20.01.2023 14:04,Phangnga,department of highways,4-wheel pickup truck,speeding,rollover/fallen on straight road,1,0,1,rainy,8.307703889,98.38962256,straight road,no slope,2022-10-16T09:00:00Z
7125207,16.10.2022 16:15,18.10.2022 11:36,Ratchaburi,department of highways,private/passenger car,speeding,rear-end collision,5,0,0,clear,13.34236052,99.85548733,straight road,no slope,2022-10-16T09:15:00Z
7118821,16.10.2022 16:45,17.10.2022 13:15,Satun,department of rural roads,motorcycle,speeding,other,1,0,1,rainy,6.889316,99.897354000000007,straight road,no slope,2022-10-16T09:45:00Z
7173410,16.10.2022 16:45,25.10.2022 15:07,Surat Thani,department of highways,private/passenger car,speeding,rollover/fallen on curved road,1,0,0,clear,8.927329137,98.94565521,other,other,2022-10-16T09:45:00Z
7173376,16.10.2022 16:46,25.10.2022 15:03,Surat Thani,department of highways,4-wheel pickup truck,speeding,rollover/fallen on curved road,1,0,1,clear,8.927098612,98.94603877,other,other,2022-10-16T09:46:00Z
7438078,16.10.2022 17:05,7.12.2022 09:20,Nakhon Ratchasima,department of highways,private/passenger car,cutting in closely by people/vehicles/animals,head-on collision (not overtaking),2,0,0,clear,14.83566097,102.081702,other,other,2022-10-16T10:05:00Z
7116789,16.10.2022 18:10,17.10.2022 05:41,Lamphun,department of highways,private/passenger car,speeding,rear-end collision,5,0,0,clear,18.54215734,99.06476943,straight road,no slope,2022-10-16T11:10:00Z
7114908,16.10.2022 18:24,16.10.2022 22:19,Bangkok,department of highways,private/passenger car,speeding,rear-end collision,2,0,0,clear,13.73192032,100.7707322,straight road,no slope,2022-10-16T11:24:00Z
7119370,16.10.2022 18:30,17.10.2022 14:57,Nakhon Sawan,department of highways,4-wheel pickup truck,speeding,rollover/fallen on straight road,1,0,3,clear,15.86300103,100.6060311,straight road,no slope,2022-10-16T11:30:00Z
7193961,16.10.2022 18:30,28.10.2022 14:08,Phrae,department of highways,van,speeding,rollover/fallen on straight road,1,0,0,rainy,18.36208625,100.3523317,wide curve,no slope,2022-10-16T11:30:00Z
7565024,16.10.2022 18:30,20.01.2023 07:19,Pathum Thani,department of highways,6-wheel truck,speeding,rollover/fallen on straight road,1,0,0,clear,13.95877289,100.5135869,other,other,2022-10-16T11:30:00Z
7117738,16.10.2022 18:50,17.10.2022 09:39,Kanchanaburi,department of highways,motorcycle,speeding,rear-end collision,2,0,2,clear,13.89314779,99.79688107,straight road,no slope,2022-10-16T11:50:00Z
7558351,16.10.2022 19:10,12.01.2023 14:52,Sa Kaeo,department of highways,4-wheel pickup truck,speeding,rollover/fallen on straight road,1,0,0,clear,13.80673176,102.0838746,straight road,no slope,2022-10-16T12:10:00Z
7117154,16.10.2022 19:30,17.10.2022 07:11,Bangkok,department of highways,private/passenger car,speeding,pedestrian collision,1,0,1,foggy,13.66379372,100.4416224,straight road,no slope,2022-10-16T12:30:00Z
7372548,16.10.2022 19:30,23.11.2022 14:15,Tak,department of highways,motorcycle,speeding,rear-end collision,2,0,0,clear,17.48550917,98.01226257,straight road,no slope,2022-10-16T12:30:00Z
7455787,16.10.2022 19:45,13.12.2022 12:53,Ubon Ratchathani,department of highways,other,speeding,collision with obstruction (on road surface),2,0,0,clear,14.91800541,105.0640368,other,other,2022-10-16T12:45:00Z
7226304,16.10.2022 20:00,2.11.2022 09:20,Nonthaburi,department of rural roads,motorcycle,speeding,other,2,0,1,clear,13.909107,100.37527,straight road,no slope,2022-10-16T13:00:00Z
7544456,16.10.2022 20:00,4.01.2023 14:25,Trang,department of highways,private/passenger car,speeding,rollover/fallen on straight road,1,0,0,clear,7.542138203,99.74965811,wide curve,no slope,2022-10-16T13:00:00Z
7553838,16.10.2022 22:10,7.01.2023 16:06,Bangkok,department of highways,private/passenger car,speeding,rear-end collision,2,0,0,clear,13.67811229,100.4647417,straight road,no slope,2022-10-16T15:10:00Z
7115389,16.10.2022 22:14,16.10.2022 23:50,Chon Buri,department of highways,private/passenger car,cutting in closely by people/vehicles/animals,rear-end collision,2,0,0,clear,13.30300657,100.9940234,straight road,no slope,2022-10-16T15:14:00Z
7118040,16.10.2022 22:30,17.10.2022 10:33,Samut Prakan,department of rural roads,private/passenger car,driving under the influence of alcohol,other,2,0,0,clear,13.657389,100.540051,straight road,slope area,2022-10-16T15:30:00Z
7564156,16.10.2022 22:30,19.01.2023 10:55,Samut Sakhon,department of highways,motorcycle,speeding,rollover/fallen on straight road,1,1,0,clear,13.58415265,100.3153834,straight road,no slope,2022-10-16T15:30:00Z
7118043,16.10.2022 23:15,17.10.2022 10:33,Samut Prakan,department of rural roads,motorcycle,running red lights/traffic signals,other,1,0,1,clear,13.663729,100.529616,straight road,slope area,2022-10-16T16:15:00Z
7226276,16.10.2022 23:27,2.11.2022 09:19,Nonthaburi,department of rural roads,motorcycle,speeding,other,1,0,1,clear,13.833728,100.337193,wide curve,no slope,2022-10-16T16:27:00Z
7565746,16.10.2022 23:45,20.01.2023 14:41,Phangnga,department of highways,4-wheel pickup truck,speeding,rollover/fallen on straight road,1,0,0,rainy,8.307173076,98.38732658,straight road,no slope,2022-10-16T16:45:00Z
7434502,17.10.2022 00:10,6.12.2022 11:54,Phatthalung,department of highways,private/passenger car,speeding,rollover/fallen on straight road,1,0,1,clear,7.631965955,100.0442317,other,other,2022-10-16T17:10:00Z
7358584,17.10.2022 01:30,21.11.2022 13:52,Songkhla,department of highways,private/passenger car,speeding,rollover/fallen on straight road,1,0,2,clear,6.981493692,100.5840034,other,other,2022-10-16T18:30:00Z
7379277,17.10.2022 02:40,24.11.2022 13:20,Roi Et,department of highways,large truck with trailer,speeding,rollover/fallen on straight road,1,0,0,clear,15.61744431,103.4766519,straight road,no slope,2022-10-16T19:40:00Z
7474199,17.10.2022 03:00,20.12.2022 12:57,Si Sa Ket,department of highways,motorcycle,speeding,rollover/fallen on straight road,1,1,0,clear,14.66409636,104.6051416,straight road,no slope,2022-10-16T20:00:00Z
7515067,17.10.2022 03:00,28.12.2022 14:17,Udon Thani,department of highways,other,speeding,rollover/fallen on straight road,1,0,0,clear,17.39403339,102.8130423,straight road,no slope,2022-10-16T20:00:00Z
7565341,17.10.2022 03:00,20.01.2023 10:24,Trang,department of highways,4-wheel pickup truck,speeding,rollover/fallen on straight road,1,0,0,rainy,7.967181286,99.60480541,other,other,2022-10-16T20:00:00Z
7172247,17.10.2022 04:30,25.10.2022 11:27,Phatthalung,department of highways,large truck with trailer,falling asleep,rollover/fallen on straight road,1,0,0,clear,7.395668926,100.105319,straight road,no slope,2022-10-16T21:30:00Z
7560748,17.10.2022 05:03,16.01.2023 12:12,Chachoengsao,expressway authority of thailand,4-wheel pickup truck,other,side collision,2,0,1,clear,13.570516,100.919791,straight road,other,2022-10-16T22:03:00Z
7563817,17.10.2022 05:34,19.01.2023 08:13,Phra Nakhon Si Ayutthaya,department of highways,motorcycle,speeding,rollover/fallen on straight road,1,1,0,clear,14.26044739,100.6938681,straight road,no slope,2022-10-16T22:34:00Z
7118736,17.10.2022 07:20,17.10.2022 13:01,Chanthaburi,department of highways,private/passenger car,speeding,rollover/fallen on straight road,1,0,0,clear,12.92105814,102.3433971,straight road,no slope,2022-10-17T00:20:00Z
7378913,17.10.2022 07:45,24.11.2022 11:50,Loburi,department of highways,4-wheel pickup truck,speeding,rear-end collision,2,0,2,clear,15.2164868,101.1425212,straight road,no slope,2022-10-17T00:45:00Z
7139310,17.10.2022 07:50,20.10.2022 10:28,Pathum Thani,department of highways,private/passenger car,falling asleep,rollover/fallen on straight road,1,0,0,clear,14.01885086,100.699946,straight road,no slope,2022-10-17T00:50:00Z
7474777,17.10.2022 08:30,20.12.2022 14:19,Nakhon Si Thammarat,department of highways,4-wheel pickup truck,speeding,rollover/fallen on straight road,1,0,0,clear,8.156916362,100.1346516,straight road,no slope,2022-10-17T01:30:00Z
7561812,17.10.2022 09:30,17.01.2023 14:56,Nakhon Ratchasima,department of highways,private/passenger car,speeding,rollover/fallen on straight road,1,0,1,rainy,14.56042518,101.9764092,straight road,no slope,2022-10-17T02:30:00Z
7518054,17.10.2022 10:00,29.12.2022 11:36,Pattani,department of highways,other,speeding,rollover/fallen on straight road,1,0,0,clear,6.755389772,101.1355944,other,other,2022-10-17T03:00:00Z
7380571,17.10.2022 10:51,24.11.2022 14:18,Chon Buri,department of highways,large truck with trailer,cutting in closely by people/vehicles/animals,rear-end collision,3,0,0,clear,13.10280791,100.9102888,straight road,no slope,2022-10-17T03:51:00Z
7119881,17.10.2022 11:30,17.10.2022 16:39,Samut Prakan,department of highways,large truck with trailer,cutting in closely by people/vehicles/animals,rollover/fallen on straight road,1,0,0,clear,13.50627394,100.827021,straight road,no slope,2022-10-17T04:30:00Z
7414477,17.10.2022 11:30,28.11.2022 14:41,Udon Thani,department of highways,large truck with trailer,speeding,other,1,0,0,clear,17.16675508,102.7802431,wide curve,no slope,2022-10-17T04:30:00Z
7562276,17.10.2022 12:40,18.01.2023 06:26,Nakhon Si Thammarat,department of highways,private/passenger car,speeding,rollover/fallen on straight road,1,0,1,clear,8.674708621,99.92420821,straight road,no slope,2022-10-17T05:40:00Z
7561148,17.10.2022 12:54,17.01.2023 06:04,Bangkok,expressway authority of thailand,other,other,rear-end collision,4,0,0,clear,13.69731558,100.5228657,straight road,other,2022-10-17T05:54:00Z
7564315,17.10.2022 13:00,19.01.2023 13:46,Samut Sakhon,department of highways,private/passenger car,speeding,rear-end collision,2,0,0,clear,13.59074069,100.3322248,straight road,no slope,2022-10-17T06:00:00Z
7562277,17.10.2022 14:30,18.01.2023 06:27,Nakhon Si Thammarat,department of highways,4-wheel pickup truck,speeding,rollover/fallen on straight road,1,0,0,rainy,8.331876349,100.1046082,straight road,no slope,2022-10-17T07:30:00Z
7562288,17.10.2022 14:45,18.01.2023 06:42,Nakhon Si Thammarat,department of highways,4-wheel pickup truck,speeding,rollover/fallen on straight road,1,0,1,clear,8.365431789,99.34199555,straight road,no slope,2022-10-17T07:45:00Z
7180121,17.10.2022 15:00,26.10.2022 14:58,Chon Buri,department of highways,other,speeding,rollover/fallen on curved road,1,0,0,clear,13.5529114,101.114307,wide curve,slope area,2022-10-17T08:00:00Z
7124474,17.10.2022 15:04,18.10.2022 09:26,Kanchanaburi,department of highways,4-wheel pickup truck,speeding,head-on collision (not overtaking),2,1,5,clear,13.88419335,99.62111323,straight road,no slope,2022-10-17T08:04:00Z
7119966,17.10.2022 15:27,17.10.2022 16:54,Nonthaburi,expressway authority of thailand,other,other,rear-end collision,2,0,3,clear,13.920966,100.548156,straight road,other,2022-10-17T08:27:00Z
7133181,17.10.2022 16:30,19.10.2022 14:32,Bangkok,department of highways,private/passenger car,speeding,rear-end collision,4,0,0,clear,13.729518,100.7435775,straight road,no slope,2022-10-17T09:30:00Z
7564317,17.10.2022 16:30,19.01.2023 13:46,Samut Sakhon,department of highways,private/passenger car,speeding,rear-end collision,3,0,0,clear,13.5881135,100.3254011,straight road,no slope,2022-10-17T09:30:00Z