acc_code,incident_datetime,report_datetime,province_en,agency,vehicle_type,presumed_cause,accident_type,number_of_vehicles_involved,number_of_fatalities,number_of_injuries,weather_condition,latitude,longitude,road_description,slope_description,incident_time
7474731,17.10.2022 17:04,20.12.2022 14:29,Sukhothai,department of highways,motorcycle,speeding,rear-end collision,2,0,0,clear,17.01339535,99.76243614,straight road,no slope,2022-10-17T10:04:00Z
7126297,17.10.2022 17:25,18.10.2022 15:08,Bangkok,department of highways,4-wheel pickup truck,speeding,rear-end collision,3,0,0,clear,13.787081,100.6838447,straight road,no slope,2022-10-17T10:25:00Z
7139342,17.10.2022 17:38,20.10.2022 10:30,Pathum Thani,department of highways,private/passenger car,speeding,rear-end collision,4,0,1,clear,13.94324617,100.7110852,straight road,no slope,2022-10-17T10:38:00Z
7133954,17.10.2022 18:30,19.10.2022 17:27,Surat Thani,department of highways,7-10-wheel truck,speeding,rear-end collision,2,0,2,rainy,9.60454497,99.12665604,other,other,2022-10-17T11:30:00Z
7147736,17.10.2022 18:30,21.10.2022 16:08,Tak,department of highways,private/passenger car,cutting in closely by people/vehicles/animals,rear-end collision,2,0,0,clear,16.50367111,98.70967178,straight road,no slope,2022-10-17T11:30:00Z
7147838,17.10.2022 18:30,21.10.2022 16:26,Chiang Mai,department of highways,4-wheel pickup truck,speeding,rollover/fallen on curved road,1,0,0,clear,18.25399501,98.61509173,wide curve,no slope,2022-10-17T11:30:00Z
7565509,17.10.2022 19:30,20.01.2023 11:35,Chachoengsao,department of highways,4-wheel pickup truck,speeding,rear-end collision,2,0,0,rainy,13.79134914,100.9478237,straight road,no slope,2022-10-17T12:30:00Z
7446387,17.10.2022 20:10,9.12.2022 09:39,Uttaradit,department of highways,private/passenger car,speeding,rollover/fallen on curved road,1,0,1,clear,17.73789311,100.7059169,wide curve,no slope,2022-10-17T13:10:00Z
7564340,17.10.2022 20:20,19.01.2023 14:01,Samut Sakhon,department of highways,4-wheel pickup truck,speeding,rear-end collision,3,0,0,clear,13.58744905,100.3236986,straight road,no slope,2022-10-17T13:20:00Z
7132613,17.10.2022 20:23,19.10.2022 12:15,Bangkok,department of rural roads,private/passenger car,speeding,other,1,0,0,clear,13.685799,100.547472,t-intersection,other,2022-10-17T13:23:00Z
7414111,17.10.2022 20:30,28.11.2022 10:20,Satun,department of highways,passenger pickup truck,speeding,rollover/fallen on straight road,1,0,0,rainy,6.997208968,99.7586073,straight road,no slope,2022-10-17T13:30:00Z
7459248,17.10.2022 20:30,16.12.2022 07:23,Krabi,department of highways,private/passenger car,speeding,rollover/fallen on curved road,1,0,0,rainy,8.053475972,98.85795102,wide curve,no slope,2022-10-17T13:30:00Z
7185786,17.10.2022 20:32,27.10.2022 09:50,Tak,department of rural roads,private/passenger car,speeding,other,2,0,2,clear,16.722986,98.552586,four-way intersection,other,2022-10-17T13:32:00Z
7147930,17.10.2022 21:00,21.10.2022 16:45,Chiang Mai,department of highways,4-wheel pickup truck,speeding,rollover/fallen on straight road,2,1,2,clear,18.52770754,98.85525404,straight road,no slope,2022-10-17T14:00:00Z
7213162,17.10.2022 21:15,31.10.2022 11:42,Lamphun,department of highways,4-wheel pickup truck,speeding,rollover/fallen on straight road,1,0,3,clear,18.37387982,98.81445228,straight road,no slope,2022-10-17T14:15:00Z
7544503,17.10.2022 21:50,4.01.2023 14:57,Krabi,department of highways,4-wheel pickup truck,speeding,rollover/fallen on curved road,1,0,1,clear,8.074329761,98.84144738,wide curve,no slope,2022-10-17T14:50:00Z
7565036,17.10.2022 22:20,20.01.2023 07:30,Pathum Thani,department of highways,4-wheel pickup truck,cutting in closely by people/vehicles/animals,rear-end collision,2,1,0,clear,14.11372239,100.6186089,straight road,no slope,2022-10-17T15:20:00Z
7323162,17.10.2022 22:35,16.11.2022 08:18,buogkan,department of rural roads,motorcycle,speeding,other,1,2,0,clear,18.114013,103.861769,wide curve,no slope,2022-10-17T15:35:00Z
7379073,17.10.2022 23:00,24.11.2022 12:24,Maha Sarakham,department of highways,4-wheel pickup truck,speeding,rollover/fallen on straight road,1,0,0,clear,16.40757092,103.1038222,straight road,no slope,2022-10-17T16:00:00Z
7515070,17.10.2022 23:00,28.12.2022 13:46,Udon Thani,department of highways,7-10-wheel truck,speeding,other,1,0,0,clear,17.16393864,102.5735575,straight road,no slope,2022-10-17T16:00:00Z
7212046,17.10.2022 23:04,31.10.2022 08:44,Phra Nakhon Si Ayutthaya,department of highways,large truck with trailer,speeding,rear-end collision,2,0,1,clear,14.23594001,100.7232544,straight road,no slope,2022-10-17T16:04:00Z
7214355,17.10.2022 23:20,31.10.2022 15:38,Sakon Nakhon,department of highways,private/passenger car,cutting in closely by people/vehicles/animals,rear-end collision,2,0,2,clear,17.27285955,103.9961931,straight road,no slope,2022-10-17T16:20:00Z
7128157,17.10.2022 23:40,18.10.2022 21:17,Surin,department of highways,van,falling asleep,rollover/fallen on straight road,1,0,1,clear,15.35338243,103.3746958,straight road,no slope,2022-10-17T16:40:00Z
7173435,17.10.2022 23:40,25.10.2022 15:12,Surat Thani,department of highways,4-wheel pickup truck,speeding,side collision,2,0,0,clear,8.897012471,99.149141,straight road,no slope,2022-10-17T16:40:00Z
7219816,17.10.2022 23:40,1.11.2022 10:59,Samut Prakan,expressway authority of thailand,6-wheel truck,other,rear-end collision,2,0,3,clear,13.624955,100.667679,straight road,other,2022-10-17T16:40:00Z
7126719,18.10.2022 01:30,18.10.2022 16:14,Bangkok,department of highways,4-wheel pickup truck,vehicle equipment failure,rollover/fallen on straight road,1,0,2,clear,13.86200756,100.6767771,straight road,no slope,2022-10-17T18:30:00Z
7480473,18.10.2022 01:30,23.12.2022 14:39,Phetchabun,department of highways,private/passenger car,unfamiliarity with the route/unskilled driving,rollover/fallen on curved road,1,0,1,clear,16.87342811,101.1514798,wide curve,slope area,2022-10-17T18:30:00Z
7178700,18.10.2022 01:45,26.10.2022 09:49,Tak,department of highways,4-wheel pickup truck,falling asleep,rollover/fallen on straight road,1,0,1,foggy,16.95479531,98.56902747,straight road,no slope,2022-10-17T18:45:00Z
7147613,18.10.2022 02:00,21.10.2022 15:48,Tak,department of highways,private/passenger car,speeding,rollover/fallen on straight road,1,0,0,clear,16.80958648,98.59968244,wide curve,no slope,2022-10-17T19:00:00Z
7332202,18.10.2022 02:00,2.11.2022 10:34,Nong Khai,department of highways,4-wheel pickup truck,speeding,rollover/fallen on straight road,1,0,1,clear,17.86669055,102.7250178,straight road,no slope,2022-10-17T19:00:00Z
7180118,18.10.2022 02:45,26.10.2022 14:57,Chanthaburi,department of highways,motorcycle,speeding,rear-end collision,2,1,0,clear,12.53257075,102.1280828,straight road,no slope,2022-10-17T19:45:00Z
7142126,18.10.2022 03:00,20.10.2022 20:13,Ubon Ratchathani,department of highways,4-wheel pickup truck,unfamiliarity with the route/unskilled driving,rollover/fallen on straight road,1,0,0,clear,15.99652149,105.2210265,straight road,no slope,2022-10-17T20:00:00Z
7173918,18.10.2022 03:20,25.10.2022 16:34,Chiang Mai,department of highways,private/passenger car,speeding,collision with obstruction (on road surface),1,0,0,clear,18.72126402,99.00522439,straight road,no slope,2022-10-17T20:20:00Z
7132181,18.10.2022 04:10,19.10.2022 10:35,Bangkok,department of highways,private/passenger car,speeding,rollover/fallen on straight road,1,0,0,clear,13.73290521,100.79061,straight road,no slope,2022-10-17T21:10:00Z
7126798,18.10.2022 04:25,18.10.2022 16:34,Kamphaeng Phet,department of highways,van,speeding,rollover/fallen on straight road,1,0,2,clear,16.65656268,99.31792437,straight road,no slope,2022-10-17T21:25:00Z
7517423,18.10.2022 04:30,29.12.2022 10:48,Saraburi,department of highways,private/passenger car,speeding,collision with obstruction (on road surface),2,0,0,clear,14.40405833,100.8953315,straight road,no slope,2022-10-17T21:30:00Z
7213165,18.10.2022 05:17,31.10.2022 11:41,Nong Khai,department of highways,private/passenger car,speeding,rollover/fallen on straight road,1,0,1,clear,18.09008503,103.0994877,straight road,no slope,2022-10-17T22:17:00Z
7147068,18.10.2022 06:30,21.10.2022 14:03,Phetchaburi,department of highways,private/passenger car,speeding,rear-end collision,2,0,1,clear,13.05088928,99.94027732,straight road,no slope,2022-10-17T23:30:00Z
7179970,18.10.2022 08:00,26.10.2022 14:33,Trat,department of highways,motorcycle,speeding,rear-end collision,2,0,2,clear,12.46838301,102.491734,other,other,2022-10-18T01:00:00Z
7213139,18.10.2022 08:30,31.10.2022 11:36,Phrae,department of highways,motorcycle,cutting in closely by people/vehicles/animals,head-on collision (not overtaking),2,0,1,clear,18.29404818,100.274443,straight road,no slope,2022-10-18T01:30:00Z
7126480,18.10.2022 10:20,18.10.2022 15:34,Phetchaburi,department of rural roads,private/passenger car,failure to yield right of way,other,1,0,1,clear,12.718963,99.94444,roundabout,other,2022-10-18T03:20:00Z
7127392,18.10.2022 10:30,18.10.2022 18:48,Nakhon Ratchasima,department of highways,large truck with trailer,speeding,rear-end collision,2,1,0,clear,14.94737893,102.0138314,straight road,no slope,2022-10-18T03:30:00Z
7414259,18.10.2022 12:00,28.11.2022 09:47,Sukhothai,department of highways,4-wheel pickup truck,speeding,rollover/fallen on straight road,1,0,0,clear,17.12862308,99.85041259,straight road,no slope,2022-10-18T05:00:00Z
7561519,18.10.2022 12:00,17.01.2023 10:13,Bangkok,department of highways,private/passenger car,speeding,rear-end collision,2,0,0,clear,13.78739098,100.3650735,straight road,no slope,2022-10-18T05:00:00Z
7332205,18.10.2022 12:30,8.11.2022 09:11,Nakhon Ratchasima,department of highways,4-wheel pickup truck,cutting in closely by people/vehicles/animals,rear-end collision,2,0,0,clear,15.21819479,102.5585856,straight road,no slope,2022-10-18T05:30:00Z
7565665,18.10.2022 12:30,20.01.2023 14:03,Phangnga,department of highways,4-wheel pickup truck,speeding,rollover/fallen on straight road,1,0,1,rainy,8.487403535,98.62523316,wide curve,no slope,2022-10-18T05:30:00Z
7564520,18.10.2022 13:00,19.01.2023 20:59,Krabi,department of highways,private/passenger car,speeding,rollover/fallen on curved road,1,0,0,clear,8.08711371,98.98966758,wide curve,no slope,2022-10-18T06:00:00Z
7212374,18.10.2022 13:10,31.10.2022 09:37,Phitsanulok,department of highways,7-10-wheel truck,vehicle equipment failure,rollover/fallen on straight road,1,0,1,clear,16.60155628,100.4509458,straight road,no slope,2022-10-18T06:10:00Z
7139187,18.10.2022 14:00,20.10.2022 09:55,Prachuap Khiri Khan,department of highways,private/passenger car,speeding,rollover/fallen on curved road,1,0,1,rainy,11.24877857,99.43989514,wide curve,no slope,2022-10-18T07:00:00Z
7194211,18.10.2022 15:00,28.10.2022 14:45,Tak,department of highways,motorcycle,speeding,rollover/fallen on straight road,1,0,1,clear,16.76873411,98.58545064,other,other,2022-10-18T08:00:00Z
7568496,18.10.2022 15:00,24.01.2023 15:49,Nan,department of highways,other,speeding,rollover/fallen on curved road,1,0,0,clear,19.44482467,100.8901548,wide curve,no slope,2022-10-18T08:00:00Z
7569061,18.10.2022 15:00,25.01.2023 08:54,Phrae,department of highways,private/passenger car,speeding,rear-end collision,2,0,2,clear,18.14058074,100.1702741,straight road,no slope,2022-10-18T08:00:00Z
7445610,18.10.2022 15:12,9.12.2022 08:49,Maha Sarakham,department of highways,7-10-wheel truck,speeding,rollover/fallen on straight road,1,0,1,clear,16.05728266,103.0506232,straight road,no slope,2022-10-18T08:12:00Z
7194086,18.10.2022 15:40,28.10.2022 14:25,Tak,department of highways,private/passenger car,falling asleep,rollover/fallen on straight road,1,0,2,clear,17.18433704,99.13535445,straight road,no slope,2022-10-18T08:40:00Z
7133147,18.10.2022 16:00,19.10.2022 14:22,Bangkok,department of highways,6-wheel truck,speeding,rear-end collision,2,0,2,clear,13.73204018,100.7715395,straight road,no slope,2022-10-18T09:00:00Z
7568490,18.10.2022 16:00,24.01.2023 15:47,Uttaradit,department of highways,private/passenger car,speeding,rollover/fallen on curved road,1,0,0,clear,17.71692064,100.8333001,sharp curve,no slope,2022-10-18T09:00:00Z
7133050,18.10.2022 16:01,19.10.2022 14:06,Bangkok,department of highways,4-wheel pickup truck,speeding,rear-end collision,2,0,1,clear,13.73319182,100.7933244,straight road,no slope,2022-10-18T09:01:00Z
7173344,18.10.2022 16:30,25.10.2022 14:55,Surat Thani,department of highways,4-wheel pickup truck,speeding,head-on collision (not overtaking),2,0,3,rainy,9.340656301,99.15939508,straight road,no slope,2022-10-18T09:30:00Z
7470182,18.10.2022 16:50,19.12.2022 10:23,Surat Thani,department of highways,6-wheel truck,speeding,rear-end collision,2,0,1,clear,9.157781427,99.44214443,other,other,2022-10-18T09:50:00Z
7227494,18.10.2022 16:55,2.11.2022 13:35,Samut Prakan,expressway authority of thailand,other,other,rear-end collision,2,0,0,clear,13.627061,100.669428,straight road,other,2022-10-18T09:55:00Z
7413515,18.10.2022 17:20,28.11.2022 10:50,Chaiyaphum,department of highways,4-wheel pickup truck,speeding,rollover/fallen on straight road,1,0,0,clear,16.39495776,102.1307114,wide curve,no slope,2022-10-18T10:20:00Z
7569087,18.10.2022 17:25,25.01.2023 09:07,Phrae,department of highways,4-wheel pickup truck,speeding,rear-end collision,2,0,1,clear,18.07615842,99.80207114,connecting to public/commercial area,other,2022-10-18T10:25:00Z
7332199,18.10.2022 18:30,25.10.2022 15:17,Trat,department of highways,motorcycle,speeding,head-on collision (not overtaking),2,1,0,clear,12.46469813,102.4957198,wide curve,no slope,2022-10-18T11:30:00Z
7132004,18.10.2022 18:45,19.10.2022 09:58,Pathum Thani,department of highways,private/passenger car,speeding,rear-end collision,3,0,1,clear,13.9455812,100.7116485,straight road,no slope,2022-10-18T11:45:00Z
7561153,18.10.2022 18:55,17.01.2023 06:09,Samut Prakan,expressway authority of thailand,other,other,rear-end collision,4,0,2,clear,13.635054,100.542104,straight road,other,2022-10-18T11:55:00Z
7180075,18.10.2022 19:00,26.10.2022 14:48,Nakhon Sawan,department of highways,4-wheel pickup truck,illegal overtaking,turning/retreating collision,2,0,0,clear,15.17815247,100.3994018,straight road,no slope,2022-10-18T12:00:00Z
7560543,18.10.2022 19:00,16.01.2023 08:34,Suphan Buri,department of highways,private/passenger car,speeding,rear-end collision,3,0,3,foggy,14.67644126,100.0112191,straight road,no slope,2022-10-18T12:00:00Z
7133236,18.10.2022 19:20,19.10.2022 14:49,Sa Kaeo,department of highways,4-wheel pickup truck,running red lights/traffic signals,collision at intersection corner,3,0,3,clear,13.77357144,102.0913902,other,other,2022-10-18T12:20:00Z
7185542,18.10.2022 20:00,27.10.2022 09:02,Trat,department of highways,motorcycle,driving under the influence of alcohol,head-on collision (not overtaking),3,2,0,clear,12.51888977,102.5830874,straight road,slope area,2022-10-18T13:00:00Z
7544110,18.10.2022 20:00,4.01.2023 08:42,Si Sa Ket,department of highways,4-wheel pickup truck,speeding,rollover/fallen on straight road,1,0,0,clear,14.80866829,104.4627218,straight road,no slope,2022-10-18T13:00:00Z
7569473,18.10.2022 20:35,25.01.2023 13:38,Phayao,department of highways,large truck with trailer,falling asleep,rollover/fallen on straight road,1,0,0,clear,19.08211632,100.2628103,straight road,no slope,2022-10-18T13:35:00Z
7187142,18.10.2022 20:45,27.10.2022 14:24,Nakhon Sawan,department of highways,4-wheel pickup truck,speeding,rollover/fallen on straight road,1,0,0,clear,15.25020283,100.2844718,straight road,no slope,2022-10-18T13:45:00Z
7173628,18.10.2022 21:20,25.10.2022 15:42,Phatthalung,department of highways,4-wheel pickup truck,speeding,rear-end collision,2,2,0,rainy,7.227465239,100.1893124,straight road,no slope,2022-10-18T14:20:00Z
7521261,18.10.2022 22:00,30.12.2022 09:25,Lampang,department of highways,private/passenger car,speeding,rollover/fallen on straight road,1,0,0,clear,18.25162607,99.49913979,other,other,2022-10-18T15:00:00Z
7419567,18.10.2022 23:15,30.11.2022 13:57,Chon Buri,department of highways,large truck with trailer,speeding,rollover/fallen on straight road,1,0,0,clear,13.32435214,101.0148105,straight road,no slope,2022-10-18T16:15:00Z
7565749,18.10.2022 23:45,20.01.2023 14:47,Phangnga,department of highways,private/passenger car,speeding,rollover/fallen on straight road,1,0,0,rainy,8.429522295,98.56716065,straight road,no slope,2022-10-18T16:45:00Z
7131845,18.10.2022 23:51,19.10.2022 09:36,Bangkok,department of highways,large truck with trailer,speeding,rear-end collision,2,0,1,clear,13.86556211,100.6775737,straight road,no slope,2022-10-18T16:51:00Z
7178647,19.10.2022 00:10,26.10.2022 09:36,Chumphon,department of highways,large truck with trailer,speeding,rollover/fallen on curved road,1,0,0,rainy,10.05810712,99.07488404,wide curve,no slope,2022-10-18T17:10:00Z
7438692,19.10.2022 01:30,7.12.2022 09:57,Chachoengsao,department of highways,van,speeding,rear-end collision,2,0,0,clear,13.6859827,101.414296,other,other,2022-10-18T18:30:00Z
7380473,19.10.2022 04:00,24.11.2022 14:41,Chaiyaphum,department of highways,4-wheel pickup truck,speeding,rollover/fallen on straight road,1,0,0,clear,16.27739902,102.2055812,straight road,no slope,2022-10-18T21:00:00Z
7212636,19.10.2022 04:46,31.10.2022 10:07,Chiang Rai,department of highways,motorcycle,speeding,rear-end collision,2,1,0,clear,19.76954826,99.73730116,straight road,no slope,2022-10-18T21:46:00Z
7567408,19.10.2022 05:00,23.01.2023 14:58,Trat,department of highways,4-wheel pickup truck,speeding,rollover/fallen on straight road,1,0,2,clear,11.81863184,102.8498214,straight road,no slope,2022-10-18T22:00:00Z
7332216,19.10.2022 05:50,7.11.2022 10:31,Roi Et,department of highways,4-wheel pickup truck,speeding,rollover/fallen on straight road,1,0,1,clear,16.16801101,103.6136618,straight road,no slope,2022-10-18T22:50:00Z
7332222,19.10.2022 06:00,17.11.2022 13:50,Sukhothai,department of highways,4-wheel pickup truck,speeding,rear-end collision,2,0,1,clear,16.82466589,99.79369815,straight road,no slope,2022-10-18T23:00:00Z
7439244,19.10.2022 06:00,7.12.2022 15:17,Chaiyaphum,department of highways,private/passenger car,speeding,collision with obstruction (on road surface),1,0,1,clear,15.79928497,102.1722058,other,other,2022-10-18T23:00:00Z
7332213,19.10.2022 07:30,28.10.2022 14:18,Tak,department of highways,4-wheel pickup truck,falling asleep,rollover/fallen on straight road,1,0,3,clear,16.98804546,99.11827146,straight road,no slope,2022-10-19T00:30:00Z
7561529,19.10.2022 07:55,17.01.2023 10:15,Bangkok,department of highways,motorcycle,speeding,rear-end collision,2,0,0,clear,13.78647014,100.3735211,straight road,no slope,2022-10-19T00:55:00Z
7564518,19.10.2022 09:00,19.01.2023 20:54,Krabi,department of highways,4-wheel pickup truck,speeding,rollover/fallen on straight road,1,0,0,rainy,8.106180002,98.94608973,straight road,no slope,2022-10-19T02:00:00Z
7138819,19.10.2022 10:15,20.10.2022 09:01,Pathum Thani,department of highways,6-wheel truck,speeding,rear-end collision,2,0,1,clear,14.01598308,100.7015419,straight road,no slope,2022-10-19T03:15:00Z
7132978,19.10.2022 10:38,19.10.2022 13:54,Bangkok,expressway authority of thailand,other,other,rear-end collision,2,0,0,clear,13.74118246,100.6280417,straight road,other,2022-10-19T03:38:00Z
7212679,19.10.2022 10:45,31.10.2022 10:11,Songkhla,department of highways,6-wheel truck,speeding,rollover/fallen on straight road,1,0,1,clear,6.766785796,100.4586357,straight road,no slope,2022-10-19T03:45:00Z
7557643,19.10.2022 11:50,12.01.2023 10:20,Phuket,department of highways,4-wheel pickup truck,speeding,rear-end collision,2,0,0,rainy,8.098684655,98.33610726,straight road,no slope,2022-10-19T04:50:00Z
7171336,19.10.2022 12:10,25.10.2022 09:19,Phetchaburi,department of rural roads,van,abrupt lane change,other,1,0,1,clear,12.826339,99.984793,straight road,no slope,2022-10-19T05:10:00Z
7570933,19.10.2022 13:00,26.01.2023 09:41,Ranong,department of highways,4-wheel pickup truck,speeding,rollover/fallen on straight road,1,0,1,rainy,9.922044022,98.63042055,straight road,no slope,2022-10-19T06:00:00Z
7565033,19.10.2022 13:30,20.01.2023 07:23,Pathum Thani,department of highways,private/passenger car,cutting in closely by people/vehicles/animals,rear-end collision,2,0,0,clear,14.04054092,100.5252134,straight road,no slope,2022-10-19T06:30:00Z
7194057,19.10.2022 14:15,28.10.2022 14:24,Sukhothai,department of highways,motorcycle,speeding,rear-end collision,2,0,0,clear,17.16908201,99.8648241,straight road,no slope,2022-10-19T07:15:00Z
7448575,19.10.2022 14:31,9.12.2022 15:33,Yasothon,department of highways,other,speeding,rollover/fallen on curved road,1,0,0,clear,16.01813978,104.3171167,wide curve,no slope,2022-10-19T07:31:00Z
7172019,19.10.2022 15:00,25.10.2022 10:47,Surat Thani,department of highways,motorcycle,cutting in closely by people/vehicles/animals,other,2,0,1,clear,8.784802334,99.1614282,connecting to public/commercial area,other,2022-10-19T08:00:00Z
7561738,19.10.2022 15:00,17.01.2023 14:10,Nakhon Nayok,department of highways,large truck with trailer,speeding,other,3,1,4,clear,14.25760605,101.072706,connecting to public/commercial area,other,2022-10-19T08:00:00Z
7332218,19.10.2022 15:04,26.10.2022 15:31,Sa Kaeo,department of highways,motorcycle,speeding,rear-end collision,2,1,1,clear,13.6411074,102.1013546,straight road,no slope,2022-10-19T08:04:00Z
7562518,19.10.2022 15:30,18.01.2023 09:18,Phatthalung,department of highways,7-10-wheel truck,speeding,rear-end collision,4,0,4,clear,7.606382936,100.0471955,straight road,no slope,2022-10-19T08:30:00Z
7277127,19.10.2022 16:00,9.11.2022 14:59,Kanchanaburi,department of highways,7-10-wheel truck,speeding,rollover/fallen on curved road,1,0,0,clear,14.84537596,98.67254196,wide curve,no slope,2022-10-19T09:00:00Z
7541563,19.10.2022 16:00,3.01.2023 09:36,Pattani,department of highways,4-wheel pickup truck,speeding,rollover/fallen on straight road,1,0,0,clear,6.801199971,101.2799308,straight road,no slope,2022-10-19T09:00:00Z
7193084,19.10.2022 16:10,28.10.2022 10:49,Sukhothai,department of highways,4-wheel pickup truck,speeding,rear-end collision,2,0,3,clear,17.54874888,99.89672898,wide curve,no slope,2022-10-19T09:10:00Z
7178511,19.10.2022 16:30,26.10.2022 09:12,Prachuap Khiri Khan,department of highways,private/passenger car,speeding,rollover/fallen on curved road,1,0,0,clear,11.22188385,99.42237763,wide curve,no slope,2022-10-19T09:30:00Z
7178675,19.10.2022 16:30,26.10.2022 09:43,Chumphon,department of highways,private/passenger car,speeding,rollover/fallen on curved road,1,0,0,rainy,10.51978342,99.11869793,other,other,2022-10-19T09:30:00Z
7414073,19.10.2022 17:30,28.11.2022 09:55,Nan,department of highways,private/passenger car,speeding,rollover/fallen on straight road,1,0,0,clear,18.75460466,100.7588473,straight road,no slope,2022-10-19T10:30:00Z
7518322,19.10.2022 17:30,29.12.2022 14:27,Nan,department of highways,private/passenger car,speeding,rollover/fallen on straight road,1,0,2,clear,18.84077565,100.6546622,other,other,2022-10-19T10:30:00Z
7171361,19.10.2022 18:00,25.10.2022 09:20,Loei,department of rural roads,motorcycle,speeding,other,1,0,1,clear,17.509069,101.750173,y-intersection,other,2022-10-19T11:00:00Z
7473416,19.10.2022 18:10,20.12.2022 11:10,Nakhon Phanom,department of highways,motorcycle,unfamiliarity with the route/unskilled driving,rollover/fallen on straight road,1,1,0,clear,17.71782226,104.2861152,straight road,no slope,2022-10-19T11:10:00Z
7553848,19.10.2022 18:30,7.01.2023 16:19,Pattani,department of highways,4-wheel pickup truck,speeding,rollover/fallen on straight road,1,0,0,clear,6.637008208,101.6292174,straight road,no slope,2022-10-19T11:30:00Z
7173096,19.10.2022 19:18,25.10.2022 14:15,Bangkok,department of highways,private/passenger car,speeding,rear-end collision,2,0,0,clear,13.72956229,100.745396,straight road,no slope,2022-10-19T12:18:00Z
7213286,19.10.2022 19:48,31.10.2022 12:16,Lamphun,department of highways,motorcycle,speeding,rear-end collision,2,1,0,clear,17.95630117,98.92157434,straight road,no slope,2022-10-19T12:48:00Z
7212409,19.10.2022 20:20,31.10.2022 09:43,Uttaradit,department of highways,4-wheel pickup truck,speeding,rollover/fallen on straight road,1,0,1,clear,17.70160789,100.1387715,straight road,no slope,2022-10-19T13:20:00Z
7446518,19.10.2022 21:10,9.12.2022 12:34,Phatthalung,department of highways,4-wheel pickup truck,speeding,rear-end collision,2,0,3,clear,7.373442281,100.1189259,other,other,2022-10-19T14:10:00Z
7140428,19.10.2022 21:12,20.10.2022 14:07,Bangkok,department of rural roads,private/passenger car,abrupt lane change,other,2,0,2,clear,13.671688,100.538745,straight road,slope area,2022-10-19T14:12:00Z
7378897,19.10.2022 21:20,24.11.2022 11:38,Maha Sarakham,department of highways,large truck with trailer,speeding,rear-end collision,2,0,0,clear,16.05180783,102.97009130000001,straight road,no slope,2022-10-19T14:20:00Z
7146160,19.10.2022 23:01,21.10.2022 10:49,Pathum Thani,department of highways,private/passenger car,speeding,rollover/fallen on straight road,1,0,1,clear,13.97095272,100.7129386,straight road,no slope,2022-10-19T16:01:00Z
7568146,19.10.2022 23:45,24.01.2023 10:19,buogkan,department of highways,private/passenger car,speeding,rollover/fallen on curved road,1,0,1,clear,18.34385976,103.6393064,wide curve,no slope,2022-10-19T16:45:00Z
7145929,19.10.2022 23:46,21.10.2022 10:07,Pathum Thani,department of highways,6-wheel truck,vehicle equipment failure,rollover/fallen on straight road,1,0,1,clear,14.15775706,100.6543511,straight road,no slope,2022-10-19T16:46:00Z
7473603,19.10.2022 23:50,20.12.2022 11:56,Suphan Buri,department of highways,4-wheel pickup truck,cutting in closely by people/vehicles/animals,rear-end collision,2,0,1,clear,14.40501175,100.158298,straight road,no slope,2022-10-19T16:50:00Z
7479779,20.10.2022 01:00,23.12.2022 09:54,Sukhothai,department of highways,private/passenger car,speeding,rollover/fallen on curved road,1,0,0,clear,17.17245192,99.8498252,wide curve,no slope,2022-10-19T18:00:00Z
7564368,20.10.2022 01:00,19.01.2023 14:12,Samut Sakhon,department of highways,7-10-wheel truck,speeding,rear-end collision,2,0,0,clear,13.57039035,100.2888545,straight road,no slope,2022-10-19T18:00:00Z
7568158,20.10.2022 01:00,24.01.2023 10:24,Nong Khai,department of highways,private/passenger car,falling asleep,rollover/fallen on curved road,1,0,1,clear,17.82788638,102.6098443,wide curve,no slope,2022-10-19T18:00:00Z
7517417,20.10.2022 01:30,29.12.2022 10:47,Saraburi,department of highways,4-wheel pickup truck,speeding,rollover/fallen on straight road,1,0,0,clear,14.40407522,100.8952014,straight road,no slope,2022-10-19T18:30:00Z
7569478,20.10.2022 01:49,25.01.2023 13:39,Nan,department of highways,private/passenger car,driving under the influence of alcohol,rollover/fallen on curved road,1,0,0,clear,19.07679564,100.8698478,wide curve,no slope,2022-10-19T18:49:00Z
7517958,20.10.2022 03:00,29.12.2022 11:09,Nakhon Ratchasima,department of highways,4-wheel pickup truck,speeding,rollover/fallen on curved road,1,0,1,clear,15.18277007,102.3393382,wide curve,no slope,2022-10-19T20:00:00Z
7564257,20.10.2022 03:00,19.01.2023 11:45,Loei,department of highways,4-wheel pickup truck,speeding,rollover/fallen on curved road,1,1,3,clear,17.45325673,101.7301664,wide curve,no slope,2022-10-19T20:00:00Z
7380537,20.10.2022 03:50,24.11.2022 14:42,Loburi,department of highways,4-wheel pickup truck,speeding,rollover/fallen on straight road,1,0,0,clear,15.077213,100.9006632,straight road,no slope,2022-10-19T20:50:00Z
7554559,20.10.2022 04:10,9.01.2023 13:27,Loburi,department of highways,private/passenger car,speeding,rollover/fallen on straight road,1,0,0,clear,14.79664437,100.6389588,straight road,no slope,2022-10-19T21:10:00Z
7145747,20.10.2022 05:30,21.10.2022 09:32,Prachuap Khiri Khan,department of highways,large truck with trailer,speeding,rollover/fallen on straight road,1,0,0,rainy,11.44930312,99.566828,straight road,no slope,2022-10-19T22:30:00Z