acc_code,incident_datetime,report_datetime,province_en,agency,vehicle_type,presumed_cause,accident_type,number_of_vehicles_involved,number_of_fatalities,number_of_injuries,weather_condition,latitude,longitude,road_description,slope_description,incident_time
7214114,20.10.2022 06:10,31.10.2022 14:56,Sa Kaeo,department of highways,4-wheel pickup truck,speeding,rollover/fallen on straight road,1,0,1,clear,13.7830303,102.2152921,straight road,no slope,2022-10-19T23:10:00Z
7514522,20.10.2022 07:30,28.12.2022 10:53,Kamphaeng Phet,department of highways,4-wheel pickup truck,vehicle equipment failure,rollover/fallen on curved road,1,0,0,clear,16.54760115,99.50823782,wide curve,no slope,2022-10-20T00:30:00Z
7568425,20.10.2022 07:38,24.01.2023 14:15,Chon Buri,department of highways,motorcycle,speeding,rear-end collision,2,1,0,clear,13.11554031,100.9732631,straight road,no slope,2022-10-20T00:38:00Z
7212214,20.10.2022 09:10,31.10.2022 09:12,Saraburi,department of highways,7-10-wheel truck,speeding,rear-end collision,2,0,2,clear,14.39943403,100.9268823,straight road,no slope,2022-10-20T02:10:00Z
7564379,20.10.2022 10:00,19.01.2023 14:18,Samut Sakhon,department of highways,private/passenger car,speeding,rear-end collision,3,0,0,clear,13.53188147,100.2063491,straight road,no slope,2022-10-20T03:00:00Z
7554402,20.10.2022 10:22,9.01.2023 11:07,Chiang Mai,department of highways,motorcycle,speeding,rear-end collision,2,0,0,clear,18.85009294,99.01392415,straight road,no slope,2022-10-20T03:22:00Z
7544443,20.10.2022 10:30,4.01.2023 14:22,Trang,department of highways,private/passenger car,speeding,rollover/fallen on curved road,1,0,0,clear,7.827622516,99.59149361,wide curve,no slope,2022-10-20T03:30:00Z
7140690,20.10.2022 10:36,20.10.2022 15:00,Nakhon Ratchasima,department of highways,private/passenger car,speeding,head-on collision (not overtaking),2,0,2,clear,15.14117822,101.8460914,wide curve,no slope,2022-10-20T03:36:00Z
7439397,20.10.2022 10:50,7.12.2022 10:52,Nakhon Sawan,department of highways,4-wheel pickup truck,cutting in closely by people/vehicles/animals,rear-end collision,2,0,4,clear,15.59387916,100.6461087,other,other,2022-10-20T03:50:00Z
7514449,20.10.2022 11:00,28.12.2022 09:39,Chiang Rai,department of highways,large truck with trailer,speeding,rollover/fallen on curved road,1,0,0,clear,19.6583321,100.0922164,wide curve,no slope,2022-10-20T04:00:00Z
7446237,20.10.2022 11:20,9.12.2022 11:42,Suphan Buri,department of highways,private/passenger car,falling asleep,rollover/fallen on straight road,1,1,1,clear,14.36420566,100.1829743,straight road,no slope,2022-10-20T04:20:00Z
7171876,20.10.2022 11:30,25.10.2022 10:32,Songkhla,department of highways,private/passenger car,falling asleep,rollover/fallen on straight road,1,0,2,clear,7.1473066,100.5628851,straight road,no slope,2022-10-20T04:30:00Z
7564378,20.10.2022 11:30,19.01.2023 14:17,Samut Sakhon,department of highways,7-10-wheel truck,speeding,rear-end collision,2,0,0,clear,13.52191354,100.1767476,other,other,2022-10-20T04:30:00Z
7560567,20.10.2022 11:55,16.01.2023 08:56,Suphan Buri,department of highways,4-wheel pickup truck,vehicle equipment failure,rollover/fallen on straight road,1,0,1,clear,14.47492283,100.1312506,straight road,no slope,2022-10-20T04:55:00Z
7564390,20.10.2022 12:35,19.01.2023 14:25,Samut Sakhon,department of highways,private/passenger car,vehicle equipment failure,rollover/fallen on straight road,1,0,0,clear,13.59264668,100.3528494,straight road,no slope,2022-10-20T05:35:00Z
7562774,20.10.2022 12:45,18.01.2023 11:11,Surat Thani,department of highways,4-wheel pickup truck,speeding,rear-end collision,2,0,0,clear,8.784617925,99.31668563,other,other,2022-10-20T05:45:00Z
7568379,20.10.2022 12:52,24.01.2023 14:03,Chon Buri,department of highways,large truck with trailer,speeding,other,2,0,0,clear,13.18633231,100.9972635,straight road,no slope,2022-10-20T05:52:00Z
7563095,20.10.2022 14:00,18.01.2023 14:12,Chumphon,department of highways,large truck with trailer,speeding,rear-end collision,3,0,0,rainy,9.980472623,99.06803675,other,other,2022-10-20T07:00:00Z
7179164,20.10.2022 14:30,26.10.2022 11:20,Nakhon Si Thammarat,department of highways,private/passenger car,speeding,rollover/fallen on straight road,1,0,3,rainy,8.856331038,99.89983498,straight road,no slope,2022-10-20T07:30:00Z
7173020,20.10.2022 15:13,25.10.2022 14:09,Samut Prakan,department of highways,private/passenger car,speeding,rear-end collision,2,0,0,clear,13.66841985,100.8463517,straight road,no slope,2022-10-20T08:13:00Z
7194010,20.10.2022 15:13,28.10.2022 14:13,Tak,department of highways,4-wheel pickup truck,speeding,rollover/fallen on straight road,1,0,0,clear,17.08295844,98.43362956,straight road,no slope,2022-10-20T08:13:00Z
7212417,20.10.2022 16:00,31.10.2022 09:40,Uttaradit,department of highways,6-wheel truck,falling asleep,rollover/fallen on straight road,1,0,1,clear,17.29415507,100.2334696,straight road,no slope,2022-10-20T09:00:00Z
7213140,20.10.2022 16:00,31.10.2022 11:36,Tak,department of highways,4-wheel pickup truck,vehicle equipment failure,rollover/fallen on straight road,1,0,1,clear,16.91664827,99.37462627,straight road,no slope,2022-10-20T09:00:00Z
7212419,20.10.2022 16:13,31.10.2022 09:42,Uttaradit,department of highways,private/passenger car,speeding,rear-end collision,3,0,1,clear,17.47217753,100.2362081,other,other,2022-10-20T09:13:00Z
7172990,20.10.2022 17:14,25.10.2022 14:00,Bangkok,department of highways,4-wheel pickup truck,speeding,rear-end collision,3,0,0,clear,13.72940335,100.7317623,straight road,no slope,2022-10-20T10:14:00Z
7379244,20.10.2022 17:20,24.11.2022 13:13,Maha Sarakham,department of highways,4-wheel pickup truck,speeding,rollover/fallen on straight road,1,0,0,clear,16.39155577,103.1201178,straight road,no slope,2022-10-20T10:20:00Z
7413741,20.10.2022 17:40,25.11.2022 13:40,Chai Nat,department of highways,private/passenger car,speeding,head-on collision (not overtaking),2,0,5,clear,15.1916104,100.1285121,straight road,no slope,2022-10-20T10:40:00Z
7568460,20.10.2022 17:50,24.01.2023 14:57,Phra Nakhon Si Ayutthaya,department of highways,4-wheel pickup truck,worn-out/tire blowout,rollover/fallen on straight road,1,0,0,clear,14.16572819,100.6499335,straight road,no slope,2022-10-20T10:50:00Z
7153154,20.10.2022 18:38,22.10.2022 11:07,Samut Prakan,department of highways,4-wheel pickup truck,speeding,rear-end collision,2,0,0,clear,13.66792727,100.8471161,straight road,no slope,2022-10-20T11:38:00Z
7561635,20.10.2022 19:00,17.01.2023 11:36,Bangkok,department of highways,motorcycle,speeding,rollover/fallen on straight road,1,0,2,clear,13.78408531,100.456962,straight road,no slope,2022-10-20T12:00:00Z
7152602,20.10.2022 19:09,22.10.2022 09:16,Bangkok,department of highways,4-wheel pickup truck,speeding,rear-end collision,2,0,0,clear,13.73184737,100.7110315,straight road,no slope,2022-10-20T12:09:00Z
7194223,20.10.2022 20:30,28.10.2022 14:49,Sukhothai,department of highways,4-wheel pickup truck,speeding,rollover/fallen on straight road,1,0,1,clear,17.45033465,99.6201825,wide curve,no slope,2022-10-20T13:30:00Z
7517842,20.10.2022 20:30,29.12.2022 11:19,Buri Ram,department of highways,large truck with trailer,speeding,rollover/fallen on straight road,1,0,1,clear,14.95736902,103.0668323,wide curve,slope area,2022-10-20T13:30:00Z
7561595,20.10.2022 21:00,17.01.2023 11:00,Bangkok,department of highways,private/passenger car,speeding,rear-end collision,2,0,0,clear,13.71382152,100.4062937,wide curve,no slope,2022-10-20T14:00:00Z
7172021,20.10.2022 22:00,25.10.2022 10:45,Surat Thani,department of highways,4-wheel pickup truck,falling asleep,rollover/fallen on straight road,1,0,1,rainy,8.736478782,99.16060476,straight road,no slope,2022-10-20T15:00:00Z
7568422,20.10.2022 22:18,24.01.2023 14:10,Chon Buri,department of highways,private/passenger car,speeding,rollover/fallen on straight road,1,0,0,clear,13.00490271,100.9941468,straight road,no slope,2022-10-20T15:18:00Z
7447265,20.10.2022 22:20,9.12.2022 10:15,Ubon Ratchathani,department of highways,4-wheel pickup truck,speeding,rollover/fallen on curved road,1,0,0,clear,15.20841155,105.4240014,wide curve,no slope,2022-10-20T15:20:00Z
7446508,20.10.2022 23:00,9.12.2022 12:06,Samut Sakhon,department of highways,4-wheel pickup truck,falling asleep,rollover/fallen on straight road,1,0,0,clear,13.58058316,100.1098856,other,other,2022-10-20T16:00:00Z
7378750,21.10.2022 00:06,24.11.2022 10:23,Krabi,department of highways,4-wheel pickup truck,speeding,rollover/fallen on straight road,1,0,0,rainy,8.32562552,98.77176861,straight road,no slope,2022-10-20T17:06:00Z
7558224,21.10.2022 00:45,12.01.2023 14:12,Si Sa Ket,department of highways,4-wheel pickup truck,speeding,rollover/fallen on straight road,2,0,0,clear,15.10995401,104.3600052,straight road,no slope,2022-10-20T17:45:00Z
7310453,21.10.2022 00:54,14.11.2022 10:58,Udon Thani,department of highways,motorcycle,speeding,rear-end collision,2,1,0,clear,17.78333567,102.2594011,straight road,no slope,2022-10-20T17:54:00Z
7567295,21.10.2022 01:00,23.01.2023 13:40,Chon Buri,department of highways,large truck with trailer,speeding,rollover/fallen on straight road,1,0,1,rainy,12.97329097,100.968351,straight road,no slope,2022-10-20T18:00:00Z
7560566,21.10.2022 01:30,16.01.2023 08:55,Suphan Buri,department of highways,private/passenger car,reversing vehicle,rollover/fallen on straight road,1,0,1,clear,14.47267635,100.1311433,straight road,no slope,2022-10-20T18:30:00Z
7562860,21.10.2022 01:30,18.01.2023 12:10,Surat Thani,department of highways,4-wheel pickup truck,speeding,rollover/fallen on straight road,1,0,0,rainy,8.661180291,99.33820991,straight road,no slope,2022-10-20T18:30:00Z
7557684,21.10.2022 02:19,12.01.2023 10:33,Chiang Mai,department of highways,4-wheel pickup truck,speeding,rollover/fallen on curved road,1,0,2,clear,18.49447245,98.67026208,wide curve,no slope,2022-10-20T19:19:00Z
7554500,21.10.2022 03:00,9.01.2023 12:56,Udon Thani,department of highways,other,speeding,rollover/fallen on straight road,1,0,0,clear,17.66772511,102.81582,wide curve,no slope,2022-10-20T20:00:00Z
7438771,21.10.2022 04:30,7.12.2022 10:19,Kanchanaburi,department of highways,private/passenger car,speeding,rollover/fallen on straight road,1,0,1,clear,14.00223703,99.56944583,straight road,no slope,2022-10-20T21:30:00Z
7193769,21.10.2022 05:40,28.10.2022 13:23,Khon Kaen,department of rural roads,4-wheel pickup truck,driving without headlights/illumination,other,2,0,1,clear,16.485373,102.883853,wide curve,no slope,2022-10-20T22:40:00Z
7146204,21.10.2022 05:50,21.10.2022 10:59,Chaiyaphum,department of highways,4-wheel pickup truck,speeding,rollover/fallen on straight road,1,0,0,clear,15.81467578,102.1405202,straight road,no slope,2022-10-20T22:50:00Z
7178648,21.10.2022 06:30,26.10.2022 09:37,Phetchaburi,department of highways,7-10-wheel truck,speeding,rollover/fallen on straight road,1,0,0,clear,12.67897049,99.88564341,straight road,no slope,2022-10-20T23:30:00Z
7439441,21.10.2022 06:30,7.12.2022 13:52,Pathum Thani,department of highways,passenger pickup truck,speeding,other,2,0,0,clear,14.08283173,100.5057044,connecting to public/commercial area,other,2022-10-20T23:30:00Z
7152576,21.10.2022 08:08,22.10.2022 09:10,Bangkok,department of highways,4-wheel pickup truck,speeding,rear-end collision,3,0,0,clear,13.91026936,100.6999862,straight road,no slope,2022-10-21T01:08:00Z
7568262,21.10.2022 08:51,24.01.2023 11:34,Samut Songkhram,department of highways,large passenger vehicle,worn-out/tire blowout,rollover/fallen on straight road,1,0,0,clear,13.34538716,99.87672941,straight road,no slope,2022-10-21T01:51:00Z
7568456,21.10.2022 09:22,24.01.2023 14:53,Bangkok,department of highways,4-wheel pickup truck,speeding,rollover/fallen on straight road,1,0,2,clear,13.73213137,100.7779071,straight road,no slope,2022-10-21T02:22:00Z
7448474,21.10.2022 09:55,9.12.2022 15:30,Roi Et,department of highways,private/passenger car,vehicle equipment failure,rear-end collision,2,0,0,clear,15.60795864,103.8014111,other,other,2022-10-21T02:55:00Z
7171498,21.10.2022 10:00,25.10.2022 09:40,Prachuap Khiri Khan,department of highways,large truck with trailer,speeding,rear-end collision,2,0,0,clear,11.83864896,99.78139131,straight road,no slope,2022-10-21T03:00:00Z
7172251,21.10.2022 10:00,25.10.2022 11:25,Surat Thani,department of highways,large truck with trailer,cutting in closely by people/vehicles/animals,rear-end collision,2,0,0,clear,8.929464802,99.27153824,straight road,no slope,2022-10-21T03:00:00Z
7557762,21.10.2022 10:10,12.01.2023 10:49,Nakhon Ratchasima,department of highways,4-wheel pickup truck,speeding,rollover/fallen on straight road,1,0,1,clear,15.52688462,102.7156079,straight road,no slope,2022-10-21T03:10:00Z
7481001,21.10.2022 10:20,23.12.2022 13:41,Phetchabun,department of highways,private/passenger car,cutting in closely by people/vehicles/animals,rear-end collision,2,0,1,clear,16.63511764,101.1613825,straight road,no slope,2022-10-21T03:20:00Z
7566958,21.10.2022 10:21,23.01.2023 07:43,Chon Buri,department of highways,other,speeding,rollover/fallen on straight road,1,0,0,clear,13.32772164,101.4285895,straight road,no slope,2022-10-21T03:21:00Z
7568376,21.10.2022 10:25,24.01.2023 14:02,Chon Buri,department of highways,private/passenger car,speeding,rear-end collision,3,0,0,clear,13.20707448,101.0040522,straight road,no slope,2022-10-21T03:25:00Z
7554370,21.10.2022 10:30,9.01.2023 10:46,Surat Thani,department of highways,large truck with trailer,speeding,rear-end collision,2,0,2,clear,9.163837003,99.37191188,other,other,2022-10-21T03:30:00Z
7554379,21.10.2022 11:00,9.01.2023 10:52,Chiang Mai,department of highways,motorcycle,speeding,rear-end collision,2,0,1,clear,18.84038218,99.01317984,straight road,no slope,2022-10-21T04:00:00Z
7568457,21.10.2022 11:00,24.01.2023 14:55,Bangkok,department of highways,large truck with trailer,vehicle equipment failure,collision with obstruction (on road surface),2,0,4,clear,13.85845815,100.67568,straight road,no slope,2022-10-21T04:00:00Z
7380481,21.10.2022 11:27,24.11.2022 15:05,Chon Buri,department of highways,4-wheel pickup truck,cutting in closely by people/vehicles/animals,rear-end collision,3,0,0,clear,13.23400299,100.9995407,straight road,no slope,2022-10-21T04:27:00Z
7212294,21.10.2022 11:30,31.10.2022 09:28,Nakhon Sawan,department of highways,4-wheel pickup truck,vehicle equipment failure,rollover/fallen on straight road,1,0,0,clear,15.72580598,100.1120058,straight road,no slope,2022-10-21T04:30:00Z
7171228,21.10.2022 12:25,25.10.2022 08:58,Chon Buri,department of highways,private/passenger car,speeding,rear-end collision,2,0,0,clear,13.46324017,101.0459912,straight road,no slope,2022-10-21T05:25:00Z
7152677,21.10.2022 13:20,22.10.2022 09:31,Bangkok,department of highways,private/passenger car,speeding,rear-end collision,4,0,0,clear,13.73281402,100.7018503,straight road,no slope,2022-10-21T06:20:00Z
7542194,21.10.2022 14:30,3.01.2023 12:15,Chiang Mai,department of highways,private/passenger car,speeding,rollover/fallen on curved road,1,0,0,clear,18.52587898,98.63738088,wide curve,no slope,2022-10-21T07:30:00Z
7481298,21.10.2022 14:37,23.12.2022 13:42,Phetchabun,department of highways,4-wheel pickup truck,cutting in closely by people/vehicles/animals,rear-end collision,2,0,1,clear,16.7228999,101.1849336,straight road,no slope,2022-10-21T07:37:00Z
7552473,21.10.2022 14:45,6.01.2023 10:11,Chiang Mai,department of highways,4-wheel pickup truck,worn-out/tire blowout,other,1,0,0,clear,18.23064806,98.55863927,wide curve,no slope,2022-10-21T07:45:00Z
7152879,21.10.2022 14:58,22.10.2022 10:08,Samut Prakan,department of highways,private/passenger car,speeding,rear-end collision,2,0,0,clear,13.66546435,100.8509409,straight road,no slope,2022-10-21T07:58:00Z
7350888,21.10.2022 15:00,20.11.2022 07:50,Satun,department of rural roads,motorcycle,medical condition,other,1,1,0,clear,6.823659,100.018505,straight road,no slope,2022-10-21T08:00:00Z
7565776,21.10.2022 15:50,20.01.2023 15:09,Phangnga,department of highways,4-wheel pickup truck,falling asleep,collision with obstruction (on road surface),3,3,1,clear,8.395453286,98.4499213,other,other,2022-10-21T08:50:00Z
7171340,21.10.2022 16:30,25.10.2022 09:15,Suphan Buri,department of highways,private/passenger car,cutting in closely by people/vehicles/animals,collision at intersection corner,2,2,1,clear,14.63939109,99.91499214,other,other,2022-10-21T09:30:00Z
7173378,21.10.2022 16:30,25.10.2022 15:03,Songkhla,department of highways,private/passenger car,running red lights/traffic signals,head-on collision (not overtaking),2,0,0,rainy,6.974860324,100.4794764,other,other,2022-10-21T09:30:00Z
7379436,21.10.2022 16:30,24.11.2022 13:41,Chon Buri,department of highways,4-wheel pickup truck,speeding,rollover/fallen on curved road,1,0,0,rainy,13.11985831,100.9866554,wide curve,no slope,2022-10-21T09:30:00Z
7564406,21.10.2022 16:30,19.01.2023 14:42,Samut Sakhon,department of highways,4-wheel pickup truck,running red lights/traffic signals,rollover/fallen on straight road,1,0,0,clear,13.52293346,100.1797959,straight road,no slope,2022-10-21T09:30:00Z
7152763,21.10.2022 17:20,22.10.2022 09:48,Bangkok,department of highways,6-wheel truck,speeding,rear-end collision,2,0,0,clear,13.71405082,100.7003268,straight road,no slope,2022-10-21T10:20:00Z
7380616,21.10.2022 17:34,24.11.2022 15:04,Chon Buri,department of highways,private/passenger car,speeding,rear-end collision,2,0,0,rainy,13.18286815,100.9961329,straight road,no slope,2022-10-21T10:34:00Z
7380617,21.10.2022 17:35,24.11.2022 15:03,Chon Buri,department of highways,private/passenger car,speeding,rear-end collision,2,0,0,rainy,13.18202144,100.9957836,straight road,no slope,2022-10-21T10:35:00Z
7561360,21.10.2022 17:40,17.01.2023 08:59,Bangkok,department of highways,4-wheel pickup truck,speeding,rollover/fallen on straight road,1,0,2,rainy,13.78077308,100.4333143,straight road,no slope,2022-10-21T10:40:00Z
7567482,21.10.2022 17:45,23.01.2023 16:08,Rayong,department of highways,large truck with trailer,speeding,rollover/fallen on straight road,1,0,1,rainy,12.78536538,101.1597138,straight road,no slope,2022-10-21T10:45:00Z
7380555,21.10.2022 17:47,24.11.2022 15:03,Chon Buri,department of highways,4-wheel pickup truck,speeding,rear-end collision,4,0,0,clear,13.23141419,101.0003132,straight road,no slope,2022-10-21T10:47:00Z
7561627,21.10.2022 18:00,17.01.2023 11:29,Bangkok,department of highways,motorcycle,cutting in closely by people/vehicles/animals,rear-end collision,2,0,2,clear,13.7863438,100.4641865,other,other,2022-10-21T11:00:00Z
7193771,21.10.2022 18:30,28.10.2022 13:24,Chanthaburi,department of rural roads,motorcycle,driving under the influence of alcohol,other,1,1,0,clear,12.992078,101.840743,straight road,no slope,2022-10-21T11:30:00Z
7527321,21.10.2022 18:50,31.12.2022 10:37,Bangkok,department of highways,private/passenger car,reversing vehicle,collision with obstruction (on road surface),2,0,1,clear,13.77323018,100.407785,straight road,no slope,2022-10-21T11:50:00Z
7563102,21.10.2022 19:30,18.01.2023 14:14,Chumphon,department of highways,private/passenger car,speeding,rollover/fallen on straight road,1,0,0,rainy,10.23376126,99.09692107,straight road,no slope,2022-10-21T12:30:00Z
7425307,21.10.2022 19:34,2.12.2022 14:53,Chon Buri,department of highways,4-wheel pickup truck,cutting in closely by people/vehicles/animals,rear-end collision,6,0,0,clear,13.20450546,101.0031284,straight road,no slope,2022-10-21T12:34:00Z
7171365,21.10.2022 20:12,25.10.2022 09:21,Lamphun,department of rural roads,motorcycle,driving under the influence of alcohol,other,2,1,0,clear,18.302817,98.809498,straight road,no slope,2022-10-21T13:12:00Z
7565343,21.10.2022 20:25,20.01.2023 10:21,Chanthaburi,department of highways,4-wheel pickup truck,speeding,rollover/fallen on straight road,1,1,0,rainy,12.69222426,101.9947153,straight road,no slope,2022-10-21T13:25:00Z
7187138,21.10.2022 21:00,27.10.2022 14:21,Yasothon,department of highways,6-wheel truck,speeding,rollover/fallen on straight road,1,0,0,clear,16.2987704,104.5169949,straight road,no slope,2022-10-21T14:00:00Z
7332241,21.10.2022 21:15,4.11.2022 14:29,Chiang Mai,department of highways,private/passenger car,speeding,rollover/fallen on curved road,1,0,1,clear,19.80363264,99.14881479,wide curve,no slope,2022-10-21T14:15:00Z
7194001,21.10.2022 23:20,28.10.2022 14:12,Tak,department of highways,large truck with trailer,speeding,rollover/fallen on straight road,1,0,1,clear,16.9648677,99.13118093,straight road,no slope,2022-10-21T16:20:00Z
7178479,22.10.2022 00:05,26.10.2022 09:06,Samut Prakan,department of rural roads,private/passenger car,tailgating,other,2,0,0,clear,13.652739,100.541348,straight road,no slope,2022-10-21T17:05:00Z
7565338,22.10.2022 01:00,20.01.2023 10:22,Chanthaburi,department of highways,4-wheel pickup truck,speeding,rollover/fallen on curved road,1,0,0,rainy,12.79504892,102.2606349,wide curve,no slope,2022-10-21T18:00:00Z
7212334,22.10.2022 01:20,31.10.2022 09:31,Saraburi,department of highways,private/passenger car,speeding,rollover/fallen on straight road,1,0,1,clear,14.70325837,100.7516268,wide curve,no slope,2022-10-21T18:20:00Z
7414209,22.10.2022 01:30,25.11.2022 14:16,Phetchaburi,department of highways,large truck with trailer,speeding,rollover/fallen on straight road,1,0,0,rainy,13.18725155,99.83368366,straight road,no slope,2022-10-21T18:30:00Z
7434945,22.10.2022 02:03,6.12.2022 14:48,Krabi,department of highways,4-wheel pickup truck,speeding,head-on collision (not overtaking),2,0,2,clear,8.262922754,99.04997261,other,other,2022-10-21T19:03:00Z
7180412,22.10.2022 02:50,26.10.2022 15:39,Sa Kaeo,department of highways,4-wheel pickup truck,speeding,rear-end collision,2,1,0,foggy,13.76077494,102.2716534,straight road,no slope,2022-10-21T19:50:00Z
7561644,22.10.2022 03:20,17.01.2023 11:45,Bangkok,department of highways,motorcycle,speeding,rollover/fallen on straight road,1,0,1,clear,13.78204171,100.417783,straight road,no slope,2022-10-21T20:20:00Z
7219930,22.10.2022 05:22,1.11.2022 11:12,Samut Prakan,expressway authority of thailand,other,other,side collision,2,0,1,clear,13.629106,100.52882,grade-separated intersection/ramps,other,2022-10-21T22:22:00Z
7564372,22.10.2022 06:10,19.01.2023 14:13,Samut Sakhon,department of highways,4-wheel pickup truck,speeding,rollover/fallen on straight road,1,0,1,clear,13.55042144,100.2635616,straight road,no slope,2022-10-21T23:10:00Z
7193061,22.10.2022 06:30,28.10.2022 10:43,Sakon Nakhon,department of highways,4-wheel pickup truck,speeding,rollover/fallen on straight road,1,0,2,clear,17.10461933,103.9953509,straight road,no slope,2022-10-21T23:30:00Z
7438659,22.10.2022 07:00,7.12.2022 11:48,Bangkok,department of highways,private/passenger car,speeding,rear-end collision,2,0,0,clear,13.6631643,100.4404812,straight road,no slope,2022-10-22T00:00:00Z
7568453,22.10.2022 07:08,24.01.2023 14:45,Chon Buri,department of highways,private/passenger car,debris/obstruction on the road,rollover/fallen on straight road,1,0,0,clear,13.07973954,100.9930202,straight road,no slope,2022-10-22T00:08:00Z
7178803,22.10.2022 07:30,26.10.2022 10:06,Songkhla,department of highways,4-wheel pickup truck,speeding,rollover/fallen on straight road,1,0,1,rainy,7.447525854,100.4505649,straight road,no slope,2022-10-22T00:30:00Z
7522011,22.10.2022 08:00,30.12.2022 12:31,Nonthaburi,department of highways,private/passenger car,loss of control,rollover/fallen on straight road,1,0,0,clear,13.94730205,100.3781203,straight road,no slope,2022-10-22T01:00:00Z
7216433,22.10.2022 08:30,31.10.2022 22:05,Phetchabun,department of highways,7-10-wheel truck,vehicle equipment failure,rollover/fallen on curved road,1,0,0,clear,16.73398896,101.3681352,wide curve,slope area,2022-10-22T01:30:00Z
7178477,22.10.2022 08:32,26.10.2022 09:06,Samut Prakan,department of rural roads,motorcycle,running red lights/traffic signals,other,2,0,1,clear,13.649812,100.541246,straight road,slope area,2022-10-22T01:32:00Z
7544462,22.10.2022 09:30,4.01.2023 14:31,Krabi,department of highways,motorcycle,speeding,rear-end collision,2,1,0,clear,8.22079648,98.80858225,straight road,no slope,2022-10-22T02:30:00Z
7567409,22.10.2022 10:00,23.01.2023 14:57,Trat,department of highways,private/passenger car,speeding,rollover/fallen on straight road,1,0,2,clear,11.91153194,102.8072222,straight road,no slope,2022-10-22T03:00:00Z
7332246,22.10.2022 10:29,4.11.2022 11:28,Lampang,department of highways,6-wheel truck,cutting in closely by people/vehicles/animals,rear-end collision,2,0,2,clear,18.32092848,99.34077947,straight road,no slope,2022-10-22T03:29:00Z
7554596,22.10.2022 10:30,9.01.2023 13:35,Chachoengsao,department of highways,private/passenger car,speeding,head-on collision (not overtaking),2,0,0,clear,13.63448146,101.3023272,straight road,no slope,2022-10-22T03:30:00Z
7569058,22.10.2022 10:47,25.01.2023 08:53,Bangkok,department of highways,large truck with trailer,speeding,rear-end collision,3,0,5,clear,13.73108133,100.7625326,straight road,no slope,2022-10-22T03:47:00Z
7159206,22.10.2022 11:00,23.10.2022 09:14,Chon Buri,department of highways,large truck with trailer,speeding,rear-end collision,2,0,0,clear,13.48596956,101.0465652,straight road,no slope,2022-10-22T04:00:00Z
7153567,22.10.2022 11:05,22.10.2022 12:56,Samut Prakan,department of highways,private/passenger car,speeding,rear-end collision,4,0,0,clear,13.66595694,100.8501765,straight road,no slope,2022-10-22T04:05:00Z
7153871,22.10.2022 11:28,22.10.2022 14:02,Bangkok,department of highways,private/passenger car,speeding,rear-end collision,4,0,0,clear,13.8236852,100.674524,straight road,no slope,2022-10-22T04:28:00Z
7153514,22.10.2022 11:30,22.10.2022 12:41,Samut Prakan,department of highways,private/passenger car,speeding,rear-end collision,2,0,0,clear,13.65659501,100.864706,straight road,no slope,2022-10-22T04:30:00Z
7566957,22.10.2022 11:30,23.01.2023 07:42,Chon Buri,department of highways,4-wheel pickup truck,speeding,rollover/fallen on straight road,2,0,1,clear,13.45877959,101.0726952,straight road,no slope,2022-10-22T04:30:00Z
7179820,22.10.2022 11:35,26.10.2022 13:57,Nakhon Si Thammarat,department of highways,4-wheel pickup truck,speeding,rear-end collision,2,0,1,clear,8.074605945,100.0344014,straight road,no slope,2022-10-22T04:35:00Z
7564005,22.10.2022 12:20,19.01.2023 09:35,Samut Sakhon,department of highways,4-wheel pickup truck,speeding,rollover/fallen on curved road,1,0,4,clear,13.50776465,100.1311242,wide curve,no slope,2022-10-22T05:20:00Z
7219496,22.10.2022 13:23,1.11.2022 10:07,Bangkok,expressway authority of thailand,other,other,side collision,4,0,0,clear,13.672386,100.611363,straight road,other,2022-10-22T06:23:00Z
7514418,22.10.2022 13:35,28.12.2022 09:41,Chiang Rai,department of highways,large truck with trailer,speeding,rollover/fallen on straight road,1,0,0,clear,19.44543927,100.0624439,straight road,no slope,2022-10-22T06:35:00Z
7277145,22.10.2022 14:00,9.11.2022 15:01,Kanchanaburi,department of highways,4-wheel pickup truck,falling asleep,rollover/fallen on straight road,1,0,13,clear,14.18871935,99.25594388,straight road,no slope,2022-10-22T07:00:00Z
7560608,22.10.2022 15:35,16.01.2023 09:58,Ang Thong,department of highways,motorcycle,speeding,rear-end collision,2,1,2,clear,14.68339234,100.4652232,straight road,no slope,2022-10-22T08:35:00Z
7568449,22.10.2022 15:42,24.01.2023 14:43,Chon Buri,department of highways,private/passenger car,speeding,rear-end collision,2,0,0,clear,12.99546812,100.9908128,straight road,no slope,2022-10-22T08:42:00Z
7186941,22.10.2022 16:00,27.10.2022 13:41,Nakhon Phanom,department of highways,private/passenger car,driving under the influence of alcohol,rollover/fallen on straight road,1,0,1,clear,17.39358518,104.7686344,straight road,no slope,2022-10-22T09:00:00Z
7474475,22.10.2022 16:50,20.12.2022 13:53,Ang Thong,department of highways,4-wheel pickup truck,slippery road,rollover/fallen on straight road,1,0,0,natural disaster,14.60566475,100.3493746,straight road,no slope,2022-10-22T09:50:00Z