acc_code,incident_datetime,report_datetime,province_en,agency,vehicle_type,presumed_cause,accident_type,number_of_vehicles_involved,number_of_fatalities,number_of_injuries,weather_condition,latitude,longitude,road_description,slope_description,incident_time
7558126,22.10.2022 17:00,12.01.2023 13:47,Chiang Mai,department of highways,other,speeding,rollover/fallen on straight road,1,0,0,clear,17.95456648,98.66784976,straight road,no slope,2022-10-22T10:00:00Z
7378445,22.10.2022 17:30,24.11.2022 09:36,Khon Kaen,department of highways,private/passenger car,speeding,rollover/fallen on straight road,1,0,0,clear,16.13414236,102.5339091,other,other,2022-10-22T10:30:00Z
7568448,22.10.2022 17:30,24.01.2023 14:43,Chon Buri,department of highways,4-wheel pickup truck,speeding,rollover/fallen on straight road,1,0,0,rainy,13.06729531,100.9956086,straight road,no slope,2022-10-22T10:30:00Z
7372479,22.10.2022 17:40,23.11.2022 14:04,Sukhothai,department of highways,motorcycle,speeding,rear-end collision,2,0,0,clear,17.14755935,99.85187976,straight road,no slope,2022-10-22T10:40:00Z
7414826,22.10.2022 18:30,25.11.2022 13:15,Chiang Mai,department of highways,van,speeding,pedestrian collision,1,1,0,clear,19.01995203,99.30853633,wide curve,no slope,2022-10-22T11:30:00Z
7156937,22.10.2022 18:36,22.10.2022 23:40,Bangkok,department of highways,private/passenger car,speeding,rear-end collision,4,0,0,clear,13.72949455,100.7426682,straight road,no slope,2022-10-22T11:36:00Z
7561610,22.10.2022 18:55,17.01.2023 11:05,Bangkok,department of highways,private/passenger car,speeding,rear-end collision,3,0,0,clear,13.78911804,100.40944,straight road,no slope,2022-10-22T11:55:00Z
7212638,22.10.2022 20:25,31.10.2022 10:05,Phayao,department of highways,4-wheel pickup truck,speeding,head-on collision (not overtaking),2,0,4,clear,19.15804222,99.91430549,other,other,2022-10-22T13:25:00Z
7564176,22.10.2022 21:00,19.01.2023 11:02,Samut Sakhon,department of highways,motorcycle,speeding,rollover/fallen on curved road,1,0,1,clear,13.56892826,100.2860102,other,other,2022-10-22T14:00:00Z
7554557,22.10.2022 21:54,9.01.2023 13:21,Trat,department of highways,motorcycle,running red lights/traffic signals,rear-end collision,2,0,0,clear,12.2191495,102.5014275,other,other,2022-10-22T14:54:00Z
7212588,23.10.2022 00:30,31.10.2022 10:03,Phayao,department of highways,private/passenger car,speeding,rollover/fallen on straight road,1,0,0,clear,19.11982514,99.90694283,straight road,no slope,2022-10-22T17:30:00Z
7567160,23.10.2022 01:10,23.01.2023 11:14,Phuket,department of highways,private/passenger car,driving under the influence of alcohol,rollover/fallen on curved road,1,0,0,clear,7.878034838,98.29130754,wide curve,no slope,2022-10-22T18:10:00Z
7570866,23.10.2022 02:00,26.01.2023 09:09,Ranong,department of highways,private/passenger car,speeding,rollover/fallen on straight road,1,0,1,clear,10.52879962,98.86756808,wide curve,no slope,2022-10-22T19:00:00Z
7178752,23.10.2022 02:30,26.10.2022 09:56,Songkhla,department of highways,4-wheel pickup truck,speeding,rollover/fallen on straight road,1,0,1,rainy,7.456714613,100.4446882,straight road,no slope,2022-10-22T19:30:00Z
7511719,23.10.2022 02:30,27.12.2022 13:20,Yasothon,department of highways,4-wheel pickup truck,worn-out/tire blowout,rollover/fallen on straight road,1,0,2,clear,15.63542248,104.3417796,straight road,no slope,2022-10-22T19:30:00Z
7567380,23.10.2022 02:30,23.01.2023 14:45,Trat,department of highways,large truck with trailer,speeding,rear-end collision,2,1,0,clear,12.25036513,102.6018937,straight road,no slope,2022-10-22T19:30:00Z
7564944,23.10.2022 03:00,20.01.2023 06:17,Samut Prakan,department of highways,4-wheel pickup truck,speeding,rear-end collision,2,0,2,clear,13.64951207,100.7147384,straight road,no slope,2022-10-22T20:00:00Z
7544494,23.10.2022 03:45,4.01.2023 14:49,Krabi,department of highways,4-wheel pickup truck,speeding,rollover/fallen on curved road,1,0,1,clear,8.08563192,98.8745445,wide curve,no slope,2022-10-22T20:45:00Z
7446192,23.10.2022 04:00,9.12.2022 09:22,Phatthalung,department of highways,large truck with trailer,speeding,rollover/fallen on straight road,1,0,0,rainy,7.616546673,100.0508621,straight road,no slope,2022-10-22T21:00:00Z
7563801,23.10.2022 04:15,19.01.2023 07:37,Phra Nakhon Si Ayutthaya,department of highways,private/passenger car,speeding,rollover/fallen on straight road,1,1,2,clear,14.25490246,100.6983742,straight road,no slope,2022-10-22T21:15:00Z
7560594,23.10.2022 04:30,16.01.2023 09:40,Suphan Buri,department of highways,4-wheel pickup truck,speeding,rollover/fallen on straight road,1,1,1,rainy,14.17536338,99.94976966,straight road,no slope,2022-10-22T21:30:00Z
7159712,23.10.2022 05:29,23.10.2022 11:08,Bangkok,department of highways,private/passenger car,speeding,rollover/fallen on straight road,1,0,0,clear,13.73387187,100.6922588,straight road,no slope,2022-10-22T22:29:00Z
7214116,23.10.2022 05:30,31.10.2022 14:59,Loburi,department of highways,4-wheel pickup truck,speeding,other,1,0,0,clear,14.85309163,100.6414014,straight road,no slope,2022-10-22T22:30:00Z
7323152,23.10.2022 05:30,16.11.2022 08:13,Chiang Mai,department of rural roads,4-wheel pickup truck,speeding,other,1,0,0,clear,18.744232,99.012433,wide curve,no slope,2022-10-22T22:30:00Z
7552902,23.10.2022 05:50,6.01.2023 15:45,Loei,department of highways,private/passenger car,falling asleep,rollover/fallen on straight road,1,0,2,clear,17.01242328,101.8865874,straight road,no slope,2022-10-22T22:50:00Z
7544465,23.10.2022 06:00,4.01.2023 14:32,Krabi,department of highways,4-wheel pickup truck,speeding,rollover/fallen on straight road,1,0,0,clear,8.228500013,98.80859837,straight road,no slope,2022-10-22T23:00:00Z
7561667,23.10.2022 06:20,17.01.2023 11:59,Bangkok,department of highways,private/passenger car,speeding,rear-end collision,2,0,5,clear,13.78423249,100.3954455,straight road,no slope,2022-10-22T23:20:00Z
7414503,23.10.2022 06:27,28.11.2022 15:09,Maha Sarakham,department of highways,private/passenger car,cutting in closely by people/vehicles/animals,rear-end collision,2,0,2,clear,16.04889895,102.9322734,other,other,2022-10-22T23:27:00Z
7514483,23.10.2022 06:35,28.12.2022 10:50,Tak,department of highways,private/passenger car,speeding,rear-end collision,2,0,2,clear,17.0891706,99.07251297,wide curve,slope area,2022-10-22T23:35:00Z
7192901,23.10.2022 07:00,28.10.2022 10:07,Prachuap Khiri Khan,department of highways,4-wheel pickup truck,speeding,rollover/fallen on curved road,1,0,0,clear,11.42046333,99.52252595,wide curve,no slope,2022-10-23T00:00:00Z
7310419,23.10.2022 07:00,14.11.2022 10:52,Loei,department of rural roads,motorcycle,speeding,other,1,1,0,clear,17.2702,101.603235,wide curve,no slope,2022-10-23T00:00:00Z
7213733,23.10.2022 07:30,31.10.2022 13:52,Loburi,department of highways,private/passenger car,speeding,rollover/fallen on straight road,2,1,0,clear,15.07857757,100.9916898,straight road,no slope,2022-10-23T00:30:00Z
7212805,23.10.2022 08:00,31.10.2022 10:32,Phrae,department of highways,4-wheel pickup truck,speeding,rollover/fallen on curved road,1,0,0,rainy,18.04254081,99.70125763,wide curve,slope area,2022-10-23T01:00:00Z
7212845,23.10.2022 08:30,31.10.2022 10:45,Phrae,department of highways,4-wheel pickup truck,speeding,rollover/fallen on curved road,1,0,0,clear,18.04586894,99.70035373,wide curve,slope area,2022-10-23T01:30:00Z
7332252,23.10.2022 08:37,4.11.2022 14:36,Chiang Mai,department of highways,4-wheel pickup truck,speeding,rollover/fallen on straight road,1,0,0,clear,18.7197538,98.97957176,straight road,no slope,2022-10-23T01:37:00Z
7159421,23.10.2022 09:09,23.10.2022 09:54,Bangkok,expressway authority of thailand,other,other,collision with obstruction (on road surface),1,0,0,clear,13.75140186,100.5927615,straight road,other,2022-10-23T02:09:00Z
7332251,23.10.2022 09:30,2.11.2022 08:57,Mukdahan,department of highways,4-wheel pickup truck,speeding,rear-end collision,2,1,0,clear,16.63644116,104.706261,straight road,no slope,2022-10-23T02:30:00Z
7556542,23.10.2022 10:00,11.01.2023 13:50,Chiang Mai,department of highways,private/passenger car,speeding,rear-end collision,2,0,0,clear,18.84374186,99.07422423,straight road,no slope,2022-10-23T03:00:00Z
7565336,23.10.2022 10:00,20.01.2023 10:20,Chanthaburi,department of highways,4-wheel pickup truck,speeding,head-on collision (not overtaking),2,0,4,clear,12.69718541,102.209571,straight road,no slope,2022-10-23T03:00:00Z
7568445,23.10.2022 10:05,24.01.2023 14:37,Bangkok,department of highways,large truck with trailer,speeding,rear-end collision,3,0,1,clear,13.67179231,100.6991038,straight road,no slope,2022-10-23T03:05:00Z
7160954,23.10.2022 11:00,23.10.2022 15:50,Chachoengsao,department of highways,private/passenger car,speeding,rear-end collision,3,0,0,clear,13.54863764,101.0009864,straight road,no slope,2022-10-23T04:00:00Z
7345445,23.10.2022 11:19,19.11.2022 11:03,Chon Buri,department of highways,private/passenger car,speeding,rear-end collision,2,0,0,clear,12.98002178,100.9853786,straight road,no slope,2022-10-23T04:19:00Z
7557443,23.10.2022 11:40,12.01.2023 09:24,Chiang Mai,department of highways,motorcycle,speeding,rear-end collision,2,0,1,clear,18.84223922,99.02120658,straight road,no slope,2022-10-23T04:40:00Z
7161055,23.10.2022 12:26,23.10.2022 16:13,Chachoengsao,department of highways,private/passenger car,speeding,rear-end collision,3,0,1,clear,13.55561017,100.9951392,straight road,no slope,2022-10-23T05:26:00Z
7565022,23.10.2022 12:30,20.01.2023 07:16,Pathum Thani,department of highways,4-wheel pickup truck,speeding,rear-end collision,4,0,1,clear,14.06536011,100.6052046,straight road,no slope,2022-10-23T05:30:00Z
7180142,23.10.2022 12:32,26.10.2022 15:03,Saraburi,department of rural roads,motorcycle,speeding,other,3,1,1,clear,14.572402,101.076304,t-intersection,other,2022-10-23T05:32:00Z
7345427,23.10.2022 12:42,19.11.2022 10:58,Chon Buri,department of highways,private/passenger car,speeding,rear-end collision,3,0,0,clear,12.98516544,100.9872025,straight road,no slope,2022-10-23T05:42:00Z
7214110,23.10.2022 13:00,31.10.2022 14:57,Yala,department of highways,private/passenger car,unfamiliarity with the route/unskilled driving,rollover/fallen on straight road,1,0,1,rainy,6.579128334,101.261681,straight road,no slope,2022-10-23T06:00:00Z
7161649,23.10.2022 13:52,23.10.2022 18:29,Samut Prakan,department of highways,private/passenger car,speeding,rear-end collision,2,0,0,clear,13.67236568,100.8402336,straight road,no slope,2022-10-23T06:52:00Z
7560601,23.10.2022 14:20,16.01.2023 09:50,Ang Thong,department of highways,4-wheel pickup truck,speeding,rollover/fallen on straight road,1,0,0,clear,14.63023116,100.47279,other,other,2022-10-23T07:20:00Z
7161650,23.10.2022 14:21,23.10.2022 18:27,Samut Prakan,department of highways,private/passenger car,speeding,rear-end collision,5,0,1,clear,13.65856803,100.8616483,straight road,no slope,2022-10-23T07:21:00Z
7561622,23.10.2022 15:00,17.01.2023 11:23,Bangkok,department of highways,private/passenger car,cutting in closely by people/vehicles/animals,rear-end collision,2,0,1,clear,13.68516961,100.4878034,other,other,2022-10-23T08:00:00Z
7560610,23.10.2022 16:10,16.01.2023 10:02,Loei,department of highways,4-wheel pickup truck,cutting in closely by people/vehicles/animals,rear-end collision,2,0,0,clear,17.31373249,101.9799122,straight road,no slope,2022-10-23T09:10:00Z
7514573,23.10.2022 16:40,28.12.2022 10:36,Sukhothai,department of highways,motorcycle,speeding,rear-end collision,2,0,3,clear,17.14947132,99.85240011,straight road,no slope,2022-10-23T09:40:00Z
7161724,23.10.2022 17:15,23.10.2022 18:44,Bangkok,expressway authority of thailand,other,other,side collision,2,0,1,clear,13.822078,100.528379,straight road,other,2022-10-23T10:15:00Z
7341002,23.10.2022 18:43,18.11.2022 19:59,Surin,department of highways,4-wheel pickup truck,cutting in closely by people/vehicles/animals,pedestrian collision,1,0,0,clear,14.61789455,103.7409836,straight road,no slope,2022-10-23T11:43:00Z
7568441,23.10.2022 18:50,24.01.2023 14:33,Chon Buri,department of highways,private/passenger car,speeding,collision with obstruction (on road surface),1,0,0,clear,12.84920444,100.9823987,straight road,no slope,2022-10-23T11:50:00Z
7171116,23.10.2022 18:56,25.10.2022 08:32,Pathum Thani,department of highways,private/passenger car,speeding,rear-end collision,5,0,2,clear,13.98739183,100.7133597,straight road,no slope,2022-10-23T11:56:00Z
7162980,23.10.2022 18:58,23.10.2022 23:07,Bangkok,expressway authority of thailand,other,other,collision with obstruction (on road surface),1,0,0,clear,13.79466929,100.5394874,straight road,other,2022-10-23T11:58:00Z
7444149,23.10.2022 18:58,8.12.2022 10:50,Bangkok,department of highways,private/passenger car,speeding,rear-end collision,2,0,0,clear,13.78356562,100.405371,straight road,no slope,2022-10-23T11:58:00Z
7162309,23.10.2022 19:53,23.10.2022 20:52,Samut Prakan,department of highways,private/passenger car,speeding,rear-end collision,2,0,0,clear,13.67137793,100.8417624,straight road,no slope,2022-10-23T12:53:00Z
7332254,23.10.2022 20:15,2.11.2022 14:48,Nakhon Phanom,department of highways,4-wheel pickup truck,driving under the influence of alcohol,rollover/fallen on straight road,1,0,1,clear,17.57427811,104.5941956,straight road,no slope,2022-10-23T13:15:00Z
7569138,23.10.2022 20:50,25.01.2023 09:26,Nan,department of highways,7-10-wheel truck,speeding,rollover/fallen on curved road,1,0,0,clear,19.58033174,101.0635918,wide curve,no slope,2022-10-23T13:50:00Z
7567480,23.10.2022 22:00,23.01.2023 16:05,Rayong,department of highways,7-10-wheel truck,speeding,rollover/fallen on straight road,1,0,0,rainy,12.78378074,101.1612806,straight road,no slope,2022-10-23T15:00:00Z
7163002,23.10.2022 22:31,23.10.2022 23:14,Samut Prakan,department of highways,private/passenger car,speeding,rear-end collision,7,0,0,clear,13.66595694,100.8501765,straight road,no slope,2022-10-23T15:31:00Z
7521765,23.10.2022 23:30,30.12.2022 11:25,Nonthaburi,department of highways,private/passenger car,loss of control,rollover/fallen on straight road,1,0,0,clear,13.92649895,100.4112677,straight road,no slope,2022-10-23T16:30:00Z
7192642,23.10.2022 23:40,28.10.2022 09:18,Ang Thong,department of highways,private/passenger car,speeding,rollover/fallen on straight road,1,1,0,clear,14.68033327,100.3907999,straight road,no slope,2022-10-23T16:40:00Z
7560563,24.10.2022 00:05,16.01.2023 08:51,Suphan Buri,department of highways,private/passenger car,speeding,rollover/fallen on curved road,1,0,0,clear,14.54446399,100.1310494,wide curve,no slope,2022-10-23T17:05:00Z
7323391,24.10.2022 00:30,16.11.2022 09:15,Nakhon Pathom,department of highways,4-wheel pickup truck,speeding,rollover/fallen on straight road,1,0,3,clear,13.74825651,100.3004444,straight road,no slope,2022-10-23T17:30:00Z
7558227,24.10.2022 00:35,12.01.2023 14:14,Si Sa Ket,department of highways,private/passenger car,speeding,rollover/fallen on straight road,1,0,1,clear,15.10303238,104.417116,straight road,no slope,2022-10-23T17:35:00Z
7193984,24.10.2022 00:45,28.10.2022 14:11,Tak,department of highways,4-wheel pickup truck,falling asleep,rollover/fallen on straight road,1,0,1,clear,17.11417352,98.40037821,straight road,no slope,2022-10-23T17:45:00Z
7481212,24.10.2022 02:16,23.12.2022 13:17,Phetchabun,department of highways,motorcycle,worn-out/tire blowout,rollover/fallen on straight road,1,0,1,clear,16.77130225,101.2275848,straight road,no slope,2022-10-23T19:16:00Z
7178481,24.10.2022 03:00,26.10.2022 09:06,Samut Prakan,department of rural roads,7-10-wheel truck,vehicle equipment failure,other,3,0,0,clear,13.64772,100.541415,straight road,slope area,2022-10-23T20:00:00Z
7445742,24.10.2022 03:00,9.12.2022 09:09,Chumphon,department of highways,7-10-wheel truck,speeding,rollover/fallen on straight road,1,0,1,clear,10.28346697,99.08618747,wide curve,no slope,2022-10-23T20:00:00Z
7439431,24.10.2022 03:26,7.12.2022 13:51,Bangkok,department of highways,motorcycle,speeding,other,2,0,1,clear,13.66445833,100.4421495,straight road,no slope,2022-10-23T20:26:00Z
7338549,24.10.2022 03:45,18.11.2022 11:42,Saraburi,department of rural roads,motorcycle,speeding,other,1,1,0,clear,14.886335,101.298063,straight road,no slope,2022-10-23T20:45:00Z
7568101,24.10.2022 05:33,24.01.2023 09:40,Prachuap Khiri Khan,department of highways,7-10-wheel truck,falling asleep,rear-end collision,2,0,1,clear,12.37492647,99.88731213,wide curve,no slope,2022-10-23T22:33:00Z
7560549,24.10.2022 08:20,16.01.2023 08:39,Suphan Buri,department of highways,private/passenger car,speeding,rollover/fallen on straight road,1,0,1,clear,14.80619184,99.98015104,straight road,no slope,2022-10-24T01:20:00Z
7332267,24.10.2022 08:30,4.11.2022 15:11,Phayao,department of highways,motorcycle,speeding,other,2,0,1,clear,19.15299666,99.91287708,connecting to public/commercial area,other,2022-10-24T01:30:00Z
7568439,24.10.2022 09:10,24.01.2023 14:29,Chon Buri,department of highways,private/passenger car,speeding,rear-end collision,2,0,0,clear,12.88274274,100.9728178,straight road,no slope,2022-10-24T02:10:00Z
7332270,24.10.2022 09:42,4.11.2022 15:07,Phayao,department of highways,4-wheel pickup truck,cutting in closely by people/vehicles/animals,collision at intersection corner,2,0,2,clear,19.14351897,99.91143341,other,other,2022-10-24T02:42:00Z
7554529,24.10.2022 11:15,9.01.2023 13:16,Phetchabun,department of highways,motorcycle,speeding,rollover/fallen on straight road,1,1,0,clear,16.85461716,101.1741699,straight road,no slope,2022-10-24T04:15:00Z
7172924,24.10.2022 13:00,25.10.2022 13:49,Mae Hong Son,department of rural roads,private/passenger car,tailgating,other,2,0,0,clear,19.483224,97.961196,sharp curve,slope area,2022-10-24T06:00:00Z
7168151,24.10.2022 13:09,24.10.2022 20:49,Chachoengsao,department of highways,4-wheel pickup truck,speeding,rear-end collision,3,0,2,clear,13.53055348,101.016224,straight road,no slope,2022-10-24T06:09:00Z
7194386,24.10.2022 13:20,28.10.2022 15:21,Sukhothai,department of highways,private/passenger car,speeding,rollover/fallen on straight road,1,0,1,clear,17.23956803,99.95740055,straight road,no slope,2022-10-24T06:20:00Z
7167021,24.10.2022 13:39,24.10.2022 16:48,Chon Buri,department of highways,private/passenger car,cutting in closely by people/vehicles/animals,rear-end collision,2,0,0,clear,13.10473322,100.9876934,straight road,no slope,2022-10-24T06:39:00Z
7167373,24.10.2022 14:15,24.10.2022 18:06,Samut Prakan,department of highways,6-wheel truck,speeding,rear-end collision,2,0,3,clear,13.62669014,100.9113926,straight road,no slope,2022-10-24T07:15:00Z
7332260,24.10.2022 14:30,26.10.2022 15:49,Phatthalung,department of highways,large passenger vehicle,speeding,rear-end collision,2,0,2,clear,7.596524706,100.0564465,straight road,no slope,2022-10-24T07:30:00Z
7561586,24.10.2022 14:30,17.01.2023 10:55,Bangkok,department of highways,4-wheel pickup truck,speeding,rear-end collision,2,0,0,clear,13.69405612,100.4076804,straight road,no slope,2022-10-24T07:30:00Z
7481191,24.10.2022 14:36,23.12.2022 14:00,Phetchabun,department of highways,motorcycle,running red lights/traffic signals,head-on collision (not overtaking),2,0,1,clear,16.73139464,101.1893687,other,other,2022-10-24T07:36:00Z
7554683,24.10.2022 15:00,9.01.2023 14:03,Surat Thani,department of highways,4-wheel pickup truck,cutting in closely by people/vehicles/animals,head-on collision (not overtaking),2,1,1,rainy,8.794103678,98.79529594,straight road,no slope,2022-10-24T08:00:00Z
7564381,24.10.2022 15:00,19.01.2023 14:15,Samut Sakhon,department of highways,4-wheel pickup truck,speeding,rear-end collision,2,0,0,clear,13.53166254,100.2056958,straight road,no slope,2022-10-24T08:00:00Z
7569078,24.10.2022 16:30,25.01.2023 09:04,Phrae,department of highways,motorcycle,cutting in closely by people/vehicles/animals,rear-end collision,2,0,2,clear,18.12280132,99.88375782,other,other,2022-10-24T09:30:00Z
7212495,24.10.2022 18:00,31.10.2022 09:51,Uttaradit,department of highways,private/passenger car,speeding,head-on collision (not overtaking),3,0,1,clear,17.63473061,100.0978812,other,other,2022-10-24T11:00:00Z
7562788,24.10.2022 18:30,18.01.2023 11:15,Surat Thani,department of highways,motorcycle,cutting in closely by people/vehicles/animals,rear-end collision,2,1,1,clear,9.239838306,99.69724011,straight road,no slope,2022-10-24T11:30:00Z
7564947,24.10.2022 18:30,20.01.2023 06:24,Samut Prakan,department of highways,motorcycle,cutting in closely by people/vehicles/animals,other,2,0,1,clear,13.61156814,100.7016465,connecting to public/commercial area,other,2022-10-24T11:30:00Z
7193062,24.10.2022 18:45,28.10.2022 10:44,Nakhon Sawan,department of highways,motorcycle,cutting in closely by people/vehicles/animals,head-on collision (not overtaking),2,0,1,clear,15.19588911,100.3670919,straight road,no slope,2022-10-24T11:45:00Z
7194012,24.10.2022 19:00,28.10.2022 14:13,Surat Thani,department of highways,private/passenger car,speeding,rollover/fallen on straight road,1,0,1,clear,9.102298018,99.31340753,straight road,no slope,2022-10-24T12:00:00Z
7213166,24.10.2022 19:00,31.10.2022 11:43,Lamphun,department of highways,motorcycle,speeding,rear-end collision,3,1,0,clear,18.42746634,98.86397658,straight road,no slope,2022-10-24T12:00:00Z
7185880,24.10.2022 19:50,27.10.2022 10:01,Nakhon Sawan,department of highways,4-wheel pickup truck,speeding,head-on collision (not overtaking),2,0,1,clear,15.8979166,99.47113483,other,other,2022-10-24T12:50:00Z
7171434,24.10.2022 20:34,25.10.2022 09:33,Bangkok,department of highways,4-wheel pickup truck,speeding,rear-end collision,3,0,2,clear,13.70189472,100.699667,straight road,no slope,2022-10-24T13:34:00Z
7480388,24.10.2022 21:00,23.12.2022 14:29,Phetchabun,department of highways,6-wheel truck,brake/anti-lock brake system failure,rollover/fallen on curved road,1,0,0,clear,17.04874814,101.4625034,wide curve,slope area,2022-10-24T14:00:00Z
7194418,24.10.2022 21:11,28.10.2022 15:25,Chiang Mai,department of highways,4-wheel pickup truck,speeding,collision with obstruction (on road surface),1,0,1,clear,18.87718134,99.0151888,straight road,no slope,2022-10-24T14:11:00Z
7332265,24.10.2022 23:10,4.11.2022 14:59,Songkhla,department of highways,private/passenger car,slippery road,rollover/fallen on straight road,1,0,0,rainy,6.976723973,100.4739122,straight road,no slope,2022-10-24T16:10:00Z
7562851,24.10.2022 23:20,18.01.2023 12:09,Surat Thani,department of highways,motorcycle,speeding,rear-end collision,2,1,1,rainy,8.628651446,99.35251682,straight road,no slope,2022-10-24T16:20:00Z
7556073,24.10.2022 23:50,11.01.2023 10:11,Kalasin,department of highways,4-wheel pickup truck,speeding,rollover/fallen on curved road,1,0,1,clear,16.91725003,103.2921535,other,other,2022-10-24T16:50:00Z
7187068,25.10.2022 00:04,27.10.2022 14:09,Sakon Nakhon,department of highways,4-wheel pickup truck,speeding,rollover/fallen on straight road,1,0,0,clear,17.38333897,103.7430382,straight road,no slope,2022-10-24T17:04:00Z
7214470,25.10.2022 00:30,31.10.2022 15:59,Sakon Nakhon,department of highways,other,speeding,rollover/fallen on straight road,1,0,0,clear,17.21386719,104.1031515,straight road,no slope,2022-10-24T17:30:00Z
7194447,25.10.2022 01:00,28.10.2022 15:30,Sukhothai,department of highways,4-wheel pickup truck,speeding,rear-end collision,2,0,1,clear,17.16336202,99.86196755,straight road,no slope,2022-10-24T18:00:00Z
7332277,25.10.2022 01:00,8.11.2022 14:45,Chanthaburi,department of highways,private/passenger car,speeding,rollover/fallen on curved road,1,0,1,clear,12.64051497,102.1719718,wide curve,no slope,2022-10-24T18:00:00Z
7536809,25.10.2022 01:30,2.01.2023 09:22,Pattani,department of highways,van,speeding,rollover/fallen on straight road,1,0,8,clear,6.816119739,101.1586198,straight road,no slope,2022-10-24T18:30:00Z
7371911,25.10.2022 01:40,23.11.2022 12:05,Chaiyaphum,department of highways,large truck with trailer,falling asleep,other,2,0,10,clear,15.42293431,101.8320608,straight road,no slope,2022-10-24T18:40:00Z
7171160,25.10.2022 02:20,25.10.2022 08:41,Ang Thong,department of highways,4-wheel pickup truck,speeding,rear-end collision,2,0,2,clear,14.62307229,100.4715854,straight road,no slope,2022-10-24T19:20:00Z
7527430,25.10.2022 04:00,31.12.2022 11:03,Khon Kaen,department of highways,private/passenger car,speeding,rollover/fallen on straight road,1,0,0,clear,16.24955581,102.7734251,straight road,no slope,2022-10-24T21:00:00Z
7473851,25.10.2022 04:30,20.12.2022 10:34,Chaiyaphum,department of highways,private/passenger car,speeding,rollover/fallen on straight road,1,0,0,clear,16.41057485,102.3727231,straight road,no slope,2022-10-24T21:30:00Z
7212154,25.10.2022 05:10,31.10.2022 09:03,Chai Nat,department of highways,large truck with trailer,other,rear-end collision,2,0,0,clear,15.27538538,100.0948182,straight road,no slope,2022-10-24T22:10:00Z
7448384,25.10.2022 05:40,9.12.2022 15:30,Roi Et,department of highways,large truck with trailer,speeding,rollover/fallen on curved road,1,0,0,clear,16.28880716,104.0016273,wide curve,no slope,2022-10-24T22:40:00Z
7568193,25.10.2022 06:00,24.01.2023 10:40,Phetchaburi,department of highways,large truck with trailer,falling asleep,rollover/fallen on straight road,1,0,0,clear,12.82777587,99.93602602,straight road,no slope,2022-10-24T23:00:00Z
7567410,25.10.2022 07:00,23.01.2023 14:58,Trat,department of highways,4-wheel pickup truck,speeding,rollover/fallen on straight road,1,1,1,clear,12.1201453,102.6943454,straight road,no slope,2022-10-25T00:00:00Z
7193765,25.10.2022 07:25,28.10.2022 13:22,Chiang Mai,department of rural roads,motorcycle,speeding,other,2,0,2,clear,19.863921,99.161151,straight road,no slope,2022-10-25T00:25:00Z
7561631,25.10.2022 08:00,17.01.2023 11:30,Bangkok,department of highways,motorcycle,speeding,rear-end collision,2,0,2,clear,13.78614583,100.4634677,other,other,2022-10-25T01:00:00Z
7554678,25.10.2022 08:30,9.01.2023 14:00,Trang,department of highways,motorcycle,speeding,head-on collision (not overtaking),2,0,0,clear,7.551670123,99.39643646,straight road,no slope,2022-10-25T01:30:00Z
7561535,25.10.2022 08:30,17.01.2023 10:21,Bangkok,department of highways,motorcycle,speeding,rear-end collision,2,0,2,clear,13.78584706,100.3838823,straight road,no slope,2022-10-25T01:30:00Z
7180474,25.10.2022 08:45,26.10.2022 15:46,Sa Kaeo,department of highways,van,speeding,rollover/fallen on straight road,1,0,0,clear,13.812324,102.0764932,lane-changing area,other,2022-10-25T01:45:00Z
7212324,25.10.2022 08:50,31.10.2022 09:31,Pathum Thani,department of rural roads,motorcycle,illegal overtaking,other,2,1,1,clear,13.977632,100.820326,straight road,no slope,2022-10-25T01:50:00Z
7180500,25.10.2022 09:30,26.10.2022 15:50,Songkhla,department of highways,private/passenger car,vehicle equipment failure,rollover/fallen on straight road,1,0,0,clear,6.677032692,100.4373255,straight road,no slope,2022-10-25T02:30:00Z
7186819,25.10.2022 10:50,27.10.2022 13:22,Suphan Buri,department of highways,motorcycle,cutting in closely by people/vehicles/animals,rear-end collision,2,0,2,clear,14.72217834,99.82466339,other,other,2022-10-25T03:50:00Z
7178509,25.10.2022 11:00,26.10.2022 09:14,Chaiyaphum,department of highways,private/passenger car,cutting in closely by people/vehicles/animals,rollover/fallen on straight road,1,0,0,clear,15.5768249,101.8883657,wide curve,no slope,2022-10-25T04:00:00Z
7187075,25.10.2022 11:00,27.10.2022 14:08,Sakon Nakhon,department of highways,motorcycle,speeding,rear-end collision,2,1,0,clear,17.38441148,103.7394681,connecting to public/commercial area,other,2022-10-25T04:00:00Z
7455665,25.10.2022 11:14,13.12.2022 10:50,Ubon Ratchathani,department of highways,other,speeding,rollover/fallen on straight road,1,0,0,clear,15.19423251,104.8828214,straight road,no slope,2022-10-25T04:14:00Z
7568259,25.10.2022 11:15,24.01.2023 11:32,Samut Songkhram,department of highways,4-wheel pickup truck,worn-out/tire blowout,rollover/fallen on straight road,1,0,0,clear,13.42944275,100.045417,straight road,no slope,2022-10-25T04:15:00Z
7555849,25.10.2022 11:25,11.01.2023 07:11,Kamphaeng Phet,department of highways,4-wheel pickup truck,speeding,rollover/fallen on curved road,1,0,0,clear,16.30041506,99.99713731,wide curve,no slope,2022-10-25T04:25:00Z