acc_code,incident_datetime,report_datetime,province_en,agency,vehicle_type,presumed_cause,accident_type,number_of_vehicles_involved,number_of_fatalities,number_of_injuries,weather_condition,latitude,longitude,road_description,slope_description,incident_time
7514493,25.10.2022 12:05,28.12.2022 11:37,Pattani,department of highways,other,speeding,rollover/fallen on straight road,1,0,0,clear,6.842329412,101.2251976,straight road,no slope,2022-10-25T05:05:00Z
7561728,25.10.2022 12:30,17.01.2023 14:05,Pathum Thani,department of highways,4-wheel pickup truck,slippery road,rollover/fallen on straight road,1,0,0,rainy,13.95400301,100.8389641,other,other,2022-10-25T05:30:00Z
7566733,25.10.2022 12:30,22.01.2023 07:21,Chachoengsao,department of highways,large truck with trailer,speeding,rollover/fallen on straight road,1,0,0,clear,13.65984254,101.1520082,straight road,no slope,2022-10-25T05:30:00Z
7476665,25.10.2022 12:40,21.12.2022 09:47,Khon Kaen,department of highways,4-wheel pickup truck,speeding,rear-end collision,2,0,2,clear,16.78500267,102.6286393,straight road,no slope,2022-10-25T05:40:00Z
7187046,25.10.2022 13:00,27.10.2022 14:04,buogkan,department of highways,private/passenger car,speeding,rear-end collision,2,0,4,clear,18.38172732,103.6070153,straight road,no slope,2022-10-25T06:00:00Z
7187071,25.10.2022 13:00,27.10.2022 14:05,buogkan,department of highways,7-10-wheel truck,speeding,rollover/fallen on curved road,1,0,2,clear,17.95810511,103.7723788,wide curve,no slope,2022-10-25T06:00:00Z
7380439,25.10.2022 13:09,24.11.2022 14:56,Chon Buri,department of highways,4-wheel pickup truck,speeding,rear-end collision,3,0,0,clear,13.17942222,100.9949756,straight road,no slope,2022-10-25T06:09:00Z
7437960,25.10.2022 13:44,7.12.2022 09:15,Khon Kaen,department of highways,7-10-wheel truck,brake/anti-lock brake system failure,head-on collision (not overtaking),2,0,1,clear,16.50463165,102.7954258,other,other,2022-10-25T06:44:00Z
7561490,25.10.2022 14:15,17.01.2023 09:58,Bangkok,department of highways,private/passenger car,speeding,rear-end collision,2,0,3,clear,13.78831052,100.3456315,straight road,no slope,2022-10-25T07:15:00Z
7261726,25.10.2022 14:25,7.11.2022 10:44,Nakhon Si Thammarat,department of rural roads,bicycle,speeding,other,3,0,2,clear,8.630144,99.927038,four-way intersection,other,2022-10-25T07:25:00Z
7564155,25.10.2022 14:25,19.01.2023 10:54,Samut Sakhon,department of highways,4-wheel pickup truck,speeding,rear-end collision,2,0,0,clear,13.57045741,100.2889846,straight road,no slope,2022-10-25T07:25:00Z
7178856,25.10.2022 15:39,26.10.2022 10:15,Samut Prakan,department of highways,private/passenger car,speeding,rear-end collision,3,0,0,clear,13.66595694,100.8501765,straight road,no slope,2022-10-25T08:39:00Z
7213136,25.10.2022 15:40,31.10.2022 11:38,Lamphun,department of highways,large truck with trailer,speeding,rollover/fallen on straight road,1,0,1,clear,18.45386535,99.19791697,straight road,no slope,2022-10-25T08:40:00Z
7564165,25.10.2022 15:40,19.01.2023 10:57,Samut Sakhon,department of highways,4-wheel pickup truck,speeding,rear-end collision,2,0,0,clear,13.53056093,100.2024314,straight road,no slope,2022-10-25T08:40:00Z
7561638,25.10.2022 15:41,17.01.2023 11:40,Bangkok,department of highways,private/passenger car,cutting in closely by people/vehicles/animals,rear-end collision,3,0,0,clear,13.78276459,100.4510249,straight road,no slope,2022-10-25T08:41:00Z
7194468,25.10.2022 15:50,28.10.2022 15:36,Sukhothai,department of highways,motorcycle,speeding,rear-end collision,2,0,1,clear,17.15808009,99.85805421,straight road,no slope,2022-10-25T08:50:00Z
7194498,25.10.2022 15:58,28.10.2022 15:41,Sukhothai,department of highways,private/passenger car,speeding,rear-end collision,2,0,0,clear,17.33054512,99.83938335,wide curve,no slope,2022-10-25T08:58:00Z
7212329,25.10.2022 17:30,31.10.2022 09:34,Yala,department of highways,4-wheel pickup truck,speeding,rollover/fallen on straight road,1,0,1,rainy,6.479520353,101.4470404,straight road,no slope,2022-10-25T10:30:00Z
7511431,25.10.2022 18:30,27.12.2022 09:09,Trat,department of highways,4-wheel pickup truck,speeding,pedestrian collision,1,1,0,clear,12.3162771,102.548114,straight road,no slope,2022-10-25T11:30:00Z
7212531,25.10.2022 19:30,31.10.2022 09:55,Uttaradit,department of highways,private/passenger car,speeding,rollover/fallen on curved road,1,1,0,clear,17.60070229,100.0167498,wide curve,no slope,2022-10-25T12:30:00Z
7558825,25.10.2022 23:00,13.01.2023 07:13,Sa Kaeo,department of highways,4-wheel pickup truck,speeding,rollover/fallen on straight road,1,0,0,foggy,13.69971359,102.5071433,straight road,no slope,2022-10-25T16:00:00Z
7212364,25.10.2022 23:50,31.10.2022 09:37,Sing Buri,department of highways,motorcycle,speeding,rollover/fallen on curved road,1,0,1,clear,14.88642713,100.3710776,wide curve,no slope,2022-10-25T16:50:00Z
7332292,26.10.2022 00:30,7.11.2022 09:03,Sakon Nakhon,department of highways,private/passenger car,speeding,rollover/fallen on straight road,1,0,1,clear,17.14249318,104.1127299,straight road,no slope,2022-10-25T17:30:00Z
7563794,26.10.2022 01:35,19.01.2023 07:33,Phra Nakhon Si Ayutthaya,department of highways,large truck with trailer,speeding,rear-end collision,2,1,0,clear,14.25346746,100.7629524,straight road,no slope,2022-10-25T18:35:00Z
7192899,26.10.2022 02:00,28.10.2022 10:06,Prachuap Khiri Khan,department of highways,4-wheel pickup truck,speeding,rollover/fallen on straight road,1,0,0,clear,12.5748214,99.94877456,straight road,no slope,2022-10-25T19:00:00Z
7219444,26.10.2022 04:25,1.11.2022 09:58,Bangkok,expressway authority of thailand,other,other,rollover/fallen on straight road,1,0,1,clear,13.841695,100.635158,y-intersection,other,2022-10-25T21:25:00Z
7413621,26.10.2022 04:30,25.11.2022 10:48,Chaiyaphum,department of highways,4-wheel pickup truck,speeding,rollover/fallen on straight road,1,0,0,clear,15.70442209,101.8419935,straight road,no slope,2022-10-25T21:30:00Z
7560595,26.10.2022 05:10,16.01.2023 09:44,Ang Thong,department of highways,private/passenger car,speeding,rollover/fallen on curved road,1,0,1,clear,14.60557001,100.2425167,other,other,2022-10-25T22:10:00Z
7179178,26.10.2022 05:30,26.10.2022 11:27,Sing Buri,department of highways,7-10-wheel truck,speeding,rear-end collision,2,0,1,clear,14.72502669,100.4551783,straight road,no slope,2022-10-25T22:30:00Z
7560663,26.10.2022 06:13,16.01.2023 10:59,Bangkok,expressway authority of thailand,other,other,side collision,1,0,0,clear,13.72534606,100.5525954,y-intersection,other,2022-10-25T23:13:00Z
7568416,26.10.2022 06:49,24.01.2023 14:10,Chon Buri,department of highways,7-10-wheel truck,speeding,rear-end collision,2,0,1,clear,13.01006415,100.9959143,straight road,no slope,2022-10-25T23:49:00Z
7565551,26.10.2022 07:50,20.01.2023 12:01,Chachoengsao,department of highways,large truck with trailer,speeding,rollover/fallen on straight road,1,0,0,clear,13.66414817,101.0494566,straight road,no slope,2022-10-26T00:50:00Z
7568149,26.10.2022 07:52,24.01.2023 10:19,Uttaradit,department of highways,4-wheel pickup truck,speeding,rollover/fallen on straight road,1,0,0,clear,17.52932197,100.2120817,straight road,no slope,2022-10-26T00:52:00Z
7192546,26.10.2022 08:19,28.10.2022 08:58,Phetchaburi,department of rural roads,6-wheel truck,tailgating,other,1,0,1,clear,12.686287,99.870879,wide curve,no slope,2022-10-26T01:19:00Z
7356926,26.10.2022 08:30,21.11.2022 08:31,Loburi,department of highways,private/passenger car,falling asleep,rollover/fallen on straight road,1,0,0,clear,15.0508021,100.9626683,straight road,no slope,2022-10-26T01:30:00Z
7561784,26.10.2022 09:00,17.01.2023 14:36,Nonthaburi,department of highways,private/passenger car,speeding,rear-end collision,6,0,0,clear,13.84386836,100.4128138,straight road,no slope,2022-10-26T02:00:00Z
7565557,26.10.2022 09:00,20.01.2023 12:01,Chachoengsao,department of highways,private/passenger car,speeding,rollover/fallen on straight road,1,0,1,clear,13.72844971,101.0335967,straight road,no slope,2022-10-26T02:00:00Z
7568475,26.10.2022 09:00,24.01.2023 15:16,Nan,department of highways,4-wheel pickup truck,worn-out/tire blowout,other,1,0,0,clear,18.9429088,100.7653999,wide curve,slope area,2022-10-26T02:00:00Z
7527280,26.10.2022 09:30,31.12.2022 10:31,Bangkok,department of highways,4-wheel pickup truck,speeding,rear-end collision,2,0,1,clear,13.68590322,100.4073049,straight road,no slope,2022-10-26T02:30:00Z
7413713,26.10.2022 10:00,25.11.2022 13:16,Nakhon Ratchasima,department of highways,other,speeding,rollover/fallen on straight road,1,0,0,clear,14.98271435,101.6818812,straight road,no slope,2022-10-26T03:00:00Z
7514597,26.10.2022 10:00,28.12.2022 10:45,Tak,department of highways,4-wheel pickup truck,worn-out/tire blowout,rollover/fallen on straight road,1,0,0,clear,17.05138682,99.07613127,straight road,no slope,2022-10-26T03:00:00Z
7180103,26.10.2022 10:10,26.10.2022 14:53,Nan,department of highways,4-wheel pickup truck,speeding,rear-end collision,4,0,0,clear,18.74622567,100.756495,straight road,no slope,2022-10-26T03:10:00Z
7563800,26.10.2022 10:12,19.01.2023 07:36,Phra Nakhon Si Ayutthaya,department of highways,large truck with trailer,speeding,collision with obstruction (on road surface),1,1,0,clear,14.29532038,100.8227415,straight road,no slope,2022-10-26T03:12:00Z
7214473,26.10.2022 10:30,31.10.2022 16:04,Suphan Buri,department of highways,motorcycle,cutting in closely by people/vehicles/animals,head-on collision (not overtaking),2,1,0,clear,14.95751645,99.64328973,straight road,no slope,2022-10-26T03:30:00Z
7476660,26.10.2022 10:30,21.12.2022 09:48,Nong Bua Lam Phu,department of highways,private/passenger car,speeding,rollover/fallen on straight road,1,0,0,clear,17.23566139,102.4872681,straight road,no slope,2022-10-26T03:30:00Z
7194690,26.10.2022 11:30,28.10.2022 16:16,Nakhon Sawan,department of highways,4-wheel pickup truck,speeding,rollover/fallen on straight road,1,0,1,clear,15.32478171,100.5725545,straight road,no slope,2022-10-26T04:30:00Z
7514535,26.10.2022 12:10,28.12.2022 10:37,Kamphaeng Phet,department of highways,4-wheel pickup truck,falling asleep,rollover/fallen on straight road,1,0,2,clear,16.57154708,99.44336592,straight road,no slope,2022-10-26T05:10:00Z
7185817,26.10.2022 12:20,27.10.2022 09:51,Bangkok,department of highways,4-wheel pickup truck,speeding,rear-end collision,3,0,0,clear,13.86902548,100.6784561,straight road,no slope,2022-10-26T05:20:00Z
7511559,26.10.2022 12:30,27.12.2022 13:12,Roi Et,department of highways,4-wheel pickup truck,speeding,head-on collision (not overtaking),2,0,3,clear,15.81910418,103.9205441,straight road,no slope,2022-10-26T05:30:00Z
7568106,26.10.2022 13:00,24.01.2023 09:37,Prachuap Khiri Khan,department of highways,other,speeding,rollover/fallen on straight road,1,0,0,clear,12.22068435,99.86476913,straight road,no slope,2022-10-26T06:00:00Z
7186259,26.10.2022 14:40,27.10.2022 11:23,Nakhon Ratchasima,department of highways,4-wheel pickup truck,speeding,rollover/fallen on straight road,1,0,0,clear,14.87012425,101.7415872,straight road,no slope,2022-10-26T07:40:00Z
7194526,26.10.2022 15:15,28.10.2022 15:48,Sukhothai,department of highways,4-wheel pickup truck,speeding,rear-end collision,2,0,1,clear,17.0662592,99.86815004,straight road,no slope,2022-10-26T08:15:00Z
7568268,26.10.2022 15:20,24.01.2023 11:39,Ratchaburi,department of highways,large truck with trailer,speeding,rollover/fallen on straight road,1,0,0,clear,13.36631219,99.8147714,straight road,no slope,2022-10-26T08:20:00Z
7564355,26.10.2022 16:40,19.01.2023 14:08,Samut Sakhon,department of highways,6-wheel truck,speeding,rear-end collision,2,0,0,clear,13.58069865,100.3087316,straight road,no slope,2022-10-26T09:40:00Z
7261753,26.10.2022 17:10,7.11.2022 10:45,buogkan,department of rural roads,van,speeding,other,1,1,0,clear,18.074148,103.957105,t-intersection,other,2022-10-26T10:10:00Z
7214179,26.10.2022 17:40,31.10.2022 15:06,Narathiwat,department of highways,motorcycle,speeding,rollover/fallen on straight road,1,0,1,clear,6.198216294,102.0371479,straight road,no slope,2022-10-26T10:40:00Z
7194330,26.10.2022 18:00,28.10.2022 15:13,Sakon Nakhon,department of highways,6-wheel truck,speeding,rollover/fallen on curved road,1,0,1,clear,16.84277752,103.9088899,wide curve,no slope,2022-10-26T11:00:00Z
7473651,26.10.2022 18:00,20.12.2022 10:30,Chaiyaphum,department of highways,6-wheel truck,unfamiliarity with the route/unskilled driving,other,1,0,0,clear,15.92201305,102.2789598,straight road,no slope,2022-10-26T11:00:00Z
7219953,26.10.2022 18:10,1.11.2022 11:15,Samut Prakan,expressway authority of thailand,4-wheel pickup truck,other,rear-end collision,2,0,1,clear,13.632673,100.674108,straight road,other,2022-10-26T11:10:00Z
7562789,26.10.2022 19:10,18.01.2023 11:16,Surat Thani,department of highways,7-10-wheel truck,speeding,rear-end collision,2,1,0,clear,9.011539733,99.26932848,straight road,no slope,2022-10-26T12:10:00Z
7213266,26.10.2022 19:20,31.10.2022 12:13,Lamphun,department of highways,4-wheel pickup truck,driving under the influence of alcohol,rollover/fallen on straight road,1,0,1,clear,18.03302277,99.0292248,straight road,no slope,2022-10-26T12:20:00Z
7448122,26.10.2022 19:30,9.12.2022 10:53,Chachoengsao,department of highways,4-wheel pickup truck,speeding,pedestrian collision,1,1,0,clear,13.65824938,101.1448177,straight road,no slope,2022-10-26T12:30:00Z
7544132,26.10.2022 20:00,4.01.2023 09:18,Khon Kaen,department of highways,6-wheel truck,speeding,rollover/fallen on straight road,1,0,0,clear,16.40602841,102.784292,other,other,2022-10-26T13:00:00Z
7187069,26.10.2022 20:01,27.10.2022 14:06,Samut Prakan,department of highways,private/passenger car,speeding,rear-end collision,2,0,0,clear,13.63791175,100.8937919,straight road,no slope,2022-10-26T13:01:00Z
7212149,26.10.2022 20:30,31.10.2022 09:04,Nakhon Sawan,department of highways,4-wheel pickup truck,speeding,rollover/fallen on curved road,1,0,0,clear,15.67105385,100.1267204,wide curve,no slope,2022-10-26T13:30:00Z
7518159,26.10.2022 21:00,29.12.2022 14:12,Phatthalung,department of highways,large truck with trailer,speeding,rollover/fallen on straight road,1,0,0,rainy,7.385944484,100.1123892,straight road,no slope,2022-10-26T14:00:00Z
7558353,26.10.2022 21:00,12.01.2023 14:54,Sa Kaeo,department of highways,6-wheel truck,speeding,rollover/fallen on curved road,1,0,0,rainy,14.14459954,102.6646507,wide curve,slope area,2022-10-26T14:00:00Z
7558354,26.10.2022 21:00,12.01.2023 14:53,Sa Kaeo,department of highways,4-wheel pickup truck,speeding,rollover/fallen on straight road,1,1,1,foggy,13.72182753,102.46527,straight road,no slope,2022-10-26T14:00:00Z
7563795,26.10.2022 21:03,19.01.2023 07:34,Phra Nakhon Si Ayutthaya,department of highways,large truck with trailer,speeding,rear-end collision,3,2,0,clear,14.22415332,100.7010417,straight road,no slope,2022-10-26T14:03:00Z
7193770,26.10.2022 21:15,28.10.2022 13:23,Chiang Mai,department of rural roads,motorcycle,speeding,other,1,0,1,clear,19.769233,99.12659,y-intersection,other,2022-10-26T14:15:00Z
7379269,26.10.2022 21:40,24.11.2022 13:15,Yasothon,department of highways,private/passenger car,speeding,collision at intersection corner,2,0,0,clear,15.77349164,104.1763007,other,other,2022-10-26T14:40:00Z
7446235,26.10.2022 22:35,9.12.2022 09:41,Chiang Mai,department of highways,4-wheel pickup truck,speeding,rollover/fallen on straight road,1,0,0,clear,18.82709006,99.04857829,straight road,no slope,2022-10-26T15:35:00Z
7565031,26.10.2022 23:30,20.01.2023 07:21,Pathum Thani,department of highways,large truck with trailer,speeding,rollover/fallen on straight road,1,0,0,clear,14.03554991,100.5252939,straight road,no slope,2022-10-26T16:30:00Z
7187855,27.10.2022 00:30,27.10.2022 16:24,Yasothon,department of highways,private/passenger car,speeding,collision with obstruction (on road surface),1,0,1,clear,16.13760266,104.4605291,other,other,2022-10-26T17:30:00Z
7518680,27.10.2022 02:00,29.12.2022 14:40,Pathum Thani,department of highways,large truck with trailer,speeding,rear-end collision,2,0,1,clear,14.06725822,100.6174592,straight road,no slope,2022-10-26T19:00:00Z
7561720,27.10.2022 02:00,17.01.2023 13:57,Pathum Thani,department of highways,4-wheel pickup truck,falling asleep,rear-end collision,2,0,0,clear,14.06622774,100.8633569,straight road,no slope,2022-10-26T19:00:00Z
7185789,27.10.2022 03:00,27.10.2022 09:47,Chanthaburi,department of highways,4-wheel pickup truck,speeding,rollover/fallen on curved road,1,1,1,rainy,12.9245482,102.0809725,wide curve,no slope,2022-10-26T20:00:00Z
7214219,27.10.2022 03:20,31.10.2022 15:13,Lampang,department of highways,private/passenger car,speeding,rollover/fallen on straight road,1,0,0,clear,18.29212036,99.42513494,straight road,no slope,2022-10-26T20:20:00Z
7568233,27.10.2022 03:30,24.01.2023 11:08,Ratchaburi,department of highways,private/passenger car,speeding,rollover/fallen on straight road,1,0,0,clear,13.5967506,99.68469808,straight road,no slope,2022-10-26T20:30:00Z
7332300,27.10.2022 04:00,7.11.2022 09:47,Roi Et,department of highways,private/passenger car,speeding,rollover/fallen on straight road,1,1,0,clear,16.28940085,104.0110125,other,other,2022-10-26T21:00:00Z
7332304,27.10.2022 04:00,8.11.2022 17:32,Songkhla,department of highways,large truck with trailer,falling asleep,collision with obstruction (on road surface),1,0,0,clear,7.083529155,100.6360008,straight road,no slope,2022-10-26T21:00:00Z
7560593,27.10.2022 04:00,16.01.2023 09:39,Suphan Buri,department of highways,4-wheel pickup truck,speeding,rollover/fallen on straight road,1,1,1,foggy,14.29658876,100.2346954,straight road,no slope,2022-10-26T21:00:00Z
7185774,27.10.2022 04:38,27.10.2022 09:40,Bangkok,department of highways,4-wheel pickup truck,speeding,rollover/fallen on straight road,1,0,0,rainy,13.77742693,100.6873503,straight road,no slope,2022-10-26T21:38:00Z
7276814,27.10.2022 05:30,9.11.2022 14:08,Songkhla,department of highways,4-wheel pickup truck,speeding,rollover/fallen on straight road,1,0,0,clear,7.332200094,100.4832874,straight road,no slope,2022-10-26T22:30:00Z
7564394,27.10.2022 05:45,19.01.2023 14:33,Nakhon Pathom,department of highways,4-wheel pickup truck,speeding,rollover/fallen on straight road,1,0,0,rainy,13.78106614,100.2375841,other,other,2022-10-26T22:45:00Z
7185971,27.10.2022 05:50,27.10.2022 10:18,Nakhon Sawan,department of highways,van,falling asleep,rollover/fallen on straight road,1,1,12,clear,15.76221661,100.098246,straight road,no slope,2022-10-26T22:50:00Z
7559234,27.10.2022 06:00,13.01.2023 11:11,Chiang Rai,department of highways,4-wheel pickup truck,speeding,rollover/fallen on curved road,1,0,1,clear,20.19945994,99.80271757,other,other,2022-10-26T23:00:00Z
7561726,27.10.2022 06:00,17.01.2023 14:03,Nakhon Nayok,department of highways,7-10-wheel truck,slippery road,rollover/fallen on straight road,1,0,0,rainy,14.29560109,101.0362615,straight road,no slope,2022-10-26T23:00:00Z
7192548,27.10.2022 07:20,28.10.2022 08:59,Krabi,department of rural roads,motorcycle,speeding,other,2,1,1,clear,8.175795,98.790696,t-intersection,other,2022-10-27T00:20:00Z
7185856,27.10.2022 07:52,27.10.2022 09:55,Bangkok,expressway authority of thailand,other,other,side collision,2,0,0,clear,13.74172934,100.6397472,grade-separated intersection/ramps,other,2022-10-27T00:52:00Z
7185884,27.10.2022 08:30,27.10.2022 10:00,Tak,department of highways,private/passenger car,speeding,other,1,0,0,clear,17.05723848,98.45426379,straight road,no slope,2022-10-27T01:30:00Z
7425137,27.10.2022 09:21,2.12.2022 13:44,Tak,department of highways,4-wheel pickup truck,speeding,rollover/fallen on curved road,1,0,0,clear,16.49886325,98.7424618,wide curve,no slope,2022-10-27T02:21:00Z
7562850,27.10.2022 09:30,18.01.2023 12:09,Surat Thani,department of highways,6-wheel truck,speeding,rollover/fallen on straight road,1,0,0,clear,8.714842622,99.33432876,straight road,no slope,2022-10-27T02:30:00Z
7568257,27.10.2022 09:30,24.01.2023 11:30,Samut Songkhram,department of highways,4-wheel pickup truck,speeding,rollover/fallen on straight road,1,0,0,clear,13.41959753,99.99170101,other,other,2022-10-27T02:30:00Z
7554566,27.10.2022 10:00,9.01.2023 13:29,Nakhon Pathom,department of highways,motorcycle,driving under the influence of alcohol,rollover/fallen on straight road,1,0,1,clear,13.83098735,100.1922539,straight road,no slope,2022-10-27T03:00:00Z
7564318,27.10.2022 11:15,19.01.2023 13:47,Samut Sakhon,department of highways,4-wheel pickup truck,speeding,rear-end collision,2,0,0,clear,13.53408438,100.2128777,straight road,no slope,2022-10-27T04:15:00Z
7207710,27.10.2022 11:30,30.10.2022 16:07,Prachin Buri,department of highways,motorcycle,speeding,rear-end collision,2,1,0,clear,14.09928232,101.409798,straight road,no slope,2022-10-27T04:30:00Z
7474228,27.10.2022 12:10,20.12.2022 13:11,Rayong,department of highways,private/passenger car,speeding,rollover/fallen on straight road,1,0,1,clear,12.96092638,101.2062653,straight road,no slope,2022-10-27T05:10:00Z
7187233,27.10.2022 12:30,27.10.2022 14:38,buogkan,department of highways,motorcycle,cutting in closely by people/vehicles/animals,rear-end collision,2,0,1,clear,17.99991222,103.7316951,connecting to public/commercial area,other,2022-10-27T05:30:00Z
7568434,27.10.2022 12:50,24.01.2023 14:23,Bangkok,department of highways,motorcycle,speeding,rear-end collision,2,0,0,clear,13.83733509,100.6731292,straight road,no slope,2022-10-27T05:50:00Z
7372496,27.10.2022 13:19,23.11.2022 14:05,Tak,department of highways,4-wheel pickup truck,speeding,rollover/fallen on straight road,1,0,0,clear,17.0647515,98.43399435,straight road,no slope,2022-10-27T06:19:00Z
7567318,27.10.2022 13:20,23.01.2023 13:56,Chon Buri,department of highways,large truck with trailer,speeding,rollover/fallen on curved road,1,0,0,clear,13.14039062,100.9146922,straight road,no slope,2022-10-27T06:20:00Z
7562797,27.10.2022 13:30,18.01.2023 11:23,Surat Thani,department of highways,4-wheel pickup truck,worn-out/tire blowout,rollover/fallen on straight road,1,0,1,rainy,9.108668552,99.731088,straight road,no slope,2022-10-27T06:30:00Z
7559236,27.10.2022 14:00,13.01.2023 11:12,Chiang Rai,department of highways,large truck with trailer,speeding,rollover/fallen on curved road,1,0,0,clear,19.70523331,99.39434588,wide curve,no slope,2022-10-27T07:00:00Z
7560749,27.10.2022 14:15,16.01.2023 12:13,Samut Prakan,expressway authority of thailand,4-wheel pickup truck,other,rear-end collision,2,0,3,clear,13.597115,100.79815,straight road,other,2022-10-27T07:15:00Z
7212297,27.10.2022 14:50,31.10.2022 09:29,Amnat Charoen,department of highways,4-wheel pickup truck,speeding,rollover/fallen on straight road,1,0,1,clear,16.12453926,105.0300425,straight road,no slope,2022-10-27T07:50:00Z
7277028,27.10.2022 15:30,9.11.2022 14:48,Kanchanaburi,department of highways,4-wheel pickup truck,speeding,rollover/fallen on curved road,1,1,1,clear,14.65674665,98.6037138,wide curve,no slope,2022-10-27T08:30:00Z
7562358,27.10.2022 15:48,18.01.2023 08:24,Phatthalung,department of highways,4-wheel pickup truck,debris/obstruction on the road,other,1,0,0,rainy,7.6376869,100.0410895,straight road,no slope,2022-10-27T08:48:00Z
7455659,27.10.2022 15:50,13.12.2022 10:49,Ubon Ratchathani,department of highways,large truck with trailer,speeding,rollover/fallen on straight road,1,0,1,clear,15.2246588,104.9646717,straight road,no slope,2022-10-27T08:50:00Z
7544124,27.10.2022 16:10,4.01.2023 09:03,Ubon Ratchathani,department of highways,4-wheel pickup truck,unfamiliarity with the route/unskilled driving,rollover/fallen on straight road,1,0,0,clear,16.01155013,105.2293172,straight road,no slope,2022-10-27T09:10:00Z
7372494,27.10.2022 16:50,23.11.2022 14:05,Tak,department of highways,large truck with trailer,speeding,other,1,0,0,rainy,16.7685053,98.71293403,wide curve,slope area,2022-10-27T09:50:00Z
7213034,27.10.2022 17:15,31.10.2022 11:16,Phrae,department of highways,4-wheel pickup truck,speeding,rollover/fallen on curved road,1,0,0,clear,18.04801626,99.69916819,wide curve,slope area,2022-10-27T10:15:00Z
7213538,27.10.2022 17:30,31.10.2022 13:14,Nakhon Ratchasima,department of highways,4-wheel pickup truck,speeding,rollover/fallen on straight road,1,0,0,clear,14.76972911,102.0403343,straight road,no slope,2022-10-27T10:30:00Z
7233698,27.10.2022 17:30,3.11.2022 08:59,Saraburi,department of rural roads,6-wheel truck,dangerous curve,other,1,1,3,clear,14.558564,101.084146,wide curve,slope area,2022-10-27T10:30:00Z
7517924,27.10.2022 17:45,29.12.2022 11:08,Nakhon Ratchasima,department of highways,private/passenger car,speeding,rollover/fallen on straight road,1,0,3,clear,15.139012,102.3127202,wide curve,no slope,2022-10-27T10:45:00Z
7564963,27.10.2022 17:45,20.01.2023 06:35,Bangkok,department of highways,6-wheel truck,speeding,rear-end collision,2,0,1,clear,13.66659287,100.6383705,straight road,no slope,2022-10-27T10:45:00Z
7193766,27.10.2022 18:05,28.10.2022 13:22,Chiang Mai,department of rural roads,motorcycle,cutting in closely by people/vehicles/animals,other,1,0,1,clear,19.903078,99.203972,straight road,no slope,2022-10-27T11:05:00Z
7562289,27.10.2022 18:30,18.01.2023 06:46,Nakhon Si Thammarat,department of highways,private/passenger car,speeding,rollover/fallen on straight road,1,0,1,clear,8.171615481,99.64177889,straight road,no slope,2022-10-27T11:30:00Z
7276771,27.10.2022 18:45,9.11.2022 13:39,Kanchanaburi,department of highways,4-wheel pickup truck,speeding,rollover/fallen on straight road,1,0,0,clear,14.68167729,98.66996436,straight road,no slope,2022-10-27T11:45:00Z
7193960,27.10.2022 19:00,28.10.2022 14:08,Nakhon Sawan,department of highways,large truck with trailer,falling asleep,rollover/fallen on straight road,1,0,0,clear,15.92922299,100.1121104,straight road,no slope,2022-10-27T12:00:00Z
7561578,27.10.2022 19:10,17.01.2023 10:54,Bangkok,department of highways,motorcycle,speeding,rear-end collision,2,0,2,clear,13.68204753,100.4065526,straight road,no slope,2022-10-27T12:10:00Z
7372443,27.10.2022 19:20,23.11.2022 13:51,Tak,department of highways,motorcycle,speeding,rollover/fallen on straight road,1,0,1,clear,16.86081603,99.13327573,straight road,no slope,2022-10-27T12:20:00Z
7517334,27.10.2022 20:10,29.12.2022 09:54,Lamphun,department of highways,4-wheel pickup truck,speeding,rollover/fallen on straight road,1,0,0,clear,18.57053459,99.01983707,straight road,no slope,2022-10-27T13:10:00Z
7564314,27.10.2022 20:25,19.01.2023 13:45,Bangkok,department of highways,private/passenger car,speeding,rear-end collision,3,0,0,clear,13.61029744,100.3777592,straight road,no slope,2022-10-27T13:25:00Z
7564341,27.10.2022 20:25,19.01.2023 14:01,Bangkok,department of highways,private/passenger car,speeding,rear-end collision,3,0,0,clear,13.60997324,100.3774371,straight road,no slope,2022-10-27T13:25:00Z
7568420,27.10.2022 21:08,24.01.2023 14:14,Bangkok,department of highways,private/passenger car,speeding,rear-end collision,2,0,1,clear,13.7294737,100.8105495,straight road,no slope,2022-10-27T14:08:00Z
7568365,27.10.2022 21:32,24.01.2023 13:52,Prachin Buri,department of highways,large truck with trailer,speeding,rollover/fallen on curved road,1,0,0,clear,14.31533819,101.8391633,wide curve,slope area,2022-10-27T14:32:00Z
7563059,27.10.2022 22:00,18.01.2023 14:03,Chumphon,department of highways,large truck with trailer,speeding,rear-end collision,2,0,0,clear,10.82536929,99.21339128,straight road,no slope,2022-10-27T15:00:00Z
7212317,27.10.2022 22:09,31.10.2022 09:30,Samut Prakan,department of rural roads,motorcycle,running red lights/traffic signals,other,2,1,0,clear,13.668177,100.538461,straight road,no slope,2022-10-27T15:09:00Z
7560540,27.10.2022 22:30,16.01.2023 08:29,Suphan Buri,department of highways,motorcycle,speeding,rear-end collision,2,1,1,clear,14.86591418,99.69342826,other,other,2022-10-27T15:30:00Z
7567484,27.10.2022 22:30,23.01.2023 16:07,Rayong,department of highways,private/passenger car,cutting in closely by people/vehicles/animals,head-on collision (not overtaking),2,0,1,clear,12.79749117,101.1503958,straight road,no slope,2022-10-27T15:30:00Z