acc_code,incident_datetime,report_datetime,province_en,agency,vehicle_type,presumed_cause,accident_type,number_of_vehicles_involved,number_of_fatalities,number_of_injuries,weather_condition,latitude,longitude,road_description,slope_description,incident_time
7564362,27.10.2022 22:50,19.01.2023 14:09,Samut Sakhon,department of highways,private/passenger car,speeding,rollover/fallen on straight road,1,0,0,clear,13.58415265,100.3153834,straight road,no slope,2022-10-27T15:50:00Z
7569474,27.10.2022 23:50,25.01.2023 13:37,Nan,department of highways,private/passenger car,speeding,rollover/fallen on straight road,1,0,0,clear,18.79679726,100.7967877,straight road,no slope,2022-10-27T16:50:00Z
7564531,28.10.2022 00:05,19.01.2023 21:15,Trang,department of highways,large truck with trailer,speeding,rollover/fallen on straight road,1,0,0,clear,7.952717372,99.60060775,straight road,no slope,2022-10-27T17:05:00Z
7378788,28.10.2022 00:25,24.11.2022 10:27,Kalasin,department of highways,private/passenger car,speeding,rollover/fallen on straight road,1,0,1,clear,16.52929904,103.2686023,straight road,no slope,2022-10-27T17:25:00Z
7205855,28.10.2022 01:00,30.10.2022 09:48,Bangkok,department of highways,private/passenger car,speeding,rollover/fallen on straight road,1,0,0,clear,13.91550765,100.7024217,other,other,2022-10-27T18:00:00Z
7560603,28.10.2022 01:50,16.01.2023 09:53,Ang Thong,department of highways,large passenger vehicle,speeding,rollover/fallen on straight road,1,0,2,clear,14.67589897,100.4694745,other,other,2022-10-27T18:50:00Z
7558223,28.10.2022 02:40,12.01.2023 14:12,Si Sa Ket,department of highways,4-wheel pickup truck,speeding,rollover/fallen on straight road,1,0,0,clear,15.11064445,104.35645,straight road,no slope,2022-10-27T19:40:00Z
7448479,28.10.2022 03:35,9.12.2022 15:04,Lamphun,department of highways,private/passenger car,speeding,rollover/fallen on straight road,1,0,1,clear,18.47817938,98.95678237,straight road,no slope,2022-10-27T20:35:00Z
7562785,28.10.2022 04:00,18.01.2023 11:17,Surat Thani,department of highways,7-10-wheel truck,speeding,rollover/fallen on straight road,1,0,0,clear,8.94833961,99.2421558,straight road,no slope,2022-10-27T21:00:00Z
7380595,28.10.2022 04:13,24.11.2022 14:55,Chon Buri,department of highways,6-wheel truck,speeding,rear-end collision,2,0,1,clear,13.25181443,100.9924717,straight road,no slope,2022-10-27T21:13:00Z
7568487,28.10.2022 04:18,24.01.2023 15:44,Phitsanulok,department of highways,4-wheel pickup truck,brake/anti-lock brake system failure,rollover/fallen on straight road,1,1,0,other,16.74629612,100.1108739,other,other,2022-10-27T21:18:00Z
7562708,28.10.2022 04:30,18.01.2023 10:40,Surat Thani,department of highways,4-wheel pickup truck,speeding,rollover/fallen on straight road,1,0,0,clear,9.10509343,99.30350214,other,other,2022-10-27T21:30:00Z
7212320,28.10.2022 04:56,31.10.2022 09:30,Samut Prakan,department of rural roads,private/passenger car,tailgating,other,3,0,0,clear,13.664229,100.526661,straight road,slope area,2022-10-27T21:56:00Z
7339718,28.10.2022 06:50,18.11.2022 15:35,Narathiwat,department of highways,6-wheel truck,speeding,rollover/fallen on curved road,1,0,1,rainy,6.406244124,101.8676135,wide curve,no slope,2022-10-27T23:50:00Z
7214524,28.10.2022 07:00,31.10.2022 16:14,Nakhon Ratchasima,department of highways,4-wheel pickup truck,speeding,rollover/fallen on straight road,1,0,0,clear,14.52965707,101.9656724,straight road,no slope,2022-10-28T00:00:00Z
7564310,28.10.2022 07:31,19.01.2023 13:45,Samut Sakhon,department of highways,private/passenger car,speeding,rollover/fallen on straight road,1,0,0,clear,13.6012092,100.3687503,straight road,no slope,2022-10-28T00:31:00Z
7447835,28.10.2022 08:30,9.12.2022 15:20,Uttaradit,department of highways,6-wheel truck,speeding,rear-end collision,2,1,0,clear,17.78044447,100.7132792,wide curve,no slope,2022-10-28T01:30:00Z
7561641,28.10.2022 08:30,17.01.2023 11:43,Bangkok,department of highways,private/passenger car,cutting in closely by people/vehicles/animals,rear-end collision,2,0,1,clear,13.78010065,100.4371612,straight road,no slope,2022-10-28T01:30:00Z
7564337,28.10.2022 09:35,19.01.2023 13:58,Samut Sakhon,department of highways,private/passenger car,speeding,rear-end collision,2,0,1,clear,13.53276452,100.20896,straight road,no slope,2022-10-28T02:35:00Z
7212331,28.10.2022 09:40,31.10.2022 09:33,Chon Buri,department of highways,other,speeding,rollover/fallen on curved road,1,0,0,clear,13.45326766,101.0149446,wide curve,no slope,2022-10-28T02:40:00Z
7560820,28.10.2022 10:00,16.01.2023 14:33,Bangkok,department of highways,other,speeding,rollover/fallen on straight road,1,0,0,clear,13.73086898,100.7198869,straight road,no slope,2022-10-28T03:00:00Z
7558325,28.10.2022 10:10,12.01.2023 14:39,Nakhon Ratchasima,department of highways,4-wheel pickup truck,speeding,rear-end collision,2,0,1,clear,15.11219578,102.2853624,straight road,no slope,2022-10-28T03:10:00Z
7568110,28.10.2022 10:50,24.01.2023 09:43,Prachuap Khiri Khan,department of highways,large truck with trailer,slippery road,rollover/fallen on straight road,1,0,1,clear,12.54919904,99.87344474,straight road,no slope,2022-10-28T03:50:00Z
7199530,28.10.2022 10:53,29.10.2022 09:31,Phra Nakhon Si Ayutthaya,department of highways,private/passenger car,speeding,rear-end collision,3,0,1,clear,14.183958,100.6396472,straight road,no slope,2022-10-28T03:53:00Z
7199564,28.10.2022 10:53,29.10.2022 09:39,Bangkok,department of highways,4-wheel pickup truck,speeding,rear-end collision,3,0,0,clear,13.84895548,100.6725928,straight road,no slope,2022-10-28T03:53:00Z
7560839,28.10.2022 11:00,16.01.2023 14:35,Bangkok,department of highways,other,speeding,rollover/fallen on straight road,1,0,0,clear,13.73001125,100.7276963,straight road,no slope,2022-10-28T04:00:00Z
7332326,28.10.2022 11:10,3.11.2022 09:04,Kamphaeng Phet,department of highways,6-wheel truck,brake/anti-lock brake system failure,rollover/fallen on straight road,1,0,0,clear,16.61312145,99.37284663,straight road,no slope,2022-10-28T04:10:00Z
7561793,28.10.2022 11:20,17.01.2023 14:41,Pathum Thani,department of highways,large truck with trailer,speeding,rollover/fallen on straight road,1,0,0,clear,14.00145192,100.4505261,straight road,no slope,2022-10-28T04:20:00Z
7380594,28.10.2022 11:38,24.11.2022 14:27,Chon Buri,department of highways,large truck with trailer,falling asleep,rollover/fallen on straight road,1,0,0,clear,13.03185468,100.9964427,straight road,no slope,2022-10-28T04:38:00Z
7565550,28.10.2022 12:00,20.01.2023 12:01,Chachoengsao,department of highways,7-10-wheel truck,speeding,rear-end collision,2,0,0,clear,13.7527429,101.4993274,straight road,no slope,2022-10-28T05:00:00Z
7568112,28.10.2022 12:00,24.01.2023 09:43,Prachuap Khiri Khan,department of highways,6-wheel truck,slippery road,rollover/fallen on straight road,1,0,0,clear,12.54820283,99.87356409,straight road,no slope,2022-10-28T05:00:00Z
7560527,28.10.2022 12:05,16.01.2023 07:08,Kanchanaburi,department of highways,6-wheel truck,speeding,rear-end collision,6,0,0,clear,13.89309832,99.79688107,straight road,no slope,2022-10-28T05:05:00Z
7563073,28.10.2022 13:00,18.01.2023 14:08,Chumphon,department of highways,van,cutting in closely by people/vehicles/animals,rear-end collision,2,0,1,clear,10.27797863,99.08397203,other,other,2022-10-28T06:00:00Z
7567485,28.10.2022 13:00,23.01.2023 16:09,Rayong,department of highways,6-wheel truck,cutting in closely by people/vehicles/animals,head-on collision (not overtaking),2,0,0,clear,12.99339161,101.2201681,straight road,no slope,2022-10-28T06:00:00Z
7568419,28.10.2022 13:00,24.01.2023 14:13,Samut Prakan,department of highways,private/passenger car,speeding,rear-end collision,3,0,0,clear,13.66595694,100.8501765,straight road,no slope,2022-10-28T06:00:00Z
7560825,28.10.2022 13:30,16.01.2023 14:34,Bangkok,department of highways,other,speeding,rollover/fallen on straight road,1,0,0,clear,13.70463469,100.822927,straight road,no slope,2022-10-28T06:30:00Z
7560534,28.10.2022 13:40,16.01.2023 07:32,Chai Nat,department of highways,other,speeding,rollover/fallen on straight road,1,0,0,clear,15.29194699,100.1930742,straight road,no slope,2022-10-28T06:40:00Z
7214143,28.10.2022 14:19,31.10.2022 15:01,Bangkok,department of highways,private/passenger car,speeding,rear-end collision,4,0,0,clear,13.73101359,100.7172918,straight road,no slope,2022-10-28T07:19:00Z
7569472,28.10.2022 14:30,25.01.2023 13:36,Nan,department of highways,4-wheel pickup truck,vehicle equipment failure,head-on collision (not overtaking),2,0,4,clear,18.64822998,101.0082579,wide curve,no slope,2022-10-28T07:30:00Z
7213005,28.10.2022 15:00,31.10.2022 11:12,Sakon Nakhon,department of highways,7-10-wheel truck,speeding,rollover/fallen on straight road,1,0,1,clear,17.08449163,104.1880247,straight road,no slope,2022-10-28T08:00:00Z
7554495,28.10.2022 15:00,9.01.2023 12:55,Chiang Mai,department of highways,motorcycle,speeding,rear-end collision,3,0,1,clear,18.89202512,99.01419103,straight road,no slope,2022-10-28T08:00:00Z
7560538,28.10.2022 15:00,16.01.2023 08:27,Suphan Buri,department of highways,private/passenger car,speeding,rollover/fallen on curved road,1,0,0,clear,14.42466648,100.1484691,wide curve,no slope,2022-10-28T08:00:00Z
7214254,28.10.2022 15:07,31.10.2022 15:17,Bangkok,department of highways,private/passenger car,speeding,rear-end collision,6,0,3,clear,13.729518,100.7435775,straight road,no slope,2022-10-28T08:07:00Z
7527289,28.10.2022 15:20,31.12.2022 10:33,Bangkok,department of highways,motorcycle,speeding,rear-end collision,2,0,1,clear,13.75921962,100.4060818,straight road,no slope,2022-10-28T08:20:00Z
7213287,28.10.2022 15:45,31.10.2022 12:16,Lampang,department of highways,4-wheel pickup truck,speeding,rollover/fallen on curved road,1,0,1,rainy,18.5413741,99.83950941,wide curve,slope area,2022-10-28T08:45:00Z
7203265,28.10.2022 15:46,29.10.2022 22:29,Chachoengsao,department of highways,private/passenger car,speeding,rear-end collision,5,0,0,clear,13.59760009,100.9565583,straight road,no slope,2022-10-28T08:46:00Z
7568117,28.10.2022 16:00,24.01.2023 09:45,Prachuap Khiri Khan,department of highways,4-wheel pickup truck,speeding,rollover/fallen on curved road,1,1,3,clear,11.22038817,99.419792,wide curve,no slope,2022-10-28T09:00:00Z
7568333,28.10.2022 16:00,24.01.2023 13:28,Phrae,department of highways,4-wheel pickup truck,failure to yield/signal,rear-end collision,2,0,0,rainy,18.00026424,99.80903147,wide curve,slope area,2022-10-28T09:00:00Z
7332336,28.10.2022 17:14,2.11.2022 10:13,Bangkok,department of highways,4-wheel pickup truck,speeding,rear-end collision,2,0,0,clear,13.72972435,100.7290533,straight road,no slope,2022-10-28T10:14:00Z
7329357,28.10.2022 17:20,17.11.2022 07:38,Nakhon Ratchasima,department of rural roads,motorcycle,speeding,other,2,0,1,clear,14.440508,101.842032,wide curve,no slope,2022-10-28T10:20:00Z
7443370,28.10.2022 17:20,8.12.2022 13:39,Buri Ram,department of highways,private/passenger car,speeding,rollover/fallen on straight road,1,0,0,clear,14.64176185,102.6886751,straight road,no slope,2022-10-28T10:20:00Z
7561628,28.10.2022 17:50,17.01.2023 11:28,Bangkok,department of highways,private/passenger car,speeding,rear-end collision,2,0,0,clear,13.68311081,100.4823974,straight road,no slope,2022-10-28T10:50:00Z
7568429,28.10.2022 18:10,24.01.2023 14:19,Chachoengsao,department of highways,private/passenger car,speeding,rear-end collision,5,0,0,clear,13.56816491,100.9846303,straight road,no slope,2022-10-28T11:10:00Z
7568399,28.10.2022 18:20,24.01.2023 14:05,Bangkok,department of highways,private/passenger car,speeding,rear-end collision,5,0,2,clear,13.7172351,100.8165881,straight road,no slope,2022-10-28T11:20:00Z
7261728,28.10.2022 18:30,7.11.2022 10:44,Loei,department of rural roads,bicycle,speeding,other,1,1,0,clear,17.450231,101.62375,wide curve,slope area,2022-10-28T11:30:00Z
7517212,28.10.2022 19:05,29.12.2022 09:55,Lamphun,department of highways,4-wheel pickup truck,speeding,rear-end collision,2,0,3,clear,18.53954568,98.93872975,other,other,2022-10-28T12:05:00Z
7481273,28.10.2022 20:20,23.12.2022 13:40,Phetchabun,department of highways,motorcycle,speeding,rear-end collision,2,0,1,clear,16.71677456,101.1815433,straight road,no slope,2022-10-28T13:20:00Z
7235034,28.10.2022 20:30,3.11.2022 13:53,Saraburi,department of rural roads,large passenger vehicle,abrupt lane change,other,2,1,1,clear,14.605919,101.008545,straight road,no slope,2022-10-28T13:30:00Z
7557440,28.10.2022 20:50,12.01.2023 09:22,Chiang Mai,department of highways,4-wheel pickup truck,speeding,rear-end collision,2,0,0,clear,18.87053576,99.01546082,straight road,no slope,2022-10-28T13:50:00Z
7212951,28.10.2022 22:00,31.10.2022 11:00,buogkan,department of highways,private/passenger car,speeding,rollover/fallen on straight road,1,0,0,clear,18.3340208,103.7078073,straight road,no slope,2022-10-28T15:00:00Z
7544125,28.10.2022 22:00,4.01.2023 09:01,Ubon Ratchathani,department of highways,4-wheel pickup truck,speeding,rollover/fallen on straight road,1,0,0,clear,16.0392144,105.2025354,straight road,no slope,2022-10-28T15:00:00Z
7564133,28.10.2022 22:20,19.01.2023 10:43,Samut Sakhon,department of highways,4-wheel pickup truck,speeding,rear-end collision,2,0,1,clear,13.56160241,100.2756292,straight road,no slope,2022-10-28T15:20:00Z
7212895,28.10.2022 22:36,31.10.2022 10:50,Nakhon Sawan,department of highways,4-wheel pickup truck,speeding,rear-end collision,2,1,0,clear,15.86603258,100.5846861,straight road,no slope,2022-10-28T15:36:00Z
7212828,28.10.2022 23:40,31.10.2022 10:39,Nakhon Ratchasima,department of highways,6-wheel truck,other,rear-end collision,2,0,0,clear,14.7370475,102.3809937,straight road,no slope,2022-10-28T16:40:00Z
7332366,29.10.2022 00:01,9.11.2022 10:21,Sing Buri,department of highways,private/passenger car,speeding,rollover/fallen on straight road,1,0,0,clear,14.85138052,100.3741166,wide curve,no slope,2022-10-28T17:01:00Z
7214080,29.10.2022 00:30,31.10.2022 14:51,Ratchaburi,department of highways,motorcycle,speeding,rear-end collision,2,3,0,clear,13.71882449,99.9031931,straight road,no slope,2022-10-28T17:30:00Z
7212829,29.10.2022 01:00,31.10.2022 10:36,buogkan,department of highways,other,speeding,rollover/fallen on straight road,1,0,0,clear,17.92866813,103.9521003,other,other,2022-10-28T18:00:00Z
7378571,29.10.2022 01:26,24.11.2022 09:55,Loei,department of highways,4-wheel pickup truck,debris/obstruction on the road,rollover/fallen on straight road,1,0,0,clear,17.48137624,101.6801324,straight road,no slope,2022-10-28T18:26:00Z
7477632,29.10.2022 01:30,22.12.2022 08:50,Nakhon Sawan,department of highways,motorcycle,speeding,rollover/fallen on curved road,1,1,0,clear,15.29075648,100.3167746,wide curve,no slope,2022-10-28T18:30:00Z
7372444,29.10.2022 02:50,23.11.2022 13:52,Tak,department of highways,private/passenger car,falling asleep,rollover/fallen on straight road,1,1,0,foggy,16.88226645,99.13647024,straight road,no slope,2022-10-28T19:50:00Z
7213445,29.10.2022 02:55,31.10.2022 12:52,Samut Prakan,department of rural roads,motorcycle,running red lights/traffic signals,other,2,1,0,clear,13.65865,100.539724,straight road,slope area,2022-10-28T19:55:00Z
7568154,29.10.2022 03:20,24.01.2023 10:20,Phitsanulok,department of highways,private/passenger car,speeding,rollover/fallen on straight road,1,0,3,clear,16.91264175,100.1869235,straight road,no slope,2022-10-28T20:20:00Z
7568099,29.10.2022 04:00,24.01.2023 09:38,Prachuap Khiri Khan,department of highways,4-wheel pickup truck,cutting in closely by people/vehicles/animals,rear-end collision,2,0,0,clear,12.30249826,99.8757273,straight road,no slope,2022-10-28T21:00:00Z
7372932,29.10.2022 04:13,23.11.2022 15:33,Sa Kaeo,department of highways,4-wheel pickup truck,speeding,rollover/fallen on straight road,1,0,0,clear,13.42909702,102.2000739,straight road,no slope,2022-10-28T21:13:00Z
7199977,29.10.2022 05:10,29.10.2022 11:06,Bangkok,department of highways,7-10-wheel truck,speeding,rear-end collision,2,0,0,clear,13.78161579,100.686146,straight road,no slope,2022-10-28T22:10:00Z
7557936,29.10.2022 05:30,12.01.2023 11:42,Nakhon Ratchasima,department of highways,large truck with trailer,speeding,rear-end collision,2,0,0,clear,15.18751639,102.0737336,connecting to school area,other,2022-10-28T22:30:00Z
7214073,29.10.2022 06:00,31.10.2022 14:53,Ratchaburi,department of highways,private/passenger car,speeding,rollover/fallen on curved road,1,1,0,clear,13.56190978,99.54011051,straight road,no slope,2022-10-28T23:00:00Z
7527428,29.10.2022 06:30,31.12.2022 11:01,Khon Kaen,department of highways,private/passenger car,speeding,head-on collision (not overtaking),2,0,2,clear,16.23732109,102.7689631,straight road,no slope,2022-10-28T23:30:00Z
7439523,29.10.2022 07:30,7.12.2022 14:19,Bangkok,department of highways,private/passenger car,speeding,rear-end collision,2,0,0,clear,13.6430975,100.41141,straight road,no slope,2022-10-29T00:30:00Z
7562721,29.10.2022 07:30,18.01.2023 10:42,Surat Thani,department of highways,4-wheel pickup truck,speeding,rollover/fallen on straight road,1,0,1,rainy,9.105687998,99.30144221,straight road,no slope,2022-10-29T00:30:00Z
7561640,29.10.2022 08:00,17.01.2023 11:41,Bangkok,department of highways,other,speeding,rollover/fallen on straight road,1,0,0,clear,13.78116506,100.4466307,straight road,no slope,2022-10-29T01:00:00Z
7562849,29.10.2022 08:00,18.01.2023 12:08,Surat Thani,department of highways,private/passenger car,speeding,head-on collision (not overtaking),2,0,1,rainy,8.829085431,99.16515242,straight road,no slope,2022-10-29T01:00:00Z
7564148,29.10.2022 08:10,19.01.2023 10:45,Samut Sakhon,department of highways,4-wheel pickup truck,speeding,rear-end collision,3,0,0,clear,13.54508037,100.2567832,straight road,no slope,2022-10-29T01:10:00Z
7213446,29.10.2022 08:30,31.10.2022 12:53,Samut Prakan,department of rural roads,passenger pickup truck,failure to yield right of way,other,2,0,3,clear,13.664555,100.535276,y-intersection,other,2022-10-29T01:30:00Z
7568255,29.10.2022 08:30,24.01.2023 11:29,Samut Songkhram,department of highways,large truck with trailer,speeding,rear-end collision,2,0,0,clear,13.34523299,99.86927237,straight road,no slope,2022-10-29T01:30:00Z
7560632,29.10.2022 09:00,16.01.2023 10:28,Suphan Buri,department of highways,6-wheel truck,overloaded vehicle,rollover/fallen on straight road,2,0,0,clear,14.15874014,100.1082051,other,other,2022-10-29T02:00:00Z
7564122,29.10.2022 09:00,19.01.2023 10:39,Samut Sakhon,department of highways,4-wheel pickup truck,speeding,rear-end collision,2,0,0,clear,13.54402569,100.2509293,straight road,no slope,2022-10-29T02:00:00Z
7561486,29.10.2022 09:30,17.01.2023 09:56,Bangkok,department of highways,large passenger vehicle,speeding,rear-end collision,2,0,1,clear,13.78832836,100.3452897,straight road,no slope,2022-10-29T02:30:00Z
7561532,29.10.2022 10:00,17.01.2023 10:17,Bangkok,department of highways,4-wheel pickup truck,cutting in closely by people/vehicles/animals,rear-end collision,3,0,0,clear,13.78667404,100.3739375,straight road,no slope,2022-10-29T03:00:00Z
7205965,29.10.2022 10:31,30.10.2022 10:12,Pathum Thani,department of highways,4-wheel pickup truck,speeding,rear-end collision,2,0,0,clear,14.06717609,100.6964645,straight road,no slope,2022-10-29T03:31:00Z
7380524,29.10.2022 11:02,24.11.2022 14:51,Chon Buri,department of highways,7-10-wheel truck,speeding,rear-end collision,2,0,0,clear,13.16562494,100.990326,straight road,no slope,2022-10-29T04:02:00Z
7332361,29.10.2022 11:22,2.11.2022 09:33,Samut Prakan,department of highways,private/passenger car,speeding,rear-end collision,3,0,0,clear,13.66891225,100.8455885,straight road,no slope,2022-10-29T04:22:00Z
7380559,29.10.2022 12:28,24.11.2022 14:09,Chon Buri,department of highways,private/passenger car,speeding,rear-end collision,5,0,0,clear,13.41867328,101.0468529,straight road,no slope,2022-10-29T05:28:00Z
7558352,29.10.2022 12:30,12.01.2023 14:52,Prachin Buri,department of highways,4-wheel pickup truck,speeding,head-on collision (not overtaking),3,0,7,clear,14.00077702,101.7151916,straight road,no slope,2022-10-29T05:30:00Z
7561599,29.10.2022 12:30,17.01.2023 11:02,Bangkok,department of highways,private/passenger car,speeding,rear-end collision,2,0,0,clear,13.76407573,100.4066572,straight road,no slope,2022-10-29T05:30:00Z
7565032,29.10.2022 13:00,20.01.2023 07:24,Pathum Thani,department of highways,private/passenger car,speeding,rollover/fallen on curved road,1,0,1,clear,14.03559879,100.452417,wide curve,no slope,2022-10-29T06:00:00Z
7568397,29.10.2022 13:09,24.01.2023 14:06,Bangkok,department of highways,private/passenger car,speeding,rear-end collision,2,0,0,clear,13.7090764,100.8206126,straight road,no slope,2022-10-29T06:09:00Z
7206056,29.10.2022 13:42,30.10.2022 10:32,Bangkok,department of highways,private/passenger car,speeding,rear-end collision,4,0,1,clear,13.8903826,100.6894746,straight road,no slope,2022-10-29T06:42:00Z
7568109,29.10.2022 14:00,24.01.2023 09:42,Prachuap Khiri Khan,department of highways,private/passenger car,cutting in closely by people/vehicles/animals,other,2,0,2,clear,12.44858169,99.96219099,connecting to public/commercial area,other,2022-10-29T07:00:00Z
7332363,29.10.2022 14:01,3.11.2022 09:01,Sukhothai,department of highways,4-wheel pickup truck,cutting in closely by people/vehicles/animals,head-on collision (not overtaking),2,0,0,clear,17.33767975,99.85025217,connecting to private area,other,2022-10-29T07:01:00Z
7340906,29.10.2022 14:50,18.11.2022 19:44,Surin,department of highways,4-wheel pickup truck,speeding,collision with obstruction (on road surface),1,0,0,clear,15.30083666,103.2917193,other,other,2022-10-29T07:50:00Z
7371317,29.10.2022 16:10,23.11.2022 10:08,Chiang Mai,department of highways,7-10-wheel truck,speeding,rollover/fallen on curved road,1,0,0,rainy,19.13816607,98.94801388,wide curve,slope area,2022-10-29T09:10:00Z
7564248,29.10.2022 16:30,19.01.2023 11:42,Tak,department of highways,van,running red lights/traffic signals,collision at intersection corner,2,1,1,clear,16.87228976,99.13273393,other,other,2022-10-29T09:30:00Z
7414721,29.10.2022 17:00,29.11.2022 11:04,Surat Thani,department of highways,4-wheel pickup truck,speeding,pedestrian collision,1,1,0,clear,8.568075684,99.11647169,other,other,2022-10-29T10:00:00Z
7372478,29.10.2022 18:00,23.11.2022 14:03,Tak,department of highways,private/passenger car,speeding,rollover/fallen on curved road,1,0,0,clear,16.7562833,98.72371718,wide curve,no slope,2022-10-29T11:00:00Z
7511523,29.10.2022 18:00,27.12.2022 13:10,Yasothon,department of highways,4-wheel pickup truck,cutting in closely by people/vehicles/animals,rear-end collision,2,0,2,clear,15.59086163,104.3912691,straight road,no slope,2022-10-29T11:00:00Z
7340908,29.10.2022 18:21,18.11.2022 19:42,Surin,department of highways,4-wheel pickup truck,speeding,rear-end collision,3,0,1,clear,14.82808073,103.4649346,straight road,no slope,2022-10-29T11:21:00Z
7332350,29.10.2022 18:30,31.10.2022 09:32,Suphan Buri,department of highways,motorcycle,speeding,rear-end collision,2,0,1,clear,14.60774635,100.1146424,wide curve,no slope,2022-10-29T11:30:00Z
7425438,29.10.2022 18:30,2.12.2022 14:23,Suphan Buri,department of highways,4-wheel pickup truck,cutting in closely by people/vehicles/animals,head-on collision (not overtaking),2,0,2,clear,14.16998281,100.0726685,straight road,no slope,2022-10-29T11:30:00Z
7568433,29.10.2022 18:45,24.01.2023 14:20,Pathum Thani,department of highways,4-wheel pickup truck,speeding,rollover/fallen on straight road,1,0,0,clear,14.13252588,100.668945,straight road,no slope,2022-10-29T11:45:00Z
7414803,29.10.2022 20:40,25.11.2022 11:37,Nakhon Ratchasima,department of highways,large truck with trailer,speeding,rear-end collision,2,0,1,clear,15.29200502,102.4163495,wide curve,no slope,2022-10-29T13:40:00Z
7207606,29.10.2022 21:00,30.10.2022 15:46,Bangkok,department of highways,4-wheel pickup truck,vehicle equipment failure,rollover/fallen on straight road,1,0,2,clear,13.86646051,100.677512,straight road,no slope,2022-10-29T14:00:00Z
7554467,29.10.2022 21:00,9.01.2023 12:08,Mae Hong Son,department of highways,4-wheel pickup truck,speeding,other,1,0,1,clear,19.44830484,98.31861912,wide curve,no slope,2022-10-29T14:00:00Z
7557612,29.10.2022 21:00,12.01.2023 10:11,Chiang Mai,department of highways,4-wheel pickup truck,speeding,rollover/fallen on straight road,1,0,0,clear,18.58751672,98.88718843,straight road,no slope,2022-10-29T14:00:00Z
7338551,29.10.2022 22:15,18.11.2022 11:43,Saraburi,department of rural roads,motorcycle,speeding,other,1,1,0,clear,14.296975,100.935098,straight road,no slope,2022-10-29T15:15:00Z
7379037,29.10.2022 22:30,24.11.2022 12:19,Khon Kaen,department of highways,4-wheel pickup truck,speeding,rollover/fallen on straight road,1,0,8,clear,16.55131124,102.8272194,straight road,no slope,2022-10-29T15:30:00Z
7458738,29.10.2022 22:45,15.12.2022 13:59,Maha Sarakham,department of highways,private/passenger car,speeding,rear-end collision,2,1,0,clear,16.19326058,103.2638334,wide curve,no slope,2022-10-29T15:45:00Z
7219975,29.10.2022 23:14,1.11.2022 11:19,Samut Prakan,expressway authority of thailand,other,other,rear-end collision,3,0,2,clear,13.634583,100.567552,straight road,other,2022-10-29T16:14:00Z
7219453,29.10.2022 23:35,1.11.2022 09:59,Bangkok,expressway authority of thailand,other,other,collision with obstruction (on road surface),1,0,1,clear,13.771321,100.606198,wide curve,other,2022-10-29T16:35:00Z
7214076,30.10.2022 00:10,31.10.2022 14:51,Songkhla,department of highways,private/passenger car,speeding,rollover/fallen on straight road,1,0,0,clear,7.069308606,100.5406603,straight road,no slope,2022-10-29T17:10:00Z
7561521,30.10.2022 01:00,17.01.2023 10:12,Bangkok,department of highways,private/passenger car,driving under the influence of alcohol,collision with obstruction (on road surface),1,0,0,clear,13.78753816,100.3637633,other,other,2022-10-29T18:00:00Z
7476721,30.10.2022 01:15,21.12.2022 09:57,Satun,department of highways,van,speeding,rollover/fallen on straight road,1,0,0,clear,6.876488667,100.1250178,straight road,no slope,2022-10-29T18:15:00Z
7564154,30.10.2022 01:20,19.01.2023 10:53,Samut Sakhon,department of highways,7-10-wheel truck,speeding,rear-end collision,3,0,2,clear,13.56160241,100.2756292,straight road,no slope,2022-10-29T18:20:00Z
7214637,30.10.2022 01:30,31.10.2022 16:30,Suphan Buri,department of highways,4-wheel pickup truck,falling asleep,rollover/fallen on straight road,1,0,0,clear,14.16903619,99.96267109,straight road,no slope,2022-10-29T18:30:00Z
7476098,30.10.2022 01:30,21.12.2022 08:58,Rayong,department of highways,bicycle,cutting in closely by people/vehicles/animals,head-on collision (not overtaking),2,0,1,clear,12.8282422,101.1295149,straight road,no slope,2022-10-29T18:30:00Z
7448429,30.10.2022 01:40,9.12.2022 15:02,Phayao,department of highways,motorcycle,speeding,rollover/fallen on curved road,1,1,0,clear,19.15449221,99.9451798,wide curve,no slope,2022-10-29T18:40:00Z
7456111,30.10.2022 01:51,24.11.2022 14:06,Chon Buri,department of highways,private/passenger car,speeding,rear-end collision,2,0,0,clear,13.32180702,101.012894,straight road,no slope,2022-10-29T18:51:00Z
7565330,30.10.2022 04:29,20.01.2023 10:17,Chanthaburi,department of highways,4-wheel pickup truck,cutting in closely by people/vehicles/animals,rollover/fallen on straight road,1,0,0,clear,12.93554875,102.4720251,straight road,no slope,2022-10-29T21:29:00Z
7560539,30.10.2022 04:30,16.01.2023 08:25,Suphan Buri,department of highways,4-wheel pickup truck,falling asleep,rollover/fallen on straight road,1,0,0,clear,14.3506691,100.1879109,straight road,no slope,2022-10-29T21:30:00Z
7439533,30.10.2022 04:50,7.12.2022 14:23,Kamphaeng Phet,department of highways,private/passenger car,speeding,rollover/fallen on curved road,1,0,0,clear,16.49009846,99.48361382,wide curve,no slope,2022-10-29T21:50:00Z
7568492,30.10.2022 06:10,24.01.2023 15:45,Uttaradit,department of highways,4-wheel pickup truck,speeding,rollover/fallen on curved road,1,0,1,clear,17.51999141,100.1154899,wide curve,no slope,2022-10-29T23:10:00Z