acc_code,incident_datetime,report_datetime,province_en,agency,vehicle_type,presumed_cause,accident_type,number_of_vehicles_involved,number_of_fatalities,number_of_injuries,weather_condition,latitude,longitude,road_description,slope_description,incident_time
7563783,30.10.2022 06:38,19.01.2023 07:29,Phra Nakhon Si Ayutthaya,department of highways,motorcycle,cutting in closely by people/vehicles/animals,rear-end collision,2,1,0,clear,14.27934409,100.8106421,straight road,no slope,2022-10-29T23:38:00Z
7276980,30.10.2022 07:00,9.11.2022 14:43,Kamphaeng Phet,department of highways,private/passenger car,falling asleep,rear-end collision,2,0,1,clear,16.4928585,99.89448419,straight road,no slope,2022-10-30T00:00:00Z
7562798,30.10.2022 07:00,18.01.2023 11:23,Surat Thani,department of highways,4-wheel pickup truck,speeding,rollover/fallen on straight road,1,0,0,clear,8.93897561,99.26078459,straight road,no slope,2022-10-30T00:00:00Z
7558206,30.10.2022 07:30,12.01.2023 14:08,Si Sa Ket,department of highways,private/passenger car,speeding,rollover/fallen on straight road,1,0,1,clear,14.63967168,104.0975236,other,other,2022-10-30T00:30:00Z
7557687,30.10.2022 07:45,12.01.2023 10:30,Lampang,department of highways,private/passenger car,speeding,rollover/fallen on straight road,1,0,0,clear,18.31759413,99.36221704,straight road,no slope,2022-10-30T00:45:00Z
7438291,30.10.2022 08:30,7.12.2022 11:08,Phetchaburi,department of highways,large truck with trailer,speeding,other,1,0,0,clear,13.22833971,99.82481895,connecting to public/commercial area,other,2022-10-30T01:30:00Z
7567466,30.10.2022 08:38,23.01.2023 15:52,Rayong,department of highways,4-wheel pickup truck,speeding,rollover/fallen on straight road,1,0,0,clear,12.80213523,101.1472384,straight road,no slope,2022-10-30T01:38:00Z
7556626,30.10.2022 09:30,11.01.2023 14:12,Lampang,department of highways,private/passenger car,speeding,rollover/fallen on straight road,1,0,1,clear,18.31755849,99.36236992,straight road,no slope,2022-10-30T02:30:00Z
7563796,30.10.2022 09:50,19.01.2023 07:31,Phra Nakhon Si Ayutthaya,department of highways,motorcycle,debris/obstruction on the road,rear-end collision,7,0,0,clear,14.21716447,100.6879941,straight road,no slope,2022-10-30T02:50:00Z
7558178,30.10.2022 10:00,12.01.2023 14:01,Lamphun,department of highways,4-wheel pickup truck,speeding,rollover/fallen on curved road,1,0,0,clear,18.46706005,99.14640584,wide curve,no slope,2022-10-30T03:00:00Z
7561648,30.10.2022 10:40,17.01.2023 11:48,Bangkok,department of highways,motorcycle,speeding,rear-end collision,2,0,0,clear,13.78243376,100.4167517,other,other,2022-10-30T03:40:00Z
7414625,30.10.2022 11:10,29.11.2022 09:05,Nakhon Pathom,department of highways,4-wheel pickup truck,cutting in closely by people/vehicles/animals,rear-end collision,2,0,0,clear,13.8350836,100.1942115,straight road,no slope,2022-10-30T04:10:00Z
7568121,30.10.2022 11:10,24.01.2023 09:47,Prachuap Khiri Khan,department of highways,4-wheel pickup truck,vehicle equipment failure,rollover/fallen on straight road,1,0,1,clear,11.51472925,99.6125663,straight road,no slope,2022-10-30T04:10:00Z
7562285,30.10.2022 12:00,18.01.2023 06:39,Nakhon Si Thammarat,department of highways,4-wheel pickup truck,falling asleep,rollover/fallen on curved road,1,0,1,clear,8.142593961,99.77118151,wide curve,slope area,2022-10-30T05:00:00Z
7380502,30.10.2022 12:05,24.11.2022 14:46,Chon Buri,department of highways,private/passenger car,speeding,rear-end collision,3,0,0,clear,13.42412833,101.0466609,straight road,no slope,2022-10-30T05:05:00Z
7220516,30.10.2022 12:24,1.11.2022 13:06,Loburi,department of rural roads,4-wheel pickup truck,speeding,other,2,1,2,clear,14.83739,100.994176,four-way intersection,other,2022-10-30T05:24:00Z
7570893,30.10.2022 12:30,26.01.2023 09:24,Nakhon Ratchasima,department of highways,large truck with trailer,speeding,rear-end collision,3,0,5,clear,14.85035644,101.5716907,straight road,no slope,2022-10-30T05:30:00Z
7564309,30.10.2022 13:30,19.01.2023 13:44,Samut Sakhon,department of highways,large truck with trailer,speeding,rollover/fallen on straight road,1,0,0,clear,13.55602799,100.2695812,straight road,no slope,2022-10-30T06:30:00Z
7568395,30.10.2022 13:34,24.01.2023 14:07,Bangkok,department of highways,private/passenger car,speeding,rear-end collision,3,0,3,clear,13.73072013,100.7200107,straight road,no slope,2022-10-30T06:34:00Z
7568402,30.10.2022 13:40,24.01.2023 14:09,Chon Buri,department of highways,private/passenger car,speeding,rear-end collision,2,0,0,clear,12.95233881,100.967499,straight road,no slope,2022-10-30T06:40:00Z
7214581,30.10.2022 14:39,31.10.2022 16:22,Kalasin,department of highways,other,speeding,rollover/fallen on curved road,1,0,2,clear,16.81333514,103.9603695,wide curve,no slope,2022-10-30T07:39:00Z
7276778,30.10.2022 15:15,9.11.2022 14:19,Phayao,department of highways,private/passenger car,cutting in closely by people/vehicles/animals,rear-end collision,2,0,2,clear,19.49039728,100.2718041,other,other,2022-10-30T08:15:00Z
7332386,30.10.2022 15:15,7.11.2022 14:11,Nakhon Ratchasima,department of highways,4-wheel pickup truck,worn-out/tire blowout,rollover/fallen on straight road,1,0,0,clear,14.55980969,101.9761856,straight road,no slope,2022-10-30T08:15:00Z
7380491,30.10.2022 15:30,24.11.2022 14:44,Chachoengsao,department of highways,4-wheel pickup truck,speeding,rear-end collision,2,0,4,clear,13.7636563,101.3801166,straight road,no slope,2022-10-30T08:30:00Z
7448017,30.10.2022 15:45,9.12.2022 15:18,Phrae,department of highways,4-wheel pickup truck,speeding,rollover/fallen on curved road,1,0,0,clear,18.41665494,100.1822515,wide curve,no slope,2022-10-30T08:45:00Z
7561474,30.10.2022 15:45,17.01.2023 09:53,Bangkok,department of highways,private/passenger car,speeding,rear-end collision,3,0,1,clear,13.78823107,100.3425631,straight road,no slope,2022-10-30T08:45:00Z
7414858,30.10.2022 16:00,25.11.2022 14:34,Nakhon Ratchasima,department of highways,private/passenger car,speeding,rollover/fallen on straight road,1,0,0,clear,14.83859859,101.765019,straight road,no slope,2022-10-30T09:00:00Z
7212894,30.10.2022 17:50,31.10.2022 10:52,Suphan Buri,department of highways,motorcycle,cutting in closely by people/vehicles/animals,collision with obstruction (on road surface),1,0,1,clear,14.80255622,100.1916057,other,other,2022-10-30T10:50:00Z
7332367,30.10.2022 18:30,3.11.2022 09:14,Sakon Nakhon,department of highways,4-wheel pickup truck,speeding,rear-end collision,2,0,0,clear,17.09733096,104.1638599,straight road,no slope,2022-10-30T11:30:00Z
7565007,30.10.2022 18:30,20.01.2023 06:56,Samut Prakan,department of highways,private/passenger car,speeding,rear-end collision,2,1,1,clear,13.62194327,100.7355898,other,other,2022-10-30T11:30:00Z
7372476,30.10.2022 18:33,23.11.2022 14:02,Tak,department of highways,motorcycle,speeding,rear-end collision,2,1,0,clear,16.53561678,98.70230912,straight road,no slope,2022-10-30T11:33:00Z
7568428,30.10.2022 18:46,24.01.2023 14:16,Bangkok,department of highways,private/passenger car,speeding,rear-end collision,3,0,0,clear,13.73173793,100.7651719,straight road,no slope,2022-10-30T11:46:00Z
7561789,30.10.2022 19:00,17.01.2023 14:40,Nonthaburi,department of highways,private/passenger car,speeding,rear-end collision,2,0,0,clear,13.94257138,100.4245419,wide curve,no slope,2022-10-30T12:00:00Z
7447661,30.10.2022 20:00,9.12.2022 10:20,Sakon Nakhon,department of highways,private/passenger car,speeding,rollover/fallen on straight road,1,0,1,clear,17.11977968,104.0344132,straight road,no slope,2022-10-30T13:00:00Z
7332377,30.10.2022 20:25,2.11.2022 14:54,Sakon Nakhon,department of highways,private/passenger car,speeding,rollover/fallen on straight road,1,0,0,clear,17.11972329,104.0342872,straight road,no slope,2022-10-30T13:25:00Z
7560523,30.10.2022 21:30,16.01.2023 06:57,Saraburi,department of highways,private/passenger car,speeding,rollover/fallen on straight road,2,2,0,clear,14.40563457,100.8905448,straight road,no slope,2022-10-30T14:30:00Z
7332383,30.10.2022 23:20,3.11.2022 09:00,Sukhothai,department of highways,4-wheel pickup truck,speeding,rollover/fallen on straight road,1,0,0,clear,17.13043022,99.85033912,straight road,no slope,2022-10-30T16:20:00Z
7458596,30.10.2022 23:20,15.12.2022 13:58,Maha Sarakham,department of highways,private/passenger car,speeding,rollover/fallen on straight road,1,0,5,clear,16.25194909,103.0347003,straight road,no slope,2022-10-30T16:20:00Z
7380455,31.10.2022 00:47,24.11.2022 14:16,Chon Buri,department of highways,private/passenger car,speeding,rollover/fallen on straight road,1,0,0,clear,13.12261285,100.9848717,straight road,no slope,2022-10-30T17:47:00Z
7562492,31.10.2022 01:30,18.01.2023 09:10,Phatthalung,department of highways,4-wheel pickup truck,falling asleep,rollover/fallen on straight road,1,0,0,rainy,7.546724977,100.0401274,straight road,no slope,2022-10-30T18:30:00Z
7414608,31.10.2022 02:00,29.11.2022 08:53,Chumphon,department of highways,4-wheel pickup truck,speeding,rollover/fallen on straight road,1,0,0,clear,10.53688075,99.21697542,straight road,no slope,2022-10-30T19:00:00Z
7332428,31.10.2022 03:10,4.11.2022 11:40,Chiang Mai,department of highways,private/passenger car,speeding,rollover/fallen on straight road,1,0,0,clear,18.80136216,99.01895061,straight road,no slope,2022-10-30T20:10:00Z
7564145,31.10.2022 03:55,19.01.2023 10:46,Samut Sakhon,department of highways,motorcycle,speeding,rear-end collision,2,0,0,clear,13.54454341,100.2550296,straight road,no slope,2022-10-30T20:55:00Z
7332434,31.10.2022 04:40,7.11.2022 14:04,Nakhon Ratchasima,department of highways,private/passenger car,speeding,rollover/fallen on straight road,1,0,0,clear,14.85751584,102.0683862,straight road,no slope,2022-10-30T21:40:00Z
7446309,31.10.2022 05:00,9.12.2022 11:44,Chai Nat,department of highways,7-10-wheel truck,falling asleep,rollover/fallen on straight road,1,0,0,clear,15.09226752,100.1384981,straight road,no slope,2022-10-30T22:00:00Z
7512713,31.10.2022 05:23,27.12.2022 14:40,Krabi,department of highways,4-wheel pickup truck,speeding,rollover/fallen on curved road,1,0,1,rainy,8.073130747,99.32321772,wide curve,no slope,2022-10-30T22:23:00Z
7380566,31.10.2022 05:44,24.11.2022 14:14,Chon Buri,department of highways,4-wheel pickup truck,speeding,rear-end collision,2,0,0,clear,13.23914656,100.9975813,straight road,no slope,2022-10-30T22:44:00Z
7568113,31.10.2022 06:00,24.01.2023 09:44,Prachuap Khiri Khan,department of highways,large truck with trailer,speeding,rollover/fallen on curved road,1,0,0,clear,11.14302026,99.37889501,wide curve,no slope,2022-10-30T23:00:00Z
7341003,31.10.2022 06:40,18.11.2022 19:47,Ubon Ratchathani,department of highways,4-wheel pickup truck,falling asleep,collision with obstruction (on road surface),1,0,0,clear,15.17729063,104.8358892,other,other,2022-10-30T23:40:00Z
7552831,31.10.2022 07:15,6.01.2023 13:54,Trang,department of highways,4-wheel pickup truck,reversing vehicle,head-on collision (not overtaking),2,0,2,clear,7.637930144,99.5657739,straight road,no slope,2022-10-31T00:15:00Z
7212584,31.10.2022 07:26,31.10.2022 10:03,Bangkok,department of highways,4-wheel pickup truck,speeding,rear-end collision,2,0,0,clear,13.74072168,100.6448614,straight road,no slope,2022-10-31T00:26:00Z
7212106,31.10.2022 07:30,31.10.2022 08:54,Bangkok,department of highways,4-wheel pickup truck,speeding,rear-end collision,3,0,0,clear,13.82825348,100.6743926,straight road,no slope,2022-10-31T00:30:00Z
7212804,31.10.2022 08:44,31.10.2022 10:32,Bangkok,department of highways,private/passenger car,speeding,rear-end collision,2,0,0,clear,13.73738929,100.6597289,straight road,no slope,2022-10-31T01:44:00Z
7213443,31.10.2022 09:05,31.10.2022 12:52,Chai Nat,department of rural roads,motorcycle,speeding,other,2,0,2,clear,14.968373,99.985089,straight road,no slope,2022-10-31T02:05:00Z
7570932,31.10.2022 09:30,26.01.2023 09:40,Ranong,department of highways,large truck with trailer,speeding,rollover/fallen on curved road,1,0,0,clear,9.715897809,98.585224,wide curve,no slope,2022-10-31T02:30:00Z
7561533,31.10.2022 09:40,17.01.2023 10:19,Bangkok,department of highways,large passenger vehicle,speeding,rear-end collision,2,0,0,clear,13.78657825,100.376662,straight road,no slope,2022-10-31T02:40:00Z
7554316,31.10.2022 10:40,9.01.2023 10:08,Surat Thani,department of highways,large truck with trailer,speeding,rear-end collision,2,1,1,clear,9.105367539,99.30327951,other,other,2022-10-31T03:40:00Z
7473999,31.10.2022 11:00,20.12.2022 10:41,Udon Thani,department of highways,4-wheel pickup truck,worn-out/tire blowout,rollover/fallen on curved road,1,0,1,clear,17.24063613,103.213072,wide curve,no slope,2022-10-31T04:00:00Z
7568400,31.10.2022 11:12,24.01.2023 14:09,Pathum Thani,department of highways,private/passenger car,speeding,rear-end collision,4,0,1,clear,13.95911199,100.7127374,straight road,no slope,2022-10-31T04:12:00Z
7214448,31.10.2022 11:20,31.10.2022 15:51,Surat Thani,department of highways,4-wheel pickup truck,speeding,rollover/fallen on straight road,1,0,0,clear,9.136834566,99.24970506,straight road,no slope,2022-10-31T04:20:00Z
7317689,31.10.2022 11:40,15.11.2022 13:46,Chaiyaphum,department of highways,4-wheel pickup truck,speeding,rollover/fallen on curved road,1,0,0,clear,16.00499377,101.8960449,wide curve,no slope,2022-10-31T04:40:00Z
7515007,31.10.2022 11:45,28.12.2022 15:40,Pattani,department of highways,6-wheel truck,speeding,rollover/fallen on straight road,1,0,0,clear,6.670425887,101.2340918,straight road,no slope,2022-10-31T04:45:00Z
7332418,31.10.2022 11:50,4.11.2022 14:57,Nakhon Sawan,department of highways,4-wheel pickup truck,loss of control,rollover/fallen on straight road,1,0,1,clear,15.62610723,100.3147588,straight road,no slope,2022-10-31T04:50:00Z
7332421,31.10.2022 12:00,3.11.2022 10:05,Phayao,department of highways,4-wheel pickup truck,cutting in closely by people/vehicles/animals,rear-end collision,2,0,1,clear,19.01769251,99.91536932,wide curve,no slope,2022-10-31T05:00:00Z
7560616,31.10.2022 12:00,16.01.2023 10:08,Uthai Thani,department of highways,private/passenger car,speeding,rollover/fallen on straight road,1,0,0,clear,15.44311409,99.87770407,straight road,no slope,2022-10-31T05:00:00Z
7558261,31.10.2022 12:05,12.01.2023 14:19,Si Sa Ket,department of highways,4-wheel pickup truck,speeding,head-on collision (not overtaking),2,0,2,clear,14.39924768,104.0564457,sharp curve,slope area,2022-10-31T05:05:00Z
7284053,31.10.2022 13:50,10.11.2022 13:17,Songkhla,department of highways,large truck with trailer,speeding,rear-end collision,2,1,0,clear,6.589503967,100.4141566,straight road,no slope,2022-10-31T06:50:00Z
7310389,31.10.2022 14:00,14.11.2022 10:48,buogkan,department of rural roads,private/passenger car,speeding,other,1,0,0,clear,18.077152,103.834923,wide curve,no slope,2022-10-31T07:00:00Z
7372361,31.10.2022 14:20,23.11.2022 13:40,Loei,department of highways,4-wheel pickup truck,speeding,rollover/fallen on straight road,1,0,0,clear,17.29886204,101.8644632,straight road,no slope,2022-10-31T07:20:00Z
7561597,31.10.2022 14:20,17.01.2023 11:01,Bangkok,department of highways,private/passenger car,speeding,rear-end collision,2,0,0,clear,13.73135492,100.4061261,straight road,no slope,2022-10-31T07:20:00Z
7218798,31.10.2022 15:24,1.11.2022 07:26,Bangkok,expressway authority of thailand,other,other,side collision,3,0,0,clear,13.73929559,100.5197721,straight road,other,2022-10-31T08:24:00Z
7332425,31.10.2022 15:45,3.11.2022 11:40,Phayao,department of highways,4-wheel pickup truck,speeding,rollover/fallen on straight road,1,0,2,clear,19.0938839,99.912662,straight road,no slope,2022-10-31T08:45:00Z
7380421,31.10.2022 15:51,24.11.2022 14:25,Chachoengsao,department of highways,4-wheel pickup truck,speeding,rear-end collision,2,0,1,clear,13.57443037,100.9793621,straight road,no slope,2022-10-31T08:51:00Z
7358535,31.10.2022 17:00,21.11.2022 13:44,Phatthalung,department of highways,4-wheel pickup truck,speeding,rollover/fallen on straight road,1,0,0,clear,7.560225153,100.0480112,straight road,no slope,2022-10-31T10:00:00Z
7473439,31.10.2022 19:20,20.12.2022 11:13,Ang Thong,department of highways,4-wheel pickup truck,road in poor condition,rollover/fallen on straight road,1,0,1,clear,14.63166784,100.4125392,straight road,no slope,2022-10-31T12:20:00Z
7568396,31.10.2022 19:57,24.01.2023 14:08,Pathum Thani,department of highways,large truck with trailer,speeding,rear-end collision,3,0,1,clear,14.08956716,100.6930621,straight road,no slope,2022-10-31T12:57:00Z
7414631,31.10.2022 21:30,29.11.2022 09:07,Nakhon Pathom,department of highways,4-wheel pickup truck,speeding,rollover/fallen on straight road,1,0,0,clear,13.85296728,100.2023265,straight road,no slope,2022-10-31T14:30:00Z
7560647,31.10.2022 23:00,16.01.2023 10:35,Bangkok,department of highways,motorcycle,driving under the influence of alcohol,rear-end collision,2,0,0,clear,13.80524345,100.5601611,straight road,no slope,2022-10-31T16:00:00Z
7332416,31.10.2022 23:35,3.11.2022 08:57,Sukhothai,department of highways,motorcycle,speeding,rollover/fallen on straight road,1,0,0,clear,17.13247458,99.85019365,straight road,no slope,2022-10-31T16:35:00Z
7332414,31.10.2022 23:49,4.11.2022 13:40,Sukhothai,department of highways,4-wheel pickup truck,speeding,rear-end collision,2,1,0,clear,17.26404865,99.84281927,wide curve,no slope,2022-10-31T16:49:00Z
7564150,31.10.2022 23:50,19.01.2023 10:49,Samut Sakhon,department of highways,motorcycle,falling asleep,rollover/fallen on straight road,1,0,1,clear,13.56097777,100.2749619,other,other,2022-10-31T16:50:00Z
7414962,1.11.2022 02:00,28.11.2022 11:07,Chanthaburi,department of highways,private/passenger car,speeding,rollover/fallen on straight road,1,0,2,clear,12.68443301,102.1978578,straight road,no slope,2022-10-31T19:00:00Z
7325180,1.11.2022 02:30,8.11.2022 14:42,Sakon Nakhon,department of highways,private/passenger car,speeding,rollover/fallen on straight road,1,0,0,clear,17.58636531,103.9782573,other,other,2022-10-31T19:30:00Z
7332456,1.11.2022 02:35,9.11.2022 10:50,Nakhon Ratchasima,department of highways,motorcycle,speeding,collision with obstruction (on road surface),2,1,0,clear,14.94969568,102.0541075,straight road,no slope,2022-10-31T19:35:00Z
7378909,1.11.2022 02:52,24.11.2022 11:45,Chon Buri,department of highways,private/passenger car,worn-out/tire blowout,rollover/fallen on straight road,1,0,1,clear,13.31820858,101.0101119,straight road,no slope,2022-10-31T19:52:00Z
7456002,1.11.2022 03:00,29.11.2022 11:24,Ratchaburi,department of highways,large passenger vehicle,speeding,collision with obstruction (on road surface),2,1,0,clear,13.53146828,99.79375945,straight road,no slope,2022-10-31T20:00:00Z
7332454,1.11.2022 04:50,6.11.2022 12:28,Surat Thani,department of highways,large truck with trailer,speeding,rear-end collision,2,0,0,clear,9.535095178,99.13269057,straight road,no slope,2022-10-31T21:50:00Z
7413364,1.11.2022 05:30,28.11.2022 14:31,Loburi,department of highways,4-wheel pickup truck,brake/anti-lock brake system failure,rollover/fallen on straight road,1,0,0,clear,15.09181524,101.2688707,other,other,2022-10-31T22:30:00Z
7455981,1.11.2022 05:36,25.11.2022 13:25,Chon Buri,department of highways,van,speeding,rollover/fallen on straight road,4,3,7,clear,13.34447185,100.996314,straight road,no slope,2022-10-31T22:36:00Z
7290090,1.11.2022 06:30,11.11.2022 09:02,Phitsanulok,department of highways,4-wheel pickup truck,falling asleep,collision with obstruction (on road surface),1,1,1,clear,16.83787237,100.357659,other,other,2022-10-31T23:30:00Z
7325171,1.11.2022 06:30,7.11.2022 07:39,Chanthaburi,department of highways,4-wheel pickup truck,speeding,rollover/fallen on straight road,1,0,0,clear,12.91739811,102.3680748,other,other,2022-10-31T23:30:00Z
7332462,1.11.2022 06:50,4.11.2022 13:15,Chon Buri,department of highways,private/passenger car,falling asleep,rollover/fallen on straight road,1,0,1,clear,13.37996518,101.0439689,straight road,no slope,2022-10-31T23:50:00Z
7414017,1.11.2022 07:40,28.11.2022 10:30,Surat Thani,department of highways,private/passenger car,speeding,rear-end collision,2,0,2,clear,9.526571536,99.1319333,straight road,no slope,2022-11-01T00:40:00Z
7554410,1.11.2022 08:00,9.01.2023 11:10,Chiang Mai,department of highways,motorcycle,speeding,rear-end collision,2,0,1,clear,18.85919346,99.014616,straight road,no slope,2022-11-01T01:00:00Z
7425513,1.11.2022 08:04,2.12.2022 15:00,Chiang Mai,department of highways,4-wheel pickup truck,speeding,rear-end collision,2,0,1,clear,18.74040153,98.93525228,other,other,2022-11-01T01:04:00Z
7414437,1.11.2022 08:30,28.11.2022 14:19,Chon Buri,department of highways,4-wheel pickup truck,speeding,rollover/fallen on straight road,1,0,2,clear,13.17441756,101.2709894,straight road,no slope,2022-11-01T01:30:00Z
7560811,1.11.2022 09:45,16.01.2023 14:27,Nan,department of highways,other,speeding,rollover/fallen on straight road,1,0,0,clear,19.17512834,100.9107327,straight road,no slope,2022-11-01T02:45:00Z
7325208,1.11.2022 09:48,4.11.2022 14:13,Pathum Thani,department of highways,7-10-wheel truck,speeding,rear-end collision,2,0,0,clear,13.95548468,100.7126342,straight road,no slope,2022-11-01T02:48:00Z
7444243,1.11.2022 10:00,8.12.2022 14:05,Bangkok,department of highways,other,speeding,other,1,0,0,clear,13.82519451,100.5580571,straight road,no slope,2022-11-01T03:00:00Z
7456055,1.11.2022 10:00,3.11.2022 09:44,Sukhothai,department of highways,motorcycle,speeding,rear-end collision,2,0,2,clear,17.15421529,99.85524192,straight road,no slope,2022-11-01T03:00:00Z
7512249,1.11.2022 10:40,27.12.2022 11:12,Kalasin,department of highways,4-wheel pickup truck,speeding,rollover/fallen on straight road,1,0,1,clear,16.55871964,103.2648245,straight road,no slope,2022-11-01T03:40:00Z
7378858,1.11.2022 11:20,24.11.2022 11:12,Chon Buri,department of highways,6-wheel truck,speeding,rear-end collision,2,0,0,clear,13.36177295,101.0381448,straight road,no slope,2022-11-01T04:20:00Z
7456024,1.11.2022 11:40,4.11.2022 13:44,Tak,department of highways,4-wheel pickup truck,falling asleep,rollover/fallen on straight road,1,0,1,clear,16.97760749,99.12580982,straight road,no slope,2022-11-01T04:40:00Z
7380540,1.11.2022 12:00,24.11.2022 14:44,Chachoengsao,department of highways,4-wheel pickup truck,cutting in closely by people/vehicles/animals,rear-end collision,2,0,1,clear,13.65816796,101.1448199,straight road,no slope,2022-11-01T05:00:00Z
7233677,1.11.2022 12:30,3.11.2022 08:54,Loei,department of rural roads,4-wheel pickup truck,sudden stop,other,1,0,0,clear,17.401014,101.553979,straight road,slope area,2022-11-01T05:30:00Z
7413956,1.11.2022 14:15,28.11.2022 09:21,Samut Prakan,department of highways,4-wheel pickup truck,falling asleep,rear-end collision,3,0,1,clear,13.6098476,100.7631429,straight road,no slope,2022-11-01T07:15:00Z
7571091,1.11.2022 15:07,26.01.2023 11:07,Prachin Buri,department of highways,4-wheel pickup truck,speeding,rollover/fallen on straight road,1,0,0,clear,14.32602732,101.8328749,straight road,slope area,2022-11-01T08:07:00Z
7456837,1.11.2022 15:30,14.12.2022 07:45,Khon Kaen,department of highways,7-10-wheel truck,speeding,collision with obstruction (on road surface),1,0,1,clear,16.39493642,102.7154662,wide curve,slope area,2022-11-01T08:30:00Z
7380599,1.11.2022 16:00,24.11.2022 14:31,Chai Nat,department of highways,other,speeding,rollover/fallen on straight road,1,0,0,clear,15.22827446,100.2092204,straight road,no slope,2022-11-01T09:00:00Z
7413521,1.11.2022 16:01,25.11.2022 10:13,Ubon Ratchathani,department of highways,4-wheel pickup truck,speeding,rollover/fallen on straight road,1,0,1,clear,15.63218798,104.6736995,straight road,no slope,2022-11-01T09:01:00Z
7560535,1.11.2022 17:45,16.01.2023 07:31,Chai Nat,department of highways,4-wheel pickup truck,vehicle equipment failure,other,1,0,0,clear,15.29815818,100.0997295,straight road,no slope,2022-11-01T10:45:00Z
7559344,1.11.2022 18:02,13.01.2023 13:15,Bangkok,department of highways,motorcycle,speeding,rear-end collision,2,0,1,clear,13.78037581,100.4331896,straight road,no slope,2022-11-01T11:02:00Z
7456038,1.11.2022 18:08,2.11.2022 14:41,Phitsanulok,department of highways,private/passenger car,speeding,rear-end collision,2,1,0,clear,17.11703302,100.8745578,straight road,no slope,2022-11-01T11:08:00Z
7564344,1.11.2022 18:20,19.01.2023 14:03,Samut Sakhon,department of highways,4-wheel pickup truck,overloaded vehicle,other,1,0,0,clear,13.5881135,100.3254011,straight road,no slope,2022-11-01T11:20:00Z
7513861,1.11.2022 18:23,10.11.2022 10:21,Sakon Nakhon,department of highways,motorcycle,insufficient light,rear-end collision,2,1,1,clear,17.10908434,103.8080895,straight road,no slope,2022-11-01T11:23:00Z
7560689,1.11.2022 18:27,16.01.2023 11:14,Samut Prakan,expressway authority of thailand,other,other,rear-end collision,2,0,0,clear,13.630564,100.672353,straight road,other,2022-11-01T11:27:00Z
7418070,1.11.2022 18:30,30.11.2022 06:27,Chon Buri,department of highways,4-wheel pickup truck,speeding,rear-end collision,2,0,1,clear,12.98345292,100.9865889,straight road,no slope,2022-11-01T11:30:00Z
7456105,1.11.2022 18:30,3.11.2022 09:43,Sukhothai,department of highways,motorcycle,speeding,rear-end collision,2,0,1,clear,17.11084348,99.84496357,straight road,no slope,2022-11-01T11:30:00Z
7378573,1.11.2022 19:00,24.11.2022 09:55,Phetchaburi,department of highways,van,loss of control,rollover/fallen on straight road,1,1,0,clear,12.63643243,99.85967676,straight road,no slope,2022-11-01T12:00:00Z
7332451,1.11.2022 19:15,7.11.2022 07:36,Chanthaburi,department of highways,4-wheel pickup truck,speeding,rollover/fallen on straight road,1,0,0,clear,12.62103848,102.0796634,straight road,no slope,2022-11-01T12:15:00Z
7448403,1.11.2022 19:20,9.12.2022 15:01,Phayao,department of highways,motorcycle,speeding,rear-end collision,2,1,0,clear,19.14758267,99.93027443,straight road,no slope,2022-11-01T12:20:00Z
7290156,1.11.2022 19:30,11.11.2022 09:12,Uttaradit,department of highways,4-wheel pickup truck,speeding,rollover/fallen on straight road,1,0,1,clear,17.57624702,100.1474471,straight road,no slope,2022-11-01T12:30:00Z
7332469,1.11.2022 19:49,8.11.2022 14:51,Samut Prakan,department of highways,private/passenger car,speeding,rear-end collision,2,0,0,clear,13.70091769,100.8246372,straight road,no slope,2022-11-01T12:49:00Z
7276757,1.11.2022 20:20,9.11.2022 13:22,Nakhon Ratchasima,department of highways,4-wheel pickup truck,speeding,rear-end collision,2,0,0,clear,14.91814148,101.9456229,straight road,no slope,2022-11-01T13:20:00Z
7332439,1.11.2022 22:05,4.11.2022 14:07,Bangkok,department of highways,4-wheel pickup truck,speeding,rear-end collision,2,0,1,clear,13.9166662,100.7033859,straight road,no slope,2022-11-01T15:05:00Z
7276772,1.11.2022 22:20,9.11.2022 14:18,Phayao,department of highways,4-wheel pickup truck,unfamiliarity with the route/unskilled driving,rear-end collision,2,0,4,clear,19.15744246,100.2710276,straight road,no slope,2022-11-01T15:20:00Z
7559333,1.11.2022 22:30,13.01.2023 13:04,Bangkok,department of highways,private/passenger car,speeding,rear-end collision,2,0,1,clear,13.74949371,100.4059549,straight road,no slope,2022-11-01T15:30:00Z
7332479,2.11.2022 00:30,2.11.2022 16:39,Sa Kaeo,department of highways,7-10-wheel truck,insufficient light,rear-end collision,2,0,0,clear,13.85676047,102.0252019,straight road,no slope,2022-11-01T17:30:00Z
7340466,2.11.2022 02:00,18.11.2022 18:16,Khon Kaen,department of highways,private/passenger car,falling asleep,rollover/fallen on straight road,1,0,1,clear,16.61363898,101.9903724,straight road,no slope,2022-11-01T19:00:00Z
7416157,2.11.2022 02:00,29.11.2022 18:48,Chaiyaphum,department of highways,4-wheel pickup truck,speeding,rollover/fallen on straight road,1,0,1,clear,16.60298645,101.8950979,straight road,no slope,2022-11-01T19:00:00Z
7558284,2.11.2022 02:00,12.01.2023 14:23,Si Sa Ket,department of highways,4-wheel pickup truck,falling asleep,rollover/fallen on straight road,1,0,1,clear,14.639386,104.1338614,straight road,no slope,2022-11-01T19:00:00Z