acc_code,incident_datetime,report_datetime,province_en,agency,vehicle_type,presumed_cause,accident_type,number_of_vehicles_involved,number_of_fatalities,number_of_injuries,weather_condition,latitude,longitude,road_description,slope_description,incident_time
7459567,2.11.2022 02:15,16.12.2022 10:44,Suphan Buri,department of highways,private/passenger car,falling asleep,rollover/fallen on straight road,1,0,1,clear,14.38198682,100.1769675,other,other,2022-11-01T19:15:00Z
7447961,2.11.2022 04:00,9.12.2022 14:51,Chiang Mai,department of highways,private/passenger car,speeding,rollover/fallen on straight road,1,0,1,clear,18.76054006,99.07866597,straight road,no slope,2022-11-01T21:00:00Z
7558887,2.11.2022 05:00,13.01.2023 08:07,Chai Nat,department of highways,7-10-wheel truck,falling asleep,rear-end collision,2,0,0,clear,15.04433241,100.1478556,straight road,no slope,2022-11-01T22:00:00Z
7413725,2.11.2022 05:40,25.11.2022 13:25,Bangkok,department of highways,private/passenger car,speeding,rollover/fallen on straight road,1,0,1,clear,13.84427693,100.5599669,other,other,2022-11-01T22:40:00Z
7536902,2.11.2022 06:00,2.01.2023 09:44,Khon Kaen,department of highways,7-10-wheel truck,speeding,rollover/fallen on straight road,1,0,0,clear,16.1028299,102.7340488,straight road,no slope,2022-11-01T23:00:00Z
7474093,2.11.2022 07:30,20.12.2022 12:56,Phangnga,department of highways,4-wheel pickup truck,worn-out/tire blowout,rollover/fallen on straight road,1,0,0,clear,8.425033,98.48057225,wide curve,slope area,2022-11-02T00:30:00Z
7560799,2.11.2022 08:00,16.01.2023 14:15,Nan,department of highways,private/passenger car,speeding,rollover/fallen on straight road,1,0,0,clear,18.65256681,100.7493992,wide curve,no slope,2022-11-02T01:00:00Z
7323159,2.11.2022 08:01,16.11.2022 08:17,Mae Hong Son,department of rural roads,motorcycle,speeding,other,1,0,2,clear,19.36875857,97.95648221,straight road,slope area,2022-11-02T01:01:00Z
7282817,2.11.2022 09:00,10.11.2022 10:00,buogkan,department of highways,bicycle,speeding,rear-end collision,2,0,0,clear,18.26281768,104.0058088,straight road,no slope,2022-11-02T02:00:00Z
7536868,2.11.2022 09:00,2.01.2023 09:39,Khon Kaen,department of highways,private/passenger car,speeding,rollover/fallen on curved road,1,0,0,clear,16.49268593,102.3510635,wide curve,no slope,2022-11-02T02:00:00Z
7559036,2.11.2022 09:00,13.01.2023 09:19,Bangkok,department of highways,private/passenger car,cutting in closely by people/vehicles/animals,rear-end collision,2,0,2,clear,13.82227829,100.5584251,straight road,no slope,2022-11-02T02:00:00Z
7332488,2.11.2022 09:50,4.11.2022 10:14,Sukhothai,department of highways,4-wheel pickup truck,speeding,rear-end collision,2,0,1,clear,17.16220236,99.86120984,other,other,2022-11-02T02:50:00Z
7564130,2.11.2022 10:00,19.01.2023 10:40,Samut Sakhon,department of highways,4-wheel pickup truck,speeding,rollover/fallen on straight road,1,0,0,clear,13.54382194,100.2491031,straight road,no slope,2022-11-02T03:00:00Z
7518610,2.11.2022 10:20,29.12.2022 11:39,Samut Prakan,expressway authority of thailand,4-wheel pickup truck,other,rear-end collision,3,0,0,clear,13.628232,100.592495,grade-separated intersection/ramps,other,2022-11-02T03:20:00Z
7332497,2.11.2022 11:25,8.11.2022 14:12,Pathum Thani,department of highways,4-wheel pickup truck,worn-out/tire blowout,rollover/fallen on straight road,1,0,2,clear,14.10145058,100.6863914,straight road,no slope,2022-11-02T04:25:00Z
7438090,2.11.2022 11:32,7.12.2022 09:22,Nakhon Ratchasima,department of highways,4-wheel pickup truck,cutting in closely by people/vehicles/animals,rear-end collision,2,0,1,clear,14.36443259,101.8426758,other,other,2022-11-02T04:32:00Z
7569018,2.11.2022 11:34,25.01.2023 08:39,Chon Buri,department of highways,4-wheel pickup truck,worn-out/tire blowout,rollover/fallen on straight road,1,0,0,clear,13.11094794,100.9866205,straight road,no slope,2022-11-02T04:34:00Z
7529578,2.11.2022 12:20,31.12.2022 20:50,Trang,department of highways,4-wheel pickup truck,speeding,rollover/fallen on straight road,1,0,1,clear,7.76254752,99.52586934,straight road,no slope,2022-11-02T05:20:00Z
7282513,2.11.2022 12:50,10.11.2022 09:03,Bangkok,department of highways,large truck with trailer,speeding,other,4,0,0,clear,13.77309471,100.6894049,straight road,no slope,2022-11-02T05:50:00Z
7378748,2.11.2022 12:50,24.11.2022 10:22,Phangnga,department of highways,large truck with trailer,speeding,rollover/fallen on straight road,1,0,1,clear,8.344035,98.43653843,wide curve,no slope,2022-11-02T05:50:00Z
7233699,2.11.2022 13:00,3.11.2022 08:58,Nong Bua Lam Phu,department of rural roads,private/passenger car,running red lights/traffic signals,other,2,0,3,clear,17.222365,102.440012,four-way intersection,other,2022-11-02T06:00:00Z
7458600,2.11.2022 14:00,15.12.2022 14:02,Maha Sarakham,department of highways,6-wheel truck,speeding,rollover/fallen on straight road,1,0,2,clear,16.04793877,102.9214977,other,other,2022-11-02T07:00:00Z
7418073,2.11.2022 14:31,30.11.2022 06:30,Chon Buri,department of highways,large truck with trailer,speeding,rear-end collision,2,0,1,clear,12.99803981,100.9917244,straight road,no slope,2022-11-02T07:31:00Z
7332474,2.11.2022 14:49,3.11.2022 10:01,Sukhothai,department of highways,7-10-wheel truck,cutting in closely by people/vehicles/animals,rear-end collision,2,0,0,clear,17.01647055,99.73071232,wide curve,no slope,2022-11-02T07:49:00Z
7291564,2.11.2022 15:30,11.11.2022 13:01,Yala,department of highways,4-wheel pickup truck,slippery road,rollover/fallen on curved road,2,0,1,rainy,6.191064614,101.1724868,wide curve,no slope,2022-11-02T08:30:00Z
7378848,2.11.2022 15:33,24.11.2022 11:09,Chon Buri,department of highways,private/passenger car,speeding,rollover/fallen on straight road,1,0,0,clear,13.38432299,101.0452732,straight road,no slope,2022-11-02T08:33:00Z
7474214,2.11.2022 16:00,20.12.2022 13:38,Chon Buri,department of highways,4-wheel pickup truck,speeding,head-on collision (not overtaking),2,0,2,clear,13.32036402,101.2996598,straight road,no slope,2022-11-02T09:00:00Z
7416250,2.11.2022 16:33,29.11.2022 19:02,Khon Kaen,department of highways,7-10-wheel truck,speeding,rear-end collision,2,0,0,clear,16.25355204,102.7748036,straight road,no slope,2022-11-02T09:33:00Z
7414600,2.11.2022 17:30,29.11.2022 07:58,Trat,department of highways,motorcycle,speeding,rear-end collision,2,0,2,clear,12.22267919,102.5028452,straight road,no slope,2022-11-02T10:30:00Z
7261755,2.11.2022 18:10,7.11.2022 10:46,Phrae,department of rural roads,other,sudden stop,other,2,0,1,clear,18.427966,100.159367,straight road,no slope,2022-11-02T11:10:00Z
7365410,2.11.2022 18:30,22.11.2022 14:01,Sing Buri,department of highways,motorcycle,speeding,head-on collision (not overtaking),2,1,0,clear,14.83631047,100.3691532,connecting to public/commercial area,other,2022-11-02T11:30:00Z
7556186,2.11.2022 18:40,11.01.2023 11:02,Maha Sarakham,department of highways,private/passenger car,speeding,rollover/fallen on straight road,1,1,4,clear,16.25119975,103.2752515,straight road,no slope,2022-11-02T11:40:00Z
7518631,2.11.2022 18:58,29.12.2022 11:39,Bangkok,expressway authority of thailand,other,other,rear-end collision,3,0,0,clear,13.74636351,100.5205781,straight road,other,2022-11-02T11:58:00Z
7371240,2.11.2022 19:19,23.11.2022 09:52,Kanchanaburi,department of highways,4-wheel pickup truck,speeding,rollover/fallen on straight road,1,1,2,clear,14.54463795,98.78915906,straight road,no slope,2022-11-02T12:19:00Z
7332484,2.11.2022 19:35,8.11.2022 13:44,Bangkok,department of highways,private/passenger car,speeding,rear-end collision,4,0,0,clear,13.91082522,100.7001016,straight road,no slope,2022-11-02T12:35:00Z
7332496,2.11.2022 20:20,9.11.2022 10:33,Yala,department of highways,4-wheel pickup truck,speeding,rollover/fallen on straight road,1,0,0,rainy,6.479393763,101.4472644,other,other,2022-11-02T13:20:00Z
7380431,2.11.2022 20:30,24.11.2022 14:30,Ang Thong,department of highways,large truck with trailer,speeding,rollover/fallen on straight road,1,0,0,clear,14.50145493,100.434242,straight road,no slope,2022-11-02T13:30:00Z
7568975,2.11.2022 20:49,25.01.2023 07:49,Chon Buri,department of highways,private/passenger car,speeding,rear-end collision,2,0,0,clear,13.11173424,100.9862718,straight road,no slope,2022-11-02T13:49:00Z
7559400,2.11.2022 21:30,13.01.2023 14:15,Pathum Thani,department of highways,private/passenger car,speeding,rollover/fallen on straight road,1,0,1,clear,14.0010411,100.6894221,straight road,no slope,2022-11-02T14:30:00Z
7559343,2.11.2022 22:56,13.01.2023 13:15,Bangkok,department of highways,private/passenger car,speeding,rollover/fallen on straight road,1,0,0,clear,13.78076787,100.4298194,straight road,no slope,2022-11-02T15:56:00Z
7235036,2.11.2022 23:00,3.11.2022 13:53,Kalasin,department of rural roads,motorcycle,speeding,other,1,0,1,clear,16.484165,103.19232,straight road,no slope,2022-11-02T16:00:00Z
7332490,2.11.2022 23:00,8.11.2022 14:40,Sakon Nakhon,department of highways,private/passenger car,speeding,rollover/fallen on straight road,1,0,0,clear,17.08506493,103.8172603,straight road,no slope,2022-11-02T16:00:00Z
7332481,2.11.2022 23:04,8.11.2022 13:39,Bangkok,department of highways,van,speeding,rear-end collision,2,0,0,clear,13.73524497,100.6780404,straight road,no slope,2022-11-02T16:04:00Z
7562931,2.11.2022 23:30,18.01.2023 13:19,Nan,department of highways,large truck with trailer,brake/anti-lock brake system failure,rollover/fallen on curved road,1,0,0,clear,19.5729929,100.9292824,sharp curve,slope area,2022-11-02T16:30:00Z
7557622,3.11.2022 00:30,12.01.2023 10:12,Lamphun,department of highways,private/passenger car,speeding,rollover/fallen on straight road,1,0,0,clear,18.58969984,99.04231574,straight road,no slope,2022-11-02T17:30:00Z
7332512,3.11.2022 01:20,7.11.2022 10:40,Udon Thani,department of highways,4-wheel pickup truck,driving under the influence of alcohol,rollover/fallen on straight road,1,0,1,clear,17.38970216,103.0853198,wide curve,no slope,2022-11-02T18:20:00Z
7372440,3.11.2022 01:25,23.11.2022 13:50,Tak,department of highways,private/passenger car,driving under the influence of alcohol,rollover/fallen on straight road,1,0,1,clear,17.00851186,98.52295518,wide curve,no slope,2022-11-02T18:25:00Z
7557653,3.11.2022 01:25,12.01.2023 10:24,Lampang,department of highways,private/passenger car,falling asleep,rollover/fallen on straight road,1,0,0,clear,18.31722365,99.36445132,straight road,no slope,2022-11-02T18:25:00Z
7557691,3.11.2022 01:27,12.01.2023 10:32,Mae Hong Son,department of highways,4-wheel pickup truck,falling asleep,collision with obstruction (on road surface),1,0,2,other,18.8421832,97.98924952,other,other,2022-11-02T18:27:00Z
7332501,3.11.2022 01:45,4.11.2022 13:21,Pathum Thani,department of highways,private/passenger car,speeding,rear-end collision,2,0,0,clear,14.14905092,100.6592435,straight road,no slope,2022-11-02T18:45:00Z
7283613,3.11.2022 02:09,10.11.2022 11:49,Tak,department of rural roads,large truck with trailer,driving under the influence of alcohol,other,2,1,0,clear,16.711357,98.536997,straight road,no slope,2022-11-02T19:09:00Z
7446785,3.11.2022 03:30,9.12.2022 11:06,Nakhon Ratchasima,department of highways,4-wheel pickup truck,speeding,rollover/fallen on straight road,1,0,0,other,14.73273969,102.3939213,straight road,no slope,2022-11-02T20:30:00Z
7527236,3.11.2022 04:15,31.12.2022 10:20,Bangkok,department of highways,4-wheel pickup truck,speeding,rollover/fallen on straight road,1,0,1,clear,13.66351385,100.4054419,straight road,no slope,2022-11-02T21:15:00Z
7555949,3.11.2022 04:30,11.01.2023 09:03,Phetchabun,department of highways,4-wheel pickup truck,worn-out/tire blowout,rollover/fallen on curved road,1,0,0,clear,16.78286229,101.0839163,wide curve,slope area,2022-11-02T21:30:00Z
7559376,3.11.2022 05:35,13.01.2023 14:00,Nakhon Nayok,department of highways,4-wheel pickup truck,speeding,rear-end collision,2,0,1,clear,14.0881592,100.9257647,straight road,no slope,2022-11-02T22:35:00Z
7332502,3.11.2022 06:00,4.11.2022 13:36,Sukhothai,department of highways,4-wheel pickup truck,speeding,rollover/fallen on straight road,1,0,0,clear,17.07022582,99.85351861,straight road,no slope,2022-11-02T23:00:00Z
7332517,3.11.2022 06:50,14.11.2022 13:21,Nakhon Si Thammarat,department of highways,4-wheel pickup truck,speeding,rear-end collision,3,0,0,clear,8.027059807,99.48060392,straight road,no slope,2022-11-02T23:50:00Z
7372406,3.11.2022 07:00,23.11.2022 13:49,Tak,department of highways,large truck with trailer,speeding,rollover/fallen on curved road,1,1,0,clear,16.76645487,98.89862537,wide curve,no slope,2022-11-03T00:00:00Z
7414559,3.11.2022 08:17,29.11.2022 06:35,Chon Buri,department of highways,4-wheel pickup truck,speeding,rollover/fallen on straight road,2,0,1,clear,13.34649704,101.0278849,straight road,no slope,2022-11-03T01:17:00Z
7518634,3.11.2022 08:34,29.12.2022 11:39,Samut Prakan,expressway authority of thailand,other,other,rear-end collision,2,0,0,clear,13.627777,100.593292,straight road,other,2022-11-03T01:34:00Z
7418046,3.11.2022 09:30,30.11.2022 06:18,Nakhon Si Thammarat,department of highways,4-wheel pickup truck,falling asleep,rollover/fallen on straight road,1,0,0,clear,8.15730341,99.72508729,straight road,no slope,2022-11-03T02:30:00Z
7332523,3.11.2022 09:50,4.11.2022 11:22,Kalasin,department of highways,motorcycle,cutting in closely by people/vehicles/animals,head-on collision (not overtaking),2,1,0,clear,16.65625047,103.7205479,other,other,2022-11-03T02:50:00Z
7336456,3.11.2022 10:18,18.11.2022 03:31,Samut Prakan,expressway authority of thailand,other,other,rear-end collision,2,0,0,clear,13.614918,100.750737,straight road,other,2022-11-03T03:18:00Z
7286327,3.11.2022 10:20,10.11.2022 19:40,Krabi,department of highways,4-wheel pickup truck,worn-out/tire blowout,rollover/fallen on curved road,1,0,0,rainy,8.071034014,99.32569771,wide curve,no slope,2022-11-03T03:20:00Z
7311587,3.11.2022 10:40,14.11.2022 15:00,Yala,department of highways,4-wheel pickup truck,speeding,rollover/fallen on straight road,1,0,0,clear,6.562193528,101.2612157,straight road,no slope,2022-11-03T03:40:00Z
7413531,3.11.2022 10:40,25.11.2022 10:16,Prachin Buri,department of highways,6-wheel truck,speeding,rear-end collision,4,0,0,clear,13.86176928,101.554821,other,other,2022-11-03T03:40:00Z
7561157,3.11.2022 10:41,17.01.2023 06:11,Bangkok,expressway authority of thailand,4-wheel pickup truck,other,side collision,2,0,0,clear,13.71723408,100.5195726,straight road,other,2022-11-03T03:41:00Z
7332509,3.11.2022 11:00,4.11.2022 10:24,Roi Et,department of highways,motorcycle,cutting in closely by people/vehicles/animals,rear-end collision,2,0,0,clear,15.60083506,103.8079973,straight road,no slope,2022-11-03T04:00:00Z
7561777,3.11.2022 11:00,17.01.2023 14:30,Surat Thani,department of highways,other,speeding,rollover/fallen on straight road,1,0,0,clear,9.034800319,99.3737492,straight road,no slope,2022-11-03T04:00:00Z
7372608,3.11.2022 11:20,23.11.2022 14:28,Suphan Buri,department of highways,4-wheel pickup truck,cutting in closely by people/vehicles/animals,rear-end collision,2,0,1,clear,14.86655711,100.0876674,other,other,2022-11-03T04:20:00Z
7365173,3.11.2022 11:30,22.11.2022 13:18,Loburi,department of highways,4-wheel pickup truck,cutting in closely by people/vehicles/animals,rear-end collision,2,1,0,clear,15.06052937,101.1330074,straight road,no slope,2022-11-03T04:30:00Z
7286481,3.11.2022 12:05,10.11.2022 20:00,Krabi,department of highways,4-wheel pickup truck,speeding,collision with obstruction (on road surface),3,0,2,rainy,8.071034014,99.32569771,wide curve,no slope,2022-11-03T05:05:00Z
7372397,3.11.2022 13:20,23.11.2022 13:46,Tak,department of highways,4-wheel pickup truck,worn-out/tire blowout,rollover/fallen on straight road,1,0,0,clear,16.5913798,98.62399265,straight road,no slope,2022-11-03T06:20:00Z
7518632,3.11.2022 13:33,29.12.2022 11:39,Bangkok,expressway authority of thailand,other,other,rear-end collision,4,0,0,clear,13.74231972,100.5503734,grade-separated intersection/ramps,other,2022-11-03T06:33:00Z
7261731,3.11.2022 14:00,7.11.2022 10:43,Chanthaburi,department of rural roads,motorcycle,vehicle equipment failure,other,1,1,0,clear,12.562753,101.911791,straight road,no slope,2022-11-03T07:00:00Z
7365408,3.11.2022 14:00,22.11.2022 14:01,Sing Buri,department of highways,4-wheel pickup truck,speeding,rear-end collision,2,0,2,clear,14.78426826,100.455869,straight road,no slope,2022-11-03T07:00:00Z
7290154,3.11.2022 15:00,11.11.2022 09:05,Sukhothai,department of highways,4-wheel pickup truck,worn-out/tire blowout,rollover/fallen on straight road,1,0,0,clear,16.96865995,100.0397272,straight road,no slope,2022-11-03T08:00:00Z
7378865,3.11.2022 15:00,24.11.2022 11:24,Maha Sarakham,department of highways,4-wheel pickup truck,speeding,other,1,0,0,clear,16.0488126,102.9316311,straight road,no slope,2022-11-03T08:00:00Z
7372371,3.11.2022 15:15,23.11.2022 13:43,Tak,department of highways,4-wheel pickup truck,speeding,rear-end collision,2,0,0,clear,17.23046606,98.24653745,straight road,no slope,2022-11-03T08:15:00Z
7564164,3.11.2022 15:41,19.01.2023 10:56,Samut Sakhon,department of highways,6-wheel truck,speeding,rollover/fallen on straight road,1,0,0,clear,13.59991466,100.3674596,straight road,no slope,2022-11-03T08:41:00Z
7332520,3.11.2022 15:50,4.11.2022 12:43,Bangkok,department of highways,4-wheel pickup truck,speeding,rear-end collision,2,0,0,clear,13.853354,100.673887,straight road,no slope,2022-11-03T08:50:00Z
7557429,3.11.2022 16:54,12.01.2023 09:17,Chiang Mai,department of highways,motorcycle,speeding,rear-end collision,2,0,0,clear,18.89183352,99.01121378,straight road,no slope,2022-11-03T09:54:00Z
7332530,3.11.2022 17:15,8.11.2022 14:10,Bangkok,department of highways,private/passenger car,speeding,rear-end collision,2,0,0,clear,13.78697029,100.6838728,straight road,no slope,2022-11-03T10:15:00Z
7556668,3.11.2022 17:48,11.01.2023 14:29,Chiang Mai,department of highways,private/passenger car,speeding,head-on collision (not overtaking),2,0,2,clear,19.13470424,99.16445144,wide curve,no slope,2022-11-03T10:48:00Z
7372369,3.11.2022 17:50,23.11.2022 13:43,Kamphaeng Phet,department of highways,motorcycle,cutting in closely by people/vehicles/animals,rear-end collision,2,0,0,clear,16.54646471,99.46005464,straight road,no slope,2022-11-03T10:50:00Z
7332527,3.11.2022 18:20,7.11.2022 05:43,Nakhon Sawan,department of highways,motorcycle,driving under the influence of alcohol,rear-end collision,2,0,3,clear,15.90799363,99.88956884,straight road,no slope,2022-11-03T11:20:00Z
7277035,3.11.2022 18:35,9.11.2022 14:47,Bangkok,department of highways,4-wheel pickup truck,speeding,rear-end collision,3,0,0,clear,13.7975122,100.6813905,straight road,no slope,2022-11-03T11:35:00Z
7470327,3.11.2022 19:00,19.12.2022 12:01,Songkhla,department of highways,4-wheel pickup truck,speeding,rear-end collision,2,0,0,clear,6.790783558,100.4530446,straight road,no slope,2022-11-03T12:00:00Z
7556662,3.11.2022 19:15,11.01.2023 14:21,Chiang Mai,department of highways,motorcycle,speeding,rear-end collision,2,0,0,clear,18.89170917,99.01109844,straight road,no slope,2022-11-03T12:15:00Z
7332531,3.11.2022 19:25,8.11.2022 14:30,Bangkok,department of highways,other,speeding,other,1,0,1,clear,13.73163632,100.7108223,straight road,no slope,2022-11-03T12:25:00Z
7372637,3.11.2022 20:30,23.11.2022 14:34,Suphan Buri,department of highways,4-wheel pickup truck,cutting in closely by people/vehicles/animals,collision at intersection corner,2,1,1,clear,14.71433349,99.50710997,other,other,2022-11-03T13:30:00Z
7372929,3.11.2022 20:40,23.11.2022 15:32,Sa Kaeo,department of highways,4-wheel pickup truck,speeding,rollover/fallen on straight road,1,0,0,foggy,13.75204989,102.3002377,straight road,no slope,2022-11-03T13:40:00Z
7372933,3.11.2022 20:45,23.11.2022 15:34,Sa Kaeo,department of highways,4-wheel pickup truck,speeding,rollover/fallen on straight road,1,0,0,foggy,13.75068971,102.3034942,other,other,2022-11-03T13:45:00Z
7560853,3.11.2022 21:00,16.01.2023 14:49,Phrae,department of highways,large truck with trailer,speeding,rear-end collision,2,0,0,clear,18.31233849,100.288074,straight road,no slope,2022-11-03T14:00:00Z
7564136,3.11.2022 23:15,19.01.2023 10:44,Samut Sakhon,department of highways,passenger pickup truck,speeding,rollover/fallen on straight road,1,0,0,clear,13.53965451,100.2294186,straight road,no slope,2022-11-03T16:15:00Z
7286326,3.11.2022 23:40,10.11.2022 19:44,Krabi,department of highways,4-wheel pickup truck,falling asleep,rollover/fallen on straight road,1,0,1,clear,7.983863813,99.13556772,straight road,no slope,2022-11-03T16:40:00Z
7555259,4.11.2022 00:30,10.01.2023 11:12,Bangkok,department of highways,private/passenger car,speeding,rear-end collision,2,0,1,clear,13.66626187,100.6440313,straight road,no slope,2022-11-03T17:30:00Z
7567020,4.11.2022 00:30,23.01.2023 09:17,Phatthalung,department of highways,large truck with trailer,speeding,rollover/fallen on straight road,1,0,0,clear,7.251586962,100.1791602,straight road,no slope,2022-11-03T17:30:00Z
7510922,4.11.2022 01:30,27.12.2022 10:22,Chiang Mai,department of highways,motorcycle,speeding,rear-end collision,2,0,0,clear,18.84337886,99.01341721,straight road,no slope,2022-11-03T18:30:00Z
7558348,4.11.2022 02:00,12.01.2023 14:49,Prachin Buri,department of highways,motorcycle,speeding,collision with obstruction (on road surface),1,1,0,clear,13.93083173,101.5637372,straight road,no slope,2022-11-03T19:00:00Z
7413454,4.11.2022 02:30,25.11.2022 08:52,Suphan Buri,department of highways,4-wheel pickup truck,speeding,rollover/fallen on curved road,1,0,2,clear,14.16875584,100.0743533,wide curve,no slope,2022-11-03T19:30:00Z
7558882,4.11.2022 02:30,13.01.2023 08:05,Kanchanaburi,department of highways,private/passenger car,speeding,rollover/fallen on straight road,1,0,0,clear,13.90495546,99.78090316,straight road,no slope,2022-11-03T19:30:00Z
7414687,4.11.2022 03:00,29.11.2022 10:04,Chumphon,department of highways,7-10-wheel truck,speeding,rollover/fallen on straight road,1,0,1,clear,9.852742259,99.05658803,straight road,no slope,2022-11-03T20:00:00Z
7332565,4.11.2022 04:30,9.11.2022 09:27,Songkhla,department of highways,4-wheel pickup truck,falling asleep,rollover/fallen on straight road,1,0,0,clear,6.974885618,100.4794617,other,other,2022-11-03T21:30:00Z
7557789,4.11.2022 04:45,12.01.2023 10:52,Chachoengsao,department of highways,private/passenger car,falling asleep,rollover/fallen on straight road,1,0,0,clear,13.51948456,100.973707,straight road,no slope,2022-11-03T21:45:00Z
7364456,4.11.2022 05:00,22.11.2022 10:34,Nakhon Pathom,department of highways,4-wheel pickup truck,speeding,rear-end collision,2,0,0,clear,13.80601546,100.1554388,straight road,no slope,2022-11-03T22:00:00Z
7414333,4.11.2022 05:00,29.11.2022 09:50,Nakhon Pathom,department of highways,private/passenger car,speeding,rear-end collision,2,0,0,clear,13.80599853,100.1554441,straight road,no slope,2022-11-03T22:00:00Z
7332536,4.11.2022 05:45,4.11.2022 11:24,buogkan,department of highways,4-wheel pickup truck,speeding,rollover/fallen on curved road,1,0,0,clear,18.10120243,103.7431145,wide curve,no slope,2022-11-03T22:45:00Z
7559340,4.11.2022 07:00,13.01.2023 13:11,Bangkok,department of highways,private/passenger car,speeding,rear-end collision,3,0,0,clear,13.782353,100.4173994,straight road,no slope,2022-11-04T00:00:00Z
7559211,4.11.2022 07:10,13.01.2023 10:54,Bangkok,department of highways,passenger pickup truck,cutting in closely by people/vehicles/animals,rear-end collision,2,0,0,clear,13.62904138,100.3961885,straight road,no slope,2022-11-04T00:10:00Z
7414599,4.11.2022 07:32,29.11.2022 07:57,Trat,department of highways,motorcycle,speeding,rear-end collision,2,0,2,clear,12.26729056,102.4985643,straight road,no slope,2022-11-04T00:32:00Z
7521298,4.11.2022 07:40,30.12.2022 09:38,Chiang Mai,department of highways,private/passenger car,speeding,rear-end collision,2,0,0,clear,18.84401425,99.01346804,straight road,no slope,2022-11-04T00:40:00Z
7414598,4.11.2022 07:49,29.11.2022 07:56,Trat,department of highways,motorcycle,speeding,rear-end collision,2,0,1,clear,12.2653209,102.5004083,straight road,no slope,2022-11-04T00:49:00Z
7413859,4.11.2022 08:00,28.11.2022 07:44,Bangkok,department of highways,motorcycle,speeding,rear-end collision,2,0,1,clear,13.65892936,100.3986624,straight road,no slope,2022-11-04T01:00:00Z
7336458,4.11.2022 08:47,18.11.2022 03:32,Pathum Thani,expressway authority of thailand,other,other,rear-end collision,6,0,0,clear,14.01325,100.57410900000001,straight road,other,2022-11-04T01:47:00Z
7418984,4.11.2022 09:00,30.11.2022 11:24,Chiang Mai,department of highways,private/passenger car,speeding,rollover/fallen on straight road,1,0,0,clear,18.75857558,98.94306421,wide curve,no slope,2022-11-04T02:00:00Z
7421862,4.11.2022 09:00,1.12.2022 06:41,Surat Thani,department of highways,6-wheel truck,speeding,rollover/fallen on straight road,1,0,1,clear,9.116530977,99.34916063,straight road,no slope,2022-11-04T02:00:00Z
7332551,4.11.2022 11:26,8.11.2022 14:20,Pathum Thani,department of highways,large truck with trailer,speeding,rear-end collision,2,0,0,clear,13.95729379,100.712669,straight road,no slope,2022-11-04T04:26:00Z
7283650,4.11.2022 11:40,10.11.2022 11:50,Krabi,department of rural roads,motorcycle,straddling lanes,other,1,2,0,clear,8.078665,99.063522,straight road,no slope,2022-11-04T04:40:00Z
7283621,4.11.2022 11:50,10.11.2022 11:47,Samut Prakan,department of rural roads,large truck with trailer,speeding,other,1,0,0,clear,13.664598,100.537738,grade-separated intersection/ramps,other,2022-11-04T04:50:00Z
7332553,4.11.2022 13:00,8.11.2022 14:33,Pathum Thani,department of highways,large truck with trailer,cutting in closely by people/vehicles/animals,rollover/fallen on straight road,1,0,0,clear,14.06079385,100.697131,straight road,no slope,2022-11-04T06:00:00Z
7566932,4.11.2022 13:30,23.01.2023 07:17,Chon Buri,department of highways,private/passenger car,speeding,rollover/fallen on straight road,1,0,0,clear,13.29739711,101.3633998,straight road,no slope,2022-11-04T06:30:00Z
7332544,4.11.2022 13:40,7.11.2022 11:35,Ubon Ratchathani,department of highways,private/passenger car,falling asleep,rollover/fallen on straight road,1,0,0,clear,15.38921095,104.8101418,straight road,no slope,2022-11-04T06:40:00Z
7558862,4.11.2022 14:00,13.01.2023 07:54,Saraburi,department of highways,4-wheel pickup truck,speeding,rollover/fallen on straight road,1,0,1,clear,14.55434984,100.9300422,straight road,no slope,2022-11-04T07:00:00Z
7564339,4.11.2022 14:19,19.01.2023 14:00,Samut Sakhon,department of highways,6-wheel truck,speeding,other,1,0,0,clear,13.53965451,100.2294186,straight road,no slope,2022-11-04T07:19:00Z
7332555,4.11.2022 14:45,8.11.2022 14:37,Pathum Thani,department of highways,6-wheel truck,speeding,rear-end collision,5,0,2,clear,14.06211429,100.6969593,straight road,no slope,2022-11-04T07:45:00Z
7371238,4.11.2022 15:00,23.11.2022 09:51,Kanchanaburi,department of highways,4-wheel pickup truck,falling asleep,rollover/fallen on straight road,1,0,2,clear,14.9686239,98.64227459,straight road,no slope,2022-11-04T08:00:00Z
7418054,4.11.2022 15:30,30.11.2022 06:17,Nakhon Si Thammarat,department of highways,large truck with trailer,falling asleep,rollover/fallen on straight road,1,0,2,rainy,7.906497073,99.92652737,straight road,no slope,2022-11-04T08:30:00Z
7332550,4.11.2022 15:41,8.11.2022 14:18,Bangkok,department of highways,private/passenger car,speeding,rear-end collision,3,0,0,clear,13.87632571,100.6822152,straight road,no slope,2022-11-04T08:41:00Z
7283655,4.11.2022 16:30,10.11.2022 11:52,Suphan Buri,department of rural roads,private/passenger car,speeding,other,2,0,17,clear,14.886835,100.131103,four-way intersection,other,2022-11-04T09:30:00Z
7372604,4.11.2022 16:30,23.11.2022 14:27,Suphan Buri,department of highways,motorcycle,cutting in closely by people/vehicles/animals,rear-end collision,2,0,4,clear,14.88820277,100.0881328,other,other,2022-11-04T09:30:00Z