acc_code,incident_datetime,report_datetime,province_en,agency,vehicle_type,presumed_cause,accident_type,number_of_vehicles_involved,number_of_fatalities,number_of_injuries,weather_condition,latitude,longitude,road_description,slope_description,incident_time
7378846,4.11.2022 18:23,24.11.2022 11:06,Chachoengsao,department of highways,private/passenger car,speeding,rear-end collision,2,0,0,clear,13.58209043,100.9729225,straight road,no slope,2022-11-04T11:23:00Z
7283617,4.11.2022 19:08,10.11.2022 11:49,Bangkok,department of rural roads,passenger pickup truck,speeding,other,3,0,0,clear,13.677429,100.539518,straight road,slope area,2022-11-04T12:08:00Z
7378463,4.11.2022 19:10,24.11.2022 09:44,Chumphon,department of highways,4-wheel pickup truck,speeding,rear-end collision,2,0,1,rainy,10.71473066,99.20555486,other,other,2022-11-04T12:10:00Z
7372583,4.11.2022 19:30,23.11.2022 14:24,Suphan Buri,department of highways,4-wheel pickup truck,speeding,rollover/fallen on straight road,1,0,1,foggy,14.86826032,100.0873657,straight road,no slope,2022-11-04T12:30:00Z
7378880,4.11.2022 19:30,24.11.2022 11:33,Maha Sarakham,department of highways,private/passenger car,speeding,rollover/fallen on straight road,1,1,0,clear,16.22253877,103.0803569,wide curve,no slope,2022-11-04T12:30:00Z
7560707,4.11.2022 19:30,16.01.2023 11:15,Chiang Mai,department of highways,motorcycle,unfamiliarity with the route/unskilled driving,head-on collision (not overtaking),2,0,2,clear,18.54962649,98.53952624,sharp curve,slope area,2022-11-04T12:30:00Z
7332568,4.11.2022 19:55,8.11.2022 15:01,Bangkok,department of highways,large truck with trailer,speeding,rear-end collision,2,0,0,clear,13.72930034,100.7353937,straight road,no slope,2022-11-04T12:55:00Z
7332570,4.11.2022 20:00,8.11.2022 14:59,Samut Prakan,department of highways,private/passenger car,speeding,rear-end collision,4,0,2,clear,13.6674342,100.8478827,straight road,no slope,2022-11-04T13:00:00Z
7564179,4.11.2022 20:50,19.01.2023 11:04,Nakhon Pathom,department of highways,4-wheel pickup truck,speeding,rollover/fallen on straight road,1,0,0,clear,13.76370578,100.1852703,straight road,no slope,2022-11-04T13:50:00Z
7439547,4.11.2022 20:56,7.12.2022 14:30,Phayao,department of highways,4-wheel pickup truck,cutting in closely by people/vehicles/animals,rear-end collision,2,1,0,clear,19.3487992,99.80503721,connecting to public/commercial area,other,2022-11-04T13:56:00Z
7555947,4.11.2022 21:00,11.01.2023 09:03,Loei,department of highways,private/passenger car,unfamiliarity with the route/unskilled driving,rollover/fallen on straight road,1,0,0,clear,17.27282113,101.1455347,straight road,no slope,2022-11-04T14:00:00Z
7332558,4.11.2022 22:00,8.11.2022 09:13,Kanchanaburi,department of highways,4-wheel pickup truck,loss of control,rollover/fallen on curved road,1,0,1,clear,14.11905086,99.1470851,wide curve,slope area,2022-11-04T15:00:00Z
7555937,4.11.2022 22:09,11.01.2023 08:58,Phetchabun,department of highways,4-wheel pickup truck,speeding,rear-end collision,2,0,1,clear,16.88700565,101.175153,other,other,2022-11-04T15:09:00Z
7283648,4.11.2022 22:10,10.11.2022 11:50,Bangkok,department of rural roads,motorcycle,running red lights/traffic signals,other,2,1,0,clear,13.671341,100.538697,straight road,no slope,2022-11-04T15:10:00Z
7416431,4.11.2022 22:30,29.11.2022 19:56,Si Sa Ket,department of highways,7-10-wheel truck,vehicle equipment failure,collision with obstruction (on road surface),2,0,0,clear,14.91000436,104.4090441,straight road,no slope,2022-11-04T15:30:00Z
7564161,4.11.2022 22:30,19.01.2023 10:55,Samut Sakhon,department of highways,motorcycle,speeding,rear-end collision,2,0,1,clear,13.59360278,100.3608781,straight road,no slope,2022-11-04T15:30:00Z
7378902,5.11.2022 00:10,24.11.2022 11:41,Roi Et,department of highways,4-wheel pickup truck,speeding,rollover/fallen on curved road,1,0,2,clear,16.20914152,103.6209893,wide curve,slope area,2022-11-04T17:10:00Z
7276753,5.11.2022 00:45,9.11.2022 13:18,Sa Kaeo,department of highways,large truck with trailer,insufficient light,rollover/fallen on straight road,1,0,0,foggy,13.77104059,102.0470479,straight road,no slope,2022-11-04T17:45:00Z
7332585,5.11.2022 00:45,7.11.2022 11:53,Lampang,department of highways,private/passenger car,speeding,rear-end collision,2,0,3,clear,18.35728275,99.56715358,straight road,no slope,2022-11-04T17:45:00Z
7414596,5.11.2022 01:30,29.11.2022 07:55,Trat,department of highways,motorcycle,speeding,head-on collision (not overtaking),2,1,0,clear,12.19792339,102.3597017,straight road,no slope,2022-11-04T18:30:00Z
7558873,5.11.2022 02:00,13.01.2023 08:02,Loburi,department of highways,6-wheel truck,speeding,rollover/fallen on straight road,1,0,2,clear,14.85357645,100.4634194,straight road,no slope,2022-11-04T19:00:00Z
7379242,5.11.2022 02:10,24.11.2022 13:12,Kalasin,department of highways,4-wheel pickup truck,speeding,rollover/fallen on curved road,1,0,0,clear,16.65048276,103.19894,wide curve,no slope,2022-11-04T19:10:00Z
7283419,5.11.2022 03:00,10.11.2022 11:21,Songkhla,department of highways,private/passenger car,slippery road,rollover/fallen on straight road,1,0,0,rainy,7.042395505,100.4649255,other,other,2022-11-04T20:00:00Z
7284440,5.11.2022 04:45,10.11.2022 14:19,Nakhon Ratchasima,department of highways,van,loss of control,rollover/fallen on curved road,1,0,3,clear,14.46503399,101.9049124,wide curve,slope area,2022-11-04T21:45:00Z
7413519,5.11.2022 04:45,25.11.2022 10:13,Suphan Buri,department of highways,4-wheel pickup truck,falling asleep,rollover/fallen on straight road,1,0,0,clear,14.66310673,100.1302327,straight road,no slope,2022-11-04T21:45:00Z
7378516,5.11.2022 05:30,24.11.2022 09:49,Chumphon,department of highways,large truck with trailer,speeding,rollover/fallen on curved road,1,0,0,rainy,10.61600559,99.17292306,other,other,2022-11-04T22:30:00Z
7332574,5.11.2022 06:02,7.11.2022 13:49,Nan,department of highways,6-wheel truck,brake/anti-lock brake system failure,rollover/fallen on curved road,1,0,9,clear,18.27341404,100.5358256,wide curve,slope area,2022-11-04T23:02:00Z
7458543,5.11.2022 06:20,15.12.2022 14:00,Maha Sarakham,department of highways,private/passenger car,falling asleep,rollover/fallen on straight road,1,0,1,clear,16.00044957,103.3192143,straight road,no slope,2022-11-04T23:20:00Z
7365141,5.11.2022 06:30,22.11.2022 13:14,Loburi,department of highways,4-wheel pickup truck,falling asleep,rollover/fallen on straight road,1,0,0,clear,15.19645679,101.0830808,straight road,no slope,2022-11-04T23:30:00Z
7566960,5.11.2022 07:17,23.01.2023 07:40,Chon Buri,department of highways,private/passenger car,speeding,rear-end collision,2,1,0,clear,13.21497517,101.1546717,straight road,no slope,2022-11-05T00:17:00Z
7517852,5.11.2022 08:00,29.12.2022 11:06,buogkan,department of highways,4-wheel pickup truck,speeding,head-on collision (not overtaking),2,1,1,clear,18.4288595,103.4111658,straight road,no slope,2022-11-05T01:00:00Z
7357510,5.11.2022 08:10,21.11.2022 10:12,Nakhon Sawan,department of highways,4-wheel pickup truck,unfamiliarity with the route/unskilled driving,other,1,0,1,clear,15.41091212,100.1468249,other,other,2022-11-05T01:10:00Z
7372373,5.11.2022 08:21,23.11.2022 13:40,Sukhothai,department of highways,private/passenger car,aggressive driving/overtaking,pedestrian collision,1,0,0,clear,17.3773274,99.79707822,straight road,no slope,2022-11-05T01:21:00Z
7378506,5.11.2022 08:40,24.11.2022 09:46,Chumphon,department of highways,private/passenger car,speeding,rollover/fallen on straight road,1,0,0,rainy,10.6691266,99.2021162,straight road,no slope,2022-11-05T01:40:00Z
7414656,5.11.2022 08:40,29.11.2022 09:24,Chumphon,department of highways,private/passenger car,speeding,rear-end collision,3,0,0,clear,10.13359697,99.09220945,other,other,2022-11-05T01:40:00Z
7433668,5.11.2022 09:00,6.12.2022 09:31,Chiang Rai,department of highways,7-10-wheel truck,reversing vehicle,collision with obstruction (on road surface),2,5,1,clear,19.66805896,100.2593932,other,other,2022-11-05T02:00:00Z
7413356,5.11.2022 09:40,25.11.2022 10:00,Suphan Buri,department of highways,4-wheel pickup truck,speeding,rollover/fallen on straight road,1,0,0,clear,14.89212468,100.0898695,straight road,no slope,2022-11-05T02:40:00Z
7378546,5.11.2022 12:00,24.11.2022 09:51,Chumphon,department of highways,private/passenger car,speeding,rollover/fallen on straight road,1,0,0,rainy,10.73988183,99.20627838,straight road,no slope,2022-11-05T05:00:00Z
7332577,5.11.2022 12:12,8.11.2022 14:31,Bangkok,department of highways,private/passenger car,speeding,rear-end collision,2,0,0,clear,13.87954285,100.6838836,straight road,no slope,2022-11-05T05:12:00Z
7438966,5.11.2022 12:19,7.12.2022 10:45,Chon Buri,department of highways,private/passenger car,speeding,rear-end collision,2,0,0,clear,13.3022757,100.9952357,straight road,no slope,2022-11-05T05:19:00Z
7413379,5.11.2022 12:28,25.11.2022 08:12,Chai Nat,department of highways,4-wheel pickup truck,speeding,rollover/fallen on straight road,1,0,4,clear,15.31817168,100.1040606,straight road,no slope,2022-11-05T05:28:00Z
7418074,5.11.2022 12:35,30.11.2022 06:34,Chon Buri,department of highways,4-wheel pickup truck,external disturbance,collision with obstruction (on road surface),2,0,0,clear,12.89368764,100.9632248,straight road,no slope,2022-11-05T05:35:00Z
7418043,5.11.2022 13:05,30.11.2022 06:12,Nakhon Si Thammarat,department of highways,4-wheel pickup truck,falling asleep,rear-end collision,2,1,0,clear,8.250607528,99.88886132,wide curve,slope area,2022-11-05T06:05:00Z
7559354,5.11.2022 13:20,13.01.2023 13:47,Bangkok,department of highways,private/passenger car,cutting in closely by people/vehicles/animals,rear-end collision,2,0,0,clear,13.78050737,100.4453856,other,other,2022-11-05T06:20:00Z
7379232,5.11.2022 13:24,24.11.2022 13:09,Roi Et,department of highways,4-wheel pickup truck,worn-out/tire blowout,rollover/fallen on straight road,1,0,0,clear,16.02512612,103.813623,straight road,no slope,2022-11-05T06:24:00Z
7365174,5.11.2022 13:30,22.11.2022 13:18,Loburi,department of highways,private/passenger car,speeding,rollover/fallen on straight road,1,0,1,clear,15.2274474,101.152446,straight road,no slope,2022-11-05T06:30:00Z
7568974,5.11.2022 14:15,25.01.2023 07:48,Chon Buri,department of highways,private/passenger car,speeding,rear-end collision,2,0,0,clear,13.09488314,100.9897211,straight road,no slope,2022-11-05T07:15:00Z
7561541,5.11.2022 14:30,17.01.2023 10:28,Uttaradit,department of highways,large truck with trailer,speeding,rear-end collision,2,0,1,clear,17.24250501,100.2476799,straight road,no slope,2022-11-05T07:30:00Z
7414288,5.11.2022 14:45,28.11.2022 11:15,Chanthaburi,department of highways,4-wheel pickup truck,speeding,rear-end collision,2,0,2,rainy,12.83860545,102.2645791,wide curve,slope area,2022-11-05T07:45:00Z
7379230,5.11.2022 15:00,24.11.2022 13:06,Kalasin,department of highways,4-wheel pickup truck,speeding,rollover/fallen on straight road,1,0,0,clear,16.56012853,103.264178,straight road,no slope,2022-11-05T08:00:00Z
7414370,5.11.2022 15:02,28.11.2022 13:18,Chachoengsao,department of highways,van,cutting in closely by people/vehicles/animals,rollover/fallen on straight road,2,0,1,clear,13.69069417,101.2676236,wide curve,no slope,2022-11-05T08:02:00Z
7332661,5.11.2022 15:14,8.11.2022 14:52,Samut Prakan,department of highways,private/passenger car,speeding,rear-end collision,4,0,0,clear,13.66792693,100.8471179,straight road,no slope,2022-11-05T08:14:00Z
7414286,5.11.2022 15:15,28.11.2022 11:14,Chanthaburi,department of highways,private/passenger car,speeding,rollover/fallen on straight road,1,0,3,clear,12.72311635,101.9531279,straight road,no slope,2022-11-05T08:15:00Z
7556589,5.11.2022 15:30,11.01.2023 14:05,Chiang Mai,department of highways,motorcycle,speeding,rear-end collision,2,0,0,clear,18.84201011,99.02155612,straight road,no slope,2022-11-05T08:30:00Z
7418052,5.11.2022 16:00,30.11.2022 06:16,Nakhon Si Thammarat,department of highways,motorcycle,speeding,rollover/fallen on straight road,2,0,1,clear,8.185313911,99.8573925,straight road,no slope,2022-11-05T09:00:00Z
7333054,5.11.2022 16:30,8.11.2022 15:03,Samut Prakan,department of highways,private/passenger car,speeding,rear-end collision,2,0,0,clear,13.665956,100.8501771,straight road,no slope,2022-11-05T09:30:00Z
7557792,5.11.2022 16:50,12.01.2023 10:54,Phuket,department of highways,private/passenger car,speeding,rear-end collision,2,0,0,clear,8.155052497,98.33773792,wide curve,slope area,2022-11-05T09:50:00Z
7563113,5.11.2022 17:30,18.01.2023 14:18,Phitsanulok,department of highways,4-wheel pickup truck,falling asleep,rear-end collision,2,0,0,clear,17.27006588,100.6088247,other,other,2022-11-05T10:30:00Z
7372330,5.11.2022 17:45,23.11.2022 13:37,Tak,department of highways,motorcycle,cutting in closely by people/vehicles/animals,rear-end collision,2,1,0,clear,17.14401728,99.12201717,connecting to private area,other,2022-11-05T10:45:00Z
7310142,5.11.2022 17:50,14.11.2022 10:00,Yala,department of highways,private/passenger car,falling asleep,rollover/fallen on straight road,1,0,1,clear,6.549974689,101.2567458,straight road,no slope,2022-11-05T10:50:00Z
7561143,5.11.2022 17:59,17.01.2023 05:56,Bangkok,expressway authority of thailand,other,other,rear-end collision,3,0,0,clear,13.74324519,100.550474,straight road,other,2022-11-05T10:59:00Z
7559135,5.11.2022 18:15,13.01.2023 10:18,Pattani,department of highways,large truck with trailer,speeding,rollover/fallen on straight road,3,0,0,rainy,6.844575736,101.1796939,straight road,no slope,2022-11-05T11:15:00Z
7332663,5.11.2022 18:30,8.11.2022 06:46,Phra Nakhon Si Ayutthaya,department of highways,motorcycle,cutting in closely by people/vehicles/animals,rear-end collision,2,0,3,clear,14.48557575,100.5046289,other,other,2022-11-05T11:30:00Z
7414570,5.11.2022 18:30,29.11.2022 06:54,Chon Buri,department of highways,4-wheel pickup truck,speeding,rollover/fallen on straight road,1,0,0,other,13.0938708,101.090377,straight road,no slope,2022-11-05T11:30:00Z
7379227,5.11.2022 18:35,24.11.2022 13:05,Kalasin,department of highways,4-wheel pickup truck,loss of control,rollover/fallen on straight road,1,0,0,foggy,16.63249884,103.7066393,straight road,no slope,2022-11-05T11:35:00Z
7332590,5.11.2022 18:50,5.11.2022 18:50,Bangkok,department of highways,other,speeding,rear-end collision,0,0,0,clear,13.73112042,100.7172288,straight road,no slope,2022-11-05T11:50:00Z
7332659,5.11.2022 18:50,8.11.2022 15:06,Bangkok,department of highways,private/passenger car,speeding,rear-end collision,4,0,1,clear,13.72993857,100.7272464,straight road,no slope,2022-11-05T11:50:00Z
7332581,5.11.2022 19:00,9.11.2022 10:20,Sing Buri,department of highways,private/passenger car,speeding,rear-end collision,2,1,0,clear,14.73039775,100.4549678,straight road,no slope,2022-11-05T12:00:00Z
7527268,5.11.2022 19:00,31.12.2022 10:28,Bangkok,department of highways,private/passenger car,speeding,collision with obstruction (on road surface),1,0,2,clear,13.62632,100.4497865,straight road,no slope,2022-11-05T12:00:00Z
7569004,5.11.2022 19:20,25.01.2023 08:25,Yasothon,department of highways,motorcycle,speeding,rollover/fallen on straight road,1,1,0,clear,15.78876094,104.2450412,straight road,no slope,2022-11-05T12:20:00Z
7284227,5.11.2022 20:30,10.11.2022 13:43,Songkhla,department of highways,4-wheel pickup truck,slippery road,rollover/fallen on straight road,1,0,1,rainy,7.004146693,100.4150082,other,other,2022-11-05T13:30:00Z
7414256,5.11.2022 20:30,28.11.2022 11:16,Chanthaburi,department of highways,4-wheel pickup truck,speeding,rear-end collision,2,0,2,clear,13.1073832,102.2288052,straight road,no slope,2022-11-05T13:30:00Z
7291652,5.11.2022 21:00,11.11.2022 13:22,Sa Kaeo,department of highways,large truck with trailer,insufficient light,rollover/fallen on curved road,1,0,0,foggy,13.88598609,102.4926554,wide curve,no slope,2022-11-05T14:00:00Z
7514574,5.11.2022 21:00,28.12.2022 09:54,Chiang Rai,department of highways,4-wheel pickup truck,speeding,rollover/fallen on straight road,1,0,1,clear,20.19911004,100.4052155,straight road,no slope,2022-11-05T14:00:00Z
7510906,5.11.2022 21:05,27.12.2022 09:06,Nakhon Ratchasima,department of highways,private/passenger car,speeding,rollover/fallen on straight road,1,0,1,clear,15.05401106,102.1274551,straight road,no slope,2022-11-05T14:05:00Z
7447427,5.11.2022 21:10,9.12.2022 10:16,Ubon Ratchathani,department of highways,private/passenger car,speeding,rollover/fallen on curved road,1,0,0,clear,15.20813849,105.423772,wide curve,no slope,2022-11-05T14:10:00Z
7446132,5.11.2022 21:30,9.12.2022 09:19,Surat Thani,department of highways,motorcycle,speeding,head-on collision (not overtaking),2,0,2,rainy,8.640444191,99.34938206,straight road,no slope,2022-11-05T14:30:00Z
7418890,5.11.2022 21:50,30.11.2022 11:04,Phatthalung,department of highways,private/passenger car,speeding,rollover/fallen on straight road,1,0,1,rainy,7.601271733,100.029041,wide curve,no slope,2022-11-05T14:50:00Z
7470071,5.11.2022 23:20,19.12.2022 09:58,Yasothon,department of highways,4-wheel pickup truck,falling asleep,rollover/fallen on straight road,1,0,1,clear,15.58581099,104.3942943,straight road,no slope,2022-11-05T16:20:00Z
7418050,6.11.2022 00:05,30.11.2022 06:13,Nakhon Si Thammarat,department of highways,4-wheel pickup truck,slippery road,rollover/fallen on straight road,1,0,1,rainy,8.269019482,99.90116559,straight road,no slope,2022-11-05T17:05:00Z
7568231,6.11.2022 00:36,24.01.2023 11:09,Ratchaburi,department of highways,4-wheel pickup truck,speeding,rollover/fallen on straight road,1,0,1,clear,13.53984807,99.80009511,straight road,no slope,2022-11-05T17:36:00Z
7413523,6.11.2022 00:45,25.11.2022 10:14,Nakhon Ratchasima,department of highways,4-wheel pickup truck,speeding,rollover/fallen on straight road,1,0,2,clear,14.96195793,102.1330065,straight road,no slope,2022-11-05T17:45:00Z
7422106,6.11.2022 00:45,1.12.2022 06:56,Surat Thani,department of highways,4-wheel pickup truck,falling asleep,rollover/fallen on straight road,1,0,0,clear,8.878166332,98.86059142,other,other,2022-11-05T17:45:00Z
7414699,6.11.2022 00:55,29.11.2022 13:42,Nakhon Si Thammarat,department of highways,4-wheel pickup truck,speeding,rollover/fallen on straight road,1,0,2,clear,8.15647241,99.68321551,other,other,2022-11-05T17:55:00Z
7378882,6.11.2022 01:20,24.11.2022 11:30,Bangkok,department of highways,private/passenger car,speeding,rollover/fallen on straight road,1,0,0,clear,13.70826048,100.8210151,straight road,no slope,2022-11-05T18:20:00Z
7418051,6.11.2022 01:30,30.11.2022 06:14,Nakhon Si Thammarat,department of highways,4-wheel pickup truck,speeding,rollover/fallen on straight road,1,0,1,rainy,8.218696102,99.86975778,straight road,no slope,2022-11-05T18:30:00Z
7372334,6.11.2022 02:00,23.11.2022 13:38,Sukhothai,department of highways,van,speeding,head-on collision (not overtaking),2,1,6,clear,17.397171320000002,99.49983947,wide curve,no slope,2022-11-05T19:00:00Z
7421552,6.11.2022 02:00,1.12.2022 06:25,Phatthalung,department of highways,4-wheel pickup truck,speeding,rollover/fallen on straight road,1,1,1,rainy,7.580414914,100.0519409,straight road,no slope,2022-11-05T19:00:00Z
7559399,6.11.2022 03:03,13.01.2023 14:14,Pathum Thani,department of highways,4-wheel pickup truck,speeding,rollover/fallen on straight road,2,0,1,clear,14.06592266,100.6626467,straight road,no slope,2022-11-05T20:03:00Z
7563044,6.11.2022 04:50,18.01.2023 13:59,Chumphon,department of highways,4-wheel pickup truck,speeding,rollover/fallen on curved road,1,0,0,rainy,9.782580127,99.07820873,wide curve,slope area,2022-11-05T21:50:00Z
7332420,6.11.2022 06:50,17.11.2022 14:17,Chon Buri,department of highways,4-wheel pickup truck,speeding,rollover/fallen on straight road,1,0,0,clear,13.35715926,101.0355987,straight road,no slope,2022-11-05T23:50:00Z
7473154,6.11.2022 08:30,20.12.2022 09:26,Sukhothai,department of highways,4-wheel pickup truck,speeding,rollover/fallen on curved road,1,0,1,clear,17.47105984,99.64090212,wide curve,no slope,2022-11-06T01:30:00Z
7458733,6.11.2022 08:45,15.12.2022 14:02,Maha Sarakham,department of highways,4-wheel pickup truck,speeding,rollover/fallen on straight road,1,0,1,clear,15.8339474,103.0493572,straight road,no slope,2022-11-06T01:45:00Z
7333045,6.11.2022 09:00,8.11.2022 14:52,Nakhon Phanom,department of highways,private/passenger car,speeding,rollover/fallen on straight road,1,0,0,clear,17.12118853,104.7722218,straight road,no slope,2022-11-06T02:00:00Z
7554667,6.11.2022 09:30,9.01.2023 13:58,Bangkok,department of highways,van,reversing vehicle,collision with obstruction (on road surface),2,0,2,clear,13.75417031,100.4059378,straight road,no slope,2022-11-06T02:30:00Z
7567467,6.11.2022 09:30,23.01.2023 15:50,Rayong,department of highways,private/passenger car,speeding,rollover/fallen on straight road,1,0,1,clear,12.69626,101.2834,straight road,no slope,2022-11-06T02:30:00Z
7559237,6.11.2022 09:50,13.01.2023 11:13,Chiang Rai,department of highways,private/passenger car,speeding,rollover/fallen on straight road,1,0,0,clear,19.74652914,99.72542167,straight road,no slope,2022-11-06T02:50:00Z
7421826,6.11.2022 10:00,1.12.2022 06:41,Surat Thani,department of highways,private/passenger car,speeding,rollover/fallen on straight road,1,0,6,rainy,9.548999607,99.13207948,straight road,no slope,2022-11-06T03:00:00Z
7372332,6.11.2022 10:52,23.11.2022 13:38,Sukhothai,department of highways,motorcycle,speeding,rollover/fallen on straight road,1,0,0,clear,17.33676945,99.8490192,straight road,no slope,2022-11-06T03:52:00Z
7569060,6.11.2022 11:00,25.01.2023 08:52,Chon Buri,department of highways,private/passenger car,speeding,rollover/fallen on straight road,1,0,0,clear,13.38358209,101.0450514,straight road,no slope,2022-11-06T04:00:00Z
7413387,6.11.2022 11:10,25.11.2022 08:54,Surat Thani,department of highways,4-wheel pickup truck,speeding,rollover/fallen on straight road,1,0,1,clear,9.035747561,99.16867506,straight road,no slope,2022-11-06T04:10:00Z
7365171,6.11.2022 12:04,22.11.2022 13:17,Loburi,department of highways,4-wheel pickup truck,falling asleep,rollover/fallen on straight road,1,0,0,clear,15.10627303,101.0233821,straight road,no slope,2022-11-06T05:04:00Z
7284208,6.11.2022 12:30,10.11.2022 13:37,Kalasin,department of highways,6-wheel truck,speeding,rollover/fallen on curved road,1,1,0,clear,16.78723933,103.8551894,wide curve,no slope,2022-11-06T05:30:00Z
7555216,6.11.2022 12:30,10.01.2023 09:57,Bangkok,department of highways,motorcycle,speeding,rear-end collision,2,0,2,clear,13.66945323,100.6275196,straight road,no slope,2022-11-06T05:30:00Z
7286290,6.11.2022 13:00,10.11.2022 19:36,Ubon Ratchathani,department of highways,4-wheel pickup truck,worn-out/tire blowout,rollover/fallen on straight road,1,0,0,clear,15.16779778,104.8561244,straight road,no slope,2022-11-06T06:00:00Z
7365185,6.11.2022 14:00,22.11.2022 13:23,Saraburi,department of highways,large truck with trailer,falling asleep,rollover/fallen on straight road,1,0,0,clear,14.34881077,100.8682804,straight road,no slope,2022-11-06T07:00:00Z
7424055,6.11.2022 14:18,2.12.2022 07:53,Satun,department of rural roads,motorcycle,speeding,other,2,0,2,clear,6.731862,100.069505,straight road,no slope,2022-11-06T07:18:00Z
7332688,6.11.2022 16:00,7.11.2022 16:18,Chiang Mai,department of highways,4-wheel pickup truck,speeding,head-on collision (not overtaking),2,0,0,clear,18.46226569,98.67673974,straight road,no slope,2022-11-06T09:00:00Z
7378862,6.11.2022 16:00,24.11.2022 11:22,Phetchabun,department of highways,large truck with trailer,brake/anti-lock brake system failure,rear-end collision,2,0,0,clear,16.56894799,101.1507502,straight road,no slope,2022-11-06T09:00:00Z
7559206,6.11.2022 17:12,13.01.2023 10:53,Bangkok,department of highways,private/passenger car,cutting in closely by people/vehicles/animals,rear-end collision,2,0,1,clear,13.63607019,100.4029208,straight road,no slope,2022-11-06T10:12:00Z
7332681,6.11.2022 17:19,8.11.2022 14:40,Bangkok,department of highways,van,speeding,rear-end collision,2,0,0,clear,13.72924789,100.7335752,straight road,no slope,2022-11-06T10:19:00Z
7414401,6.11.2022 19:10,28.11.2022 13:44,Chachoengsao,department of highways,private/passenger car,speeding,rollover/fallen on straight road,1,0,0,clear,13.76005199,101.5096392,straight road,no slope,2022-11-06T12:10:00Z
7357705,6.11.2022 19:50,21.11.2022 10:48,Trat,department of highways,4-wheel pickup truck,speeding,rear-end collision,2,0,2,clear,12.37944921,102.3762985,straight road,no slope,2022-11-06T12:50:00Z
7282682,6.11.2022 20:00,10.11.2022 09:43,Trat,department of highways,4-wheel pickup truck,speeding,rollover/fallen on curved road,1,0,0,rainy,12.35670871,102.4331521,wide curve,slope area,2022-11-06T13:00:00Z
7370650,6.11.2022 20:00,23.11.2022 08:01,Nakhon Ratchasima,department of rural roads,4-wheel pickup truck,driving under the influence of alcohol,other,1,0,1,clear,14.891265,101.686214,t-intersection,other,2022-11-06T13:00:00Z
7458719,6.11.2022 20:25,15.12.2022 14:01,Maha Sarakham,department of highways,4-wheel pickup truck,falling asleep,rollover/fallen on straight road,1,0,0,clear,15.8380309,103.3704311,straight road,no slope,2022-11-06T13:25:00Z
7378859,6.11.2022 21:40,24.11.2022 11:17,Chachoengsao,department of highways,4-wheel pickup truck,speeding,rear-end collision,2,0,0,clear,13.54515818,101.003919,straight road,no slope,2022-11-06T14:40:00Z
7554238,6.11.2022 22:00,9.01.2023 09:11,Bangkok,department of highways,motorcycle,cutting in closely by people/vehicles/animals,rear-end collision,2,0,3,clear,13.78640632,100.4640202,other,other,2022-11-06T15:00:00Z
7413383,6.11.2022 22:30,25.11.2022 08:52,Chai Nat,department of highways,motorcycle,speeding,head-on collision (not overtaking),2,1,0,clear,14.97934033,100.0053857,straight road,no slope,2022-11-06T15:30:00Z
7422275,6.11.2022 22:35,1.12.2022 10:23,Samut Sakhon,department of highways,4-wheel pickup truck,driving under the influence of alcohol,rear-end collision,2,0,0,clear,13.58845617,100.3262485,straight road,no slope,2022-11-06T15:35:00Z
7414755,6.11.2022 22:54,29.11.2022 13:45,Nakhon Si Thammarat,department of highways,4-wheel pickup truck,speeding,rollover/fallen on straight road,1,0,1,rainy,8.225411731,99.87306469,straight road,no slope,2022-11-06T15:54:00Z
7561361,7.11.2022 00:30,17.01.2023 09:00,Chiang Rai,department of highways,4-wheel pickup truck,speeding,rollover/fallen on straight road,1,0,1,clear,20.23327543,100.4057117,wide curve,no slope,2022-11-06T17:30:00Z
7559337,7.11.2022 00:45,13.01.2023 13:07,Bangkok,department of highways,4-wheel pickup truck,failure to yield right of way,rear-end collision,2,0,2,clear,13.78315403,100.4053523,other,other,2022-11-06T17:45:00Z
7568234,7.11.2022 02:05,24.01.2023 11:09,Ratchaburi,department of highways,private/passenger car,speeding,rollover/fallen on straight road,1,0,0,clear,13.56504131,99.76662182,straight road,no slope,2022-11-06T19:05:00Z
7509010,7.11.2022 02:40,26.12.2022 13:55,Chachoengsao,department of highways,4-wheel pickup truck,speeding,collision at intersection corner,2,0,1,clear,13.74569223,101.356236,other,other,2022-11-06T19:40:00Z
7414522,7.11.2022 04:30,29.11.2022 13:27,Nakhon Si Thammarat,department of highways,4-wheel pickup truck,slippery road,rollover/fallen on straight road,1,0,0,rainy,9.022816955,99.86970858,straight road,no slope,2022-11-06T21:30:00Z
7446531,7.11.2022 05:00,9.12.2022 09:27,Lampang,department of highways,7-10-wheel truck,falling asleep,rollover/fallen on curved road,1,0,0,clear,17.65490949,99.12051485,wide curve,slope area,2022-11-06T22:00:00Z
7421725,7.11.2022 05:30,1.12.2022 06:27,Phatthalung,department of highways,large truck with trailer,speeding,rear-end collision,2,0,0,clear,7.202044972,100.2120441,straight road,no slope,2022-11-06T22:30:00Z
7558321,7.11.2022 05:30,12.01.2023 14:37,Sa Kaeo,department of highways,4-wheel pickup truck,speeding,rollover/fallen on straight road,1,0,1,foggy,13.74844801,102.3098145,straight road,no slope,2022-11-06T22:30:00Z
7372366,7.11.2022 06:30,23.11.2022 13:42,Tak,department of highways,large truck with trailer,speeding,rollover/fallen on curved road,1,0,1,clear,16.75840024,98.71378517,wide curve,slope area,2022-11-06T23:30:00Z