acc_code,incident_datetime,report_datetime,province_en,agency,vehicle_type,presumed_cause,accident_type,number_of_vehicles_involved,number_of_fatalities,number_of_injuries,weather_condition,latitude,longitude,road_description,slope_description,incident_time
7290585,7.11.2022 06:40,11.11.2022 10:13,Chanthaburi,department of highways,van,falling asleep,rear-end collision,2,0,10,clear,12.99030899,102.4618261,straight road,no slope,2022-11-06T23:40:00Z
7561804,7.11.2022 07:00,17.01.2023 14:50,Uttaradit,department of highways,private/passenger car,speeding,rollover/fallen on straight road,1,0,1,clear,17.52265533,100.2166522,straight road,no slope,2022-11-07T00:00:00Z
7559366,7.11.2022 07:30,13.01.2023 13:51,Bangkok,department of highways,private/passenger car,cutting in closely by people/vehicles/animals,rear-end collision,2,0,0,clear,13.78185806,100.4488054,other,other,2022-11-07T00:30:00Z
7559364,7.11.2022 07:55,13.01.2023 13:51,Bangkok,department of highways,motorcycle,speeding,rear-end collision,2,0,0,clear,13.78334029,100.4533692,straight road,no slope,2022-11-07T00:55:00Z
7418047,7.11.2022 08:15,30.11.2022 06:11,Nakhon Si Thammarat,department of highways,large truck with trailer,speeding,rear-end collision,2,0,1,rainy,8.144089497,99.80424508,straight road,no slope,2022-11-07T01:15:00Z
7563120,7.11.2022 08:30,18.01.2023 14:23,Phitsanulok,department of highways,large truck with trailer,vehicle equipment failure,rollover/fallen on straight road,1,0,0,clear,17.22739257,101.0743741,straight road,no slope,2022-11-07T01:30:00Z
7282752,7.11.2022 08:40,10.11.2022 09:53,buogkan,department of highways,4-wheel pickup truck,cutting in closely by people/vehicles/animals,rear-end collision,2,0,1,clear,18.30674085,103.8086517,straight road,no slope,2022-11-07T01:40:00Z
7560666,7.11.2022 09:10,16.01.2023 10:56,Lampang,department of highways,private/passenger car,speeding,rollover/fallen on straight road,1,0,1,clear,18.17909279,99.5466055,straight road,no slope,2022-11-07T02:10:00Z
7414558,7.11.2022 09:30,29.11.2022 06:31,Chon Buri,department of highways,other,speeding,rollover/fallen on straight road,1,0,0,clear,13.43857683,101.001036,straight road,no slope,2022-11-07T02:30:00Z
7414754,7.11.2022 10:00,29.11.2022 11:23,Ratchaburi,department of highways,large truck with trailer,cutting in closely by people/vehicles/animals,rear-end collision,2,0,0,clear,13.55064736,99.81691065,other,other,2022-11-07T03:00:00Z
7414525,7.11.2022 10:31,29.11.2022 13:28,Nakhon Si Thammarat,department of highways,4-wheel pickup truck,speeding,rollover/fallen on straight road,1,2,0,rainy,8.650341634,99.93818253,straight road,no slope,2022-11-07T03:31:00Z
7421888,7.11.2022 11:00,1.12.2022 06:47,Surat Thani,department of highways,4-wheel pickup truck,speeding,rollover/fallen on straight road,1,0,1,clear,8.889395774,99.29176818,straight road,no slope,2022-11-07T04:00:00Z
7421972,7.11.2022 11:00,1.12.2022 06:40,Surat Thani,department of highways,4-wheel pickup truck,speeding,rollover/fallen on straight road,1,0,1,rainy,9.206797088,99.1414381,straight road,no slope,2022-11-07T04:00:00Z
7562759,7.11.2022 11:00,18.01.2023 11:04,Surat Thani,department of highways,4-wheel pickup truck,speeding,rollover/fallen on straight road,1,0,1,other,8.890584959,99.29054964,straight road,no slope,2022-11-07T04:00:00Z
7414400,7.11.2022 11:30,28.11.2022 13:43,Chachoengsao,department of highways,van,speeding,rollover/fallen on straight road,1,0,5,clear,13.74672065,101.4435495,straight road,no slope,2022-11-07T04:30:00Z
7372364,7.11.2022 12:30,23.11.2022 13:41,Tak,department of highways,4-wheel pickup truck,speeding,rollover/fallen on straight road,1,0,0,clear,16.89602301,99.23736021,straight road,no slope,2022-11-07T05:30:00Z
7332701,7.11.2022 13:13,8.11.2022 14:38,Pathum Thani,department of highways,7-10-wheel truck,speeding,rear-end collision,2,0,1,clear,13.98373504,100.7133316,straight road,no slope,2022-11-07T06:13:00Z
7418143,7.11.2022 13:44,30.11.2022 07:19,Chon Buri,department of highways,4-wheel pickup truck,cutting in closely by people/vehicles/animals,rear-end collision,2,0,0,clear,12.99803981,100.9917244,straight road,no slope,2022-11-07T06:44:00Z
7414518,7.11.2022 13:50,29.11.2022 13:26,Nakhon Si Thammarat,department of highways,4-wheel pickup truck,speeding,rear-end collision,2,1,0,rainy,8.116955343,100.0911559,wide curve,no slope,2022-11-07T06:50:00Z
7413995,7.11.2022 13:54,28.11.2022 09:34,Phra Nakhon Si Ayutthaya,department of highways,4-wheel pickup truck,speeding,rollover/fallen on straight road,1,0,0,clear,14.27777669,100.8075401,straight road,no slope,2022-11-07T06:54:00Z
7434545,7.11.2022 14:00,6.12.2022 11:34,Phrae,department of highways,private/passenger car,speeding,rollover/fallen on straight road,1,0,1,clear,18.19651612,100.1918538,straight road,no slope,2022-11-07T07:00:00Z
7290503,7.11.2022 14:40,11.11.2022 10:00,Buri Ram,department of highways,4-wheel pickup truck,speeding,rollover/fallen on straight road,1,0,0,clear,14.64204043,102.6876972,straight road,no slope,2022-11-07T07:40:00Z
7564149,7.11.2022 14:45,19.01.2023 10:46,Samut Sakhon,department of highways,4-wheel pickup truck,speeding,rear-end collision,2,0,0,clear,13.53232146,100.2076551,straight road,no slope,2022-11-07T07:45:00Z
7332705,7.11.2022 15:00,9.11.2022 11:30,Nakhon Ratchasima,department of highways,large truck with trailer,speeding,rollover/fallen on straight road,1,0,0,clear,14.85859303,101.6816305,straight road,no slope,2022-11-07T08:00:00Z
7371215,7.11.2022 15:00,23.11.2022 09:49,Kanchanaburi,department of highways,4-wheel pickup truck,worn-out/tire blowout,rollover/fallen on straight road,1,0,0,clear,14.73904615,98.63999203,straight road,no slope,2022-11-07T08:00:00Z
7286259,7.11.2022 15:30,10.11.2022 19:33,Surin,department of highways,motorcycle,cutting in closely by people/vehicles/animals,rear-end collision,2,1,1,clear,15.32512328,103.6992687,straight road,no slope,2022-11-07T08:30:00Z
7433934,7.11.2022 15:30,6.12.2022 10:41,Phrae,department of highways,6-wheel truck,cutting in closely by people/vehicles/animals,rollover/fallen on straight road,1,0,0,clear,18.13466467,100.13886,other,other,2022-11-07T08:30:00Z
7332703,7.11.2022 15:48,8.11.2022 15:03,Bangkok,department of highways,4-wheel pickup truck,running red lights/traffic signals,other,1,0,0,clear,13.73244438,100.7860858,straight road,no slope,2022-11-07T08:48:00Z
7377702,7.11.2022 15:50,24.11.2022 07:05,Ang Thong,department of highways,motorcycle,speeding,head-on collision (not overtaking),2,2,0,clear,14.73707733,100.3298762,straight road,no slope,2022-11-07T08:50:00Z
7413977,7.11.2022 16:00,28.11.2022 09:28,Nakhon Pathom,department of highways,large truck with trailer,speeding,rollover/fallen on straight road,1,0,0,clear,13.77211911,100.2087705,straight road,no slope,2022-11-07T09:00:00Z
7477162,7.11.2022 16:20,21.12.2022 14:45,Trat,department of highways,4-wheel pickup truck,speeding,rollover/fallen on straight road,1,0,0,rainy,11.86068495,102.8246927,straight road,no slope,2022-11-07T09:20:00Z
7283654,7.11.2022 17:00,10.11.2022 11:51,Samut Prakan,department of rural roads,private/passenger car,tailgating,other,2,0,0,clear,13.650101,100.541476,y-intersection,other,2022-11-07T10:00:00Z
7566956,7.11.2022 17:10,23.01.2023 07:35,Chon Buri,department of highways,4-wheel pickup truck,speeding,rollover/fallen on straight road,1,0,0,clear,13.28245055,101.180088,straight road,no slope,2022-11-07T10:10:00Z
7283097,7.11.2022 17:30,10.11.2022 10:44,Songkhla,department of highways,4-wheel pickup truck,speeding,collision with obstruction (on road surface),1,0,0,rainy,6.823370386,100.4596817,other,other,2022-11-07T10:30:00Z
7556595,7.11.2022 17:30,11.01.2023 14:08,Lampang,department of highways,private/passenger car,speeding,rear-end collision,2,1,0,clear,18.31711034,99.36560199,straight road,no slope,2022-11-07T10:30:00Z
7310424,7.11.2022 18:08,14.11.2022 10:51,Phetchaburi,department of rural roads,motorcycle,unfamiliarity with the route/unskilled driving,other,1,1,0,clear,12.832677,99.989537,straight road,no slope,2022-11-07T11:08:00Z
7380581,7.11.2022 19:00,24.11.2022 14:23,Krabi,department of highways,private/passenger car,speeding,rear-end collision,4,0,0,rainy,8.22709,98.80847,connecting to private area,other,2022-11-07T12:00:00Z
7414278,7.11.2022 19:30,28.11.2022 11:13,Chanthaburi,department of highways,4-wheel pickup truck,speeding,rollover/fallen on straight road,1,0,0,clear,12.63897343,102.0939558,other,other,2022-11-07T12:30:00Z
7283730,7.11.2022 20:00,10.11.2022 12:08,Pathum Thani,department of rural roads,motorcycle,speeding,other,2,1,0,clear,14.0681,100.710074,straight road,no slope,2022-11-07T13:00:00Z
7336461,7.11.2022 20:19,18.11.2022 03:32,Bangkok,expressway authority of thailand,van,other,rear-end collision,4,0,0,clear,13.76845454,100.5283077,straight road,other,2022-11-07T13:19:00Z
7459541,7.11.2022 21:14,16.12.2022 10:08,Suphan Buri,department of highways,private/passenger car,speeding,rollover/fallen on straight road,1,0,0,clear,14.57640208,100.1393978,straight road,no slope,2022-11-07T14:14:00Z
7372532,7.11.2022 21:30,23.11.2022 14:10,Suphan Buri,department of highways,4-wheel pickup truck,speeding,rear-end collision,2,0,0,foggy,14.87717283,100.0860675,straight road,no slope,2022-11-07T14:30:00Z
7446868,8.11.2022 01:20,9.12.2022 09:37,Phichit,department of highways,7-10-wheel truck,falling asleep,rollover/fallen on straight road,1,0,1,clear,16.10849098,100.1256931,straight road,no slope,2022-11-07T18:20:00Z
7562769,8.11.2022 01:30,18.01.2023 11:08,Surat Thani,department of highways,private/passenger car,falling asleep,rollover/fallen on straight road,1,0,1,clear,8.820502893,99.31088703,straight road,no slope,2022-11-07T18:30:00Z
7414391,8.11.2022 02:00,28.11.2022 13:41,Chachoengsao,department of highways,large truck with trailer,speeding,rollover/fallen on straight road,1,0,0,clear,13.52273527,100.9706292,other,other,2022-11-07T19:00:00Z
7557647,8.11.2022 02:30,12.01.2023 10:20,Lampang,department of highways,private/passenger car,speeding,rollover/fallen on straight road,1,0,4,clear,18.31848661,99.35640603,straight road,no slope,2022-11-07T19:30:00Z
7509785,8.11.2022 03:00,27.12.2022 08:55,buogkan,department of highways,private/passenger car,speeding,rollover/fallen on straight road,1,0,3,clear,18.18917751,103.3550231,straight road,no slope,2022-11-07T20:00:00Z
7556607,8.11.2022 03:00,11.01.2023 14:05,Chiang Mai,department of highways,motorcycle,speeding,rear-end collision,2,0,0,clear,18.88469068,99.01368449,straight road,no slope,2022-11-07T20:00:00Z
7372503,8.11.2022 04:00,23.11.2022 14:08,Suphan Buri,department of highways,4-wheel pickup truck,failure to yield right of way,rear-end collision,2,0,2,foggy,14.76374953,100.0208938,other,other,2022-11-07T21:00:00Z
7553701,8.11.2022 05:00,7.01.2023 13:03,Chon Buri,department of highways,private/passenger car,speeding,rollover/fallen on straight road,1,0,2,clear,13.18118762,100.9953699,straight road,no slope,2022-11-07T22:00:00Z
7424891,8.11.2022 07:43,2.12.2022 10:48,Chon Buri,department of highways,private/passenger car,speeding,rear-end collision,2,0,0,clear,12.94465625,100.9080076,straight road,no slope,2022-11-08T00:43:00Z
7554405,8.11.2022 07:59,9.01.2023 11:09,Chiang Mai,department of highways,private/passenger car,speeding,rear-end collision,2,0,0,clear,18.85258876,99.01411311,straight road,no slope,2022-11-08T00:59:00Z
7554487,8.11.2022 08:20,9.01.2023 12:51,Chiang Mai,department of highways,motorcycle,speeding,rear-end collision,2,0,1,clear,18.87862923,99.03672695,straight road,no slope,2022-11-08T01:20:00Z
7365145,8.11.2022 08:40,22.11.2022 13:13,Nakhon Sawan,department of highways,private/passenger car,speeding,rollover/fallen on straight road,1,0,0,clear,15.63377068,100.3040747,straight road,no slope,2022-11-08T01:40:00Z
7564354,8.11.2022 09:01,19.01.2023 14:06,Samut Sakhon,department of highways,van,worn-out/tire blowout,rollover/fallen on straight road,1,0,0,clear,13.45943057,100.0943224,straight road,no slope,2022-11-08T02:01:00Z
7413698,8.11.2022 09:03,25.11.2022 12:45,Phra Nakhon Si Ayutthaya,department of highways,4-wheel pickup truck,falling asleep,head-on collision (not overtaking),2,1,2,clear,14.4807311,100.5203882,wide curve,no slope,2022-11-08T02:03:00Z
7329959,8.11.2022 09:26,17.11.2022 09:46,Nakhon Ratchasima,department of rural roads,large truck with trailer,speeding,other,1,1,0,clear,15.082584,101.520462,wide curve,slope area,2022-11-08T02:26:00Z
7511357,8.11.2022 09:31,27.12.2022 09:11,Nakhon Ratchasima,department of highways,4-wheel pickup truck,loss of control,rollover/fallen on curved road,1,0,2,clear,15.15971664,102.0902556,wide curve,slope area,2022-11-08T02:31:00Z
7318383,8.11.2022 10:30,15.11.2022 16:09,Chumphon,department of highways,4-wheel pickup truck,speeding,rollover/fallen on curved road,1,0,1,clear,10.87585917,99.2524007,wide curve,no slope,2022-11-08T03:30:00Z
7414629,8.11.2022 10:30,29.11.2022 09:06,Chumphon,department of highways,4-wheel pickup truck,speeding,rollover/fallen on curved road,1,0,2,clear,10.8761015,99.25256699,wide curve,no slope,2022-11-08T03:30:00Z
7480979,8.11.2022 10:55,23.12.2022 15:54,Bangkok,department of highways,private/passenger car,cutting in closely by people/vehicles/animals,rear-end collision,2,0,0,clear,13.78211855,100.4159953,straight road,no slope,2022-11-08T03:55:00Z
7517333,8.11.2022 11:10,29.12.2022 10:23,Lamphun,department of highways,4-wheel pickup truck,speeding,rollover/fallen on straight road,1,0,1,clear,18.62376859,99.04776961,straight road,no slope,2022-11-08T04:10:00Z
7557609,8.11.2022 11:15,12.01.2023 10:12,Lamphun,department of highways,4-wheel pickup truck,speeding,rollover/fallen on straight road,1,0,1,clear,18.62350732,99.04785216,straight road,no slope,2022-11-08T04:15:00Z
7517234,8.11.2022 11:40,29.12.2022 09:45,Kamphaeng Phet,department of highways,private/passenger car,falling asleep,collision with obstruction (on road surface),2,0,0,clear,16.47709071,99.4967325,wide curve,no slope,2022-11-08T04:40:00Z
7317358,8.11.2022 11:50,15.11.2022 12:23,Chanthaburi,department of highways,motorcycle,cutting in closely by people/vehicles/animals,rear-end collision,2,0,2,clear,12.68929248,102.2056977,wide curve,no slope,2022-11-08T04:50:00Z
7413799,8.11.2022 12:06,27.11.2022 17:24,Nakhon Ratchasima,department of highways,4-wheel pickup truck,vehicle equipment failure,rollover/fallen on straight road,1,0,0,clear,14.6387237,102.0096769,straight road,slope area,2022-11-08T05:06:00Z
7443331,8.11.2022 13:30,8.12.2022 10:28,Uttaradit,department of highways,4-wheel pickup truck,falling asleep,rollover/fallen on straight road,1,0,0,clear,17.55197115,100.1775858,straight road,no slope,2022-11-08T06:30:00Z
7568258,8.11.2022 13:30,24.01.2023 11:31,Ratchaburi,department of highways,4-wheel pickup truck,speeding,rear-end collision,2,0,0,clear,13.33446723,99.69670215,other,other,2022-11-08T06:30:00Z
7479509,8.11.2022 14:20,23.12.2022 09:00,Sukhothai,department of highways,private/passenger car,speeding,head-on collision (not overtaking),2,0,2,clear,17.02163596,99.81898651,straight road,no slope,2022-11-08T07:20:00Z
7559367,8.11.2022 14:30,13.01.2023 13:50,Bangkok,department of highways,private/passenger car,speeding,rear-end collision,4,0,0,clear,13.78152592,100.4485855,other,other,2022-11-08T07:30:00Z
7371649,8.11.2022 14:50,23.11.2022 11:04,Suphan Buri,department of highways,large truck with trailer,cutting in closely by people/vehicles/animals,rear-end collision,2,0,1,clear,14.8564529,99.8212114,other,other,2022-11-08T07:50:00Z
7560714,8.11.2022 15:00,16.01.2023 11:22,Phrae,department of highways,4-wheel pickup truck,speeding,rollover/fallen on curved road,1,0,0,clear,18.05845279,99.69689101,wide curve,slope area,2022-11-08T08:00:00Z
7421955,8.11.2022 15:40,1.12.2022 06:39,Surat Thani,department of highways,private/passenger car,speeding,rollover/fallen on straight road,1,0,2,clear,9.109863973,99.2890069,straight road,no slope,2022-11-08T08:40:00Z
7332475,8.11.2022 16:30,17.11.2022 14:22,Yala,department of highways,4-wheel pickup truck,failure to yield right of way,other,2,0,1,clear,6.485725945,101.0517955,connecting to private area,other,2022-11-08T09:30:00Z
7421881,8.11.2022 17:00,1.12.2022 06:37,Surat Thani,department of highways,4-wheel pickup truck,speeding,rear-end collision,2,0,1,clear,9.60303754,99.12685454,straight road,no slope,2022-11-08T10:00:00Z
7421698,8.11.2022 17:30,1.12.2022 06:24,Phatthalung,department of highways,4-wheel pickup truck,speeding,rollover/fallen on straight road,1,2,0,rainy,7.319141115,100.1483068,straight road,no slope,2022-11-08T10:30:00Z
7558295,8.11.2022 18:09,12.01.2023 14:26,Si Sa Ket,department of highways,4-wheel pickup truck,speeding,rollover/fallen on straight road,1,0,1,clear,15.10542742,104.3851231,straight road,no slope,2022-11-08T11:09:00Z
7372237,8.11.2022 18:56,23.11.2022 13:13,Tak,department of highways,motorcycle,driving under the influence of alcohol,collision with obstruction (on road surface),2,0,0,other,17.12962659,98.3829774,straight road,no slope,2022-11-08T11:56:00Z
7414861,8.11.2022 19:00,25.11.2022 14:35,Nakhon Ratchasima,department of highways,4-wheel pickup truck,speeding,rollover/fallen on straight road,1,0,0,clear,14.76316672,102.0182732,straight road,no slope,2022-11-08T12:00:00Z
7372329,8.11.2022 19:20,23.11.2022 13:36,Sukhothai,department of highways,4-wheel pickup truck,speeding,rear-end collision,2,0,0,clear,17.1038682,99.88767251,straight road,no slope,2022-11-08T12:20:00Z
7511455,8.11.2022 19:20,27.12.2022 09:19,Nakhon Sawan,department of highways,motorcycle,vehicle equipment failure,pedestrian collision,1,1,1,clear,15.92966661,99.99575615,wide curve,no slope,2022-11-08T12:20:00Z
7310421,8.11.2022 19:35,14.11.2022 10:52,Khon Kaen,department of rural roads,private/passenger car,speeding,other,1,1,0,clear,16.176695,102.710818,straight road,no slope,2022-11-08T12:35:00Z
7563342,8.11.2022 19:38,18.01.2023 17:04,Prachin Buri,department of highways,7-10-wheel truck,speeding,rollover/fallen on straight road,1,0,0,clear,14.02447932,101.7853949,straight road,no slope,2022-11-08T12:38:00Z
7414685,8.11.2022 19:50,29.11.2022 09:48,Nakhon Pathom,department of highways,4-wheel pickup truck,speeding,rollover/fallen on straight road,1,0,1,clear,13.75143503,100.0877988,wide curve,no slope,2022-11-08T12:50:00Z
7414708,8.11.2022 19:50,29.11.2022 13:44,Nakhon Si Thammarat,department of highways,4-wheel pickup truck,speeding,head-on collision (not overtaking),2,0,3,clear,8.221035343,99.37555916,straight road,no slope,2022-11-08T12:50:00Z
7510587,8.11.2022 20:27,27.12.2022 09:16,Roi Et,department of highways,other,speeding,pedestrian collision,1,1,0,clear,15.96519373,103.9998243,straight road,no slope,2022-11-08T13:27:00Z
7559396,8.11.2022 21:30,13.01.2023 14:11,Pathum Thani,department of highways,private/passenger car,speeding,rollover/fallen on straight road,1,0,0,clear,13.98505452,100.5955739,straight road,no slope,2022-11-08T14:30:00Z
7565527,8.11.2022 21:30,20.01.2023 11:43,Chachoengsao,department of highways,6-wheel truck,brake/anti-lock brake system failure,rear-end collision,2,0,0,clear,13.78836262,100.9520642,straight road,no slope,2022-11-08T14:30:00Z
7446884,8.11.2022 22:04,9.12.2022 10:21,Surin,department of highways,4-wheel pickup truck,speeding,rear-end collision,3,2,0,clear,14.80718808,103.4545911,straight road,no slope,2022-11-08T15:04:00Z
7378812,8.11.2022 22:33,24.11.2022 10:33,Chon Buri,department of highways,4-wheel pickup truck,speeding,rollover/fallen on straight road,1,0,0,clear,13.45596091,101.0459965,straight road,no slope,2022-11-08T15:33:00Z
7291281,8.11.2022 22:54,11.11.2022 11:54,Prachin Buri,department of highways,large truck with trailer,speeding,rear-end collision,2,1,1,clear,14.30650538,101.8659617,straight road,no slope,2022-11-08T15:54:00Z
7476778,8.11.2022 23:10,21.12.2022 10:04,Sing Buri,department of highways,motorcycle,cutting in closely by people/vehicles/animals,rear-end collision,2,1,0,clear,14.83627417,100.3692444,connecting to public/commercial area,other,2022-11-08T16:10:00Z
7372307,9.11.2022 00:05,23.11.2022 13:34,Sukhothai,department of highways,private/passenger car,speeding,rear-end collision,2,0,0,clear,17.16596449,99.86401543,other,other,2022-11-08T17:05:00Z
7448630,9.11.2022 01:20,9.12.2022 15:07,Phayao,department of highways,4-wheel pickup truck,driving under the influence of alcohol,rollover/fallen on curved road,1,0,1,clear,19.22893929,100.3277864,wide curve,no slope,2022-11-08T18:20:00Z
7434295,9.11.2022 01:47,6.12.2022 09:47,Chon Buri,department of highways,4-wheel pickup truck,speeding,rollover/fallen on straight road,1,0,2,clear,13.04019957,100.9272136,other,other,2022-11-08T18:47:00Z
7414358,9.11.2022 02:15,28.11.2022 12:24,Phra Nakhon Si Ayutthaya,department of highways,large truck with trailer,falling asleep,rollover/fallen on straight road,1,0,3,clear,14.24749991,100.7526447,straight road,no slope,2022-11-08T19:15:00Z
7310418,9.11.2022 03:00,14.11.2022 10:51,Samut Prakan,department of rural roads,passenger pickup truck,tailgating,other,2,0,0,clear,13.651386,100.541107,straight road,slope area,2022-11-08T20:00:00Z
7414434,9.11.2022 03:10,28.11.2022 14:18,Chon Buri,department of highways,4-wheel pickup truck,speeding,rollover/fallen on straight road,1,0,0,clear,13.29653701,101.1775026,straight road,no slope,2022-11-08T20:10:00Z
7378879,9.11.2022 03:40,24.11.2022 11:32,Roi Et,department of highways,4-wheel pickup truck,vehicle equipment failure,rollover/fallen on straight road,1,0,0,clear,16.06968162,103.6774441,straight road,no slope,2022-11-08T20:40:00Z
7554665,9.11.2022 04:00,9.01.2023 13:55,Bangkok,department of highways,large truck with trailer,speeding,rear-end collision,2,0,1,clear,13.72329631,100.4059666,straight road,no slope,2022-11-08T21:00:00Z
7283005,9.11.2022 05:00,10.11.2022 10:32,Songkhla,department of highways,large truck with trailer,speeding,rear-end collision,2,1,0,rainy,6.879616759,100.9499131,straight road,no slope,2022-11-08T22:00:00Z
7358614,9.11.2022 05:00,21.11.2022 13:58,Songkhla,department of highways,4-wheel pickup truck,falling asleep,rollover/fallen on straight road,1,0,0,rainy,6.983803281,100.5877372,straight road,no slope,2022-11-08T22:00:00Z
7372232,9.11.2022 05:30,23.11.2022 13:10,Kamphaeng Phet,department of highways,4-wheel pickup truck,falling asleep,rear-end collision,2,0,0,clear,16.35605562,99.5753628,straight road,no slope,2022-11-08T22:30:00Z
7555183,9.11.2022 06:10,10.01.2023 08:56,Bangkok,department of highways,motorcycle,speeding,rear-end collision,2,0,1,clear,13.66715452,100.6357567,straight road,no slope,2022-11-08T23:10:00Z
7528645,9.11.2022 07:30,31.12.2022 16:07,Bangkok,department of highways,private/passenger car,cutting in closely by people/vehicles/animals,rear-end collision,2,0,2,clear,13.77381672,100.5534218,straight road,no slope,2022-11-09T00:30:00Z
7414513,9.11.2022 07:50,29.11.2022 13:24,Nakhon Si Thammarat,department of highways,4-wheel pickup truck,speeding,rollover/fallen on straight road,1,0,1,clear,8.050529955,100.2497133,straight road,no slope,2022-11-09T00:50:00Z
7378888,9.11.2022 08:22,24.11.2022 11:34,Bangkok,department of highways,4-wheel pickup truck,speeding,rollover/fallen on straight road,1,0,1,clear,13.73232158,100.7076667,straight road,no slope,2022-11-09T01:22:00Z
7424772,9.11.2022 08:41,2.12.2022 10:40,Chon Buri,department of highways,private/passenger car,speeding,rear-end collision,2,0,0,clear,12.94440531,100.9091932,straight road,no slope,2022-11-09T01:41:00Z
7562848,9.11.2022 09:00,18.01.2023 12:07,Surat Thani,department of highways,motorized tricycle,cutting in closely by people/vehicles/animals,rear-end collision,2,0,0,clear,8.579180595,99.27861124,straight road,no slope,2022-11-09T02:00:00Z
7372182,9.11.2022 09:20,23.11.2022 13:07,Tak,department of highways,motorcycle,speeding,rear-end collision,2,0,2,clear,17.2082347,98.27674295,wide curve,no slope,2022-11-09T02:20:00Z
7413959,9.11.2022 09:20,28.11.2022 09:24,Samut Sakhon,department of highways,other,speeding,rollover/fallen on straight road,1,0,0,clear,13.49563802,100.1240654,straight road,no slope,2022-11-09T02:20:00Z
7569062,9.11.2022 09:29,25.01.2023 08:51,Chon Buri,department of highways,large truck with trailer,speeding,rear-end collision,4,1,3,clear,13.36014747,101.0373342,straight road,no slope,2022-11-09T02:29:00Z
7378895,9.11.2022 09:57,24.11.2022 11:37,Pathum Thani,department of highways,large truck with trailer,speeding,rear-end collision,2,0,1,clear,14.09190461,100.6917545,straight road,no slope,2022-11-09T02:57:00Z
7561404,9.11.2022 10:15,17.01.2023 09:19,Nan,department of highways,motorcycle,speeding,rollover/fallen on curved road,2,0,2,clear,19.33133048,100.7135984,sharp curve,slope area,2022-11-09T03:15:00Z
7372446,9.11.2022 12:30,23.11.2022 13:52,buogkan,department of highways,large truck with trailer,falling asleep,rollover/fallen on straight road,1,0,0,clear,17.92954486,103.9650315,straight road,no slope,2022-11-09T05:30:00Z
7284225,9.11.2022 12:50,10.11.2022 13:40,Yasothon,department of highways,motorcycle,speeding,rear-end collision,2,0,1,clear,16.20151455,104.5431773,wide curve,slope area,2022-11-09T05:50:00Z
7413871,9.11.2022 13:00,28.11.2022 08:36,Nakhon Nayok,department of highways,other,speeding,rollover/fallen on straight road,1,0,0,clear,14.25908782,101.0746734,straight road,no slope,2022-11-09T06:00:00Z
7559208,9.11.2022 13:00,13.01.2023 10:53,Bangkok,department of highways,motorcycle,cutting in closely by people/vehicles/animals,rear-end collision,2,0,1,clear,13.68113148,100.4742354,straight road,no slope,2022-11-09T06:00:00Z
7560842,9.11.2022 13:30,16.01.2023 14:40,Nan,department of highways,4-wheel pickup truck,speeding,rollover/fallen on curved road,1,0,0,clear,19.58724322,100.9635334,wide curve,slope area,2022-11-09T06:30:00Z
7560860,9.11.2022 14:23,16.01.2023 14:58,Chiang Rai,department of highways,4-wheel pickup truck,speeding,rollover/fallen on curved road,1,0,1,clear,19.22618485,99.51624021,wide curve,no slope,2022-11-09T07:23:00Z
7372627,9.11.2022 14:30,23.11.2022 14:30,Suphan Buri,department of highways,6-wheel truck,brake/anti-lock brake system failure,rollover/fallen on straight road,1,0,0,clear,14.15743587,100.1291853,other,other,2022-11-09T07:30:00Z
7414395,9.11.2022 14:30,28.11.2022 13:42,Chachoengsao,department of highways,large truck with trailer,failure to yield right of way,head-on collision (not overtaking),2,0,1,clear,13.68587976,101.4140224,other,other,2022-11-09T07:30:00Z
7559035,9.11.2022 14:30,13.01.2023 09:18,Bangkok,department of highways,private/passenger car,speeding,rear-end collision,2,0,1,clear,13.80175993,100.5605146,straight road,no slope,2022-11-09T07:30:00Z
7438330,9.11.2022 15:00,7.12.2022 11:01,Bangkok,department of highways,other,speeding,rollover/fallen on straight road,1,0,0,clear,13.78060245,100.6856592,straight road,no slope,2022-11-09T08:00:00Z
7378170,9.11.2022 15:06,24.11.2022 08:58,Phetchabun,department of highways,4-wheel pickup truck,speeding,rear-end collision,2,0,0,clear,17.0316219,101.2834135,straight road,no slope,2022-11-09T08:06:00Z
7282747,9.11.2022 15:15,10.11.2022 09:50,Sakon Nakhon,department of highways,4-wheel pickup truck,speeding,rollover/fallen on curved road,1,0,0,clear,17.32677457,103.890923,wide curve,no slope,2022-11-09T08:15:00Z
7512157,9.11.2022 15:20,27.12.2022 11:10,Kalasin,department of highways,other,speeding,rollover/fallen on curved road,1,0,0,clear,16.85204343,103.3726506,wide curve,slope area,2022-11-09T08:20:00Z
7521303,9.11.2022 15:30,30.12.2022 09:39,Chiang Mai,department of highways,motorcycle,speeding,rear-end collision,2,0,1,clear,18.90496265,99.00366838,straight road,no slope,2022-11-09T08:30:00Z
7446361,9.11.2022 15:50,9.12.2022 11:50,Nonthaburi,department of highways,large passenger vehicle,speeding,rollover/fallen on straight road,1,0,0,clear,13.95356493,100.4767714,straight road,no slope,2022-11-09T08:50:00Z
7424369,9.11.2022 16:20,2.12.2022 09:11,Saraburi,department of highways,4-wheel pickup truck,unfamiliarity with the route/unskilled driving,rollover/fallen on straight road,1,0,0,clear,14.59483071,100.7331826,straight road,no slope,2022-11-09T09:20:00Z