acc_code,incident_datetime,report_datetime,province_en,agency,vehicle_type,presumed_cause,accident_type,number_of_vehicles_involved,number_of_fatalities,number_of_injuries,weather_condition,latitude,longitude,road_description,slope_description,incident_time
7291298,9.11.2022 16:50,11.11.2022 11:55,Prachin Buri,department of highways,4-wheel pickup truck,speeding,rollover/fallen on straight road,1,0,0,clear,14.0698494,101.5522018,straight road,no slope,2022-11-09T09:50:00Z
7365128,9.11.2022 17:15,22.11.2022 13:07,Nakhon Sawan,department of highways,large truck with trailer,speeding,rollover/fallen on straight road,1,0,0,clear,15.49581401,100.1285563,other,other,2022-11-09T10:15:00Z
7357473,9.11.2022 17:30,21.11.2022 10:09,Nakhon Sawan,department of highways,4-wheel pickup truck,cutting in closely by people/vehicles/animals,rear-end collision,2,0,1,clear,15.47093208,100.142359,straight road,no slope,2022-11-09T10:30:00Z
7372242,9.11.2022 18:00,23.11.2022 13:17,Sukhothai,department of highways,4-wheel pickup truck,speeding,rear-end collision,2,0,0,clear,17.16751621,99.86454785,straight road,no slope,2022-11-09T11:00:00Z
7424752,9.11.2022 18:00,2.12.2022 10:09,Bangkok,department of highways,other,speeding,rollover/fallen on straight road,1,0,0,clear,13.79922226,100.6811933,other,other,2022-11-09T11:00:00Z
7378889,9.11.2022 19:00,24.11.2022 11:34,Roi Et,department of highways,private/passenger car,insufficient light,collision with obstruction (on road surface),2,0,2,clear,15.62910289,103.5397314,straight road,no slope,2022-11-09T12:00:00Z
7514527,9.11.2022 19:00,28.12.2022 10:30,Tak,department of highways,4-wheel pickup truck,worn-out/tire blowout,rollover/fallen on straight road,1,0,1,clear,16.6829599,99.26195733,straight road,no slope,2022-11-09T12:00:00Z
7323164,9.11.2022 20:15,16.11.2022 08:16,Lampang,department of rural roads,4-wheel pickup truck,speeding,other,1,0,1,dark,18.123998,99.34791,y-intersection,other,2022-11-09T13:15:00Z
7290506,9.11.2022 20:57,11.11.2022 10:04,Pathum Thani,department of highways,private/passenger car,speeding,rear-end collision,2,0,0,clear,13.9271007,100.7065563,straight road,no slope,2022-11-09T13:57:00Z
7284205,9.11.2022 21:40,10.11.2022 13:35,Sakon Nakhon,department of highways,motorcycle,speeding,collision with obstruction (on road surface),2,0,0,clear,17.22152632,104.0398876,straight road,no slope,2022-11-09T14:40:00Z
7542197,9.11.2022 22:00,3.01.2023 12:16,Chiang Mai,department of highways,6-wheel truck,speeding,rollover/fallen on curved road,1,0,1,clear,18.19333737,98.45099822,wide curve,no slope,2022-11-09T15:00:00Z
7378864,9.11.2022 22:30,24.11.2022 11:22,Bangkok,department of highways,private/passenger car,speeding,rollover/fallen on straight road,1,0,0,clear,13.91552587,100.7024351,other,other,2022-11-09T15:30:00Z
7363969,9.11.2022 22:50,22.11.2022 09:01,Bangkok,department of highways,large truck with trailer,speeding,collision with obstruction (on road surface),1,0,0,clear,13.73290391,100.7033819,straight road,no slope,2022-11-09T15:50:00Z
7378886,9.11.2022 22:57,24.11.2022 11:32,Phra Nakhon Si Ayutthaya,department of highways,6-wheel truck,speeding,rollover/fallen on curved road,1,0,1,clear,14.18950337,100.6339999,wide curve,slope area,2022-11-09T15:57:00Z
7284259,10.11.2022 00:01,10.11.2022 13:49,Nakhon Ratchasima,department of highways,private/passenger car,speeding,rear-end collision,2,0,1,clear,14.74996555,102.2504412,straight road,no slope,2022-11-09T17:01:00Z
7570864,10.11.2022 00:28,26.01.2023 09:08,Samut Sakhon,department of highways,private/passenger car,unfamiliarity with the route/unskilled driving,other,1,0,1,clear,13.59170593,100.3347914,straight road,no slope,2022-11-09T17:28:00Z
7565327,10.11.2022 00:30,20.01.2023 10:14,Chanthaburi,department of highways,4-wheel pickup truck,speeding,rollover/fallen on curved road,1,0,1,clear,12.90158483,102.2645992,straight road,no slope,2022-11-09T17:30:00Z
7568092,10.11.2022 02:30,24.01.2023 09:33,Prachuap Khiri Khan,department of highways,4-wheel pickup truck,speeding,rollover/fallen on straight road,1,0,0,clear,12.36510909,99.88565281,straight road,no slope,2022-11-09T19:30:00Z
7559250,10.11.2022 03:15,13.01.2023 11:19,Narathiwat,department of highways,4-wheel pickup truck,speeding,rollover/fallen on straight road,1,0,0,clear,6.407432919,101.8718246,straight road,no slope,2022-11-09T20:15:00Z
7440865,10.11.2022 03:45,8.12.2022 07:31,Suphan Buri,department of highways,4-wheel pickup truck,falling asleep,rollover/fallen on straight road,1,0,1,clear,14.63023657,100.1504928,straight road,no slope,2022-11-09T20:45:00Z
7439538,10.11.2022 04:18,7.12.2022 14:24,Phayao,department of highways,4-wheel pickup truck,falling asleep,rollover/fallen on straight road,1,0,0,clear,19.11163552,99.9064815,straight road,no slope,2022-11-09T21:18:00Z
7413586,10.11.2022 06:00,25.11.2022 10:34,Ratchaburi,department of highways,private/passenger car,speeding,rollover/fallen on straight road,1,0,1,clear,13.56461031,99.82953197,straight road,no slope,2022-11-09T23:00:00Z
7560532,10.11.2022 07:00,16.01.2023 07:27,Chai Nat,department of highways,4-wheel pickup truck,cutting in closely by people/vehicles/animals,rear-end collision,2,0,2,clear,15.17360407,100.1439503,straight road,no slope,2022-11-10T00:00:00Z
7559422,10.11.2022 07:25,13.01.2023 14:28,Samut Prakan,department of highways,4-wheel pickup truck,speeding,rear-end collision,3,0,1,clear,13.60493355,100.7000425,straight road,no slope,2022-11-10T00:25:00Z
7561387,10.11.2022 07:30,17.01.2023 09:09,Nan,department of highways,private/passenger car,speeding,rear-end collision,2,1,1,foggy,18.3397784,100.7138708,wide curve,no slope,2022-11-10T00:30:00Z
7514494,10.11.2022 07:50,28.12.2022 10:29,Tak,department of highways,private/passenger car,speeding,rear-end collision,2,0,1,clear,16.85870731,99.12862614,other,other,2022-11-10T00:50:00Z
7317055,10.11.2022 08:45,15.11.2022 11:06,buogkan,department of highways,private/passenger car,speeding,rollover/fallen on curved road,1,0,1,clear,18.3359227,103.6309996,wide curve,no slope,2022-11-10T01:45:00Z
7456112,10.11.2022 09:10,9.12.2022 10:10,Khon Kaen,department of highways,6-wheel truck,speeding,rollover/fallen on straight road,1,0,0,clear,16.28017581,102.7846675,straight road,no slope,2022-11-10T02:10:00Z
7536750,10.11.2022 09:30,2.01.2023 09:04,Pattani,department of highways,4-wheel pickup truck,speeding,rear-end collision,2,0,0,clear,6.803383901,101.1416683,straight road,no slope,2022-11-10T02:30:00Z
7560528,10.11.2022 09:40,16.01.2023 07:18,Chai Nat,department of highways,large truck with trailer,speeding,rollover/fallen on straight road,1,0,0,clear,15.21688409,100.2129547,straight road,no slope,2022-11-10T02:40:00Z
7310416,10.11.2022 10:09,14.11.2022 10:51,Bangkok,department of rural roads,private/passenger car,speeding,other,1,0,1,clear,13.698882,100.495369,y-intersection,other,2022-11-10T03:09:00Z
7560560,10.11.2022 10:30,16.01.2023 08:54,Lampang,department of highways,private/passenger car,speeding,rear-end collision,3,0,3,clear,18.32067974,99.3296521,straight road,no slope,2022-11-10T03:30:00Z
7567492,10.11.2022 11:00,23.01.2023 16:13,Rayong,department of highways,4-wheel pickup truck,speeding,rollover/fallen on straight road,1,0,0,clear,13.01160168,101.2465311,straight road,no slope,2022-11-10T04:00:00Z
7566991,10.11.2022 11:10,23.01.2023 08:46,Tak,department of highways,private/passenger car,speeding,rollover/fallen on straight road,1,0,1,clear,17.2931563,99.1422987,straight road,no slope,2022-11-10T04:10:00Z
7559070,10.11.2022 11:19,13.01.2023 09:34,Bangkok,department of highways,motorcycle,speeding,rollover/fallen on straight road,2,0,2,clear,13.78365469,100.4039968,straight road,no slope,2022-11-10T04:19:00Z
7290706,10.11.2022 11:30,11.11.2022 10:25,Lamphun,department of highways,large truck with trailer,speeding,other,1,0,2,clear,18.45225862,99.11652535,other,other,2022-11-10T04:30:00Z
7414565,10.11.2022 11:30,29.11.2022 06:47,Chon Buri,department of highways,4-wheel pickup truck,falling asleep,rear-end collision,2,0,0,clear,13.15321379,100.9944861,other,other,2022-11-10T04:30:00Z
7511183,10.11.2022 11:46,27.12.2022 09:23,Bangkok,department of highways,4-wheel pickup truck,running red lights/traffic signals,collision with obstruction (on road surface),1,0,0,clear,13.73272074,100.7888009,straight road,no slope,2022-11-10T04:46:00Z
7527337,10.11.2022 12:05,31.12.2022 10:40,Phatthalung,department of highways,4-wheel pickup truck,speeding,rollover/fallen on curved road,1,0,0,clear,7.436375416,100.2254324,wide curve,no slope,2022-11-10T05:05:00Z
7365143,10.11.2022 12:15,22.11.2022 13:10,Nakhon Sawan,department of highways,motorcycle,cutting in closely by people/vehicles/animals,rear-end collision,2,0,3,clear,15.26976033,100.3196645,straight road,no slope,2022-11-10T05:15:00Z
7292478,10.11.2022 12:38,11.11.2022 15:54,Bangkok,department of highways,private/passenger car,speeding,rear-end collision,2,0,1,clear,13.73072013,100.7200107,straight road,no slope,2022-11-10T05:38:00Z
7414593,10.11.2022 12:50,29.11.2022 07:52,Trat,department of highways,three-wheeled vehicle,speeding,other,3,0,3,clear,12.36421659,102.3851224,connecting to public/commercial area,other,2022-11-10T05:50:00Z
7557785,10.11.2022 13:00,12.01.2023 10:53,Nakhon Ratchasima,department of highways,private/passenger car,loss of control,rollover/fallen on curved road,1,0,1,clear,15.14118305,102.1049622,wide curve,slope area,2022-11-10T06:00:00Z
7422432,10.11.2022 14:16,1.12.2022 14:44,Trang,department of highways,4-wheel pickup truck,speeding,rollover/fallen on curved road,1,0,1,clear,7.586210277,99.60460156,wide curve,no slope,2022-11-10T07:16:00Z
7414705,10.11.2022 14:20,29.11.2022 13:43,Nakhon Si Thammarat,department of highways,large truck with trailer,vehicle equipment failure,rollover/fallen on straight road,1,0,0,clear,8.288177252,99.52610239,straight road,no slope,2022-11-10T07:20:00Z
7434460,10.11.2022 14:20,6.12.2022 11:43,Prachin Buri,department of highways,4-wheel pickup truck,running red lights/traffic signals,collision at intersection corner,2,0,2,clear,13.98410983,101.762149,other,other,2022-11-10T07:20:00Z
7334817,10.11.2022 14:50,17.11.2022 21:22,Surin,department of highways,4-wheel pickup truck,falling asleep,rollover/fallen on straight road,1,0,1,clear,14.61862086,103.7663031,straight road,no slope,2022-11-10T07:50:00Z
7559406,10.11.2022 14:54,13.01.2023 14:19,Pathum Thani,department of highways,4-wheel pickup truck,loss of control,rollover/fallen on straight road,1,0,0,clear,14.07011522,100.4892069,straight road,no slope,2022-11-10T07:54:00Z
7414683,10.11.2022 15:00,29.11.2022 09:46,Samut Sakhon,department of highways,7-10-wheel truck,speeding,rollover/fallen on straight road,1,0,0,clear,13.54086081,100.1705528,straight road,no slope,2022-11-10T08:00:00Z
7564323,10.11.2022 15:00,19.01.2023 13:49,Samut Sakhon,department of highways,4-wheel pickup truck,speeding,rear-end collision,2,0,0,clear,13.53731364,100.2224537,straight road,no slope,2022-11-10T08:00:00Z
7446283,10.11.2022 15:30,9.12.2022 09:23,Phrae,department of highways,motorcycle,speeding,rollover/fallen on curved road,1,0,0,clear,18.3383325,100.3174187,wide curve,no slope,2022-11-10T08:30:00Z
7414796,10.11.2022 16:00,25.11.2022 11:22,Songkhla,department of highways,van,speeding,rollover/fallen on straight road,1,0,0,rainy,6.978799674,100.6824823,straight road,no slope,2022-11-10T09:00:00Z
7377898,10.11.2022 16:20,24.11.2022 07:41,Uthai Thani,department of highways,large truck with trailer,speeding,rear-end collision,2,1,1,clear,15.45183422,99.57288092,straight road,no slope,2022-11-10T09:20:00Z
7455964,10.11.2022 17:00,13.12.2022 14:48,Suphan Buri,department of highways,motorcycle,speeding,rollover/fallen on straight road,1,0,1,clear,14.74902874,100.0263092,straight road,no slope,2022-11-10T10:00:00Z
7371646,10.11.2022 18:20,23.11.2022 11:03,Suphan Buri,department of highways,motorcycle,speeding,rear-end collision,2,0,1,clear,14.75615443,100.0842843,straight road,no slope,2022-11-10T11:20:00Z
7310485,10.11.2022 18:30,14.11.2022 11:02,Khon Kaen,department of highways,private/passenger car,insufficient light,head-on collision (not overtaking),3,0,0,clear,16.41848809,102.7095015,straight road,no slope,2022-11-10T11:30:00Z
7336464,10.11.2022 18:53,18.11.2022 03:32,Samut Prakan,expressway authority of thailand,other,other,rollover/fallen on straight road,2,0,0,clear,13.613671,100.618972,straight road,other,2022-11-10T11:53:00Z
7414231,10.11.2022 19:00,25.11.2022 14:21,Songkhla,department of highways,4-wheel pickup truck,speeding,rear-end collision,2,0,2,rainy,6.558857392,100.4128236,straight road,no slope,2022-11-10T12:00:00Z
7336465,10.11.2022 21:38,18.11.2022 03:32,Samut Prakan,expressway authority of thailand,large truck with trailer,other,rear-end collision,2,0,0,clear,13.628019,100.593365,straight road,other,2022-11-10T14:38:00Z
7536894,10.11.2022 22:00,2.01.2023 09:41,Khon Kaen,department of highways,4-wheel pickup truck,speeding,rollover/fallen on straight road,1,0,1,clear,16.49196178,102.3527661,straight road,no slope,2022-11-10T15:00:00Z
7325059,10.11.2022 22:50,16.11.2022 15:16,Songkhla,department of highways,4-wheel pickup truck,slippery road,rollover/fallen on straight road,1,0,1,rainy,6.955451324,100.4206382,straight road,no slope,2022-11-10T15:50:00Z
7536914,10.11.2022 23:24,2.01.2023 09:48,Khon Kaen,department of highways,4-wheel pickup truck,speeding,rollover/fallen on straight road,1,0,0,clear,15.87394247,102.6343839,straight road,no slope,2022-11-10T16:24:00Z
7556587,10.11.2022 23:30,11.01.2023 14:04,Chiang Mai,department of highways,motorcycle,speeding,rear-end collision,2,0,1,clear,18.90181169,99.00548964,straight road,no slope,2022-11-10T16:30:00Z
7325422,10.11.2022 23:40,16.11.2022 16:46,Ubon Ratchathani,department of highways,4-wheel pickup truck,falling asleep,rollover/fallen on straight road,1,0,0,clear,15.51748825,104.9673687,straight road,no slope,2022-11-10T16:40:00Z
7414838,11.11.2022 00:10,25.11.2022 13:29,Saraburi,department of highways,4-wheel pickup truck,speeding,collision at intersection corner,2,0,0,clear,14.60777377,100.7386348,other,other,2022-11-10T17:10:00Z
7512526,11.11.2022 00:50,27.12.2022 16:09,Pattani,department of highways,4-wheel pickup truck,speeding,rollover/fallen on straight road,1,1,0,clear,6.870146071,101.2808159,straight road,no slope,2022-11-10T17:50:00Z
7380417,11.11.2022 01:00,24.11.2022 14:24,Krabi,department of highways,private/passenger car,speeding,rollover/fallen on curved road,1,0,0,rainy,8.086753,98.98989,wide curve,no slope,2022-11-10T18:00:00Z
7336467,11.11.2022 01:18,18.11.2022 03:32,Bangkok,expressway authority of thailand,other,other,collision with obstruction (on road surface),1,0,0,clear,13.70206121,100.5187682,wide curve,other,2022-11-10T18:18:00Z
7564334,11.11.2022 01:35,19.01.2023 13:56,Samut Sakhon,department of highways,7-10-wheel truck,speeding,collision with obstruction (on road surface),3,0,1,clear,13.56582829,100.2804213,straight road,no slope,2022-11-10T18:35:00Z
7365373,11.11.2022 01:48,22.11.2022 13:56,Saraburi,department of highways,private/passenger car,insufficient light,rollover/fallen on straight road,1,0,0,clear,14.597334,100.896827,straight road,no slope,2022-11-10T18:48:00Z
7365126,11.11.2022 02:50,22.11.2022 13:09,Nakhon Sawan,department of highways,private/passenger car,falling asleep,rollover/fallen on straight road,1,0,1,clear,15.65215596,100.4773633,straight road,no slope,2022-11-10T19:50:00Z
7553697,11.11.2022 03:00,7.01.2023 13:00,Chachoengsao,department of highways,private/passenger car,speeding,rollover/fallen on curved road,1,0,1,clear,13.59785949,100.9544648,wide curve,slope area,2022-11-10T20:00:00Z
7511152,11.11.2022 03:14,27.12.2022 09:21,Phetchaburi,department of highways,private/passenger car,speeding,rear-end collision,2,1,0,clear,13.29064226,99.82210908,straight road,no slope,2022-11-10T20:14:00Z
7560813,11.11.2022 03:30,16.01.2023 14:28,Nan,department of highways,private/passenger car,falling asleep,rollover/fallen on straight road,1,0,0,foggy,19.21146721,100.9206134,other,other,2022-11-10T20:30:00Z
7563054,11.11.2022 04:00,18.01.2023 14:00,Chumphon,department of highways,4-wheel pickup truck,falling asleep,rollover/fallen on straight road,1,0,0,clear,9.798374397,99.07164545,straight road,no slope,2022-11-10T21:00:00Z
7559339,11.11.2022 04:40,13.01.2023 13:06,Bangkok,department of highways,4-wheel pickup truck,speeding,rear-end collision,2,0,1,clear,13.675828,100.4065418,straight road,no slope,2022-11-10T21:40:00Z
7291116,11.11.2022 05:28,11.11.2022 11:28,Bangkok,department of highways,private/passenger car,speeding,rollover/fallen on straight road,1,0,1,clear,13.7315347,100.7116579,straight road,no slope,2022-11-10T22:28:00Z
7406176,11.11.2022 05:29,28.11.2022 10:13,Nakhon Nayok,department of rural roads,motorcycle,speeding,other,1,1,0,clear,14.184638,101.14063,wide curve,no slope,2022-11-10T22:29:00Z
7414736,11.11.2022 05:40,29.11.2022 11:09,Prachuap Khiri Khan,department of highways,4-wheel pickup truck,falling asleep,collision with obstruction (on road surface),1,0,1,clear,12.07196091,99.85889167,other,other,2022-11-10T22:40:00Z
7340620,11.11.2022 06:00,18.11.2022 18:47,Surin,department of highways,pedestrian,aggressive driving/overtaking,pedestrian collision,1,1,0,clear,14.62090418,103.8343241,straight road,no slope,2022-11-10T23:00:00Z
7562701,11.11.2022 06:10,18.01.2023 10:38,Surat Thani,department of highways,4-wheel pickup truck,speeding,rollover/fallen on straight road,1,0,0,rainy,9.424924519,99.15377319,straight road,no slope,2022-11-10T23:10:00Z
7365140,11.11.2022 08:00,22.11.2022 13:12,Nakhon Sawan,department of highways,4-wheel pickup truck,falling asleep,rollover/fallen on straight road,1,0,2,clear,15.42005386,100.560112,straight road,no slope,2022-11-11T01:00:00Z
7446455,11.11.2022 09:00,9.12.2022 12:08,Surat Thani,department of highways,4-wheel pickup truck,speeding,rollover/fallen on straight road,1,0,0,clear,9.110084097,99.70816696,straight road,no slope,2022-11-11T02:00:00Z
7529436,11.11.2022 10:00,31.12.2022 20:14,Krabi,department of highways,private/passenger car,speeding,rollover/fallen on curved road,1,0,0,clear,8.059928081,98.82116452,wide curve,no slope,2022-11-11T03:00:00Z
7414747,11.11.2022 10:10,29.11.2022 11:14,Phetchaburi,department of highways,4-wheel pickup truck,speeding,rollover/fallen on straight road,1,0,0,clear,13.24614726,99.8248247,straight road,no slope,2022-11-11T03:10:00Z
7564166,11.11.2022 10:27,19.01.2023 10:58,Samut Sakhon,department of highways,private/passenger car,speeding,rear-end collision,2,0,0,clear,13.60444416,100.3719785,straight road,no slope,2022-11-11T03:27:00Z
7566951,11.11.2022 11:00,23.01.2023 07:32,Chon Buri,department of highways,7-10-wheel truck,speeding,rear-end collision,2,1,0,clear,13.31403326,101.3214983,straight road,no slope,2022-11-11T04:00:00Z
7555942,11.11.2022 11:10,11.01.2023 09:00,Phetchabun,department of highways,private/passenger car,speeding,rear-end collision,2,0,0,clear,16.73603101,101.1919637,straight road,no slope,2022-11-11T04:10:00Z
7298054,11.11.2022 11:11,12.11.2022 09:58,Bangkok,department of highways,private/passenger car,speeding,rear-end collision,2,0,1,clear,13.73489193,100.6829394,straight road,no slope,2022-11-11T04:11:00Z
7372168,11.11.2022 12:15,23.11.2022 13:01,Sukhothai,department of highways,motorcycle,cutting in closely by people/vehicles/animals,rear-end collision,2,0,0,clear,17.16115323,99.86502426,other,other,2022-11-11T05:15:00Z
7310391,11.11.2022 14:10,14.11.2022 10:45,Rayong,department of rural roads,4-wheel pickup truck,speeding,other,3,3,4,clear,12.849857,101.130463,straight road,no slope,2022-11-11T07:10:00Z
7372169,11.11.2022 14:10,23.11.2022 13:02,Kamphaeng Phet,department of highways,passenger pickup truck,falling asleep,rollover/fallen on straight road,1,0,0,clear,16.64345092,99.33096242,straight road,no slope,2022-11-11T07:10:00Z
7551783,11.11.2022 14:31,5.01.2023 14:18,Bangkok,expressway authority of thailand,other,other,side collision,2,0,0,clear,13.80259084,100.5432397,straight road,other,2022-11-11T07:31:00Z
7422119,11.11.2022 15:00,1.12.2022 06:56,Nakhon Si Thammarat,department of highways,large truck with trailer,speeding,rollover/fallen on straight road,1,0,0,rainy,8.479165071,99.35156733,straight road,no slope,2022-11-11T08:00:00Z
7292389,11.11.2022 15:10,11.11.2022 15:36,Bangkok,expressway authority of thailand,4-wheel pickup truck,other,rear-end collision,2,0,0,clear,13.71302346,100.5540193,wide curve,other,2022-11-11T08:10:00Z
7323165,11.11.2022 15:20,16.11.2022 08:16,Udon Thani,department of rural roads,large truck with trailer,speeding,other,2,2,1,clear,17.985157,102.226114,straight road,no slope,2022-11-11T08:20:00Z
7414563,11.11.2022 15:20,29.11.2022 09:29,Chon Buri,department of highways,large truck with trailer,unfamiliarity with the route/unskilled driving,rollover/fallen on straight road,1,0,0,clear,13.23821841,100.997549,straight road,no slope,2022-11-11T08:20:00Z
7316967,11.11.2022 15:30,15.11.2022 10:54,Sakon Nakhon,department of highways,large truck with trailer,unfamiliarity with the route/unskilled driving,rear-end collision,2,0,0,clear,17.60750244,103.9786561,straight road,no slope,2022-11-11T08:30:00Z
7414588,11.11.2022 15:31,29.11.2022 07:47,Chanthaburi,department of highways,4-wheel pickup truck,speeding,rollover/fallen on straight road,1,0,1,clear,12.46686926,102.2027729,straight road,no slope,2022-11-11T08:31:00Z
7298086,11.11.2022 16:11,12.11.2022 10:03,Bangkok,department of highways,4-wheel pickup truck,speeding,rear-end collision,4,0,0,clear,13.7409197,100.6447971,straight road,no slope,2022-11-11T09:11:00Z
7414528,11.11.2022 16:30,29.11.2022 13:29,Krabi,department of highways,4-wheel pickup truck,cutting in closely by people/vehicles/animals,rear-end collision,2,0,0,clear,7.88536,99.15708,straight road,no slope,2022-11-11T09:30:00Z
7332807,11.11.2022 16:31,17.11.2022 15:03,Samut Prakan,department of highways,private/passenger car,speeding,rear-end collision,4,0,0,clear,13.65118517,100.8731265,straight road,no slope,2022-11-11T09:31:00Z
7559356,11.11.2022 16:45,13.01.2023 13:49,Bangkok,department of highways,motorcycle,speeding,rear-end collision,2,0,1,clear,13.78124458,100.447585,other,other,2022-11-11T09:45:00Z
7377901,11.11.2022 17:00,24.11.2022 07:39,Uthai Thani,department of highways,4-wheel pickup truck,cutting in closely by people/vehicles/animals,rear-end collision,2,0,0,clear,15.11870238,99.66315955,other,other,2022-11-11T10:00:00Z
7372167,11.11.2022 18:00,23.11.2022 13:00,Sukhothai,department of highways,4-wheel pickup truck,speeding,rear-end collision,2,0,0,clear,17.07311795,99.83429787,other,other,2022-11-11T11:00:00Z
7421816,11.11.2022 18:00,1.12.2022 06:40,Surat Thani,department of highways,4-wheel pickup truck,speeding,rollover/fallen on straight road,1,0,3,rainy,9.156648092,99.17525805,straight road,no slope,2022-11-11T11:00:00Z
7332645,11.11.2022 18:15,17.11.2022 14:41,Samut Prakan,department of highways,private/passenger car,speeding,rear-end collision,2,0,1,clear,13.66398522,100.8532361,straight road,no slope,2022-11-11T11:15:00Z
7378819,11.11.2022 18:30,24.11.2022 10:33,Roi Et,department of highways,private/passenger car,speeding,rear-end collision,2,0,0,other,15.77865141,103.9740555,straight road,no slope,2022-11-11T11:30:00Z
7414376,11.11.2022 19:00,28.11.2022 13:35,Chachoengsao,department of highways,4-wheel pickup truck,speeding,rollover/fallen on straight road,1,0,0,clear,13.53629831,100.9907819,straight road,no slope,2022-11-11T12:00:00Z
7323155,11.11.2022 20:25,16.11.2022 08:14,Samut Prakan,department of rural roads,motorcycle,unfamiliarity with the route/unskilled driving,other,2,0,1,clear,13.664281,100.525983,straight road,slope area,2022-11-11T13:25:00Z
7299171,11.11.2022 20:41,12.11.2022 13:57,Bangkok,department of highways,private/passenger car,speeding,rear-end collision,2,0,0,clear,13.7346913,100.6829421,straight road,no slope,2022-11-11T13:41:00Z
7419478,11.11.2022 21:00,30.11.2022 13:41,Surin,department of highways,motorcycle,speeding,rollover/fallen on straight road,1,1,0,clear,15.35305592,103.4565551,straight road,no slope,2022-11-11T14:00:00Z
7514470,11.11.2022 21:20,28.12.2022 10:27,Tak,department of highways,large truck with trailer,worn-out/tire blowout,other,1,0,2,clear,16.81351744,98.97461906,wide curve,slope area,2022-11-11T14:20:00Z
7316433,11.11.2022 21:30,15.11.2022 09:01,Pathum Thani,department of highways,4-wheel pickup truck,speeding,rollover/fallen on straight road,1,0,0,clear,13.9573042,100.7126583,straight road,no slope,2022-11-11T14:30:00Z
7554413,11.11.2022 21:30,9.01.2023 11:18,Chiang Mai,department of highways,motorcycle,speeding,rear-end collision,2,0,0,clear,18.86624417,99.01514141,straight road,no slope,2022-11-11T14:30:00Z
7472202,11.11.2022 22:00,19.12.2022 15:44,Nakhon Phanom,department of highways,private/passenger car,speeding,rollover/fallen on curved road,1,0,2,clear,17.29130471,104.7813199,wide curve,no slope,2022-11-11T15:00:00Z
7554389,11.11.2022 22:50,9.01.2023 10:56,Chiang Mai,department of highways,4-wheel pickup truck,speeding,rollover/fallen on straight road,1,0,0,clear,18.43603406,98.68691325,straight road,no slope,2022-11-11T15:50:00Z
7446778,11.11.2022 23:14,9.12.2022 09:52,Phrae,department of highways,private/passenger car,speeding,rollover/fallen on straight road,1,0,0,other,18.11924894,100.1594144,straight road,no slope,2022-11-11T16:14:00Z
7560765,11.11.2022 23:30,16.01.2023 13:37,Prachin Buri,department of highways,large truck with trailer,speeding,head-on collision (not overtaking),3,1,2,clear,14.30403605,101.8677921,wide curve,slope area,2022-11-11T16:30:00Z
7527447,12.11.2022 00:05,31.12.2022 11:02,Pattani,department of highways,4-wheel pickup truck,speeding,rollover/fallen on straight road,1,1,0,clear,6.870146071,101.2807783,straight road,no slope,2022-11-11T17:05:00Z
7414616,12.11.2022 00:20,29.11.2022 09:01,Chumphon,department of highways,4-wheel pickup truck,speeding,rollover/fallen on straight road,1,0,2,clear,10.09025746,99.07773002,straight road,no slope,2022-11-11T17:20:00Z
7424927,12.11.2022 00:40,2.12.2022 11:40,Yasothon,department of highways,motorcycle,speeding,collision with obstruction (on road surface),2,1,0,clear,16.1952478,104.5226786,straight road,no slope,2022-11-11T17:40:00Z
7324733,12.11.2022 00:50,16.11.2022 14:03,Narathiwat,department of highways,4-wheel pickup truck,speeding,rollover/fallen on straight road,1,0,2,clear,6.403799892,101.7190379,straight road,no slope,2022-11-11T17:50:00Z
7518579,12.11.2022 01:00,29.12.2022 15:35,Maha Sarakham,department of highways,private/passenger car,speeding,rollover/fallen on straight road,1,0,0,clear,16.19844692,103.2555772,straight road,no slope,2022-11-11T18:00:00Z
7378855,12.11.2022 01:26,24.11.2022 11:19,Bangkok,department of highways,motorcycle,speeding,rollover/fallen on straight road,1,0,1,clear,13.73930953,100.6527512,straight road,no slope,2022-11-11T18:26:00Z
7531479,12.11.2022 01:30,1.01.2023 06:25,Si Sa Ket,department of highways,4-wheel pickup truck,speeding,rollover/fallen on straight road,1,0,6,clear,14.69441186,104.2025591,straight road,no slope,2022-11-11T18:30:00Z
7332535,12.11.2022 01:46,17.11.2022 14:26,Samut Prakan,department of highways,private/passenger car,speeding,rear-end collision,2,0,2,clear,13.6315205,100.9037449,straight road,no slope,2022-11-11T18:46:00Z
7558413,12.11.2022 02:20,12.01.2023 15:49,Phetchabun,department of highways,4-wheel pickup truck,falling asleep,rollover/fallen on straight road,1,0,1,clear,16.34627785,101.0924049,straight road,no slope,2022-11-11T19:20:00Z
7560705,12.11.2022 02:30,16.01.2023 11:19,Phayao,department of highways,4-wheel pickup truck,falling asleep,rollover/fallen on straight road,1,0,1,clear,19.19312462,99.88086641,other,other,2022-11-11T19:30:00Z
7567398,12.11.2022 02:30,23.01.2023 14:49,Chanthaburi,department of highways,private/passenger car,speeding,rollover/fallen on straight road,1,0,1,clear,12.45579095,102.260197,straight road,no slope,2022-11-11T19:30:00Z