acc_code,incident_datetime,report_datetime,province_en,agency,vehicle_type,presumed_cause,accident_type,number_of_vehicles_involved,number_of_fatalities,number_of_injuries,weather_condition,latitude,longitude,road_description,slope_description,incident_time
7511377,12.11.2022 03:30,27.12.2022 11:29,Roi Et,department of highways,private/passenger car,speeding,rollover/fallen on straight road,1,1,1,clear,16.08119329,103.5746995,straight road,no slope,2022-11-11T20:30:00Z
7413990,12.11.2022 03:54,28.11.2022 09:31,Phra Nakhon Si Ayutthaya,department of highways,motorcycle,speeding,other,1,1,0,clear,14.27895159,100.6779438,wide curve,no slope,2022-11-11T20:54:00Z
7529631,12.11.2022 05:10,31.12.2022 21:05,Phangnga,department of highways,private/passenger car,speeding,rollover/fallen on straight road,1,0,2,clear,8.417763377,98.46158349,straight road,no slope,2022-11-11T22:10:00Z
7555184,12.11.2022 06:40,10.01.2023 08:57,Bangkok,department of highways,private/passenger car,speeding,rear-end collision,2,0,1,clear,13.66895804,100.6304352,straight road,no slope,2022-11-11T23:40:00Z
7476174,12.11.2022 06:46,21.12.2022 09:35,Mukdahan,department of highways,private/passenger car,speeding,rollover/fallen on straight road,1,1,0,clear,16.58163208,104.7197941,straight road,no slope,2022-11-11T23:46:00Z
7557598,12.11.2022 07:50,12.01.2023 10:08,Chiang Mai,department of highways,4-wheel pickup truck,speeding,rollover/fallen on curved road,1,0,0,clear,19.2556687,98.96829882,wide curve,no slope,2022-11-12T00:50:00Z
7416374,12.11.2022 09:00,29.11.2022 19:30,Khon Kaen,department of highways,private/passenger car,cutting in closely by people/vehicles/animals,rear-end collision,2,0,0,clear,16.06511546,102.6866039,straight road,no slope,2022-11-12T02:00:00Z
7422164,12.11.2022 09:00,1.12.2022 09:52,Yala,department of highways,other,speeding,rollover/fallen on straight road,1,0,0,clear,6.549501704,101.2558606,straight road,no slope,2022-11-12T02:00:00Z
7568970,12.11.2022 09:05,25.01.2023 07:47,Chon Buri,department of highways,6-wheel truck,speeding,rear-end collision,2,0,0,clear,13.22386304,101.003442,straight road,no slope,2022-11-12T02:05:00Z
7332355,12.11.2022 10:00,17.11.2022 14:13,Yala,department of highways,private/passenger car,cutting in closely by people/vehicles/animals,rollover/fallen on straight road,1,0,0,clear,6.520993887,101.1806354,straight road,no slope,2022-11-12T03:00:00Z
7422120,12.11.2022 10:00,1.12.2022 09:51,Yala,department of highways,other,speeding,rollover/fallen on straight road,1,0,0,clear,6.554631233,101.2607262,straight road,slope area,2022-11-12T03:00:00Z
7514524,12.11.2022 10:00,28.12.2022 09:47,Nakhon Ratchasima,department of highways,4-wheel pickup truck,loss of control,rollover/fallen on straight road,1,0,0,clear,15.23170215,102.3733465,straight road,no slope,2022-11-12T03:00:00Z
7413792,12.11.2022 10:50,27.11.2022 13:46,Chachoengsao,department of highways,private/passenger car,speeding,rear-end collision,3,0,1,clear,13.54794037,101.0015736,straight road,no slope,2022-11-12T03:50:00Z
7511346,12.11.2022 11:00,27.12.2022 09:34,Nakhon Ratchasima,department of highways,motorcycle,cutting in closely by people/vehicles/animals,collision with obstruction (on road surface),2,1,0,clear,15.05773593,102.125631,straight road,no slope,2022-11-12T04:00:00Z
7537080,12.11.2022 11:00,2.01.2023 10:32,Udon Thani,department of highways,motorcycle,cutting in closely by people/vehicles/animals,rear-end collision,2,1,2,clear,17.41362417,102.7239288,straight road,no slope,2022-11-12T04:00:00Z
7558408,12.11.2022 11:45,12.01.2023 15:45,Phetchabun,department of highways,private/passenger car,unfamiliarity with the route/unskilled driving,rollover/fallen on curved road,1,0,4,clear,16.88279775,101.1258432,sharp curve,slope area,2022-11-12T04:45:00Z
7559363,12.11.2022 12:00,13.01.2023 13:53,Bangkok,department of highways,private/passenger car,cutting in closely by people/vehicles/animals,rear-end collision,2,0,1,clear,13.78497072,100.4592731,straight road,no slope,2022-11-12T05:00:00Z
7378822,12.11.2022 12:03,24.11.2022 10:36,Chachoengsao,department of highways,van,speeding,rear-end collision,4,0,0,clear,13.56259147,100.9893128,straight road,no slope,2022-11-12T05:03:00Z
7421858,12.11.2022 12:30,1.12.2022 06:45,Surat Thani,department of highways,6-wheel truck,speeding,rollover/fallen on straight road,1,0,0,clear,8.932029499,99.26904025,straight road,no slope,2022-11-12T05:30:00Z
7378824,12.11.2022 12:55,24.11.2022 10:35,Chachoengsao,department of highways,private/passenger car,speeding,rear-end collision,2,0,0,clear,13.56328869,100.9887286,straight road,no slope,2022-11-12T05:55:00Z
7568969,12.11.2022 13:02,25.01.2023 07:47,Chon Buri,department of highways,private/passenger car,cutting in closely by people/vehicles/animals,rear-end collision,3,0,0,clear,13.19584186,101.0003386,straight road,no slope,2022-11-12T06:02:00Z
7378849,12.11.2022 13:13,24.11.2022 11:10,Pathum Thani,department of highways,4-wheel pickup truck,speeding,rear-end collision,3,0,0,clear,14.05538195,100.6977318,straight road,no slope,2022-11-12T06:13:00Z
7309970,12.11.2022 13:25,14.11.2022 09:29,Pathum Thani,department of highways,4-wheel pickup truck,speeding,rollover/fallen on straight road,1,0,0,clear,14.07800572,100.6955928,straight road,no slope,2022-11-12T06:25:00Z
7378853,12.11.2022 13:40,24.11.2022 11:15,Bangkok,department of highways,large truck with trailer,speeding,rollover/fallen on curved road,1,0,1,clear,13.73189557,100.7008258,other,other,2022-11-12T06:40:00Z
7554644,12.11.2022 13:50,9.01.2023 13:54,Bangkok,department of highways,motorcycle,speeding,rear-end collision,2,0,1,clear,13.75635313,100.4059025,straight road,no slope,2022-11-12T06:50:00Z
7568967,12.11.2022 13:58,25.01.2023 07:45,Chon Buri,department of highways,4-wheel pickup truck,speeding,rear-end collision,2,0,0,clear,13.1828577,100.9961195,straight road,no slope,2022-11-12T06:58:00Z
7418142,12.11.2022 15:25,30.11.2022 07:18,Chon Buri,department of highways,private/passenger car,speeding,rear-end collision,4,0,0,clear,12.95566032,100.9734815,straight road,no slope,2022-11-12T08:25:00Z
7529615,12.11.2022 15:30,31.12.2022 21:04,Phangnga,department of highways,large truck with trailer,speeding,rollover/fallen on straight road,1,0,0,rainy,8.506880152,98.62914249,other,other,2022-11-12T08:30:00Z
7559056,12.11.2022 15:30,13.01.2023 09:24,Bangkok,department of highways,private/passenger car,speeding,rear-end collision,2,0,2,clear,13.77538504,100.5543263,straight road,no slope,2022-11-12T08:30:00Z
7440816,12.11.2022 15:40,8.12.2022 06:59,Nakhon Pathom,department of highways,4-wheel pickup truck,speeding,rollover/fallen on straight road,1,0,0,clear,13.77850589,100.2273557,straight road,no slope,2022-11-12T08:40:00Z
7568965,12.11.2022 17:19,25.01.2023 07:44,Chon Buri,department of highways,private/passenger car,falling asleep,rollover/fallen on straight road,1,0,1,clear,13.19675976,101.0005023,straight road,no slope,2022-11-12T10:19:00Z
7455603,12.11.2022 17:50,13.12.2022 10:47,Ubon Ratchathani,department of highways,4-wheel pickup truck,speeding,rollover/fallen on straight road,1,0,0,clear,15.20161205,104.9029031,other,other,2022-11-12T10:50:00Z
7323163,12.11.2022 19:12,16.11.2022 08:15,Samut Prakan,department of rural roads,4-wheel pickup truck,tailgating,other,2,0,2,clear,13.664467,100.534946,straight road,slope area,2022-11-12T12:12:00Z
7556584,12.11.2022 20:00,11.01.2023 14:04,Chiang Mai,department of highways,private/passenger car,speeding,rear-end collision,2,0,0,clear,18.84494526,99.01709501,straight road,no slope,2022-11-12T13:00:00Z
7556583,12.11.2022 20:15,11.01.2023 14:03,Chiang Mai,department of highways,motorcycle,speeding,rear-end collision,2,0,0,clear,18.83906639,99.02630611,straight road,no slope,2022-11-12T13:15:00Z
7518042,12.11.2022 20:30,29.12.2022 13:29,buogkan,department of highways,van,running red lights/traffic signals,rear-end collision,2,1,1,clear,18.3609458,103.6465028,other,other,2022-11-12T13:30:00Z
7372779,12.11.2022 21:30,23.11.2022 14:56,Ang Thong,department of highways,private/passenger car,speeding,rollover/fallen on curved road,1,0,1,clear,14.58266714,100.4575494,wide curve,no slope,2022-11-12T14:30:00Z
7413865,12.11.2022 21:30,28.11.2022 07:48,Bangkok,department of highways,4-wheel pickup truck,speeding,rear-end collision,2,0,1,other,13.63254402,100.3997324,straight road,no slope,2022-11-12T14:30:00Z
7446360,12.11.2022 22:00,9.12.2022 09:53,Phrae,department of highways,4-wheel pickup truck,speeding,rollover/fallen on straight road,1,1,1,clear,18.1676,100.179015,straight road,no slope,2022-11-12T15:00:00Z
7559342,12.11.2022 22:15,13.01.2023 13:12,Bangkok,department of highways,4-wheel pickup truck,cutting in closely by people/vehicles/animals,rear-end collision,2,0,2,clear,13.78191927,100.4209922,straight road,no slope,2022-11-12T15:15:00Z
7441175,12.11.2022 22:30,8.12.2022 09:29,Trat,department of highways,4-wheel pickup truck,speeding,rear-end collision,2,0,2,clear,12.25219991,102.5094447,other,other,2022-11-12T15:30:00Z
7442619,12.11.2022 22:30,8.12.2022 10:25,Uttaradit,department of highways,4-wheel pickup truck,falling asleep,rollover/fallen on straight road,1,1,2,clear,17.5158567,100.2210443,straight road,no slope,2022-11-12T15:30:00Z
7560770,12.11.2022 23:30,16.01.2023 13:42,Phrae,department of highways,other,speeding,rollover/fallen on straight road,1,0,0,clear,18.29421881,100.2743934,straight road,no slope,2022-11-12T16:30:00Z
7363567,12.11.2022 23:44,22.11.2022 07:27,Samut Prakan,department of rural roads,motorcycle,running red lights/traffic signals,other,1,0,1,clear,13.663782,100.527924,straight road,slope area,2022-11-12T16:44:00Z
7564320,13.11.2022 00:30,19.01.2023 13:48,Samut Sakhon,department of highways,large truck with trailer,speeding,rear-end collision,2,0,0,clear,13.5295052,100.1992971,straight road,no slope,2022-11-12T17:30:00Z
7559395,13.11.2022 01:00,13.01.2023 14:12,Phra Nakhon Si Ayutthaya,department of highways,4-wheel pickup truck,worn-out/tire blowout,rollover/fallen on straight road,1,0,1,clear,14.16246386,100.6181778,straight road,no slope,2022-11-12T18:00:00Z
7515212,13.11.2022 01:50,28.12.2022 15:17,Nakhon Ratchasima,department of highways,4-wheel pickup truck,loss of control,rollover/fallen on straight road,1,0,1,clear,15.15465144,102.3280999,straight road,no slope,2022-11-12T18:50:00Z
7447899,13.11.2022 02:30,9.12.2022 14:44,Songkhla,department of highways,4-wheel pickup truck,speeding,rollover/fallen on straight road,1,0,0,clear,7.074471176,100.5479385,straight road,no slope,2022-11-12T19:30:00Z
7561348,13.11.2022 03:15,17.01.2023 08:52,Chiang Rai,department of highways,private/passenger car,speeding,rollover/fallen on straight road,1,0,0,clear,19.92747095,100.3076676,other,other,2022-11-12T20:15:00Z
7560764,13.11.2022 04:15,16.01.2023 13:37,Phrae,department of highways,motorcycle,speeding,rollover/fallen on straight road,1,2,0,other,18.09071988,100.1295917,straight road,no slope,2022-11-12T21:15:00Z
7303928,13.11.2022 04:35,13.11.2022 09:46,Bangkok,department of highways,private/passenger car,speeding,rear-end collision,2,0,1,clear,13.7651673,100.6939593,straight road,no slope,2022-11-12T21:35:00Z
7514509,13.11.2022 07:20,28.12.2022 09:43,Nakhon Ratchasima,department of highways,motorcycle,speeding,rollover/fallen on curved road,1,1,1,clear,15.26144536,102.1413366,wide curve,no slope,2022-11-13T00:20:00Z
7334573,13.11.2022 07:30,17.11.2022 20:47,Samut Prakan,department of highways,large truck with trailer,speeding,rollover/fallen on straight road,1,0,0,clear,13.51079753,100.7035884,straight road,no slope,2022-11-13T00:30:00Z
7332288,13.11.2022 09:06,17.11.2022 14:06,Samut Prakan,department of highways,van,speeding,rear-end collision,2,0,6,clear,13.65069352,100.8738921,straight road,no slope,2022-11-13T02:06:00Z
7413437,13.11.2022 10:00,25.11.2022 07:44,Loburi,department of highways,large truck with trailer,speeding,rollover/fallen on straight road,1,0,0,clear,14.93885678,100.6137358,straight road,no slope,2022-11-13T03:00:00Z
7414511,13.11.2022 10:09,29.11.2022 13:23,Nakhon Si Thammarat,department of highways,4-wheel pickup truck,speeding,rollover/fallen on curved road,1,0,3,clear,8.743570445,99.91824847,wide curve,no slope,2022-11-13T03:09:00Z
7310261,13.11.2022 10:12,14.11.2022 10:24,Bangkok,department of highways,4-wheel pickup truck,speeding,rear-end collision,2,0,0,rainy,13.74153328,100.641907,straight road,no slope,2022-11-13T03:12:00Z
7323153,13.11.2022 11:00,16.11.2022 08:14,Chiang Mai,department of rural roads,motorcycle,speeding,other,1,1,0,clear,18.685605,98.897479,straight road,no slope,2022-11-13T04:00:00Z
7372170,13.11.2022 12:12,23.11.2022 13:03,Tak,department of highways,private/passenger car,cutting in closely by people/vehicles/animals,rear-end collision,2,0,0,clear,17.269606,98.201363,other,other,2022-11-13T05:12:00Z
7433651,13.11.2022 12:30,6.12.2022 09:15,Trat,department of highways,private/passenger car,speeding,rollover/fallen on straight road,1,0,1,clear,12.36813511,102.4083311,straight road,no slope,2022-11-13T05:30:00Z
7414709,13.11.2022 14:00,29.11.2022 10:53,Yala,department of highways,private/passenger car,unfamiliarity with the route/unskilled driving,rollover/fallen on straight road,1,0,1,clear,6.361606373,101.2991247,straight road,slope area,2022-11-13T07:00:00Z
7419473,13.11.2022 14:00,30.11.2022 13:41,Tak,department of highways,private/passenger car,worn-out/tire blowout,rear-end collision,2,0,0,clear,16.93989998,99.12322149,straight road,no slope,2022-11-13T07:00:00Z
7559217,13.11.2022 14:00,13.01.2023 10:56,Bangkok,department of highways,7-10-wheel truck,speeding,rear-end collision,2,0,1,clear,13.78420651,100.4094727,straight road,no slope,2022-11-13T07:00:00Z
7559219,13.11.2022 14:00,13.01.2023 10:55,Bangkok,department of highways,motorcycle,speeding,rear-end collision,2,0,1,clear,13.79011715,100.4096905,straight road,no slope,2022-11-13T07:00:00Z
7559336,13.11.2022 14:00,13.01.2023 13:09,Bangkok,department of highways,7-10-wheel truck,cutting in closely by people/vehicles/animals,rear-end collision,2,0,1,clear,13.78251285,100.4156695,straight road,no slope,2022-11-13T07:00:00Z
7331834,13.11.2022 14:14,17.11.2022 13:34,Samut Prakan,department of highways,private/passenger car,speeding,rear-end collision,2,0,0,clear,13.65807272,100.8624133,straight road,no slope,2022-11-13T07:14:00Z
7340525,13.11.2022 14:30,18.11.2022 18:28,Surin,department of highways,motorcycle,cutting in closely by people/vehicles/animals,rear-end collision,2,0,2,clear,14.92686402,103.7741062,other,other,2022-11-13T07:30:00Z
7446555,13.11.2022 17:20,9.12.2022 10:47,Nakhon Ratchasima,department of highways,4-wheel pickup truck,speeding,rollover/fallen on straight road,1,0,1,clear,15.06014882,102.3864537,straight road,no slope,2022-11-13T10:20:00Z
7378504,13.11.2022 18:40,24.11.2022 09:46,Phetchabun,department of highways,motorcycle,speeding,rear-end collision,2,0,0,clear,16.73946902,101.193922,straight road,no slope,2022-11-13T11:40:00Z
7414734,13.11.2022 18:50,29.11.2022 11:08,Prachuap Khiri Khan,department of highways,4-wheel pickup truck,speeding,rollover/fallen on straight road,1,0,1,clear,12.38689077,99.96337384,straight road,no slope,2022-11-13T11:50:00Z
7564077,13.11.2022 19:33,19.01.2023 10:19,Samut Sakhon,department of highways,4-wheel pickup truck,speeding,rollover/fallen on straight road,1,0,0,clear,13.60314206,100.3706953,straight road,no slope,2022-11-13T12:33:00Z
7559067,13.11.2022 21:05,13.01.2023 09:31,Bangkok,department of highways,private/passenger car,speeding,rollover/fallen on straight road,1,0,0,clear,13.78397069,100.3994085,straight road,no slope,2022-11-13T14:05:00Z
7568254,13.11.2022 21:30,24.01.2023 11:26,Samut Songkhram,department of highways,private/passenger car,slippery road,rollover/fallen on curved road,1,0,1,rainy,13.47125347,99.96059071,wide curve,slope area,2022-11-13T14:30:00Z
7443315,13.11.2022 21:40,8.12.2022 13:38,Nakhon Ratchasima,department of highways,private/passenger car,speeding,rear-end collision,3,1,1,other,14.74437528,102.1991215,straight road,no slope,2022-11-13T14:40:00Z
7446780,13.11.2022 22:00,9.12.2022 10:56,Nakhon Ratchasima,department of highways,4-wheel pickup truck,speeding,rollover/fallen on curved road,1,0,4,rainy,14.43790924,101.8759644,wide curve,no slope,2022-11-13T15:00:00Z
7515095,13.11.2022 22:00,28.12.2022 15:04,Nakhon Ratchasima,department of highways,4-wheel pickup truck,loss of control,rollover/fallen on straight road,1,0,1,rainy,15.16593414,102.3330019,straight road,no slope,2022-11-13T15:00:00Z
7559362,13.11.2022 22:00,13.01.2023 13:54,Bangkok,department of highways,private/passenger car,driving under the influence of alcohol,rollover/fallen on straight road,1,0,1,clear,13.78850459,100.4711857,straight road,no slope,2022-11-13T15:00:00Z
7564177,13.11.2022 22:10,19.01.2023 11:03,Samut Sakhon,department of highways,4-wheel pickup truck,speeding,rear-end collision,2,0,0,clear,13.54382194,100.2491031,straight road,no slope,2022-11-13T15:10:00Z
7554647,13.11.2022 22:53,9.01.2023 13:54,Bangkok,department of highways,motorcycle,speeding,rear-end collision,2,0,1,clear,13.6941567,100.4074891,straight road,no slope,2022-11-13T15:53:00Z
7561334,13.11.2022 23:00,17.01.2023 08:47,Chiang Rai,department of highways,4-wheel pickup truck,speeding,rollover/fallen on straight road,1,3,1,clear,19.86156753,99.78484064,straight road,no slope,2022-11-13T16:00:00Z
7413854,13.11.2022 23:30,28.11.2022 07:28,Bangkok,department of highways,4-wheel pickup truck,speeding,rear-end collision,2,0,7,rainy,13.66198959,100.4040394,straight road,no slope,2022-11-13T16:30:00Z
7414840,13.11.2022 23:50,25.11.2022 13:35,Phra Nakhon Si Ayutthaya,department of highways,4-wheel pickup truck,speeding,rollover/fallen on straight road,1,0,0,clear,14.40343613,100.5857241,other,other,2022-11-13T16:50:00Z
7312083,13.11.2022 23:55,14.11.2022 16:59,Nakhon Ratchasima,department of highways,large truck with trailer,speeding,rollover/fallen on straight road,1,0,0,rainy,14.66648001,101.4292802,straight road,no slope,2022-11-13T16:55:00Z
7568500,14.11.2022 00:19,24.01.2023 15:51,Chon Buri,department of highways,private/passenger car,speeding,rollover/fallen on straight road,1,0,0,clear,13.25612088,100.9910649,straight road,no slope,2022-11-13T17:19:00Z
7414688,14.11.2022 00:50,29.11.2022 09:52,Nakhon Pathom,department of highways,4-wheel pickup truck,speeding,rollover/fallen on curved road,1,0,0,rainy,13.96744143,100.1305264,other,other,2022-11-13T17:50:00Z
7563780,14.11.2022 01:20,19.01.2023 07:22,Phra Nakhon Si Ayutthaya,department of highways,private/passenger car,falling asleep,rollover/fallen on straight road,1,0,0,other,14.4045461,100.530468,straight road,no slope,2022-11-13T18:20:00Z
7558400,14.11.2022 01:30,12.01.2023 15:39,Phetchabun,department of highways,4-wheel pickup truck,speeding,rollover/fallen on straight road,1,0,0,clear,16.63467823,101.1614138,straight road,no slope,2022-11-13T18:30:00Z
7330576,14.11.2022 02:30,17.11.2022 11:30,Nakhon Ratchasima,department of rural roads,7-10-wheel truck,speeding,other,1,0,1,rainy,15.061839,101.566819,wide curve,no slope,2022-11-13T19:30:00Z
7317972,14.11.2022 03:00,15.11.2022 14:49,Sakon Nakhon,department of highways,4-wheel pickup truck,speeding,rollover/fallen on straight road,1,0,0,clear,17.38349127,103.7420766,straight road,no slope,2022-11-13T20:00:00Z
7416378,14.11.2022 03:00,29.11.2022 19:36,Udon Thani,department of highways,private/passenger car,speeding,collision with obstruction (on road surface),1,0,0,clear,17.364614,102.990233,other,other,2022-11-13T20:00:00Z
7434593,14.11.2022 03:30,6.12.2022 11:23,Phrae,department of highways,large truck with trailer,speeding,rollover/fallen on straight road,1,0,0,clear,18.07297608,99.79944755,straight road,no slope,2022-11-13T20:30:00Z
7481361,14.11.2022 05:20,23.12.2022 13:46,Phetchabun,department of highways,motorcycle,speeding,rollover/fallen on straight road,1,1,0,clear,16.71435212,101.1801995,straight road,no slope,2022-11-13T22:20:00Z
7554220,14.11.2022 05:20,9.01.2023 09:07,Sing Buri,department of highways,4-wheel pickup truck,falling asleep,rollover/fallen on straight road,1,0,1,clear,14.88722941,100.3997894,straight road,no slope,2022-11-13T22:20:00Z
7414399,14.11.2022 05:30,28.11.2022 13:42,Chiang Mai,department of highways,large truck with trailer,falling asleep,rollover/fallen on curved road,1,0,0,clear,17.92705305,98.8001977,wide curve,no slope,2022-11-13T22:30:00Z
7414651,14.11.2022 07:30,29.11.2022 09:22,Chumphon,department of highways,4-wheel pickup truck,speeding,rollover/fallen on curved road,1,0,0,rainy,10.64661646,99.18457836,wide curve,no slope,2022-11-14T00:30:00Z
7414663,14.11.2022 07:50,29.11.2022 09:36,Chumphon,department of highways,4-wheel pickup truck,speeding,rollover/fallen on curved road,1,0,0,rainy,10.607933,99.16861979,wide curve,no slope,2022-11-14T00:50:00Z
7562766,14.11.2022 07:50,18.01.2023 11:08,Surat Thani,department of highways,4-wheel pickup truck,speeding,rollover/fallen on straight road,1,0,0,rainy,9.31279925,99.70959261,straight road,no slope,2022-11-14T00:50:00Z
7414296,14.11.2022 08:20,28.11.2022 11:41,Nakhon Ratchasima,department of highways,motorcycle,cutting in closely by people/vehicles/animals,rear-end collision,2,0,0,clear,14.93353884,102.1361522,straight road,no slope,2022-11-14T01:20:00Z
7512426,14.11.2022 08:30,27.12.2022 14:55,Bangkok,department of highways,private/passenger car,speeding,rear-end collision,2,0,0,clear,13.63335279,100.4002038,straight road,no slope,2022-11-14T01:30:00Z
7564086,14.11.2022 08:57,19.01.2023 10:20,Samut Sakhon,department of highways,4-wheel pickup truck,speeding,rear-end collision,2,0,0,clear,13.60379458,100.3713354,straight road,no slope,2022-11-14T01:57:00Z
7365340,14.11.2022 09:20,22.11.2022 13:53,Saraburi,department of highways,private/passenger car,vehicle equipment failure,rollover/fallen on straight road,1,0,1,clear,14.538023,100.950089,straight road,no slope,2022-11-14T02:20:00Z
7414770,14.11.2022 09:30,29.11.2022 11:28,Phetchaburi,department of highways,4-wheel pickup truck,falling asleep,rollover/fallen on straight road,1,0,0,clear,13.2695495,99.82063394,straight road,no slope,2022-11-14T02:30:00Z
7559328,14.11.2022 09:40,13.01.2023 13:02,Khon Kaen,department of highways,4-wheel pickup truck,speeding,rollover/fallen on straight road,1,0,1,clear,16.72137147,103.0822358,straight road,no slope,2022-11-14T02:40:00Z
7561144,14.11.2022 09:48,17.01.2023 05:58,Bangkok,expressway authority of thailand,other,other,rear-end collision,4,0,1,clear,13.67710281,100.5133381,grade-separated intersection/ramps,other,2022-11-14T02:48:00Z
7372336,14.11.2022 10:00,23.11.2022 13:39,Nakhon Phanom,department of highways,private/passenger car,speeding,rollover/fallen on straight road,1,0,0,clear,17.44012755,104.7525949,straight road,no slope,2022-11-14T03:00:00Z
7310458,14.11.2022 10:12,14.11.2022 10:55,Mukdahan,department of highways,motorcycle,speeding,side collision,2,0,2,clear,16.46232781,104.8051447,straight road,no slope,2022-11-14T03:12:00Z
7318238,14.11.2022 10:52,15.11.2022 15:39,Bangkok,department of highways,private/passenger car,speeding,rear-end collision,3,0,0,clear,13.7294501,100.7408501,straight road,no slope,2022-11-14T03:52:00Z
7363905,14.11.2022 11:00,22.11.2022 08:45,Pathum Thani,department of highways,4-wheel pickup truck,speeding,rollover/fallen on straight road,1,0,0,clear,13.99670012,100.7097816,straight road,no slope,2022-11-14T04:00:00Z
7340617,14.11.2022 12:00,18.11.2022 18:44,Ubon Ratchathani,department of highways,4-wheel pickup truck,speeding,rear-end collision,3,0,0,clear,15.12177462,104.7092925,straight road,no slope,2022-11-14T05:00:00Z
7474675,14.11.2022 12:15,20.12.2022 14:25,Trang,department of highways,4-wheel pickup truck,speeding,rollover/fallen on straight road,1,0,1,clear,7.73805,99.34476,straight road,no slope,2022-11-14T05:15:00Z
7413883,14.11.2022 12:20,28.11.2022 08:43,Pathum Thani,department of highways,large truck with trailer,unfamiliarity with the route/unskilled driving,collision with obstruction (on road surface),1,0,0,clear,14.07267357,100.8805096,straight road,no slope,2022-11-14T05:20:00Z
7323493,14.11.2022 12:23,16.11.2022 09:38,Bangkok,department of highways,large truck with trailer,speeding,collision with obstruction (on road surface),1,0,0,clear,13.73107352,100.7030439,straight road,no slope,2022-11-14T05:23:00Z
7318510,14.11.2022 13:00,15.11.2022 16:36,Chumphon,department of highways,4-wheel pickup truck,speeding,rollover/fallen on curved road,1,0,0,rainy,10.85937626,99.24699202,wide curve,no slope,2022-11-14T06:00:00Z
7414624,14.11.2022 13:00,29.11.2022 09:04,Chumphon,department of highways,4-wheel pickup truck,speeding,rollover/fallen on curved road,1,0,0,rainy,10.85938679,99.24699739,wide curve,no slope,2022-11-14T06:00:00Z
7372141,14.11.2022 13:10,23.11.2022 12:55,Sukhothai,department of highways,motorcycle,speeding,rollover/fallen on straight road,1,0,0,clear,17.16106961,99.86516342,straight road,no slope,2022-11-14T06:10:00Z
7336472,14.11.2022 13:17,18.11.2022 03:32,Pathum Thani,expressway authority of thailand,other,other,other,1,0,2,clear,14.058457,100.580052,other,other,2022-11-14T06:17:00Z
7418140,14.11.2022 14:20,30.11.2022 07:15,Chon Buri,department of highways,4-wheel pickup truck,speeding,rollover/fallen on straight road,1,0,0,rainy,12.83375081,100.9829893,straight road,no slope,2022-11-14T07:20:00Z
7518664,14.11.2022 14:32,29.12.2022 11:39,Samut Prakan,expressway authority of thailand,other,other,rear-end collision,2,0,0,clear,13.637818,100.559574,straight road,other,2022-11-14T07:32:00Z
7371216,14.11.2022 14:50,23.11.2022 09:47,Kanchanaburi,department of highways,4-wheel pickup truck,speeding,rollover/fallen on straight road,1,0,0,clear,14.65596169,98.67181644,straight road,no slope,2022-11-14T07:50:00Z
7414748,14.11.2022 15:00,29.11.2022 11:15,Phetchaburi,department of highways,4-wheel pickup truck,speeding,rollover/fallen on straight road,1,3,0,rainy,13.16540976,99.84204009,straight road,no slope,2022-11-14T08:00:00Z
7474718,14.11.2022 15:00,20.12.2022 14:27,Phichit,department of highways,motorcycle,cutting in closely by people/vehicles/animals,rear-end collision,2,1,0,clear,16.0312656,100.6308416,straight road,no slope,2022-11-14T08:00:00Z
7556667,14.11.2022 15:00,11.01.2023 14:28,Chiang Mai,department of highways,4-wheel pickup truck,slippery road,rollover/fallen on curved road,1,0,0,rainy,19.09497498,99.15039763,wide curve,no slope,2022-11-14T08:00:00Z
7556666,14.11.2022 15:20,11.01.2023 14:26,Chiang Mai,department of highways,4-wheel pickup truck,slippery road,rollover/fallen on curved road,1,0,0,rainy,19.09481207,99.14395084,wide curve,no slope,2022-11-14T08:20:00Z
7569114,14.11.2022 15:28,25.01.2023 09:17,Samut Sakhon,department of highways,4-wheel pickup truck,other,rear-end collision,3,0,0,clear,13.59293477,100.3414822,other,other,2022-11-14T08:28:00Z
7555946,14.11.2022 16:50,11.01.2023 09:00,Loei,department of highways,private/passenger car,speeding,rollover/fallen on straight road,1,0,1,clear,17.62637431,101.7046371,wide curve,no slope,2022-11-14T09:50:00Z
7557343,14.11.2022 16:50,12.01.2023 06:58,Prachuap Khiri Khan,department of highways,private/passenger car,speeding,rollover/fallen on curved road,1,0,0,rainy,11.43292764,99.5597215,wide curve,no slope,2022-11-14T09:50:00Z
7372079,14.11.2022 17:00,23.11.2022 12:42,Kamphaeng Phet,department of highways,large truck with trailer,speeding,rollover/fallen on straight road,1,0,0,rainy,16.37471376,99.54243466,straight road,no slope,2022-11-14T10:00:00Z
7372081,14.11.2022 17:00,23.11.2022 12:44,Kamphaeng Phet,department of highways,large truck with trailer,falling asleep,rear-end collision,3,0,3,rainy,16.40202158,99.52145231,straight road,no slope,2022-11-14T10:00:00Z
7414033,14.11.2022 18:03,28.11.2022 09:43,buogkan,department of highways,private/passenger car,speeding,rear-end collision,2,0,0,clear,18.08356934,103.5049157,other,other,2022-11-14T11:03:00Z
7448540,14.11.2022 18:07,9.12.2022 15:39,Yasothon,department of highways,4-wheel pickup truck,speeding,rollover/fallen on straight road,1,0,0,clear,15.78891989,104.2444104,straight road,no slope,2022-11-14T11:07:00Z