acc_code,incident_datetime,report_datetime,province_en,agency,vehicle_type,presumed_cause,accident_type,number_of_vehicles_involved,number_of_fatalities,number_of_injuries,weather_condition,latitude,longitude,road_description,slope_description,incident_time
7476439,14.11.2022 18:26,21.12.2022 09:42,Yasothon,department of highways,motorcycle,speeding,rear-end collision,2,1,0,clear,16.12862843,104.4507001,straight road,no slope,2022-11-14T11:26:00Z
7474202,14.11.2022 18:30,20.12.2022 12:59,Si Sa Ket,department of highways,private/passenger car,slippery road,rear-end collision,2,0,2,rainy,14.68646434,104.3787137,straight road,no slope,2022-11-14T11:30:00Z
7558824,14.11.2022 19:05,13.01.2023 07:10,Saraburi,department of highways,large truck with trailer,loss of control,other,1,0,1,clear,14.5284,100.9366908,wide curve,no slope,2022-11-14T12:05:00Z
7510835,14.11.2022 19:20,27.12.2022 09:25,Narathiwat,department of highways,large truck with trailer,speeding,rollover/fallen on straight road,1,0,0,clear,6.613530421,101.6299805,straight road,no slope,2022-11-14T12:20:00Z
7363572,14.11.2022 20:00,22.11.2022 07:27,buogkan,department of rural roads,private/passenger car,speeding,other,2,0,2,clear,17.981458,103.918473,wide curve,no slope,2022-11-14T13:00:00Z
7557783,14.11.2022 20:05,12.01.2023 10:52,Nakhon Ratchasima,department of highways,4-wheel pickup truck,speeding,rollover/fallen on straight road,1,0,0,rainy,15.06146205,102.1238084,straight road,no slope,2022-11-14T13:05:00Z
7474741,14.11.2022 20:40,20.12.2022 13:52,Nakhon Pathom,department of highways,4-wheel pickup truck,cutting in closely by people/vehicles/animals,rear-end collision,2,0,2,clear,13.76007386,100.3012104,straight road,no slope,2022-11-14T13:40:00Z
7479680,14.11.2022 21:00,23.12.2022 10:01,Sukhothai,department of highways,4-wheel pickup truck,speeding,rollover/fallen on straight road,1,0,1,clear,16.81787323,99.79079917,straight road,no slope,2022-11-14T14:00:00Z
7336475,14.11.2022 21:35,18.11.2022 03:32,Samut Prakan,expressway authority of thailand,large truck with trailer,other,rear-end collision,2,0,0,clear,13.634861,100.54222,grade-separated intersection/ramps,other,2022-11-14T14:35:00Z
7561815,14.11.2022 22:50,17.01.2023 14:58,Yala,department of highways,4-wheel pickup truck,speeding,rollover/fallen on straight road,1,0,1,rainy,6.4796656,101.446158,straight road,no slope,2022-11-14T15:50:00Z
7378809,14.11.2022 23:00,24.11.2022 10:32,Bangkok,department of highways,4-wheel pickup truck,speeding,rollover/fallen on straight road,1,0,1,clear,13.732905,100.7906111,straight road,no slope,2022-11-14T16:00:00Z
7559331,14.11.2022 23:00,13.01.2023 13:01,Khon Kaen,department of highways,4-wheel pickup truck,speeding,rollover/fallen on straight road,1,0,1,clear,16.44979795,102.7182318,straight road,no slope,2022-11-14T16:00:00Z
7371557,14.11.2022 23:40,23.11.2022 10:49,Chai Nat,department of highways,4-wheel pickup truck,speeding,rollover/fallen on straight road,1,0,0,rainy,15.24180483,100.1026083,straight road,no slope,2022-11-14T16:40:00Z
7511303,15.11.2022 00:05,27.12.2022 09:28,Ubon Ratchathani,department of highways,4-wheel pickup truck,speeding,rollover/fallen on straight road,1,0,0,clear,15.23933267,105.0690727,straight road,no slope,2022-11-14T17:05:00Z
7558341,15.11.2022 00:30,12.01.2023 14:45,Nakhon Ratchasima,department of highways,4-wheel pickup truck,speeding,rollover/fallen on straight road,1,0,0,clear,14.8308304,101.7918788,straight road,no slope,2022-11-14T17:30:00Z
7372120,15.11.2022 01:00,23.11.2022 12:54,Sukhothai,department of highways,4-wheel pickup truck,speeding,rollover/fallen on straight road,1,0,0,clear,17.17208161,99.84798253,straight road,no slope,2022-11-14T18:00:00Z
7446327,15.11.2022 01:20,9.12.2022 11:48,Chon Buri,department of highways,4-wheel pickup truck,speeding,rollover/fallen on straight road,1,0,1,clear,13.28767577,101.1758251,other,other,2022-11-14T18:20:00Z
7514600,15.11.2022 02:00,28.12.2022 10:04,Tak,department of highways,other,running red lights/traffic signals,collision with obstruction (on road surface),1,0,0,rainy,16.68571753,99.27408677,other,other,2022-11-14T19:00:00Z
7422485,15.11.2022 03:00,1.12.2022 09:52,Yala,department of highways,4-wheel pickup truck,speeding,rollover/fallen on straight road,1,0,1,rainy,5.779937091,101.1453496,straight road,no slope,2022-11-14T20:00:00Z
7553849,15.11.2022 03:25,7.01.2023 16:23,Chaiyaphum,department of highways,4-wheel pickup truck,speeding,rollover/fallen on straight road,1,0,0,clear,16.30610313,102.205094,straight road,no slope,2022-11-14T20:25:00Z
7414646,15.11.2022 05:30,29.11.2022 13:39,Nakhon Si Thammarat,department of highways,large truck with trailer,speeding,rollover/fallen on straight road,1,0,0,rainy,8.273522053,99.36485797,straight road,no slope,2022-11-14T22:30:00Z
7537382,15.11.2022 06:00,2.01.2023 12:09,Si Sa Ket,department of highways,motorcycle,falling asleep,collision with obstruction (on road surface),2,0,1,clear,14.66217786,104.6119997,other,other,2022-11-14T23:00:00Z
7557782,15.11.2022 06:30,12.01.2023 10:51,Nakhon Ratchasima,department of highways,private/passenger car,speeding,rollover/fallen on straight road,1,0,1,clear,15.17688031,102.0842822,straight road,slope area,2022-11-14T23:30:00Z
7565614,15.11.2022 06:30,20.01.2023 12:49,Phatthalung,department of highways,4-wheel pickup truck,worn-out/tire blowout,rollover/fallen on straight road,1,0,1,rainy,7.52431862,100.0532984,straight road,no slope,2022-11-14T23:30:00Z
7323596,15.11.2022 07:43,16.11.2022 10:03,Bangkok,department of highways,4-wheel pickup truck,speeding,rear-end collision,2,0,0,clear,13.74751007,100.7025115,straight road,no slope,2022-11-15T00:43:00Z
7414149,15.11.2022 09:15,28.11.2022 10:37,Chanthaburi,department of highways,4-wheel pickup truck,speeding,rollover/fallen on straight road,1,0,4,clear,12.77595771,101.8336438,straight road,no slope,2022-11-15T02:15:00Z
7413651,15.11.2022 09:57,25.11.2022 11:00,Bangkok,department of highways,7-10-wheel truck,speeding,rear-end collision,2,0,0,clear,13.75903595,100.6975266,straight road,no slope,2022-11-15T02:57:00Z
7478331,15.11.2022 10:48,22.12.2022 14:37,Narathiwat,department of highways,4-wheel pickup truck,speeding,rollover/fallen on straight road,1,0,0,clear,5.973183117,101.9349517,straight road,no slope,2022-11-15T03:48:00Z
7372117,15.11.2022 11:00,23.11.2022 12:52,Tak,department of highways,4-wheel pickup truck,cutting in closely by people/vehicles/animals,rollover/fallen on straight road,1,0,0,clear,16.49948502,98.73997335,straight road,no slope,2022-11-15T04:00:00Z
7334278,15.11.2022 11:30,17.11.2022 19:58,Phitsanulok,department of rural roads,tractor/agricultural vehicle,cutting in closely by people/vehicles/animals,other,1,0,1,clear,17.145488,100.235921,t-intersection,other,2022-11-15T04:30:00Z
7414564,15.11.2022 11:49,29.11.2022 06:46,Chon Buri,department of highways,motorcycle,unfamiliarity with the route/unskilled driving,rear-end collision,2,1,0,clear,13.268714,100.9675803,straight road,no slope,2022-11-15T04:49:00Z
7567320,15.11.2022 12:00,23.01.2023 13:57,Chon Buri,department of highways,large truck with trailer,speeding,rollover/fallen on straight road,1,0,0,clear,13.24243933,100.995919,straight road,no slope,2022-11-15T05:00:00Z
7455923,15.11.2022 12:33,13.12.2022 11:25,Ubon Ratchathani,department of highways,motorcycle,cutting in closely by people/vehicles/animals,rear-end collision,2,0,1,clear,15.35102507,105.4551967,connecting to private area,other,2022-11-15T05:33:00Z
7363569,15.11.2022 13:00,22.11.2022 07:27,Samut Prakan,department of rural roads,private/passenger car,abrupt lane change,other,2,0,0,clear,13.66389,100.527783,grade-separated intersection/ramps,other,2022-11-15T06:00:00Z
7521616,15.11.2022 13:30,30.12.2022 10:51,Chiang Mai,department of highways,motorcycle,speeding,rear-end collision,3,0,0,clear,18.87466573,99.05070119,straight road,no slope,2022-11-15T06:30:00Z
7556535,15.11.2022 13:35,11.01.2023 13:49,Mae Hong Son,department of highways,private/passenger car,unfamiliarity with the route/unskilled driving,rollover/fallen on curved road,1,0,0,clear,19.27222252,98.55673347,wide curve,no slope,2022-11-15T06:35:00Z
7559325,15.11.2022 13:40,13.01.2023 12:59,Khon Kaen,department of highways,4-wheel pickup truck,speeding,rollover/fallen on straight road,1,0,0,clear,16.39288817,102.8124791,straight road,no slope,2022-11-15T06:40:00Z
7434217,15.11.2022 14:00,6.12.2022 11:25,Phrae,department of highways,4-wheel pickup truck,speeding,head-on collision (not overtaking),2,0,3,clear,18.36216123,100.3523129,wide curve,no slope,2022-11-15T07:00:00Z
7429270,15.11.2022 14:07,3.12.2022 14:11,Chon Buri,department of highways,private/passenger car,falling asleep,rollover/fallen on straight road,1,0,0,clear,13.13081231,100.9851265,straight road,no slope,2022-11-15T07:07:00Z
7323292,15.11.2022 14:54,16.11.2022 08:57,Samut Prakan,department of highways,van,speeding,rear-end collision,2,1,0,clear,13.63201214,100.9029794,straight road,no slope,2022-11-15T07:54:00Z
7554621,15.11.2022 15:00,9.01.2023 13:43,Bangkok,department of highways,4-wheel pickup truck,speeding,rear-end collision,2,0,0,clear,13.69367148,100.4074701,straight road,no slope,2022-11-15T08:00:00Z
7372987,15.11.2022 15:30,23.11.2022 15:49,Sa Kaeo,department of highways,tractor/agricultural vehicle,speeding,rear-end collision,2,0,3,clear,13.94944946,102.556091,straight road,no slope,2022-11-15T08:30:00Z
7365125,15.11.2022 15:55,22.11.2022 13:07,Nakhon Sawan,department of highways,large truck with trailer,falling asleep,rear-end collision,2,0,3,clear,16.01008831,100.1151627,straight road,no slope,2022-11-15T08:55:00Z
7557345,15.11.2022 16:30,12.01.2023 06:57,Prachuap Khiri Khan,department of highways,4-wheel pickup truck,cutting in closely by people/vehicles/animals,other,2,0,1,rainy,11.54512891,99.62959573,connecting to public/commercial area,other,2022-11-15T09:30:00Z
7378791,15.11.2022 16:40,24.11.2022 10:28,Maha Sarakham,department of highways,motorcycle,cutting in closely by people/vehicles/animals,rear-end collision,2,0,0,clear,16.04846204,103.1004909,other,other,2022-11-15T09:40:00Z
7372119,15.11.2022 16:43,23.11.2022 12:53,Sukhothai,department of highways,motorcycle,speeding,rear-end collision,2,0,0,clear,17.01654237,99.73444596,other,other,2022-11-15T09:43:00Z
7414644,15.11.2022 17:00,29.11.2022 13:38,Nakhon Si Thammarat,department of highways,4-wheel pickup truck,cutting in closely by people/vehicles/animals,rollover/fallen on straight road,1,0,0,clear,8.374622142,99.55041529,straight road,no slope,2022-11-15T10:00:00Z
7537062,15.11.2022 17:00,2.01.2023 10:29,Udon Thani,department of highways,motorcycle,speeding,head-on collision (not overtaking),2,1,0,clear,17.3862226,102.7609099,straight road,no slope,2022-11-15T10:00:00Z
7324570,15.11.2022 17:29,16.11.2022 13:34,Samut Prakan,department of highways,private/passenger car,speeding,rear-end collision,2,0,0,clear,13.665956,100.8501771,straight road,no slope,2022-11-15T10:29:00Z
7554656,15.11.2022 17:50,9.01.2023 13:57,Bangkok,department of highways,motorcycle,cutting in closely by people/vehicles/animals,rear-end collision,2,0,1,clear,13.73105857,100.4059717,straight road,no slope,2022-11-15T10:50:00Z
7446468,15.11.2022 18:30,9.12.2022 09:25,Phrae,department of highways,4-wheel pickup truck,slippery road,rollover/fallen on curved road,1,0,0,rainy,18.54114396,100.1284678,wide curve,slope area,2022-11-15T11:30:00Z
7351311,15.11.2022 18:40,20.11.2022 09:54,Bangkok,department of highways,private/passenger car,speeding,rollover/fallen on straight road,1,0,0,clear,13.69621384,100.6994551,straight road,no slope,2022-11-15T11:40:00Z
7474782,15.11.2022 18:56,20.12.2022 14:14,Narathiwat,department of highways,4-wheel pickup truck,speeding,rear-end collision,3,0,0,rainy,6.407425428,101.7854622,other,other,2022-11-15T11:56:00Z
7541730,15.11.2022 19:30,3.01.2023 10:19,Surin,department of highways,large truck with trailer,speeding,rollover/fallen on straight road,1,0,1,clear,15.31253495,103.2878062,straight road,no slope,2022-11-15T12:30:00Z
7564335,15.11.2022 19:30,19.01.2023 13:57,Samut Sakhon,department of highways,large truck with trailer,speeding,rollover/fallen on straight road,1,0,0,clear,13.56582829,100.2804213,straight road,no slope,2022-11-15T12:30:00Z
7558346,15.11.2022 19:40,12.01.2023 14:46,Nakhon Ratchasima,department of highways,private/passenger car,speeding,rollover/fallen on straight road,1,0,1,clear,14.95898573,102.0504047,straight road,no slope,2022-11-15T12:40:00Z
7477006,15.11.2022 19:50,21.12.2022 14:04,Yasothon,department of highways,private/passenger car,speeding,rollover/fallen on straight road,1,0,1,clear,16.1973831,104.5310712,straight road,no slope,2022-11-15T12:50:00Z
7514342,15.11.2022 19:50,28.12.2022 11:42,Songkhla,department of highways,large truck with trailer,unfamiliarity with the route/unskilled driving,rollover/fallen on curved road,1,0,0,clear,7.24572395,100.5402365,other,other,2022-11-15T12:50:00Z
7413400,15.11.2022 20:20,25.11.2022 09:06,Suphan Buri,department of highways,4-wheel pickup truck,speeding,rear-end collision,2,0,0,clear,14.47164392,100.0524459,straight road,no slope,2022-11-15T13:20:00Z
7564329,15.11.2022 21:50,19.01.2023 13:54,Samut Sakhon,department of highways,4-wheel pickup truck,speeding,rear-end collision,3,0,1,clear,13.56223172,100.2762921,straight road,no slope,2022-11-15T14:50:00Z
7510919,15.11.2022 22:20,27.12.2022 09:26,Chiang Mai,department of highways,4-wheel pickup truck,speeding,rollover/fallen on straight road,1,0,0,rainy,18.73975129,99.0448527,straight road,no slope,2022-11-15T15:20:00Z
7557574,15.11.2022 22:30,12.01.2023 10:01,Lampang,department of highways,private/passenger car,speeding,rollover/fallen on curved road,1,0,1,clear,18.25770884,99.49477181,wide curve,no slope,2022-11-15T15:30:00Z
7559330,15.11.2022 22:55,13.01.2023 13:03,Bangkok,department of highways,large truck with trailer,speeding,collision with obstruction (on road surface),2,0,0,clear,13.76501751,100.4069777,other,other,2022-11-15T15:55:00Z
7569254,16.11.2022 00:10,25.01.2023 10:44,Songkhla,department of highways,4-wheel pickup truck,speeding,rollover/fallen on straight road,1,0,1,clear,7.170152219,100.6120346,other,other,2022-11-15T17:10:00Z
7554472,16.11.2022 00:16,9.01.2023 12:33,Chiang Mai,department of highways,4-wheel pickup truck,speeding,rollover/fallen on straight road,1,0,0,clear,18.78075618,98.97749037,straight road,no slope,2022-11-15T17:16:00Z
7564087,16.11.2022 03:10,19.01.2023 10:21,Samut Sakhon,department of highways,7-10-wheel truck,speeding,rear-end collision,2,0,0,clear,13.5454756,100.2576374,straight road,no slope,2022-11-15T20:10:00Z
7329275,16.11.2022 04:48,17.11.2022 06:34,Samut Prakan,department of highways,large truck with trailer,speeding,rear-end collision,2,0,1,clear,13.62070487,100.9205851,straight road,no slope,2022-11-15T21:48:00Z
7340616,16.11.2022 06:00,18.11.2022 18:43,Ubon Ratchathani,department of highways,large truck with trailer,running red lights/traffic signals,collision at intersection corner,2,0,0,clear,15.17557287,104.8572023,other,other,2022-11-15T23:00:00Z
7413845,16.11.2022 08:00,28.11.2022 07:24,Bangkok,department of highways,other,speeding,rollover/fallen on straight road,1,0,0,clear,13.78676072,100.4653318,other,other,2022-11-16T01:00:00Z
7440819,16.11.2022 08:05,8.12.2022 06:59,Nakhon Pathom,department of highways,4-wheel pickup truck,speeding,rollover/fallen on straight road,1,0,0,clear,13.73398232,100.2458243,straight road,no slope,2022-11-16T01:05:00Z
7378758,16.11.2022 09:00,24.11.2022 10:20,Bangkok,department of highways,4-wheel pickup truck,worn-out/tire blowout,rollover/fallen on straight road,1,0,0,clear,13.72376197,100.8133685,straight road,no slope,2022-11-16T02:00:00Z
7421070,16.11.2022 09:00,1.12.2022 07:46,Satun,department of rural roads,motorcycle,speeding,other,1,0,1,clear,6.837906,100.046376,straight road,no slope,2022-11-16T02:00:00Z
7337250,16.11.2022 09:30,18.11.2022 07:08,Surat Thani,department of highways,4-wheel pickup truck,speeding,rear-end collision,2,1,0,clear,8.480778025,99.08378765,straight road,no slope,2022-11-16T02:30:00Z
7537082,16.11.2022 10:00,2.01.2023 10:30,Udon Thani,department of highways,motorcycle,speeding,rear-end collision,2,1,0,clear,17.42229225,102.7719122,other,other,2022-11-16T03:00:00Z
7356594,16.11.2022 10:30,21.11.2022 07:12,Pathum Thani,department of highways,large truck with trailer,speeding,rear-end collision,3,0,0,clear,13.992878,100.652763,straight road,no slope,2022-11-16T03:30:00Z
7372115,16.11.2022 10:30,23.11.2022 12:50,Tak,department of highways,4-wheel pickup truck,speeding,rollover/fallen on curved road,1,0,0,clear,16.42466851,98.69540379,wide curve,no slope,2022-11-16T03:30:00Z
7413839,16.11.2022 10:30,28.11.2022 07:21,Bangkok,department of highways,7-10-wheel truck,speeding,rear-end collision,4,0,1,clear,13.62583644,100.4614064,straight road,no slope,2022-11-16T03:30:00Z
7564079,16.11.2022 10:50,19.01.2023 10:18,Samut Sakhon,department of highways,7-10-wheel truck,worn-out/tire blowout,rollover/fallen on straight road,1,0,0,clear,13.60314206,100.3706953,straight road,no slope,2022-11-16T03:50:00Z
7514546,16.11.2022 11:00,28.12.2022 10:20,Sukhothai,department of highways,4-wheel pickup truck,speeding,rollover/fallen on straight road,1,0,4,clear,17.22399347,99.51186955,straight road,no slope,2022-11-16T04:00:00Z
7557966,16.11.2022 11:00,12.01.2023 11:54,Sa Kaeo,department of highways,4-wheel pickup truck,cutting in closely by people/vehicles/animals,rear-end collision,2,0,0,clear,13.48612475,102.1909726,straight road,no slope,2022-11-16T04:00:00Z
7324589,16.11.2022 11:30,16.11.2022 13:35,Bangkok,department of highways,4-wheel pickup truck,speeding,rear-end collision,2,0,0,clear,13.73598884,100.673891,straight road,no slope,2022-11-16T04:30:00Z
7514463,16.11.2022 11:50,28.12.2022 10:23,Tak,department of highways,7-10-wheel truck,vehicle electrical system failure,rollover/fallen on curved road,1,0,0,clear,16.46982314,98.8529094,wide curve,slope area,2022-11-16T04:50:00Z
7364404,16.11.2022 12:30,22.11.2022 10:20,Songkhla,department of highways,4-wheel pickup truck,speeding,rear-end collision,2,0,1,clear,6.593711179,100.4152456,straight road,no slope,2022-11-16T05:30:00Z
7378678,16.11.2022 12:56,24.11.2022 10:14,Chon Buri,department of highways,private/passenger car,speeding,rollover/fallen on straight road,1,0,0,rainy,12.78422458,100.9859079,straight road,no slope,2022-11-16T05:56:00Z
7329273,16.11.2022 13:22,17.11.2022 06:30,Chon Buri,department of highways,private/passenger car,cutting in closely by people/vehicles/animals,rear-end collision,3,0,0,clear,13.14079547,100.9857273,straight road,no slope,2022-11-16T06:22:00Z
7378708,16.11.2022 14:00,24.11.2022 10:16,Chon Buri,department of highways,private/passenger car,speeding,other,1,0,0,rainy,12.95493095,100.9729385,wide curve,no slope,2022-11-16T07:00:00Z
7413486,16.11.2022 14:10,25.11.2022 09:57,Suphan Buri,department of highways,4-wheel pickup truck,cutting in closely by people/vehicles/animals,collision at intersection corner,3,0,0,clear,14.63939628,99.91498679,other,other,2022-11-16T07:10:00Z
7337254,16.11.2022 14:30,18.11.2022 07:08,Chumphon,department of highways,4-wheel pickup truck,speeding,rollover/fallen on straight road,1,0,0,rainy,10.71061523,99.20544078,straight road,no slope,2022-11-16T07:30:00Z
7378720,16.11.2022 14:30,24.11.2022 10:18,Pathum Thani,department of highways,4-wheel pickup truck,speeding,rear-end collision,2,0,1,clear,13.94559032,100.7117034,straight road,no slope,2022-11-16T07:30:00Z
7560840,16.11.2022 14:30,16.01.2023 14:36,Nan,department of highways,4-wheel pickup truck,speeding,rollover/fallen on straight road,1,0,0,rainy,19.37287396,100.8753515,straight road,no slope,2022-11-16T07:30:00Z
7561439,16.11.2022 14:40,17.01.2023 09:40,Chiang Rai,department of highways,private/passenger car,speeding,rollover/fallen on curved road,1,0,1,clear,20.0480562,100.2957277,wide curve,no slope,2022-11-16T07:40:00Z
7334926,16.11.2022 15:30,17.11.2022 21:50,Ubon Ratchathani,department of highways,4-wheel pickup truck,cutting in closely by people/vehicles/animals,rear-end collision,2,1,0,clear,15.60046693,105.0409363,other,other,2022-11-16T08:30:00Z
7560536,16.11.2022 15:35,16.01.2023 08:07,Suphan Buri,department of highways,4-wheel pickup truck,cutting in closely by people/vehicles/animals,rear-end collision,2,0,2,clear,14.61539518,100.1520941,straight road,no slope,2022-11-16T08:35:00Z
7439000,16.11.2022 16:05,7.12.2022 10:44,Phitsanulok,department of highways,4-wheel pickup truck,speeding,rollover/fallen on straight road,1,0,0,clear,16.95513783,100.234855,other,other,2022-11-16T09:05:00Z
7473761,16.11.2022 16:30,20.12.2022 10:33,Roi Et,department of highways,4-wheel pickup truck,dangerous curve,rollover/fallen on curved road,1,0,0,clear,15.52994151,103.8414428,wide curve,slope area,2022-11-16T09:30:00Z
7557599,16.11.2022 17:10,12.01.2023 10:09,Lampang,department of highways,4-wheel pickup truck,cutting in closely by people/vehicles/animals,head-on collision (not overtaking),2,0,1,clear,18.23506422,99.38976735,straight road,no slope,2022-11-16T10:10:00Z
7568249,16.11.2022 17:20,24.01.2023 11:22,Ratchaburi,department of highways,private/passenger car,speeding,rollover/fallen on straight road,1,0,1,clear,13.4402347,99.80388969,straight road,no slope,2022-11-16T10:20:00Z
7511118,16.11.2022 17:30,27.12.2022 09:39,Phayao,department of highways,4-wheel pickup truck,speeding,rear-end collision,4,0,1,clear,19.17373239,99.91189871,straight road,no slope,2022-11-16T10:30:00Z
7434474,16.11.2022 18:00,6.12.2022 11:18,Phrae,department of highways,6-wheel truck,cutting in closely by people/vehicles/animals,rear-end collision,2,0,0,clear,18.179462,100.182818,straight road,no slope,2022-11-16T11:00:00Z
7448529,16.11.2022 18:18,9.12.2022 15:05,Phayao,department of highways,private/passenger car,speeding,head-on collision (not overtaking),2,0,0,clear,19.20223907,100.2686496,straight road,no slope,2022-11-16T11:18:00Z
7413842,16.11.2022 18:30,28.11.2022 07:22,Bangkok,department of highways,private/passenger car,speeding,rollover/fallen on straight road,1,0,0,rainy,13.66330764,100.405477,straight road,no slope,2022-11-16T11:30:00Z
7508385,16.11.2022 18:40,26.12.2022 10:15,Nong Khai,department of highways,4-wheel pickup truck,cutting in closely by people/vehicles/animals,rollover/fallen on straight road,1,0,1,clear,17.83433529,102.5730398,straight road,no slope,2022-11-16T11:40:00Z
7334307,16.11.2022 19:01,17.11.2022 20:01,Chiang Mai,department of rural roads,private/passenger car,speeding,other,1,0,1,clear,18.780445,99.042309,four-way intersection,other,2022-11-16T12:01:00Z
7560762,16.11.2022 19:05,16.01.2023 13:31,Phrae,department of highways,motorcycle,reversing vehicle,rollover/fallen on straight road,1,1,0,other,18.027018,100.1109455,straight road,no slope,2022-11-16T12:05:00Z
7566936,16.11.2022 19:10,23.01.2023 07:25,Chon Buri,department of highways,private/passenger car,cutting in closely by people/vehicles/animals,rollover/fallen on straight road,1,0,1,clear,13.08818356,101.396128,straight road,no slope,2022-11-16T12:10:00Z
7340345,16.11.2022 19:35,18.11.2022 17:53,Uttaradit,department of highways,4-wheel pickup truck,cutting in closely by people/vehicles/animals,rear-end collision,2,1,0,clear,17.73323389,100.6962939,straight road,no slope,2022-11-16T12:35:00Z
7473485,16.11.2022 19:50,20.12.2022 11:24,Chanthaburi,department of highways,4-wheel pickup truck,cutting in closely by people/vehicles/animals,head-on collision (not overtaking),2,0,1,clear,13.04020349,102.382611,other,other,2022-11-16T12:50:00Z
7564321,16.11.2022 20:00,19.01.2023 13:48,Samut Sakhon,department of highways,large truck with trailer,speeding,rear-end collision,2,0,0,clear,13.53012089,100.2011255,straight road,no slope,2022-11-16T13:00:00Z
7537043,16.11.2022 20:15,2.01.2023 10:20,Udon Thani,department of highways,4-wheel pickup truck,speeding,rollover/fallen on straight road,1,0,2,clear,17.56171556,102.8013545,straight road,no slope,2022-11-16T13:15:00Z
7334927,16.11.2022 20:30,17.11.2022 21:41,Surin,department of highways,private/passenger car,speeding,pedestrian collision,1,1,0,clear,14.62222547,103.8752738,straight road,no slope,2022-11-16T13:30:00Z
7366067,16.11.2022 21:30,22.11.2022 16:06,Sukhothai,department of rural roads,motorcycle,dangerous curve,other,2,1,0,clear,17.540546,99.876407,straight road,no slope,2022-11-16T14:30:00Z
7344750,16.11.2022 21:45,19.11.2022 08:15,Bangkok,department of highways,private/passenger car,speeding,rear-end collision,3,0,4,clear,13.88710573,100.6877299,straight road,no slope,2022-11-16T14:45:00Z
7414618,16.11.2022 22:40,29.11.2022 09:02,Chumphon,department of highways,large truck with trailer,speeding,rollover/fallen on straight road,1,0,0,rainy,10.68097935,99.20310199,other,other,2022-11-16T15:40:00Z
7330370,16.11.2022 23:00,17.11.2022 10:53,Samut Sakhon,department of rural roads,private/passenger car,speeding,other,1,0,1,clear,13.513014,100.32746,straight road,no slope,2022-11-16T16:00:00Z
7333702,16.11.2022 23:30,17.11.2022 18:00,Phichit,department of highways,4-wheel pickup truck,speeding,rollover/fallen on straight road,1,0,0,clear,16.21544117,100.4398432,other,other,2022-11-16T16:30:00Z
7562985,17.11.2022 00:27,18.01.2023 13:37,Phichit,department of highways,4-wheel pickup truck,falling asleep,rollover/fallen on straight road,1,0,1,clear,16.21513224,100.4407533,straight road,no slope,2022-11-16T17:27:00Z
7338376,17.11.2022 00:30,18.11.2022 11:04,Roi Et,department of rural roads,motorcycle,speeding,other,1,1,0,other,16.101775,103.60733,wide curve,no slope,2022-11-16T17:30:00Z
7414612,17.11.2022 00:30,29.11.2022 08:59,Chumphon,department of highways,private/passenger car,speeding,rollover/fallen on straight road,1,0,0,rainy,10.68141383,99.20314461,other,other,2022-11-16T17:30:00Z
7413952,17.11.2022 01:10,28.11.2022 09:19,Samut Prakan,department of highways,7-10-wheel truck,speeding,rear-end collision,2,1,1,clear,13.6170751,100.7464314,straight road,no slope,2022-11-16T18:10:00Z
7364198,17.11.2022 01:22,22.11.2022 09:43,Pathum Thani,department of highways,private/passenger car,speeding,rear-end collision,4,0,0,clear,13.95806558,100.7127173,straight road,no slope,2022-11-16T18:22:00Z
7532598,17.11.2022 02:30,1.01.2023 12:19,Khon Kaen,department of highways,private/passenger car,speeding,rollover/fallen on straight road,1,0,0,clear,16.44999217,102.7158594,straight road,no slope,2022-11-16T19:30:00Z
7422414,17.11.2022 04:00,1.12.2022 14:43,Mukdahan,department of highways,4-wheel pickup truck,speeding,rollover/fallen on curved road,1,0,2,clear,16.50388071,104.248711,wide curve,no slope,2022-11-16T21:00:00Z
7561398,17.11.2022 04:35,17.01.2023 09:12,Phayao,department of highways,4-wheel pickup truck,falling asleep,rollover/fallen on curved road,1,0,1,clear,19.24223831,100.2514963,other,other,2022-11-16T21:35:00Z
7371776,17.11.2022 05:30,23.11.2022 11:33,Chiang Mai,department of highways,4-wheel pickup truck,falling asleep,rollover/fallen on straight road,1,0,1,clear,17.93932224,98.71042969,straight road,no slope,2022-11-16T22:30:00Z
7337261,17.11.2022 06:30,18.11.2022 07:07,Surat Thani,department of highways,large truck with trailer,falling asleep,rollover/fallen on straight road,1,0,1,clear,8.683755,99.130413,straight road,no slope,2022-11-16T23:30:00Z
7511205,17.11.2022 06:30,27.12.2022 11:07,Maha Sarakham,department of highways,4-wheel pickup truck,speeding,rollover/fallen on straight road,1,0,0,clear,16.04581861,102.888009,straight road,no slope,2022-11-16T23:30:00Z
7558175,17.11.2022 06:50,12.01.2023 14:04,Buri Ram,department of highways,4-wheel pickup truck,cutting in closely by people/vehicles/animals,collision with obstruction (on road surface),1,0,0,rainy,14.94389492,103.1406093,straight road,no slope,2022-11-16T23:50:00Z
7413949,17.11.2022 07:20,28.11.2022 09:18,Samut Prakan,department of highways,6-wheel truck,speeding,collision with obstruction (on road surface),2,1,0,clear,13.59274836,100.8140968,straight road,no slope,2022-11-17T00:20:00Z