acc_code,incident_datetime,report_datetime,province_en,agency,vehicle_type,presumed_cause,accident_type,number_of_vehicles_involved,number_of_fatalities,number_of_injuries,weather_condition,latitude,longitude,road_description,slope_description,incident_time
7558915,17.11.2022 08:30,13.01.2023 08:20,Suphan Buri,department of highways,private/passenger car,speeding,rollover/fallen on straight road,1,0,2,clear,14.30525155,100.0586473,straight road,no slope,2022-11-17T01:30:00Z
7364076,17.11.2022 08:35,22.11.2022 09:22,Chon Buri,department of highways,private/passenger car,speeding,rear-end collision,2,0,0,clear,12.84992009,100.9819984,straight road,no slope,2022-11-17T01:35:00Z
7413850,17.11.2022 09:00,28.11.2022 07:26,Bangkok,department of highways,4-wheel pickup truck,speeding,collision with obstruction (on road surface),1,0,0,clear,13.78799243,100.3360481,other,other,2022-11-17T02:00:00Z
7567865,17.11.2022 09:20,24.01.2023 06:50,Nakhon Pathom,department of highways,7-10-wheel truck,speeding,rollover/fallen on straight road,1,0,0,clear,13.9128716,99.99058083,straight road,no slope,2022-11-17T02:20:00Z
7514379,17.11.2022 09:30,28.12.2022 10:12,Sukhothai,department of highways,motorcycle,cutting in closely by people/vehicles/animals,rear-end collision,2,0,2,clear,17.15744298,99.87161017,other,other,2022-11-17T02:30:00Z
7413824,17.11.2022 09:45,28.11.2022 07:15,Bangkok,department of highways,motorcycle,speeding,rollover/fallen on straight road,1,0,2,clear,13.68155237,100.4752775,straight road,no slope,2022-11-17T02:45:00Z
7560732,17.11.2022 09:45,16.01.2023 11:36,Phrae,department of highways,4-wheel pickup truck,falling asleep,rollover/fallen on straight road,1,0,0,clear,17.92071857,99.92457839,straight road,no slope,2022-11-17T02:45:00Z
7413403,17.11.2022 10:00,25.11.2022 09:08,Suphan Buri,department of highways,motorcycle,loss of control,rear-end collision,2,1,0,clear,14.48106348,100.0581723,straight road,no slope,2022-11-17T03:00:00Z
7421576,17.11.2022 10:00,1.12.2022 06:20,Phatthalung,department of highways,4-wheel pickup truck,speeding,rear-end collision,2,0,0,rainy,7.608765043,100.0537898,other,other,2022-11-17T03:00:00Z
7414609,17.11.2022 10:30,29.11.2022 08:54,Chumphon,department of highways,private/passenger car,speeding,rollover/fallen on curved road,1,0,0,rainy,10.6159279,99.17287495,wide curve,no slope,2022-11-17T03:30:00Z
7364273,17.11.2022 10:42,22.11.2022 09:56,Chon Buri,department of highways,private/passenger car,speeding,rear-end collision,2,0,0,clear,13.41503672,101.046982,straight road,no slope,2022-11-17T03:42:00Z
7413847,17.11.2022 11:00,28.11.2022 07:25,Bangkok,department of highways,4-wheel pickup truck,speeding,rear-end collision,3,0,1,clear,13.78800906,100.3365056,other,other,2022-11-17T04:00:00Z
7337268,17.11.2022 11:26,18.11.2022 07:12,Bangkok,expressway authority of thailand,other,other,other,1,0,0,clear,13.863875,100.645126,straight road,other,2022-11-17T04:26:00Z
7455963,17.11.2022 11:30,13.12.2022 14:47,Suphan Buri,department of highways,large truck with trailer,cutting in closely by people/vehicles/animals,rear-end collision,2,0,2,clear,14.80784886,100.0032328,other,other,2022-11-17T04:30:00Z
7556076,17.11.2022 11:30,11.01.2023 10:14,Kalasin,department of highways,6-wheel truck,cutting in closely by people/vehicles/animals,rear-end collision,2,0,0,clear,16.56707127,103.5085756,straight road,no slope,2022-11-17T04:30:00Z
7413833,17.11.2022 11:37,28.11.2022 07:20,Bangkok,department of highways,private/passenger car,speeding,rear-end collision,2,0,1,clear,13.63790524,100.4133613,straight road,no slope,2022-11-17T04:37:00Z
7413828,17.11.2022 11:46,28.11.2022 07:17,Bangkok,department of highways,4-wheel pickup truck,speeding,rollover/fallen on straight road,1,0,0,clear,13.76213581,100.406687,straight road,no slope,2022-11-17T04:46:00Z
7557347,17.11.2022 11:54,12.01.2023 07:00,Prachuap Khiri Khan,department of highways,7-10-wheel truck,speeding,rollover/fallen on straight road,1,0,0,rainy,12.55012847,99.87302631,straight road,no slope,2022-11-17T04:54:00Z
7559212,17.11.2022 12:00,13.01.2023 10:51,Bangkok,department of highways,private/passenger car,speeding,rear-end collision,2,0,1,clear,13.6239987,100.3909904,straight road,no slope,2022-11-17T05:00:00Z
7557348,17.11.2022 12:07,12.01.2023 07:00,Prachuap Khiri Khan,department of highways,6-wheel truck,speeding,rollover/fallen on straight road,1,0,0,clear,12.54637999,99.87424562,straight road,no slope,2022-11-17T05:07:00Z
7413835,17.11.2022 12:20,28.11.2022 07:20,Bangkok,department of highways,private/passenger car,speeding,rear-end collision,2,0,1,clear,13.62041701,100.4979569,straight road,no slope,2022-11-17T05:20:00Z
7480926,17.11.2022 12:57,23.12.2022 13:47,Phetchabun,department of highways,4-wheel pickup truck,worn-out/tire blowout,collision with obstruction (on road surface),1,0,1,clear,16.6918088,101.1675154,other,other,2022-11-17T05:57:00Z
7480244,17.11.2022 13:10,23.12.2022 12:06,Tak,department of highways,motorcycle,speeding,rear-end collision,2,0,1,clear,17.21663804,98.29500899,wide curve,no slope,2022-11-17T06:10:00Z
7527261,17.11.2022 13:50,31.12.2022 10:25,Bangkok,department of highways,motorcycle,speeding,rollover/fallen on straight road,1,0,2,clear,13.62604368,100.4663122,straight road,no slope,2022-11-17T06:50:00Z
7418111,17.11.2022 14:00,30.11.2022 07:07,Chon Buri,department of highways,other,speeding,rollover/fallen on straight road,1,0,0,clear,13.42581067,101.0466138,straight road,no slope,2022-11-17T07:00:00Z
7446342,17.11.2022 14:00,9.12.2022 09:24,Phrae,department of highways,large truck with trailer,speeding,rollover/fallen on curved road,1,0,0,rainy,18.37367109,100.3864735,wide curve,no slope,2022-11-17T07:00:00Z
7418069,17.11.2022 14:05,30.11.2022 06:25,Chon Buri,department of highways,other,speeding,rollover/fallen on straight road,1,0,0,clear,13.42617445,101.0466036,straight road,no slope,2022-11-17T07:05:00Z
7562969,17.11.2022 14:05,18.01.2023 13:34,Uttaradit,department of highways,large truck with trailer,speeding,rollover/fallen on curved road,1,0,0,clear,17.55194175,100.0976184,wide curve,no slope,2022-11-17T07:05:00Z
7413630,17.11.2022 14:12,25.11.2022 10:52,Bangkok,department of highways,4-wheel pickup truck,speeding,rear-end collision,2,0,0,clear,13.73204539,100.7070766,straight road,no slope,2022-11-17T07:12:00Z
7364080,17.11.2022 14:37,22.11.2022 09:24,Chon Buri,department of highways,private/passenger car,speeding,rollover/fallen on curved road,1,0,1,rainy,12.9545841,100.9726445,wide curve,no slope,2022-11-17T07:37:00Z
7414958,17.11.2022 14:40,28.11.2022 11:06,Chanthaburi,department of highways,private/passenger car,speeding,rear-end collision,3,0,4,clear,13.31385866,102.1655731,straight road,no slope,2022-11-17T07:40:00Z
7511341,17.11.2022 14:50,27.12.2022 09:57,Ratchaburi,department of highways,motorcycle,speeding,rear-end collision,2,1,0,clear,13.36360275,99.75371017,straight road,no slope,2022-11-17T07:50:00Z
7413377,17.11.2022 15:08,25.11.2022 07:58,Saraburi,department of highways,large truck with trailer,slippery road,rollover/fallen on straight road,1,0,0,rainy,14.57247448,100.9024756,straight road,no slope,2022-11-17T08:08:00Z
7337902,17.11.2022 15:25,18.11.2022 09:39,Sing Buri,department of rural roads,private/passenger car,unfamiliarity with the route/unskilled driving,other,2,0,1,clear,14.932227,100.31462,four-way intersection,other,2022-11-17T08:25:00Z
7566933,17.11.2022 15:30,23.01.2023 07:22,Chon Buri,department of highways,4-wheel pickup truck,speeding,rollover/fallen on curved road,1,0,0,clear,13.13141309,101.371779,wide curve,no slope,2022-11-17T08:30:00Z
7542858,17.11.2022 15:55,3.01.2023 14:54,Tak,department of highways,private/passenger car,speeding,other,1,0,0,rainy,17.21460558,98.26469951,wide curve,no slope,2022-11-17T08:55:00Z
7564078,17.11.2022 16:01,19.01.2023 10:17,Samut Sakhon,department of highways,passenger pickup truck,worn-out/tire blowout,rollover/fallen on straight road,1,0,0,clear,13.60639545,100.3739053,straight road,no slope,2022-11-17T09:01:00Z
7340344,17.11.2022 16:10,18.11.2022 17:50,Chiang Mai,department of highways,4-wheel pickup truck,speeding,rollover/fallen on curved road,1,0,0,clear,18.14986738,98.29320788,wide curve,no slope,2022-11-17T09:10:00Z
7536679,17.11.2022 16:30,2.01.2023 08:40,Chaiyaphum,department of highways,4-wheel pickup truck,speeding,rollover/fallen on straight road,1,0,0,clear,16.06170571,102.2745113,straight road,no slope,2022-11-17T09:30:00Z
7414723,17.11.2022 17:00,29.11.2022 11:04,Prachuap Khiri Khan,department of highways,private/passenger car,reversing vehicle,collision with obstruction (on road surface),2,1,0,clear,11.71832986,99.72218733,straight road,no slope,2022-11-17T10:00:00Z
7340341,17.11.2022 18:00,18.11.2022 17:50,Chiang Mai,department of highways,4-wheel pickup truck,speeding,rear-end collision,2,0,0,clear,18.49549882,98.8154313,straight road,no slope,2022-11-17T11:00:00Z
7473329,17.11.2022 18:00,20.12.2022 11:12,Nakhon Nayok,department of highways,4-wheel pickup truck,speeding,rollover/fallen on straight road,1,0,0,clear,14.24349896,101.0715315,straight road,no slope,2022-11-17T11:00:00Z
7559407,17.11.2022 18:30,13.01.2023 14:21,Samut Prakan,department of highways,4-wheel pickup truck,speeding,rollover/fallen on straight road,1,1,0,clear,13.50897324,100.7143414,straight road,no slope,2022-11-17T11:30:00Z
7413821,17.11.2022 18:52,28.11.2022 07:13,Bangkok,department of highways,4-wheel pickup truck,speeding,rear-end collision,2,0,2,clear,13.65021979,100.3866656,straight road,no slope,2022-11-17T11:52:00Z
7480197,17.11.2022 19:10,23.12.2022 12:15,Tak,department of highways,4-wheel pickup truck,insufficient light,rear-end collision,2,0,1,other,16.91277335,99.27427009,straight road,no slope,2022-11-17T12:10:00Z
7413373,17.11.2022 20:00,25.11.2022 07:38,Nakhon Sawan,department of highways,4-wheel pickup truck,illegal overtaking,head-on collision (not overtaking),2,0,2,other,15.43763692,100.463284,straight road,no slope,2022-11-17T13:00:00Z
7340390,17.11.2022 20:15,18.11.2022 18:00,Suphan Buri,department of highways,4-wheel pickup truck,speeding,rollover/fallen on straight road,1,0,1,clear,14.33372353,100.081651,straight road,no slope,2022-11-17T13:15:00Z
7537060,17.11.2022 20:20,2.01.2023 10:26,Udon Thani,department of highways,motorcycle,speeding,rollover/fallen on straight road,1,1,0,clear,17.43803936,102.7919725,straight road,no slope,2022-11-17T13:20:00Z
7413819,17.11.2022 20:40,28.11.2022 07:11,Bangkok,department of highways,4-wheel pickup truck,speeding,rear-end collision,2,0,1,clear,13.62036488,100.4920466,straight road,no slope,2022-11-17T13:40:00Z
7473281,17.11.2022 21:00,20.12.2022 09:24,Chiang Rai,department of highways,7-10-wheel truck,speeding,rollover/fallen on curved road,1,0,1,clear,20.23899703,100.1257239,wide curve,no slope,2022-11-17T14:00:00Z
7357194,17.11.2022 21:10,21.11.2022 09:27,Sakon Nakhon,department of highways,motorcycle,insufficient light,rear-end collision,3,0,0,clear,17.51126625,103.4369746,straight road,no slope,2022-11-17T14:10:00Z
7564089,17.11.2022 21:50,19.01.2023 10:22,Samut Sakhon,department of highways,4-wheel pickup truck,speeding,rear-end collision,2,0,0,clear,13.54794025,100.2608761,straight road,no slope,2022-11-17T14:50:00Z
7552419,17.11.2022 22:30,6.01.2023 09:21,Trat,department of highways,4-wheel pickup truck,speeding,rollover/fallen on curved road,1,0,0,clear,12.27275511,102.4933979,wide curve,slope area,2022-11-17T15:30:00Z
7561355,17.11.2022 22:30,17.01.2023 08:55,Chiang Rai,department of highways,private/passenger car,speeding,head-on collision (not overtaking),2,0,1,clear,20.0136676,100.3567211,wide curve,no slope,2022-11-17T15:30:00Z
7344440,17.11.2022 22:35,19.11.2022 06:56,Kamphaeng Phet,department of highways,large truck with trailer,cutting in closely by people/vehicles/animals,rear-end collision,4,1,6,clear,16.54436151,99.46205288,straight road,no slope,2022-11-17T15:35:00Z
7439443,18.11.2022 01:15,7.12.2022 14:01,Saraburi,department of highways,4-wheel pickup truck,speeding,rear-end collision,4,0,1,clear,14.63170008,101.1858056,straight road,no slope,2022-11-17T18:15:00Z
7558906,18.11.2022 01:30,13.01.2023 08:19,Kanchanaburi,department of highways,other,speeding,rollover/fallen on straight road,1,0,0,other,14.45214408,99.48915929,straight road,no slope,2022-11-17T18:30:00Z
7419650,18.11.2022 01:45,30.11.2022 14:17,Amnat Charoen,department of highways,private/passenger car,speeding,rollover/fallen on straight road,1,0,1,clear,15.84686595,104.6315025,straight road,no slope,2022-11-17T18:45:00Z
7567273,18.11.2022 01:45,23.01.2023 13:24,Chon Buri,department of highways,private/passenger car,speeding,rollover/fallen on straight road,1,0,0,clear,13.3145984,100.9575484,other,other,2022-11-17T18:45:00Z
7413876,18.11.2022 04:00,28.11.2022 08:40,Pathum Thani,department of highways,4-wheel pickup truck,falling asleep,rollover/fallen on straight road,1,0,2,clear,14.07615462,100.8906966,other,other,2022-11-17T21:00:00Z
7552715,18.11.2022 04:00,6.01.2023 11:56,Si Sa Ket,department of highways,4-wheel pickup truck,speeding,rollover/fallen on straight road,1,0,0,clear,15.0263024,104.6340598,straight road,no slope,2022-11-17T21:00:00Z
7413467,18.11.2022 04:30,25.11.2022 09:11,Suphan Buri,department of highways,4-wheel pickup truck,falling asleep,rollover/fallen on curved road,1,0,1,clear,14.71146553,100.1032135,wide curve,no slope,2022-11-17T21:30:00Z
7514476,18.11.2022 06:40,28.12.2022 10:08,Tak,department of highways,4-wheel pickup truck,speeding,rollover/fallen on curved road,1,0,0,other,17.38525106,98.11252356,wide curve,no slope,2022-11-17T23:40:00Z
7413817,18.11.2022 07:00,28.11.2022 07:11,Bangkok,department of highways,private/passenger car,speeding,rear-end collision,2,0,1,clear,13.6671165,100.4471348,straight road,no slope,2022-11-18T00:00:00Z
7474618,18.11.2022 07:16,20.12.2022 14:08,Bangkok,department of highways,motorcycle,speeding,collision with obstruction (on road surface),1,0,1,clear,13.62607,100.4573915,straight road,no slope,2022-11-18T00:16:00Z
7563286,18.11.2022 07:20,18.01.2023 16:15,Prachin Buri,department of highways,large truck with trailer,speeding,rollover/fallen on curved road,1,0,0,clear,14.29044289,101.8831671,wide curve,no slope,2022-11-18T00:20:00Z
7418685,18.11.2022 07:30,30.11.2022 10:21,Phrae,department of highways,4-wheel pickup truck,slippery road,head-on collision (not overtaking),2,0,0,rainy,18.16954,100.171806,straight road,no slope,2022-11-18T00:30:00Z
7413433,18.11.2022 08:00,25.11.2022 07:15,Nakhon Sawan,department of highways,motorcycle,speeding,rollover/fallen on straight road,1,1,0,clear,15.72164664,100.0510405,straight road,no slope,2022-11-18T01:00:00Z
7558931,18.11.2022 08:10,13.01.2023 08:31,Ang Thong,department of highways,motorcycle,speeding,rollover/fallen on straight road,1,0,1,clear,14.75617147,100.3015903,straight road,no slope,2022-11-18T01:10:00Z
7365712,18.11.2022 09:45,22.11.2022 14:58,Narathiwat,department of highways,private/passenger car,cutting in closely by people/vehicles/animals,rear-end collision,2,1,0,clear,6.4038185500000004,101.7215981,straight road,no slope,2022-11-18T02:45:00Z
7558404,18.11.2022 10:10,12.01.2023 15:43,Phetchabun,department of highways,van,unfamiliarity with the route/unskilled driving,collision with obstruction (on road surface),2,0,14,clear,16.88013102,101.1298773,sharp curve,slope area,2022-11-18T03:10:00Z
7521164,18.11.2022 11:17,30.12.2022 09:08,Chai Nat,department of highways,4-wheel pickup truck,speeding,rollover/fallen on straight road,1,0,0,rainy,15.35458112,100.1609007,straight road,no slope,2022-11-18T04:17:00Z
7344648,18.11.2022 11:40,19.11.2022 07:52,Samut Songkhram,department of rural roads,motorcycle,cutting in closely by people/vehicles/animals,other,2,1,1,clear,13.424532,100.016254,straight road,no slope,2022-11-18T04:40:00Z
7413891,18.11.2022 11:50,28.11.2022 08:49,Pathum Thani,department of highways,private/passenger car,speeding,collision at intersection corner,4,1,3,clear,14.07905953,100.5206013,connecting to public/commercial area,other,2022-11-18T04:50:00Z
7529556,18.11.2022 12:00,31.12.2022 20:45,Trang,department of highways,7-10-wheel truck,speeding,rollover/fallen on straight road,1,0,1,clear,7.830316925,99.58902195,straight road,no slope,2022-11-18T05:00:00Z
7364072,18.11.2022 12:34,22.11.2022 09:20,Pathum Thani,department of highways,6-wheel truck,speeding,rear-end collision,4,0,0,clear,13.95819573,100.7127012,straight road,no slope,2022-11-18T05:34:00Z
7364048,18.11.2022 14:27,22.11.2022 09:17,Chon Buri,department of highways,4-wheel pickup truck,speeding,rear-end collision,3,0,0,rainy,13.35622866,101.0350278,straight road,no slope,2022-11-18T07:27:00Z
7422355,18.11.2022 14:30,1.12.2022 10:29,Loburi,department of highways,4-wheel pickup truck,speeding,rollover/fallen on curved road,1,0,0,rainy,14.73522782,100.6016953,wide curve,slope area,2022-11-18T07:30:00Z
7568082,18.11.2022 14:30,24.01.2023 09:29,Prachuap Khiri Khan,department of highways,4-wheel pickup truck,illegal overtaking,rear-end collision,3,0,0,clear,12.14815915,99.84769017,straight road,no slope,2022-11-18T07:30:00Z
7421841,18.11.2022 14:45,1.12.2022 06:34,Surat Thani,department of highways,4-wheel pickup truck,speeding,rollover/fallen on straight road,1,0,2,clear,9.495828746,99.13422257,straight road,no slope,2022-11-18T07:45:00Z
7371689,18.11.2022 15:00,23.11.2022 11:12,Kamphaeng Phet,department of highways,private/passenger car,speeding,rollover/fallen on curved road,1,0,0,clear,16.08334528,99.87421453,other,other,2022-11-18T08:00:00Z
7564325,18.11.2022 15:00,19.01.2023 13:51,Samut Sakhon,department of highways,4-wheel pickup truck,speeding,rollover/fallen on straight road,1,0,0,clear,13.52076357,100.1732574,straight road,no slope,2022-11-18T08:00:00Z
7364047,18.11.2022 15:01,22.11.2022 09:16,Chon Buri,department of highways,large passenger vehicle,speeding,rear-end collision,2,0,1,clear,13.35467795,101.0340765,straight road,no slope,2022-11-18T08:01:00Z
7517153,18.11.2022 15:20,29.12.2022 09:31,Samut Sakhon,department of highways,4-wheel pickup truck,cutting in closely by people/vehicles/animals,rollover/fallen on straight road,1,0,0,clear,13.52177415,100.1763098,straight road,no slope,2022-11-18T08:20:00Z
7536973,18.11.2022 15:30,2.01.2023 10:00,Chaiyaphum,department of highways,6-wheel truck,speeding,rollover/fallen on curved road,1,1,0,clear,15.76081355,101.7471684,connecting to public/commercial area,other,2022-11-18T08:30:00Z
7350710,18.11.2022 15:45,20.11.2022 07:09,Chon Buri,department of highways,private/passenger car,cutting in closely by people/vehicles/animals,rear-end collision,7,0,0,rainy,13.14715685,100.9858198,straight road,no slope,2022-11-18T08:45:00Z
7559387,18.11.2022 16:00,13.01.2023 14:09,Pathum Thani,department of highways,4-wheel pickup truck,speeding,rollover/fallen on straight road,1,0,0,clear,13.97542826,100.579913,straight road,no slope,2022-11-18T09:00:00Z
7371771,18.11.2022 16:11,23.11.2022 11:31,Sukhothai,department of highways,motorcycle,speeding,rear-end collision,2,0,0,clear,17.01503863,99.74535333,other,other,2022-11-18T09:11:00Z
7340131,18.11.2022 16:18,18.11.2022 17:08,Bangkok,department of highways,private/passenger car,speeding,rear-end collision,7,0,0,rainy,13.83635975,100.6734444,straight road,no slope,2022-11-18T09:18:00Z
7363991,18.11.2022 16:20,22.11.2022 09:05,Chon Buri,department of highways,4-wheel pickup truck,speeding,rear-end collision,2,0,0,rainy,13.18979251,100.9983552,straight road,no slope,2022-11-18T09:20:00Z
7473588,18.11.2022 16:20,20.12.2022 10:16,Phitsanulok,department of highways,private/passenger car,slippery road,rollover/fallen on curved road,1,0,0,rainy,17.07352059,100.8273523,wide curve,no slope,2022-11-18T09:20:00Z
7560791,18.11.2022 17:00,16.01.2023 14:04,Phrae,department of highways,private/passenger car,speeding,other,1,0,1,rainy,18.37116231,100.3839542,wide curve,no slope,2022-11-18T10:00:00Z
7568162,18.11.2022 17:30,24.01.2023 10:28,Pathum Thani,department of highways,4-wheel pickup truck,speeding,rollover/fallen on straight road,1,0,0,clear,14.01971179,100.6155648,straight road,no slope,2022-11-18T10:30:00Z
7344662,18.11.2022 17:40,19.11.2022 07:31,Bangkok,department of highways,private/passenger car,speeding,rear-end collision,2,0,0,rainy,13.83544691,100.6736308,straight road,no slope,2022-11-18T10:40:00Z
7347185,18.11.2022 18:20,19.11.2022 17:54,Bangkok,department of rural roads,motorcycle,unfamiliarity with the route/unskilled driving,other,1,0,1,rainy,13.669845,100.53836,straight road,slope area,2022-11-18T11:20:00Z
7347213,18.11.2022 19:00,19.11.2022 17:55,Samut Sakhon,department of rural roads,private/passenger car,speeding,other,1,0,1,clear,13.590695,100.12695,straight road,no slope,2022-11-18T12:00:00Z
7554483,18.11.2022 19:45,9.01.2023 12:42,Chiang Mai,department of highways,4-wheel pickup truck,speeding,rollover/fallen on curved road,1,0,0,clear,18.83924493,98.57307225,straight road,no slope,2022-11-18T12:45:00Z
7413811,18.11.2022 20:24,28.11.2022 07:07,Bangkok,department of highways,motorcycle,speeding,rollover/fallen on straight road,1,0,1,clear,13.66792465,100.4484733,straight road,no slope,2022-11-18T13:24:00Z
7480353,18.11.2022 21:00,23.12.2022 14:22,Phetchabun,department of highways,4-wheel pickup truck,slippery road,rollover/fallen on curved road,1,0,0,rainy,16.77278662,101.0179996,wide curve,no slope,2022-11-18T14:00:00Z
7557463,18.11.2022 21:00,12.01.2023 09:31,Chiang Mai,department of highways,other,speeding,rollover/fallen on straight road,1,0,0,clear,19.74905636,99.14532811,straight road,no slope,2022-11-18T14:00:00Z
7562847,18.11.2022 21:00,18.01.2023 12:05,Surat Thani,department of highways,4-wheel pickup truck,speeding,rollover/fallen on straight road,1,0,0,clear,8.627119328,99.35291731,straight road,no slope,2022-11-18T14:00:00Z
7413807,18.11.2022 21:20,28.11.2022 07:06,Bangkok,department of highways,4-wheel pickup truck,speeding,rollover/fallen on straight road,1,0,0,clear,13.77323799,100.4080465,straight road,no slope,2022-11-18T14:20:00Z
7529612,18.11.2022 21:23,31.12.2022 21:02,Phangnga,department of highways,large truck with trailer,speeding,rollover/fallen on curved road,1,1,0,clear,8.866407077,98.5058856,wide curve,no slope,2022-11-18T14:23:00Z
7419371,18.11.2022 21:25,30.11.2022 13:23,Ubon Ratchathani,department of highways,4-wheel pickup truck,speeding,rollover/fallen on straight road,3,0,1,clear,15.61872686,105.0287779,straight road,no slope,2022-11-18T14:25:00Z
7438987,18.11.2022 21:30,7.12.2022 14:44,Trat,department of highways,motorcycle,speeding,rollover/fallen on straight road,1,1,1,clear,12.29564405,102.479663,straight road,no slope,2022-11-18T14:30:00Z
7366071,18.11.2022 23:10,22.11.2022 16:06,Chon Buri,department of rural roads,motorcycle,driving under the influence of alcohol,other,1,1,0,clear,12.898033,100.986198,straight road,no slope,2022-11-18T16:10:00Z
7413806,19.11.2022 00:49,28.11.2022 07:05,Bangkok,department of highways,motorcycle,speeding,rollover/fallen on straight road,1,0,2,clear,13.6265207,100.3940856,straight road,no slope,2022-11-18T17:49:00Z
7555847,19.11.2022 01:00,11.01.2023 07:11,Kamphaeng Phet,department of highways,private/passenger car,cutting in closely by people/vehicles/animals,rear-end collision,2,0,2,clear,16.48142681,99.54894388,straight road,no slope,2022-11-18T18:00:00Z
7439292,19.11.2022 01:20,7.12.2022 14:55,Phatthalung,department of highways,large truck with trailer,speeding,rear-end collision,2,0,3,clear,7.561415553,100.0487338,wide curve,no slope,2022-11-18T18:20:00Z
7557611,19.11.2022 01:27,12.01.2023 10:10,Chiang Mai,department of highways,private/passenger car,speeding,rollover/fallen on straight road,1,0,1,clear,18.55563424,98.86816599,straight road,no slope,2022-11-18T18:27:00Z
7476691,19.11.2022 01:30,21.12.2022 09:48,Nong Bua Lam Phu,department of highways,4-wheel pickup truck,falling asleep,rollover/fallen on straight road,1,0,1,clear,17.18648311,102.4335019,other,other,2022-11-18T18:30:00Z
7537048,19.11.2022 05:35,2.01.2023 10:24,Udon Thani,department of highways,private/passenger car,speeding,rollover/fallen on straight road,1,0,0,clear,17.2985829,102.8598927,straight road,no slope,2022-11-18T22:35:00Z
7366068,19.11.2022 06:00,22.11.2022 16:05,Sukhothai,department of rural roads,passenger pickup truck,dangerous curve,other,1,0,2,clear,17.402825,99.57138,wide curve,other,2022-11-18T23:00:00Z
7414640,19.11.2022 06:00,29.11.2022 13:37,Nakhon Si Thammarat,department of highways,6-wheel truck,cutting in closely by people/vehicles/animals,rear-end collision,3,0,1,clear,8.37464756,99.41586437,straight road,no slope,2022-11-18T23:00:00Z
7433952,19.11.2022 06:30,6.12.2022 10:32,Phrae,department of highways,4-wheel pickup truck,speeding,rollover/fallen on straight road,1,0,0,clear,17.9874122,99.90469918,straight road,no slope,2022-11-18T23:30:00Z
7448006,19.11.2022 07:30,9.12.2022 14:48,Songkhla,department of highways,4-wheel pickup truck,speeding,rollover/fallen on straight road,1,0,1,clear,7.07549082,100.4952094,straight road,no slope,2022-11-19T00:30:00Z
7480607,19.11.2022 07:30,23.12.2022 13:14,Phetchabun,department of highways,6-wheel truck,speeding,rollover/fallen on curved road,1,0,1,clear,16.73355743,101.3854328,wide curve,slope area,2022-11-19T00:30:00Z
7371746,19.11.2022 08:10,23.11.2022 11:28,Nakhon Phanom,department of highways,motorcycle,speeding,rear-end collision,2,1,0,clear,17.16697738,104.7771956,straight road,no slope,2022-11-19T01:10:00Z
7350769,19.11.2022 08:30,20.11.2022 07:16,Samut Prakan,department of highways,motorcycle,speeding,pedestrian collision,1,1,1,clear,13.52006481,100.6626861,straight road,no slope,2022-11-19T01:30:00Z
7350990,19.11.2022 08:58,20.11.2022 08:28,Chachoengsao,department of highways,4-wheel pickup truck,speeding,rear-end collision,2,0,1,clear,13.50758042,101.0355613,straight road,no slope,2022-11-19T01:58:00Z
7560866,19.11.2022 09:40,16.01.2023 15:03,Phayao,department of highways,private/passenger car,cutting in closely by people/vehicles/animals,rear-end collision,2,0,3,clear,19.08770492,99.85028106,straight road,no slope,2022-11-19T02:40:00Z
7416281,19.11.2022 10:00,29.11.2022 19:15,Khon Kaen,department of highways,4-wheel pickup truck,speeding,rear-end collision,2,0,0,clear,16.08062758,102.6506509,straight road,no slope,2022-11-19T03:00:00Z
7556676,19.11.2022 10:00,11.01.2023 14:27,Chiang Mai,department of highways,6-wheel truck,speeding,rollover/fallen on curved road,1,0,0,clear,19.49712851,99.03802541,wide curve,no slope,2022-11-19T03:00:00Z
7479868,19.11.2022 10:30,23.12.2022 10:25,Sukhothai,department of highways,4-wheel pickup truck,speeding,rollover/fallen on straight road,1,0,1,clear,17.09890626,99.83829785,straight road,no slope,2022-11-19T03:30:00Z
7446846,19.11.2022 11:23,9.12.2022 11:06,Chachoengsao,department of highways,4-wheel pickup truck,speeding,rollover/fallen on straight road,1,0,0,clear,13.55281547,100.9974761,straight road,no slope,2022-11-19T04:23:00Z
7536955,19.11.2022 11:40,2.01.2023 09:57,Chaiyaphum,department of highways,4-wheel pickup truck,speeding,rollover/fallen on straight road,1,0,1,clear,15.77684319,102.2188742,straight road,no slope,2022-11-19T04:40:00Z
7508088,19.11.2022 12:00,26.12.2022 08:57,Sakon Nakhon,department of highways,4-wheel pickup truck,loss of control,rollover/fallen on straight road,1,0,1,clear,17.07782106,103.8167861,straight road,no slope,2022-11-19T05:00:00Z
7351397,19.11.2022 13:02,20.11.2022 10:05,Samut Sakhon,department of rural roads,motorcycle,cutting in closely by people/vehicles/animals,other,2,1,1,clear,13.589486,100.264367,t-intersection,other,2022-11-19T06:02:00Z
7556484,19.11.2022 13:10,11.01.2023 13:32,Chiang Mai,department of highways,motorcycle,speeding,rear-end collision,2,0,2,clear,18.82831731,99.01229327,straight road,no slope,2022-11-19T06:10:00Z
7350890,19.11.2022 13:30,20.11.2022 07:50,Bangkok,department of rural roads,motorcycle,unfamiliarity with the route/unskilled driving,other,2,0,1,clear,13.671222,100.538501,straight road,slope area,2022-11-19T06:30:00Z