acc_code,incident_datetime,report_datetime,province_en,agency,vehicle_type,presumed_cause,accident_type,number_of_vehicles_involved,number_of_fatalities,number_of_injuries,weather_condition,latitude,longitude,road_description,slope_description,incident_time
7413405,19.11.2022 14:00,25.11.2022 09:09,Suphan Buri,department of highways,private/passenger car,speeding,rear-end collision,2,0,3,clear,14.41515856,99.97154116,straight road,no slope,2022-11-19T07:00:00Z
7448606,19.11.2022 15:00,9.12.2022 15:06,Phayao,department of highways,motorcycle,speeding,rollover/fallen on straight road,1,1,1,clear,19.16810322,100.2782283,straight road,no slope,2022-11-19T08:00:00Z
7480165,19.11.2022 15:10,23.12.2022 12:10,Tak,department of highways,4-wheel pickup truck,speeding,rollover/fallen on straight road,1,0,1,clear,16.69297902,99.2539074,straight road,no slope,2022-11-19T08:10:00Z
7350994,19.11.2022 15:15,20.11.2022 08:15,Bangkok,department of highways,motorcycle,speeding,rollover/fallen on straight road,1,0,1,clear,13.65465847,100.4266074,straight road,no slope,2022-11-19T08:15:00Z
7448181,19.11.2022 15:20,9.12.2022 10:54,Chachoengsao,department of highways,private/passenger car,speeding,rear-end collision,2,0,1,clear,13.68302612,101.2482458,straight road,no slope,2022-11-19T08:20:00Z
7564331,19.11.2022 15:30,19.01.2023 13:55,Samut Sakhon,department of highways,private/passenger car,speeding,rear-end collision,2,0,0,clear,13.56633647,100.2811812,straight road,no slope,2022-11-19T08:30:00Z
7418076,19.11.2022 15:33,30.11.2022 06:38,Chon Buri,department of highways,private/passenger car,speeding,rollover/fallen on straight road,1,0,0,rainy,12.84193144,100.9827131,straight road,no slope,2022-11-19T08:33:00Z
7388168,19.11.2022 15:47,25.11.2022 15:52,Phetchaburi,department of rural roads,motorcycle,failure to yield/signal,other,1,0,1,clear,12.987484,100.05162,wide curve,no slope,2022-11-19T08:47:00Z
7556673,19.11.2022 15:54,11.01.2023 14:25,Chiang Mai,department of highways,4-wheel pickup truck,speeding,head-on collision (not overtaking),2,1,1,rainy,19.09719978,99.00113412,wide curve,no slope,2022-11-19T08:54:00Z
7557548,19.11.2022 15:55,12.01.2023 09:59,Chiang Mai,department of highways,private/passenger car,speeding,rollover/fallen on straight road,1,0,0,clear,18.73930128,99.04429167,straight road,no slope,2022-11-19T08:55:00Z
7366212,19.11.2022 16:00,22.11.2022 16:35,Chiang Mai,department of rural roads,4-wheel pickup truck,falling asleep,other,1,0,1,clear,18.610712,98.835907,straight road,no slope,2022-11-19T09:00:00Z
7413911,19.11.2022 16:00,28.11.2022 08:58,Pathum Thani,department of highways,4-wheel pickup truck,speeding,rollover/fallen on straight road,1,0,1,clear,13.97542826,100.579913,straight road,no slope,2022-11-19T09:00:00Z
7514171,19.11.2022 16:20,28.12.2022 10:09,Tak,department of highways,4-wheel pickup truck,speeding,other,1,1,0,clear,17.24970187,99.03012067,wide curve,slope area,2022-11-19T09:20:00Z
7413802,19.11.2022 16:30,28.11.2022 07:04,Bangkok,department of highways,motorcycle,speeding,rear-end collision,2,0,1,rainy,13.68164098,100.4756449,straight road,no slope,2022-11-19T09:30:00Z
7414704,19.11.2022 17:04,29.11.2022 10:43,Tak,department of highways,4-wheel pickup truck,speeding,rollover/fallen on curved road,1,0,0,rainy,17.35968065,98.13212246,wide curve,no slope,2022-11-19T10:04:00Z
7476593,19.11.2022 17:10,21.12.2022 09:40,Yasothon,department of highways,private/passenger car,speeding,rear-end collision,2,0,3,clear,16.18924745,104.5022495,other,other,2022-11-19T10:10:00Z
7537221,19.11.2022 17:30,2.01.2023 11:18,Udon Thani,department of highways,private/passenger car,speeding,rear-end collision,3,0,3,clear,17.38913378,102.7658645,other,other,2022-11-19T10:30:00Z
7568252,19.11.2022 18:05,24.01.2023 11:25,Samut Songkhram,department of highways,4-wheel pickup truck,speeding,rollover/fallen on straight road,1,0,0,clear,13.4109842,100.0010847,other,other,2022-11-19T11:05:00Z
7348089,19.11.2022 18:29,19.11.2022 20:52,Bangkok,department of highways,4-wheel pickup truck,speeding,rear-end collision,3,0,0,clear,13.73209412,100.7751801,straight road,no slope,2022-11-19T11:29:00Z
7414585,19.11.2022 18:30,29.11.2022 07:23,Trat,department of highways,7-10-wheel truck,speeding,rear-end collision,2,0,1,clear,12.35656814,102.382173,straight road,no slope,2022-11-19T11:30:00Z
7474224,19.11.2022 19:05,20.12.2022 13:22,Chanthaburi,department of highways,motorcycle,speeding,rear-end collision,2,0,4,clear,12.93323664,102.046639,wide curve,no slope,2022-11-19T12:05:00Z
7365433,19.11.2022 19:17,22.11.2022 14:08,Phra Nakhon Si Ayutthaya,department of highways,4-wheel pickup truck,no presumed cause related to road conditions,rollover/fallen on straight road,3,0,0,clear,14.19931177,100.6544141,straight road,no slope,2022-11-19T12:17:00Z
7560766,19.11.2022 19:40,16.01.2023 13:39,Phrae,department of highways,4-wheel pickup truck,speeding,rollover/fallen on straight road,1,0,0,clear,18.12548811,100.1422651,other,other,2022-11-19T12:40:00Z
7551111,19.11.2022 19:50,5.01.2023 09:42,Phangnga,department of highways,4-wheel pickup truck,speeding,rollover/fallen on curved road,1,0,0,rainy,8.341598789,98.43547761,wide curve,slope area,2022-11-19T12:50:00Z
7413940,19.11.2022 19:56,28.11.2022 09:15,Samut Prakan,department of highways,motorcycle,speeding,rear-end collision,2,0,1,clear,13.65371495,100.6753609,straight road,no slope,2022-11-19T12:56:00Z
7568966,19.11.2022 21:00,25.01.2023 07:44,Udon Thani,department of highways,4-wheel pickup truck,speeding,rollover/fallen on straight road,1,0,2,clear,17.56078492,102.8013092,straight road,no slope,2022-11-19T14:00:00Z
7363944,19.11.2022 21:18,22.11.2022 08:55,Chon Buri,department of highways,motorcycle,speeding,rollover/fallen on straight road,1,0,1,clear,13.12079762,100.9849101,straight road,no slope,2022-11-19T14:18:00Z
7413371,19.11.2022 21:40,25.11.2022 07:13,Nakhon Sawan,department of highways,large truck with trailer,unfamiliarity with the route/unskilled driving,rollover/fallen on straight road,1,0,0,clear,15.93719634,99.86429207,straight road,no slope,2022-11-19T14:40:00Z
7570954,19.11.2022 22:15,26.01.2023 09:49,Samut Sakhon,department of highways,private/passenger car,cutting in closely by people/vehicles/animals,rear-end collision,1,0,0,clear,13.59193104,100.3361191,straight road,no slope,2022-11-19T15:15:00Z
7414515,19.11.2022 23:00,28.11.2022 15:38,Chachoengsao,department of highways,4-wheel pickup truck,speeding,rollover/fallen on straight road,2,0,0,clear,13.68609867,101.4142504,other,other,2022-11-19T16:00:00Z
7559116,19.11.2022 23:27,13.01.2023 10:09,Prachin Buri,department of highways,private/passenger car,speeding,rollover/fallen on straight road,1,0,0,clear,14.0968591,101.4577143,straight road,no slope,2022-11-19T16:27:00Z
7559013,20.11.2022 00:15,13.01.2023 09:14,Bangkok,department of highways,private/passenger car,speeding,rear-end collision,2,0,1,clear,13.80524345,100.5601611,straight road,no slope,2022-11-19T17:15:00Z
7512670,20.11.2022 00:20,27.12.2022 15:33,Bangkok,department of highways,private/passenger car,speeding,rear-end collision,2,0,0,clear,13.61387652,100.3816791,straight road,no slope,2022-11-19T17:20:00Z
7557342,20.11.2022 00:30,12.01.2023 06:58,Prachuap Khiri Khan,department of highways,4-wheel pickup truck,worn-out/tire blowout,rollover/fallen on curved road,1,0,0,clear,11.43222833,99.55918372,wide curve,no slope,2022-11-19T17:30:00Z
7568251,20.11.2022 01:05,24.01.2023 11:24,Ratchaburi,department of highways,4-wheel pickup truck,speeding,rollover/fallen on curved road,1,0,0,clear,13.49331067,99.83657028,other,other,2022-11-19T18:05:00Z
7371645,20.11.2022 01:30,23.11.2022 10:57,Chanthaburi,department of highways,private/passenger car,speeding,rollover/fallen on straight road,1,0,1,clear,12.67292814,102.191169,straight road,no slope,2022-11-19T18:30:00Z
7556320,20.11.2022 03:00,11.01.2023 12:06,Yasothon,department of highways,4-wheel pickup truck,falling asleep,rollover/fallen on curved road,1,0,0,clear,15.89890331,104.1856121,wide curve,slope area,2022-11-19T20:00:00Z
7514317,20.11.2022 03:30,28.12.2022 10:10,Tak,department of highways,private/passenger car,speeding,rollover/fallen on straight road,1,0,0,clear,16.72161551,98.56653035,straight road,no slope,2022-11-19T20:30:00Z
7508143,20.11.2022 04:40,26.12.2022 09:02,Nong Khai,department of highways,private/passenger car,falling asleep,rollover/fallen on straight road,1,0,1,clear,17.9324649,102.6076166,other,other,2022-11-19T21:40:00Z
7424440,20.11.2022 05:40,2.12.2022 09:06,Chon Buri,department of highways,private/passenger car,speeding,head-on collision (not overtaking),2,0,2,clear,13.34706075,101.023588,straight road,no slope,2022-11-19T22:40:00Z
7563042,20.11.2022 06:00,18.01.2023 13:55,Prachuap Khiri Khan,department of highways,7-10-wheel truck,falling asleep,rollover/fallen on straight road,1,0,0,clear,11.00217102,99.36652869,straight road,no slope,2022-11-19T23:00:00Z
7354199,20.11.2022 06:33,20.11.2022 20:40,Samut Prakan,expressway authority of thailand,other,other,rollover/fallen on straight road,1,0,0,clear,13.59221,100.817726,straight road,other,2022-11-19T23:33:00Z
7553700,20.11.2022 07:00,7.01.2023 13:02,Chon Buri,department of highways,4-wheel pickup truck,worn-out/tire blowout,rear-end collision,2,0,2,clear,13.21098874,101.0053168,straight road,no slope,2022-11-20T00:00:00Z
7567253,20.11.2022 07:20,23.01.2023 12:59,Chon Buri,department of highways,private/passenger car,speeding,rollover/fallen on straight road,1,0,0,clear,12.90675488,101.0281532,straight road,no slope,2022-11-20T00:20:00Z
7566928,20.11.2022 07:50,23.01.2023 07:08,Chon Buri,department of highways,private/passenger car,speeding,rollover/fallen on straight road,1,0,2,clear,13.29295762,101.1685744,straight road,no slope,2022-11-20T00:50:00Z
7531363,20.11.2022 08:30,1.01.2023 05:58,Phangnga,department of highways,6-wheel truck,falling asleep,rollover/fallen on straight road,1,0,0,clear,8.273269361,98.34718256,straight road,no slope,2022-11-20T01:30:00Z
7560657,20.11.2022 09:12,16.01.2023 10:54,Lampang,department of highways,4-wheel pickup truck,speeding,rollover/fallen on curved road,1,0,3,clear,18.56022935,99.8646881,wide curve,slope area,2022-11-20T02:12:00Z
7424075,20.11.2022 09:30,2.12.2022 07:55,Satun,department of rural roads,motorcycle,speeding,other,2,0,1,clear,6.73491,100.076862,straight road,no slope,2022-11-20T02:30:00Z
7438643,20.11.2022 09:40,7.12.2022 10:56,Chon Buri,department of highways,other,speeding,rollover/fallen on straight road,1,0,0,clear,13.2510586,100.9930645,straight road,no slope,2022-11-20T02:40:00Z
7438678,20.11.2022 09:50,7.12.2022 10:57,Chon Buri,department of highways,other,speeding,rollover/fallen on straight road,1,0,0,clear,13.21870217,101.0053034,straight road,no slope,2022-11-20T02:50:00Z
7438724,20.11.2022 10:10,7.12.2022 10:58,Chon Buri,department of highways,other,speeding,rollover/fallen on straight road,1,0,0,clear,13.06907197,100.9949809,straight road,no slope,2022-11-20T03:10:00Z
7356583,20.11.2022 11:00,21.11.2022 06:55,Phetchabun,department of highways,4-wheel pickup truck,speeding,rear-end collision,2,0,0,clear,16.87817009,101.1726934,other,other,2022-11-20T04:00:00Z
7559352,20.11.2022 11:30,13.01.2023 13:48,Bangkok,department of highways,private/passenger car,cutting in closely by people/vehicles/animals,rear-end collision,2,0,2,clear,13.78075484,100.4459623,straight road,no slope,2022-11-20T04:30:00Z
7413633,20.11.2022 12:50,29.11.2022 12:36,Satun,department of rural roads,motorcycle,speeding,other,1,1,0,clear,6.866743,99.804594,t-intersection,other,2022-11-20T05:50:00Z
7437964,20.11.2022 13:00,7.12.2022 10:59,Chon Buri,department of highways,other,speeding,rollover/fallen on straight road,1,0,0,clear,13.1024474,100.9095083,straight road,no slope,2022-11-20T06:00:00Z
7536888,20.11.2022 13:10,2.01.2023 09:40,Chaiyaphum,department of highways,4-wheel pickup truck,speeding,rollover/fallen on straight road,1,0,0,clear,16.32548328,102.1893914,straight road,no slope,2022-11-20T06:10:00Z
7363924,20.11.2022 13:13,22.11.2022 08:52,Bangkok,department of highways,private/passenger car,speeding,rear-end collision,2,0,0,clear,13.80204974,100.6804088,straight road,no slope,2022-11-20T06:13:00Z
7418641,20.11.2022 14:49,30.11.2022 09:55,Trat,department of highways,4-wheel pickup truck,speeding,rear-end collision,2,0,3,rainy,12.25496102,102.5084165,straight road,no slope,2022-11-20T07:49:00Z
7438601,20.11.2022 14:50,7.12.2022 10:55,Chon Buri,department of highways,other,speeding,rollover/fallen on straight road,1,0,0,clear,13.29723527,100.9941562,straight road,no slope,2022-11-20T07:50:00Z
7415467,20.11.2022 15:00,29.11.2022 15:35,Phrae,department of highways,4-wheel pickup truck,speeding,rollover/fallen on curved road,1,0,0,clear,18.06047793,99.6954723,wide curve,slope area,2022-11-20T08:00:00Z
7529558,20.11.2022 15:00,31.12.2022 20:46,Trang,department of highways,4-wheel pickup truck,speeding,rollover/fallen on straight road,1,0,2,clear,7.548474563,99.52517733,straight road,no slope,2022-11-20T08:00:00Z
7357255,20.11.2022 15:10,21.11.2022 09:34,Nakhon Ratchasima,department of highways,large truck with trailer,speeding,rollover/fallen on curved road,1,0,0,clear,14.86149664,101.7000814,other,other,2022-11-20T08:10:00Z
7371189,20.11.2022 15:18,23.11.2022 09:44,Narathiwat,department of highways,private/passenger car,speeding,head-on collision (not overtaking),2,0,2,clear,6.435603329,101.639045,sharp curve,slope area,2022-11-20T08:18:00Z
7544118,20.11.2022 15:30,4.01.2023 08:57,Surin,department of highways,motorcycle,cutting in closely by people/vehicles/animals,other,2,2,0,clear,15.16104084,103.740651,connecting to private area,other,2022-11-20T08:30:00Z
7564057,20.11.2022 15:30,19.01.2023 10:12,Phetchabun,department of highways,large passenger vehicle,brake/anti-lock brake system failure,other,1,1,42,clear,16.69084021,101.6692574,wide curve,slope area,2022-11-20T08:30:00Z
7561424,20.11.2022 15:45,17.01.2023 09:31,Nan,department of highways,4-wheel pickup truck,speeding,head-on collision (not overtaking),2,0,3,clear,18.801207,100.8905885,wide curve,no slope,2022-11-20T08:45:00Z
7556670,20.11.2022 15:54,11.01.2023 14:25,Chiang Mai,department of highways,4-wheel pickup truck,slippery road,rollover/fallen on curved road,1,1,1,rainy,19.09161657,99.08534199,wide curve,no slope,2022-11-20T08:54:00Z
7416628,20.11.2022 16:00,29.11.2022 20:34,Ubon Ratchathani,department of highways,7-10-wheel truck,speeding,rollover/fallen on straight road,2,0,0,clear,15.61172378,105.0258757,straight road,no slope,2022-11-20T09:00:00Z
7363923,20.11.2022 17:12,22.11.2022 08:51,Bangkok,department of highways,private/passenger car,speeding,rear-end collision,2,0,0,clear,13.73188515,100.7103074,straight road,no slope,2022-11-20T10:12:00Z
7474246,20.11.2022 17:20,20.12.2022 13:12,Chanthaburi,department of highways,4-wheel pickup truck,speeding,rollover/fallen on curved road,1,0,1,rainy,12.70751168,102.0888045,other,other,2022-11-20T10:20:00Z
7425039,20.11.2022 17:50,2.12.2022 13:39,Tak,department of highways,4-wheel pickup truck,speeding,rollover/fallen on curved road,1,0,1,clear,17.34921444,98.13753924,wide curve,no slope,2022-11-20T10:50:00Z
7414572,20.11.2022 18:00,29.11.2022 06:55,Chon Buri,department of highways,other,speeding,rollover/fallen on straight road,1,0,0,clear,12.88564661,101.0519725,straight road,no slope,2022-11-20T11:00:00Z
7556075,20.11.2022 18:20,11.01.2023 10:13,Kalasin,department of highways,4-wheel pickup truck,speeding,rollover/fallen on curved road,1,0,0,clear,16.53223809,103.5149941,wide curve,no slope,2022-11-20T11:20:00Z
7353871,20.11.2022 18:28,20.11.2022 19:33,Bangkok,expressway authority of thailand,other,other,side collision,4,0,2,clear,13.73970861,100.5510253,grade-separated intersection/ramps,other,2022-11-20T11:28:00Z
7358900,20.11.2022 21:29,21.11.2022 14:49,Samut Prakan,department of highways,4-wheel pickup truck,speeding,rear-end collision,2,0,0,clear,13.67088303,100.8425295,straight road,no slope,2022-11-20T14:29:00Z
7512695,20.11.2022 21:29,27.12.2022 15:18,Bangkok,department of highways,private/passenger car,speeding,rear-end collision,2,0,0,clear,13.65097038,100.4226699,straight road,no slope,2022-11-20T14:29:00Z
7562982,20.11.2022 21:30,18.01.2023 13:36,Uttaradit,department of highways,4-wheel pickup truck,speeding,rollover/fallen on straight road,1,0,1,clear,18.0002685,100.8812429,straight road,no slope,2022-11-20T14:30:00Z
7414751,20.11.2022 22:00,29.11.2022 11:17,Phetchaburi,department of highways,4-wheel pickup truck,speeding,rollover/fallen on straight road,1,0,0,rainy,13.16499404,99.84221244,wide curve,no slope,2022-11-20T15:00:00Z
7414750,20.11.2022 22:20,29.11.2022 11:16,Phetchaburi,department of highways,4-wheel pickup truck,speeding,rollover/fallen on straight road,1,0,0,rainy,13.12036769,99.89691406,straight road,no slope,2022-11-20T15:20:00Z
7556558,21.11.2022 00:12,11.01.2023 13:55,Chiang Mai,department of highways,motorcycle,speeding,head-on collision (not overtaking),2,2,1,clear,18.89351694,99.01009926,other,other,2022-11-20T17:12:00Z
7563004,21.11.2022 00:20,18.01.2023 13:40,Uttaradit,department of highways,private/passenger car,speeding,rollover/fallen on straight road,1,0,1,clear,17.67037663,100.1520431,straight road,no slope,2022-11-20T17:20:00Z
7421367,21.11.2022 00:30,1.12.2022 06:17,Phatthalung,department of highways,7-10-wheel truck,falling asleep,rollover/fallen on straight road,1,0,1,clear,7.319586724,100.1484503,straight road,no slope,2022-11-20T17:30:00Z
7434062,21.11.2022 00:30,6.12.2022 10:37,Phrae,department of highways,private/passenger car,speeding,rollover/fallen on straight road,1,0,0,clear,17.98842112,99.89780628,straight road,no slope,2022-11-20T17:30:00Z
7472521,21.11.2022 01:00,20.12.2022 08:53,Nakhon Phanom,department of highways,private/passenger car,speeding,rollover/fallen on straight road,1,0,1,clear,17.48249513,104.0996575,other,other,2022-11-20T18:00:00Z
7564324,21.11.2022 01:30,19.01.2023 13:50,Samut Sakhon,department of highways,4-wheel pickup truck,speeding,rollover/fallen on straight road,1,0,1,clear,13.53320479,100.2102659,straight road,no slope,2022-11-20T18:30:00Z
7371762,21.11.2022 02:40,23.11.2022 11:30,Sukhothai,department of highways,private/passenger car,speeding,rollover/fallen on straight road,1,0,0,clear,17.55454133,99.90852915,straight road,no slope,2022-11-20T19:40:00Z
7364075,21.11.2022 03:25,22.11.2022 09:21,Bangkok,department of highways,private/passenger car,speeding,rear-end collision,2,0,1,clear,13.76433756,100.6943952,straight road,no slope,2022-11-20T20:25:00Z
7531384,21.11.2022 05:00,1.01.2023 06:00,Phuket,department of highways,4-wheel pickup truck,speeding,rollover/fallen on straight road,1,0,0,rainy,7.796197084,98.31333384,straight road,slope area,2022-11-20T22:00:00Z
7567386,21.11.2022 05:05,23.01.2023 14:41,Nakhon Ratchasima,department of highways,private/passenger car,speeding,rollover/fallen on straight road,1,0,1,clear,14.97296151,102.0520636,straight road,no slope,2022-11-20T22:05:00Z
7413609,21.11.2022 05:30,25.11.2022 12:43,Suphan Buri,department of highways,4-wheel pickup truck,speeding,rollover/fallen on straight road,1,0,1,clear,14.33283081,99.86361712,straight road,no slope,2022-11-20T22:30:00Z
7470313,21.11.2022 05:40,19.12.2022 11:51,Songkhla,department of highways,4-wheel pickup truck,insufficient light,rollover/fallen on straight road,1,0,2,foggy,6.930854786,100.881663,straight road,no slope,2022-11-20T22:40:00Z
7379366,21.11.2022 06:26,24.11.2022 13:32,Bangkok,department of highways,4-wheel pickup truck,speeding,rear-end collision,4,0,8,clear,13.73052553,100.7218196,straight road,no slope,2022-11-20T23:26:00Z
7371755,21.11.2022 06:31,23.11.2022 11:29,Sukhothai,department of highways,private/passenger car,speeding,rear-end collision,2,0,0,clear,17.00599195,99.71487305,straight road,no slope,2022-11-20T23:31:00Z
7414684,21.11.2022 07:15,29.11.2022 09:47,Nakhon Pathom,department of highways,private/passenger car,cutting in closely by people/vehicles/animals,rear-end collision,2,0,0,clear,14.03097215,100.1227856,straight road,no slope,2022-11-21T00:15:00Z
7479954,21.11.2022 07:30,23.12.2022 11:34,Sukhothai,department of highways,private/passenger car,speeding,rear-end collision,2,0,1,clear,17.32336166,99.84794497,straight road,no slope,2022-11-21T00:30:00Z
7438790,21.11.2022 07:36,7.12.2022 10:02,Chon Buri,department of highways,private/passenger car,speeding,rear-end collision,2,0,0,clear,13.21324874,101.0056172,straight road,no slope,2022-11-21T00:36:00Z
7558300,21.11.2022 07:45,12.01.2023 14:28,Sa Kaeo,department of highways,4-wheel pickup truck,speeding,rollover/fallen on straight road,1,0,1,clear,13.80265795,102.3422424,straight road,no slope,2022-11-21T00:45:00Z
7366066,21.11.2022 08:10,22.11.2022 16:05,Krabi,department of rural roads,motorcycle,falling asleep,other,1,1,0,clear,7.660183,99.058799,straight road,no slope,2022-11-21T01:10:00Z
7551811,21.11.2022 08:11,5.01.2023 14:46,Chiang Mai,department of highways,4-wheel pickup truck,speeding,rear-end collision,2,0,2,clear,18.89405676,99.00979699,straight road,no slope,2022-11-21T01:11:00Z
7564327,21.11.2022 08:20,19.01.2023 13:52,Samut Sakhon,department of highways,large truck with trailer,cutting in closely by people/vehicles/animals,rear-end collision,2,0,0,clear,13.52469431,100.1850205,straight road,no slope,2022-11-21T01:20:00Z
7554799,21.11.2022 08:37,9.01.2023 15:19,Chiang Mai,department of highways,motorcycle,speeding,rear-end collision,3,0,1,clear,18.879336639999998,99.01475059,straight road,no slope,2022-11-21T01:37:00Z
7421790,21.11.2022 08:40,1.12.2022 06:33,Surat Thani,department of highways,4-wheel pickup truck,speeding,rear-end collision,3,0,0,rainy,9.119868911,99.35685229,straight road,no slope,2022-11-21T01:40:00Z
7379373,21.11.2022 09:05,24.11.2022 13:34,Bangkok,department of highways,private/passenger car,speeding,rear-end collision,3,0,0,clear,13.76762918,100.6928435,straight road,no slope,2022-11-21T02:05:00Z
7363571,21.11.2022 09:25,22.11.2022 07:28,Samut Prakan,department of rural roads,motorcycle,running red lights/traffic signals,other,2,0,1,clear,13.66402,100.532449,straight road,slope area,2022-11-21T02:25:00Z
7518792,21.11.2022 09:50,29.12.2022 14:42,Tak,department of highways,4-wheel pickup truck,speeding,rollover/fallen on straight road,1,0,2,clear,16.69227371,99.25449562,straight road,no slope,2022-11-21T02:50:00Z
7514386,21.11.2022 10:00,28.12.2022 11:02,Phetchabun,department of highways,large truck with trailer,unfamiliarity with the route/unskilled driving,rollover/fallen on straight road,1,0,0,clear,15.86344865,101.0122422,straight road,no slope,2022-11-21T03:00:00Z
7414580,21.11.2022 10:25,29.11.2022 07:18,Trat,department of highways,motorcycle,speeding,rear-end collision,2,0,1,clear,12.27426151,102.4927512,straight road,no slope,2022-11-21T03:25:00Z
7422500,21.11.2022 10:30,1.12.2022 09:45,Chon Buri,department of highways,large truck with trailer,speeding,rollover/fallen on straight road,1,0,0,clear,13.35213929,101.0066754,straight road,no slope,2022-11-21T03:30:00Z
7446474,21.11.2022 12:15,9.12.2022 12:47,Phatthalung,department of highways,4-wheel pickup truck,speeding,rollover/fallen on straight road,1,0,0,rainy,7.58517337,100.0532667,straight road,no slope,2022-11-21T05:15:00Z
7455983,21.11.2022 13:30,13.12.2022 15:09,Suphan Buri,department of highways,4-wheel pickup truck,speeding,rear-end collision,3,0,0,clear,14.84962402,100.0990091,other,other,2022-11-21T06:30:00Z
7433968,21.11.2022 13:40,6.12.2022 10:57,Prachuap Khiri Khan,department of highways,4-wheel pickup truck,speeding,rollover/fallen on straight road,1,0,1,clear,11.84144506,99.78124641,straight road,no slope,2022-11-21T06:40:00Z
7439436,21.11.2022 14:43,7.12.2022 10:54,Chon Buri,department of highways,large truck with trailer,cutting in closely by people/vehicles/animals,rollover/fallen on straight road,1,0,0,clear,13.11431386,100.9659138,straight road,no slope,2022-11-21T07:43:00Z
7561403,21.11.2022 15:00,17.01.2023 09:17,Nan,department of highways,private/passenger car,speeding,other,1,0,1,clear,18.86557294,100.631298,wide curve,slope area,2022-11-21T08:00:00Z
7557573,21.11.2022 15:16,12.01.2023 10:00,Chiang Mai,department of highways,private/passenger car,speeding,rollover/fallen on curved road,1,0,0,rainy,19.0188363,99.30787683,wide curve,no slope,2022-11-21T08:16:00Z
7537045,21.11.2022 15:35,2.01.2023 10:21,Udon Thani,department of highways,4-wheel pickup truck,speeding,rear-end collision,2,0,2,clear,17.75686071,102.1036785,straight road,no slope,2022-11-21T08:35:00Z
7552418,21.11.2022 15:50,6.01.2023 09:20,Trat,department of highways,motorcycle,cutting in closely by people/vehicles/animals,head-on collision (not overtaking),2,2,2,clear,12.3091231,102.4698117,other,other,2022-11-21T08:50:00Z
7554317,21.11.2022 16:00,9.01.2023 10:07,Surat Thani,department of highways,large truck with trailer,speeding,head-on collision (not overtaking),4,0,0,rainy,8.95803541,99.01033267,straight road,no slope,2022-11-21T09:00:00Z
7558176,21.11.2022 16:00,12.01.2023 14:00,Prachin Buri,department of highways,other,speeding,rollover/fallen on straight road,1,0,0,clear,14.03661241,101.3682261,other,other,2022-11-21T09:00:00Z
7413692,21.11.2022 16:30,25.11.2022 12:03,Suphan Buri,department of highways,private/passenger car,speeding,rollover/fallen on curved road,1,0,1,clear,14.23832748,100.042817,wide curve,no slope,2022-11-21T09:30:00Z
7446512,21.11.2022 17:22,9.12.2022 10:56,Nakhon Ratchasima,department of highways,4-wheel pickup truck,cutting in closely by people/vehicles/animals,collision at intersection corner,2,0,1,clear,14.3676897,101.8482632,straight road,no slope,2022-11-21T10:22:00Z
7556688,21.11.2022 20:25,11.01.2023 14:33,Chiang Mai,department of highways,motorcycle,cutting in closely by people/vehicles/animals,rear-end collision,3,0,1,clear,19.72524676,99.14047037,straight road,no slope,2022-11-21T13:25:00Z
7413462,21.11.2022 20:40,25.11.2022 09:05,Suphan Buri,department of highways,private/passenger car,cutting in closely by people/vehicles/animals,head-on collision (not overtaking),2,0,0,clear,14.46309807,100.046175,straight road,no slope,2022-11-21T13:40:00Z
7413439,21.11.2022 21:00,25.11.2022 07:57,Saraburi,department of highways,private/passenger car,speeding,rear-end collision,3,0,0,clear,14.57517309,100.9917951,straight road,no slope,2022-11-21T14:00:00Z
7559341,21.11.2022 21:31,13.01.2023 13:10,Bangkok,department of highways,private/passenger car,cutting in closely by people/vehicles/animals,rear-end collision,2,0,1,clear,13.78245293,100.4162064,straight road,no slope,2022-11-21T14:31:00Z
7365783,21.11.2022 21:45,22.11.2022 15:11,Phra Nakhon Si Ayutthaya,department of highways,private/passenger car,no presumed cause related to road conditions,rollover/fallen on straight road,2,0,0,clear,14.24856059,100.7033712,straight road,no slope,2022-11-21T14:45:00Z
7563779,21.11.2022 21:47,19.01.2023 07:20,Phra Nakhon Si Ayutthaya,department of highways,private/passenger car,speeding,rear-end collision,2,0,0,clear,14.248467,100.7033417,straight road,no slope,2022-11-21T14:47:00Z
7413937,21.11.2022 22:00,28.11.2022 09:15,Samut Prakan,department of highways,motorcycle,speeding,rear-end collision,2,1,1,clear,13.59283831,100.8131406,straight road,no slope,2022-11-21T15:00:00Z
7446501,21.11.2022 22:00,9.12.2022 09:26,Phrae,department of highways,4-wheel pickup truck,illegal overtaking,head-on collision (not overtaking),2,0,0,clear,18.56328508,100.0984689,wide curve,no slope,2022-11-21T15:00:00Z
7424543,21.11.2022 22:24,2.12.2022 09:48,Chon Buri,department of highways,private/passenger car,debris/obstruction on the road,collision with obstruction (on road surface),1,0,0,clear,12.94632048,100.9275835,straight road,no slope,2022-11-21T15:24:00Z
7364049,21.11.2022 22:30,22.11.2022 09:15,Bangkok,department of highways,6-wheel truck,speeding,rear-end collision,3,0,0,clear,13.82994378,100.6740265,straight road,no slope,2022-11-21T15:30:00Z