acc_code,incident_datetime,report_datetime,province_en,agency,vehicle_type,presumed_cause,accident_type,number_of_vehicles_involved,number_of_fatalities,number_of_injuries,weather_condition,latitude,longitude,road_description,slope_description,incident_time
7413395,21.11.2022 23:00,25.11.2022 09:02,Suphan Buri,department of highways,7-10-wheel truck,speeding,rear-end collision,2,1,0,foggy,14.88615754,100.0872141,straight road,no slope,2022-11-21T16:00:00Z
7557437,21.11.2022 23:00,12.01.2023 09:21,Chiang Mai,department of highways,4-wheel pickup truck,speeding,rollover/fallen on straight road,1,0,0,clear,20.03978565,99.32372749,straight road,no slope,2022-11-21T16:00:00Z
7413367,21.11.2022 23:24,29.11.2022 12:24,Phetchaburi,department of rural roads,motorcycle,falling asleep,other,1,1,0,dark,12.868806,99.809894,straight road,no slope,2022-11-21T16:24:00Z
7557550,22.11.2022 00:00,12.01.2023 09:56,Chiang Mai,department of highways,other,speeding,rollover/fallen on straight road,1,0,0,clear,19.03392104,99.32351142,straight road,no slope,2022-11-21T17:00:00Z
7422404,22.11.2022 00:10,1.12.2022 14:18,Krabi,department of highways,private/passenger car,speeding,rollover/fallen on curved road,1,0,1,clear,8.064066781,98.83074272,wide curve,no slope,2022-11-21T17:10:00Z
7568097,22.11.2022 02:45,24.01.2023 09:35,Prachuap Khiri Khan,department of highways,6-wheel truck,falling asleep,rear-end collision,2,0,1,clear,12.320838,99.87863883,straight road,no slope,2022-11-21T19:45:00Z
7414575,22.11.2022 04:30,29.11.2022 13:34,Nakhon Si Thammarat,department of highways,private/passenger car,speeding,rollover/fallen on curved road,1,0,0,clear,8.210837904,99.57127557,wide curve,no slope,2022-11-21T21:30:00Z
7476991,22.11.2022 05:55,21.12.2022 14:01,Songkhla,department of highways,4-wheel pickup truck,speeding,rollover/fallen on straight road,1,0,0,clear,7.423888488,100.4568503,straight road,no slope,2022-11-21T22:55:00Z
7366070,22.11.2022 07:00,22.11.2022 16:05,Samut Prakan,department of rural roads,private/passenger car,tailgating,other,2,0,0,clear,13.664451,100.534945,straight road,slope area,2022-11-22T00:00:00Z
7429242,22.11.2022 07:00,3.12.2022 13:38,Chachoengsao,department of highways,4-wheel pickup truck,falling asleep,rollover/fallen on straight road,2,0,0,clear,13.51594515,101.0285463,straight road,no slope,2022-11-22T00:00:00Z
7386775,22.11.2022 07:40,25.11.2022 11:18,Nakhon Nayok,department of rural roads,motorcycle,reversing vehicle,other,2,1,1,clear,14.016526,101.060061,straight road,no slope,2022-11-22T00:40:00Z
7557344,22.11.2022 08:05,12.01.2023 06:59,Prachuap Khiri Khan,department of highways,4-wheel pickup truck,speeding,rollover/fallen on curved road,1,0,5,rainy,11.40482763,99.51955676,wide curve,no slope,2022-11-22T01:05:00Z
7559068,22.11.2022 09:10,13.01.2023 09:30,Bangkok,department of highways,private/passenger car,cutting in closely by people/vehicles/animals,rear-end collision,2,0,1,clear,13.78377923,100.3993066,straight road,no slope,2022-11-22T02:10:00Z
7378808,22.11.2022 09:20,24.11.2022 10:32,Kalasin,department of highways,4-wheel pickup truck,medical condition,rear-end collision,2,0,1,clear,16.42669123,103.5205904,straight road,no slope,2022-11-22T02:20:00Z
7518678,22.11.2022 09:42,29.12.2022 11:39,Samut Prakan,expressway authority of thailand,4-wheel pickup truck,other,rear-end collision,4,0,0,clear,13.630738,100.585586,straight road,other,2022-11-22T02:42:00Z
7556620,22.11.2022 10:00,11.01.2023 14:10,Lampang,department of highways,private/passenger car,speeding,rear-end collision,2,0,1,clear,18.31746173,99.36337307,straight road,no slope,2022-11-22T03:00:00Z
7566983,22.11.2022 10:00,23.01.2023 08:46,Tak,department of highways,large truck with trailer,speeding,rollover/fallen on curved road,1,0,2,clear,17.76101062,97.96462119,wide curve,no slope,2022-11-22T03:00:00Z
7559327,22.11.2022 10:30,13.01.2023 13:00,Khon Kaen,department of highways,4-wheel pickup truck,speeding,rollover/fallen on straight road,1,0,0,clear,16.51153781,102.8365937,straight road,no slope,2022-11-22T03:30:00Z
7558334,22.11.2022 10:50,12.01.2023 14:43,Nakhon Ratchasima,department of highways,4-wheel pickup truck,speeding,rollover/fallen on straight road,1,0,0,clear,14.64138804,101.2782504,straight road,no slope,2022-11-22T03:50:00Z
7418123,22.11.2022 10:54,30.11.2022 07:13,Chachoengsao,department of highways,4-wheel pickup truck,speeding,rear-end collision,3,0,0,clear,13.59759878,100.9565615,straight road,no slope,2022-11-22T03:54:00Z
7414638,22.11.2022 11:30,29.11.2022 13:35,Nakhon Si Thammarat,department of highways,4-wheel pickup truck,falling asleep,rollover/fallen on straight road,1,1,0,clear,8.046705945,99.89352672,straight road,no slope,2022-11-22T04:30:00Z
7413504,22.11.2022 13:05,25.11.2022 12:41,Ang Thong,department of highways,6-wheel truck,speeding,rear-end collision,2,0,1,clear,14.66644238,100.4714084,straight road,no slope,2022-11-22T06:05:00Z
7511272,22.11.2022 13:30,27.12.2022 10:31,Maha Sarakham,department of highways,4-wheel pickup truck,cutting in closely by people/vehicles/animals,collision at intersection corner,2,0,1,clear,15.8456287,103.3728062,other,other,2022-11-22T06:30:00Z
7424367,22.11.2022 14:04,2.12.2022 09:05,Uthai Thani,department of highways,private/passenger car,speeding,rollover/fallen on straight road,1,0,0,other,15.34377574,99.76470055,straight road,no slope,2022-11-22T07:04:00Z
7479945,22.11.2022 14:10,23.12.2022 11:33,Sukhothai,department of highways,motorcycle,speeding,rear-end collision,2,0,2,clear,17.01057018,99.78906915,straight road,no slope,2022-11-22T07:10:00Z
7414920,22.11.2022 15:00,28.11.2022 10:46,buogkan,department of highways,4-wheel pickup truck,speeding,rollover/fallen on straight road,1,0,0,clear,18.38334649,103.6036587,connecting to private area,other,2022-11-22T08:00:00Z
7424992,22.11.2022 16:00,2.12.2022 13:35,Tak,department of highways,motorcycle,speeding,rear-end collision,2,3,0,clear,17.38603737,98.11451707,wide curve,no slope,2022-11-22T09:00:00Z
7559065,22.11.2022 17:25,13.01.2023 09:32,Bangkok,department of highways,motorcycle,speeding,rear-end collision,2,0,1,clear,13.78360339,100.4018171,straight road,no slope,2022-11-22T10:25:00Z
7434729,22.11.2022 17:53,6.12.2022 14:16,Samut Sakhon,department of highways,private/passenger car,speeding,rear-end collision,2,0,0,clear,13.60249259,100.3700521,straight road,no slope,2022-11-22T10:53:00Z
7371805,22.11.2022 17:55,23.11.2022 11:36,Bangkok,department of highways,4-wheel pickup truck,speeding,rear-end collision,2,0,0,clear,13.7294944,100.7426691,straight road,no slope,2022-11-22T10:55:00Z
7416252,22.11.2022 18:14,29.11.2022 19:09,Khon Kaen,department of highways,private/passenger car,speeding,rollover/fallen on straight road,1,0,0,clear,16.13302155,102.5322434,other,other,2022-11-22T11:14:00Z
7518676,22.11.2022 19:53,29.12.2022 11:39,Bangkok,expressway authority of thailand,other,other,rear-end collision,2,0,0,clear,13.75337765,100.588412,straight road,other,2022-11-22T12:53:00Z
7531344,22.11.2022 23:24,1.01.2023 05:52,Phuket,department of highways,4-wheel pickup truck,speeding,rear-end collision,2,0,0,rainy,8.162638006,98.30454826,straight road,no slope,2022-11-22T16:24:00Z
7414506,22.11.2022 23:30,29.11.2022 13:22,Nakhon Si Thammarat,department of highways,4-wheel pickup truck,speeding,rollover/fallen on straight road,1,0,1,other,9.054003704,99.83952595,straight road,no slope,2022-11-22T16:30:00Z
7529618,23.11.2022 01:30,31.12.2022 21:01,Krabi,department of highways,large truck with trailer,speeding,rollover/fallen on straight road,1,0,0,clear,8.507146748,98.6818184,other,other,2022-11-22T18:30:00Z
7439464,23.11.2022 02:20,7.12.2022 13:58,Saraburi,department of highways,4-wheel pickup truck,falling asleep,rollover/fallen on straight road,1,0,0,clear,14.30568881,100.8300527,straight road,no slope,2022-11-22T19:20:00Z
7521874,23.11.2022 02:30,30.12.2022 11:58,Nonthaburi,department of highways,passenger pickup truck,insufficient light,rollover/fallen on straight road,1,0,0,clear,13.94706314,100.3785129,straight road,no slope,2022-11-22T19:30:00Z
7556316,23.11.2022 02:30,11.01.2023 12:01,Maha Sarakham,department of highways,4-wheel pickup truck,cutting in closely by people/vehicles/animals,rollover/fallen on straight road,1,0,3,foggy,16.04579541,102.888705,straight road,no slope,2022-11-22T19:30:00Z
7568086,23.11.2022 02:30,24.01.2023 09:30,Prachuap Khiri Khan,department of highways,6-wheel truck,overloaded vehicle,rollover/fallen on straight road,1,0,0,clear,12.40203523,99.92313936,wide curve,no slope,2022-11-22T19:30:00Z
7537064,23.11.2022 03:00,2.01.2023 10:26,Udon Thani,department of highways,private/passenger car,speeding,rollover/fallen on straight road,1,0,1,clear,17.37640497,102.7356555,straight road,no slope,2022-11-22T20:00:00Z
7424756,23.11.2022 05:00,2.12.2022 12:08,Loei,department of rural roads,private/passenger car,dangerous curve,other,1,0,3,clear,17.417556,101.534423,sharp curve,slope area,2022-11-22T22:00:00Z
7414075,23.11.2022 05:30,28.11.2022 09:56,Pathum Thani,department of highways,4-wheel pickup truck,speeding,rear-end collision,2,0,0,clear,14.03716397,100.6981382,straight road,no slope,2022-11-22T22:30:00Z
7553851,23.11.2022 06:30,7.01.2023 16:22,Chaiyaphum,department of highways,private/passenger car,speeding,rollover/fallen on straight road,1,0,0,clear,16.17062318,102.2190017,straight road,no slope,2022-11-22T23:30:00Z
7413935,23.11.2022 06:40,28.11.2022 09:14,Samut Prakan,department of highways,private/passenger car,speeding,rear-end collision,2,0,0,clear,13.61662282,100.7472052,straight road,no slope,2022-11-22T23:40:00Z
7512080,23.11.2022 07:00,27.12.2022 11:08,Yasothon,department of highways,4-wheel pickup truck,speeding,rollover/fallen on straight road,1,0,0,clear,15.64096685,104.3322486,straight road,no slope,2022-11-23T00:00:00Z
7413448,23.11.2022 08:30,25.11.2022 08:21,Suphan Buri,department of highways,motorcycle,cutting in closely by people/vehicles/animals,rear-end collision,2,0,1,clear,14.50162947,100.1319735,straight road,no slope,2022-11-23T01:30:00Z
7477657,23.11.2022 08:30,22.12.2022 08:57,Suphan Buri,department of highways,motorcycle,speeding,rear-end collision,2,0,1,clear,14.8568703,100.0698307,wide curve,no slope,2022-11-23T01:30:00Z
7564093,23.11.2022 08:50,19.01.2023 10:24,Samut Sakhon,department of highways,private/passenger car,speeding,rear-end collision,2,0,0,clear,13.54568015,100.2580151,straight road,no slope,2022-11-23T01:50:00Z
7413983,23.11.2022 09:14,25.11.2022 08:58,Phra Nakhon Si Ayutthaya,department of highways,4-wheel pickup truck,speeding,rear-end collision,2,1,0,clear,14.27928431,100.8111222,wide curve,no slope,2022-11-23T02:14:00Z
7455954,23.11.2022 09:15,13.12.2022 14:50,Suphan Buri,department of highways,7-10-wheel truck,speeding,other,1,0,0,clear,14.91376618,100.0830631,wide curve,no slope,2022-11-23T02:15:00Z
7561456,23.11.2022 09:30,17.01.2023 09:47,Chiang Rai,department of highways,private/passenger car,speeding,rollover/fallen on straight road,1,0,1,clear,19.86333716,100.035764,straight road,no slope,2022-11-23T02:30:00Z
7536932,23.11.2022 10:00,2.01.2023 09:50,Khon Kaen,department of highways,private/passenger car,falling asleep,rollover/fallen on straight road,1,0,1,clear,16.03864446,102.7134661,straight road,no slope,2022-11-23T03:00:00Z
7455277,23.11.2022 10:20,13.12.2022 08:45,Chanthaburi,department of highways,private/passenger car,speeding,rollover/fallen on straight road,1,0,1,clear,12.77009742,101.8454289,straight road,no slope,2022-11-23T03:20:00Z
7379272,23.11.2022 10:48,24.11.2022 13:19,Pathum Thani,department of highways,private/passenger car,speeding,rear-end collision,3,0,2,clear,13.93324194,100.7083614,straight road,no slope,2022-11-23T03:48:00Z
7413596,23.11.2022 10:50,25.11.2022 10:41,Suphan Buri,department of highways,4-wheel pickup truck,reversing vehicle,collision with obstruction (on road surface),2,1,0,clear,14.17604686,99.94838454,straight road,no slope,2022-11-23T03:50:00Z
7560789,23.11.2022 11:15,16.01.2023 14:03,Phrae,department of highways,4-wheel pickup truck,speeding,rollover/fallen on curved road,1,0,0,clear,18.37242253,100.3817689,wide curve,no slope,2022-11-23T04:15:00Z
7479927,23.11.2022 13:00,23.12.2022 11:33,Sukhothai,department of highways,private/passenger car,speeding,rollover/fallen on straight road,1,0,1,clear,17.04128127,99.64983176,straight road,no slope,2022-11-23T06:00:00Z
7480505,23.11.2022 13:29,23.12.2022 14:11,Sakon Nakhon,department of highways,4-wheel pickup truck,speeding,rollover/fallen on straight road,1,0,0,clear,17.23561015,104.1089894,straight road,no slope,2022-11-23T06:29:00Z
7378021,23.11.2022 13:40,24.11.2022 08:27,Yasothon,department of rural roads,4-wheel pickup truck,falling asleep,other,2,0,0,dark,15.835773,104.172766,straight road,no slope,2022-11-23T06:40:00Z
7378845,23.11.2022 13:50,24.11.2022 11:06,Chanthaburi,department of highways,motorcycle,cutting in closely by people/vehicles/animals,rear-end collision,2,0,1,clear,12.59334511,102.1474173,straight road,no slope,2022-11-23T06:50:00Z
7565437,23.11.2022 14:30,20.01.2023 11:12,Phatthalung,department of highways,4-wheel pickup truck,speeding,rollover/fallen on straight road,1,0,0,rainy,7.309047617,100.1506926,straight road,no slope,2022-11-23T07:30:00Z
7564059,23.11.2022 15:00,19.01.2023 10:12,Samut Sakhon,department of highways,4-wheel pickup truck,speeding,rear-end collision,2,0,0,clear,13.59264535,100.3528503,straight road,no slope,2022-11-23T08:00:00Z
7413446,23.11.2022 15:30,25.11.2022 08:16,Suphan Buri,department of highways,4-wheel pickup truck,speeding,rollover/fallen on straight road,1,0,0,clear,14.48424741,100.1317173,straight road,no slope,2022-11-23T08:30:00Z
7476805,23.11.2022 15:32,21.12.2022 11:06,Tak,department of highways,4-wheel pickup truck,speeding,rear-end collision,2,0,2,clear,16.7691139,98.5855619,other,other,2022-11-23T08:32:00Z
7379361,23.11.2022 15:39,24.11.2022 13:29,Chanthaburi,department of highways,6-wheel truck,speeding,rollover/fallen on curved road,1,0,3,rainy,12.57773498,102.1598494,wide curve,no slope,2022-11-23T08:39:00Z
7414923,23.11.2022 16:30,28.11.2022 10:48,Sakon Nakhon,department of highways,4-wheel pickup truck,speeding,rear-end collision,2,0,0,clear,17.80641447,103.5889261,wide curve,no slope,2022-11-23T09:30:00Z
7480092,23.11.2022 16:30,23.12.2022 11:31,Sukhothai,department of highways,motorcycle,speeding,rear-end collision,2,0,3,clear,17.00790315,99.79142952,straight road,no slope,2022-11-23T09:30:00Z
7560581,23.11.2022 16:40,16.01.2023 09:16,Lamphun,department of highways,private/passenger car,speeding,rear-end collision,2,1,0,clear,18.51226043,99.09557179,straight road,no slope,2022-11-23T09:40:00Z
7385676,23.11.2022 17:15,25.11.2022 08:44,Sukhothai,department of rural roads,passenger pickup truck,unfamiliarity with the route/unskilled driving,other,1,0,1,clear,17.214341,99.847887,wide curve,no slope,2022-11-23T10:15:00Z
7421069,23.11.2022 17:39,1.12.2022 07:45,Tak,department of rural roads,large truck with trailer,speeding,other,1,0,1,clear,16.66713,98.68061,sharp curve,slope area,2022-11-23T10:39:00Z
7479916,23.11.2022 17:45,23.12.2022 10:46,Sukhothai,department of highways,motorcycle,speeding,rollover/fallen on straight road,1,0,1,clear,17.13520389,99.85005799,straight road,no slope,2022-11-23T10:45:00Z
7558312,23.11.2022 18:00,12.01.2023 14:32,Sa Kaeo,department of highways,4-wheel pickup truck,speeding,rollover/fallen on curved road,1,0,0,other,14.02241861,102.8247263,wide curve,slope area,2022-11-23T11:00:00Z
7413694,23.11.2022 18:30,29.11.2022 06:53,Chon Buri,department of highways,4-wheel pickup truck,speeding,other,1,0,2,clear,13.08805199,100.9170765,straight road,no slope,2022-11-23T11:30:00Z
7418466,23.11.2022 19:00,30.11.2022 09:06,Bangkok,department of highways,private/passenger car,speeding,rear-end collision,3,0,1,clear,13.78711356,100.6840914,straight road,no slope,2022-11-23T12:00:00Z
7438339,23.11.2022 19:44,7.12.2022 11:03,Chachoengsao,department of highways,private/passenger car,speeding,rear-end collision,2,0,0,clear,13.58557232,100.9699953,straight road,no slope,2022-11-23T12:44:00Z
7480006,23.11.2022 19:45,23.12.2022 11:31,Sukhothai,department of highways,6-wheel truck,speeding,rear-end collision,2,0,1,clear,17.05705898,99.70576644,other,other,2022-11-23T12:45:00Z
7446762,23.11.2022 20:30,9.12.2022 11:00,Ang Thong,department of highways,private/passenger car,speeding,rollover/fallen on straight road,1,0,1,rainy,14.54072479,100.4524853,straight road,no slope,2022-11-23T13:30:00Z
7558933,23.11.2022 20:30,13.01.2023 08:30,Ang Thong,department of highways,4-wheel pickup truck,speeding,rollover/fallen on curved road,1,0,0,rainy,14.56927888,100.4537299,wide curve,no slope,2022-11-23T13:30:00Z
7386527,23.11.2022 20:33,25.11.2022 10:43,Samut Prakan,department of rural roads,passenger pickup truck,speeding,other,2,0,1,clear,13.664187,100.526671,straight road,slope area,2022-11-23T13:33:00Z
7563063,23.11.2022 21:00,18.01.2023 14:02,Chumphon,department of highways,7-10-wheel truck,speeding,rollover/fallen on straight road,1,0,0,clear,10.85735847,99.24442515,straight road,no slope,2022-11-23T14:00:00Z
7529559,23.11.2022 21:30,31.12.2022 20:47,Trang,department of highways,4-wheel pickup truck,speeding,rollover/fallen on curved road,1,0,2,rainy,8.001907202,99.65175077,wide curve,no slope,2022-11-23T14:30:00Z
7413375,23.11.2022 22:00,25.11.2022 07:55,Saraburi,department of highways,private/passenger car,speeding,rollover/fallen on straight road,1,0,0,rainy,14.57814651,100.9986929,straight road,no slope,2022-11-23T15:00:00Z
7416376,23.11.2022 22:00,29.11.2022 19:34,Chaiyaphum,department of highways,other,speeding,rollover/fallen on straight road,1,0,0,rainy,16.07188531,101.7893131,straight road,no slope,2022-11-23T15:00:00Z
7385673,23.11.2022 22:04,25.11.2022 08:44,Samut Prakan,department of rural roads,private/passenger car,speeding,other,2,0,0,clear,13.664292,100.52621,straight road,slope area,2022-11-23T15:04:00Z
7421066,23.11.2022 22:15,1.12.2022 07:47,Rayong,department of rural roads,motorcycle,speeding,other,1,1,0,clear,12.72615,101.235658,wide curve,no slope,2022-11-23T15:15:00Z
7480239,23.11.2022 22:38,23.12.2022 12:03,Tak,department of highways,motorcycle,slippery road,rollover/fallen on curved road,1,0,2,rainy,17.46473354,98.03001478,wide curve,no slope,2022-11-23T15:38:00Z
7386533,23.11.2022 22:58,25.11.2022 10:43,Bangkok,department of rural roads,private/passenger car,tailgating,other,2,0,1,rainy,13.669121,100.538524,straight road,slope area,2022-11-23T15:58:00Z
7556074,23.11.2022 23:00,11.01.2023 10:12,Kalasin,department of highways,4-wheel pickup truck,speeding,rollover/fallen on straight road,1,0,1,rainy,16.27319708,103.5849917,other,other,2022-11-23T16:00:00Z
7564056,23.11.2022 23:25,19.01.2023 10:10,Samut Sakhon,department of highways,private/passenger car,speeding,rear-end collision,2,0,0,clear,13.54616551,100.2587893,straight road,no slope,2022-11-23T16:25:00Z
7459699,23.11.2022 23:27,16.12.2022 12:33,Satun,department of rural roads,motorcycle,speeding,other,2,1,1,dark,6.901151,99.763839,wide curve,no slope,2022-11-23T16:27:00Z
7557442,24.11.2022 00:20,12.01.2023 09:23,Chiang Mai,department of highways,private/passenger car,speeding,rollover/fallen on straight road,1,0,0,clear,19.07298208,98.9385203,straight road,no slope,2022-11-23T17:20:00Z
7536732,24.11.2022 00:45,2.01.2023 08:55,Trang,department of highways,private/passenger car,speeding,rear-end collision,2,1,1,rainy,7.557698415,99.72319275,straight road,no slope,2022-11-23T17:45:00Z
7521324,24.11.2022 01:00,30.12.2022 09:42,Chiang Mai,department of highways,4-wheel pickup truck,speeding,rollover/fallen on straight road,1,0,0,clear,18.91417414,98.99862349,straight road,no slope,2022-11-23T18:00:00Z
7386530,24.11.2022 01:41,25.11.2022 10:44,Samut Prakan,department of rural roads,7-10-wheel truck,brake/anti-lock brake system failure,other,1,1,0,clear,13.650578,100.541469,y-intersection,other,2022-11-23T18:41:00Z
7422185,24.11.2022 01:50,1.12.2022 09:59,Roi Et,department of highways,private/passenger car,speeding,rear-end collision,2,2,0,clear,16.08150804,103.6455051,straight road,no slope,2022-11-23T18:50:00Z
7556615,24.11.2022 02:00,11.01.2023 14:10,Lampang,department of highways,private/passenger car,speeding,rollover/fallen on straight road,1,0,0,clear,18.31859865,99.35564965,straight road,no slope,2022-11-23T19:00:00Z
7414809,24.11.2022 03:02,26.11.2022 14:07,Bangkok,department of highways,4-wheel pickup truck,speeding,rear-end collision,2,0,0,clear,13.78043833,100.6862694,straight road,no slope,2022-11-23T20:02:00Z
7518710,24.11.2022 03:27,29.12.2022 11:39,Nonthaburi,expressway authority of thailand,other,other,side collision,1,0,0,clear,13.8676819,100.5338359,straight road,other,2022-11-23T20:27:00Z
7379271,24.11.2022 04:39,24.11.2022 13:17,Pathum Thani,department of highways,private/passenger car,speeding,rear-end collision,2,0,0,clear,14.06444421,100.6967595,straight road,no slope,2022-11-23T21:39:00Z
7554371,24.11.2022 04:40,9.01.2023 10:46,Chiang Mai,department of highways,4-wheel pickup truck,speeding,rollover/fallen on straight road,1,0,0,clear,18.81273182,99.01113868,straight road,no slope,2022-11-23T21:40:00Z
7419826,24.11.2022 05:01,30.11.2022 15:55,Prachuap Khiri Khan,department of highways,7-10-wheel truck,speeding,rollover/fallen on straight road,1,0,2,clear,12.56142303,99.87003913,straight road,no slope,2022-11-23T22:01:00Z
7536698,24.11.2022 05:30,2.01.2023 08:45,Khon Kaen,department of highways,private/passenger car,speeding,rollover/fallen on straight road,1,0,0,rainy,16.48428208,102.5679796,straight road,no slope,2022-11-23T22:30:00Z
7443443,24.11.2022 05:50,8.12.2022 10:20,Yala,department of highways,4-wheel pickup truck,unfamiliarity with the route/unskilled driving,rollover/fallen on straight road,1,0,0,clear,6.595929343,101.2459753,wide curve,slope area,2022-11-23T22:50:00Z
7414820,24.11.2022 06:23,25.11.2022 13:36,Bangkok,department of highways,4-wheel pickup truck,speeding,collision with obstruction (on road surface),1,0,0,clear,13.86164168,100.569132,straight road,no slope,2022-11-23T23:23:00Z
7559377,24.11.2022 07:00,13.01.2023 14:01,Pathum Thani,department of highways,4-wheel pickup truck,slippery road,rollover/fallen on straight road,1,0,0,rainy,14.06780962,100.8676565,straight road,no slope,2022-11-24T00:00:00Z
7511389,24.11.2022 07:30,27.12.2022 10:33,Maha Sarakham,department of highways,large truck with trailer,speeding,head-on collision (not overtaking),3,0,1,rainy,15.6744382,103.2588498,straight road,no slope,2022-11-24T00:30:00Z
7557597,24.11.2022 07:30,12.01.2023 10:07,Lamphun,department of highways,motorcycle,speeding,rear-end collision,2,1,0,clear,18.57337215,99.04373585,straight road,no slope,2022-11-24T00:30:00Z
7413423,24.11.2022 07:40,29.11.2022 11:18,Phetchaburi,department of highways,private/passenger car,speeding,rollover/fallen on straight road,1,0,1,rainy,12.77982188,99.93754534,straight road,no slope,2022-11-24T00:40:00Z
7413426,24.11.2022 08:00,29.11.2022 11:19,Phetchaburi,department of highways,large truck with trailer,speeding,rollover/fallen on straight road,1,0,0,rainy,12.69740998,99.90550038,straight road,no slope,2022-11-24T01:00:00Z
7379416,24.11.2022 08:40,24.11.2022 13:38,Bangkok,expressway authority of thailand,other,other,side collision,3,0,0,clear,13.690107,100.601722,straight road,other,2022-11-24T01:40:00Z
7480251,24.11.2022 08:50,23.12.2022 12:17,Kamphaeng Phet,department of highways,private/passenger car,using mobile phone while driving,other,1,0,1,rainy,16.47418643,99.51463386,wide curve,no slope,2022-11-24T01:50:00Z
7422483,24.11.2022 09:00,1.12.2022 09:46,Pathum Thani,department of highways,large truck with trailer,speeding,other,1,0,0,clear,13.95648815,100.4934142,connecting to private area,other,2022-11-24T02:00:00Z
7472574,24.11.2022 09:00,20.12.2022 09:07,Nakhon Phanom,department of highways,motorcycle,speeding,rollover/fallen on curved road,1,1,0,rainy,17.35365818,104.7361296,other,other,2022-11-24T02:00:00Z
7480671,24.11.2022 09:00,23.12.2022 13:13,Phetchabun,department of highways,4-wheel pickup truck,speeding,other,1,0,0,rainy,16.77977686,101.0981548,sharp curve,slope area,2022-11-24T02:00:00Z
7567003,24.11.2022 09:00,23.01.2023 08:56,Phetchabun,department of highways,4-wheel pickup truck,slippery road,other,1,0,0,clear,16.7659438,101.1402252,wide curve,slope area,2022-11-24T02:00:00Z
7378771,24.11.2022 09:26,24.11.2022 10:23,Bangkok,expressway authority of thailand,other,other,collision with obstruction (on road surface),1,0,0,rainy,13.74172934,100.6397472,grade-separated intersection/ramps,other,2022-11-24T02:26:00Z
7414568,24.11.2022 09:30,29.11.2022 06:52,Chon Buri,department of highways,large truck with trailer,speeding,rollover/fallen on straight road,1,0,1,rainy,12.88042539,101.0571044,straight road,no slope,2022-11-24T02:30:00Z
7424304,24.11.2022 09:30,2.12.2022 09:03,Phetchaburi,department of highways,large truck with trailer,speeding,rollover/fallen on curved road,1,0,0,rainy,13.27559842,99.81946131,wide curve,no slope,2022-11-24T02:30:00Z
7558316,24.11.2022 09:30,12.01.2023 14:34,Nakhon Ratchasima,department of highways,4-wheel pickup truck,speeding,rollover/fallen on straight road,1,0,1,rainy,14.86869714,101.7235078,straight road,no slope,2022-11-24T02:30:00Z
7561440,24.11.2022 09:30,17.01.2023 09:41,Nan,department of highways,private/passenger car,brake/anti-lock brake system failure,rear-end collision,2,0,2,clear,19.18212981,100.9754941,sharp curve,slope area,2022-11-24T02:30:00Z
7413755,24.11.2022 10:27,26.11.2022 10:14,Pathum Thani,department of highways,private/passenger car,speeding,rear-end collision,2,0,0,clear,13.96274965,100.7127616,straight road,no slope,2022-11-24T03:27:00Z
7560794,24.11.2022 10:30,16.01.2023 14:07,Nan,department of highways,4-wheel pickup truck,speeding,rollover/fallen on curved road,1,0,0,rainy,18.52454506,100.6139678,wide curve,no slope,2022-11-24T03:30:00Z
7414752,24.11.2022 11:10,29.11.2022 11:19,Phetchaburi,department of highways,4-wheel pickup truck,speeding,rear-end collision,2,0,0,rainy,12.67759464,99.88381869,straight road,no slope,2022-11-24T04:10:00Z
7480093,24.11.2022 13:00,23.12.2022 11:56,Tak,department of highways,other,speeding,other,1,0,0,rainy,16.76789304,98.93100232,straight road,no slope,2022-11-24T06:00:00Z
7565478,24.11.2022 13:00,20.01.2023 11:26,Bangkok,department of highways,7-10-wheel truck,speeding,rear-end collision,2,0,0,clear,13.610951,100.3784032,straight road,no slope,2022-11-24T06:00:00Z
7413766,24.11.2022 13:15,26.11.2022 14:05,Bangkok,department of highways,large truck with trailer,speeding,rear-end collision,2,0,0,clear,13.72858651,100.7017632,straight road,no slope,2022-11-24T06:15:00Z
7558305,24.11.2022 13:15,12.01.2023 14:32,Nakhon Ratchasima,department of highways,large truck with trailer,speeding,other,1,0,0,rainy,14.65738111,101.3708121,wide curve,slope area,2022-11-24T06:15:00Z
7480227,24.11.2022 14:10,23.12.2022 12:13,Kamphaeng Phet,department of highways,private/passenger car,falling asleep,rollover/fallen on straight road,1,0,1,rainy,16.38299098,99.52896595,straight road,no slope,2022-11-24T07:10:00Z
7555936,24.11.2022 14:40,11.01.2023 08:59,Nong Bua Lam Phu,department of highways,4-wheel pickup truck,slippery road,other,1,0,1,rainy,17.23812322,102.4999027,wide curve,no slope,2022-11-24T07:40:00Z
7413369,24.11.2022 15:00,25.11.2022 07:12,Nakhon Sawan,department of highways,4-wheel pickup truck,worn-out/tire blowout,rollover/fallen on straight road,1,0,2,clear,15.78843112,100.1213466,straight road,no slope,2022-11-24T08:00:00Z
7414906,24.11.2022 15:40,28.11.2022 10:39,buogkan,department of highways,4-wheel pickup truck,speeding,rollover/fallen on curved road,1,0,0,rainy,18.29521709,103.6604087,wide curve,no slope,2022-11-24T08:40:00Z
7529593,24.11.2022 15:50,31.12.2022 20:59,Phangnga,department of highways,4-wheel pickup truck,speeding,rollover/fallen on curved road,1,0,0,other,8.443077426,98.58158961,wide curve,no slope,2022-11-24T08:50:00Z
7541591,24.11.2022 16:05,3.01.2023 09:44,Si Sa Ket,department of highways,4-wheel pickup truck,speeding,rollover/fallen on straight road,1,0,1,clear,14.73754036,104.6612656,wide curve,no slope,2022-11-24T09:05:00Z