acc_code,incident_datetime,report_datetime,province_en,agency,vehicle_type,presumed_cause,accident_type,number_of_vehicles_involved,number_of_fatalities,number_of_injuries,weather_condition,latitude,longitude,road_description,slope_description,incident_time
7563011,24.11.2022 16:31,18.01.2023 13:46,Uttaradit,department of highways,4-wheel pickup truck,speeding,rollover/fallen on straight road,1,0,1,clear,17.74229035,100.4888204,straight road,no slope,2022-11-24T09:31:00Z
7563013,24.11.2022 16:35,18.01.2023 13:48,Uttaradit,department of highways,4-wheel pickup truck,speeding,rollover/fallen on curved road,1,0,1,clear,17.74098557,100.4902692,wide curve,no slope,2022-11-24T09:35:00Z
7555845,24.11.2022 16:40,11.01.2023 07:09,Kamphaeng Phet,department of highways,4-wheel pickup truck,speeding,rollover/fallen on straight road,1,0,1,clear,16.47721928,99.5785644,straight road,no slope,2022-11-24T09:40:00Z
7556664,24.11.2022 16:45,11.01.2023 14:24,Chiang Mai,department of highways,private/passenger car,falling asleep,head-on collision (not overtaking),2,0,1,clear,19.11554032,99.00440224,wide curve,no slope,2022-11-24T09:45:00Z
7541755,24.11.2022 16:54,3.01.2023 10:24,Ubon Ratchathani,department of highways,4-wheel pickup truck,speeding,rollover/fallen on straight road,1,1,0,clear,15.82151577,105.1489878,straight road,no slope,2022-11-24T09:54:00Z
7558875,24.11.2022 17:00,13.01.2023 08:01,Sing Buri,department of highways,4-wheel pickup truck,speeding,rollover/fallen on straight road,1,0,2,clear,14.75578402,100.4531862,straight road,no slope,2022-11-24T10:00:00Z
7421068,24.11.2022 17:40,1.12.2022 07:46,Satun,department of rural roads,motorcycle,speeding,other,1,0,2,clear,6.764522,100.105945,straight road,no slope,2022-11-24T10:40:00Z
7414316,24.11.2022 17:57,28.11.2022 11:42,Bangkok,department of highways,private/passenger car,speeding,rear-end collision,3,0,0,clear,13.7294944,100.7426691,straight road,no slope,2022-11-24T10:57:00Z
7559359,24.11.2022 18:00,13.01.2023 13:46,Bangkok,department of highways,motorcycle,speeding,rear-end collision,2,0,1,clear,13.7804735,100.4451576,straight road,no slope,2022-11-24T11:00:00Z
7560859,24.11.2022 18:00,16.01.2023 14:57,Phrae,department of highways,4-wheel pickup truck,illegal overtaking,head-on collision (not overtaking),2,0,1,rainy,18.53995638,100.1224986,wide curve,no slope,2022-11-24T11:00:00Z
7564048,24.11.2022 18:00,19.01.2023 10:09,Samut Sakhon,department of highways,private/passenger car,speeding,rear-end collision,2,0,0,clear,13.54546303,100.257613,straight road,no slope,2022-11-24T11:00:00Z
7476428,24.11.2022 18:15,21.12.2022 09:23,Nakhon Phanom,department of highways,motorcycle,cutting in closely by people/vehicles/animals,other,2,1,0,clear,17.95193733,104.2182917,connecting to private area,other,2022-11-24T11:15:00Z
7479878,24.11.2022 18:15,23.12.2022 11:22,Sukhothai,department of highways,4-wheel pickup truck,cutting in closely by people/vehicles/animals,head-on collision (not overtaking),2,0,1,rainy,17.22734572,99.8476553,straight road,no slope,2022-11-24T11:15:00Z
7568079,24.11.2022 18:23,24.01.2023 09:28,Nong Khai,department of highways,4-wheel pickup truck,speeding,rear-end collision,2,0,2,rainy,17.95422064,102.4925201,wide curve,slope area,2022-11-24T11:23:00Z
7414277,24.11.2022 18:47,28.11.2022 11:31,Samut Prakan,department of highways,4-wheel pickup truck,speeding,rear-end collision,2,0,0,clear,13.665956,100.8501771,straight road,no slope,2022-11-24T11:47:00Z
7565322,24.11.2022 18:50,20.01.2023 10:10,Chanthaburi,department of highways,large truck with trailer,speeding,rear-end collision,2,0,1,clear,12.76107776,102.2414906,other,other,2022-11-24T11:50:00Z
7563040,24.11.2022 20:16,18.01.2023 13:56,Chumphon,department of highways,private/passenger car,speeding,rollover/fallen on curved road,1,0,2,clear,10.06559028,99.07343568,wide curve,no slope,2022-11-24T13:16:00Z
7565315,24.11.2022 20:20,20.01.2023 10:07,Chanthaburi,department of highways,6-wheel truck,speeding,rollover/fallen on straight road,1,0,0,clear,12.65039083,102.1287043,other,other,2022-11-24T13:20:00Z
7418075,24.11.2022 22:19,30.11.2022 06:36,Bangkok,department of highways,van,speeding,rear-end collision,2,0,0,clear,13.71641918,100.8169906,straight road,no slope,2022-11-24T15:19:00Z
7413735,24.11.2022 23:15,25.11.2022 13:35,Narathiwat,department of highways,6-wheel truck,speeding,rollover/fallen on straight road,1,0,0,clear,6.40743825,101.7855191,other,other,2022-11-24T16:15:00Z
7558923,25.11.2022 00:05,13.01.2023 08:29,Ang Thong,department of highways,private/passenger car,speeding,rollover/fallen on straight road,1,0,0,clear,14.59122144,100.4529789,other,other,2022-11-24T17:05:00Z
7414091,25.11.2022 01:30,28.11.2022 10:06,buogkan,department of highways,private/passenger car,speeding,collision with obstruction (on road surface),1,0,0,clear,18.42190113,103.4783799,wide curve,no slope,2022-11-24T18:30:00Z
7476831,25.11.2022 01:40,21.12.2022 10:11,Phatthalung,department of highways,private/passenger car,falling asleep,rollover/fallen on straight road,1,0,1,clear,7.873698763,99.93380114,straight road,no slope,2022-11-24T18:40:00Z
7418178,25.11.2022 02:16,30.11.2022 07:26,Pathum Thani,department of highways,4-wheel pickup truck,speeding,rollover/fallen on straight road,1,0,1,clear,13.97552721,100.7132028,straight road,no slope,2022-11-24T19:16:00Z
7518442,25.11.2022 02:20,29.12.2022 15:39,Maha Sarakham,department of highways,4-wheel pickup truck,speeding,rollover/fallen on straight road,1,0,0,clear,15.51063937,103.1540948,straight road,no slope,2022-11-24T19:20:00Z
7472601,25.11.2022 02:40,20.12.2022 09:05,Nakhon Phanom,department of highways,4-wheel pickup truck,speeding,rollover/fallen on straight road,1,0,0,clear,17.38404026,104.7152809,straight road,no slope,2022-11-24T19:40:00Z
7388166,25.11.2022 04:30,25.11.2022 15:52,Nakhon Ratchasima,department of rural roads,4-wheel pickup truck,falling asleep,other,1,0,1,clear,14.96421,101.571798,straight road,no slope,2022-11-24T21:30:00Z
7459233,25.11.2022 07:00,16.12.2022 07:32,Krabi,department of highways,4-wheel pickup truck,speeding,other,1,0,1,clear,8.18002,98.84057,wide curve,no slope,2022-11-25T00:00:00Z
7480265,25.11.2022 07:00,23.12.2022 12:05,Tak,department of highways,4-wheel pickup truck,speeding,rollover/fallen on curved road,1,0,0,clear,17.21420154,98.26217473,wide curve,no slope,2022-11-25T00:00:00Z
7414366,25.11.2022 08:10,28.11.2022 13:14,Chachoengsao,department of highways,van,speeding,pedestrian collision,1,1,0,rainy,13.64074509,101.2939936,straight road,no slope,2022-11-25T01:10:00Z
7515189,25.11.2022 08:30,28.12.2022 15:14,Maha Sarakham,department of highways,4-wheel pickup truck,speeding,rollover/fallen on straight road,1,0,0,clear,16.10275987,103.3010034,straight road,no slope,2022-11-25T01:30:00Z
7569039,25.11.2022 08:50,25.01.2023 08:40,Chon Buri,department of highways,4-wheel pickup truck,speeding,rollover/fallen on straight road,1,0,0,rainy,12.95124044,100.9610967,straight road,no slope,2022-11-25T01:50:00Z
7480201,25.11.2022 08:57,23.12.2022 12:16,Tak,department of highways,private/passenger car,speeding,rollover/fallen on straight road,1,0,0,rainy,16.77344405,98.6582619,straight road,slope area,2022-11-25T01:57:00Z
7559050,25.11.2022 09:00,13.01.2023 09:23,Bangkok,department of highways,other,running red lights/traffic signals,other,1,0,0,clear,13.80444419,100.6798346,other,other,2022-11-25T02:00:00Z
7438849,25.11.2022 09:14,7.12.2022 10:05,Chon Buri,department of highways,large truck with trailer,speeding,collision with obstruction (on road surface),2,0,0,clear,13.0663926,100.9957293,straight road,no slope,2022-11-25T02:14:00Z
7443528,25.11.2022 09:15,8.12.2022 10:27,Yala,department of highways,4-wheel pickup truck,unfamiliarity with the route/unskilled driving,rollover/fallen on straight road,2,0,1,clear,6.552788605,101.2634835,other,other,2022-11-25T02:15:00Z
7558922,25.11.2022 10:00,13.01.2023 08:25,Ang Thong,department of highways,private/passenger car,speeding,rollover/fallen on curved road,1,0,0,clear,14.76674176,100.2802087,wide curve,no slope,2022-11-25T03:00:00Z
7555891,25.11.2022 10:21,11.01.2023 07:35,Phetchabun,department of highways,4-wheel pickup truck,falling asleep,rollover/fallen on straight road,1,0,0,clear,16.11810354,100.7251191,straight road,no slope,2022-11-25T03:21:00Z
7419512,25.11.2022 11:30,30.11.2022 13:48,Ubon Ratchathani,department of highways,van,falling asleep,rollover/fallen on straight road,1,0,1,clear,15.66724075,104.6580926,straight road,no slope,2022-11-25T04:30:00Z
7566989,25.11.2022 12:20,23.01.2023 08:45,Tak,department of highways,4-wheel pickup truck,speeding,rollover/fallen on curved road,1,0,6,rainy,16.81345196,98.97195563,wide curve,slope area,2022-11-25T05:20:00Z
7438828,25.11.2022 12:37,7.12.2022 10:13,Chon Buri,department of highways,private/passenger car,cutting in closely by people/vehicles/animals,rear-end collision,6,0,0,clear,13.1889255,100.9980856,straight road,no slope,2022-11-25T05:37:00Z
7564074,25.11.2022 13:09,19.01.2023 10:15,Samut Sakhon,department of highways,7-10-wheel truck,worn-out/tire blowout,rollover/fallen on straight road,1,0,0,clear,13.59991466,100.3674596,straight road,no slope,2022-11-25T06:09:00Z
7564063,25.11.2022 13:58,19.01.2023 10:14,Samut Sakhon,department of highways,private/passenger car,speeding,rear-end collision,3,0,0,clear,13.60769885,100.3751872,straight road,no slope,2022-11-25T06:58:00Z
7438983,25.11.2022 14:10,7.12.2022 10:15,Chon Buri,department of highways,private/passenger car,speeding,rear-end collision,2,0,0,clear,13.13625974,100.9853907,straight road,no slope,2022-11-25T07:10:00Z
7541625,25.11.2022 14:43,3.01.2023 09:51,Si Sa Ket,department of highways,large truck with trailer,speeding,rear-end collision,2,0,0,clear,14.79388212,104.6717174,straight road,no slope,2022-11-25T07:43:00Z
7418208,25.11.2022 15:00,30.11.2022 07:42,Pathum Thani,department of highways,4-wheel pickup truck,speeding,rollover/fallen on straight road,1,0,0,clear,14.13640789,100.6667952,straight road,no slope,2022-11-25T08:00:00Z
7521484,25.11.2022 15:00,30.12.2022 10:19,Chiang Mai,department of highways,4-wheel pickup truck,speeding,rollover/fallen on curved road,1,0,2,rainy,18.05376312,98.63498032,wide curve,no slope,2022-11-25T08:00:00Z
7557556,25.11.2022 15:10,12.01.2023 09:55,Lampang,department of highways,4-wheel pickup truck,speeding,rollover/fallen on straight road,1,0,0,other,19.14535741,99.6123002,straight road,slope area,2022-11-25T08:10:00Z
7439536,25.11.2022 15:15,7.12.2022 14:24,Saraburi,department of highways,large truck with trailer,speeding,rollover/fallen on straight road,2,1,0,rainy,14.56917192,100.9807784,straight road,no slope,2022-11-25T08:15:00Z
7562479,25.11.2022 15:15,18.01.2023 09:05,Sukhothai,department of highways,4-wheel pickup truck,speeding,rear-end collision,2,0,2,rainy,16.96628613,100.0587161,straight road,no slope,2022-11-25T08:15:00Z
7480200,25.11.2022 15:20,23.12.2022 12:01,Tak,department of highways,passenger pickup truck,falling asleep,rollover/fallen on straight road,1,0,0,clear,17.46134286,98.03448474,straight road,no slope,2022-11-25T08:20:00Z
7479499,25.11.2022 15:50,23.12.2022 08:54,Tak,department of highways,motorcycle,speeding,head-on collision (not overtaking),2,0,1,clear,17.35549776,98.13435171,wide curve,no slope,2022-11-25T08:50:00Z
7479820,25.11.2022 16:20,23.12.2022 10:26,Tak,department of highways,motorcycle,cutting in closely by people/vehicles/animals,rear-end collision,2,0,1,clear,16.85226419,99.11600098,straight road,no slope,2022-11-25T09:20:00Z
7559332,25.11.2022 16:20,13.01.2023 13:01,Khon Kaen,department of highways,private/passenger car,speeding,rollover/fallen on straight road,1,0,0,clear,16.43766989,102.9363008,straight road,no slope,2022-11-25T09:20:00Z
7480138,25.11.2022 16:30,23.12.2022 12:10,Tak,department of highways,4-wheel pickup truck,speeding,rollover/fallen on curved road,1,0,1,rainy,16.7764603,98.66824812,straight road,no slope,2022-11-25T09:30:00Z
7481076,25.11.2022 16:50,23.12.2022 15:56,Uthai Thani,department of highways,4-wheel pickup truck,worn-out/tire blowout,rollover/fallen on straight road,1,0,0,rainy,15.45393552,99.89935399,straight road,no slope,2022-11-25T09:50:00Z
7432058,25.11.2022 17:03,4.12.2022 13:47,Chon Buri,department of highways,4-wheel pickup truck,speeding,rear-end collision,2,0,2,clear,13.3462157,101.0287357,straight road,no slope,2022-11-25T10:03:00Z
7564364,25.11.2022 17:30,19.01.2023 14:05,Khon Kaen,department of highways,private/passenger car,other,rollover/fallen on straight road,1,0,0,clear,15.72406293,102.5928966,straight road,no slope,2022-11-25T10:30:00Z
7421963,25.11.2022 17:45,1.12.2022 15:18,Phrae,department of highways,4-wheel pickup truck,speeding,rollover/fallen on straight road,1,0,0,rainy,18.13340165,100.1224838,other,other,2022-11-25T10:45:00Z
7481399,25.11.2022 17:50,23.12.2022 14:06,Sakon Nakhon,department of highways,private/passenger car,speeding,rollover/fallen on straight road,1,0,1,clear,17.2205246,104.1046764,straight road,no slope,2022-11-25T10:50:00Z
7560713,25.11.2022 18:30,16.01.2023 11:21,Phrae,department of highways,4-wheel pickup truck,speeding,rollover/fallen on straight road,1,1,2,rainy,17.98940333,99.90043983,straight road,slope area,2022-11-25T11:30:00Z
7403385,25.11.2022 18:58,27.11.2022 22:45,Bangkok,expressway authority of thailand,4-wheel pickup truck,other,rear-end collision,2,0,0,clear,13.75361433,100.56282590000001,straight road,other,2022-11-25T11:58:00Z
7438567,25.11.2022 19:00,7.12.2022 10:16,Chon Buri,department of highways,private/passenger car,cutting in closely by people/vehicles/animals,rear-end collision,3,0,0,clear,13.2786179,100.990786,straight road,no slope,2022-11-25T12:00:00Z
7509984,25.11.2022 19:00,27.12.2022 09:00,Nakhon Phanom,department of highways,motorcycle,cutting in closely by people/vehicles/animals,head-on collision (not overtaking),2,1,0,clear,17.60631015,104.3226022,straight road,no slope,2022-11-25T12:00:00Z
7558948,25.11.2022 19:00,13.01.2023 08:37,Uthai Thani,department of highways,private/passenger car,medical condition,rollover/fallen on straight road,1,0,1,clear,15.37968553,99.56340927,straight road,no slope,2022-11-25T12:00:00Z
7421766,25.11.2022 19:10,1.12.2022 06:32,Surat Thani,department of highways,private/passenger car,speeding,rollover/fallen on straight road,1,0,0,rainy,9.114136364,99.27949108,other,other,2022-11-25T12:10:00Z
7438623,25.11.2022 19:11,7.12.2022 10:17,Chon Buri,department of highways,4-wheel pickup truck,speeding,rear-end collision,2,0,0,clear,13.28772446,100.9913988,straight road,no slope,2022-11-25T12:11:00Z
7439006,25.11.2022 19:12,7.12.2022 10:35,Chon Buri,department of highways,private/passenger car,cutting in closely by people/vehicles/animals,rear-end collision,2,0,0,clear,13.29298566,100.9925267,straight road,no slope,2022-11-25T12:12:00Z
7562989,25.11.2022 19:30,18.01.2023 13:39,Phitsanulok,department of highways,private/passenger car,speeding,rollover/fallen on straight road,1,1,0,clear,16.84011864,100.3554523,straight road,no slope,2022-11-25T12:30:00Z
7406961,25.11.2022 19:58,28.11.2022 12:04,Bangkok,department of rural roads,private/passenger car,speeding,other,2,0,0,rainy,13.671073,100.538611,straight road,slope area,2022-11-25T12:58:00Z
7557552,25.11.2022 20:15,12.01.2023 09:58,Lampang,department of highways,4-wheel pickup truck,slippery road,other,1,0,1,rainy,18.58117188,99.89090352,wide curve,slope area,2022-11-25T13:15:00Z
7418676,25.11.2022 20:45,30.11.2022 10:16,Samut Prakan,department of highways,6-wheel truck,speeding,rollover/fallen on curved road,1,0,0,rainy,13.64962676,100.6873316,wide curve,no slope,2022-11-25T13:45:00Z
7413783,25.11.2022 21:00,27.11.2022 11:10,Samut Prakan,department of highways,large truck with trailer,speeding,rollover/fallen on straight road,1,0,0,rainy,13.65050253,100.6877299,straight road,no slope,2022-11-25T14:00:00Z
7406171,25.11.2022 21:20,28.11.2022 10:14,Chai Nat,department of rural roads,4-wheel pickup truck,driving under the influence of alcohol,other,2,0,1,clear,15.00303,100.008784,y-intersection,other,2022-11-25T14:20:00Z
7518350,25.11.2022 21:30,29.12.2022 14:08,Nakhon Si Thammarat,department of highways,4-wheel pickup truck,speeding,rollover/fallen on straight road,1,0,0,rainy,8.277830012,99.90545618,straight road,no slope,2022-11-25T14:30:00Z
7559391,25.11.2022 21:30,13.01.2023 14:07,Nonthaburi,department of highways,4-wheel pickup truck,loss of control,rear-end collision,2,0,1,rainy,13.91822281,100.4112008,straight road,no slope,2022-11-25T14:30:00Z
7480385,25.11.2022 21:40,23.12.2022 14:23,Loei,department of highways,private/passenger car,slippery road,rollover/fallen on straight road,1,0,1,rainy,17.78617831,101.9446975,straight road,no slope,2022-11-25T14:40:00Z
7558930,25.11.2022 22:00,13.01.2023 08:33,Uthai Thani,department of highways,4-wheel pickup truck,speeding,rollover/fallen on straight road,1,0,0,clear,15.11293577,99.38946024,straight road,no slope,2022-11-25T15:00:00Z
7537046,25.11.2022 22:30,2.01.2023 10:23,Udon Thani,department of highways,4-wheel pickup truck,speeding,rollover/fallen on straight road,1,0,0,clear,17.32719347,102.8413774,straight road,no slope,2022-11-25T15:30:00Z
7424774,25.11.2022 22:45,2.12.2022 12:08,Chanthaburi,department of rural roads,private/passenger car,speeding,other,1,1,2,clear,12.707945,102.19367,wide curve,no slope,2022-11-25T15:45:00Z
7422479,25.11.2022 23:40,1.12.2022 06:32,Surat Thani,department of highways,6-wheel truck,speeding,rollover/fallen on straight road,1,0,1,rainy,9.634573541,99.12507641,straight road,no slope,2022-11-25T16:40:00Z
7564060,25.11.2022 23:58,19.01.2023 10:13,Samut Sakhon,department of highways,4-wheel pickup truck,speeding,rear-end collision,3,0,2,clear,13.59664022,100.3642714,straight road,no slope,2022-11-25T16:58:00Z
7557456,26.11.2022 00:25,12.01.2023 09:29,Chiang Mai,department of highways,4-wheel pickup truck,speeding,rollover/fallen on straight road,1,0,0,clear,18.72868152,99.0223892,other,other,2022-11-25T17:25:00Z
7479543,26.11.2022 00:30,23.12.2022 09:12,Kamphaeng Phet,department of highways,private/passenger car,falling asleep,rollover/fallen on straight road,1,0,0,rainy,16.2213909,99.33620686,other,other,2022-11-25T17:30:00Z
7558895,26.11.2022 00:50,13.01.2023 08:14,Suphan Buri,department of highways,motorcycle,speeding,head-on collision (not overtaking),2,1,0,rainy,14.84612006,99.77059275,straight road,no slope,2022-11-25T17:50:00Z
7391333,26.11.2022 00:59,26.11.2022 02:12,Bangkok,expressway authority of thailand,other,other,side collision,1,0,1,rainy,13.79449686,100.5388057,straight road,other,2022-11-25T17:59:00Z
7544119,26.11.2022 01:00,4.01.2023 09:04,Si Sa Ket,department of highways,4-wheel pickup truck,falling asleep,rollover/fallen on straight road,1,0,2,clear,14.83728251,104.6836051,straight road,no slope,2022-11-25T18:00:00Z
7554796,26.11.2022 02:53,9.01.2023 15:17,Chiang Mai,department of highways,motorcycle,speeding,rear-end collision,2,0,1,clear,18.89209659,99.01444117,straight road,no slope,2022-11-25T19:53:00Z
7457468,26.11.2022 03:00,14.12.2022 14:12,Chumphon,department of highways,4-wheel pickup truck,speeding,rollover/fallen on curved road,1,0,0,rainy,10.54127789,99.11649317,wide curve,no slope,2022-11-25T20:00:00Z
7418179,26.11.2022 03:33,30.11.2022 07:33,Pathum Thani,department of highways,4-wheel pickup truck,speeding,rollover/fallen on straight road,1,0,0,clear,14.01424848,100.7021855,straight road,no slope,2022-11-25T20:33:00Z
7413764,26.11.2022 03:50,26.11.2022 14:02,Bangkok,department of highways,private/passenger car,speeding,rollover/fallen on straight road,1,0,1,rainy,13.74230839,100.7025196,straight road,no slope,2022-11-25T20:50:00Z
7418190,26.11.2022 04:10,30.11.2022 07:36,Bangkok,department of highways,private/passenger car,speeding,rollover/fallen on straight road,1,0,1,clear,13.73304461,100.7004248,straight road,no slope,2022-11-25T21:10:00Z
7561799,26.11.2022 05:30,17.01.2023 14:45,Uttaradit,department of highways,large passenger vehicle,speeding,rear-end collision,2,0,9,clear,17.47466806,100.2358333,straight road,no slope,2022-11-25T22:30:00Z
7514279,26.11.2022 05:40,28.12.2022 10:06,Tak,department of highways,motorcycle,driving under the influence of alcohol,rollover/fallen on straight road,1,1,0,other,17.09721706,99.07388001,straight road,no slope,2022-11-25T22:40:00Z
7542921,26.11.2022 06:00,3.01.2023 15:08,Loei,department of highways,4-wheel pickup truck,slippery road,rollover/fallen on curved road,1,0,3,rainy,17.46300138,101.5242599,wide curve,no slope,2022-11-25T23:00:00Z
7560824,26.11.2022 06:00,16.01.2023 14:34,Nan,department of highways,private/passenger car,speeding,rollover/fallen on straight road,1,0,0,clear,19.22724883,100.9201014,straight road,no slope,2022-11-25T23:00:00Z
7406174,26.11.2022 06:30,28.11.2022 10:14,Pathum Thani,department of rural roads,motorcycle,abrupt lane change,other,2,3,0,rainy,14.145142,100.623991,straight road,no slope,2022-11-25T23:30:00Z
7554501,26.11.2022 06:30,9.01.2023 12:57,Ubon Ratchathani,department of highways,4-wheel pickup truck,speeding,rear-end collision,2,1,0,clear,15.69564946,105.080979,straight road,no slope,2022-11-25T23:30:00Z
7414430,26.11.2022 08:00,28.11.2022 14:14,Sa Kaeo,department of highways,large truck with trailer,speeding,rollover/fallen on curved road,1,0,0,rainy,14.13430238,102.6687585,wide curve,slope area,2022-11-26T01:00:00Z
7559054,26.11.2022 08:30,13.01.2023 09:21,Bangkok,department of highways,motorcycle,speeding,rear-end collision,3,0,0,clear,13.76746126,100.5499632,straight road,no slope,2022-11-26T01:30:00Z
7414531,26.11.2022 10:00,29.11.2022 13:21,Nakhon Si Thammarat,department of highways,6-wheel truck,speeding,rollover/fallen on straight road,1,0,0,other,8.978355076,99.89351673,straight road,no slope,2022-11-26T03:00:00Z
7529539,26.11.2022 10:30,31.12.2022 20:44,Trang,department of highways,van,speeding,rear-end collision,2,0,7,clear,7.991467293,99.63480055,wide curve,no slope,2022-11-26T03:30:00Z
7557459,26.11.2022 10:55,12.01.2023 09:26,Chiang Mai,department of highways,4-wheel pickup truck,speeding,rollover/fallen on straight road,1,0,0,clear,18.81019914,99.00245426,other,other,2022-11-26T03:55:00Z
7567269,26.11.2022 10:55,23.01.2023 13:19,Chon Buri,department of highways,private/passenger car,speeding,rollover/fallen on straight road,1,0,1,clear,12.98406909,100.9865351,straight road,no slope,2022-11-26T03:55:00Z
7413781,26.11.2022 10:56,27.11.2022 11:09,Pathum Thani,department of highways,4-wheel pickup truck,speeding,rear-end collision,2,0,0,clear,13.95546386,100.7126637,straight road,no slope,2022-11-26T03:56:00Z
7527032,26.11.2022 11:00,31.12.2022 09:33,Bangkok,department of highways,other,speeding,collision with obstruction (on road surface),1,0,0,clear,13.7321869,100.7079451,other,other,2022-11-26T04:00:00Z
7563782,26.11.2022 11:00,19.01.2023 07:26,Phra Nakhon Si Ayutthaya,department of highways,private/passenger car,speeding,rollover/fallen on curved road,1,0,0,clear,14.17311903,100.6166331,other,other,2022-11-26T04:00:00Z
7438759,26.11.2022 11:10,7.12.2022 10:06,Chachoengsao,department of highways,private/passenger car,speeding,rear-end collision,2,0,0,clear,13.5737341,100.9799474,straight road,no slope,2022-11-26T04:10:00Z
7439112,26.11.2022 11:42,7.12.2022 10:36,Chon Buri,department of highways,private/passenger car,cutting in closely by people/vehicles/animals,rear-end collision,4,0,0,clear,13.20016758,101.0017535,straight road,no slope,2022-11-26T04:42:00Z
7561807,26.11.2022 11:50,17.01.2023 14:54,Uttaradit,department of highways,4-wheel pickup truck,speeding,other,1,0,1,clear,17.82696667,100.0666561,wide curve,slope area,2022-11-26T04:50:00Z
7416254,26.11.2022 12:00,29.11.2022 19:12,Khon Kaen,department of highways,other,speeding,rollover/fallen on straight road,1,0,0,clear,15.72371986,102.5927836,straight road,no slope,2022-11-26T05:00:00Z
7560611,26.11.2022 12:00,16.01.2023 10:04,Nakhon Sawan,department of highways,4-wheel pickup truck,speeding,rollover/fallen on straight road,1,0,0,clear,15.63957584,100.132813,straight road,no slope,2022-11-26T05:00:00Z
7564061,26.11.2022 12:00,19.01.2023 10:11,Samut Sakhon,department of highways,private/passenger car,speeding,rear-end collision,2,0,0,clear,13.54568015,100.2580151,straight road,no slope,2022-11-26T05:00:00Z
7559048,26.11.2022 13:24,13.01.2023 09:20,Bangkok,department of highways,private/passenger car,cutting in closely by people/vehicles/animals,rear-end collision,2,0,1,other,13.80794117,100.5598682,straight road,no slope,2022-11-26T06:24:00Z
7438306,26.11.2022 13:30,7.12.2022 12:34,Chanthaburi,department of rural roads,4-wheel pickup truck,speeding,other,2,1,1,clear,12.706355,101.799913,straight road,no slope,2022-11-26T06:30:00Z
7526993,26.11.2022 13:30,31.12.2022 09:23,Nakhon Pathom,department of highways,4-wheel pickup truck,slippery road,rear-end collision,5,0,0,rainy,14.07912312,100.016102,straight road,no slope,2022-11-26T06:30:00Z
7553699,26.11.2022 13:30,7.01.2023 13:01,Chon Buri,department of highways,6-wheel truck,falling asleep,rear-end collision,3,0,0,clear,13.30452964,100.9995581,straight road,no slope,2022-11-26T06:30:00Z
7559323,26.11.2022 13:30,13.01.2023 12:58,Maha Sarakham,department of highways,4-wheel pickup truck,speeding,rear-end collision,2,0,2,clear,16.3913,103.1204009,straight road,no slope,2022-11-26T06:30:00Z
7439537,26.11.2022 13:45,7.12.2022 13:40,Nakhon Sawan,department of highways,motorcycle,cutting in closely by people/vehicles/animals,rear-end collision,2,0,1,clear,15.26137743,100.3281924,straight road,no slope,2022-11-26T06:45:00Z
7557960,26.11.2022 16:00,12.01.2023 11:49,Nakhon Ratchasima,department of highways,6-wheel truck,speeding,rollover/fallen on straight road,1,0,0,other,14.75697202,102.2655919,straight road,no slope,2022-11-26T09:00:00Z
7414753,26.11.2022 16:42,29.11.2022 11:20,Phetchaburi,department of highways,motorcycle,speeding,rear-end collision,2,2,1,rainy,13.11517721,99.92202759,straight road,no slope,2022-11-26T09:42:00Z
7414368,26.11.2022 17:20,28.11.2022 13:16,Chachoengsao,department of highways,large truck with trailer,speeding,side collision,3,0,0,rainy,13.73074392,101.4783002,straight road,no slope,2022-11-26T10:20:00Z
7419540,26.11.2022 17:30,30.11.2022 13:51,Ubon Ratchathani,department of highways,4-wheel pickup truck,slippery road,rollover/fallen on straight road,1,0,0,rainy,16.00349839,105.2254334,straight road,no slope,2022-11-26T10:30:00Z
7424775,26.11.2022 17:30,2.12.2022 12:09,Mae Hong Son,department of rural roads,passenger pickup truck,cutting in closely by people/vehicles/animals,head-on collision (not overtaking),1,1,0,clear,18.842536,98.063403,straight road,no slope,2022-11-26T10:30:00Z
7561796,26.11.2022 17:30,17.01.2023 14:44,Uttaradit,department of highways,4-wheel pickup truck,speeding,other,1,0,1,rainy,17.39803493,100.2321862,wide curve,slope area,2022-11-26T10:30:00Z
7419393,26.11.2022 17:55,30.11.2022 13:29,Bangkok,department of highways,private/passenger car,speeding,rear-end collision,3,0,3,clear,13.74313041,100.702765,straight road,no slope,2022-11-26T10:55:00Z
7558872,26.11.2022 18:00,13.01.2023 08:04,Kanchanaburi,department of highways,large truck with trailer,vehicle electrical system failure,rollover/fallen on curved road,1,0,0,rainy,15.1608868,98.49294662,sharp curve,slope area,2022-11-26T11:00:00Z
7561457,26.11.2022 18:00,17.01.2023 09:46,Chiang Rai,department of highways,private/passenger car,cutting in closely by people/vehicles/animals,rear-end collision,2,1,1,clear,20.33825031,100.0858784,wide curve,no slope,2022-11-26T11:00:00Z
7561163,26.11.2022 18:24,17.01.2023 06:15,Bangkok,expressway authority of thailand,other,other,rear-end collision,4,0,0,clear,13.76144957,100.5453835,straight road,other,2022-11-26T11:24:00Z
7480660,26.11.2022 19:45,23.12.2022 14:58,Bangkok,department of highways,private/passenger car,speeding,rear-end collision,2,0,0,clear,13.78137874,100.4267536,straight road,no slope,2022-11-26T12:45:00Z