acc_code,incident_datetime,report_datetime,province_en,agency,vehicle_type,presumed_cause,accident_type,number_of_vehicles_involved,number_of_fatalities,number_of_injuries,weather_condition,latitude,longitude,road_description,slope_description,incident_time
7557686,26.11.2022 20:55,12.01.2023 10:31,Ubon Ratchathani,department of highways,large truck with trailer,speeding,rollover/fallen on straight road,1,0,1,clear,15.22993711,105.1637332,straight road,no slope,2022-11-26T13:55:00Z
7569043,26.11.2022 21:20,25.01.2023 08:42,Chon Buri,department of highways,private/passenger car,speeding,rollover/fallen on straight road,1,0,0,clear,13.01456579,100.9964692,straight road,no slope,2022-11-26T14:20:00Z
7555934,26.11.2022 21:30,11.01.2023 08:57,Loei,department of highways,4-wheel pickup truck,insufficient light,rollover/fallen on straight road,1,0,1,clear,17.3866192,101.1572707,straight road,no slope,2022-11-26T14:30:00Z
7398156,26.11.2022 21:53,27.11.2022 03:24,Samut Prakan,expressway authority of thailand,large truck with trailer,other,collision with obstruction (on road surface),2,0,0,clear,13.633934,100.569287,straight road,other,2022-11-26T14:53:00Z
7480158,26.11.2022 22:20,23.12.2022 12:11,Tak,department of highways,7-10-wheel truck,speeding,rear-end collision,2,0,0,clear,17.18832677,99.13317516,straight road,no slope,2022-11-26T15:20:00Z
7424777,26.11.2022 22:30,2.12.2022 12:10,Amnat Charoen,department of rural roads,private/passenger car,speeding,other,1,0,1,clear,15.879183,104.630556,y-intersection,other,2022-11-26T15:30:00Z
7529581,26.11.2022 23:30,31.12.2022 20:53,Krabi,department of highways,private/passenger car,speeding,rear-end collision,2,0,5,clear,8.506820466,98.68157297,other,other,2022-11-26T16:30:00Z
7556651,27.11.2022 00:20,11.01.2023 14:19,Chiang Mai,department of highways,private/passenger car,speeding,rear-end collision,2,0,0,clear,18.73988718,99.04504448,straight road,no slope,2022-11-26T17:20:00Z
7569042,27.11.2022 00:47,25.01.2023 08:41,Chon Buri,department of highways,private/passenger car,speeding,rear-end collision,2,0,0,clear,12.9894587,100.9887047,straight road,no slope,2022-11-26T17:47:00Z
7565314,27.11.2022 01:00,20.01.2023 10:06,Chanthaburi,department of highways,motorcycle,speeding,rollover/fallen on straight road,1,1,0,clear,12.62866925,102.1022558,straight road,no slope,2022-11-26T18:00:00Z
7424338,27.11.2022 01:50,2.12.2022 09:05,Chanthaburi,department of highways,large truck with trailer,speeding,rollover/fallen on curved road,1,0,1,clear,12.84584148,102.265892,wide curve,slope area,2022-11-26T18:50:00Z
7414545,27.11.2022 02:00,28.11.2022 16:23,Samut Prakan,department of highways,private/passenger car,speeding,rollover/fallen on straight road,1,0,0,clear,13.70467257,100.7350159,straight road,no slope,2022-11-26T19:00:00Z
7570931,27.11.2022 02:23,26.01.2023 09:41,Ranong,department of highways,private/passenger car,speeding,rollover/fallen on straight road,1,0,0,rainy,9.794736636,98.59517768,straight road,no slope,2022-11-26T19:23:00Z
7531448,27.11.2022 03:00,1.01.2023 06:22,Si Sa Ket,department of highways,4-wheel pickup truck,speeding,rollover/fallen on straight road,1,0,1,clear,15.23610958,104.0806198,straight road,no slope,2022-11-26T20:00:00Z
7565310,27.11.2022 03:10,20.01.2023 10:04,Chanthaburi,department of highways,motorcycle,speeding,rollover/fallen on straight road,1,1,0,clear,12.61862141,102.0945496,straight road,no slope,2022-11-26T20:10:00Z
7415510,27.11.2022 03:20,29.11.2022 15:45,Bangkok,department of highways,private/passenger car,speeding,rollover/fallen on straight road,1,0,1,clear,13.73760034,100.6597129,straight road,no slope,2022-11-26T20:20:00Z
7414554,27.11.2022 03:45,28.11.2022 16:50,Bangkok,department of highways,4-wheel pickup truck,falling asleep,rollover/fallen on straight road,1,0,0,clear,13.67426038,100.5045095,straight road,no slope,2022-11-26T20:45:00Z
7413795,27.11.2022 04:30,27.11.2022 14:39,Satun,department of highways,van,falling asleep,rollover/fallen on straight road,1,1,0,other,6.662012823,100.0765526,straight road,no slope,2022-11-26T21:30:00Z
7521583,27.11.2022 06:00,30.12.2022 10:42,Phayao,department of highways,motorcycle,speeding,rear-end collision,2,1,0,clear,19.13863094,99.89572254,other,other,2022-11-26T23:00:00Z
7413787,27.11.2022 06:30,27.11.2022 11:37,Bangkok,department of highways,private/passenger car,speeding,rear-end collision,3,0,0,clear,13.77182082,100.6903785,straight road,no slope,2022-11-26T23:30:00Z
7479721,27.11.2022 06:45,23.12.2022 10:02,Tak,department of highways,private/passenger car,falling asleep,rollover/fallen on straight road,1,0,2,clear,16.7017603,99.24651325,straight road,no slope,2022-11-26T23:45:00Z
7421687,27.11.2022 06:50,1.12.2022 06:31,Surat Thani,department of highways,private/passenger car,speeding,rollover/fallen on straight road,1,1,0,clear,9.157551977,99.18151796,straight road,no slope,2022-11-26T23:50:00Z
7556530,27.11.2022 07:30,11.01.2023 13:47,Chiang Mai,department of highways,motorcycle,speeding,rear-end collision,2,0,1,clear,18.87087389,99.13129418,straight road,no slope,2022-11-27T00:30:00Z
7564009,27.11.2022 08:45,19.01.2023 09:43,Samut Sakhon,department of highways,4-wheel pickup truck,worn-out/tire blowout,rollover/fallen on straight road,1,0,0,clear,13.58487186,100.3168632,straight road,no slope,2022-11-27T01:45:00Z
7527235,27.11.2022 09:30,31.12.2022 10:23,Bangkok,department of highways,other,speeding,collision with obstruction (on road surface),1,0,0,clear,13.76274994,100.695256,other,other,2022-11-27T02:30:00Z
7421880,27.11.2022 09:38,1.12.2022 06:46,Surat Thani,department of highways,4-wheel pickup truck,speeding,rollover/fallen on straight road,1,0,1,other,9.153881068,99.54198526,straight road,no slope,2022-11-27T02:38:00Z
7554293,27.11.2022 10:20,9.01.2023 09:44,Pattani,department of highways,4-wheel pickup truck,speeding,rollover/fallen on straight road,2,0,1,clear,6.803666213,101.1402024,straight road,no slope,2022-11-27T03:20:00Z
7414925,27.11.2022 10:45,28.11.2022 10:49,Samut Prakan,department of highways,private/passenger car,speeding,rear-end collision,2,0,0,clear,13.65807272,100.8624133,straight road,no slope,2022-11-27T03:45:00Z
7557559,27.11.2022 11:00,12.01.2023 09:59,Chiang Mai,department of highways,private/passenger car,unfamiliarity with the route/unskilled driving,rollover/fallen on curved road,1,0,0,clear,18.54009733,98.56982174,wide curve,slope area,2022-11-27T04:00:00Z
7553844,27.11.2022 11:30,7.01.2023 16:15,Surat Thani,department of highways,6-wheel truck,speeding,rear-end collision,3,0,2,clear,8.593714703,99.35552607,straight road,no slope,2022-11-27T04:30:00Z
7509290,27.11.2022 11:44,26.12.2022 16:29,Chachoengsao,department of highways,4-wheel pickup truck,speeding,rollover/fallen on straight road,1,0,1,clear,13.56949758,100.9493738,straight road,no slope,2022-11-27T04:44:00Z
7418757,27.11.2022 11:50,30.11.2022 10:42,Pathum Thani,department of highways,motorcycle,speeding,other,2,0,0,clear,14.12689918,100.6184786,other,other,2022-11-27T04:50:00Z
7418078,27.11.2022 11:58,30.11.2022 06:40,Phra Nakhon Si Ayutthaya,department of highways,private/passenger car,speeding,rollover/fallen on curved road,1,0,0,clear,14.18913931,100.6341152,wide curve,slope area,2022-11-27T04:58:00Z
7559365,27.11.2022 12:28,13.01.2023 13:52,Bangkok,department of highways,motorcycle,speeding,rollover/fallen on straight road,1,0,1,clear,13.78469722,100.4583515,straight road,no slope,2022-11-27T05:28:00Z
7438039,27.11.2022 12:50,7.12.2022 10:46,Chon Buri,department of highways,4-wheel pickup truck,speeding,rear-end collision,2,0,0,clear,13.30299743,100.9944378,wide curve,no slope,2022-11-27T05:50:00Z
7474233,27.11.2022 13:00,20.12.2022 13:34,Nakhon Phanom,department of highways,4-wheel pickup truck,cutting in closely by people/vehicles/animals,other,2,1,1,clear,17.95191753,104.2182921,connecting to private area,other,2022-11-27T06:00:00Z
7414282,27.11.2022 13:30,28.11.2022 11:14,Bangkok,department of highways,4-wheel pickup truck,speeding,rear-end collision,3,0,0,clear,13.82999326,100.6738146,straight road,no slope,2022-11-27T06:30:00Z
7442332,27.11.2022 13:30,8.12.2022 10:13,unknown,department of highways,motorcycle,unfamiliarity with the route/unskilled driving,rollover/fallen on straight road,1,1,0,clear,6.581778219,101.261901,other,other,2022-11-27T06:30:00Z
7422476,27.11.2022 13:40,1.12.2022 09:44,Chachoengsao,department of highways,van,speeding,rollover/fallen on curved road,1,0,12,clear,13.7470359,101.4762846,wide curve,no slope,2022-11-27T06:40:00Z
7529517,27.11.2022 14:50,31.12.2022 20:38,Trang,department of highways,4-wheel pickup truck,speeding,rollover/fallen on straight road,1,2,2,clear,7.583581736,99.34454868,straight road,no slope,2022-11-27T07:50:00Z
7413629,27.11.2022 15:30,29.11.2022 12:36,Phetchabun,department of rural roads,motorcycle,speeding,other,2,1,2,clear,15.908739,101.029433,wide curve,no slope,2022-11-27T08:30:00Z
7425270,27.11.2022 16:15,2.12.2022 15:57,Phrae,department of highways,4-wheel pickup truck,speeding,rollover/fallen on straight road,1,0,0,clear,18.19680915,100.1918806,straight road,no slope,2022-11-27T09:15:00Z
7414145,27.11.2022 16:38,28.11.2022 10:37,Bangkok,department of highways,private/passenger car,speeding,rear-end collision,2,0,0,clear,13.72930805,100.7326681,straight road,no slope,2022-11-27T09:38:00Z
7438389,27.11.2022 16:52,7.12.2022 11:04,Chon Buri,department of highways,4-wheel pickup truck,speeding,rear-end collision,3,0,0,clear,13.48687697,101.0466092,straight road,no slope,2022-11-27T09:52:00Z
7558296,27.11.2022 17:14,12.01.2023 14:26,Nakhon Ratchasima,department of highways,4-wheel pickup truck,speeding,rollover/fallen on straight road,1,0,1,clear,15.20620892,101.7845133,straight road,no slope,2022-11-27T10:14:00Z
7479691,27.11.2022 17:30,23.12.2022 09:58,Tak,department of highways,4-wheel pickup truck,speeding,rear-end collision,2,0,2,clear,16.76854664,99.18823287,straight road,no slope,2022-11-27T10:30:00Z
7558302,27.11.2022 17:30,12.01.2023 14:27,Prachin Buri,department of highways,private/passenger car,reversing vehicle,collision with obstruction (on road surface),2,1,0,clear,14.09725125,101.4553608,straight road,no slope,2022-11-27T10:30:00Z
7568091,27.11.2022 17:30,24.01.2023 09:34,Prachuap Khiri Khan,department of highways,4-wheel pickup truck,using mobile phone while driving,rollover/fallen on curved road,1,0,0,clear,12.16621332,99.84393373,other,other,2022-11-27T10:30:00Z
7561528,27.11.2022 18:20,17.01.2023 10:15,Phitsanulok,department of highways,private/passenger car,aggressive driving/overtaking,pedestrian collision,1,1,0,clear,16.70735815,100.4309994,wide curve,no slope,2022-11-27T11:20:00Z
7514851,27.11.2022 18:29,28.12.2022 15:18,Samut Prakan,expressway authority of thailand,other,other,rear-end collision,3,0,0,clear,13.603377,100.780842,straight road,other,2022-11-27T11:29:00Z
7414095,27.11.2022 18:51,28.11.2022 10:08,Bangkok,department of highways,private/passenger car,speeding,rear-end collision,3,0,0,clear,13.72972435,100.7290533,straight road,no slope,2022-11-27T11:51:00Z
7558865,27.11.2022 19:20,13.01.2023 07:55,Saraburi,department of highways,van,speeding,pedestrian collision,1,0,1,clear,14.62330563,101.0953204,straight road,no slope,2022-11-27T12:20:00Z
7563772,27.11.2022 19:30,19.01.2023 07:17,Phra Nakhon Si Ayutthaya,department of highways,4-wheel pickup truck,speeding,rollover/fallen on straight road,1,0,1,clear,14.33443741,100.491122,straight road,no slope,2022-11-27T12:30:00Z
7564090,27.11.2022 19:45,19.01.2023 10:23,Samut Sakhon,department of highways,private/passenger car,speeding,rollover/fallen on straight road,1,0,0,clear,13.53965451,100.2294186,straight road,no slope,2022-11-27T12:45:00Z
7438996,27.11.2022 20:30,7.12.2022 13:39,Nakhon Sawan,department of highways,private/passenger car,speeding,pedestrian collision,1,1,0,clear,15.26466273,100.3427348,other,other,2022-11-27T13:30:00Z
7422078,27.11.2022 21:20,1.12.2022 08:26,Saraburi,department of highways,7-10-wheel truck,speeding,rollover/fallen on straight road,1,0,0,clear,14.60825865,101.0680152,straight road,no slope,2022-11-27T14:20:00Z
7514853,27.11.2022 21:24,28.12.2022 15:18,Samut Prakan,expressway authority of thailand,7-10-wheel truck,other,collision with obstruction (on road surface),2,0,4,clear,13.574105,100.901743,straight road,other,2022-11-27T14:24:00Z
7479860,27.11.2022 22:10,23.12.2022 11:11,Sukhothai,department of highways,private/passenger car,speeding,rollover/fallen on straight road,1,0,1,clear,17.00909922,99.80560362,other,other,2022-11-27T15:10:00Z
7514854,27.11.2022 22:30,28.12.2022 15:18,Samut Prakan,expressway authority of thailand,other,other,other,1,0,0,clear,13.603182,100.652896,wide curve,other,2022-11-27T15:30:00Z
7559378,27.11.2022 22:30,13.01.2023 14:01,Nakhon Nayok,department of highways,private/passenger car,speeding,rear-end collision,2,2,1,clear,14.23897133,101.0711435,straight road,no slope,2022-11-27T15:30:00Z
7559326,27.11.2022 23:00,13.01.2023 12:59,Bangkok,department of highways,7-10-wheel truck,speeding,rear-end collision,2,0,0,clear,13.77319406,100.4081289,straight road,no slope,2022-11-27T16:00:00Z
7561145,27.11.2022 23:00,17.01.2023 06:00,Bangkok,expressway authority of thailand,other,other,rear-end collision,2,0,0,clear,13.71719812,100.5552771,y-intersection,other,2022-11-27T16:00:00Z
7558821,27.11.2022 23:20,13.01.2023 07:06,Saraburi,department of highways,large truck with trailer,driving under the influence of alcohol,rollover/fallen on straight road,1,0,0,clear,14.41185585,100.8394618,other,other,2022-11-27T16:20:00Z
7442102,28.11.2022 00:15,8.12.2022 10:10,Phrae,department of highways,4-wheel pickup truck,speeding,rollover/fallen on straight road,1,0,0,clear,18.22462549,100.2020502,straight road,no slope,2022-11-27T17:15:00Z
7553698,28.11.2022 00:40,7.01.2023 13:01,Chon Buri,department of highways,large truck with trailer,falling asleep,rollover/fallen on straight road,1,0,0,clear,13.30450354,100.9995447,straight road,no slope,2022-11-27T17:40:00Z
7554392,28.11.2022 02:04,9.01.2023 11:04,Chiang Mai,department of highways,private/passenger car,speeding,rollover/fallen on straight road,1,0,0,clear,18.84764341,99.01377127,other,other,2022-11-27T19:04:00Z
7557870,28.11.2022 02:10,12.01.2023 11:19,Buri Ram,department of highways,private/passenger car,speeding,rollover/fallen on straight road,1,0,0,clear,15.55161623,103.0109106,straight road,no slope,2022-11-27T19:10:00Z
7418468,28.11.2022 02:50,30.11.2022 09:07,Bangkok,department of highways,7-10-wheel truck,speeding,other,1,0,0,clear,13.75612848,100.6990622,straight road,no slope,2022-11-27T19:50:00Z
7414690,28.11.2022 03:30,29.11.2022 09:57,Prachuap Khiri Khan,department of highways,private/passenger car,speeding,rollover/fallen on straight road,1,1,0,clear,12.17174169,99.84405041,straight road,no slope,2022-11-27T20:30:00Z
7564091,28.11.2022 03:31,19.01.2023 10:23,Samut Sakhon,department of highways,private/passenger car,speeding,rear-end collision,2,0,0,clear,13.54262917,100.2390691,straight road,no slope,2022-11-27T20:31:00Z
7568104,28.11.2022 03:40,24.01.2023 09:36,Prachuap Khiri Khan,department of highways,large truck with trailer,speeding,rollover/fallen on straight road,1,0,0,clear,11.93657543,99.81857367,straight road,no slope,2022-11-27T20:40:00Z
7418071,28.11.2022 04:25,30.11.2022 06:28,Bangkok,department of highways,large truck with trailer,speeding,rear-end collision,2,0,1,clear,13.83634933,100.6733935,straight road,no slope,2022-11-27T21:25:00Z
7439390,28.11.2022 05:00,7.12.2022 13:46,Loburi,department of highways,private/passenger car,falling asleep,rollover/fallen on straight road,1,0,0,clear,15.08900512,101.0114854,straight road,no slope,2022-11-27T22:00:00Z
7564094,28.11.2022 05:14,19.01.2023 10:24,Samut Sakhon,department of highways,4-wheel pickup truck,speeding,other,1,0,0,clear,13.54351321,100.2463645,straight road,no slope,2022-11-27T22:14:00Z
7562842,28.11.2022 05:50,18.01.2023 12:03,Surat Thani,department of highways,private/passenger car,speeding,rear-end collision,2,2,0,foggy,8.642438165,99.03566614,straight road,no slope,2022-11-27T22:50:00Z
7568968,28.11.2022 06:00,25.01.2023 07:46,Khon Kaen,department of highways,6-wheel truck,speeding,rollover/fallen on straight road,1,0,0,clear,16.48473182,102.5232692,straight road,no slope,2022-11-27T23:00:00Z
7541929,28.11.2022 06:30,3.01.2023 11:10,Ubon Ratchathani,department of highways,4-wheel pickup truck,using mobile phone while driving,rollover/fallen on straight road,1,0,1,clear,15.37338792,104.5929578,straight road,no slope,2022-11-27T23:30:00Z
7439115,28.11.2022 07:34,7.12.2022 10:48,Chon Buri,department of highways,van,cutting in closely by people/vehicles/animals,rear-end collision,3,0,0,clear,13.33162743,100.9892356,straight road,no slope,2022-11-28T00:34:00Z
7414919,28.11.2022 08:15,28.11.2022 10:45,Bangkok,department of highways,private/passenger car,speeding,rear-end collision,2,0,1,clear,13.75436991,100.7001485,straight road,no slope,2022-11-28T01:15:00Z
7480309,28.11.2022 09:30,23.12.2022 12:07,Tak,department of highways,7-10-wheel truck,falling asleep,rollover/fallen on curved road,1,0,0,foggy,16.43249765,99.0002811,wide curve,no slope,2022-11-28T02:30:00Z
7559434,28.11.2022 09:40,13.01.2023 14:37,Bangkok,department of highways,motorcycle,speeding,rear-end collision,2,0,1,clear,13.66870785,100.6294602,straight road,no slope,2022-11-28T02:40:00Z
7424348,28.11.2022 10:00,2.12.2022 09:04,Pathum Thani,department of highways,other,speeding,rollover/fallen on straight road,1,0,0,clear,14.04520176,100.6981596,straight road,no slope,2022-11-28T03:00:00Z
7554272,28.11.2022 10:00,9.01.2023 09:29,Kanchanaburi,department of highways,private/passenger car,speeding,rollover/fallen on straight road,1,0,1,clear,13.97377031,99.31176737,other,other,2022-11-28T03:00:00Z
7558276,28.11.2022 10:00,12.01.2023 14:24,Nakhon Ratchasima,department of highways,6-wheel truck,speeding,rear-end collision,2,0,0,clear,14.8694943,101.7906086,straight road,no slope,2022-11-28T03:00:00Z
7564101,28.11.2022 10:00,19.01.2023 10:26,Samut Sakhon,department of highways,4-wheel pickup truck,speeding,rear-end collision,3,0,2,clear,13.52351604,100.1815397,straight road,no slope,2022-11-28T03:00:00Z
7567376,28.11.2022 10:19,23.01.2023 14:39,Chon Buri,department of highways,large truck with trailer,speeding,rollover/fallen on straight road,1,0,1,rainy,12.88042539,101.0571044,straight road,no slope,2022-11-28T03:19:00Z
7479730,28.11.2022 10:30,23.12.2022 10:05,Sukhothai,department of highways,tractor/agricultural vehicle,speeding,rollover/fallen on straight road,1,0,1,clear,16.81704136,99.79051754,other,other,2022-11-28T03:30:00Z
7558303,28.11.2022 11:00,12.01.2023 14:29,Prachin Buri,department of highways,private/passenger car,reversing vehicle,collision with obstruction (on road surface),2,0,1,clear,14.15993257,101.3648696,straight road,no slope,2022-11-28T04:00:00Z
7564075,28.11.2022 13:00,19.01.2023 10:16,Nakhon Pathom,department of highways,4-wheel pickup truck,speeding,rollover/fallen on straight road,1,0,0,rainy,13.72329763,100.2988553,straight road,no slope,2022-11-28T06:00:00Z
7418055,28.11.2022 13:15,30.11.2022 06:23,Bangkok,department of highways,private/passenger car,speeding,rear-end collision,3,0,0,clear,13.73062285,100.720915,straight road,no slope,2022-11-28T06:15:00Z
7566943,28.11.2022 13:40,23.01.2023 07:28,Chon Buri,department of highways,other,speeding,rollover/fallen on straight road,1,0,0,clear,13.1681387,101.1621736,straight road,no slope,2022-11-28T06:40:00Z
7555933,28.11.2022 14:00,11.01.2023 08:57,Loei,department of highways,4-wheel pickup truck,unfamiliarity with the route/unskilled driving,rollover/fallen on curved road,1,0,1,clear,17.47844437,101.5522514,wide curve,no slope,2022-11-28T07:00:00Z
7477136,28.11.2022 14:15,21.12.2022 14:47,Yasothon,department of highways,4-wheel pickup truck,speeding,rear-end collision,3,0,2,clear,16.20961878,104.5520018,other,other,2022-11-28T07:15:00Z
7479818,28.11.2022 14:36,23.12.2022 11:06,Sukhothai,department of highways,6-wheel truck,cutting in closely by people/vehicles/animals,rear-end collision,2,0,1,clear,17.00728071,99.80889469,straight road,no slope,2022-11-28T07:36:00Z
7560856,28.11.2022 14:52,16.01.2023 14:52,Phrae,department of highways,4-wheel pickup truck,falling asleep,rollover/fallen on straight road,1,0,1,rainy,18.37959685,100.1994351,straight road,no slope,2022-11-28T07:52:00Z
7561373,28.11.2022 15:00,17.01.2023 09:02,Phrae,department of highways,4-wheel pickup truck,speeding,rear-end collision,2,0,3,clear,18.14507438,100.1009068,other,other,2022-11-28T08:00:00Z
7421986,28.11.2022 15:29,1.12.2022 06:44,Surat Thani,department of highways,4-wheel pickup truck,speeding,rear-end collision,2,1,0,clear,8.810047881,99.3133792,straight road,no slope,2022-11-28T08:29:00Z
7559052,28.11.2022 15:40,13.01.2023 09:21,Bangkok,department of highways,private/passenger car,speeding,rear-end collision,2,0,0,clear,13.83935171,100.5577311,straight road,no slope,2022-11-28T08:40:00Z
7559369,28.11.2022 16:00,13.01.2023 13:54,Bangkok,department of highways,private/passenger car,speeding,rear-end collision,2,0,0,clear,13.78592962,100.4622754,straight road,no slope,2022-11-28T09:00:00Z
7564106,28.11.2022 16:00,19.01.2023 10:28,Samut Sakhon,department of highways,4-wheel pickup truck,speeding,rear-end collision,2,0,0,clear,13.53643441,100.2198415,straight road,no slope,2022-11-28T09:00:00Z
7560797,28.11.2022 16:18,16.01.2023 14:13,Nan,department of highways,van,cutting in closely by people/vehicles/animals,head-on collision (not overtaking),2,0,3,clear,18.54294327,100.6822163,straight road,no slope,2022-11-28T09:18:00Z
7439337,28.11.2022 16:19,7.12.2022 10:51,Chon Buri,department of highways,large passenger vehicle,speeding,rear-end collision,2,0,1,clear,13.30593002,100.9938303,straight road,no slope,2022-11-28T09:19:00Z
7562489,28.11.2022 16:19,18.01.2023 09:10,Phichit,department of highways,large passenger vehicle,unfamiliarity with the route/unskilled driving,rollover/fallen on straight road,1,0,38,clear,16.19928087,100.4875094,straight road,no slope,2022-11-28T09:19:00Z
7565517,28.11.2022 16:30,20.01.2023 11:38,Chachoengsao,department of highways,4-wheel pickup truck,speeding,rear-end collision,2,0,0,clear,13.50376892,100.9746887,straight road,no slope,2022-11-28T09:30:00Z
7569017,28.11.2022 16:56,25.01.2023 08:38,Chon Buri,department of highways,private/passenger car,speeding,rollover/fallen on straight road,1,0,0,clear,12.88080998,100.9744792,straight road,no slope,2022-11-28T09:56:00Z
7421384,28.11.2022 17:00,1.12.2022 14:28,Lamphun,department of rural roads,motorcycle,illegal overtaking,other,2,1,1,clear,18.344057,98.721326,straight road,other,2022-11-28T10:00:00Z
7561416,28.11.2022 17:30,17.01.2023 09:27,Chiang Rai,department of highways,4-wheel pickup truck,slippery road,rollover/fallen on curved road,1,0,0,clear,20.04472687,100.5026113,wide curve,no slope,2022-11-28T10:30:00Z
7557557,28.11.2022 18:10,12.01.2023 09:57,Lamphun,department of highways,motorcycle,speeding,rear-end collision,2,1,1,clear,18.431307,98.86798293,straight road,no slope,2022-11-28T11:10:00Z
7478180,28.11.2022 19:30,22.12.2022 14:10,Bangkok,department of highways,private/passenger car,cutting in closely by people/vehicles/animals,rear-end collision,3,0,0,clear,13.7861302,100.4633953,other,other,2022-11-28T12:30:00Z
7480280,28.11.2022 19:40,23.12.2022 12:08,Tak,department of highways,7-10-wheel truck,speeding,rollover/fallen on curved road,1,0,1,rainy,16.7996021,98.59501138,wide curve,no slope,2022-11-28T12:40:00Z
7562699,28.11.2022 19:50,18.01.2023 10:37,Surat Thani,department of highways,6-wheel truck,speeding,rear-end collision,2,0,1,clear,9.534643325,99.13257167,straight road,no slope,2022-11-28T12:50:00Z
7564104,28.11.2022 20:00,19.01.2023 10:27,Samut Sakhon,department of highways,motorcycle,speeding,rollover/fallen on straight road,1,0,1,clear,13.53496397,100.2154895,straight road,no slope,2022-11-28T13:00:00Z
7563121,28.11.2022 21:50,18.01.2023 14:25,Phitsanulok,department of highways,4-wheel pickup truck,falling asleep,rollover/fallen on curved road,1,0,1,clear,16.68982012,100.5426064,wide curve,no slope,2022-11-28T14:50:00Z
7424060,29.11.2022 00:10,2.12.2022 07:54,Uttaradit,department of rural roads,motorcycle,speeding,other,1,1,0,dark,17.838003,100.367993,wide curve,slope area,2022-11-28T17:10:00Z
7562282,29.11.2022 00:45,18.01.2023 06:30,Nakhon Si Thammarat,department of highways,4-wheel pickup truck,speeding,rollover/fallen on straight road,2,0,1,clear,8.714065809,99.92605895,other,other,2022-11-28T17:45:00Z
7444984,29.11.2022 02:00,8.12.2022 15:17,Phra Nakhon Si Ayutthaya,department of highways,large truck with trailer,falling asleep,rollover/fallen on straight road,1,0,0,clear,14.31571244,100.6132141,straight road,no slope,2022-11-28T19:00:00Z
7568236,29.11.2022 04:30,24.01.2023 11:10,Ratchaburi,department of highways,7-10-wheel truck,falling asleep,rear-end collision,2,1,1,clear,13.57615683,99.8299803,straight road,no slope,2022-11-28T21:30:00Z
7558894,29.11.2022 05:30,13.01.2023 08:12,Suphan Buri,department of highways,4-wheel pickup truck,falling asleep,other,1,0,1,clear,14.46122937,100.1820879,wide curve,no slope,2022-11-28T22:30:00Z
7557972,29.11.2022 06:05,12.01.2023 11:53,Buri Ram,department of highways,6-wheel truck,loss of control,rollover/fallen on straight road,1,0,0,rainy,14.60730123,103.0129476,straight road,no slope,2022-11-28T23:05:00Z
7561717,29.11.2022 07:40,17.01.2023 13:59,Uttaradit,department of highways,4-wheel pickup truck,falling asleep,rollover/fallen on straight road,1,0,1,clear,17.29352124,100.2335823,straight road,no slope,2022-11-29T00:40:00Z
7557546,29.11.2022 08:30,12.01.2023 09:57,Lamphun,department of highways,large truck with trailer,speeding,rear-end collision,2,0,0,clear,18.44219304,99.20477673,wide curve,no slope,2022-11-29T01:30:00Z
7424417,29.11.2022 08:34,2.12.2022 09:29,Pathum Thani,department of highways,other,speeding,rollover/fallen on straight road,1,0,0,clear,14.06898692,100.6963103,straight road,no slope,2022-11-29T01:34:00Z
7521305,29.11.2022 09:00,30.12.2022 09:36,Chon Buri,department of highways,4-wheel pickup truck,speeding,rollover/fallen on straight road,1,0,0,clear,13.40242789,101.003945,straight road,no slope,2022-11-29T02:00:00Z
7557465,29.11.2022 09:00,12.01.2023 09:32,Lampang,department of highways,7-10-wheel truck,speeding,rollover/fallen on straight road,1,0,0,clear,17.6594406,99.24894037,straight road,no slope,2022-11-29T02:00:00Z
7514143,29.11.2022 10:00,28.12.2022 09:18,Kamphaeng Phet,department of highways,other,speeding,rollover/fallen on straight road,1,0,0,clear,16.26480847,99.34668613,straight road,no slope,2022-11-29T03:00:00Z
7564111,29.11.2022 10:40,19.01.2023 10:29,Samut Sakhon,department of highways,4-wheel pickup truck,speeding,other,1,0,0,clear,13.53232146,100.2076551,straight road,no slope,2022-11-29T03:40:00Z
7567396,29.11.2022 11:00,23.01.2023 14:48,Trat,department of highways,large truck with trailer,speeding,rollover/fallen on curved road,1,0,2,clear,11.65957423,102.9074343,wide curve,slope area,2022-11-29T04:00:00Z
7415237,29.11.2022 11:35,29.11.2022 14:57,Bangkok,department of highways,large truck with trailer,speeding,rear-end collision,2,0,0,clear,13.72940527,100.7390313,straight road,no slope,2022-11-29T04:35:00Z
7415120,29.11.2022 12:18,29.11.2022 14:37,Bangkok,department of highways,6-wheel truck,speeding,rear-end collision,3,0,0,clear,13.72937904,100.7381219,straight road,no slope,2022-11-29T05:18:00Z
7556312,29.11.2022 12:45,11.01.2023 11:59,Maha Sarakham,department of highways,4-wheel pickup truck,falling asleep,rollover/fallen on straight road,1,0,1,clear,16.1816962,103.1736213,straight road,no slope,2022-11-29T05:45:00Z
7480317,29.11.2022 13:00,23.12.2022 14:20,Bangkok,department of highways,private/passenger car,speeding,rear-end collision,2,0,0,clear,13.78085904,100.445006,straight road,no slope,2022-11-29T06:00:00Z
7554437,29.11.2022 13:00,9.01.2023 11:25,Lamphun,department of highways,other,speeding,other,1,0,0,clear,18.43340043,99.06589463,wide curve,no slope,2022-11-29T06:00:00Z