acc_code,incident_datetime,report_datetime,province_en,agency,vehicle_type,presumed_cause,accident_type,number_of_vehicles_involved,number_of_fatalities,number_of_injuries,weather_condition,latitude,longitude,road_description,slope_description,incident_time
7565301,29.11.2022 13:40,20.01.2023 09:58,Chanthaburi,department of highways,4-wheel pickup truck,speeding,collision with obstruction (on road surface),2,0,2,rainy,12.53766329,102.125178,straight road,no slope,2022-11-29T06:40:00Z
7562275,29.11.2022 15:05,18.01.2023 06:28,Nakhon Si Thammarat,department of highways,4-wheel pickup truck,speeding,rollover/fallen on straight road,1,0,0,clear,8.325422461,100.1936961,straight road,no slope,2022-11-29T08:05:00Z
7481385,29.11.2022 15:14,23.12.2022 13:52,Phetchabun,department of highways,4-wheel pickup truck,failure to yield/signal,rear-end collision,2,0,1,clear,16.70344567,101.1740873,straight road,no slope,2022-11-29T08:14:00Z
7556659,29.11.2022 15:49,11.01.2023 14:22,Chiang Mai,department of highways,motorcycle,speeding,head-on collision (not overtaking),2,0,2,rainy,19.09512919,99.150233,wide curve,no slope,2022-11-29T08:49:00Z
7518720,29.11.2022 15:55,29.12.2022 11:39,Samut Prakan,expressway authority of thailand,other,other,rear-end collision,2,0,0,clear,13.624866,100.728881,straight road,other,2022-11-29T08:55:00Z
7561384,29.11.2022 16:00,17.01.2023 09:08,Phrae,department of highways,6-wheel truck,slippery road,head-on collision (not overtaking),2,0,0,rainy,18.15445965,99.97891216,straight road,no slope,2022-11-29T09:00:00Z
7558262,29.11.2022 16:20,12.01.2023 14:19,Sa Kaeo,department of highways,large passenger vehicle,slippery road,rollover/fallen on straight road,1,0,8,rainy,14.13414502,102.668969,straight road,slope area,2022-11-29T09:20:00Z
7481410,29.11.2022 17:00,23.12.2022 13:53,Phetchabun,department of highways,private/passenger car,speeding,rear-end collision,2,0,1,clear,16.74600974,101.2153029,other,other,2022-11-29T10:00:00Z
7480064,29.11.2022 18:15,23.12.2022 11:55,Tak,department of highways,4-wheel pickup truck,speeding,rollover/fallen on curved road,1,0,0,clear,16.7462164,98.86357337,wide curve,no slope,2022-11-29T11:15:00Z
7518734,29.11.2022 18:19,29.12.2022 11:39,Samut Prakan,expressway authority of thailand,other,other,rear-end collision,3,0,0,clear,13.639179,100.679182,straight road,other,2022-11-29T11:19:00Z
7476117,29.11.2022 18:30,21.12.2022 09:32,buogkan,department of highways,7-10-wheel truck,speeding,collision with obstruction (on road surface),2,0,1,clear,18.35967426,103.647942,straight road,no slope,2022-11-29T11:30:00Z
7508148,29.11.2022 18:30,26.12.2022 08:59,Sakon Nakhon,department of highways,motorcycle,loss of control,rear-end collision,2,0,2,clear,17.38199908,103.7475084,straight road,no slope,2022-11-29T11:30:00Z
7446619,29.11.2022 19:14,9.12.2022 13:31,unknown,department of highways,4-wheel pickup truck,speeding,rear-end collision,2,1,0,clear,16.049213429999998,102.9385377,straight road,no slope,2022-11-29T12:14:00Z
7542936,29.11.2022 20:10,3.01.2023 15:10,Loei,department of highways,7-10-wheel truck,unfamiliarity with the route/unskilled driving,rollover/fallen on curved road,1,0,1,clear,17.26178439,101.1254248,wide curve,slope area,2022-11-29T13:10:00Z
7439187,29.11.2022 20:25,7.12.2022 10:37,Chon Buri,department of highways,4-wheel pickup truck,speeding,rear-end collision,2,0,0,clear,13.04460381,100.99631,straight road,no slope,2022-11-29T13:25:00Z
7557777,29.11.2022 20:35,12.01.2023 10:50,Nakhon Ratchasima,department of highways,7-10-wheel truck,loss of control,rollover/fallen on straight road,1,0,0,clear,15.20883711,102.0644778,straight road,no slope,2022-11-29T13:35:00Z
7480208,29.11.2022 21:10,23.12.2022 12:00,Tak,department of highways,large passenger vehicle,brake/anti-lock brake system failure,rollover/fallen on straight road,1,3,44,clear,16.81344041,98.9741765,straight road,slope area,2022-11-29T14:10:00Z
7421067,29.11.2022 21:57,1.12.2022 07:45,Tak,department of rural roads,motorcycle,driving under the influence of alcohol,other,1,1,0,clear,16.813298,98.569685,wide curve,no slope,2022-11-29T14:57:00Z
7418407,29.11.2022 22:20,30.11.2022 08:46,Nakhon Si Thammarat,department of highways,large truck with trailer,falling asleep,rollover/fallen on straight road,1,0,0,clear,8.011244759,99.90134928,straight road,no slope,2022-11-29T15:20:00Z
7473406,29.11.2022 22:23,20.12.2022 11:19,buogkan,department of highways,motorcycle,speeding,rear-end collision,3,1,1,clear,17.93003737,103.9729403,straight road,no slope,2022-11-29T15:23:00Z
7418837,29.11.2022 22:25,30.11.2022 10:47,Samut Prakan,department of highways,private/passenger car,speeding,rear-end collision,2,0,0,clear,13.65020203,100.8746573,straight road,no slope,2022-11-29T15:25:00Z
7557805,29.11.2022 23:10,12.01.2023 10:59,Surat Thani,department of highways,large truck with trailer,speeding,rear-end collision,2,0,0,clear,8.739870143,99.33255917,straight road,no slope,2022-11-29T16:10:00Z
7421063,29.11.2022 23:20,1.12.2022 07:43,Rayong,department of rural roads,private/passenger car,speeding,other,2,0,2,dark,12.854339,101.122516,four-way intersection,other,2022-11-29T16:20:00Z
7564014,29.11.2022 23:30,19.01.2023 09:46,Samut Sakhon,department of highways,4-wheel pickup truck,speeding,rear-end collision,2,0,0,clear,13.5881135,100.3254011,straight road,no slope,2022-11-29T16:30:00Z
7418581,29.11.2022 23:55,30.11.2022 09:32,Samut Prakan,department of highways,4-wheel pickup truck,speeding,rear-end collision,2,1,0,clear,13.64961764,100.6869949,straight road,no slope,2022-11-29T16:55:00Z
7541697,30.11.2022 02:37,3.01.2023 10:07,Surin,department of highways,van,speeding,rollover/fallen on straight road,1,0,1,clear,14.83258825,103.4873953,straight road,no slope,2022-11-29T19:37:00Z
7559334,30.11.2022 02:45,13.01.2023 13:08,Bangkok,department of highways,private/passenger car,speeding,rear-end collision,2,0,0,clear,13.78314882,100.4094668,straight road,no slope,2022-11-29T19:45:00Z
7518182,30.11.2022 03:00,29.12.2022 13:36,Mukdahan,department of highways,large truck with trailer,speeding,rollover/fallen on straight road,1,0,1,clear,16.38975293,104.8554641,straight road,no slope,2022-11-29T20:00:00Z
7557757,30.11.2022 03:00,12.01.2023 10:48,Nakhon Ratchasima,department of highways,private/passenger car,loss of control,rollover/fallen on straight road,1,0,1,clear,15.50825768,102.7488336,straight road,no slope,2022-11-29T20:00:00Z
7476752,30.11.2022 04:30,21.12.2022 09:55,Chanthaburi,department of highways,4-wheel pickup truck,using mobile phone while driving,rollover/fallen on straight road,1,0,0,clear,12.3968285,102.3540821,straight road,no slope,2022-11-29T21:30:00Z
7558281,30.11.2022 04:40,12.01.2023 14:21,Nakhon Ratchasima,department of highways,7-10-wheel truck,speeding,rear-end collision,2,1,0,clear,14.74443631,102.3574619,straight road,no slope,2022-11-29T21:40:00Z
7439391,30.11.2022 06:00,7.12.2022 13:57,Saraburi,department of highways,van,unfamiliarity with the route/unskilled driving,rollover/fallen on straight road,1,0,1,clear,14.66913544,100.8871869,wide curve,no slope,2022-11-29T23:00:00Z
7473955,30.11.2022 06:00,20.12.2022 10:38,Phatthalung,department of highways,4-wheel pickup truck,speeding,rollover/fallen on straight road,1,0,1,clear,7.826274745,99.94277567,straight road,no slope,2022-11-29T23:00:00Z
7480154,30.11.2022 06:30,23.12.2022 11:58,Kamphaeng Phet,department of highways,6-wheel truck,falling asleep,rollover/fallen on straight road,1,0,1,clear,16.57520086,99.4416695,straight road,no slope,2022-11-29T23:30:00Z
7470088,30.11.2022 07:20,19.12.2022 10:32,Songkhla,department of highways,private/passenger car,speeding,rollover/fallen on straight road,1,0,1,clear,6.951940205,100.6925268,straight road,no slope,2022-11-30T00:20:00Z
7511754,30.11.2022 07:20,27.12.2022 11:02,Maha Sarakham,department of highways,4-wheel pickup truck,worn-out/tire blowout,rear-end collision,2,0,0,clear,16.04499889,102.8690256,straight road,no slope,2022-11-30T00:20:00Z
7556593,30.11.2022 07:32,11.01.2023 14:07,Chiang Mai,department of highways,4-wheel pickup truck,worn-out/tire blowout,rollover/fallen on straight road,1,0,0,clear,18.71625261,99.04338632,straight road,no slope,2022-11-30T00:32:00Z
7567395,30.11.2022 08:00,23.01.2023 14:47,Trat,department of highways,motorcycle,speeding,rollover/fallen on straight road,1,0,2,clear,12.0987468,102.7037533,straight road,no slope,2022-11-30T01:00:00Z
7421064,30.11.2022 09:00,1.12.2022 07:44,Bangkok,department of rural roads,private/passenger car,sudden stop,other,3,0,0,clear,13.662875,100.515885,grade-separated intersection/ramps,other,2022-11-30T02:00:00Z
7529537,30.11.2022 09:00,31.12.2022 20:42,Trang,department of highways,other,speeding,rollover/fallen on straight road,1,0,0,clear,7.647948252,99.56533134,straight road,no slope,2022-11-30T02:00:00Z
7424359,30.11.2022 09:30,2.12.2022 09:04,Chon Buri,department of highways,other,speeding,rollover/fallen on straight road,1,0,0,clear,13.44203864,101.0004164,straight road,no slope,2022-11-30T02:30:00Z
7480177,30.11.2022 09:40,23.12.2022 11:59,Tak,department of highways,6-wheel truck,speeding,rear-end collision,2,0,0,clear,16.76206487,98.87570497,straight road,slope area,2022-11-30T02:40:00Z
7556310,30.11.2022 10:00,11.01.2023 11:58,Maha Sarakham,department of highways,large truck with trailer,aggressive driving/overtaking,pedestrian collision,1,0,0,clear,16.27029145,102.9770409,straight road,no slope,2022-11-30T03:00:00Z
7556236,30.11.2022 10:10,11.01.2023 11:25,Maha Sarakham,department of highways,4-wheel pickup truck,speeding,rear-end collision,2,0,0,clear,15.84267812,103.3718701,other,other,2022-11-30T03:10:00Z
7479785,30.11.2022 10:30,23.12.2022 11:04,Sukhothai,department of highways,4-wheel pickup truck,speeding,rear-end collision,2,0,0,clear,17.02437001,99.70351623,straight road,no slope,2022-11-30T03:30:00Z
7559372,30.11.2022 12:15,13.01.2023 13:58,Pathum Thani,department of highways,large truck with trailer,speeding,collision with obstruction (on road surface),3,0,1,clear,13.94836101,100.792698,straight road,no slope,2022-11-30T05:15:00Z
7569502,30.11.2022 12:30,25.01.2023 13:49,Yala,department of highways,private/passenger car,unfamiliarity with the route/unskilled driving,rollover/fallen on curved road,1,0,0,clear,6.233221964,101.1667262,wide curve,no slope,2022-11-30T05:30:00Z
7562773,30.11.2022 13:10,18.01.2023 11:13,Surat Thani,department of highways,private/passenger car,speeding,rollover/fallen on straight road,1,0,0,clear,9.080785475,99.34804559,straight road,no slope,2022-11-30T06:10:00Z
7477120,30.11.2022 14:10,21.12.2022 14:17,Mukdahan,department of highways,private/passenger car,cutting in closely by people/vehicles/animals,head-on collision (not overtaking),2,0,0,clear,16.61576493,104.4571267,other,other,2022-11-30T07:10:00Z
7515177,30.11.2022 14:10,28.12.2022 13:58,Nakhon Ratchasima,department of highways,4-wheel pickup truck,loss of control,rollover/fallen on curved road,1,0,1,clear,15.13831371,102.3120568,wide curve,no slope,2022-11-30T07:10:00Z
7434252,30.11.2022 14:30,6.12.2022 10:04,Phrae,department of highways,4-wheel pickup truck,speeding,head-on collision (not overtaking),2,0,0,clear,18.06089448,99.69444349,wide curve,slope area,2022-11-30T07:30:00Z
7424484,30.11.2022 14:34,2.12.2022 09:44,Bangkok,department of highways,7-10-wheel truck,speeding,rear-end collision,3,0,2,clear,13.71473613,100.7001083,straight road,no slope,2022-11-30T07:34:00Z
7562775,30.11.2022 14:37,18.01.2023 11:12,Surat Thani,department of highways,4-wheel pickup truck,speeding,rollover/fallen on straight road,1,1,0,clear,8.956354303,99.2867142,straight road,no slope,2022-11-30T07:37:00Z
7480124,30.11.2022 15:30,23.12.2022 11:58,Tak,department of highways,motorcycle,speeding,rear-end collision,3,0,1,clear,16.71611362,98.55809467,straight road,no slope,2022-11-30T08:30:00Z
7558222,30.11.2022 15:50,12.01.2023 14:11,Nakhon Ratchasima,department of highways,private/passenger car,speeding,rollover/fallen on straight road,1,1,0,clear,14.62168303,102.0067935,straight road,slope area,2022-11-30T08:50:00Z
7476081,30.11.2022 16:00,21.12.2022 09:31,buogkan,department of highways,4-wheel pickup truck,speeding,rollover/fallen on straight road,1,0,2,clear,18.38172569,103.6070157,straight road,no slope,2022-11-30T09:00:00Z
7474689,30.11.2022 16:15,20.12.2022 13:54,Songkhla,department of highways,4-wheel pickup truck,speeding,rollover/fallen on straight road,1,0,0,clear,7.326113159,100.4863138,straight road,no slope,2022-11-30T09:15:00Z
7558921,30.11.2022 17:00,13.01.2023 08:27,Ang Thong,department of highways,other,speeding,rollover/fallen on straight road,1,0,0,rainy,14.58348092,100.4822914,other,other,2022-11-30T10:00:00Z
7561397,30.11.2022 17:00,17.01.2023 09:12,Phayao,department of highways,private/passenger car,speeding,rollover/fallen on straight road,1,0,0,clear,19.18538448,100.2771467,straight road,no slope,2022-11-30T10:00:00Z
7438445,30.11.2022 17:09,7.12.2022 11:06,Pathum Thani,department of highways,4-wheel pickup truck,speeding,rollover/fallen on straight road,1,0,1,clear,13.97100999,100.7129373,straight road,no slope,2022-11-30T10:09:00Z
7421809,30.11.2022 17:21,1.12.2022 16:14,Samut Prakan,department of highways,private/passenger car,speeding,rear-end collision,3,0,0,clear,13.66792693,100.8471179,straight road,no slope,2022-11-30T10:21:00Z
7438307,30.11.2022 18:00,7.12.2022 12:34,Loburi,department of rural roads,private/passenger car,insufficient light,head-on collision (not overtaking),1,1,1,clear,14.7463,100.593621,straight road,no slope,2022-11-30T11:00:00Z
7439534,30.11.2022 18:30,7.12.2022 13:37,Nakhon Sawan,department of highways,4-wheel pickup truck,driving under the influence of alcohol,rollover/fallen on straight road,1,0,1,clear,15.85137492,100.6058246,straight road,no slope,2022-11-30T11:30:00Z
7553693,30.11.2022 19:00,7.01.2023 12:59,Chachoengsao,department of highways,private/passenger car,speeding,rollover/fallen on straight road,1,0,0,rainy,13.53229127,101.0147675,straight road,no slope,2022-11-30T12:00:00Z
7481086,30.11.2022 19:15,23.12.2022 14:12,Sakon Nakhon,department of highways,motorcycle,cutting in closely by people/vehicles/animals,head-on collision (not overtaking),2,1,1,clear,17.03144027,104.3012672,other,other,2022-11-30T12:15:00Z
7514895,30.11.2022 21:25,28.12.2022 15:18,Nonthaburi,expressway authority of thailand,other,other,side collision,2,0,0,clear,13.900255,100.543064,grade-separated intersection/ramps,other,2022-11-30T14:25:00Z
7438888,30.11.2022 22:00,7.12.2022 14:40,Sing Buri,department of highways,4-wheel pickup truck,speeding,rear-end collision,3,0,0,rainy,14.79873382,100.4569472,straight road,no slope,2022-11-30T15:00:00Z
7554595,30.11.2022 22:05,9.01.2023 13:37,Bangkok,department of highways,motorcycle,cutting in closely by people/vehicles/animals,rear-end collision,2,0,1,clear,13.67816782,100.4064568,straight road,no slope,2022-11-30T15:05:00Z
7553696,30.11.2022 23:20,7.01.2023 13:00,Chon Buri,department of highways,private/passenger car,speeding,rollover/fallen on straight road,1,0,1,clear,13.3424196,101.0263988,straight road,no slope,2022-11-30T16:20:00Z
7513814,1.12.2022 00:11,28.12.2022 06:54,Chon Buri,department of highways,private/passenger car,speeding,rear-end collision,2,0,1,clear,13.03093747,100.9964414,straight road,no slope,2022-11-30T17:11:00Z
7458669,1.12.2022 00:40,15.12.2022 13:59,Udon Thani,department of highways,4-wheel pickup truck,speeding,rollover/fallen on straight road,1,0,0,clear,17.26635213,102.8821175,straight road,no slope,2022-11-30T17:40:00Z
7437607,1.12.2022 00:51,7.12.2022 08:04,Uthai Thani,department of highways,4-wheel pickup truck,speeding,rollover/fallen on straight road,1,0,0,rainy,15.38178985,99.83417685,other,other,2022-11-30T17:51:00Z
7519189,1.12.2022 02:22,29.12.2022 21:59,Nonthaburi,expressway authority of thailand,other,other,collision with obstruction (on road surface),1,0,0,clear,13.86722892,100.5339971,straight road,other,2022-11-30T19:22:00Z
7478381,1.12.2022 03:00,22.12.2022 14:41,Kamphaeng Phet,department of highways,private/passenger car,slippery road,rollover/fallen on straight road,1,0,1,rainy,15.98922027,99.81514305,straight road,no slope,2022-11-30T20:00:00Z
7437820,1.12.2022 03:30,7.12.2022 08:18,Suphan Buri,department of highways,large truck with trailer,falling asleep,rollover/fallen on straight road,1,0,1,clear,14.80025086,99.72221911,straight road,no slope,2022-11-30T20:30:00Z
7507975,1.12.2022 03:30,26.12.2022 08:41,Khon Kaen,department of highways,private/passenger car,speeding,rollover/fallen on straight road,1,0,1,clear,16.21276741,102.7614892,straight road,no slope,2022-11-30T20:30:00Z
7455842,1.12.2022 05:30,13.12.2022 11:27,Bangkok,department of highways,7-10-wheel truck,speeding,rollover/fallen on straight road,1,0,2,clear,13.74535933,100.7027583,straight road,no slope,2022-11-30T22:30:00Z
7424976,1.12.2022 06:43,2.12.2022 13:29,Bangkok,department of highways,4-wheel pickup truck,speeding,rear-end collision,2,0,0,clear,13.77887012,100.686889,straight road,no slope,2022-11-30T23:43:00Z
7433714,1.12.2022 07:35,6.12.2022 09:32,Loburi,department of highways,4-wheel pickup truck,falling asleep,rear-end collision,2,1,0,clear,14.9549886,100.8983463,straight road,no slope,2022-12-01T00:35:00Z
7513776,1.12.2022 08:30,28.12.2022 06:16,Chon Buri,department of highways,large truck with trailer,speeding,rear-end collision,2,0,0,clear,12.99632623,100.9911128,straight road,no slope,2022-12-01T01:30:00Z
7479975,1.12.2022 10:00,23.12.2022 11:37,Kamphaeng Phet,department of highways,4-wheel pickup truck,slippery road,rollover/fallen on curved road,1,0,0,rainy,16.06273732,99.39575519,wide curve,slope area,2022-12-01T03:00:00Z
7511865,1.12.2022 10:42,27.12.2022 11:03,Trat,department of highways,4-wheel pickup truck,speeding,rollover/fallen on straight road,1,1,0,clear,12.30229517,102.4754249,straight road,no slope,2022-12-01T03:42:00Z
7437690,1.12.2022 11:30,7.12.2022 08:31,Chanthaburi,department of highways,private/passenger car,speeding,rollover/fallen on curved road,1,0,1,clear,12.74207674,101.8900648,wide curve,no slope,2022-12-01T04:30:00Z
7508486,1.12.2022 11:35,26.12.2022 10:32,Chumphon,department of highways,6-wheel truck,speeding,collision with obstruction (on road surface),1,0,0,clear,10.06371345,99.07344901,other,other,2022-12-01T04:35:00Z
7517019,1.12.2022 11:50,29.12.2022 09:14,Khon Kaen,department of highways,private/passenger car,cutting in closely by people/vehicles/animals,side collision,2,1,3,clear,16.63267166,102.799438,straight road,no slope,2022-12-01T04:50:00Z
7517751,1.12.2022 12:00,29.12.2022 12:32,Sing Buri,department of highways,6-wheel truck,cutting in closely by people/vehicles/animals,other,2,0,2,clear,14.86539311,100.4398884,other,other,2022-12-01T05:00:00Z
7555256,1.12.2022 12:00,10.01.2023 11:09,Pattani,department of highways,private/passenger car,speeding,rollover/fallen on straight road,1,0,0,clear,6.669730569,101.2342487,straight road,no slope,2022-12-01T05:00:00Z
7556497,1.12.2022 12:00,11.01.2023 13:36,Chiang Mai,department of highways,4-wheel pickup truck,speeding,rollover/fallen on curved road,1,0,0,clear,19.05277059,99.35393438,wide curve,no slope,2022-12-01T05:00:00Z
7568061,1.12.2022 12:00,24.01.2023 09:10,Uttaradit,department of highways,private/passenger car,speeding,rear-end collision,2,0,2,clear,17.38143205,100.2321054,wide curve,no slope,2022-12-01T05:00:00Z
7517703,1.12.2022 12:08,29.12.2022 11:11,Nakhon Ratchasima,department of highways,private/passenger car,speeding,head-on collision (not overtaking),2,0,1,clear,14.75179245,102.0618108,straight road,no slope,2022-12-01T05:08:00Z
7508765,1.12.2022 13:30,26.12.2022 11:25,Songkhla,department of highways,4-wheel pickup truck,speeding,rollover/fallen on straight road,2,0,0,rainy,6.96370418,100.687371,straight road,no slope,2022-12-01T06:30:00Z
7527095,1.12.2022 13:30,31.12.2022 09:47,Chon Buri,department of highways,4-wheel pickup truck,speeding,rollover/fallen on straight road,1,0,0,clear,13.11186866,100.9858821,straight road,no slope,2022-12-01T06:30:00Z
7424971,1.12.2022 13:58,2.12.2022 13:44,Bangkok,department of highways,private/passenger car,speeding,rollover/fallen on straight road,1,0,1,clear,13.67987273,100.6992567,straight road,no slope,2022-12-01T06:58:00Z
7421418,1.12.2022 14:05,1.12.2022 14:48,Krabi,department of rural roads,private/passenger car,slippery road,other,1,0,0,rainy,8.039038,99.216388,sharp curve,no slope,2022-12-01T07:05:00Z
7437592,1.12.2022 16:30,7.12.2022 08:40,Chon Buri,department of highways,large truck with trailer,speeding,rollover/fallen on curved road,1,0,0,clear,13.00340915,100.929991,wide curve,no slope,2022-12-01T09:30:00Z
7568057,1.12.2022 16:40,24.01.2023 09:12,Uttaradit,department of highways,7-10-wheel truck,speeding,rollover/fallen on curved road,1,0,0,clear,17.82065919,100.0913876,wide curve,no slope,2022-12-01T09:40:00Z
7556477,1.12.2022 17:10,11.01.2023 13:31,Chiang Mai,department of highways,motorcycle,speeding,rear-end collision,2,0,0,clear,18.87889188,99.01484682,straight road,no slope,2022-12-01T10:10:00Z
7513077,1.12.2022 17:15,27.12.2022 14:56,Sukhothai,department of highways,4-wheel pickup truck,speeding,rollover/fallen on straight road,1,0,0,clear,17.55159323,99.86682567,straight road,no slope,2022-12-01T10:15:00Z
7567390,1.12.2022 17:20,23.01.2023 14:45,Prachin Buri,department of highways,large passenger vehicle,running red lights/traffic signals,collision at intersection corner,2,0,17,clear,14.10179657,101.332321,other,other,2022-12-01T10:20:00Z
7556684,1.12.2022 17:30,11.01.2023 14:32,Chiang Mai,department of highways,4-wheel pickup truck,speeding,rollover/fallen on straight road,1,0,1,rainy,19.05269327,99.35322225,straight road,no slope,2022-12-01T10:30:00Z
7479595,1.12.2022 18:20,23.12.2022 09:26,Tak,department of highways,6-wheel truck,speeding,rollover/fallen on straight road,1,0,1,clear,16.79257408,99.16162401,straight road,no slope,2022-12-01T11:20:00Z
7509533,1.12.2022 18:30,27.12.2022 06:12,Chanthaburi,department of highways,4-wheel pickup truck,cutting in closely by people/vehicles/animals,other,2,1,3,clear,12.59844266,102.1399824,connecting to private area,other,2022-12-01T11:30:00Z
7567366,1.12.2022 18:38,23.01.2023 14:30,Chiang Rai,department of highways,4-wheel pickup truck,speeding,rollover/fallen on curved road,1,0,0,clear,19.47528251,100.0052619,wide curve,no slope,2022-12-01T11:38:00Z
7443765,1.12.2022 18:55,8.12.2022 13:56,Bangkok,department of highways,4-wheel pickup truck,speeding,rear-end collision,2,0,0,clear,13.72924789,100.7335752,straight road,no slope,2022-12-01T11:55:00Z
7455811,1.12.2022 19:06,13.12.2022 13:08,Chiang Mai,department of rural roads,4-wheel pickup truck,speeding,other,2,0,0,clear,18.778954,99.042415,straight road,no slope,2022-12-01T12:06:00Z
7563163,1.12.2022 19:10,18.01.2023 14:47,Lamphun,department of highways,4-wheel pickup truck,speeding,rollover/fallen on straight road,1,0,0,rainy,18.61822771,99.04633523,straight road,no slope,2022-12-01T12:10:00Z
7442116,1.12.2022 19:51,8.12.2022 12:54,Phetchaburi,department of rural roads,4-wheel pickup truck,unfamiliarity with the route/unskilled driving,other,1,0,1,clear,12.947648,100.014467,wide curve,no slope,2022-12-01T12:51:00Z
7555323,1.12.2022 20:16,10.01.2023 12:53,Chumphon,department of highways,large truck with trailer,speeding,rollover/fallen on straight road,1,0,0,clear,10.89673314,99.27045867,straight road,no slope,2022-12-01T13:16:00Z
7557780,1.12.2022 21:00,12.01.2023 10:51,Ubon Ratchathani,department of highways,large truck with trailer,speeding,rollover/fallen on straight road,1,0,0,clear,15.23965874,105.2371761,other,other,2022-12-01T14:00:00Z
7556322,1.12.2022 22:50,11.01.2023 12:05,Yasothon,department of highways,private/passenger car,speeding,rollover/fallen on curved road,1,0,0,clear,15.99551722,104.2494956,wide curve,slope area,2022-12-01T15:50:00Z
7567333,1.12.2022 23:30,23.01.2023 14:09,Sakon Nakhon,department of highways,4-wheel pickup truck,loss of control,rollover/fallen on curved road,1,0,1,clear,17.77149855,103.9633749,other,other,2022-12-01T16:30:00Z
7557433,2.12.2022 00:05,12.01.2023 09:19,Lamphun,department of highways,4-wheel pickup truck,speeding,rear-end collision,2,0,1,clear,18.56543607,99.04488919,straight road,no slope,2022-12-01T17:05:00Z
7567393,2.12.2022 00:32,23.01.2023 14:46,Prachin Buri,department of highways,large truck with trailer,vehicle equipment failure,other,1,0,0,clear,14.19321296,101.8933449,wide curve,slope area,2022-12-01T17:32:00Z
7425185,2.12.2022 00:55,2.12.2022 14:04,Bangkok,department of highways,private/passenger car,speeding,rear-end collision,2,0,1,clear,13.73743229,100.7026564,straight road,no slope,2022-12-01T17:55:00Z
7543592,2.12.2022 01:31,4.01.2023 00:11,Bangkok,expressway authority of thailand,other,other,collision with obstruction (on road surface),1,0,0,rainy,13.772135,100.606574,wide curve,other,2022-12-01T18:31:00Z
7557549,2.12.2022 04:30,12.01.2023 09:55,Lampang,department of highways,large truck with trailer,insufficient light,other,1,0,1,clear,18.56100936,99.86626103,wide curve,slope area,2022-12-01T21:30:00Z
7553688,2.12.2022 04:32,7.01.2023 12:52,Chon Buri,department of highways,private/passenger car,speeding,rollover/fallen on straight road,1,0,2,clear,12.94989083,100.9591909,straight road,no slope,2022-12-01T21:32:00Z
7520574,2.12.2022 05:45,30.12.2022 06:57,Udon Thani,department of highways,4-wheel pickup truck,speeding,rear-end collision,2,0,0,clear,17.77387906,102.2284122,straight road,no slope,2022-12-01T22:45:00Z
7551828,2.12.2022 07:25,5.01.2023 14:57,Surat Thani,department of highways,4-wheel pickup truck,speeding,rollover/fallen on curved road,1,0,1,clear,9.10250383,99.32364817,wide curve,no slope,2022-12-02T00:25:00Z
7428896,2.12.2022 09:05,3.12.2022 09:15,Bangkok,department of highways,4-wheel pickup truck,speeding,rear-end collision,2,0,0,clear,13.77973759,100.6860039,straight road,no slope,2022-12-02T02:05:00Z
7458259,2.12.2022 10:12,15.12.2022 10:10,Chon Buri,department of highways,4-wheel pickup truck,speeding,rollover/fallen on straight road,1,0,0,clear,13.49365711,101.0464462,straight road,no slope,2022-12-02T03:12:00Z
7438478,2.12.2022 10:13,7.12.2022 09:49,Pathum Thani,department of highways,private/passenger car,speeding,rear-end collision,2,0,0,clear,13.95818792,100.7126825,straight road,no slope,2022-12-02T03:13:00Z
7554675,2.12.2022 11:00,9.01.2023 14:00,Trang,department of highways,other,speeding,rollover/fallen on straight road,1,0,0,clear,7.548454621,99.52380806,straight road,no slope,2022-12-02T04:00:00Z
7479783,2.12.2022 12:00,23.12.2022 11:03,Sukhothai,department of highways,4-wheel pickup truck,speeding,rollover/fallen on straight road,1,0,0,clear,17.09789624,99.83775258,straight road,no slope,2022-12-02T05:00:00Z
7437801,2.12.2022 12:30,7.12.2022 08:16,Suphan Buri,department of highways,private/passenger car,speeding,rollover/fallen on straight road,1,0,0,clear,14.34603179,100.0807757,straight road,no slope,2022-12-02T05:30:00Z
7567105,2.12.2022 12:45,23.01.2023 10:28,Chiang Rai,department of highways,4-wheel pickup truck,speeding,other,2,0,0,clear,20.2406001,100.4100823,connecting to public/commercial area,other,2022-12-02T05:45:00Z
7553840,2.12.2022 13:15,7.01.2023 16:10,Surat Thani,department of highways,private/passenger car,falling asleep,rollover/fallen on straight road,1,0,1,clear,8.755654293,99.33143859,straight road,no slope,2022-12-02T06:15:00Z
7513837,2.12.2022 15:17,28.12.2022 06:55,Chon Buri,department of highways,4-wheel pickup truck,speeding,rear-end collision,2,0,1,clear,13.17947445,100.9948575,straight road,no slope,2022-12-02T08:17:00Z
7556689,2.12.2022 15:20,11.01.2023 14:34,Lampang,department of highways,4-wheel pickup truck,speeding,rollover/fallen on straight road,1,1,1,rainy,17.40329334,99.14942399,straight road,no slope,2022-12-02T08:20:00Z
7561162,2.12.2022 15:35,17.01.2023 06:14,Samut Prakan,expressway authority of thailand,4-wheel pickup truck,other,rear-end collision,4,0,0,clear,13.632058,100.535354,grade-separated intersection/ramps,other,2022-12-02T08:35:00Z