acc_code,incident_datetime,report_datetime,province_en,agency,vehicle_type,presumed_cause,accident_type,number_of_vehicles_involved,number_of_fatalities,number_of_injuries,weather_condition,latitude,longitude,road_description,slope_description,incident_time
7514904,2.12.2022 16:20,28.12.2022 13:35,Samut Sakhon,department of highways,private/passenger car,speeding,rear-end collision,2,0,0,clear,13.53555097,100.2172308,straight road,no slope,2022-12-02T09:20:00Z
7551827,2.12.2022 16:40,5.01.2023 14:56,Chiang Mai,department of highways,motorcycle,cutting in closely by people/vehicles/animals,rear-end collision,2,0,1,clear,18.89215443,99.01403017,straight road,no slope,2022-12-02T09:40:00Z
7564457,2.12.2022 16:40,19.01.2023 15:06,Phrae,department of highways,4-wheel pickup truck,speeding,rollover/fallen on curved road,1,0,0,rainy,18.0372148,99.70071211,wide curve,slope area,2022-12-02T09:40:00Z
7564461,2.12.2022 17:00,19.01.2023 15:08,Phrae,department of highways,4-wheel pickup truck,speeding,rollover/fallen on curved road,1,0,0,rainy,18.05432485,99.69853473,wide curve,slope area,2022-12-02T10:00:00Z
7567431,2.12.2022 17:30,23.01.2023 15:16,Nan,department of highways,van,brake/anti-lock brake system failure,rollover/fallen on curved road,1,0,4,clear,19.17966433,100.9774554,wide curve,slope area,2022-12-02T10:30:00Z
7507558,2.12.2022 17:45,26.12.2022 08:20,Phatthalung,department of highways,private/passenger car,driving under the influence of alcohol,rollover/fallen on curved road,1,0,1,rainy,7.646858327,100.0530066,wide curve,no slope,2022-12-02T10:45:00Z
7567335,2.12.2022 18:00,23.01.2023 14:11,Sakon Nakhon,department of highways,4-wheel pickup truck,loss of control,head-on collision (not overtaking),2,0,2,clear,17.4012094,103.3597222,straight road,no slope,2022-12-02T11:00:00Z
7442087,2.12.2022 18:20,8.12.2022 12:54,Phetchaburi,department of rural roads,private/passenger car,failure to yield right of way,other,1,0,1,clear,12.668006,99.890384,t-intersection,other,2022-12-02T11:20:00Z
7567321,2.12.2022 18:40,23.01.2023 13:58,Sakon Nakhon,department of highways,4-wheel pickup truck,speeding,rollover/fallen on curved road,1,0,1,clear,17.12863205,104.0952297,wide curve,no slope,2022-12-02T11:40:00Z
7457322,2.12.2022 19:05,14.12.2022 12:45,Pathum Thani,department of highways,large truck with trailer,speeding,rear-end collision,2,1,0,clear,13.93326172,100.7516414,other,other,2022-12-02T12:05:00Z
7555880,2.12.2022 19:14,11.01.2023 07:30,Phetchabun,department of highways,motorcycle,brake/anti-lock brake system failure,rollover/fallen on straight road,1,0,1,clear,16.74223278,101.196101,straight road,no slope,2022-12-02T12:14:00Z
7551817,2.12.2022 19:20,5.01.2023 14:54,Chiang Mai,department of highways,motorcycle,speeding,rear-end collision,2,0,1,clear,18.879336639999998,99.01475059,straight road,no slope,2022-12-02T12:20:00Z
7455652,2.12.2022 19:25,13.12.2022 10:32,Phuket,department of highways,6-wheel truck,slippery road,rollover/fallen on straight road,1,0,0,rainy,8.09785721,98.33647269,straight road,no slope,2022-12-02T12:25:00Z
7507472,2.12.2022 19:30,26.12.2022 08:03,Phatthalung,department of highways,private/passenger car,speeding,head-on collision (not overtaking),2,0,4,rainy,7.594905574,100.0560804,straight road,no slope,2022-12-02T12:30:00Z
7553842,2.12.2022 20:10,7.01.2023 16:13,Surat Thani,department of highways,large truck with trailer,speeding,collision with obstruction (on road surface),2,1,1,rainy,8.647835145,99.34547411,straight road,no slope,2022-12-02T13:10:00Z
7553467,2.12.2022 20:20,7.01.2023 10:49,Samut Sakhon,department of highways,4-wheel pickup truck,speeding,rear-end collision,2,0,1,clear,13.58343752,100.314004,straight road,no slope,2022-12-02T13:20:00Z
7557775,2.12.2022 20:40,12.01.2023 10:50,Nakhon Ratchasima,department of highways,private/passenger car,speeding,rollover/fallen on straight road,1,0,0,clear,15.00428595,102.1362733,straight road,no slope,2022-12-02T13:40:00Z
7567387,2.12.2022 20:40,23.01.2023 14:40,Prachin Buri,department of highways,4-wheel pickup truck,inadequate visibility,rollover/fallen on straight road,1,0,0,clear,14.12700347,101.8649658,straight road,no slope,2022-12-02T13:40:00Z
7513831,2.12.2022 21:48,28.12.2022 06:55,Chon Buri,department of highways,4-wheel pickup truck,speeding,rear-end collision,2,0,0,clear,13.2975211,100.9943452,straight road,no slope,2022-12-02T14:48:00Z
7479908,2.12.2022 21:50,23.12.2022 10:45,Tak,department of highways,4-wheel pickup truck,speeding,rollover/fallen on curved road,1,0,0,clear,16.81347122,98.9729923,wide curve,slope area,2022-12-02T14:50:00Z
7515152,2.12.2022 22:30,28.12.2022 13:57,Kanchanaburi,department of highways,4-wheel pickup truck,cutting in closely by people/vehicles/animals,collision with obstruction (on road surface),1,0,2,clear,14.15402338,99.31260028,straight road,no slope,2022-12-02T15:30:00Z
7455504,3.12.2022 00:10,13.12.2022 10:23,Phangnga,department of highways,private/passenger car,falling asleep,rollover/fallen on straight road,1,0,0,clear,8.250657306,98.30784336,straight road,no slope,2022-12-02T17:10:00Z
7556618,3.12.2022 00:20,11.01.2023 14:10,Chiang Mai,department of highways,4-wheel pickup truck,speeding,rollover/fallen on straight road,1,0,0,clear,18.87776253,99.01507616,straight road,no slope,2022-12-02T17:20:00Z
7558994,3.12.2022 01:30,13.01.2023 09:02,Bangkok,department of highways,private/passenger car,speeding,rear-end collision,2,0,1,clear,13.82631548,100.5579996,straight road,no slope,2022-12-02T18:30:00Z
7480449,3.12.2022 01:40,23.12.2022 14:31,Songkhla,department of highways,private/passenger car,speeding,rollover/fallen on straight road,2,0,3,rainy,7.092645514,100.5634578,straight road,no slope,2022-12-02T18:40:00Z
7556125,3.12.2022 02:00,11.01.2023 10:33,Phatthalung,department of highways,large truck with trailer,brake/anti-lock brake system failure,rollover/fallen on straight road,1,0,1,rainy,7.22665273,100.1898957,straight road,no slope,2022-12-02T19:00:00Z
7552901,3.12.2022 02:30,6.01.2023 15:42,Loei,department of highways,private/passenger car,speeding,rollover/fallen on straight road,1,0,0,clear,17.44438581,101.7283172,straight road,no slope,2022-12-02T19:30:00Z
7428986,3.12.2022 04:20,3.12.2022 09:30,Bangkok,department of highways,motorcycle,speeding,rollover/fallen on straight road,1,0,1,clear,13.73320225,100.6986639,straight road,no slope,2022-12-02T21:20:00Z
7533461,3.12.2022 05:50,1.01.2023 16:31,Surat Thani,department of highways,4-wheel pickup truck,speeding,rollover/fallen on straight road,1,0,0,rainy,9.323180098,99.14987636,straight road,no slope,2022-12-02T22:50:00Z
7479698,3.12.2022 06:27,23.12.2022 10:47,Kamphaeng Phet,department of highways,4-wheel pickup truck,falling asleep,rollover/fallen on curved road,1,1,1,clear,16.50143078,99.52159641,wide curve,no slope,2022-12-02T23:27:00Z
7553451,3.12.2022 06:30,7.01.2023 10:39,Sa Kaeo,department of highways,4-wheel pickup truck,speeding,rollover/fallen on straight road,1,0,2,clear,13.65661977,102.0875251,straight road,no slope,2022-12-02T23:30:00Z
7438444,3.12.2022 06:36,7.12.2022 09:48,Pathum Thani,department of highways,4-wheel pickup truck,speeding,rear-end collision,2,0,1,clear,13.97733226,100.7130714,straight road,no slope,2022-12-02T23:36:00Z
7567059,3.12.2022 07:30,23.01.2023 09:40,Phrae,department of highways,4-wheel pickup truck,speeding,rollover/fallen on curved road,1,0,0,clear,18.54604194,100.1161462,wide curve,slope area,2022-12-03T00:30:00Z
7437757,3.12.2022 08:00,7.12.2022 08:09,Uthai Thani,department of highways,4-wheel pickup truck,speeding,rollover/fallen on curved road,1,0,0,clear,15.446413,99.91187006,wide curve,no slope,2022-12-03T01:00:00Z
7541204,3.12.2022 08:00,3.01.2023 07:58,Samut Sakhon,department of highways,private/passenger car,speeding,rear-end collision,3,0,0,clear,13.57312702,100.2941283,straight road,no slope,2022-12-03T01:00:00Z
7459378,3.12.2022 08:05,16.12.2022 08:39,Prachuap Khiri Khan,department of highways,4-wheel pickup truck,speeding,rollover/fallen on straight road,1,0,0,rainy,11.26468324,99.43756968,straight road,no slope,2022-12-03T01:05:00Z
7515320,3.12.2022 08:40,28.12.2022 13:34,Samut Sakhon,department of highways,4-wheel pickup truck,speeding,rear-end collision,5,0,0,clear,13.53906705,100.2276775,straight road,no slope,2022-12-03T01:40:00Z
7511527,3.12.2022 08:50,27.12.2022 13:11,Bangkok,department of highways,4-wheel pickup truck,speeding,rollover/fallen on straight road,1,0,3,clear,13.67097535,100.6993518,other,other,2022-12-03T01:50:00Z
7438072,3.12.2022 09:15,7.12.2022 09:35,Bangkok,department of highways,4-wheel pickup truck,speeding,rear-end collision,3,0,3,clear,13.86289685,100.676714,straight road,no slope,2022-12-03T02:15:00Z
7480826,3.12.2022 09:45,23.12.2022 14:10,Phetchabun,department of highways,4-wheel pickup truck,dangerous curve,other,1,0,0,clear,16.8840002,101.1276832,wide curve,slope area,2022-12-03T02:45:00Z
7508705,3.12.2022 10:00,26.12.2022 11:11,Samut Songkhram,department of highways,4-wheel pickup truck,worn-out/tire blowout,rollover/fallen on straight road,1,0,0,clear,13.34552243,99.88271305,straight road,no slope,2022-12-03T03:00:00Z
7551825,3.12.2022 10:00,5.01.2023 14:52,Chiang Mai,department of highways,motorcycle,speeding,rear-end collision,2,0,0,clear,18.83834367,99.01303947,straight road,no slope,2022-12-03T03:00:00Z
7567092,3.12.2022 10:15,23.01.2023 10:18,Chiang Rai,department of highways,private/passenger car,speeding,side collision,2,0,1,clear,20.22133828,100.4047823,wide curve,no slope,2022-12-03T03:15:00Z
7567378,3.12.2022 11:00,23.01.2023 14:36,Phrae,department of highways,4-wheel pickup truck,medical condition,rollover/fallen on straight road,1,0,0,clear,18.20416018,100.2049215,straight road,no slope,2022-12-03T04:00:00Z
7567421,3.12.2022 11:00,23.01.2023 15:08,Nan,department of highways,private/passenger car,speeding,rollover/fallen on curved road,1,0,0,clear,19.17786549,100.9584429,wide curve,no slope,2022-12-03T04:00:00Z
7519194,3.12.2022 11:10,29.12.2022 21:59,Bangkok,expressway authority of thailand,other,other,rear-end collision,3,0,0,clear,13.74736583,100.6050149,straight road,other,2022-12-03T04:10:00Z
7481535,3.12.2022 11:21,23.12.2022 13:59,Phetchabun,department of highways,4-wheel pickup truck,ignoring stop sign while leaving intersection,collision at intersection corner,2,0,5,clear,16.31706077,101.1201154,other,other,2022-12-03T04:21:00Z
7458113,3.12.2022 11:42,15.12.2022 08:07,Samut Prakan,department of highways,private/passenger car,speeding,rear-end collision,4,0,0,clear,13.66792693,100.8471179,straight road,no slope,2022-12-03T04:42:00Z
7519198,3.12.2022 12:08,29.12.2022 21:59,Samut Prakan,expressway authority of thailand,large truck with trailer,other,rear-end collision,5,0,0,clear,13.625705,100.521644,grade-separated intersection/ramps,other,2022-12-03T05:08:00Z
7479775,3.12.2022 12:24,23.12.2022 11:01,Sukhothai,department of highways,motorcycle,speeding,rear-end collision,2,0,1,clear,17.02204503,99.73407984,straight road,no slope,2022-12-03T05:24:00Z
7473264,3.12.2022 12:25,20.12.2022 09:54,Nakhon Sawan,department of highways,tractor/agricultural vehicle,illegal overtaking,rear-end collision,2,0,0,clear,15.84540423,100.6393881,straight road,slope area,2022-12-03T05:25:00Z
7442583,3.12.2022 13:42,8.12.2022 11:45,Samut Prakan,department of highways,private/passenger car,speeding,rear-end collision,3,0,0,clear,13.66447795,100.8524713,straight road,no slope,2022-12-03T06:42:00Z
7553686,3.12.2022 14:10,7.01.2023 12:54,Chon Buri,department of highways,private/passenger car,speeding,rear-end collision,3,0,2,clear,13.00661514,100.9947594,straight road,no slope,2022-12-03T07:10:00Z
7513736,3.12.2022 14:30,28.12.2022 06:09,Chon Buri,department of highways,private/passenger car,falling asleep,rollover/fallen on straight road,1,0,2,clear,13.35958631,101.0370333,straight road,no slope,2022-12-03T07:30:00Z
7507028,3.12.2022 15:10,26.12.2022 07:14,Nakhon Si Thammarat,department of highways,4-wheel pickup truck,speeding,rollover/fallen on straight road,1,0,0,rainy,8.015956366,99.64281633,other,other,2022-12-03T08:10:00Z
7433681,3.12.2022 16:30,6.12.2022 09:24,Chaiyaphum,department of highways,private/passenger car,speeding,rollover/fallen on straight road,1,0,0,clear,15.89149325,102.1108845,straight road,no slope,2022-12-03T09:30:00Z
7567423,3.12.2022 16:30,23.01.2023 15:09,Nan,department of highways,private/passenger car,unfamiliarity with the route/unskilled driving,collision with obstruction (on road surface),1,0,0,clear,19.18212981,100.9754941,wide curve,slope area,2022-12-03T09:30:00Z
7481624,3.12.2022 16:55,23.12.2022 14:09,Phetchabun,department of highways,private/passenger car,dangerous curve,rollover/fallen on curved road,1,0,1,clear,16.87829002,101.1300086,sharp curve,slope area,2022-12-03T09:55:00Z
7456075,3.12.2022 17:50,13.12.2022 15:46,Narathiwat,department of highways,motorcycle,cutting in closely by people/vehicles/animals,rear-end collision,2,0,1,clear,6.023421927,101.9569592,straight road,no slope,2022-12-03T10:50:00Z
7455799,3.12.2022 20:20,13.12.2022 13:08,Loei,department of rural roads,motorcycle,speeding,other,1,1,1,clear,17.550774,101.751235,t-intersection,other,2022-12-03T13:20:00Z
7457236,3.12.2022 22:00,14.12.2022 10:49,Saraburi,department of highways,private/passenger car,speeding,rear-end collision,2,0,0,clear,14.51674597,100.9152831,straight road,no slope,2022-12-03T15:00:00Z
7557976,3.12.2022 22:00,12.01.2023 11:55,Sa Kaeo,department of highways,private/passenger car,speeding,rollover/fallen on straight road,1,0,5,foggy,13.66233549,102.0798594,other,other,2022-12-03T15:00:00Z
7515304,3.12.2022 23:15,28.12.2022 13:33,Samut Sakhon,department of highways,4-wheel pickup truck,speeding,rear-end collision,2,0,0,clear,13.53188147,100.2063491,straight road,no slope,2022-12-03T16:15:00Z
7518399,3.12.2022 23:20,29.12.2022 14:00,Nakhon Phanom,department of highways,4-wheel pickup truck,falling asleep,rollover/fallen on straight road,1,0,1,clear,16.93149438,104.7033123,straight road,no slope,2022-12-03T16:20:00Z
7567000,3.12.2022 23:30,23.01.2023 08:52,Nan,department of highways,motorcycle,speeding,rollover/fallen on straight road,1,0,1,clear,18.71355785,100.7508932,straight road,no slope,2022-12-03T16:30:00Z
7567048,3.12.2022 23:30,23.01.2023 09:38,Phrae,department of highways,large truck with trailer,worn-out/tire blowout,rollover/fallen on straight road,1,0,1,clear,18.39231592,100.1921291,straight road,no slope,2022-12-03T16:30:00Z
7519200,4.12.2022 00:09,29.12.2022 21:59,Samut Prakan,expressway authority of thailand,other,other,rollover/fallen on straight road,1,0,0,clear,13.638524,100.556254,y-intersection,other,2022-12-03T17:09:00Z
7555265,4.12.2022 01:00,10.01.2023 11:21,Loburi,department of highways,4-wheel pickup truck,speeding,other,1,0,1,clear,14.8787956,100.6327003,wide curve,no slope,2022-12-03T18:00:00Z
7520589,4.12.2022 01:10,30.12.2022 07:00,Chaiyaphum,department of highways,6-wheel truck,speeding,rear-end collision,2,0,1,clear,16.67775995,101.6898461,wide curve,no slope,2022-12-03T18:10:00Z
7567920,4.12.2022 02:10,24.01.2023 07:34,Prachuap Khiri Khan,department of highways,4-wheel pickup truck,cutting in closely by people/vehicles/animals,rear-end collision,2,0,0,rainy,12.15125196,99.84700486,straight road,no slope,2022-12-03T19:10:00Z
7514869,4.12.2022 03:40,28.12.2022 15:15,Maha Sarakham,department of highways,van,speeding,rollover/fallen on straight road,1,0,1,clear,16.05401943,103.0052242,straight road,no slope,2022-12-03T20:40:00Z
7480378,4.12.2022 04:30,23.12.2022 14:25,Si Sa Ket,department of highways,7-10-wheel truck,speeding,rollover/fallen on straight road,1,0,1,clear,14.78781955,104.7939875,straight road,no slope,2022-12-03T21:30:00Z
7543595,4.12.2022 04:45,4.01.2023 00:11,Chachoengsao,expressway authority of thailand,7-10-wheel truck,other,rollover/fallen on straight road,2,0,0,clear,13.565706,100.942326,straight road,other,2022-12-03T21:45:00Z
7555883,4.12.2022 05:30,11.01.2023 07:34,Phetchabun,department of highways,4-wheel pickup truck,falling asleep,rollover/fallen on straight road,1,0,0,clear,16.11948803,100.7302977,straight road,no slope,2022-12-03T22:30:00Z
7459250,4.12.2022 05:50,16.12.2022 08:09,Ratchaburi,department of highways,4-wheel pickup truck,speeding,rollover/fallen on straight road,1,0,2,clear,13.51186289,99.73729581,other,other,2022-12-03T22:50:00Z
7569268,4.12.2022 05:55,25.01.2023 10:46,Songkhla,department of highways,4-wheel pickup truck,falling asleep,rollover/fallen on straight road,1,0,0,rainy,7.090875236,100.5620618,straight road,no slope,2022-12-03T22:55:00Z
7571008,4.12.2022 06:00,26.01.2023 10:23,Trang,department of highways,private/passenger car,speeding,rollover/fallen on straight road,1,0,0,rainy,7.540437766,99.75341186,other,other,2022-12-03T23:00:00Z
7459288,4.12.2022 07:30,16.12.2022 08:35,Prachuap Khiri Khan,department of highways,4-wheel pickup truck,speeding,rollover/fallen on curved road,1,0,0,rainy,11.41909488,99.52187553,wide curve,no slope,2022-12-04T00:30:00Z
7565660,4.12.2022 08:30,20.01.2023 14:03,Bangkok,department of highways,private/passenger car,speeding,rollover/fallen on straight road,1,0,0,clear,13.62010471,100.3874592,straight road,no slope,2022-12-04T01:30:00Z
7557467,4.12.2022 09:15,12.01.2023 09:34,Lampang,department of highways,motorcycle,cutting in closely by people/vehicles/animals,rear-end collision,2,0,1,clear,18.55055106,99.85014754,wide curve,slope area,2022-12-04T02:15:00Z
7508558,4.12.2022 09:20,26.12.2022 10:50,Prachuap Khiri Khan,department of highways,4-wheel pickup truck,worn-out/tire blowout,rollover/fallen on straight road,1,0,2,rainy,11.46537158,99.58277465,straight road,no slope,2022-12-04T02:20:00Z
7515200,4.12.2022 11:31,28.12.2022 13:25,Samut Sakhon,department of highways,private/passenger car,speeding,rear-end collision,2,0,0,clear,13.54221723,100.2372788,straight road,no slope,2022-12-04T04:31:00Z
7443489,4.12.2022 14:20,8.12.2022 15:48,Uttaradit,department of rural roads,private/passenger car,speeding,other,2,2,0,clear,17.569212,100.093725,four-way intersection,other,2022-12-04T07:20:00Z
7443499,4.12.2022 15:02,8.12.2022 11:03,Samut Prakan,department of highways,van,speeding,rear-end collision,3,0,0,clear,13.66841951,100.8463533,straight road,no slope,2022-12-04T08:02:00Z
7566994,4.12.2022 16:25,23.01.2023 08:50,Phrae,department of highways,private/passenger car,speeding,rollover/fallen on straight road,1,0,0,clear,18.37283084,100.388544,wide curve,no slope,2022-12-04T09:25:00Z
7435157,4.12.2022 16:58,6.12.2022 16:17,Sukhothai,department of highways,4-wheel pickup truck,speeding,head-on collision (not overtaking),2,0,4,clear,17.17205471,99.65517864,straight road,no slope,2022-12-04T09:58:00Z
7508777,4.12.2022 18:30,26.12.2022 11:09,Samut Songkhram,department of highways,4-wheel pickup truck,cutting in closely by people/vehicles/animals,head-on collision (not overtaking),2,0,1,clear,13.38368933,99.98938925,straight road,no slope,2022-12-04T11:30:00Z
7434313,4.12.2022 19:05,6.12.2022 10:10,Kanchanaburi,department of highways,4-wheel pickup truck,speeding,rollover/fallen on straight road,1,0,1,clear,14.62640336,98.72070506,straight road,no slope,2022-12-04T12:05:00Z
7553546,4.12.2022 19:05,7.01.2023 11:16,Bangkok,department of highways,private/passenger car,speeding,rear-end collision,2,0,2,clear,13.67163985,100.6137478,straight road,no slope,2022-12-04T12:05:00Z
7437908,4.12.2022 19:29,7.12.2022 09:17,Pathum Thani,department of highways,private/passenger car,speeding,rear-end collision,3,0,0,clear,13.98738142,100.7133691,straight road,no slope,2022-12-04T12:29:00Z
7553852,4.12.2022 19:30,7.01.2023 16:20,Pattani,department of highways,4-wheel pickup truck,speeding,rollover/fallen on straight road,1,1,1,clear,6.81060145,101.1070557,straight road,no slope,2022-12-04T12:30:00Z
7553497,4.12.2022 20:50,7.01.2023 10:58,Samut Sakhon,department of highways,4-wheel pickup truck,driving under the influence of alcohol,rollover/fallen on straight road,1,0,1,clear,13.5881135,100.3254011,straight road,no slope,2022-12-04T13:50:00Z
7559432,4.12.2022 21:00,13.01.2023 14:36,Bangkok,department of highways,private/passenger car,speeding,rear-end collision,2,0,2,clear,13.67154342,100.6159352,straight road,no slope,2022-12-04T14:00:00Z
7432289,4.12.2022 22:17,5.12.2022 13:26,Bangkok,department of highways,motorcycle,speeding,rear-end collision,2,0,3,clear,13.7331788,100.6990179,straight road,no slope,2022-12-04T15:17:00Z
7520781,4.12.2022 22:20,30.12.2022 07:42,Trang,department of highways,4-wheel pickup truck,speeding,rollover/fallen on straight road,1,0,1,clear,7.582065293,99.58827496,straight road,no slope,2022-12-04T15:20:00Z
7561783,4.12.2022 22:30,17.01.2023 14:33,Ratchaburi,department of highways,4-wheel pickup truck,vehicle electrical system failure,rollover/fallen on straight road,1,0,0,clear,13.55036101,99.96726627,straight road,no slope,2022-12-04T15:30:00Z
7514968,4.12.2022 23:15,28.12.2022 15:32,Maha Sarakham,department of highways,private/passenger car,speeding,rollover/fallen on straight road,1,0,2,clear,16.19918462,103.292865,straight road,no slope,2022-12-04T16:15:00Z
7510610,4.12.2022 23:22,27.12.2022 11:08,Trat,department of highways,4-wheel pickup truck,using mobile phone while driving,rollover/fallen on straight road,1,0,1,clear,12.2542341,102.2887467,straight road,no slope,2022-12-04T16:22:00Z
7457343,4.12.2022 23:30,14.12.2022 12:49,Phra Nakhon Si Ayutthaya,department of highways,4-wheel pickup truck,cutting in closely by people/vehicles/animals,rollover/fallen on straight road,1,0,0,clear,14.20745435,100.7448354,straight road,no slope,2022-12-04T16:30:00Z
7508261,5.12.2022 00:00,26.12.2022 10:03,Trang,department of highways,4-wheel pickup truck,speeding,rollover/fallen on straight road,1,0,0,clear,7.525815598,99.62278292,straight road,no slope,2022-12-04T17:00:00Z
7553661,5.12.2022 01:00,7.01.2023 12:31,Phetchaburi,department of highways,private/passenger car,driving under the influence of alcohol,rollover/fallen on straight road,1,0,0,clear,13.26398283,99.82216237,straight road,no slope,2022-12-04T18:00:00Z
7553496,5.12.2022 01:30,7.01.2023 10:57,Samut Sakhon,department of highways,4-wheel pickup truck,speeding,rear-end collision,3,0,0,clear,13.53846913,100.2259404,straight road,no slope,2022-12-04T18:30:00Z
7506686,5.12.2022 01:55,26.12.2022 06:44,Nakhon Si Thammarat,department of highways,4-wheel pickup truck,speeding,rollover/fallen on straight road,1,0,0,rainy,8.363443178,99.92357463,straight road,no slope,2022-12-04T18:55:00Z
7455345,5.12.2022 02:30,13.12.2022 08:57,Ubon Ratchathani,department of highways,4-wheel pickup truck,speeding,rollover/fallen on straight road,1,0,1,clear,15.31136648,104.7481524,straight road,no slope,2022-12-04T19:30:00Z
7458138,5.12.2022 04:07,15.12.2022 08:29,Chachoengsao,department of highways,4-wheel pickup truck,speeding,rear-end collision,2,0,0,clear,13.58000135,100.9746787,straight road,no slope,2022-12-04T21:07:00Z
7556181,5.12.2022 04:15,11.01.2023 10:59,Maha Sarakham,department of highways,private/passenger car,speeding,rollover/fallen on curved road,1,0,2,clear,16.204937610000002,103.2610063,wide curve,no slope,2022-12-04T21:15:00Z
7472588,5.12.2022 05:30,20.12.2022 09:16,Si Sa Ket,department of highways,private/passenger car,running red lights/traffic signals,collision at intersection corner,2,0,3,clear,14.6892572,104.579896,other,other,2022-12-04T22:30:00Z
7514887,5.12.2022 05:50,28.12.2022 14:34,Suphan Buri,department of highways,6-wheel truck,worn-out/tire blowout,rollover/fallen on straight road,1,0,0,clear,14.4511853,100.0969413,straight road,no slope,2022-12-04T22:50:00Z
7507608,5.12.2022 06:30,26.12.2022 08:12,Phatthalung,department of highways,7-10-wheel truck,running red lights/traffic signals,collision with obstruction (on road surface),2,0,1,rainy,7.607098102,100.0545113,other,other,2022-12-04T23:30:00Z
7555885,5.12.2022 09:10,11.01.2023 07:33,Phetchabun,department of highways,4-wheel pickup truck,falling asleep,head-on collision (not overtaking),3,0,3,clear,15.33979639,101.1341253,straight road,no slope,2022-12-05T02:10:00Z
7566992,5.12.2022 10:30,23.01.2023 08:48,Phrae,department of highways,private/passenger car,speeding,rollover/fallen on straight road,1,0,0,clear,18.3621166,100.3507622,wide curve,no slope,2022-12-05T03:30:00Z
7564343,5.12.2022 11:00,19.01.2023 14:03,Chiang Mai,department of highways,motorcycle,speeding,collision with obstruction (on road surface),2,1,0,clear,19.32938875,99.32483729,straight road,no slope,2022-12-05T04:00:00Z
7569054,5.12.2022 11:15,25.01.2023 08:51,Prachin Buri,department of highways,private/passenger car,speeding,rollover/fallen on straight road,1,0,1,clear,14.08860459,101.3450387,straight road,no slope,2022-12-05T04:15:00Z
7544144,5.12.2022 11:20,4.01.2023 09:34,Nakhon Si Thammarat,department of highways,4-wheel pickup truck,falling asleep,rollover/fallen on straight road,1,0,0,clear,8.475337405,99.35183982,straight road,no slope,2022-12-05T04:20:00Z
7519204,5.12.2022 11:35,29.12.2022 22:08,Nonthaburi,expressway authority of thailand,other,other,rear-end collision,8,0,0,clear,13.91108,100.54418,straight road,other,2022-12-05T04:35:00Z
7556544,5.12.2022 11:35,11.01.2023 13:51,Chiang Mai,department of highways,4-wheel pickup truck,speeding,rollover/fallen on curved road,1,1,0,clear,19.0128961,99.30265054,wide curve,slope area,2022-12-05T04:35:00Z
7567289,5.12.2022 12:30,23.01.2023 13:31,Phrae,department of highways,6-wheel truck,speeding,rollover/fallen on straight road,1,0,0,clear,18.05763166,99.77243274,straight road,no slope,2022-12-05T05:30:00Z
7457970,5.12.2022 12:45,15.12.2022 07:39,Bangkok,department of highways,private/passenger car,speeding,rear-end collision,3,0,1,clear,13.73635622,100.6702097,straight road,no slope,2022-12-05T05:45:00Z
7514790,5.12.2022 12:50,28.12.2022 14:31,Chai Nat,department of highways,private/passenger car,falling asleep,rollover/fallen on straight road,1,0,0,clear,15.20218155,100.1492757,straight road,no slope,2022-12-05T05:50:00Z
7567050,5.12.2022 13:05,23.01.2023 09:37,Nan,department of highways,4-wheel pickup truck,falling asleep,collision with obstruction (on road surface),2,0,1,clear,19.36602797,100.8776249,straight road,no slope,2022-12-05T06:05:00Z
7438328,5.12.2022 13:46,7.12.2022 12:35,Nong Bua Lam Phu,department of rural roads,motorcycle,speeding,other,2,1,1,clear,17.658049,102.182039,straight road,no slope,2022-12-05T06:46:00Z
7554343,5.12.2022 14:00,9.01.2023 10:32,Songkhla,department of highways,4-wheel pickup truck,running red lights/traffic signals,rollover/fallen on straight road,1,0,0,rainy,7.0680855,100.5389678,other,other,2022-12-05T07:00:00Z
7479981,5.12.2022 14:15,23.12.2022 11:36,Sukhothai,department of highways,7-10-wheel truck,speeding,rear-end collision,2,1,1,clear,17.18626117,99.57889103,straight road,no slope,2022-12-05T07:15:00Z
7459339,5.12.2022 14:30,16.12.2022 08:33,Prachuap Khiri Khan,department of highways,4-wheel pickup truck,speeding,rollover/fallen on curved road,1,0,0,rainy,11.40777369,99.52139542,wide curve,no slope,2022-12-05T07:30:00Z
7564440,5.12.2022 14:48,19.01.2023 14:55,Chiang Rai,department of highways,4-wheel pickup truck,speeding,rollover/fallen on straight road,1,0,2,clear,19.54537179,99.49234307,straight road,no slope,2022-12-05T07:48:00Z
7458078,5.12.2022 14:57,15.12.2022 08:24,Chon Buri,department of highways,private/passenger car,speeding,rear-end collision,2,0,0,clear,13.38432299,101.0452732,straight road,no slope,2022-12-05T07:57:00Z
7565337,5.12.2022 15:00,20.01.2023 10:21,Sakon Nakhon,department of highways,4-wheel pickup truck,loss of control,rollover/fallen on straight road,1,0,1,clear,17.37550687,103.8017626,straight road,no slope,2022-12-05T08:00:00Z
7519206,5.12.2022 15:16,29.12.2022 22:08,Nonthaburi,expressway authority of thailand,4-wheel pickup truck,other,rear-end collision,2,0,0,clear,13.927129,100.553547,wide curve,other,2022-12-05T08:16:00Z
7435135,5.12.2022 16:00,6.12.2022 16:12,Sukhothai,department of highways,motorcycle,speeding,rear-end collision,2,0,1,clear,17.1559888,99.85651329,straight road,no slope,2022-12-05T09:00:00Z