acc_code,incident_datetime,report_datetime,province_en,agency,vehicle_type,presumed_cause,accident_type,number_of_vehicles_involved,number_of_fatalities,number_of_injuries,weather_condition,latitude,longitude,road_description,slope_description,incident_time
7508697,5.12.2022 16:00,26.12.2022 10:48,Prachuap Khiri Khan,department of highways,4-wheel pickup truck,slippery road,rollover/fallen on curved road,1,0,0,rainy,11.42284792,99.52427745,wide curve,no slope,2022-12-05T09:00:00Z
7515260,5.12.2022 16:00,28.12.2022 13:28,Samut Sakhon,department of highways,private/passenger car,speeding,rear-end collision,2,0,0,clear,13.54289602,100.2408868,straight road,no slope,2022-12-05T09:00:00Z
7559060,5.12.2022 16:00,13.01.2023 09:25,Bangkok,department of highways,private/passenger car,speeding,rear-end collision,2,0,0,clear,13.66592803,100.4451664,straight road,no slope,2022-12-05T09:00:00Z
7552821,5.12.2022 16:25,6.01.2023 13:37,Nakhon Sawan,department of highways,large truck with trailer,illegal overtaking,head-on collision (not overtaking),2,1,3,clear,15.58304634,100.561544,straight road,no slope,2022-12-05T09:25:00Z
7514829,5.12.2022 16:30,28.12.2022 13:56,Kanchanaburi,department of highways,4-wheel pickup truck,loss of control,rear-end collision,2,1,0,clear,13.97888486,99.64174027,other,other,2022-12-05T09:30:00Z
7553613,5.12.2022 16:40,7.01.2023 11:55,Saraburi,department of highways,private/passenger car,speeding,rollover/fallen on straight road,1,0,0,clear,14.41815762,100.8929396,straight road,no slope,2022-12-05T09:40:00Z
7481144,5.12.2022 17:00,23.12.2022 14:16,Nong Bua Lam Phu,department of highways,4-wheel pickup truck,brake/anti-lock brake system failure,rollover/fallen on curved road,1,0,0,clear,17.24612589,102.3863621,wide curve,slope area,2022-12-05T10:00:00Z
7474651,5.12.2022 17:30,20.12.2022 14:23,Kanchanaburi,department of highways,private/passenger car,loss of control,rollover/fallen on straight road,1,0,0,clear,14.35470376,98.9577181,straight road,no slope,2022-12-05T10:30:00Z
7478889,5.12.2022 17:30,22.12.2022 16:06,Phrae,department of highways,motorcycle,cutting in closely by people/vehicles/animals,collision at intersection corner,2,0,2,clear,18.05813021,99.77484941,other,other,2022-12-05T10:30:00Z
7469854,5.12.2022 18:20,19.12.2022 08:46,Chachoengsao,department of highways,private/passenger car,speeding,rollover/fallen on straight road,1,0,0,clear,13.53020502,101.0165271,straight road,no slope,2022-12-05T11:20:00Z
7481140,5.12.2022 18:20,23.12.2022 14:14,Nong Bua Lam Phu,department of highways,4-wheel pickup truck,road in poor condition,rear-end collision,3,1,0,clear,17.19359375,102.4368654,other,other,2022-12-05T11:20:00Z
7480529,5.12.2022 19:00,23.12.2022 13:10,Udon Thani,department of highways,private/passenger car,speeding,rollover/fallen on straight road,2,0,1,clear,17.41664113,102.7659352,straight road,no slope,2022-12-05T12:00:00Z
7519207,5.12.2022 19:05,29.12.2022 22:08,Nonthaburi,expressway authority of thailand,other,other,rollover/fallen on straight road,1,0,0,clear,13.910073,100.544397,straight road,other,2022-12-05T12:05:00Z
7520615,5.12.2022 20:10,30.12.2022 07:06,Udon Thani,department of highways,motorcycle,speeding,rear-end collision,3,1,1,clear,17.79931947,102.2728242,straight road,no slope,2022-12-05T13:10:00Z
7456000,5.12.2022 20:30,13.12.2022 15:10,Suphan Buri,department of highways,4-wheel pickup truck,speeding,rear-end collision,2,0,0,foggy,14.84773917,100.1002617,straight road,no slope,2022-12-05T13:30:00Z
7543596,5.12.2022 20:37,4.01.2023 00:11,Bangkok,expressway authority of thailand,4-wheel pickup truck,other,rear-end collision,2,0,2,clear,13.67541465,100.5124098,straight road,other,2022-12-05T13:37:00Z
7551823,5.12.2022 21:00,5.01.2023 14:52,Chiang Mai,department of highways,private/passenger car,speeding,rollover/fallen on straight road,1,0,1,clear,18.72880091,99.09870207,straight road,no slope,2022-12-05T14:00:00Z
7458752,5.12.2022 21:35,15.12.2022 14:16,Surin,department of highways,4-wheel pickup truck,speeding,head-on collision (not overtaking),2,0,6,clear,15.36429219,103.6199477,straight road,no slope,2022-12-05T14:35:00Z
7506844,5.12.2022 22:20,26.12.2022 06:46,Nakhon Si Thammarat,department of highways,private/passenger car,speeding,rollover/fallen on straight road,1,0,2,rainy,8.258253852,100.0065099,straight road,no slope,2022-12-05T15:20:00Z
7552421,5.12.2022 23:30,6.01.2023 09:21,Trat,department of highways,4-wheel pickup truck,speeding,rollover/fallen on straight road,1,0,1,clear,12.26133007,102.523292,straight road,no slope,2022-12-05T16:30:00Z
7557449,6.12.2022 00:00,12.01.2023 09:21,Lamphun,department of highways,other,speeding,rollover/fallen on straight road,1,0,0,clear,18.60097325,99.04306263,connecting to private area,other,2022-12-05T17:00:00Z
7558141,6.12.2022 00:05,12.01.2023 13:52,Nakhon Ratchasima,department of highways,7-10-wheel truck,vehicle electrical system failure,rollover/fallen on straight road,1,0,0,clear,14.46079303,101.9053441,straight road,slope area,2022-12-05T17:05:00Z
7564365,6.12.2022 00:15,19.01.2023 14:05,Phayao,department of highways,4-wheel pickup truck,falling asleep,rollover/fallen on straight road,1,1,1,clear,19.39401525,99.77904812,straight road,no slope,2022-12-05T17:15:00Z
7480793,6.12.2022 01:00,23.12.2022 14:19,Loei,department of highways,4-wheel pickup truck,insufficient light,head-on collision (not overtaking),2,1,4,clear,17.3552141,101.7506368,straight road,no slope,2022-12-05T18:00:00Z
7457245,6.12.2022 01:30,14.12.2022 10:50,Saraburi,department of highways,private/passenger car,speeding,rollover/fallen on straight road,1,0,1,clear,14.658335,100.88562400000001,straight road,no slope,2022-12-05T18:30:00Z
7480742,6.12.2022 01:30,23.12.2022 14:17,Loei,department of highways,motorcycle,speeding,rear-end collision,2,1,0,clear,17.38916419,101.7400392,straight road,no slope,2022-12-05T18:30:00Z
7553824,6.12.2022 01:30,7.01.2023 15:48,Phetchabun,department of highways,private/passenger car,speeding,rollover/fallen on straight road,1,0,2,clear,16.18304489,101.0877625,straight road,no slope,2022-12-05T18:30:00Z
7568044,6.12.2022 02:30,24.01.2023 09:08,Uttaradit,department of highways,private/passenger car,falling asleep,rollover/fallen on straight road,1,0,1,clear,17.36160706,100.2330565,straight road,no slope,2022-12-05T19:30:00Z
7514835,6.12.2022 04:50,28.12.2022 14:12,Kanchanaburi,department of highways,large truck with trailer,loss of control,rear-end collision,2,0,1,clear,13.87378426,99.81511876,straight road,no slope,2022-12-05T21:50:00Z
7566984,6.12.2022 05:15,23.01.2023 08:46,Phrae,department of highways,large passenger vehicle,running red lights/traffic signals,rear-end collision,2,1,0,clear,18.23347584,100.2125376,other,other,2022-12-05T22:15:00Z
7437730,6.12.2022 05:30,7.12.2022 08:11,Kanchanaburi,department of highways,4-wheel pickup truck,falling asleep,head-on collision (not overtaking),3,0,1,clear,14.47163102,98.85562152,straight road,no slope,2022-12-05T22:30:00Z
7458854,6.12.2022 06:20,15.12.2022 14:06,Surat Thani,department of highways,4-wheel pickup truck,speeding,rollover/fallen on straight road,1,0,0,clear,8.590602784,99.03278863,straight road,no slope,2022-12-05T23:20:00Z
7481224,6.12.2022 07:20,23.12.2022 13:17,Chumphon,department of highways,4-wheel pickup truck,reversing vehicle,collision with obstruction (on road surface),2,0,2,rainy,10.3998378,99.12876533,straight road,no slope,2022-12-06T00:20:00Z
7558402,6.12.2022 08:30,12.01.2023 15:41,Phetchabun,department of highways,other,dangerous curve,other,1,0,0,clear,16.73437537,101.3719701,wide curve,slope area,2022-12-06T01:30:00Z
7479870,6.12.2022 09:30,23.12.2022 10:45,Kamphaeng Phet,department of highways,4-wheel pickup truck,speeding,rear-end collision,3,0,0,clear,16.52143693,99.47862625,straight road,no slope,2022-12-06T02:30:00Z
7459349,6.12.2022 09:45,16.12.2022 08:36,Prachuap Khiri Khan,department of highways,4-wheel pickup truck,speeding,rear-end collision,2,0,0,rainy,11.73893594,99.74566169,straight road,no slope,2022-12-06T02:45:00Z
7554396,6.12.2022 10:30,9.01.2023 11:04,Pattani,department of highways,other,speeding,rollover/fallen on straight road,1,0,0,clear,6.654834272,101.5260851,straight road,no slope,2022-12-06T03:30:00Z
7457979,6.12.2022 10:48,15.12.2022 07:40,Bangkok,department of highways,private/passenger car,speeding,rear-end collision,8,0,2,clear,13.76923004,100.6919785,straight road,no slope,2022-12-06T03:48:00Z
7458043,6.12.2022 11:54,15.12.2022 07:47,Bangkok,department of highways,private/passenger car,speeding,rear-end collision,6,0,1,clear,13.73728638,100.663079,straight road,no slope,2022-12-06T04:54:00Z
7527391,6.12.2022 12:40,31.12.2022 10:51,Bangkok,department of highways,private/passenger car,brake/anti-lock brake system failure,rollover/fallen on straight road,1,0,1,clear,13.87909237,100.590426,straight road,no slope,2022-12-06T05:40:00Z
7458026,6.12.2022 12:53,15.12.2022 08:04,Bangkok,department of highways,large truck with trailer,speeding,rear-end collision,2,0,0,clear,13.76920659,100.6919919,straight road,no slope,2022-12-06T05:53:00Z
7543597,6.12.2022 12:54,4.01.2023 00:11,Samut Prakan,expressway authority of thailand,other,other,rear-end collision,2,0,0,clear,13.591264,100.822233,straight road,other,2022-12-06T05:54:00Z
7455226,6.12.2022 13:30,13.12.2022 08:41,Chaiyaphum,department of highways,motorcycle,speeding,rear-end collision,2,0,1,clear,15.77338723,102.0259418,wide curve,no slope,2022-12-06T06:30:00Z
7458036,6.12.2022 13:38,15.12.2022 08:05,Bangkok,department of highways,4-wheel pickup truck,speeding,rear-end collision,2,0,1,clear,13.66042636,100.6945038,straight road,no slope,2022-12-06T06:38:00Z
7457345,6.12.2022 14:20,14.12.2022 13:03,Nakhon Nayok,department of highways,4-wheel pickup truck,falling asleep,rollover/fallen on straight road,1,0,1,clear,14.15930424,101.003804,straight road,no slope,2022-12-06T07:20:00Z
7458001,6.12.2022 15:00,15.12.2022 07:43,Pathum Thani,department of highways,other,speeding,rollover/fallen on straight road,1,0,0,clear,13.92528485,100.7060158,other,other,2022-12-06T08:00:00Z
7444064,6.12.2022 15:04,8.12.2022 10:50,Bangkok,department of highways,private/passenger car,speeding,rear-end collision,2,0,0,clear,13.73003899,100.7263422,straight road,no slope,2022-12-06T08:04:00Z
7567052,6.12.2022 15:15,23.01.2023 09:39,Phrae,department of highways,large truck with trailer,overloaded vehicle,other,1,0,0,clear,18.54606966,100.1161484,wide curve,slope area,2022-12-06T08:15:00Z
7555369,6.12.2022 15:30,10.01.2023 14:15,Si Sa Ket,department of highways,private/passenger car,speeding,rollover/fallen on straight road,1,0,0,clear,14.98037876,104.2108453,straight road,no slope,2022-12-06T08:30:00Z
7556598,6.12.2022 16:15,11.01.2023 14:09,Chiang Mai,department of highways,6-wheel truck,speeding,rollover/fallen on curved road,1,0,2,clear,18.84912582,98.75215933,sharp curve,slope area,2022-12-06T09:15:00Z
7458262,6.12.2022 16:30,15.12.2022 10:09,Chon Buri,department of highways,4-wheel pickup truck,speeding,head-on collision (not overtaking),2,0,2,clear,12.8397182,100.9589307,straight road,no slope,2022-12-06T09:30:00Z
7459319,6.12.2022 17:10,16.12.2022 08:30,Chumphon,department of highways,motorcycle,speeding,rear-end collision,2,2,0,clear,10.90291077,99.33102161,wide curve,no slope,2022-12-06T10:10:00Z
7566925,6.12.2022 17:20,23.01.2023 07:02,Chon Buri,department of highways,4-wheel pickup truck,speeding,rollover/fallen on straight road,1,0,0,clear,13.10247136,101.3833382,straight road,no slope,2022-12-06T10:20:00Z
7568108,6.12.2022 17:50,24.01.2023 09:41,Phitsanulok,department of highways,4-wheel pickup truck,dangerous curve,head-on collision (not overtaking),2,1,0,clear,17.26232038,100.6144738,connecting to public/commercial area,other,2022-12-06T10:50:00Z
7564425,6.12.2022 18:01,19.01.2023 14:48,Khon Kaen,department of highways,4-wheel pickup truck,cutting in closely by people/vehicles/animals,rear-end collision,2,0,0,clear,16.03691951,102.7129407,straight road,no slope,2022-12-06T11:01:00Z
7438591,6.12.2022 19:30,7.12.2022 13:39,Loei,department of rural roads,4-wheel pickup truck,unfamiliarity with the route/unskilled driving,other,1,2,0,clear,17.401884,101.552512,straight road,slope area,2022-12-06T12:30:00Z
7509556,6.12.2022 20:00,27.12.2022 06:58,Chachoengsao,department of highways,large truck with trailer,running red lights/traffic signals,other,1,0,0,clear,13.77332266,101.5227672,straight road,no slope,2022-12-06T13:00:00Z
7521351,6.12.2022 22:00,30.12.2022 09:45,Surin,department of highways,4-wheel pickup truck,cutting in closely by people/vehicles/animals,head-on collision (not overtaking),3,0,0,clear,14.93247757,103.7854305,straight road,no slope,2022-12-06T15:00:00Z
7566924,6.12.2022 23:09,23.01.2023 07:00,Chon Buri,department of highways,private/passenger car,speeding,rollover/fallen on straight road,1,0,1,clear,13.49454274,101.2733272,straight road,no slope,2022-12-06T16:09:00Z
7568008,6.12.2022 23:55,24.01.2023 08:45,Phitsanulok,department of highways,4-wheel pickup truck,worn-out/tire blowout,rollover/fallen on straight road,1,0,0,clear,16.5588879,100.4588804,straight road,no slope,2022-12-06T16:55:00Z
7553679,7.12.2022 01:30,7.01.2023 12:48,Chon Buri,department of highways,4-wheel pickup truck,falling asleep,rollover/fallen on straight road,1,0,0,clear,13.3071803,101.001834,straight road,no slope,2022-12-06T18:30:00Z
7521238,7.12.2022 02:00,30.12.2022 09:22,Si Sa Ket,department of highways,van,speeding,rollover/fallen on straight road,1,0,1,clear,14.6761144,104.3181811,straight road,no slope,2022-12-06T19:00:00Z
7479841,7.12.2022 02:45,23.12.2022 10:28,Tak,department of highways,motorcycle,speeding,rollover/fallen on straight road,1,1,0,clear,16.89693024,99.1279301,other,other,2022-12-06T19:45:00Z
7474041,7.12.2022 03:45,20.12.2022 10:50,Chai Nat,department of highways,4-wheel pickup truck,falling asleep,rollover/fallen on straight road,1,0,0,clear,15.05705993,100.1529242,straight road,no slope,2022-12-06T20:45:00Z
7517939,7.12.2022 03:45,29.12.2022 14:17,Songkhla,department of highways,4-wheel pickup truck,speeding,rollover/fallen on straight road,1,0,0,clear,7.221448911,100.5574644,other,other,2022-12-06T20:45:00Z
7479402,7.12.2022 04:00,23.12.2022 07:51,Tak,department of rural roads,private/passenger car,speeding,other,1,0,0,clear,16.698107,98.531112,straight road,no slope,2022-12-06T21:00:00Z
7555279,7.12.2022 04:00,10.01.2023 11:27,Loburi,department of highways,4-wheel pickup truck,speeding,collision at intersection corner,2,0,2,clear,15.04759282,100.5634551,other,other,2022-12-06T21:00:00Z
7515045,7.12.2022 04:25,28.12.2022 14:36,Suphan Buri,department of highways,4-wheel pickup truck,falling asleep,rollover/fallen on straight road,1,4,0,clear,14.75006756,100.0981361,straight road,no slope,2022-12-06T21:25:00Z
7458128,7.12.2022 04:30,15.12.2022 08:26,Chon Buri,department of highways,private/passenger car,speeding,rear-end collision,2,0,0,clear,13.47778934,101.0461904,straight road,no slope,2022-12-06T21:30:00Z
7511712,7.12.2022 04:40,27.12.2022 11:02,Roi Et,department of highways,4-wheel pickup truck,speeding,rollover/fallen on straight road,1,0,1,clear,16.06739324,103.609534,straight road,no slope,2022-12-06T21:40:00Z
7477553,7.12.2022 07:00,22.12.2022 06:39,Phra Nakhon Si Ayutthaya,department of highways,large truck with trailer,speeding,rear-end collision,2,0,0,clear,14.30654326,100.526226,other,other,2022-12-07T00:00:00Z
7445932,7.12.2022 07:35,9.12.2022 11:21,Kalasin,department of rural roads,private/passenger car,using mobile phone while driving,other,2,1,4,clear,16.41521,103.490233,wide curve,slope area,2022-12-07T00:35:00Z
7510973,7.12.2022 08:30,27.12.2022 10:22,Yasothon,department of highways,4-wheel pickup truck,speeding,rollover/fallen on straight road,1,0,0,clear,15.78742587,104.1748233,straight road,no slope,2022-12-07T01:30:00Z
7558158,7.12.2022 08:30,12.01.2023 13:59,Nakhon Ratchasima,department of highways,4-wheel pickup truck,worn-out/tire blowout,rollover/fallen on straight road,1,0,0,clear,14.80161359,101.5379499,straight road,no slope,2022-12-07T01:30:00Z
7511281,7.12.2022 09:00,27.12.2022 09:28,Trat,department of highways,7-10-wheel truck,speeding,rollover/fallen on straight road,1,0,1,clear,11.87854711,102.8177632,straight road,no slope,2022-12-07T02:00:00Z
7521501,7.12.2022 09:00,30.12.2022 10:21,Chiang Mai,department of highways,private/passenger car,speeding,head-on collision (not overtaking),2,0,4,clear,18.10898177,98.65122133,wide curve,no slope,2022-12-07T02:00:00Z
7567411,7.12.2022 09:08,23.01.2023 14:59,Prachin Buri,department of highways,large truck with trailer,speeding,rear-end collision,4,0,2,clear,14.30419902,101.8673744,wide curve,slope area,2022-12-07T02:08:00Z
7516996,7.12.2022 10:00,29.12.2022 09:12,Bangkok,department of highways,other,speeding,rollover/fallen on straight road,1,0,0,clear,13.67108082,100.6990917,straight road,no slope,2022-12-07T03:00:00Z
7458096,7.12.2022 10:07,15.12.2022 07:49,Bangkok,department of highways,private/passenger car,speeding,rear-end collision,3,0,3,clear,13.88189936,100.6853011,straight road,no slope,2022-12-07T03:07:00Z
7556155,7.12.2022 10:20,11.01.2023 10:48,Maha Sarakham,department of highways,private/passenger car,falling asleep,rollover/fallen on straight road,1,0,0,clear,16.04506892,102.8737216,straight road,no slope,2022-12-07T03:20:00Z
7479850,7.12.2022 10:25,23.12.2022 10:29,Tak,department of highways,7-10-wheel truck,overloaded vehicle,other,1,0,0,clear,17.03917835,99.084841,straight road,slope area,2022-12-07T03:25:00Z
7479859,7.12.2022 10:30,23.12.2022 10:43,Tak,department of highways,4-wheel pickup truck,speeding,rollover/fallen on straight road,1,0,0,clear,16.845940679999998,98.58767512,straight road,no slope,2022-12-07T03:30:00Z
7552791,7.12.2022 10:30,6.01.2023 12:42,Mae Hong Son,department of highways,4-wheel pickup truck,unfamiliarity with the route/unskilled driving,head-on collision (not overtaking),2,0,0,clear,18.90290478,97.9361776,wide curve,no slope,2022-12-07T03:30:00Z
7472582,7.12.2022 10:59,20.12.2022 09:12,Surin,department of highways,4-wheel pickup truck,speeding,rollover/fallen on straight road,1,0,0,clear,14.8767438,103.397119,straight road,no slope,2022-12-07T03:59:00Z
7565331,7.12.2022 11:30,20.01.2023 10:17,Sakon Nakhon,department of highways,4-wheel pickup truck,loss of control,rollover/fallen on straight road,1,0,0,clear,17.22395183,103.5500924,straight road,no slope,2022-12-07T04:30:00Z
7459266,7.12.2022 11:40,16.12.2022 08:15,Ratchaburi,department of highways,7-10-wheel truck,speeding,other,1,0,0,clear,13.34177109,99.8303954,other,other,2022-12-07T04:40:00Z
7556669,7.12.2022 12:00,11.01.2023 14:25,Chiang Mai,department of highways,other,speeding,rollover/fallen on straight road,1,0,0,clear,19.09806837,98.93571999,straight road,no slope,2022-12-07T05:00:00Z
7567018,7.12.2022 12:30,23.01.2023 09:12,Nan,department of highways,6-wheel truck,worn-out/tire blowout,other,1,0,0,clear,19.17513088,100.9109031,wide curve,slope area,2022-12-07T05:30:00Z
7458050,7.12.2022 13:00,15.12.2022 08:21,Bangkok,department of highways,7-10-wheel truck,speeding,rollover/fallen on straight road,2,0,1,clear,13.73297817,100.6988168,straight road,no slope,2022-12-07T06:00:00Z
7472535,7.12.2022 13:15,20.12.2022 08:46,Saraburi,department of highways,large truck with trailer,speeding,rollover/fallen on straight road,1,0,1,clear,14.34781661,100.9893217,other,other,2022-12-07T06:15:00Z
7558155,7.12.2022 13:37,12.01.2023 13:57,Prachin Buri,department of highways,large truck with trailer,speeding,rear-end collision,2,0,0,clear,14.30848342,101.8619567,straight road,no slope,2022-12-07T06:37:00Z
7443505,7.12.2022 13:50,8.12.2022 15:49,Phrae,department of rural roads,6-wheel truck,ignoring stop sign while leaving intersection,other,2,0,1,clear,18.118728,100.179192,four-way intersection,other,2022-12-07T06:50:00Z
7458006,7.12.2022 14:04,15.12.2022 07:45,Pathum Thani,department of highways,4-wheel pickup truck,speeding,rollover/fallen on straight road,1,0,1,clear,14.13710235,100.6660938,straight road,no slope,2022-12-07T07:04:00Z
7455186,7.12.2022 14:20,13.12.2022 08:14,Chaiyaphum,department of highways,tractor/agricultural vehicle,speeding,rear-end collision,2,0,3,clear,15.62448983,101.6229746,straight road,no slope,2022-12-07T07:20:00Z
7443937,7.12.2022 14:30,8.12.2022 10:39,Samut Prakan,department of highways,6-wheel truck,speeding,rear-end collision,3,0,0,clear,13.63299529,100.9014486,straight road,no slope,2022-12-07T07:30:00Z
7479838,7.12.2022 15:00,23.12.2022 10:40,Tak,department of highways,4-wheel pickup truck,speeding,rollover/fallen on straight road,1,0,0,clear,16.792923300000002,99.02788639,straight road,no slope,2022-12-07T08:00:00Z
7511627,7.12.2022 15:30,27.12.2022 11:17,Trat,department of highways,4-wheel pickup truck,speeding,rear-end collision,2,1,0,clear,12.25923227,102.5522648,other,other,2022-12-07T08:30:00Z
7553545,7.12.2022 16:00,7.01.2023 11:17,Bangkok,department of highways,private/passenger car,speeding,rear-end collision,3,0,1,clear,13.62010474,100.3874592,straight road,no slope,2022-12-07T09:00:00Z
7443488,7.12.2022 16:40,8.12.2022 15:49,Phrae,department of rural roads,motorcycle,ignoring stop sign while leaving intersection,other,2,0,1,clear,18.143226,100.189161,four-way intersection,other,2022-12-07T09:40:00Z
7511974,7.12.2022 16:40,27.12.2022 11:05,Maha Sarakham,department of highways,large truck with trailer,cutting in closely by people/vehicles/animals,head-on collision (not overtaking),2,1,0,clear,15.53084937,103.2006311,other,other,2022-12-07T09:40:00Z
7514588,7.12.2022 16:47,28.12.2022 10:03,Sukhothai,department of highways,private/passenger car,cutting in closely by people/vehicles/animals,collision at intersection corner,2,0,1,clear,17.37852154,99.79619041,other,other,2022-12-07T09:47:00Z
7441276,7.12.2022 18:25,8.12.2022 09:58,Bangkok,department of highways,private/passenger car,speeding,rear-end collision,2,0,0,clear,13.73052553,100.7218196,straight road,no slope,2022-12-07T11:25:00Z
7545156,7.12.2022 19:40,5.01.2023 06:09,Chaiyaphum,department of highways,4-wheel pickup truck,speeding,rollover/fallen on straight road,1,0,0,clear,16.37671716,102.385473,straight road,no slope,2022-12-07T12:40:00Z
7457186,7.12.2022 22:35,14.12.2022 10:42,Loburi,department of highways,motorcycle,speeding,rear-end collision,2,1,0,clear,15.00145441,100.9384909,straight road,no slope,2022-12-07T15:35:00Z
7455718,7.12.2022 23:40,13.12.2022 10:45,Phuket,department of highways,private/passenger car,driving under the influence of alcohol,rollover/fallen on straight road,1,0,0,clear,7.928244907,98.37310831,straight road,no slope,2022-12-07T16:40:00Z
7457219,8.12.2022 00:30,14.12.2022 10:38,Saraburi,department of highways,private/passenger car,cutting in closely by people/vehicles/animals,rollover/fallen on curved road,1,0,0,clear,15.045926,101.4125888,wide curve,no slope,2022-12-07T17:30:00Z
7553847,8.12.2022 00:35,7.01.2023 16:16,Phatthalung,department of highways,private/passenger car,loss of control,rollover/fallen on straight road,1,0,2,clear,7.782022458,99.96431533,straight road,no slope,2022-12-07T17:35:00Z
7521199,8.12.2022 00:50,30.12.2022 09:16,Phrae,department of highways,private/passenger car,cutting in closely by people/vehicles/animals,head-on collision (not overtaking),2,0,2,clear,18.0764557,100.1223887,straight road,no slope,2022-12-07T17:50:00Z
7479381,8.12.2022 01:00,23.12.2022 07:12,Udon Thani,department of highways,private/passenger car,speeding,rollover/fallen on straight road,1,0,2,clear,17.11094228,103.0360897,straight road,no slope,2022-12-07T18:00:00Z
7553682,8.12.2022 01:00,7.01.2023 12:48,Chon Buri,department of highways,4-wheel pickup truck,speeding,rollover/fallen on straight road,2,0,0,clear,13.24966052,100.9933917,straight road,no slope,2022-12-07T18:00:00Z
7566979,8.12.2022 01:15,23.01.2023 08:44,Tak,department of highways,4-wheel pickup truck,speeding,collision with obstruction (on road surface),2,0,0,clear,16.69431503,99.25254017,straight road,no slope,2022-12-07T18:15:00Z
7566976,8.12.2022 01:20,23.01.2023 08:43,Tak,department of highways,4-wheel pickup truck,speeding,collision with obstruction (on road surface),3,0,0,clear,16.69434072,99.2526716,straight road,no slope,2022-12-07T18:20:00Z
7517873,8.12.2022 01:50,29.12.2022 12:30,Loburi,department of highways,private/passenger car,speeding,head-on collision (not overtaking),2,2,2,clear,14.81048476,100.5422696,straight road,no slope,2022-12-07T18:50:00Z
7455356,8.12.2022 03:00,13.12.2022 09:01,Ubon Ratchathani,department of highways,private/passenger car,speeding,rollover/fallen on straight road,1,1,1,clear,15.27596109,104.8451686,straight road,no slope,2022-12-07T20:00:00Z
7566968,8.12.2022 03:00,23.01.2023 08:36,Chiang Mai,department of highways,private/passenger car,speeding,rollover/fallen on straight road,1,0,0,clear,18.71956201,98.97817165,straight road,no slope,2022-12-07T20:00:00Z
7479759,8.12.2022 04:00,23.12.2022 10:22,Samut Songkhram,department of highways,4-wheel pickup truck,speeding,rear-end collision,2,0,0,clear,13.38370172,99.98295012,other,other,2022-12-07T21:00:00Z
7544100,8.12.2022 04:34,4.01.2023 08:28,Chon Buri,department of highways,private/passenger car,speeding,rollover/fallen on straight road,1,1,1,clear,12.80585101,100.9797526,straight road,no slope,2022-12-07T21:34:00Z
7553484,8.12.2022 05:05,7.01.2023 10:51,Samut Sakhon,department of highways,private/passenger car,speeding,rear-end collision,2,0,0,clear,13.5452632,100.257202,straight road,no slope,2022-12-07T22:05:00Z
7506958,8.12.2022 06:00,26.12.2022 07:11,Nakhon Si Thammarat,department of highways,6-wheel truck,slippery road,other,1,0,1,rainy,8.142042416,99.7728147,wide curve,slope area,2022-12-07T23:00:00Z
7509552,8.12.2022 06:00,27.12.2022 06:53,Chachoengsao,department of highways,7-10-wheel truck,speeding,other,1,0,0,clear,13.60509097,101.1194788,other,other,2022-12-07T23:00:00Z
7553680,8.12.2022 06:15,7.01.2023 12:45,Surat Thani,department of highways,van,speeding,rear-end collision,2,0,7,rainy,9.129766178,99.26255319,straight road,no slope,2022-12-07T23:15:00Z
7567006,8.12.2022 07:15,23.01.2023 09:03,Nan,department of highways,4-wheel pickup truck,speeding,rear-end collision,2,0,5,clear,18.82848016,100.7590352,straight road,no slope,2022-12-08T00:15:00Z
7458828,8.12.2022 08:00,15.12.2022 15:07,Narathiwat,department of highways,private/passenger car,speeding,collision at intersection corner,1,0,0,clear,6.359832351,101.9187431,other,other,2022-12-08T01:00:00Z
7459229,8.12.2022 08:00,16.12.2022 07:24,Krabi,department of highways,6-wheel truck,vehicle equipment failure,rollover/fallen on curved road,1,0,0,clear,7.83985,99.17362,wide curve,no slope,2022-12-08T01:00:00Z
7558161,8.12.2022 08:10,12.01.2023 13:56,Nakhon Ratchasima,department of highways,motorcycle,speeding,rear-end collision,2,0,3,clear,14.91841362,101.9459112,straight road,no slope,2022-12-08T01:10:00Z
7564047,8.12.2022 09:00,19.01.2023 10:07,Nakhon Pathom,department of highways,other,speeding,rollover/fallen on straight road,1,0,0,clear,13.75789357,100.30107,straight road,no slope,2022-12-08T02:00:00Z
7477806,8.12.2022 09:50,22.12.2022 09:58,Si Sa Ket,department of highways,4-wheel pickup truck,speeding,rear-end collision,3,1,6,clear,14.73321497,104.5438186,straight road,no slope,2022-12-08T02:50:00Z
7457340,8.12.2022 10:15,14.12.2022 12:26,Suphan Buri,department of highways,6-wheel truck,speeding,rear-end collision,2,0,2,clear,14.29410024,99.89169437,straight road,no slope,2022-12-08T03:15:00Z
7454016,8.12.2022 10:54,11.12.2022 08:54,Bangkok,department of highways,private/passenger car,speeding,rear-end collision,2,0,0,clear,13.73263033,100.7059756,straight road,no slope,2022-12-08T03:54:00Z
7479609,8.12.2022 11:10,23.12.2022 09:29,Sukhothai,department of highways,4-wheel pickup truck,cutting in closely by people/vehicles/animals,collision at intersection corner,2,0,8,clear,16.9052491,99.75968018,other,other,2022-12-08T04:10:00Z
7517270,8.12.2022 11:30,29.12.2022 10:08,Khon Kaen,department of highways,7-10-wheel truck,speeding,rear-end collision,2,0,0,clear,16.60503846,101.9932717,straight road,no slope,2022-12-08T04:30:00Z