acc_code,incident_datetime,report_datetime,province_en,agency,vehicle_type,presumed_cause,accident_type,number_of_vehicles_involved,number_of_fatalities,number_of_injuries,weather_condition,latitude,longitude,road_description,slope_description,incident_time
7445895,8.12.2022 12:00,9.12.2022 11:21,Sukhothai,department of rural roads,passenger pickup truck,ignoring stop sign while leaving intersection,other,2,0,8,clear,16.905256,99.759597,four-way intersection,other,2022-12-08T05:00:00Z
7551815,8.12.2022 13:00,5.01.2023 14:48,Chiang Mai,department of highways,private/passenger car,cutting in closely by people/vehicles/animals,rear-end collision,2,0,0,clear,18.87626102,99.04416663,straight road,no slope,2022-12-08T06:00:00Z
7459275,8.12.2022 13:40,16.12.2022 08:35,Chiang Mai,department of rural roads,motorcycle,speeding,other,2,0,1,clear,19.853612,99.149716,straight road,no slope,2022-12-08T06:40:00Z
7568352,8.12.2022 14:00,24.01.2023 13:41,Prachin Buri,department of highways,7-10-wheel truck,speeding,rear-end collision,2,0,0,clear,14.3045329,101.86707,wide curve,slope area,2022-12-08T07:00:00Z
7458756,8.12.2022 14:30,15.12.2022 15:33,Narathiwat,department of highways,4-wheel pickup truck,slippery road,rollover/fallen on straight road,1,0,1,rainy,6.280370983,102.0140259,straight road,no slope,2022-12-08T07:30:00Z
7567330,8.12.2022 15:30,23.01.2023 14:08,Phrae,department of highways,6-wheel truck,worn-out/tire blowout,rollover/fallen on curved road,1,0,0,clear,17.82287946,99.50351983,wide curve,no slope,2022-12-08T08:30:00Z
7556146,8.12.2022 16:00,11.01.2023 10:42,Phatthalung,department of highways,4-wheel pickup truck,speeding,rollover/fallen on straight road,1,0,0,rainy,7.401770685,100.0958562,straight road,no slope,2022-12-08T09:00:00Z
7508763,8.12.2022 16:30,26.12.2022 11:46,Surin,department of highways,4-wheel pickup truck,speeding,rollover/fallen on straight road,1,0,0,clear,14.48989171,103.8591033,straight road,no slope,2022-12-08T09:30:00Z
7512507,8.12.2022 17:30,27.12.2022 14:21,Nakhon Nayok,department of highways,large truck with trailer,driving under the influence of alcohol,rear-end collision,3,1,2,clear,14.28700395,101.0442409,straight road,no slope,2022-12-08T10:30:00Z
7554264,8.12.2022 18:15,9.01.2023 09:25,Songkhla,department of highways,4-wheel pickup truck,speeding,rollover/fallen on straight road,1,0,1,rainy,6.636824919,100.6976728,straight road,no slope,2022-12-08T11:15:00Z
7543598,8.12.2022 19:06,4.01.2023 00:11,Bangkok,expressway authority of thailand,other,other,rear-end collision,2,0,1,clear,13.70934312,100.5837487,straight road,other,2022-12-08T12:06:00Z
7567195,8.12.2022 19:30,23.01.2023 11:36,Phrae,department of highways,4-wheel pickup truck,speeding,head-on collision (not overtaking),3,0,4,clear,18.06698645,99.79484931,straight road,no slope,2022-12-08T12:30:00Z
7459276,8.12.2022 20:20,16.12.2022 08:35,Chiang Mai,department of rural roads,motorcycle,speeding,other,1,0,1,clear,19.857707,99.172869,four-way intersection,other,2022-12-08T13:20:00Z
7554215,8.12.2022 20:30,9.01.2023 08:52,Khon Kaen,department of highways,private/passenger car,speeding,rollover/fallen on straight road,1,0,1,clear,16.13725225,102.5434028,straight road,no slope,2022-12-08T13:30:00Z
7554337,8.12.2022 23:26,9.01.2023 10:29,Trang,department of highways,other,overloaded vehicle,collision with obstruction (on road surface),1,0,0,rainy,7.838431934,99.58660528,straight road,no slope,2022-12-08T16:26:00Z
7553528,8.12.2022 23:55,7.01.2023 11:11,Samut Sakhon,department of highways,private/passenger car,speeding,rear-end collision,2,0,0,clear,13.54772402,100.2606402,straight road,no slope,2022-12-08T16:55:00Z
7555406,8.12.2022 23:55,10.01.2023 15:08,Samut Sakhon,department of highways,private/passenger car,speeding,rear-end collision,2,0,0,clear,13.54568015,100.2580151,straight road,no slope,2022-12-08T16:55:00Z
7514345,9.12.2022 00:10,28.12.2022 11:01,Phetchabun,department of highways,private/passenger car,falling asleep,rollover/fallen on straight road,1,0,1,clear,16.01942571,101.0728505,straight road,no slope,2022-12-08T17:10:00Z
7457329,9.12.2022 00:15,14.12.2022 12:06,Uthai Thani,department of highways,private/passenger car,speeding,rollover/fallen on straight road,1,0,1,clear,15.09542654,99.6138753,straight road,no slope,2022-12-08T17:15:00Z
7553677,9.12.2022 01:30,7.01.2023 12:47,Chon Buri,department of highways,private/passenger car,falling asleep,rollover/fallen on straight road,1,0,0,clear,13.14897473,100.9860156,straight road,no slope,2022-12-08T18:30:00Z
7459373,9.12.2022 03:00,16.12.2022 08:25,Phetchaburi,department of highways,private/passenger car,speeding,rollover/fallen on straight road,1,0,0,clear,12.82859876,99.93566521,straight road,no slope,2022-12-08T20:00:00Z
7445462,9.12.2022 03:09,9.12.2022 08:41,Pathum Thani,department of highways,4-wheel pickup truck,speeding,rollover/fallen on straight road,1,0,1,clear,14.04261273,100.6982133,straight road,no slope,2022-12-08T20:09:00Z
7568088,9.12.2022 03:15,24.01.2023 09:31,Uttaradit,department of highways,private/passenger car,speeding,rollover/fallen on straight road,1,0,1,clear,17.67219389,100.1614164,other,other,2022-12-08T20:15:00Z
7553409,9.12.2022 06:30,7.01.2023 10:11,Rayong,department of highways,6-wheel truck,speeding,rollover/fallen on straight road,1,0,0,clear,12.75048814,101.1944622,straight road,no slope,2022-12-08T23:30:00Z
7518389,9.12.2022 07:00,29.12.2022 14:33,buogkan,department of highways,4-wheel pickup truck,speeding,rollover/fallen on straight road,1,0,1,clear,17.88924786,103.9374386,straight road,no slope,2022-12-09T00:00:00Z
7516441,9.12.2022 07:35,29.12.2022 06:19,Suphan Buri,department of highways,private/passenger car,speeding,rear-end collision,3,0,2,clear,14.3813087,100.1772022,straight road,no slope,2022-12-09T00:35:00Z
7556144,9.12.2022 07:50,11.01.2023 10:42,Maha Sarakham,department of highways,4-wheel pickup truck,speeding,rollover/fallen on straight road,1,0,1,clear,16.04947248,102.9383862,straight road,no slope,2022-12-09T00:50:00Z
7542358,9.12.2022 08:20,3.01.2023 13:05,Chon Buri,department of highways,4-wheel pickup truck,cutting in closely by people/vehicles/animals,rear-end collision,4,0,0,clear,13.11629655,100.9759681,straight road,no slope,2022-12-09T01:20:00Z
7472074,9.12.2022 08:30,19.12.2022 14:24,Ang Thong,department of highways,6-wheel truck,speeding,rollover/fallen on straight road,1,0,0,clear,14.65134768,100.3783734,straight road,no slope,2022-12-09T01:30:00Z
7514966,9.12.2022 08:30,28.12.2022 13:37,Samut Sakhon,department of highways,large truck with trailer,speeding,collision with obstruction (on road surface),2,0,2,clear,13.53320479,100.2102659,straight road,no slope,2022-12-09T01:30:00Z
7459330,9.12.2022 09:06,16.12.2022 08:20,Prachuap Khiri Khan,department of highways,large truck with trailer,speeding,rollover/fallen on straight road,1,1,1,clear,11.21435799,99.40806001,straight road,no slope,2022-12-09T02:06:00Z
7508236,9.12.2022 09:40,26.12.2022 09:26,Phangnga,department of highways,4-wheel pickup truck,speeding,rollover/fallen on straight road,1,0,1,clear,8.320623706,98.40761183,straight road,no slope,2022-12-09T02:40:00Z
7543599,9.12.2022 09:51,4.01.2023 00:11,Bangkok,expressway authority of thailand,4-wheel pickup truck,other,rear-end collision,6,0,0,clear,13.73961675,100.5507647,straight road,other,2022-12-09T02:51:00Z
7555267,9.12.2022 10:00,10.01.2023 11:22,Loburi,department of highways,other,speeding,rollover/fallen on straight road,1,0,0,clear,14.89816648,100.6112203,straight road,no slope,2022-12-09T03:00:00Z
7479900,9.12.2022 10:30,23.12.2022 10:33,Tak,department of highways,large truck with trailer,speeding,rollover/fallen on curved road,1,0,1,clear,16.8135675,98.97225469,wide curve,slope area,2022-12-09T03:30:00Z
7542505,9.12.2022 11:10,3.01.2023 13:40,Chon Buri,department of highways,7-10-wheel truck,speeding,rear-end collision,2,0,0,clear,13.10404879,100.916407,straight road,no slope,2022-12-09T04:10:00Z
7561819,9.12.2022 11:18,17.01.2023 15:02,Yala,department of highways,4-wheel pickup truck,speeding,rollover/fallen on straight road,1,0,2,rainy,6.463393723,101.3293652,straight road,no slope,2022-12-09T04:18:00Z
7564529,9.12.2022 11:20,19.01.2023 21:12,Trang,department of highways,4-wheel pickup truck,speeding,rollover/fallen on curved road,1,0,2,rainy,7.540312793,99.75205198,wide curve,no slope,2022-12-09T04:20:00Z
7481066,9.12.2022 11:38,23.12.2022 13:55,Nong Bua Lam Phu,department of highways,private/passenger car,speeding,rear-end collision,2,0,3,clear,17.21822777,102.4235536,straight road,no slope,2022-12-09T04:38:00Z
7474634,9.12.2022 12:30,20.12.2022 14:22,Kanchanaburi,department of highways,motorized tricycle,cutting in closely by people/vehicles/animals,rear-end collision,2,0,1,clear,14.33490689,99.78316393,other,other,2022-12-09T05:30:00Z
7555455,9.12.2022 12:30,10.01.2023 16:11,Si Sa Ket,department of highways,private/passenger car,speeding,rollover/fallen on curved road,1,0,0,clear,14.36027431,104.0691881,other,other,2022-12-09T05:30:00Z
7562705,9.12.2022 12:45,18.01.2023 10:36,Surat Thani,department of highways,7-10-wheel truck,speeding,rollover/fallen on straight road,1,0,1,rainy,9.155863858,99.14708644,straight road,no slope,2022-12-09T05:45:00Z
7508232,9.12.2022 13:00,26.12.2022 09:48,Trang,department of highways,4-wheel pickup truck,falling asleep,rollover/fallen on curved road,1,0,0,rainy,7.987063353,99.72287089,wide curve,no slope,2022-12-09T06:00:00Z
7564199,9.12.2022 14:00,19.01.2023 11:13,Phetchabun,department of highways,large truck with trailer,dangerous curve,rollover/fallen on curved road,1,0,1,clear,17.0629361,101.4687113,wide curve,slope area,2022-12-09T07:00:00Z
7480862,9.12.2022 14:30,23.12.2022 14:12,Phetchabun,department of highways,6-wheel truck,falling asleep,rear-end collision,2,0,5,clear,16.29309007,101.065532,straight road,no slope,2022-12-09T07:30:00Z
7555285,9.12.2022 14:54,10.01.2023 11:29,Chaiyaphum,department of highways,other,speeding,rollover/fallen on straight road,1,0,0,clear,16.38016725,102.2947875,straight road,no slope,2022-12-09T07:54:00Z
7474676,9.12.2022 15:09,20.12.2022 15:17,Bangkok,department of highways,private/passenger car,speeding,rear-end collision,3,0,2,clear,13.72953827,100.7444879,straight road,no slope,2022-12-09T08:09:00Z
7479512,9.12.2022 16:15,23.12.2022 08:50,Tak,department of highways,motorcycle,speeding,head-on collision (not overtaking),2,0,1,clear,17.29536009,98.18392424,straight road,no slope,2022-12-09T09:15:00Z
7555881,9.12.2022 16:42,11.01.2023 07:30,Phetchabun,department of highways,motorcycle,brake/anti-lock brake system failure,rollover/fallen on straight road,1,0,2,clear,16.75021169,101.2086993,straight road,no slope,2022-12-09T09:42:00Z
7568011,9.12.2022 16:45,24.01.2023 08:48,Ubon Ratchathani,department of highways,4-wheel pickup truck,speeding,head-on collision (not overtaking),3,1,34,clear,15.23925796,105.0210971,other,other,2022-12-09T09:45:00Z
7561368,9.12.2022 17:05,17.01.2023 09:01,Samut Songkhram,department of highways,private/passenger car,cutting in closely by people/vehicles/animals,head-on collision (not overtaking),2,0,4,clear,13.43268094,100.0510963,straight road,no slope,2022-12-09T10:05:00Z
7458426,9.12.2022 17:20,15.12.2022 13:42,Nakhon Si Thammarat,department of highways,motorcycle,cutting in closely by people/vehicles/animals,head-on collision (not overtaking),2,0,3,rainy,8.307818015,99.36711475,other,other,2022-12-09T10:20:00Z
7506800,9.12.2022 17:40,26.12.2022 06:50,Nakhon Si Thammarat,department of highways,private/passenger car,speeding,rollover/fallen on straight road,1,0,3,clear,8.968543054,99.89461692,straight road,no slope,2022-12-09T10:40:00Z
7566978,9.12.2022 17:57,23.01.2023 08:44,Tak,department of highways,private/passenger car,speeding,rear-end collision,2,1,0,clear,16.853021,99.14484819,straight road,no slope,2022-12-09T10:57:00Z
7455800,9.12.2022 18:25,13.12.2022 13:08,Sukhothai,department of rural roads,private/passenger car,insufficient light,other,2,0,1,clear,17.205282,99.906952,straight road,no slope,2022-12-09T11:25:00Z
7556124,9.12.2022 20:30,11.01.2023 10:34,Maha Sarakham,department of highways,private/passenger car,speeding,rear-end collision,2,0,1,clear,16.12629527,103.222931,straight road,no slope,2022-12-09T13:30:00Z
7509066,9.12.2022 20:38,26.12.2022 15:08,Chanthaburi,department of highways,4-wheel pickup truck,speeding,rollover/fallen on curved road,1,3,6,clear,12.67687835,102.0048903,connecting to private area,other,2022-12-09T13:38:00Z
7558132,9.12.2022 20:45,12.01.2023 13:45,Sa Kaeo,department of highways,large truck with trailer,running red lights/traffic signals,collision at intersection corner,9,0,0,clear,13.77353627,102.0910831,other,other,2022-12-09T13:45:00Z
7458132,9.12.2022 21:37,15.12.2022 08:28,Chon Buri,department of highways,private/passenger car,speeding,rear-end collision,2,0,0,clear,13.4250376,101.0466354,straight road,no slope,2022-12-09T14:37:00Z
7558107,9.12.2022 22:20,12.01.2023 13:39,Sa Kaeo,department of highways,7-10-wheel truck,vehicle electrical system failure,other,2,0,1,foggy,14.14933961,102.6628295,straight road,slope area,2022-12-09T15:20:00Z
7455816,9.12.2022 22:30,13.12.2022 13:10,Sukhothai,department of rural roads,passenger pickup truck,speeding,other,1,0,2,clear,17.711537,99.678128,wide curve,slope area,2022-12-09T15:30:00Z
7509540,9.12.2022 22:30,27.12.2022 06:18,Chanthaburi,department of highways,motorcycle,speeding,rear-end collision,2,0,2,clear,12.50784688,102.1628268,other,other,2022-12-09T15:30:00Z
7568949,9.12.2022 23:16,25.01.2023 07:05,Chachoengsao,department of highways,private/passenger car,speeding,rollover/fallen on straight road,1,0,0,clear,13.58696487,100.9688247,straight road,no slope,2022-12-09T16:16:00Z
7481296,9.12.2022 23:30,23.12.2022 13:58,Udon Thani,department of highways,other,inadequate visibility,rollover/fallen on straight road,1,0,0,clear,17.49851113,102.37207,other,other,2022-12-09T16:30:00Z
7509549,9.12.2022 23:50,27.12.2022 06:46,Chachoengsao,department of highways,motorcycle,speeding,rollover/fallen on straight road,1,1,0,clear,13.57072922,100.9190235,straight road,no slope,2022-12-09T16:50:00Z
7570994,10.12.2022 00:01,26.01.2023 10:16,Kalasin,department of highways,4-wheel pickup truck,speeding,rear-end collision,2,0,2,clear,16.2592961,103.7034034,straight road,no slope,2022-12-09T17:01:00Z
7517053,10.12.2022 00:40,29.12.2022 09:19,Udon Thani,department of highways,private/passenger car,speeding,rollover/fallen on straight road,1,0,0,clear,17.23550896,102.9044335,straight road,no slope,2022-12-09T17:40:00Z
7553504,10.12.2022 01:04,7.01.2023 11:02,Samut Sakhon,department of highways,private/passenger car,speeding,rollover/fallen on straight road,1,0,0,clear,13.51043679,100.1399137,straight road,no slope,2022-12-09T18:04:00Z
7566941,10.12.2022 01:09,23.01.2023 07:28,Sukhothai,department of highways,4-wheel pickup truck,using mobile phone while driving,rollover/fallen on straight road,1,0,0,clear,17.02179753,99.8215802,straight road,no slope,2022-12-09T18:09:00Z
7457268,10.12.2022 01:30,14.12.2022 11:58,Suphan Buri,department of highways,4-wheel pickup truck,falling asleep,rollover/fallen on straight road,1,0,1,clear,14.78938792,99.73644917,straight road,no slope,2022-12-09T18:30:00Z
7480559,10.12.2022 01:40,23.12.2022 14:59,Sing Buri,department of highways,7-10-wheel truck,speeding,rollover/fallen on straight road,1,0,0,clear,14.95607567,100.3773393,straight road,no slope,2022-12-09T18:40:00Z
7515202,10.12.2022 04:45,28.12.2022 13:52,Kanchanaburi,department of highways,motorcycle,speeding,rollover/fallen on straight road,1,1,0,clear,13.89820966,99.7398465,other,other,2022-12-09T21:45:00Z
7552631,10.12.2022 05:00,6.01.2023 11:04,Phatthalung,department of highways,private/passenger car,falling asleep,rollover/fallen on straight road,1,0,0,rainy,7.563401736,99.91625279,straight road,no slope,2022-12-09T22:00:00Z
7569264,10.12.2022 05:00,25.01.2023 10:47,Songkhla,department of highways,4-wheel pickup truck,running red lights/traffic signals,collision at intersection corner,2,0,0,rainy,7.059342786,100.6452809,other,other,2022-12-09T22:00:00Z
7458397,10.12.2022 05:20,15.12.2022 13:32,Chaiyaphum,department of highways,private/passenger car,speeding,rollover/fallen on straight road,1,0,0,clear,15.85577246,102.073763,straight road,no slope,2022-12-09T22:20:00Z
7564305,10.12.2022 06:30,19.01.2023 13:39,Nakhon Pathom,department of highways,4-wheel pickup truck,speeding,rear-end collision,5,0,5,clear,13.7534116,100.3289261,straight road,no slope,2022-12-09T23:30:00Z
7508746,10.12.2022 07:30,26.12.2022 11:20,Ratchaburi,department of highways,large truck with trailer,worn-out/tire blowout,other,1,0,0,clear,13.34112945,99.83057402,other,other,2022-12-10T00:30:00Z
7544082,10.12.2022 07:48,4.01.2023 07:38,Chon Buri,department of highways,large truck with trailer,falling asleep,rear-end collision,2,0,1,clear,13.32425688,100.9904587,straight road,no slope,2022-12-10T00:48:00Z
7457257,10.12.2022 08:00,14.12.2022 11:45,Suphan Buri,department of highways,other,speeding,rollover/fallen on straight road,1,0,0,clear,14.48067786,100.1312949,straight road,no slope,2022-12-10T01:00:00Z
7509153,10.12.2022 09:14,26.12.2022 15:30,Bangkok,department of highways,private/passenger car,speeding,rear-end collision,3,0,0,clear,13.73062285,100.720915,straight road,no slope,2022-12-10T02:14:00Z
7559016,10.12.2022 10:05,13.01.2023 09:13,Bangkok,department of highways,motorcycle,failure to yield/signal,rear-end collision,2,0,2,clear,13.81421757,100.5591206,straight road,no slope,2022-12-10T03:05:00Z
7544094,10.12.2022 10:19,4.01.2023 08:09,Chon Buri,department of highways,4-wheel pickup truck,worn-out/tire blowout,collision with obstruction (on road surface),2,0,0,clear,13.25953049,100.990051,straight road,no slope,2022-12-10T03:19:00Z
7457267,10.12.2022 11:42,14.12.2022 11:47,Uthai Thani,department of highways,large truck with trailer,speeding,rollover/fallen on straight road,1,0,0,clear,15.40759843,100.0173654,other,other,2022-12-10T04:42:00Z
7517340,10.12.2022 11:45,29.12.2022 10:46,Khon Kaen,department of highways,4-wheel pickup truck,falling asleep,rollover/fallen on straight road,1,0,0,clear,16.46189796,102.6236721,straight road,no slope,2022-12-10T04:45:00Z
7480948,10.12.2022 12:00,23.12.2022 14:06,Phetchabun,department of highways,4-wheel pickup truck,speeding,rollover/fallen on straight road,1,0,0,clear,16.91039318,101.1843301,straight road,no slope,2022-12-10T05:00:00Z
7567392,10.12.2022 12:02,23.01.2023 14:45,Chiang Rai,department of highways,6-wheel truck,speeding,rollover/fallen on straight road,1,0,0,clear,19.93504443,100.4241478,straight road,no slope,2022-12-10T05:02:00Z
7514154,10.12.2022 13:24,28.12.2022 09:21,Chon Buri,department of highways,private/passenger car,speeding,rear-end collision,2,0,0,clear,13.18894117,100.9980936,straight road,no slope,2022-12-10T06:24:00Z
7507594,10.12.2022 14:45,26.12.2022 08:44,Nakhon Si Thammarat,department of rural roads,4-wheel pickup truck,speeding,other,2,0,3,clear,8.634247,99.927294,straight road,no slope,2022-12-10T07:45:00Z
7569247,10.12.2022 15:06,25.01.2023 10:36,Samut Sakhon,department of highways,4-wheel pickup truck,speeding,other,3,0,2,clear,13.59189299,100.3352874,straight road,no slope,2022-12-10T08:06:00Z
7455840,10.12.2022 15:30,13.12.2022 11:38,Nakhon Ratchasima,department of highways,6-wheel truck,worn-out/tire blowout,rollover/fallen on straight road,1,0,0,clear,14.86941005,101.8041806,straight road,no slope,2022-12-10T08:30:00Z
7470898,10.12.2022 15:45,19.12.2022 14:20,Samut Prakan,department of rural roads,motorcycle,running red lights/traffic signals,other,1,0,1,clear,13.662518,100.539012,straight road,slope area,2022-12-10T08:45:00Z
7558135,10.12.2022 15:45,12.01.2023 13:47,Nakhon Ratchasima,department of highways,4-wheel pickup truck,speeding,rear-end collision,2,0,0,clear,14.86954486,101.7937468,straight road,no slope,2022-12-10T08:45:00Z
7558945,10.12.2022 15:45,13.01.2023 08:39,Bangkok,department of highways,private/passenger car,running red lights/traffic signals,rear-end collision,2,0,1,clear,13.81147557,100.5595148,straight road,no slope,2022-12-10T08:45:00Z
7558991,10.12.2022 16:20,13.01.2023 09:01,Bangkok,department of highways,private/passenger car,speeding,rear-end collision,2,0,2,clear,13.81147557,100.5595148,straight road,no slope,2022-12-10T09:20:00Z
7567308,10.12.2022 16:40,23.01.2023 13:48,Phrae,department of highways,motorcycle,speeding,rear-end collision,2,0,1,clear,17.78929439,99.46743251,other,other,2022-12-10T09:40:00Z
7567153,10.12.2022 17:15,23.01.2023 11:06,Phangnga,department of highways,private/passenger car,speeding,rollover/fallen on straight road,1,0,0,rainy,8.247612643,98.30132023,straight road,no slope,2022-12-10T10:15:00Z
7561824,10.12.2022 17:30,17.01.2023 15:05,Yala,department of highways,4-wheel pickup truck,slippery road,rollover/fallen on straight road,1,0,1,rainy,6.47964961,101.4466099,straight road,no slope,2022-12-10T10:30:00Z
7541060,10.12.2022 20:49,3.01.2023 07:13,Chai Nat,department of highways,4-wheel pickup truck,falling asleep,rollover/fallen on straight road,1,0,0,clear,15.0458187,100.1491525,straight road,no slope,2022-12-10T13:49:00Z
7555449,10.12.2022 21:20,10.01.2023 15:55,Si Sa Ket,department of highways,4-wheel pickup truck,speeding,rollover/fallen on straight road,2,1,0,clear,15.09996186,104.5681941,straight road,no slope,2022-12-10T14:20:00Z
7563148,10.12.2022 23:00,18.01.2023 14:43,Lampang,department of highways,4-wheel pickup truck,speeding,rollover/fallen on curved road,1,0,0,clear,18.01185571,99.35716491,wide curve,no slope,2022-12-10T16:00:00Z
7568945,10.12.2022 23:00,25.01.2023 07:00,Chon Buri,department of highways,private/passenger car,speeding,rollover/fallen on straight road,1,0,0,clear,13.38327707,101.0449601,straight road,no slope,2022-12-10T16:00:00Z
7553684,10.12.2022 23:14,7.01.2023 12:51,Chon Buri,department of highways,private/passenger car,speeding,rear-end collision,2,0,3,clear,12.91176524,100.9524121,straight road,no slope,2022-12-10T16:14:00Z
7557448,10.12.2022 23:30,12.01.2023 09:22,Lampang,department of highways,large truck with trailer,speeding,rollover/fallen on curved road,1,0,0,clear,18.63778243,99.91550963,wide curve,slope area,2022-12-10T16:30:00Z
7515150,11.12.2022 01:20,28.12.2022 14:32,Chai Nat,department of highways,4-wheel pickup truck,worn-out/tire blowout,rollover/fallen on curved road,1,0,0,clear,14.99605565,100.0676979,wide curve,no slope,2022-12-10T18:20:00Z
7551844,11.12.2022 01:30,5.01.2023 15:12,Nong Bua Lam Phu,department of highways,private/passenger car,speeding,other,1,0,1,other,17.22981266,102.4032272,wide curve,slope area,2022-12-10T18:30:00Z
7527402,11.12.2022 01:47,31.12.2022 10:56,Phra Nakhon Si Ayutthaya,department of highways,motorcycle,speeding,rollover/fallen on straight road,1,1,0,clear,14.21530542,100.6848264,straight road,no slope,2022-12-10T18:47:00Z
7476481,11.12.2022 03:00,21.12.2022 09:27,Si Sa Ket,department of highways,private/passenger car,speeding,rollover/fallen on straight road,1,0,1,clear,14.65369054,104.6294353,straight road,no slope,2022-12-10T20:00:00Z
7511392,11.12.2022 04:20,27.12.2022 10:57,Roi Et,department of highways,7-10-wheel truck,falling asleep,rear-end collision,2,1,1,clear,16.42560282,103.8980269,straight road,no slope,2022-12-10T21:20:00Z
7527016,11.12.2022 04:20,31.12.2022 09:29,Ang Thong,department of highways,4-wheel pickup truck,speeding,rollover/fallen on straight road,1,0,0,clear,14.59649455,100.3483392,other,other,2022-12-10T21:20:00Z
7481317,11.12.2022 05:30,23.12.2022 13:20,Chumphon,department of highways,4-wheel pickup truck,illegal overtaking,rear-end collision,2,0,0,clear,10.30657868,99.09180368,straight road,no slope,2022-12-10T22:30:00Z
7455680,11.12.2022 06:00,13.12.2022 10:57,Samut Prakan,department of highways,4-wheel pickup truck,speeding,rollover/fallen on straight road,1,0,0,clear,13.50831211,100.718928,straight road,no slope,2022-12-10T23:00:00Z
7508615,11.12.2022 07:00,26.12.2022 10:57,Phetchaburi,department of highways,motorcycle,cutting in closely by people/vehicles/animals,rollover/fallen on straight road,2,0,0,clear,12.67169098,99.95247256,straight road,no slope,2022-12-11T00:00:00Z
7457061,11.12.2022 07:40,14.12.2022 09:46,Nakhon Sawan,department of highways,4-wheel pickup truck,failure to yield right of way,rear-end collision,2,0,0,clear,15.25939491,100.3209358,other,other,2022-12-11T00:40:00Z
7481322,11.12.2022 09:30,23.12.2022 14:04,Phetchabun,department of highways,van,dangerous curve,rear-end collision,2,0,0,clear,16.87996665,101.1299557,sharp curve,slope area,2022-12-11T02:30:00Z
7458407,11.12.2022 10:00,15.12.2022 13:40,Nakhon Si Thammarat,department of highways,6-wheel truck,speeding,rear-end collision,2,1,0,clear,8.374264781,99.55378577,other,other,2022-12-11T03:00:00Z
7555273,11.12.2022 10:00,10.01.2023 11:25,Chaiyaphum,department of highways,private/passenger car,speeding,rollover/fallen on straight road,1,0,0,clear,16.46712629,102.1231771,straight road,no slope,2022-12-11T03:00:00Z
7558125,11.12.2022 10:30,12.01.2023 13:46,Nakhon Ratchasima,department of highways,4-wheel pickup truck,speeding,other,1,0,0,clear,14.66968328,101.4492318,wide curve,no slope,2022-12-11T03:30:00Z
7455059,11.12.2022 11:47,12.12.2022 09:06,Bangkok,department of highways,4-wheel pickup truck,speeding,rear-end collision,2,0,3,clear,13.73281923,100.7018209,straight road,no slope,2022-12-11T04:47:00Z
7474501,11.12.2022 12:30,20.12.2022 13:59,Kanchanaburi,department of highways,4-wheel pickup truck,falling asleep,rollover/fallen on straight road,1,0,0,clear,14.08737927,99.35594469,straight road,no slope,2022-12-11T05:30:00Z
7455812,11.12.2022 13:55,13.12.2022 13:09,Chiang Mai,department of rural roads,motorcycle,speeding,other,2,3,1,clear,18.66248,98.872401,straight road,no slope,2022-12-11T06:55:00Z
7514175,11.12.2022 14:45,28.12.2022 10:07,Chon Buri,department of highways,private/passenger car,speeding,rear-end collision,2,0,0,clear,13.06550948,100.9957145,straight road,no slope,2022-12-11T07:45:00Z
7553836,11.12.2022 16:00,7.01.2023 16:03,Suphan Buri,department of highways,4-wheel pickup truck,speeding,head-on collision (not overtaking),2,0,2,clear,14.46186439,100.1950577,straight road,no slope,2022-12-11T09:00:00Z
7511636,11.12.2022 17:30,27.12.2022 13:14,Bangkok,department of highways,4-wheel pickup truck,running red lights/traffic signals,rear-end collision,2,0,0,clear,13.75359834,100.7463709,straight road,no slope,2022-12-11T10:30:00Z
7458402,11.12.2022 19:30,15.12.2022 13:37,Nakhon Si Thammarat,department of highways,other,speeding,rollover/fallen on straight road,1,1,0,clear,8.048048897,99.89339232,straight road,no slope,2022-12-11T12:30:00Z
7479578,11.12.2022 21:10,23.12.2022 09:02,Sukhothai,department of highways,motorcycle,speeding,rear-end collision,2,0,2,clear,17.07280011,99.8803474,straight road,no slope,2022-12-11T14:10:00Z
7457054,11.12.2022 21:20,14.12.2022 10:12,Loburi,department of highways,large truck with trailer,unfamiliarity with the route/unskilled driving,other,1,0,0,clear,15.28137395,101.2195247,straight road,no slope,2022-12-11T14:20:00Z
7481104,11.12.2022 22:00,23.12.2022 14:13,Phetchabun,department of highways,motorcycle,speeding,other,1,1,0,clear,16.78292264,101.0961726,sharp curve,slope area,2022-12-11T15:00:00Z
7509557,12.12.2022 01:25,27.12.2022 06:50,Chachoengsao,department of highways,private/passenger car,speeding,rollover/fallen on straight road,1,0,1,clear,13.5983547,101.0178653,straight road,no slope,2022-12-11T18:25:00Z
7558127,12.12.2022 01:45,12.01.2023 13:49,Nakhon Ratchasima,department of highways,4-wheel pickup truck,speeding,head-on collision (not overtaking),3,1,0,clear,14.64161251,101.4091194,straight road,no slope,2022-12-11T18:45:00Z
7481418,12.12.2022 01:55,23.12.2022 13:23,Chumphon,department of highways,4-wheel pickup truck,speeding,rollover/fallen on straight road,1,0,1,clear,10.49139477,99.17167559,straight road,no slope,2022-12-11T18:55:00Z