acc_code,incident_datetime,report_datetime,province_en,agency,vehicle_type,presumed_cause,accident_type,number_of_vehicles_involved,number_of_fatalities,number_of_injuries,weather_condition,latitude,longitude,road_description,slope_description,incident_time
7556221,12.12.2022 03:20,11.01.2023 11:20,Kalasin,department of highways,motorized tricycle,unfamiliarity with the route/unskilled driving,rollover/fallen on straight road,1,0,1,clear,16.67710394,103.7326015,straight road,no slope,2022-12-11T20:20:00Z
7567310,12.12.2022 03:30,23.01.2023 13:47,Kalasin,department of highways,motorized tricycle,speeding,rollover/fallen on straight road,1,0,1,clear,16.75997266,103.7929957,other,other,2022-12-11T20:30:00Z
7519396,12.12.2022 05:15,30.12.2022 00:12,Pathum Thani,expressway authority of thailand,7-10-wheel truck,other,rear-end collision,2,0,1,clear,13.961421,100.56709,straight road,other,2022-12-11T22:15:00Z
7457232,12.12.2022 05:30,14.12.2022 10:36,Loburi,department of highways,private/passenger car,falling asleep,rollover/fallen on straight road,1,0,0,clear,15.1095384,101.1218467,other,other,2022-12-11T22:30:00Z
7457293,12.12.2022 07:30,14.12.2022 12:06,Bangkok,department of highways,4-wheel pickup truck,speeding,rear-end collision,3,1,1,clear,13.84485508,100.6726009,straight road,no slope,2022-12-12T00:30:00Z
7551845,12.12.2022 07:50,5.01.2023 15:13,Pattani,department of highways,private/passenger car,speeding,rollover/fallen on straight road,1,0,1,clear,6.679390342,101.2322786,straight road,no slope,2022-12-12T00:50:00Z
7554494,12.12.2022 08:15,9.01.2023 12:58,Nakhon Ratchasima,department of rural roads,private/passenger car,falling asleep,other,1,0,1,clear,14.45588,101.665466,wide curve,no slope,2022-12-12T01:15:00Z
7459277,12.12.2022 09:40,16.12.2022 08:35,Phrae,department of rural roads,motorcycle,cutting in closely by people/vehicles/animals,other,2,0,4,clear,18.027757,100.11806,straight road,no slope,2022-12-12T02:40:00Z
7553476,12.12.2022 10:00,7.01.2023 10:50,Samut Sakhon,department of highways,van,speeding,rear-end collision,2,0,0,clear,13.54340933,100.2454515,straight road,no slope,2022-12-12T03:00:00Z
7455452,12.12.2022 10:50,13.12.2022 09:44,Pathum Thani,department of highways,private/passenger car,speeding,rear-end collision,2,0,0,clear,13.9582582,100.712712,straight road,no slope,2022-12-12T03:50:00Z
7457053,12.12.2022 12:20,14.12.2022 09:36,Loburi,department of highways,private/passenger car,falling asleep,rollover/fallen on straight road,1,0,2,clear,15.2461637,101.1258634,straight road,no slope,2022-12-12T05:20:00Z
7457478,12.12.2022 12:30,14.12.2022 14:20,Samut Prakan,department of highways,4-wheel pickup truck,speeding,rear-end collision,2,0,0,clear,13.66644873,100.8494123,straight road,no slope,2022-12-12T05:30:00Z
7480689,12.12.2022 13:30,23.12.2022 15:15,Krabi,department of highways,4-wheel pickup truck,speeding,rollover/fallen on straight road,1,0,2,rainy,8.063896731,99.0049509,connecting to private area,other,2022-12-12T06:30:00Z
7544088,12.12.2022 13:31,4.01.2023 07:51,Chon Buri,department of highways,private/passenger car,speeding,rear-end collision,2,0,0,clear,13.23058258,101.0006377,straight road,no slope,2022-12-12T06:31:00Z
7455935,12.12.2022 14:00,13.12.2022 14:37,Songkhla,department of highways,other,speeding,rollover/fallen on straight road,1,0,0,clear,7.059580888,100.5183376,straight road,no slope,2022-12-12T07:00:00Z
7458211,12.12.2022 14:18,15.12.2022 10:15,Chachoengsao,department of highways,4-wheel pickup truck,speeding,rear-end collision,2,0,0,clear,13.59809165,100.955797,straight road,no slope,2022-12-12T07:18:00Z
7562841,12.12.2022 14:29,18.01.2023 12:00,Surat Thani,department of highways,private/passenger car,other,rollover/fallen on straight road,1,0,1,clear,8.610263625,99.35725947,straight road,no slope,2022-12-12T07:29:00Z
7512339,12.12.2022 15:00,27.12.2022 14:53,Nonthaburi,department of highways,large truck with trailer,loss of control,rear-end collision,2,0,0,clear,13.91938462,100.41155,straight road,no slope,2022-12-12T08:00:00Z
7567329,12.12.2022 15:36,23.01.2023 14:07,Kalasin,department of highways,motorized tricycle,speeding,rollover/fallen on straight road,1,0,1,clear,16.75998036,103.792993,other,other,2022-12-12T08:36:00Z
7469844,12.12.2022 15:40,19.12.2022 08:30,Bangkok,department of highways,private/passenger car,speeding,rear-end collision,3,0,2,clear,13.72953827,100.7444879,straight road,no slope,2022-12-12T08:40:00Z
7459936,12.12.2022 16:00,16.12.2022 14:41,Chachoengsao,department of highways,large truck with trailer,falling asleep,rollover/fallen on straight road,1,0,0,clear,13.66205922,101.1123946,straight road,no slope,2022-12-12T09:00:00Z
7478238,12.12.2022 16:00,22.12.2022 14:17,Kamphaeng Phet,department of highways,4-wheel pickup truck,speeding,rollover/fallen on straight road,1,0,0,clear,16.24384678,99.69246683,straight road,no slope,2022-12-12T09:00:00Z
7565523,12.12.2022 16:00,20.01.2023 11:41,Bangkok,department of highways,private/passenger car,vehicle equipment failure,other,1,0,1,clear,13.61398443,100.3814181,straight road,no slope,2022-12-12T09:00:00Z
7458700,12.12.2022 17:10,15.12.2022 14:21,Surin,department of highways,motorcycle,speeding,collision with obstruction (on road surface),2,1,0,clear,14.8030217,103.4526877,straight road,no slope,2022-12-12T10:10:00Z
7561161,12.12.2022 17:11,17.01.2023 06:14,Bangkok,expressway authority of thailand,other,other,rear-end collision,3,0,0,clear,13.80772072,100.5484626,straight road,other,2022-12-12T10:11:00Z
7455813,12.12.2022 17:25,13.12.2022 13:09,Mae Hong Son,department of rural roads,motorcycle,speeding,other,2,0,4,clear,19.527059,97.935239,wide curve,no slope,2022-12-12T10:25:00Z
7555888,12.12.2022 17:30,11.01.2023 07:30,Phetchabun,department of highways,motorcycle,speeding,rear-end collision,2,0,1,clear,16.82981168,101.2649493,straight road,no slope,2022-12-12T10:30:00Z
7458687,12.12.2022 17:45,15.12.2022 14:10,Ubon Ratchathani,department of highways,private/passenger car,speeding,rear-end collision,3,1,4,clear,15.23769467,104.9992573,other,other,2022-12-12T10:45:00Z
7519397,12.12.2022 19:59,30.12.2022 00:12,Nonthaburi,expressway authority of thailand,4-wheel pickup truck,other,rear-end collision,2,0,0,clear,13.91193174,100.5442963,straight road,other,2022-12-12T12:59:00Z
7455396,12.12.2022 20:43,13.12.2022 09:31,Pathum Thani,department of highways,private/passenger car,speeding,rollover/fallen on straight road,1,0,2,clear,14.04723003,100.6984587,straight road,no slope,2022-12-12T13:43:00Z
7479551,12.12.2022 20:45,23.12.2022 09:03,Tak,department of highways,private/passenger car,speeding,rollover/fallen on straight road,1,0,0,clear,16.73637625,98.57328556,straight road,no slope,2022-12-12T13:45:00Z
7517316,12.12.2022 20:45,29.12.2022 10:22,Roi Et,department of highways,4-wheel pickup truck,falling asleep,rollover/fallen on straight road,1,0,1,clear,15.62638968,103.8714382,straight road,no slope,2022-12-12T13:45:00Z
7514261,12.12.2022 21:10,28.12.2022 11:34,Saraburi,department of highways,private/passenger car,speeding,rollover/fallen on straight road,1,0,1,clear,14.58800978,100.6281365,straight road,no slope,2022-12-12T14:10:00Z
7477991,12.12.2022 21:30,22.12.2022 10:58,Yala,department of highways,private/passenger car,unfamiliarity with the route/unskilled driving,rollover/fallen on straight road,1,0,1,rainy,6.532436647,101.2223867,other,other,2022-12-12T14:30:00Z
7474796,12.12.2022 22:00,20.12.2022 14:21,Suphan Buri,department of highways,motorcycle,speeding,rear-end collision,2,1,0,clear,14.62023039,100.0078958,other,other,2022-12-12T15:00:00Z
7472491,12.12.2022 22:15,20.12.2022 08:46,Saraburi,department of highways,4-wheel pickup truck,speeding,rollover/fallen on straight road,1,0,0,clear,14.351716,100.9863649,other,other,2022-12-12T15:15:00Z
7513743,12.12.2022 22:26,28.12.2022 06:14,Chon Buri,department of highways,motorcycle,speeding,rollover/fallen on straight road,1,0,1,clear,12.94474121,100.9073934,straight road,no slope,2022-12-12T15:26:00Z
7544097,13.12.2022 01:10,4.01.2023 08:20,Chachoengsao,department of highways,6-wheel truck,falling asleep,rollover/fallen on straight road,1,0,0,clear,13.50548923,101.037315,straight road,no slope,2022-12-12T18:10:00Z
7457122,13.12.2022 01:29,14.12.2022 10:05,Pathum Thani,department of highways,4-wheel pickup truck,falling asleep,rollover/fallen on straight road,1,0,0,clear,13.97645251,100.713243,straight road,no slope,2022-12-12T18:29:00Z
7555311,13.12.2022 03:01,10.01.2023 11:44,Si Sa Ket,department of highways,4-wheel pickup truck,speeding,rollover/fallen on straight road,1,0,0,clear,15.1039008,104.4055245,straight road,no slope,2022-12-12T20:01:00Z
7553687,13.12.2022 04:03,7.01.2023 12:50,Chon Buri,department of highways,private/passenger car,speeding,rollover/fallen on straight road,1,0,0,clear,12.9514945,100.9612736,straight road,no slope,2022-12-12T21:03:00Z
7544089,13.12.2022 05:42,4.01.2023 07:52,Chachoengsao,department of highways,large truck with trailer,falling asleep,rollover/fallen on straight road,1,0,1,clear,13.60893582,100.9389751,straight road,no slope,2022-12-12T22:42:00Z
7511518,13.12.2022 05:55,27.12.2022 10:41,Roi Et,department of highways,4-wheel pickup truck,speeding,rollover/fallen on straight road,1,0,0,clear,16.04513712,103.6259394,straight road,no slope,2022-12-12T22:55:00Z
7455361,13.12.2022 06:30,13.12.2022 09:14,Bangkok,department of highways,4-wheel pickup truck,speeding,rear-end collision,2,0,1,clear,13.82545757,100.6743188,straight road,no slope,2022-12-12T23:30:00Z
7553853,13.12.2022 06:30,7.01.2023 16:20,Songkhla,department of highways,7-10-wheel truck,speeding,rear-end collision,2,2,15,clear,6.897387116,100.9195702,straight road,no slope,2022-12-12T23:30:00Z
7519032,13.12.2022 06:40,29.12.2022 20:46,Phangnga,department of highways,6-wheel truck,speeding,rollover/fallen on straight road,1,0,2,clear,8.296785416,98.37716845,straight road,no slope,2022-12-12T23:40:00Z
7544087,13.12.2022 07:29,4.01.2023 07:45,Chon Buri,department of highways,4-wheel pickup truck,speeding,rear-end collision,2,0,0,clear,13.16035185,100.9888092,straight road,no slope,2022-12-13T00:29:00Z
7568067,13.12.2022 07:30,24.01.2023 09:21,Phitsanulok,department of highways,motorcycle,speeding,rear-end collision,2,0,2,clear,16.91038223,100.1881542,straight road,no slope,2022-12-13T00:30:00Z
7544086,13.12.2022 07:33,4.01.2023 07:44,Chon Buri,department of highways,4-wheel pickup truck,speeding,rear-end collision,2,0,0,clear,13.11452023,100.9858856,straight road,no slope,2022-12-13T00:33:00Z
7479456,13.12.2022 08:00,23.12.2022 08:48,Kamphaeng Phet,department of highways,large truck with trailer,cutting in closely by people/vehicles/animals,rear-end collision,2,0,1,clear,16.36877037,99.64151815,straight road,no slope,2022-12-13T01:00:00Z
7559000,13.12.2022 08:00,13.01.2023 09:09,Bangkok,department of highways,private/passenger car,speeding,rear-end collision,2,0,2,clear,13.77929553,100.5565128,straight road,no slope,2022-12-13T01:00:00Z
7511820,13.12.2022 09:00,27.12.2022 14:25,Nakhon Nayok,department of highways,7-10-wheel truck,falling asleep,rollover/fallen on curved road,1,0,0,clear,14.15436675,101.188594,wide curve,no slope,2022-12-13T02:00:00Z
7515106,13.12.2022 09:00,28.12.2022 14:30,Chai Nat,department of highways,other,speeding,rollover/fallen on straight road,1,0,0,clear,15.2381613,100.2214958,straight road,no slope,2022-12-13T02:00:00Z
7469875,13.12.2022 09:16,19.12.2022 08:48,Chachoengsao,department of highways,6-wheel truck,speeding,rollover/fallen on straight road,1,0,0,clear,13.58350818,100.9515714,straight road,no slope,2022-12-13T02:16:00Z
7474708,13.12.2022 09:40,20.12.2022 14:27,Nonthaburi,department of highways,other,speeding,rollover/fallen on straight road,1,0,0,clear,13.94342318,100.4277273,straight road,no slope,2022-12-13T02:40:00Z
7512256,13.12.2022 10:30,27.12.2022 14:51,Nonthaburi,department of highways,private/passenger car,loss of control,rollover/fallen on straight road,1,0,0,clear,13.97734259,100.437565,straight road,no slope,2022-12-13T03:30:00Z
7458218,13.12.2022 11:13,15.12.2022 09:57,Samut Prakan,department of highways,4-wheel pickup truck,speeding,rollover/fallen on straight road,1,0,0,clear,13.67415357,100.8381865,straight road,no slope,2022-12-13T04:13:00Z
7544085,13.12.2022 12:29,4.01.2023 07:42,Chon Buri,department of highways,private/passenger car,speeding,rear-end collision,2,0,0,clear,13.30241796,100.9977905,straight road,no slope,2022-12-13T05:29:00Z
7544234,13.12.2022 12:30,4.01.2023 11:04,Nong Bua Lam Phu,department of highways,other,speeding,rollover/fallen on straight road,1,0,0,clear,17.22972064,102.4033836,straight road,no slope,2022-12-13T05:30:00Z
7481491,13.12.2022 13:10,23.12.2022 13:57,Loei,department of highways,4-wheel pickup truck,falling asleep,head-on collision (not overtaking),2,0,5,clear,17.28584589,101.1825813,wide curve,no slope,2022-12-13T06:10:00Z
7515296,13.12.2022 13:20,28.12.2022 13:30,Samut Sakhon,department of highways,4-wheel pickup truck,speeding,rollover/fallen on straight road,1,0,0,clear,13.52351604,100.1815397,straight road,no slope,2022-12-13T06:20:00Z
7555926,13.12.2022 14:00,11.01.2023 08:55,Loei,department of highways,private/passenger car,inadequate visibility,head-on collision (not overtaking),4,0,4,clear,17.39457842,101.7383458,straight road,no slope,2022-12-13T07:00:00Z
7554492,13.12.2022 14:50,9.01.2023 12:57,Khon Kaen,department of rural roads,private/passenger car,medical condition,other,1,1,0,clear,16.473945,102.541091,straight road,no slope,2022-12-13T07:50:00Z
7481380,13.12.2022 15:00,23.12.2022 13:21,Chumphon,department of highways,large truck with trailer,speeding,rollover/fallen on straight road,1,0,0,rainy,9.852234277,99.05649826,straight road,no slope,2022-12-13T08:00:00Z
7556683,13.12.2022 15:00,11.01.2023 14:32,Lampang,department of highways,4-wheel pickup truck,speeding,rollover/fallen on straight road,1,0,1,clear,18.7536321,99.57168809,straight road,no slope,2022-12-13T08:00:00Z
7560542,13.12.2022 15:30,16.01.2023 08:30,Kamphaeng Phet,department of highways,private/passenger car,brake/anti-lock brake system failure,rollover/fallen on curved road,1,0,0,clear,16.44630586,99.42361146,wide curve,slope area,2022-12-13T08:30:00Z
7562676,13.12.2022 15:39,18.01.2023 10:22,Surat Thani,department of highways,4-wheel pickup truck,speeding,rollover/fallen on curved road,1,0,0,rainy,9.152302973,99.16044808,wide curve,no slope,2022-12-13T08:39:00Z
7458797,13.12.2022 16:43,15.12.2022 14:32,Narathiwat,department of highways,private/passenger car,speeding,rear-end collision,2,1,0,rainy,6.052383791,102.0117916,straight road,no slope,2022-12-13T09:43:00Z
7509541,13.12.2022 17:12,27.12.2022 06:22,Chanthaburi,department of highways,private/passenger car,cutting in closely by people/vehicles/animals,rear-end collision,2,0,4,clear,12.72371823,101.9394447,straight road,no slope,2022-12-13T10:12:00Z
7553544,13.12.2022 17:35,7.01.2023 11:18,Bangkok,department of highways,motorcycle,speeding,rear-end collision,2,0,1,clear,13.67044425,100.4526463,straight road,no slope,2022-12-13T10:35:00Z
7561371,13.12.2022 17:40,17.01.2023 09:01,Samut Songkhram,department of highways,4-wheel pickup truck,worn-out/tire blowout,rollover/fallen on straight road,1,0,3,clear,13.35713693,99.93565096,straight road,no slope,2022-12-13T10:40:00Z
7557434,13.12.2022 17:50,12.01.2023 09:15,Chiang Mai,department of highways,private/passenger car,speeding,head-on collision (not overtaking),3,0,4,clear,18.66896869,98.91298842,straight road,no slope,2022-12-13T10:50:00Z
7567866,13.12.2022 18:40,24.01.2023 06:54,Nakhon Pathom,department of highways,7-10-wheel truck,speeding,rollover/fallen on straight road,1,0,0,clear,13.80575759,100.1552497,straight road,no slope,2022-12-13T11:40:00Z
7569541,13.12.2022 18:59,25.01.2023 14:01,Prachin Buri,department of highways,motorcycle,driving under the influence of alcohol,rollover/fallen on straight road,1,0,1,clear,14.07668,101.81676,straight road,no slope,2022-12-13T11:59:00Z
7570929,13.12.2022 19:10,26.01.2023 09:41,Surat Thani,department of highways,4-wheel pickup truck,slippery road,rollover/fallen on curved road,1,0,0,rainy,9.152302973,99.16044808,wide curve,no slope,2022-12-13T12:10:00Z
7515054,13.12.2022 19:40,28.12.2022 14:29,Chai Nat,department of highways,large truck with trailer,speeding,rollover/fallen on straight road,1,0,0,clear,15.22698803,100.1787343,straight road,no slope,2022-12-13T12:40:00Z
7544084,13.12.2022 19:46,4.01.2023 07:41,Chon Buri,department of highways,4-wheel pickup truck,speeding,rear-end collision,2,0,0,clear,13.30180194,100.9971817,straight road,no slope,2022-12-13T12:46:00Z
7567106,13.12.2022 20:00,23.01.2023 10:29,Yasothon,department of highways,4-wheel pickup truck,speeding,rollover/fallen on straight road,1,0,3,clear,15.84324616,104.1609454,straight road,no slope,2022-12-13T13:00:00Z
7472434,13.12.2022 21:30,20.12.2022 07:36,Samut Prakan,department of rural roads,private/passenger car,running red lights/traffic signals,other,2,0,2,clear,13.662518,100.539012,straight road,slope area,2022-12-13T14:30:00Z
7519400,13.12.2022 22:33,30.12.2022 00:12,Samut Prakan,expressway authority of thailand,other,other,rear-end collision,2,0,0,clear,13.624149,100.600689,straight road,other,2022-12-13T15:33:00Z
7480935,13.12.2022 22:50,23.12.2022 14:16,Nakhon Si Thammarat,department of highways,private/passenger car,speeding,rollover/fallen on straight road,1,0,2,clear,8.560186413,99.94909778,other,other,2022-12-13T15:50:00Z
7555890,13.12.2022 23:40,11.01.2023 07:35,Phetchabun,department of highways,4-wheel pickup truck,falling asleep,rollover/fallen on straight road,1,0,0,clear,16.11948803,100.7302977,straight road,no slope,2022-12-13T16:40:00Z
7558220,13.12.2022 23:50,12.01.2023 14:11,Songkhla,department of highways,private/passenger car,speeding,rear-end collision,2,0,2,clear,6.796327376,100.4532512,other,other,2022-12-13T16:50:00Z
7479449,14.12.2022 00:45,23.12.2022 08:46,Kamphaeng Phet,department of highways,4-wheel pickup truck,speeding,rollover/fallen on straight road,1,0,1,clear,16.03636462,99.82902199,straight road,no slope,2022-12-13T17:45:00Z
7458190,14.12.2022 05:32,15.12.2022 10:01,Bangkok,department of highways,4-wheel pickup truck,speeding,other,1,0,0,clear,13.73308923,100.7924211,straight road,no slope,2022-12-13T22:32:00Z
7557974,14.12.2022 06:34,12.01.2023 11:54,Nakhon Ratchasima,department of highways,large truck with trailer,falling asleep,rear-end collision,3,0,0,clear,14.74103151,102.1596383,straight road,no slope,2022-12-13T23:34:00Z
7559005,14.12.2022 06:40,13.01.2023 09:07,Bangkok,department of highways,passenger pickup truck,speeding,rear-end collision,2,0,3,clear,13.85615301,100.6750652,straight road,no slope,2022-12-13T23:40:00Z
7510912,14.12.2022 06:45,27.12.2022 10:23,Yasothon,department of highways,private/passenger car,speeding,rollover/fallen on straight road,1,0,0,clear,15.77169215,104.1802989,straight road,no slope,2022-12-13T23:45:00Z
7555868,14.12.2022 07:40,11.01.2023 07:29,Phetchabun,department of highways,motorcycle,speeding,rear-end collision,2,0,1,clear,16.74939622,101.2006648,straight road,no slope,2022-12-14T00:40:00Z
7480638,14.12.2022 07:50,23.12.2022 15:13,Krabi,department of highways,private/passenger car,reversing vehicle,collision with obstruction (on road surface),2,0,0,clear,8.10833181,98.93143513,connecting to public/commercial area,other,2022-12-14T00:50:00Z
7474717,14.12.2022 08:01,20.12.2022 14:13,Chai Nat,department of highways,4-wheel pickup truck,internal disturbance,rollover/fallen on curved road,1,0,0,clear,14.95005744,99.93340836,wide curve,no slope,2022-12-14T01:01:00Z
7458395,14.12.2022 08:30,15.12.2022 13:36,Nakhon Si Thammarat,department of highways,private/passenger car,cutting in closely by people/vehicles/animals,rear-end collision,2,0,1,clear,8.374692012,99.55338612,other,other,2022-12-14T01:30:00Z
7512862,14.12.2022 09:00,27.12.2022 14:49,Nonthaburi,department of highways,private/passenger car,dangerous curve,rollover/fallen on curved road,1,0,0,clear,13.92726947,100.4139109,wide curve,no slope,2022-12-14T02:00:00Z
7508647,14.12.2022 09:40,26.12.2022 10:47,Prachuap Khiri Khan,department of highways,4-wheel pickup truck,worn-out/tire blowout,rollover/fallen on straight road,1,0,0,clear,11.38541786,99.50706035,straight road,no slope,2022-12-14T02:40:00Z
7457451,14.12.2022 09:53,14.12.2022 14:00,Bangkok,department of highways,private/passenger car,speeding,rear-end collision,3,0,0,clear,13.90272676,100.6956759,straight road,no slope,2022-12-14T02:53:00Z
7458233,14.12.2022 10:14,15.12.2022 09:55,Bangkok,department of highways,4-wheel pickup truck,speeding,rear-end collision,2,0,0,clear,13.65883779,100.6933504,straight road,no slope,2022-12-14T03:14:00Z
7565211,14.12.2022 10:54,20.01.2023 09:24,Nakhon Nayok,department of highways,4-wheel pickup truck,speeding,rollover/fallen on straight road,1,0,4,clear,14.11152868,100.9801639,other,other,2022-12-14T03:54:00Z
7558993,14.12.2022 11:00,13.01.2023 09:00,Bangkok,department of highways,motorcycle,speeding,rear-end collision,2,0,1,clear,13.79641008,100.5610619,straight road,no slope,2022-12-14T04:00:00Z
7470405,14.12.2022 11:19,19.12.2022 11:17,Tak,department of highways,large truck with trailer,speeding,rollover/fallen on straight road,1,0,0,clear,16.91522533,99.33245257,other,other,2022-12-14T04:19:00Z
7517288,14.12.2022 13:00,29.12.2022 10:44,Khon Kaen,department of highways,4-wheel pickup truck,speeding,rollover/fallen on straight road,1,0,0,clear,16.50880013,102.3116581,straight road,no slope,2022-12-14T06:00:00Z
7561313,14.12.2022 13:30,17.01.2023 08:37,Mukdahan,department of highways,4-wheel pickup truck,speeding,rollover/fallen on straight road,1,0,0,clear,16.65451465,104.6845056,straight road,no slope,2022-12-14T06:30:00Z
7568951,14.12.2022 13:59,25.01.2023 07:10,Chon Buri,department of highways,4-wheel pickup truck,speeding,rear-end collision,2,0,0,clear,13.3446665,101.0277819,straight road,no slope,2022-12-14T06:59:00Z
7560569,14.12.2022 14:10,16.01.2023 08:59,Loei,department of highways,motorcycle,speeding,head-on collision (not overtaking),2,1,0,clear,16.92166487,101.9240276,straight road,no slope,2022-12-14T07:10:00Z
7509143,14.12.2022 14:50,26.12.2022 15:49,Samut Prakan,department of highways,4-wheel pickup truck,speeding,rear-end collision,2,0,0,clear,13.67137576,100.8417647,straight road,no slope,2022-12-14T07:50:00Z
7474753,14.12.2022 15:30,20.12.2022 14:16,Suphan Buri,department of highways,4-wheel pickup truck,cutting in closely by people/vehicles/animals,rear-end collision,2,0,0,clear,14.45655301,100.1312332,straight road,no slope,2022-12-14T08:30:00Z
7553607,14.12.2022 15:30,7.01.2023 11:53,Saraburi,department of highways,6-wheel truck,speeding,rollover/fallen on straight road,1,0,0,clear,14.34848658,100.8679606,straight road,no slope,2022-12-14T08:30:00Z
7559431,14.12.2022 15:51,13.01.2023 14:34,Samut Prakan,department of highways,motorcycle,speeding,rear-end collision,2,0,1,clear,13.65662629,100.6690818,straight road,no slope,2022-12-14T08:51:00Z
7567109,14.12.2022 16:10,23.01.2023 10:30,Chiang Rai,department of highways,4-wheel pickup truck,cutting in closely by people/vehicles/animals,rear-end collision,3,0,0,clear,20.24283984,100.4111324,connecting to public/commercial area,other,2022-12-14T09:10:00Z
7551820,14.12.2022 16:20,5.01.2023 14:51,Surat Thani,department of highways,private/passenger car,speeding,rear-end collision,2,0,1,rainy,9.596480573,99.12748438,straight road,no slope,2022-12-14T09:20:00Z
7552597,14.12.2022 16:20,6.01.2023 10:47,Sa Kaeo,department of highways,4-wheel pickup truck,speeding,rollover/fallen on straight road,1,0,0,clear,13.53273356,102.1658725,straight road,no slope,2022-12-14T09:20:00Z
7561370,14.12.2022 16:20,17.01.2023 09:00,Samut Songkhram,department of highways,private/passenger car,falling asleep,rear-end collision,2,0,1,clear,13.37284338,99.96055283,straight road,no slope,2022-12-14T09:20:00Z
7556524,14.12.2022 17:10,11.01.2023 13:45,Chiang Mai,department of highways,motorcycle,speeding,rear-end collision,2,0,0,clear,18.855655,99.09837079,straight road,no slope,2022-12-14T10:10:00Z
7527433,14.12.2022 17:20,31.12.2022 11:00,Nakhon Sawan,department of highways,4-wheel pickup truck,cutting in closely by people/vehicles/animals,rear-end collision,2,0,1,clear,15.25868183,100.3184435,straight road,no slope,2022-12-14T10:20:00Z
7517009,14.12.2022 17:30,29.12.2022 09:16,Nakhon Sawan,department of highways,large truck with trailer,worn-out/tire blowout,rollover/fallen on straight road,1,0,0,clear,15.29366598,100.3164309,wide curve,no slope,2022-12-14T10:30:00Z
7567420,14.12.2022 18:40,23.01.2023 15:06,Chiang Rai,department of highways,4-wheel pickup truck,speeding,rollover/fallen on straight road,1,0,1,clear,20.03003188,100.2781351,straight road,no slope,2022-12-14T11:40:00Z
7554235,14.12.2022 19:00,9.01.2023 09:13,Bangkok,department of highways,6-wheel truck,cutting in closely by people/vehicles/animals,rear-end collision,3,2,1,clear,13.78812427,100.3598338,straight road,no slope,2022-12-14T12:00:00Z
7479473,14.12.2022 19:35,23.12.2022 08:52,Sukhothai,department of highways,private/passenger car,speeding,rear-end collision,2,0,1,clear,17.16385535,99.86239001,straight road,no slope,2022-12-14T12:35:00Z
7473102,14.12.2022 20:00,20.12.2022 09:50,Sing Buri,department of highways,4-wheel pickup truck,speeding,head-on collision (not overtaking),2,0,0,clear,14.72766101,100.4550858,straight road,no slope,2022-12-14T13:00:00Z
7564524,14.12.2022 20:00,19.01.2023 21:05,Trang,department of highways,private/passenger car,speeding,collision with obstruction (on road surface),3,0,1,clear,7.565024975,99.68820333,straight road,no slope,2022-12-14T13:00:00Z
7458164,14.12.2022 20:07,15.12.2022 09:53,Pathum Thani,department of highways,private/passenger car,speeding,rear-end collision,2,0,0,clear,14.04175666,100.6984104,straight road,no slope,2022-12-14T13:07:00Z
7561142,14.12.2022 21:17,17.01.2023 05:52,Bangkok,expressway authority of thailand,other,other,rollover/fallen on straight road,2,0,1,clear,13.82594498,100.5448735,straight road,other,2022-12-14T14:17:00Z
7541186,14.12.2022 21:30,3.01.2023 07:50,Pathum Thani,department of highways,4-wheel pickup truck,cutting in closely by people/vehicles/animals,rear-end collision,3,0,2,clear,14.06407461,100.5236073,straight road,no slope,2022-12-14T14:30:00Z
7472976,14.12.2022 22:10,20.12.2022 09:22,Ubon Ratchathani,department of highways,4-wheel pickup truck,speeding,rollover/fallen on straight road,1,0,1,clear,15.3626241,104.611396,straight road,no slope,2022-12-14T15:10:00Z
7517968,14.12.2022 22:42,29.12.2022 11:35,Nakhon Ratchasima,department of highways,private/passenger car,speeding,rollover/fallen on straight road,1,0,0,clear,14.70954371,102.0193365,straight road,no slope,2022-12-14T15:42:00Z
7544083,14.12.2022 22:54,4.01.2023 07:39,Chon Buri,department of highways,4-wheel pickup truck,worn-out/tire blowout,rollover/fallen on straight road,1,0,0,clear,13.18027619,100.9952518,straight road,no slope,2022-12-14T15:54:00Z
7554269,14.12.2022 23:00,9.01.2023 09:27,Chanthaburi,department of highways,motorcycle,speeding,rollover/fallen on curved road,1,1,0,clear,12.92977535,102.4669464,wide curve,no slope,2022-12-14T16:00:00Z
7553529,15.12.2022 00:10,7.01.2023 11:14,Samut Sakhon,department of highways,4-wheel pickup truck,speeding,pedestrian collision,1,0,1,clear,13.57060088,100.2892603,straight road,no slope,2022-12-14T17:10:00Z
7508989,15.12.2022 00:30,26.12.2022 15:05,Chanthaburi,department of highways,private/passenger car,speeding,rollover/fallen on straight road,2,0,3,clear,12.86641087,102.2726759,straight road,no slope,2022-12-14T17:30:00Z
7567121,15.12.2022 02:15,23.01.2023 10:39,Phrae,department of highways,6-wheel truck,speeding,rollover/fallen on straight road,1,0,0,clear,18.13625013,100.1150635,straight road,no slope,2022-12-14T19:15:00Z
7554239,15.12.2022 02:30,9.01.2023 09:10,Suphan Buri,department of highways,motorcycle,speeding,rollover/fallen on straight road,1,1,0,clear,14.82040183,99.69772786,straight road,no slope,2022-12-14T19:30:00Z