acc_code,incident_datetime,report_datetime,province_en,agency,vehicle_type,presumed_cause,accident_type,number_of_vehicles_involved,number_of_fatalities,number_of_injuries,weather_condition,latitude,longitude,road_description,slope_description,incident_time
7508286,15.12.2022 04:30,26.12.2022 10:07,Songkhla,department of highways,private/passenger car,speeding,rollover/fallen on straight road,1,0,0,rainy,7.063951666,100.5290624,straight road,no slope,2022-12-14T21:30:00Z
7508291,15.12.2022 04:30,26.12.2022 10:07,Songkhla,department of highways,private/passenger car,speeding,rollover/fallen on straight road,1,0,0,rainy,7.063951666,100.5290624,straight road,no slope,2022-12-14T21:30:00Z
7508293,15.12.2022 04:30,26.12.2022 10:07,Songkhla,department of highways,private/passenger car,speeding,rollover/fallen on straight road,1,0,0,rainy,7.063951666,100.5290624,straight road,no slope,2022-12-14T21:30:00Z
7553595,15.12.2022 04:30,7.01.2023 11:36,Suphan Buri,department of highways,private/passenger car,falling asleep,rollover/fallen on straight road,1,0,0,clear,14.66121507,100.1347643,straight road,no slope,2022-12-14T21:30:00Z
7481464,15.12.2022 05:00,23.12.2022 13:23,Nong Bua Lam Phu,department of highways,large truck with trailer,insufficient light,rollover/fallen on curved road,1,0,0,clear,17.41681685,102.3247933,wide curve,no slope,2022-12-14T22:00:00Z
7527415,15.12.2022 05:56,31.12.2022 10:56,Phra Nakhon Si Ayutthaya,department of highways,4-wheel pickup truck,worn-out/tire blowout,other,1,0,0,clear,14.22055102,100.6941149,straight road,no slope,2022-12-14T22:56:00Z
7469882,15.12.2022 07:30,19.12.2022 08:49,Pathum Thani,department of highways,4-wheel pickup truck,speeding,rollover/fallen on straight road,1,0,1,clear,13.95094233,100.7127562,straight road,no slope,2022-12-15T00:30:00Z
7469865,15.12.2022 07:45,19.12.2022 08:52,Bangkok,department of highways,4-wheel pickup truck,speeding,rear-end collision,2,0,0,clear,13.82464366,100.6755044,wide curve,slope area,2022-12-15T00:45:00Z
7556590,15.12.2022 08:21,11.01.2023 14:06,Lampang,department of highways,4-wheel pickup truck,speeding,rollover/fallen on curved road,1,0,0,clear,18.58335239,99.47190464,wide curve,no slope,2022-12-15T01:21:00Z
7506903,15.12.2022 08:30,26.12.2022 07:05,Nakhon Si Thammarat,department of highways,large truck with trailer,speeding,rear-end collision,2,0,0,clear,8.241731483,99.55979664,straight road,no slope,2022-12-15T01:30:00Z
7459441,15.12.2022 09:09,16.12.2022 09:42,Bangkok,department of highways,4-wheel pickup truck,speeding,rear-end collision,2,0,0,clear,13.86905542,100.67843740000001,straight road,no slope,2022-12-15T02:09:00Z
7550701,15.12.2022 09:30,5.01.2023 08:32,Surat Thani,department of highways,large truck with trailer,speeding,rollover/fallen on curved road,1,0,2,clear,9.329251722,99.20109808,wide curve,no slope,2022-12-15T02:30:00Z
7458288,15.12.2022 09:43,15.12.2022 10:46,Bangkok,department of highways,4-wheel pickup truck,speeding,rear-end collision,2,0,0,clear,13.73887051,100.6537704,straight road,no slope,2022-12-15T02:43:00Z
7519407,15.12.2022 10:06,30.12.2022 00:12,Bangkok,expressway authority of thailand,other,other,collision with obstruction (on road surface),2,0,0,clear,13.821474,100.537512,straight road,other,2022-12-15T03:06:00Z
7515293,15.12.2022 10:28,28.12.2022 16:14,Yasothon,department of highways,other,speeding,rollover/fallen on straight road,1,0,0,clear,15.62427546,104.3597034,straight road,no slope,2022-12-15T03:28:00Z
7472432,15.12.2022 10:50,20.12.2022 07:37,Samut Prakan,department of rural roads,passenger pickup truck,speeding,other,1,0,1,clear,13.648840999999999,100.54066,wide curve,slope area,2022-12-15T03:50:00Z
7515099,15.12.2022 11:00,28.12.2022 14:54,Suphan Buri,department of highways,4-wheel pickup truck,worn-out/tire blowout,rollover/fallen on curved road,1,0,0,clear,14.90066554,100.0927421,wide curve,no slope,2022-12-15T04:00:00Z
7459360,15.12.2022 11:22,16.12.2022 09:04,Bangkok,department of highways,van,speeding,rear-end collision,2,0,0,clear,13.8892734,100.6889114,straight road,no slope,2022-12-15T04:22:00Z
7553540,15.12.2022 11:47,7.01.2023 11:19,Bangkok,department of highways,motorcycle,speeding,rear-end collision,2,0,1,clear,13.68040409,100.4717751,straight road,no slope,2022-12-15T04:47:00Z
7479564,15.12.2022 12:20,23.12.2022 09:01,Sukhothai,department of highways,4-wheel pickup truck,speeding,rollover/fallen on straight road,1,0,0,clear,17.37354514,99.80683973,other,other,2022-12-15T05:20:00Z
7552539,15.12.2022 12:20,6.01.2023 10:32,Nong Bua Lam Phu,department of highways,private/passenger car,falling asleep,rollover/fallen on curved road,1,0,0,clear,17.23449706,102.4836686,wide curve,no slope,2022-12-15T05:20:00Z
7559480,15.12.2022 13:30,13.01.2023 15:54,Pattani,department of highways,other,speeding,rollover/fallen on straight road,1,0,0,clear,6.682383341,101.5787624,straight road,no slope,2022-12-15T06:30:00Z
7553526,15.12.2022 14:10,7.01.2023 11:13,Samut Sakhon,department of highways,private/passenger car,speeding,rear-end collision,2,0,1,clear,13.57144179,100.2908836,straight road,no slope,2022-12-15T07:10:00Z
7469852,15.12.2022 14:15,19.12.2022 08:47,Chachoengsao,department of highways,4-wheel pickup truck,speeding,rollover/fallen on straight road,1,0,0,clear,13.5737341,100.9799474,straight road,no slope,2022-12-15T07:15:00Z
7514558,15.12.2022 15:20,28.12.2022 10:33,Bangkok,department of highways,4-wheel pickup truck,speeding,other,1,0,0,clear,13.73272074,100.7888009,straight road,no slope,2022-12-15T08:20:00Z
7513774,15.12.2022 15:37,28.12.2022 06:21,Bangkok,department of highways,private/passenger car,speeding,rear-end collision,3,0,0,clear,13.73110961,100.7163925,straight road,no slope,2022-12-15T08:37:00Z
7560585,15.12.2022 17:07,16.01.2023 09:31,Loei,department of highways,large truck with trailer,speeding,rollover/fallen on straight road,1,0,2,clear,17.01601197,101.92682,straight road,slope area,2022-12-15T10:07:00Z
7556105,15.12.2022 17:50,11.01.2023 10:21,Maha Sarakham,department of highways,motorcycle,cutting in closely by people/vehicles/animals,rear-end collision,2,1,1,clear,16.33001873,103.3021568,straight road,no slope,2022-12-15T10:50:00Z
7472219,15.12.2022 18:08,19.12.2022 15:49,Bangkok,department of highways,private/passenger car,speeding,rear-end collision,3,0,0,clear,13.73371632,100.7978434,straight road,no slope,2022-12-15T11:08:00Z
7567414,15.12.2022 18:25,23.01.2023 15:02,Prachin Buri,department of highways,motorcycle,unfamiliarity with the route/unskilled driving,rollover/fallen on straight road,1,0,1,clear,14.04447,101.49063,straight road,no slope,2022-12-15T11:25:00Z
7513793,15.12.2022 18:30,28.12.2022 06:27,Chon Buri,department of highways,private/passenger car,speeding,rollover/fallen on straight road,1,0,1,clear,13.4023058,101.0473406,straight road,no slope,2022-12-15T11:30:00Z
7518611,15.12.2022 19:00,29.12.2022 14:50,Mukdahan,department of highways,private/passenger car,speeding,head-on collision (not overtaking),2,1,0,clear,16.83441227,104.5355625,straight road,no slope,2022-12-15T12:00:00Z
7459489,15.12.2022 20:35,16.12.2022 09:50,Pathum Thani,department of highways,private/passenger car,speeding,rear-end collision,3,0,0,clear,14.06626677,100.6965959,straight road,no slope,2022-12-15T13:35:00Z
7555919,15.12.2022 21:00,11.01.2023 08:48,Nong Bua Lam Phu,department of highways,4-wheel pickup truck,insufficient light,other,1,0,1,other,17.14717234,102.413443,straight road,no slope,2022-12-15T14:00:00Z
7518650,15.12.2022 23:00,29.12.2022 14:38,Sakon Nakhon,department of highways,motorcycle,speeding,rear-end collision,2,1,0,clear,17.84979023,103.5560844,other,other,2022-12-15T16:00:00Z
7543601,15.12.2022 23:08,4.01.2023 00:11,Chachoengsao,expressway authority of thailand,4-wheel pickup truck,other,rear-end collision,2,0,0,clear,13.532243,100.965939,straight road,other,2022-12-15T16:08:00Z
7555468,16.12.2022 00:10,10.01.2023 16:37,Si Sa Ket,department of highways,4-wheel pickup truck,speeding,rollover/fallen on straight road,1,0,0,clear,15.11064445,104.35645,straight road,no slope,2022-12-15T17:10:00Z
7561311,16.12.2022 00:15,17.01.2023 08:36,Mukdahan,department of highways,private/passenger car,speeding,rollover/fallen on curved road,1,0,1,clear,16.44065288,104.6307862,wide curve,no slope,2022-12-15T17:15:00Z
7514291,16.12.2022 00:40,28.12.2022 11:35,Phra Nakhon Si Ayutthaya,department of highways,motorcycle,speeding,rollover/fallen on straight road,1,0,1,clear,14.4483019,100.7309516,straight road,no slope,2022-12-15T17:40:00Z
7459698,16.12.2022 01:42,16.12.2022 12:32,Udon Thani,department of rural roads,passenger pickup truck,speeding,other,1,1,1,clear,17.713137,102.18492,straight road,no slope,2022-12-15T18:42:00Z
7567439,16.12.2022 02:35,23.01.2023 15:22,Chiang Rai,department of highways,4-wheel pickup truck,speeding,other,1,0,1,rainy,20.23888504,100.1256207,wide curve,no slope,2022-12-15T19:35:00Z
7527389,16.12.2022 03:08,31.12.2022 10:53,Phra Nakhon Si Ayutthaya,department of highways,4-wheel pickup truck,speeding,rear-end collision,2,0,2,clear,14.18554166,100.6287467,straight road,no slope,2022-12-15T20:08:00Z
7511184,16.12.2022 05:30,27.12.2022 09:32,Trat,department of highways,4-wheel pickup truck,speeding,rear-end collision,2,1,3,clear,11.94413489,102.7930856,straight road,no slope,2022-12-15T22:30:00Z
7567360,16.12.2022 05:45,23.01.2023 14:29,Phrae,department of highways,7-10-wheel truck,speeding,rear-end collision,2,0,1,foggy,17.783918,99.71400753,straight road,no slope,2022-12-15T22:45:00Z
7556665,16.12.2022 06:15,11.01.2023 14:24,Nakhon Pathom,department of highways,large truck with trailer,speeding,rear-end collision,2,0,2,clear,14.02688918,100.1358804,straight road,no slope,2022-12-15T23:15:00Z
7514399,16.12.2022 06:45,28.12.2022 11:54,Samut Prakan,department of highways,private/passenger car,speeding,rollover/fallen on straight road,1,0,0,clear,13.62414624,100.9152268,straight road,no slope,2022-12-15T23:45:00Z
7518028,16.12.2022 06:50,29.12.2022 11:36,Prachin Buri,department of highways,large truck with trailer,speeding,rear-end collision,2,0,0,clear,13.77300093,101.7842343,straight road,no slope,2022-12-15T23:50:00Z
7568972,16.12.2022 07:00,25.01.2023 07:47,Udon Thani,department of highways,large passenger vehicle,speeding,rollover/fallen on straight road,1,0,1,clear,17.03600873,102.9100053,straight road,no slope,2022-12-16T00:00:00Z
7477239,16.12.2022 08:00,21.12.2022 16:42,Sukhothai,department of rural roads,private/passenger car,unfamiliarity with the route/unskilled driving,other,2,0,2,clear,17.190442,99.90938,straight road,no slope,2022-12-16T01:00:00Z
7518452,16.12.2022 08:00,29.12.2022 14:04,Nakhon Phanom,department of highways,motorcycle,speeding,rear-end collision,2,0,1,clear,17.38337456,104.73249,other,other,2022-12-16T01:00:00Z
7567112,16.12.2022 09:30,23.01.2023 10:31,Mukdahan,department of highways,private/passenger car,loss of control,head-on collision (not overtaking),2,0,2,clear,16.2280233,104.834787,straight road,no slope,2022-12-16T02:30:00Z
7559415,16.12.2022 09:52,13.01.2023 14:26,Samut Prakan,department of highways,private/passenger car,speeding,rear-end collision,2,0,1,clear,13.6462631,100.713868,straight road,no slope,2022-12-16T02:52:00Z
7556496,16.12.2022 10:00,11.01.2023 13:35,Chiang Mai,department of highways,other,speeding,rollover/fallen on straight road,1,0,0,clear,18.18316906,98.62140959,straight road,no slope,2022-12-16T03:00:00Z
7567102,16.12.2022 11:00,23.01.2023 10:29,Mukdahan,department of highways,other,speeding,rollover/fallen on straight road,1,0,0,clear,16.51174178,104.7394856,other,other,2022-12-16T04:00:00Z
7545167,16.12.2022 11:12,5.01.2023 06:13,Chaiyaphum,department of highways,other,speeding,rollover/fallen on straight road,1,0,0,clear,16.25570859,102.3580152,straight road,no slope,2022-12-16T04:12:00Z
7511743,16.12.2022 11:30,27.12.2022 11:27,Rayong,department of highways,large truck with trailer,speeding,other,1,0,0,clear,12.90760144,101.3159915,wide curve,no slope,2022-12-16T04:30:00Z
7565667,16.12.2022 11:50,20.01.2023 14:05,Prachuap Khiri Khan,department of highways,4-wheel pickup truck,speeding,rollover/fallen on straight road,1,0,0,clear,12.26851455,99.87050906,straight road,no slope,2022-12-16T04:50:00Z
7555268,16.12.2022 12:11,10.01.2023 11:22,Rayong,department of highways,4-wheel pickup truck,falling asleep,rollover/fallen on curved road,1,0,0,clear,12.64329,101.43605,wide curve,no slope,2022-12-16T05:11:00Z
7513755,16.12.2022 13:08,28.12.2022 06:05,Samut Prakan,department of highways,4-wheel pickup truck,speeding,rollover/fallen on straight road,1,0,0,clear,13.67236123,100.8402351,straight road,no slope,2022-12-16T06:08:00Z
7480627,16.12.2022 13:20,23.12.2022 15:31,Phuket,department of highways,private/passenger car,falling asleep,rollover/fallen on straight road,1,0,0,clear,8.10033359,98.33536186,straight road,no slope,2022-12-16T06:20:00Z
7557963,16.12.2022 14:00,12.01.2023 11:51,Sa Kaeo,department of highways,private/passenger car,falling asleep,rollover/fallen on straight road,1,0,0,clear,14.11983642,102.6742356,straight road,no slope,2022-12-16T07:00:00Z
7481290,16.12.2022 15:00,23.12.2022 13:19,Phetchabun,department of highways,4-wheel pickup truck,speeding,rollover/fallen on curved road,1,0,1,clear,16.88546957,101.1228633,sharp curve,slope area,2022-12-16T08:00:00Z
7559371,16.12.2022 17:00,13.01.2023 13:57,Pathum Thani,department of highways,7-10-wheel truck,cutting in closely by people/vehicles/animals,rear-end collision,2,0,1,clear,14.0423231,100.7937447,straight road,no slope,2022-12-16T10:00:00Z
7559418,16.12.2022 17:19,13.01.2023 14:26,Samut Prakan,department of highways,private/passenger car,speeding,rear-end collision,2,0,1,clear,13.68794766,100.7281856,straight road,no slope,2022-12-16T10:19:00Z
7474667,16.12.2022 17:45,20.12.2022 13:48,Kanchanaburi,department of highways,4-wheel pickup truck,speeding,rear-end collision,2,0,2,clear,14.59034364,99.63516371,straight road,no slope,2022-12-16T10:45:00Z
7477238,16.12.2022 17:45,21.12.2022 16:41,Phetchaburi,department of rural roads,motorcycle,failure to signal enter/exit parking,other,1,0,1,clear,12.941661,100.026807,straight road,no slope,2022-12-16T10:45:00Z
7509172,16.12.2022 18:00,26.12.2022 15:36,Chanthaburi,department of highways,4-wheel pickup truck,cutting in closely by people/vehicles/animals,head-on collision (not overtaking),3,1,1,clear,12.73515622,101.9001393,straight road,no slope,2022-12-16T11:00:00Z
7516952,16.12.2022 18:30,29.12.2022 08:57,Suphan Buri,department of highways,motorcycle,cutting in closely by people/vehicles/animals,collision with obstruction (on road surface),2,1,1,clear,14.60418529,100.0745849,other,other,2022-12-16T11:30:00Z
7552792,16.12.2022 18:30,6.01.2023 12:43,Nakhon Nayok,department of highways,4-wheel pickup truck,speeding,rollover/fallen on straight road,1,0,1,clear,14.25110567,101.0721804,straight road,no slope,2022-12-16T11:30:00Z
7567111,16.12.2022 19:30,23.01.2023 10:31,Phrae,department of highways,private/passenger car,speeding,rollover/fallen on straight road,1,0,1,clear,18.13516044,100.1314062,other,other,2022-12-16T12:30:00Z
7508779,16.12.2022 19:35,26.12.2022 13:10,Surin,department of highways,motorized tricycle,speeding,rollover/fallen on straight road,1,0,1,clear,15.35283403,103.4583981,straight road,no slope,2022-12-16T12:35:00Z
7554271,16.12.2022 21:00,9.01.2023 09:28,Chanthaburi,department of highways,4-wheel pickup truck,speeding,rear-end collision,2,0,15,clear,13.00638844,102.4598882,straight road,no slope,2022-12-16T14:00:00Z
7569242,16.12.2022 21:00,25.01.2023 10:34,Samut Sakhon,department of highways,large truck with trailer,speeding,other,3,0,0,clear,13.59308598,100.3423069,straight road,no slope,2022-12-16T14:00:00Z
7554833,16.12.2022 21:30,9.01.2023 16:38,Bangkok,department of highways,private/passenger car,speeding,rear-end collision,2,0,0,clear,13.80470276,100.5602087,straight road,no slope,2022-12-16T14:30:00Z
7526749,16.12.2022 22:00,31.12.2022 08:38,Chon Buri,department of highways,6-wheel truck,falling asleep,collision with obstruction (on road surface),1,0,1,clear,13.08110304,101.1208765,straight road,no slope,2022-12-16T15:00:00Z
7479443,16.12.2022 22:30,23.12.2022 08:31,Tak,department of highways,private/passenger car,speeding,rollover/fallen on straight road,1,0,1,clear,16.60999898,98.6172132,straight road,no slope,2022-12-16T15:30:00Z
7568059,16.12.2022 22:40,24.01.2023 09:14,Uttaradit,department of highways,6-wheel truck,speeding,collision with obstruction (on road surface),1,0,0,clear,17.82221233,100.0852885,straight road,no slope,2022-12-16T15:40:00Z
7527031,16.12.2022 23:00,31.12.2022 09:32,Chon Buri,department of highways,4-wheel pickup truck,speeding,rollover/fallen on curved road,1,0,1,clear,13.11047643,100.9332338,other,other,2022-12-16T16:00:00Z
7517695,16.12.2022 23:30,29.12.2022 11:02,Saraburi,department of highways,4-wheel pickup truck,speeding,rollover/fallen on straight road,1,0,1,clear,14.40084306,100.9175749,straight road,no slope,2022-12-16T16:30:00Z
7460443,17.12.2022 00:35,17.12.2022 09:41,Bangkok,department of highways,private/passenger car,speeding,rear-end collision,2,0,1,clear,13.76598012,100.6935436,straight road,no slope,2022-12-16T17:35:00Z
7513816,17.12.2022 01:02,28.12.2022 06:44,Chachoengsao,department of highways,private/passenger car,speeding,rear-end collision,2,0,0,clear,13.54515818,101.003919,straight road,no slope,2022-12-16T18:02:00Z
7553839,17.12.2022 01:10,7.01.2023 16:08,Rayong,department of highways,4-wheel pickup truck,falling asleep,rollover/fallen on straight road,1,0,0,clear,12.6732,101.3046,straight road,no slope,2022-12-16T18:10:00Z
7478608,17.12.2022 01:44,22.12.2022 15:38,Chon Buri,department of highways,4-wheel pickup truck,speeding,rear-end collision,2,0,1,clear,13.42685648,101.0465845,straight road,no slope,2022-12-16T18:44:00Z
7555915,17.12.2022 02:40,11.01.2023 08:41,Loei,department of highways,private/passenger car,inadequate visibility,rollover/fallen on curved road,1,1,0,clear,17.54411613,101.7257689,wide curve,slope area,2022-12-16T19:40:00Z
7567118,17.12.2022 02:50,23.01.2023 10:34,Mukdahan,department of highways,private/passenger car,speeding,rollover/fallen on curved road,1,0,0,clear,16.55252438,104.6478128,wide curve,no slope,2022-12-16T19:50:00Z
7567120,17.12.2022 03:00,23.01.2023 10:36,Mukdahan,department of highways,4-wheel pickup truck,driving under the influence of alcohol,rollover/fallen on straight road,1,0,2,clear,16.31013862,104.9252962,straight road,no slope,2022-12-16T20:00:00Z
7567358,17.12.2022 03:50,23.01.2023 14:28,Nakhon Ratchasima,department of highways,7-10-wheel truck,speeding,rollover/fallen on curved road,1,0,2,clear,14.6183747,102.0065613,wide curve,no slope,2022-12-16T20:50:00Z
7518083,17.12.2022 04:00,29.12.2022 11:35,Nakhon Ratchasima,department of highways,private/passenger car,speeding,rear-end collision,2,0,0,clear,14.86304772,102.0703758,straight road,no slope,2022-12-16T21:00:00Z
7557891,17.12.2022 04:30,12.01.2023 11:29,Nakhon Ratchasima,department of highways,4-wheel pickup truck,speeding,rear-end collision,2,0,1,clear,14.65633679,102.0125682,straight road,no slope,2022-12-16T21:30:00Z
7554449,17.12.2022 05:00,9.01.2023 11:34,Nan,department of highways,4-wheel pickup truck,driving under the influence of alcohol,rollover/fallen on straight road,1,0,1,clear,19.17549252,100.9167819,straight road,no slope,2022-12-16T22:00:00Z
7553404,17.12.2022 05:30,7.01.2023 10:06,Rayong,department of highways,private/passenger car,speeding,rollover/fallen on straight road,1,0,0,clear,12.74765988,101.0397495,straight road,no slope,2022-12-16T22:30:00Z
7508945,17.12.2022 06:00,26.12.2022 14:47,Chanthaburi,department of highways,4-wheel pickup truck,worn-out/tire blowout,rollover/fallen on curved road,1,1,24,clear,13.15633908,102.1953983,wide curve,no slope,2022-12-16T23:00:00Z
7569269,17.12.2022 07:51,25.01.2023 10:48,Prachin Buri,department of highways,6-wheel truck,speeding,rollover/fallen on curved road,1,0,0,clear,14.00565468,101.7638209,wide curve,no slope,2022-12-17T00:51:00Z
7513807,17.12.2022 08:20,28.12.2022 06:47,Chachoengsao,department of highways,4-wheel pickup truck,worn-out/tire blowout,other,1,0,0,clear,13.59512637,100.9603797,wide curve,slope area,2022-12-17T01:20:00Z
7564346,17.12.2022 09:33,19.01.2023 14:04,Mae Hong Son,department of highways,6-wheel truck,dangerous curve,rollover/fallen on curved road,1,1,6,clear,19.42385549,97.97690227,wide curve,slope area,2022-12-17T02:33:00Z
7557951,17.12.2022 09:50,12.01.2023 11:47,Nakhon Ratchasima,department of highways,4-wheel pickup truck,speeding,rollover/fallen on straight road,1,0,0,clear,14.96042779,102.060007,straight road,no slope,2022-12-17T02:50:00Z
7566930,17.12.2022 10:00,23.01.2023 07:16,Chon Buri,department of highways,7-10-wheel truck,speeding,rear-end collision,2,0,0,clear,13.33161183,101.0829604,straight road,no slope,2022-12-17T03:00:00Z
7553483,17.12.2022 10:10,7.01.2023 10:53,Samut Sakhon,department of highways,motorcycle,speeding,rear-end collision,2,0,1,clear,13.53716698,100.2220183,straight road,no slope,2022-12-17T03:10:00Z
7513685,17.12.2022 10:28,28.12.2022 05:58,Pathum Thani,department of highways,private/passenger car,speeding,rear-end collision,3,0,0,clear,13.95821656,100.7127066,straight road,no slope,2022-12-17T03:28:00Z
7513037,17.12.2022 10:30,27.12.2022 18:39,Bangkok,department of highways,other,speeding,rollover/fallen on straight road,1,0,0,clear,13.73310584,100.6998119,straight road,no slope,2022-12-17T03:30:00Z
7567085,17.12.2022 10:45,23.01.2023 10:15,Phrae,department of highways,4-wheel pickup truck,cutting in closely by people/vehicles/animals,rear-end collision,2,0,0,clear,18.16585117,100.17831,straight road,no slope,2022-12-17T03:45:00Z
7563168,17.12.2022 11:00,18.01.2023 14:52,Lamphun,department of highways,other,speeding,rollover/fallen on straight road,1,0,0,clear,18.31082721,98.8233465,straight road,no slope,2022-12-17T04:00:00Z
7479437,17.12.2022 11:10,23.12.2022 08:32,Kamphaeng Phet,department of highways,6-wheel truck,speeding,rollover/fallen on curved road,1,0,1,clear,16.08343033,99.87434328,wide curve,slope area,2022-12-17T04:10:00Z
7472099,17.12.2022 11:57,19.12.2022 14:24,Samut Prakan,department of highways,large truck with trailer,speeding,rollover/fallen on straight road,1,0,0,clear,13.62168816,100.9190541,straight road,no slope,2022-12-17T04:57:00Z
7507679,17.12.2022 12:00,26.12.2022 08:23,Phatthalung,department of highways,large truck with trailer,speeding,rollover/fallen on curved road,1,0,1,clear,7.573198244,100.0484012,wide curve,no slope,2022-12-17T05:00:00Z
7553430,17.12.2022 12:17,7.01.2023 10:21,Trat,department of highways,4-wheel pickup truck,speeding,side collision,2,0,4,clear,12.21307844,102.511465,straight road,no slope,2022-12-17T05:17:00Z
7567163,17.12.2022 13:00,23.01.2023 11:10,Phrae,department of highways,4-wheel pickup truck,speeding,head-on collision (not overtaking),2,0,0,clear,18.15382938,100.0845708,wide curve,slope area,2022-12-17T06:00:00Z
7480305,17.12.2022 14:00,23.12.2022 13:15,Loei,department of highways,4-wheel pickup truck,unfamiliarity with the route/unskilled driving,head-on collision (not overtaking),3,0,0,clear,17.27780397,101.1627638,straight road,no slope,2022-12-17T07:00:00Z
7563923,17.12.2022 14:00,19.01.2023 08:56,Chiang Mai,department of highways,4-wheel pickup truck,speeding,head-on collision (not overtaking),2,0,2,clear,19.17788469,99.16582593,wide curve,no slope,2022-12-17T07:00:00Z
7565239,17.12.2022 14:20,20.01.2023 09:33,Bangkok,department of highways,4-wheel pickup truck,cutting in closely by people/vehicles/animals,rear-end collision,2,0,0,clear,13.61594504,100.3777644,other,other,2022-12-17T07:20:00Z
7568941,17.12.2022 14:50,25.01.2023 06:57,Chon Buri,department of highways,private/passenger car,speeding,rollover/fallen on straight road,4,1,0,clear,13.36693747,101.0399087,straight road,no slope,2022-12-17T07:50:00Z
7477040,17.12.2022 15:10,21.12.2022 14:15,Songkhla,department of highways,other,speeding,rollover/fallen on straight road,1,0,0,rainy,7.24711288,100.5386969,straight road,no slope,2022-12-17T08:10:00Z
7509544,17.12.2022 15:30,27.12.2022 06:43,Chachoengsao,department of highways,motorcycle,speeding,rear-end collision,3,1,1,clear,13.65211627,101.0470204,other,other,2022-12-17T08:30:00Z
7517255,17.12.2022 16:00,29.12.2022 09:57,Lamphun,department of highways,4-wheel pickup truck,speeding,rollover/fallen on straight road,1,0,0,clear,18.54173492,99.02937033,straight road,no slope,2022-12-17T09:00:00Z
7542844,17.12.2022 16:00,3.01.2023 14:54,Loei,department of highways,7-10-wheel truck,speeding,other,1,0,1,clear,17.1156548,101.9249504,wide curve,no slope,2022-12-17T09:00:00Z
7513701,17.12.2022 17:08,28.12.2022 06:02,Samut Prakan,department of highways,private/passenger car,speeding,rear-end collision,2,0,0,clear,13.665956,100.8501771,straight road,no slope,2022-12-17T10:08:00Z
7513681,17.12.2022 17:40,28.12.2022 06:00,Bangkok,department of highways,4-wheel pickup truck,speeding,rear-end collision,2,0,0,clear,13.72732019,100.7016237,straight road,no slope,2022-12-17T10:40:00Z
7551770,17.12.2022 18:21,5.01.2023 13:55,Chon Buri,department of highways,4-wheel pickup truck,speeding,rear-end collision,2,0,1,clear,12.84682997,100.9763543,straight road,no slope,2022-12-17T11:21:00Z
7513725,17.12.2022 18:30,28.12.2022 06:01,Bangkok,department of highways,4-wheel pickup truck,speeding,rear-end collision,3,0,0,clear,13.65857455,100.6931815,straight road,no slope,2022-12-17T11:30:00Z
7527412,17.12.2022 19:00,31.12.2022 10:58,Phra Nakhon Si Ayutthaya,department of highways,4-wheel pickup truck,speeding,rollover/fallen on straight road,1,0,1,clear,14.25493756,100.7665855,straight road,no slope,2022-12-17T12:00:00Z
7479446,17.12.2022 19:55,23.12.2022 08:49,Sukhothai,department of highways,tractor/agricultural vehicle,cutting in closely by people/vehicles/animals,rear-end collision,2,1,0,clear,17.01162762,99.91952483,straight road,no slope,2022-12-17T12:55:00Z
7556600,17.12.2022 20:00,11.01.2023 14:08,Lampang,department of highways,4-wheel pickup truck,speeding,rollover/fallen on straight road,1,0,0,clear,18.31865864,99.35549477,straight road,no slope,2022-12-17T13:00:00Z
7556338,17.12.2022 20:05,11.01.2023 12:21,Lampang,department of highways,private/passenger car,speeding,rollover/fallen on straight road,1,0,0,clear,18.31865864,99.35549477,straight road,no slope,2022-12-17T13:05:00Z
7543603,17.12.2022 20:15,4.01.2023 00:11,Bangkok,expressway authority of thailand,van,other,side collision,2,0,2,clear,13.69617,100.594813,straight road,other,2022-12-17T13:15:00Z
7567326,17.12.2022 20:30,23.01.2023 14:06,Kalasin,department of highways,large truck with trailer,speeding,rollover/fallen on straight road,1,0,0,clear,16.81367662,103.9600946,straight road,slope area,2022-12-17T13:30:00Z
7567114,17.12.2022 20:50,23.01.2023 10:33,Mukdahan,department of highways,motorcycle,speeding,head-on collision (not overtaking),2,1,0,clear,16.49930529,104.7495317,wide curve,no slope,2022-12-17T13:50:00Z
7511355,17.12.2022 21:00,27.12.2022 10:39,Roi Et,department of highways,4-wheel pickup truck,speeding,rear-end collision,3,0,0,clear,16.08204282,103.7085057,connecting to public/commercial area,other,2022-12-17T14:00:00Z
7570826,17.12.2022 21:00,26.01.2023 08:59,Krabi,department of highways,private/passenger car,speeding,rollover/fallen on curved road,1,0,0,rainy,7.93666,99.14412,wide curve,no slope,2022-12-17T14:00:00Z
7509082,17.12.2022 21:05,26.12.2022 14:26,Chanthaburi,department of highways,private/passenger car,speeding,rollover/fallen on straight road,1,0,0,clear,12.67430519,102.0053516,straight road,slope area,2022-12-17T14:05:00Z
7553548,17.12.2022 21:21,7.01.2023 11:19,Bangkok,department of highways,motorcycle,speeding,rollover/fallen on straight road,1,0,1,clear,13.63904817,100.4062334,straight road,no slope,2022-12-17T14:21:00Z
7472213,17.12.2022 21:30,19.12.2022 17:19,Suphan Buri,department of highways,private/passenger car,speeding,rollover/fallen on straight road,1,0,0,other,14.75190528,100.0255917,straight road,no slope,2022-12-17T14:30:00Z