acc_code,incident_datetime,report_datetime,province_en,agency,vehicle_type,presumed_cause,accident_type,number_of_vehicles_involved,number_of_fatalities,number_of_injuries,weather_condition,latitude,longitude,road_description,slope_description,incident_time
7557998,17.12.2022 22:10,12.01.2023 12:18,Chachoengsao,department of highways,4-wheel pickup truck,speeding,rollover/fallen on straight road,1,0,0,clear,13.58789914,101.2535419,wide curve,no slope,2022-12-17T15:10:00Z
7568056,17.12.2022 22:30,24.01.2023 09:11,Samut Songkhram,department of highways,4-wheel pickup truck,falling asleep,rear-end collision,2,0,3,clear,13.39651503,100.004145,straight road,no slope,2022-12-17T15:30:00Z
7543604,17.12.2022 23:20,4.01.2023 00:11,Samut Prakan,expressway authority of thailand,large truck with trailer,other,rear-end collision,2,0,1,clear,13.635606,100.543891,straight road,other,2022-12-17T16:20:00Z
7556514,17.12.2022 23:20,11.01.2023 13:43,Lamphun,department of highways,4-wheel pickup truck,speeding,rollover/fallen on straight road,1,0,0,clear,18.57255361,99.04385297,straight road,no slope,2022-12-17T16:20:00Z
7517323,17.12.2022 23:30,29.12.2022 10:20,Lamphun,department of highways,4-wheel pickup truck,speeding,rollover/fallen on straight road,1,0,0,clear,18.57287215,99.04380792,straight road,no slope,2022-12-17T16:30:00Z
7559484,17.12.2022 23:30,13.01.2023 16:03,Songkhla,department of highways,4-wheel pickup truck,speeding,rollover/fallen on straight road,1,0,2,rainy,6.82888986,101.041135,straight road,no slope,2022-12-17T16:30:00Z
7481118,17.12.2022 23:45,23.12.2022 14:14,Nakhon Si Thammarat,department of highways,4-wheel pickup truck,speeding,rollover/fallen on straight road,1,0,1,rainy,8.334474643,100.1409161,straight road,no slope,2022-12-17T16:45:00Z
7553597,18.12.2022 00:30,7.01.2023 11:42,Loburi,department of highways,private/passenger car,speeding,other,1,0,0,clear,14.82791033,101.0706013,other,other,2022-12-17T17:30:00Z
7472433,18.12.2022 01:00,20.12.2022 07:39,Saraburi,department of rural roads,motorcycle,speeding,other,1,1,0,clear,14.560245,100.862828,wide curve,no slope,2022-12-17T18:00:00Z
7506603,18.12.2022 01:40,26.12.2022 06:41,Nakhon Si Thammarat,department of highways,4-wheel pickup truck,speeding,rear-end collision,3,1,4,rainy,8.433154555,99.90101516,connecting to public/commercial area,other,2022-12-17T18:40:00Z
7564221,18.12.2022 01:55,19.01.2023 11:28,Satun,department of highways,4-wheel pickup truck,speeding,rollover/fallen on straight road,1,0,0,rainy,6.758611407,100.0189912,straight road,no slope,2022-12-17T18:55:00Z
7565795,18.12.2022 02:00,20.01.2023 18:50,Phayao,department of highways,4-wheel pickup truck,speeding,rollover/fallen on straight road,1,0,1,clear,19.21818458,99.86730904,straight road,no slope,2022-12-17T19:00:00Z
7569224,18.12.2022 02:00,25.01.2023 10:19,Ubon Ratchathani,department of highways,4-wheel pickup truck,speeding,rollover/fallen on straight road,1,0,0,clear,15.23829621,105.0009419,straight road,no slope,2022-12-17T19:00:00Z
7569059,18.12.2022 04:00,25.01.2023 08:50,Udon Thani,department of highways,4-wheel pickup truck,speeding,rollover/fallen on straight road,1,0,0,clear,17.29726338,102.8607057,straight road,no slope,2022-12-17T21:00:00Z
7567307,18.12.2022 05:40,23.01.2023 13:45,Nan,department of highways,4-wheel pickup truck,falling asleep,rollover/fallen on straight road,1,0,0,clear,18.49347316,100.7382329,straight road,no slope,2022-12-17T22:40:00Z
7478816,18.12.2022 06:15,22.12.2022 16:14,Chachoengsao,department of highways,private/passenger car,speeding,rear-end collision,2,0,0,clear,13.59661285,100.9580909,straight road,no slope,2022-12-17T23:15:00Z
7481264,18.12.2022 06:57,23.12.2022 13:18,Phetchabun,department of highways,4-wheel pickup truck,dangerous curve,other,1,0,0,clear,16.87533519,101.164577,sharp curve,slope area,2022-12-17T23:57:00Z
7514987,18.12.2022 07:40,28.12.2022 15:01,Suphan Buri,department of highways,4-wheel pickup truck,falling asleep,rollover/fallen on straight road,1,0,1,clear,14.45126402,100.0820735,straight road,no slope,2022-12-18T00:40:00Z
7519411,18.12.2022 07:40,30.12.2022 00:12,Nonthaburi,expressway authority of thailand,other,other,collision with obstruction (on road surface),1,0,0,clear,13.87425146,100.5357613,straight road,other,2022-12-18T00:40:00Z
7545163,18.12.2022 07:40,5.01.2023 06:11,Chaiyaphum,department of highways,4-wheel pickup truck,speeding,rollover/fallen on straight road,1,0,0,clear,16.27419093,102.2043461,straight road,no slope,2022-12-18T00:40:00Z
7507519,18.12.2022 08:00,26.12.2022 07:57,Phatthalung,department of highways,4-wheel pickup truck,speeding,rollover/fallen on straight road,1,0,1,clear,7.382435749,100.1143768,straight road,no slope,2022-12-18T01:00:00Z
7521252,18.12.2022 08:20,30.12.2022 09:27,Nakhon Ratchasima,department of highways,private/passenger car,speeding,rollover/fallen on straight road,1,0,0,clear,14.70061204,102.0199084,straight road,no slope,2022-12-18T01:20:00Z
7554245,18.12.2022 09:30,9.01.2023 09:16,Suphan Buri,department of highways,private/passenger car,cutting in closely by people/vehicles/animals,rear-end collision,2,0,1,clear,14.80895666,100.1174414,other,other,2022-12-18T02:30:00Z
7553567,18.12.2022 10:22,7.01.2023 11:20,Bangkok,department of highways,motorcycle,speeding,rear-end collision,2,0,1,clear,13.62207193,100.389394,straight road,no slope,2022-12-18T03:22:00Z
7551860,18.12.2022 10:54,5.01.2023 15:37,Samut Sakhon,department of highways,4-wheel pickup truck,speeding,rear-end collision,2,0,0,clear,13.60249259,100.3700521,straight road,no slope,2022-12-18T03:54:00Z
7474419,18.12.2022 12:40,20.12.2022 13:46,Suphan Buri,department of highways,large truck with trailer,speeding,rear-end collision,4,0,0,clear,14.84778584,100.1001759,other,other,2022-12-18T05:40:00Z
7564182,18.12.2022 12:55,19.01.2023 11:00,Samut Sakhon,department of highways,4-wheel pickup truck,worn-out/tire blowout,other,1,0,2,clear,13.57944057,100.3062971,other,other,2022-12-18T05:55:00Z
7569231,18.12.2022 13:00,25.01.2023 10:22,Ubon Ratchathani,department of highways,4-wheel pickup truck,inadequate visibility,rollover/fallen on straight road,1,0,1,clear,15.30717486,105.3765129,straight road,no slope,2022-12-18T06:00:00Z
7553681,18.12.2022 13:30,7.01.2023 12:46,Chon Buri,department of highways,private/passenger car,speeding,rollover/fallen on straight road,1,0,0,clear,13.2169044,101.0056293,straight road,no slope,2022-12-18T06:30:00Z
7567336,18.12.2022 13:30,23.01.2023 14:14,Sakon Nakhon,department of highways,private/passenger car,loss of control,rollover/fallen on straight road,1,0,0,clear,17.42612671,103.984953,straight road,no slope,2022-12-18T06:30:00Z
7559390,18.12.2022 13:40,13.01.2023 14:05,Phatthalung,department of highways,large truck with trailer,slippery road,rollover/fallen on curved road,1,0,0,rainy,7.56731425,99.89774287,wide curve,no slope,2022-12-18T06:40:00Z
7474628,18.12.2022 14:00,20.12.2022 13:41,Suphan Buri,department of highways,4-wheel pickup truck,cutting in closely by people/vehicles/animals,collision at intersection corner,3,0,0,clear,14.84437259,100.0146899,other,other,2022-12-18T07:00:00Z
7474726,18.12.2022 14:00,20.12.2022 14:29,Nonthaburi,department of highways,7-10-wheel truck,speeding,rollover/fallen on straight road,1,0,0,clear,13.9532716,100.4744525,straight road,no slope,2022-12-18T07:00:00Z
7514994,18.12.2022 14:15,28.12.2022 14:39,Songkhla,department of highways,4-wheel pickup truck,slippery road,rollover/fallen on straight road,1,0,1,rainy,7.057158575,100.4836902,wide curve,no slope,2022-12-18T07:15:00Z
7507013,18.12.2022 14:30,26.12.2022 07:12,Nakhon Si Thammarat,department of highways,4-wheel pickup truck,slippery road,head-on collision (not overtaking),2,1,10,rainy,8.006540998,99.82246846,straight road,no slope,2022-12-18T07:30:00Z
7565076,18.12.2022 14:30,20.01.2023 08:35,Pattani,department of highways,private/passenger car,speeding,rollover/fallen on straight road,1,0,2,clear,6.827549268,101.045247,straight road,no slope,2022-12-18T07:30:00Z
7556313,18.12.2022 15:15,11.01.2023 12:00,Samut Sakhon,department of highways,4-wheel pickup truck,speeding,rear-end collision,2,0,3,clear,13.53365166,100.1790239,straight road,no slope,2022-12-18T08:15:00Z
7519412,18.12.2022 15:45,30.12.2022 00:12,Pathum Thani,expressway authority of thailand,other,other,collision with obstruction (on road surface),1,0,5,clear,13.981469,100.570515,straight road,other,2022-12-18T08:45:00Z
7555843,18.12.2022 15:45,11.01.2023 07:08,Kamphaeng Phet,department of highways,private/passenger car,speeding,other,1,0,1,clear,16.47707611,99.55090524,wide curve,no slope,2022-12-18T08:45:00Z
7506930,18.12.2022 16:10,26.12.2022 06:56,Nakhon Si Thammarat,department of highways,4-wheel pickup truck,speeding,rollover/fallen on straight road,1,0,0,rainy,8.016674045,99.6428753,other,other,2022-12-18T09:10:00Z
7474225,18.12.2022 16:30,20.12.2022 13:22,Suphan Buri,department of highways,private/passenger car,cutting in closely by people/vehicles/animals,rear-end collision,2,0,1,clear,14.91419701,100.0832091,wide curve,no slope,2022-12-18T09:30:00Z
7556519,18.12.2022 16:43,11.01.2023 13:45,Lampang,department of highways,4-wheel pickup truck,speeding,rear-end collision,2,0,1,clear,18.23291539,99.43162858,wide curve,no slope,2022-12-18T09:43:00Z
7521075,18.12.2022 17:00,30.12.2022 08:47,Nakhon Sawan,department of highways,motorcycle,cutting in closely by people/vehicles/animals,rear-end collision,2,1,0,clear,15.99492936,100.6296882,other,other,2022-12-18T10:00:00Z
7554222,18.12.2022 17:30,9.01.2023 09:09,Suphan Buri,department of highways,motorcycle,cutting in closely by people/vehicles/animals,rear-end collision,2,1,0,clear,14.78536008,99.74196285,connecting to public/commercial area,other,2022-12-18T10:30:00Z
7551116,18.12.2022 18:00,5.01.2023 09:44,Phangnga,department of highways,4-wheel pickup truck,speeding,rollover/fallen on curved road,1,0,1,rainy,8.485725615,98.62386793,wide curve,slope area,2022-12-18T11:00:00Z
7553669,18.12.2022 18:30,7.01.2023 12:35,Samut Songkhram,department of highways,private/passenger car,cutting in closely by people/vehicles/animals,rear-end collision,2,0,2,clear,13.44079989,100.0653341,straight road,no slope,2022-12-18T11:30:00Z
7567309,18.12.2022 19:00,23.01.2023 13:46,Phrae,department of highways,private/passenger car,speeding,rollover/fallen on straight road,1,0,1,clear,17.75349678,99.42802959,straight road,no slope,2022-12-18T12:00:00Z
7474128,18.12.2022 21:15,20.12.2022 10:55,Suphan Buri,department of highways,4-wheel pickup truck,running red lights/traffic signals,head-on collision (not overtaking),2,0,0,other,14.80918432,100.1177149,other,other,2022-12-18T14:15:00Z
7518562,18.12.2022 21:18,29.12.2022 14:36,Sakon Nakhon,department of highways,motorcycle,speeding,collision with obstruction (on road surface),2,2,0,clear,17.75784195,103.7120005,straight road,no slope,2022-12-18T14:18:00Z
7559004,18.12.2022 21:30,13.01.2023 09:06,Bangkok,department of highways,private/passenger car,speeding,rear-end collision,2,0,1,clear,13.80847807,100.5597934,straight road,no slope,2022-12-18T14:30:00Z
7567385,18.12.2022 21:45,23.01.2023 14:44,Phrae,department of highways,4-wheel pickup truck,speeding,rollover/fallen on straight road,1,0,2,clear,18.5311955,100.1838155,other,other,2022-12-18T14:45:00Z
7557911,18.12.2022 23:10,12.01.2023 11:36,Nakhon Ratchasima,department of highways,private/passenger car,running red lights/traffic signals,collision at intersection corner,2,0,1,clear,14.74130936,102.1646655,other,other,2022-12-18T16:10:00Z
7514189,19.12.2022 02:30,28.12.2022 11:23,Phrae,department of rural roads,passenger pickup truck,speeding,other,1,0,0,clear,18.237859,100.211429,wide curve,no slope,2022-12-18T19:30:00Z
7566995,19.12.2022 02:40,23.01.2023 08:51,Nan,department of highways,private/passenger car,speeding,rollover/fallen on straight road,1,0,0,clear,18.5663139,100.735158,straight road,no slope,2022-12-18T19:40:00Z
7511168,19.12.2022 02:45,27.12.2022 10:28,Pathum Thani,department of highways,4-wheel pickup truck,worn-out/tire blowout,rollover/fallen on straight road,1,0,0,clear,14.12350664,100.6737006,straight road,no slope,2022-12-18T19:45:00Z
7511421,19.12.2022 02:45,27.12.2022 11:32,Rayong,department of highways,4-wheel pickup truck,running red lights/traffic signals,rollover/fallen on straight road,1,0,0,clear,12.69691263,101.273013,other,other,2022-12-18T19:45:00Z
7513813,19.12.2022 02:57,28.12.2022 06:51,Chon Buri,department of highways,private/passenger car,speeding,rear-end collision,2,0,2,clear,13.47051644,101.0459736,straight road,no slope,2022-12-18T19:57:00Z
7512295,19.12.2022 03:57,27.12.2022 11:13,Trat,department of highways,4-wheel pickup truck,speeding,rear-end collision,2,0,9,clear,12.31819111,102.4636472,straight road,no slope,2022-12-18T20:57:00Z
7479556,19.12.2022 04:00,23.12.2022 09:14,Prachuap Khiri Khan,department of highways,large truck with trailer,speeding,rear-end collision,2,1,0,clear,11.16420554,99.39566687,straight road,no slope,2022-12-18T21:00:00Z
7516630,19.12.2022 06:00,29.12.2022 07:14,Uthai Thani,department of highways,4-wheel pickup truck,falling asleep,rollover/fallen on straight road,1,0,1,clear,15.47028195,99.89662707,straight road,no slope,2022-12-18T23:00:00Z
7554242,19.12.2022 06:00,9.01.2023 09:15,Suphan Buri,department of highways,large truck with trailer,overloaded vehicle,rollover/fallen on straight road,1,0,0,clear,14.75157586,100.097554,other,other,2022-12-18T23:00:00Z
7477889,19.12.2022 06:55,22.12.2022 10:49,Bangkok,department of highways,private/passenger car,speeding,rear-end collision,2,0,1,clear,13.71248216,100.7002544,straight road,no slope,2022-12-18T23:55:00Z
7470341,19.12.2022 07:17,19.12.2022 11:56,Nakhon Ratchasima,department of highways,motorcycle,speeding,rear-end collision,2,1,0,clear,14.63334565,101.2140088,straight road,slope area,2022-12-19T00:17:00Z
7551855,19.12.2022 07:59,5.01.2023 15:28,Samut Sakhon,department of highways,private/passenger car,speeding,rear-end collision,5,0,0,clear,13.5881135,100.3254011,straight road,no slope,2022-12-19T00:59:00Z
7543605,19.12.2022 08:08,4.01.2023 00:11,Chachoengsao,expressway authority of thailand,other,other,rear-end collision,2,0,0,clear,13.550906,100.958547,straight road,other,2022-12-19T01:08:00Z
7476736,19.12.2022 08:45,21.12.2022 12:11,Nong Bua Lam Phu,department of rural roads,4-wheel pickup truck,speeding,other,2,0,2,clear,17.222468,102.440119,four-way intersection,other,2022-12-19T01:45:00Z
7516618,19.12.2022 09:00,29.12.2022 07:11,Uthai Thani,department of highways,other,speeding,rollover/fallen on straight road,1,0,0,clear,15.33381581,100.0747107,straight road,no slope,2022-12-19T02:00:00Z
7544486,19.12.2022 09:05,4.01.2023 14:47,Bangkok,department of highways,6-wheel truck,speeding,rear-end collision,3,0,2,clear,13.73189427,100.7025813,straight road,no slope,2022-12-19T02:05:00Z
7557952,19.12.2022 09:20,12.01.2023 11:48,Prachin Buri,department of highways,private/passenger car,speeding,rear-end collision,2,1,0,clear,14.06238227,101.3568605,straight road,no slope,2022-12-19T02:20:00Z
7473758,19.12.2022 09:40,20.12.2022 12:27,Songkhla,department of highways,4-wheel pickup truck,speeding,rollover/fallen on straight road,1,0,0,rainy,7.447346576,100.4506036,straight road,no slope,2022-12-19T02:40:00Z
7544402,19.12.2022 10:00,4.01.2023 13:48,Trang,department of highways,4-wheel pickup truck,speeding,rollover/fallen on straight road,1,0,2,rainy,7.542046467,99.74973187,straight road,no slope,2022-12-19T03:00:00Z
7513834,19.12.2022 10:13,28.12.2022 06:52,Pathum Thani,department of highways,other,speeding,rollover/fallen on straight road,1,0,0,clear,14.12169755,100.6749545,straight road,no slope,2022-12-19T03:13:00Z
7478369,19.12.2022 10:30,22.12.2022 14:23,Sukhothai,department of highways,4-wheel pickup truck,worn-out/tire blowout,other,1,0,0,clear,17.00733842,99.92894769,wide curve,no slope,2022-12-19T03:30:00Z
7568098,19.12.2022 10:30,24.01.2023 09:37,Phitsanulok,department of highways,4-wheel pickup truck,speeding,rollover/fallen on straight road,1,0,0,clear,16.55222011,100.6076793,other,other,2022-12-19T03:30:00Z
7513765,19.12.2022 10:46,28.12.2022 06:12,Pathum Thani,department of highways,4-wheel pickup truck,speeding,other,1,0,0,clear,13.99591315,100.7103057,wide curve,no slope,2022-12-19T03:46:00Z
7564528,19.12.2022 11:10,19.01.2023 21:11,Trang,department of highways,4-wheel pickup truck,speeding,rollover/fallen on straight road,1,0,2,clear,7.951690667,99.60041463,straight road,no slope,2022-12-19T04:10:00Z
7567037,19.12.2022 11:34,23.01.2023 09:28,Nan,department of highways,other,driving under the influence of alcohol,rollover/fallen on straight road,1,0,0,clear,19.1792438,100.9169273,straight road,no slope,2022-12-19T04:34:00Z
7555461,19.12.2022 12:40,10.01.2023 16:28,Bangkok,department of highways,motorcycle,speeding,rear-end collision,2,0,1,clear,13.79978106,100.5606883,straight road,no slope,2022-12-19T05:40:00Z
7551410,19.12.2022 13:05,5.01.2023 12:12,Chanthaburi,department of highways,4-wheel pickup truck,speeding,rollover/fallen on curved road,1,0,1,clear,12.69009951,102.0908859,wide curve,no slope,2022-12-19T06:05:00Z
7550748,19.12.2022 13:10,5.01.2023 08:44,Surat Thani,department of highways,motorcycle,speeding,rollover/fallen on straight road,1,0,1,clear,8.563266702,99.34437288,straight road,no slope,2022-12-19T06:10:00Z
7550672,19.12.2022 13:30,5.01.2023 08:20,Phatthalung,department of highways,large truck with trailer,speeding,rear-end collision,2,0,1,rainy,7.581670468,100.0523132,straight road,slope area,2022-12-19T06:30:00Z
7552820,19.12.2022 13:30,6.01.2023 13:35,Nakhon Sawan,department of highways,large truck with trailer,cutting in closely by people/vehicles/animals,rear-end collision,3,0,4,clear,15.3585537,100.5028385,connecting to public/commercial area,other,2022-12-19T06:30:00Z
7553561,19.12.2022 13:47,7.01.2023 11:21,Bangkok,department of highways,private/passenger car,speeding,rear-end collision,2,0,1,clear,13.66378875,100.4416233,straight road,no slope,2022-12-19T06:47:00Z
7476698,19.12.2022 14:00,21.12.2022 12:08,Bangkok,department of rural roads,4-wheel pickup truck,sudden stop,other,2,0,0,clear,13.685052,100.544379,straight road,no slope,2022-12-19T07:00:00Z
7553670,19.12.2022 14:30,7.01.2023 12:38,Samut Songkhram,department of highways,private/passenger car,cutting in closely by people/vehicles/animals,rear-end collision,2,0,1,clear,13.34540667,99.87764991,straight road,no slope,2022-12-19T07:30:00Z
7511245,19.12.2022 14:38,27.12.2022 10:30,Roi Et,department of highways,other,speeding,rollover/fallen on curved road,1,0,0,clear,16.05067586,103.6206742,wide curve,no slope,2022-12-19T07:38:00Z
7551320,19.12.2022 15:00,5.01.2023 11:21,Udon Thani,department of highways,4-wheel pickup truck,speeding,rollover/fallen on straight road,1,0,2,clear,17.19070981,103.1114303,straight road,no slope,2022-12-19T08:00:00Z
7555872,19.12.2022 16:05,11.01.2023 07:25,Tak,department of highways,motorcycle,speeding,rollover/fallen on straight road,1,1,0,clear,16.69121586,98.51782928,other,other,2022-12-19T09:05:00Z
7478320,19.12.2022 16:30,22.12.2022 14:22,Sukhothai,department of highways,motorcycle,speeding,pedestrian collision,1,0,3,clear,17.01487653,99.84700486,straight road,no slope,2022-12-19T09:30:00Z
7478599,19.12.2022 16:50,22.12.2022 14:40,Tak,department of highways,motorcycle,cutting in closely by people/vehicles/animals,rear-end collision,2,0,2,clear,17.30945483,98.17174673,other,other,2022-12-19T09:50:00Z
7514803,19.12.2022 17:30,28.12.2022 14:09,Kanchanaburi,department of highways,4-wheel pickup truck,loss of control,rear-end collision,2,0,1,clear,14.0410327,99.53495198,straight road,no slope,2022-12-19T10:30:00Z
7513749,19.12.2022 18:37,28.12.2022 06:15,Pathum Thani,department of highways,4-wheel pickup truck,speeding,rollover/fallen on straight road,1,0,0,clear,14.04356898,100.6984761,straight road,no slope,2022-12-19T11:37:00Z
7555866,19.12.2022 19:00,11.01.2023 07:25,Tak,department of highways,4-wheel pickup truck,speeding,rollover/fallen on curved road,1,0,0,clear,16.75593695,98.72408733,wide curve,no slope,2022-12-19T12:00:00Z
7476717,19.12.2022 19:30,21.12.2022 12:10,Nong Bua Lam Phu,department of rural roads,4-wheel pickup truck,speeding,other,4,0,2,clear,17.212251,102.410812,four-way intersection,other,2022-12-19T12:30:00Z
7514890,19.12.2022 19:49,28.12.2022 14:13,Kanchanaburi,department of highways,4-wheel pickup truck,falling asleep,rollover/fallen on curved road,1,0,0,clear,13.7767552,99.50068672,wide curve,no slope,2022-12-19T12:49:00Z
7514802,19.12.2022 20:30,28.12.2022 14:07,Kanchanaburi,department of highways,6-wheel truck,loss of control,other,1,0,0,other,14.37991771,99.14652452,wide curve,slope area,2022-12-19T13:30:00Z
7476699,19.12.2022 20:58,21.12.2022 12:09,Nong Bua Lam Phu,department of rural roads,large truck with trailer,speeding,other,2,0,2,clear,17.245922,102.399048,straight road,no slope,2022-12-19T13:58:00Z
7481166,19.12.2022 21:00,23.12.2022 13:34,Udon Thani,department of highways,private/passenger car,speeding,rollover/fallen on straight road,2,2,9,clear,17.37965588,102.7531789,straight road,no slope,2022-12-19T14:00:00Z
7520593,19.12.2022 21:00,30.12.2022 07:01,Udon Thani,department of highways,4-wheel pickup truck,driving under the influence of alcohol,rear-end collision,3,0,1,clear,17.78384796,102.1208389,wide curve,slope area,2022-12-19T14:00:00Z
7553692,19.12.2022 21:00,7.01.2023 12:57,Chon Buri,department of highways,motorcycle,speeding,rollover/fallen on straight road,1,0,1,clear,13.11068933,100.9337367,straight road,no slope,2022-12-19T14:00:00Z
7518023,19.12.2022 22:00,29.12.2022 11:18,Nakhon Ratchasima,department of highways,4-wheel pickup truck,speeding,rollover/fallen on curved road,1,0,0,clear,14.98504635,102.1732899,wide curve,no slope,2022-12-19T15:00:00Z
7556126,19.12.2022 22:00,11.01.2023 10:33,Maha Sarakham,department of highways,motorcycle,cutting in closely by people/vehicles/animals,head-on collision (not overtaking),2,1,0,clear,16.25720208,103.076925,connecting to private area,other,2022-12-19T15:00:00Z
7553565,19.12.2022 22:05,7.01.2023 11:21,Bangkok,department of highways,motorcycle,speeding,rollover/fallen on straight road,1,0,1,clear,13.67853253,100.4661415,straight road,no slope,2022-12-19T15:05:00Z
7508992,19.12.2022 22:30,26.12.2022 14:22,Chanthaburi,department of highways,large truck with trailer,speeding,rear-end collision,2,1,0,clear,13.04079403,102.4495509,straight road,slope area,2022-12-19T15:30:00Z
7557943,19.12.2022 22:35,12.01.2023 11:44,Buri Ram,department of highways,private/passenger car,speeding,rear-end collision,2,0,1,clear,14.9043366,103.000971,straight road,no slope,2022-12-19T15:35:00Z
7558361,19.12.2022 23:05,12.01.2023 15:02,Phetchabun,department of highways,4-wheel pickup truck,speeding,rollover/fallen on straight road,1,0,0,clear,16.78633414,101.2407491,straight road,no slope,2022-12-19T16:05:00Z
7508610,19.12.2022 23:50,26.12.2022 10:53,Chaiyaphum,department of highways,4-wheel pickup truck,speeding,rollover/fallen on straight road,1,0,1,clear,15.9058937,101.4211615,straight road,no slope,2022-12-19T16:50:00Z
7541220,20.12.2022 01:05,3.01.2023 08:02,Samut Sakhon,department of highways,private/passenger car,speeding,rear-end collision,2,0,2,clear,13.63004536,100.294787,straight road,no slope,2022-12-19T18:05:00Z
7556655,20.12.2022 01:05,11.01.2023 14:20,Lamphun,department of highways,private/passenger car,speeding,rollover/fallen on straight road,1,0,1,clear,18.48649018,98.93767968,other,other,2022-12-19T18:05:00Z
7557949,20.12.2022 02:18,12.01.2023 11:46,Nakhon Ratchasima,department of highways,large truck with trailer,speeding,rollover/fallen on straight road,1,0,1,clear,14.90647137,101.9177407,straight road,no slope,2022-12-19T19:18:00Z
7476697,20.12.2022 03:00,21.12.2022 12:08,Chai Nat,department of rural roads,pedestrian,speeding,rear-end collision,0,1,0,clear,14.997663,99.97797,wide curve,no slope,2022-12-19T20:00:00Z
7479523,20.12.2022 03:40,23.12.2022 09:22,Phetchaburi,department of highways,large passenger vehicle,speeding,rollover/fallen on straight road,1,0,18,clear,13.1535036,99.8501027,straight road,no slope,2022-12-19T20:40:00Z
7559420,20.12.2022 04:15,13.01.2023 14:27,Samut Prakan,department of highways,passenger pickup truck,speeding,rear-end collision,2,0,2,clear,13.69845755,100.7325268,other,other,2022-12-19T21:15:00Z
7516982,20.12.2022 04:50,29.12.2022 08:52,Suphan Buri,department of highways,large truck with trailer,reversing vehicle,other,1,0,0,clear,14.44813376,100.1117805,other,other,2022-12-19T21:50:00Z
7479403,20.12.2022 06:22,23.12.2022 07:52,Samut Prakan,department of rural roads,private/passenger car,sudden stop,other,3,0,0,clear,13.667801,100.538277,straight road,slope area,2022-12-19T23:22:00Z
7541063,20.12.2022 06:50,3.01.2023 07:10,Chai Nat,department of highways,private/passenger car,falling asleep,rollover/fallen on straight road,1,0,3,clear,15.23365001,100.2026212,straight road,no slope,2022-12-19T23:50:00Z
7543607,20.12.2022 07:22,4.01.2023 00:11,Samut Prakan,expressway authority of thailand,other,other,rear-end collision,2,0,1,clear,13.594927,100.804283,straight road,other,2022-12-20T00:22:00Z
7558884,20.12.2022 07:45,13.01.2023 08:09,Suphan Buri,department of highways,motorcycle,cutting in closely by people/vehicles/animals,rear-end collision,2,0,4,clear,14.57489517,100.1500475,straight road,no slope,2022-12-20T00:45:00Z
7516974,20.12.2022 08:00,29.12.2022 08:50,Suphan Buri,department of highways,motorcycle,cutting in closely by people/vehicles/animals,rear-end collision,2,0,2,clear,14.76308555,100.0212425,other,other,2022-12-20T01:00:00Z
7478213,20.12.2022 08:20,22.12.2022 14:20,Sukhothai,department of highways,motorcycle,cutting in closely by people/vehicles/animals,rear-end collision,2,0,2,clear,17.10947569,99.81754444,connecting to private area,other,2022-12-20T01:20:00Z
7556100,20.12.2022 08:30,11.01.2023 10:19,Maha Sarakham,department of highways,private/passenger car,speeding,head-on collision (not overtaking),2,2,0,clear,15.51747275,103.3107895,straight road,no slope,2022-12-20T01:30:00Z
7541200,20.12.2022 09:40,3.01.2023 07:57,Samut Prakan,department of highways,4-wheel pickup truck,speeding,rear-end collision,5,0,0,clear,13.61239973,100.7565996,straight road,no slope,2022-12-20T02:40:00Z
7553542,20.12.2022 09:45,7.01.2023 11:15,Bangkok,department of highways,4-wheel pickup truck,speeding,rear-end collision,2,0,1,clear,13.67337167,100.6068747,straight road,no slope,2022-12-20T02:45:00Z
7480357,20.12.2022 10:00,23.12.2022 14:27,Si Sa Ket,department of highways,4-wheel pickup truck,speeding,rollover/fallen on straight road,1,0,2,clear,14.67477633,104.5913042,straight road,no slope,2022-12-20T03:00:00Z
7565253,20.12.2022 10:00,20.01.2023 09:39,buogkan,department of highways,4-wheel pickup truck,dangerous curve,rollover/fallen on curved road,1,0,0,clear,18.11215575,103.4235267,wide curve,no slope,2022-12-20T03:00:00Z
7557942,20.12.2022 10:10,12.01.2023 11:43,Nakhon Ratchasima,department of highways,4-wheel pickup truck,speeding,rear-end collision,2,0,2,clear,14.95265636,102.0267074,straight road,no slope,2022-12-20T03:10:00Z
7568115,20.12.2022 10:30,24.01.2023 09:44,Uttaradit,department of highways,4-wheel pickup truck,speeding,rollover/fallen on curved road,1,0,0,clear,17.46966894,100.2635734,wide curve,no slope,2022-12-20T03:30:00Z
7556336,20.12.2022 11:11,11.01.2023 12:23,Chiang Mai,department of highways,large truck with trailer,cutting in closely by people/vehicles/animals,head-on collision (not overtaking),2,0,2,clear,19.72814444,99.14036018,straight road,no slope,2022-12-20T04:11:00Z
7513771,20.12.2022 11:15,28.12.2022 06:19,Bangkok,department of highways,7-10-wheel truck,speeding,rear-end collision,2,0,0,clear,13.91270231,100.7011339,straight road,no slope,2022-12-20T04:15:00Z
7553685,20.12.2022 11:29,7.01.2023 12:50,Chon Buri,department of highways,4-wheel pickup truck,worn-out/tire blowout,rollover/fallen on straight road,1,0,0,clear,13.01095306,100.9961063,straight road,no slope,2022-12-20T04:29:00Z