acc_code,incident_datetime,report_datetime,province_en,agency,vehicle_type,presumed_cause,accident_type,number_of_vehicles_involved,number_of_fatalities,number_of_injuries,weather_condition,latitude,longitude,road_description,slope_description,incident_time
7511319,20.12.2022 12:30,27.12.2022 10:28,Kalasin,department of highways,4-wheel pickup truck,falling asleep,rollover/fallen on straight road,1,0,2,clear,16.38938811,103.348508,straight road,no slope,2022-12-20T05:30:00Z
7520278,20.12.2022 13:30,30.12.2022 06:03,Khon Kaen,department of highways,large truck with trailer,vehicle equipment failure,rollover/fallen on straight road,1,0,0,clear,16.4288558,102.7679184,straight road,no slope,2022-12-20T06:30:00Z
7478348,20.12.2022 13:44,22.12.2022 14:14,Sukhothai,department of highways,motorcycle,speeding,rear-end collision,2,0,1,clear,17.30737612,99.77178832,straight road,no slope,2022-12-20T06:44:00Z
7559428,20.12.2022 13:50,13.01.2023 14:31,Samut Prakan,department of highways,motorcycle,speeding,rear-end collision,2,1,0,clear,13.63898697,100.7018785,straight road,no slope,2022-12-20T06:50:00Z
7481071,20.12.2022 13:58,23.12.2022 14:12,Amnat Charoen,department of highways,other,speeding,rollover/fallen on straight road,1,0,0,clear,15.69510219,104.5060182,straight road,no slope,2022-12-20T06:58:00Z
7476811,20.12.2022 14:56,21.12.2022 11:57,Bangkok,department of highways,other,other,other,0,0,0,other,13.84953475,100.6383492,other,other,2022-12-20T07:56:00Z
7544092,20.12.2022 15:00,4.01.2023 08:04,Bangkok,department of highways,4-wheel pickup truck,speeding,rear-end collision,2,0,0,clear,13.73215537,100.7797284,straight road,no slope,2022-12-20T08:00:00Z
7513844,20.12.2022 15:30,28.12.2022 06:58,Bangkok,department of highways,large truck with trailer,speeding,rollover/fallen on straight road,1,0,0,clear,13.73170276,100.7044038,other,other,2022-12-20T08:30:00Z
7558998,20.12.2022 16:10,13.01.2023 09:05,Bangkok,department of highways,private/passenger car,speeding,rear-end collision,3,0,0,clear,13.77078052,100.5517106,straight road,no slope,2022-12-20T09:10:00Z
7564525,20.12.2022 16:20,19.01.2023 21:08,Trang,department of highways,private/passenger car,speeding,rollover/fallen on straight road,3,0,4,clear,7.927525484,99.59662486,straight road,no slope,2022-12-20T09:20:00Z
7544482,20.12.2022 16:58,4.01.2023 14:46,Bangkok,department of highways,private/passenger car,speeding,rear-end collision,4,0,2,clear,13.73194117,100.7099158,straight road,no slope,2022-12-20T09:58:00Z
7553492,20.12.2022 17:00,7.01.2023 10:55,Samut Sakhon,department of highways,private/passenger car,cutting in closely by people/vehicles/animals,rear-end collision,3,0,1,clear,13.53994794,100.2302892,straight road,no slope,2022-12-20T10:00:00Z
7513782,20.12.2022 18:40,28.12.2022 06:26,Bangkok,department of highways,4-wheel pickup truck,speeding,rollover/fallen on straight road,1,0,0,clear,13.9046925,100.6968655,straight road,no slope,2022-12-20T11:40:00Z
7476177,20.12.2022 19:19,21.12.2022 09:10,Bangkok,department of highways,private/passenger car,speeding,rear-end collision,4,0,0,clear,13.9160674,100.7027274,straight road,no slope,2022-12-20T12:19:00Z
7519414,20.12.2022 19:30,30.12.2022 00:12,Bangkok,expressway authority of thailand,other,other,side collision,2,0,0,clear,13.70057989,100.5197796,wide curve,other,2022-12-20T12:30:00Z
7478118,20.12.2022 20:00,22.12.2022 13:53,Ang Thong,department of highways,motorcycle,speeding,rear-end collision,2,0,1,clear,14.65823956,100.4114609,wide curve,no slope,2022-12-20T13:00:00Z
7567342,20.12.2022 20:16,23.01.2023 14:18,Sakon Nakhon,department of highways,4-wheel pickup truck,loss of control,rear-end collision,2,1,0,clear,17.44055033,103.5768539,straight road,no slope,2022-12-20T13:16:00Z
7559134,20.12.2022 20:35,13.01.2023 10:16,Chaiyaphum,department of highways,4-wheel pickup truck,other,rollover/fallen on straight road,1,0,0,clear,16.41258969,102.397078,straight road,no slope,2022-12-20T13:35:00Z
7541061,20.12.2022 21:37,3.01.2023 07:12,Chai Nat,department of highways,private/passenger car,speeding,rollover/fallen on straight road,1,0,0,clear,15.24213394,100.1024395,straight road,no slope,2022-12-20T14:37:00Z
7567379,20.12.2022 23:30,23.01.2023 14:39,Phrae,department of highways,4-wheel pickup truck,speeding,rollover/fallen on curved road,1,0,0,clear,18.30169941,100.2947366,wide curve,no slope,2022-12-20T16:30:00Z
7514517,20.12.2022 23:40,28.12.2022 09:46,Sukhothai,department of highways,motorcycle,speeding,other,1,0,1,clear,17.12711382,99.85057187,straight road,no slope,2022-12-20T16:40:00Z
7556594,20.12.2022 23:45,11.01.2023 14:07,Chiang Mai,department of highways,4-wheel pickup truck,speeding,rollover/fallen on curved road,1,0,1,clear,18.47016953,98.38959624,wide curve,no slope,2022-12-20T16:45:00Z
7553605,21.12.2022 00:10,7.01.2023 11:46,Loburi,department of highways,large truck with trailer,running red lights/traffic signals,collision at intersection corner,2,0,0,clear,15.07634251,100.8538552,other,other,2022-12-20T17:10:00Z
7516954,21.12.2022 00:30,29.12.2022 08:49,Suphan Buri,department of highways,7-10-wheel truck,running red lights/traffic signals,head-on collision (not overtaking),2,1,0,clear,14.83995719,99.68997627,other,other,2022-12-20T17:30:00Z
7554254,21.12.2022 00:30,9.01.2023 09:20,Samut Sakhon,department of highways,4-wheel pickup truck,speeding,rollover/fallen on straight road,1,0,1,clear,13.54198304,100.1677206,straight road,no slope,2022-12-20T17:30:00Z
7556097,21.12.2022 00:30,11.01.2023 10:17,Maha Sarakham,department of highways,private/passenger car,speeding,rollover/fallen on curved road,1,0,1,clear,16.14178173,103.0158122,wide curve,no slope,2022-12-20T17:30:00Z
7556333,21.12.2022 01:00,11.01.2023 12:19,Lampang,department of highways,large truck with trailer,speeding,rollover/fallen on curved road,1,0,0,clear,17.68318203,99.07659246,wide curve,slope area,2022-12-20T18:00:00Z
7478423,21.12.2022 01:33,22.12.2022 14:34,Bangkok,department of highways,private/passenger car,speeding,rear-end collision,3,0,0,clear,13.73612694,100.6729697,straight road,no slope,2022-12-20T18:33:00Z
7567394,21.12.2022 02:00,23.01.2023 14:47,Chiang Rai,department of highways,private/passenger car,speeding,rollover/fallen on curved road,1,0,0,clear,19.88053554,99.90635008,wide curve,no slope,2022-12-20T19:00:00Z
7511055,21.12.2022 03:30,27.12.2022 10:28,Kalasin,department of highways,private/passenger car,falling asleep,collision with obstruction (on road surface),1,0,0,clear,16.42456343,103.4834822,other,other,2022-12-20T20:30:00Z
7508301,21.12.2022 04:30,26.12.2022 09:43,Surat Thani,department of highways,private/passenger car,speeding,rollover/fallen on straight road,1,0,0,clear,9.102329316,99.31522054,straight road,no slope,2022-12-20T21:30:00Z
7555258,21.12.2022 04:40,10.01.2023 11:10,Si Sa Ket,department of highways,private/passenger car,speeding,rollover/fallen on straight road,1,0,2,clear,15.11060454,104.356792,straight road,no slope,2022-12-20T21:40:00Z
7478197,21.12.2022 05:00,22.12.2022 13:59,Ang Thong,department of highways,4-wheel pickup truck,speeding,rear-end collision,2,0,0,clear,14.5768901,100.4869196,other,other,2022-12-20T22:00:00Z
7514541,21.12.2022 05:10,28.12.2022 09:49,Kamphaeng Phet,department of highways,private/passenger car,speeding,rollover/fallen on straight road,1,0,0,clear,16.14334444,99.32735504,other,other,2022-12-20T22:10:00Z
7553414,21.12.2022 05:30,7.01.2023 10:18,Trat,department of highways,7-10-wheel truck,speeding,rollover/fallen on straight road,1,0,1,clear,12.17385363,102.6731157,straight road,no slope,2022-12-20T22:30:00Z
7555348,21.12.2022 05:30,10.01.2023 13:59,Si Sa Ket,department of highways,4-wheel pickup truck,speeding,rollover/fallen on straight road,1,0,0,clear,14.63983854,104.0940012,straight road,no slope,2022-12-20T22:30:00Z
7556534,21.12.2022 05:30,11.01.2023 13:47,Lampang,department of highways,7-10-wheel truck,speeding,rollover/fallen on straight road,1,0,0,clear,17.42093205,99.1573526,straight road,no slope,2022-12-20T22:30:00Z
7477183,21.12.2022 06:45,21.12.2022 15:46,Sukhothai,department of highways,motorcycle,speeding,rear-end collision,2,0,2,clear,17.16231513,99.86129701,straight road,no slope,2022-12-20T23:45:00Z
7554223,21.12.2022 07:10,9.01.2023 09:08,Chanthaburi,department of highways,4-wheel pickup truck,speeding,rollover/fallen on straight road,1,0,1,clear,12.73976204,102.2308262,straight road,no slope,2022-12-21T00:10:00Z
7551772,21.12.2022 07:42,5.01.2023 13:43,Chon Buri,department of highways,4-wheel pickup truck,speeding,rear-end collision,2,0,0,clear,12.94475297,100.9072646,straight road,no slope,2022-12-21T00:42:00Z
7555863,21.12.2022 08:30,11.01.2023 07:24,Tak,department of highways,van,falling asleep,rollover/fallen on straight road,1,0,5,clear,17.28546759,99.14153963,straight road,no slope,2022-12-21T01:30:00Z
7553495,21.12.2022 08:49,7.01.2023 10:59,Samut Sakhon,department of highways,private/passenger car,falling asleep,rear-end collision,2,0,2,clear,13.58961521,100.3292301,straight road,no slope,2022-12-21T01:49:00Z
7509573,21.12.2022 09:00,27.12.2022 07:17,Chon Buri,department of highways,7-10-wheel truck,overloaded vehicle,collision with obstruction (on road surface),1,0,1,clear,13.41981774,100.9974137,wide curve,no slope,2022-12-21T02:00:00Z
7559425,21.12.2022 09:00,13.01.2023 14:29,Samut Prakan,department of highways,motorcycle,cutting in closely by people/vehicles/animals,rear-end collision,2,0,1,clear,13.69880413,100.7326448,straight road,no slope,2022-12-21T02:00:00Z
7568100,21.12.2022 09:00,24.01.2023 09:39,Phitsanulok,department of highways,private/passenger car,falling asleep,rollover/fallen on curved road,1,0,1,clear,17.25503586,100.6211272,wide curve,no slope,2022-12-21T02:00:00Z
7567367,21.12.2022 09:35,23.01.2023 14:31,Chiang Rai,department of highways,large truck with trailer,speeding,rollover/fallen on curved road,1,0,1,clear,19.60321178,99.9879697,wide curve,no slope,2022-12-21T02:35:00Z
7543609,21.12.2022 09:47,4.01.2023 00:11,Samut Prakan,expressway authority of thailand,4-wheel pickup truck,other,rear-end collision,3,0,0,clear,13.632193,100.578315,straight road,other,2022-12-21T02:47:00Z
7479535,21.12.2022 11:00,23.12.2022 09:11,Prachuap Khiri Khan,department of highways,private/passenger car,speeding,rollover/fallen on straight road,1,0,0,clear,11.90887573,99.79721456,straight road,no slope,2022-12-21T04:00:00Z
7476851,21.12.2022 11:02,21.12.2022 11:03,Chon Buri,department of highways,other,other,other,0,0,0,other,12.671158,100.9070438,other,other,2022-12-21T04:02:00Z
7478126,21.12.2022 11:05,22.12.2022 13:57,Ang Thong,department of highways,van,speeding,rear-end collision,2,0,0,clear,14.67152167,100.4705071,straight road,no slope,2022-12-21T04:05:00Z
7476920,21.12.2022 11:21,21.12.2022 11:31,Bangkok,department of highways,other,other,other,0,0,0,other,13.8489624,100.6377826,other,other,2022-12-21T04:21:00Z
7557908,21.12.2022 11:30,12.01.2023 11:35,Prachin Buri,department of highways,4-wheel pickup truck,speeding,rollover/fallen on straight road,1,0,0,clear,13.93460606,101.5125494,straight road,no slope,2022-12-21T04:30:00Z
7568009,21.12.2022 11:30,24.01.2023 08:46,Phitsanulok,department of highways,private/passenger car,speeding,rollover/fallen on straight road,1,0,0,clear,16.56169038,100.4585512,straight road,no slope,2022-12-21T04:30:00Z
7476799,21.12.2022 11:55,21.12.2022 11:55,Bangkok,department of highways,other,other,other,0,0,0,other,13.84953475,100.6383492,other,other,2022-12-21T04:55:00Z
7512615,21.12.2022 12:00,27.12.2022 15:01,Samut Prakan,department of highways,large truck with trailer,speeding,rollover/fallen on straight road,1,0,0,clear,13.63825586,100.7030629,straight road,no slope,2022-12-21T05:00:00Z
7554425,21.12.2022 12:15,9.01.2023 11:21,Chiang Mai,department of highways,4-wheel pickup truck,speeding,head-on collision (not overtaking),4,0,1,clear,18.51851748,98.51642936,wide curve,slope area,2022-12-21T05:15:00Z
7557727,21.12.2022 12:56,12.01.2023 10:44,Buri Ram,department of highways,large truck with trailer,running red lights/traffic signals,rear-end collision,2,0,0,clear,14.42238183,103.0997412,other,other,2022-12-21T05:56:00Z
7568015,21.12.2022 13:25,24.01.2023 08:49,Phitsanulok,department of highways,motorcycle,cutting in closely by people/vehicles/animals,rear-end collision,2,0,1,clear,16.61427273,100.4484602,straight road,no slope,2022-12-21T06:25:00Z
7517947,21.12.2022 13:35,29.12.2022 11:08,Sukhothai,department of highways,motorized tricycle,speeding,rollover/fallen on straight road,1,0,1,clear,17.13043022,99.85033912,straight road,no slope,2022-12-21T06:35:00Z
7478087,21.12.2022 14:00,22.12.2022 13:23,Suphan Buri,department of highways,7-10-wheel truck,falling asleep,rollover/fallen on curved road,1,1,0,clear,14.73561259,99.5529475,wide curve,slope area,2022-12-21T07:00:00Z
7556523,21.12.2022 14:10,11.01.2023 13:45,Songkhla,department of highways,private/passenger car,speeding,rollover/fallen on straight road,2,0,1,other,7.085252627,100.5567442,straight road,no slope,2022-12-21T07:10:00Z
7509157,21.12.2022 14:47,26.12.2022 13:32,Surin,department of highways,private/passenger car,speeding,rollover/fallen on straight road,1,0,0,clear,15.35544583,103.3604082,straight road,no slope,2022-12-21T07:47:00Z
7557932,21.12.2022 14:50,12.01.2023 11:40,Nakhon Ratchasima,department of highways,4-wheel pickup truck,speeding,rear-end collision,2,0,3,clear,14.95958432,102.0541933,straight road,no slope,2022-12-21T07:50:00Z
7511122,21.12.2022 15:19,27.12.2022 10:27,Yasothon,department of highways,4-wheel pickup truck,speeding,collision with obstruction (on road surface),2,1,1,clear,15.78937098,104.242322,straight road,no slope,2022-12-21T08:19:00Z
7562682,21.12.2022 15:30,18.01.2023 10:27,Surat Thani,department of highways,4-wheel pickup truck,reversing vehicle,collision with obstruction (on road surface),3,0,3,clear,9.154108784,99.14855512,straight road,no slope,2022-12-21T08:30:00Z
7521157,21.12.2022 16:10,30.12.2022 09:06,Sing Buri,department of highways,van,falling asleep,rollover/fallen on straight road,1,0,4,clear,14.87156691,100.4376769,straight road,no slope,2022-12-21T09:10:00Z
7511424,21.12.2022 16:34,27.12.2022 11:10,Trat,department of highways,motorcycle,speeding,rear-end collision,2,0,4,clear,12.21106528,102.4930752,straight road,no slope,2022-12-21T09:34:00Z
7527403,21.12.2022 19:00,31.12.2022 10:59,Phra Nakhon Si Ayutthaya,department of highways,4-wheel pickup truck,falling asleep,rollover/fallen on straight road,1,0,0,clear,14.27241024,100.7977004,straight road,no slope,2022-12-21T12:00:00Z
7552633,21.12.2022 19:00,6.01.2023 11:05,Loei,department of highways,private/passenger car,speeding,rear-end collision,2,0,0,clear,17.38702321,101.7407218,straight road,no slope,2022-12-21T12:00:00Z
7566975,21.12.2022 19:00,23.01.2023 08:42,Tak,department of highways,4-wheel pickup truck,speeding,rollover/fallen on straight road,1,0,1,clear,16.46834063,98.69837978,straight road,no slope,2022-12-21T12:00:00Z
7557915,21.12.2022 19:05,12.01.2023 11:38,Nakhon Ratchasima,department of highways,large truck with trailer,speeding,head-on collision (not overtaking),2,0,2,clear,14.90689017,101.6840954,straight road,no slope,2022-12-21T12:05:00Z
7513941,21.12.2022 19:10,28.12.2022 09:29,Bangkok,department of highways,large truck with trailer,speeding,other,1,0,1,clear,13.7294501,100.7408501,wide curve,no slope,2022-12-21T12:10:00Z
7509094,21.12.2022 19:32,26.12.2022 14:29,Bangkok,department of highways,private/passenger car,speeding,rear-end collision,2,0,0,clear,13.72927412,100.7344846,straight road,no slope,2022-12-21T12:32:00Z
7519417,21.12.2022 19:32,30.12.2022 00:12,Bangkok,expressway authority of thailand,4-wheel pickup truck,other,rear-end collision,3,0,0,clear,13.812503,100.620838,straight road,other,2022-12-21T12:32:00Z
7568016,21.12.2022 21:24,24.01.2023 08:49,Ubon Ratchathani,department of highways,4-wheel pickup truck,failure to signal enter/exit parking,other,2,0,1,clear,14.71292221,105.3871867,straight road,no slope,2022-12-21T14:24:00Z
7478843,21.12.2022 21:40,22.12.2022 16:17,Suphan Buri,department of highways,private/passenger car,speeding,head-on collision (not overtaking),2,1,0,other,14.70329859,100.022196,straight road,no slope,2022-12-21T14:40:00Z
7514557,21.12.2022 22:00,28.12.2022 13:05,Phatthalung,department of highways,private/passenger car,speeding,rollover/fallen on straight road,1,0,0,clear,7.419848044,100.0739922,straight road,no slope,2022-12-21T15:00:00Z
7543608,21.12.2022 22:36,4.01.2023 00:11,Bangkok,expressway authority of thailand,4-wheel pickup truck,other,other,2,0,1,clear,13.769256,100.603785,grade-separated intersection/ramps,other,2022-12-21T15:36:00Z
7512721,21.12.2022 23:00,27.12.2022 15:34,Songkhla,department of highways,other,speeding,rollover/fallen on straight road,1,0,0,clear,6.987019163,100.4286446,other,other,2022-12-21T16:00:00Z
7521234,21.12.2022 23:46,30.12.2022 09:22,Ubon Ratchathani,department of highways,4-wheel pickup truck,speeding,rollover/fallen on straight road,1,0,0,clear,15.50269439,104.7355025,straight road,no slope,2022-12-21T16:46:00Z
7552903,22.12.2022 00:10,6.01.2023 15:47,Pattani,department of highways,4-wheel pickup truck,speeding,rollover/fallen on straight road,1,0,1,clear,6.736485923,101.1185825,straight road,no slope,2022-12-21T17:10:00Z
7552840,22.12.2022 00:20,6.01.2023 14:06,Pattani,department of highways,4-wheel pickup truck,speeding,rollover/fallen on straight road,1,0,2,clear,6.73761799,101.1218119,straight road,no slope,2022-12-21T17:20:00Z
7508797,22.12.2022 00:25,26.12.2022 13:39,Udon Thani,department of rural roads,tractor/agricultural vehicle,driving under the influence of alcohol,other,1,1,0,clear,16.961149,103.141918,sharp curve,no slope,2022-12-21T17:25:00Z
7553603,22.12.2022 00:30,7.01.2023 11:49,Loburi,department of highways,private/passenger car,falling asleep,rollover/fallen on straight road,1,0,1,clear,15.20966945,101.1150594,straight road,no slope,2022-12-21T17:30:00Z
7553524,22.12.2022 01:30,7.01.2023 11:10,Samut Sakhon,department of highways,4-wheel pickup truck,speeding,rollover/fallen on straight road,1,0,0,clear,13.5569791,100.2885541,straight road,no slope,2022-12-21T18:30:00Z
7558966,22.12.2022 02:14,13.01.2023 08:45,Bangkok,department of highways,private/passenger car,speeding,rear-end collision,2,0,0,clear,13.80877404,100.5597551,straight road,no slope,2022-12-21T19:14:00Z
7555428,22.12.2022 03:00,10.01.2023 15:37,Amnat Charoen,department of highways,private/passenger car,speeding,rollover/fallen on straight road,1,0,1,clear,15.86502637,104.6308507,straight road,no slope,2022-12-21T20:00:00Z
7569056,22.12.2022 04:30,25.01.2023 08:51,Udon Thani,department of highways,private/passenger car,speeding,rollover/fallen on straight road,1,0,1,clear,17.25880178,102.8874822,straight road,no slope,2022-12-21T21:30:00Z
7521209,22.12.2022 05:00,30.12.2022 09:19,Ubon Ratchathani,department of highways,other,speeding,rollover/fallen on straight road,1,0,0,clear,15.51835765,104.9677108,straight road,no slope,2022-12-21T22:00:00Z
7481601,22.12.2022 05:10,23.12.2022 14:08,Surat Thani,department of highways,4-wheel pickup truck,speeding,rollover/fallen on straight road,1,0,0,clear,9.094220684,99.16510837,straight road,no slope,2022-12-21T22:10:00Z
7553608,22.12.2022 05:30,7.01.2023 11:51,Saraburi,department of highways,private/passenger car,speeding,rollover/fallen on straight road,1,0,0,clear,14.46565086,100.9068509,straight road,no slope,2022-12-21T22:30:00Z
7564527,22.12.2022 07:15,19.01.2023 21:10,Trang,department of highways,private/passenger car,speeding,rear-end collision,2,1,0,clear,7.675757667,99.56696615,straight road,no slope,2022-12-22T00:15:00Z
7566937,22.12.2022 07:30,23.01.2023 07:26,Tak,department of highways,4-wheel pickup truck,speeding,rollover/fallen on straight road,1,0,0,clear,16.76211587,98.90858576,straight road,no slope,2022-12-22T00:30:00Z
7544425,22.12.2022 07:44,4.01.2023 14:12,Chon Buri,department of highways,large truck with trailer,brake/anti-lock brake system failure,rear-end collision,3,0,0,clear,13.10334737,100.9127592,straight road,no slope,2022-12-22T00:44:00Z
7477689,22.12.2022 07:47,22.12.2022 09:00,Pathum Thani,department of highways,private/passenger car,speeding,rear-end collision,3,0,0,clear,14.13633506,100.6665136,straight road,no slope,2022-12-22T00:47:00Z
7512848,22.12.2022 08:00,27.12.2022 14:41,Nakhon Nayok,department of highways,large truck with trailer,falling asleep,collision with obstruction (on road surface),2,0,1,clear,14.21864435,101.1585329,straight road,no slope,2022-12-22T01:00:00Z
7553569,22.12.2022 08:00,7.01.2023 11:22,Bangkok,department of highways,motorcycle,speeding,rear-end collision,2,0,1,clear,13.6839626,100.4855005,straight road,no slope,2022-12-22T01:00:00Z
7512960,22.12.2022 08:15,27.12.2022 14:53,Bangkok,department of highways,private/passenger car,speeding,rear-end collision,8,0,0,clear,13.91418117,100.7017028,straight road,no slope,2022-12-22T01:15:00Z
7554424,22.12.2022 08:15,9.01.2023 11:24,Phayao,department of highways,motorcycle,speeding,rear-end collision,2,0,2,clear,19.25094169,100.0472312,straight road,no slope,2022-12-22T01:15:00Z
7570829,22.12.2022 08:50,26.01.2023 08:54,Tak,department of highways,private/passenger car,failure to yield/signal,rear-end collision,3,0,2,clear,16.59246788,98.62311517,straight road,no slope,2022-12-22T01:50:00Z
7509937,22.12.2022 09:00,27.12.2022 08:53,Chon Buri,department of highways,4-wheel pickup truck,falling asleep,rollover/fallen on straight road,1,0,2,clear,13.16614401,101.1840943,straight road,no slope,2022-12-22T02:00:00Z
7477718,22.12.2022 09:03,22.12.2022 09:03,Khon Kaen,department of highways,other,other,other,0,0,0,other,15.9305725,102.6704807,other,other,2022-12-22T02:03:00Z
7513065,22.12.2022 09:12,27.12.2022 14:54,Sukhothai,department of highways,large truck with trailer,speeding,rollover/fallen on straight road,1,0,0,clear,17.2094524,99.69903728,straight road,no slope,2022-12-22T02:12:00Z
7510867,22.12.2022 09:35,27.12.2022 10:24,Trat,department of highways,6-wheel truck,falling asleep,rear-end collision,3,0,2,clear,12.26478077,102.5011071,straight road,no slope,2022-12-22T02:35:00Z
7551907,22.12.2022 09:50,5.01.2023 17:12,Samut Sakhon,department of highways,7-10-wheel truck,vehicle equipment failure,rollover/fallen on straight road,1,0,0,clear,13.48901577,100.1218528,straight road,no slope,2022-12-22T02:50:00Z
7567203,22.12.2022 09:54,23.01.2023 11:45,Yasothon,department of highways,4-wheel pickup truck,speeding,rear-end collision,2,0,2,clear,16.20045722,104.5400472,straight road,no slope,2022-12-22T02:54:00Z
7553837,22.12.2022 10:00,7.01.2023 16:05,Samut Prakan,department of highways,private/passenger car,speeding,other,1,0,0,clear,13.6553661,100.672617,other,other,2022-12-22T03:00:00Z
7518619,22.12.2022 10:20,29.12.2022 15:40,Pattani,department of highways,other,speeding,rollover/fallen on straight road,1,0,0,clear,6.854454378,101.2179583,wide curve,no slope,2022-12-22T03:20:00Z
7560559,22.12.2022 10:20,16.01.2023 08:53,Tak,department of highways,private/passenger car,speeding,rollover/fallen on curved road,1,0,0,clear,17.24371027,98.22542042,wide curve,no slope,2022-12-22T03:20:00Z
7567071,22.12.2022 10:30,23.01.2023 09:52,Phrae,department of highways,private/passenger car,cutting in closely by people/vehicles/animals,rear-end collision,2,0,1,clear,18.15872918,100.1758826,straight road,no slope,2022-12-22T03:30:00Z
7513073,22.12.2022 10:42,27.12.2022 14:55,Sukhothai,department of highways,4-wheel pickup truck,speeding,rear-end collision,2,0,1,clear,17.01216564,99.77120163,straight road,no slope,2022-12-22T03:42:00Z
7556546,22.12.2022 11:30,11.01.2023 13:50,Mae Hong Son,department of highways,private/passenger car,unfamiliarity with the route/unskilled driving,rollover/fallen on curved road,1,0,0,clear,19.43457161,97.99842551,other,other,2022-12-22T04:30:00Z
7555878,22.12.2022 11:40,11.01.2023 07:19,Tak,department of highways,4-wheel pickup truck,speeding,rollover/fallen on straight road,1,0,1,clear,16.91133499,99.12000686,straight road,no slope,2022-12-22T04:40:00Z
7566929,22.12.2022 11:55,23.01.2023 07:12,Chon Buri,department of highways,large truck with trailer,speeding,rear-end collision,4,0,0,clear,13.15215338,101.1632265,straight road,no slope,2022-12-22T04:55:00Z
7567005,22.12.2022 12:10,23.01.2023 09:02,Nan,department of highways,6-wheel truck,speeding,head-on collision (not overtaking),2,0,0,clear,18.75545549,100.7591853,straight road,no slope,2022-12-22T05:10:00Z
7566972,22.12.2022 12:30,23.01.2023 08:41,Phrae,department of highways,motorcycle,cutting in closely by people/vehicles/animals,rear-end collision,2,0,2,clear,18.18716189,100.1859596,straight road,no slope,2022-12-22T05:30:00Z
7554336,22.12.2022 14:00,9.01.2023 10:28,Pattani,department of highways,4-wheel pickup truck,speeding,rear-end collision,2,0,1,clear,6.740139162,101.1284329,straight road,no slope,2022-12-22T07:00:00Z
7568944,22.12.2022 14:00,25.01.2023 07:03,Chon Buri,department of highways,other,speeding,rollover/fallen on straight road,1,0,0,clear,12.96803601,100.9810748,straight road,no slope,2022-12-22T07:00:00Z
7481202,22.12.2022 15:15,23.12.2022 13:57,Chon Buri,department of highways,4-wheel pickup truck,speeding,rear-end collision,3,0,0,clear,13.43504094,101.0463554,straight road,no slope,2022-12-22T08:15:00Z
7507596,22.12.2022 15:15,26.12.2022 08:44,Kalasin,department of rural roads,private/passenger car,abrupt lane change,other,2,1,1,clear,16.491211,103.474341,straight road,no slope,2022-12-22T08:15:00Z
7554348,22.12.2022 15:30,9.01.2023 10:33,Pattani,department of highways,4-wheel pickup truck,speeding,rear-end collision,2,0,1,clear,6.737613995,101.1215021,straight road,no slope,2022-12-22T08:30:00Z
7508907,22.12.2022 15:50,26.12.2022 14:18,Chanthaburi,department of highways,7-10-wheel truck,falling asleep,rollover/fallen on straight road,1,0,1,clear,12.75032595,101.8720995,straight road,no slope,2022-12-22T08:50:00Z
7556528,22.12.2022 16:10,11.01.2023 13:46,Chiang Mai,department of highways,private/passenger car,speeding,rear-end collision,4,0,1,clear,18.87087389,99.13129418,straight road,no slope,2022-12-22T09:10:00Z
7516608,22.12.2022 16:27,29.12.2022 07:08,Uthai Thani,department of highways,4-wheel pickup truck,falling asleep,rollover/fallen on straight road,1,0,1,clear,15.63458819,99.69106123,straight road,no slope,2022-12-22T09:27:00Z
7513005,22.12.2022 16:46,27.12.2022 14:53,Sukhothai,department of highways,4-wheel pickup truck,speeding,rear-end collision,2,0,0,clear,17.34863769,99.82307757,straight road,no slope,2022-12-22T09:46:00Z
7543610,22.12.2022 18:04,4.01.2023 00:11,Samut Prakan,expressway authority of thailand,other,other,rear-end collision,2,0,0,clear,13.628094,100.721312,y-intersection,other,2022-12-22T11:04:00Z
7521751,22.12.2022 18:20,30.12.2022 11:24,Trat,department of highways,4-wheel pickup truck,reversing vehicle,collision with obstruction (on road surface),2,1,1,clear,12.21441251,102.3087819,straight road,no slope,2022-12-22T11:20:00Z
7480246,22.12.2022 18:30,23.12.2022 12:03,Nakhon Ratchasima,department of highways,6-wheel truck,speeding,rollover/fallen on straight road,1,0,1,clear,14.64244554,101.2832151,wide curve,no slope,2022-12-22T11:30:00Z
7553560,22.12.2022 18:30,7.01.2023 11:23,Bangkok,department of highways,motorcycle,speeding,rear-end collision,2,0,1,clear,13.6462517,100.4157723,straight road,no slope,2022-12-22T11:30:00Z
7568948,22.12.2022 18:38,25.01.2023 07:06,Bangkok,department of highways,4-wheel pickup truck,speeding,rear-end collision,2,0,1,clear,13.79024076,100.6832747,straight road,no slope,2022-12-22T11:38:00Z
7518139,22.12.2022 18:40,29.12.2022 14:12,Sakon Nakhon,department of highways,private/passenger car,speeding,collision with obstruction (on road surface),1,0,2,clear,17.85213869,103.5791565,other,other,2022-12-22T11:40:00Z
7556226,22.12.2022 19:30,11.01.2023 11:21,Roi Et,department of highways,motorcycle,speeding,rollover/fallen on straight road,1,1,0,clear,16.07903142,103.6168665,wide curve,no slope,2022-12-22T12:30:00Z