acc_code,incident_datetime,report_datetime,province_en,agency,vehicle_type,presumed_cause,accident_type,number_of_vehicles_involved,number_of_fatalities,number_of_injuries,weather_condition,latitude,longitude,road_description,slope_description,incident_time
7508795,22.12.2022 19:35,26.12.2022 13:39,Samut Prakan,department of rural roads,motorcycle,speeding,other,2,0,1,clear,13.660304,100.539304,straight road,slope area,2022-12-22T12:35:00Z
7555319,22.12.2022 20:30,10.01.2023 12:18,Bangkok,department of highways,motorcycle,speeding,rear-end collision,3,0,1,clear,13.82209383,100.5582798,straight road,no slope,2022-12-22T13:30:00Z
7556092,22.12.2022 20:40,11.01.2023 10:16,Maha Sarakham,department of highways,private/passenger car,speeding,pedestrian collision,1,1,0,clear,16.0563702,103.0375247,straight road,no slope,2022-12-22T13:40:00Z
7564174,22.12.2022 20:58,19.01.2023 11:03,Satun,department of highways,large truck with trailer,speeding,rollover/fallen on straight road,1,0,0,clear,7.054811456,99.74972956,straight road,no slope,2022-12-22T13:58:00Z
7556191,22.12.2022 21:00,11.01.2023 11:03,Roi Et,department of highways,4-wheel pickup truck,speeding,rear-end collision,2,0,2,clear,16.03830444,103.6445015,other,other,2022-12-22T14:00:00Z
7552704,22.12.2022 21:30,6.01.2023 11:50,Songkhla,department of highways,private/passenger car,other,other,1,0,1,clear,6.617954247,100.6937648,wide curve,slope area,2022-12-22T14:30:00Z
7511230,22.12.2022 22:45,27.12.2022 11:58,Sa Kaeo,department of highways,4-wheel pickup truck,speeding,rear-end collision,2,1,0,foggy,13.88865109,101.9973037,wide curve,slope area,2022-12-22T15:45:00Z
7513835,22.12.2022 22:45,28.12.2022 08:12,Bangkok,department of highways,4-wheel pickup truck,speeding,rear-end collision,2,0,1,clear,13.71187632,100.7002196,straight road,no slope,2022-12-22T15:45:00Z
7556014,22.12.2022 22:55,11.01.2023 09:48,Loburi,department of highways,4-wheel pickup truck,cutting in closely by people/vehicles/animals,rear-end collision,2,4,3,clear,14.86668268,100.9089895,straight road,no slope,2022-12-22T15:55:00Z
7513845,23.12.2022 00:00,28.12.2022 08:33,Bangkok,department of highways,private/passenger car,speeding,rollover/fallen on straight road,1,0,0,clear,13.731670190000001,100.7102551,straight road,no slope,2022-12-22T17:00:00Z
7551777,23.12.2022 00:25,5.01.2023 14:04,Samut Songkhram,department of highways,motorcycle,disabled vehicle without proper signals,collision with obstruction (on road surface),2,1,0,clear,13.42495733,100.0380245,straight road,no slope,2022-12-22T17:25:00Z
7514487,23.12.2022 00:48,28.12.2022 09:41,Bangkok,department of highways,4-wheel pickup truck,speeding,rear-end collision,2,0,0,clear,13.73221146,100.7833666,straight road,no slope,2022-12-22T17:48:00Z
7566973,23.12.2022 02:40,23.01.2023 08:41,Tak,department of highways,private/passenger car,falling asleep,rollover/fallen on straight road,1,0,0,clear,16.87592039,98.5767898,other,other,2022-12-22T19:40:00Z
7559475,23.12.2022 03:00,13.01.2023 15:43,Udon Thani,department of highways,large truck with trailer,speeding,rollover/fallen on straight road,1,0,1,clear,17.47287908,102.795712,straight road,no slope,2022-12-22T20:00:00Z
7567344,23.12.2022 03:00,23.01.2023 14:20,Sakon Nakhon,department of highways,private/passenger car,loss of control,rollover/fallen on straight road,1,0,0,clear,17.38677447,103.7302107,straight road,no slope,2022-12-22T20:00:00Z
7511026,23.12.2022 03:40,27.12.2022 10:23,Tak,department of highways,6-wheel truck,falling asleep,rollover/fallen on straight road,1,0,1,clear,17.14847561,99.12858322,wide curve,slope area,2022-12-22T20:40:00Z
7556088,23.12.2022 04:00,11.01.2023 10:16,Maha Sarakham,department of highways,private/passenger car,falling asleep,rollover/fallen on straight road,1,0,5,clear,16.05330028,102.9935096,straight road,no slope,2022-12-22T21:00:00Z
7567372,23.12.2022 04:00,23.01.2023 14:30,Nakhon Sawan,department of highways,large truck with trailer,falling asleep,rollover/fallen on straight road,1,0,0,clear,15.24080776,100.4819039,straight road,no slope,2022-12-22T21:00:00Z
7571057,23.12.2022 04:08,26.01.2023 10:42,Kalasin,department of highways,private/passenger car,speeding,rollover/fallen on straight road,1,0,0,clear,16.39237688,103.5361876,straight road,no slope,2022-12-22T21:08:00Z
7552817,23.12.2022 05:00,6.01.2023 13:33,Maha Sarakham,department of highways,private/passenger car,speeding,rollover/fallen on straight road,1,0,0,clear,16.04577737,102.8884743,straight road,no slope,2022-12-22T22:00:00Z
7568055,23.12.2022 07:00,24.01.2023 09:10,Samut Songkhram,department of highways,van,worn-out/tire blowout,rollover/fallen on straight road,1,0,3,clear,13.38050427,99.97051698,straight road,no slope,2022-12-23T00:00:00Z
7514275,23.12.2022 07:43,28.12.2022 09:40,Bangkok,department of highways,large truck with trailer,speeding,rear-end collision,2,0,2,clear,13.73244438,100.7860858,straight road,no slope,2022-12-23T00:43:00Z
7513895,23.12.2022 08:23,28.12.2022 08:36,Bangkok,department of highways,private/passenger car,speeding,rear-end collision,2,0,1,clear,13.73433304,100.6865846,straight road,no slope,2022-12-23T01:23:00Z
7514429,23.12.2022 09:16,28.12.2022 09:38,Bangkok,department of highways,private/passenger car,speeding,rollover/fallen on straight road,1,0,1,clear,13.71315575,100.8186004,straight road,no slope,2022-12-23T02:16:00Z
7556480,23.12.2022 09:30,11.01.2023 13:33,Lamphun,department of highways,6-wheel truck,speeding,rollover/fallen on curved road,1,0,1,foggy,17.76220606,98.99695247,wide curve,slope area,2022-12-23T02:30:00Z
7545268,23.12.2022 09:45,5.01.2023 06:50,Nakhon Si Thammarat,department of highways,4-wheel pickup truck,speeding,rollover/fallen on straight road,1,1,2,clear,8.360942549,100.0529151,straight road,no slope,2022-12-23T02:45:00Z
7566996,23.12.2022 10:10,23.01.2023 08:53,Loei,department of highways,private/passenger car,cutting in closely by people/vehicles/animals,head-on collision (not overtaking),2,0,5,clear,17.12136768,101.8594784,straight road,no slope,2022-12-23T03:10:00Z
7508780,23.12.2022 10:30,26.12.2022 13:14,Surin,department of highways,private/passenger car,speeding,head-on collision (not overtaking),2,0,2,clear,15.343901,103.5369948,straight road,no slope,2022-12-23T03:30:00Z
7568955,23.12.2022 10:45,25.01.2023 07:16,Tak,department of highways,private/passenger car,slippery road,rear-end collision,3,0,6,clear,16.91845098,99.30617362,straight road,no slope,2022-12-23T03:45:00Z
7513741,23.12.2022 11:04,28.12.2022 06:59,Chon Buri,department of highways,4-wheel pickup truck,speeding,rollover/fallen on straight road,1,0,0,clear,13.48415065,101.0464836,straight road,no slope,2022-12-23T04:04:00Z
7563174,23.12.2022 11:30,18.01.2023 14:56,Lamphun,department of highways,4-wheel pickup truck,unfamiliarity with the route/unskilled driving,collision with obstruction (on road surface),2,0,1,clear,18.41084201,98.84673495,straight road,no slope,2022-12-23T04:30:00Z
7553403,23.12.2022 11:46,7.01.2023 10:10,Rayong,department of highways,7-10-wheel truck,speeding,head-on collision (not overtaking),2,1,0,clear,13.05244762,101.2485518,straight road,no slope,2022-12-23T04:46:00Z
7553442,23.12.2022 12:00,7.01.2023 10:31,Chon Buri,department of highways,large truck with trailer,speeding,head-on collision (not overtaking),7,0,6,clear,13.40561929,101.0020767,straight road,no slope,2022-12-23T05:00:00Z
7544488,23.12.2022 12:12,4.01.2023 14:46,Bangkok,department of highways,private/passenger car,speeding,rear-end collision,3,0,1,clear,13.73278536,100.7005374,straight road,no slope,2022-12-23T05:12:00Z
7497953,23.12.2022 13:00,25.12.2022 12:27,Pathum Thani,department of highways,6-wheel truck,speeding,rollover/fallen on straight road,1,0,0,clear,14.14505697,100.6616227,straight road,no slope,2022-12-23T06:00:00Z
7497519,23.12.2022 13:45,25.12.2022 11:25,Bangkok,department of highways,7-10-wheel truck,speeding,rear-end collision,3,0,0,clear,13.71202615,100.7000385,straight road,no slope,2022-12-23T06:45:00Z
7556537,23.12.2022 13:45,11.01.2023 13:49,Mae Hong Son,department of highways,motorcycle,speeding,rear-end collision,2,0,2,clear,19.33323545,97.94998413,other,other,2022-12-23T06:45:00Z
7556549,23.12.2022 14:00,11.01.2023 13:53,Lamphun,department of highways,private/passenger car,speeding,rear-end collision,4,0,0,clear,18.54829458,99.05452645,straight road,no slope,2022-12-23T07:00:00Z
7508754,23.12.2022 14:19,26.12.2022 10:56,Phetchaburi,department of highways,4-wheel pickup truck,speeding,rear-end collision,2,1,3,clear,12.74888029,99.96075266,straight road,no slope,2022-12-23T07:19:00Z
7565652,23.12.2022 14:30,20.01.2023 13:54,Phangnga,department of highways,6-wheel truck,speeding,other,1,0,0,clear,8.870938819,98.36430117,straight road,no slope,2022-12-23T07:30:00Z
7567177,23.12.2022 15:00,23.01.2023 11:21,Phrae,department of highways,motorcycle,cutting in closely by people/vehicles/animals,collision at intersection corner,2,0,1,clear,18.08470651,99.83867392,other,other,2022-12-23T08:00:00Z
7497681,23.12.2022 15:33,25.12.2022 11:47,Bangkok,department of highways,4-wheel pickup truck,speeding,rear-end collision,3,0,0,clear,13.76440008,100.6946151,straight road,no slope,2022-12-23T08:33:00Z
7519420,23.12.2022 16:11,30.12.2022 00:12,Nonthaburi,expressway authority of thailand,other,other,other,1,0,0,clear,13.792983,100.478436,straight road,other,2022-12-23T09:11:00Z
7544080,23.12.2022 16:30,4.01.2023 07:34,Chon Buri,department of highways,private/passenger car,speeding,rear-end collision,3,0,0,clear,13.18980569,100.9983225,straight road,no slope,2022-12-23T09:30:00Z
7556188,23.12.2022 16:45,11.01.2023 11:03,Yasothon,department of highways,large truck with trailer,speeding,other,1,0,1,clear,15.84401785,104.4530347,wide curve,slope area,2022-12-23T09:45:00Z
7544079,23.12.2022 16:50,4.01.2023 07:33,Chon Buri,department of highways,private/passenger car,cutting in closely by people/vehicles/animals,rear-end collision,4,0,0,clear,13.18113017,100.9955281,straight road,no slope,2022-12-23T09:50:00Z
7513862,23.12.2022 17:00,28.12.2022 08:31,Pathum Thani,department of highways,7-10-wheel truck,speeding,rollover/fallen on straight road,1,0,0,clear,13.94034231,100.7100016,straight road,no slope,2022-12-23T10:00:00Z
7557940,23.12.2022 18:20,12.01.2023 11:43,Si Sa Ket,department of highways,motorcycle,speeding,rear-end collision,2,1,0,clear,15.03007906,104.3602032,straight road,no slope,2022-12-23T11:20:00Z
7508617,23.12.2022 18:41,26.12.2022 11:45,Samut Prakan,department of highways,private/passenger car,speeding,rear-end collision,3,0,0,clear,13.66694147,100.8486475,straight road,no slope,2022-12-23T11:41:00Z
7486763,23.12.2022 19:00,24.12.2022 13:41,Suphan Buri,department of highways,motorcycle,cutting in closely by people/vehicles/animals,rear-end collision,2,0,1,other,14.86778591,100.0005788,straight road,no slope,2022-12-23T12:00:00Z
7559890,23.12.2022 19:00,14.01.2023 09:38,Samut Sakhon,department of highways,private/passenger car,speeding,other,2,0,0,clear,13.59260685,100.3537636,straight road,no slope,2022-12-23T12:00:00Z
7567196,23.12.2022 19:00,23.01.2023 11:44,Mukdahan,department of highways,4-wheel pickup truck,speeding,rollover/fallen on straight road,1,0,1,clear,16.57429502,104.7164773,straight road,no slope,2022-12-23T12:00:00Z
7551908,23.12.2022 20:40,5.01.2023 17:20,Samut Sakhon,department of highways,4-wheel pickup truck,cutting in closely by people/vehicles/animals,rollover/fallen on straight road,1,0,0,clear,13.51545404,100.1565357,straight road,no slope,2022-12-23T13:40:00Z
7559309,23.12.2022 20:42,13.01.2023 12:30,Udon Thani,department of highways,private/passenger car,using mobile phone while driving,rollover/fallen on straight road,1,0,3,clear,17.68503657,102.4623048,straight road,no slope,2022-12-23T13:42:00Z
7512948,23.12.2022 20:45,27.12.2022 14:52,Sukhothai,department of highways,4-wheel pickup truck,cutting in closely by people/vehicles/animals,rear-end collision,2,0,1,clear,17.04701157,99.82182659,wide curve,no slope,2022-12-23T13:45:00Z
7555283,23.12.2022 21:00,10.01.2023 11:29,Phrae,department of highways,6-wheel truck,speeding,head-on collision (not overtaking),2,0,3,clear,17.98889352,99.903609,wide curve,slope area,2022-12-23T14:00:00Z
7551819,23.12.2022 21:11,5.01.2023 14:50,Chiang Mai,department of highways,4-wheel pickup truck,speeding,rollover/fallen on curved road,1,0,1,clear,19.09464159,99.17394012,wide curve,no slope,2022-12-23T14:11:00Z
7514339,23.12.2022 22:00,28.12.2022 09:36,Kamphaeng Phet,department of highways,private/passenger car,speeding,head-on collision (not overtaking),2,1,1,clear,16.37098742,99.58882749,straight road,no slope,2022-12-23T15:00:00Z
7568070,23.12.2022 22:00,24.01.2023 09:23,Phitsanulok,department of highways,large truck with trailer,inadequate visibility,rear-end collision,2,1,0,clear,16.83154396,100.36329,straight road,no slope,2022-12-23T15:00:00Z
7569507,23.12.2022 22:45,25.01.2023 13:46,Songkhla,department of highways,motorcycle,speeding,rear-end collision,2,1,0,clear,6.981862108,100.6746916,other,other,2022-12-23T15:45:00Z
7567205,23.12.2022 23:45,23.01.2023 11:47,Mukdahan,department of highways,private/passenger car,falling asleep,rollover/fallen on straight road,1,1,0,clear,16.52056777,104.3617889,straight road,no slope,2022-12-23T16:45:00Z
7566927,24.12.2022 00:53,23.01.2023 07:06,Chon Buri,department of highways,motorcycle,speeding,rollover/fallen on straight road,1,0,1,clear,13.42625997,101.1139845,straight road,no slope,2022-12-23T17:53:00Z
7534649,24.12.2022 01:00,1.01.2023 22:44,Chai Nat,department of highways,4-wheel pickup truck,speeding,rollover/fallen on straight road,1,0,0,clear,15.18920698,100.1302783,other,other,2022-12-23T18:00:00Z
7544076,24.12.2022 01:03,4.01.2023 07:31,Chon Buri,department of highways,4-wheel pickup truck,worn-out/tire blowout,rear-end collision,2,0,0,clear,13.2595827,100.9900242,straight road,no slope,2022-12-23T18:03:00Z
7514269,24.12.2022 01:30,28.12.2022 09:38,Kamphaeng Phet,department of highways,4-wheel pickup truck,speeding,rollover/fallen on straight road,1,0,1,clear,16.68093191,99.62141128,straight road,no slope,2022-12-23T18:30:00Z
7554672,24.12.2022 01:40,9.01.2023 13:59,Nakhon Si Thammarat,department of highways,4-wheel pickup truck,speeding,rollover/fallen on straight road,1,1,0,clear,8.447296713,99.87646016,straight road,no slope,2022-12-23T18:40:00Z
7543611,24.12.2022 02:42,4.01.2023 00:11,Samut Prakan,expressway authority of thailand,other,other,rollover/fallen on straight road,1,0,1,clear,13.623194,100.6033,straight road,other,2022-12-23T19:42:00Z
7543612,24.12.2022 03:29,4.01.2023 00:11,Samut Prakan,expressway authority of thailand,7-10-wheel truck,other,rear-end collision,2,0,1,clear,13.607045,100.626521,straight road,other,2022-12-23T20:29:00Z
7554390,24.12.2022 03:48,9.01.2023 10:57,Chachoengsao,department of highways,van,speeding,rear-end collision,2,0,0,clear,13.51455094,101.0297156,straight road,no slope,2022-12-23T20:48:00Z
7509936,24.12.2022 04:05,27.12.2022 10:04,Songkhla,department of rural roads,private/passenger car,speeding,other,1,1,0,clear,6.992538,100.44942,straight road,no slope,2022-12-23T21:05:00Z
7485229,24.12.2022 04:10,24.12.2022 10:41,Bangkok,department of highways,large truck with trailer,speeding,rear-end collision,2,0,1,clear,13.90047851,100.6949933,straight road,no slope,2022-12-23T21:10:00Z
7568036,24.12.2022 05:00,24.01.2023 09:02,Uttaradit,department of highways,van,falling asleep,rollover/fallen on straight road,1,0,1,clear,17.34433643,100.233656,straight road,no slope,2022-12-23T22:00:00Z
7527388,24.12.2022 05:04,31.12.2022 10:53,Phra Nakhon Si Ayutthaya,department of highways,motorcycle,speeding,rollover/fallen on straight road,1,0,1,clear,14.18318697,100.6247006,other,other,2022-12-23T22:04:00Z
7569088,24.12.2022 05:30,25.01.2023 09:06,Songkhla,department of highways,6-wheel truck,speeding,rollover/fallen on straight road,1,0,2,clear,6.983252041,100.668169,straight road,no slope,2022-12-23T22:30:00Z
7519424,24.12.2022 06:28,30.12.2022 00:12,Pathum Thani,expressway authority of thailand,other,other,other,1,0,0,clear,14.021093,100.576313,straight road,other,2022-12-23T23:28:00Z
7520799,24.12.2022 07:20,30.12.2022 07:45,Krabi,department of highways,large truck with trailer,falling asleep,rollover/fallen on straight road,1,0,0,clear,8.181860001,99.02761012,straight road,no slope,2022-12-24T00:20:00Z
7553691,24.12.2022 08:27,7.01.2023 12:57,Chon Buri,department of highways,large truck with trailer,cutting in closely by people/vehicles/animals,rear-end collision,3,0,2,clear,13.11555729,100.9723069,straight road,no slope,2022-12-24T01:27:00Z
7551768,24.12.2022 10:00,5.01.2023 13:07,Surat Thani,department of highways,large truck with trailer,speeding,rear-end collision,4,0,3,clear,9.567429778,99.1302824,other,other,2022-12-24T03:00:00Z
7567291,24.12.2022 10:00,23.01.2023 13:32,Phrae,department of highways,private/passenger car,cutting in closely by people/vehicles/animals,head-on collision (not overtaking),2,0,1,clear,18.05070291,99.7431685,connecting to private area,other,2022-12-24T03:00:00Z
7553437,24.12.2022 10:43,7.01.2023 10:29,Chon Buri,department of highways,4-wheel pickup truck,cutting in closely by people/vehicles/animals,rollover/fallen on straight road,2,0,0,clear,13.35068307,101.0100375,straight road,no slope,2022-12-24T03:43:00Z
7516841,24.12.2022 11:00,29.12.2022 08:41,Suphan Buri,department of highways,private/passenger car,speeding,head-on collision (not overtaking),2,1,1,clear,14.72905792,100.0313357,wide curve,no slope,2022-12-24T04:00:00Z
7516570,24.12.2022 11:30,29.12.2022 07:02,Uthai Thani,department of highways,6-wheel truck,speeding,rollover/fallen on straight road,1,0,0,clear,15.17777614,99.69742885,straight road,no slope,2022-12-24T04:30:00Z
7511372,24.12.2022 12:00,27.12.2022 09:38,Trat,department of highways,4-wheel pickup truck,speeding,rollover/fallen on straight road,1,1,0,clear,12.45702569,102.4922383,straight road,no slope,2022-12-24T05:00:00Z
7520688,24.12.2022 12:05,30.12.2022 07:23,Udon Thani,department of highways,4-wheel pickup truck,cutting in closely by people/vehicles/animals,rear-end collision,3,0,3,clear,17.55688988,103.2380172,straight road,no slope,2022-12-24T05:05:00Z
7560667,24.12.2022 12:30,16.01.2023 10:58,Maha Sarakham,department of highways,private/passenger car,speeding,rear-end collision,2,0,1,clear,15.78017944,103.0965199,wide curve,no slope,2022-12-24T05:30:00Z
7570812,24.12.2022 12:50,26.01.2023 08:49,Tak,department of highways,motorcycle,aggressive driving/overtaking,pedestrian collision,1,1,1,clear,16.55792164,98.6982719,straight road,no slope,2022-12-24T05:50:00Z
7566938,24.12.2022 13:00,23.01.2023 07:27,Sukhothai,department of highways,private/passenger car,speeding,rollover/fallen on curved road,1,0,0,clear,17.45903553,99.68065694,wide curve,no slope,2022-12-24T06:00:00Z
7514125,24.12.2022 13:08,28.12.2022 09:36,Samut Prakan,department of highways,private/passenger car,speeding,rear-end collision,2,0,0,clear,13.66792693,100.8471179,straight road,no slope,2022-12-24T06:08:00Z
7553477,24.12.2022 14:33,7.01.2023 10:52,Samut Sakhon,department of highways,4-wheel pickup truck,speeding,rear-end collision,2,0,0,clear,13.53129992,100.204606,straight road,no slope,2022-12-24T07:33:00Z
7514458,24.12.2022 15:00,28.12.2022 09:40,Bangkok,department of highways,4-wheel pickup truck,speeding,rear-end collision,2,0,0,clear,13.9109554,100.7003993,straight road,no slope,2022-12-24T08:00:00Z
7557865,24.12.2022 15:11,12.01.2023 11:15,Nakhon Ratchasima,department of highways,4-wheel pickup truck,brake/anti-lock brake system failure,rollover/fallen on straight road,1,0,0,clear,15.03076943,102.5617702,straight road,no slope,2022-12-24T08:11:00Z
7497796,24.12.2022 15:20,25.12.2022 11:56,Bangkok,department of highways,large truck with trailer,speeding,rear-end collision,2,0,1,clear,13.9119838,100.7009062,straight road,no slope,2022-12-24T08:20:00Z
7553886,24.12.2022 15:35,8.01.2023 00:14,Chachoengsao,department of highways,private/passenger car,speeding,rear-end collision,2,0,1,clear,13.51803535,101.0267914,straight road,no slope,2022-12-24T08:35:00Z
7512755,24.12.2022 15:40,27.12.2022 14:45,Phetchabun,department of highways,private/passenger car,speeding,rear-end collision,2,1,0,clear,16.53458441,101.1571607,straight road,no slope,2022-12-24T08:40:00Z
7555862,24.12.2022 15:50,11.01.2023 07:22,Sukhothai,department of highways,4-wheel pickup truck,speeding,rollover/fallen on straight road,1,0,1,clear,17.00604185,99.56884637,straight road,no slope,2022-12-24T08:50:00Z
7562937,24.12.2022 16:15,18.01.2023 13:24,Chaiyaphum,department of highways,private/passenger car,speeding,rollover/fallen on curved road,1,0,1,clear,16.68526368,101.6735382,wide curve,no slope,2022-12-24T09:15:00Z
7544077,24.12.2022 16:31,4.01.2023 07:30,Chon Buri,department of highways,4-wheel pickup truck,worn-out/tire blowout,rollover/fallen on straight road,1,0,0,clear,13.2749932,100.9903474,straight road,no slope,2022-12-24T09:31:00Z
7555476,24.12.2022 16:45,10.01.2023 17:07,Bangkok,department of highways,private/passenger car,speeding,rear-end collision,2,0,1,clear,13.83929487,100.5576454,straight road,no slope,2022-12-24T09:45:00Z
7557899,24.12.2022 17:00,12.01.2023 11:31,Nakhon Ratchasima,department of highways,private/passenger car,speeding,rollover/fallen on straight road,1,1,0,clear,14.53267565,101.9667152,straight road,no slope,2022-12-24T10:00:00Z
7568014,24.12.2022 18:10,24.01.2023 08:47,Ubon Ratchathani,department of highways,large truck with trailer,speeding,rollover/fallen on straight road,1,0,0,clear,15.23927961,105.0571235,straight road,no slope,2022-12-24T11:10:00Z
7516319,24.12.2022 18:20,29.12.2022 05:43,Phrae,department of rural roads,motorcycle,driving under the influence of alcohol,other,1,1,0,clear,18.317599,100.191057,straight road,no slope,2022-12-24T11:20:00Z
7567198,24.12.2022 19:00,23.01.2023 11:43,Mukdahan,department of highways,private/passenger car,reversing vehicle,collision with obstruction (on road surface),2,1,0,clear,16.50418485,104.6734421,straight road,no slope,2022-12-24T12:00:00Z
7509009,24.12.2022 19:30,26.12.2022 15:08,Udon Thani,department of highways,4-wheel pickup truck,มึนเมาจากแอลกอฮอล์,pedestrian collision,2,1,0,clear,17.68582544,103.2037901,straight road,no slope,2022-12-24T12:30:00Z
7555417,24.12.2022 21:00,10.01.2023 15:20,Amnat Charoen,department of highways,4-wheel pickup truck,speeding,rollover/fallen on straight road,1,0,1,clear,15.86647635,104.563951,straight road,no slope,2022-12-24T14:00:00Z
7497847,24.12.2022 21:15,25.12.2022 12:06,Bangkok,department of highways,4-wheel pickup truck,speeding,rollover/fallen on straight road,1,0,0,clear,13.73165847,100.7089314,other,other,2022-12-24T14:15:00Z
7544069,24.12.2022 22:22,4.01.2023 07:19,Chon Buri,department of highways,motorcycle,speeding,rear-end collision,3,1,2,clear,13.11130844,100.9512971,straight road,no slope,2022-12-24T15:22:00Z
7551750,24.12.2022 22:37,24.12.2022 22:37,Chon Buri,department of highways,other,speeding,rear-end collision,0,0,0,clear,12.95125873,100.9500644,straight road,no slope,2022-12-24T15:37:00Z
7553480,24.12.2022 22:50,7.01.2023 10:54,Samut Sakhon,department of highways,private/passenger car,speeding,rear-end collision,2,0,0,clear,13.53876424,100.2268104,straight road,no slope,2022-12-24T15:50:00Z
7516554,24.12.2022 23:00,29.12.2022 06:45,Ang Thong,department of highways,4-wheel pickup truck,speeding,rollover/fallen on straight road,1,0,1,clear,14.59592299,100.3437952,straight road,no slope,2022-12-24T16:00:00Z
7541184,24.12.2022 23:00,3.01.2023 07:54,Samut Prakan,department of highways,4-wheel pickup truck,speeding,rollover/fallen on straight road,1,0,0,other,13.60414364,100.6997354,other,other,2022-12-24T16:00:00Z
7513903,24.12.2022 23:41,28.12.2022 09:17,Bangkok,department of highways,motorcycle,speeding,rollover/fallen on straight road,1,0,1,clear,13.70640676,100.700005,straight road,no slope,2022-12-24T16:41:00Z
7519425,25.12.2022 00:00,30.12.2022 00:12,Bangkok,expressway authority of thailand,other,other,rear-end collision,4,0,2,clear,13.81012248,100.5497634,wide curve,other,2022-12-24T17:00:00Z
7551821,25.12.2022 00:30,5.01.2023 14:51,Chiang Mai,department of highways,private/passenger car,speeding,rollover/fallen on straight road,1,0,0,clear,18.75578185,99.06039342,straight road,no slope,2022-12-24T17:30:00Z
7567292,25.12.2022 00:34,23.01.2023 13:37,Yasothon,department of highways,private/passenger car,cutting in closely by people/vehicles/animals,other,2,1,0,clear,16.19652924,104.5282938,connecting to private area,other,2022-12-24T17:34:00Z
7571233,25.12.2022 00:50,26.01.2023 12:47,Nan,department of highways,4-wheel pickup truck,speeding,rollover/fallen on straight road,1,0,0,clear,19.24547743,100.7491177,straight road,no slope,2022-12-24T17:50:00Z
7550718,25.12.2022 01:00,5.01.2023 08:38,Surat Thani,department of highways,4-wheel pickup truck,speeding,collision with obstruction (on road surface),1,0,0,clear,9.106682474,99.30299386,other,other,2022-12-24T18:00:00Z
7559062,25.12.2022 01:05,13.01.2023 09:27,Bangkok,department of highways,motorcycle,speeding,rear-end collision,2,0,3,clear,13.67329419,100.4573719,straight road,no slope,2022-12-24T18:05:00Z
7556093,25.12.2022 01:30,11.01.2023 10:18,Maha Sarakham,department of highways,private/passenger car,speeding,rollover/fallen on straight road,1,0,0,clear,15.51439466,103.1416078,straight road,no slope,2022-12-24T18:30:00Z
7498210,25.12.2022 02:11,25.12.2022 12:50,Bangkok,department of highways,4-wheel pickup truck,speeding,rear-end collision,2,0,0,clear,13.81135377,100.6776971,straight road,no slope,2022-12-24T19:11:00Z
7527313,25.12.2022 02:40,31.12.2022 10:39,Nonthaburi,department of highways,private/passenger car,insufficient light,rollover/fallen on curved road,1,0,0,clear,13.93321039,100.4158983,wide curve,no slope,2022-12-24T19:40:00Z
7508758,25.12.2022 02:47,26.12.2022 11:09,Bangkok,department of highways,private/passenger car,speeding,rear-end collision,2,0,0,clear,13.73214312,100.7788187,straight road,no slope,2022-12-24T19:47:00Z
7568064,25.12.2022 03:00,24.01.2023 09:19,Sukhothai,department of highways,private/passenger car,speeding,rollover/fallen on straight road,1,0,0,clear,16.96767452,100.0476671,straight road,no slope,2022-12-24T20:00:00Z
7564521,25.12.2022 03:30,19.01.2023 21:04,Trang,department of highways,4-wheel pickup truck,falling asleep,rollover/fallen on straight road,1,0,0,clear,7.597683885,99.5934248,straight road,no slope,2022-12-24T20:30:00Z
7556977,25.12.2022 03:40,11.01.2023 16:53,Chachoengsao,department of highways,private/passenger car,speeding,rollover/fallen on straight road,1,0,0,clear,13.59462562,100.9611391,straight road,no slope,2022-12-24T20:40:00Z
7510560,25.12.2022 04:00,27.12.2022 10:22,Kalasin,department of highways,large truck with trailer,vehicle equipment failure,other,1,0,0,clear,16.66014219,103.1782615,straight road,no slope,2022-12-24T21:00:00Z
7556189,25.12.2022 04:00,11.01.2023 11:01,Roi Et,department of highways,4-wheel pickup truck,speeding,rollover/fallen on straight road,1,0,1,clear,16.03820339,103.6448087,other,other,2022-12-24T21:00:00Z
7558204,25.12.2022 04:30,12.01.2023 14:08,Songkhla,department of highways,private/passenger car,speeding,rollover/fallen on straight road,1,0,1,clear,6.601974955,100.4173525,straight road,no slope,2022-12-24T21:30:00Z
7514685,25.12.2022 05:00,28.12.2022 13:07,Phatthalung,department of highways,large truck with trailer,falling asleep,rollover/fallen on straight road,1,0,0,clear,7.368549131,100.1213747,straight road,no slope,2022-12-24T22:00:00Z
7553449,25.12.2022 05:40,7.01.2023 10:37,Chachoengsao,department of highways,private/passenger car,speeding,rollover/fallen on straight road,2,0,4,clear,13.75557356,101.348716,other,other,2022-12-24T22:40:00Z
7514015,25.12.2022 05:59,28.12.2022 09:20,Bangkok,department of highways,4-wheel pickup truck,speeding,rollover/fallen on straight road,1,0,0,clear,13.77416149,100.6890656,straight road,no slope,2022-12-24T22:59:00Z