acc_code,incident_datetime,report_datetime,province_en,agency,vehicle_type,presumed_cause,accident_type,number_of_vehicles_involved,number_of_fatalities,number_of_injuries,weather_condition,latitude,longitude,road_description,slope_description,incident_time
7511427,25.12.2022 06:00,27.12.2022 10:11,Nong Bua Lam Phu,department of highways,4-wheel pickup truck,speeding,rollover/fallen on straight road,1,0,1,clear,16.83396044,102.61529,straight road,no slope,2022-12-24T23:00:00Z
7553419,25.12.2022 06:30,7.01.2023 10:16,Trat,department of highways,4-wheel pickup truck,speeding,rollover/fallen on straight road,1,0,0,clear,12.12618362,102.5504792,straight road,no slope,2022-12-24T23:30:00Z
7571120,25.12.2022 07:00,26.01.2023 11:27,Kalasin,department of highways,4-wheel pickup truck,speeding,rollover/fallen on straight road,1,0,1,clear,16.91120411,103.1720495,straight road,no slope,2022-12-25T00:00:00Z
7543613,25.12.2022 07:17,4.01.2023 00:11,Bangkok,expressway authority of thailand,other,other,side collision,5,0,4,clear,13.788773,100.609627,straight road,other,2022-12-25T00:17:00Z
7513928,25.12.2022 07:18,28.12.2022 09:26,Bangkok,department of highways,4-wheel pickup truck,speeding,rear-end collision,2,0,0,clear,13.68283978,100.6992808,straight road,no slope,2022-12-25T00:18:00Z
7568027,25.12.2022 08:00,24.01.2023 08:50,Uttaradit,department of highways,4-wheel pickup truck,falling asleep,rollover/fallen on straight road,1,0,0,clear,17.34213972,100.2330713,straight road,no slope,2022-12-25T01:00:00Z
7551448,25.12.2022 08:40,5.01.2023 12:59,Udon Thani,department of highways,6-wheel truck,speeding,rollover/fallen on straight road,1,0,1,clear,17.32672256,103.1105256,straight road,no slope,2022-12-25T01:40:00Z
7561523,25.12.2022 08:40,17.01.2023 10:14,Tak,department of highways,6-wheel truck,speeding,other,1,0,0,clear,16.76585943,98.67979833,wide curve,no slope,2022-12-25T01:40:00Z
7556920,25.12.2022 09:58,11.01.2023 16:16,Si Sa Ket,department of highways,motorcycle,speeding,rollover/fallen on straight road,1,1,0,clear,14.94692837,104.3938655,straight road,no slope,2022-12-25T02:58:00Z
7498332,25.12.2022 10:40,25.12.2022 13:04,Pathum Thani,department of highways,private/passenger car,speeding,rear-end collision,2,0,0,clear,13.93770003,100.7093525,straight road,no slope,2022-12-25T03:40:00Z
7568077,25.12.2022 10:56,24.01.2023 09:26,Uttaradit,department of highways,4-wheel pickup truck,speeding,rollover/fallen on straight road,1,0,0,clear,17.59982153,100.0450189,other,other,2022-12-25T03:56:00Z
7518036,25.12.2022 11:00,29.12.2022 14:10,Sakon Nakhon,department of highways,4-wheel pickup truck,falling asleep,rollover/fallen on straight road,1,0,1,clear,17.78612052,103.3883547,straight road,no slope,2022-12-25T04:00:00Z
7558957,25.12.2022 11:00,13.01.2023 08:41,Bangkok,department of highways,private/passenger car,speeding,rear-end collision,2,0,0,clear,13.83898235,100.5575489,straight road,no slope,2022-12-25T04:00:00Z
7514609,25.12.2022 11:55,28.12.2022 13:42,Phrae,department of rural roads,6-wheel truck,ignoring stop sign while leaving intersection,other,2,1,1,clear,18.023563,100.058663,t-intersection,other,2022-12-25T04:55:00Z
7521801,25.12.2022 12:40,30.12.2022 11:39,Saraburi,department of highways,large truck with trailer,falling asleep,rollover/fallen on straight road,1,0,0,clear,14.47762708,100.9112244,straight road,no slope,2022-12-25T05:40:00Z
7519430,25.12.2022 12:53,30.12.2022 00:12,Chachoengsao,expressway authority of thailand,other,other,rear-end collision,3,0,0,clear,13.473548,100.999184,straight road,other,2022-12-25T05:53:00Z
7516481,25.12.2022 13:30,29.12.2022 06:47,Ang Thong,department of highways,4-wheel pickup truck,worn-out/tire blowout,rear-end collision,2,0,0,clear,14.58538623,100.4806861,straight road,no slope,2022-12-25T06:30:00Z
7511856,25.12.2022 14:00,27.12.2022 11:33,Surat Thani,department of highways,4-wheel pickup truck,speeding,rollover/fallen on straight road,1,0,2,clear,9.579458235,99.12909645,straight road,no slope,2022-12-25T07:00:00Z
7570783,25.12.2022 14:00,26.01.2023 07:26,Tak,department of highways,4-wheel pickup truck,falling asleep,rollover/fallen on straight road,1,1,0,clear,16.53469112,98.70230377,straight road,no slope,2022-12-25T07:00:00Z
7543614,25.12.2022 16:11,4.01.2023 00:11,Samut Prakan,expressway authority of thailand,other,other,rear-end collision,4,0,2,clear,13.63362,100.674563,straight road,other,2022-12-25T09:11:00Z
7553503,25.12.2022 16:50,7.01.2023 11:04,Samut Sakhon,department of highways,large truck with trailer,speeding,rear-end collision,3,0,4,clear,13.49032241,100.1222908,straight road,no slope,2022-12-25T09:50:00Z
7569239,25.12.2022 18:20,25.01.2023 10:32,Maha Sarakham,department of highways,private/passenger car,speeding,rollover/fallen on curved road,1,0,0,clear,16.15571607,103.3702031,wide curve,no slope,2022-12-25T11:20:00Z
7563922,25.12.2022 18:26,19.01.2023 08:56,Chiang Mai,department of highways,motorcycle,speeding,head-on collision (not overtaking),2,0,1,clear,19.29104034,99.18814834,straight road,no slope,2022-12-25T11:26:00Z
7521523,25.12.2022 18:27,30.12.2022 10:28,Surin,department of highways,4-wheel pickup truck,speeding,pedestrian collision,1,1,0,clear,14.99353031,103.8962929,straight road,no slope,2022-12-25T11:27:00Z
7566977,25.12.2022 18:30,23.01.2023 08:43,Phrae,department of highways,private/passenger car,speeding,rollover/fallen on straight road,1,0,1,clear,18.20949426,100.1992621,wide curve,no slope,2022-12-25T11:30:00Z
7515875,25.12.2022 18:50,27.12.2022 10:02,Nakhon Ratchasima,department of rural roads,private/passenger car,illegal overtaking,other,5,3,3,clear,14.417272,102.288675,straight road,no slope,2022-12-25T11:50:00Z
7553602,25.12.2022 19:00,7.01.2023 11:49,Loburi,department of highways,private/passenger car,vehicle equipment failure,rear-end collision,2,0,0,clear,15.01153885,100.9429179,straight road,no slope,2022-12-25T12:00:00Z
7567272,25.12.2022 19:00,23.01.2023 13:17,Chon Buri,department of highways,private/passenger car,speeding,rollover/fallen on straight road,1,0,1,clear,13.11955163,101.0294894,straight road,no slope,2022-12-25T12:00:00Z
7567294,25.12.2022 19:30,23.01.2023 13:38,Mukdahan,department of highways,large truck with trailer,speeding,rollover/fallen on straight road,1,0,0,clear,16.4839225,104.6610358,straight road,no slope,2022-12-25T12:30:00Z
7571104,25.12.2022 19:30,26.01.2023 11:12,Mukdahan,department of highways,private/passenger car,speeding,collision with obstruction (on road surface),1,0,0,clear,16.47477198,104.3529403,other,other,2022-12-25T12:30:00Z
7567214,25.12.2022 19:45,23.01.2023 11:54,Mukdahan,department of highways,4-wheel pickup truck,speeding,pedestrian collision,1,1,0,clear,16.57262553,104.6050318,straight road,no slope,2022-12-25T12:45:00Z
7566971,25.12.2022 20:42,23.01.2023 08:39,Phrae,department of highways,4-wheel pickup truck,cutting in closely by people/vehicles/animals,head-on collision (not overtaking),2,0,2,clear,17.97265594,100.0753467,straight road,no slope,2022-12-25T13:42:00Z
7508085,25.12.2022 20:45,26.12.2022 09:23,Bangkok,department of highways,4-wheel pickup truck,speeding,rollover/fallen on straight road,1,0,0,clear,13.7316741,100.7088241,straight road,no slope,2022-12-25T13:45:00Z
7508100,25.12.2022 20:45,26.12.2022 09:23,Bangkok,department of highways,4-wheel pickup truck,speeding,rollover/fallen on straight road,1,0,0,clear,13.7316741,100.7088241,straight road,no slope,2022-12-25T13:45:00Z
7513867,25.12.2022 21:11,27.12.2022 11:18,Tak,department of rural roads,tractor/agricultural vehicle,falling asleep,other,1,0,2,clear,16.712654,98.539923,straight road,no slope,2022-12-25T14:11:00Z
7544492,25.12.2022 22:00,4.01.2023 14:45,Bangkok,department of highways,4-wheel pickup truck,speeding,rollover/fallen on straight road,1,0,0,clear,13.73171449,100.7083735,straight road,no slope,2022-12-25T15:00:00Z
7565294,25.12.2022 22:00,20.01.2023 09:52,Chanthaburi,department of highways,private/passenger car,speeding,rollover/fallen on straight road,1,0,4,clear,12.52288024,102.1426485,straight road,no slope,2022-12-25T15:00:00Z
7527443,25.12.2022 23:18,31.12.2022 11:00,Nakhon Sawan,department of highways,4-wheel pickup truck,loss of control,rollover/fallen on straight road,1,0,2,clear,15.26459734,100.3422514,connecting to school area,other,2022-12-25T16:18:00Z
7556225,25.12.2022 23:40,11.01.2023 11:23,Yasothon,department of highways,4-wheel pickup truck,speeding,rollover/fallen on straight road,1,0,0,clear,15.72060524,104.2435379,straight road,no slope,2022-12-25T16:40:00Z
7564441,26.12.2022 00:01,19.01.2023 14:57,Phayao,department of highways,private/passenger car,cutting in closely by people/vehicles/animals,rear-end collision,2,0,5,clear,19.15509429,99.94871423,other,other,2022-12-25T17:01:00Z
7567256,26.12.2022 00:30,23.01.2023 13:03,Chon Buri,department of highways,private/passenger car,speeding,rollover/fallen on straight road,1,0,0,clear,13.0178244,100.9318055,straight road,no slope,2022-12-25T17:30:00Z
7554315,26.12.2022 00:45,9.01.2023 10:06,Suphan Buri,department of highways,4-wheel pickup truck,falling asleep,rear-end collision,2,0,3,clear,14.68303039,100.1107505,straight road,no slope,2022-12-25T17:45:00Z
7563035,26.12.2022 00:45,18.01.2023 13:54,Chumphon,department of highways,4-wheel pickup truck,speeding,rollover/fallen on straight road,1,0,0,clear,10.59509053,99.12482813,straight road,no slope,2022-12-25T17:45:00Z
7516320,26.12.2022 02:00,29.12.2022 05:43,Phrae,department of rural roads,passenger pickup truck,falling asleep,other,1,0,2,clear,18.090608,100.186248,straight road,no slope,2022-12-25T19:00:00Z
7561323,26.12.2022 02:30,17.01.2023 08:41,Nakhon Ratchasima,department of rural roads,private/passenger car,falling asleep,other,1,0,1,clear,14.524382,102.19677,straight road,no slope,2022-12-25T19:30:00Z
7545133,26.12.2022 03:30,5.01.2023 05:55,Ubon Ratchathani,department of highways,private/passenger car,speeding,rollover/fallen on straight road,1,0,1,clear,15.62685593,104.9939829,straight road,no slope,2022-12-25T20:30:00Z
7551785,26.12.2022 04:40,5.01.2023 14:24,Yasothon,department of highways,motorcycle,speeding,rear-end collision,2,1,2,clear,15.82819702,104.3667791,straight road,no slope,2022-12-25T21:40:00Z
7555401,26.12.2022 05:20,10.01.2023 15:04,Prachuap Khiri Khan,department of highways,4-wheel pickup truck,falling asleep,rollover/fallen on straight road,1,0,1,clear,12.43584969,99.91238236,straight road,no slope,2022-12-25T22:20:00Z
7520595,26.12.2022 05:30,30.12.2022 07:04,Udon Thani,department of highways,4-wheel pickup truck,falling asleep,rollover/fallen on curved road,1,0,1,clear,17.67736711,102.9243796,wide curve,slope area,2022-12-25T22:30:00Z
7553426,26.12.2022 05:30,7.01.2023 10:20,Trat,department of highways,motorized tricycle,speeding,collision with obstruction (on road surface),2,2,0,clear,12.5537624,102.4102539,straight road,no slope,2022-12-25T22:30:00Z
7567067,26.12.2022 06:00,23.01.2023 09:50,Phrae,department of highways,4-wheel pickup truck,speeding,collision with obstruction (on road surface),3,0,1,clear,18.13436389,100.168815,wide curve,no slope,2022-12-25T23:00:00Z
7568122,26.12.2022 07:00,24.01.2023 09:48,Phitsanulok,department of highways,van,vehicle equipment failure,rollover/fallen on straight road,1,1,8,clear,17.14779887,100.3241635,straight road,no slope,2022-12-26T00:00:00Z
7555877,26.12.2022 07:20,11.01.2023 07:18,Tak,department of highways,private/passenger car,falling asleep,rear-end collision,3,0,2,clear,16.88000888,99.15095793,straight road,no slope,2022-12-26T00:20:00Z
7514180,26.12.2022 07:29,28.12.2022 09:31,Bangkok,department of highways,private/passenger car,falling asleep,rollover/fallen on straight road,1,0,1,clear,13.73272074,100.7888009,straight road,no slope,2022-12-26T00:29:00Z
7520779,26.12.2022 07:45,30.12.2022 07:40,Phangnga,department of highways,private/passenger car,speeding,rollover/fallen on straight road,1,0,0,clear,8.611842319,98.24311361,straight road,no slope,2022-12-26T00:45:00Z
7508796,26.12.2022 08:00,26.12.2022 13:39,Bangkok,department of rural roads,private/passenger car,tailgating,other,3,0,0,clear,13.671508,100.538533,straight road,slope area,2022-12-26T01:00:00Z
7567161,26.12.2022 08:00,23.01.2023 11:11,Phrae,department of highways,motorcycle,speeding,rear-end collision,2,0,1,clear,18.08967454,99.84475315,straight road,no slope,2022-12-26T01:00:00Z
7541013,26.12.2022 08:30,3.01.2023 06:56,Sing Buri,department of highways,private/passenger car,cutting in closely by people/vehicles/animals,rear-end collision,2,0,1,clear,14.85487403,100.3888097,other,other,2022-12-26T01:30:00Z
7557733,26.12.2022 08:30,12.01.2023 10:42,Prachin Buri,department of highways,bicycle,reversing vehicle,collision with obstruction (on road surface),2,0,1,clear,14.07510486,101.8158978,straight road,no slope,2022-12-26T01:30:00Z
7545264,26.12.2022 09:03,5.01.2023 06:47,Nakhon Si Thammarat,department of highways,private/passenger car,speeding,other,1,0,0,clear,8.652148041,99.92871619,other,other,2022-12-26T02:03:00Z
7527381,26.12.2022 10:20,31.12.2022 10:54,Phra Nakhon Si Ayutthaya,department of highways,4-wheel pickup truck,worn-out/tire blowout,rollover/fallen on straight road,1,0,2,clear,14.20373348,100.663193,straight road,no slope,2022-12-26T03:20:00Z
7553606,26.12.2022 10:20,7.01.2023 11:48,Loburi,department of highways,4-wheel pickup truck,cutting in closely by people/vehicles/animals,rollover/fallen on curved road,3,0,0,clear,15.25918604,101.0175557,wide curve,no slope,2022-12-26T03:20:00Z
7558811,26.12.2022 10:20,13.01.2023 07:04,Saraburi,department of highways,large truck with trailer,unfamiliarity with the route/unskilled driving,other,1,0,0,clear,14.68837394,100.895129,straight road,no slope,2022-12-26T03:20:00Z
7511310,26.12.2022 10:40,27.12.2022 09:03,Bangkok,department of highways,4-wheel pickup truck,speeding,rear-end collision,4,0,1,clear,13.85076542,100.6729254,straight road,no slope,2022-12-26T03:40:00Z
7512937,26.12.2022 11:30,27.12.2022 14:51,Sukhothai,department of highways,other,speeding,rear-end collision,2,0,1,clear,17.073215480000002,99.83933508,other,other,2022-12-26T04:30:00Z
7557831,26.12.2022 13:07,12.01.2023 11:05,Nakhon Pathom,department of highways,4-wheel pickup truck,speeding,rollover/fallen on straight road,1,0,1,clear,13.77763012,100.091629,straight road,no slope,2022-12-26T06:07:00Z
7516576,26.12.2022 13:30,29.12.2022 07:06,Uthai Thani,department of highways,private/passenger car,vehicle equipment failure,rollover/fallen on straight road,1,0,1,clear,15.53723728,99.59146548,other,other,2022-12-26T06:30:00Z
7556509,26.12.2022 13:38,11.01.2023 13:40,Lamphun,department of highways,4-wheel pickup truck,dangerous curve,rollover/fallen on curved road,1,0,0,clear,18.13357062,98.87598015,wide curve,no slope,2022-12-26T06:38:00Z
7509059,26.12.2022 13:58,26.12.2022 15:14,Samut Prakan,department of highways,4-wheel pickup truck,speeding,rear-end collision,2,0,0,clear,13.66546342,100.8509417,straight road,no slope,2022-12-26T06:58:00Z
7567027,26.12.2022 14:59,23.01.2023 09:21,Roi Et,department of highways,4-wheel pickup truck,speeding,rollover/fallen on straight road,1,0,1,clear,15.64049155,103.7058552,straight road,no slope,2022-12-26T07:59:00Z
7541028,26.12.2022 15:00,3.01.2023 07:02,Kanchanaburi,department of highways,4-wheel pickup truck,unfamiliarity with the route/unskilled driving,rollover/fallen on straight road,1,0,1,clear,13.98143131,99.60332088,straight road,no slope,2022-12-26T08:00:00Z
7513338,26.12.2022 15:15,27.12.2022 20:00,Samut Prakan,department of highways,4-wheel pickup truck,speeding,rollover/fallen on straight road,1,0,0,clear,13.65048167,100.6877151,straight road,no slope,2022-12-26T08:15:00Z
7509978,26.12.2022 15:30,27.12.2022 10:04,Chiang Mai,department of rural roads,4-wheel pickup truck,speeding,other,2,2,3,clear,18.587181,98.83898,straight road,no slope,2022-12-26T08:30:00Z
7512493,26.12.2022 15:30,27.12.2022 14:54,Kamphaeng Phet,department of highways,4-wheel pickup truck,falling asleep,rollover/fallen on straight road,1,0,0,clear,16.58930151,99.42895442,straight road,no slope,2022-12-26T08:30:00Z
7514576,26.12.2022 15:50,28.12.2022 09:54,Tak,department of highways,4-wheel pickup truck,speeding,head-on collision (not overtaking),2,0,3,clear,17.04371427,98.58726516,sharp curve,slope area,2022-12-26T08:50:00Z
7553478,26.12.2022 16:10,7.01.2023 10:53,Samut Sakhon,department of highways,4-wheel pickup truck,speeding,rollover/fallen on straight road,1,0,0,clear,13.52307552,100.1802339,straight road,no slope,2022-12-26T09:10:00Z
7558995,26.12.2022 16:30,13.01.2023 09:03,Bangkok,department of highways,private/passenger car,speeding,rear-end collision,2,0,0,clear,13.84674064,100.5611008,straight road,no slope,2022-12-26T09:30:00Z
7560518,26.12.2022 17:00,16.01.2023 06:42,Loburi,department of highways,large truck with trailer,speeding,rollover/fallen on straight road,3,0,2,clear,14.8052078,100.9117753,straight road,no slope,2022-12-26T10:00:00Z
7514931,26.12.2022 17:45,28.12.2022 14:15,Kanchanaburi,department of highways,4-wheel pickup truck,speeding,rear-end collision,2,0,4,clear,14.50151911,98.83554652,straight road,no slope,2022-12-26T10:45:00Z
7555320,26.12.2022 18:00,10.01.2023 12:31,Bangkok,department of highways,motorcycle,illegal overtaking,rear-end collision,2,0,0,clear,13.82133461,100.5581389,straight road,no slope,2022-12-26T11:00:00Z
7566965,26.12.2022 18:40,23.01.2023 08:33,Tak,department of highways,private/passenger car,cutting in closely by people/vehicles/animals,other,2,0,0,clear,16.79452341,98.59499485,connecting to public/commercial area,other,2022-12-26T11:40:00Z
7520383,26.12.2022 19:15,30.12.2022 06:16,Udon Thani,department of highways,private/passenger car,speeding,rear-end collision,2,0,1,clear,17.54470313,103.2353426,straight road,no slope,2022-12-26T12:15:00Z
7552819,26.12.2022 19:40,6.01.2023 13:34,Nakhon Sawan,department of highways,4-wheel pickup truck,medical condition,head-on collision (not overtaking),2,2,0,clear,15.40987393,100.4610336,straight road,no slope,2022-12-26T12:40:00Z
7553435,26.12.2022 21:30,7.01.2023 10:28,Chon Buri,department of highways,motorcycle,speeding,rollover/fallen on straight road,1,0,1,clear,13.38849629,101.0142781,other,other,2022-12-26T14:30:00Z
7553617,26.12.2022 23:20,7.01.2023 12:01,Chumphon,department of highways,4-wheel pickup truck,speeding,pedestrian collision,1,1,0,clear,10.68802023,99.20373067,other,other,2022-12-26T16:20:00Z
7555876,26.12.2022 23:30,11.01.2023 07:18,Tak,department of highways,large truck with trailer,speeding,rollover/fallen on straight road,1,0,0,clear,17.21815476,99.12299082,straight road,no slope,2022-12-26T16:30:00Z
7541030,27.12.2022 00:15,3.01.2023 07:01,Kanchanaburi,department of highways,4-wheel pickup truck,loss of control,rollover/fallen on straight road,1,0,0,other,14.63628599,98.71677563,straight road,no slope,2022-12-26T17:15:00Z
7560580,27.12.2022 01:30,16.01.2023 09:16,Loei,department of highways,private/passenger car,speeding,rollover/fallen on straight road,1,0,1,clear,17.35498754,101.7507049,straight road,no slope,2022-12-26T18:30:00Z
7553427,27.12.2022 01:45,7.01.2023 10:24,Chon Buri,department of highways,private/passenger car,falling asleep,rollover/fallen on straight road,1,0,0,clear,13.12228405,101.162645,straight road,no slope,2022-12-26T18:45:00Z
7567328,27.12.2022 03:30,23.01.2023 14:06,Sakon Nakhon,department of highways,large truck with trailer,speeding,rollover/fallen on straight road,1,0,0,clear,17.1115793,104.0006,straight road,no slope,2022-12-26T20:30:00Z
7517951,27.12.2022 04:00,29.12.2022 12:16,Samut Prakan,department of highways,large truck with trailer,falling asleep,rollover/fallen on straight road,1,0,0,clear,13.61923008,100.9228814,straight road,no slope,2022-12-26T21:00:00Z
7544075,27.12.2022 04:44,4.01.2023 07:29,Chon Buri,department of highways,6-wheel truck,falling asleep,rear-end collision,2,0,1,clear,13.13350143,100.9854457,straight road,no slope,2022-12-26T21:44:00Z
7569520,27.12.2022 05:10,25.01.2023 13:54,Prachin Buri,department of highways,private/passenger car,speeding,rollover/fallen on straight road,1,0,0,clear,14.20102276,101.3896492,straight road,no slope,2022-12-26T22:10:00Z
7568953,27.12.2022 06:00,25.01.2023 07:11,Tak,department of highways,4-wheel pickup truck,speeding,rollover/fallen on straight road,1,0,0,clear,16.48194798,98.80827382,straight road,no slope,2022-12-26T23:00:00Z
7516860,27.12.2022 07:15,29.12.2022 08:37,Suphan Buri,department of highways,4-wheel pickup truck,worn-out/tire blowout,head-on collision (not overtaking),2,0,6,clear,14.51633311,99.95839164,wide curve,no slope,2022-12-27T00:15:00Z
7543617,27.12.2022 08:37,4.01.2023 00:11,Samut Prakan,expressway authority of thailand,other,other,rear-end collision,3,0,0,clear,13.603556,100.78091,straight road,other,2022-12-27T01:37:00Z
7559033,27.12.2022 09:01,13.01.2023 09:17,Bangkok,department of highways,private/passenger car,reversing vehicle,collision with obstruction (on road surface),3,0,1,clear,13.85389697,100.5651797,straight road,no slope,2022-12-27T02:01:00Z
7543615,27.12.2022 09:10,4.01.2023 00:11,Bangkok,expressway authority of thailand,4-wheel pickup truck,other,rear-end collision,5,0,0,clear,13.74231972,100.5503734,grade-separated intersection/ramps,other,2022-12-27T02:10:00Z
7567303,27.12.2022 10:00,23.01.2023 13:40,Mukdahan,department of highways,other,speeding,rollover/fallen on straight road,1,0,0,clear,16.83223137,104.5599626,straight road,no slope,2022-12-27T03:00:00Z
7517100,27.12.2022 10:30,29.12.2022 09:25,Nakhon Sawan,department of highways,private/passenger car,illegal overtaking,rear-end collision,2,0,1,clear,15.25934896,100.3207691,other,other,2022-12-27T03:30:00Z
7568952,27.12.2022 10:55,25.01.2023 07:10,Sukhothai,department of highways,private/passenger car,speeding,rollover/fallen on straight road,1,0,0,clear,17.03488407,99.82488697,straight road,no slope,2022-12-27T03:55:00Z
7566940,27.12.2022 11:09,23.01.2023 07:27,Sukhothai,department of highways,private/passenger car,speeding,rollover/fallen on straight road,1,0,0,clear,17.03488407,99.82488697,straight road,no slope,2022-12-27T04:09:00Z
7565245,27.12.2022 12:00,20.01.2023 09:38,buogkan,department of highways,private/passenger car,speeding,rollover/fallen on straight road,1,0,1,clear,18.31662399,103.3140537,straight road,no slope,2022-12-27T05:00:00Z
7551861,27.12.2022 12:20,5.01.2023 15:44,Chon Buri,department of highways,4-wheel pickup truck,speeding,rear-end collision,2,0,1,clear,12.83959659,100.9616867,straight road,no slope,2022-12-27T05:20:00Z
7567348,27.12.2022 13:00,23.01.2023 14:23,Narathiwat,department of highways,4-wheel pickup truck,falling asleep,rollover/fallen on straight road,1,0,1,clear,6.288201611,101.7863428,straight road,no slope,2022-12-27T06:00:00Z
7553671,27.12.2022 14:30,7.01.2023 12:43,Nakhon Si Thammarat,department of highways,4-wheel pickup truck,speeding,rollover/fallen on straight road,1,0,0,clear,8.144980778,99.63809264,straight road,no slope,2022-12-27T07:30:00Z
7567267,27.12.2022 15:00,23.01.2023 13:12,Chon Buri,department of highways,large truck with trailer,worn-out/tire blowout,rear-end collision,3,1,0,clear,13.11400899,101.0552195,straight road,no slope,2022-12-27T08:00:00Z
7512631,27.12.2022 15:15,27.12.2022 15:15,Yala,department of highways,other,other,other,0,0,0,other,6.5600875,101.2888912,other,other,2022-12-27T08:15:00Z
7567033,27.12.2022 15:15,23.01.2023 09:29,Roi Et,department of highways,6-wheel truck,speeding,collision with obstruction (on road surface),1,0,0,clear,16.03045538,103.9388048,other,other,2022-12-27T08:15:00Z
7552853,27.12.2022 15:40,6.01.2023 14:23,Bangkok,department of highways,private/passenger car,speeding,rear-end collision,2,0,1,other,13.84674064,100.5611008,straight road,no slope,2022-12-27T08:40:00Z
7555296,27.12.2022 16:00,10.01.2023 11:30,Rayong,department of highways,4-wheel pickup truck,speeding,head-on collision (not overtaking),2,2,0,clear,12.76309466,101.2906677,other,other,2022-12-27T09:00:00Z
7560900,27.12.2022 16:00,16.01.2023 15:57,Udon Thani,department of highways,4-wheel pickup truck,speeding,rear-end collision,2,0,0,clear,17.8372052,102.2589585,straight road,no slope,2022-12-27T09:00:00Z
7518296,27.12.2022 16:10,29.12.2022 11:47,Bangkok,department of highways,4-wheel pickup truck,speeding,rear-end collision,2,0,0,clear,13.72946849,100.7444988,straight road,no slope,2022-12-27T09:10:00Z
7564454,27.12.2022 16:20,19.01.2023 15:03,Nan,department of highways,motorcycle,using mobile phone while driving,other,2,1,1,clear,19.04820681,100.8066108,connecting to public/commercial area,other,2022-12-27T09:20:00Z
7518642,27.12.2022 16:26,29.12.2022 16:30,Bangkok,department of highways,4-wheel pickup truck,speeding,rear-end collision,3,0,0,clear,13.72945937,100.7445551,straight road,no slope,2022-12-27T09:26:00Z
7522332,27.12.2022 16:29,30.12.2022 13:56,Bangkok,department of highways,4-wheel pickup truck,speeding,rear-end collision,4,0,0,clear,13.72956018,100.7453974,straight road,no slope,2022-12-27T09:29:00Z
7517802,27.12.2022 16:40,29.12.2022 11:04,Chaiyaphum,department of highways,large truck with trailer,speeding,rollover/fallen on straight road,1,0,0,clear,15.96177981,102.180011,straight road,no slope,2022-12-27T09:40:00Z
7553415,27.12.2022 18:21,7.01.2023 10:15,Trat,department of highways,4-wheel pickup truck,cutting in closely by people/vehicles/animals,head-on collision (not overtaking),2,0,1,clear,12.2553471,102.5132743,straight road,no slope,2022-12-27T11:21:00Z
7556063,27.12.2022 18:30,11.01.2023 10:08,Roi Et,department of highways,private/passenger car,inadequate visibility,collision with obstruction (on road surface),2,0,0,clear,15.58132305,103.438518,straight road,no slope,2022-12-27T11:30:00Z
7567361,27.12.2022 18:30,23.01.2023 14:29,Nakhon Ratchasima,department of highways,private/passenger car,speeding,pedestrian collision,1,1,0,clear,14.56153628,101.9768049,straight road,no slope,2022-12-27T11:30:00Z
7519270,27.12.2022 19:10,29.12.2022 08:35,Suphan Buri,department of highways,4-wheel pickup truck,overloaded vehicle,rollover/fallen on straight road,1,0,0,clear,14.62095319,100.1412942,straight road,no slope,2022-12-27T12:10:00Z
7554499,27.12.2022 19:17,9.01.2023 12:57,Loburi,department of rural roads,private/passenger car,insufficient light,other,2,0,2,clear,14.793669,100.651737,straight road,no slope,2022-12-27T12:17:00Z
7514582,27.12.2022 20:32,28.12.2022 12:41,Bangkok,department of highways,4-wheel pickup truck,speeding,rear-end collision,2,0,0,clear,13.83770881,100.6730823,straight road,no slope,2022-12-27T13:32:00Z
7522268,27.12.2022 20:33,30.12.2022 13:39,Samut Prakan,department of highways,private/passenger car,speeding,rear-end collision,3,0,0,clear,13.66792693,100.8471179,straight road,no slope,2022-12-27T13:33:00Z
7518236,27.12.2022 20:46,29.12.2022 14:21,Bangkok,department of highways,private/passenger car,speeding,collision with obstruction (on road surface),1,0,1,clear,13.78816595,100.3577028,straight road,no slope,2022-12-27T13:46:00Z
7553410,27.12.2022 20:47,7.01.2023 10:14,Trat,department of highways,motorcycle,speeding,rear-end collision,2,0,2,clear,12.25385707,102.5115525,straight road,no slope,2022-12-27T13:47:00Z
7514919,27.12.2022 21:00,28.12.2022 14:15,Pathum Thani,department of highways,large truck with trailer,speeding,rollover/fallen on straight road,1,0,0,clear,13.92625851,100.7062934,straight road,no slope,2022-12-27T14:00:00Z
7515314,27.12.2022 22:59,28.12.2022 16:17,Chon Buri,department of highways,van,speeding,rear-end collision,2,0,1,clear,13.42685648,101.0465845,straight road,no slope,2022-12-27T15:59:00Z
7554248,27.12.2022 23:16,9.01.2023 09:18,Kanchanaburi,department of highways,motorcycle,speeding,rollover/fallen on straight road,1,1,0,clear,14.08722188,99.7329627,straight road,no slope,2022-12-27T16:16:00Z
7544073,27.12.2022 23:28,4.01.2023 07:27,Chon Buri,department of highways,private/passenger car,falling asleep,rear-end collision,2,0,1,clear,13.15347889,100.9864743,straight road,no slope,2022-12-27T16:28:00Z