acc_code,incident_datetime,report_datetime,province_en,agency,vehicle_type,presumed_cause,accident_type,number_of_vehicles_involved,number_of_fatalities,number_of_injuries,weather_condition,latitude,longitude,road_description,slope_description,incident_time
7544074,27.12.2022 23:57,4.01.2023 07:25,Chon Buri,department of highways,4-wheel pickup truck,speeding,rear-end collision,2,0,1,clear,13.17681847,100.9941293,straight road,no slope,2022-12-27T16:57:00Z
7545263,28.12.2022 01:05,5.01.2023 06:46,Nakhon Si Thammarat,department of highways,4-wheel pickup truck,overloaded vehicle,rollover/fallen on straight road,1,0,0,clear,8.359249167,99.92415762,straight road,no slope,2022-12-27T18:05:00Z
7541207,28.12.2022 02:04,3.01.2023 07:59,Samut Sakhon,department of highways,4-wheel pickup truck,cutting in closely by people/vehicles/animals,rear-end collision,2,1,0,clear,13.46657118,100.1050202,straight road,no slope,2022-12-27T19:04:00Z
7544091,28.12.2022 03:30,4.01.2023 07:59,Phra Nakhon Si Ayutthaya,department of highways,6-wheel truck,falling asleep,rear-end collision,2,0,0,clear,14.16171665,100.6521021,straight road,no slope,2022-12-27T20:30:00Z
7541169,28.12.2022 03:40,3.01.2023 07:49,Pathum Thani,department of highways,large truck with trailer,speeding,collision with obstruction (on road surface),3,0,0,clear,14.01953474,100.4520937,straight road,no slope,2022-12-27T20:40:00Z
7553690,28.12.2022 05:10,7.01.2023 12:55,Chon Buri,department of highways,private/passenger car,speeding,other,1,0,0,clear,12.94163309,100.9035149,wide curve,no slope,2022-12-27T22:10:00Z
7514361,28.12.2022 05:25,28.12.2022 11:12,Bangkok,department of highways,private/passenger car,speeding,rear-end collision,9,0,0,clear,13.91106996,100.7002249,straight road,no slope,2022-12-27T22:25:00Z
7556134,28.12.2022 06:20,11.01.2023 10:35,Maha Sarakham,department of highways,private/passenger car,speeding,rollover/fallen on straight road,1,0,0,clear,15.51693001,103.2503258,straight road,no slope,2022-12-27T23:20:00Z
7560684,28.12.2022 07:30,16.01.2023 11:08,Lampang,department of highways,large truck with trailer,dangerous curve,rollover/fallen on curved road,1,0,1,clear,18.61828883,99.9061183,wide curve,slope area,2022-12-28T00:30:00Z
7558818,28.12.2022 09:00,13.01.2023 07:07,Nakhon Ratchasima,department of highways,7-10-wheel truck,speeding,rollover/fallen on curved road,1,0,0,clear,14.55261218,102.2144392,other,other,2022-12-28T02:00:00Z
7559028,28.12.2022 09:00,13.01.2023 09:17,Bangkok,department of highways,private/passenger car,speeding,rear-end collision,4,0,0,other,13.77929864,100.5564371,straight road,no slope,2022-12-28T02:00:00Z
7516447,28.12.2022 09:30,29.12.2022 06:33,Kanchanaburi,department of highways,private/passenger car,falling asleep,rollover/fallen on straight road,1,0,1,clear,14.56396167,99.68002847,straight road,no slope,2022-12-28T02:30:00Z
7516775,28.12.2022 09:30,29.12.2022 08:33,Suphan Buri,department of highways,motorized tricycle,speeding,rollover/fallen on straight road,1,0,1,clear,14.47556331,100.0911024,straight road,no slope,2022-12-28T02:30:00Z
7545269,28.12.2022 09:59,5.01.2023 06:51,Nakhon Si Thammarat,department of highways,large passenger vehicle,vehicle equipment failure,rollover/fallen on straight road,1,0,1,clear,8.304235634,99.49430387,straight road,no slope,2022-12-28T02:59:00Z
7553615,28.12.2022 10:19,7.01.2023 12:03,Ratchaburi,department of highways,motorcycle,speeding,rear-end collision,2,0,2,clear,13.55042903,99.81077492,other,other,2022-12-28T03:19:00Z
7521396,28.12.2022 10:25,30.12.2022 09:58,Ubon Ratchathani,department of highways,motorized tricycle,speeding,rear-end collision,2,2,5,clear,15.03276517,104.7778885,straight road,no slope,2022-12-28T03:25:00Z
7556515,28.12.2022 10:30,11.01.2023 13:44,Chiang Mai,department of highways,4-wheel pickup truck,speeding,rollover/fallen on straight road,1,0,1,clear,18.73854247,98.22673218,straight road,no slope,2022-12-28T03:30:00Z
7517845,28.12.2022 11:00,29.12.2022 13:31,Phrae,department of highways,4-wheel pickup truck,speeding,head-on collision (not overtaking),2,0,0,clear,18.14302384,99.92574781,straight road,no slope,2022-12-28T04:00:00Z
7517810,28.12.2022 11:11,29.12.2022 12:37,Bangkok,department of highways,private/passenger car,speeding,rear-end collision,3,0,0,clear,13.83456402,100.6738119,straight road,no slope,2022-12-28T04:11:00Z
7564452,28.12.2022 11:30,19.01.2023 15:02,Nan,department of highways,private/passenger car,brake/anti-lock brake system failure,rollover/fallen on curved road,1,0,0,clear,19.18212981,100.9754941,sharp curve,slope area,2022-12-28T04:30:00Z
7554498,28.12.2022 12:00,9.01.2023 12:57,Ranong,department of rural roads,private/passenger car,speeding,other,1,0,1,clear,10.310008,98.803801000000007,wide curve,no slope,2022-12-28T05:00:00Z
7556077,28.12.2022 12:00,11.01.2023 10:15,Maha Sarakham,department of highways,4-wheel pickup truck,speeding,rollover/fallen on straight road,1,0,0,clear,16.05708934,103.0478002,straight road,no slope,2022-12-28T05:00:00Z
7567388,28.12.2022 12:12,23.01.2023 14:49,Sa Kaeo,department of highways,6-wheel truck,running red lights/traffic signals,head-on collision (not overtaking),5,0,0,clear,13.90853325,101.9604201,other,other,2022-12-28T05:12:00Z
7565151,28.12.2022 12:40,20.01.2023 09:04,Nakhon Phanom,department of highways,4-wheel pickup truck,falling asleep,rollover/fallen on straight road,1,0,1,clear,17.18803666,104.6680087,straight road,no slope,2022-12-28T05:40:00Z
7517970,28.12.2022 13:35,29.12.2022 12:24,Pathum Thani,department of highways,private/passenger car,speeding,rear-end collision,3,0,1,clear,13.92885275,100.7070324,straight road,no slope,2022-12-28T06:35:00Z
7555874,28.12.2022 13:40,11.01.2023 07:17,Sukhothai,department of highways,motorcycle,speeding,rear-end collision,2,0,1,clear,17.02771166,99.82348859,straight road,no slope,2022-12-28T06:40:00Z
7518319,28.12.2022 13:45,29.12.2022 13:55,Bangkok,department of highways,4-wheel pickup truck,speeding,rear-end collision,4,0,1,clear,13.90949263,100.6994058,straight road,no slope,2022-12-28T06:45:00Z
7564453,28.12.2022 14:40,19.01.2023 15:01,Nan,department of highways,4-wheel pickup truck,driving under the influence of alcohol,head-on collision (not overtaking),2,0,5,clear,19.07663594,100.8639577,straight road,no slope,2022-12-28T07:40:00Z
7518065,28.12.2022 15:00,29.12.2022 13:49,Khon Kaen,department of highways,private/passenger car,speeding,rollover/fallen on straight road,1,0,2,clear,16.28826136,102.6082787,straight road,no slope,2022-12-28T08:00:00Z
7553689,28.12.2022 15:00,7.01.2023 12:56,Chon Buri,department of highways,other,speeding,rollover/fallen on straight road,1,0,0,clear,12.97410233,100.9832921,straight road,no slope,2022-12-28T08:00:00Z
7564447,28.12.2022 15:30,19.01.2023 15:00,Nan,department of highways,pedestrian,aggressive driving/overtaking,pedestrian collision,1,0,1,clear,18.77890632,100.7585943,straight road,no slope,2022-12-28T08:30:00Z
7522215,28.12.2022 15:42,30.12.2022 13:23,Samut Prakan,department of highways,4-wheel pickup truck,speeding,rear-end collision,3,0,0,clear,13.66792693,100.8471179,straight road,no slope,2022-12-28T08:42:00Z
7554842,28.12.2022 15:49,9.01.2023 20:33,Chon Buri,department of highways,4-wheel pickup truck,speeding,rear-end collision,2,0,0,clear,13.34079281,101.0253973,straight road,no slope,2022-12-28T08:49:00Z
7556499,28.12.2022 16:00,11.01.2023 13:36,Mae Hong Son,department of highways,private/passenger car,speeding,rollover/fallen on curved road,1,0,1,clear,18.1414133,98.08565607,wide curve,no slope,2022-12-28T09:00:00Z
7517991,28.12.2022 16:01,29.12.2022 12:52,Pathum Thani,department of highways,private/passenger car,speeding,rear-end collision,4,0,0,clear,13.95639314,100.7126851,straight road,no slope,2022-12-28T09:01:00Z
7554496,28.12.2022 16:30,9.01.2023 12:57,Ranong,department of rural roads,motorcycle,reversing vehicle,other,2,1,0,clear,10.324034,98.793416,straight road,no slope,2022-12-28T09:30:00Z
7567402,28.12.2022 16:45,23.01.2023 14:51,Tak,department of highways,motorcycle,speeding,collision with obstruction (on road surface),2,0,1,clear,16.97333343,98.53229783,straight road,no slope,2022-12-28T09:45:00Z
7517993,28.12.2022 17:30,29.12.2022 14:26,Kanchanaburi,department of highways,motorcycle,cutting in closely by people/vehicles/animals,side collision,2,0,1,clear,14.04003572,99.54217671,straight road,no slope,2022-12-28T10:30:00Z
7555867,28.12.2022 18:52,11.01.2023 07:17,Sukhothai,department of highways,4-wheel pickup truck,speeding,rear-end collision,2,0,1,clear,17.25536917,99.85466251,straight road,no slope,2022-12-28T11:52:00Z
7541491,28.12.2022 19:00,3.01.2023 09:18,Bangkok,department of highways,private/passenger car,speeding,rollover/fallen on straight road,1,0,0,clear,13.81601867,100.6764069,other,other,2022-12-28T12:00:00Z
7569348,28.12.2022 19:20,25.01.2023 11:40,Ranong,department of highways,passenger pickup truck,worn-out/tire blowout,rollover/fallen on straight road,1,0,13,clear,10.02038239,98.65588814,straight road,no slope,2022-12-28T12:20:00Z
7517962,28.12.2022 20:20,29.12.2022 13:05,Bangkok,department of highways,4-wheel pickup truck,speeding,rear-end collision,3,0,3,clear,13.86377573,100.6769595,straight road,no slope,2022-12-28T13:20:00Z
7555298,28.12.2022 20:30,10.01.2023 11:35,Phrae,department of highways,private/passenger car,speeding,rear-end collision,4,0,0,clear,18.16215705,100.1660724,straight road,no slope,2022-12-28T13:30:00Z
7559380,28.12.2022 20:30,13.01.2023 14:02,Nonthaburi,department of highways,private/passenger car,speeding,rollover/fallen on straight road,1,0,0,clear,13.94654307,100.4352817,straight road,no slope,2022-12-28T13:30:00Z
7544187,28.12.2022 20:45,4.01.2023 10:16,Surat Thani,department of highways,motorcycle,insufficient light,pedestrian collision,1,0,2,clear,8.994583701,99.17226088,other,other,2022-12-28T13:45:00Z
7567261,28.12.2022 20:54,23.01.2023 13:07,Chon Buri,department of highways,private/passenger car,cutting in closely by people/vehicles/animals,rear-end collision,2,0,1,clear,13.00393185,100.9300106,other,other,2022-12-28T13:54:00Z
7552818,28.12.2022 21:10,6.01.2023 13:33,Nakhon Sawan,department of highways,private/passenger car,cutting in closely by people/vehicles/animals,rear-end collision,2,0,1,clear,15.70695012,100.1075345,straight road,no slope,2022-12-28T14:10:00Z
7567154,28.12.2022 21:10,23.01.2023 11:06,Phuket,department of highways,private/passenger car,speeding,rear-end collision,4,1,0,clear,7.823537024,98.33505034,straight road,no slope,2022-12-28T14:10:00Z
7556495,28.12.2022 21:30,11.01.2023 13:35,Lampang,department of highways,4-wheel pickup truck,speeding,rear-end collision,2,1,4,clear,18.58718079,100.0801343,wide curve,no slope,2022-12-28T14:30:00Z
7568956,28.12.2022 21:48,25.01.2023 07:15,Sukhothai,department of highways,private/passenger car,speeding,rollover/fallen on straight road,1,0,0,clear,17.30131066,99.83450347,straight road,no slope,2022-12-28T14:48:00Z
7568078,28.12.2022 22:00,24.01.2023 09:25,Prachuap Khiri Khan,department of highways,4-wheel pickup truck,worn-out/tire blowout,rollover/fallen on straight road,1,0,0,clear,12.31234373,99.87733528,straight road,no slope,2022-12-28T15:00:00Z
7557723,28.12.2022 22:03,12.01.2023 10:39,Prachin Buri,department of highways,motorcycle,unfamiliarity with the route/unskilled driving,pedestrian collision,1,0,3,clear,14.07188005,101.8121682,straight road,no slope,2022-12-28T15:03:00Z
7553604,28.12.2022 22:10,7.01.2023 11:47,Loburi,department of highways,4-wheel pickup truck,worn-out/tire blowout,rollover/fallen on straight road,1,0,3,clear,15.01815416,100.9459808,straight road,no slope,2022-12-28T15:10:00Z
7553457,28.12.2022 22:20,7.01.2023 10:41,Chanthaburi,department of highways,private/passenger car,cutting in closely by people/vehicles/animals,collision at intersection corner,2,0,3,clear,12.48066162,102.0679788,other,other,2022-12-28T15:20:00Z
7522092,28.12.2022 22:44,30.12.2022 12:48,Samut Prakan,department of highways,4-wheel pickup truck,speeding,rear-end collision,3,0,0,clear,13.62611268,100.912165,straight road,no slope,2022-12-28T15:44:00Z
7555295,28.12.2022 23:00,10.01.2023 11:33,Phrae,department of highways,4-wheel pickup truck,speeding,rollover/fallen on straight road,1,0,1,clear,18.38333471,100.4314649,straight road,no slope,2022-12-28T16:00:00Z
7520402,29.12.2022 00:05,30.12.2022 06:23,Tak,department of rural roads,motorcycle,driving under the influence of alcohol,other,1,0,1,clear,16.524439,98.79489,wide curve,no slope,2022-12-28T17:05:00Z
7527210,29.12.2022 00:13,31.12.2022 10:15,Chon Buri,department of highways,4-wheel pickup truck,speeding,rear-end collision,3,0,0,clear,13.08067616,100.9928311,straight road,no slope,2022-12-28T17:13:00Z
7556682,29.12.2022 00:15,11.01.2023 14:33,Chanthaburi,department of highways,4-wheel pickup truck,cutting in closely by people/vehicles/animals,collision at intersection corner,2,0,1,clear,12.62126082,102.0784123,other,other,2022-12-28T17:15:00Z
7526890,29.12.2022 00:20,31.12.2022 09:02,Phra Nakhon Si Ayutthaya,department of highways,motorcycle,speeding,rear-end collision,2,0,1,clear,14.30883926,100.6450472,straight road,no slope,2022-12-28T17:20:00Z
7528229,29.12.2022 00:30,31.12.2022 14:06,Lamphun,department of highways,private/passenger car,speeding,rear-end collision,2,0,0,clear,18.55294176,99.04826045,other,other,2022-12-28T17:30:00Z
7528248,29.12.2022 00:30,31.12.2022 14:15,Nonthaburi,department of rural roads,motorcycle,speeding,other,1,1,0,clear,13.912445,100.520884,straight road,no slope,2022-12-28T17:30:00Z
7563029,29.12.2022 00:30,18.01.2023 13:51,Chumphon,department of highways,private/passenger car,speeding,rollover/fallen on straight road,1,0,1,clear,10.54999549,99.11801934,straight road,no slope,2022-12-28T17:30:00Z
7554010,29.12.2022 01:00,8.01.2023 08:49,Phrae,department of highways,motorcycle,speeding,rollover/fallen on straight road,1,0,1,clear,18.45646079,100.1420558,straight road,no slope,2022-12-28T18:00:00Z
7554035,29.12.2022 01:00,8.01.2023 09:49,Samut Prakan,department of highways,motorcycle,speeding,rear-end collision,2,0,2,clear,13.61919704,100.5422442,straight road,no slope,2022-12-28T18:00:00Z
7519109,29.12.2022 01:30,29.12.2022 21:25,Chiang Rai,department of highways,4-wheel pickup truck,speeding,rollover/fallen on straight road,1,0,1,clear,20.1275509,100.1132637,straight road,no slope,2022-12-28T18:30:00Z
7544223,29.12.2022 01:30,4.01.2023 10:54,Si Sa Ket,department of highways,4-wheel pickup truck,speeding,rear-end collision,2,0,0,clear,15.09284107,104.3058791,other,other,2022-12-28T18:30:00Z
7569751,29.12.2022 01:30,25.01.2023 15:52,Tak,department of highways,4-wheel pickup truck,speeding,rollover/fallen on straight road,1,0,0,clear,16.54686838,98.70024383,straight road,no slope,2022-12-28T18:30:00Z
7518057,29.12.2022 01:50,29.12.2022 14:12,Ubon Ratchathani,department of highways,6-wheel truck,speeding,rear-end collision,2,1,0,clear,14.48888942,105.0129823,straight road,no slope,2022-12-28T18:50:00Z
7519161,29.12.2022 01:50,29.12.2022 20:49,Sakon Nakhon,department of highways,4-wheel pickup truck,loss of control,rollover/fallen on straight road,1,1,1,clear,17.60808205,103.7432426,straight road,no slope,2022-12-28T18:50:00Z
7518662,29.12.2022 01:52,29.12.2022 15:30,Nakhon Si Thammarat,department of highways,private/passenger car,speeding,rollover/fallen on curved road,1,0,1,clear,8.168864016,99.48394641,wide curve,slope area,2022-12-28T18:52:00Z
7518797,29.12.2022 02:00,29.12.2022 14:48,Ang Thong,department of highways,4-wheel pickup truck,driving under the influence of alcohol,rear-end collision,2,0,1,clear,14.64279328,100.4572852,straight road,no slope,2022-12-28T19:00:00Z
7522210,29.12.2022 02:00,30.12.2022 13:24,Udon Thani,department of rural roads,motorcycle,driving under the influence of alcohol,other,1,0,1,dark,17.077288,103.367938,wide curve,no slope,2022-12-28T19:00:00Z
7521101,29.12.2022 02:36,30.12.2022 08:54,Narathiwat,department of highways,motorcycle,speeding,rollover/fallen on straight road,1,0,1,foggy,6.409598596,101.8745229,straight road,no slope,2022-12-28T19:36:00Z
7517134,29.12.2022 02:39,29.12.2022 09:36,Phra Nakhon Si Ayutthaya,department of highways,4-wheel pickup truck,cutting in closely by people/vehicles/animals,rear-end collision,6,0,0,clear,14.27584145,100.8043309,straight road,no slope,2022-12-28T19:39:00Z
7518425,29.12.2022 03:00,29.12.2022 14:00,Khon Kaen,department of highways,private/passenger car,speeding,rollover/fallen on straight road,1,0,2,other,16.54802281,102.093143,straight road,no slope,2022-12-28T20:00:00Z
7518229,29.12.2022 03:21,29.12.2022 13:39,Prachin Buri,department of highways,4-wheel pickup truck,speeding,rear-end collision,2,0,0,clear,14.30352732,101.8699989,wide curve,slope area,2022-12-28T20:21:00Z
7556698,29.12.2022 03:25,11.01.2023 14:40,Chanthaburi,department of highways,4-wheel pickup truck,falling asleep,rollover/fallen on straight road,1,0,0,clear,12.63926274,102.093737,straight road,no slope,2022-12-28T20:25:00Z
7520252,29.12.2022 03:55,30.12.2022 05:55,Phuket,department of highways,motorcycle,speeding,rollover/fallen on straight road,1,0,1,clear,8.076866843,98.38497066,straight road,no slope,2022-12-28T20:55:00Z
7519264,29.12.2022 04:00,29.12.2022 20:51,Nakhon Ratchasima,department of highways,van,speeding,rear-end collision,4,0,0,clear,14.75741569,102.3153836,straight road,no slope,2022-12-28T21:00:00Z
7519726,29.12.2022 05:00,30.12.2022 04:04,Sakon Nakhon,department of highways,4-wheel pickup truck,falling asleep,rollover/fallen on straight road,1,0,1,clear,17.82632968,103.4337202,straight road,no slope,2022-12-28T22:00:00Z
7519749,29.12.2022 05:00,30.12.2022 04:05,Songkhla,department of highways,private/passenger car,falling asleep,rollover/fallen on straight road,1,0,1,clear,7.079661636,100.4978013,straight road,no slope,2022-12-28T22:00:00Z
7520596,29.12.2022 05:00,30.12.2022 07:01,Maha Sarakham,department of highways,van,falling asleep,rollover/fallen on straight road,1,0,4,clear,16.04794779,102.9179183,straight road,no slope,2022-12-28T22:00:00Z
7559296,29.12.2022 05:00,13.01.2023 12:17,Udon Thani,department of highways,4-wheel pickup truck,speeding,collision with obstruction (on road surface),2,0,0,clear,17.21545823,102.9191065,straight road,no slope,2022-12-28T22:00:00Z
7517033,29.12.2022 05:15,29.12.2022 09:01,Bangkok,department of highways,private/passenger car,speeding,rollover/fallen on straight road,1,0,0,clear,13.81221851,100.6778003,straight road,no slope,2022-12-28T22:15:00Z
7517944,29.12.2022 05:30,29.12.2022 12:37,Lamphun,department of highways,4-wheel pickup truck,speeding,rollover/fallen on straight road,1,0,1,clear,18.54285284,99.06401441,straight road,no slope,2022-12-28T22:30:00Z
7518238,29.12.2022 05:55,29.12.2022 13:56,Bangkok,department of highways,private/passenger car,speeding,rear-end collision,4,0,0,clear,13.87713293,100.6826471,straight road,no slope,2022-12-28T22:55:00Z
7522045,29.12.2022 06:12,30.12.2022 12:35,Loburi,department of rural roads,bicycle,cutting in closely by people/vehicles/animals,other,2,0,1,clear,14.850609,100.992571,straight road,no slope,2022-12-28T23:12:00Z
7519890,29.12.2022 06:15,30.12.2022 04:43,Phrae,department of highways,4-wheel pickup truck,illegal overtaking,head-on collision (not overtaking),2,0,3,clear,18.56103535,100.1011415,wide curve,slope area,2022-12-28T23:15:00Z
7520216,29.12.2022 06:15,30.12.2022 05:50,Buri Ram,department of highways,private/passenger car,falling asleep,rear-end collision,3,0,1,clear,14.88412554,102.9922942,straight road,no slope,2022-12-28T23:15:00Z
7554062,29.12.2022 07:03,8.01.2023 10:26,Surat Thani,department of highways,motorcycle,speeding,rear-end collision,2,0,3,clear,9.312453835,99.71034229,other,other,2022-12-29T00:03:00Z
7520260,29.12.2022 07:27,30.12.2022 05:58,Nakhon Ratchasima,department of highways,4-wheel pickup truck,speeding,rollover/fallen on straight road,1,0,2,clear,14.55162407,101.9733613,straight road,no slope,2022-12-29T00:27:00Z
7518684,29.12.2022 07:30,29.12.2022 14:54,Suphan Buri,department of highways,other,speeding,rollover/fallen on straight road,1,0,0,clear,14.26752365,99.83524677,straight road,no slope,2022-12-29T00:30:00Z
7518444,29.12.2022 07:55,29.12.2022 15:13,Nakhon Pathom,department of highways,motorcycle,speeding,head-on collision (not overtaking),2,1,1,clear,13.96658337,100.1387774,straight road,no slope,2022-12-29T00:55:00Z
7518539,29.12.2022 08:00,29.12.2022 15:15,Prachuap Khiri Khan,department of highways,4-wheel pickup truck,speeding,other,3,0,1,clear,11.63526327,99.6730046,connecting to public/commercial area,other,2022-12-29T01:00:00Z
7519170,29.12.2022 08:00,29.12.2022 20:49,Surin,department of highways,private/passenger car,falling asleep,rollover/fallen on straight road,1,0,4,clear,14.62009178,103.808572,straight road,no slope,2022-12-29T01:00:00Z
7518263,29.12.2022 08:05,29.12.2022 16:02,Loburi,department of rural roads,motorcycle,cutting in closely by people/vehicles/animals,other,2,0,1,clear,15.267051,100.774725,straight road,other,2022-12-29T01:05:00Z
7520194,29.12.2022 08:05,30.12.2022 05:48,Prachin Buri,department of highways,private/passenger car,cutting in closely by people/vehicles/animals,rear-end collision,2,0,2,clear,14.11309222,101.3706768,straight road,no slope,2022-12-29T01:05:00Z
7521563,29.12.2022 08:05,30.12.2022 10:38,Nakhon Pathom,department of highways,private/passenger car,speeding,rear-end collision,2,0,2,clear,13.76817263,100.2860218,straight road,no slope,2022-12-29T01:05:00Z
7518902,29.12.2022 08:10,29.12.2022 19:55,Ang Thong,department of highways,motorcycle,speeding,rollover/fallen on straight road,1,0,1,clear,14.6012112,100.4340855,straight road,no slope,2022-12-29T01:10:00Z
7523628,29.12.2022 08:15,30.12.2022 20:13,Nonthaburi,department of highways,motorcycle,cutting in closely by people/vehicles/animals,rear-end collision,2,0,0,clear,13.92865316,100.4076296,straight road,no slope,2022-12-29T01:15:00Z
7519302,29.12.2022 08:20,29.12.2022 22:38,Phrae,department of highways,motorcycle,speeding,rollover/fallen on straight road,1,0,1,clear,17.97891913,100.0902541,straight road,no slope,2022-12-29T01:20:00Z
7517913,29.12.2022 08:26,29.12.2022 13:02,Chiang Rai,department of highways,4-wheel pickup truck,slippery road,rollover/fallen on curved road,1,0,1,rainy,19.90833329,100.0735389,wide curve,no slope,2022-12-29T01:26:00Z
7518806,29.12.2022 08:30,29.12.2022 14:59,Kalasin,department of highways,private/passenger car,speeding,rollover/fallen on straight road,1,0,1,clear,16.49059612,103.5653311,straight road,no slope,2022-12-29T01:30:00Z
7519332,29.12.2022 08:30,29.12.2022 20:37,Kanchanaburi,department of highways,motorcycle,speeding,rear-end collision,2,0,4,clear,14.01557061,99.55881894,straight road,no slope,2022-12-29T01:30:00Z
7521565,29.12.2022 08:30,30.12.2022 10:39,Samut Sakhon,department of highways,motorcycle,speeding,rear-end collision,2,0,1,clear,13.65728588,100.3094964,straight road,no slope,2022-12-29T01:30:00Z
7521220,29.12.2022 08:40,30.12.2022 09:21,Narathiwat,department of highways,motorcycle,cutting in closely by people/vehicles/animals,rollover/fallen on straight road,1,0,1,clear,6.315415839,101.5092154,straight road,no slope,2022-12-29T01:40:00Z
7521634,29.12.2022 08:40,30.12.2022 10:55,Chiang Mai,department of highways,4-wheel pickup truck,unfamiliarity with the route/unskilled driving,pedestrian collision,1,0,2,clear,18.79371044,98.93270449,wide curve,slope area,2022-12-29T01:40:00Z
7518637,29.12.2022 08:50,29.12.2022 16:06,Phitsanulok,department of highways,4-wheel pickup truck,speeding,rollover/fallen on curved road,1,0,0,clear,16.85842791,100.4802503,wide curve,no slope,2022-12-29T01:50:00Z
7520302,29.12.2022 08:50,30.12.2022 06:06,Phetchaburi,department of rural roads,motorcycle,cutting in closely by people/vehicles/animals,other,1,0,1,clear,13.01072,100.007723,straight road,no slope,2022-12-29T01:50:00Z
7560553,29.12.2022 08:50,16.01.2023 08:44,Tak,department of highways,motorcycle,speeding,rollover/fallen on straight road,1,0,1,clear,17.23674117,98.2259649,straight road,no slope,2022-12-29T01:50:00Z
7564366,29.12.2022 09:00,19.01.2023 14:10,Trang,department of highways,4-wheel pickup truck,speeding,rear-end collision,2,0,1,clear,7.342253673,99.66990665,straight road,no slope,2022-12-29T02:00:00Z
7519295,29.12.2022 09:10,29.12.2022 20:24,Amnat Charoen,department of highways,motorcycle,falling asleep,rear-end collision,2,1,2,clear,16.05630318,104.634878,straight road,no slope,2022-12-29T02:10:00Z
7518485,29.12.2022 09:19,29.12.2022 15:48,Nakhon Nayok,department of highways,private/passenger car,cutting in closely by people/vehicles/animals,rear-end collision,3,0,0,clear,14.16043451,101.0052243,straight road,no slope,2022-12-29T02:19:00Z
7519285,29.12.2022 09:27,29.12.2022 20:52,Prachuap Khiri Khan,department of highways,4-wheel pickup truck,worn-out/tire blowout,rollover/fallen on straight road,1,0,1,clear,12.32888853,99.87988909,straight road,no slope,2022-12-29T02:27:00Z
7519298,29.12.2022 09:30,29.12.2022 20:30,Khon Kaen,department of highways,4-wheel pickup truck,falling asleep,rollover/fallen on straight road,1,0,1,clear,16.45777837,102.7691059,straight road,no slope,2022-12-29T02:30:00Z
7520941,29.12.2022 09:30,30.12.2022 08:16,Nakhon Sawan,department of highways,private/passenger car,speeding,rear-end collision,3,0,1,clear,15.80391404,100.6129409,other,other,2022-12-29T02:30:00Z
7526888,29.12.2022 09:30,31.12.2022 09:01,Phra Nakhon Si Ayutthaya,department of highways,motorcycle,speeding,rear-end collision,2,0,1,clear,14.32654905,100.6271902,straight road,no slope,2022-12-29T02:30:00Z
7527701,29.12.2022 09:35,31.12.2022 11:46,Loei,department of highways,4-wheel pickup truck,cutting in closely by people/vehicles/animals,rear-end collision,2,0,9,clear,16.93702476,101.9263596,straight road,no slope,2022-12-29T02:35:00Z
7518782,29.12.2022 09:50,29.12.2022 14:57,Nakhon Ratchasima,department of highways,other,speeding,rear-end collision,2,0,1,clear,14.80910901,101.8649022,straight road,no slope,2022-12-29T02:50:00Z
7519289,29.12.2022 09:50,29.12.2022 20:32,Bangkok,department of highways,motorcycle,speeding,rear-end collision,2,0,1,clear,13.66198959,100.4040394,straight road,no slope,2022-12-29T02:50:00Z
7518573,29.12.2022 10:00,29.12.2022 14:37,Ang Thong,department of highways,private/passenger car,speeding,rear-end collision,8,0,0,clear,14.57468723,100.4882424,straight road,no slope,2022-12-29T03:00:00Z
7519274,29.12.2022 10:00,29.12.2022 20:18,Tak,department of highways,4-wheel pickup truck,reversing vehicle,collision with obstruction (on road surface),2,0,2,clear,16.54456068,98.70113595,connecting to private area,other,2022-12-29T03:00:00Z
7519312,29.12.2022 10:00,29.12.2022 20:32,Udon Thani,department of highways,4-wheel pickup truck,falling asleep,head-on collision (not overtaking),2,0,1,clear,17.54542042,102.3891181,straight road,no slope,2022-12-29T03:00:00Z
7523114,29.12.2022 10:00,30.12.2022 17:49,Nakhon Nayok,department of highways,large truck with trailer,speeding,other,1,0,0,clear,14.1439028,101.1797583,wide curve,no slope,2022-12-29T03:00:00Z
7542174,29.12.2022 10:00,3.01.2023 12:11,Buri Ram,department of rural roads,bicycle,speeding,other,1,0,1,clear,14.60011,102.614039,sharp curve,no slope,2022-12-29T03:00:00Z
7551383,29.12.2022 10:00,5.01.2023 11:50,Nakhon Sawan,department of highways,motorcycle,cutting in closely by people/vehicles/animals,other,2,0,2,clear,15.86595002,100.583864,connecting to school area,other,2022-12-29T03:00:00Z
7554060,29.12.2022 10:00,8.01.2023 10:24,Saraburi,department of highways,private/passenger car,falling asleep,rollover/fallen on straight road,1,0,0,clear,14.68894636,100.721783,straight road,no slope,2022-12-29T03:00:00Z
7555388,29.12.2022 10:00,10.01.2023 14:44,Samut Sakhon,department of highways,4-wheel pickup truck,speeding,rear-end collision,3,0,0,clear,13.60249259,100.3700521,straight road,no slope,2022-12-29T03:00:00Z
7517819,29.12.2022 10:08,29.12.2022 13:29,Chiang Rai,department of highways,4-wheel pickup truck,slippery road,rollover/fallen on curved road,1,0,0,rainy,19.91281845,100.0727771,other,other,2022-12-29T03:08:00Z