acc_code,incident_datetime,report_datetime,province_en,agency,vehicle_type,presumed_cause,accident_type,number_of_vehicles_involved,number_of_fatalities,number_of_injuries,weather_condition,latitude,longitude,road_description,slope_description,incident_time
7518264,29.12.2022 10:10,29.12.2022 16:02,Phetchabun,department of rural roads,motorcycle,falling asleep,other,1,0,1,clear,15.338709,101.202989,straight road,no slope,2022-12-29T03:10:00Z
7518381,29.12.2022 10:14,29.12.2022 13:57,Bangkok,department of highways,private/passenger car,speeding,rear-end collision,4,0,0,clear,13.89821592,100.693506,straight road,no slope,2022-12-29T03:14:00Z
7519016,29.12.2022 10:20,29.12.2022 20:41,Surat Thani,department of highways,4-wheel pickup truck,speeding,rear-end collision,2,0,0,clear,9.340653979,99.15939893,straight road,no slope,2022-12-29T03:20:00Z
7519311,29.12.2022 10:20,29.12.2022 21:18,Mae Hong Son,department of highways,motorcycle,speeding,rollover/fallen on curved road,1,0,2,clear,19.27206049,97.96044633,wide curve,no slope,2022-12-29T03:20:00Z
7522037,29.12.2022 10:21,30.12.2022 12:37,Nakhon Si Thammarat,department of rural roads,motorcycle,cutting in closely by people/vehicles/animals,other,1,0,2,clear,8.367786,99.310023,straight road,no slope,2022-12-29T03:21:00Z
7519290,29.12.2022 10:25,29.12.2022 20:25,Phetchabun,department of highways,private/passenger car,speeding,rear-end collision,2,0,4,clear,16.38649193,101.1257105,straight road,no slope,2022-12-29T03:25:00Z
7518587,29.12.2022 10:29,29.12.2022 14:26,Phra Nakhon Si Ayutthaya,department of highways,4-wheel pickup truck,speeding,rear-end collision,6,0,0,clear,14.18942536,100.6364715,straight road,no slope,2022-12-29T03:29:00Z
7520399,29.12.2022 10:30,30.12.2022 06:23,Phrae,department of rural roads,motorcycle,cutting in closely by people/vehicles/animals,other,1,0,1,clear,17.98936,100.08828,y-intersection,other,2022-12-29T03:30:00Z
7521248,29.12.2022 10:30,30.12.2022 09:25,Satun,department of highways,motorcycle,falling asleep,rollover/fallen on straight road,1,0,2,clear,6.849256913,99.90614899,straight road,no slope,2022-12-29T03:30:00Z
7525941,29.12.2022 10:30,31.12.2022 05:49,Nonthaburi,department of highways,motorcycle,cutting in closely by people/vehicles/animals,rear-end collision,2,0,0,clear,13.93900165,100.417048,other,other,2022-12-29T03:30:00Z
7542182,29.12.2022 10:30,3.01.2023 12:10,Nonthaburi,department of rural roads,4-wheel pickup truck,falling asleep,other,1,0,1,clear,13.95341,100.458613,straight road,other,2022-12-29T03:30:00Z
7518129,29.12.2022 10:35,29.12.2022 13:35,Prachin Buri,department of highways,4-wheel pickup truck,speeding,rollover/fallen on straight road,1,0,1,clear,14.09447859,101.8304563,straight road,no slope,2022-12-29T03:35:00Z
7522041,29.12.2022 10:35,30.12.2022 12:35,Loburi,department of rural roads,motorcycle,driving under the influence of alcohol,other,1,0,1,clear,14.885118,100.531983,sharp curve,no slope,2022-12-29T03:35:00Z
7518733,29.12.2022 10:40,29.12.2022 16:18,Surat Thani,department of highways,private/passenger car,speeding,rear-end collision,2,0,1,clear,9.125345266,99.36104089,straight road,no slope,2022-12-29T03:40:00Z
7518963,29.12.2022 10:40,29.12.2022 20:37,Suphan Buri,department of highways,motorcycle,speeding,rollover/fallen on straight road,1,0,1,clear,14.79962901,99.72293047,straight road,no slope,2022-12-29T03:40:00Z
7521559,29.12.2022 10:40,30.12.2022 10:37,Nakhon Pathom,department of highways,motorcycle,cutting in closely by people/vehicles/animals,rear-end collision,2,0,1,clear,13.74236742,100.2545908,straight road,no slope,2022-12-29T03:40:00Z
7518805,29.12.2022 10:50,29.12.2022 14:49,Ang Thong,department of highways,private/passenger car,speeding,rollover/fallen on straight road,1,0,0,clear,14.49106944,100.4522795,other,other,2022-12-29T03:50:00Z
7518848,29.12.2022 11:00,29.12.2022 19:25,Nakhon Sawan,department of highways,private/passenger car,debris/obstruction on the road,head-on collision (not overtaking),2,0,2,clear,15.95308835,99.96667564,wide curve,slope area,2022-12-29T04:00:00Z
7520253,29.12.2022 11:00,30.12.2022 05:56,Nakhon Ratchasima,department of highways,4-wheel pickup truck,cutting in closely by people/vehicles/animals,head-on collision (not overtaking),2,0,1,clear,14.56851826,101.9799726,connecting to school area,other,2022-12-29T04:00:00Z
7527737,29.12.2022 11:00,31.12.2022 11:56,Phatthalung,department of highways,private/passenger car,speeding,rear-end collision,2,0,1,clear,7.724654653,99.91030499,straight road,no slope,2022-12-29T04:00:00Z
7518776,29.12.2022 11:01,29.12.2022 14:44,Bangkok,department of highways,private/passenger car,speeding,rear-end collision,3,0,0,clear,13.81047079,100.6779733,straight road,no slope,2022-12-29T04:01:00Z
7518385,29.12.2022 11:10,29.12.2022 15:08,Udon Thani,department of highways,6-wheel truck,speeding,rollover/fallen on straight road,1,0,0,clear,17.36469185,102.8159112,other,other,2022-12-29T04:10:00Z
7519212,29.12.2022 11:11,29.12.2022 20:50,buogkan,department of highways,4-wheel pickup truck,speeding,rollover/fallen on curved road,1,0,1,clear,18.15714775,103.7412143,wide curve,no slope,2022-12-29T04:11:00Z
7521342,29.12.2022 11:20,30.12.2022 09:48,Bangkok,department of highways,private/passenger car,speeding,rear-end collision,3,0,1,clear,13.75828433,100.4063085,straight road,no slope,2022-12-29T04:20:00Z
7519168,29.12.2022 11:30,29.12.2022 20:20,Bangkok,department of highways,6-wheel truck,speeding,collision with obstruction (on road surface),2,1,0,clear,13.66434365,100.6511016,straight road,no slope,2022-12-29T04:30:00Z
7526885,29.12.2022 11:30,31.12.2022 09:04,Phra Nakhon Si Ayutthaya,department of highways,motorized tricycle,falling asleep,rear-end collision,2,0,1,clear,14.35136617,100.5402984,straight road,no slope,2022-12-29T04:30:00Z
7520091,29.12.2022 11:40,30.12.2022 05:25,Nakhon Ratchasima,department of highways,large passenger vehicle,speeding,rear-end collision,2,0,0,clear,14.64170983,101.2791127,straight road,no slope,2022-12-29T04:40:00Z
7518864,29.12.2022 11:45,29.12.2022 19:53,Suphan Buri,department of highways,motorcycle,unfamiliarity with the route/unskilled driving,rear-end collision,2,0,1,clear,14.81461843,99.65542353,other,other,2022-12-29T04:45:00Z
7518736,29.12.2022 11:47,29.12.2022 14:35,Bangkok,department of highways,van,speeding,rear-end collision,3,0,0,clear,13.73042822,100.7227242,straight road,no slope,2022-12-29T04:47:00Z
7519294,29.12.2022 11:50,29.12.2022 20:53,Sakon Nakhon,department of highways,4-wheel pickup truck,speeding,rear-end collision,3,0,0,clear,17.70876989,103.9328387,straight road,no slope,2022-12-29T04:50:00Z
7520889,29.12.2022 11:50,30.12.2022 08:08,Nakhon Sawan,department of highways,private/passenger car,speeding,rollover/fallen on straight road,1,0,0,clear,15.63350592,100.129188,straight road,no slope,2022-12-29T04:50:00Z
7522029,29.12.2022 11:50,30.12.2022 12:37,Nakhon Nayok,department of rural roads,motorcycle,driving under the influence of alcohol,other,1,0,3,clear,14.336504,101.108602,straight road,no slope,2022-12-29T04:50:00Z
7522039,29.12.2022 11:53,30.12.2022 12:36,Suphan Buri,department of rural roads,motorcycle,tailgating,other,2,0,1,clear,14.794262,99.901337,straight road,no slope,2022-12-29T04:53:00Z
7569330,29.12.2022 11:56,25.01.2023 11:29,Prachin Buri,department of highways,4-wheel pickup truck,speeding,rear-end collision,3,0,0,clear,13.99815197,101.7632194,other,other,2022-12-29T04:56:00Z
7569710,29.12.2022 12:00,25.01.2023 15:30,Kalasin,department of highways,large truck with trailer,brake/anti-lock brake system failure,rollover/fallen on straight road,1,0,0,clear,16.41136217,103.6487827,straight road,no slope,2022-12-29T05:00:00Z
7560672,29.12.2022 12:01,16.01.2023 11:03,Roi Et,department of highways,van,speeding,rollover/fallen on straight road,1,0,1,clear,15.57885538,103.4358226,straight road,no slope,2022-12-29T05:01:00Z
7526019,29.12.2022 12:10,31.12.2022 06:01,Sa Kaeo,department of highways,bicycle,cutting in closely by people/vehicles/animals,rear-end collision,2,1,0,clear,13.77154339,102.0128524,straight road,no slope,2022-12-29T05:10:00Z
7519227,29.12.2022 12:20,29.12.2022 21:09,Mae Hong Son,department of highways,motorcycle,speeding,rear-end collision,2,0,1,clear,19.51600666,98.25172752,connecting to school area,other,2022-12-29T05:20:00Z
7542161,29.12.2022 12:20,3.01.2023 12:14,Ang Thong,department of rural roads,private/passenger car,cutting in closely by people/vehicles/animals,other,2,0,1,clear,14.566792,100.363146,wide curve,no slope,2022-12-29T05:20:00Z
7518559,29.12.2022 12:30,29.12.2022 15:32,Nakhon Si Thammarat,department of highways,motorcycle,speeding,rollover/fallen on straight road,1,0,1,clear,8.349181742,99.79293159,other,other,2022-12-29T05:30:00Z
7520067,29.12.2022 12:30,30.12.2022 05:24,Sukhothai,department of highways,4-wheel pickup truck,cutting in closely by people/vehicles/animals,rear-end collision,2,0,1,clear,17.30741204,99.78313498,straight road,no slope,2022-12-29T05:30:00Z
7520713,29.12.2022 12:30,30.12.2022 07:28,Samut Prakan,department of highways,motorcycle,speeding,rollover/fallen on straight road,1,1,2,clear,13.6071312,100.7715355,straight road,no slope,2022-12-29T05:30:00Z
7518742,29.12.2022 13:00,29.12.2022 14:42,Ang Thong,department of highways,4-wheel pickup truck,cutting in closely by people/vehicles/animals,head-on collision (not overtaking),2,0,2,clear,14.56967343,100.4538178,connecting to public/commercial area,other,2022-12-29T06:00:00Z
7521948,29.12.2022 13:00,30.12.2022 12:16,Chumphon,department of highways,motorcycle,speeding,rear-end collision,2,0,1,clear,10.73759582,99.20621141,straight road,slope area,2022-12-29T06:00:00Z
7521344,29.12.2022 13:05,30.12.2022 09:47,Buri Ram,department of highways,4-wheel pickup truck,cutting in closely by people/vehicles/animals,rear-end collision,2,0,1,clear,14.94801973,103.0912607,other,other,2022-12-29T06:05:00Z
7521388,29.12.2022 13:15,30.12.2022 09:57,Bangkok,department of highways,private/passenger car,speeding,rear-end collision,2,0,1,clear,13.78629952,100.4632799,other,other,2022-12-29T06:15:00Z
7522109,29.12.2022 13:15,30.12.2022 12:52,Nakhon Si Thammarat,department of highways,4-wheel pickup truck,speeding,rear-end collision,2,0,1,clear,8.177702468,99.85486176,straight road,no slope,2022-12-29T06:15:00Z
7519320,29.12.2022 13:30,29.12.2022 20:34,Udon Thani,department of highways,4-wheel pickup truck,speeding,rollover/fallen on straight road,1,0,1,clear,17.52540731,102.7994603,straight road,no slope,2022-12-29T06:30:00Z
7521116,29.12.2022 13:30,30.12.2022 08:55,Narathiwat,department of highways,motorcycle,speeding,rollover/fallen on curved road,1,0,1,clear,6.001443434,101.9557925,wide curve,no slope,2022-12-29T06:30:00Z
7520120,29.12.2022 13:40,30.12.2022 05:32,Udon Thani,department of highways,private/passenger car,speeding,rollover/fallen on curved road,1,0,0,clear,17.76373739,102.1449807,wide curve,no slope,2022-12-29T06:40:00Z
7519163,29.12.2022 13:45,29.12.2022 20:22,Phitsanulok,department of highways,private/passenger car,unfamiliarity with the route/unskilled driving,rollover/fallen on curved road,1,0,1,clear,17.23123845,101.0879155,wide curve,no slope,2022-12-29T06:45:00Z
7520090,29.12.2022 13:58,30.12.2022 05:25,Sukhothai,department of highways,motorcycle,speeding,rollover/fallen on straight road,1,0,1,clear,17.33052088,99.98446926,straight road,no slope,2022-12-29T06:58:00Z
7518550,29.12.2022 14:14,29.12.2022 16:23,Bangkok,department of highways,4-wheel pickup truck,speeding,rear-end collision,2,0,0,clear,13.73072013,100.7200107,straight road,no slope,2022-12-29T07:14:00Z
7518877,29.12.2022 14:15,29.12.2022 19:32,Suphan Buri,department of highways,van,cutting in closely by people/vehicles/animals,rear-end collision,2,1,0,clear,14.38432255,100.1761977,other,other,2022-12-29T07:15:00Z
7518583,29.12.2022 14:38,29.12.2022 15:58,Bangkok,department of highways,4-wheel pickup truck,speeding,rear-end collision,3,0,0,clear,13.89345243,100.6908171,straight road,no slope,2022-12-29T07:38:00Z
7520612,29.12.2022 14:50,30.12.2022 07:06,Kalasin,department of highways,large passenger vehicle,brake/anti-lock brake system failure,rollover/fallen on straight road,1,0,5,clear,16.47029808,103.5538793,straight road,no slope,2022-12-29T07:50:00Z
7522091,29.12.2022 15:00,30.12.2022 12:45,Nakhon Si Thammarat,department of highways,motorcycle,speeding,rollover/fallen on straight road,1,0,1,clear,8.356618738,99.75957208,other,other,2022-12-29T08:00:00Z
7520208,29.12.2022 15:10,30.12.2022 05:48,Si Sa Ket,department of highways,4-wheel pickup truck,cutting in closely by people/vehicles/animals,head-on collision (not overtaking),2,0,1,clear,14.73351448,104.543459,connecting to private area,other,2022-12-29T08:10:00Z
7519330,29.12.2022 15:20,29.12.2022 20:36,Surin,department of highways,motorcycle,cutting in closely by people/vehicles/animals,rear-end collision,2,0,1,clear,14.74701663,103.4267262,straight road,no slope,2022-12-29T08:20:00Z
7561469,29.12.2022 15:20,17.01.2023 09:51,Tak,department of highways,4-wheel pickup truck,cutting in closely by people/vehicles/animals,rear-end collision,2,0,0,clear,16.72187374,98.5687838,other,other,2022-12-29T08:20:00Z
7519132,29.12.2022 15:30,29.12.2022 21:00,Mae Hong Son,department of highways,private/passenger car,unfamiliarity with the route/unskilled driving,head-on collision (not overtaking),2,0,0,clear,17.90358382,97.96094203,wide curve,no slope,2022-12-29T08:30:00Z
7519908,29.12.2022 15:30,30.12.2022 04:48,Phrae,department of highways,motorcycle,speeding,rollover/fallen on straight road,1,0,1,clear,18.08947057,99.84453186,straight road,no slope,2022-12-29T08:30:00Z
7554025,29.12.2022 15:30,8.01.2023 09:33,Prachuap Khiri Khan,department of highways,4-wheel pickup truck,speeding,rear-end collision,2,0,3,clear,10.9896539,99.3458502,straight road,no slope,2022-12-29T08:30:00Z
7563973,29.12.2022 15:45,19.01.2023 09:20,Samut Sakhon,department of highways,4-wheel pickup truck,speeding,rear-end collision,2,0,0,clear,13.52469431,100.1850205,other,other,2022-12-29T08:45:00Z
7570782,29.12.2022 15:45,26.01.2023 07:28,Tak,department of highways,motorcycle,cutting in closely by people/vehicles/animals,rear-end collision,2,0,4,clear,16.52927461,98.70314196,straight road,no slope,2022-12-29T08:45:00Z
7526219,29.12.2022 15:50,31.12.2022 06:40,Sakon Nakhon,department of rural roads,motorcycle,vehicle equipment failure,other,1,1,1,clear,17.669554,103.759362,four-way intersection,other,2022-12-29T08:50:00Z
7522163,29.12.2022 15:55,30.12.2022 13:07,Phatthalung,department of highways,private/passenger car,cutting in closely by people/vehicles/animals,pedestrian collision,2,0,1,clear,7.597253181,100.0195192,straight road,no slope,2022-12-29T08:55:00Z
7518852,29.12.2022 16:00,29.12.2022 19:34,Loburi,department of highways,4-wheel pickup truck,speeding,rollover/fallen on straight road,1,0,0,clear,15.00674086,100.5754647,straight road,no slope,2022-12-29T09:00:00Z
7519129,29.12.2022 16:00,29.12.2022 20:19,Bangkok,department of highways,motorcycle,speeding,rear-end collision,3,0,1,clear,13.6471426,100.3826189,straight road,no slope,2022-12-29T09:00:00Z
7521229,29.12.2022 16:00,30.12.2022 09:23,Songkhla,department of highways,private/passenger car,speeding,rear-end collision,2,0,1,clear,6.958361067,100.6890348,other,other,2022-12-29T09:00:00Z
7522035,29.12.2022 16:00,30.12.2022 12:37,Prachin Buri,department of rural roads,motorcycle,speeding,other,2,0,2,clear,13.819341,101.494151,sharp curve,no slope,2022-12-29T09:00:00Z
7523001,29.12.2022 16:00,30.12.2022 17:19,Uthai Thani,department of highways,7-10-wheel truck,speeding,rollover/fallen on curved road,1,0,0,clear,15.24707733,99.67757941,wide curve,no slope,2022-12-29T09:00:00Z
7542170,29.12.2022 16:00,3.01.2023 12:13,Nonthaburi,department of rural roads,motorcycle,speeding,other,1,0,1,clear,13.913416,100.522054,straight road,no slope,2022-12-29T09:00:00Z
7561465,29.12.2022 16:00,17.01.2023 09:48,Tak,department of highways,motorcycle,speeding,rear-end collision,2,0,1,clear,16.74118739,98.60721722,wide curve,no slope,2022-12-29T09:00:00Z
7520305,29.12.2022 16:30,30.12.2022 06:06,Samut Sakhon,department of rural roads,motorcycle,abrupt lane change,other,1,0,1,clear,13.661769,100.218715,straight road,no slope,2022-12-29T09:30:00Z
7520318,29.12.2022 16:30,30.12.2022 06:05,Nonthaburi,department of rural roads,motorcycle,speeding,other,2,0,1,clear,13.932507,100.3743,straight road,no slope,2022-12-29T09:30:00Z
7521247,29.12.2022 16:30,30.12.2022 09:25,Suphan Buri,department of highways,motorcycle,speeding,rear-end collision,2,0,1,clear,14.30401149,99.97506915,straight road,no slope,2022-12-29T09:30:00Z
7522083,29.12.2022 16:30,30.12.2022 12:48,Nong Khai,department of rural roads,motorcycle,speeding,other,2,1,0,clear,18.055455,103.295706,straight road,no slope,2022-12-29T09:30:00Z
7544206,29.12.2022 16:30,4.01.2023 10:37,Rayong,department of highways,motorcycle,cutting in closely by people/vehicles/animals,head-on collision (not overtaking),2,0,0,clear,12.74134483,101.6006573,other,other,2022-12-29T09:30:00Z
7560550,29.12.2022 16:30,16.01.2023 08:41,Tak,department of highways,motorcycle,driving under the influence of alcohol,head-on collision (not overtaking),2,0,1,clear,16.91837697,98.56978085,straight road,no slope,2022-12-29T09:30:00Z
7564438,29.12.2022 16:30,19.01.2023 14:59,Nan,department of highways,motorcycle,cutting in closely by people/vehicles/animals,rear-end collision,2,0,3,clear,19.01714028,100.7849917,straight road,no slope,2022-12-29T09:30:00Z
7521633,29.12.2022 16:36,30.12.2022 10:58,Chachoengsao,department of highways,private/passenger car,cutting in closely by people/vehicles/animals,rear-end collision,2,1,0,clear,13.79377166,100.9445474,straight road,no slope,2022-12-29T09:36:00Z
7520095,29.12.2022 16:40,30.12.2022 05:27,Kamphaeng Phet,department of highways,motorized tricycle,cutting in closely by people/vehicles/animals,rear-end collision,2,1,2,clear,16.02394809,99.81862307,straight road,no slope,2022-12-29T09:40:00Z
7519875,29.12.2022 16:56,30.12.2022 04:39,Chiang Rai,department of highways,6-wheel truck,speeding,rear-end collision,2,0,1,clear,20.23615774,99.85611867,straight road,no slope,2022-12-29T09:56:00Z
7519121,29.12.2022 17:00,29.12.2022 21:02,Mae Hong Son,department of highways,motorcycle,medical condition,head-on collision (not overtaking),2,0,1,clear,18.83919947,97.94240935,straight road,no slope,2022-12-29T10:00:00Z
7519150,29.12.2022 17:00,29.12.2022 21:46,Lamphun,department of highways,private/passenger car,speeding,rollover/fallen on straight road,1,0,0,clear,18.53754501,99.0725537,straight road,no slope,2022-12-29T10:00:00Z
7521640,29.12.2022 17:00,30.12.2022 10:59,Chachoengsao,department of highways,4-wheel pickup truck,speeding,rear-end collision,2,0,1,clear,13.72946328,101.0324903,straight road,no slope,2022-12-29T10:00:00Z
7555200,29.12.2022 17:00,10.01.2023 09:42,Yala,department of highways,4-wheel pickup truck,speeding,rollover/fallen on straight road,2,0,0,clear,6.159883541,101.1885466,straight road,no slope,2022-12-29T10:00:00Z
7568505,29.12.2022 17:00,24.01.2023 16:07,Phetchabun,department of highways,4-wheel pickup truck,speeding,rollover/fallen on straight road,1,0,0,clear,15.46254511,101.1051356,straight road,no slope,2022-12-29T10:00:00Z
7519870,29.12.2022 17:05,30.12.2022 04:37,Lamphun,department of highways,4-wheel pickup truck,speeding,rear-end collision,2,0,1,clear,18.54091061,98.93866362,wide curve,no slope,2022-12-29T10:05:00Z
7520565,29.12.2022 17:05,30.12.2022 06:57,Bangkok,department of highways,private/passenger car,speeding,rear-end collision,5,0,0,clear,13.90085214,100.6949839,straight road,no slope,2022-12-29T10:05:00Z
7521118,29.12.2022 17:05,30.12.2022 08:56,Narathiwat,department of highways,motorcycle,speeding,rollover/fallen on straight road,1,0,1,clear,6.227079355,102.0322153,straight road,no slope,2022-12-29T10:05:00Z
7521970,29.12.2022 17:10,30.12.2022 12:23,Ratchaburi,department of highways,motorcycle,cutting in closely by people/vehicles/animals,rear-end collision,2,1,1,clear,13.56368305,99.73605023,other,other,2022-12-29T10:10:00Z
7554034,29.12.2022 17:30,8.01.2023 09:46,Phrae,department of highways,private/passenger car,speeding,rear-end collision,2,0,1,clear,18.39949099,100.4649165,straight road,no slope,2022-12-29T10:30:00Z
7565149,29.12.2022 17:30,20.01.2023 09:03,Nakhon Phanom,department of highways,motorcycle,falling asleep,rollover/fallen on curved road,1,1,0,clear,17.10090454,104.6215774,sharp curve,no slope,2022-12-29T10:30:00Z
7520195,29.12.2022 17:45,30.12.2022 05:47,Prachin Buri,department of highways,large truck with trailer,brake/anti-lock brake system failure,rear-end collision,6,0,0,clear,13.86875336,101.5592104,straight road,no slope,2022-12-29T10:45:00Z
7554078,29.12.2022 17:50,8.01.2023 11:23,Surat Thani,department of highways,4-wheel pickup truck,cutting in closely by people/vehicles/animals,rear-end collision,2,1,0,clear,8.609388374,99.35748656,straight road,no slope,2022-12-29T10:50:00Z
7520887,29.12.2022 18:00,30.12.2022 08:07,Nakhon Sawan,department of highways,private/passenger car,speeding,rear-end collision,2,0,0,clear,15.61687731,100.1197399,straight road,no slope,2022-12-29T11:00:00Z
7523113,29.12.2022 18:00,30.12.2022 17:48,Pathum Thani,department of highways,4-wheel pickup truck,failure to yield right of way,rear-end collision,2,1,0,clear,13.95769465,100.8600913,other,other,2022-12-29T11:00:00Z
7542168,29.12.2022 18:05,3.01.2023 12:13,Ratchaburi,department of rural roads,motorcycle,speeding,other,2,0,1,clear,13.600476,99.793536,t-intersection,other,2022-12-29T11:05:00Z
7521704,29.12.2022 18:10,30.12.2022 11:14,Chiang Rai,department of highways,motorcycle,reversing vehicle,collision with obstruction (on road surface),2,1,1,other,19.74631718,99.71262371,straight road,no slope,2022-12-29T11:10:00Z
7523601,29.12.2022 18:10,30.12.2022 20:05,Phra Nakhon Si Ayutthaya,department of highways,motorcycle,speeding,rollover/fallen on straight road,1,0,1,clear,14.1995705,100.6546327,straight road,no slope,2022-12-29T11:10:00Z
7522049,29.12.2022 18:12,30.12.2022 12:36,Ubon Ratchathani,department of rural roads,motorcycle,illegal overtaking,other,1,1,0,clear,15.125918,105.346764,wide curve,no slope,2022-12-29T11:12:00Z
7520993,29.12.2022 18:15,30.12.2022 08:27,Saraburi,department of highways,motorcycle,failure to yield/signal,rear-end collision,3,0,1,clear,14.69572635,100.8663346,straight road,no slope,2022-12-29T11:15:00Z
7522106,29.12.2022 18:15,30.12.2022 12:51,Nakhon Si Thammarat,department of highways,large truck with trailer,speeding,rear-end collision,2,0,0,clear,8.32726889,99.4467268,other,other,2022-12-29T11:15:00Z
7520310,29.12.2022 18:30,30.12.2022 06:06,Sa Kaeo,department of rural roads,motorized tricycle,speeding,other,1,0,1,clear,13.546632,102.109955,straight road,no slope,2022-12-29T11:30:00Z
7520491,29.12.2022 18:30,30.12.2022 06:43,Chachoengsao,department of highways,motorcycle,speeding,rear-end collision,2,0,4,clear,13.70542045,101.0915297,straight road,no slope,2022-12-29T11:30:00Z
7521166,29.12.2022 18:30,30.12.2022 09:08,Suphan Buri,department of highways,motorcycle,speeding,rear-end collision,3,0,1,clear,14.42824472,100.1454744,straight road,no slope,2022-12-29T11:30:00Z
7521201,29.12.2022 18:30,30.12.2022 09:16,Nakhon Ratchasima,department of highways,private/passenger car,speeding,rollover/fallen on straight road,1,0,0,clear,14.81118749,102.1753997,other,other,2022-12-29T11:30:00Z
7543037,29.12.2022 18:30,3.01.2023 15:37,Phrae,department of highways,motorcycle,insufficient light,rollover/fallen on curved road,1,0,1,clear,18.2839347,100.3067459,wide curve,no slope,2022-12-29T11:30:00Z
7542164,29.12.2022 18:32,3.01.2023 12:14,Krabi,department of rural roads,motorcycle,medical condition,other,1,1,0,clear,7.780747,99.065445,wide curve,no slope,2022-12-29T11:32:00Z
7524167,29.12.2022 18:35,30.12.2022 22:43,Nakhon Ratchasima,department of highways,large truck with trailer,brake/anti-lock brake system failure,rear-end collision,13,0,8,clear,14.63068554,101.2232289,wide curve,slope area,2022-12-29T11:35:00Z
7554057,29.12.2022 18:43,8.01.2023 10:15,Bangkok,department of highways,private/passenger car,speeding,rear-end collision,9,0,0,clear,13.72932658,100.7363031,other,other,2022-12-29T11:43:00Z
7519732,29.12.2022 18:50,30.12.2022 04:03,Sakon Nakhon,department of highways,private/passenger car,worn-out/tire blowout,rear-end collision,3,0,0,clear,17.11680872,104.0218216,wide curve,no slope,2022-12-29T11:50:00Z
7520129,29.12.2022 18:50,30.12.2022 05:31,Si Sa Ket,department of highways,private/passenger car,speeding,rollover/fallen on straight road,1,0,0,clear,15.09902199,104.3374364,straight road,no slope,2022-12-29T11:50:00Z
7520277,29.12.2022 19:00,30.12.2022 06:04,Phetchaburi,department of rural roads,private/passenger car,falling asleep,other,1,0,1,clear,13.15088,99.599763,straight road,no slope,2022-12-29T12:00:00Z
7519327,29.12.2022 19:06,29.12.2022 22:52,Bangkok,department of highways,private/passenger car,speeding,rear-end collision,4,0,0,clear,13.73052553,100.7218196,straight road,no slope,2022-12-29T12:06:00Z
7519867,29.12.2022 19:10,30.12.2022 04:36,Lampang,department of highways,4-wheel pickup truck,insufficient light,rear-end collision,2,0,2,clear,19.058608,99.61531605,other,other,2022-12-29T12:10:00Z
7519933,29.12.2022 19:10,30.12.2022 04:50,Phitsanulok,department of highways,private/passenger car,failure to yield/signal,rear-end collision,4,0,0,clear,16.76212507,100.2112919,straight road,no slope,2022-12-29T12:10:00Z
7526700,29.12.2022 19:15,31.12.2022 08:29,Saraburi,department of highways,motorcycle,cutting in closely by people/vehicles/animals,rear-end collision,2,0,1,clear,14.52952974,100.9382898,other,other,2022-12-29T12:15:00Z
7554091,29.12.2022 19:16,8.01.2023 11:44,Saraburi,department of highways,motorcycle,cutting in closely by people/vehicles/animals,rear-end collision,2,1,0,clear,14.39898282,100.9301481,wide curve,no slope,2022-12-29T12:16:00Z
7518888,29.12.2022 19:20,29.12.2022 19:57,Phetchaburi,department of highways,4-wheel pickup truck,worn-out/tire blowout,rollover/fallen on straight road,1,0,0,clear,13.14097869,99.85792152,straight road,no slope,2022-12-29T12:20:00Z
7527651,29.12.2022 19:20,31.12.2022 11:39,Surat Thani,department of highways,motorcycle,insufficient light,rollover/fallen on straight road,1,0,1,clear,8.856248882,99.18777153,straight road,no slope,2022-12-29T12:20:00Z
7519323,29.12.2022 19:24,29.12.2022 21:27,Nan,department of highways,private/passenger car,speeding,rear-end collision,2,0,1,clear,19.05960324,100.8071084,straight road,no slope,2022-12-29T12:24:00Z
7520134,29.12.2022 19:30,30.12.2022 05:34,Roi Et,department of highways,private/passenger car,speeding,rear-end collision,2,0,1,clear,15.76950377,103.7351245,other,other,2022-12-29T12:30:00Z
7520222,29.12.2022 19:30,30.12.2022 05:51,Si Sa Ket,department of highways,4-wheel pickup truck,speeding,rear-end collision,2,0,3,clear,14.68647906,104.3977032,straight road,no slope,2022-12-29T12:30:00Z
7521331,29.12.2022 19:30,30.12.2022 09:44,Bangkok,department of highways,private/passenger car,speeding,rear-end collision,2,0,0,clear,13.78437813,100.3976286,straight road,no slope,2022-12-29T12:30:00Z
7519958,29.12.2022 19:39,30.12.2022 04:58,Uttaradit,department of highways,7-10-wheel truck,speeding,rear-end collision,2,0,0,clear,17.55861371,100.2881236,straight road,no slope,2022-12-29T12:39:00Z
7520914,29.12.2022 19:40,30.12.2022 08:11,Nakhon Sawan,department of highways,motorcycle,speeding,collision with obstruction (on road surface),2,0,1,clear,15.26837114,100.3195584,straight road,no slope,2022-12-29T12:40:00Z
7520308,29.12.2022 19:54,30.12.2022 06:06,Chai Nat,department of rural roads,motorcycle,driving under the influence of alcohol,other,1,0,1,clear,15.126693,100.075191,straight road,no slope,2022-12-29T12:54:00Z
7521099,29.12.2022 20:00,30.12.2022 08:52,Mukdahan,department of highways,private/passenger car,speeding,rear-end collision,2,1,0,clear,16.32085741,104.9136904,straight road,no slope,2022-12-29T13:00:00Z