acc_code,incident_datetime,report_datetime,province_en,agency,vehicle_type,presumed_cause,accident_type,number_of_vehicles_involved,number_of_fatalities,number_of_injuries,weather_condition,latitude,longitude,road_description,slope_description,incident_time
7554067,29.12.2022 20:00,8.01.2023 10:35,Phichit,department of highways,motorcycle,reversing vehicle,collision with obstruction (on road surface),1,1,0,clear,16.38397784,100.5393112,straight road,no slope,2022-12-29T13:00:00Z
7520128,29.12.2022 20:10,30.12.2022 05:31,Loei,department of highways,4-wheel pickup truck,cutting in closely by people/vehicles/animals,other,2,1,0,other,17.30413616,101.8882181,connecting to private area,other,2022-12-29T13:10:00Z
7522935,29.12.2022 20:15,30.12.2022 16:55,Saraburi,department of highways,4-wheel pickup truck,loss of control,rear-end collision,4,0,1,clear,14.41458401,100.8922329,straight road,no slope,2022-12-29T13:15:00Z
7553609,29.12.2022 20:20,7.01.2023 11:50,Saraburi,department of highways,private/passenger car,speeding,rollover/fallen on straight road,2,0,0,clear,14.36526401,100.9731103,straight road,no slope,2022-12-29T13:20:00Z
7521539,29.12.2022 20:30,30.12.2022 10:32,Samut Prakan,department of highways,4-wheel pickup truck,falling asleep,rollover/fallen on straight road,1,0,0,clear,13.59780825,100.7966195,straight road,no slope,2022-12-29T13:30:00Z
7521665,29.12.2022 20:30,30.12.2022 11:04,Chon Buri,department of highways,private/passenger car,speeding,rollover/fallen on straight road,1,0,2,clear,13.28958968,101.2580548,straight road,no slope,2022-12-29T13:30:00Z
7519872,29.12.2022 20:34,30.12.2022 04:35,Chiang Mai,department of highways,private/passenger car,speeding,collision with obstruction (on road surface),2,0,0,clear,19.88646304,99.19559816,straight road,no slope,2022-12-29T13:34:00Z
7522048,29.12.2022 20:40,30.12.2022 12:35,Lamphun,department of rural roads,three-wheeled vehicle,speeding,other,1,1,0,clear,18.553502,99.248768,straight road,no slope,2022-12-29T13:40:00Z
7562965,29.12.2022 20:40,18.01.2023 13:33,Tak,department of highways,motorcycle,running red lights/traffic signals,head-on collision (not overtaking),2,0,1,clear,16.8850602,99.11942214,other,other,2022-12-29T13:40:00Z
7520097,29.12.2022 20:50,30.12.2022 05:27,Sa Kaeo,department of highways,motorcycle,speeding,rear-end collision,2,0,1,clear,13.91188408,102.4785851,wide curve,no slope,2022-12-29T13:50:00Z
7520422,29.12.2022 20:50,30.12.2022 06:26,Uttaradit,department of highways,private/passenger car,speeding,collision with obstruction (on road surface),1,0,1,clear,17.63071611,100.1836368,straight road,no slope,2022-12-29T13:50:00Z
7519280,29.12.2022 20:56,29.12.2022 22:23,Phrae,department of highways,4-wheel pickup truck,speeding,rear-end collision,2,0,0,clear,18.21543455,100.1981986,straight road,no slope,2022-12-29T13:56:00Z
7523782,29.12.2022 21:20,30.12.2022 20:53,Surat Thani,department of highways,private/passenger car,speeding,rollover/fallen on straight road,1,0,0,clear,9.131636158,99.48712081,straight road,no slope,2022-12-29T14:20:00Z
7552387,29.12.2022 21:20,6.01.2023 08:57,Yala,department of highways,4-wheel pickup truck,aggressive driving/overtaking,pedestrian collision,1,0,1,clear,6.115923848,101.1893927,wide curve,no slope,2022-12-29T14:20:00Z
7521780,29.12.2022 21:30,30.12.2022 11:33,Rayong,department of highways,4-wheel pickup truck,speeding,rear-end collision,2,0,1,clear,12.83331995,101.2344853,straight road,no slope,2022-12-29T14:30:00Z
7522086,29.12.2022 21:32,30.12.2022 12:49,Nakhon Si Thammarat,department of rural roads,motorcycle,driving under the influence of alcohol,other,2,1,1,clear,9.069057,99.850536,straight road,no slope,2022-12-29T14:32:00Z
7521060,29.12.2022 21:45,30.12.2022 08:41,Kanchanaburi,department of highways,4-wheel pickup truck,cutting in closely by people/vehicles/animals,rear-end collision,2,0,0,clear,13.96547358,99.72314889,other,other,2022-12-29T14:45:00Z
7542173,29.12.2022 21:45,3.01.2023 12:11,Suphan Buri,department of rural roads,private/passenger car,falling asleep,other,1,0,1,clear,14.790832,100.089604,straight road,no slope,2022-12-29T14:45:00Z
7551232,29.12.2022 21:45,5.01.2023 10:50,Suphan Buri,department of highways,motorcycle,failure to yield right of way,rear-end collision,2,0,1,clear,14.74989378,99.78846967,other,other,2022-12-29T14:45:00Z
7519849,29.12.2022 22:00,30.12.2022 04:34,Chiang Mai,department of highways,private/passenger car,speeding,head-on collision (not overtaking),2,0,1,clear,19.24814114,98.96765189,wide curve,no slope,2022-12-29T15:00:00Z
7523580,29.12.2022 22:00,30.12.2022 20:04,Chaiyaphum,department of highways,large truck with trailer,speeding,rear-end collision,2,0,1,clear,16.32645105,102.1884744,straight road,no slope,2022-12-29T15:00:00Z
7552595,29.12.2022 22:00,6.01.2023 10:46,Phrae,department of highways,4-wheel pickup truck,speeding,rollover/fallen on straight road,1,0,0,clear,18.1528048,100.1581706,straight road,no slope,2022-12-29T15:00:00Z
7521614,29.12.2022 22:10,30.12.2022 10:53,Chanthaburi,department of highways,4-wheel pickup truck,cutting in closely by people/vehicles/animals,head-on collision (not overtaking),2,0,1,clear,12.70986783,101.9822297,other,other,2022-12-29T15:10:00Z
7554038,29.12.2022 22:15,8.01.2023 09:51,Kanchanaburi,department of highways,motorcycle,speeding,rear-end collision,2,0,1,clear,13.98020758,99.59600393,straight road,no slope,2022-12-29T15:15:00Z
7521670,29.12.2022 22:20,30.12.2022 11:02,Chon Buri,department of highways,motorcycle,driving under the influence of alcohol,rollover/fallen on straight road,1,0,1,clear,13.23775697,101.2170157,straight road,no slope,2022-12-29T15:20:00Z
7522917,29.12.2022 22:30,30.12.2022 16:51,Saraburi,department of highways,large passenger vehicle,unfamiliarity with the route/unskilled driving,rollover/fallen on straight road,1,0,0,clear,14.57426307,100.9020491,straight road,no slope,2022-12-29T15:30:00Z
7519910,29.12.2022 23:00,30.12.2022 04:45,Phrae,department of highways,private/passenger car,speeding,rollover/fallen on straight road,1,0,0,clear,18.15616907,100.1750953,straight road,no slope,2022-12-29T16:00:00Z
7521521,29.12.2022 23:00,30.12.2022 10:28,Pathum Thani,department of highways,motorcycle,speeding,rear-end collision,2,1,0,clear,13.98481828,100.5149125,other,other,2022-12-29T16:00:00Z
7534418,29.12.2022 23:00,1.01.2023 21:36,Nonthaburi,department of highways,motorcycle,running red lights/traffic signals,rear-end collision,2,0,0,clear,13.87577718,100.4336111,other,other,2022-12-29T16:00:00Z
7554042,29.12.2022 23:00,8.01.2023 09:53,Uthai Thani,department of highways,4-wheel pickup truck,speeding,rollover/fallen on straight road,1,0,1,clear,15.38209018,99.83594811,straight road,no slope,2022-12-29T16:00:00Z
7554063,29.12.2022 23:00,8.01.2023 10:28,Phatthalung,department of highways,4-wheel pickup truck,driving under the influence of alcohol,rollover/fallen on straight road,1,0,1,clear,7.476398653,100.1951288,other,other,2022-12-29T16:00:00Z
7521643,29.12.2022 23:05,30.12.2022 10:59,Lamphun,department of highways,motorcycle,driving under the influence of alcohol,rollover/fallen on straight road,1,0,1,clear,18.58652078,99.0508001,straight road,no slope,2022-12-29T16:05:00Z
7564357,29.12.2022 23:11,19.01.2023 14:09,Trang,department of highways,4-wheel pickup truck,speeding,rear-end collision,2,0,1,clear,7.611300004,99.63057876,straight road,no slope,2022-12-29T16:11:00Z
7559382,29.12.2022 23:30,13.01.2023 14:03,Nonthaburi,department of highways,private/passenger car,speeding,rollover/fallen on straight road,1,0,0,clear,14.1218459,100.2892807,straight road,no slope,2022-12-29T16:30:00Z
7523111,29.12.2022 23:40,30.12.2022 17:47,Chiang Rai,department of highways,4-wheel pickup truck,speeding,rollover/fallen on straight road,1,0,0,clear,19.78753461,99.9094777,straight road,no slope,2022-12-29T16:40:00Z
7523384,30.12.2022 00:01,30.12.2022 19:07,Pathum Thani,department of rural roads,van,unfamiliarity with the route/unskilled driving,other,1,4,7,dark,14.160203,100.652714,t-intersection,other,2022-12-29T17:01:00Z
7521669,30.12.2022 00:05,30.12.2022 11:01,Lamphun,department of highways,motorcycle,loss of control,rollover/fallen on straight road,1,0,1,clear,18.57009927,99.04420999,straight road,no slope,2022-12-29T17:05:00Z
7565303,30.12.2022 00:08,20.01.2023 09:55,Chanthaburi,department of highways,4-wheel pickup truck,speeding,rollover/fallen on straight road,1,0,0,clear,12.61304338,102.0811951,other,other,2022-12-29T17:08:00Z
7522074,30.12.2022 00:10,30.12.2022 12:44,Nakhon Si Thammarat,department of highways,private/passenger car,speeding,rear-end collision,2,1,0,clear,8.401673115,99.92030135,straight road,no slope,2022-12-29T17:10:00Z
7528060,30.12.2022 00:10,31.12.2022 13:18,Pathum Thani,department of highways,van,driving under the influence of alcohol,other,1,4,7,clear,14.16045531,100.6531133,other,other,2022-12-29T17:10:00Z
7521972,30.12.2022 00:15,30.12.2022 12:23,Ratchaburi,department of highways,private/passenger car,speeding,rollover/fallen on straight road,1,0,1,clear,13.51144816,99.73281137,straight road,no slope,2022-12-29T17:15:00Z
7523182,30.12.2022 00:20,30.12.2022 18:09,Pathum Thani,department of highways,private/passenger car,speeding,collision with obstruction (on road surface),2,0,1,clear,14.0499478,100.4605763,straight road,no slope,2022-12-29T17:20:00Z
7526194,30.12.2022 00:30,31.12.2022 06:37,Nakhon Phanom,department of rural roads,4-wheel pickup truck,speeding,other,2,0,1,clear,17.497425,104.719994,straight road,no slope,2022-12-29T17:30:00Z
7527878,30.12.2022 00:37,31.12.2022 12:23,Chiang Mai,department of rural roads,motorcycle,speeding,other,1,0,1,clear,18.742561,99.000217,straight road,no slope,2022-12-29T17:37:00Z
7521194,30.12.2022 00:45,30.12.2022 09:17,Kanchanaburi,department of highways,4-wheel pickup truck,speeding,rollover/fallen on straight road,1,0,3,clear,14.0353761,99.81171727,straight road,no slope,2022-12-29T17:45:00Z
7521672,30.12.2022 00:45,30.12.2022 11:03,Lamphun,department of highways,4-wheel pickup truck,speeding,rollover/fallen on straight road,1,0,0,clear,18.55751274,99.04606481,straight road,no slope,2022-12-29T17:45:00Z
7527732,30.12.2022 00:45,31.12.2022 11:58,Nong Bua Lam Phu,department of highways,private/passenger car,loss of control,rollover/fallen on straight road,1,0,1,clear,17.22972064,102.4033836,straight road,no slope,2022-12-29T17:45:00Z
7523676,30.12.2022 00:50,30.12.2022 20:25,Nakhon Si Thammarat,department of highways,4-wheel pickup truck,running red lights/traffic signals,collision at intersection corner,2,0,1,clear,8.163858953,99.65992567,other,other,2022-12-29T17:50:00Z
7528381,30.12.2022 00:58,31.12.2022 14:47,Suphan Buri,department of rural roads,motorcycle,speeding,pedestrian collision,1,1,0,dark,14.166121,100.161306,straight road,no slope,2022-12-29T17:58:00Z
7523659,30.12.2022 01:00,30.12.2022 20:22,Nakhon Si Thammarat,department of highways,motorcycle,speeding,rollover/fallen on curved road,1,0,1,clear,8.156253763,99.6750637,other,other,2022-12-29T18:00:00Z
7528543,30.12.2022 01:00,31.12.2022 15:36,Maha Sarakham,department of rural roads,motorcycle,driving under the influence of alcohol,other,1,0,1,dark,15.662209,103.231633,straight road,no slope,2022-12-29T18:00:00Z
7529403,30.12.2022 01:00,31.12.2022 20:03,Roi Et,department of highways,private/passenger car,speeding,rollover/fallen on straight road,1,0,0,clear,15.86425857,103.7112628,straight road,no slope,2022-12-29T18:00:00Z
7521555,30.12.2022 01:10,30.12.2022 10:36,Kalasin,department of highways,private/passenger car,falling asleep,head-on collision (not overtaking),2,0,6,clear,16.38462412,103.2302476,straight road,no slope,2022-12-29T18:10:00Z
7522178,30.12.2022 01:10,30.12.2022 13:11,Ranong,department of highways,4-wheel pickup truck,falling asleep,rollover/fallen on curved road,1,0,2,clear,10.07626471,98.66743237,wide curve,no slope,2022-12-29T18:10:00Z
7526894,30.12.2022 01:10,31.12.2022 09:03,Phra Nakhon Si Ayutthaya,department of highways,private/passenger car,speeding,rollover/fallen on straight road,1,0,1,clear,14.29630505,100.657734,straight road,no slope,2022-12-29T18:10:00Z
7521137,30.12.2022 01:15,30.12.2022 09:00,Phrae,department of highways,private/passenger car,speeding,rollover/fallen on straight road,1,1,1,clear,18.17836015,100.182281,straight road,no slope,2022-12-29T18:15:00Z
7524524,30.12.2022 01:30,31.12.2022 00:26,Chachoengsao,department of highways,4-wheel pickup truck,speeding,rear-end collision,2,0,0,clear,13.59661285,100.9580909,straight road,no slope,2022-12-29T18:30:00Z
7523559,30.12.2022 01:45,30.12.2022 19:57,Kamphaeng Phet,department of highways,private/passenger car,driving under the influence of alcohol,collision with obstruction (on road surface),1,0,1,clear,16.49387801,99.51800405,other,other,2022-12-29T18:45:00Z
7521689,30.12.2022 01:50,30.12.2022 11:07,Chiang Rai,department of highways,4-wheel pickup truck,speeding,rollover/fallen on curved road,1,0,0,clear,19.64297024,99.96009886,wide curve,no slope,2022-12-29T18:50:00Z
7560703,30.12.2022 01:55,16.01.2023 11:15,Roi Et,department of highways,motorcycle,speeding,rollover/fallen on straight road,1,0,2,clear,16.06583354,103.7016329,other,other,2022-12-29T18:55:00Z
7523603,30.12.2022 02:14,30.12.2022 20:08,Chaiyaphum,department of highways,private/passenger car,falling asleep,rollover/fallen on straight road,1,0,0,clear,15.81928483,102.1309729,straight road,no slope,2022-12-29T19:14:00Z
7534585,30.12.2022 02:15,1.01.2023 22:24,Phra Nakhon Si Ayutthaya,department of highways,private/passenger car,speeding,collision with obstruction (on road surface),4,0,2,clear,14.31197906,100.5267718,straight road,no slope,2022-12-29T19:15:00Z
7553667,30.12.2022 02:15,7.01.2023 12:34,Phra Nakhon Si Ayutthaya,department of highways,large truck with trailer,falling asleep,rear-end collision,2,0,1,clear,14.40190043,100.5299509,straight road,no slope,2022-12-29T19:15:00Z
7525905,30.12.2022 02:20,31.12.2022 05:42,Samut Prakan,department of highways,motorcycle,speeding,collision with obstruction (on road surface),2,0,1,clear,13.59347567,100.5668275,straight road,no slope,2022-12-29T19:20:00Z
7523699,30.12.2022 02:30,30.12.2022 20:32,Si Sa Ket,department of highways,private/passenger car,speeding,rear-end collision,2,0,3,clear,14.6408866,104.0741152,straight road,no slope,2022-12-29T19:30:00Z
7526817,30.12.2022 02:30,31.12.2022 08:45,Bangkok,department of highways,large truck with trailer,speeding,rollover/fallen on straight road,1,0,0,clear,13.62999683,100.4181766,straight road,no slope,2022-12-29T19:30:00Z
7555864,30.12.2022 02:37,11.01.2023 07:15,Tak,department of highways,4-wheel pickup truck,speeding,rollover/fallen on straight road,1,0,2,clear,16.75597382,99.19966981,straight road,no slope,2022-12-29T19:37:00Z
7523625,30.12.2022 02:50,30.12.2022 20:11,Phatthalung,department of highways,4-wheel pickup truck,falling asleep,rear-end collision,2,1,1,clear,7.209945551,100.2049845,straight road,no slope,2022-12-29T19:50:00Z
7561831,30.12.2022 03:00,17.01.2023 15:13,Phatthalung,department of highways,4-wheel pickup truck,speeding,rollover/fallen on straight road,1,0,1,clear,7.702701769,99.99658419,straight road,no slope,2022-12-29T20:00:00Z
7521613,30.12.2022 03:10,30.12.2022 10:51,Chanthaburi,department of highways,private/passenger car,speeding,rollover/fallen on straight road,1,0,2,clear,12.64814268,102.0921747,straight road,no slope,2022-12-29T20:10:00Z
7522038,30.12.2022 03:20,30.12.2022 12:35,Roi Et,department of highways,4-wheel pickup truck,speeding,rollover/fallen on straight road,1,0,0,clear,15.61852021,103.8479662,straight road,no slope,2022-12-29T20:20:00Z
7525710,30.12.2022 03:30,31.12.2022 05:03,Phayao,department of highways,motorcycle,speeding,rollover/fallen on straight road,1,0,1,foggy,19.26388098,99.85707924,straight road,no slope,2022-12-29T20:30:00Z
7526187,30.12.2022 03:30,31.12.2022 06:39,Chachoengsao,department of rural roads,private/passenger car,illegal overtaking,other,2,1,1,dark,13.577641,100.919811,wide curve,no slope,2022-12-29T20:30:00Z
7544386,30.12.2022 04:02,4.01.2023 13:34,Roi Et,department of highways,4-wheel pickup truck,speeding,rollover/fallen on straight road,1,0,1,clear,16.0498787,103.6475726,other,other,2022-12-29T21:02:00Z
7525909,30.12.2022 04:10,31.12.2022 05:41,Samut Prakan,department of highways,4-wheel pickup truck,speeding,rollover/fallen on straight road,1,0,1,clear,13.62367606,100.5381913,straight road,no slope,2022-12-29T21:10:00Z
7569513,30.12.2022 04:40,25.01.2023 13:50,Prachin Buri,department of highways,4-wheel pickup truck,cutting in closely by people/vehicles/animals,rear-end collision,2,0,0,clear,14.26762461,101.8933038,straight road,no slope,2022-12-29T21:40:00Z
7522686,30.12.2022 04:51,30.12.2022 15:47,Nakhon Sawan,department of highways,4-wheel pickup truck,worn-out/tire blowout,rollover/fallen on straight road,1,0,0,clear,15.43229146,100.1421726,straight road,no slope,2022-12-29T21:51:00Z
7526092,30.12.2022 04:56,31.12.2022 06:16,Nakhon Ratchasima,department of highways,4-wheel pickup truck,loss of control,rear-end collision,2,0,1,clear,15.05727793,102.1258584,straight road,no slope,2022-12-29T21:56:00Z
7569488,30.12.2022 05:00,25.01.2023 13:42,Prachin Buri,department of highways,4-wheel pickup truck,speeding,rollover/fallen on straight road,1,0,0,clear,14.1684639,101.895379,straight road,no slope,2022-12-29T22:00:00Z
7522089,30.12.2022 05:11,30.12.2022 12:48,Nakhon Si Thammarat,department of highways,4-wheel pickup truck,speeding,rollover/fallen on straight road,1,0,1,clear,8.045620277,100.2864933,straight road,no slope,2022-12-29T22:11:00Z
7566955,30.12.2022 05:30,23.01.2023 07:35,Tak,department of highways,motorcycle,running red lights/traffic signals,collision at intersection corner,2,0,1,clear,16.88534252,99.12707984,other,other,2022-12-29T22:30:00Z
7527218,30.12.2022 05:32,31.12.2022 10:13,Phra Nakhon Si Ayutthaya,department of highways,private/passenger car,speeding,rear-end collision,3,0,0,clear,14.18634519,100.638341,straight road,no slope,2022-12-29T22:32:00Z
7521580,30.12.2022 05:44,30.12.2022 10:42,Phra Nakhon Si Ayutthaya,department of highways,4-wheel pickup truck,worn-out/tire blowout,rollover/fallen on straight road,1,0,0,clear,14.20027907,100.6561938,straight road,no slope,2022-12-29T22:44:00Z
7521953,30.12.2022 05:48,30.12.2022 12:18,Prachuap Khiri Khan,department of highways,motorcycle,driving under the influence of alcohol,rollover/fallen on straight road,1,1,0,clear,12.51409298,99.96607353,straight road,no slope,2022-12-29T22:48:00Z
7528252,30.12.2022 06:00,31.12.2022 14:10,Sukhothai,department of rural roads,motorcycle,dangerous curve,other,1,1,0,clear,17.732035,99.672638,wide curve,slope area,2022-12-29T23:00:00Z
7523439,30.12.2022 06:10,30.12.2022 19:22,Chon Buri,department of highways,4-wheel pickup truck,speeding,rollover/fallen on straight road,1,0,0,clear,13.09033804,101.1281528,straight road,no slope,2022-12-29T23:10:00Z
7566952,30.12.2022 06:15,23.01.2023 07:33,Tak,department of highways,4-wheel pickup truck,speeding,rollover/fallen on straight road,1,0,0,clear,16.78162838,99.17411238,straight road,no slope,2022-12-29T23:15:00Z
7524488,30.12.2022 06:18,31.12.2022 00:14,Bangkok,expressway authority of thailand,other,other,rollover/fallen on straight road,1,0,0,clear,13.74241401,100.6361676,straight road,other,2022-12-29T23:18:00Z
7551294,30.12.2022 06:25,5.01.2023 11:13,Phuket,department of highways,motorcycle,speeding,rear-end collision,2,0,1,clear,7.848017485,98.38221028,straight road,no slope,2022-12-29T23:25:00Z
7568502,30.12.2022 06:25,24.01.2023 15:55,Phetchabun,department of highways,large truck with trailer,speeding,rollover/fallen on curved road,1,0,1,clear,15.80098738,101.3069728,wide curve,slope area,2022-12-29T23:25:00Z
7523108,30.12.2022 06:30,30.12.2022 17:46,Lampang,department of highways,private/passenger car,speeding,rollover/fallen on straight road,1,0,0,clear,17.42036909,99.15730012,straight road,no slope,2022-12-29T23:30:00Z
7523683,30.12.2022 06:30,30.12.2022 20:28,Surin,department of highways,4-wheel pickup truck,falling asleep,rollover/fallen on straight road,1,0,0,clear,14.61026009,103.5932489,straight road,no slope,2022-12-29T23:30:00Z
7568131,30.12.2022 06:30,24.01.2023 09:57,Chiang Mai,department of highways,motorcycle,falling asleep,rollover/fallen on straight road,1,1,0,clear,18.93313366,98.98865774,straight road,no slope,2022-12-29T23:30:00Z
7521142,30.12.2022 06:40,30.12.2022 09:04,Suphan Buri,department of highways,4-wheel pickup truck,cutting in closely by people/vehicles/animals,rollover/fallen on straight road,1,0,0,clear,14.47226342,100.1311487,straight road,no slope,2022-12-29T23:40:00Z
7525740,30.12.2022 06:45,31.12.2022 05:07,Phichit,department of highways,4-wheel pickup truck,speeding,rollover/fallen on straight road,1,0,1,clear,16.47449034,100.1469617,straight road,no slope,2022-12-29T23:45:00Z
7521541,30.12.2022 07:00,30.12.2022 10:31,Khon Kaen,department of highways,private/passenger car,speeding,rollover/fallen on straight road,1,0,0,clear,16.04772869,102.7150132,straight road,no slope,2022-12-30T00:00:00Z
7521681,30.12.2022 07:00,30.12.2022 11:05,Mae Hong Son,department of highways,motorcycle,speeding,rollover/fallen on straight road,1,0,1,clear,18.1225221,97.93805367,straight road,no slope,2022-12-30T00:00:00Z
7523103,30.12.2022 07:00,30.12.2022 17:45,Chiang Mai,department of highways,motorcycle,speeding,rollover/fallen on curved road,1,0,1,clear,18.15653187,98.63607246,wide curve,no slope,2022-12-30T00:00:00Z
7526052,30.12.2022 07:20,31.12.2022 06:08,Nakhon Ratchasima,department of highways,motorcycle,cutting in closely by people/vehicles/animals,rear-end collision,2,0,1,clear,15.03723032,101.9142732,straight road,no slope,2022-12-30T00:20:00Z
7523019,30.12.2022 07:30,30.12.2022 17:23,Bangkok,department of highways,private/passenger car,speeding,rear-end collision,2,0,1,clear,13.88785954,100.5838948,other,other,2022-12-30T00:30:00Z
7523609,30.12.2022 08:00,30.12.2022 20:09,Phatthalung,department of highways,4-wheel pickup truck,cutting in closely by people/vehicles/animals,rear-end collision,2,0,1,clear,7.583450504,99.97346699,connecting to private area,other,2022-12-30T01:00:00Z
7526651,30.12.2022 08:00,31.12.2022 08:17,Chai Nat,department of highways,private/passenger car,speeding,rear-end collision,5,0,0,clear,15.18805639,100.1313069,straight road,no slope,2022-12-30T01:00:00Z
7529406,30.12.2022 08:05,31.12.2022 20:01,Roi Et,department of highways,4-wheel pickup truck,speeding,rear-end collision,2,0,1,clear,15.65445598,103.7776031,straight road,no slope,2022-12-30T01:05:00Z
7521684,30.12.2022 08:10,30.12.2022 11:09,Uttaradit,department of highways,4-wheel pickup truck,falling asleep,rollover/fallen on straight road,1,0,0,clear,17.2772213,100.2370101,straight road,no slope,2022-12-30T01:10:00Z
7523483,30.12.2022 08:10,30.12.2022 19:35,Rayong,department of highways,4-wheel pickup truck,speeding,rollover/fallen on straight road,1,0,0,clear,12.79719632,101.1505973,straight road,no slope,2022-12-30T01:10:00Z
7522754,30.12.2022 08:20,30.12.2022 16:07,Loburi,department of highways,4-wheel pickup truck,speeding,rollover/fallen on straight road,1,0,1,clear,15.14393325,100.8673251,straight road,no slope,2022-12-30T01:20:00Z
7523563,30.12.2022 08:20,30.12.2022 19:58,Phetchabun,department of highways,private/passenger car,cutting in closely by people/vehicles/animals,rear-end collision,2,0,2,clear,16.99426847,101.2006366,other,other,2022-12-30T01:20:00Z
7522966,30.12.2022 08:27,30.12.2022 17:08,Loburi,department of highways,4-wheel pickup truck,cutting in closely by people/vehicles/animals,other,2,0,0,clear,15.2752586,100.8396046,other,other,2022-12-30T01:27:00Z
7525739,30.12.2022 08:30,31.12.2022 05:06,Phichit,department of highways,motorcycle,speeding,rear-end collision,2,0,2,clear,16.09312304,100.1249957,straight road,no slope,2022-12-30T01:30:00Z
7526135,30.12.2022 08:30,31.12.2022 06:25,Phuket,department of highways,motorcycle,speeding,rollover/fallen on straight road,1,0,1,clear,7.819382899,98.40056865,straight road,no slope,2022-12-30T01:30:00Z
7561560,30.12.2022 08:40,17.01.2023 10:35,Tak,department of highways,4-wheel pickup truck,speeding,other,1,0,0,clear,16.8061729,98.95849468,wide curve,no slope,2022-12-30T01:40:00Z
7523544,30.12.2022 08:45,30.12.2022 19:53,Tak,department of highways,tractor/agricultural vehicle,cutting in closely by people/vehicles/animals,rear-end collision,2,0,2,clear,16.48729123,98.76660034,other,other,2022-12-30T01:45:00Z
7523441,30.12.2022 08:50,30.12.2022 19:24,Trat,department of highways,motorcycle,driving under the influence of alcohol,rollover/fallen on straight road,1,0,1,clear,12.59794667,102.4693811,straight road,no slope,2022-12-30T01:50:00Z
7523772,30.12.2022 09:00,30.12.2022 20:51,Ranong,department of highways,private/passenger car,speeding,rollover/fallen on curved road,1,0,0,clear,10.37333163,98.78588542,wide curve,no slope,2022-12-30T02:00:00Z
7525944,30.12.2022 09:00,31.12.2022 05:45,Suphan Buri,department of highways,motorcycle,speeding,head-on collision (not overtaking),2,0,3,clear,14.26868524,100.060958,straight road,no slope,2022-12-30T02:00:00Z
7526862,30.12.2022 09:00,31.12.2022 08:58,Nakhon Pathom,department of highways,4-wheel pickup truck,speeding,rear-end collision,2,0,1,clear,13.73134056,100.3297132,straight road,no slope,2022-12-30T02:00:00Z
7554044,30.12.2022 09:10,8.01.2023 09:55,Phatthalung,department of highways,4-wheel pickup truck,cutting in closely by people/vehicles/animals,rear-end collision,2,0,1,clear,7.622068436,100.0936058,straight road,no slope,2022-12-30T02:10:00Z
7544231,30.12.2022 09:30,4.01.2023 11:03,Pattani,department of highways,4-wheel pickup truck,cutting in closely by people/vehicles/animals,rear-end collision,2,0,1,clear,6.808701194,101.1159003,connecting to public/commercial area,other,2022-12-30T02:30:00Z
7526115,30.12.2022 09:40,31.12.2022 06:23,Nakhon Sawan,department of highways,private/passenger car,cutting in closely by people/vehicles/animals,other,2,0,1,clear,15.65915907,100.0969541,connecting to private area,other,2022-12-30T02:40:00Z
7523104,30.12.2022 09:50,30.12.2022 17:45,Pathum Thani,department of highways,private/passenger car,speeding,rear-end collision,2,0,0,clear,14.07741457,100.8944945,straight road,no slope,2022-12-30T02:50:00Z
7527230,30.12.2022 09:50,31.12.2022 10:13,Bangkok,department of highways,4-wheel pickup truck,speeding,rear-end collision,2,0,0,clear,13.9006113,100.6947599,straight road,no slope,2022-12-30T02:50:00Z
7552593,30.12.2022 10:00,6.01.2023 10:48,Phrae,department of highways,private/passenger car,speeding,rear-end collision,3,0,0,clear,17.96754811,100.0658973,straight road,no slope,2022-12-30T03:00:00Z
7551183,30.12.2022 10:18,5.01.2023 10:37,Nakhon Si Thammarat,department of highways,motorcycle,cutting in closely by people/vehicles/animals,collision at intersection corner,2,0,1,clear,8.247937863,99.88589759,other,other,2022-12-30T03:18:00Z
7522066,30.12.2022 10:20,30.12.2022 12:41,Nakhon Nayok,department of highways,private/passenger car,falling asleep,rollover/fallen on straight road,1,0,1,clear,14.17528017,101.0255112,straight road,no slope,2022-12-30T03:20:00Z
7542183,30.12.2022 10:20,3.01.2023 12:10,Loburi,department of rural roads,motorcycle,falling asleep,other,1,0,1,clear,15.061521,100.853494,straight road,no slope,2022-12-30T03:20:00Z
7542756,30.12.2022 10:20,3.01.2023 14:30,Khon Kaen,department of rural roads,motorcycle,speeding,other,2,0,1,clear,16.271207,102.690187,t-intersection,other,2022-12-30T03:20:00Z
7526199,30.12.2022 10:30,31.12.2022 06:37,Phetchaburi,department of rural roads,motorcycle,speeding,other,1,0,1,clear,13.149545,99.563855,t-intersection,other,2022-12-30T03:30:00Z
7526991,30.12.2022 10:30,31.12.2022 09:21,Chon Buri,department of highways,motorcycle,speeding,rollover/fallen on straight road,1,0,1,clear,13.42758714,101.1184551,straight road,no slope,2022-12-30T03:30:00Z
7528546,30.12.2022 10:30,31.12.2022 15:35,Nakhon Pathom,department of rural roads,other,illegal overtaking,pedestrian collision,2,0,1,clear,13.947124,99.92085,t-intersection,other,2022-12-30T03:30:00Z