acc_code,incident_datetime,report_datetime,province_en,agency,vehicle_type,presumed_cause,accident_type,number_of_vehicles_involved,number_of_fatalities,number_of_injuries,weather_condition,latitude,longitude,road_description,slope_description,incident_time
7522532,30.12.2022 10:40,30.12.2022 14:58,Chiang Mai,department of rural roads,motorcycle,running red lights/traffic signals,other,2,0,2,clear,18.839632,98.97405,four-way intersection,other,2022-12-30T03:40:00Z
7523695,30.12.2022 10:40,30.12.2022 20:30,Si Sa Ket,department of highways,4-wheel pickup truck,cutting in closely by people/vehicles/animals,rear-end collision,2,0,1,clear,14.74201559,104.5309781,straight road,no slope,2022-12-30T03:40:00Z
7523612,30.12.2022 10:45,30.12.2022 20:06,Saraburi,department of highways,private/passenger car,reversing vehicle,collision with obstruction (on road surface),2,0,1,clear,14.53967516,100.9519422,straight road,no slope,2022-12-30T03:45:00Z
7523149,30.12.2022 10:50,30.12.2022 17:57,Uttaradit,department of highways,motorcycle,speeding,rollover/fallen on straight road,1,0,1,clear,17.62637176,100.1856767,straight road,no slope,2022-12-30T03:50:00Z
7523582,30.12.2022 11:00,30.12.2022 20:02,Udon Thani,department of highways,4-wheel pickup truck,cutting in closely by people/vehicles/animals,rear-end collision,2,1,0,clear,17.20917406,103.1166684,connecting to private area,other,2022-12-30T04:00:00Z
7524144,30.12.2022 11:00,30.12.2022 22:39,buogkan,department of highways,4-wheel pickup truck,speeding,rollover/fallen on straight road,1,0,0,clear,18.37777205,103.6148452,straight road,no slope,2022-12-30T04:00:00Z
7526090,30.12.2022 11:00,31.12.2022 06:15,Buri Ram,department of highways,4-wheel pickup truck,falling asleep,rollover/fallen on straight road,1,0,1,clear,14.99777544,102.8157113,straight road,no slope,2022-12-30T04:00:00Z
7526864,30.12.2022 11:00,31.12.2022 08:55,Samut Prakan,department of highways,large truck with trailer,illegal overtaking,rear-end collision,2,1,0,clear,13.58441646,100.8364814,other,other,2022-12-30T04:00:00Z
7525666,30.12.2022 11:13,31.12.2022 04:53,Chiang Rai,department of highways,motorcycle,illegal overtaking,rear-end collision,2,0,1,clear,20.18972135,99.85695634,straight road,no slope,2022-12-30T04:13:00Z
7523561,30.12.2022 11:15,30.12.2022 19:58,Udon Thani,department of highways,private/passenger car,speeding,rear-end collision,3,0,0,clear,17.36511256,102.7065642,straight road,no slope,2022-12-30T04:15:00Z
7526070,30.12.2022 11:20,31.12.2022 06:10,Sa Kaeo,department of highways,motorcycle,cutting in closely by people/vehicles/animals,rear-end collision,2,0,1,clear,13.87720871,102.0085533,straight road,no slope,2022-12-30T04:20:00Z
7542760,30.12.2022 11:25,3.01.2023 14:30,Khon Kaen,department of rural roads,other,driving under the influence of alcohol,other,2,0,1,clear,16.26757,102.67977,straight road,no slope,2022-12-30T04:25:00Z
7525880,30.12.2022 11:30,31.12.2022 05:36,Udon Thani,department of highways,4-wheel pickup truck,speeding,rollover/fallen on curved road,1,0,1,clear,16.92697368,103.4652921,wide curve,slope area,2022-12-30T04:30:00Z
7554029,30.12.2022 11:30,8.01.2023 09:42,Sakon Nakhon,department of highways,4-wheel pickup truck,loss of control,rear-end collision,2,1,1,clear,17.40701274,103.645839,straight road,no slope,2022-12-30T04:30:00Z
7525763,30.12.2022 11:40,31.12.2022 05:10,Phitsanulok,department of highways,4-wheel pickup truck,cutting in closely by people/vehicles/animals,other,2,0,2,clear,16.56888783,100.6410296,connecting to public/commercial area,other,2022-12-30T04:40:00Z
7527752,30.12.2022 11:40,31.12.2022 12:02,Nong Khai,department of rural roads,motorcycle,cutting in closely by people/vehicles/animals,other,1,0,1,clear,17.731435,102.701318,four-way intersection,other,2022-12-30T04:40:00Z
7531215,30.12.2022 11:45,1.01.2023 05:22,Chumphon,department of rural roads,4-wheel pickup truck,speeding,other,2,1,0,clear,10.206376,98.934284,straight road,no slope,2022-12-30T04:45:00Z
7569623,30.12.2022 11:50,25.01.2023 14:56,Phayao,department of highways,motorcycle,speeding,rollover/fallen on curved road,1,0,2,clear,19.45549385,100.3436816,wide curve,no slope,2022-12-30T04:50:00Z
7523535,30.12.2022 11:55,30.12.2022 19:50,Tak,department of highways,motorcycle,speeding,rollover/fallen on straight road,1,0,2,clear,16.48636121,98.70147316,straight road,no slope,2022-12-30T04:55:00Z
7522529,30.12.2022 12:00,30.12.2022 14:58,Nakhon Nayok,department of rural roads,passenger pickup truck,cutting in closely by people/vehicles/animals,other,2,1,0,clear,14.178866,101.163664,four-way intersection,other,2022-12-30T05:00:00Z
7526018,30.12.2022 12:00,31.12.2022 06:03,Yasothon,department of highways,private/passenger car,speeding,head-on collision (not overtaking),2,0,10,clear,16.01846065,104.2907476,wide curve,no slope,2022-12-30T05:00:00Z
7527104,30.12.2022 12:00,31.12.2022 09:47,Rayong,department of highways,large truck with trailer,speeding,other,1,0,0,clear,12.68636619,101.5336863,wide curve,no slope,2022-12-30T05:00:00Z
7554033,30.12.2022 12:00,8.01.2023 09:45,Songkhla,department of highways,4-wheel pickup truck,speeding,rear-end collision,2,0,2,clear,6.932939025,100.7808644,straight road,no slope,2022-12-30T05:00:00Z
7567258,30.12.2022 12:00,23.01.2023 13:01,Chon Buri,department of highways,private/passenger car,cutting in closely by people/vehicles/animals,rollover/fallen on straight road,1,0,0,clear,13.01538881,100.9314555,straight road,no slope,2022-12-30T05:00:00Z
7526201,30.12.2022 12:10,31.12.2022 06:37,Phatthalung,department of rural roads,motorcycle,cutting in closely by people/vehicles/animals,other,1,0,1,clear,7.370063,100.339464,t-intersection,other,2022-12-30T05:10:00Z
7524490,30.12.2022 12:14,31.12.2022 00:14,Phra Nakhon Si Ayutthaya,expressway authority of thailand,other,other,rear-end collision,3,0,2,clear,14.14049,100.5603,straight road,other,2022-12-30T05:14:00Z
7523748,30.12.2022 12:15,30.12.2022 20:49,Ranong,department of highways,private/passenger car,cutting in closely by people/vehicles/animals,rear-end collision,2,1,0,clear,9.917508842,98.62981573,straight road,no slope,2022-12-30T05:15:00Z
7524146,30.12.2022 12:17,30.12.2022 22:37,Sakon Nakhon,department of highways,4-wheel pickup truck,falling asleep,rollover/fallen on straight road,1,0,1,clear,17.07274498,104.0904513,straight road,no slope,2022-12-30T05:17:00Z
7523089,30.12.2022 12:50,30.12.2022 17:44,Chiang Mai,department of highways,private/passenger car,speeding,rear-end collision,2,0,0,clear,18.53547173,98.52238923,straight road,no slope,2022-12-30T05:50:00Z
7526141,30.12.2022 12:50,31.12.2022 06:28,Sing Buri,department of highways,private/passenger car,speeding,collision with obstruction (on road surface),2,0,1,clear,14.88271337,100.3338311,straight road,no slope,2022-12-30T05:50:00Z
7532857,30.12.2022 12:50,1.01.2023 13:33,Kanchanaburi,department of rural roads,motorcycle,tailgating,other,2,0,1,clear,14.769896,99.083879,t-intersection,other,2022-12-30T05:50:00Z
7523406,30.12.2022 13:00,30.12.2022 19:10,Chachoengsao,department of highways,private/passenger car,running red lights/traffic signals,rear-end collision,2,0,2,clear,13.55575228,100.9924006,other,other,2022-12-30T06:00:00Z
7523583,30.12.2022 13:00,30.12.2022 20:00,Loei,department of highways,4-wheel pickup truck,falling asleep,rollover/fallen on straight road,1,0,1,clear,17.5988125,101.71723,straight road,no slope,2022-12-30T06:00:00Z
7523136,30.12.2022 13:10,30.12.2022 17:54,Nan,department of highways,motorcycle,driving under the influence of alcohol,rollover/fallen on curved road,1,0,1,clear,18.71173256,100.7504922,wide curve,no slope,2022-12-30T06:10:00Z
7529387,30.12.2022 13:10,31.12.2022 19:55,Roi Et,department of highways,motorcycle,speeding,rear-end collision,2,0,1,clear,15.99772261,103.7214061,straight road,no slope,2022-12-30T06:10:00Z
7524370,30.12.2022 13:15,30.12.2022 23:44,Chachoengsao,department of highways,4-wheel pickup truck,speeding,rear-end collision,7,0,0,clear,13.55211697,100.9980593,straight road,no slope,2022-12-30T06:15:00Z
7523757,30.12.2022 13:20,30.12.2022 20:49,Chumphon,department of highways,private/passenger car,falling asleep,rollover/fallen on straight road,1,0,5,clear,10.50201395,99.06651288,straight road,no slope,2022-12-30T06:20:00Z
7567021,30.12.2022 13:20,23.01.2023 09:17,Maha Sarakham,department of highways,private/passenger car,speeding,rollover/fallen on straight road,1,0,1,clear,16.27377861,102.9704105,straight road,no slope,2022-12-30T06:20:00Z
7528271,30.12.2022 13:23,31.12.2022 14:15,Yasothon,department of rural roads,motorcycle,speeding,other,2,0,1,clear,16.050212,104.5259,straight road,no slope,2022-12-30T06:23:00Z
7523728,30.12.2022 13:30,30.12.2022 20:40,Nakhon Si Thammarat,department of highways,4-wheel pickup truck,cutting in closely by people/vehicles/animals,head-on collision (not overtaking),2,0,2,clear,8.024607343,99.89733022,straight road,no slope,2022-12-30T06:30:00Z
7527178,30.12.2022 13:35,31.12.2022 10:09,Bangkok,department of highways,private/passenger car,speeding,rear-end collision,2,0,0,clear,13.91366567,100.7015499,straight road,no slope,2022-12-30T06:35:00Z
7527177,30.12.2022 13:36,31.12.2022 10:07,Chon Buri,department of highways,private/passenger car,worn-out/tire blowout,rollover/fallen on straight road,1,0,0,clear,13.21595915,101.0056508,straight road,no slope,2022-12-30T06:36:00Z
7522607,30.12.2022 13:37,30.12.2022 15:23,Bangkok,department of highways,4-wheel pickup truck,speeding,rear-end collision,3,0,0,clear,13.89901395,100.6939191,straight road,no slope,2022-12-30T06:37:00Z
7527137,30.12.2022 13:45,31.12.2022 09:58,Ratchaburi,department of highways,motorcycle,unfamiliarity with the route/unskilled driving,rear-end collision,2,0,1,clear,13.70174749,99.86029521,straight road,no slope,2022-12-30T06:45:00Z
7554039,30.12.2022 13:50,8.01.2023 09:52,Kanchanaburi,department of highways,4-wheel pickup truck,speeding,rear-end collision,3,0,2,clear,14.1351139,99.70368907,other,other,2022-12-30T06:50:00Z
7522901,30.12.2022 14:00,30.12.2022 16:45,Saraburi,department of highways,4-wheel pickup truck,cutting in closely by people/vehicles/animals,rear-end collision,2,0,1,clear,14.59017734,100.8534978,straight road,no slope,2022-12-30T07:00:00Z
7523130,30.12.2022 14:00,30.12.2022 17:53,Chiang Rai,department of highways,4-wheel pickup truck,failure to yield/signal,rear-end collision,6,0,0,clear,19.8384983,99.7913675,straight road,no slope,2022-12-30T07:00:00Z
7523388,30.12.2022 14:00,30.12.2022 19:07,Chiang Mai,department of rural roads,motorcycle,speeding,other,2,0,1,clear,18.742412,98.999844,wide curve,no slope,2022-12-30T07:00:00Z
7525865,30.12.2022 14:00,31.12.2022 05:31,Nong Bua Lam Phu,department of highways,private/passenger car,using mobile phone while driving,rollover/fallen on straight road,1,0,1,clear,17.22154298,102.2281024,straight road,no slope,2022-12-30T07:00:00Z
7523127,30.12.2022 14:10,30.12.2022 17:51,Chiang Rai,department of highways,bicycle,speeding,rear-end collision,2,1,0,clear,19.91273145,99.98515472,other,other,2022-12-30T07:10:00Z
7554075,30.12.2022 14:10,8.01.2023 11:19,Samut Songkhram,department of highways,4-wheel pickup truck,speeding,rear-end collision,2,0,2,clear,13.42721798,100.041858,straight road,no slope,2022-12-30T07:10:00Z
7561483,30.12.2022 14:10,17.01.2023 09:55,Tak,department of highways,motorcycle,speeding,rollover/fallen on straight road,1,0,1,clear,16.77020695,98.68645191,straight road,no slope,2022-12-30T07:10:00Z
7526152,30.12.2022 14:15,31.12.2022 06:26,Surin,department of highways,4-wheel pickup truck,reversing vehicle,collision with obstruction (on road surface),2,0,1,clear,14.9418202,103.8113004,straight road,no slope,2022-12-30T07:15:00Z
7527168,30.12.2022 14:15,31.12.2022 10:08,Bangkok,department of highways,4-wheel pickup truck,speeding,rear-end collision,5,0,0,clear,13.89424397,100.6912275,straight road,no slope,2022-12-30T07:15:00Z
7569444,30.12.2022 14:20,25.01.2023 13:12,Kamphaeng Phet,department of highways,4-wheel pickup truck,overloaded vehicle,head-on collision (not overtaking),2,0,1,clear,16.62431948,99.55570634,straight road,no slope,2022-12-30T07:20:00Z
7523678,30.12.2022 14:30,30.12.2022 20:26,Surin,department of highways,motorcycle,cutting in closely by people/vehicles/animals,rear-end collision,2,0,1,clear,14.6153848,103.4936692,straight road,no slope,2022-12-30T07:30:00Z
7523036,30.12.2022 14:40,30.12.2022 17:26,Phetchaburi,department of highways,motorcycle,speeding,rollover/fallen on straight road,1,0,1,clear,13.12507688,99.87820356,straight road,no slope,2022-12-30T07:40:00Z
7564294,30.12.2022 14:45,19.01.2023 13:23,Samut Sakhon,department of highways,other,speeding,other,1,0,0,clear,13.58561842,100.3188883,straight road,no slope,2022-12-30T07:45:00Z
7568248,30.12.2022 14:45,24.01.2023 11:22,Samut Songkhram,department of highways,private/passenger car,speeding,rear-end collision,2,0,0,clear,13.42734036,100.0417399,straight road,no slope,2022-12-30T07:45:00Z
7522815,30.12.2022 14:49,30.12.2022 16:23,Bangkok,department of highways,private/passenger car,speeding,rear-end collision,3,0,0,clear,13.73003899,100.7263422,straight road,no slope,2022-12-30T07:49:00Z
7544148,30.12.2022 14:50,4.01.2023 09:36,Nakhon Ratchasima,department of highways,private/passenger car,loss of control,rear-end collision,2,0,1,clear,15.69233416,102.3303152,straight road,no slope,2022-12-30T07:50:00Z
7523557,30.12.2022 15:00,30.12.2022 19:59,Phetchabun,department of highways,private/passenger car,speeding,rear-end collision,2,0,0,clear,15.43131806,101.0702934,straight road,no slope,2022-12-30T08:00:00Z
7542758,30.12.2022 15:00,3.01.2023 14:30,Khon Kaen,department of rural roads,motorcycle,speeding,other,1,0,1,clear,16.293535,102.74345,straight road,no slope,2022-12-30T08:00:00Z
7527668,30.12.2022 15:10,31.12.2022 11:43,Nakhon Si Thammarat,department of highways,4-wheel pickup truck,speeding,other,1,0,0,clear,8.061209461,100.201381,wide curve,no slope,2022-12-30T08:10:00Z
7523164,30.12.2022 15:18,30.12.2022 18:02,Phitsanulok,department of highways,4-wheel pickup truck,falling asleep,rollover/fallen on straight road,1,0,3,clear,16.62400738,100.44663,straight road,no slope,2022-12-30T08:18:00Z
7526151,30.12.2022 15:20,31.12.2022 06:26,Lampang,department of highways,private/passenger car,speeding,rollover/fallen on straight road,1,0,1,clear,18.35985021,99.45901728,straight road,no slope,2022-12-30T08:20:00Z
7568247,30.12.2022 15:20,24.01.2023 11:20,Samut Songkhram,department of highways,private/passenger car,speeding,rear-end collision,2,0,0,clear,13.41586398,100.0286325,straight road,no slope,2022-12-30T08:20:00Z
7554072,30.12.2022 15:25,8.01.2023 11:13,Surat Thani,department of highways,motorcycle,speeding,rear-end collision,2,0,1,clear,9.576773586,99.93316868,connecting to public/commercial area,other,2022-12-30T08:25:00Z
7523730,30.12.2022 15:30,30.12.2022 20:41,Nakhon Si Thammarat,department of highways,4-wheel pickup truck,speeding,rollover/fallen on straight road,1,0,2,clear,7.940888887,99.91862392,straight road,no slope,2022-12-30T08:30:00Z
7525691,30.12.2022 15:30,31.12.2022 04:59,Nan,department of highways,private/passenger car,speeding,head-on collision (not overtaking),2,0,0,clear,19.14610572,100.9470753,wide curve,no slope,2022-12-30T08:30:00Z
7552388,30.12.2022 15:30,6.01.2023 08:56,Yala,department of highways,motorcycle,aggressive driving/overtaking,pedestrian collision,1,0,1,clear,6.390468352,101.2895948,wide curve,no slope,2022-12-30T08:30:00Z
7554021,30.12.2022 15:30,8.01.2023 09:17,Phrae,department of highways,private/passenger car,cutting in closely by people/vehicles/animals,head-on collision (not overtaking),2,0,1,clear,18.34823689,100.3220075,connecting to public/commercial area,other,2022-12-30T08:30:00Z
7523546,30.12.2022 15:40,30.12.2022 19:54,Phetchaburi,department of highways,motorcycle,speeding,rear-end collision,2,0,1,clear,13.22839908,99.82454856,straight road,no slope,2022-12-30T08:40:00Z
7525689,30.12.2022 15:40,31.12.2022 04:57,Chiang Rai,department of highways,private/passenger car,speeding,rollover/fallen on curved road,1,0,1,clear,19.68022563,99.56690436,wide curve,no slope,2022-12-30T08:40:00Z
7523521,30.12.2022 15:43,30.12.2022 19:46,Tak,department of highways,van,speeding,rear-end collision,2,0,1,clear,16.50228881,98.71495524,straight road,no slope,2022-12-30T08:43:00Z
7525832,30.12.2022 15:49,31.12.2022 05:28,Kamphaeng Phet,department of highways,motorcycle,cutting in closely by people/vehicles/animals,rear-end collision,2,0,1,clear,16.11440802,99.32775415,straight road,no slope,2022-12-30T08:49:00Z
7526093,30.12.2022 15:54,31.12.2022 06:18,Prachuap Khiri Khan,department of highways,motorcycle,speeding,other,1,0,1,clear,10.99052411,99.36037704,other,other,2022-12-30T08:54:00Z
7526045,30.12.2022 15:55,31.12.2022 06:07,Nakhon Ratchasima,department of highways,private/passenger car,speeding,rollover/fallen on straight road,1,1,1,clear,14.67989607,101.4606352,straight road,no slope,2022-12-30T08:55:00Z
7523770,30.12.2022 16:00,30.12.2022 20:51,Prachuap Khiri Khan,department of highways,4-wheel pickup truck,worn-out/tire blowout,rollover/fallen on straight road,1,0,2,clear,12.13577495,99.85039921,straight road,no slope,2022-12-30T09:00:00Z
7525611,30.12.2022 16:15,31.12.2022 04:35,Chiang Mai,department of highways,motorcycle,cutting in closely by people/vehicles/animals,collision at intersection corner,2,0,1,clear,17.91481809,98.72712895,other,other,2022-12-30T09:15:00Z
7523713,30.12.2022 16:20,30.12.2022 20:38,Nakhon Si Thammarat,department of highways,4-wheel pickup truck,cutting in closely by people/vehicles/animals,rear-end collision,3,0,1,clear,8.299198704,99.50471589,other,other,2022-12-30T09:20:00Z
7526146,30.12.2022 16:30,31.12.2022 06:25,Nakhon Sawan,department of highways,private/passenger car,falling asleep,rollover/fallen on straight road,1,1,0,clear,15.81575836,100.7443489,straight road,no slope,2022-12-30T09:30:00Z
7528272,30.12.2022 16:30,31.12.2022 14:17,Kalasin,department of highways,4-wheel pickup truck,speeding,rollover/fallen on straight road,1,0,1,clear,16.63686734,103.5245841,straight road,no slope,2022-12-30T09:30:00Z
7554700,30.12.2022 16:30,9.01.2023 14:11,Nan,department of highways,motorcycle,speeding,collision at intersection corner,2,0,1,clear,19.2016219,100.9249629,other,other,2022-12-30T09:30:00Z
7529368,30.12.2022 16:40,31.12.2022 19:51,Kalasin,department of highways,4-wheel pickup truck,cutting in closely by people/vehicles/animals,collision at intersection corner,2,0,1,clear,16.92612353,103.587108,other,other,2022-12-30T09:40:00Z
7551285,30.12.2022 16:40,5.01.2023 11:10,Bangkok,department of highways,motorcycle,speeding,rear-end collision,2,0,1,clear,13.65383291,100.4050392,connecting to public/commercial area,other,2022-12-30T09:40:00Z
7526145,30.12.2022 16:55,31.12.2022 06:25,Khon Kaen,department of highways,motorcycle,speeding,rear-end collision,2,0,3,clear,16.53376674,102.1246684,straight road,no slope,2022-12-30T09:55:00Z
7525878,30.12.2022 16:56,31.12.2022 05:39,Chumphon,department of highways,private/passenger car,speeding,rear-end collision,2,0,6,clear,10.42434128,99.12990886,straight road,no slope,2022-12-30T09:56:00Z
7524186,30.12.2022 17:00,30.12.2022 22:46,Nakhon Ratchasima,department of highways,4-wheel pickup truck,cutting in closely by people/vehicles/animals,rear-end collision,2,0,2,clear,14.65664109,101.8784346,other,other,2022-12-30T10:00:00Z
7525593,30.12.2022 17:00,31.12.2022 04:33,Chiang Mai,department of highways,4-wheel pickup truck,speeding,head-on collision (not overtaking),2,0,2,clear,18.15560709,98.38654608,wide curve,no slope,2022-12-30T10:00:00Z
7526196,30.12.2022 17:00,31.12.2022 06:37,Satun,department of rural roads,motorcycle,cutting in closely by people/vehicles/animals,other,1,0,1,clear,7.054312,99.933112,straight road,no slope,2022-12-30T10:00:00Z
7526649,30.12.2022 17:00,31.12.2022 08:16,Chai Nat,department of highways,motorcycle,speeding,rear-end collision,2,0,0,clear,15.04419298,100.1644567,straight road,no slope,2022-12-30T10:00:00Z
7527734,30.12.2022 17:00,31.12.2022 11:56,Trang,department of highways,4-wheel pickup truck,cutting in closely by people/vehicles/animals,head-on collision (not overtaking),2,0,1,clear,7.468397756,99.63542417,straight road,no slope,2022-12-30T10:00:00Z
7532330,30.12.2022 17:00,1.01.2023 11:09,Nakhon Si Thammarat,department of rural roads,motorcycle,debris/obstruction on the road,other,1,0,1,clear,8.172833,100.151047,wide curve,no slope,2022-12-30T10:00:00Z
7560544,30.12.2022 17:00,16.01.2023 08:35,Tak,department of highways,van,cutting in closely by people/vehicles/animals,rear-end collision,2,0,2,clear,17.04458617,98.49177986,other,other,2022-12-30T10:00:00Z
7542180,30.12.2022 17:20,3.01.2023 12:11,Phra Nakhon Si Ayutthaya,department of rural roads,bicycle,speeding,other,1,0,1,clear,14.151645,100.635471,straight road,no slope,2022-12-30T10:20:00Z
7525787,30.12.2022 17:30,31.12.2022 05:15,Uttaradit,department of highways,motorcycle,speeding,collision with obstruction (on road surface),1,0,2,clear,17.67117235,100.1558742,straight road,no slope,2022-12-30T10:30:00Z
7532855,30.12.2022 17:30,1.01.2023 13:33,Kanchanaburi,department of rural roads,motorcycle,driving under the influence of alcohol,other,1,0,1,clear,14.448653,99.028564,straight road,no slope,2022-12-30T10:30:00Z
7554064,30.12.2022 17:47,8.01.2023 10:32,Tak,department of highways,large truck with trailer,running red lights/traffic signals,collision with obstruction (on road surface),1,0,0,clear,16.71493456,98.4878738,straight road,no slope,2022-12-30T10:47:00Z
7560690,30.12.2022 17:50,16.01.2023 11:13,Yasothon,department of highways,motorcycle,loss of control,rollover/fallen on straight road,1,1,0,clear,15.96255927,104.0320135,straight road,no slope,2022-12-30T10:50:00Z
7528363,30.12.2022 18:00,31.12.2022 14:44,Chiang Mai,department of highways,motorcycle,cutting in closely by people/vehicles/animals,rear-end collision,2,0,1,clear,19.70466642,99.14525986,other,other,2022-12-30T11:00:00Z
7528382,30.12.2022 18:00,31.12.2022 14:45,Lampang,department of highways,private/passenger car,speeding,rollover/fallen on curved road,1,1,0,other,18.23130792,99.3900274,wide curve,no slope,2022-12-30T11:00:00Z
7526620,30.12.2022 18:06,31.12.2022 08:13,Trang,department of highways,motorcycle,cutting in closely by people/vehicles/animals,rear-end collision,2,0,1,clear,7.884495027,99.63058144,other,other,2022-12-30T11:06:00Z
7526154,30.12.2022 18:10,31.12.2022 06:27,Saraburi,department of highways,motorcycle,speeding,rear-end collision,6,1,2,clear,14.55865076,100.9056392,straight road,no slope,2022-12-30T11:10:00Z
7525738,30.12.2022 18:12,31.12.2022 05:09,Phitsanulok,department of highways,motorcycle,driving under the influence of alcohol,rear-end collision,2,0,1,clear,16.83611003,100.3722047,straight road,no slope,2022-12-30T11:12:00Z
7551863,30.12.2022 18:13,5.01.2023 15:54,Yala,department of highways,motorcycle,speeding,rear-end collision,2,0,2,clear,6.513715599,101.1487069,straight road,no slope,2022-12-30T11:13:00Z
7526648,30.12.2022 18:20,31.12.2022 08:18,Suphan Buri,department of highways,private/passenger car,speeding,collision with obstruction (on road surface),2,0,1,clear,14.75999907,100.0437194,straight road,no slope,2022-12-30T11:20:00Z
7525877,30.12.2022 18:29,31.12.2022 05:37,Yasothon,department of highways,4-wheel pickup truck,speeding,rear-end collision,2,1,0,clear,16.14392405,104.4656588,straight road,no slope,2022-12-30T11:29:00Z
7525886,30.12.2022 18:30,31.12.2022 05:39,Mukdahan,department of highways,private/passenger car,cutting in closely by people/vehicles/animals,head-on collision (not overtaking),2,0,0,clear,16.7533199,104.5335183,other,other,2022-12-30T11:30:00Z
7526198,30.12.2022 18:30,31.12.2022 06:37,Phichit,department of rural roads,motorcycle,driving under the influence of alcohol,other,1,0,1,clear,16.415825,100.317354,straight road,no slope,2022-12-30T11:30:00Z
7526842,30.12.2022 18:30,31.12.2022 08:50,Nonthaburi,department of highways,private/passenger car,cutting in closely by people/vehicles/animals,rear-end collision,2,0,0,clear,13.92914563,100.4145817,straight road,no slope,2022-12-30T11:30:00Z
7527691,30.12.2022 18:30,31.12.2022 11:49,Nonthaburi,department of rural roads,motorcycle,abrupt lane change,other,1,0,2,clear,13.917671,100.451596,straight road,no slope,2022-12-30T11:30:00Z
7541818,30.12.2022 18:30,3.01.2023 10:41,Khon Kaen,department of highways,6-wheel truck,speeding,rear-end collision,2,0,1,clear,16.55816309,102.0703633,straight road,no slope,2022-12-30T11:30:00Z
7551201,30.12.2022 18:30,5.01.2023 10:42,Sakon Nakhon,department of highways,motorcycle,speeding,rear-end collision,2,1,0,clear,17.39333002,103.7037343,straight road,no slope,2022-12-30T11:30:00Z
7556337,30.12.2022 18:30,11.01.2023 12:20,Lampang,department of highways,private/passenger car,speeding,rollover/fallen on straight road,1,1,0,clear,18.23210272,99.38994169,straight road,no slope,2022-12-30T11:30:00Z
7527012,30.12.2022 18:40,31.12.2022 09:27,Trat,department of highways,4-wheel pickup truck,driving under the influence of alcohol,rear-end collision,3,0,1,clear,12.59481334,102.463847,straight road,no slope,2022-12-30T11:40:00Z
7527762,30.12.2022 18:40,31.12.2022 12:01,Suphan Buri,department of rural roads,motorcycle,speeding,other,2,0,1,clear,14.980461,99.657499,straight road,no slope,2022-12-30T11:40:00Z
7525939,30.12.2022 19:00,31.12.2022 05:45,Nong Khai,department of highways,4-wheel pickup truck,speeding,rollover/fallen on straight road,1,0,1,clear,17.82952957,102.7555623,straight road,no slope,2022-12-30T12:00:00Z
7526936,30.12.2022 19:00,31.12.2022 09:08,Chachoengsao,department of highways,motorcycle,speeding,rear-end collision,2,0,1,clear,13.5806916,101.0071461,straight road,no slope,2022-12-30T12:00:00Z
7544108,30.12.2022 19:00,4.01.2023 08:39,Chiang Rai,department of highways,private/passenger car,cutting in closely by people/vehicles/animals,rear-end collision,2,1,0,clear,20.33092532,99.88458845,straight road,no slope,2022-12-30T12:00:00Z
7525917,30.12.2022 19:10,31.12.2022 05:43,Nakhon Ratchasima,department of highways,4-wheel pickup truck,speeding,rear-end collision,2,0,1,clear,14.70684124,102.0201306,straight road,no slope,2022-12-30T12:10:00Z
7567019,30.12.2022 19:10,23.01.2023 09:16,Maha Sarakham,department of highways,motorcycle,speeding,rollover/fallen on straight road,1,1,0,clear,16.30638666,102.8915817,straight road,no slope,2022-12-30T12:10:00Z
7525916,30.12.2022 19:15,31.12.2022 05:43,Sakon Nakhon,department of highways,4-wheel pickup truck,illegal overtaking,rollover/fallen on straight road,1,0,1,clear,17.40734486,103.6476744,straight road,no slope,2022-12-30T12:15:00Z
7525765,30.12.2022 19:30,31.12.2022 05:14,Uttaradit,department of highways,4-wheel pickup truck,speeding,rear-end collision,2,0,1,clear,17.34449772,100.2340168,straight road,no slope,2022-12-30T12:30:00Z
7526048,30.12.2022 19:30,31.12.2022 06:06,Nakhon Ratchasima,department of highways,motorcycle,speeding,rollover/fallen on straight road,1,0,1,clear,14.936514,101.9886079,straight road,no slope,2022-12-30T12:30:00Z
7527417,30.12.2022 19:30,31.12.2022 10:58,Sing Buri,department of highways,motorcycle,speeding,rear-end collision,2,0,2,clear,14.88265081,100.4170184,straight road,no slope,2022-12-30T12:30:00Z
7524034,30.12.2022 19:40,30.12.2022 22:08,Ubon Ratchathani,department of highways,other,speeding,rear-end collision,2,0,1,clear,15.72918555,105.0951263,straight road,no slope,2022-12-30T12:40:00Z
7526114,30.12.2022 19:40,31.12.2022 06:20,Nakhon Pathom,department of highways,private/passenger car,speeding,rollover/fallen on straight road,1,0,1,clear,13.80063955,99.99201095,straight road,no slope,2022-12-30T12:40:00Z
7527761,30.12.2022 19:40,31.12.2022 12:01,Roi Et,department of rural roads,motorcycle,speeding,other,2,2,0,dark,15.796525,103.878837,straight road,no slope,2022-12-30T12:40:00Z