acc_code,incident_datetime,report_datetime,province_en,agency,vehicle_type,presumed_cause,accident_type,number_of_vehicles_involved,number_of_fatalities,number_of_injuries,weather_condition,latitude,longitude,road_description,slope_description,incident_time
7555882,30.12.2022 19:45,11.01.2023 07:32,Phetchabun,department of highways,4-wheel pickup truck,speeding,rollover/fallen on straight road,1,0,1,clear,16.78323336,101.656643,straight road,no slope,2022-12-30T12:45:00Z
7528215,30.12.2022 19:50,31.12.2022 14:01,Chiang Mai,department of highways,4-wheel pickup truck,speeding,rear-end collision,2,0,1,clear,18.62165765,98.87807965,straight road,no slope,2022-12-30T12:50:00Z
7542144,30.12.2022 19:55,3.01.2023 12:09,Lampang,department of rural roads,motorcycle,driving under the influence of alcohol,other,2,0,1,clear,18.474971,99.419508,straight road,no slope,2022-12-30T12:55:00Z
7529384,30.12.2022 20:00,31.12.2022 19:59,Roi Et,department of highways,private/passenger car,failure to yield/signal,head-on collision (not overtaking),2,0,1,clear,16.30019791,103.9714886,connecting to private area,other,2022-12-30T13:00:00Z
7554007,30.12.2022 20:00,8.01.2023 08:41,Roi Et,department of highways,private/passenger car,speeding,rollover/fallen on straight road,1,0,0,clear,15.61739716,103.4765817,straight road,no slope,2022-12-30T13:00:00Z
7527229,30.12.2022 20:10,31.12.2022 10:18,Chon Buri,department of highways,other,speeding,pedestrian collision,1,1,0,clear,13.28191889,101.2093431,straight road,no slope,2022-12-30T13:10:00Z
7568120,30.12.2022 20:18,24.01.2023 09:46,Uttaradit,department of highways,4-wheel pickup truck,speeding,rollover/fallen on curved road,1,0,1,clear,18.05263468,101.107804,wide curve,slope area,2022-12-30T13:18:00Z
7526771,30.12.2022 20:20,31.12.2022 08:40,Bangkok,department of highways,passenger pickup truck,speeding,rear-end collision,2,0,3,clear,13.64597924,100.3811595,straight road,no slope,2022-12-30T13:20:00Z
7525933,30.12.2022 20:30,31.12.2022 05:49,Chanthaburi,department of highways,motorcycle,cutting in closely by people/vehicles/animals,other,2,0,4,clear,12.47964687,102.0806091,connecting to public/commercial area,other,2022-12-30T13:30:00Z
7526780,30.12.2022 20:30,31.12.2022 08:42,Bangkok,department of highways,4-wheel pickup truck,speeding,rear-end collision,2,0,2,clear,13.7814877,100.4244633,straight road,no slope,2022-12-30T13:30:00Z
7527758,30.12.2022 20:30,31.12.2022 12:01,Nonthaburi,department of rural roads,motorcycle,speeding,other,1,0,1,clear,13.953103,100.311987,straight road,no slope,2022-12-30T13:30:00Z
7528478,30.12.2022 20:30,31.12.2022 15:17,Nonthaburi,department of rural roads,4-wheel pickup truck,cutting in closely by people/vehicles/animals,other,2,1,0,clear,13.81147,100.34272,straight road,no slope,2022-12-30T13:30:00Z
7564304,30.12.2022 20:30,19.01.2023 13:34,Chumphon,department of highways,4-wheel pickup truck,speeding,rollover/fallen on straight road,1,0,2,rainy,9.919527847,99.06009324,other,other,2022-12-30T13:30:00Z
7525997,30.12.2022 20:35,31.12.2022 05:56,Udon Thani,department of highways,4-wheel pickup truck,cutting in closely by people/vehicles/animals,pedestrian collision,1,1,0,clear,17.40598021,102.765913,straight road,no slope,2022-12-30T13:35:00Z
7525687,30.12.2022 20:45,31.12.2022 04:56,Chiang Rai,department of highways,private/passenger car,speeding,rollover/fallen on straight road,1,0,0,clear,20.33050771,99.88461882,other,other,2022-12-30T13:45:00Z
7526751,30.12.2022 20:53,31.12.2022 08:35,Pathum Thani,department of highways,4-wheel pickup truck,speeding,rear-end collision,2,0,0,clear,13.92102568,100.7049228,straight road,no slope,2022-12-30T13:53:00Z
7525171,30.12.2022 20:56,31.12.2022 02:40,Phatthalung,department of highways,motorcycle,speeding,rollover/fallen on straight road,1,0,1,clear,7.698966896,99.8306796,straight road,no slope,2022-12-30T13:56:00Z
7525853,30.12.2022 21:00,31.12.2022 05:34,Phetchabun,department of highways,4-wheel pickup truck,aggressive driving/overtaking,pedestrian collision,1,1,0,clear,16.70883525,101.1770418,straight road,no slope,2022-12-30T14:00:00Z
7526149,30.12.2022 21:02,31.12.2022 06:25,Phuket,department of highways,motorcycle,speeding,rollover/fallen on straight road,1,0,1,clear,7.982519914,98.36246118,straight road,no slope,2022-12-30T14:02:00Z
7526137,30.12.2022 21:05,31.12.2022 06:27,Si Sa Ket,department of highways,4-wheel pickup truck,speeding,rollover/fallen on straight road,1,0,0,clear,14.85428681,104.0472892,straight road,no slope,2022-12-30T14:05:00Z
7527713,30.12.2022 21:30,31.12.2022 11:50,Suphan Buri,department of rural roads,motorcycle,speeding,other,1,0,1,clear,14.912489,99.724602,straight road,no slope,2022-12-30T14:30:00Z
7526786,30.12.2022 21:33,31.12.2022 08:40,Bangkok,department of highways,private/passenger car,speeding,rear-end collision,5,0,2,clear,13.91431915,100.7018852,straight road,no slope,2022-12-30T14:33:00Z
7553465,30.12.2022 21:49,7.01.2023 10:46,Ubon Ratchathani,department of highways,4-wheel pickup truck,cutting in closely by people/vehicles/animals,head-on collision (not overtaking),2,2,0,clear,14.99917161,105.2825363,wide curve,no slope,2022-12-30T14:49:00Z
7527757,30.12.2022 22:00,31.12.2022 12:01,Phrae,department of rural roads,motorcycle,driving under the influence of alcohol,other,1,0,1,clear,18.301028,100.173233,straight road,no slope,2022-12-30T15:00:00Z
7527698,30.12.2022 22:05,31.12.2022 11:45,Nakhon Si Thammarat,department of highways,motorcycle,reversing vehicle,pedestrian collision,1,0,2,clear,7.998475672,100.3229223,straight road,no slope,2022-12-30T15:05:00Z
7553821,30.12.2022 22:05,7.01.2023 15:25,Lamphun,department of highways,6-wheel truck,speeding,rollover/fallen on curved road,1,0,0,clear,18.52749407,98.90701348,wide curve,no slope,2022-12-30T15:05:00Z
7567061,30.12.2022 22:10,23.01.2023 09:46,Maha Sarakham,department of highways,4-wheel pickup truck,falling asleep,collision with obstruction (on road surface),2,0,0,clear,16.04810503,102.9216935,straight road,no slope,2022-12-30T15:10:00Z
7525855,30.12.2022 22:20,31.12.2022 05:34,Suphan Buri,department of highways,4-wheel pickup truck,illegal overtaking,head-on collision (not overtaking),4,0,8,clear,14.29374317,100.0600001,straight road,no slope,2022-12-30T15:20:00Z
7554692,30.12.2022 22:20,9.01.2023 14:08,Nan,department of highways,motorcycle,speeding,rollover/fallen on straight road,1,0,1,clear,18.89694672,100.7555409,straight road,no slope,2022-12-30T15:20:00Z
7529382,30.12.2022 22:30,31.12.2022 19:55,Nakhon Si Thammarat,department of highways,motorcycle,speeding,rear-end collision,2,1,2,clear,8.02998247,99.5039691,wide curve,no slope,2022-12-30T15:30:00Z
7544217,30.12.2022 22:35,4.01.2023 10:50,Saraburi,department of highways,4-wheel pickup truck,cutting in closely by people/vehicles/animals,rear-end collision,2,0,1,clear,14.41211036,100.8378612,other,other,2022-12-30T15:35:00Z
7526692,30.12.2022 22:36,31.12.2022 08:26,Pathum Thani,department of highways,private/passenger car,speeding,rollover/fallen on straight road,1,0,1,clear,14.09737158,100.6884581,straight road,no slope,2022-12-30T15:36:00Z
7526747,30.12.2022 22:50,31.12.2022 08:38,Bangkok,department of highways,private/passenger car,speeding,rollover/fallen on straight road,1,0,0,clear,13.78926131,100.409853,straight road,no slope,2022-12-30T15:50:00Z
7525966,30.12.2022 23:00,31.12.2022 05:52,Rayong,department of highways,motorcycle,speeding,rollover/fallen on straight road,1,1,0,clear,12.77804724,101.0257308,straight road,no slope,2022-12-30T16:00:00Z
7526140,30.12.2022 23:00,31.12.2022 06:29,Phetchaburi,department of highways,motorcycle,speeding,rollover/fallen on straight road,1,0,1,clear,12.95851423,99.90113586,straight road,no slope,2022-12-30T16:00:00Z
7557480,30.12.2022 23:00,12.01.2023 09:36,Yala,department of highways,4-wheel pickup truck,speeding,rollover/fallen on straight road,1,0,0,other,6.48529021,101.0832712,straight road,no slope,2022-12-30T16:00:00Z
7565166,30.12.2022 23:00,20.01.2023 09:05,Sakon Nakhon,department of highways,4-wheel pickup truck,speeding,rollover/fallen on curved road,1,0,2,clear,17.78796738,103.5993496,wide curve,no slope,2022-12-30T16:00:00Z
7527212,30.12.2022 23:11,31.12.2022 10:17,Chon Buri,department of highways,motorcycle,speeding,rollover/fallen on straight road,1,0,1,clear,12.84766287,100.9780508,straight road,no slope,2022-12-30T16:11:00Z
7527880,30.12.2022 23:25,31.12.2022 12:22,Chiang Mai,department of rural roads,4-wheel pickup truck,speeding,other,1,0,1,clear,18.741894,98.961675,straight road,no slope,2022-12-30T16:25:00Z
7527601,30.12.2022 23:30,31.12.2022 11:32,Chumphon,department of highways,4-wheel pickup truck,cutting in closely by people/vehicles/animals,rear-end collision,2,0,2,clear,10.13621567,99.08815755,straight road,no slope,2022-12-30T16:30:00Z
7567104,30.12.2022 23:30,23.01.2023 10:28,Yasothon,department of highways,motorcycle,speeding,collision with obstruction (on road surface),2,1,2,clear,15.84436271,104.1617136,straight road,no slope,2022-12-30T16:30:00Z
7527499,30.12.2022 23:35,31.12.2022 11:14,Suphan Buri,department of highways,motorcycle,speeding,rollover/fallen on straight road,1,0,2,clear,14.97004968,99.63789327,straight road,no slope,2022-12-30T16:35:00Z
7528273,30.12.2022 23:40,31.12.2022 14:16,Lampang,department of highways,4-wheel pickup truck,speeding,rollover/fallen on straight road,1,0,1,clear,18.25534377,99.48217884,straight road,no slope,2022-12-30T16:40:00Z
7556483,30.12.2022 23:40,11.01.2023 13:30,Lampang,department of highways,4-wheel pickup truck,speeding,rollover/fallen on straight road,1,0,1,clear,18.25687337,99.47970986,straight road,no slope,2022-12-30T16:40:00Z
7561834,30.12.2022 23:45,17.01.2023 15:11,Phatthalung,department of highways,motorcycle,speeding,rollover/fallen on straight road,1,0,1,clear,7.608807581,100.0537173,other,other,2022-12-30T16:45:00Z
7534726,30.12.2022 23:51,1.01.2023 23:02,Rayong,department of highways,private/passenger car,speeding,rollover/fallen on straight road,1,0,1,clear,12.86366752,101.3133296,straight road,no slope,2022-12-30T16:51:00Z
7526673,31.12.2022 00:10,31.12.2022 08:23,Uthai Thani,department of highways,4-wheel pickup truck,worn-out/tire blowout,rollover/fallen on straight road,1,0,1,clear,15.16931595,99.51403543,straight road,no slope,2022-12-30T17:10:00Z
7531038,31.12.2022 00:10,1.01.2023 04:34,Chiang Mai,department of highways,private/passenger car,speeding,rollover/fallen on straight road,1,0,1,clear,19.36972757,99.19939289,straight road,no slope,2022-12-30T17:10:00Z
7531277,31.12.2022 00:10,1.01.2023 05:36,Kamphaeng Phet,department of highways,motorcycle,speeding,rollover/fallen on straight road,1,1,0,clear,16.48469906,99.48908283,straight road,no slope,2022-12-30T17:10:00Z
7525863,31.12.2022 00:30,31.12.2022 05:30,Mukdahan,department of highways,motorcycle,speeding,rollover/fallen on straight road,1,0,1,clear,16.54714775,104.7163836,straight road,no slope,2022-12-30T17:30:00Z
7526111,31.12.2022 00:30,31.12.2022 06:22,Phetchaburi,department of highways,private/passenger car,falling asleep,rollover/fallen on straight road,1,0,0,clear,12.80441218,99.96933277,straight road,no slope,2022-12-30T17:30:00Z
7534712,31.12.2022 00:30,1.01.2023 22:58,Trat,department of highways,passenger pickup truck,driving under the influence of alcohol,rollover/fallen on straight road,1,0,0,clear,12.25204812,102.5094672,other,other,2022-12-30T17:30:00Z
7564369,31.12.2022 00:30,19.01.2023 14:10,Trang,department of highways,motorcycle,speeding,rollover/fallen on straight road,1,0,1,clear,7.318336357,99.67319906,straight road,no slope,2022-12-30T17:30:00Z
7565248,31.12.2022 00:30,20.01.2023 09:38,Nong Khai,department of highways,4-wheel pickup truck,worn-out/tire blowout,rollover/fallen on straight road,1,0,4,clear,17.99801718,102.9607882,straight road,no slope,2022-12-30T17:30:00Z
7527503,31.12.2022 00:40,31.12.2022 11:13,Udon Thani,department of highways,4-wheel pickup truck,speeding,rear-end collision,2,1,0,clear,17.42952813,102.782798,straight road,no slope,2022-12-30T17:40:00Z
7557893,31.12.2022 00:49,12.01.2023 11:29,Phetchabun,department of highways,4-wheel pickup truck,falling asleep,rear-end collision,2,0,1,clear,16.64819311,101.163826,straight road,no slope,2022-12-30T17:49:00Z
7526697,31.12.2022 01:00,31.12.2022 08:25,Saraburi,department of highways,4-wheel pickup truck,driving under the influence of alcohol,rollover/fallen on straight road,1,0,1,clear,14.55721475,100.9060561,straight road,no slope,2022-12-30T18:00:00Z
7528761,31.12.2022 01:00,31.12.2022 16:41,Phayao,department of highways,motorcycle,speeding,rollover/fallen on curved road,1,1,0,clear,19.23201988,99.96308014,wide curve,no slope,2022-12-30T18:00:00Z
7527445,31.12.2022 01:10,31.12.2022 11:00,Loburi,department of highways,private/passenger car,speeding,rollover/fallen on straight road,1,0,1,clear,14.80936384,100.5711811,straight road,no slope,2022-12-30T18:10:00Z
7531110,31.12.2022 01:30,1.01.2023 04:53,Samut Prakan,department of highways,motorcycle,speeding,rollover/fallen on straight road,1,1,0,clear,13.65676741,100.669516,straight road,no slope,2022-12-30T18:30:00Z
7537768,31.12.2022 01:30,2.01.2023 14:06,Bangkok,department of highways,private/passenger car,falling asleep,rear-end collision,2,0,1,clear,13.73347452,100.7964545,straight road,no slope,2022-12-30T18:30:00Z
7542140,31.12.2022 01:30,3.01.2023 12:09,Udon Thani,department of rural roads,motorcycle,speeding,other,1,1,0,clear,17.856433,103.265967,wide curve,no slope,2022-12-30T18:30:00Z
7527537,31.12.2022 01:34,31.12.2022 11:17,Nakhon Ratchasima,department of highways,private/passenger car,speeding,head-on collision (not overtaking),2,0,1,clear,14.99392412,101.9344354,straight road,no slope,2022-12-30T18:34:00Z
7534581,31.12.2022 01:35,1.01.2023 22:21,Phra Nakhon Si Ayutthaya,department of highways,motorcycle,reversing vehicle,collision with obstruction (on road surface),2,0,1,clear,14.46690424,100.6056798,other,other,2022-12-30T18:35:00Z
7526803,31.12.2022 01:45,31.12.2022 08:47,Nakhon Nayok,department of highways,private/passenger car,speeding,rollover/fallen on straight road,1,0,1,clear,14.24952768,101.1013305,straight road,no slope,2022-12-30T18:45:00Z
7563917,31.12.2022 01:50,19.01.2023 08:54,Chiang Mai,department of highways,private/passenger car,speeding,rollover/fallen on straight road,1,0,0,clear,18.84265364,99.01336288,straight road,no slope,2022-12-30T18:50:00Z
7527437,31.12.2022 02:00,31.12.2022 11:01,Loburi,department of highways,private/passenger car,speeding,rollover/fallen on straight road,1,0,1,clear,14.87583731,100.6341147,straight road,no slope,2022-12-30T19:00:00Z
7554056,31.12.2022 02:00,8.01.2023 10:19,Nonthaburi,department of highways,private/passenger car,worn-out/tire blowout,rollover/fallen on straight road,1,0,0,clear,13.87521987,100.42609590000001,straight road,no slope,2022-12-30T19:00:00Z
7570939,31.12.2022 02:01,26.01.2023 09:43,Sing Buri,department of highways,private/passenger car,driving under the influence of alcohol,rollover/fallen on curved road,1,0,1,clear,14.88757428,100.3915583,wide curve,no slope,2022-12-30T19:01:00Z
7527674,31.12.2022 02:14,31.12.2022 11:43,Loburi,department of highways,motorcycle,driving under the influence of alcohol,rollover/fallen on straight road,1,0,1,clear,14.89825925,100.4638616,straight road,no slope,2022-12-30T19:14:00Z
7544222,31.12.2022 02:15,4.01.2023 10:52,Phuket,department of highways,private/passenger car,speeding,rollover/fallen on straight road,1,0,0,clear,7.974668689,98.36882603,straight road,no slope,2022-12-30T19:15:00Z
7528664,31.12.2022 02:30,31.12.2022 16:11,Phrae,department of highways,private/passenger car,speeding,rollover/fallen on curved road,1,0,1,clear,18.37095632,100.3782257,wide curve,no slope,2022-12-30T19:30:00Z
7531477,31.12.2022 02:30,1.01.2023 06:27,Trat,department of highways,4-wheel pickup truck,speeding,head-on collision (not overtaking),3,0,2,clear,12.26053844,102.5455804,straight road,no slope,2022-12-30T19:30:00Z
7528253,31.12.2022 02:36,31.12.2022 14:12,Chiang Mai,department of highways,private/passenger car,speeding,rear-end collision,2,0,0,clear,18.84265413,99.01336223,straight road,no slope,2022-12-30T19:36:00Z
7528312,31.12.2022 03:00,31.12.2022 14:28,Uttaradit,department of highways,private/passenger car,speeding,rear-end collision,2,0,0,clear,17.64210116,100.1329122,other,other,2022-12-30T20:00:00Z
7527155,31.12.2022 03:18,31.12.2022 10:03,Chon Buri,department of highways,private/passenger car,speeding,rear-end collision,2,1,0,clear,13.42594722,101.04661,straight road,no slope,2022-12-30T20:18:00Z
7527502,31.12.2022 03:20,31.12.2022 11:12,Nakhon Ratchasima,department of highways,private/passenger car,speeding,rollover/fallen on straight road,1,0,2,clear,14.60112382,101.3959014,straight road,no slope,2022-12-30T20:20:00Z
7527692,31.12.2022 03:20,31.12.2022 11:46,Surat Thani,department of highways,private/passenger car,speeding,rollover/fallen on straight road,1,0,0,clear,9.206999032,99.67950493,straight road,no slope,2022-12-30T20:20:00Z
7552204,31.12.2022 03:36,6.01.2023 06:07,Loburi,department of highways,private/passenger car,speeding,rollover/fallen on straight road,1,0,1,clear,14.87579386,100.6341617,straight road,no slope,2022-12-30T20:36:00Z
7534547,31.12.2022 03:45,1.01.2023 22:14,Samut Sakhon,department of highways,motorcycle,driving under the influence of alcohol,rollover/fallen on straight road,1,0,1,clear,13.65435559,100.2738113,straight road,no slope,2022-12-30T20:45:00Z
7560677,31.12.2022 03:45,16.01.2023 11:00,Maha Sarakham,department of highways,4-wheel pickup truck,speeding,rollover/fallen on straight road,1,0,2,clear,16.02476661,103.1080239,straight road,no slope,2022-12-30T20:45:00Z
7526935,31.12.2022 04:10,31.12.2022 09:08,Phuket,department of highways,motorcycle,speeding,rear-end collision,2,1,0,clear,8.089031003,98.34109068,straight road,no slope,2022-12-30T21:10:00Z
7527658,31.12.2022 04:30,31.12.2022 11:39,Phetchabun,department of highways,van,speeding,rollover/fallen on straight road,1,0,3,clear,15.38799615,101.1108581,straight road,no slope,2022-12-30T21:30:00Z
7528317,31.12.2022 04:30,31.12.2022 14:27,Uttaradit,department of highways,4-wheel pickup truck,falling asleep,rollover/fallen on straight road,1,0,1,clear,17.57033701,100.1145901,straight road,no slope,2022-12-30T21:30:00Z
7531090,31.12.2022 04:30,1.01.2023 04:46,Chiang Rai,department of highways,private/passenger car,speeding,rollover/fallen on straight road,1,0,1,clear,20.22292517,100.1441011,straight road,no slope,2022-12-30T21:30:00Z
7528280,31.12.2022 04:56,31.12.2022 14:17,Chiang Rai,department of highways,motorcycle,speeding,rollover/fallen on straight road,1,0,1,foggy,20.18797334,99.85653207,straight road,no slope,2022-12-30T21:56:00Z
7527233,31.12.2022 05:00,31.12.2022 10:22,Ratchaburi,department of highways,4-wheel pickup truck,speeding,rollover/fallen on straight road,1,0,1,clear,13.54428364,99.41445602,straight road,no slope,2022-12-30T22:00:00Z
7526929,31.12.2022 05:10,31.12.2022 09:06,Chanthaburi,department of highways,4-wheel pickup truck,falling asleep,rollover/fallen on straight road,1,0,2,clear,12.73704073,101.8963259,straight road,no slope,2022-12-30T22:10:00Z
7553575,31.12.2022 05:23,7.01.2023 11:29,Chiang Mai,department of highways,motorcycle,falling asleep,rollover/fallen on straight road,1,1,0,clear,18.84501108,99.13140491,straight road,no slope,2022-12-30T22:23:00Z
7528315,31.12.2022 05:50,31.12.2022 14:29,Uttaradit,department of highways,4-wheel pickup truck,speeding,other,1,0,0,clear,17.82813154,100.0651905,wide curve,no slope,2022-12-30T22:50:00Z
7563146,31.12.2022 05:50,18.01.2023 14:41,Lampang,department of highways,large passenger vehicle,speeding,rollover/fallen on straight road,1,0,0,clear,17.60838299,99.2276788,straight road,no slope,2022-12-30T22:50:00Z
7531071,31.12.2022 06:00,1.01.2023 04:41,Phrae,department of highways,motorcycle,speeding,rollover/fallen on straight road,1,0,1,clear,18.33110809,100.3128657,straight road,no slope,2022-12-30T23:00:00Z
7529419,31.12.2022 06:30,31.12.2022 20:06,Ubon Ratchathani,department of highways,4-wheel pickup truck,speeding,rear-end collision,2,1,0,clear,15.1915294,105.3678048,straight road,no slope,2022-12-30T23:30:00Z
7527763,31.12.2022 06:44,31.12.2022 12:00,Nakhon Nayok,department of rural roads,motorcycle,speeding,other,1,1,0,clear,14.113688,101.014835,straight road,no slope,2022-12-30T23:44:00Z
7567031,31.12.2022 07:00,23.01.2023 09:23,Yasothon,department of highways,private/passenger car,speeding,rollover/fallen on straight road,1,0,4,clear,15.60943767,104.3772438,straight road,no slope,2022-12-31T00:00:00Z
7554055,31.12.2022 07:15,8.01.2023 10:10,Chai Nat,department of highways,private/passenger car,speeding,rollover/fallen on straight road,1,0,0,clear,14.98320197,100.0073968,other,other,2022-12-31T00:15:00Z
7528256,31.12.2022 07:30,31.12.2022 14:14,Lampang,department of highways,motorcycle,speeding,rollover/fallen on straight road,1,1,0,clear,17.7993399,99.26631466,straight road,no slope,2022-12-31T00:30:00Z
7531398,31.12.2022 07:45,1.01.2023 06:06,Buri Ram,department of highways,private/passenger car,falling asleep,rollover/fallen on straight road,1,0,4,clear,15.46649318,103.0966165,straight road,no slope,2022-12-31T00:45:00Z
7554026,31.12.2022 07:55,8.01.2023 09:40,Lamphun,department of highways,private/passenger car,speeding,rear-end collision,4,0,0,clear,18.60037726,99.04302662,straight road,no slope,2022-12-31T00:55:00Z
7528330,31.12.2022 08:10,31.12.2022 14:30,Uttaradit,department of highways,4-wheel pickup truck,falling asleep,rollover/fallen on straight road,1,0,1,clear,17.43982293,100.2314016,straight road,no slope,2022-12-31T01:10:00Z
7527539,31.12.2022 08:30,31.12.2022 11:15,Suphan Buri,department of highways,4-wheel pickup truck,falling asleep,rollover/fallen on straight road,1,0,0,clear,14.22760093,99.91757853,straight road,no slope,2022-12-31T01:30:00Z
7532716,31.12.2022 08:30,1.01.2023 12:47,Nakhon Si Thammarat,department of rural roads,motorcycle,turn signal system failure,pedestrian collision,1,0,1,clear,7.944472,100.214913,straight road,no slope,2022-12-31T01:30:00Z
7529386,31.12.2022 08:35,31.12.2022 19:59,Krabi,department of highways,4-wheel pickup truck,speeding,rollover/fallen on straight road,1,1,0,clear,8.318355827,98.78802583,straight road,no slope,2022-12-31T01:35:00Z
7531471,31.12.2022 09:00,1.01.2023 06:27,Nonthaburi,department of rural roads,4-wheel pickup truck,speeding,other,2,0,1,clear,13.875857,100.495509,straight road,no slope,2022-12-31T02:00:00Z
7564361,31.12.2022 09:00,19.01.2023 14:09,Trang,department of highways,6-wheel truck,speeding,other,1,0,1,clear,7.991844467,99.63547781,wide curve,no slope,2022-12-31T02:00:00Z
7527557,31.12.2022 09:10,31.12.2022 11:20,Samut Sakhon,department of highways,4-wheel pickup truck,speeding,rear-end collision,2,0,0,clear,13.45943057,100.0943224,straight road,no slope,2022-12-31T02:10:00Z
7531338,31.12.2022 09:25,1.01.2023 05:51,Pattani,department of highways,private/passenger car,aggressive driving/overtaking,pedestrian collision,1,0,1,clear,6.861961423,101.3675317,straight road,no slope,2022-12-31T02:25:00Z
7527695,31.12.2022 09:30,31.12.2022 11:49,Yasothon,department of highways,large truck with trailer,speeding,rear-end collision,2,0,0,clear,16.2492767,104.5185183,other,other,2022-12-31T02:30:00Z
7529856,31.12.2022 09:30,31.12.2022 22:19,Prachin Buri,department of highways,motorcycle,debris/obstruction on the road,rollover/fallen on curved road,1,0,1,clear,13.99274433,101.5220513,wide curve,no slope,2022-12-31T02:30:00Z
7531074,31.12.2022 09:30,1.01.2023 04:42,Chiang Rai,department of highways,4-wheel pickup truck,unfamiliarity with the route/unskilled driving,other,2,0,0,clear,20.24541424,100.4113577,connecting to private area,other,2022-12-31T02:30:00Z
7531451,31.12.2022 09:30,1.01.2023 06:24,Nakhon Sawan,department of highways,4-wheel pickup truck,cutting in closely by people/vehicles/animals,rear-end collision,2,0,3,clear,15.63741523,99.55473796,other,other,2022-12-31T02:30:00Z
7554684,31.12.2022 09:30,9.01.2023 14:00,Nan,department of highways,private/passenger car,speeding,other,1,0,0,clear,18.83764058,100.7450353,wide curve,no slope,2022-12-31T02:30:00Z
7555998,31.12.2022 09:30,11.01.2023 09:43,Chanthaburi,department of highways,passenger pickup truck,cutting in closely by people/vehicles/animals,head-on collision (not overtaking),2,1,0,clear,12.80887202,102.0728776,connecting to private area,other,2022-12-31T02:30:00Z
7544155,31.12.2022 09:55,4.01.2023 09:41,Nakhon Sawan,department of highways,4-wheel pickup truck,speeding,rear-end collision,2,0,1,clear,15.67405083,100.126023,straight road,no slope,2022-12-31T02:55:00Z
7531475,31.12.2022 10:00,1.01.2023 06:28,Kanchanaburi,department of highways,motorcycle,cutting in closely by people/vehicles/animals,rear-end collision,2,0,2,clear,14.04817022,99.52432056,straight road,no slope,2022-12-31T03:00:00Z
7560691,31.12.2022 10:00,16.01.2023 11:11,Roi Et,department of highways,motorcycle,speeding,rear-end collision,2,0,2,clear,16.27900004,104.1133971,straight road,no slope,2022-12-31T03:00:00Z
7528236,31.12.2022 10:10,31.12.2022 14:06,Lamphun,department of highways,private/passenger car,speeding,rear-end collision,2,0,1,clear,18.59542684,99.04271107,straight road,no slope,2022-12-31T03:10:00Z
7537677,31.12.2022 10:19,2.01.2023 13:39,Chai Nat,department of rural roads,private/passenger car,falling asleep,other,1,0,2,clear,15.108495,100.152872,straight road,no slope,2022-12-31T03:19:00Z
7529401,31.12.2022 10:20,31.12.2022 20:02,Surin,department of highways,motorcycle,cutting in closely by people/vehicles/animals,collision at intersection corner,2,0,1,clear,14.90614551,103.7974885,other,other,2022-12-31T03:20:00Z
7529404,31.12.2022 10:21,31.12.2022 20:03,Surin,department of highways,motorcycle,speeding,rear-end collision,2,0,1,clear,15.12917039,103.6131816,straight road,no slope,2022-12-31T03:21:00Z
7541078,31.12.2022 10:30,3.01.2023 07:18,Suphan Buri,department of highways,private/passenger car,speeding,rear-end collision,2,0,1,clear,14.31745908,99.87796415,straight road,no slope,2022-12-31T03:30:00Z
7569615,31.12.2022 10:30,25.01.2023 14:54,Phayao,department of highways,private/passenger car,speeding,rollover/fallen on straight road,1,0,3,clear,19.11285628,99.9057638,straight road,no slope,2022-12-31T03:30:00Z
7535854,31.12.2022 10:40,2.01.2023 04:52,Nakhon Si Thammarat,department of highways,4-wheel pickup truck,speeding,rear-end collision,2,0,1,clear,8.342890473,99.62034557,wide curve,no slope,2022-12-31T03:40:00Z
7531835,31.12.2022 10:45,1.01.2023 08:29,Nakhon Pathom,department of highways,motorcycle,speeding,rear-end collision,2,0,1,clear,13.74012443,100.3294009,straight road,no slope,2022-12-31T03:45:00Z
7532714,31.12.2022 11:00,1.01.2023 12:46,Maha Sarakham,department of rural roads,motorcycle,running red lights/traffic signals,other,2,0,1,clear,15.9208,103.122962,four-way intersection,other,2022-12-31T04:00:00Z
7533279,31.12.2022 11:00,1.01.2023 15:38,Suphan Buri,department of highways,private/passenger car,illegal overtaking,rear-end collision,2,0,0,clear,14.76336387,100.0210687,other,other,2022-12-31T04:00:00Z
7554058,31.12.2022 11:09,8.01.2023 10:20,Bangkok,department of highways,4-wheel pickup truck,speeding,rear-end collision,2,0,0,clear,13.69588165,100.4074,other,other,2022-12-31T04:09:00Z
7532710,31.12.2022 11:16,1.01.2023 12:45,Loburi,department of rural roads,private/passenger car,falling asleep,other,2,0,1,clear,15.062278,100.503136,straight road,no slope,2022-12-31T04:16:00Z
7529811,31.12.2022 11:24,31.12.2022 22:00,Nakhon Ratchasima,department of highways,4-wheel pickup truck,speeding,rollover/fallen on straight road,1,1,1,clear,15.02396915,102.1383554,straight road,no slope,2022-12-31T04:24:00Z
7531369,31.12.2022 11:36,1.01.2023 05:59,Kanchanaburi,department of highways,motorcycle,speeding,rear-end collision,2,0,1,clear,14.03510232,99.81538462,straight road,no slope,2022-12-31T04:36:00Z
7544070,31.12.2022 11:46,4.01.2023 07:16,Bangkok,department of highways,private/passenger car,speeding,rear-end collision,4,0,0,clear,13.91111942,100.700241,straight road,no slope,2022-12-31T04:46:00Z