acc_code,incident_datetime,report_datetime,province_en,agency,vehicle_type,presumed_cause,accident_type,number_of_vehicles_involved,number_of_fatalities,number_of_injuries,weather_condition,latitude,longitude,road_description,slope_description,incident_time
7529219,31.12.2022 11:47,31.12.2022 19:06,Samut Prakan,department of highways,private/passenger car,speeding,rear-end collision,3,0,0,clear,13.62231995,100.9182617,straight road,no slope,2022-12-31T04:47:00Z
7544064,31.12.2022 12:00,4.01.2023 07:02,Prachuap Khiri Khan,department of highways,private/passenger car,illegal overtaking,rear-end collision,2,0,0,clear,12.0121991,99.83602121,other,other,2022-12-31T05:00:00Z
7535983,31.12.2022 12:05,2.01.2023 05:29,Surat Thani,department of highways,4-wheel pickup truck,speeding,head-on collision (not overtaking),2,0,0,clear,9.464894029,99.20599446,straight road,no slope,2022-12-31T05:05:00Z
7563764,31.12.2022 12:10,19.01.2023 07:13,Phra Nakhon Si Ayutthaya,department of highways,motorcycle,speeding,rollover/fallen on straight road,1,0,1,clear,14.49444941,100.366343,straight road,no slope,2022-12-31T05:10:00Z
7531317,31.12.2022 12:30,1.01.2023 05:48,Pattani,department of highways,4-wheel pickup truck,speeding,rear-end collision,2,0,1,clear,6.756070409,101.480465,straight road,no slope,2022-12-31T05:30:00Z
7536075,31.12.2022 12:30,2.01.2023 05:42,Nakhon Sawan,department of highways,private/passenger car,cutting in closely by people/vehicles/animals,rear-end collision,2,1,0,clear,15.40283904,100.4625312,other,other,2022-12-31T05:30:00Z
7531178,31.12.2022 12:50,1.01.2023 05:14,Chachoengsao,department of rural roads,motorcycle,speeding,other,1,0,1,clear,13.690852,101.758359,roundabout,other,2022-12-31T05:50:00Z
7529347,31.12.2022 13:00,31.12.2022 19:50,Phetchabun,department of highways,4-wheel pickup truck,dangerous curve,rear-end collision,2,0,0,clear,16.88544667,101.1228364,sharp curve,slope area,2022-12-31T06:00:00Z
7532249,31.12.2022 13:00,1.01.2023 10:40,Uthai Thani,department of highways,motorized tricycle,speeding,rollover/fallen on straight road,1,0,2,clear,15.38593551,99.74110307,straight road,no slope,2022-12-31T06:00:00Z
7531182,31.12.2022 13:05,1.01.2023 05:10,Narathiwat,department of rural roads,motorcycle,debris/obstruction on the road,other,1,0,1,clear,6.440197,101.815347,straight road,no slope,2022-12-31T06:05:00Z
7532039,31.12.2022 13:15,1.01.2023 09:31,Phetchabun,department of highways,motorcycle,cutting in closely by people/vehicles/animals,rear-end collision,2,0,1,clear,16.31836466,101.0746273,straight road,no slope,2022-12-31T06:15:00Z
7535833,31.12.2022 13:20,2.01.2023 04:46,Nakhon Si Thammarat,department of highways,private/passenger car,speeding,rear-end collision,2,0,0,clear,8.320542368,99.46863551,straight road,no slope,2022-12-31T06:20:00Z
7531316,31.12.2022 13:30,1.01.2023 05:48,Kalasin,department of rural roads,bicycle,speeding,other,1,0,1,clear,16.668092,104.132964,straight road,no slope,2022-12-31T06:30:00Z
7566953,31.12.2022 13:30,23.01.2023 07:30,Tak,department of highways,private/passenger car,speeding,rollover/fallen on straight road,1,0,0,clear,16.72943204,98.60151104,straight road,no slope,2022-12-31T06:30:00Z
7529215,31.12.2022 13:36,31.12.2022 19:05,Bangkok,department of highways,4-wheel pickup truck,speeding,rear-end collision,3,0,0,clear,13.72939684,100.7370919,straight road,no slope,2022-12-31T06:36:00Z
7563969,31.12.2022 13:40,19.01.2023 09:21,Samut Sakhon,department of highways,private/passenger car,speeding,rear-end collision,2,0,0,clear,13.53437676,100.2137486,other,other,2022-12-31T06:40:00Z
7531130,31.12.2022 13:45,1.01.2023 04:59,Phitsanulok,department of highways,4-wheel pickup truck,cutting in closely by people/vehicles/animals,rear-end collision,2,0,2,clear,17.09116533,100.2648037,other,other,2022-12-31T06:45:00Z
7531360,31.12.2022 13:45,1.01.2023 05:55,Suphan Buri,department of highways,4-wheel pickup truck,speeding,rollover/fallen on straight road,1,0,0,clear,14.56955821,100.1470728,straight road,no slope,2022-12-31T06:45:00Z
7528778,31.12.2022 13:50,31.12.2022 16:48,Phatthalung,department of highways,4-wheel pickup truck,speeding,rear-end collision,2,0,0,clear,7.286839257,100.1549573,straight road,no slope,2022-12-31T06:50:00Z
7542135,31.12.2022 13:50,3.01.2023 12:05,Phayao,department of rural roads,motorcycle,driving under the influence of alcohol,other,1,0,1,clear,19.4004,99.8273,wide curve,no slope,2022-12-31T06:50:00Z
7529057,31.12.2022 14:00,31.12.2022 18:15,Chiang Rai,department of highways,motorcycle,cutting in closely by people/vehicles/animals,collision at intersection corner,2,0,2,clear,20.08840325,100.5091794,other,other,2022-12-31T07:00:00Z
7531054,31.12.2022 14:00,1.01.2023 04:36,Chiang Mai,department of highways,motorcycle,unfamiliarity with the route/unskilled driving,rollover/fallen on curved road,1,0,1,clear,19.12451966,98.70872066,wide curve,no slope,2022-12-31T07:00:00Z
7544068,31.12.2022 14:12,4.01.2023 07:13,Chon Buri,department of highways,private/passenger car,speeding,rear-end collision,2,0,0,clear,13.19239219,100.9992269,straight road,no slope,2022-12-31T07:12:00Z
7568491,31.12.2022 14:15,24.01.2023 15:45,Phetchabun,department of highways,4-wheel pickup truck,driving under the influence of alcohol,rollover/fallen on straight road,1,0,1,clear,15.71426487,101.018258,straight road,no slope,2022-12-31T07:15:00Z
7533310,31.12.2022 14:20,1.01.2023 15:49,buogkan,department of rural roads,motorcycle,driving under the influence of alcohol,other,1,0,1,clear,18.345231,103.379615,t-intersection,other,2022-12-31T07:20:00Z
7542148,31.12.2022 14:20,3.01.2023 12:09,Chai Nat,department of rural roads,motorcycle,cutting in closely by people/vehicles/animals,other,1,0,1,clear,15.255746,100.037043,straight road,no slope,2022-12-31T07:20:00Z
7529759,31.12.2022 14:30,31.12.2022 21:49,Mukdahan,department of highways,motorcycle,cutting in closely by people/vehicles/animals,rear-end collision,2,0,1,clear,16.5375231,104.7309025,other,other,2022-12-31T07:30:00Z
7531337,31.12.2022 14:30,1.01.2023 05:52,Chumphon,department of rural roads,4-wheel pickup truck,unfamiliarity with the route/unskilled driving,other,2,0,3,clear,10.540656,99.209088,four-way intersection,other,2022-12-31T07:30:00Z
7540998,31.12.2022 14:30,3.01.2023 06:54,Sing Buri,department of highways,4-wheel pickup truck,cutting in closely by people/vehicles/animals,rear-end collision,2,0,1,clear,14.80096011,100.3470585,straight road,no slope,2022-12-31T07:30:00Z
7558808,31.12.2022 14:30,13.01.2023 07:00,Loburi,department of highways,private/passenger car,speeding,other,1,1,0,clear,14.82867539,101.0609487,other,other,2022-12-31T07:30:00Z
7536100,31.12.2022 14:31,2.01.2023 05:45,Loburi,department of highways,private/passenger car,falling asleep,other,1,1,0,clear,14.82867539,101.0609487,other,other,2022-12-31T07:31:00Z
7534780,31.12.2022 14:37,1.01.2023 23:16,Chai Nat,department of highways,motorcycle,cutting in closely by people/vehicles/animals,rear-end collision,2,0,1,clear,15.27852394,99.87156853,straight road,no slope,2022-12-31T07:37:00Z
7531128,31.12.2022 14:40,1.01.2023 04:57,Uttaradit,department of highways,motorcycle,speeding,rollover/fallen on straight road,1,0,2,clear,17.69231599,100.287841,straight road,no slope,2022-12-31T07:40:00Z
7535812,31.12.2022 14:45,2.01.2023 04:43,Nakhon Si Thammarat,department of highways,4-wheel pickup truck,aggressive driving/overtaking,pedestrian collision,1,0,1,clear,8.051938286,99.97899771,wide curve,no slope,2022-12-31T07:45:00Z
7531325,31.12.2022 14:50,1.01.2023 05:45,Phuket,department of highways,motorcycle,speeding,rear-end collision,2,0,2,clear,7.871978402,98.36179063,straight road,no slope,2022-12-31T07:50:00Z
7534724,31.12.2022 15:00,1.01.2023 23:03,Nakhon Pathom,department of highways,motorcycle,speeding,rear-end collision,2,0,1,clear,13.80698314,100.0353841,straight road,no slope,2022-12-31T08:00:00Z
7542149,31.12.2022 15:00,3.01.2023 12:07,Phetchaburi,department of rural roads,motorcycle,driving under the influence of alcohol,other,1,0,1,clear,13.148928,99.544434,straight road,no slope,2022-12-31T08:00:00Z
7551262,31.12.2022 15:00,5.01.2023 11:00,Sing Buri,department of highways,4-wheel pickup truck,speeding,rear-end collision,2,0,0,clear,14.81505894,100.3642246,other,other,2022-12-31T08:00:00Z
7566944,31.12.2022 15:00,23.01.2023 07:29,Tak,department of highways,private/passenger car,cutting in closely by people/vehicles/animals,rear-end collision,2,0,0,clear,16.86444432,99.13793474,straight road,no slope,2022-12-31T08:00:00Z
7542754,31.12.2022 15:10,3.01.2023 14:31,Nong Bua Lam Phu,department of rural roads,private/passenger car,speeding,other,1,0,3,clear,17.017866,102.412485,straight road,no slope,2022-12-31T08:10:00Z
7554028,31.12.2022 15:10,8.01.2023 09:40,Lamphun,department of highways,motorcycle,speeding,rear-end collision,2,0,1,clear,18.60069797,99.04304652,straight road,no slope,2022-12-31T08:10:00Z
7536073,31.12.2022 15:15,2.01.2023 05:41,Nakhon Sawan,department of highways,motorcycle,speeding,rear-end collision,2,0,1,clear,15.25902418,100.3196935,straight road,no slope,2022-12-31T08:15:00Z
7531468,31.12.2022 15:30,1.01.2023 06:26,Maha Sarakham,department of rural roads,4-wheel pickup truck,speeding,other,2,1,0,clear,16.311625,102.959757,straight road,no slope,2022-12-31T08:30:00Z
7564428,31.12.2022 15:30,19.01.2023 14:53,Udon Thani,department of highways,4-wheel pickup truck,cutting in closely by people/vehicles/animals,head-on collision (not overtaking),2,0,0,clear,16.95915496,103.299024,other,other,2022-12-31T08:30:00Z
7551386,31.12.2022 15:31,5.01.2023 11:52,Kanchanaburi,department of highways,private/passenger car,speeding,head-on collision (not overtaking),2,0,2,clear,14.0347454,99.8176548,straight road,no slope,2022-12-31T08:31:00Z
7531093,31.12.2022 15:35,1.01.2023 04:48,Phayao,department of highways,motorcycle,speeding,rear-end collision,2,0,1,clear,19.31077955,100.0309673,other,other,2022-12-31T08:35:00Z
7533457,31.12.2022 15:40,1.01.2023 16:32,Lampang,department of highways,private/passenger car,speeding,rollover/fallen on straight road,1,1,0,clear,18.26051241,99.62313458,straight road,no slope,2022-12-31T08:40:00Z
7542141,31.12.2022 15:40,3.01.2023 12:06,Mukdahan,department of rural roads,motorcycle,driving under the influence of alcohol,other,1,0,1,clear,16.424945,104.567665,straight road,no slope,2022-12-31T08:40:00Z
7533312,31.12.2022 15:46,1.01.2023 15:47,Phra Nakhon Si Ayutthaya,department of highways,motorcycle,cutting in closely by people/vehicles/animals,rear-end collision,2,0,1,clear,14.4569004,100.6488929,straight road,no slope,2022-12-31T08:46:00Z
7552415,31.12.2022 15:50,6.01.2023 09:18,Sing Buri,department of highways,4-wheel pickup truck,speeding,rollover/fallen on curved road,1,0,1,clear,14.82338479,100.2246512,wide curve,no slope,2022-12-31T08:50:00Z
7529779,31.12.2022 16:00,31.12.2022 21:52,Prachin Buri,department of highways,private/passenger car,speeding,rear-end collision,2,0,1,clear,14.06977265,101.5516104,straight road,no slope,2022-12-31T09:00:00Z
7532250,31.12.2022 16:00,1.01.2023 10:43,Uthai Thani,department of highways,private/passenger car,speeding,rollover/fallen on straight road,1,0,1,clear,15.37390916,99.80932252,straight road,no slope,2022-12-31T09:00:00Z
7532720,31.12.2022 16:03,1.01.2023 12:45,buogkan,department of rural roads,motorcycle,illegal overtaking,other,1,0,1,clear,17.968877,103.92595,straight road,no slope,2022-12-31T09:03:00Z
7532264,31.12.2022 16:10,1.01.2023 10:45,Uthai Thani,department of highways,motorcycle,speeding,rollover/fallen on straight road,1,0,1,clear,15.06921891,99.47685599,straight road,no slope,2022-12-31T09:10:00Z
7529438,31.12.2022 16:20,31.12.2022 20:11,Udon Thani,department of highways,private/passenger car,speeding,other,1,0,1,clear,16.94600833,103.3934322,other,other,2022-12-31T09:20:00Z
7534761,31.12.2022 16:30,1.01.2023 23:15,Kanchanaburi,department of highways,motorcycle,speeding,rollover/fallen on curved road,1,0,1,clear,14.86211235,98.6785984,wide curve,no slope,2022-12-31T09:30:00Z
7544164,31.12.2022 16:30,4.01.2023 09:48,Kanchanaburi,department of highways,4-wheel pickup truck,unfamiliarity with the route/unskilled driving,rear-end collision,2,0,2,clear,13.94161918,99.76059482,connecting to public/commercial area,other,2022-12-31T09:30:00Z
7531298,31.12.2022 16:53,1.01.2023 05:40,Kamphaeng Phet,department of highways,4-wheel pickup truck,reversing vehicle,collision with obstruction (on road surface),2,0,1,clear,16.04106654,99.76144508,connecting to public/commercial area,other,2022-12-31T09:53:00Z
7544065,31.12.2022 17:00,4.01.2023 07:01,Chon Buri,department of highways,private/passenger car,speeding,rear-end collision,2,0,1,clear,13.34733641,100.9984021,straight road,no slope,2022-12-31T10:00:00Z
7534534,31.12.2022 17:09,1.01.2023 22:06,Bangkok,department of highways,private/passenger car,speeding,rear-end collision,2,0,1,clear,13.68785527,100.4071335,straight road,no slope,2022-12-31T10:09:00Z
7554032,31.12.2022 17:15,8.01.2023 09:48,Sukhothai,department of highways,motorcycle,reversing vehicle,collision with obstruction (on road surface),2,0,2,clear,17.55126715,99.88326344,straight road,no slope,2022-12-31T10:15:00Z
7535819,31.12.2022 17:30,2.01.2023 04:42,Nakhon Si Thammarat,department of highways,4-wheel pickup truck,cutting in closely by people/vehicles/animals,rear-end collision,2,0,1,clear,8.42629954,99.40721958,straight road,no slope,2022-12-31T10:30:00Z
7531279,31.12.2022 17:35,1.01.2023 05:39,Si Sa Ket,department of highways,4-wheel pickup truck,speeding,rear-end collision,2,0,1,clear,14.67222909,104.2139734,straight road,no slope,2022-12-31T10:35:00Z
7531269,31.12.2022 17:40,1.01.2023 05:39,Sukhothai,department of highways,4-wheel pickup truck,driving under the influence of alcohol,rollover/fallen on straight road,1,0,1,clear,16.90580598,99.75930065,straight road,no slope,2022-12-31T10:40:00Z
7531280,31.12.2022 17:45,1.01.2023 05:37,Si Sa Ket,department of highways,4-wheel pickup truck,speeding,rear-end collision,2,0,2,clear,15.34445384,104.1457615,straight road,no slope,2022-12-31T10:45:00Z
7532459,31.12.2022 17:50,1.01.2023 11:42,Nan,department of highways,4-wheel pickup truck,speeding,rollover/fallen on straight road,1,1,4,clear,18.55289487,100.7754392,straight road,no slope,2022-12-31T10:50:00Z
7532688,31.12.2022 18:00,1.01.2023 12:44,Sukhothai,department of rural roads,motorcycle,speeding,other,2,0,1,clear,17.238055,99.775305,straight road,no slope,2022-12-31T11:00:00Z
7551238,31.12.2022 18:20,5.01.2023 10:53,Nakhon Sawan,department of highways,4-wheel pickup truck,ignoring stop sign while leaving intersection,rear-end collision,2,0,1,clear,15.81806677,100.0826356,other,other,2022-12-31T11:20:00Z
7531036,31.12.2022 18:30,1.01.2023 04:33,Lamphun,department of highways,motorcycle,speeding,rollover/fallen on straight road,1,0,1,clear,18.53176447,98.9403756,straight road,no slope,2022-12-31T11:30:00Z
7531180,31.12.2022 18:30,1.01.2023 05:11,Chai Nat,department of rural roads,motorcycle,illegal overtaking,other,2,0,1,clear,15.152516,100.090936,straight road,no slope,2022-12-31T11:30:00Z
7531233,31.12.2022 18:30,1.01.2023 05:26,Phetchaburi,department of rural roads,motorcycle,cutting in closely by people/vehicles/animals,other,2,1,1,dark,12.985568,99.880479,straight road,no slope,2022-12-31T11:30:00Z
7531273,31.12.2022 18:30,1.01.2023 05:39,Sa Kaeo,department of highways,4-wheel pickup truck,illegal overtaking,rear-end collision,2,0,3,clear,14.1353341,102.6686826,wide curve,slope area,2022-12-31T11:30:00Z
7532717,31.12.2022 18:30,1.01.2023 12:46,Lamphun,department of rural roads,motorcycle,driving under the influence of alcohol,pedestrian collision,1,0,1,clear,17.70193,98.86686,straight road,no slope,2022-12-31T11:30:00Z
7531449,31.12.2022 18:40,1.01.2023 06:22,Phra Nakhon Si Ayutthaya,department of highways,motorcycle,speeding,rear-end collision,2,0,3,clear,14.32337003,100.6520095,other,other,2022-12-31T11:40:00Z
7532713,31.12.2022 18:45,1.01.2023 12:46,Trat,department of rural roads,motorcycle,driving under the influence of alcohol,other,1,0,1,clear,11.927152,102.786874,straight road,no slope,2022-12-31T11:45:00Z
7534778,31.12.2022 18:45,1.01.2023 23:17,Chai Nat,department of highways,motorcycle,speeding,rollover/fallen on straight road,1,0,2,clear,15.00690291,100.1278625,straight road,no slope,2022-12-31T11:45:00Z
7544511,31.12.2022 18:45,4.01.2023 14:58,Sing Buri,department of highways,motorcycle,cutting in closely by people/vehicles/animals,rear-end collision,2,0,1,clear,14.88875352,100.39914,connecting to public/commercial area,other,2022-12-31T11:45:00Z
7532719,31.12.2022 18:47,1.01.2023 12:46,Pathum Thani,department of rural roads,motorcycle,road in poor condition,other,2,0,2,clear,14.253224,100.84417,straight road,no slope,2022-12-31T11:47:00Z
7531499,31.12.2022 18:50,1.01.2023 06:30,Ang Thong,department of highways,private/passenger car,speeding,rear-end collision,3,0,2,clear,14.49044733,100.483868,straight road,no slope,2022-12-31T11:50:00Z
7534684,31.12.2022 19:00,1.01.2023 22:51,Trat,department of highways,4-wheel pickup truck,speeding,rollover/fallen on curved road,1,0,1,clear,12.12688877,102.5504516,wide curve,slope area,2022-12-31T12:00:00Z
7553818,31.12.2022 19:00,7.01.2023 15:13,Phetchabun,department of highways,motorcycle,speeding,rear-end collision,2,0,2,clear,16.30893741,101.0712444,straight road,no slope,2022-12-31T12:00:00Z
7531199,31.12.2022 19:06,1.01.2023 05:16,Chiang Mai,department of rural roads,motorcycle,speeding,other,1,0,1,clear,18.75035,99.032706,y-intersection,other,2022-12-31T12:06:00Z
7534619,31.12.2022 19:10,1.01.2023 22:30,Chachoengsao,department of highways,4-wheel pickup truck,cutting in closely by people/vehicles/animals,rear-end collision,2,0,1,clear,13.6808813,101.0813092,straight road,no slope,2022-12-31T12:10:00Z
7554090,31.12.2022 19:10,8.01.2023 11:43,Saraburi,department of highways,motorcycle,cutting in closely by people/vehicles/animals,rear-end collision,2,0,1,clear,14.39993461,100.9231508,wide curve,no slope,2022-12-31T12:10:00Z
7556340,31.12.2022 19:10,11.01.2023 12:22,Chiang Mai,department of highways,4-wheel pickup truck,speeding,rollover/fallen on straight road,1,0,0,clear,18.75035553,99.03274119,straight road,no slope,2022-12-31T12:10:00Z
7531073,31.12.2022 19:15,1.01.2023 04:44,Phrae,department of highways,4-wheel pickup truck,speeding,rollover/fallen on straight road,1,0,0,clear,18.48548273,100.1987949,straight road,no slope,2022-12-31T12:15:00Z
7534514,31.12.2022 19:17,1.01.2023 22:04,Bangkok,department of highways,motorcycle,speeding,rollover/fallen on straight road,1,0,1,clear,13.7890946,100.4095633,straight road,no slope,2022-12-31T12:17:00Z
7553458,31.12.2022 19:20,7.01.2023 10:43,Chiang Rai,department of highways,4-wheel pickup truck,cutting in closely by people/vehicles/animals,rear-end collision,2,2,0,clear,19.25797618,99.51179042,straight road,no slope,2022-12-31T12:20:00Z
7554014,31.12.2022 19:27,8.01.2023 08:52,Udon Thani,department of highways,motorcycle,driving under the influence of alcohol,rollover/fallen on curved road,1,1,0,clear,17.10792901,103.0065327,wide curve,no slope,2022-12-31T12:27:00Z
7531297,31.12.2022 19:30,1.01.2023 05:42,Phetchabun,department of highways,motorcycle,driving under the influence of alcohol,rollover/fallen on straight road,1,0,2,clear,16.43939714,101.2082872,straight road,no slope,2022-12-31T12:30:00Z
7532619,31.12.2022 19:30,1.01.2023 12:24,Phra Nakhon Si Ayutthaya,department of highways,pedestrian,aggressive driving/overtaking,pedestrian collision,1,1,0,clear,14.33512684,100.6130303,straight road,no slope,2022-12-31T12:30:00Z
7560674,31.12.2022 19:30,16.01.2023 11:02,Maha Sarakham,department of highways,private/passenger car,speeding,rollover/fallen on straight road,1,0,1,clear,16.08387344,103.1632456,straight road,no slope,2022-12-31T12:30:00Z
7564418,31.12.2022 19:40,19.01.2023 14:45,Udon Thani,department of highways,private/passenger car,speeding,rollover/fallen on straight road,1,0,0,clear,17.10696498,102.9415539,straight road,no slope,2022-12-31T12:40:00Z
7531399,31.12.2022 19:50,1.01.2023 06:09,Surat Thani,department of highways,private/passenger car,speeding,rear-end collision,2,1,3,clear,8.998220698,99.3298012,straight road,no slope,2022-12-31T12:50:00Z
7560572,31.12.2022 20:00,16.01.2023 09:00,Loei,department of highways,4-wheel pickup truck,inadequate visibility,rear-end collision,2,0,2,clear,17.5172942,101.7249092,straight road,no slope,2022-12-31T13:00:00Z
7531469,31.12.2022 20:10,1.01.2023 06:25,Surat Thani,department of highways,4-wheel pickup truck,speeding,rollover/fallen on straight road,1,0,3,clear,9.460109257,99.98356283,straight road,no slope,2022-12-31T13:10:00Z
7551773,31.12.2022 20:10,5.01.2023 13:19,Surat Thani,department of highways,4-wheel pickup truck,speeding,rollover/fallen on straight road,1,0,0,rainy,9.064797511,99.1750592,straight road,no slope,2022-12-31T13:10:00Z
7531052,31.12.2022 20:30,1.01.2023 04:35,Chiang Mai,department of highways,motorcycle,driving under the influence of alcohol,rollover/fallen on straight road,1,0,1,clear,18.11335865,98.60514171,straight road,no slope,2022-12-31T13:30:00Z
7531291,31.12.2022 20:30,1.01.2023 05:44,Nakhon Sawan,department of rural roads,4-wheel pickup truck,driving under the influence of alcohol,pedestrian collision,2,0,3,dark,15.401223,100.32888,wide curve,no slope,2022-12-31T13:30:00Z
7531341,31.12.2022 20:30,1.01.2023 05:53,Songkhla,department of highways,private/passenger car,speeding,head-on collision (not overtaking),2,0,2,clear,6.985322739,100.443632,straight road,no slope,2022-12-31T13:30:00Z
7564359,31.12.2022 20:30,19.01.2023 14:08,Trang,department of highways,4-wheel pickup truck,cutting in closely by people/vehicles/animals,rear-end collision,2,0,1,clear,7.532339662,99.57953498,other,other,2022-12-31T13:30:00Z
7554011,31.12.2022 20:40,8.01.2023 08:48,Trat,department of highways,motorcycle,speeding,rollover/fallen on curved road,1,0,1,clear,12.61670128,102.4775653,wide curve,no slope,2022-12-31T13:40:00Z
7551297,31.12.2022 20:47,5.01.2023 11:11,Nonthaburi,department of highways,private/passenger car,falling asleep,rear-end collision,2,0,1,clear,13.87114821,100.410324,straight road,no slope,2022-12-31T13:47:00Z
7531106,31.12.2022 21:00,1.01.2023 04:53,Phitsanulok,department of highways,private/passenger car,speeding,pedestrian collision,1,1,1,clear,16.85397894,100.6116665,wide curve,no slope,2022-12-31T14:00:00Z
7531960,31.12.2022 21:00,1.01.2023 09:09,Uthai Thani,department of highways,4-wheel pickup truck,illegal overtaking,head-on collision (not overtaking),2,0,1,clear,15.38234347,99.8509222,straight road,no slope,2022-12-31T14:00:00Z
7531070,31.12.2022 21:01,1.01.2023 04:41,Phrae,department of highways,motorcycle,speeding,rear-end collision,3,0,1,clear,18.12115825,100.1407215,straight road,no slope,2022-12-31T14:01:00Z
7535811,31.12.2022 21:05,2.01.2023 04:41,Nakhon Si Thammarat,department of highways,motorcycle,debris/obstruction on the road,collision with obstruction (on road surface),1,0,2,clear,8.44359127,99.45747529,other,other,2022-12-31T14:05:00Z
7531431,31.12.2022 21:10,1.01.2023 06:15,Uthai Thani,department of rural roads,4-wheel pickup truck,speeding,other,1,0,1,clear,15.111367,99.400996,wide curve,slope area,2022-12-31T14:10:00Z
7531318,31.12.2022 21:30,1.01.2023 05:45,Phayao,department of rural roads,private/passenger car,unfamiliarity with the route/unskilled driving,other,1,2,1,clear,19.381968,100.037719,straight road,no slope,2022-12-31T14:30:00Z
7531346,31.12.2022 21:30,1.01.2023 05:52,Samut Prakan,department of highways,motorcycle,speeding,rollover/fallen on straight road,1,1,1,clear,13.62534473,100.5366325,straight road,no slope,2022-12-31T14:30:00Z
7531125,31.12.2022 21:34,1.01.2023 04:56,Phitsanulok,department of highways,motorcycle,speeding,rear-end collision,2,0,1,clear,16.81683286,100.2392006,straight road,no slope,2022-12-31T14:34:00Z
7531282,31.12.2022 21:40,1.01.2023 05:37,Sa Kaeo,department of highways,4-wheel pickup truck,speeding,rear-end collision,2,0,1,clear,13.68203301,102.5191678,straight road,no slope,2022-12-31T14:40:00Z
7542179,31.12.2022 21:48,3.01.2023 12:11,Phra Nakhon Si Ayutthaya,department of rural roads,motorcycle,speeding,other,1,0,1,clear,14.258168,100.567764,t-intersection,other,2022-12-31T14:48:00Z
7533328,31.12.2022 21:50,1.01.2023 15:51,Yala,department of rural roads,bicycle,speeding,other,1,0,1,clear,6.39893,101.260695,straight road,no slope,2022-12-31T14:50:00Z
7569614,31.12.2022 21:50,25.01.2023 14:53,Phayao,department of highways,4-wheel pickup truck,speeding,rear-end collision,3,0,4,clear,19.18295382,99.89557698,other,other,2022-12-31T14:50:00Z
7530593,31.12.2022 22:00,1.01.2023 01:58,Chachoengsao,department of highways,7-10-wheel truck,speeding,rear-end collision,2,0,2,clear,13.72771103,101.0348989,straight road,no slope,2022-12-31T15:00:00Z
7532711,31.12.2022 22:00,1.01.2023 12:45,Loburi,department of rural roads,motorcycle,driving under the influence of alcohol,other,1,0,1,dark,15.388769,100.968966,straight road,no slope,2022-12-31T15:00:00Z
7531218,31.12.2022 22:10,1.01.2023 05:21,Samut Songkhram,department of rural roads,motorcycle,speeding,other,2,1,1,clear,13.386192,99.899126999999993,straight road,no slope,2022-12-31T15:10:00Z
7541080,31.12.2022 22:10,3.01.2023 07:19,Uthai Thani,department of highways,4-wheel pickup truck,speeding,rear-end collision,2,1,1,clear,15.08454324,99.53261241,straight road,no slope,2022-12-31T15:10:00Z
7531490,31.12.2022 22:30,1.01.2023 06:32,Chachoengsao,department of rural roads,bicycle,cutting in closely by people/vehicles/animals,other,2,1,1,clear,13.691084,101.001799,t-intersection,other,2022-12-31T15:30:00Z
7553450,31.12.2022 22:40,7.01.2023 10:36,Surat Thani,department of highways,4-wheel pickup truck,speeding,pedestrian collision,1,2,1,clear,9.209068167,99.00746271,straight road,no slope,2022-12-31T15:40:00Z
7531491,31.12.2022 22:45,1.01.2023 06:30,Chon Buri,department of highways,motorcycle,unfamiliarity with the route/unskilled driving,other,1,0,2,clear,13.18084335,100.9319382,straight road,no slope,2022-12-31T15:45:00Z
7534603,31.12.2022 22:55,1.01.2023 22:28,Chanthaburi,department of highways,4-wheel pickup truck,driving without headlights/illumination,rear-end collision,2,1,0,clear,12.89181305,102.022795,straight road,no slope,2022-12-31T15:55:00Z
7533032,31.12.2022 23:00,1.01.2023 14:20,Nonthaburi,department of rural roads,motorcycle,driving under the influence of alcohol,other,2,0,1,clear,13.882822,100.450719,straight road,no slope,2022-12-31T16:00:00Z
7541077,31.12.2022 23:00,3.01.2023 07:15,Suphan Buri,department of highways,private/passenger car,cutting in closely by people/vehicles/animals,rear-end collision,2,0,1,other,14.87607499,99.87639919,wide curve,no slope,2022-12-31T16:00:00Z
7544552,31.12.2022 23:00,4.01.2023 15:28,Phrae,department of rural roads,motorcycle,cutting in closely by people/vehicles/animals,other,1,1,0,clear,18.508967,100.138709,straight road,no slope,2022-12-31T16:00:00Z
7534454,31.12.2022 23:11,1.01.2023 21:49,Nonthaburi,department of highways,motorcycle,speeding,rollover/fallen on straight road,1,1,0,clear,13.92873607,100.5290633,straight road,no slope,2022-12-31T16:11:00Z
7534701,31.12.2022 23:30,1.01.2023 22:55,Trat,department of highways,motorcycle,speeding,rollover/fallen on straight road,1,1,0,clear,12.17788082,102.4150577,other,other,2022-12-31T16:30:00Z
7567022,31.12.2022 23:30,23.01.2023 09:17,Maha Sarakham,department of highways,van,speeding,rollover/fallen on straight road,1,0,3,clear,15.65793301,103.2532936,straight road,no slope,2022-12-31T16:30:00Z
7531271,31.12.2022 23:45,1.01.2023 05:36,Kamphaeng Phet,department of highways,motorcycle,driving under the influence of alcohol,rollover/fallen on straight road,1,1,0,clear,16.43959776,99.42310397,straight road,no slope,2022-12-31T16:45:00Z
7556715,31.12.2022 23:55,11.01.2023 14:50,Chiang Rai,department of highways,private/passenger car,speeding,rear-end collision,2,3,0,clear,19.94322391,99.84645547,straight road,no slope,2022-12-31T16:55:00Z